<?xml version="1.0" encoding="utf-8"?>
<COLLADA xmlns="http://www.collada.org/2005/11/COLLADASchema" version="1.4.1" xmlns:xsi="http://www.w3.org/2001/XMLSchema-instance">
  <asset>
    <contributor>
      <author>Blender User</author>
      <authoring_tool>Blender 4.1.1 commit date:2024-04-15, commit time:15:11, hash:e1743a0317bc</authoring_tool>
    </contributor>
    <created>2024-07-16T09:51:49</created>
    <modified>2024-07-16T09:51:49</modified>
    <unit name="meter" meter="1"/>
    <up_axis>Z_UP</up_axis>
  </asset>
  <library_effects>
    <effect id="Part__Feature1219-effect">
      <profile_COMMON>
        <technique sid="common">
          <lambert>
            <emission>
              <color sid="emission">0 0 0 1</color>
            </emission>
            <diffuse>
              <color sid="diffuse">0.2746773 0.3185468 0.4286905 1</color>
            </diffuse>
            <index_of_refraction>
              <float sid="ior">1.5</float>
            </index_of_refraction>
          </lambert>
        </technique>
      </profile_COMMON>
    </effect>
  </library_effects>
  <library_images/>
  <library_materials>
    <material id="Part__Feature1219-material" name="Part__Feature1219">
      <instance_effect url="#Part__Feature1219-effect"/>
    </material>
  </library_materials>
  <library_geometries>
    <geometry id="Part__Feature1219-mesh" name="Part__Feature1219">
      <mesh>
        <source id="Part__Feature1219-mesh-positions">
          <float_array id="Part__Feature1219-mesh-positions-array" count="6840">-0.1028261 0.009999394 -0.1541383 -0.1026158 -0.01000052 -0.1542732 -0.1026158 0.009999394 -0.1542732 -0.1028261 -0.01000052 -0.1541383 -0.1023998 -0.01000052 -0.1543972 -0.1023998 0.009999394 -0.1543972 -0.102178 -0.01000052 -0.1545102 -0.102178 0.009999394 -0.1545102 -0.1019511 -0.01000052 -0.1546131 -0.1019511 0.009999394 -0.1546131 -0.1017189 -0.01000052 -0.1547033 -0.1017189 0.009999394 -0.1547033 -0.1014819 -0.01000052 -0.1547832 -0.1014819 0.009999394 -0.1547832 -0.101242 -0.01000052 -0.1548502 -0.101242 0.009999394 -0.1548502 -0.1009988 -0.01000052 -0.1549053 -0.1009988 0.009999394 -0.1549053 -0.1007528 -0.01000052 -0.1549482 -0.1007528 0.009999394 -0.1549482 -0.1005058 -0.01000052 -0.1549792 -0.1005058 0.009999394 -0.1549792 -0.1002569 -0.01000052 -0.1549973 -0.1002569 0.009999394 -0.1549973 -0.100008 -0.01000052 -0.155003 -0.100008 0.009999394 -0.155003 -0.0997591 -0.01000052 -0.1549963 -0.0997591 0.009999394 -0.1549963 -0.09950971 -0.01000052 -0.1549782 -0.09950971 0.009999394 -0.1549782 -0.09926271 -0.01000052 -0.1549463 -0.09926271 0.009999394 -0.1549463 -0.09901714 -0.01000052 -0.1549034 -0.09901714 0.009999394 -0.1549034 -0.09877395 -0.01000052 -0.1548473 -0.09877395 0.009999394 -0.1548473 -0.09853506 -0.01000052 -0.1547791 -0.09853506 0.009999394 -0.1547791 -0.09829807 -0.01000052 -0.1547002 -0.09829807 0.009999394 -0.1547002 -0.09806585 -0.01000052 -0.1546082 -0.09806585 0.009999394 -0.1546082 -0.09783887 -0.01000052 -0.1545052 -0.09783887 0.009999394 -0.1545052 -0.0976181 -0.01000052 -0.1543912 -0.0976181 0.009999394 -0.1543912 -0.09740209 -0.01000052 -0.1542662 -0.09740209 0.009999394 -0.1542662 -0.09719276 -0.01000052 -0.1541314 -0.09719276 0.009999394 -0.1541314 -0.0969901 -0.01000052 -0.1539852 -0.0969901 0.009999394 -0.1539852 -0.09679603 -0.01000052 -0.1538293 -0.09679603 0.009999394 -0.1538293 -0.09660911 -0.01000052 -0.1536643 -0.09660911 0.009999394 -0.1536643 -0.09643077 -0.01000052 -0.1534903 -0.09643077 0.009999394 -0.1534903 -0.09626102 -0.01000052 -0.1533071 -0.09626102 0.009999394 -0.1533071 -0.0961008 -0.01000052 -0.1531162 -0.0961008 0.009999394 -0.1531162 -0.09595108 -0.01000052 -0.1529173 -0.09595108 0.009999394 -0.1529173 -0.09581089 -0.01000052 -0.1527113 -0.09581089 0.009999394 -0.1527113 -0.09568071 -0.01000052 -0.1524982 -0.09568071 0.009999394 -0.1524982 -0.09556198 -0.01000052 -0.1522793 -0.09556198 0.009999394 -0.1522793 -0.09545421 -0.01000052 -0.1520543 -0.09545421 0.009999394 -0.1520543 -0.09535694 -0.01000052 -0.1518242 -0.09535694 0.009999394 -0.1518242 -0.09527206 -0.01000052 -0.1515903 -0.09527206 0.009999394 -0.1515903 -0.0951991 -0.01000052 -0.1513512 -0.0951991 0.009999394 -0.1513512 -0.09513807 -0.01000052 -0.1511104 -0.09513807 0.009999394 -0.1511104 -0.09508895 -0.01000052 -0.1508653 -0.09508895 0.009999394 -0.1508653 -0.09505176 -0.01000052 -0.1506192 -0.09505176 0.009999394 -0.1506192 -0.09502792 0.009999394 -0.1503713 -0.09502792 -0.01000052 -0.1503713 -0.09501504 -0.01000052 -0.1501224 -0.09501504 0.009999394 -0.1501224 -0.09501504 0.009999394 -0.1498723 -0.09501504 -0.01000052 -0.1498723 -0.09502887 -0.01000052 -0.1496233 -0.09502887 0.009999394 -0.1496233 -0.09505414 0.009999394 -0.1493752 -0.09505414 -0.01000052 -0.1493752 -0.09509086 -0.01000052 -0.1491293 -0.09509086 0.009999394 -0.1491293 -0.09513998 -0.01000052 -0.1488852 -0.09513998 0.009999394 -0.1488852 -0.09520196 -0.01000052 -0.1486431 -0.09520196 0.009999394 -0.1486431 -0.09527587 -0.01000052 -0.1484053 -0.09527587 0.009999394 -0.1484053 -0.0953617 -0.01000052 -0.1481711 -0.0953617 0.009999394 -0.1481711 -0.09545898 -0.01000052 -0.1479413 -0.09545898 0.009999394 -0.1479413 -0.09556674 -0.01000052 -0.1477172 -0.09556674 0.009999394 -0.1477172 -0.09568691 -0.01000052 -0.1474983 -0.09568691 0.009999394 -0.1474983 -0.09581708 -0.01000052 -0.1472852 -0.09581708 0.009999394 -0.1472852 -0.09595775 -0.01000052 -0.1470792 -0.09595775 0.009999394 -0.1470792 -0.09610891 -0.01000052 -0.1468813 -0.09610891 0.009999394 -0.1468813 -0.09626913 0.009999394 -0.1466903 -0.09626913 -0.01000052 -0.1466903 -0.09643888 -0.01000052 -0.1465082 -0.09643888 0.009999394 -0.1465082 -0.09661769 -0.01000052 -0.1463344 -0.09661769 0.009999394 -0.1463344 -0.09680509 0.009999394 -0.1461691 -0.09680509 -0.01000052 -0.1461691 -0.09700012 -0.01000052 -0.1460142 -0.09700012 0.009999394 -0.1460142 -0.09720182 -0.01000052 -0.1458683 -0.09720182 0.009999394 -0.1458683 -0.1028261 0.009999394 0.1458616 -0.1026158 -0.01000052 0.1457266 -0.1026158 0.009999394 0.1457266 -0.1028261 -0.01000052 0.1458616 -0.1023998 -0.01000052 0.1456027 -0.1023998 0.009999394 0.1456027 -0.102178 -0.01000052 0.1454896 -0.102178 0.009999394 0.1454896 -0.1019511 -0.01000052 0.1453866 -0.1019511 0.009999394 0.1453866 -0.1017189 -0.01000052 0.1452965 -0.1017189 0.009999394 0.1452965 -0.1014819 -0.01000052 0.1452167 -0.1014819 0.009999394 0.1452167 -0.101242 -0.01000052 0.1451497 -0.101242 0.009999394 0.1451497 -0.1009988 -0.01000052 0.1450946 -0.1009988 0.009999394 0.1450946 -0.1007528 -0.01000052 0.1450517 -0.1007528 0.009999394 0.1450517 -0.1005058 -0.01000052 0.1450207 -0.1005058 0.009999394 0.1450207 -0.1002569 -0.01000052 0.1450026 -0.1002569 0.009999394 0.1450026 -0.100008 -0.01000052 0.1449968 -0.100008 0.009999394 0.1449968 -0.0997591 -0.01000052 0.1450037 -0.0997591 0.009999394 0.1450037 -0.09950971 -0.01000052 0.1450216 -0.09950971 0.009999394 0.1450216 -0.09926271 -0.01000052 0.1450536 -0.09926271 0.009999394 0.1450536 -0.09901714 -0.01000052 0.1450965 -0.09901714 0.009999394 0.1450965 -0.09877395 -0.01000052 0.1451528 -0.09877395 0.009999394 0.1451528 -0.09853506 -0.01000052 0.1452206 -0.09853506 0.009999394 0.1452206 -0.09829807 -0.01000052 0.1452996 -0.09829807 0.009999394 0.1452996 -0.09806585 -0.01000052 0.1453917 -0.09806585 0.009999394 0.1453917 -0.09783887 -0.01000052 0.1454946 -0.09783887 0.009999394 0.1454946 -0.0976181 -0.01000052 0.1456086 -0.0976181 0.009999394 0.1456086 -0.09740209 -0.01000052 0.1457335 -0.09740209 0.009999394 0.1457335 -0.09719276 -0.01000052 0.1458687 -0.09719276 0.009999394 0.1458687 -0.0969901 -0.01000052 0.1460146 -0.0969901 0.009999394 0.1460146 -0.09679603 -0.01000052 0.1461706 -0.09679603 0.009999394 0.1461706 -0.09660911 -0.01000052 0.1463356 -0.09660911 0.009999394 0.1463356 -0.09643077 -0.01000052 0.1465096 -0.09643077 0.009999394 0.1465096 -0.09626102 -0.01000052 0.1466927 -0.09626102 0.009999394 0.1466927 -0.0961008 -0.01000052 0.1468837 -0.0961008 0.009999394 0.1468837 -0.09595108 -0.01000052 0.1470828 -0.09595108 0.009999394 0.1470828 -0.09581089 -0.01000052 0.1472887 -0.09581089 0.009999394 0.1472887 -0.09568071 -0.01000052 0.1475017 -0.09568071 0.009999394 0.1475017 -0.09556198 -0.01000052 0.1477208 -0.09556198 0.009999394 0.1477208 -0.09545421 -0.01000052 0.1479456 -0.09545421 0.009999394 0.1479456 -0.09535694 -0.01000052 0.1481757 -0.09535694 0.009999394 0.1481757 -0.09527206 -0.01000052 0.1484096 -0.09527206 0.009999394 0.1484096 -0.0951991 -0.01000052 0.1486487 -0.0951991 0.009999394 0.1486487 -0.09513807 -0.01000052 0.1488897 -0.09513807 0.009999394 0.1488897 -0.09508895 -0.01000052 0.1491346 -0.09508895 0.009999394 0.1491346 -0.09505176 -0.01000052 0.1493806 -0.09505176 0.009999394 0.1493806 -0.09502792 -0.01000052 0.1496286 -0.09502792 0.009999394 0.1496286 -0.09501504 -0.01000052 0.1498777 -0.09501504 0.009999394 0.1498777 -0.09501504 0.009999394 0.1501276 -0.09501504 -0.01000052 0.1501276 -0.09502887 -0.01000052 0.1503764 -0.09502887 0.009999394 0.1503764 -0.09505414 -0.01000052 0.1506247 -0.09505414 0.009999394 0.1506247 -0.09509086 -0.01000052 0.1508708 -0.09509086 0.009999394 0.1508708 -0.09513998 -0.01000052 0.1511147 -0.09513998 0.009999394 0.1511147 -0.09520196 0.009999394 0.1513566 -0.09520196 -0.01000052 0.1513566 -0.09527587 -0.01000052 0.1515946 -0.09527587 0.009999394 0.1515946 -0.0953617 0.009999394 0.1518287 -0.0953617 -0.01000052 0.1518287 -0.09545898 -0.01000052 0.1520586 -0.09545898 0.009999394 0.1520586 -0.09556674 -0.01000052 0.1522827 -0.09556674 0.009999394 0.1522827 -0.09568691 -0.01000052 0.1525018 -0.09568691 0.009999394 0.1525018 -0.09581708 -0.01000052 0.1527147 -0.09581708 0.009999394 0.1527147 -0.09595775 -0.01000052 0.1529207 -0.09595775 0.009999394 0.1529207 -0.09610891 -0.01000052 0.1531186 -0.09610891 0.009999394 0.1531186 -0.09626913 -0.01000052 0.1533098 -0.09626913 0.009999394 0.1533098 -0.09643888 -0.01000052 0.1534917 -0.09643888 0.009999394 0.1534917 -0.09661769 -0.01000052 0.1536657 -0.09661769 0.009999394 0.1536657 -0.09680509 -0.01000052 0.1538307 -0.09680509 0.009999394 0.1538307 -0.09700012 -0.01000052 0.1539857 -0.09700012 0.009999394 0.1539857 -0.09720182 -0.01000052 0.1541316 -0.09720182 0.009999394 0.1541316 0.09717416 0.009999394 0.1458616 0.09738397 -0.01000052 0.1457266 0.09738397 0.009999394 0.1457266 0.09717416 -0.01000052 0.1458616 0.09759998 -0.01000052 0.1456027 0.09759998 0.009999394 0.1456027 0.09782218 -0.01000052 0.1454896 0.09782218 0.009999394 0.1454896 0.09804916 -0.01000052 0.1453866 0.09804916 0.009999394 0.1453866 0.0982809 -0.01000052 0.1452965 0.0982809 0.009999394 0.1452965 0.09851789 -0.01000052 0.1452167 0.09851789 0.009999394 0.1452167 0.09875822 -0.01000052 0.1451497 0.09875822 0.009999394 0.1451497 0.09900093 -0.01000052 0.1450946 0.09900093 0.009999394 0.1450946 0.09924697 -0.01000052 0.1450517 0.09924697 0.009999394 0.1450517 0.09949398 -0.01000052 0.1450207 0.09949398 0.009999394 0.1450207 0.09974288 -0.01000052 0.1450026 0.09974288 0.009999394 0.1450026 0.09999227 -0.01000052 0.1449968 0.09999227 0.009999394 0.1449968 0.1002411 -0.01000052 0.1450037 0.1002411 0.009999394 0.1450037 0.10049 -0.01000052 0.1450216 0.10049 0.009999394 0.1450216 0.100737 -0.01000052 0.1450536 0.100737 0.009999394 0.1450536 0.1009831 -0.01000052 0.1450965 0.1009831 0.009999394 0.1450965 0.1012258 -0.01000052 0.1451528 0.1012258 0.009999394 0.1451528 0.1014652 -0.01000052 0.1452206 0.1014652 0.009999394 0.1452206 0.1017022 -0.01000052 0.1452996 0.1017022 0.009999394 0.1452996 0.1019339 -0.01000052 0.1453917 0.1019339 0.009999394 0.1453917 0.1021609 -0.01000052 0.1454946 0.1021609 0.009999394 0.1454946 0.1023821 -0.01000052 0.1456086 0.1023821 0.009999394 0.1456086 0.1025981 -0.01000052 0.1457335 0.1025981 0.009999394 0.1457335 0.102807 -0.01000052 0.1458687 0.102807 0.009999394 0.1458687 0.1030101 -0.01000052 0.1460146 0.1030101 0.009999394 0.1460146 0.1032042 -0.01000052 0.1461706 0.1032042 0.009999394 0.1461706 0.1033911 -0.01000052 0.1463356 0.1033911 0.009999394 0.1463356 0.103569 -0.01000052 0.1465096 0.103569 0.009999394 0.1465096 0.1037392 -0.01000052 0.1466927 0.1037392 0.009999394 0.1466927 0.103899 -0.01000052 0.1468837 0.103899 0.009999394 0.1468837 0.1040492 -0.01000052 0.1470828 0.1040492 0.009999394 0.1470828 0.1041889 -0.01000052 0.1472887 0.1041889 0.009999394 0.1472887 0.104319 -0.01000052 0.1475017 0.104319 0.009999394 0.1475017 0.1044378 -0.01000052 0.1477208 0.1044378 0.009999394 0.1477208 0.104546 -0.01000052 0.1479456 0.104546 0.009999394 0.1479456 0.1046428 -0.01000052 0.1481757 0.1046428 0.009999394 0.1481757 0.1047282 -0.01000052 0.1484096 0.1047282 0.009999394 0.1484096 0.1048011 -0.01000052 0.1486487 0.1048011 0.009999394 0.1486487 0.1048622 -0.01000052 0.1488897 0.1048622 0.009999394 0.1488897 0.1049108 -0.01000052 0.1491346 0.1049108 0.009999394 0.1491346 0.104948 -0.01000052 0.1493806 0.104948 0.009999394 0.1493806 0.1049718 -0.01000052 0.1496286 0.1049718 0.009999394 0.1496286 0.1049852 -0.01000052 0.1498777 0.1049852 0.009999394 0.1498777 0.1049852 0.009999394 0.1501276 0.1049852 -0.01000052 0.1501276 0.1049709 -0.01000052 0.1503764 0.1049709 0.009999394 0.1503764 0.1049461 -0.01000052 0.1506247 0.1049461 0.009999394 0.1506247 0.1049089 -0.01000052 0.1508708 0.1049089 0.009999394 0.1508708 0.1048598 -0.01000052 0.1511147 0.1048598 0.009999394 0.1511147 0.1047978 0.009999394 0.1513566 0.1047978 -0.01000052 0.1513566 0.1047239 -0.01000052 0.1515946 0.1047239 0.009999394 0.1515946 0.104638 0.009999394 0.1518287 0.104638 -0.01000052 0.1518287 0.1045413 -0.01000052 0.1520586 0.1045413 0.009999394 0.1520586 0.104433 -0.01000052 0.1522827 0.104433 0.009999394 0.1522827 0.1043128 -0.01000052 0.1525018 0.1043128 0.009999394 0.1525018 0.1041831 -0.01000052 0.1527147 0.1041831 0.009999394 0.1527147 0.104042 -0.01000052 0.1529207 0.104042 0.009999394 0.1529207 0.1038908 -0.01000052 0.1531186 0.1038908 0.009999394 0.1531186 0.1037311 -0.01000052 0.1533098 0.1037311 0.009999394 0.1533098 0.1035609 -0.01000052 0.1534917 0.1035609 0.009999394 0.1534917 0.1033821 -0.01000052 0.1536657 0.1033821 0.009999394 0.1536657 0.1031951 -0.01000052 0.1538307 0.1031951 0.009999394 0.1538307 0.1030001 -0.01000052 0.1539857 0.1030001 0.009999394 0.1539857 0.1027979 0.009999394 0.1541316 0.1027979 -0.01000052 0.1541316 0.09717416 0.009999394 -0.1541383 0.09738397 -0.01000052 -0.1542732 0.09738397 0.009999394 -0.1542732 0.09717416 -0.01000052 -0.1541383 0.09759998 -0.01000052 -0.1543972 0.09759998 0.009999394 -0.1543972 0.09782218 -0.01000052 -0.1545102 0.09782218 0.009999394 -0.1545102 0.09804916 -0.01000052 -0.1546131 0.09804916 0.009999394 -0.1546131 0.0982809 -0.01000052 -0.1547033 0.0982809 0.009999394 -0.1547033 0.09851789 -0.01000052 -0.1547832 0.09851789 0.009999394 -0.1547832 0.09875822 -0.01000052 -0.1548502 0.09875822 0.009999394 -0.1548502 0.09900093 -0.01000052 -0.1549053 0.09900093 0.009999394 -0.1549053 0.09924697 -0.01000052 -0.1549482 0.09924697 0.009999394 -0.1549482 0.09949398 -0.01000052 -0.1549792 0.09949398 0.009999394 -0.1549792 0.09974288 -0.01000052 -0.1549973 0.09974288 0.009999394 -0.1549973 0.09999227 -0.01000052 -0.155003 0.09999227 0.009999394 -0.155003 0.1002411 -0.01000052 -0.1549963 0.1002411 0.009999394 -0.1549963 0.10049 -0.01000052 -0.1549782 0.10049 0.009999394 -0.1549782 0.100737 -0.01000052 -0.1549463 0.100737 0.009999394 -0.1549463 0.1009831 -0.01000052 -0.1549034 0.1009831 0.009999394 -0.1549034 0.1012258 -0.01000052 -0.1548473 0.1012258 0.009999394 -0.1548473 0.1014652 -0.01000052 -0.1547791 0.1014652 0.009999394 -0.1547791 0.1017022 -0.01000052 -0.1547002 0.1017022 0.009999394 -0.1547002 0.1019339 -0.01000052 -0.1546082 0.1019339 0.009999394 -0.1546082 0.1021609 -0.01000052 -0.1545052 0.1021609 0.009999394 -0.1545052 0.1023821 -0.01000052 -0.1543912 0.1023821 0.009999394 -0.1543912 0.1025981 -0.01000052 -0.1542662 0.1025981 0.009999394 -0.1542662 0.102807 -0.01000052 -0.1541314 0.102807 0.009999394 -0.1541314 0.1030101 -0.01000052 -0.1539852 0.1030101 0.009999394 -0.1539852 0.1032042 -0.01000052 -0.1538293 0.1032042 0.009999394 -0.1538293 0.1033911 -0.01000052 -0.1536643 0.1033911 0.009999394 -0.1536643 0.103569 -0.01000052 -0.1534903 0.103569 0.009999394 -0.1534903 0.1037392 -0.01000052 -0.1533071 0.1037392 0.009999394 -0.1533071 0.103899 -0.01000052 -0.1531162 0.103899 0.009999394 -0.1531162 0.1040492 -0.01000052 -0.1529173 0.1040492 0.009999394 -0.1529173 0.1041889 -0.01000052 -0.1527113 0.1041889 0.009999394 -0.1527113 0.104319 0.009999394 -0.1524982 0.104319 -0.01000052 -0.1524982 0.1044378 0.009999394 -0.1522793 0.1044378 -0.01000052 -0.1522793 0.104546 -0.01000052 -0.1520543 0.104546 0.009999394 -0.1520543 0.1046428 -0.01000052 -0.1518242 0.1046428 0.009999394 -0.1518242 0.1047282 -0.01000052 -0.1515903 0.1047282 0.009999394 -0.1515903 0.1048011 0.009999394 -0.1513512 0.1048011 -0.01000052 -0.1513512 0.1048622 -0.01000052 -0.1511104 0.1048622 0.009999394 -0.1511104 0.1049108 -0.01000052 -0.1508653 0.1049108 0.009999394 -0.1508653 0.104948 -0.01000052 -0.1506192 0.104948 0.009999394 -0.1506192 0.1049718 0.009999394 -0.1503713 0.1049718 -0.01000052 -0.1503713 0.1049852 -0.01000052 -0.1501224 0.1049852 0.009999394 -0.1501224 0.1049852 0.009999394 -0.1498723 0.1049852 -0.01000052 -0.1498723 0.1049709 -0.01000052 -0.1496233 0.1049709 0.009999394 -0.1496233 0.1049461 0.009999394 -0.1493752 0.1049461 -0.01000052 -0.1493752 0.1049089 -0.01000052 -0.1491293 0.1049089 0.009999394 -0.1491293 0.1048598 0.009999394 -0.1488852 0.1048598 -0.01000052 -0.1488852 0.1047978 -0.01000052 -0.1486431 0.1047978 0.009999394 -0.1486431 0.1047239 -0.01000052 -0.1484053 0.1047239 0.009999394 -0.1484053 0.104638 -0.01000052 -0.1481711 0.104638 0.009999394 -0.1481711 0.1045413 -0.01000052 -0.1479413 0.1045413 0.009999394 -0.1479413 0.104433 0.009999394 -0.1477172 0.104433 -0.01000052 -0.1477172 0.1043128 -0.01000052 -0.1474983 0.1043128 0.009999394 -0.1474983 0.1041831 -0.01000052 -0.1472852 0.1041831 0.009999394 -0.1472852 0.104042 0.009999394 -0.1470792 0.104042 -0.01000052 -0.1470792 0.1038908 -0.01000052 -0.1468813 0.1038908 0.009999394 -0.1468813 0.1037311 0.009999394 -0.1466903 0.1037311 -0.01000052 -0.1466903 0.1035609 -0.01000052 -0.1465082 0.1035609 0.009999394 -0.1465082 0.1033821 -0.01000052 -0.1463344 0.1033821 0.009999394 -0.1463344 0.1031951 -0.01000052 -0.1461691 0.1031951 0.009999394 -0.1461691 0.1030001 -0.01000052 -0.1460142 0.1030001 0.009999394 -0.1460142 0.1027979 0.009999394 -0.1458683 0.1027979 -0.01000052 -0.1458683 -0.1191558 -0.01000052 0.1691386 -0.1191558 0.009999394 0.1691386 -0.1198329 0.009999394 0.1684277 -0.1198329 -0.01000052 0.1684277 -0.1204738 0.009999394 0.1676847 -0.1204738 -0.01000052 0.1676847 -0.121078 0.009999394 0.1669106 -0.121078 -0.01000052 0.1669106 -0.121643 0.009999394 0.1661075 -0.121643 -0.01000052 0.1661075 -0.122169 0.009999394 0.1652786 -0.122169 -0.01000052 0.1652786 -0.122652 0.009999394 0.1644245 -0.122652 -0.01000052 0.1644245 -0.123094 0.009999394 0.1635476 -0.123094 -0.01000052 0.1635476 -0.1234917 0.009999394 0.1626505 -0.1234917 -0.01000052 0.1626505 -0.1238451 0.009999394 0.1617348 -0.1238451 -0.01000052 0.1617348 -0.1241531 0.009999394 0.1608026 -0.1241531 -0.01000052 0.1608026 -0.1244139 0.009999394 0.1598564 -0.1244139 -0.01000052 0.1598564 -0.1246299 0.009999394 0.1588985 -0.1246299 -0.01000052 0.1588985 -0.1247978 0.009999394 0.1579318 -0.1247978 -0.01000052 0.1579318 -0.1249179 0.009999394 0.1569566 -0.1249179 -0.01000052 0.1569566 -0.1249899 -0.01000052 0.1559777 -0.1249899 0.009999394 0.1559777 -0.1250138 -0.01000052 0.1549968 -0.1250138 0.009999394 0.1549968 0.1184172 -0.01000052 0.1698157 0.1191282 -0.01000052 0.1691386 0.1191282 0.009999394 0.1691386 0.1184172 0.009999394 0.1698157 0.1176738 0.009999394 0.1704566 0.1176738 -0.01000052 0.1704566 0.1168999 0.009999394 0.1710608 0.1168999 -0.01000052 0.1710608 0.1160969 0.009999394 0.1716256 0.1160969 -0.01000052 0.1716256 0.1152682 0.009999394 0.1721518 0.1152682 -0.01000052 0.1721518 0.1144142 0.009999394 0.1726346 0.1144142 -0.01000052 0.1726346 0.1135368 0.009999394 0.1730766 0.1135368 -0.01000052 0.1730766 0.1126399 -0.01000052 0.1734747 0.1126399 0.009999394 0.1734747 0.1117238 -0.01000052 0.1738276 0.1117238 0.009999394 0.1738276 0.1107921 -0.01000052 0.1741356 0.1107921 0.009999394 0.1741356 0.1098451 -0.01000052 0.1743977 0.1098451 0.009999394 0.1743977 0.1088881 -0.01000052 0.1746127 0.1088881 0.009999394 0.1746127 0.1079211 -0.01000052 0.1747796 0.1079211 0.009999394 0.1747796 0.1069459 -0.01000052 0.1749007 0.1069459 0.009999394 0.1749007 0.105967 -0.01000052 0.1749727 0.105967 0.009999394 0.1749727 0.1049861 -0.01000052 0.1749968 0.1049861 0.009999394 0.1749968 0.1191282 -0.01000052 -0.1691453 0.1191282 0.009999394 -0.1691453 0.1198047 0.009999394 -0.1684343 0.1198047 -0.01000052 -0.1684343 0.1204457 0.009999394 -0.1676912 0.1204457 -0.01000052 -0.1676912 0.1210498 0.009999394 -0.1669173 0.1210498 -0.01000052 -0.1669173 0.1216149 0.009999394 -0.1661143 0.1216149 -0.01000052 -0.1661143 0.1221408 0.009999394 -0.1652853 0.1221408 -0.01000052 -0.1652853 0.1226239 0.009999394 -0.1644313 0.1226239 -0.01000052 -0.1644313 0.1230659 0.009999394 -0.1635541 0.1230659 -0.01000052 -0.1635541 0.1234641 0.009999394 -0.1626572 0.1234641 -0.01000052 -0.1626572 0.1238169 0.009999394 -0.1617411 0.1238169 -0.01000052 -0.1617411 0.124125 0.009999394 -0.1608092 0.124125 -0.01000052 -0.1608092 0.1243858 -0.01000052 -0.1598632 0.1243858 0.009999394 -0.1598632 0.1246018 0.009999394 -0.1589052 0.1246018 -0.01000052 -0.1589052 0.1247701 -0.01000052 -0.1579382 0.1247701 0.009999394 -0.1579382 0.1248898 0.009999394 -0.1569633 0.1248898 -0.01000052 -0.1569633 0.1249618 -0.01000052 -0.1559844 0.1249618 0.009999394 -0.1559844 0.1249861 -0.01000052 -0.155003 0.1249861 0.009999394 -0.155003 -0.1191558 -0.01000052 -0.1691453 -0.1191558 0.009999394 -0.1691453 -0.1184449 0.009999394 -0.1698222 -0.1184449 -0.01000052 -0.1698222 -0.117702 0.009999394 -0.1704633 -0.117702 -0.01000052 -0.1704633 -0.1169281 0.009999394 -0.1710672 -0.1169281 -0.01000052 -0.1710672 -0.1161251 0.009999394 -0.1716322 -0.1161251 -0.01000052 -0.1716322 -0.1152958 0.009999394 -0.1721582 -0.1152958 -0.01000052 -0.1721582 -0.1144418 0.009999394 -0.1726412 -0.1144418 -0.01000052 -0.1726412 -0.1135649 0.009999394 -0.1730833 -0.1135649 -0.01000052 -0.1730833 -0.112668 0.009999394 -0.1734812 -0.112668 -0.01000052 -0.1734812 -0.111752 0.009999394 -0.1738343 -0.111752 -0.01000052 -0.1738343 -0.1108198 0.009999394 -0.1741423 -0.1108198 -0.01000052 -0.1741423 -0.1098728 0.009999394 -0.1744043 -0.1098728 -0.01000052 -0.1744043 -0.1089158 0.009999394 -0.1746191 -0.1089158 -0.01000052 -0.1746191 -0.1079487 0.009999394 -0.1747863 -0.1079487 -0.01000052 -0.1747863 -0.1069741 0.009999394 -0.1749072 -0.1069741 -0.01000052 -0.1749072 -0.1059947 0.009999394 -0.1749792 -0.1059947 -0.01000052 -0.1749792 -0.1050138 -0.01000052 -0.1750032 -0.1050138 0.009999394 -0.1750032 -0.09282588 0.009999394 0.08586168 -0.09261608 -0.01000052 0.08572673 -0.09261608 0.009999394 0.08572673 -0.09282588 -0.01000052 0.08586168 -0.09240007 -0.01000052 0.08560276 -0.09240007 0.009999394 0.08560276 -0.09217786 -0.01000052 0.08548974 -0.09217786 0.009999394 0.08548974 -0.09195089 -0.01000052 0.08538675 -0.09195089 0.009999394 0.08538675 -0.09171915 -0.01000052 0.08529663 -0.09171915 0.009999394 0.08529663 -0.09148216 -0.01000052 0.08521676 -0.09148216 0.009999394 0.08521676 -0.09124183 -0.01000052 0.08514976 -0.09124183 0.009999394 0.08514976 -0.09099912 -0.01000052 0.08509469 -0.09099912 0.009999394 0.08509469 -0.09075307 -0.01000052 0.08505177 -0.09075307 0.009999394 0.08505177 -0.09050607 -0.01000052 0.08502078 -0.09050607 0.009999394 0.08502078 -0.09025716 -0.01000052 0.08500266 -0.09025716 0.009999394 0.08500266 -0.09000778 -0.01000052 0.08499693 -0.09000778 0.009999394 0.08499693 -0.08975887 -0.01000052 0.08500361 -0.08975887 0.009999394 0.08500361 -0.08950996 -0.01000052 0.08502173 -0.08950996 0.009999394 0.08502173 -0.08926296 -0.01000052 0.08505368 -0.08926296 0.009999394 0.08505368 -0.08901691 -0.01000052 0.08509659 -0.08901691 0.009999394 0.08509659 -0.0887742 -0.01000052 0.08515262 -0.0887742 0.009999394 0.08515262 -0.08853483 -0.01000052 0.08522081 -0.08853483 0.009999394 0.08522081 -0.08829784 -0.01000052 0.08529973 -0.08829784 0.009999394 0.08529973 -0.0880661 -0.01000052 0.08539175 -0.0880661 0.009999394 0.08539175 -0.08783912 -0.01000052 0.08549475 -0.08783912 0.009999394 0.08549475 -0.08761787 -0.01000052 0.08560872 -0.08761787 0.009999394 0.08560872 -0.08740186 -0.01000052 0.08573365 -0.08740186 0.009999394 0.08573365 -0.08719301 -0.01000052 0.08586859 -0.08719301 0.009999394 0.08586859 -0.08698987 -0.01000052 0.08601474 -0.08698987 0.009999394 0.08601474 -0.0867958 -0.01000052 0.08617067 -0.0867958 0.009999394 0.08617067 -0.08660888 -0.01000052 0.08633565 -0.08660888 0.009999394 0.08633565 -0.08643102 -0.01000052 0.0865097 -0.08643102 0.009999394 0.0865097 -0.08626079 -0.01000052 0.08669281 -0.08626079 0.009999394 0.08669281 -0.08610105 -0.01000052 0.08688378 -0.08610105 0.009999394 0.08688378 -0.08595085 -0.01000052 0.08708262 -0.08595085 0.009999394 0.08708262 -0.08581113 -0.01000052 0.08728861 -0.08581113 0.009999394 0.08728861 -0.08568096 -0.01000052 0.08750176 -0.08568096 0.009999394 0.08750176 -0.08556175 -0.01000052 0.08772063 -0.08556175 0.009999394 0.08772063 -0.08545398 -0.01000052 0.08794569 -0.08545398 0.009999394 0.08794569 -0.08535671 -0.01000052 0.08817577 -0.08535671 0.009999394 0.08817577 -0.08527183 -0.01000052 0.08840966 -0.08527183 0.009999394 0.08840966 -0.08519887 -0.01000052 0.08864879 -0.08519887 0.009999394 0.08864879 -0.08513784 -0.01000052 0.08888959 -0.08513784 0.009999394 0.08888959 -0.08508872 -0.01000052 0.08913469 -0.08508872 0.009999394 0.08913469 -0.08505201 -0.01000052 0.08938074 -0.08505201 0.009999394 0.08938074 -0.08502817 -0.01000052 0.08962869 -0.08502817 0.009999394 0.08962869 -0.08501482 -0.01000052 0.0898776 -0.08501482 0.009999394 0.0898776 -0.08501482 0.009999394 0.0901277 -0.08501482 -0.01000052 0.0901277 -0.08502912 -0.01000052 0.09037661 -0.08502912 0.009999394 0.09037661 -0.08505392 -0.01000052 0.0906248 -0.08505392 0.009999394 0.0906248 -0.08509111 -0.01000052 0.09087061 -0.08509111 0.009999394 0.09087061 -0.08513975 -0.01000052 0.09111475 -0.08513975 0.009999394 0.09111475 -0.08520174 0.009999394 0.09135675 -0.08520174 -0.01000052 0.09135675 -0.08527612 -0.01000052 0.09159469 -0.08527612 0.009999394 0.09159469 -0.08536195 0.009999394 0.09182858 -0.08536195 -0.01000052 0.09182858 -0.08545875 -0.01000052 0.09205865 -0.08545875 0.009999394 0.09205865 -0.08556699 -0.01000052 0.09228277 -0.08556699 0.009999394 0.09228277 -0.08568716 -0.01000052 0.09250164 -0.08568716 0.009999394 0.09250164 -0.08581686 -0.01000052 0.09271478 -0.08581686 0.009999394 0.09271478 -0.085958 -0.01000052 0.09292078 -0.085958 0.009999394 0.09292078 -0.08610916 -0.01000052 0.09311866 -0.08610916 0.009999394 0.09311866 -0.0862689 -0.01000052 0.09330964 -0.0862689 0.009999394 0.09330964 -0.08643913 -0.01000052 0.09349179 -0.08643913 0.009999394 0.09349179 -0.08661794 -0.01000052 0.09366559 -0.08661794 0.009999394 0.09366559 -0.08680486 -0.01000052 0.09383058 -0.08680486 0.009999394 0.09383058 -0.08699989 -0.01000052 0.09398579 -0.08699989 0.009999394 0.09398579 -0.08720207 -0.01000052 0.0941317 -0.08720207 0.009999394 0.0941317 0.08717393 0.009999394 0.08586168 0.08738422 -0.01000052 0.08572673 0.08738422 0.009999394 0.08572673 0.08717393 -0.01000052 0.08586168 0.08760023 -0.01000052 0.08560276 0.08760023 0.009999394 0.08560276 0.08782196 -0.01000052 0.08548974 0.08782196 0.009999394 0.08548974 0.08804893 -0.01000052 0.08538675 0.08804893 0.009999394 0.08538675 0.08828115 -0.01000052 0.08529663 0.08828115 0.009999394 0.08529663 0.08851814 -0.01000052 0.08521676 0.08851814 0.009999394 0.08521676 0.08875799 -0.01000052 0.08514976 0.08875799 0.009999394 0.08514976 0.08900117 -0.01000052 0.08509469 0.08900117 0.009999394 0.08509469 0.08924722 -0.01000052 0.08505177 0.08924722 0.009999394 0.08505177 0.08949422 -0.01000052 0.08502078 0.08949422 0.009999394 0.08502078 0.08974313 -0.01000052 0.08500266 0.08974313 0.009999394 0.08500266 0.08999204 -0.01000052 0.08499693 0.08999204 0.009999394 0.08499693 0.09024095 -0.01000052 0.08500361 0.09024095 0.009999394 0.08500361 0.09048986 -0.01000052 0.08502173 0.09048986 0.009999394 0.08502173 0.09073686 -0.01000052 0.08505368 0.09073686 0.009999394 0.08505368 0.09098291 -0.01000052 0.08509659 0.09098291 0.009999394 0.08509659 0.0912261 -0.01000052 0.08515262 0.0912261 0.009999394 0.08515262 0.09146499 -0.01000052 0.08522081 0.09146499 0.009999394 0.08522081 0.09170198 -0.01000052 0.08529973 0.09170198 0.009999394 0.08529973 0.0919342 -0.01000052 0.08539175 0.0919342 0.009999394 0.08539175 0.09216117 -0.01000052 0.08549475 0.09216117 0.009999394 0.08549475 0.09238195 -0.01000052 0.08560872 0.09238195 0.009999394 0.08560872 0.09259796 -0.01000052 0.08573365 0.09259796 0.009999394 0.08573365 0.09280729 -0.01000052 0.08586859 0.09280729 0.009999394 0.08586859 0.09300994 -0.01000052 0.08601474 0.09300994 0.009999394 0.08601474 0.09320402 -0.01000052 0.08617067 0.09320402 0.009999394 0.08617067 0.09339094 -0.01000052 0.08633565 0.09339094 0.009999394 0.08633565 0.09356927 -0.01000052 0.0865097 0.09356927 0.009999394 0.0865097 0.09373903 -0.01000052 0.08669281 0.09373903 0.009999394 0.08669281 0.09389925 -0.01000052 0.08688378 0.09389925 0.009999394 0.08688378 0.09404897 -0.01000052 0.08708262 0.09404897 0.009999394 0.08708262 0.09418916 -0.01000052 0.08728861 0.09418916 0.009999394 0.08728861 0.09431886 -0.01000052 0.08750176 0.09431886 0.009999394 0.08750176 0.09443807 -0.01000052 0.08772063 0.09443807 0.009999394 0.08772063 0.09454584 -0.01000052 0.08794569 0.09454584 0.009999394 0.08794569 0.09464311 -0.01000052 0.08817577 0.09464311 0.009999394 0.08817577 0.09472799 -0.01000052 0.08840966 0.09472799 0.009999394 0.08840966 0.09480094 -0.01000052 0.08864879 0.09480094 0.009999394 0.08864879 0.09486198 -0.01000052 0.08888959 0.09486198 0.009999394 0.08888959 0.09491109 -0.01000052 0.08913469 0.09491109 0.009999394 0.08913469 0.09494829 -0.01000052 0.08938074 0.09494829 0.009999394 0.08938074 0.09497213 -0.01000052 0.08962869 0.09497213 0.009999394 0.08962869 0.094985 -0.01000052 0.0898776 0.094985 0.009999394 0.0898776 0.094985 -0.01000052 0.0901277 0.094985 0.009999394 0.0901277 0.09497117 -0.01000052 0.09037661 0.09497117 0.009999394 0.09037661 0.0949459 -0.01000052 0.0906248 0.0949459 0.009999394 0.0906248 0.09490919 -0.01000052 0.09087061 0.09490919 0.009999394 0.09087061 0.09486007 -0.01000052 0.09111475 0.09486007 0.009999394 0.09111475 0.09479808 0.009999394 0.09135675 0.09479808 -0.01000052 0.09135675 0.09472417 -0.01000052 0.09159469 0.09472417 0.009999394 0.09159469 0.09463787 -0.01000052 0.09182858 0.09463787 0.009999394 0.09182858 0.09454107 -0.01000052 0.09205865 0.09454107 0.009999394 0.09205865 0.09443283 -0.01000052 0.09228277 0.09443283 0.009999394 0.09228277 0.09431314 -0.01000052 0.09250164 0.09431314 0.009999394 0.09250164 0.09418296 -0.01000052 0.09271478 0.09418296 0.009999394 0.09271478 0.0940423 -0.01000052 0.09292078 0.0940423 0.009999394 0.09292078 0.09389114 -0.01000052 0.09311866 0.09389114 0.009999394 0.09311866 0.09373092 -0.01000052 0.09330964 0.09373092 0.009999394 0.09330964 0.09356117 -0.01000052 0.09349179 0.09356117 0.009999394 0.09349179 0.09338188 -0.01000052 0.09366559 0.09338188 0.009999394 0.09366559 0.09319496 -0.01000052 0.09383058 0.09319496 0.009999394 0.09383058 0.09299993 -0.01000052 0.09398579 0.09299993 0.009999394 0.09398579 0.09279823 -0.01000052 0.0941317 0.09279823 0.009999394 0.0941317 0.08717393 0.009999394 -0.09413838 0.08738422 -0.01000052 -0.09427332 0.08738422 0.009999394 -0.09427332 0.08717393 -0.01000052 -0.09413838 0.08760023 -0.01000052 -0.0943973 0.08760023 0.009999394 -0.0943973 0.08782196 -0.01000052 -0.09451031 0.08782196 0.009999394 -0.09451031 0.08804893 -0.01000052 -0.09461331 0.08804893 0.009999394 -0.09461331 0.08828115 -0.01000052 -0.09470343 0.08828115 0.009999394 -0.09470343 0.08851814 -0.01000052 -0.0947833 0.08851814 0.009999394 -0.0947833 0.08875799 -0.01000052 -0.0948503 0.08875799 0.009999394 -0.0948503 0.08900117 -0.01000052 -0.09490537 0.08900117 0.009999394 -0.09490537 0.08924722 -0.01000052 -0.09494829 0.08924722 0.009999394 -0.09494829 0.08949422 -0.01000052 -0.09497928 0.08949422 0.009999394 -0.09497928 0.08974313 -0.01000052 -0.0949974 0.08974313 0.009999394 -0.0949974 0.08999204 -0.01000052 -0.09500312 0.08999204 0.009999394 -0.09500312 0.09024095 -0.01000052 -0.09499621 0.09024095 0.009999394 -0.09499621 0.09048986 -0.01000052 -0.09497833 0.09048986 0.009999394 -0.09497833 0.09073686 -0.01000052 -0.09494638 0.09073686 0.009999394 -0.09494638 0.09098291 -0.01000052 -0.09490346 0.09098291 0.009999394 -0.09490346 0.0912261 -0.01000052 -0.0948472 0.0912261 0.009999394 -0.0948472 0.09146499 -0.01000052 -0.09477925 0.09146499 0.009999394 -0.09477925 0.09170198 -0.01000052 -0.09470033 0.09170198 0.009999394 -0.09470033 0.0919342 -0.01000052 -0.0946083 0.0919342 0.009999394 -0.0946083 0.09216117 -0.01000052 -0.09450531 0.09216117 0.009999394 -0.09450531 0.09238195 -0.01000052 -0.09439134 0.09238195 0.009999394 -0.09439134 0.09259796 -0.01000052 -0.09426641 0.09259796 0.009999394 -0.09426641 0.09280729 -0.01000052 -0.09413123 0.09280729 0.009999394 -0.09413123 0.09300994 -0.01000052 -0.09398531 0.09300994 0.009999394 -0.09398531 0.09320402 -0.01000052 -0.09382939 0.09320402 0.009999394 -0.09382939 0.09339094 -0.01000052 -0.0936644 0.09339094 0.009999394 -0.0936644 0.09356927 -0.01000052 -0.09349036 0.09356927 0.009999394 -0.09349036 0.09373903 -0.01000052 -0.09330725 0.09373903 0.009999394 -0.09330725 0.09389925 -0.01000052 -0.09311628 0.09389925 0.009999394 -0.09311628 0.09404897 -0.01000052 -0.0929172 0.09404897 0.009999394 -0.0929172 0.09418916 -0.01000052 -0.09271121 0.09418916 0.009999394 -0.09271121 0.09431886 -0.01000052 -0.0924983 0.09431886 0.009999394 -0.0924983 0.09443807 -0.01000052 -0.09227919 0.09443807 0.009999394 -0.09227919 0.09454584 -0.01000052 -0.09205436 0.09454584 0.009999394 -0.09205436 0.09464311 -0.01000052 -0.09182429 0.09464311 0.009999394 -0.09182429 0.09472799 -0.01000052 -0.0915904 0.09472799 0.009999394 -0.0915904 0.09480094 -0.01000052 -0.09135127 0.09480094 0.009999394 -0.09135127 0.09486198 -0.01000052 -0.09111022 0.09486198 0.009999394 -0.09111022 0.09491109 -0.01000052 -0.09086537 0.09491109 0.009999394 -0.09086537 0.09494829 -0.01000052 -0.09061932 0.09494829 0.009999394 -0.09061932 0.09497213 -0.01000052 -0.09037137 0.09497213 0.009999394 -0.09037137 0.094985 -0.01000052 -0.09012222 0.094985 0.009999394 -0.09012222 0.094985 -0.01000052 -0.08987236 0.094985 0.009999394 -0.08987236 0.09497117 -0.01000052 -0.08962345 0.09497117 0.009999394 -0.08962345 0.0949459 -0.01000052 -0.08937525 0.0949459 0.009999394 -0.08937525 0.09490919 0.009999394 -0.0891292 0.09490919 -0.01000052 -0.0891292 0.09486007 -0.01000052 -0.0888853 0.09486007 0.009999394 -0.0888853 0.09479808 -0.01000052 -0.08864331 0.09479808 0.009999394 -0.08864331 0.09472417 -0.01000052 -0.08840537 0.09472417 0.009999394 -0.08840537 0.09463787 -0.01000052 -0.08817124 0.09463787 0.009999394 -0.08817124 0.09454107 -0.01000052 -0.0879414 0.09454107 0.009999394 -0.0879414 0.09443283 -0.01000052 -0.08771729 0.09443283 0.009999394 -0.08771729 0.09431314 -0.01000052 -0.08749818 0.09431314 0.009999394 -0.08749818 0.09418296 -0.01000052 -0.08728528 0.09418296 0.009999394 -0.08728528 0.0940423 -0.01000052 -0.08707928 0.0940423 0.009999394 -0.08707928 0.09389114 -0.01000052 -0.08688139 0.09389114 0.009999394 -0.08688139 0.09373092 -0.01000052 -0.08669018 0.09373092 0.009999394 -0.08669018 0.09356117 -0.01000052 -0.08650827 0.09356117 0.009999394 -0.08650827 0.09338188 -0.01000052 -0.08633422 0.09338188 0.009999394 -0.08633422 0.09319496 -0.01000052 -0.08616924 0.09319496 0.009999394 -0.08616924 0.09299993 -0.01000052 -0.08601427 0.09299993 0.009999394 -0.08601427 0.09279823 -0.01000052 -0.08586835 0.09279823 0.009999394 -0.08586835 -0.09282588 0.009999394 -0.09413838 -0.09261608 -0.01000052 -0.09427332 -0.09261608 0.009999394 -0.09427332 -0.09282588 -0.01000052 -0.09413838 -0.09240007 -0.01000052 -0.0943973 -0.09240007 0.009999394 -0.0943973 -0.09217786 -0.01000052 -0.09451031 -0.09217786 0.009999394 -0.09451031 -0.09195089 -0.01000052 -0.09461331 -0.09195089 0.009999394 -0.09461331 -0.09171915 -0.01000052 -0.09470343 -0.09171915 0.009999394 -0.09470343 -0.09148216 -0.01000052 -0.0947833 -0.09148216 0.009999394 -0.0947833 -0.09124183 -0.01000052 -0.0948503 -0.09124183 0.009999394 -0.0948503 -0.09099912 -0.01000052 -0.09490537 -0.09099912 0.009999394 -0.09490537 -0.09075307 -0.01000052 -0.09494829 -0.09075307 0.009999394 -0.09494829 -0.09050607 -0.01000052 -0.09497928 -0.09050607 0.009999394 -0.09497928 -0.09025716 -0.01000052 -0.0949974 -0.09025716 0.009999394 -0.0949974 -0.09000778 -0.01000052 -0.09500312 -0.09000778 0.009999394 -0.09500312 -0.08975887 -0.01000052 -0.09499621 -0.08975887 0.009999394 -0.09499621 -0.08950996 -0.01000052 -0.09497833 -0.08950996 0.009999394 -0.09497833 -0.08926296 -0.01000052 -0.09494638 -0.08926296 0.009999394 -0.09494638 -0.08901691 -0.01000052 -0.09490346 -0.08901691 0.009999394 -0.09490346 -0.0887742 -0.01000052 -0.0948472 -0.0887742 0.009999394 -0.0948472 -0.08853483 -0.01000052 -0.09477925 -0.08853483 0.009999394 -0.09477925 -0.08829784 -0.01000052 -0.09470033 -0.08829784 0.009999394 -0.09470033 -0.0880661 -0.01000052 -0.0946083 -0.0880661 0.009999394 -0.0946083 -0.08783912 -0.01000052 -0.09450531 -0.08783912 0.009999394 -0.09450531 -0.08761787 -0.01000052 -0.09439134 -0.08761787 0.009999394 -0.09439134 -0.08740186 -0.01000052 -0.09426641 -0.08740186 0.009999394 -0.09426641 -0.08719301 -0.01000052 -0.09413123 -0.08719301 0.009999394 -0.09413123 -0.08698987 -0.01000052 -0.09398531 -0.08698987 0.009999394 -0.09398531 -0.0867958 -0.01000052 -0.09382939 -0.0867958 0.009999394 -0.09382939 -0.08660888 -0.01000052 -0.0936644 -0.08660888 0.009999394 -0.0936644 -0.08643102 -0.01000052 -0.09349036 -0.08643102 0.009999394 -0.09349036 -0.08626079 -0.01000052 -0.09330725 -0.08626079 0.009999394 -0.09330725 -0.08610105 -0.01000052 -0.09311628 -0.08610105 0.009999394 -0.09311628 -0.08595085 -0.01000052 -0.0929172 -0.08595085 0.009999394 -0.0929172 -0.08581113 -0.01000052 -0.09271121 -0.08581113 0.009999394 -0.09271121 -0.08568096 -0.01000052 -0.0924983 -0.08568096 0.009999394 -0.0924983 -0.08556175 -0.01000052 -0.09227919 -0.08556175 0.009999394 -0.09227919 -0.08545398 -0.01000052 -0.09205436 -0.08545398 0.009999394 -0.09205436 -0.08535671 -0.01000052 -0.09182429 -0.08535671 0.009999394 -0.09182429 -0.08527183 -0.01000052 -0.0915904 -0.08527183 0.009999394 -0.0915904 -0.08519887 -0.01000052 -0.09135127 -0.08519887 0.009999394 -0.09135127 -0.08513784 -0.01000052 -0.09111022 -0.08513784 0.009999394 -0.09111022 -0.08508872 -0.01000052 -0.09086537 -0.08508872 0.009999394 -0.09086537 -0.08505201 -0.01000052 -0.09061932 -0.08505201 0.009999394 -0.09061932 -0.08502817 -0.01000052 -0.09037137 -0.08502817 0.009999394 -0.09037137 -0.08501482 -0.01000052 -0.09012222 -0.08501482 0.009999394 -0.09012222 -0.08501482 -0.01000052 -0.08987236 -0.08501482 0.009999394 -0.08987236 -0.08502912 -0.01000052 -0.08962345 -0.08502912 0.009999394 -0.08962345 -0.08505392 -0.01000052 -0.08937525 -0.08505392 0.009999394 -0.08937525 -0.08509111 -0.01000052 -0.0891292 -0.08509111 0.009999394 -0.0891292 -0.08513975 -0.01000052 -0.0888853 -0.08513975 0.009999394 -0.0888853 -0.08520174 -0.01000052 -0.08864331 -0.08520174 0.009999394 -0.08864331 -0.08527612 -0.01000052 -0.08840537 -0.08527612 0.009999394 -0.08840537 -0.08536195 -0.01000052 -0.08817124 -0.08536195 0.009999394 -0.08817124 -0.08545875 -0.01000052 -0.0879414 -0.08545875 0.009999394 -0.0879414 -0.08556699 -0.01000052 -0.08771729 -0.08556699 0.009999394 -0.08771729 -0.08568716 0.009999394 -0.08749818 -0.08568716 -0.01000052 -0.08749818 -0.08581686 -0.01000052 -0.08728528 -0.08581686 0.009999394 -0.08728528 -0.085958 -0.01000052 -0.08707928 -0.085958 0.009999394 -0.08707928 -0.08610916 -0.01000052 -0.08688139 -0.08610916 0.009999394 -0.08688139 -0.0862689 -0.01000052 -0.08669018 -0.0862689 0.009999394 -0.08669018 -0.08643913 -0.01000052 -0.08650827 -0.08643913 0.009999394 -0.08650827 -0.08661794 -0.01000052 -0.08633422 -0.08661794 0.009999394 -0.08633422 -0.08680486 -0.01000052 -0.08616924 -0.08680486 0.009999394 -0.08616924 -0.08699989 -0.01000052 -0.08601427 -0.08699989 0.009999394 -0.08601427 -0.08720207 -0.01000052 -0.08586835 -0.08720207 0.009999394 -0.08586835 -0.08741188 0.009999394 -0.08573341 -0.08741188 -0.01000052 -0.08573341 -0.08762788 -0.01000052 -0.08560919 -0.08762788 0.009999394 -0.08560919 -0.08785009 -0.01000052 -0.08549618 -0.08785009 0.009999394 -0.08549618 -0.08807706 -0.01000052 -0.08539342 -0.08807706 0.009999394 -0.08539342 -0.08830881 -0.01000052 -0.0853033 -0.08830881 0.009999394 -0.0853033 -0.08854579 -0.01000052 -0.08522343 -0.08854579 0.009999394 -0.08522343 -0.08878612 -0.01000052 -0.0851562 -0.08878612 0.009999394 -0.0851562 -0.08902883 -0.01000052 -0.08510136 -0.08902883 0.009999394 -0.08510136 -0.08927488 -0.01000052 -0.08505821 -0.08927488 0.009999394 -0.08505821 -0.08952188 -0.01000052 -0.08502721 -0.08952188 0.009999394 -0.08502721 -0.08977079 -0.01000052 -0.08500933 -0.08977079 0.009999394 -0.08500933 -0.0900197 -0.01000052 -0.08500313 -0.0900197 0.009999394 -0.08500313 -0.09026908 -0.01000052 -0.08501029 -0.09026908 0.009999394 -0.08501029 -0.09051799 -0.01000052 -0.0850284 -0.09051799 0.009999394 -0.0850284 -0.09076499 -0.01000052 -0.08506035 -0.09076499 0.009999394 -0.08506035 -0.09101104 -0.01000052 -0.08510327 -0.09101104 0.009999394 -0.08510327 -0.09125423 -0.01000052 -0.0851593 -0.09125423 0.009999394 -0.0851593 -0.09149312 -0.01000052 -0.08522725 -0.09149312 0.009999394 -0.08522725 -0.09173011 -0.01000052 -0.0853064 -0.09173011 0.009999394 -0.0853064 -0.09196186 -0.01000052 -0.08539819 -0.09196186 0.009999394 -0.08539819 -0.09218883 -0.01000052 -0.08550119 -0.09218883 0.009999394 -0.08550119 -0.09241008 -0.01000052 -0.08561539 -0.09241008 0.009999394 -0.08561539 -0.09262609 0.009999394 -0.08574032 -0.09262609 -0.01000052 -0.08574032 -0.09283494 -0.01000052 -0.08587527 -0.09283494 0.009999394 -0.08587527 -0.09303808 -0.01000052 -0.08602118 -0.09303808 0.009999394 -0.08602118 -0.09323215 -0.01000052 -0.08617734 -0.09323215 0.009999394 -0.08617734 -0.09341907 -0.01000052 -0.08634233 -0.09341907 0.009999394 -0.08634233 -0.09359693 -0.01000052 -0.08651638 -0.09359693 0.009999394 -0.08651638 -0.09376716 -0.01000052 -0.08669924 -0.09376716 0.009999394 -0.08669924 -0.0939269 -0.01000052 -0.08689022 -0.0939269 0.009999394 -0.08689022 -0.09407711 -0.01000052 -0.0870893 -0.09407711 0.009999394 -0.0870893 -0.09421682 -0.01000052 -0.08729529 -0.09421682 0.009999394 -0.08729529 -0.094347 -0.01000052 -0.0875082 -0.094347 0.009999394 -0.0875082 -0.09446573 -0.01000052 -0.0877273 -0.09446573 0.009999394 -0.0877273 -0.09457397 -0.01000052 -0.08795237 -0.09457397 0.009999394 -0.08795237 -0.09467077 -0.01000052 -0.08818221 -0.09467077 0.009999394 -0.08818221 -0.09475612 -0.01000052 -0.08841633 -0.09475612 0.009999394 -0.08841633 -0.09482908 -0.01000052 -0.08865523 -0.09482908 0.009999394 -0.08865523 -0.09489011 -0.01000052 -0.08889627 -0.09489011 0.009999394 -0.08889627 -0.09493875 -0.01000052 -0.08914136 -0.09493875 0.009999394 -0.08914136 -0.09497594 -0.01000052 -0.08938717 -0.09497594 0.009999394 -0.08938717 -0.09499979 -0.01000052 -0.08963537 -0.09499979 0.009999394 -0.08963537 -0.09501314 -0.01000052 -0.08988428 -0.09501314 0.009999394 -0.08988428 -0.09501314 -0.01000052 -0.09013438 -0.09501314 0.009999394 -0.09013438 -0.09499883 -0.01000052 -0.09038329 -0.09499883 0.009999394 -0.09038329 -0.09497404 -0.01000052 -0.09063124 -0.09497404 0.009999394 -0.09063124 -0.09493684 -0.01000052 -0.09087729 -0.09493684 0.009999394 -0.09087729 -0.09488773 -0.01000052 -0.09112119 -0.09488773 0.009999394 -0.09112119 -0.09482574 -0.01000052 -0.09136343 -0.09482574 0.009999394 -0.09136343 -0.09475183 -0.01000052 -0.09160137 -0.09475183 0.009999394 -0.09160137 -0.094666 -0.01000052 -0.09183526 -0.094666 0.009999394 -0.09183526 -0.09456872 -0.01000052 -0.09206533 -0.09456872 0.009999394 -0.09206533 -0.09446096 -0.01000052 -0.0922892 -0.09446096 0.009999394 -0.0922892 -0.0943408 -0.01000052 -0.09250831 -0.0943408 0.009999394 -0.09250831 -0.0942111 -0.01000052 -0.09272122 -0.0942111 0.009999394 -0.09272122 -0.09406995 -0.01000052 -0.09292721 -0.09406995 0.009999394 -0.09292721 -0.0939188 -0.01000052 -0.09312534 -0.0939188 0.009999394 -0.09312534 -0.09375905 -0.01000052 -0.09331631 -0.09375905 0.009999394 -0.09331631 -0.09358882 -0.01000052 -0.09349822 -0.09358882 0.009999394 -0.09349822 -0.09341001 -0.01000052 -0.09367227 -0.09341001 0.009999394 -0.09367227 -0.09322309 -0.01000052 -0.09383726 -0.09322309 0.009999394 -0.09383726 -0.09302806 -0.01000052 -0.09399223 -0.09302806 0.009999394 -0.09399223 0.09258794 -0.01000052 -0.08573341 0.09258794 0.009999394 -0.08573341 0.09237194 -0.01000052 -0.08560919 0.09237194 0.009999394 -0.08560919 0.09215021 -0.01000052 -0.08549618 0.09215021 0.009999394 -0.08549618 0.09192323 -0.01000052 -0.08539342 0.09192323 0.009999394 -0.08539342 0.09169101 -0.01000052 -0.0853033 0.09169101 0.009999394 -0.0853033 0.09145402 -0.01000052 -0.08522343 0.09145402 0.009999394 -0.08522343 0.09121417 -0.01000052 -0.0851562 0.09121417 0.009999394 -0.0851562 0.09097099 -0.01000052 -0.08510136 0.09097099 0.009999394 -0.08510136 0.09072494 -0.01000052 -0.08505821 0.09072494 0.009999394 -0.08505821 0.09047794 -0.01000052 -0.08502721 0.09047794 0.009999394 -0.08502721 0.09022903 -0.01000052 -0.08500933 0.09022903 0.009999394 -0.08500933 0.08998012 -0.01000052 -0.08500313 0.08998012 0.009999394 -0.08500313 0.08973121 -0.01000052 -0.08501029 0.08973121 0.009999394 -0.08501029 0.08948183 -0.01000052 -0.0850284 0.08948183 0.009999394 -0.0850284 0.08923482 -0.01000052 -0.08506035 0.08923482 0.009999394 -0.08506035 0.08898925 -0.01000052 -0.08510327 0.08898925 0.009999394 -0.08510327 0.08874607 -0.01000052 -0.0851593 0.08874607 0.009999394 -0.0851593 0.08850717 -0.01000052 -0.08522725 0.08850717 0.009999394 -0.08522725 0.08827018 -0.01000052 -0.0853064 0.08827018 0.009999394 -0.0853064 0.08803796 -0.01000052 -0.08539819 0.08803796 0.009999394 -0.08539819 0.08781099 -0.01000052 -0.08550119 0.08781099 0.009999394 -0.08550119 0.08759021 -0.01000052 -0.08561539 0.08759021 0.009999394 -0.08561539 0.08737421 -0.01000052 -0.08574032 0.08737421 0.009999394 -0.08574032 0.08716487 -0.01000052 -0.08587527 0.08716487 0.009999394 -0.08587527 0.08696222 0.009999394 -0.08602118 0.08696222 -0.01000052 -0.08602118 0.08676815 -0.01000052 -0.08617734 0.08676815 0.009999394 -0.08617734 0.08658123 -0.01000052 -0.08634233 0.08658123 0.009999394 -0.08634233 0.08640289 -0.01000052 -0.08651638 0.08640289 0.009999394 -0.08651638 0.08623313 -0.01000052 -0.08669924 0.08623313 0.009999394 -0.08669924 0.08607292 -0.01000052 -0.08689022 0.08607292 0.009999394 -0.08689022 0.08592319 -0.01000052 -0.0870893 0.08592319 0.009999394 -0.0870893 0.085783 -0.01000052 -0.08729529 0.085783 0.009999394 -0.08729529 0.08565282 0.009999394 -0.0875082 0.08565282 -0.01000052 -0.0875082 0.08553409 -0.01000052 -0.0877273 0.08553409 0.009999394 -0.0877273 0.08542585 -0.01000052 -0.08795237 0.08542585 0.009999394 -0.08795237 0.08532905 -0.01000052 -0.08818221 0.08532905 0.009999394 -0.08818221 0.08524417 -0.01000052 -0.08841633 0.08524417 0.009999394 -0.08841633 0.08517122 -0.01000052 -0.08865523 0.08517122 0.009999394 -0.08865523 0.08511018 -0.01000052 -0.08889627 0.08511018 0.009999394 -0.08889627 0.08506107 0.009999394 -0.08914136 0.08506107 -0.01000052 -0.08914136 0.08502388 -0.01000052 -0.08938717 0.08502388 0.009999394 -0.08938717 0.08500003 -0.01000052 -0.08963537 0.08500003 0.009999394 -0.08963537 0.08498716 -0.01000052 -0.08988428 0.08498716 0.009999394 -0.08988428 0.08498716 -0.01000052 -0.09013438 0.08498716 0.009999394 -0.09013438 0.08500099 -0.01000052 -0.09038329 0.08500099 0.009999394 -0.09038329 0.08502578 -0.01000052 -0.09063124 0.08502578 0.009999394 -0.09063124 0.08506298 -0.01000052 -0.09087729 0.08506298 0.009999394 -0.09087729 0.08511209 -0.01000052 -0.09112119 0.08511209 0.009999394 -0.09112119 0.08517408 -0.01000052 -0.09136343 0.08517408 0.009999394 -0.09136343 0.08524799 -0.01000052 -0.09160137 0.08524799 0.009999394 -0.09160137 0.0853343 -0.01000052 -0.09183526 0.0853343 0.009999394 -0.09183526 0.08543109 -0.01000052 -0.09206533 0.08543109 0.009999394 -0.09206533 0.08553886 -0.01000052 -0.0922892 0.08553886 0.009999394 -0.0922892 0.08565902 -0.01000052 -0.09250831 0.08565902 0.009999394 -0.09250831 0.0857892 -0.01000052 -0.09272122 0.0857892 0.009999394 -0.09272122 0.08592987 -0.01000052 -0.09292721 0.08592987 0.009999394 -0.09292721 0.08608102 -0.01000052 -0.09312534 0.08608102 0.009999394 -0.09312534 0.08624124 -0.01000052 -0.09331631 0.08624124 0.009999394 -0.09331631 0.08641099 -0.01000052 -0.09349822 0.08641099 0.009999394 -0.09349822 0.08659029 -0.01000052 -0.09367227 0.08659029 0.009999394 -0.09367227 0.08677721 -0.01000052 -0.09383726 0.08677721 0.009999394 -0.09383726 0.08697223 -0.01000052 -0.09399223 0.08697223 0.009999394 -0.09399223 0.09258794 -0.01000052 0.09426665 0.09258794 0.009999394 0.09426665 0.09237194 -0.01000052 0.09439063 0.09237194 0.009999394 0.09439063 0.09215021 -0.01000052 0.09450364 0.09215021 0.009999394 0.09450364 0.09192323 -0.01000052 0.09460663 0.09192323 0.009999394 0.09460663 0.09169101 -0.01000052 0.09469676 0.09169101 0.009999394 0.09469676 0.09145402 -0.01000052 0.09477663 0.09145402 0.009999394 0.09477663 0.09121417 -0.01000052 0.09484362 0.09121417 0.009999394 0.09484362 0.09097099 -0.01000052 0.0948987 0.09097099 0.009999394 0.0948987 0.09072494 -0.01000052 0.09494161 0.09072494 0.009999394 0.09494161 0.09047794 -0.01000052 0.09497261 0.09047794 0.009999394 0.09497261 0.09022903 -0.01000052 0.09499073 0.09022903 0.009999394 0.09499073 0.08998012 -0.01000052 0.09499692 0.08998012 0.009999394 0.09499692 0.08973121 -0.01000052 0.09498977 0.08973121 0.009999394 0.09498977 0.08948183 -0.01000052 0.09497165 0.08948183 0.009999394 0.09497165 0.08923482 -0.01000052 0.0949397 0.08923482 0.009999394 0.0949397 0.08898925 -0.01000052 0.09489655 0.08898925 0.009999394 0.09489655 0.08874607 -0.01000052 0.09484076 0.08874607 0.009999394 0.09484076 0.08850717 -0.01000052 0.09477281 0.08850717 0.009999394 0.09477281 0.08827018 -0.01000052 0.09469366 0.08827018 0.009999394 0.09469366 0.08803796 -0.01000052 0.09460163 0.08803796 0.009999394 0.09460163 0.08781099 -0.01000052 0.09449863 0.08781099 0.009999394 0.09449863 0.08759021 -0.01000052 0.09438467 0.08759021 0.009999394 0.09438467 0.08737421 -0.01000052 0.09425973 0.08737421 0.009999394 0.09425973 0.08716487 -0.01000052 0.09412479 0.08716487 0.009999394 0.09412479 0.08696222 -0.01000052 0.09397864 0.08696222 0.009999394 0.09397864 0.08676815 -0.01000052 0.09382271 0.08676815 0.009999394 0.09382271 0.08658123 -0.01000052 0.09365773 0.08658123 0.009999394 0.09365773 0.08640289 -0.01000052 0.09348368 0.08640289 0.009999394 0.09348368 0.08623313 -0.01000052 0.09330081 0.08623313 0.009999394 0.09330081 0.08607292 -0.01000052 0.0931096 0.08607292 0.009999394 0.0931096 0.08592319 -0.01000052 0.09291076 0.08592319 0.009999394 0.09291076 0.085783 -0.01000052 0.09270477 0.085783 0.009999394 0.09270477 0.08565282 -0.01000052 0.09249162 0.08565282 0.009999394 0.09249162 0.08553409 -0.01000052 0.09227275 0.08553409 0.009999394 0.09227275 0.08542585 -0.01000052 0.09204769 0.08542585 0.009999394 0.09204769 0.08532905 -0.01000052 0.09181761 0.08532905 0.009999394 0.09181761 0.08524417 -0.01000052 0.09158372 0.08524417 0.009999394 0.09158372 0.08517122 -0.01000052 0.09134459 0.08517122 0.009999394 0.09134459 0.08511018 -0.01000052 0.09110379 0.08511018 0.009999394 0.09110379 0.08506107 -0.01000052 0.09085869 0.08506107 0.009999394 0.09085869 0.08502388 -0.01000052 0.09061264 0.08502388 0.009999394 0.09061264 0.08500003 -0.01000052 0.09036469 0.08500003 0.009999394 0.09036469 0.08498716 -0.01000052 0.09011578 0.08498716 0.009999394 0.09011578 0.08498716 -0.01000052 0.08986568 0.08498716 0.009999394 0.08986568 0.08500099 -0.01000052 0.08961653 0.08500099 0.009999394 0.08961653 0.08502578 -0.01000052 0.08936882 0.08502578 0.009999394 0.08936882 0.08506298 -0.01000052 0.08912277 0.08506298 0.009999394 0.08912277 0.08511209 -0.01000052 0.08887863 0.08511209 0.009999394 0.08887863 0.08517408 0.009999394 0.08863663 0.08517408 -0.01000052 0.08863663 0.08524799 -0.01000052 0.08839869 0.08524799 0.009999394 0.08839869 0.0853343 -0.01000052 0.0881648 0.0853343 0.009999394 0.0881648 0.08543109 -0.01000052 0.08793473 0.08543109 0.009999394 0.08793473 0.08553886 -0.01000052 0.08771061 0.08553886 0.009999394 0.08771061 0.08565902 -0.01000052 0.08749175 0.08565902 0.009999394 0.08749175 0.0857892 -0.01000052 0.0872786 0.0857892 0.009999394 0.0872786 0.08592987 0.009999394 0.08707261 0.08592987 -0.01000052 0.08707261 0.08608102 -0.01000052 0.08687472 0.08608102 0.009999394 0.08687472 0.08624124 -0.01000052 0.08668375 0.08624124 0.009999394 0.08668375 0.08641099 -0.01000052 0.08650159 0.08641099 0.009999394 0.08650159 0.08659029 -0.01000052 0.08632779 0.08659029 0.009999394 0.08632779 0.08677721 -0.01000052 0.0861628 0.08677721 0.009999394 0.0861628 0.08697223 -0.01000052 0.08600759 0.08697223 0.009999394 0.08600759 -0.08741188 -0.01000052 0.09426665 -0.08741188 0.009999394 0.09426665 -0.08762788 -0.01000052 0.09439063 -0.08762788 0.009999394 0.09439063 -0.08785009 -0.01000052 0.09450364 -0.08785009 0.009999394 0.09450364 -0.08807706 -0.01000052 0.09460663 -0.08807706 0.009999394 0.09460663 -0.08830881 -0.01000052 0.09469676 -0.08830881 0.009999394 0.09469676 -0.08854579 -0.01000052 0.09477663 -0.08854579 0.009999394 0.09477663 -0.08878612 -0.01000052 0.09484362 -0.08878612 0.009999394 0.09484362 -0.08902883 -0.01000052 0.0948987 -0.08902883 0.009999394 0.0948987 -0.08927488 -0.01000052 0.09494161 -0.08927488 0.009999394 0.09494161 -0.08952188 -0.01000052 0.09497261 -0.08952188 0.009999394 0.09497261 -0.08977079 -0.01000052 0.09499073 -0.08977079 0.009999394 0.09499073 -0.0900197 -0.01000052 0.09499692 -0.0900197 0.009999394 0.09499692 -0.09026908 -0.01000052 0.09498977 -0.09026908 0.009999394 0.09498977 -0.09051799 -0.01000052 0.09497165 -0.09051799 0.009999394 0.09497165 -0.09076499 -0.01000052 0.0949397 -0.09076499 0.009999394 0.0949397 -0.09101104 -0.01000052 0.09489655 -0.09101104 0.009999394 0.09489655 -0.09125423 -0.01000052 0.09484076 -0.09125423 0.009999394 0.09484076 -0.09149312 -0.01000052 0.09477281 -0.09149312 0.009999394 0.09477281 -0.09173011 -0.01000052 0.09469366 -0.09173011 0.009999394 0.09469366 -0.09196186 -0.01000052 0.09460163 -0.09196186 0.009999394 0.09460163 -0.09218883 -0.01000052 0.09449863 -0.09218883 0.009999394 0.09449863 -0.09241008 -0.01000052 0.09438467 -0.09241008 0.009999394 0.09438467 -0.09262609 -0.01000052 0.09425973 -0.09262609 0.009999394 0.09425973 -0.09283494 -0.01000052 0.09412479 -0.09283494 0.009999394 0.09412479 -0.09303808 -0.01000052 0.09397864 -0.09303808 0.009999394 0.09397864 -0.09323215 -0.01000052 0.09382271 -0.09323215 0.009999394 0.09382271 -0.09341907 -0.01000052 0.09365773 -0.09341907 0.009999394 0.09365773 -0.09359693 -0.01000052 0.09348368 -0.09359693 0.009999394 0.09348368 -0.09376716 -0.01000052 0.09330081 -0.09376716 0.009999394 0.09330081 -0.0939269 -0.01000052 0.0931096 -0.0939269 0.009999394 0.0931096 -0.09407711 -0.01000052 0.09291076 -0.09407711 0.009999394 0.09291076 -0.09421682 -0.01000052 0.09270477 -0.09421682 0.009999394 0.09270477 -0.094347 -0.01000052 0.09249162 -0.094347 0.009999394 0.09249162 -0.09446573 -0.01000052 0.09227275 -0.09446573 0.009999394 0.09227275 -0.09457397 -0.01000052 0.09204769 -0.09457397 0.009999394 0.09204769 -0.09467077 -0.01000052 0.09181761 -0.09467077 0.009999394 0.09181761 -0.09475612 -0.01000052 0.09158372 -0.09475612 0.009999394 0.09158372 -0.09482908 -0.01000052 0.09134459 -0.09482908 0.009999394 0.09134459 -0.09489011 -0.01000052 0.09110379 -0.09489011 0.009999394 0.09110379 -0.09493875 -0.01000052 0.09085869 -0.09493875 0.009999394 0.09085869 -0.09497594 -0.01000052 0.09061264 -0.09497594 0.009999394 0.09061264 -0.09499979 -0.01000052 0.09036469 -0.09499979 0.009999394 0.09036469 -0.09501314 -0.01000052 0.09011578 -0.09501314 0.009999394 0.09011578 -0.09501314 -0.01000052 0.08986568 -0.09501314 0.009999394 0.08986568 -0.09499883 -0.01000052 0.08961653 -0.09499883 0.009999394 0.08961653 -0.09497404 -0.01000052 0.08936882 -0.09497404 0.009999394 0.08936882 -0.09493684 -0.01000052 0.08912277 -0.09493684 0.009999394 0.08912277 -0.09488773 -0.01000052 0.08887863 -0.09488773 0.009999394 0.08887863 -0.09482574 -0.01000052 0.08863663 -0.09482574 0.009999394 0.08863663 -0.09475183 -0.01000052 0.08839869 -0.09475183 0.009999394 0.08839869 -0.094666 -0.01000052 0.0881648 -0.094666 0.009999394 0.0881648 -0.09456872 -0.01000052 0.08793473 -0.09456872 0.009999394 0.08793473 -0.09446096 -0.01000052 0.08771061 -0.09446096 0.009999394 0.08771061 -0.0943408 -0.01000052 0.08749175 -0.0943408 0.009999394 0.08749175 -0.0942111 -0.01000052 0.0872786 -0.0942111 0.009999394 0.0872786 -0.09406995 -0.01000052 0.08707261 -0.09406995 0.009999394 0.08707261 -0.0939188 -0.01000052 0.08687472 -0.0939188 0.009999394 0.08687472 -0.09375905 -0.01000052 0.08668375 -0.09375905 0.009999394 0.08668375 -0.09358882 -0.01000052 0.08650159 -0.09358882 0.009999394 0.08650159 -0.09341001 -0.01000052 0.08632779 -0.09341001 0.009999394 0.08632779 -0.09322309 -0.01000052 0.0861628 -0.09322309 0.009999394 0.0861628 -0.09302806 -0.01000052 0.08600759 -0.09302806 0.009999394 0.08600759 -0.1249899 -0.01000052 -0.1559844 -0.1250138 -0.01000052 -0.155003 -0.1250138 0.009999394 -0.155003 -0.1249899 0.009999394 -0.1559844 -0.1249179 -0.01000052 -0.1569633 -0.1249179 0.009999394 -0.1569633 -0.1247978 -0.01000052 -0.1579382 -0.1247978 0.009999394 -0.1579382 -0.1246299 0.009999394 -0.1589052 -0.1246299 -0.01000052 -0.1589052 -0.1244139 -0.01000052 -0.1598632 -0.1244139 0.009999394 -0.1598632 -0.1241531 0.009999394 -0.1608092 -0.1241531 -0.01000052 -0.1608092 -0.1238451 0.009999394 -0.1617411 -0.1238451 -0.01000052 -0.1617411 -0.1234917 0.009999394 -0.1626572 -0.1234917 -0.01000052 -0.1626572 -0.123094 0.009999394 -0.1635541 -0.123094 -0.01000052 -0.1635541 -0.122652 0.009999394 -0.1644313 -0.122652 -0.01000052 -0.1644313 -0.122169 0.009999394 -0.1652853 -0.122169 -0.01000052 -0.1652853 -0.121643 -0.01000052 -0.1661143 -0.121643 0.009999394 -0.1661143 -0.121078 0.009999394 -0.1669173 -0.121078 -0.01000052 -0.1669173 -0.1204738 0.009999394 -0.1676912 -0.1204738 -0.01000052 -0.1676912 -0.1198329 0.009999394 -0.1684343 -0.1198329 -0.01000052 -0.1684343 0.1184172 -0.01000052 -0.1698222 0.1176738 -0.01000052 -0.1704633 0.1168999 -0.01000052 -0.1710672 0.1160969 -0.01000052 -0.1716322 0.1152682 -0.01000052 -0.1721582 0.1144142 -0.01000052 -0.1726412 0.1135368 -0.01000052 -0.1730833 0.1126399 -0.01000052 -0.1734812 0.1117238 -0.01000052 -0.1738343 0.1107921 -0.01000052 -0.1741423 0.1098451 -0.01000052 -0.1744043 0.1088881 -0.01000052 -0.1746191 0.1079211 -0.01000052 -0.1747863 0.1069459 -0.01000052 -0.1749072 0.105967 -0.01000052 -0.1749792 0.1049861 -0.01000052 -0.1750032 0.09697198 -0.01000052 -0.1539924 0.09677696 -0.01000052 -0.1538372 0.09659004 -0.01000052 -0.1536722 0.09641122 -0.01000052 -0.1534984 0.09624099 -0.01000052 -0.1533161 0.09608125 -0.01000052 -0.1531252 0.09593009 -0.01000052 -0.1529273 0.09578895 -0.01000052 -0.1527214 0.09565925 -0.01000052 -0.1525081 0.1021499 -0.01000052 -0.1454963 0.1023721 -0.01000052 -0.1456093 0.1019229 -0.01000052 -0.1453933 0.1025881 -0.01000052 -0.1457332 0.1016912 -0.01000052 -0.1453032 0.1014541 -0.01000052 -0.1452233 0.1012139 -0.01000052 -0.1451563 0.1009712 -0.01000052 -0.1451013 0.1007251 -0.01000052 -0.1450583 0.1004781 -0.01000052 -0.1450273 0.1002292 -0.01000052 -0.1450092 0.09997987 -0.01000052 -0.145003 0.09973096 -0.01000052 -0.1450102 0.09948205 -0.01000052 -0.1450283 0.09923505 -0.01000052 -0.1450603 0.098989 -0.01000052 -0.1451033 0.09874582 -0.01000052 -0.1451592 0.09850692 -0.01000052 -0.1452271 0.09826993 -0.01000052 -0.1453063 0.09803819 -0.01000052 -0.1453983 0.09781122 -0.01000052 -0.1455013 0.09758996 -0.01000052 -0.1456153 0.09737396 -0.01000052 -0.1457402 0.0971651 -0.01000052 -0.1458752 0.09696197 -0.01000052 -0.1460213 0.0967679 -0.01000052 -0.1461772 0.09658098 -0.01000052 -0.1463422 0.09640312 -0.01000052 -0.1465163 0.09623289 -0.01000052 -0.1466991 0.09607315 -0.01000052 -0.1468904 0.09592294 -0.01000052 -0.1470892 0.09578323 -0.01000052 -0.1472952 0.09565305 -0.01000052 -0.1475083 0.09553384 -0.01000052 -0.1477272 0.09542608 -0.01000052 -0.1479523 0.09532928 -0.01000052 -0.1481823 0.09524393 -0.01000052 -0.1484162 0.09517097 -0.01000052 -0.1486554 0.09510993 -0.01000052 -0.1488962 0.0950613 -0.01000052 -0.1491413 0.0950241 -0.01000052 -0.1493873 0.09553909 -0.01000052 -0.1522893 0.09543085 -0.01000052 -0.1520652 0.09533405 -0.01000052 -0.1518352 0.09524822 -0.01000052 -0.1516013 0.09517383 -0.01000052 -0.1513633 0.09511184 -0.01000052 -0.1511213 0.0950632 -0.01000052 -0.1508772 0.09502601 -0.01000052 -0.1506311 0.09500122 -0.01000052 -0.1503832 0.09498691 -0.01000052 -0.1501343 0.09498691 -0.01000052 -0.1498842 0.09500026 -0.01000052 -0.1496353 -0.1030278 -0.01000052 -0.1539924 -0.1032228 -0.01000052 -0.1538372 -0.1034097 -0.01000052 -0.1536722 -0.1035889 -0.01000052 -0.1534984 -0.1037588 -0.01000052 -0.1533161 -0.103919 -0.01000052 -0.1531252 -0.1040697 -0.01000052 -0.1529273 -0.1042108 -0.01000052 -0.1527214 -0.104341 -0.01000052 -0.1525081 -0.1044607 -0.01000052 -0.1522893 -0.1045688 -0.01000052 -0.1520652 -0.1046657 -0.01000052 -0.1518352 -0.104752 -0.01000052 -0.1516013 -0.1039271 -0.01000052 -0.1468904 -0.1037669 -0.01000052 -0.1466991 -0.1035971 -0.01000052 -0.1465163 -0.1034188 -0.01000052 -0.1463422 -0.1032319 -0.01000052 -0.1461772 -0.1048259 -0.01000052 -0.1513633 -0.1048879 -0.01000052 -0.1511213 -0.104937 -0.01000052 -0.1508772 -0.1049742 -0.01000052 -0.1506311 -0.104999 -0.01000052 -0.1503832 -0.1050128 -0.01000052 -0.1501343 -0.1050128 -0.01000052 -0.1498842 -0.105 -0.01000052 -0.1496353 -0.1049757 -0.01000052 -0.1493873 -0.1049389 -0.01000052 -0.1491413 -0.1048898 -0.01000052 -0.1488962 -0.1048288 -0.01000052 -0.1486554 -0.1047558 -0.01000052 -0.1484162 -0.104671 -0.01000052 -0.1481823 -0.1045742 -0.01000052 -0.1479523 -0.1044659 -0.01000052 -0.1477272 -0.1043467 -0.01000052 -0.1475083 -0.104217 -0.01000052 -0.1472952 -0.1040768 -0.01000052 -0.1470892 -0.0974121 -0.01000052 -0.1457332 -0.09762811 -0.01000052 -0.1456093 -0.09784984 -0.01000052 -0.1454963 -0.09807682 -0.01000052 -0.1453933 -0.09830904 -0.01000052 -0.1453032 -0.09854602 -0.01000052 -0.1452233 -0.09878587 -0.01000052 -0.1451563 -0.09902906 -0.01000052 -0.1451013 -0.09927511 -0.01000052 -0.1450583 -0.09952211 -0.01000052 -0.1450273 -0.09977102 -0.01000052 -0.1450092 -0.1000199 -0.01000052 -0.145003 -0.1002688 -0.01000052 -0.1450102 -0.1005177 -0.01000052 -0.1450283 -0.1007647 -0.01000052 -0.1450603 -0.1010107 -0.01000052 -0.1451033 -0.1012539 -0.01000052 -0.1451592 -0.1014928 -0.01000052 -0.1452271 -0.1017298 -0.01000052 -0.1453063 -0.101962 -0.01000052 -0.1453983 -0.102189 -0.01000052 -0.1455013 -0.1024098 -0.01000052 -0.1456153 -0.1026258 -0.01000052 -0.1457402 -0.1028347 -0.01000052 -0.1458752 -0.1030378 -0.01000052 -0.1460213 0.1249861 -0.01000052 0.1549968 0.1249618 -0.01000052 0.1559777 0.1248898 -0.01000052 0.1569566 0.1247701 -0.01000052 0.1579318 0.1246018 -0.01000052 0.1588985 0.1243858 -0.01000052 0.1598564 0.124125 -0.01000052 0.1608026 0.1238169 -0.01000052 0.1617348 0.1234641 -0.01000052 0.1626505 0.1230659 -0.01000052 0.1635476 0.1226239 -0.01000052 0.1644245 0.1221408 -0.01000052 0.1652786 0.09697198 -0.01000052 0.1460077 0.1216149 -0.01000052 0.1661075 0.1210498 -0.01000052 0.1669106 0.09677696 -0.01000052 0.1461627 0.1204457 -0.01000052 0.1676847 0.1198047 -0.01000052 0.1684277 0.09659004 -0.01000052 0.1463277 0.09641122 -0.01000052 0.1465017 0.09624099 -0.01000052 0.1466836 0.09608125 -0.01000052 0.1468746 0.09593009 -0.01000052 0.1470727 0.09578895 -0.01000052 0.1472787 0.09565925 -0.01000052 0.1474916 0.09553909 -0.01000052 0.1477108 0.09543085 -0.01000052 0.1479346 0.09533405 -0.01000052 0.1481647 0.09524822 -0.01000052 0.1483986 0.09517383 -0.01000052 0.1486365 0.09511184 -0.01000052 0.1488788 0.0950632 -0.01000052 0.1491227 0.09502601 -0.01000052 0.1493687 0.1025881 -0.01000052 0.1542665 0.1023721 -0.01000052 0.1543908 0.1021499 -0.01000052 0.1545035 0.1019229 -0.01000052 0.1546065 0.1016912 -0.01000052 0.1546967 0.09565305 -0.01000052 0.1524918 0.09578323 -0.01000052 0.1527047 0.09592294 -0.01000052 0.1529107 0.09607315 -0.01000052 0.1531097 0.09623289 -0.01000052 0.1533007 0.09640312 -0.01000052 0.1534836 0.09658098 -0.01000052 0.1536576 0.0967679 -0.01000052 0.1538226 0.09696197 -0.01000052 0.1539785 0.0971651 -0.01000052 0.1541247 0.09737396 -0.01000052 0.1542596 0.09758996 -0.01000052 0.1543846 0.09781122 -0.01000052 0.1544988 0.09803819 -0.01000052 0.1546018 0.09826993 -0.01000052 0.1546936 0.09850692 -0.01000052 0.1547726 0.09874582 -0.01000052 0.1548407 0.098989 -0.01000052 0.1548967 0.09923505 -0.01000052 0.1549396 0.09948205 -0.01000052 0.1549715 0.09973096 -0.01000052 0.1549897 0.09997987 -0.01000052 0.1549968 0.1002292 -0.01000052 0.1549906 0.1004781 -0.01000052 0.1549727 0.1007251 -0.01000052 0.1549417 0.1009712 -0.01000052 0.1548986 0.1012139 -0.01000052 0.1548438 0.1014541 -0.01000052 0.1547765 0.09500122 -0.01000052 0.1496167 0.09498691 -0.01000052 0.1498656 0.09498691 -0.01000052 0.1501157 0.09500026 -0.01000052 0.1503646 0.0950241 -0.01000052 0.1506125 0.0950613 -0.01000052 0.1508586 0.09510993 -0.01000052 0.1511037 0.09517097 -0.01000052 0.1513447 0.09524393 -0.01000052 0.1515836 0.09532928 -0.01000052 0.1518177 0.09542608 -0.01000052 0.1520476 0.09553384 -0.01000052 0.1522727 -0.1030278 -0.01000052 0.1460077 -0.1032228 -0.01000052 0.1461627 -0.1050138 -0.01000052 0.1749968 -0.09830904 -0.01000052 0.1546967 -0.09807682 -0.01000052 0.1546065 -0.09784984 -0.01000052 0.1545035 -0.09762811 -0.01000052 0.1543908 -0.0974121 -0.01000052 0.1542665 -0.1017298 -0.01000052 0.1546936 -0.1014928 -0.01000052 0.1547726 -0.1012539 -0.01000052 0.1548407 -0.1010107 -0.01000052 0.1548967 -0.1007647 -0.01000052 0.1549396 -0.1005177 -0.01000052 0.1549715 -0.1002688 -0.01000052 0.1549897 -0.1000199 -0.01000052 0.1549968 -0.09977102 -0.01000052 0.1549906 -0.09952211 -0.01000052 0.1549727 -0.09927511 -0.01000052 0.1549417 -0.09902906 -0.01000052 0.1548986 -0.09878587 -0.01000052 0.1548438 -0.09854602 -0.01000052 0.1547765 -0.1034097 -0.01000052 0.1463277 -0.1035889 -0.01000052 0.1465017 -0.1037588 -0.01000052 0.1466836 -0.103919 -0.01000052 0.1468746 -0.1040697 -0.01000052 0.1470727 -0.1042108 -0.01000052 0.1472787 -0.104341 -0.01000052 0.1474916 -0.1044607 -0.01000052 0.1477108 -0.1045688 -0.01000052 0.1479346 -0.1046657 -0.01000052 0.1481647 -0.104752 -0.01000052 0.1483986 -0.1048259 -0.01000052 0.1486365 -0.1048879 -0.01000052 0.1488788 -0.104937 -0.01000052 0.1491227 -0.1049742 -0.01000052 0.1493687 -0.104999 -0.01000052 0.1496167 -0.1050128 -0.01000052 0.1498656 -0.1050128 -0.01000052 0.1501157 -0.105 -0.01000052 0.1503646 -0.1049757 -0.01000052 0.1506125 -0.1049389 -0.01000052 0.1508586 -0.1048898 -0.01000052 0.1511037 -0.1048288 -0.01000052 0.1513447 -0.1047558 -0.01000052 0.1515836 -0.1059947 -0.01000052 0.1749727 -0.101962 -0.01000052 0.1546018 -0.104671 -0.01000052 0.1518177 -0.1069741 -0.01000052 0.1749007 -0.1045742 -0.01000052 0.1520476 -0.1079487 -0.01000052 0.1747796 -0.102189 -0.01000052 0.1544988 -0.1089158 -0.01000052 0.1746127 -0.1044659 -0.01000052 0.1522727 -0.1098728 -0.01000052 0.1743977 -0.1024098 -0.01000052 0.1543846 -0.1108198 -0.01000052 0.1741356 -0.1043467 -0.01000052 0.1524918 -0.111752 -0.01000052 0.1738276 -0.1026258 -0.01000052 0.1542596 -0.104217 -0.01000052 0.1527047 -0.112668 -0.01000052 0.1734747 -0.1028347 -0.01000052 0.1541247 -0.1040768 -0.01000052 0.1529107 -0.1135649 -0.01000052 0.1730766 -0.1144418 -0.01000052 0.1726346 -0.1030378 -0.01000052 0.1539785 -0.1152958 -0.01000052 0.1721518 -0.1039271 -0.01000052 0.1531097 -0.1161251 -0.01000052 0.1716256 -0.1032319 -0.01000052 0.1538226 -0.1037669 -0.01000052 0.1533007 -0.1169281 -0.01000052 0.1710608 -0.117702 -0.01000052 0.1704566 -0.1034188 -0.01000052 0.1536576 -0.1184449 -0.01000052 0.1698157 -0.1035971 -0.01000052 0.1534836 0.1184172 0.009999394 -0.1698222 0.1176738 0.009999394 -0.1704633 0.1168999 0.009999394 -0.1710672 0.1160969 0.009999394 -0.1716322 0.1152682 0.009999394 -0.1721582 0.1144142 0.009999394 -0.1726412 0.1135368 0.009999394 -0.1730833 0.1126399 0.009999394 -0.1734812 0.1117238 0.009999394 -0.1738343 0.1107921 0.009999394 -0.1741423 0.1098451 0.009999394 -0.1744043 0.1088881 0.009999394 -0.1746191 0.1079211 0.009999394 -0.1747863 0.1069459 0.009999394 -0.1749072 0.105967 0.009999394 -0.1749792 0.1049861 0.009999394 -0.1750032 0.09697198 0.009999394 -0.1539924 0.09677696 0.009999394 -0.1538372 0.09659004 0.009999394 -0.1536722 0.09641122 0.009999394 -0.1534984 0.09624099 0.009999394 -0.1533161 0.09608125 0.009999394 -0.1531252 0.09593009 0.009999394 -0.1529273 0.09578895 0.009999394 -0.1527214 0.09565925 0.009999394 -0.1525081 0.1023721 0.009999394 -0.1456093 0.1021499 0.009999394 -0.1454963 0.1019229 0.009999394 -0.1453933 0.1025881 0.009999394 -0.1457332 0.1016912 0.009999394 -0.1453032 0.1014541 0.009999394 -0.1452233 0.1012139 0.009999394 -0.1451563 0.1009712 0.009999394 -0.1451013 0.1007251 0.009999394 -0.1450583 0.1004781 0.009999394 -0.1450273 0.1002292 0.009999394 -0.1450092 0.09997987 0.009999394 -0.145003 0.09973096 0.009999394 -0.1450102 0.09948205 0.009999394 -0.1450283 0.09923505 0.009999394 -0.1450603 0.098989 0.009999394 -0.1451033 0.09874582 0.009999394 -0.1451592 0.09850692 0.009999394 -0.1452271 0.09826993 0.009999394 -0.1453063 0.09803819 0.009999394 -0.1453983 0.09781122 0.009999394 -0.1455013 0.09758996 0.009999394 -0.1456153 0.09737396 0.009999394 -0.1457402 0.0971651 0.009999394 -0.1458752 0.09696197 0.009999394 -0.1460213 0.0967679 0.009999394 -0.1461772 0.09658098 0.009999394 -0.1463422 0.09640312 0.009999394 -0.1465163 0.09623289 0.009999394 -0.1466991 0.09607315 0.009999394 -0.1468904 0.09592294 0.009999394 -0.1470892 0.09578323 0.009999394 -0.1472952 0.09565305 0.009999394 -0.1475083 0.09553384 0.009999394 -0.1477272 0.09542608 0.009999394 -0.1479523 0.09532928 0.009999394 -0.1481823 0.09524393 0.009999394 -0.1484162 0.09517097 0.009999394 -0.1486554 0.09510993 0.009999394 -0.1488962 0.0950613 0.009999394 -0.1491413 0.0950241 0.009999394 -0.1493873 0.09553909 0.009999394 -0.1522893 0.09543085 0.009999394 -0.1520652 0.09533405 0.009999394 -0.1518352 0.09524822 0.009999394 -0.1516013 0.09517383 0.009999394 -0.1513633 0.09511184 0.009999394 -0.1511213 0.0950632 0.009999394 -0.1508772 0.09502601 0.009999394 -0.1506311 0.09500122 0.009999394 -0.1503832 0.09498691 0.009999394 -0.1501343 0.09498691 0.009999394 -0.1498842 0.09500026 0.009999394 -0.1496353 -0.1030278 0.009999394 -0.1539924 -0.1032228 0.009999394 -0.1538372 -0.1034097 0.009999394 -0.1536722 -0.1035889 0.009999394 -0.1534984 -0.1037588 0.009999394 -0.1533161 -0.103919 0.009999394 -0.1531252 -0.1040697 0.009999394 -0.1529273 -0.1042108 0.009999394 -0.1527214 -0.104341 0.009999394 -0.1525081 -0.1044607 0.009999394 -0.1522893 -0.1045688 0.009999394 -0.1520652 -0.1046657 0.009999394 -0.1518352 -0.104752 0.009999394 -0.1516013 -0.1043467 0.009999394 -0.1475083 -0.1044659 0.009999394 -0.1477272 -0.1045742 0.009999394 -0.1479523 -0.104671 0.009999394 -0.1481823 -0.1047558 0.009999394 -0.1484162 -0.1048288 0.009999394 -0.1486554 -0.1048898 0.009999394 -0.1488962 -0.1049389 0.009999394 -0.1491413 -0.1049757 0.009999394 -0.1493873 -0.105 0.009999394 -0.1496353 -0.1050128 0.009999394 -0.1498842 -0.1050128 0.009999394 -0.1501343 -0.104999 0.009999394 -0.1503832 -0.1049742 0.009999394 -0.1506311 -0.104937 0.009999394 -0.1508772 -0.1048879 0.009999394 -0.1511213 -0.1048259 0.009999394 -0.1513633 -0.1032319 0.009999394 -0.1461772 -0.1034188 0.009999394 -0.1463422 -0.1035971 0.009999394 -0.1465163 -0.1037669 0.009999394 -0.1466991 -0.1039271 0.009999394 -0.1468904 -0.1040768 0.009999394 -0.1470892 -0.104217 0.009999394 -0.1472952 -0.0974121 0.009999394 -0.1457332 -0.09762811 0.009999394 -0.1456093 -0.09784984 0.009999394 -0.1454963 -0.09807682 0.009999394 -0.1453933 -0.09830904 0.009999394 -0.1453032 -0.09854602 0.009999394 -0.1452233 -0.09878587 0.009999394 -0.1451563 -0.09902906 0.009999394 -0.1451013 -0.09927511 0.009999394 -0.1450583 -0.09952211 0.009999394 -0.1450273 -0.09977102 0.009999394 -0.1450092 -0.1000199 0.009999394 -0.145003 -0.1002688 0.009999394 -0.1450102 -0.1005177 0.009999394 -0.1450283 -0.1007647 0.009999394 -0.1450603 -0.1010107 0.009999394 -0.1451033 -0.1012539 0.009999394 -0.1451592 -0.1014928 0.009999394 -0.1452271 -0.1017298 0.009999394 -0.1453063 -0.101962 0.009999394 -0.1453983 -0.102189 0.009999394 -0.1455013 -0.1024098 0.009999394 -0.1456153 -0.1026258 0.009999394 -0.1457402 -0.1028347 0.009999394 -0.1458752 -0.1030378 0.009999394 -0.1460213 0.1249861 0.009999394 0.1549968 0.1249618 0.009999394 0.1559777 0.1248898 0.009999394 0.1569566 0.1247701 0.009999394 0.1579318 0.1246018 0.009999394 0.1588985 0.1243858 0.009999394 0.1598564 0.124125 0.009999394 0.1608026 0.1238169 0.009999394 0.1617348 0.1234641 0.009999394 0.1626505 0.1230659 0.009999394 0.1635476 0.1226239 0.009999394 0.1644245 0.1221408 0.009999394 0.1652786 0.09697198 0.009999394 0.1460077 0.1216149 0.009999394 0.1661075 0.1210498 0.009999394 0.1669106 0.09677696 0.009999394 0.1461627 0.1204457 0.009999394 0.1676847 0.1198047 0.009999394 0.1684277 0.09659004 0.009999394 0.1463277 0.09641122 0.009999394 0.1465017 0.09624099 0.009999394 0.1466836 0.09608125 0.009999394 0.1468746 0.09593009 0.009999394 0.1470727 0.09578895 0.009999394 0.1472787 0.09565925 0.009999394 0.1474916 0.09553909 0.009999394 0.1477108 0.09543085 0.009999394 0.1479346 0.09533405 0.009999394 0.1481647 0.09524822 0.009999394 0.1483986 0.09517383 0.009999394 0.1486365 0.09511184 0.009999394 0.1488788 0.0950632 0.009999394 0.1491227 0.09502601 0.009999394 0.1493687 0.1025881 0.009999394 0.1542665 0.1023721 0.009999394 0.1543908 0.1021499 0.009999394 0.1545035 0.1019229 0.009999394 0.1546065 0.1016912 0.009999394 0.1546967 0.1014541 0.009999394 0.1547765 0.1012139 0.009999394 0.1548438 0.1009712 0.009999394 0.1548986 0.1007251 0.009999394 0.1549417 0.1004781 0.009999394 0.1549727 0.1002292 0.009999394 0.1549906 0.09997987 0.009999394 0.1549968 0.09973096 0.009999394 0.1549897 0.09948205 0.009999394 0.1549715 0.09923505 0.009999394 0.1549396 0.098989 0.009999394 0.1548967 0.09874582 0.009999394 0.1548407 0.09850692 0.009999394 0.1547726 0.09826993 0.009999394 0.1546936 0.09803819 0.009999394 0.1546018 0.09781122 0.009999394 0.1544988 0.09758996 0.009999394 0.1543846 0.09737396 0.009999394 0.1542596 0.0971651 0.009999394 0.1541247 0.09696197 0.009999394 0.1539785 0.0967679 0.009999394 0.1538226 0.09658098 0.009999394 0.1536576 0.09640312 0.009999394 0.1534836 0.09623289 0.009999394 0.1533007 0.09607315 0.009999394 0.1531097 0.09592294 0.009999394 0.1529107 0.09578323 0.009999394 0.1527047 0.09565305 0.009999394 0.1524918 0.09500122 0.009999394 0.1496167 0.09498691 0.009999394 0.1498656 0.09498691 0.009999394 0.1501157 0.09500026 0.009999394 0.1503646 0.0950241 0.009999394 0.1506125 0.0950613 0.009999394 0.1508586 0.09510993 0.009999394 0.1511037 0.09517097 0.009999394 0.1513447 0.09524393 0.009999394 0.1515836 0.09532928 0.009999394 0.1518177 0.09542608 0.009999394 0.1520476 0.09553384 0.009999394 0.1522727 -0.1030278 0.009999394 0.1460077 -0.1032228 0.009999394 0.1461627 -0.1050138 0.009999394 0.1749968 -0.0974121 0.009999394 0.1542665 -0.09762811 0.009999394 0.1543908 -0.09784984 0.009999394 0.1545035 -0.09807682 0.009999394 0.1546065 -0.09830904 0.009999394 0.1546967 -0.09854602 0.009999394 0.1547765 -0.09878587 0.009999394 0.1548438 -0.09902906 0.009999394 0.1548986 -0.09927511 0.009999394 0.1549417 -0.09952211 0.009999394 0.1549727 -0.09977102 0.009999394 0.1549906 -0.1000199 0.009999394 0.1549968 -0.1002688 0.009999394 0.1549897 -0.1005177 0.009999394 0.1549715 -0.1007647 0.009999394 0.1549396 -0.1010107 0.009999394 0.1548967 -0.1012539 0.009999394 0.1548407 -0.1014928 0.009999394 0.1547726 -0.1017298 0.009999394 0.1546936 -0.1037588 0.009999394 0.1466836 -0.1035889 0.009999394 0.1465017 -0.1034097 0.009999394 0.1463277 -0.1047558 0.009999394 0.1515836 -0.1048288 0.009999394 0.1513447 -0.1048898 0.009999394 0.1511037 -0.1049389 0.009999394 0.1508586 -0.1049757 0.009999394 0.1506125 -0.105 0.009999394 0.1503646 -0.1050128 0.009999394 0.1501157 -0.1050128 0.009999394 0.1498656 -0.104999 0.009999394 0.1496167 -0.1049742 0.009999394 0.1493687 -0.104937 0.009999394 0.1491227 -0.1048879 0.009999394 0.1488788 -0.1048259 0.009999394 0.1486365 -0.104752 0.009999394 0.1483986 -0.1046657 0.009999394 0.1481647 -0.1045688 0.009999394 0.1479346 -0.1044607 0.009999394 0.1477108 -0.104341 0.009999394 0.1474916 -0.1042108 0.009999394 0.1472787 -0.1040697 0.009999394 0.1470727 -0.103919 0.009999394 0.1468746 -0.104671 0.009999394 0.1518177 -0.1059947 0.009999394 0.1749727 -0.101962 0.009999394 0.1546018 -0.1045742 0.009999394 0.1520476 -0.1069741 0.009999394 0.1749007 -0.1079487 0.009999394 0.1747796 -0.102189 0.009999394 0.1544988 -0.1089158 0.009999394 0.1746127 -0.1044659 0.009999394 0.1522727 -0.1098728 0.009999394 0.1743977 -0.1024098 0.009999394 0.1543846 -0.1108198 0.009999394 0.1741356 -0.1043467 0.009999394 0.1524918 -0.111752 0.009999394 0.1738276 -0.1026258 0.009999394 0.1542596 -0.104217 0.009999394 0.1527047 -0.112668 0.009999394 0.1734747 -0.1028347 0.009999394 0.1541247 -0.1135649 0.009999394 0.1730766 -0.1040768 0.009999394 0.1529107 -0.1144418 0.009999394 0.1726346 -0.1030378 0.009999394 0.1539785 -0.1152958 0.009999394 0.1721518 -0.1039271 0.009999394 0.1531097 -0.1161251 0.009999394 0.1716256 -0.1032319 0.009999394 0.1538226 -0.1037669 0.009999394 0.1533007 -0.1169281 0.009999394 0.1710608 -0.117702 0.009999394 0.1704566 -0.1034188 0.009999394 0.1536576 -0.1035971 0.009999394 0.1534836 -0.1184449 0.009999394 0.1698157</float_array>
          <technique_common>
            <accessor source="#Part__Feature1219-mesh-positions-array" count="2280" stride="3">
              <param name="X" type="float"/>
              <param name="Y" type="float"/>
              <param name="Z" type="float"/>
            </accessor>
          </technique_common>
        </source>
        <source id="Part__Feature1219-mesh-normals">
          <float_array id="Part__Feature1219-mesh-normals-array" count="19689">0.5419501 0 0.8404107 0.5419501 0 0.8404107 0.5419501 0 0.8404107 0.5420307 0 0.8403587 0.5420308 0 0.8403587 0.5420307 1.19569e-7 0.8403587 0.4995889 0 0.8662627 0.4995889 0 0.8662627 0.4995889 0 0.8662627 0.4994228 0 0.8663584 0.4994228 0 0.8663584 0.4994228 0 0.8663584 0.4544222 0 0.8907864 0.4544222 0 0.8907865 0.4544223 -2.29778e-7 0.8907865 0.4546043 0 0.8906936 0.4546043 0 0.8906936 0.4546043 0 0.8906936 0.4106997 0 0.9117708 0.4106996 -1.40263e-7 0.9117708 0.4106996 0 0.9117708 0.4094851 1.99239e-7 0.9123169 0.4094415 0 0.9123364 0.4094852 1.98821e-7 0.9123168 0.3644599 0 0.9312191 0.3644598 -1.41689e-7 0.9312191 0.3644597 -9.97261e-7 0.9312192 0.3644882 0 0.9312081 0.364533 0 0.9311906 0.3645328 1.37964e-7 0.9311906 0.3178142 0 0.948153 0.3178142 0 0.948153 0.3178142 0 0.948153 0.3166704 1.41983e-7 0.9485356 0.3166248 0 0.9485508 0.3166704 1.41689e-7 0.9485357 0.2697651 0 0.9629262 0.2697651 0 0.9629262 0.2697651 0 0.9629262 0.2698518 0 0.962902 0.2697595 0 0.9629278 0.2697595 0 0.9629278 0.2224586 0 0.9749422 0.2224586 0 0.9749422 0.2224586 -4.9865e-7 0.9749422 0.2206822 2.57326e-7 0.9753458 0.2206822 0 0.9753458 0.2206822 0 0.9753458 0.1723092 0 0.9850429 0.1723092 0 0.9850429 0.1723092 -2.29776e-7 0.9850429 0.1712742 0 0.9852235 0.1712743 0 0.9852235 0.1712742 0 0.9852235 0.1239172 0 0.9922927 0.1239172 0 0.9922927 0.1239172 0 0.9922927 0.1239172 1.93025e-7 0.9922927 0.1239172 0 0.9922927 0.1239172 0 0.9922927 0.07435655 0 0.9972317 0.07435649 0 0.9972317 0.07435649 0 0.9972317 0.07291942 0 0.9973378 0.07291942 0 0.9973378 0.07291942 0 0.9973378 0.02396953 0 0.9997128 0.02396953 0 0.9997128 0.02396947 0 0.9997128 0.0229128 0 0.9997376 -0.0262646 0 0.9996551 -0.0262646 0 0.9996551 -0.0262646 0 0.9996551 -0.02625977 0 0.9996553 -0.02625983 0 0.9996553 -0.02625977 0 0.9996553 -0.07478797 0 0.9971995 -0.07478803 0 0.9971995 -0.07478809 0 0.9971995 -0.07635962 1.28688e-6 0.9970805 -0.07635927 0 0.9970805 -0.07635945 1.82824e-7 0.9970805 -0.1266027 0 0.9919536 -0.1266027 0 0.9919536 -0.1266502 0 0.9919475 -0.1251759 0 0.9921346 -0.1251759 0 0.9921346 -0.1251759 1.40263e-7 0.9921346 -0.1753916 0 0.9844989 -0.1753916 -1.63257e-7 0.9844987 -0.1753917 0 0.9844987 -0.1738774 0 0.9847673 -0.1739246 0 0.984759 -0.1739246 0 0.984759 -0.222405 0 0.9749544 -0.222405 0 0.9749544 -0.222405 0 0.9749544 -0.2238069 0 0.9746335 -0.2237134 0 0.974655 -0.2238069 0 0.9746335 -0.2725243 0 0.9621489 -0.2725243 0 0.9621489 -0.2725243 0 0.962149 -0.2724264 0 0.9621766 -0.2724266 0 0.9621766 -0.2724265 0 0.9621766 -0.3189961 1.55725e-7 0.9477561 -0.318996 0 0.9477561 -0.3189961 1.55401e-7 0.9477561 -0.3202295 0 0.94734 -0.3202296 -2.23041e-7 0.94734 -0.3201842 0 0.9473553 -0.367261 0 0.9301179 -0.3672611 0 0.9301179 -0.367261 0 0.9301179 -0.365887 0 0.9306594 -0.365887 -1.23406e-7 0.9306594 -0.3658869 -1.23665e-7 0.9306594 -0.4128037 0 0.91082 -0.4128037 0 0.91082 -0.4128037 0 0.91082 -0.4131628 0 0.9106572 -0.4571372 0 0.8893963 -0.4571799 0 0.8893743 -0.4571799 0 0.8893743 -0.4572 0 0.889364 -0.4572 0 0.8893639 -0.4572001 0 0.889364 -0.5005241 0 0.8657227 -0.4997769 0 0.8661542 -0.4999429 0 0.8660584 -0.4997769 0 0.8661542 -0.5432711 0 0.8395573 -0.543231 0 0.8395834 -0.543231 0 0.8395834 -0.5442367 1.44275e-7 0.8389317 -0.5442367 0 0.8389318 -0.5442367 1.43974e-7 0.8389318 -0.584271 0 0.8115588 -0.5842709 0 0.8115587 -0.5842709 0 0.8115587 -0.5842709 0 0.8115587 -0.584271 0 0.8115588 -0.5842709 0 0.8115587 -0.6258261 0 0.7799627 -0.6258261 0 0.7799627 -0.6258261 -2.75725e-7 0.7799627 -0.6249657 0 0.7806522 -0.6249658 0 0.7806522 -0.6249658 0 0.7806522 -0.6621563 0 0.7493658 -0.6620485 0 0.7494611 -0.6620485 0 0.7494611 -0.6617444 0 0.7497295 -0.699333 0 0.7147961 -0.699333 0 0.7147961 -0.699333 0 0.7147961 -0.6993123 0 0.7148164 -0.6993122 0 0.7148164 -0.6993123 0 0.7148164 -0.7339524 0 0.679201 -0.7339524 0 0.679201 -0.7339524 0 0.679201 -0.7331484 0 0.6800687 -0.7331484 0 0.6800687 -0.7331484 0 0.6800687 -0.7659758 0 0.6428695 -0.7668688 0 0.641804 -0.7668688 0 0.641804 -0.7668688 0 0.641804 -0.79896 0 0.6013842 -0.7984985 0 0.6019968 -0.7984985 0 0.6019969 -0.7984985 0 0.6019968 -0.8267027 0 0.5626392 -0.8267027 0 0.5626392 -0.8533963 0 0.5212628 -0.8536953 0 0.5207729 -0.8536953 0 0.5207729 -0.8536953 0 0.5207729 -0.8784676 0 0.477802 -0.8784676 0 0.477802 -0.8784676 0 0.477802 -0.8790184 0 0.4767881 -0.9014281 0 0.4329289 -0.9014281 0 0.4329289 -0.9014073 0 0.4329721 -0.9014073 0 0.4329722 -0.9014073 0 0.4329721 -0.9014073 0 0.4329722 -0.9219927 0 0.3872076 -0.9219926 0 0.3872075 -0.9219926 0 0.3872075 -0.9217793 0 0.3877151 -0.9217793 0 0.3877151 -0.9217793 0 0.3877151 -0.9400137 0 0.3411368 -0.9402424 0 0.3405058 -0.9402425 0 0.3405058 -0.9402424 0 0.3405058 -0.9557333 0 0.2942343 -0.9557333 0 0.2942344 -0.9557333 0 0.2942344 -0.9559808 0 0.2934294 -0.9559808 0 0.2934294 -0.9559808 0 0.2934294 -0.9695636 0 0.2448397 -0.9695636 0 0.2448397 -0.9695636 0 0.2448397 -0.969581 0 0.244771 -0.969581 0 0.244771 -0.969581 0 0.244771 -0.9802343 0 0.1978402 -0.9802343 0 0.1978402 -0.9802343 0 0.1978402 -0.9802569 0 0.1977283 -0.9802569 0 0.1977283 -0.9802569 0 0.1977282 -0.9891575 0 0.1468585 -0.9891575 -1.24168e-7 0.1468586 -0.9891575 0 0.1468586 -0.9951886 0 0.09797793 -0.9951886 0 0.09797793 -0.9951886 -9.22002e-7 0.09797793 -0.9891394 0 0.1469811 -0.9891394 0 0.1469811 -0.9891394 0 0.1469811 -0.9952036 0 0.09782594 -0.9952036 0 0.09782594 -0.9952036 1.26132e-7 0.09782594 -0.9987974 1.25954e-7 0.04902923 -0.9987974 0 0.04902923 -0.9987974 1.25692e-7 0.04902923 -0.9988002 0 0.04897171 -0.9988002 -1.28766e-7 0.04897171 -0.9988002 0 0.04897171 -1 0 0 -0.9985994 0 -0.05290997 -0.9985993 0 -0.05290997 -0.9985994 1.21868e-7 -0.05290997 -0.9985991 0 -0.05291515 -0.9985991 -1.21121e-7 -0.05291515 -0.9985991 -1.21373e-7 -0.05291515 -0.9949873 0 -0.1000019 -0.9949873 0 -0.1000019 -0.9949873 -3.70384e-7 -0.1000019 -0.9950113 0 -0.09976339 -0.9950113 0 -0.09976339 -0.9950112 0 -0.09976339 -0.9885122 1.67175e-7 -0.1511419 -0.9885121 0 -0.1511419 -0.9885122 1.66827e-7 -0.1511419 -0.9885793 0 -0.1507017 -0.9885793 -1.47162e-7 -0.1507017 -0.9885793 0 -0.1507017 -0.9803435 0 -0.1972991 -0.9801954 0 -0.1980329 -0.9801955 0 -0.1980329 -0.9801955 0 -0.1980329 -0.9686547 0 -0.2484111 -0.9686548 0 -0.2484111 -0.9686547 0 -0.2484111 -0.9685894 0 -0.2486656 -0.9685894 0 -0.2486657 -0.9685894 0 -0.2486657 -0.9552528 0 -0.2957906 -0.9552386 0 -0.2958365 -0.9552528 0 -0.2957906 -0.9554169 0 -0.2952604 -0.9554169 0 -0.2952604 -0.9554169 0 -0.2952604 -0.9392962 0 -0.3431075 -0.9392961 0 -0.3431075 -0.9392962 0 -0.3431075 -0.9394606 0 -0.3426572 -0.9394442 0 -0.3427022 -0.9394442 0 -0.3427022 -0.9208671 0 -0.3898767 -0.9208955 0 -0.3898098 -0.9005058 0 -0.4348442 -0.9005058 0 -0.4348442 -0.9005058 0 -0.4348442 -0.9008391 0 -0.4341533 -0.9008391 0 -0.4341533 -0.9008391 0 -0.4341533 -0.877085 0 -0.4803352 -0.877039 0 -0.4804193 -0.877085 0 -0.4803352 -0.8775007 0 -0.4795754 -0.8775236 0 -0.4795333 -0.8775236 0 -0.4795333 -0.8521955 0 -0.5232238 -0.8521703 0 -0.5232645 -0.8521703 0 -0.5232645 -0.8526467 0 -0.5224882 -0.8526467 0 -0.5224882 -0.8526467 0 -0.5224882 -0.8258421 0 -0.5639016 -0.7961645 0 -0.6050804 -0.7961645 0 -0.6050804 -0.7961645 0 -0.6050804 -0.7665236 0 -0.6422162 -0.7665236 0 -0.6422162 -0.7665237 0 -0.6422162 -0.796159 0 -0.6050874 -0.796159 0 -0.6050875 -0.7961591 0 -0.6050875 -0.7660769 0 -0.642749 -0.7315208 0 -0.6818192 -0.7314773 0 -0.6818658 -0.698201 0 -0.7159018 -0.698201 0 -0.7159018 -0.698201 0 -0.7159018 -0.6610274 0 -0.7503618 -0.6610274 0 -0.7503618 -0.6610274 0 -0.7503618 -0.6973426 0 -0.7167381 -0.6973426 0 -0.7167381 -0.6973426 0 -0.7167381 -0.6602192 0 -0.751073 -0.6602193 0 -0.751073 -0.6602193 1.2939e-7 -0.751073 -0.6221433 0 -0.7829035 -0.6221432 0 -0.7829034 -0.6221432 0 -0.7829034 -0.6219378 0 -0.7830666 -0.5823292 0 -0.812953 -0.5823292 -2.25341e-7 -0.8129532 -0.5823291 0 -0.8129532 -0.5823065 2.22137e-7 -0.8129695 -0.5823455 0 -0.8129415 -0.5823454 2.19389e-7 -0.8129415 0.5419867 0 0.8403871 0.5419867 0 0.8403871 0.5419867 0 0.8403872 0.5409242 0 0.8410714 0.5409242 0 0.8410714 0.5409242 0 0.8410714 0.4995027 0 0.8663124 0.4995027 0 0.8663123 0.4995028 0 0.8663123 0.4994453 0 0.8663454 0.4994453 0 0.8663454 0.4994453 0 0.8663454 0.4542921 0 0.8908528 0.4542179 0 0.8908907 0.4545169 0 0.8907382 0.4545168 0 0.8907382 0.3645492 0 0.9311841 0.3645491 -1.46259e-7 0.9311842 0.3645491 -1.4656e-7 0.9311843 0.3644436 0 0.9312256 0.3644437 0 0.9312255 0.3644436 1.33365e-7 0.9312255 0.3165631 0 0.9485715 0.3166084 -1.28767e-7 0.9485563 0.3166084 0 0.9485564 0.317934 0 0.9481129 0.3179341 0 0.9481129 0.3179341 0 0.9481129 0.2686976 0 0.9632247 0.2686976 0 0.9632246 0.2686976 0 0.9632246 0.2711958 0 0.9625242 0.2711958 0 0.9625243 0.2711958 0 0.9625242 0.2210095 0 0.9752717 0.2224166 0 0.9749518 0.2224165 0 0.9749518 0.2224166 0 0.9749518 0.1712742 0 0.9852235 0.1712742 0 0.9852235 0.1712743 0 0.9852235 0.1724036 0 0.9850264 0.1724036 0 0.9850264 0.1724036 0 0.9850264 0.123819 0 0.9923049 0.1238189 0 0.9923049 0.1238189 0 0.9923049 0.07430303 0 0.9972358 0.07430309 0 0.9972358 0.07430315 0 0.9972358 0.07297289 0 0.997334 0.07297289 0 0.997334 0.07297289 0 0.997334 0.02385938 0 0.9997153 0.02385938 0 0.9997153 0.02385938 -2.2978e-7 0.9997153 0.02285772 0 0.9997388 0.02285772 0 0.9997388 0.02285772 0 0.9997388 -0.02571099 0 0.9996694 -0.02571105 0 0.9996694 -0.02571105 0 0.9996694 -0.02767819 0 0.9996169 -0.07385587 0 0.9972689 -0.07385581 0 0.997269 -0.07385581 0 0.997269 -0.07691806 2.58772e-7 0.9970375 -0.07691824 0 0.9970374 -0.07691812 2.58238e-7 0.9970374 -0.1251158 0 0.9921422 -0.1251158 -1.59971e-7 0.9921422 -0.1251158 -1.60305e-7 0.9921422 -0.1251158 0 0.9921422 -0.1251158 0 0.9921422 -0.1251158 1.60958e-7 0.9921422 -0.1753842 1.07776e-6 0.9845001 -0.1753839 0 0.9845002 -0.1753841 1.53115e-7 0.9845001 -0.223286 0 0.974753 -0.2232861 0 0.974753 -0.2232862 0 0.974753 -0.2232541 0 0.9747604 -0.2232539 0 0.9747604 -0.223254 0 0.9747604 -0.2715867 0 0.9624141 -0.2715866 0 0.962414 -0.2715865 0 0.962414 -0.2733799 0 0.9619061 -0.3203518 2.19853e-7 0.9472987 -0.3203516 0 0.9472988 -0.3203517 2.19389e-7 0.9472987 -0.3175943 0 0.9482267 -0.3175943 0 0.9482267 -0.3175944 0 0.9482267 -0.3672713 0 0.9301139 -0.3672713 0 0.9301139 -0.3672713 0 0.9301139 -0.3672713 0 0.9301139 -0.3672713 0 0.9301139 -0.3672713 0 0.9301139 -0.4127755 0 0.910833 -0.4118386 0 0.9112569 -0.4118386 0 0.9112569 -0.4118387 0 0.9112569 -0.4572225 0 0.8893525 -0.4572225 0 0.8893525 -0.4572225 0 0.8893525 -0.4584472 0 0.8887217 -0.4584472 0 0.8887217 -0.4584472 -3.67608e-7 0.8887217 -0.4998468 0 0.8661139 -0.4999299 0 0.8660659 -0.4998468 0 0.8661139 -0.5449177 0 0.8384895 -0.5449578 -1.33365e-7 0.8384635 -0.5449578 0 0.8384636 -0.5428952 0 0.8398005 -0.5428953 0 0.8398005 -0.5428952 0 0.8398005 -0.5847016 0 0.8112484 -0.5843126 0 0.8115287 -0.5838007 0 0.8118971 -0.5838006 0 0.811897 -0.5838007 0 0.8118971 -0.6258292 0 0.7799601 -0.6258292 0 0.7799602 -0.6258292 0 0.7799602 -0.6250437 0 0.7805898 -0.6250437 0 0.7805898 -0.6250437 0 0.7805898 -0.6621038 0 0.7494122 -0.6621038 0 0.7494122 -0.6621038 0 0.7494122 -0.6618494 0 0.7496368 -0.6983864 0 0.715721 -0.6993537 0 0.7147758 -0.6993538 0 0.7147758 -0.6993537 0 0.7147758 -0.7333241 0 0.6798793 -0.7339535 4.13597e-7 0.6791997 -0.7339535 0 0.6791997 -0.7339535 0 0.6791997 -0.7668383 0 0.6418404 -0.7668383 0 0.6418404 -0.7668383 0 0.6418404 -0.7661302 0 0.6426855 -0.7989183 0 0.6014397 -0.798976 0 0.6013631 -0.7989759 0 0.6013631 -0.7983075 0 0.6022502 -0.7983362 0 0.602212 -0.7983362 0 0.602212 -0.8266138 0 0.5627697 -0.8267434 0 0.5625792 -0.8267435 0 0.5625792 -0.8267434 0 0.5625792 -0.8538939 0 0.5204472 -0.853869 0 0.5204882 -0.8538939 0 0.5204473 -0.8532441 0 0.5215117 -0.8786852 0 0.4774017 -0.8786852 0 0.4774017 -0.8786852 0 0.4774017 -0.878682 0 0.4774077 -0.8786591 0 0.4774497 -0.878682 0 0.4774077 -0.9012501 0 0.4332994 -0.9012501 0 0.4332994 -0.9012501 0 0.4332994 -0.9014785 0 0.4328241 -0.90152 0 0.4327377 -0.9014785 0 0.4328241 -0.9217793 0 0.3877151 -0.9217793 0 0.3877151 -0.9217793 0 0.3877151 -0.9219836 7.72097e-7 0.387229 -0.9220022 0 0.3871847 -0.9219836 0 0.387229 -0.9402643 0 0.3404456 -0.9402642 0 0.3404456 -0.9402642 0 0.3404456 -0.9400246 0 0.3411067 -0.9558743 0 0.2937762 -0.9558602 0 0.293822 -0.9558602 0 0.293822 -0.9558682 0 0.293796 -0.9558681 0 0.293796 -0.9558682 0 0.293796 -0.9694028 0 0.2454755 -0.9696087 0 0.2446613 -0.9696086 0 0.2446612 -0.9696087 0 0.2446613 -0.9803037 0 0.1974959 -0.9803038 0 0.197496 -0.9803038 0 0.197496 -0.9802053 0 0.1979838 -0.9802053 0 0.1979839 -0.9802053 0 0.1979838 -0.9891593 0 0.1468467 -0.9891593 -1.28766e-7 0.1468467 -0.9891593 0 0.1468467 -0.9891311 0 0.1470364 -0.9891312 0 0.1470364 -0.9891311 0 0.1470364 -0.9951875 0 0.09799003 -0.9951874 0 0.09799003 -0.9951874 0 0.09799003 -0.9951883 0 0.09798115 -0.9951884 0 0.09798115 -0.9951883 0 0.09798115 -0.9987953 8.52524e-7 0.04907202 -0.9987953 0 0.04907202 -0.9987953 1.21121e-7 0.04907202 -0.9988042 0 0.04889011 -0.9988042 -1.31066e-7 0.04889011 -0.9988042 0 0.04889011 -0.9986002 0 -0.0528931 -0.9986002 0 -0.0528931 -0.9986002 1.24168e-7 -0.0528931 -0.9985982 0 -0.05293065 -0.9985982 -1.21121e-7 -0.05293065 -0.9985982 -8.52524e-7 -0.05293065 -0.9950103 0 -0.09977346 -0.9950103 0 -0.09977346 -0.9950103 0 -0.09977346 -0.9949825 0 -0.1000502 -0.9949825 0 -0.1000502 -0.9949825 0 -0.1000502 -0.988536 1.64885e-7 -0.1509853 -0.9885361 0 -0.1509852 -0.988536 1.64542e-7 -0.1509853 -0.9885599 0 -0.1508294 -0.9885598 -1.58659e-7 -0.1508294 -0.9885598 0 -0.1508294 -0.9802479 2.09085e-7 -0.1977728 -0.9802479 0 -0.1977728 -0.9802479 0 -0.1977728 -0.9801471 0 -0.1982716 -0.9801471 0 -0.1982716 -0.9801471 0 -0.1982716 -0.9685426 0 -0.2488481 -0.9685425 0 -0.2488481 -0.9685426 0 -0.2488481 -0.9687036 0 -0.2482205 -0.9552796 0 -0.2957041 -0.9552796 0 -0.295704 -0.9552796 0 -0.2957041 -0.9554355 0 -0.2952002 -0.9554355 0 -0.2952002 -0.9554355 0 -0.2952002 -0.939252 0 -0.3432282 -0.939252 0 -0.3432282 -0.939252 0 -0.3432282 -0.9394384 0 -0.342718 -0.9394384 0 -0.342718 -0.9394548 0 -0.342673 -0.9209522 0 -0.3896758 -0.9209522 0 -0.3896759 -0.9005234 5.46894e-7 -0.4348076 -0.9005234 0 -0.4348077 -0.9005234 0 -0.4348077 -0.9008631 0 -0.4341036 -0.900863 0 -0.4341035 -0.900863 0 -0.4341035 -0.8773723 0 -0.4798103 -0.8773723 0 -0.4798103 -0.8773723 0 -0.4798103 -0.8767752 0 -0.4809007 -0.8770056 0 -0.4804804 -0.8770056 0 -0.4804804 -0.8528935 0 -0.5220848 -0.8528937 0 -0.5220848 -0.8528935 0 -0.5220848 -0.8523681 0 -0.5229424 -0.852368 0 -0.5229424 -0.852368 0 -0.5229424 -0.7961591 0 -0.6050875 -0.7961591 0 -0.6050875 -0.7961591 -8.20349e-7 -0.6050875 -0.7961934 0 -0.6050423 -0.7961935 0 -0.6050422 -0.7961934 0 -0.6050423 -0.7657306 0 -0.6431615 -0.7657306 0 -0.6431615 -0.7657306 0 -0.6431616 -0.7664623 0 -0.6422894 -0.7311292 0 -0.6822391 -0.732621 0 -0.6806368 -0.732621 0 -0.6806368 -0.732621 0 -0.6806368 -0.6977741 0 -0.716318 -0.6974306 0 -0.7166524 -0.6975752 0 -0.7165116 -0.6975752 0 -0.7165116 -0.6975752 0 -0.7165116 -0.6604365 0 -0.750882 -0.6604365 0 -0.750882 -0.6604365 0 -0.7508819 -0.6604696 0 -0.7508528 -0.6604696 0 -0.7508528 -0.6604696 0 -0.7508528 -0.6221671 0 -0.7828847 -0.5823065 0 -0.8129695 -0.5823065 -2.23041e-7 -0.8129693 -0.5823066 0 -0.8129694 -0.583303 1.67172e-7 -0.8122547 -0.5833029 0 -0.8122547 -0.583303 1.66827e-7 -0.8122547 0.5420355 0 0.8403556 0.5420355 0 0.8403557 0.5420355 0 0.8403557 0.5410939 0 0.8409622 0.4994898 0 0.8663198 0.4994899 0 0.8663198 0.4994899 0 0.8663197 0.4994739 0 0.866329 0.4994739 0 0.866329 0.4994739 0 0.866329 0.4546213 0 0.8906849 0.4545786 0 0.8907067 0.4545786 0 0.8907067 0.4545472 0 0.8907226 0.4545899 0 0.8907009 0.4545899 0 0.8907009 0.4107182 0 0.9117625 0.4107181 -1.33365e-7 0.9117625 0.4107181 0 0.9117625 0.40946 1.94659e-7 0.9123282 0.4094601 0 0.9123281 0.40946 1.94251e-7 0.9123281 0.3644952 0 0.9312053 0.3644952 0 0.9312053 0.364495 0 0.9312053 0.3644344 0 0.9312291 0.3644345 0 0.931229 0.3643899 0 0.9312466 0.3165811 0 0.9485655 0.3166266 -1.28767e-7 0.9485503 0.3166265 0 0.9485504 0.318043 0 0.9480763 0.318043 0 0.9480763 0.318043 0 0.9480763 0.268572 0 0.9632597 0.2711628 0 0.9625336 0.2712088 0 0.9625206 0.2711627 1.33365e-7 0.9625336 0.2214289 0 0.9751765 0.2224618 0 0.9749414 0.2224618 0 0.9749414 0.2224618 0 0.9749415 0.171249 0 0.9852278 0.171249 0 0.9852278 0.171249 0 0.9852278 0.1724728 0 0.9850143 0.1724728 0 0.9850143 0.1724728 0 0.9850143 0.1238152 0 0.9923053 0.1238152 0 0.9923054 0.1238152 0 0.9923054 0.1238183 0 0.992305 0.1238183 0 0.9923049 0.1238183 0 0.992305 0.0238133 0 0.9997165 0.0238133 0 0.9997165 0.0238133 0 0.9997165 0.02257233 0 0.9997453 0.02257239 0 0.9997453 0.02257239 0 0.9997453 -0.02576637 0 0.999668 -0.02576643 0 0.999668 -0.02576649 0 0.999668 -0.02735024 0 0.9996259 -0.02735024 0 0.9996259 -0.02735024 0 0.9996259 -0.07395088 0 0.9972619 -0.07395088 0 0.997262 -0.07395088 0 0.997262 -0.07686948 2.49612e-7 0.9970412 -0.07686972 0 0.9970412 -0.0768696 2.49097e-7 0.9970412 -0.1754577 0 0.984487 -0.1754577 -1.83952e-7 0.984487 -0.1754578 0 0.984487 -0.1754499 1.74052e-7 0.9844884 -0.1754496 0 0.9844884 -0.1754497 1.73683e-7 0.9844884 -0.2232931 0 0.9747514 -0.2232932 -1.39403e-7 0.9747514 -0.2232466 -1.41978e-7 0.974762 -0.2233075 0 0.9747481 -0.2233073 0 0.9747482 -0.2233074 1.26467e-7 0.9747481 -0.271643 0 0.9623982 -0.2715968 0 0.9624112 -0.2715968 0 0.9624112 -0.2728367 0 0.9620605 -0.3203429 2.19853e-7 0.9473017 -0.320388 0 0.9472865 -0.3203881 2.21674e-7 0.9472864 -0.3175854 0 0.9482297 -0.3175854 0 0.9482297 -0.3175854 0 0.9482297 -0.3673096 0 0.9300988 -0.3673096 0 0.9300988 -0.3673096 0 0.9300988 -0.3673095 0 0.9300988 -0.3673095 0 0.9300988 -0.3673095 0 0.9300988 -0.4127529 0 0.910843 -0.4118598 0 0.9112473 -0.4118598 0 0.9112473 -0.4118598 0 0.9112473 -0.4571108 0 0.8894098 -0.4571107 0 0.8894098 -0.4571108 0 0.8894098 -0.4585912 0 0.8886474 -0.4585912 0 0.8886474 -0.4585912 0 0.8886474 -0.5005499 0 0.8657077 -0.4998727 0 0.8660989 -0.4998728 0 0.8660989 -0.4998728 0 0.8660989 -0.5449441 0 0.8384725 -0.544944 0 0.8384726 -0.5449439 0 0.8384726 -0.5428813 0 0.8398095 -0.5428007 0 0.8398616 -0.5428813 0 0.8398095 -0.584671 0 0.8112707 -0.584671 0 0.8112707 -0.5846709 0 0.8112707 -0.5833418 0 0.8122268 -0.625935 0 0.7798754 -0.6259349 0 0.7798754 -0.6259349 0 0.7798754 -0.6250372 0 0.780595 -0.6250372 0 0.780595 -0.6250372 0 0.780595 -0.6617742 0 0.7497034 -0.6618791 0 0.7496107 -0.6988576 0 0.715261 -0.6988576 0 0.715261 -0.6988576 -2.75723e-7 0.715261 -0.6991732 0 0.7149523 -0.7331821 0 0.6800324 -0.7331821 0 0.6800324 -0.7331821 0 0.6800324 -0.7339094 0 0.6792474 -0.7339094 0 0.6792474 -0.7339094 0 0.6792474 -0.7669546 0 0.6417016 -0.766339 0 0.6424366 -0.766339 0 0.6424366 -0.766339 0 0.6424366 -0.7989218 0 0.6014349 -0.7989218 0 0.6014349 -0.7989218 0 0.6014349 -0.7983111 0 0.6022455 -0.8269255 0 0.5623115 -0.8268986 0 0.5623511 -0.8268986 0 0.5623511 -0.8269474 0 0.5622795 -0.8269473 0 0.5622795 -0.8269473 0 0.5622795 -0.8539033 0 0.5204319 -0.8538783 0 0.5204728 -0.8539032 0 0.5204318 -0.8534036 0 0.5212509 -0.878697 0 0.4773799 -0.878697 0 0.4773799 -0.878697 0 0.4773799 -0.8786938 0 0.4773859 -0.8786938 0 0.4773858 -0.8786938 0 0.4773858 -0.9013003 0 0.4331949 -0.9013003 0 0.4331949 -0.9013003 0 0.4331949 -0.9015286 0 0.4327196 -0.9015286 0 0.4327196 -0.9015286 0 0.4327196 -0.9217631 0 0.3877537 -0.921986 0 0.3872234 -0.9219861 0 0.3872234 -0.921986 0 0.3872234 -0.9402563 0 0.3404676 -0.9402562 -1.28766e-7 0.3404676 -0.9402562 0 0.3404676 -0.9399186 0 0.3413988 -0.939935 0 0.3413538 -0.9399186 0 0.3413988 -0.9558765 0 0.2937687 -0.9558625 0 0.2938145 -0.9558625 0 0.2938145 -0.9558845 0 0.2937427 -0.9558846 0 0.2937427 -0.9558845 0 0.2937427 -0.9693387 0 0.245729 -0.9696267 0 0.2445894 -0.9696268 0 0.2445894 -0.9696267 0 0.2445894 -0.9803106 0 0.1974621 -0.9803106 -1.37118e-7 0.1974621 -0.9803106 -1.37404e-7 0.1974621 -0.9802027 0 0.1979968 -0.9802027 0 0.1979968 -0.9802027 1.63257e-7 0.1979968 -0.989162 0 0.1468286 -0.989162 -1.31066e-7 0.1468286 -0.989162 0 0.1468286 -0.9891338 1.21374e-7 0.1470183 -0.9891338 0 0.1470183 -0.9891338 1.21121e-7 0.1470183 -0.9951879 0 0.09798502 -0.9951879 0 0.09798502 -0.9951879 0 0.09798502 -0.9951888 0 0.09797614 -0.9951888 0 0.09797614 -0.9951888 0 0.09797614 -0.9988011 2.26717e-7 0.04895466 -0.998801 0 0.04895466 -0.9988011 2.26245e-7 0.04895466 -0.9988053 0 0.04886889 -0.9988052 -2.32239e-7 0.04886889 -0.9988052 0 0.04886889 -0.9985997 0 -0.05290353 -0.9985997 0 -0.05290359 -0.9985997 2.13844e-7 -0.05290359 -0.9986003 0 -0.05289286 -0.9986002 -2.12533e-7 -0.05289286 -0.9986002 -2.12976e-7 -0.05289286 -0.9950439 0 -0.09943705 -0.9950113 0 -0.09976166 -0.9950113 0 -0.09976166 -0.9950113 0 -0.09976166 -0.9885351 0 -0.1509922 -0.9885351 0 -0.1509922 -0.9885351 0 -0.1509922 -0.9885733 0 -0.1507414 -0.9885661 0 -0.1507889 -0.9885661 0 -0.1507889 -0.9802653 2.09085e-7 -0.1976865 -0.9802653 0 -0.1976865 -0.9802653 0 -0.1976865 -0.9801456 0 -0.1982793 -0.9801456 0 -0.1982793 -0.9801456 0 -0.1982793 -0.968552 0 -0.2488113 -0.968552 0 -0.2488113 -0.968552 0 -0.2488113 -0.9686893 0 -0.2482765 -0.9552456 0 -0.2958142 -0.9552456 0 -0.2958142 -0.9552456 0 -0.2958142 -0.9554156 0 -0.2952646 -0.9554297 0 -0.2952188 -0.9554297 0 -0.2952188 -0.9392806 0 -0.3431501 -0.9392806 0 -0.3431501 -0.9392806 0 -0.3431501 -0.939434 0 -0.3427301 -0.939434 0 -0.3427301 -0.9394505 0 -0.3426851 -0.9208623 0 -0.3898881 -0.9208623 0 -0.3898881 -0.9208623 0 -0.3898881 -0.9208996 0 -0.3897999 -0.9208996 0 -0.3897999 -0.9208996 0 -0.3897999 -0.9003877 0 -0.4350889 -0.9007273 0 -0.434385 -0.900644 0 -0.4345578 -0.900644 -2.25192e-7 -0.4345578 -0.8773221 0 -0.479902 -0.8773222 0 -0.479902 -0.8773221 0 -0.479902 -0.8769553 0 -0.4805721 -0.8770475 0 -0.4804039 -0.8770475 0 -0.4804039 -0.8527061 0 -0.522391 -0.8527312 0 -0.52235 -0.8527312 0 -0.5223501 -0.8523558 0 -0.5229625 -0.8523557 -1.5176e-7 -0.5229625 -0.8523557 0 -0.5229625 -0.8256578 0 -0.5641713 -0.8256579 0 -0.5641713 -0.8256579 0 -0.5641713 -0.8256578 0 -0.5641713 -0.8256578 0 -0.5641713 -0.8256578 0 -0.5641713 -0.7961598 0 -0.6050865 -0.7961599 -1.23406e-7 -0.6050865 -0.7961598 -1.23663e-7 -0.6050865 -0.7962231 0 -0.6050031 -0.7962231 0 -0.6050031 -0.7962231 1.26467e-7 -0.6050031 -0.765729 0 -0.6431633 -0.7657599 -1.33365e-7 -0.6431266 -0.7657599 0 -0.6431267 -0.7663683 0 -0.6424013 -0.7663683 0 -0.6424013 -0.7663683 0 -0.6424013 -0.7311676 0 -0.6821979 -0.7311676 0 -0.6821979 -0.7311676 0 -0.6821979 -0.7325289 0 -0.6807361 -0.7325288 0 -0.6807361 -0.7325289 1.65557e-7 -0.6807361 -0.6979413 0 -0.7161551 -0.6978039 0 -0.7162889 -0.697804 0 -0.7162889 -0.697605 0 -0.7164825 -0.697605 0 -0.7164825 -0.697605 0 -0.7164825 -0.6604662 0 -0.7508559 -0.6604663 0 -0.7508558 -0.6604663 0 -0.7508558 -0.6604995 0 -0.7508266 -0.6604634 0 -0.7508583 -0.6604994 0 -0.7508265 -0.6222399 0 -0.7828267 -0.5833092 0 -0.8122503 -0.5833091 0 -0.8122504 -0.5833091 0 -0.8122504 -0.6219772 1.60842e-7 -0.7830355 -0.6219771 0 -0.7830354 -0.6219772 0 -0.7830355 -0.5823516 0 -0.812937 -0.5823516 0 -0.812937 -0.5823516 1.7049e-7 -0.812937 0.5419986 0 0.8403794 0.5419986 0 0.8403794 0.5419987 -4.66476e-7 0.8403794 0.5419583 0 0.8404054 0.5419583 0 0.8404054 0.5419583 0 0.8404054 0.4994929 0 0.866318 0.499493 0 0.8663181 0.499493 0 0.8663181 0.4994514 0 0.866342 0.4994514 0 0.866342 0.4994514 0 0.866342 0.4544955 0 0.890749 0.4544955 0 0.8907491 0.4544956 0 0.890749 0.4546349 0 0.8906779 0.4546349 0 0.8906779 0.4546349 0 0.8906779 0.3644505 0 0.9312228 0.3644505 0 0.9312228 0.3644504 0 0.9312229 0.3644791 0 0.9312117 0.3644792 0 0.9312116 0.3644791 0 0.9312116 0.3178777 0 0.9481318 0.3178777 0 0.9481317 0.3178777 0 0.9481317 0.3166429 1.44273e-7 0.9485449 0.3166429 0 0.9485448 0.3166429 1.43974e-7 0.9485449 0.2697781 0 0.9629225 0.2697781 0 0.9629225 0.2697319 -4.34299e-7 0.9629355 0.2697724 0 0.9629242 0.2698647 0 0.9628983 0.2698647 0 0.9628983 0.2224572 0 0.9749425 0.2224572 0 0.9749425 0.2224572 0 0.9749425 0.2214289 0 0.9751765 0.1724728 0 0.9850143 0.1724728 0 0.9850143 0.1724728 -3.21686e-7 0.9850143 0.1711545 0 0.9852442 0.1711545 0 0.9852442 0.1711545 0 0.9852442 0.1240086 0 0.9922811 0.1240086 0 0.9922811 0.1240086 0 0.9922811 0.02411627 0 0.9997092 0.02411621 0 0.9997092 0.02411621 0 0.9997092 0.02253216 0 0.9997462 0.0225321 0 0.9997462 0.02253216 0 0.9997462 -0.02617597 0 0.9996574 -0.02617597 0 0.9996574 -0.02617591 -1.93032e-7 0.9996574 -0.02636289 0 0.9996525 -0.02636289 0 0.9996525 -0.02636289 0 0.9996525 -0.07483667 0 0.9971958 -0.07483673 0 0.9971959 -0.07483679 0 0.9971958 -0.07636088 1.76342e-7 0.9970803 -0.07636058 0 0.9970803 -0.07636076 1.75968e-7 0.9970803 -0.1739434 0 0.9847557 -0.1739433 0 0.9847557 -0.1739433 0 0.9847557 -0.2224103 0 0.9749532 -0.2224103 -1.34833e-7 0.9749532 -0.2224103 -9.49033e-7 0.9749532 -0.2237188 0 0.9746538 -0.2237188 0 0.9746538 -0.2237188 0 0.9746538 -0.2725324 0 0.9621467 -0.2725324 0 0.9621466 -0.2725324 0 0.9621466 -0.2724805 0 0.9621613 -0.2725728 0 0.9621351 -0.2724806 0 0.9621613 -0.3189871 1.55725e-7 0.9477592 -0.3189871 0 0.9477592 -0.3189871 1.55401e-7 0.9477591 -0.3202205 0 0.9473431 -0.3202207 -2.23041e-7 0.9473431 -0.3202207 0 0.9473431 -0.3672987 0 0.930103 -0.3672988 0 0.930103 -0.3672987 0 0.930103 -0.36588 0 0.9306621 -0.36588 -1.59971e-7 0.9306621 -0.36588 -1.60306e-7 0.9306622 -0.4127812 0 0.9108303 -0.4127812 0 0.9108303 -0.4127812 0 0.9108303 -0.4131404 0 0.9106674 -0.4571309 0 0.8893995 -0.4571309 0 0.8893995 -0.4571309 0 0.8893995 -0.4998028 0 0.8661392 -0.4999688 0 0.8660434 -0.4998028 0 0.8661392 -0.5432163 0 0.8395928 -0.5432163 0 0.8395929 -0.5432163 0 0.8395929 -0.5442221 0 0.8389413 -0.5441819 0 0.8389673 -0.544182 0 0.8389673 -0.5842008 0 0.8116092 -0.5839284 0 0.8118051 -0.5839284 0 0.8118053 -0.5839284 0 0.8118051 -0.6262309 0 0.7796377 -0.6250342 0 0.7805975 -0.6250342 0 0.7805975 -0.6250342 0 0.7805975 -0.6621859 0 0.7493396 -0.6620781 0 0.7494349 -0.6620781 0 0.7494349 -0.6992211 0 0.7149056 -0.6992689 0 0.7148588 -0.7338758 0 0.6792837 -0.7338758 0 0.6792837 -0.7338758 0 0.6792837 -0.7331694 0 0.6800461 -0.7331694 0 0.6800461 -0.7331694 0 0.6800461 -0.7657532 0 0.6431346 -0.7657532 0 0.6431346 -0.7657532 0 0.6431346 -0.7670158 0 0.6416283 -0.7670158 0 0.6416283 -0.7670158 0 0.6416283 -0.7991074 0 0.6011883 -0.7991075 0 0.6011884 -0.7991075 0 0.6011884 -0.7986173 0 0.6018393 -0.7986173 0 0.6018393 -0.7986173 0 0.6018393 -0.8268794 0 0.5623794 -0.8268794 0 0.5623794 -0.8268794 0 0.5623794 -0.8535049 0 0.521085 -0.8269063 0 0.5623397 -0.8269063 0 0.5623399 -0.8269063 0 0.5623398 -0.878893 0 0.4770191 -0.8533807 0 0.5212884 -0.8533807 0 0.5212883 -0.8533807 0 0.5212884 -0.8784565 0 0.4778224 -0.8784565 0 0.4778224 -0.8784565 0 0.4778224 -0.9012088 0 0.4333854 -0.9013541 0 0.4330829 -0.9013541 0 0.4330828 -0.9013541 0 0.4330829 -0.9219951 0 0.3872017 -0.9219951 0 0.3872017 -0.9219951 0 0.3872017 -0.939875 0 0.341519 -0.9398749 0 0.341519 -0.9398749 0 0.341519 -0.9560253 0 0.2932845 -0.9560253 -1.40761e-7 0.2932845 -0.9560253 0 0.2932844 -0.9402508 1.25954e-7 0.3404825 -0.9402672 0 0.3404375 -0.9402672 1.27977e-7 0.3404375 -0.9557357 0 0.2942269 -0.9557215 1.31153e-7 0.2942727 -0.9557215 0 0.2942727 -0.9695582 0 0.2448611 -0.9695582 0 0.244861 -0.9695582 0 0.244861 -0.9695756 0 0.2447922 -0.9695756 0 0.2447922 -0.9695756 0 0.2447922 -0.980241 0 0.1978076 -0.980241 -1.59971e-7 0.1978076 -0.980241 -1.12598e-6 0.1978076 -0.9802445 0 0.1977898 -0.9802445 0 0.1977897 -0.9802445 1.60958e-7 0.1977898 -0.9891672 0 0.146793 -0.9891672 -1.28766e-7 0.146793 -0.9891672 0 0.146793 -0.9951891 0 0.09797286 -0.9951891 0 0.09797286 -0.9951891 0 0.09797286 -0.9891279 0 0.1470578 -0.989135 0 0.1470103 -0.9891279 0 0.1470578 -0.9951993 0 0.09786856 -0.9951995 0 0.09786856 -0.9951995 1.38007e-7 0.09786856 -0.9987983 1.59244e-6 0.04900979 -0.9987983 0 0.04900974 -0.9987983 2.26245e-7 0.04900974 -0.9988035 0 0.04890394 -0.9988036 -2.32239e-7 0.048904 -0.9988036 0 0.048904 -0.9985963 0 -0.05296725 -0.9985963 0 -0.05296719 -0.9985963 2.09245e-7 -0.05296725 -0.9985986 0 -0.05292469 -0.9985986 -2.10248e-7 -0.05292469 -0.9985986 -2.10686e-7 -0.05292469 -0.9950067 0 -0.09980785 -0.9950067 0 -0.09980785 -0.9950067 0 -0.09980785 -0.9950402 0 -0.09947401 -0.9885108 7.58251e-7 -0.1511502 -0.9885109 0 -0.1511502 -0.9885108 0 -0.1511502 -0.9885925 0 -0.1506151 -0.9885926 0 -0.1506152 -0.9885926 0 -0.1506152 -0.980266 0 -0.1976827 -0.9802471 0 -0.1977767 -0.980266 0 -0.1976827 -0.9802128 3.12043e-7 -0.1979466 -0.9802128 0 -0.1979466 -0.9802129 0 -0.1979466 -0.9686403 0 -0.2484671 -0.9686403 0 -0.2484671 -0.9686403 0 -0.2484671 -0.9685989 0 -0.2486288 -0.9685989 0 -0.2486288 -0.9685989 0 -0.2486288 -0.9552613 0 -0.2957633 -0.9552472 0 -0.2958092 -0.9552613 0 -0.2957634 -0.9554111 0 -0.2952789 -0.9554111 0 -0.2952789 -0.9554111 0 -0.2952789 -0.9393082 0 -0.3430744 -0.9393082 0 -0.3430744 -0.9393082 0 -0.3430744 -0.9394562 0 -0.3426691 -0.9394562 0 -0.3426691 -0.9394562 -5.95159e-7 -0.3426691 -0.920871 0 -0.3898676 -0.920871 0 -0.3898674 -0.920871 0 -0.3898675 -0.9208619 0 -0.3898892 -0.9208619 0 -0.3898892 -0.9208619 0 -0.3898892 -0.9005784 0 -0.4346938 -0.9005784 0 -0.4346938 -0.9005784 -1.93656e-7 -0.4346938 -0.900745 0 -0.4343484 -0.900745 0 -0.4343484 -0.9006617 0 -0.4345211 -0.8771039 0 -0.4803007 -0.8770809 0 -0.4803428 -0.8771039 0 -0.4803007 -0.8775424 0 -0.4794989 -0.8775425 0 -0.479499 -0.8775425 0 -0.479499 -0.8522079 1.83205e-7 -0.5232034 -0.8522078 0 -0.5232034 -0.8522079 1.82824e-7 -0.5232034 -0.8525839 0 -0.5225905 -0.8525839 -1.49461e-7 -0.5225905 -0.8525839 0 -0.5225905 -0.825712 0 -0.5640921 -0.8256578 0 -0.5641713 -0.8256579 0 -0.5641713 -0.8256578 0 -0.5641713 -0.8256578 0 -0.5641713 -0.7961941 0 -0.6050413 -0.7961941 -1.23406e-7 -0.6050413 -0.7961941 -1.23664e-7 -0.6050413 -0.7667685 0 -0.6419237 -0.7667685 0 -0.6419237 -0.7667685 0 -0.6419238 -0.7961888 0 -0.6050483 -0.7961888 0 -0.6050484 -0.7961888 1.26467e-7 -0.6050483 -0.7659523 0 -0.6428974 -0.7659524 0 -0.6428974 -0.7659831 0 -0.6428608 -0.7316573 0 -0.6816726 -0.7316573 0 -0.6816726 -0.7316573 0 -0.6816726 -0.7314832 0 -0.6818596 -0.7315158 0 -0.6818245 -0.7314832 0 -0.6818596 -0.6982308 0 -0.7158727 -0.6982308 0 -0.7158727 -0.6982308 0 -0.7158727 -0.6973724 0 -0.716709 -0.6973724 0 -0.716709 -0.6973724 0 -0.716709 -0.6601412 0 -0.7511416 -0.6601772 -1.33365e-7 -0.75111 -0.6601772 0 -0.7511098 -0.6609855 0 -0.7503986 -0.6609855 0 -0.7503986 -0.6609855 0 -0.7503986 -0.6219533 0 -0.7830544 -0.5823516 -1.63366e-7 -0.8129371 -0.5823516 -1.54621e-7 -0.8129371 -0.5823516 0 -0.8129371 -0.6220107 0 -0.7830088 -0.5823743 0 -0.8129209 -0.5823742 0 -0.8129209 -0.5823742 1.72895e-7 -0.8129209 -0.7240895 0 0.6897062 -0.7572221 0 0.6531577 -0.724112 0 0.6896825 -0.7882934 0 0.6152996 -0.8175776 0 0.5758187 -0.8178535 0 0.5754266 -0.8175776 0 0.5758187 -0.7886062 0 0.6148986 -0.7886062 0 0.6148986 -0.7886062 0 0.6148986 -0.8446273 0 0.5353549 -0.8446273 0 0.5353549 -0.8446786 0 0.5352739 -0.8178377 0 0.5754489 -0.8704307 0 0.4922912 -0.8447299 0 0.5351929 -0.84473 0 0.5351929 -0.8447299 0 0.5351929 -0.8931953 0 0.4496693 -0.8931953 0 0.4496693 -0.8931306 0 0.4497977 -0.8701474 0 0.4927918 -0.8701474 0 0.4927918 -0.8701474 0 0.4927918 -0.9142071 0 0.4052475 -0.8931953 0 0.4496692 -0.8931953 0 0.4496692 -0.8931953 0 0.4496692 -0.9329374 0 0.3600388 -0.9496943 0 0.3131788 -0.9496943 0 0.3131788 -0.9496943 0 0.3131788 -0.9329313 0 0.3600548 -0.9639161 0 0.2662061 -0.9639161 0 0.2662061 -0.9639161 0 0.2662061 -0.9496215 0 0.3133993 -0.9496215 0 0.3133993 -0.9496215 0 0.3133993 -0.9756581 0 0.2192971 -0.9756581 0 0.2192971 -0.9756581 0 0.2192971 -0.963814 0 0.2665758 -0.963814 0 0.2665758 -0.963814 0 0.2665758 -0.9852499 0 0.1711222 -0.9755857 0 0.2196193 -0.9755857 0 0.2196193 -0.9755857 0 0.2196193 -0.9925012 0 0.1222355 -0.9925019 0 0.1222297 -0.9973058 0 0.07335686 -0.9973059 0 0.07335513 -0.9997035 0 0.02435278 -0.9997035 0 0.02435159 0.6896417 0 0.7241508 0.6896417 0 0.7241508 0.6529542 0 0.7573975 0.6153832 0 0.7882282 0.5758717 0 0.8175401 0.5758717 0 0.8175401 0.5758717 0 0.8175401 0.6151186 0 0.7884346 0.6151186 0 0.7884347 0.6151186 0 0.7884346 0.5351638 0 0.8447484 0.5351638 0 0.8447484 0.5352448 0 0.8446971 0.5752912 0 0.8179488 0.492929 0 0.8700696 0.492929 -3.05622e-7 0.8700696 0.492929 0 0.8700696 0.5349039 0 0.844913 0.5349444 0 0.8448874 0.5349444 0 0.8448874 0.4498869 0 0.8930855 0.4921363 0 0.8705182 0.4499058 0 0.8930761 0.4053822 0 0.9141474 0.4053822 0 0.9141474 0.4053822 0 0.9141474 0.4056889 0 0.9140112 0.3599191 0 0.9329836 0.3599191 0 0.9329836 0.3599191 0 0.9329836 0.3594924 0 0.933148 0.3138617 0 0.9494688 0.3138617 0 0.9494687 0.2667392 0 0.9637687 0.2670846 0 0.9636731 0.2670846 0 0.9636731 0.2670846 0 0.9636731 0.2191936 0 0.9756814 0.2191936 0 0.9756815 0.1706635 0 0.9853295 0.1706635 0 0.9853295 0.1706635 0 0.9853295 0.1706405 0 0.9853334 0.1706405 0 0.9853334 0.1706405 0 0.9853334 0.1227295 0 0.9924402 0.1227295 0 0.9924402 0.1227295 0 0.9924402 0.1225625 0 0.9924609 0.1225625 0 0.9924609 0.1225625 0 0.9924608 0.07334482 0 0.9973067 0.07336843 0 0.9973049 0.02455985 0 0.9996984 0.02458357 0 0.9996978 0.7244036 0 -0.6893762 0.7572727 0 -0.653099 0.7244148 0 -0.6893644 0.7882784 0 -0.6153188 0.7572625 0 -0.6531107 0.7569493 0 -0.6534737 0.8178035 0 -0.5754976 0.7882604 0 -0.6153418 0.8446754 0 -0.5352792 0.8446754 0 -0.5352792 0.8446754 0 -0.5352792 0.8177878 0 -0.57552 0.8701522 0 -0.4927831 0.8701522 -1.60854e-7 -0.4927831 0.8701522 0 -0.4927831 0.8449062 0 -0.5349146 0.8448805 0 -0.5349552 0.8449062 0 -0.5349146 0.8930389 0 -0.4499795 0.8703883 0 -0.4923659 0.9139745 0 -0.4057717 0.8930342 0 -0.449989 0.9329366 0 -0.3600409 0.9329366 0 -0.3600409 0.9329366 0 -0.3600409 0.9139706 0 -0.4057805 0.9496139 0 -0.3134224 0.9496139 0 -0.3134224 0.9496139 0 -0.3134224 0.933178 0 -0.3594146 0.9496787 0 -0.3132261 0.9496486 0 -0.3133172 0.9496787 0 -0.3132261 0.9639058 0 -0.2662436 0.9639059 0 -0.2662436 0.9639059 0 -0.2662436 0.9756162 0 -0.2194842 0.9756162 0 -0.2194842 0.9756162 0 -0.2194842 0.9638054 0 -0.2666072 0.9638054 0 -0.2666072 0.9638053 0 -0.2666072 0.9756594 0 -0.219292 0.9756594 0 -0.2192919 0.9756594 0 -0.219292 0.9851897 0 -0.1714681 0.9924886 0 -0.1223377 0.9924886 -1.60854e-7 -0.1223377 0.9924886 0 -0.1223377 0.9852479 0 -0.1711335 0.9852479 0 -0.1711335 0.9852479 0 -0.1711335 0.9925475 0 -0.121859 0.9973058 0 -0.07335686 0.9972813 0 -0.07368981 0.9972813 0 -0.07368981 0.9972813 0 -0.07368981 0.9996936 0 -0.02475607 0.9996935 0 -0.02475726 -0.6892356 0 -0.7245373 -0.6892356 0 -0.7245373 -0.6892356 0 -0.7245373 -0.6530742 0 -0.7572941 -0.6530742 0 -0.7572941 -0.6530742 0 -0.7572941 -0.6895828 0 -0.7242069 -0.6151916 0 -0.7883778 -0.6154561 0 -0.7881712 -0.6533282 0 -0.7570749 -0.5754339 0 -0.8178483 -0.6152063 0 -0.7883662 -0.5353441 0 -0.8446341 -0.5353441 0 -0.8446341 -0.5356276 0 -0.8444544 -0.4922982 0 -0.8704267 -0.5351248 1.93025e-7 -0.8447731 -0.5350438 0 -0.8448243 -0.5351248 0 -0.8447731 -0.4502015 0 -0.8929271 -0.4055105 0 -0.9140905 -0.4495643 2.25197e-7 -0.893248 -0.4496499 0 -0.8932049 -0.4495643 0 -0.893248 -0.3599857 0 -0.9329579 -0.3599857 0 -0.9329579 -0.3599857 0 -0.9329579 -0.4055303 0 -0.9140816 -0.3137102 0 -0.9495188 -0.3597139 0 -0.9330627 -0.2666732 0 -0.963787 -0.3142563 0 -0.9493383 -0.3142563 0 -0.9493382 -0.3142563 0 -0.9493383 -0.2189886 0 -0.9757275 -0.2666292 0 -0.9637992 -0.1703566 0 -0.9853826 -0.2190112 0 -0.9757224 -0.1224509 0 -0.9924747 -0.1224509 0 -0.9924747 -0.1224509 0 -0.9924747 -0.1709234 0 -0.9852844 -0.1709234 0 -0.9852844 -0.1709234 0 -0.9852844 -0.07330763 0 -0.9973095 -0.123117 0 -0.9923922 -0.07376217 0 -0.997276 -0.07376217 0 -0.997276 -0.07376217 0 -0.997276 -0.02525544 0 -0.9996811 -0.0252555 0 -0.9996811 -0.02525544 0 -0.9996811 -0.0241295 0 -0.999709 -0.0241295 0 -0.999709 -0.0241295 0 -0.9997089 0.5420161 0 0.8403682 0.5420161 0 0.8403682 0.5420161 0 0.8403682 0.5419501 0 0.8404107 0.5419501 0 0.8404107 0.5419501 0 0.8404107 0.4995408 0 0.8662905 0.4995408 0 0.8662905 0.4995408 0 0.8662905 0.4994577 0 0.8663383 0.4993746 0 0.8663862 0.4994578 0 0.8663383 0.4546607 0 0.8906648 0.454618 0 0.8906866 0.454618 -4.6648e-7 0.8906866 0.4546664 0 0.8906618 0.4546664 0 0.8906618 0.4546664 0 0.8906618 0.4107667 0 0.9117406 0.4107667 -1.28766e-7 0.9117406 0.4107667 0 0.9117406 0.4094163 1.96947e-7 0.9123478 0.4094163 0 0.9123477 0.4094163 1.96536e-7 0.9123478 0.3644446 0 0.9312251 0.3644446 0 0.9312251 0.3644446 0 0.9312251 0.364404 0 0.931241 0.364404 0 0.931241 0.364404 0 0.931241 0.3165211 0 0.9485855 0.3165211 -1.42563e-7 0.9485856 0.3165211 0 0.9485855 0.3179722 4.98644e-7 0.9481001 0.3179722 0 0.9481001 0.3179722 0 0.9481001 0.271206 0 0.9625213 0.271206 0 0.9625214 0.271206 1.33365e-7 0.9625214 0.2212955 0 0.9752069 0.2224663 0 0.9749404 0.2224663 0 0.9749404 0.2224663 0 0.9749404 0.1724638 0 0.9850159 0.1724638 0 0.9850159 0.1724638 -1.93027e-7 0.9850159 0.1713344 0 0.9852131 0.1713344 0 0.9852131 0.1713344 0 0.9852131 0.1239172 0 0.9922927 0.1239172 0 0.9922927 0.1239172 0 0.9922927 0.1238711 0 0.9922984 0.1238711 0 0.9922984 0.1238711 0 0.9922984 0.07439935 0 0.9972286 0.07439935 0 0.9972286 0.07439935 0 0.9972286 0.07310712 0 0.9973242 0.07310712 0 0.9973242 0.07310712 0 0.9973242 0.0239188 0 0.999714 0.0239188 0 0.999714 0.0239188 0 0.999714 0.0226261 0 0.999744 0.0226261 0 0.999744 0.0226261 0 0.999744 -0.02645426 0 0.99965 -0.02645426 0 0.99965 -0.02645426 0 0.99965 -0.02626138 0 0.9996551 -0.02626138 0 0.9996551 -0.02626138 0 0.9996551 -0.07497084 0 0.9971858 -0.07497084 0 0.9971858 -0.07497084 0 0.9971858 -0.07635569 1.78626e-7 0.9970808 -0.07635563 0 0.9970808 -0.07635563 1.78254e-7 0.9970808 -0.1266002 0 0.9919539 -0.1265526 0 0.9919599 -0.1265526 -5.79081e-7 0.9919599 -0.1251227 0 0.9921413 -0.1251228 0 0.9921413 -0.1251227 1.56359e-7 0.9921413 -0.1754388 0 0.9844903 -0.1754388 -1.79353e-7 0.9844903 -0.1754388 0 0.9844903 -0.1739736 0 0.9847504 -0.1740208 0 0.9847421 -0.1739736 0 0.9847504 -0.2238239 0 0.9746296 -0.2238239 0 0.9746296 -0.2238239 0 0.9746296 -0.2223286 0 0.9749718 -0.2223753 0 0.9749612 -0.2223286 1.28766e-7 0.9749718 -0.2725178 0 0.9621508 -0.2725178 0 0.9621508 -0.2725178 -5.14726e-7 0.9621508 -0.2724284 0 0.9621762 -0.2724283 0 0.9621762 -0.2724284 0 0.9621762 -0.3202974 2.17557e-7 0.9473171 -0.3202973 0 0.9473171 -0.3202973 2.17104e-7 0.9473171 -0.3189382 0 0.9477756 -0.3189382 -1.5176e-7 0.9477756 -0.3189382 0 0.9477756 -0.3672535 0 0.9301209 -0.3672535 0 0.9301209 -0.3672536 0 0.930121 -0.3673023 0 0.9301016 -0.3673023 0 0.9301016 -0.3673023 0 0.9301016 -0.4118478 0 0.9112527 -0.4118478 0 0.9112527 -0.4118478 0 0.9112527 -0.4132403 0 0.910622 -0.4571646 0 0.8893821 -0.4571646 0 0.8893821 -0.4571646 0 0.8893821 -0.4571647 0 0.8893821 -0.4571647 0 0.8893821 -0.4571647 0 0.8893821 -0.5006769 0 0.8656343 -0.4998117 0 0.8661342 -0.4998947 0 0.8660862 -0.4998117 0 0.8661342 -0.5442557 0 0.8389194 -0.5442557 0 0.8389195 -0.5442557 0 0.8389195 -0.5442557 0 0.8389195 -0.5442557 0 0.8389194 -0.5442557 0 0.8389195 -0.583307 0 0.8122519 -0.583307 0 0.8122518 -0.583307 0 0.8122518 -0.5840077 0 0.8117482 -0.6260699 0 0.779767 -0.6259578 0 0.7798569 -0.6259578 0 0.7798569 -0.6250227 0 0.7806067 -0.6250227 0 0.7806067 -0.6250227 0 0.7806067 -0.6621038 0 0.7494122 -0.6621038 0 0.7494122 -0.6993915 0 0.7147388 -0.6994393 0 0.7146921 -0.7338937 0 0.6792644 -0.7338937 0 0.6792644 -0.7338937 0 0.6792644 -0.7332094 0 0.6800029 -0.7332094 0 0.6800029 -0.7332094 0 0.6800029 -0.7670146 0 0.6416298 -0.7657713 0 0.643113 -0.7657713 0 0.643113 -0.7657713 0 0.643113 -0.7986021 0 0.6018594 -0.7986021 0 0.6018594 -0.7986021 0 0.6018593 -0.7991093 1.19477e-6 0.6011859 -0.7991093 0 0.6011859 -0.7991093 0 0.6011859 -0.8269055 0 0.5623411 -0.8269055 0 0.5623411 -0.8269055 0 0.5623411 -0.8269202 0 0.5623193 -0.8269202 0 0.5623194 -0.8269202 0 0.5623193 -0.8537352 0 0.5207076 -0.8537352 0 0.5207075 -0.8537352 0 0.5207075 -0.8534355 0 0.5211986 -0.8784671 0 0.477803 -0.878467 0 0.4778031 -0.878467 0 0.4778031 -0.8785236 0 0.4776992 -0.8785235 0 0.4776992 -0.8785236 0 0.4776992 -0.9014422 0 0.4328994 -0.9014215 0 0.4329427 -0.9014215 0 0.4329427 -0.9013887 0 0.4330111 -0.9013887 0 0.4330111 -0.9013887 0 0.4330111 -0.9217953 0 0.3876769 -0.9217953 0 0.3876769 -0.9217953 0 0.3876769 -0.9219811 0 0.387235 -0.9219996 0 0.3871908 -0.9219811 0 0.387235 -0.940237 0 0.3405208 -0.9402371 0 0.3405208 -0.9402371 0 0.3405208 -0.9558682 0 0.293796 -0.9558681 0 0.293796 -0.9558681 0 0.293796 -0.9558761 0 0.2937701 -0.9558621 0 0.2938159 -0.9558762 0 0.29377 -0.9695359 0 0.2449498 -0.9695358 0 0.2449497 -0.9695358 0 0.2449497 -0.9695683 0 0.2448214 -0.9695683 0 0.2448214 -0.9695683 0 0.2448214 -0.9802324 0 0.1978496 -0.9802324 0 0.1978496 -0.9802324 0 0.1978496 -0.9802456 0 0.1977846 -0.9802266 0 0.1978786 -0.9802265 0 0.1978786 -0.9891753 0 0.1467393 -0.9891752 0 0.1467393 -0.9891752 0 0.1467393 -0.989134 1.93025e-7 0.147017 -0.989134 0 0.147017 -0.989134 0 0.147017 -0.9952027 0 0.09783506 -0.9952027 0 0.09783506 -0.9952027 0 0.09783506 -0.9951891 0 0.09797376 -0.9951891 0 0.09797376 -0.9951891 0 0.09797376 -0.9987981 2.17556e-7 0.04901492 -0.9987981 0 0.04901492 -0.9987981 2.17104e-7 0.04901492 -0.9988029 0 0.04891914 -0.9988029 -2.23041e-7 0.04891914 -0.9988029 0 0.04891914 -0.9985951 0 -0.05299127 -0.9985951 0 -0.05299127 -0.9985951 2.09245e-7 -0.05299127 -0.9986001 0 -0.05289554 -0.9986001 -2.12533e-7 -0.05289554 -0.9986001 -2.12976e-7 -0.05289554 -0.9949961 0 -0.09991401 -0.9949961 0 -0.09991401 -0.9949961 0 -0.09991401 -0.9885847 3.69963e-7 -0.1506662 -0.9885848 0 -0.1506662 -0.9885847 0 -0.1506662 -0.9884968 0 -0.1512418 -0.9884968 0 -0.1512418 -0.9884968 0 -0.1512418 -0.9802613 0 -0.1977067 -0.9802613 0 -0.1977067 -0.9802613 0 -0.1977067 -0.9802026 0 -0.1979976 -0.9802026 -1.26467e-7 -0.1979976 -0.9802026 0 -0.1979976 -0.9685822 0 -0.2486937 -0.9685823 0 -0.2486937 -0.9685822 0 -0.2486937 -0.9685794 1.66828e-7 -0.2487049 -0.9685794 0 -0.2487049 -0.9685794 0 -0.2487049 -0.9552661 0 -0.2957477 -0.9552661 0 -0.2957477 -0.9552661 1.31066e-7 -0.2957477 -0.9553936 0 -0.2953355 -0.9553936 -1.5083e-7 -0.2953355 -0.9553936 -1.06163e-6 -0.2953355 -0.9391142 0 -0.3436052 -0.9391142 0 -0.3436052 -0.9391142 0 -0.3436052 -0.9395253 0 -0.3424795 -0.9395253 0 -0.3424795 -0.9395253 1.1976e-7 -0.3424795 -0.9210341 0 -0.3894822 -0.9210341 0 -0.3894822 -0.9210341 0 -0.3894822 -0.9207725 0 -0.3901003 -0.9207725 -1.19569e-7 -0.3901003 -0.9207725 0 -0.3901003 -0.9004814 0 -0.4348947 -0.9006184 0 -0.4346109 -0.9006184 0 -0.4346108 -0.9006184 0 -0.4346108 -0.8771002 0 -0.4803074 -0.8771003 0 -0.4803075 -0.8771232 0 -0.4802653 -0.8775374 0 -0.4795083 -0.8775604 0 -0.4794663 -0.8775604 0 -0.4794663 -0.8522213 1.87785e-7 -0.5231817 -0.8522211 0 -0.5231817 -0.8522213 1.87395e-7 -0.5231817 -0.8526095 0 -0.5225486 -0.8526096 -1.5176e-7 -0.5225487 -0.8526096 0 -0.5225486 -0.8255857 0 -0.5642768 -0.8255586 0 -0.5643163 -0.8255586 0 -0.5643163 -0.8256425 0 -0.5641938 -0.8256425 0 -0.5641937 -0.8256425 0 -0.5641938 -0.7961856 0 -0.6050526 -0.7961856 -1.21121e-7 -0.6050527 -0.7961856 -1.21779e-6 -0.6050527 -0.7961619 0 -0.6050838 -0.7961909 0 -0.6050455 -0.7961619 0 -0.6050838 -0.7667261 0 -0.6419744 -0.7667261 0 -0.6419744 -0.7667261 0 -0.6419744 -0.7659332 0 -0.6429202 -0.7659947 0 -0.6428468 -0.7659331 0 -0.6429203 -0.7316086 0 -0.6817249 -0.7316086 0 -0.681725 -0.7316086 0 -0.681725 -0.7315977 0 -0.6817367 -0.7315977 0 -0.6817367 -0.7315977 0 -0.6817367 -0.6973335 0 -0.7167469 -0.6973335 0 -0.7167469 -0.6973335 0 -0.7167469 -0.6981472 0 -0.7159542 -0.6981474 0 -0.7159542 -0.6981472 0 -0.7159542 -0.6604136 0 -0.7509021 -0.6604136 0 -0.7509021 -0.6604136 0 -0.7509021 -0.6604136 0 -0.7509021 -0.6604136 0 -0.7509021 -0.6604136 0 -0.7509021 -0.622157 0 -0.7828926 -0.6221569 0 -0.7828926 -0.622157 0 -0.7828926 -0.6227108 0 -0.7824521 -0.5823389 0 -0.8129462 -0.5823389 -1.70156e-7 -0.8129462 -0.5823389 0 -0.8129462 -0.5823779 1.67174e-7 -0.8129183 -0.5823779 0 -0.8129183 -0.5823779 1.66827e-7 -0.8129183 0.5419809 0 0.8403909 0.5419809 0 0.8403909 0.5419809 0 0.8403909 0.5420358 0 0.8403555 0.5420358 0 0.8403555 0.5420358 0 0.8403554 0.4544523 0 0.8907711 0.4544524 0 0.8907712 0.4544524 -1.60843e-7 0.8907712 0.4546288 0 0.8906811 0.4544153 0 0.89079 0.4546288 0 0.8906811 0.4106906 0 0.9117748 0.4106906 -1.33365e-7 0.9117749 0.4106906 0 0.9117749 0.4094275 1.96947e-7 0.9123427 0.4094276 0 0.9123427 0.4094275 1.96536e-7 0.9123427 0.3645026 0 0.9312024 0.3645026 -1.37118e-7 0.9312024 0.3645026 -1.37405e-7 0.9312024 0.3645513 0 0.9311833 0.3645067 0 0.9312009 0.3645513 1.42563e-7 0.9311834 0.3165575 0 0.9485734 0.3165575 -1.40263e-7 0.9485734 0.3165575 0 0.9485733 0.3179632 0 0.9481031 0.3179632 0 0.9481031 0.3179632 0 0.9481031 0.2686133 0 0.9632481 0.2686133 0 0.9632481 0.2686133 0 0.9632481 0.2712472 0 0.9625098 0.2712472 0 0.9625098 0.2712472 0 0.9625098 0.2208892 0 0.975299 0.2224808 0 0.9749371 0.2224808 0 0.9749371 0.2224808 0 0.9749371 0.02396219 0 0.9997129 0.02396219 0 0.9997129 0.02396219 0 0.9997129 0.02300488 0 0.9997354 -0.07497298 0 0.9971857 -0.07497298 0 0.9971856 -0.07497304 0 0.9971856 -0.07635784 1.78626e-7 0.9970806 -0.07635778 0 0.9970806 -0.07635784 1.78254e-7 0.9970806 -0.1265488 0 0.9919604 -0.1265488 0 0.9919604 -0.1265488 0 0.9919604 -0.1251664 0 0.9921358 -0.1251665 0 0.9921358 -0.1251665 1.5406e-7 0.9921358 -0.1754438 0 0.9844895 -0.1754438 -1.79353e-7 0.9844895 -0.1754439 0 0.9844895 -0.1740258 0 0.9847411 -0.1740258 0 0.9847411 -0.1740258 0 0.9847411 -0.2236722 0 0.9746645 -0.2236723 0 0.9746645 -0.2236723 0 0.9746645 -0.2223171 0 0.9749745 -0.2223171 0 0.9749745 -0.2223171 0 0.9749745 -0.2724782 0 0.962162 -0.2724321 0 0.9621751 -0.2724321 0 0.9621751 -0.272481 0 0.9621613 -0.272481 0 0.9621613 -0.272481 0 0.9621613 -0.3203063 2.17557e-7 0.9473141 -0.3203063 0 0.9473141 -0.3203063 2.17103e-7 0.9473141 -0.3189471 0 0.9477726 -0.3189471 -1.5176e-7 0.9477726 -0.3189471 0 0.9477726 -0.3672465 0 0.9301237 -0.3672466 0 0.9301237 -0.3672465 0 0.9301237 -0.3672508 0 0.930122 -0.3672508 0 0.930122 -0.3672508 0 0.930122 -0.4118704 0 0.9112426 -0.4118703 0 0.9112426 -0.4118704 0 0.9112426 -0.4132629 0 0.9106118 -0.4572641 0 0.889331 -0.4572641 0 0.889331 -0.4572641 0 0.889331 -0.4572214 0 0.8893529 -0.4572215 0 0.8893529 -0.4572215 0 0.8893529 -0.5006639 0 0.8656418 -0.4997988 0 0.8661416 -0.4998403 0 0.8661177 -0.4997988 0 0.8661416 -0.5442954 0 0.8388937 -0.5442954 -1.42563e-7 0.8388937 -0.5442954 0 0.8388937 -0.5442954 1.41984e-7 0.8388937 -0.5442954 0 0.8388938 -0.5442954 1.41689e-7 0.8388937 -0.5832672 0 0.8122805 -0.5832672 0 0.8122805 -0.5832672 0 0.8122805 -0.5842403 0 0.8115809 -0.5842403 0 0.8115809 -0.5842403 0 0.8115809 -0.6259432 0 0.7798688 -0.6259432 0 0.7798687 -0.6259432 0 0.7798687 -0.6250081 0 0.7806184 -0.6250081 0 0.7806184 -0.6250081 0 0.7806184 -0.6993749 0 0.714755 -0.699375 0 0.714755 -0.699375 0 0.714755 -0.6993885 0 0.7147418 -0.6993885 0 0.7147418 -0.6993885 0 0.7147418 -0.7337869 0 0.6793798 -0.7337869 0 0.6793798 -0.7337869 0 0.6793798 -0.7333307 0 0.6798721 -0.7668421 0 0.6418359 -0.7668421 0 0.6418359 -0.7668421 0 0.6418359 -0.7657834 0 0.6430987 -0.7657834 0 0.6430987 -0.7657834 0 0.6430987 -0.7985701 0 0.601902 -0.7985701 0 0.601902 -0.7985701 0 0.601902 -0.7992789 0 0.6009603 -0.7992789 0 0.6009603 -0.7992789 0 0.6009603 -0.8267174 0 0.5626174 -0.8538224 0 0.5205646 -0.8538224 0 0.5205646 -0.8538224 0 0.5205646 -0.8537725 0 0.5206465 -0.8537724 0 0.5206465 -0.8537725 0 0.5206465 -0.9558625 0 0.2938145 -0.9558625 0 0.2938145 -0.9558625 0 0.2938145 -0.9558705 0 0.2937886 -0.9558705 0 0.2937886 -0.9558705 0 0.2937886 -0.9891601 0 0.1468414 -0.9891601 -1.28766e-7 0.1468414 -0.9891601 0 0.1468414 -0.989133 0 0.1470242 -0.989133 0 0.1470242 -0.989133 0 0.1470242 -0.9987977 8.84693e-7 0.04902201 -0.9987977 0 0.04902201 -0.9987977 1.25692e-7 0.04902201 -0.9988 0 0.04897415 -0.9988001 -1.28766e-7 0.04897415 -0.9988001 0 0.04897415 -0.9985981 0 -0.05293321 -0.9985981 0 -0.05293321 -0.9985981 1.21868e-7 -0.05293321 -0.9986007 0 -0.05288535 -0.9986007 -1.23406e-7 -0.05288535 -0.9986007 -8.68608e-7 -0.05288535 -0.9950103 0 -0.09977346 -0.9950103 0 -0.09977346 -0.9950103 0 -0.09977346 -0.9949863 0 -0.100012 -0.9949862 0 -0.100012 -0.9949862 -4.34305e-7 -0.100012 -0.9885816 1.44274e-7 -0.1506866 -0.9885889 0 -0.1506392 -0.9885816 1.43974e-7 -0.1506866 -0.9885155 0 -0.1511199 -0.9885155 -1.65557e-7 -0.1511199 -0.9885155 0 -0.1511199 -0.9802881 0 -0.1975738 -0.9802881 0 -0.1975738 -0.9802881 0 -0.1975738 -0.9801725 0 -0.1981468 -0.9801725 0 -0.1981468 -0.9801725 0 -0.1981468 -0.9553017 0 -0.2956328 -0.9553017 0 -0.2956328 -0.9553017 0 -0.2956328 -0.9554433 0 -0.2951748 -0.9554433 0 -0.2951748 -0.9554433 0 -0.2951748 -0.9391657 0 -0.3434644 -0.9391822 0 -0.3434194 -0.9391657 1.37964e-7 -0.3434643 -0.9395275 0 -0.3424738 -0.9395275 -1.87395e-7 -0.3424738 -0.9395275 -1.87785e-7 -0.3424737 -0.8773754 0 -0.4798048 -0.8773754 0 -0.4798048 -0.8521705 0 -0.5232644 -0.8521705 0 -0.5232644 -0.8521705 0 -0.5232644 -0.8526089 0 -0.5225496 -0.8526089 0 -0.5225496 -0.8526089 0 -0.5225496 -0.8258264 0 -0.5639247 -0.825856 0 -0.5638812 -0.7663996 0 -0.6423642 -0.7663995 0 -0.6423642 -0.7663995 0 -0.6423642 -0.7661302 0 -0.6426855 -0.7315643 0 -0.6817725 -0.731586 0 -0.6817492 -0.6973954 0 -0.7166867 -0.6973953 0 -0.7166866 -0.6973953 0 -0.7166866 -0.6981405 0 -0.7159608 -0.6981405 0 -0.7159608 -0.6981405 1.40263e-7 -0.7159608 -0.5823292 0 -0.8129531 -0.5823292 -2.25341e-7 -0.8129532 -0.5823292 0 -0.8129532 -0.5822901 2.26715e-7 -0.8129811 -0.5823291 0 -0.8129532 -0.5823291 2.23959e-7 -0.8129531 0.5419479 0 0.8404121 0.5419479 0 0.8404121 0.541948 0 0.8404121 0.5408194 0 0.8411388 0.5408194 0 0.8411388 0.5408194 0 0.8411388 0.4994097 0 0.8663659 0.4994098 0 0.866366 0.4994098 0 0.866366 0.4994578 0 0.8663383 0.4994578 0 0.8663383 0.4994578 0 0.8663383 0.4545434 0 0.8907247 0.4545433 0 0.8907246 0.4545433 -1.60855e-7 0.8907246 0.4545916 0 0.8907 0.4545917 0 0.8907001 0.4545916 0 0.8907 0.4107294 0 0.9117574 0.4107294 -1.33365e-7 0.9117574 0.4107293 0 0.9117574 0.4094663 1.96946e-7 0.9123253 0.4094663 0 0.9123253 0.4094663 1.96536e-7 0.9123252 0.3645513 0 0.9311834 0.3179633 0 0.9481031 0.3179632 0 0.9481031 0.3179632 0 0.9481031 0.316603 1.37406e-7 0.9485582 0.316603 0 0.9485582 0.316603 1.37118e-7 0.9485582 0.2698627 0 0.9628989 0.2698627 0 0.9628989 0.2698627 0 0.9628989 0.2698137 0 0.9629126 0.2697214 0 0.9629385 0.2698137 0 0.9629126 0.2224809 0 0.9749372 0.2224809 0 0.9749372 0.2224809 0 0.9749372 0.2208892 0 0.975299 0.1713796 0 0.9852052 0.1713796 0 0.9852052 0.1713796 0 0.9852052 0.1726075 0 0.9849907 0.1726075 0 0.9849907 0.1726075 0 0.9849907 0.1236808 0 0.9923221 0.1236808 0 0.9923221 0.1236808 0 0.9923221 0.1239172 1.93024e-7 0.9922927 0.1239172 0 0.9922927 0.1239172 0 0.9922927 0.07444715 0 0.9972251 0.07444715 0 0.997225 0.07444715 -6.27324e-7 0.997225 0.07296371 0 0.9973347 0.07296371 0 0.9973347 0.07296371 0 0.9973347 0.0240125 0 0.9997117 0.0240125 0 0.9997117 0.0240125 -5.05496e-7 0.9997117 0.02266937 0 0.9997431 0.02266937 0 0.9997431 0.02266937 0 0.9997431 -0.02729159 0 0.9996276 -0.02729159 0 0.9996276 -0.02729159 0 0.9996276 -0.02571022 0 0.9996694 -0.02571022 0 0.9996694 -0.02571022 0 0.9996694 -0.07686537 0 0.9970415 -0.07686537 -2.50634e-7 0.9970415 -0.07686531 0 0.9970415 -0.07390439 0 0.9972654 -0.07390451 0 0.9972654 -0.07390445 0 0.9972654 -0.1251681 0 0.9921357 -0.1251681 -1.5083e-7 0.9921357 -0.1251681 -1.51144e-7 0.9921355 -0.125168 0 0.9921356 -0.125168 0 0.9921356 -0.125168 1.5176e-7 0.9921356 -0.175489 0 0.9844814 -0.1754891 -1.79353e-7 0.9844814 -0.1754891 0 0.9844814 -0.1754399 1.74047e-7 0.9844902 -0.1754398 0 0.9844902 -0.1754399 1.73683e-7 0.9844902 -0.2232031 0 0.974772 -0.2232032 0 0.974772 -0.2232032 0 0.974772 -0.2232056 0 0.9747714 -0.2232056 0 0.9747714 -0.2232056 0 0.9747714 -0.2731357 0 0.9619756 -0.2731357 0 0.9619756 -0.2731357 0 0.9619756 -0.2716135 0 0.9624065 -0.2716135 0 0.9624064 -0.2716135 0 0.9624065 -0.3189471 1.51143e-7 0.9477726 -0.3189471 0 0.9477726 -0.3189471 1.5083e-7 0.9477726 -0.3188982 0 0.9477891 -0.3188982 -1.47162e-7 0.947789 -0.3188981 0 0.947789 -0.3672912 0 0.9301061 -0.3673357 0 0.9300885 -0.3672912 0 0.9301061 -0.3672912 0 0.9301061 -0.3672465 0 0.9301237 -0.3672465 0 0.9301237 -0.4132241 0 0.9106295 -0.4118267 0 0.9112623 -0.4118267 0 0.9112623 -0.4118267 -5.14729e-7 0.9112623 -0.4572697 0 0.8893281 -0.4572697 0 0.8893281 -0.4572697 0 0.8893281 -0.45875 0 0.8885655 -0.500629 0 0.865662 -0.4998338 0 0.8661214 -0.4998338 0 0.8661214 -0.4998338 0 0.8661214 -0.5424926 0 0.8400607 -0.544954 9.97284e-7 0.8384659 -0.5449541 0 0.838466 -0.5449541 1.41689e-7 0.8384659 -0.5847465 0 0.8112162 -0.5847465 0 0.8112162 -0.5847465 0 0.8112162 -0.583782 0 0.8119105 -0.5837821 0 0.8119105 -0.583782 0 0.8119105 -0.6984493 0 0.7156596 -0.6993511 0 0.7147784 -0.6993511 0 0.7147784 -0.6993511 0 0.7147784 -0.7333523 0 0.6798489 -0.7339171 4.1359e-7 0.6792391 -0.7339172 0 0.679239 -0.7339171 0 0.6792391 -0.7661109 0 0.6427085 -0.7668614 0 0.6418129 -0.7668613 0 0.6418129 -0.7668614 0 0.6418129 -0.7983771 0 0.6021578 -0.7983771 0 0.6021578 -0.7983771 0 0.6021578 -0.7988914 0 0.6014754 -0.7988338 0 0.6015519 -0.7988914 0 0.6014754 -0.8535695 0 0.5209791 -0.8535695 0 0.5209791 -0.8535695 0 0.5209791 -0.8537692 0 0.5206517 -0.8537693 0 0.5206518 -0.8537692 0 0.5206517 -0.8784161 0 0.4778965 -0.8790233 0 0.4767788 -0.8790234 0 0.4767788 -0.8790233 0 0.4767788 -0.9015374 0 0.4327013 -0.9015374 0 0.4327013 -0.9015374 0 0.4327013 -0.901214 0 0.4333745 -0.901214 0 0.4333745 -0.901214 0 0.4333745 -0.9219996 0 0.3871908 -0.9219996 0 0.3871908 -0.9219996 0 0.3871908 -0.9217884 0 0.3876937 -0.9217884 0 0.3876937 -0.9217884 0 0.3876937 -0.9400084 0 0.3411518 -0.9402045 0 0.3406109 -0.9402045 0 0.3406109 -0.9402045 0 0.3406109 -0.9557256 0 0.2942598 -0.9557256 -1.23407e-7 0.2942598 -0.9557256 -1.23664e-7 0.2942598 -0.9559689 0 0.2934678 -0.955969 0 0.2934678 -0.955969 0 0.2934678 -0.9695273 0 0.2449833 -0.9695273 0 0.2449833 -0.9695273 0 0.2449833 -0.9695452 0 0.2449126 -0.9695452 0 0.2449126 -0.9695452 0 0.2449126 -0.9801961 0 0.1980291 -0.9801961 0 0.1980291 -0.9801961 0 0.1980291 -0.9803194 0 0.1974182 -0.9803194 0 0.1974182 -0.9803194 0 0.1974182 -0.989139 1.21779e-6 0.1469837 -0.989139 0 0.1469836 -0.989139 1.21121e-7 0.1469837 -0.9951891 0 0.09797376 -0.9951891 0 0.09797376 -0.9951891 0 0.09797376 -0.9951887 0 0.09797817 -0.9951887 0 0.09797823 -0.9951887 0 0.09797817 -0.9988026 1.28244e-7 0.04892355 -0.9988026 0 0.04892355 -0.9988026 1.27977e-7 0.04892355 -0.9987978 0 0.04901933 -0.9987978 -1.24168e-7 0.04901933 -0.9987978 0 0.04901933 -0.9986007 0 -0.05288535 -0.9986007 0 -0.05288535 -0.9986007 1.24168e-7 -0.05288535 -0.9986007 -1.23664e-7 -0.05288535 -0.9949763 0 -0.100112 -0.9949763 0 -0.100112 -0.9949763 0 -0.100112 -0.995006 0 -0.09981644 -0.9950059 0 -0.09981644 -0.9950059 -4.98646e-7 -0.09981644 -0.9885385 -1.65666e-7 -0.1509696 -0.9885385 -2.55252e-7 -0.1509696 -0.9885385 0 -0.1509696 -0.9885736 0 -0.1507395 -0.9885736 0 -0.1507395 -0.9885736 0 -0.1507395 -0.9801833 2.25195e-7 -0.1980927 -0.9801833 0 -0.1980927 -0.9801833 0 -0.1980927 -0.9803161 0 -0.1974349 -0.968636 0 -0.2484839 -0.968636 0 -0.2484839 -0.968636 0 -0.2484839 -0.9685317 0 -0.2488906 -0.9685317 0 -0.2488906 -0.9685317 0 -0.2488906 -0.9392931 0 -0.3431159 -0.9392767 0 -0.343161 -0.9392931 1.40263e-7 -0.3431159 -0.9394685 0 -0.3426353 -0.9394685 -1.62257e-7 -0.3426353 -0.9394685 -2.12072e-6 -0.3426353 -0.9208744 6.27327e-7 -0.3898597 -0.9208744 0 -0.3898597 -0.9208744 0 -0.3898597 -0.9208672 0 -0.3898764 -0.9208672 0 -0.3898764 -0.9208672 0 -0.3898764 -0.9004725 0 -0.434913 -0.8775899 0 -0.4794121 -0.8775899 0 -0.4794122 -0.8523671 0 -0.5229441 -0.8523671 0 -0.522944 -0.8523671 0 -0.5229441 -0.8528184 0 -0.5222077 -0.8528184 0 -0.5222077 -0.8528184 0 -0.5222077 -0.8258411 0 -0.5639029 -0.7961737 0 -0.6050682 -0.7961737 0 -0.6050682 -0.7961737 0 -0.6050682 -0.7962028 0 -0.60503 -0.7962027 0 -0.60503 -0.7962028 1.21868e-7 -0.60503 -0.7656336 0 -0.6432771 -0.7656643 0 -0.6432404 -0.7656643 0 -0.6432404 -0.7664963 0 -0.6422488 -0.7325557 0 -0.6807071 -0.7325557 0 -0.6807071 -0.7325557 -9.8803e-7 -0.6807071 -0.6978644 0 -0.71623 -0.6978644 0 -0.71623 -0.6978644 0 -0.71623 -0.6970055 0 -0.7170658 -0.6970055 0 -0.7170659 -0.6970055 0 -0.7170658 -0.6604136 0 -0.7509021 -0.6604136 0 -0.7509021 -0.6604136 0 -0.7509021 -0.6604593 0 -0.7508619 -0.6604593 0 -0.7508619 -0.6604593 0 -0.7508619 -0.6221098 0 -0.7829301 -0.582282 0 -0.8129869 -0.582282 -2.2994e-7 -0.8129869 -0.582282 0 -0.8129869 -0.5833029 1.67176e-7 -0.8122547 -0.583303 0 -0.8122547 -0.583303 1.66827e-7 -0.8122547 0.5419831 0 0.8403894 0.5419831 0 0.8403894 0.5419831 -5.74434e-7 0.8403894 0.5409755 0 0.8410384 0.4545809 0 0.8907055 0.4545809 0 0.8907055 0.4545809 0 0.8907055 0.4546293 0 0.8906808 0.4546293 0 0.8906808 0.4546293 0 0.8906808 0.4094551 1.96946e-7 0.9123303 0.4094551 0 0.9123303 0.4094551 1.96536e-7 0.9123303 0.3644933 0 0.931206 0.3644933 0 0.931206 0.3644933 0 0.931206 0.3179268 0 0.9481154 0.3179268 0 0.9481154 0.3179268 0 0.9481154 0.316612 1.37406e-7 0.9485552 0.316612 0 0.9485552 0.316612 1.37118e-7 0.9485552 0.2698215 0 0.9629104 0.2698215 0 0.9629104 0.2698215 0 0.9629104 0.2696801 0 0.9629501 0.2698186 0 0.9629112 0.2698186 0 0.9629112 0.2223261 0 0.9749724 0.2223261 0 0.9749724 0.2223261 0 0.9749724 0.2212954 0 0.9752069 0.02406513 0 0.9997105 0.02406513 0 0.9997105 0.02406513 0 0.9997105 0.02296161 0 0.9997364 -0.07691103 0 0.997038 -0.07691103 -2.52933e-7 0.997038 -0.07691097 0 0.997038 -0.07395005 8.04251e-7 0.997262 -0.07395017 0 0.997262 -0.07395011 0 0.997262 -0.1251718 0 0.9921352 -0.1251718 -1.5083e-7 0.9921351 -0.1251718 -1.51144e-7 0.9921351 -0.1251243 0 0.9921411 -0.1251243 0 0.9921411 -0.1251243 1.5406e-7 0.9921411 -0.175484 0 0.9844824 -0.175484 -1.79353e-7 0.9844824 -0.1754841 0 0.9844824 -0.1754348 1.74047e-7 0.9844911 -0.1754348 0 0.9844911 -0.1754348 1.73683e-7 0.9844911 -0.2231695 0 0.9747797 -0.2231695 -1.30262e-7 0.9747797 -0.2231696 -1.30533e-7 0.9747797 -0.2232186 0 0.9747684 -0.2232186 0 0.9747684 -0.2232186 1.26467e-7 0.9747684 -0.2730845 0 0.9619901 -0.2716547 0 0.9623948 -0.2716547 0 0.9623948 -0.2716547 0 0.9623948 -0.3189381 1.51143e-7 0.9477756 -0.3189382 0 0.9477756 -0.3189381 1.5083e-7 0.9477756 -0.3188892 0 0.947792 -0.3188892 -1.47162e-7 0.947792 -0.3188892 0 0.9477921 -0.3672981 0 0.9301034 -0.3672981 0 0.9301034 -0.3672981 0 0.9301034 -0.3672535 0 0.930121 -0.3672535 0 0.9301209 -0.3672535 0 0.930121 -0.412765 0 0.9108376 -0.412765 0 0.9108377 -0.412765 0 0.9108376 -0.4118041 0 0.9112725 -0.4118041 0 0.9112724 -0.4118041 0 0.9112724 -0.4572129 0 0.8893573 -0.4572129 0 0.8893574 -0.4572129 0 0.8893573 -0.458395 0 0.8887486 -0.458395 0 0.8887487 -0.458395 0 0.8887487 -0.500642 0 0.8656546 -0.4998883 0 0.8660901 -0.4998883 0 0.8660901 -0.4998883 0 0.8660901 -0.5428159 0 0.8398517 -0.5429769 0 0.8397477 -0.5429769 0 0.8397477 -0.544915 0 0.8384913 -0.544915 0 0.8384913 -0.544915 0 0.8384913 -0.5845534 0 0.8113553 -0.5845534 0 0.8113553 -0.5845534 0 0.8113553 -0.5833941 0 0.8121892 -0.6987745 0 0.7153421 -0.6987745 0 0.7153421 -0.6987745 0 0.7153421 -0.6993676 0 0.7147622 -0.7331659 0 0.6800499 -0.7331659 0 0.6800499 -0.7331659 0 0.6800499 -0.7339262 7.56009e-7 0.6792292 -0.7339262 0 0.6792292 -0.7339262 0 0.6792292 -0.7663453 0 0.6424291 -0.7663453 0 0.6424291 -0.7663453 0 0.6424291 -0.7670338 0 0.6416067 -0.7982941 0 0.602268 -0.7989238 0 0.6014323 -0.7989238 0 0.6014323 -0.7989238 0 0.6014323 -0.8534319 0 0.5212044 -0.8534319 0 0.5212045 -0.8534319 0 0.5212045 -0.8538563 0 0.5205088 -0.8538314 0 0.5205497 -0.8538314 0 0.5205497 -0.9557313 0 0.2942412 -0.9557313 -1.21121e-7 0.2942412 -0.9557313 -1.21374e-7 0.2942412 -0.9559746 0 0.2934493 -0.9559747 0 0.2934493 -0.9559748 0 0.2934493 -0.9891189 0 0.1471187 -0.9891189 0 0.1471187 -0.9891189 0 0.1471187 -0.9988054 1.56027e-6 0.04886674 -0.9988054 0 0.04886674 -0.9988054 2.21674e-7 0.04886674 -0.9988007 0 0.04896247 -0.9988007 -2.18443e-7 0.04896247 -0.9988007 0 0.04896247 -0.9986001 0 -0.05289554 -0.9986001 0 -0.05289554 -0.9986001 2.13844e-7 -0.05289554 -0.9949861 0 -0.100014 -0.9949861 0 -0.100014 -0.9949861 0 -0.100014 -0.9950444 0 -0.0994324 -0.9885346 0 -0.1509949 -0.9885346 0 -0.1509949 -0.9885346 0 -0.1509949 -0.9885697 0 -0.1507649 -0.9885697 0 -0.1507648 -0.9885697 0 -0.1507648 -0.9801663 1.25954e-7 -0.1981769 -0.9801663 0 -0.1981769 -0.9801663 1.25692e-7 -0.1981769 -0.9802801 0 -0.1976131 -0.9802801 0 -0.1976131 -0.9802801 0 -0.1976131 -0.9392741 0 -0.3431681 -0.939274 0 -0.3431681 -0.9392741 0 -0.3431681 -0.9394494 0 -0.3426876 -0.939433 0 -0.3427326 -0.939433 0 -0.3427326 -0.8773615 0 -0.4798299 -0.8773616 0 -0.47983 -0.8773615 0 -0.4798299 -0.8774076 0 -0.4797459 -0.8774076 0 -0.4797459 -0.8774076 0 -0.4797459 -0.852368 1.48855e-7 -0.5229424 -0.8523681 0 -0.5229424 -0.852368 1.48545e-7 -0.5229424 -0.8527693 0 -0.5222879 -0.8527693 0 -0.5222879 -0.8527693 0 -0.5222879 -0.8255884 0 -0.5642729 -0.8255613 0 -0.5643125 -0.8255613 0 -0.5643125 -0.8256276 0 -0.5642156 -0.8256276 0 -0.5642155 -0.8256276 0 -0.5642156 -0.7657446 0 -0.643145 -0.7657136 -1.28766e-7 -0.6431817 -0.7657136 0 -0.6431817 -0.7663608 0 -0.6424105 -0.7663608 0 -0.6424105 -0.7663608 0 -0.6424105 -0.7325346 0 -0.6807299 -0.7325346 -1.64542e-7 -0.6807298 -0.7325346 -1.64886e-7 -0.6807298 -0.731108 0 -0.6822618 -0.731108 0 -0.6822618 -0.731108 0 -0.6822618 -0.6977339 0 -0.7163571 -0.6977339 0 -0.7163571 -0.6977339 0 -0.7163571 -0.6974934 0 -0.7165912 -0.5822917 0 -0.8129799 -0.5822917 -1.74754e-7 -0.8129799 -0.5822917 0 -0.8129799 -0.5832349 0 -0.8123037 -0.5832349 0 -0.8123036 -0.583235 0 -0.8123036 -0.5420098 0 -0.8403723 -0.5420098 0 -0.8403723 -0.5420098 0 -0.8403723 -0.5419768 0 -0.8403935 -0.5419768 0 -0.8403936 -0.5419768 0 -0.8403936 -0.4985528 0 -0.8668593 -0.4988437 0 -0.866692 -0.5002206 0 -0.8658981 -0.5002206 0 -0.8658981 -0.5002206 0 -0.8658981 -0.4533051 0 -0.8913555 -0.4546663 0 -0.8906618 -0.4546236 0 -0.8906836 -0.4546236 0 -0.8906836 -0.4098595 1.35566e-6 -0.9121487 -0.4098595 0 -0.9121487 -0.4098595 1.34833e-7 -0.9121487 -0.4098644 0 -0.9121466 -0.4098644 -1.33365e-7 -0.9121465 -0.4098645 0 -0.9121465 -0.364469 0 -0.9312155 -0.364469 0 -0.9312155 -0.364469 0 -0.9312155 -0.3645177 0 -0.9311965 -0.3645177 0 -0.9311965 -0.3645176 0 -0.9311965 -0.3193898 0 -0.9476235 -0.3165265 0 -0.9485838 -0.316572 -1.42563e-7 -0.9485686 -0.316572 0 -0.9485686 -0.2693588 0 -0.9630399 -0.2706944 0 -0.9626654 -0.2706944 0 -0.9626654 -0.2706944 0 -0.9626654 -0.2214808 0 -0.9751648 -0.2214808 0 -0.9751648 -0.2214808 0 -0.9751648 -0.2204055 0 -0.9754084 -0.1736083 0 -0.9848149 -0.1736083 0 -0.9848149 -0.1736083 0 -0.9848149 -0.1724259 0 -0.9850226 -0.1724258 0 -0.9850225 -0.1724258 0 -0.9850225 -0.123819 0 -0.9923049 -0.1238189 0 -0.9923049 -0.1238189 0 -0.9923049 -0.1222044 0 -0.992505 -0.1222045 0 -0.992505 -0.1222045 0 -0.992505 -0.07165449 0 -0.9974296 -0.07495331 0 -0.9971871 -0.07495331 0 -0.9971871 -0.07495331 1.58659e-7 -0.9971871 -0.02305102 0 -0.9997344 -0.02305102 0 -0.9997344 -0.02305096 0 -0.9997344 -0.02487331 0 -0.9996907 0.02673435 0 -0.9996426 0.02673429 0 -0.9996426 0.02673429 -6.43424e-7 -0.9996426 0.0266838 0 -0.9996439 0.02668386 0 -0.9996439 0.0266838 0 -0.9996439 0.07487875 0 -0.9971926 0.07487881 0 -0.9971927 0.07487881 0 -0.9971927 0.07487601 0 -0.9971929 0.07487595 0 -0.9971929 0.07487601 0 -0.9971929 0.1251205 0 -0.9921416 0.1251205 -1.53115e-7 -0.9921416 0.1251205 -1.53433e-7 -0.9921416 0.1265963 0 -0.9919543 0.1265963 0 -0.9919544 0.1265963 0 -0.9919543 0.1739314 0 -0.9847578 0.1739314 0 -0.9847578 0.1739314 0 -0.9847578 0.175489 1.78624e-7 -0.9844814 0.1754891 0 -0.9844814 0.1754891 1.78254e-7 -0.9844814 0.2245197 0 -0.9744696 0.2223212 0 -0.9749736 0.2223212 0 -0.9749736 0.2223212 0 -0.9749736 0.2716056 0 -0.9624087 0.2716056 0 -0.9624087 0.2716056 0 -0.9624087 0.2731278 0 -0.9619778 0.2731278 0 -0.9619778 0.2731278 0 -0.9619778 0.3184674 5.9516e-7 -0.9479339 0.3184674 0 -0.9479338 0.3184674 0 -0.9479339 0.3197431 0 -0.9475044 0.3197431 -1.5176e-7 -0.9475043 0.3197885 0 -0.947489 0.3677185 0 -0.9299372 0.3677185 0 -0.9299373 0.3677185 0 -0.9299372 0.3664253 0 -0.9304475 0.3664253 0 -0.9304475 0.3663808 0 -0.9304651 0.4132241 0 -0.9106295 0.411778 0 -0.9112842 0.4117781 0 -0.9112842 0.4117781 0 -0.9112842 0.4580373 0 -0.888933 0.4580373 0 -0.8889331 0.4580373 0 -0.8889331 0.4567954 0 -0.8895718 0.4567955 0 -0.8895719 0.4567955 0 -0.8895719 0.5006769 0 -0.8656343 0.4998947 0 -0.8660862 0.4998947 0 -0.8660862 0.4998947 0 -0.8660862 0.5442678 0 -0.8389116 0.5442678 0 -0.8389116 0.5442678 0 -0.8389117 0.5442348 0 -0.838933 0.5442348 0 -0.8389331 0.5442348 0 -0.8389331 0.5833941 0 -0.8121892 0.5833327 0 -0.8122334 0.6256343 0 -0.7801164 0.6256343 0 -0.7801164 0.6256343 0 -0.7801164 0.625606 0 -0.7801392 0.625606 0 -0.7801393 0.625606 0 -0.7801393 0.6617444 0 -0.7497295 0.6621038 0 -0.7494122 0.6621038 0 -0.7494122 0.6621038 0 -0.7494122 0.6994393 0 -0.7146921 0.6993915 0 -0.7147388 0.7341575 1.55725e-7 -0.6789793 0.7341575 0 -0.6789793 0.7341575 1.55401e-7 -0.6789793 0.7327346 0 -0.6805145 0.7327347 0 -0.6805145 0.7327347 0 -0.6805145 0.7670724 0 -0.6415607 0.7663567 0 -0.6424154 0.7663567 0 -0.6424154 0.7663567 -3.53881e-7 -0.6424154 0.798929 0 -0.6014255 0.7988424 0 -0.6015404 0.798929 0 -0.6014255 0.7984673 0 -0.6020382 0.7982653 0 -0.6023061 0.8268403 0 -0.5624369 0.8268403 0 -0.5624369 0.8268403 0 -0.5624369 0.8269186 0 -0.5623219 0.8269186 0 -0.5623219 0.8269186 0 -0.5623219 0.8538424 0 -0.5205315 0.8538424 0 -0.5205315 0.8538424 0 -0.5205315 0.8534553 0 -0.5211661 0.8534553 0 -0.5211661 0.8534553 0 -0.5211661 0.878979 0 -0.4768605 0.878979 0 -0.4768605 0.878979 0 -0.4768605 0.8783504 0 -0.4780173 0.8783504 0 -0.4780173 0.8783504 -8.50162e-7 -0.4780175 0.9013513 0 -0.4330888 0.9013513 0 -0.4330887 0.9013513 0 -0.4330888 0.9012059 0 -0.4333912 0.9218211 0 -0.3876159 0.921821 0 -0.3876158 0.9218211 0 -0.3876159 0.9220113 0 -0.3871631 0.9220113 0 -0.3871631 0.9220113 0 -0.387163 0.9402038 0 -0.3406125 0.9402038 0 -0.3406125 0.9402038 0 -0.3406125 0.9400513 0 -0.3410331 0.9400513 0 -0.3410331 0.9400513 0 -0.3410331 0.9559106 0 -0.2936578 0.9559107 0 -0.2936578 0.9559107 0 -0.2936578 0.9557838 0 -0.2940703 0.9557838 0 -0.2940703 0.9557838 0 -0.2940703 0.9696227 0 -0.2446055 0.9696227 0 -0.2446056 0.9696227 0 -0.2446056 0.9694113 0 -0.2454421 0.9802327 0 -0.197848 0.9802327 -1.55401e-7 -0.197848 0.9802327 -1.0938e-6 -0.1978481 0.9802346 0 -0.1978392 0.9802346 0 -0.1978392 0.9802346 1.56359e-7 -0.1978392 0.9891157 0 -0.1471403 0.9891157 -1.19569e-7 -0.1471403 0.9891157 0 -0.1471403 0.989172 9.6512e-7 -0.1467609 0.989172 0 -0.146761 0.989172 1.37118e-7 -0.1467609 0.9951873 0 -0.09799176 0.9951826 0 -0.09803944 0.9951826 0 -0.09803944 0.9952163 0 -0.0976966 0.9952163 0 -0.0976966 0.9952163 0 -0.0976966 0.9988029 2.22136e-7 -0.04891914 0.9988029 0 -0.04891914 0.9988029 2.21674e-7 -0.04891914 0.9988029 0 -0.04891914 0.9988029 -2.23041e-7 -0.04891914 0.9988029 0 -0.04891914 1 0 0 0.9985995 0 0.05290728 0.9985995 -2.14818e-7 0.05290722 0.9985995 -2.15266e-7 0.05290722 0.9985996 0 0.0529046 0.9985996 0 0.0529046 0.9985996 2.16143e-7 0.0529046 0.9949823 0 0.1000519 0.9949823 0 0.1000519 0.9949823 0 0.1000519 0.9950067 0 0.09980881 0.9950067 0 0.09980881 0.9950067 0 0.09980881 0.9885318 0 0.151013 0.9885318 0 0.151013 0.9885318 0 0.151013 0.988568 0 0.150776 0.988568 0 0.150776 0.988568 0 0.150776 0.9803219 0 0.1974061 0.9802556 0 0.197735 0.9802556 0 0.197735 0.9802556 0 0.197735 0.9684846 0 0.2490735 0.9684846 0 0.2490735 0.9684846 0 0.2490735 0.9685949 0 0.2486444 0.9685949 0 0.2486444 0.9685949 0 0.2486444 0.9552733 0 0.2957244 0.9552733 0 0.2957244 0.9552733 0 0.2957244 0.9554291 0 0.2952207 0.9554291 0 0.2952207 0.9554291 0 0.2952207 0.9393446 0 0.3429749 0.9393117 0 0.343065 0.9393117 0 0.343065 0.9392952 0 0.34311 0.9392952 0 0.34311 0.9392952 0 0.34311 0.920827 0 0.3899715 0.920827 0 0.3899715 0.920827 0 0.3899715 0.9210582 0 0.3894249 0.9003379 0 0.4351915 0.9003379 0 0.4351915 0.9003379 0 0.4351915 0.9010372 0 0.4337418 0.8777773 0 0.4790689 0.8777544 0 0.479111 0.8777544 0 0.479111 0.8770415 0 0.4804149 0.8769724 0 0.480541 0.8770415 0 0.4804149 0.8527693 0 0.5222879 0.8527693 0 0.5222879 0.8527693 0 0.5222879 0.8523433 1.53434e-7 0.5229827 0.8523433 0 0.5229827 0.8523433 1.53115e-7 0.5229827 0.8256269 0 0.5642166 0.8255999 0 0.5642561 0.8255999 0 0.5642561 0.825612 0 0.5642383 0.825612 0 0.5642383 0.825612 0 0.5642383 0.7965336 0 0.6045943 0.7965336 0 0.6045943 0.7965336 0 0.6045943 0.79546 0 0.6060061 0.7954601 0 0.6060062 0.79546 0 0.6060061 0.7667306 0 0.641969 0.7667306 0 0.641969 0.7667306 0 0.641969 0.7659415 0 0.6429104 0.7659722 0 0.6428737 0.7659415 0 0.6429104 0.7318598 0 0.6814552 0.7318598 0 0.6814552 0.7318598 0 0.6814552 0.731108 0 0.6822618 0.731108 0 0.6822618 0.731108 0 0.6822618 0.6978459 0 0.7162479 0.6978459 0 0.7162479 0.6978459 -1.60855e-7 0.7162479 0.697822 0 0.7162713 0.697822 0 0.7162712 0.697822 0 0.7162713 0.6604136 0 0.7509021 0.6604136 0 0.7509021 0.6604136 0 0.7509021 0.6604399 0 0.750879 0.6604039 0 0.7509107 0.6604399 0 0.750879 0.6220957 0 0.7829412 0.6221244 0 0.7829186 0.5820188 2.24427e-7 0.8131753 0.5820188 0 0.8131753 0.5820188 2.23959e-7 0.8131753 0.5839272 0 0.811806 0.5839662 0 0.811778 0.5839662 0 0.811778 -0.5419747 0 -0.8403949 -0.5419747 0 -0.8403949 -0.5419747 0 -0.8403949 -0.541982 0 -0.8403902 -0.5419819 0 -0.8403902 -0.5419819 0 -0.8403902 -0.4535666 0 -0.8912225 -0.4535666 0 -0.8912224 -0.4535666 0 -0.8912225 -0.4545434 0 -0.8907247 -0.4544153 0 -0.8907901 -0.4544153 0 -0.8907901 -0.4098482 9.49033e-7 -0.9121537 -0.4098483 0 -0.9121537 -0.4098482 1.34833e-7 -0.9121537 -0.4098969 0 -0.912132 -0.4098969 -1.31066e-7 -0.9121319 -0.4098969 0 -0.9121319 -0.3645026 0 -0.9312024 -0.3645026 0 -0.9312024 -0.3645026 1.37964e-7 -0.9312024 -0.3645513 0 -0.9311833 -0.3645513 -1.41689e-7 -0.9311834 -0.3645513 -1.41983e-7 -0.9311834 -0.3193808 0 -0.9476264 -0.3165175 0 -0.9485868 -0.3165629 -1.42563e-7 -0.9485715 -0.3165629 0 -0.9485715 -0.2695322 0 -0.9629914 -0.2695322 0 -0.9629914 -0.2695322 0 -0.9629914 -0.2707294 0 -0.9626555 -0.2707294 0 -0.9626556 -0.2707294 0 -0.9626556 -0.2215436 0 -0.9751505 -0.2215436 0 -0.9751505 -0.2215436 0 -0.9751505 -0.2200007 0 -0.9754998 -0.1734615 0 -0.9848407 -0.1734615 0 -0.9848407 -0.1734615 0 -0.9848407 -0.1722791 0 -0.9850482 -0.1722791 0 -0.9850482 -0.1722791 0 -0.9850482 -0.02305173 0 -0.9997344 -0.02305173 0 -0.9997344 -0.02305173 0 -0.9997344 -0.02487409 0 -0.9996907 0.02674043 0 -0.9996424 0.02674037 0 -0.9996425 0.02674037 0 -0.9996425 0.02669 0 -0.9996438 0.02669006 0 -0.9996438 0.02669006 0 -0.9996438 0.07488638 0 -0.9971921 0.07488644 -1.19569e-7 -0.9971922 0.07488644 0 -0.9971922 0.07478785 0 -0.9971995 0.07478779 0 -0.9971995 0.07478785 0 -0.9971995 0.1251642 0 -0.9921361 0.1251643 -1.5083e-7 -0.9921361 0.1251643 -1.51143e-7 -0.992136 0.1266401 0 -0.9919487 0.1265925 0 -0.9919548 0.1266401 0 -0.9919487 0.1738302 0 -0.9847757 0.1738302 0 -0.9847757 0.1738302 0 -0.9847757 0.1754822 1.62594e-7 -0.9844826 0.1754823 0 -0.9844827 0.1754822 1.62257e-7 -0.9844826 0.2245262 0 -0.974468 0.2223277 0 -0.9749721 0.2223277 0 -0.974972 0.2223277 0 -0.9749721 0.2715516 0 -0.9624239 0.2715516 0 -0.962424 0.2715516 0 -0.962424 0.2731199 0 -0.96198 0.2731199 0 -0.9619801 0.2731199 0 -0.9619801 0.3676097 0 -0.9299802 0.3663165 0 -0.9304904 0.3663165 0 -0.9304904 0.3663166 0 -0.9304904 0.4129073 0 -0.9107731 0.4129073 0 -0.9107731 0.4129073 0 -0.9107731 0.4117668 0 -0.9112893 0.4117668 0 -0.9112893 0.4117668 0 -0.9112893 0.4580098 0 -0.8889472 0.4579672 0 -0.8889692 0.4580098 0 -0.8889472 0.4568105 0 -0.8895641 0.4568105 -1.41689e-7 -0.8895641 0.4568105 -9.97289e-7 -0.889564 0.5006899 0 -0.8656268 0.4998662 0 -0.8661028 0.4998661 0 -0.8661027 0.4998247 0 -0.8661267 0.5442673 1.37405e-7 -0.838912 0.5443074 0 -0.8388859 0.5442673 1.37118e-7 -0.838912 0.5442745 0 -0.8389073 0.5442745 -1.40263e-7 -0.8389073 0.5442745 0 -0.8389073 0.5837041 0 -0.8119664 0.5837041 0 -0.8119664 0.5837041 0 -0.8119664 0.5837206 0 -0.8119546 0.5837206 0 -0.8119546 0.5837206 0 -0.8119546 0.6256197 0 -0.7801283 0.6256197 0 -0.7801281 0.6256197 0 -0.7801283 0.6255913 0 -0.780151 0.6255913 0 -0.780151 0.6255913 0 -0.780151 0.6993051 0 -0.7148234 0.699305 0 -0.7148234 0.699305 0 -0.7148234 0.6993944 0 -0.7147361 0.69936 0 -0.7147696 0.69936 0 -0.7147696 0.7341159 0 -0.6790242 0.7341158 0 -0.6790243 0.7341158 0 -0.6790243 0.7328561 0 -0.6803837 0.7669147 0 -0.6417493 0.7669146 0 -0.6417493 0.7669147 0 -0.6417493 0.7661064 0 -0.6427139 0.7988964 0 -0.6014686 0.7988964 0 -0.6014687 0.7988964 0 -0.6014686 0.7983483 0 -0.602196 0.7984061 0 -0.6021195 0.7984061 0 -0.6021195 0.8267174 0 -0.5626174 0.8266878 0 -0.5626609 0.8538558 0 -0.5205098 0.8538558 0 -0.5205098 0.8538558 0 -0.5205098 0.8531686 0 -0.5216352 0.9013397 0 -0.433113 0.9013397 0 -0.433113 0.9013397 0 -0.433113 0.9011943 0 -0.4334155 0.9217945 0 -0.3876788 0.9217946 0 -0.3876789 0.9217945 0 -0.3876788 0.9220219 0 -0.3871377 0.9220219 0 -0.3871377 0.9220219 0 -0.3871377 0.9401212 0 -0.3408405 0.940132 0 -0.3408105 0.9559133 0 -0.2936491 0.9559133 0 -0.2936491 0.9559133 0 -0.2936491 0.9557583 0 -0.2941532 0.9557583 0 -0.2941532 0.9557583 0 -0.2941532 0.9696319 0 -0.2445689 0.9696319 0 -0.2445689 0.9696319 0 -0.2445689 0.9802343 0 -0.1978406 0.9802343 0 -0.1978406 0.9802343 0 -0.1978406 0.969397 0 -0.2454984 0.9802419 0 -0.1978026 0.980223 0 -0.1978965 0.980223 0 -0.1978965 0.989113 0 -0.1471583 0.989113 0 -0.1471583 0.989113 0 -0.1471583 0.9891694 9.49035e-7 -0.146779 0.9891694 0 -0.146779 0.9891694 1.34833e-7 -0.146779 0.9988025 1.30534e-7 -0.04892623 0.9988025 0 -0.04892623 0.9988025 1.30262e-7 -0.04892623 0.9988 0 -0.04897415 0.9988001 -1.28766e-7 -0.04897415 0.9988001 0 -0.04897415 0.9985991 0 0.05291515 0.998599 -1.23406e-7 0.05291515 0.998599 -1.23664e-7 0.05291515 0.9985992 0 0.05291259 0.9985992 0 0.05291259 0.9985992 1.24168e-7 0.05291259 0.9803276 0 0.1973773 0.9802613 0 0.1977062 0.9802613 0 0.1977062 0.9802613 0 0.1977062 0.939344 0 0.3429768 0.9393439 -1.64542e-7 0.3429768 0.9393439 -2.15058e-6 0.3429768 0.9393439 0 0.3429768 0.939344 0 0.3429768 0.9393439 1.65557e-7 0.3429768 0.9207762 0 0.3900915 0.9207761 -1.19569e-7 0.3900915 0.9207761 0 0.3900915 0.9210448 6.11241e-7 0.3894568 0.9210448 0 0.3894569 0.9210448 0 0.3894568 0.8777648 0 0.4790918 0.8777649 0 0.4790918 0.8777649 0 0.4790918 0.877075 0 0.4803537 0.877075 0 0.4803537 0.877075 0 0.4803537 0.852705 0 0.522393 0.852705 0 0.522393 0.852705 0 0.522393 0.8523291 0 0.523006 0.8523291 0 0.523006 0.8523291 0 0.523006 0.8258273 0 0.5639233 0.8258124 0 0.563945 0.7665421 0 0.6421942 0.7665421 0 0.6421942 0.7665421 -3.21684e-7 0.6421942 0.7660915 0 0.6427315 0.7318661 0 0.6814486 0.7318661 0 0.6814486 0.7318661 0 0.6814486 0.7311143 0 0.6822551 0.6978048 0 0.7162881 0.6978391 0 0.7162547 0.6978048 0 0.716288 0.6978838 0 0.7162111 0.6979182 0 0.7161776 0.6978838 0 0.7162111 0.6221103 0 0.7829297 0.6221389 0 0.7829069 0.5819951 2.79388e-7 0.8131923 0.5819953 0 0.8131923 0.5819952 2.78806e-7 0.8131923 0.5839038 0 0.811823 0.5839037 -1.67856e-7 0.8118229 0.5839037 0 0.8118229 -0.5420076 0 -0.8403736 -0.5420076 0 -0.8403736 -0.5420076 0 -0.8403736 -0.5419417 0 -0.8404161 -0.5419417 0 -0.8404161 -0.5419417 0 -0.8404161 -0.4994356 0 -0.8663511 -0.4993941 0 -0.866375 -0.4994356 0 -0.8663511 -0.4994835 0 -0.8663234 -0.4994835 0 -0.8663235 -0.4994835 0 -0.8663235 -0.4546288 0 -0.8906811 -0.4546288 0 -0.8906811 -0.4546288 0 -0.8906811 -0.4535666 0 -0.8912225 -0.4535666 0 -0.8912225 -0.4535666 0 -0.8912225 -0.4106631 9.49018e-7 -0.9117872 -0.4106631 0 -0.9117872 -0.4106631 1.34833e-7 -0.9117872 -0.4107166 0 -0.9117631 -0.4107167 -1.28766e-7 -0.9117631 -0.4107167 0 -0.9117631 -0.3644985 0 -0.931204 -0.3645432 0 -0.9311866 -0.3645431 1.37964e-7 -0.9311865 -0.3645067 0 -0.9312008 -0.3645513 -1.41689e-7 -0.9311834 -0.3645066 -1.39692e-7 -0.9312009 -0.3166538 1.79214e-6 -0.9485412 -0.3166538 0 -0.9485412 -0.3166538 1.37118e-7 -0.9485412 -0.3179268 0 -0.9481154 -0.3179268 0 -0.9481154 -0.3179268 0 -0.9481154 -0.2684343 0 -0.9632981 -0.2684343 0 -0.9632981 -0.2684343 0 -0.9632981 -0.2711577 0 -0.962535 -0.2711577 0 -0.962535 -0.2711116 0 -0.962548 -0.2209336 0 -0.9752889 -0.2224318 0 -0.9749483 -0.2224318 0 -0.9749483 -0.2224318 0 -0.9749483 -0.1713294 0 -0.9852139 -0.1713293 0 -0.9852139 -0.1713293 0 -0.9852139 -0.1722739 0 -0.9850491 -0.1722739 0 -0.9850491 -0.1722739 0 -0.9850491 -0.1237729 0 -0.9923107 -0.1236778 0 -0.9923225 -0.1236778 0 -0.9923225 -0.1238681 2.25195e-7 -0.9922988 -0.1238681 0 -0.9922988 -0.1238681 0 -0.9922988 -0.07310712 0 -0.9973242 -0.07310712 0 -0.9973242 -0.07310712 -1.60855e-7 -0.9973242 -0.0725826 0 -0.9973624 -0.02305412 0 -0.9997343 -0.02305412 0 -0.9997343 -0.02305418 0 -0.9997343 0.02520567 0 -0.9996823 0.02520567 -1.69112e-7 -0.9996823 0.02520573 -1.69463e-7 -0.9996823 0.02674037 0 -0.9996424 0.02674037 0 -0.9996425 0.02674037 0 -0.9996424 0.07478785 0 -0.9971995 0.07478779 0 -0.9971995 0.07478779 0 -0.9971995 0.07636672 1.31899e-6 -0.9970799 0.07636678 0 -0.9970799 0.07636678 1.87395e-7 -0.9970799 0.1266401 0 -0.9919488 0.1266401 0 -0.9919487 0.1266401 0 -0.9919487 0.1251183 0 -0.9921419 0.1251183 0 -0.9921419 0.1251183 1.5176e-7 -0.9921419 0.1763386 0 -0.9843297 0.1763386 -1.58659e-7 -0.9843297 0.1762915 0 -0.9843381 0.1734123 0 -0.9848493 0.1734123 0 -0.9848493 0.1734123 0 -0.9848493 0.2227522 0 -0.9748751 0.2227522 0 -0.9748752 0.2227522 0 -0.9748752 0.223035 0 -0.9748105 0.2230349 0 -0.9748105 0.2230349 0 -0.9748105 0.2742753 0 -0.9616513 0.2742753 0 -0.9616512 0.2742753 0 -0.9616513 0.2715977 0 -0.9624109 0.2715977 0 -0.9624109 0.2715978 0 -0.9624109 0.3184255 0 -0.9479479 0.3184255 0 -0.947948 0.3184255 0 -0.9479479 0.319736 0 -0.9475067 0.319736 -1.47162e-7 -0.9475068 0.3197814 0 -0.9474915 0.3673014 0 -0.9301021 0.3673014 0 -0.9301021 0.3673014 0 -0.9301021 0.3673014 0 -0.930102 0.3672568 0 -0.9301196 0.3672567 0 -0.9301196 0.4118591 0 -0.9112476 0.4118591 0 -0.9112476 0.4118591 0 -0.9112476 0.4132903 0 -0.9105994 0.4572327 0 -0.8893471 0.4572327 0 -0.8893471 0.4572327 0 -0.8893471 0.4572641 0 -0.889331 0.4572641 0 -0.889331 0.4572642 0 -0.8893311 0.4998248 0 -0.8661267 0.4998247 0 -0.8661267 0.4998247 0 -0.8661267 0.5007247 0 -0.8656066 0.5442745 1.39695e-7 -0.8389073 0.5442745 0 -0.8389073 0.5442745 1.39404e-7 -0.8389073 0.5442818 0 -0.8389026 0.544322 -1.44862e-7 -0.8388764 0.544322 0 -0.8388764 0.5832672 0 -0.8122804 0.5832672 0 -0.8122804 0.5832672 0 -0.8122804 0.5841931 0 -0.8116148 0.584193 0 -0.8116148 0.5841931 0 -0.8116148 0.6250227 0 -0.7806067 0.6250227 0 -0.7806067 0.6250227 0 -0.7806067 0.6259294 0 -0.7798798 0.6259294 0 -0.7798798 0.6259294 0 -0.7798798 0.6617182 0 -0.7497527 0.6621038 0 -0.7494122 0.6621038 0 -0.7494122 0.6992812 0 -0.7148468 0.6992812 0 -0.7148468 0.6992812 0 -0.7148468 0.6993051 0 -0.7148234 0.699305 0 -0.7148234 0.699305 0 -0.7148234 0.7328777 0 -0.6803604 0.7326493 0 -0.6806063 0.7340834 0 -0.6790595 0.7340834 0 -0.6790595 0.7340834 0 -0.6790595 0.766511 0 -0.6422312 0.766203 0 -0.6425986 0.766203 0 -0.6425986 0.766203 0 -0.6425986 0.7992333 0 -0.6010211 0.7992333 0 -0.6010211 0.7992333 0 -0.6010211 0.7986278 0 -0.6018253 0.7986278 0 -0.6018252 0.7986278 0 -0.6018252 0.8267027 0 -0.5626392 0.8267027 0 -0.5626392 0.853672 2.29771e-7 -0.5208112 0.853672 0 -0.5208112 0.853672 0 -0.5208112 0.8536972 0 -0.5207696 0.8536972 0 -0.5207696 0.8536972 0 -0.5207696 0.8784354 0 -0.4778614 0.8784354 0 -0.4778614 0.8784354 0 -0.4778614 0.8788351 0 -0.4771257 0.8788352 0 -0.4771257 0.8788352 0 -0.4771257 0.9011855 0 -0.4334337 0.9015264 0 -0.4327241 0.9015264 0 -0.4327241 0.9015264 0 -0.4327241 0.9217421 0 -0.3878037 0.9220161 0 -0.3871516 0.9220162 0 -0.3871517 0.9220162 0 -0.3871517 0.9400179 0 -0.3411253 0.9402412 0 -0.3405093 0.9402412 0 -0.3405093 0.9402412 0 -0.3405093 0.9558665 0 -0.2938016 0.9558665 0 -0.2938016 0.9558665 0 -0.2938016 0.9559831 0 -0.293422 0.9559831 0 -0.293422 0.9559831 0 -0.293422 0.9695258 0 -0.2449891 0.9695493 0 -0.2448961 0.9695493 0 -0.2448961 0.9694553 0 -0.2452679 0.9694554 0 -0.2452679 0.9694553 0 -0.2452679 0.9802266 0 -0.1978787 0.9802265 0 -0.1978786 0.9802265 0 -0.1978786 0.9802438 0 -0.1977936 0.9802248 0 -0.1978876 0.9802248 0 -0.1978876 0.9891617 0 -0.1468303 0.9891617 -1.26467e-7 -0.1468303 0.9891617 0 -0.1468303 0.9891336 0 -0.1470199 0.9891336 0 -0.1470199 0.9891336 0 -0.1470199 0.9952071 0 -0.09779 0.9952071 0 -0.09779 0.9952071 0 -0.09779 0.9951879 0 -0.09798526 0.9951879 0 -0.09798532 0.9951879 0 -0.09798526 0.9988001 1.28244e-7 -0.04897415 0.9988 0 -0.04897415 0.9988001 1.27977e-7 -0.04897415 0.9987977 0 -0.04902201 0.9987977 -1.26467e-7 -0.04902201 0.9987977 0 -0.04902201 0.9986019 0 0.05286085 0.9986019 -1.23406e-7 0.05286085 0.9986019 -1.23664e-7 0.05286085 0.9985942 0 0.05300706 0.9985942 0 0.05300706 0.9985942 0 0.05300706 0.9950308 0 0.09956747 0.9949628 2.25195e-7 0.1002445 0.9949628 0 0.1002445 0.9949628 0 0.1002445 0.9885329 0 0.1510061 0.9885329 0 0.151006 0.9885329 0 0.151006 0.9801954 0 0.1980332 0.9801954 0 0.1980332 0.9801954 0 0.1980332 0.9687223 0 0.2481477 0.9802694 0 0.1976663 0.9802694 0 0.1976663 0.9802694 0 0.1976663 0.9684868 0 0.2490651 0.9684868 0 0.2490651 0.9684629 0 0.249158 0.9391629 0 0.343472 0.9391629 -1.39404e-7 0.343472 0.9391629 -9.81206e-7 0.343472 0.9395247 0 0.3424814 0.9395247 0 0.3424813 0.9395247 1.9085e-7 0.3424813 0.9210261 0 0.3895009 0.9210261 0 0.3895009 0.9210261 0 0.3895009 0.9207574 1.21374e-7 0.3901357 0.9207575 0 0.3901357 0.9207574 1.21121e-7 0.3901357 0.9008655 0 0.4340984 0.9008655 0 0.4340984 0.9008655 0 0.4340985 0.9005146 0 0.4348259 0.9005354 0 0.4347827 0.9005146 0 0.4348259 0.87755 0 0.4794854 0.8775499 0 0.4794853 0.87755 0 0.4794853 0.8770913 0 0.4803238 0.8770683 0 0.4803659 0.8770913 0 0.4803238 0.8521822 0 0.5232452 0.8521822 0 0.5232452 0.8521822 0 0.5232452 0.8526334 0 0.5225097 0.8526334 0 0.5225096 0.8526334 0 0.5225097 0.7961907 0 0.6050459 0.7961906 0 0.6050459 0.7961906 0 0.6050459 0.7962197 0 0.6050077 0.7962197 0 0.6050077 0.7962197 1.19569e-7 0.6050077 0.7661109 0 0.6427085 0.7666267 0 0.6420933 0.7666267 0 0.6420932 0.7666267 0 0.6420933 0.7315928 0 0.6817419 0.7315711 0 0.6817652 0.6980913 0 0.7160089 0.6980913 -1.37118e-7 0.7160088 0.6980913 -1.37405e-7 0.7160088 0.6973909 0 0.716691 0.6973909 0 0.716691 0.6973909 0 0.716691 0.6604302 0 0.7508876 0.6604302 0 0.7508876 0.6604302 0 0.7508876 0.6604856 0 0.7508389 0.6604856 0 0.7508388 0.6604856 0 0.7508389 0.6227399 0 0.782429 0.622111 0 0.7829291 0.622111 0 0.7829291 0.622111 0 0.7829291 0.5822759 0 0.8129913 0.5822759 -2.2764e-7 0.8129914 0.5822758 0 0.8129913 0.5822922 2.22139e-7 0.8129797 0.5823312 0 0.8129517 0.5823312 2.19389e-7 0.8129518 -0.5419218 0 -0.8404289 -0.5419219 0 -0.840429 -0.5419219 0 -0.8404289 -0.5420976 0 -0.8403156 -0.5420976 0 -0.8403156 -0.5420976 0 -0.8403156 -0.4547091 0 -0.8906401 -0.4547091 0 -0.8906401 -0.4547091 0 -0.8906401 -0.4533051 0 -0.8913555 -0.4106307 1.37402e-7 -0.9118018 -0.4106307 0 -0.9118019 -0.4106307 1.37118e-7 -0.9118018 -0.4106842 0 -0.9117777 -0.4106842 -1.31066e-7 -0.9117777 -0.4106843 0 -0.9117777 -0.3644649 0 -0.9312171 -0.364465 0 -0.9312171 -0.364465 0 -0.9312171 -0.3644731 0 -0.9312139 -0.3644731 0 -0.931214 -0.364473 0 -0.931214 -0.3166174 9.81202e-7 -0.9485534 -0.3166174 0 -0.9485534 -0.3166174 1.39404e-7 -0.9485534 -0.3179358 0 -0.9481123 -0.3179358 0 -0.9481123 -0.3179358 0 -0.9481123 -0.2684931 0 -0.9632816 -0.2711704 0 -0.9625314 -0.2711704 -1.32548e-7 -0.9625314 -0.2712166 -1.35114e-7 -0.9625183 -0.22134 0 -0.9751968 -0.2223238 0 -0.9749729 -0.2223238 0 -0.9749729 -0.2223238 0 -0.9749729 -0.1712399 0 -0.9852294 -0.1712399 0 -0.9852294 -0.1712399 0 -0.9852294 -0.1724678 0 -0.9850152 -0.1724678 0 -0.9850152 -0.1724678 0 -0.9850152 -0.02305334 0 -0.9997343 -0.0230534 0 -0.9997343 -0.0230534 0 -0.9997343 0.02519947 0 -0.9996824 0.02519953 -1.66827e-7 -0.9996824 0.02519953 -1.67173e-7 -0.9996824 0.02678227 0 -0.9996413 0.02678221 0 -0.9996413 0.02678221 0 -0.9996413 0.07487601 0 -0.9971929 0.07487601 0 -0.9971929 0.07487595 0 -0.9971929 0.07640701 1.83204e-7 -0.9970768 0.07640707 0 -0.9970768 0.07640701 1.82824e-7 -0.9970768 0.1266439 0 -0.9919483 0.1266439 0 -0.9919483 0.1266439 0 -0.9919483 0.1251221 0 -0.9921414 0.1251221 0 -0.9921414 0.1251221 1.5176e-7 -0.9921414 0.1762965 0 -0.9843371 0.1762965 -1.72455e-7 -0.9843371 0.1762965 0 -0.9843371 0.1732285 0 -0.9848816 0.1732285 0 -0.9848816 0.1732285 0 -0.9848816 0.2228859 0 -0.9748446 0.2228859 0 -0.9748446 0.2228859 0 -0.9748446 0.2230285 0 -0.974812 0.2230285 0 -0.974812 0.2230285 0 -0.974812 0.274191 0 -0.9616754 0.274191 0 -0.9616754 0.274191 0 -0.9616754 0.2716056 0 -0.9624087 0.2716056 0 -0.9624087 0.2716056 -6.91668e-7 -0.9624087 0.3672776 0 -0.9301115 0.3672776 0 -0.9301115 0.3672776 0 -0.9301115 0.3672329 0 -0.930129 0.3672329 0 -0.930129 0.3672329 0 -0.930129 0.4118704 0 -0.9112426 0.4118703 0 -0.9112426 0.4118704 0 -0.9112426 0.4133016 0 -0.9105943 0.4570907 0 -0.8894202 0.4570907 0 -0.8894202 0.4570907 0 -0.8894202 0.4571646 0 -0.8893821 0.4571647 0 -0.8893821 0.4571647 0 -0.8893821 0.4998947 0 -0.8660862 0.4998947 0 -0.8660862 0.5007119 0 -0.8656141 0.5442348 0 -0.8389331 0.5442348 0 -0.838933 0.5442348 0 -0.8389331 0.544242 0 -0.8389283 0.544242 0 -0.8389283 0.544242 0 -0.8389283 0.583307 0 -0.8122518 0.5832681 0 -0.8122798 0.583307 0 -0.8122518 0.5840383 0 -0.8117261 0.6250373 0 -0.780595 0.6250373 0 -0.7805949 0.6250373 0 -0.780595 0.625944 0 -0.7798681 0.625944 0 -0.7798681 0.625944 0 -0.7798681 0.6994155 0 -0.7147154 0.7327563 0 -0.6804912 0.7327563 0 -0.6804912 0.7327563 0 -0.6804912 0.7341249 0 -0.6790145 0.7341248 -1.5406e-7 -0.6790145 0.7341248 0 -0.6790145 0.766761 0 -0.6419327 0.766761 0 -0.6419327 0.766761 0 -0.6419327 0.7661452 0 -0.6426676 0.7661761 0 -0.6426309 0.7661761 0 -0.6426309 0.7990925 1.22463e-6 -0.6012082 0.7990925 0 -0.6012082 0.7990925 0 -0.6012082 0.7986022 0 -0.6018592 0.7986022 0 -0.6018592 0.7986022 0 -0.6018592 0.8268794 0 -0.5623794 0.8268794 0 -0.5623794 0.8268794 0 -0.5623794 0.8268794 0 -0.5623794 0.8268794 0 -0.5623794 0.8268794 0 -0.5623794 0.8534089 0 -0.521242 0.8536091 0 -0.5209141 0.8536091 0 -0.5209141 0.8536091 0 -0.5209141 0.9011972 0 -0.4334095 0.9014552 0 -0.4328727 0.9014552 0 -0.4328727 0.9014552 0 -0.4328728 0.9217314 0 -0.387829 0.9220054 0 -0.387177 0.9220054 0 -0.387177 0.9220055 0 -0.3871771 0.9398875 0 -0.3414843 0.9398875 0 -0.3414844 0.9398875 0 -0.3414844 0.940258 0 -0.3404629 0.9402744 0 -0.3404178 0.940258 0 -0.3404629 0.9558638 0 -0.2938102 0.9558638 0 -0.2938102 0.9558638 0 -0.2938102 0.9559664 0 -0.2934765 0.9559664 0 -0.2934765 0.9559664 0 -0.2934765 0.9695402 0 -0.2449327 0.9695402 0 -0.2449327 0.9695402 0 -0.2449327 0.9694343 0 -0.245351 0.9694343 0 -0.245351 0.9694343 0 -0.245351 0.9802363 0 -0.1978303 0.9802363 -1.55401e-7 -0.1978303 0.9802363 -1.0938e-6 -0.1978303 0.9802346 0 -0.1978392 0.9891644 0 -0.1468122 0.9891644 -1.28766e-7 -0.1468122 0.9891644 0 -0.1468122 0.9891362 0 -0.1470018 0.9891362 0 -0.1470018 0.9891362 0 -0.1470018 0.9987981 0 -0.04901492 0.9987981 -2.18443e-7 -0.04901492 0.9987981 0 -0.04901492 0.9986025 0 0.05285108 0.9986025 -2.14818e-7 0.05285108 0.9986025 -2.15266e-7 0.05285108 0.9985947 0 0.05299735 0.9985947 0 0.05299741 0.9985947 2.09245e-7 0.05299741 0.9801895 0 0.198062 0.9801895 0 0.198062 0.9801895 0 0.198062 0.9803583 0 0.1972251 0.968451 0 0.2492044 0.968451 0 0.2492044 0.968451 0 0.2492044 0.9391142 0 0.3436052 0.9391142 0 0.3436052 0.9391142 0 0.3436052 0.9395418 0 0.3424345 0.9395417 0 0.3424344 0.9395418 0 0.3424345 0.9210582 0 0.3894249 0.9207897 0 0.3900597 0.9207897 0 0.3900597 0.9207897 0 0.3900597 0.8775395 0 0.4795045 0.8775395 0 0.4795045 0.8775395 0 0.4795045 0.8771039 0 0.4803009 0.8770808 0 0.4803429 0.8771039 0 0.4803009 0.8521961 0 0.5232226 0.8521962 -1.9085e-7 0.5232226 0.8521962 0 0.5232226 0.8525971 1.53435e-7 0.5225688 0.8525972 0 0.5225688 0.8525971 1.53115e-7 0.5225688 0.825585 0 0.5642778 0.825585 0 0.5642779 0.825585 0 0.5642779 0.8255999 0 0.5642561 0.8256269 0 0.5642166 0.8255999 0 0.5642561 0.7659915 0 0.6428507 0.7659607 0 0.6428875 0.7659607 0 0.6428875 0.7666922 2.29775e-7 0.642015 0.7666922 0 0.642015 0.7666922 0 0.642015 0.7316521 0 0.6816783 0.7316521 0 0.6816783 0.7316521 0 0.6816783 0.7315977 0 0.6817367 0.7315977 0 0.6817367 0.7315977 0 0.6817367 0.698201 0 0.7159018 0.698201 0 0.7159018 0.698201 0 0.7159018 0.6972945 0 0.7167847 0.6972945 0 0.7167847 0.6972945 0 0.7167847 0.6227254 0 0.7824406 0.6221715 0 0.782881 0.6221715 0 0.782881 0.6221715 0 0.782881 0.5823553 1.64887e-7 0.8129345 0.5823554 0 0.8129344 0.5823553 1.64542e-7 0.8129345 0.5823 0 0.8129741 0.5823 -1.72455e-7 0.8129742 0.5822999 0 0.8129742 -0.9997038 0 -0.0243389 -0.9997038 0 -0.02434009 -0.9973059 0 -0.07335513 -0.9973058 0 -0.07335686 -0.9924966 0 -0.1222729 -0.9852588 0 -0.1710702 -0.9924969 0 -0.1222699 -0.9852595 0 -0.1710662 -0.9756162 0 -0.2194842 -0.9756162 -1.5651e-7 -0.2194842 -0.9756162 0 -0.2194842 -0.9638823 0 -0.2663289 -0.9638823 0 -0.2663289 -0.9639077 0 -0.2662365 -0.9756594 0 -0.219292 -0.9756594 0 -0.219292 -0.9756594 0 -0.2192919 -0.9494976 0 -0.3137745 -0.9496028 0 -0.3134558 -0.9638328 2.57365e-7 -0.2665077 -0.9638328 0 -0.2665077 -0.9638328 0 -0.2665077 -0.9328534 0 -0.3602563 -0.9328534 0 -0.3602563 -0.9328535 0 -0.3602563 -0.9495981 0 -0.31347 -0.9495982 0 -0.31347 -0.9495981 0 -0.31347 -0.9141564 0 -0.4053618 -0.9329742 0 -0.3599432 -0.8931881 0 -0.4496833 -0.8931881 0 -0.4496833 -0.8931881 0 -0.4496833 -0.9141603 0 -0.405353 -0.8704307 0 -0.4922912 -0.893042 0 -0.4499735 -0.8701474 0 -0.4927918 -0.8701474 0 -0.4927918 -0.8701474 0 -0.4927918 -0.8446273 0 -0.5353549 -0.8446273 0 -0.5353549 -0.8446273 0 -0.5353549 -0.8175618 0 -0.575841 -0.8175618 0 -0.575841 -0.8175618 0 -0.575841 -0.8449608 0 -0.5348284 -0.8449608 0 -0.5348284 -0.8449351 0 -0.5348689 -0.7882126 0 -0.6154031 -0.8178535 0 -0.5754266 -0.756824 0 -0.6536188 -0.756824 0 -0.6536188 -0.7568241 0 -0.6536188 -0.7882305 0 -0.6153801 -0.7572727 0 -0.653099 -0.7241458 0 -0.6896469 -0.724157 0 -0.6896351 0 -1 3.78001e-7 0 -1 -2.51945e-7 0 -1 0 0 -1 -2.52422e-7 0 -1 0 0 -1 5.05008e-7 0 -1 -1.01149e-6 0 -1 5.31124e-6 0 -1 2.11295e-7 0 -1 -1.13838e-6 0 -1 1.69147e-7 0 -1 2.5452e-7 0 -1 8.50672e-7 0 -1 0 0 -1 5.9577e-7 0 -1 -1.71061e-7 0 -1 -2.66706e-6 0 -1 4.08227e-7 0 -1 3.85228e-7 0 -1 -5.38631e-6 0 -1 -1.72021e-7 0 -1 -5.43242e-6 0 -1 7.13935e-7 0 -1 -3.46592e-7 0 -1 3.48005e-7 0 -1 -6.57522e-7 0 -1 2.63697e-7 0 -1 -3.53633e-7 0 -1 -6.12398e-7 0 -1 5.53294e-7 0 -1 1.40009e-6 0 -1 0 0 -1 -2.69734e-7 0 -1 7.93957e-7 0 -1 1.42903e-6 0 -1 -2.72935e-7 0 -1 -8.62727e-7 0 -1 1.43178e-6 0 -1 5.72495e-6 0 -1 -5.68272e-6 0 -1 5.77061e-6 0 -1 -1.45227e-6 0 -1 1.46714e-6 0 -1 -6.02265e-6 0 -1 6.16812e-6 0 -1 1.59977e-6 0 -1 -3.2874e-6 0 -1 3.54912e-6 0 -1 3.88682e-6 0 -1 -5.09871e-6 0 -1 -1.06528e-5 0 -1 6.17955e-6 0 -1 3.00699e-7 0 -1 -1.35141e-6 0 -1 5.44166e-7 0 -1 0 0 -1 -1.84375e-7 0 -1 3.5688e-7 0 -1 -8.19708e-7 0 -1 -4.66516e-7 0 -1 0 0 -1 -3.02166e-7 0 -1 -8.04054e-7 0 -1 0 0 -1 1.86044e-7 0 -1 -4.27088e-6 0 -1 3.30206e-7 0 -1 -6.18888e-7 0 -1 8.6874e-7 0 -1 -2.87823e-7 0 -1 1.79696e-7 0 -1 5.53636e-6 0 -1 4.29818e-7 0 -1 -5.94728e-6 0 -1 -2.87282e-7 0 -1 7.60163e-7 0 -1 -1.15861e-6 0 -1 -2.16951e-7 0 -1 5.11668e-7 0 -1 8.86399e-6 0 -1 -9.22582e-7 0 -1 1.19066e-6 0 -1 0 0 -1 0 0 -1 -5.39904e-7 0 -1 -1.82375e-5 0 -1 7.03088e-7 0 -1 2.55415e-5 0 -1 -3.21612e-7 0 -1 0 0 -1 6.13726e-7 0 -1 1.30161e-7 0 -1 4.74314e-7 0 -1 -1.42278e-6 0 -1 9.1476e-7 0 -1 -1.471e-6 0 -1 -6.13702e-7 0 -1 -5.6344e-7 0 -1 8.66076e-7 0 -1 -5.47062e-7 0 -1 0 0 -1 -2.06271e-6 0 -1 3.07955e-7 0 -1 -1.40287e-7 0 -1 2.45137e-6 0 -1 -1.84308e-6 0 -1 -2.33332e-6 0 -1 3.06673e-6 0 -1 -8.06244e-6 0 -1 -4.88593e-6 0 -1 0 0 -1 0 0 -1 -4.12378e-6 0 -1 -2.49544e-6 0 -1 5.56574e-6 0 -1 -1.92144e-6 0 -1 4.03236e-6 0 -1 1.17841e-6 0 -1 -5.2246e-6 0 -1 4.50369e-6 0 -1 4.20095e-6 0 -1 -1.01643e-5 0 -1 -3.24317e-7 0 -1 -1.99414e-6 0 -1 2.40534e-6 0 -1 -2.63223e-7 0 -1 -1.45322e-6 0 -1 5.87401e-7 0 -1 0 0 -1 1.43073e-6 0 -1 0 0 -1 -1.43388e-6 0 -1 1.79762e-7 0 -1 0 0 -1 -2.65238e-7 0 -1 4.39548e-7 0 -1 3.48057e-7 0 -1 -2.59864e-7 0 -1 2.58079e-7 0 -1 -1.7108e-7 0 -1 2.54535e-7 0 -1 -3.3814e-7 0 -1 -1.01152e-6 0 -1 5.05022e-7 0 -1 0 0 -1 -1.34351e-6 0 -1 1.65487e-6 0 -1 -2.69355e-6 0 -1 -1.3365e-6 0 -1 -1.0075e-6 0 -1 -1.01798e-6 0 -1 1.70623e-6 0 -1 2.60569e-7 0 -1 1.41641e-6 0 -1 -1.42482e-6 0 -1 0 0 -1 1.4412e-6 0 -1 -1.60125e-6 0 -1 5.40527e-6 0 -1 -5.05515e-6 0 -1 1.08792e-5 0 -1 -3.50758e-6 0 -1 -1.2996e-6 0 -1 5.07152e-6 0 -1 -4.32183e-6 0 -1 2.04182e-6 0 -1 -1.99329e-6 0 -1 5.18235e-7 0 -1 3.96863e-6 0 -1 -3.56376e-6 0 -1 9.02696e-7 0 -1 -1.52157e-6 0 -1 -8.3866e-7 0 -1 4.45399e-6 0 -1 1.52315e-6 0 -1 -7.35524e-7 0 -1 -2.78495e-6 0 -1 -2.94348e-6 0 -1 1.12624e-6 0 -1 5.67762e-6 0 -1 -8.55276e-6 0 -1 1.75757e-6 0 -1 -7.79717e-7 0 -1 0 0 -1 -1.59182e-6 0 -1 0 0 -1 0 0 -1 6.91318e-7 0 -1 -7.58609e-7 0 -1 2.07091e-6 0 -1 0 0 -1 6.34601e-7 0 -1 0 0 -1 1.60106e-6 0 -1 2.56858e-7 0 -1 -1.53532e-6 0 -1 0 0 -1 1.26775e-6 0 -1 -2.47466e-6 0 -1 0 0 -1 6.71609e-7 0 -1 -7.61352e-7 0 -1 1.42434e-6 0 -1 0 0 -1 -1.15467e-6 0 -1 -3.02143e-6 0 -1 3.37066e-7 0 -1 0 0 -1 -4.27983e-6 0 -1 6.05998e-6 0 -1 5.52715e-7 0 -1 -1.33994e-6 0 -1 0 0 -1 0 0 -1 -4.84116e-6 0 -1 0 0 -1 0 0 -1 0 0 -1 -9.66702e-7 0 -1 5.83776e-6 0 -1 1.57232e-7 0 -1 0 0 -1 -6.14292e-7 0 -1 -5.74844e-7 0 -1 0 0 -1 5.67337e-6 0 -1 -2.71871e-6 0 -1 1.22655e-6 0 -1 -8.32284e-7 0 -1 0 0 -1 1.63884e-6 0 -1 0 0 -1 0 0 -1 0 0 -1 -2.22817e-6 0 -1 -3.6893e-7 0 -1 0 0 -1 5.52272e-6 0 -1 -3.02003e-6 0 -1 -1.82595e-7 0 -1 0 0 -1 -5.05894e-7 0 -1 0 0 -1 0 0 -1 2.16512e-7 0 -1 0 0 -1 -1.33078e-6 0 -1 0 0 -1 -3.20063e-6 0 -1 5.51559e-6 0 -1 7.16328e-7 0 -1 0 0 -1 6.95142e-7 0 -1 0 0 -1 0 0 -1 -5.60716e-6 0 -1 4.67625e-6 0 -1 0 0 -1 0 0 -1 -2.26803e-6 0 -1 9.41942e-7 0 -1 -1.15263e-6 0 -1 0 0 -1 1.76554e-6 0 -1 -1.15647e-6 0 -1 6.20426e-7 0 -1 0 0 -1 -5.82605e-6 0 -1 2.15011e-6 0 -1 3.30249e-7 0 -1 0 0 -1 -3.27508e-6 0 -1 1.86203e-7 0 -1 0 0 -1 0 0 -1 -2.28652e-6 0 -1 1.19247e-6 0 -1 0 0 -1 0 0 -1 4.64941e-6 0 -1 -6.20211e-6 0 -1 5.7358e-7 0 -1 -1.21049e-6 0 -1 0 0 -1 -4.05236e-7 0 -1 -7.43774e-7 0 -1 0 0 -1 -1.18273e-6 0 -1 3.56729e-7 0 -1 6.83362e-6 0 -1 -9.07839e-6 0 -1 1.22147e-7 0 -1 -1.28147e-6 0 -1 0 0 -1 1.81638e-6 0 -1 2.51227e-7 0 -1 7.40534e-6 0 -1 3.46388e-7 0 -1 0 0 -1 -3.24303e-7 0 -1 -6.24049e-7 0 -1 1.16606e-6 0 -1 0 0 -1 5.57336e-7 0 -1 8.40451e-7 0 -1 -9.65828e-6 0 -1 7.06374e-6 0 -1 4.76733e-6 0 -1 -1.01305e-5 0 -1 -3.40902e-7 0 -1 -8.81074e-7 0 -1 -7.00317e-7 0 -1 1.99657e-6 0 -1 -3.71437e-6 0 -1 3.29963e-6 0 -1 -2.92034e-6 0 -1 3.25026e-7 0 -1 -8.86477e-7 0 -1 1.50196e-7 0 -1 4.42444e-6 0 -1 1.31289e-5 0 -1 -1.49683e-5 0 -1 2.68499e-7 0 -1 -8.8724e-7 0 -1 -3.82967e-7 0 -1 -8.49185e-6 0 -1 6.30761e-7 0 -1 -4.6237e-7 0 -1 0 0 -1 0 0 -1 1.306e-6 0 -1 -1.10056e-6 0 -1 -3.06594e-7 0 -1 6.50111e-6 0 -1 0 0 -1 -6.28393e-6 0 -1 0 0 -1 -3.6892e-7 0 -1 -1.82582e-7 0 -1 1.17411e-6 0 -1 5.92291e-6 0 -1 -2.16829e-7 0 -1 2.16516e-7 0 -1 -2.87397e-7 0 -1 -5.72606e-6 0 -1 7.16328e-7 0 -1 5.71298e-6 0 -1 1.79818e-7 0 -1 -1.15178e-6 0 -1 8.6344e-7 0 -1 -1.15254e-6 0 -1 8.6941e-7 0 -1 -5.95269e-7 0 -1 8.75894e-7 0 -1 6.47426e-7 0 -1 0 0 -1 -5.64946e-6 0 -1 -5.53392e-7 0 -1 6.12111e-7 0 -1 1.18067e-6 0 -1 -7.07508e-7 0 -1 5.55815e-6 0 -1 -7.45104e-7 0 -1 1.19238e-6 0 -1 0 0 -1 5.45137e-6 0 -1 -7.13705e-7 0 -1 -3.05915e-7 0 -1 9.84152e-7 0 -1 -4.08309e-7 0 -1 8.22062e-7 0 -1 -5.37149e-6 0 -1 0 0 -1 5.10484e-7 0 -1 -2.37853e-7 0 -1 -2.10797e-7 0 -1 -2.11274e-7 0 -1 -2.03568e-7 0 -1 0 0 -1 -1.09361e-6 0 -1 5.86278e-7 0 -1 1.34409e-6 0 -1 -1.3478e-6 0 -1 3.89756e-7 0 -1 0 0 -1 1.44529e-6 0 -1 0 0 -1 -1.44385e-7 0 -1 0 0 -1 -2.53239e-7 0 -1 1.79682e-6 0 -1 -3.51527e-6 0 -1 -1.96516e-6 0 -1 9.99849e-7 0 -1 -2.11149e-6 0 -1 4.93223e-7 0 -1 2.29307e-6 0 -1 0 0 -1 1.79394e-6 0 -1 -2.53365e-6 0 -1 -2.88125e-6 0 -1 3.41231e-7 0 -1 1.34648e-6 0 -1 -3.15931e-6 0 -1 1.35303e-6 0 -1 -1.35766e-6 0 -1 1.25479e-6 0 -1 -6.84257e-7 0 -1 2.36405e-6 0 -1 -6.88235e-7 0 -1 1.69665e-7 0 -1 6.93289e-7 0 -1 6.01999e-7 0 -1 1.13749e-6 0 -1 -5.30583e-6 0 -1 -4.6651e-6 0 -1 5.85676e-6 0 -1 -5.45025e-6 0 -1 6.52019e-7 0 -1 2.82626e-6 0 -1 0 0 -1 -1.2865e-6 0 -1 2.64341e-6 0 -1 -1.92692e-6 0 -1 2.57789e-7 0 -1 -3.6714e-7 0 -1 8.13438e-7 0 -1 -2.00194e-6 0 -1 2.76233e-6 0 -1 -1.13923e-6 0 -1 -7.99167e-7 0 -1 1.16396e-6 0 -1 -1.04851e-6 0 -1 7.44826e-7 0 -1 -7.36056e-7 0 -1 0 0 -1 8.08159e-7 0 -1 -9.83544e-7 0 -1 1.77674e-7 0 -1 -4.45997e-7 0 -1 3.5688e-7 0 -1 8.06632e-7 0 -1 2.9177e-6 0 -1 0 0 -1 4.53497e-6 0 -1 -7.37095e-6 0 -1 -2.95623e-6 0 -1 0 0 -1 6.55053e-7 0 -1 0 0 -1 4.0222e-6 0 -1 -6.58644e-6 0 -1 2.98933e-6 0 -1 -6.37512e-6 0 -1 0 0 -1 0 0 -1 -3.01812e-6 0 -1 0 0 -1 6.05376e-6 0 -1 0 0 -1 0 0 -1 5.83757e-6 0 -1 -9.66702e-7 0 -1 0 0 -1 -6.14898e-7 0 -1 0 0 -1 5.67917e-6 0 -1 -2.71605e-6 0 -1 0 0 -1 0 0 -1 0 0 -1 -2.23031e-6 0 -1 0 0 -1 -3.01714e-6 0 -1 5.52272e-6 0 -1 0 0 -1 0 0 -1 0 0 -1 0 0 -1 -1.3321e-6 0 -1 5.51575e-6 0 -1 -3.19753e-6 0 -1 0 0 -1 6.95121e-7 0 -1 0 0 -1 -5.60168e-6 0 -1 4.68102e-6 0 -1 0 0 -1 0 0 -1 -2.26577e-6 0 -1 0 0 -1 1.76728e-6 0 -1 0 0 -1 -5.83218e-6 0 -1 2.14788e-6 0 -1 0 0 -1 -3.27519e-6 0 -1 0 0 -1 0 0 -1 0 0 -1 0 0 -1 0 0 -1 0 0 -1 0 0 -1 0 0 -1 0 0 -1 0 0 -1 0 0 -1 0 0 -1 0 0 -1 0 0 -1 0 0 -1 -7.3024e-7 0 -1 5.86135e-7 0 -1 0 0 -1 -4.07311e-7 0 -1 1.84357e-7 0 -1 -5.55178e-7 0 -1 1.15746e-6 0 -1 -1.50486e-6 0 -1 -5.05301e-7 0 -1 1.25281e-6 0 -1 0 0 -1 -4.9775e-7 0 -1 0 0 -1 -1.63904e-6 0 -1 -7.51097e-7 0 -1 0 0 -1 1.86043e-7 0 -1 1.78859e-7 0 -1 -2.93497e-7 0 -1 6.79288e-7 0 -1 9.03137e-7 0 -1 0 0 -1 -1.02993e-6 0 -1 -2.87804e-7 0 -1 -2.01673e-6 0 -1 1.79697e-7 0 -1 -1.38877e-6 0 -1 2.86225e-6 0 -1 4.29755e-7 0 -1 -1.9933e-6 0 -1 2.40548e-6 0 -1 4.70624e-7 0 -1 -2.1695e-7 0 -1 -3.65445e-7 0 -1 1.16674e-6 0 -1 5.87648e-7 0 -1 -9.22543e-7 0 -1 -1.46674e-6 0 -1 -3.73948e-7 0 -1 2.60992e-6 0 -1 -8.31888e-7 0 -1 -5.0177e-6 0 -1 9.34781e-7 0 -1 -8.09917e-7 0 -1 1.22261e-6 0 -1 -5.9743e-7 0 -1 -2.73409e-7 0 -1 3.26247e-6 0 -1 -3.21584e-7 0 -1 1.26867e-6 0 -1 -5.30055e-6 0 -1 0 0 -1 -7.77865e-7 0 -1 6.13793e-7 0 -1 -2.25893e-6 0 -1 1.30154e-7 0 -1 -5.55381e-6 0 -1 4.7436e-7 0 -1 -5.86403e-7 0 -1 5.89184e-7 0 -1 -5.53346e-7 0 -1 -1.16187e-6 0 -1 2.43386e-7 0 -1 1.28722e-6 0 -1 2.31869e-6 0 -1 0 0 -1 0 0 -1 -4.15003e-6 0 -1 1.59211e-7 0 -1 2.35058e-6 0 -1 1.54572e-6 0 -1 -3.80673e-6 0 -1 -2.52274e-7 0 -1 1.61895e-6 0 -1 8.07045e-7 0 -1 4.76875e-6 0 -1 -2.69044e-7 0 -1 -8.92802e-6 0 -1 0 0 -1 -1.7777e-7 0 -1 4.46768e-7 0 -1 -6.28277e-7 0 -1 0 0 -1 9.19324e-7 0 -1 -1.90457e-7 0 -1 3.88056e-7 0 -1 6.18068e-7 0 -1 -1.48897e-6 0 -1 5.26207e-6 0 -1 7.21884e-7 0 -1 -8.15196e-6 0 -1 5.25074e-6 0 -1 -2.4625e-6 0 -1 -1.70719e-6 0 -1 -1.59368e-6 0 -1 2.50341e-6 0 -1 3.57936e-7 0 -1 0 0 -1 -1.96302e-6 0 -1 -1.52189e-6 0 -1 5.76399e-6 0 -1 -4.78586e-6 0 -1 2.20371e-6 0 -1 -2.09476e-6 0 -1 5.32829e-7 0 -1 3.86781e-6 0 -1 -3.39457e-6 0 -1 8.37143e-7 0 -1 -1.37569e-6 0 -1 -7.37454e-7 0 -1 3.8203e-6 0 -1 -7.05748e-6 0 -1 0 0 -1 2.10147e-6 0 -1 3.86189e-6 0 -1 -4.04005e-7 0 -1 -1.49376e-6 0 -1 2.27794e-7 0 -1 1.55099e-6 0 -1 -1.95059e-6 0 -1 9.17383e-7 0 -1 -2.29063e-6 0 -1 2.33034e-6 0 -1 0 0 -1 1.18148e-6 0 -1 -1.94663e-6 0 -1 1.8749e-6 0 -1 2.67509e-7 0 -1 -4.44974e-6 0 -1 -5.73723e-7 0 -1 3.56841e-7 0 -1 -8.74973e-7 0 -1 3.53635e-7 0 -1 -2.03303e-6 0 -1 -7.03148e-7 0 -1 6.90177e-7 0 -1 -6.95991e-7 0 -1 -2.00481e-6 0 -1 1.69451e-7 0 -1 7.22497e-7 0 -1 2.11745e-6 0 -1 3.36311e-6 0 -1 -6.84167e-7 0 -1 1.58339e-6 0 -1 -6.78802e-7 0 -1 -4.67097e-6 0 -1 -7.48853e-7 0 -1 -2.61082e-6 0 -1 1.34928e-6 0 -1 1.34877e-6 0 -1 1.34592e-6 0 -1 -1.241e-6 0 -1 -2.27087e-6 0 -1 -9.0973e-7 0 -1 1.34362e-6 0 -1 4.61967e-7 0 -1 -1.08743e-6 0 -1 1.04469e-6 0 -1 0 0 -1 4.8702e-7 0 -1 0 0 -1 0 0 -1 0 0 1 1.68e-7 0 1 5.04211e-7 0 1 -2.09954e-7 0 1 0 0 1 -4.20414e-7 0 1 7.15196e-7 0 1 -3.37165e-7 0 1 3.36672e-7 0 1 -5.29526e-6 0 1 1.26486e-7 0 1 3.8033e-7 0 1 -5.93879e-7 0 1 7.61162e-7 0 1 -5.33413e-6 0 1 8.91446e-7 0 1 -5.95471e-7 0 1 -4.27652e-7 0 1 -1.7022e-7 0 1 2.66706e-6 0 1 1.11288e-6 0 1 -6.44568e-7 0 1 2.58032e-7 0 1 5.62494e-7 0 1 -2.59944e-7 0 1 -3.70801e-7 0 1 0 0 1 -1.76817e-7 0 1 1.75798e-7 0 1 5.53943e-6 0 1 -4.75833e-7 0 1 -2.67228e-7 0 1 0 0 1 -4.61734e-7 0 1 -1.81957e-7 0 1 6.23555e-7 0 1 1.43178e-6 0 1 5.72495e-6 0 1 -1.42603e-6 0 1 -5.68272e-6 0 1 5.77061e-6 0 1 -6.02265e-6 0 1 6.16812e-6 0 1 -3.54912e-6 0 1 3.71802e-6 0 1 9.10448e-6 0 1 -1.06528e-5 0 1 -5.59334e-6 0 1 6.93366e-6 0 1 -1.16301e-5 0 1 -7.9532e-7 0 1 -2.22342e-7 0 1 2.85183e-7 0 1 -5.0703e-7 0 1 -1.28633e-6 0 1 8.3272e-7 0 1 7.7149e-7 0 1 -6.99773e-7 0 1 0 0 1 0 0 1 -2.68018e-7 0 1 0 0 1 -4.10752e-6 0 1 -1.48835e-7 0 1 1.19897e-6 0 1 -3.66895e-7 0 1 9.46535e-7 0 1 4.6715e-6 0 1 1.80988e-7 0 1 1.7989e-7 0 1 -1.43757e-7 0 1 -1.14864e-6 0 1 5.53636e-6 0 1 -8.59636e-7 0 1 1.14628e-6 0 1 0 0 1 7.96361e-7 0 1 1.80793e-7 0 1 -4.02025e-7 0 1 2.2142e-7 0 1 -1.86951e-7 0 1 1.02103e-6 0 1 -6.17034e-7 0 1 5.46846e-7 0 1 1.20605e-7 0 1 -6.15779e-7 0 1 -7.40704e-7 0 1 1.33971e-6 0 1 4.55565e-7 0 1 4.06555e-7 0 1 1.87643e-7 0 1 1.30105e-6 0 1 6.91494e-7 0 1 -1.61149e-6 0 1 0 0 1 -1.69837e-6 0 1 2.59134e-7 0 1 4.91479e-7 0 1 1.82248e-7 0 1 -2.06271e-6 0 1 5.43449e-7 0 1 0 0 1 2.45137e-6 0 1 1.23622e-6 0 1 -2.73069e-6 0 1 -2.55008e-6 0 1 -6.21025e-6 0 1 0 0 1 -3.63731e-6 0 1 3.49892e-6 0 1 -5.42075e-6 0 1 -1.99394e-6 0 1 5.30645e-6 0 1 -1.84285e-6 0 1 0 0 1 5.11493e-6 0 1 -2.41102e-6 0 1 -3.34166e-6 0 1 1.56085e-6 0 1 4.99574e-6 0 1 -7.4554e-7 0 1 -4.97744e-6 0 1 3.1234e-6 0 1 1.48654e-6 0 1 -1.47156e-6 0 1 -9.33301e-7 0 1 1.45322e-6 0 1 -6.13936e-7 0 1 0 0 1 -1.43073e-6 0 1 1.81978e-7 0 1 -1.42864e-6 0 1 0 0 1 0 0 1 -3.51639e-7 0 1 0 0 1 2.75476e-6 0 1 -2.59864e-7 0 1 -4.27699e-7 0 1 1.6907e-7 0 1 -5.93915e-7 0 1 2.68148e-6 0 1 3.36682e-7 0 1 -3.37173e-7 0 1 4.62378e-7 0 1 -4.46816e-6 0 1 1.34529e-6 0 1 -2.36204e-6 0 1 2.08829e-7 0 1 1.72114e-6 0 1 -1.36094e-6 0 1 -3.09634e-6 0 1 -5.07605e-6 0 1 1.38449e-6 0 1 1.39581e-6 0 1 -7.38279e-7 0 1 -1.42482e-6 0 1 4.94055e-6 0 1 -1.37885e-6 0 1 -6.889e-7 0 1 -1.48136e-6 0 1 0 0 1 -4.84143e-6 0 1 4.7926e-6 0 1 -6.60762e-7 0 1 -1.54611e-6 0 1 9.02696e-7 0 1 2.57579e-6 0 1 -2.20994e-6 0 1 1.24489e-6 0 1 -1.87011e-6 0 1 2.2315e-6 0 1 -4.29955e-6 0 1 -3.11409e-7 0 1 4.59341e-6 0 1 7.95052e-6 0 1 -9.33971e-6 0 1 8.54779e-6 0 1 -5.90421e-6 0 1 -7.6364e-7 0 1 1.77426e-6 0 1 4.70372e-6 0 1 -1.15251e-6 0 1 0 0 1 1.80678e-6 0 1 0 0 1 0 0 1 -1.31631e-6 0 1 1.91061e-6 0 1 3.07252e-7 0 1 -1.69892e-6 0 1 0 0 1 -7.42118e-7 0 1 2.07091e-6 0 1 1.6227e-6 0 1 -8.29863e-7 0 1 0 0 1 -8.27515e-7 0 1 0 0 1 -7.23871e-7 0 1 0 0 1 0 0 1 9.90429e-7 0 1 0 0 1 -2.25256e-7 0 1 0 0 1 6.49222e-7 0 1 1.06589e-6 0 1 0 0 1 -1.11618e-6 0 1 3.65659e-6 0 1 0 0 1 0 0 1 -1.3825e-6 0 1 1.264e-7 0 1 0 0 1 1.56734e-6 0 1 0 0 1 -1.84238e-7 0 1 0 0 1 0 0 1 -5.54171e-6 0 1 0 0 1 2.80307e-7 0 1 0 0 1 -2.38173e-6 0 1 5.83776e-6 0 1 0 0 1 0 0 1 1.26816e-6 0 1 -9.82702e-7 0 1 0 0 1 0 0 1 -2.69132e-6 0 1 2.6826e-7 0 1 0 0 1 -5.51955e-6 0 1 0 0 1 0 0 1 3.74747e-6 0 1 0 0 1 0 0 1 0 0 1 -6.35426e-6 0 1 -3.6893e-7 0 1 0 0 1 5.52272e-6 0 1 -2.24437e-6 0 1 0 0 1 1.17393e-6 0 1 0 0 1 -5.49703e-6 0 1 0 0 1 0 0 1 4.69294e-6 0 1 0 0 1 0 0 1 -2.67234e-6 0 1 3.9519e-7 0 1 0 0 1 2.58335e-7 0 1 -5.73062e-7 0 1 0 0 1 3.48389e-6 0 1 7.55288e-7 0 1 0 0 1 1.1469e-6 0 1 -5.60716e-6 0 1 -6.83511e-7 0 1 0 0 1 -6.52198e-6 0 1 2.536e-7 0 1 0 0 1 2.55434e-6 0 1 5.73855e-6 0 1 0 0 1 0 0 1 0 0 1 2.23125e-6 0 1 -5.82605e-6 0 1 8.07276e-7 0 1 0 0 1 -5.92832e-6 0 1 2.15777e-6 0 1 -1.48962e-7 0 1 0 0 1 -3.5905e-6 0 1 1.19247e-6 0 1 -2.2544e-7 0 1 0 0 1 -3.82049e-6 0 1 -2.29432e-7 0 1 0 0 1 -3.22903e-6 0 1 5.48044e-7 0 1 0 0 1 6.57597e-6 0 1 -4.76415e-6 0 1 -1.25502e-6 0 1 8.32369e-7 0 1 0 0 1 6.83362e-6 0 1 -6.47864e-6 0 1 -9.77173e-7 0 1 0 0 1 3.80576e-6 0 1 2.09356e-7 0 1 0 0 1 7.40534e-6 0 1 3.03089e-7 0 1 0 0 1 0 0 1 0 0 1 -2.22568e-7 0 1 -4.1696e-7 0 1 7.20057e-7 0 1 0 0 1 -4.09031e-6 0 1 4.64926e-6 0 1 -4.89697e-6 0 1 5.55161e-6 0 1 1.80375e-5 0 1 -1.07517e-5 0 1 -4.48482e-6 0 1 7.09123e-6 0 1 -3.5831e-6 0 1 5.60301e-7 0 1 -3.61411e-6 0 1 4.99533e-7 0 1 0 0 1 2.12288e-6 0 1 3.14192e-7 0 1 -4.74934e-7 0 1 -1.66416e-6 0 1 3.16175e-6 0 1 -2.2049e-6 0 1 1.81749e-6 0 1 -3.84469e-7 0 1 -1.56505e-6 0 1 -1.49683e-5 0 1 -1.19604e-6 0 1 -3.50226e-7 0 1 1.53563e-6 0 1 -5.63186e-7 0 1 -3.26256e-7 0 1 8.00102e-6 0 1 5.67454e-7 0 1 -6.1566e-7 0 1 1.306e-6 0 1 2.80242e-7 0 1 2.75141e-7 0 1 -6.51512e-7 0 1 6.50111e-6 0 1 -1.89166e-7 0 1 -6.28393e-6 0 1 0 0 1 -3.6892e-7 0 1 0 0 1 5.92291e-6 0 1 1.80691e-7 0 1 0 0 1 0 0 1 -5.72606e-6 0 1 -5.73062e-7 0 1 5.71298e-6 0 1 1.00698e-6 0 1 -9.7137e-7 0 1 1.81127e-7 0 1 -6.2375e-7 0 1 1.82478e-7 0 1 4.61643e-7 0 1 -8.78944e-7 0 1 -1.15745e-6 0 1 4.75917e-7 0 1 1.18067e-6 0 1 1.48949e-7 0 1 0 0 1 3.70729e-7 0 1 0 0 1 -5.62313e-7 0 1 0 0 1 5.44022e-6 0 1 -7.30658e-7 0 1 2.56735e-7 0 1 -3.91458e-7 0 1 5.37149e-6 0 1 -7.65726e-7 0 1 4.66922e-7 0 1 1.9821e-7 0 1 -3.80293e-7 0 1 -1.26478e-7 0 1 1.26212e-6 0 1 -1.28147e-6 0 1 -7.15055e-7 0 1 4.2044e-7 0 1 -1.31336e-6 0 1 5.86278e-7 0 1 3.89756e-7 0 1 -2.22577e-7 0 1 1.24785e-6 0 1 -1.49407e-6 0 1 -1.92513e-7 0 1 -1.34349e-6 0 1 5.57825e-7 0 1 -7.96474e-7 0 1 1.72044e-6 0 1 -3.93927e-7 0 1 -1.43746e-6 0 1 4.54917e-7 0 1 1.34477e-6 0 1 7.41824e-7 0 1 -4.57993e-7 0 1 3.84941e-7 0 1 -1.58038e-6 0 1 -7.79956e-7 0 1 -2.57733e-6 0 1 -1.33844e-6 0 1 1.77304e-6 0 1 -4.24162e-7 0 1 -2.62497e-7 0 1 6.26187e-7 0 1 4.48129e-7 0 1 -1.7844e-7 0 1 -6.24395e-7 0 1 -1.77674e-7 0 1 1.07296e-6 0 1 -8.97954e-7 0 1 9.06254e-7 0 1 -1.01208e-6 0 1 4.65516e-7 0 1 -3.81278e-7 0 1 7.75974e-7 0 1 2.99688e-7 0 1 -1.03566e-6 0 1 5.31218e-7 0 1 -1.22341e-6 0 1 6.97233e-7 0 1 -6.119e-7 0 1 -6.44473e-7 0 1 2.2022e-6 0 1 -2.64341e-6 0 1 4.82439e-7 0 1 2.97121e-6 0 1 -3.411e-6 0 1 2.28206e-6 0 1 2.2815e-6 0 1 1.20139e-6 0 1 -2.05264e-6 0 1 -8.92344e-6 0 1 -3.63948e-7 0 1 9.17196e-7 0 1 0 0 1 0 0 1 0 0 1 -5.12859e-6 0 1 0 0 1 -6.09932e-6 0 1 6.81221e-6 0 1 -3.06976e-6 0 1 0 0 1 6.09858e-6 0 1 0 0 1 -6.37512e-6 0 1 -1.82513e-6 0 1 0 0 1 0 0 1 3.65258e-6 0 1 0 0 1 0 0 1 0 0 1 5.83757e-6 0 1 -2.38173e-6 0 1 0 0 1 -2.69397e-6 0 1 0 0 1 -5.51416e-6 0 1 0 0 1 0 0 1 -6.36037e-6 0 1 0 0 1 5.52272e-6 0 1 -2.24222e-6 0 1 0 0 1 0 0 1 -5.5023e-6 0 1 0 0 1 0 0 1 -2.67499e-6 0 1 2.58084e-7 0 1 0 0 1 3.48378e-6 0 1 0 0 1 -5.60168e-6 0 1 1.14807e-6 0 1 0 0 1 0 0 1 -6.51547e-6 0 1 0 0 1 2.55686e-6 0 1 0 0 1 -5.83218e-6 0 1 2.22893e-6 0 1 0 0 1 -5.92218e-6 0 1 2.15784e-6 0 1 0 0 1 0 0 1 0 0 1 0 0 1 0 0 1 0 0 1 0 0 1 0 0 1 0 0 1 0 0 1 0 0 1 0 0 1 0 0 1 0 0 1 0 0 1 0 0 1 0 0 1 0 0 1 0 0 1 0 0 1 0 0 1 0 0 1 3.43642e-7 0 1 -7.53603e-7 0 1 -2.22344e-7 0 1 -1.62924e-7 0 1 -1.38268e-7 0 1 0 0 1 -3.37592e-7 0 1 5.05301e-7 0 1 3.526e-7 0 1 -7.9618e-7 0 1 3.00439e-7 0 1 -2.52292e-7 0 1 1.73708e-6 0 1 -1.48835e-7 0 1 -1.28182e-6 0 1 -9.90554e-7 0 1 5.82247e-7 0 1 4.74086e-7 0 1 1.70207e-6 0 1 2.89044e-7 0 1 -1.06808e-6 0 1 1.79877e-7 0 1 3.00363e-7 0 1 -1.43757e-7 0 1 -1.91554e-7 0 1 2.86503e-7 0 1 -7.45227e-7 0 1 3.95004e-7 0 1 3.12358e-6 0 1 -1.14915e-6 0 1 5.06826e-7 0 1 1.80792e-7 0 1 -1.16674e-6 0 1 -1.46178e-7 0 1 -6.14195e-7 0 1 2.2141e-7 0 1 1.6235e-6 0 1 -4.86132e-7 0 1 1.34155e-7 0 1 0 0 1 -2.22413e-6 0 1 -8.87052e-7 0 1 -4.40448e-6 0 1 5.05587e-6 0 1 8.20226e-7 0 1 -1.27695e-6 0 1 -1.26867e-6 0 1 1.20594e-7 0 1 -5.22794e-6 0 1 6.97964e-7 0 1 4.11157e-6 0 1 -7.40785e-7 0 1 -3.45356e-6 0 1 1.37738e-6 0 1 -9.32771e-7 0 1 4.06594e-7 0 1 -1.31354e-6 0 1 1.5478e-6 0 1 -6.38282e-7 0 1 -1.25475e-5 0 1 5.50241e-6 0 1 -4.56248e-6 0 1 6.8114e-6 0 1 -1.63146e-6 0 1 5.79644e-7 0 1 -7.83527e-7 0 1 1.11447e-6 0 1 -3.70539e-6 0 1 9.54757e-7 0 1 2.57445e-7 0 1 -3.6508e-7 0 1 2.55611e-6 0 1 0 0 1 -2.1271e-7 0 1 3.09034e-7 0 1 -4.98669e-7 0 1 -1.04751e-6 0 1 -2.79198e-7 0 1 6.43527e-7 0 1 -1.81413e-7 0 1 5.38523e-7 0 1 -3.57415e-7 0 1 -5.33309e-7 0 1 8.89363e-7 0 1 -1.79363e-7 0 1 4.48358e-7 0 1 0 0 1 6.66288e-7 0 1 1.85272e-6 0 1 -1.28703e-6 0 1 -4.3313e-6 0 1 -6.19754e-6 0 1 -5.82419e-7 0 1 2.77759e-7 0 1 0 0 1 -2.16604e-6 0 1 3.58799e-6 0 1 -1.85306e-6 0 1 -1.51614e-6 0 1 4.04966e-7 0 1 1.68815e-6 0 1 -4.10956e-6 0 1 3.96943e-6 0 1 -3.58283e-6 0 1 7.14051e-6 0 1 1.67398e-6 0 1 -1.68668e-5 0 1 0 0 1 4.11074e-6 0 1 -5.81024e-7 0 1 -1.39788e-6 0 1 8.37143e-7 0 1 2.4535e-6 0 1 -2.1538e-6 0 1 0 0 1 1.27995e-6 0 1 -1.96531e-6 0 1 2.40843e-6 0 1 -4.76119e-6 0 1 -3.53929e-7 0 1 5.37908e-6 0 1 -1.69038e-6 0 1 -9.04777e-7 0 1 -1.01415e-6 0 1 5.63267e-7 0 1 3.65217e-6 0 1 -6.18855e-6 0 1 3.84765e-7 0 1 5.9175e-6 0 1 -1.45866e-6 0 1 1.7354e-6 0 1 -7.13356e-7 0 1 -3.63888e-7 0 1 0 0 1 3.59452e-7 0 1 4.37486e-7 0 1 4.45536e-6 0 1 -7.03148e-7 0 1 6.03905e-7 0 1 -1.40273e-6 0 1 -4.69211e-7 0 1 -4.23629e-7 0 1 -2.42249e-6 0 1 -7.62283e-7 0 1 1.37512e-6 0 1 -1.36968e-6 0 1 1.05097e-6 0 1 1.25004e-6 0 1 1.3614e-6 0 1 -4.17051e-7 0 1 1.66412e-7 0 1 2.36217e-6 0 1 2.81294e-6 0 1 -1.4451e-6 0 1 1.53e-6 0 0 -1 0.02535134 0 -0.9996787 0.02535128 0 -0.9996787 0.02535134 0 -0.9996787 0.0241295 0 -0.9997089 0.0241295 0 -0.999709 0.0241295 0 -0.999709 0.0736559 0 -0.9972838 0.0736559 0 -0.9972838 0.0736559 0 -0.9972838 0.1227089 0 -0.9924428 0.1227089 0 -0.9924428 0.1227089 0 -0.9924428 0.07334482 0 -0.9973067 0.1703732 0 -0.9853797 0.122471 0 -0.9924722 0.122471 0 -0.9924722 0.122471 0 -0.9924722 0.2190128 0 -0.975722 0.2666292 0 -0.9637992 0.2189902 0 -0.9757272 0.3138617 0 -0.9494688 0.2666732 0 -0.963787 0.3596783 0 -0.9330764 0.3138617 0 -0.9494687 0.4055303 0 -0.9140817 0.359637 0 -0.9330923 0.4499625 0 -0.8930475 0.4055104 0 -0.9140904 0.4922982 0 -0.8704267 0.4500003 0 -0.8930285 0.5350756 0 -0.8448043 0.5350756 0 -0.8448043 0.5349541 0 -0.8448812 0.5754339 0 -0.8178483 0.5353355 0 -0.8446396 0.5354164 0 -0.8445883 0.5353355 0 -0.8446396 0.6152063 0 -0.7883662 0.6530767 0 -0.7572919 0.6151916 0 -0.7883778 0.6898769 0 -0.7239267 0.6898769 0 -0.7239267 0.6898769 0 -0.7239268 0.6895298 0 -0.7242574 0.9996932 0 0.02477014 0.9996932 0 0.024769 0.9973058 0 0.07335686 0.9925115 0 0.1221519 0.9925524 0 0.1218189 0.9973059 0 0.07335513 0.9852792 0 0.1709535 0.9852792 0 0.1709535 0.9852792 0 0.1709535 0.9925108 0 0.1221577 0.9925108 0 0.1221577 0.9925108 0 0.1221577 0.9756173 0 0.2194791 0.9756173 0 0.2194791 0.9756173 0 0.2194791 0.9852382 0 0.1711896 0.9852381 0 0.1711896 0.9852382 0 0.1711896 0.963812 0 0.2665829 0.963812 0 0.2665829 0.963812 0 0.2665829 0.9756581 0 0.2192971 0.9756582 0 0.2192971 0.9756581 0 0.2192971 0.9496372 0 0.3133518 0.9496372 0 0.3133518 0.9495921 0 0.3134883 0.963812 0 0.2665829 0.9638376 0 0.2664905 0.963812 0 0.2665829 0.9329282 0 0.3600628 0.9329282 0 0.3600628 0.9329282 0 0.3600628 0.9496949 0 0.3131766 0.9496949 0 0.3131766 0.9496949 0 0.3131766 0.9140214 0 0.4056661 0.9142158 0 0.4052279 0.9328652 0 0.3602257 0.9328652 0 0.3602257 0.9328652 0 0.3602257 0.8932784 0 0.449504 0.8932784 -3.21682e-7 0.4495039 0.8932784 0 0.449504 0.9140213 0 0.4056661 0.8701522 0 0.4927831 0.8701522 0 0.4927831 0.8701522 0 0.4927831 0.8931922 0 0.4496752 0.8931922 0 0.4496753 0.8931922 0 0.4496752 0.8448292 0 0.5350361 0.8448292 0 0.5350361 0.8448293 0 0.5350361 0.8703883 0 0.4923659 0.8177878 0 0.57552 0.8445983 0 0.5354005 0.8446754 0 0.5352792 0.8445983 0 0.5354005 0.7883592 0 0.6152153 0.8176104 0 0.5757721 0.8175275 0 0.5758897 0.8175275 0 0.5758897 0.7572221 0 0.6531577 0.7883412 0 0.6152383 0.7243697 0 0.6894118 0.7243472 0 0.6894354 0 0 1 -0.02455985 0 0.9996984 -0.02458351 0 0.9996978 -0.07333123 0 0.9973077 -0.1226143 0 0.9924545 -0.1226143 0 0.9924545 -0.1228047 0 0.9924309 -0.07330769 0 0.9973095 -0.1705525 0 0.9853487 -0.1705525 0 0.9853487 -0.1705525 0 0.9853487 -0.122828 0 0.992428 -0.122828 0 0.9924281 -0.122828 0 0.992428 -0.219192 0 0.9756817 -0.170624 0 0.9853363 -0.170624 0 0.9853363 -0.170624 0 0.9853363 -0.2667392 0 0.9637687 -0.219192 0 0.9756818 -0.3137102 0 0.9495188 -0.2670846 1.60841e-7 0.9636731 -0.2670846 0 0.9636731 -0.2670846 0 0.9636731 -0.3599547 0 0.9329698 -0.3599547 0 0.9329698 -0.3599547 0 0.9329698 -0.4053822 0 0.9141474 -0.4053822 0 0.9141474 -0.4053822 0 0.9141474 -0.3595281 0 0.9331343 -0.4496788 0 0.8931903 -0.4496788 -1.60853e-7 0.8931903 -0.4498073 0 0.8931257 -0.4056889 0 0.9140112 -0.4921363 0 0.8705182 -0.450088 0 0.8929842 -0.535034 0 0.8448306 -0.535034 0 0.8448306 -0.535034 0 0.8448305 -0.492929 3.05622e-7 0.8700696 -0.492929 0 0.8700696 -0.492929 0 0.8700696 -0.5752912 0 0.8179488 -0.5351319 0 0.8447687 -0.5351319 0 0.8447685 -0.5351319 0 0.8447685 -0.6153832 0 0.7882282 -0.5758717 0 0.8175401 -0.5758717 0 0.8175401 -0.5758717 0 0.8175401 -0.6532058 0 0.7571805 -0.6151186 0 0.7884346 -0.6151186 0 0.7884347 -0.6151186 0 0.7884346 -0.6896948 0 0.7241002 -0.6532058 0 0.7571805 -0.6896948 0 0.7241003 -0.5419135 0 -0.8404343 -0.5419135 0 -0.8404343 -0.5419135 0 -0.8404343 -0.5421004 0 -0.8403139 -0.5421004 0 -0.8403139 -0.5421004 0 -0.8403137 -0.4993526 0 -0.8663989 -0.4993526 0 -0.8663989 -0.4993526 0 -0.8663989 -0.4995889 0 -0.8662627 -0.4995889 0 -0.8662627 -0.4995889 0 -0.8662627 -0.454701 0 -0.8906443 -0.4547008 0 -0.8906442 -0.454701 0 -0.8906443 -0.4533543 0 -0.8913304 -0.4105954 9.32983e-7 -0.9118177 -0.4105956 0 -0.9118177 -0.4105955 1.32548e-7 -0.9118177 -0.4093952 0 -0.9123572 -0.4093952 -2.04646e-7 -0.9123573 -0.4093952 0 -0.9123573 -0.365842 0 -0.930677 -0.3658867 0 -0.9306594 -0.3658866 1.77054e-7 -0.9306594 -0.3645111 0 -0.9311991 -0.3645111 0 -0.9311991 -0.3645111 -7.72087e-7 -0.9311991 -0.3179433 0 -0.9481098 -0.3179433 0 -0.9481098 -0.3179433 0 -0.9481098 -0.316534 0 -0.9485813 -0.3165339 -1.49461e-7 -0.9485813 -0.3165339 0 -0.9485813 -0.2712475 0 -0.9625097 -0.2713397 0 -0.9624837 -0.2712936 1.37964e-7 -0.9624966 -0.2686107 0 -0.9632489 -0.2224441 0 -0.9749454 -0.2224907 0 -0.9749348 -0.2224441 0 -0.9749456 -0.2196767 0 -0.9755728 -0.2196767 0 -0.9755728 -0.2196766 0 -0.9755728 -0.1721331 0 -0.9850737 -0.1238159 0 -0.9923052 -0.1238159 0 -0.9923052 -0.1238158 0 -0.9923052 -0.1240122 0 -0.9922807 -0.1240123 0 -0.9922807 -0.1240123 0 -0.9922807 -0.07282882 0 -0.9973446 -0.07282882 0 -0.9973446 -0.07282882 0 -0.9973446 -0.07249414 0 -0.9973689 -0.02296262 0 -0.9997364 -0.02296268 0 -0.9997364 -0.02296268 0 -0.9997364 -0.02483171 0 -0.9996916 0.02529537 0 -0.9996801 0.02529549 -1.75968e-7 -0.9996801 0.02529561 -1.7633e-7 -0.9996801 0.02669012 0 -0.9996438 0.02669 0 -0.9996438 0.02669006 0 -0.9996438 0.07483237 0 -0.9971962 0.07483243 0 -0.9971961 0.07483243 0 -0.9971961 0.07635927 1.80917e-7 -0.9970804 0.07635915 0 -0.9970804 0.07635921 1.80539e-7 -0.9970804 0.1265425 0 -0.9919612 0.1265425 0 -0.9919613 0.1265425 0 -0.9919613 0.1251158 0 -0.9921422 0.1251158 0 -0.9921422 0.1251158 1.60958e-7 -0.9921422 0.1748436 0 -0.9845962 0.1747964 0 -0.9846047 0.1747964 0 -0.9846047 0.174938 0 -0.9845795 0.174938 0 -0.9845795 0.174938 0 -0.9845795 0.2230254 0 -0.9748127 0.2230254 0 -0.9748126 0.2230255 -2.57357e-7 -0.9748127 0.2229415 0 -0.9748319 0.2229415 0 -0.9748318 0.2229415 0 -0.9748319 0.2715598 0 -0.9624217 0.2715598 0 -0.9624217 0.2715598 0 -0.9624217 0.2741941 0 -0.9616745 0.2741941 0 -0.9616744 0.2741941 0 -0.9616745 0.3184042 4.98651e-7 -0.9479551 0.3184041 0 -0.9479551 0.3184042 0 -0.9479551 0.3198196 0 -0.9474785 0.3198197 -1.47162e-7 -0.9474785 0.3198198 0 -0.9474785 0.3672559 0 -0.9301199 0.3672559 0 -0.9301199 0.3672559 0 -0.9301199 0.367292 0 -0.9301057 0.3672921 0 -0.9301058 0.3672921 0 -0.9301058 0.4118316 0 -0.91126 0.4118752 0 -0.9112402 0.4118316 0 -0.91126 0.4132629 0 -0.9106118 0.4572264 0 -0.8893504 0.4572264 0 -0.8893504 0.4572264 0 -0.8893504 0.4572264 0 -0.8893504 0.4572264 0 -0.8893504 0.4572264 -2.89536e-7 -0.8893504 0.4998028 0 -0.8661392 0.4999688 0 -0.8660434 0.4998028 0 -0.8661392 0.5006199 0 -0.8656673 0.5442727 0 -0.8389084 0.544313 0 -0.8388823 0.5442727 0 -0.8389084 0.5442985 0 -0.8388916 0.5442985 0 -0.8388918 0.5442582 0 -0.8389178 0.5839605 0 -0.8117822 0.5832929 0 -0.8122621 0.5832928 0 -0.8122621 0.5832928 0 -0.8122621 0.6250178 0 -0.7806105 0.6250178 0 -0.7806105 0.6250178 0 -0.7806105 0.6262325 0 -0.7796364 0.6618494 0 -0.7496368 0.6995348 0 -0.7145985 0.6994871 0 -0.7146453 0.7334418 0 -0.6797523 0.7334418 0 -0.6797523 0.7334418 0 -0.6797523 0.7334418 0 -0.6797523 0.7334418 0 -0.6797523 0.7334418 0 -0.6797523 0.7667725 0 -0.641919 0.7667418 0 -0.6419559 0.7667725 0 -0.641919 0.7661644 0 -0.6426448 0.7661643 0 -0.6426447 0.7661643 0 -0.6426447 0.799135 0 -0.6011518 0.799135 0 -0.6011517 0.799135 0 -0.6011517 0.7985972 0 -0.601866 0.7985972 0 -0.6018659 0.7985972 0 -0.6018659 0.8268706 0 -0.5623924 0.8268706 0 -0.5623923 0.8268706 0 -0.5623923 0.8269464 0 -0.562281 0.8269463 0 -0.562281 0.8269463 0 -0.562281 0.8535338 0 -0.5210376 0.8536087 0 -0.5209149 0.8535338 0 -0.5210376 0.8536341 0 -0.5208733 0.8536341 0 -0.5208733 0.8536339 0 -0.5208733 0.8784533 0 -0.4778285 0.8784533 0 -0.4778284 0.8784533 0 -0.4778285 0.8787966 0 -0.4771966 0.8787966 0 -0.4771966 0.8787966 0 -0.4771966 0.9011508 0 -0.433506 0.9011508 0 -0.433506 0.9011508 0 -0.433506 0.901459 0 -0.4328647 0.9014589 0 -0.4328647 0.9014382 0 -0.4329079 0.9218682 0 -0.3875039 0.9218682 0 -0.3875039 0.9218682 0 -0.3875039 0.9216963 0 -0.3879124 0.9401001 0 -0.3408983 0.9401001 0 -0.3408984 0.9401001 0 -0.3408984 0.9400783 0 -0.3409587 0.9400947 0 -0.3409135 0.9400947 0 -0.3409136 0.9560043 0 -0.2933527 0.9560044 0 -0.2933528 0.9560044 0 -0.2933527 0.9558696 0 -0.2937911 0.9558838 0 -0.2937453 0.9558696 0 -0.2937911 0.96958 0 -0.2447749 0.9695799 0 -0.244775 0.9695799 0 -0.2447749 0.969486 0 -0.2451468 0.969486 0 -0.2451468 0.969486 0 -0.2451468 0.9802309 0 -0.1978575 0.9802309 -1.57686e-7 -0.1978575 0.9802309 -1.58543e-6 -0.1978575 0.9802309 0 -0.1978575 0.9802309 0 -0.1978574 0.9802309 1.58659e-7 -0.1978575 0.989162 0 -0.1468286 0.989162 -1.31066e-7 -0.1468286 0.989162 0 -0.1468286 0.9891288 0 -0.1470519 0.9891288 0 -0.1470519 0.9891288 0 -0.1470519 0.9952062 0 -0.09779918 0.9952062 0 -0.09779918 0.9952062 -7.07756e-7 -0.09779918 0.9951883 0 -0.09798115 0.995193 0 -0.09793341 0.9951883 0 -0.09798115 0.998803 2.22136e-7 -0.04891663 0.9988029 0 -0.04891663 0.998803 2.21674e-7 -0.04891663 0.9987956 0 -0.04906529 0.9987956 -2.16143e-7 -0.04906529 0.9987956 0 -0.04906529 0.9985945 0 0.05300033 0.9985946 -2.10248e-7 0.05300033 0.9985946 -2.10686e-7 0.05300033 0.9985994 0 0.05290991 0.9985993 0 0.05290991 0.9985994 2.16143e-7 0.05290991 0.9949901 0 0.09997504 0.9949901 0 0.09997498 0.9949901 0 0.09997498 0.9950043 0 0.09983193 0.9950043 0 0.09983193 0.9950043 0 0.09983193 0.9885416 0 0.1509491 0.9885416 0 0.1509491 0.9885416 0 0.1509491 0.9885705 0 0.1507596 0.9885705 0 0.1507596 0.9885705 0 0.1507596 0.9802635 0 0.1976959 0.9802635 0 0.1976959 0.9802635 0 0.1976959 0.9802563 0 0.1977317 0.9802562 0 0.1977317 0.9802563 0 0.1977317 0.9686418 0 0.2484615 0.9686418 0 0.2484615 0.9686418 0 0.2484615 0.9684571 0 0.2491803 0.9684571 0 0.2491803 0.9684571 0 0.2491803 0.9552698 0 0.2957356 0.9552698 -1.30262e-7 0.2957356 0.9552698 -1.30534e-7 0.2957356 0.9554115 0 0.2952777 0.9554116 0 0.2952777 0.9554115 1.5406e-7 0.2952777 0.9395198 0 0.3424946 0.9395198 0 0.3424947 0.9395198 0 0.3424947 0.9391308 0 0.3435599 0.9391308 0 0.3435599 0.9391308 0 0.3435599 0.9207791 0 0.3900843 0.9207792 0 0.3900844 0.9207792 0 0.3900844 0.9210175 5.95154e-7 0.3895213 0.9210175 0 0.3895213 0.9210175 0 0.3895213 0.9006898 0 0.434463 0.9006273 0 0.4345926 0.9006273 0 0.4345926 0.900446 0 0.4349679 0.8775272 0 0.4795268 0.8775503 0 0.4794848 0.8775503 0 0.4794848 0.8770886 0 0.4803286 0.8770886 0 0.4803286 0.8770886 0 0.4803286 0.8521843 0 0.5232419 0.8521843 -1.97748e-7 0.5232419 0.8521843 0 0.5232419 0.8526354 1.55725e-7 0.5225063 0.8526355 0 0.5225063 0.8526354 1.55401e-7 0.5225063 0.8261287 0 0.5634816 0.8261017 0 0.5635212 0.8261017 0 0.5635212 0.8256152 0 0.5642338 0.8256151 0 0.5642338 0.8256152 0 0.5642338 0.796159 0 0.6050874 0.7961591 0 0.6050875 0.796159 -8.2034e-7 0.6050875 0.7955312 0 0.6059128 0.7955312 0 0.6059127 0.7955312 0 0.6059128 0.7666801 0 0.6420294 0.7666801 0 0.6420294 0.7666801 0 0.6420294 0.7659331 0 0.6429203 0.7659949 0 0.6428468 0.7659331 0 0.6429203 0.7315868 0 0.6817485 0.7315867 0 0.6817485 0.7315866 0 0.6817485 0.7314775 0 0.6818656 0.7315429 0 0.6817955 0.7314775 0 0.6818656 0.6973276 0 0.7167525 0.6973276 0 0.7167525 0.6973276 0 0.7167525 0.6981518 0 0.7159498 0.6981518 0 0.7159498 0.6981518 0 0.7159498 0.6604136 0 0.7509021 0.6604136 0 0.7509021 0.6604828 0 0.7508412 0.6604467 0 0.7508729 0.6604827 0 0.7508413 0.6221288 0 0.7829149 0.6221288 0 0.7829149 0.6221288 0 0.7829149 0.6227114 0 0.7824517 0.5823716 1.60309e-7 0.8129227 0.5823718 0 0.8129225 0.5823717 1.59971e-7 0.8129226 0.5823389 0 0.8129462 0.5823389 -1.70156e-7 0.8129462 0.5823388 0 0.8129463 -0.5419316 0 -0.8404226 -0.5419316 0 -0.8404226 -0.5419316 0 -0.8404226 -0.5420672 0 -0.8403353 -0.5420672 0 -0.8403353 -0.5420671 0 -0.8403353 -0.5001404 0 -0.8659444 -0.5001404 0 -0.8659444 -0.5001404 0 -0.8659444 -0.4987984 0 -0.866718 -0.4523146 0 -0.8918585 -0.4550375 0 -0.8904723 -0.4550802 -1.43974e-7 -0.8904505 -0.4550803 -1.44277e-7 -0.8904504 -0.4106828 1.28677e-6 -0.9117784 -0.4106393 0 -0.911798 -0.4106392 1.30262e-7 -0.911798 -0.4093078 0 -0.9123964 -0.4093077 -2.09245e-7 -0.9123965 -0.4093077 0 -0.9123965 -0.3645077 0 -0.9312004 -0.3645079 0 -0.9312003 -0.3645078 0 -0.9312004 -0.3658181 0 -0.9306865 -0.3658626 -1.62256e-7 -0.9306689 -0.3658625 -1.62591e-7 -0.930669 -0.3151986 1.99231e-7 -0.9490258 -0.3152439 0 -0.9490107 -0.3151985 1.98821e-7 -0.9490258 -0.3189865 0 -0.9477593 -0.2698224 0 -0.9629102 -0.2707571 0 -0.9626477 -0.2707571 0 -0.9626477 -0.2707571 0 -0.9626477 -0.2214985 0 -0.9751608 -0.2214984 0 -0.9751608 -0.2214985 0 -0.9751608 -0.2202784 0 -0.9754371 -0.1722547 0 -0.9850525 -0.1722547 0 -0.9850525 -0.1722547 0 -0.9850525 -0.1733447 0 -0.9848612 -0.1733919 0 -0.984853 -0.1733919 0 -0.984853 -0.1239172 0 -0.9922927 -0.1239172 0 -0.9922927 -0.1239172 0 -0.9922927 -0.1222045 7.72101e-7 -0.992505 -0.1221569 0 -0.9925108 -0.1222045 0 -0.992505 -0.07337719 0 -0.9973043 -0.07337719 0 -0.9973043 -0.07337719 0 -0.9973043 -0.07342785 0 -0.9973006 -0.07342779 0 -0.9973006 -0.07342779 0 -0.9973006 -0.02458959 0 -0.9996977 -0.02458953 0 -0.9996977 -0.02458953 0 -0.9996977 0.02665179 0 -0.9996448 0.02665179 0 -0.9996448 0.02665174 0 -0.9996448 0.02669727 0 -0.9996436 0.02669733 0 -0.9996436 0.02669727 0 -0.9996436 0.07491111 0 -0.9971903 0.07491105 0 -0.9971903 0.07491105 0 -0.9971903 0.07486611 0 -0.9971936 0.07486611 0 -0.9971936 0.07486611 0 -0.9971936 0.1251283 0 -0.9921406 0.1251283 -1.41689e-7 -0.9921406 0.1251284 -1.41982e-7 -0.9921407 0.1266533 0 -0.9919471 0.1266057 0 -0.9919531 0.1266533 0 -0.9919471 0.1739314 0 -0.9847578 0.1739314 0 -0.9847578 0.1739314 0 -0.9847578 0.1754458 1.80912e-7 -0.9844892 0.1754459 0 -0.9844891 0.1754459 1.80539e-7 -0.9844892 0.222244 0 -0.9749912 0.2222439 0 -0.9749912 0.2222439 0 -0.9749912 0.2250474 2.25194e-7 -0.9743478 0.2250474 0 -0.9743479 0.2250474 0 -0.9743478 0.2733367 0 -0.9619185 0.2732445 0 -0.9619446 0.2733367 0 -0.9619185 0.271584 0 -0.9624148 0.271584 0 -0.9624148 0.271584 0 -0.9624148 0.3184397 0 -0.9479431 0.3184397 0 -0.9479432 0.3184397 0 -0.9479431 0.3197572 0 -0.9474995 0.3197572 -1.60958e-7 -0.9474995 0.3197572 0 -0.9474995 0.3664314 0 -0.9304451 0.3664314 0 -0.9304451 0.3664314 0 -0.9304451 0.36768 0 -0.9299524 0.36768 0 -0.9299524 0.36768 0 -0.9299524 0.4128262 0 -0.9108098 0.4128262 0 -0.9108098 0.4128262 0 -0.9108098 0.4118218 0 -0.9112645 0.4118218 0 -0.9112644 0.4118218 0 -0.9112644 0.4568259 0 -0.8895562 0.4568259 0 -0.8895562 0.4568259 0 -0.8895562 0.4580621 0 -0.8889203 0.457849 0 -0.88903 0.457849 0 -0.88903 0.5008296 0 -0.8655459 0.4997919 0 -0.8661456 0.4997919 0 -0.8661456 0.4997919 0 -0.8661456 0.5442357 6.43431e-7 -0.8389325 0.5442356 0 -0.8389325 0.5442357 0 -0.8389325 0.5442646 0 -0.8389137 0.5442646 0 -0.8389137 0.5442243 0 -0.8389397 0.5833493 0 -0.8122214 0.5833104 0 -0.8122493 0.5833493 0 -0.8122214 0.5841444 0 -0.8116498 0.6260277 0 -0.779801 0.6259156 0 -0.779891 0.6260277 0 -0.779801 0.6250178 0 -0.7806106 0.6250178 0 -0.7806105 0.6250178 0 -0.7806105 0.6617969 0 -0.7496832 0.6993437 0 -0.7147856 0.6992959 0 -0.7148323 0.7327668 0 -0.6804798 0.7327668 0 -0.6804798 0.7327668 0 -0.6804798 0.7341355 0 -0.6790031 0.734168 -1.5406e-7 -0.6789678 0.734168 0 -0.6789678 0.7663414 0 -0.6424335 0.7663414 0 -0.6424335 0.7663414 0 -0.6424335 0.7670723 0 -0.6415607 0.7981806 0 -0.6024183 0.7989835 0 -0.601353 0.7989835 0 -0.601353 0.7989835 0 -0.601353 0.8268655 0 -0.5623999 0.8268654 0 -0.5623999 0.8268655 0 -0.5623999 0.8269464 0 -0.562281 0.8269463 0 -0.562281 0.8269463 0 -0.562281 0.8531559 0 -0.521656 0.8538554 0 -0.5205103 0.8538554 0 -0.5205104 0.8538554 0 -0.5205104 0.8783948 0 -0.4779357 0.8789883 0 -0.4768435 0.8789883 0 -0.4768435 0.8789883 0 -0.4768435 0.9013966 0 -0.4329944 0.9013966 0 -0.4329944 0.9013966 0 -0.4329944 0.9011682 0 -0.4334697 0.9011682 0 -0.4334697 0.901189 0 -0.4334264 0.9217979 0 -0.3876708 0.9217979 0 -0.3876708 0.9217979 0 -0.3876708 0.9218491 0 -0.387549 0.9218492 0 -0.3875491 0.9218492 0 -0.3875491 0.9401929 0 -0.3406426 0.9401929 0 -0.3406425 0.940193 0 -0.3406425 0.940231 6.91677e-7 -0.3405373 0.940231 0 -0.3405373 0.940231 0 -0.3405373 0.9559348 0 -0.2935792 0.9559348 0 -0.2935792 0.9559348 0 -0.2935792 0.955802 0 -0.2940115 0.9557879 0 -0.2940573 0.955802 0 -0.2940115 0.96939 0 -0.245526 0.9696246 0 -0.2445984 0.9696245 0 -0.2445983 0.9696245 0 -0.2445983 0.9802344 0 -0.1978397 0.9802344 -1.57686e-7 -0.1978397 0.9802344 -1.58014e-7 -0.1978397 0.9802367 0 -0.1978282 0.9802368 0 -0.1978283 0.9802367 1.56359e-7 -0.1978282 0.9891391 0 -0.1469827 0.9891391 -1.19569e-7 -0.1469827 0.9891391 0 -0.1469827 0.9891632 1.28243e-7 -0.1468207 0.9891632 0 -0.1468207 0.9891632 1.27977e-7 -0.1468207 0.9952074 0 -0.09778708 0.9952074 0 -0.09778708 0.9952074 -6.9167e-7 -0.09778708 0.9951886 0 -0.09797793 0.9951886 0 -0.09797793 0.9951886 0 -0.09797793 0.9988027 2.22136e-7 -0.04892164 0.9988027 0 -0.04892164 0.9988027 2.21674e-7 -0.04892164 0.9988029 0 -0.04891663 0.998803 -2.23041e-7 -0.04891663 0.998803 0 -0.04891663 0.998599 0 0.05291527 0.998599 -2.14818e-7 0.05291527 0.998599 -2.15266e-7 0.05291527 0.9985996 0 0.0529046 0.9985996 0 0.05290454 0.9949947 0 0.09992879 0.9949947 0 0.09992879 0.9949947 0 0.09992879 0.9885672 0 0.1507813 0.9885744 0 0.1507339 0.9885672 0 0.1507813 0.9950416 0 0.09946101 0.9885353 0 0.1509906 0.9885353 0 0.1509906 0.9885353 0 0.1509906 0.9802214 0 0.1979042 0.9802214 0 0.1979042 0.9802214 0 0.1979042 0.9802936 0 0.1975462 0.9802936 0 0.1975462 0.9802936 0 0.1975462 0.968508 0 0.2489823 0.9685081 0 0.2489823 0.9685081 0 0.2489823 0.9686034 0 0.2486109 0.9686035 0 0.2486109 0.9686034 0 0.2486109 0.9552712 0 0.2957314 0.9552712 -1.37118e-7 0.2957314 0.9552712 -1.37403e-7 0.2957314 0.955401 0 0.2953118 0.955401 0 0.2953117 0.955401 1.56359e-7 0.2953118 0.9391637 0 0.3434699 0.9391637 0 0.3434699 0.9391637 0 0.3434699 0.9395362 0 0.3424496 0.9395362 0 0.3424496 0.9395362 0 0.3424496 0.9210225 0 0.3895097 0.9210225 0 0.3895097 0.9210224 0 0.3895096 0.9207375 1.25954e-7 0.3901826 0.9207562 0 0.3901386 0.9207375 1.25692e-7 0.3901826 0.9005013 0 0.4348534 0.9005013 0 0.4348534 0.9005013 0 0.4348534 0.9005253 0 0.4348039 0.9005253 0 0.4348039 0.9005253 0 0.4348039 0.8768864 0 0.4806978 0.8771167 0 0.4802774 0.8771167 0 0.4802774 0.8777377 0 0.4791417 0.8777377 0 0.4791417 0.8777377 0 0.4791417 0.8523307 0 0.5230034 0.8523307 -1.5406e-7 0.5230034 0.8523307 0 0.5230034 0.8527069 1.21372e-7 0.5223898 0.8527319 0 0.5223489 0.8527319 0 0.5223489 0.8256286 0 0.5642141 0.8256286 0 0.5642141 0.8256286 0 0.5642141 0.825653 0 0.5641784 0.8255988 0 0.5642575 0.8255988 0 0.5642575 0.7955104 0 0.6059401 0.7955104 0 0.6059401 0.7955104 -2.89536e-7 0.6059401 0.7965259 0 0.6046045 0.7965259 0 0.6046046 0.7965549 1.24168e-7 0.6045663 0.7659332 0 0.6429203 0.7659332 0 0.6429203 0.7659332 0 0.6429203 0.7666802 0 0.6420294 0.7666185 0 0.6421029 0.7666801 0 0.6420294 0.731228 0 0.6821331 0.731228 0 0.6821331 0.731228 0 0.6821332 0.7317945 0 0.6815254 0.7317945 0 0.6815254 0.7317945 0 0.6815254 0.6978486 0 0.7162454 0.6977112 0 0.7163791 0.6977112 0 0.7163791 0.6977592 0 0.7163325 0.6977592 0 0.7163325 0.6977592 0 0.7163325 0.6604302 0 0.7508876 0.6604302 0 0.7508876 0.6604135 0 0.7509021 0.6604136 0 0.7509021 0.6604136 0 0.7509021 0.6222535 0 0.7828159 0.6221962 0 0.7828614 0.5838823 7.56014e-7 0.8118383 0.5839213 0 0.8118104 0.5838823 0 0.8118383 0.5818958 0 0.8132635 0.5818958 -2.25341e-7 0.8132635 0.5819737 0 0.8132076 -0.5419369 0 -0.8404192 -0.5419369 -1.75663e-7 -0.8404192 -0.5419369 0 -0.8404192 -0.5420322 0 -0.8403577 -0.5420321 1.21946e-7 -0.8403579 -0.5420322 0 -0.8403578 -0.500169 0 -0.8659279 -0.500169 0 -0.8659278 -0.500169 0 -0.8659279 -0.4987856 0 -0.8667255 -0.4530757 0 -0.8914721 -0.4550293 0 -0.8904765 -0.4550293 0 -0.8904765 -0.4550294 0 -0.8904765 -0.4107166 1.28248e-7 -0.9117631 -0.4107167 0 -0.9117631 -0.4107167 1.27977e-7 -0.9117631 -0.4093416 0 -0.9123813 -0.4092977 -2.11545e-7 -0.9124009 -0.4093415 0 -0.9123814 -0.3645146 0 -0.9311977 -0.3645594 0 -0.9311801 -0.3645593 1.24168e-7 -0.9311802 -0.3658252 0 -0.9306836 -0.3658251 -1.96536e-7 -0.9306837 -0.3658251 -1.3833e-6 -0.9306837 -0.3152257 1.99231e-7 -0.9490168 -0.315271 0 -0.9490017 -0.3152256 1.98821e-7 -0.9490168 -0.3193315 0 -0.9476431 -0.3193315 0 -0.9476431 -0.3193315 0 -0.9476431 -0.2692731 3.53866e-7 -0.9630639 -0.2692731 0 -0.963064 -0.2692731 0 -0.9630639 -0.2706692 0 -0.9626725 -0.2706691 0 -0.9626725 -0.2706691 0 -0.9626725 -0.2215956 0 -0.9751387 -0.2215955 0 -0.9751387 -0.2215955 0 -0.9751387 -0.2198609 0 -0.9755312 -0.1722851 0 -0.9850472 -0.1721435 0 -0.9850719 -0.1722851 0 -0.9850472 -0.1732807 0 -0.9848726 -0.1733751 0 -0.984856 -0.1733751 0 -0.984856 -0.1239209 0 -0.9922922 -0.1239209 0 -0.9922921 -0.1239209 0 -0.9922922 -0.1222081 0 -0.9925045 -0.1221606 0 -0.9925104 -0.1222082 0 -0.9925045 -0.07341855 0 -0.9973013 -0.07341861 0 -0.9973012 -0.07341861 0 -0.9973012 -0.07337361 0 -0.9973046 -0.07337355 0 -0.9973045 -0.07337361 0 -0.9973046 -0.02305591 0 -0.9997343 -0.02305591 0 -0.9997343 -0.02305591 0 -0.9997343 -0.02497053 0 -0.9996882 0.02674847 0 -0.9996423 0.02674847 0 -0.9996423 0.02674841 0 -0.9996423 0.02669811 0 -0.9996436 0.02669817 0 -0.9996436 0.02669811 0 -0.9996436 0.07491546 0 -0.9971899 0.0749154 0 -0.9971899 0.0749154 0 -0.9971899 0.0748226 0 -0.9971969 0.07482266 0 -0.9971969 0.07482266 0 -0.9971969 0.1739146 0 -0.9847608 0.1738673 0 -0.9847691 0.1738672 0 -0.9847691 0.1754289 1.78622e-7 -0.9844921 0.175429 0 -0.9844922 0.1754289 1.78254e-7 -0.9844921 0.2222243 0 -0.9749956 0.2222243 0 -0.9749956 0.2222243 0 -0.9749956 0.2250277 2.25194e-7 -0.9743524 0.2250277 0 -0.9743524 0.2250277 0 -0.9743524 0.2738057 0 -0.9617851 0.2715919 0 -0.9624126 0.2715457 0 -0.9624255 0.2715458 0 -0.9624255 0.3185127 6.91667e-7 -0.9479187 0.3185127 0 -0.9479187 0.3185127 0 -0.9479187 0.3197848 0 -0.9474903 0.3197848 -1.63257e-7 -0.9474902 0.3197394 0 -0.9475057 0.3664321 0 -0.9304448 0.3663876 0 -0.9304624 0.3664321 0 -0.9304448 0.3673686 0 -0.9300755 0.3673686 0 -0.9300755 0.3673686 -1.60841e-7 -0.9300755 0.4127812 0 -0.9108303 0.4127812 0 -0.9108303 0.4127812 0 -0.9108303 0.4118204 0 -0.9112651 0.4118204 0 -0.9112651 0.4118204 0 -0.9112651 0.4567615 0 -0.8895893 0.4567615 0 -0.8895893 0.4567615 1.42563e-7 -0.8895893 0.4579126 0 -0.8889973 0.4579126 0 -0.8889972 0.4579553 -7.81226e-7 -0.8889753 0.5442881 0 -0.8388984 0.5442479 0 -0.8389246 0.5442881 0 -0.8388985 0.5442767 0 -0.8389058 0.5442768 0 -0.8389058 0.5442366 0 -0.8389319 0.5832891 0 -0.8122648 0.5832501 0 -0.8122927 0.5832891 0 -0.8122648 0.5842008 0 -0.8116092 0.6259692 0 -0.7798478 0.6259692 0 -0.7798479 0.6259692 0 -0.7798478 0.6250342 0 -0.7805974 0.6250342 0 -0.7805974 0.6250342 0 -0.7805974 0.6617742 0 -0.7497034 0.6618266 0 -0.749657 0.6993526 0 -0.7147769 0.6993526 0 -0.7147769 0.6993526 0 -0.7147769 0.699339 0 -0.7147901 0.6993391 0 -0.7147901 0.6993391 0 -0.7147901 0.732618 0 -0.68064 0.7325202 0 -0.6807453 0.732618 0 -0.68064 0.7341172 0 -0.6790228 0.7341172 0 -0.6790227 0.7341172 0 -0.6790227 0.7659048 0 -0.6429541 0.7659048 0 -0.6429541 0.7659048 0 -0.6429541 0.7668824 0 -0.6417877 0.7668824 0 -0.6417877 0.7668824 0 -0.6417877 0.7982636 0 -0.6023084 0.7982636 0 -0.6023084 0.7982636 0 -0.6023084 0.799124 0 -0.6011663 0.8266888 0 -0.5626596 0.8266888 0 -0.5626597 0.8535069 0 -0.5210817 0.8535069 0 -0.5210817 0.8535069 0 -0.5210817 0.8540061 0 -0.5202631 0.8784073 0 -0.4779127 0.8790008 0 -0.4768205 0.8790009 0 -0.4768205 0.8790008 0 -0.4768205 0.9014182 0 -0.4329498 0.9014182 0 -0.4329498 0.9014182 0 -0.4329498 0.9011274 0 -0.4335547 0.9217528 0 -0.387778 0.9217528 0 -0.3877779 0.9217528 0 -0.387778 0.9218598 0 -0.3875237 0.9218598 0 -0.3875237 0.9218598 0 -0.3875237 0.9402062 0 -0.3406059 0.9400646 0 -0.3409968 0.9400645 0 -0.3409967 0.9400646 0 -0.3409968 0.9559211 0 -0.2936239 0.9559211 0 -0.2936239 0.9559211 0 -0.2936239 0.9558164 0 -0.2939645 0.9558023 0 -0.2940103 0.9558164 0 -0.2939645 0.9694257 0 -0.2453852 0.9696014 0 -0.2446899 0.9696248 0 -0.244597 0.9696015 0 -0.24469 0.9802305 0 -0.1978594 0.9802305 0 -0.1978594 0.9802305 0 -0.1978594 0.9802422 0 -0.1978012 0.9802232 0 -0.1978952 0.9802422 0 -0.1978012 0.9891204 0 -0.1471086 0.9891204 0 -0.1471086 0.9891204 0 -0.1471086 0.9891727 0 -0.1467565 0.9891726 0 -0.1467565 0.9891727 0 -0.1467565 0.9952284 0 -0.0975728 0.9988005 0 -0.04896563 0.9988005 0 -0.04896563 0.9988005 0 -0.04896563 0.9988031 0 -0.048913 0.9988031 0 -0.048913 0.9988031 0 -0.048913 0.9985999 0 0.05289947 0.9985999 0 0.05289947 0.9985999 0 0.05289947 0.9986004 0 0.0528891 0.9986004 0 0.0528891 0.9986004 1.19569e-7 0.0528891 0.9949916 0 0.09995836 0.9949916 0 0.09995836 0.9949916 0 0.09995836 0.9949907 0 0.09996759 0.9949907 0 0.09996759 0.9949907 0 0.09996759 0.9885308 0 0.1510198 0.9885308 0 0.1510199 0.9885308 0 0.1510199 0.9885628 0 0.1508106 0.9885699 0 0.1507632 0.9885628 0 0.1508106 0.9802405 0 0.1978093 0.9802405 0 0.1978093 0.9802405 0 0.1978093 0.9802653 2.09085e-7 0.1976865 0.9802653 0 0.1976865 0.9802653 0 0.1976865 0.9685056 0 0.2489918 0.9685056 0 0.2489918 0.9685056 0 0.2489918 0.9686368 0 0.248481 0.9686368 0 0.248481 0.9686368 0 0.248481 0.9552613 0 0.2957633 0.9552612 0 0.2957633 0.9552612 0 0.2957633 0.9395151 0 0.3425076 0.9395151 -1.89004e-7 0.3425076 0.9395151 0 0.3425077 0.9554193 0 0.2952524 0.9554193 0 0.2952524 0.9554193 0 0.2952524 0.9391756 0 0.3434376 0.9391756 1.35756e-7 0.3434376 0.9391756 1.32488e-7 0.3434376 0.9210118 0 0.389535 0.9210117 0 0.389535 0.9210117 0 0.389535 0.9207455 1.23663e-7 0.3901638 0.9207642 0 0.3901197 0.9207455 1.23406e-7 0.3901638 0.9004674 0 0.4349235 0.9004674 0 0.4349235 0.9004674 0 0.4349235 0.900554 0 0.4347444 0.9005122 0 0.4348307 0.900554 0 0.4347444 0.8771234 0 0.4802653 0.8771234 0 0.4802653 0.8771234 0 0.4802653 0.8776524 0 0.4792978 0.8523398 0 0.5229884 0.8523398 0 0.5229884 0.8523398 0 0.5229884 0.8527911 0 0.5222522 0.8527911 0 0.5222522 0.8527911 0 0.5222522 0.8256578 0 0.5641713 0.8256579 0 0.5641713 0.8256579 0 0.5641713 0.8256822 0 0.5641356 0.8256281 0 0.5642148 0.8256281 0 0.5642148 0.7955766 0 0.6058532 0.7955766 0 0.6058532 0.7955766 0 0.6058532 0.796447 0 0.6047084 0.7965049 0 0.604632 0.796447 0 0.6047084 0.7661743 0 0.6426329 0.7665209 0 0.6422196 0.7665209 0 0.6422195 0.7665209 0 0.6422196 0.7309661 0 0.6824138 0.7318923 0 0.6814203 0.7318923 0 0.6814203 0.7318923 0 0.6814203 0.6978224 0 0.7162709 0.6978566 0 0.7162375 0.6978223 0 0.7162709 0.6978703 0 0.7162243 0.6978017 0 0.7162911 0.6978703 0 0.7162243 0.6604388 0 0.75088 0.6604387 0 0.75088 0.6604387 0 0.75088 0.6604582 0 0.750863 0.6604582 0 0.7508629 0.6604582 0 0.7508628 0.6219073 0 0.783091 0.6219073 0 0.783091 0.6219073 0 0.783091 0.5839118 -1.61065e-7 0.8118171 0.5839118 -2.00813e-7 0.8118171 0.5839118 0 0.8118171 0.6222254 0 0.7828382 0.5819643 -1.35278e-7 0.8132144 0.5819643 0 0.8132144 0.5819643 2.05218e-7 0.8132144 -0.5419588 0 -0.840405 -0.5419588 -1.59958e-7 -0.840405 -0.5419588 0 -0.840405 -0.5420247 0 -0.8403626 -0.5420248 0 -0.8403626 -0.5420247 0 -0.8403626 -0.4994227 0 -0.8663585 -0.4993811 0 -0.8663824 -0.4993812 0 -0.8663825 -0.4994929 0 -0.866318 -0.499493 0 -0.8663181 -0.499493 0 -0.8663181 -0.4547365 0 -0.8906261 -0.4547365 0 -0.8906261 -0.4547365 0 -0.8906261 -0.4535183 0 -0.891247 -0.4535183 0 -0.891247 -0.4535183 0 -0.891247 -0.4106291 9.32982e-7 -0.9118024 -0.4106293 0 -0.9118024 -0.4106292 1.32548e-7 -0.9118025 -0.409429 0 -0.912342 -0.409429 -2.04646e-7 -0.9123421 -0.4094289 0 -0.912342 -0.3658495 0 -0.930674 -0.365805 0 -0.9306916 -0.3658049 2.09245e-7 -0.9306915 -0.364519 0 -0.931196 -0.3645635 -1.48545e-7 -0.9311786 -0.3645635 -1.48853e-7 -0.9311786 -0.3179703 0 -0.9481007 -0.3179703 0 -0.9481007 -0.3179703 0 -0.9481007 -0.3165611 0 -0.9485721 -0.316561 -1.49461e-7 -0.9485722 -0.316561 0 -0.9485722 -0.2712962 0 -0.9624959 -0.27125 0 -0.9625089 -0.2712962 0 -0.9624959 -0.268521 0 -0.9632739 -0.268521 0 -0.963274 -0.268521 0 -0.963274 -0.2224465 0 -0.974945 -0.2224463 0 -0.974945 -0.2224464 0 -0.974945 -0.2196319 0 -0.9755829 -0.2196319 0 -0.9755828 -0.2196319 0 -0.9755828 -0.1721635 0 -0.9850685 -0.1238196 0 -0.9923048 -0.1238196 0 -0.9923048 -0.1238196 0 -0.9923049 -0.1241587 0 -0.9922624 -0.1241587 0 -0.9922624 -0.1241587 0 -0.9922624 -0.07282233 0 -0.997345 -0.07282233 0 -0.997345 -0.07282233 0 -0.997345 -0.07282233 0 -0.997345 -0.07282233 0 -0.997345 -0.07282233 0 -0.997345 -0.02487707 0 -0.9996906 0.02529627 0 -0.99968 0.02529633 -1.75968e-7 -0.99968 0.02529644 -1.7633e-7 -0.99968 0.02669095 0 -0.9996438 0.02669084 0 -0.9996438 0.0266909 0 -0.9996438 0.07483667 0 -0.9971958 0.07483673 0 -0.9971959 0.07483679 0 -0.9971958 0.07636356 1.80917e-7 -0.99708 0.0763635 0 -0.9970802 0.07636356 1.80539e-7 -0.99708 0.1748268 0 -0.9845992 0.1748268 0 -0.9845992 0.1748268 0 -0.9845992 0.1749212 0 -0.9845825 0.1749212 0 -0.9845825 0.1749212 0 -0.9845825 0.2230058 0 -0.9748171 0.2230058 0 -0.9748171 0.2230058 0 -0.9748171 0.222922 0 -0.9748363 0.222922 0 -0.9748363 0.222922 0 -0.9748363 0.2716138 0 -0.9624064 0.2716138 0 -0.9624063 0.2716138 0 -0.9624063 0.2742942 0 -0.9616459 0.2742942 0 -0.9616459 0.2742942 0 -0.9616459 0.3184772 0 -0.9479306 0.3184771 0 -0.9479306 0.3184772 0 -0.9479306 0.3198018 0 -0.9474845 0.3198018 -1.47162e-7 -0.9474845 0.3198019 0 -0.9474845 0.3672111 0 -0.9301376 0.3672111 0 -0.9301376 0.3672111 0 -0.9301376 0.3672917 0 -0.9301059 0.3672917 0 -0.9301059 0.3672917 0 -0.9301059 0.4117866 0 -0.9112803 0.4117865 0 -0.9112804 0.4117866 0 -0.9112804 0.4132179 0 -0.9106323 0.4572466 0 -0.8893401 0.4572466 0 -0.8893401 0.4572466 0 -0.8893401 0.4572893 0 -0.8893181 0.4572893 0 -0.8893181 0.4572893 0 -0.8893181 0.5443251 0 -0.8388745 0.5443251 0 -0.8388744 0.5443251 0 -0.8388745 0.5442302 0 -0.838936 0.5442302 0 -0.838936 0.5442302 0 -0.838936 0.5840169 0 -0.8117415 0.5833494 0 -0.8122214 0.5833493 0 -0.8122215 0.5833493 0 -0.8122215 0.6250342 0 -0.7805975 0.6250342 0 -0.7805975 0.6250342 0 -0.7805975 0.626174 0 -0.7796834 0.6618791 0 -0.7496107 0.6992697 0 -0.7148581 0.6992697 0 -0.714858 0.6992697 0 -0.7148581 0.6992904 0 -0.7148377 0.6992904 0 -0.7148377 0.6992905 0 -0.7148377 0.7334236 0 -0.679772 0.7334236 0 -0.679772 0.7334236 0 -0.679772 0.7333258 0 -0.6798774 0.7333258 0 -0.6798775 0.7333258 0 -0.6798775 0.7666751 0 -0.6420354 0.7661593 0 -0.6426509 0.7661593 0 -0.6426509 0.7661593 0 -0.6426508 0.799074 0 -0.6012328 0.799074 0 -0.6012327 0.799074 0 -0.6012328 0.7985649 0 -0.6019087 0.7985649 0 -0.6019087 0.7985649 0 -0.6019087 0.8267478 0 -0.5625727 0.853859 0 -0.5205045 0.853859 0 -0.5205045 0.853859 0 -0.5205045 0.8537845 0 -0.5206268 0.8538842 0 -0.5204631 0.8537845 0 -0.5206268 0.8784658 0 -0.4778054 0.8784658 0 -0.4778053 0.8784658 0 -0.4778054 0.8788092 0 -0.4771736 0.8788091 0 -0.4771735 0.8788091 0 -0.4771735 0.9011099 0 -0.4335911 0.9014182 0 -0.4329498 0.9014182 0 -0.4329498 0.9014182 0 -0.4329498 0.9219159 0 -0.3873901 0.9219159 0 -0.3873901 0.9219159 0 -0.3873901 0.9217069 0 -0.3878871 0.9400157 0 -0.3411311 0.9400158 0 -0.3411312 0.9400158 0 -0.3411312 0.9401085 0 -0.3408756 0.9560188 0 -0.2933056 0.9560188 0 -0.2933056 0.9560188 0 -0.2933056 0.9558418 0 -0.2938815 0.955856 0 -0.2938357 0.9558418 0 -0.2938815 0.9695451 0 -0.2449129 0.9695451 0 -0.2449129 0.9695451 0 -0.2449129 0.9693806 0 -0.2455636 0.9802364 0 -0.1978303 0.9802269 0 -0.1978773 0.9802269 -4.98645e-7 -0.1978773 0.9802458 0 -0.1977833 0.9802458 0 -0.1977834 0.9802458 0 -0.1977833 0.9891856 0 -0.1466691 0.9891857 0 -0.1466691 0.9891857 0 -0.1466691 0.9891102 0 -0.147177 0.9891102 0 -0.147177 0.9891102 0 -0.147177 0.9952321 0 -0.0975365 0.9952329 0 -0.09752744 0.9988031 0 -0.048913 0.9988031 0 -0.048913 0.9988031 0 -0.048913 0.9987959 0 -0.04906141 0.9987958 0 -0.04906141 0.9987958 0 -0.04906141 0.9985954 0 0.05298489 0.9985954 0 0.05298489 0.9985954 0 0.05298489 0.9985976 0 0.05294215 0.9985977 0 0.05294215 0.9985976 0 0.05294215 0.994987 0 0.1000046 0.994987 0 0.1000046 0.994987 0 0.1000046 0.9950348 0 0.09952759 0.9885371 0 0.1509784 0.9885371 0 0.1509784 0.9885371 0 0.1509784 0.9885661 0 0.1507889 0.9885661 0 0.1507889 0.9885661 0 0.1507889 0.9802545 0 0.1977406 0.9802545 0 0.1977406 0.9802545 0 0.1977406 0.9802471 0 0.1977767 0.9802471 0 0.1977767 0.9802471 0 0.1977767 0.9687108 0 0.2481924 0.9684786 0 0.2490971 0.9684786 0 0.249097 0.9684786 0 0.2490971 0.9551888 0 0.2959973 0.9551888 0 0.2959973 0.9551888 0 0.2959973 0.9553872 0 0.2953562 0.9553872 0 0.2953562 0.9553872 0 0.2953562 0.9395316 0 0.3424625 0.9395315 -1.87395e-7 0.3424625 0.9395315 -1.87783e-7 0.3424626 0.9391591 0 0.3434826 0.9391592 0 0.3434826 0.9391591 1.33365e-7 0.3434826 0.9207871 0 0.3900656 0.920787 0 0.3900656 0.920787 0 0.3900656 0.9210442 5.62983e-7 0.3894583 0.9210441 0 0.3894583 0.9210441 0 0.3894583 0.9005517 0 0.434749 0.9005163 0 0.4348223 0.8773735 0 0.4798082 0.877395 0 0.4797688 0.8521439 0 0.5233076 0.8521439 -1.19569e-7 0.5233076 0.8521439 0 0.5233076 0.8526451 0 0.5224905 0.8526453 0 0.5224905 0.8526451 0 0.5224905 0.8261309 0 0.5634784 0.8261039 0 0.563518 0.8261039 0 0.5635179 0.8256443 0 0.564191 0.8256443 0 0.564191 0.8256443 0 0.564191 0.7961385 0 0.6051145 0.7961385 0 0.6051145 0.7961385 0 0.6051145 0.7956267 0 0.6057874 0.7665209 0 0.6422196 0.7665209 0 0.6422196 0.7665209 0 0.6422196 0.7314884 0 0.681854 0.7315753 0 0.6817607 0.6973702 0 0.7167112 0.6973702 0 0.7167112 0.6973702 0 0.7167112 0.6981257 0 0.7159753 0.6981256 0 0.7159753 0.6981257 1.40263e-7 0.7159753 0.6604582 0 0.7508628 0.6604582 0 0.7508628 0.6604582 0 0.7508629 0.6604194 9.42041e-7 0.7508971 0.6603832 0 0.7509288 0.6604194 0 0.7508971 0.6220079 0 0.7830111 0.6220079 0 0.7830111 0.6220079 0 0.7830111 0.6227405 0 0.7824285 0.5822837 2.19853e-7 0.8129858 0.5823229 0 0.8129577 0.5823228 2.17104e-7 0.8129578 0.5823292 0 0.812953 0.5823292 -2.25341e-7 0.8129532 0.5823291 0 0.8129532</float_array>
          <technique_common>
            <accessor source="#Part__Feature1219-mesh-normals-array" count="6563" stride="3">
              <param name="X" type="float"/>
              <param name="Y" type="float"/>
              <param name="Z" type="float"/>
            </accessor>
          </technique_common>
        </source>
        <vertices id="Part__Feature1219-mesh-vertices">
          <input semantic="POSITION" source="#Part__Feature1219-mesh-positions"/>
        </vertices>
        <triangles material="Part__Feature1219-material" count="4588">
          <input semantic="VERTEX" source="#Part__Feature1219-mesh-vertices" offset="0"/>
          <input semantic="NORMAL" source="#Part__Feature1219-mesh-normals" offset="1"/>
          <p>0 0 1 1 2 2 3 3 1 4 0 5 2 6 4 7 5 8 1 9 4 10 2 11 5 12 6 13 7 14 4 15 6 16 5 17 7 18 8 19 9 20 6 21 8 22 7 23 9 24 10 25 11 26 8 27 10 28 9 29 11 30 12 31 13 32 10 33 12 34 11 35 13 36 14 37 15 38 12 39 14 40 13 41 15 42 16 43 17 44 14 45 16 46 15 47 17 48 18 49 19 50 16 51 18 52 17 53 19 54 20 55 21 56 18 57 20 58 19 59 21 60 22 61 23 62 20 63 22 64 21 65 23 66 24 67 25 68 22 69 24 69 23 69 25 70 26 71 27 72 24 73 26 74 25 75 27 76 28 77 29 78 26 79 28 80 27 81 29 82 30 83 31 84 28 85 30 86 29 87 31 88 32 89 33 90 30 91 32 92 31 93 33 94 34 95 35 96 32 97 34 98 33 99 35 100 36 101 37 102 34 103 36 104 35 105 36 106 38 107 37 108 37 109 38 110 39 111 38 112 40 113 39 114 39 115 40 116 41 117 40 118 42 119 41 120 41 121 42 121 43 121 42 122 44 123 43 124 43 125 44 126 45 127 45 128 46 128 47 128 44 129 46 130 45 131 47 132 48 133 49 134 46 135 48 136 47 137 49 138 50 139 51 140 48 141 50 142 49 143 51 144 52 145 53 146 50 147 52 148 51 149 53 150 54 151 55 152 52 153 54 153 53 153 55 154 56 155 57 156 54 157 56 158 55 159 57 160 58 161 59 162 56 163 58 164 57 165 59 166 60 166 61 166 58 167 60 168 59 169 61 170 62 170 63 170 60 171 62 172 61 173 63 174 64 174 65 174 62 175 64 175 63 175 65 176 66 176 67 176 64 177 66 178 65 179 67 180 68 181 69 182 66 183 68 183 67 183 69 184 70 185 71 186 68 187 70 188 69 189 71 190 72 191 73 192 70 193 72 194 71 195 73 196 74 196 75 196 72 197 74 198 73 199 75 200 76 201 77 202 74 203 76 204 75 205 77 206 78 207 79 208 76 209 78 210 77 211 79 212 80 213 81 214 78 215 80 216 79 217 81 218 82 219 83 220 83 221 82 222 84 223 80 224 82 225 81 226 82 227 85 228 84 229 85 230 86 231 84 232 84 233 86 234 87 235 87 236 86 236 88 236 86 236 89 236 88 236 89 237 90 238 88 239 88 240 90 241 91 242 91 243 90 244 92 245 90 246 93 247 92 248 93 249 94 250 92 251 92 252 94 253 95 254 94 255 96 255 95 255 95 256 96 257 97 258 96 259 98 260 97 261 97 262 98 263 99 264 98 265 100 266 99 267 99 268 100 269 101 270 100 271 102 272 101 273 101 274 102 275 103 276 102 277 104 277 103 277 103 278 104 278 105 278 104 279 106 280 105 281 105 282 106 283 107 284 106 285 108 286 107 287 107 288 108 289 109 290 108 291 110 292 109 293 109 294 110 295 111 296 111 297 112 297 113 297 110 297 112 297 111 297 113 298 114 299 115 300 115 301 114 302 116 303 112 304 114 305 113 306 114 307 117 307 116 307 116 308 118 308 119 308 117 309 118 309 116 309 119 310 120 311 121 312 121 313 120 314 122 315 118 316 120 317 119 318 120 319 123 320 122 321 122 322 124 323 125 324 123 325 124 325 122 325 125 326 126 327 127 328 124 329 126 330 125 331 128 332 129 333 130 334 131 335 129 336 128 337 130 338 132 339 133 340 129 341 132 342 130 343 133 344 134 344 135 344 132 345 134 346 133 347 135 18 136 19 137 20 134 21 136 22 135 23 137 348 138 349 139 350 136 351 138 352 137 353 139 354 140 355 141 356 138 357 140 358 139 359 141 360 142 361 143 362 140 363 142 364 141 365 143 366 144 366 145 366 142 367 144 368 143 369 145 370 146 371 147 372 144 373 146 374 145 375 147 376 148 377 149 378 146 57 148 58 147 59 149 379 150 380 151 381 148 382 150 383 149 384 151 385 152 386 153 387 150 388 152 389 151 390 153 391 154 392 155 393 152 394 154 394 153 394 155 395 156 396 157 397 154 398 156 399 155 400 157 401 158 402 159 403 156 404 158 405 157 406 159 88 160 89 161 90 158 407 160 408 159 409 161 410 162 411 163 412 160 413 162 414 161 415 163 416 164 417 165 418 162 419 164 419 163 419 164 420 166 421 165 422 165 423 166 424 167 425 166 426 168 427 167 428 167 429 168 430 169 431 168 432 170 432 169 432 169 433 170 434 171 435 170 436 172 437 171 438 171 439 172 440 173 441 173 128 174 128 175 128 172 442 174 443 173 444 175 445 176 446 177 447 174 448 176 449 175 450 177 451 178 452 179 452 176 453 178 454 177 455 179 456 180 457 181 458 178 459 180 460 179 461 181 462 182 463 183 464 180 465 182 465 181 465 183 466 184 466 185 466 182 467 184 468 183 469 185 470 186 470 187 470 184 471 186 472 185 473 187 474 188 475 189 476 186 477 188 477 187 477 189 478 190 479 191 480 188 481 190 482 189 483 191 484 192 484 193 484 190 485 192 486 191 487 193 488 194 489 195 490 192 491 194 491 193 491 195 492 196 493 197 494 194 495 196 496 195 497 197 498 198 499 199 500 196 501 198 502 197 503 199 504 200 505 201 506 198 507 200 508 199 509 201 510 202 511 203 512 200 513 202 513 201 513 203 514 204 515 205 516 202 517 204 518 203 519 205 520 206 520 207 520 204 521 206 522 205 523 207 524 208 525 209 526 206 527 208 528 207 529 209 530 210 531 211 532 208 533 210 534 209 535 211 536 212 537 213 538 210 539 212 540 211 541 212 542 214 543 213 544 213 545 214 546 215 547 215 236 214 236 216 236 214 236 217 236 216 236 217 548 218 549 216 550 216 551 218 552 219 553 218 554 220 555 219 556 219 557 220 558 221 559 220 560 222 561 221 562 221 563 222 564 223 565 222 566 224 567 223 568 223 569 224 570 225 571 225 572 224 573 226 574 224 575 227 575 226 575 227 576 228 577 226 578 226 579 228 580 229 581 229 582 228 583 230 584 228 585 231 586 230 587 231 588 232 588 230 588 230 589 232 589 233 589 232 590 234 591 233 592 233 593 234 594 235 595 234 596 236 597 235 598 235 599 236 600 237 601 236 602 238 603 237 604 237 605 238 606 239 607 239 297 240 297 241 297 238 297 240 297 239 297 241 608 242 609 243 610 240 611 242 612 241 613 243 614 244 615 245 616 242 617 244 617 243 617 245 618 246 618 247 618 244 619 246 620 245 621 247 622 248 623 249 623 246 624 248 625 247 626 249 627 250 628 251 629 248 630 250 631 249 632 251 633 252 633 253 633 250 633 252 633 251 633 253 634 254 635 255 636 252 637 254 638 253 639 256 640 257 641 258 642 259 643 257 643 256 643 258 644 260 645 261 646 257 647 260 648 258 649 261 650 262 651 263 652 260 653 262 654 261 655 263 656 264 657 265 658 262 659 264 660 263 661 265 662 266 663 267 664 264 665 266 666 265 667 267 668 268 669 269 670 266 671 268 672 267 673 269 674 270 674 271 674 268 675 270 676 269 677 271 678 272 678 273 678 270 679 272 680 271 681 273 682 274 683 275 684 272 685 274 686 273 687 275 688 276 689 277 690 274 691 276 692 275 693 277 379 278 380 279 381 276 382 278 383 277 384 279 694 280 695 281 696 278 697 280 698 279 699 281 700 282 701 283 702 280 703 282 704 281 705 283 706 284 707 285 708 282 709 284 710 283 711 285 401 286 402 287 403 284 404 286 405 285 406 287 712 288 713 289 714 286 715 288 716 287 717 289 718 290 719 291 720 288 721 290 722 289 723 291 724 292 725 293 726 290 727 292 727 291 727 292 728 294 729 293 730 293 731 294 732 295 733 294 734 296 735 295 736 295 737 296 738 297 739 296 740 298 740 297 740 297 741 298 742 299 743 298 744 300 745 299 746 299 747 300 748 301 749 301 750 302 750 303 750 300 751 302 752 301 753 303 754 304 755 305 756 302 757 304 758 303 759 305 760 306 761 307 762 304 763 306 763 305 763 307 764 308 765 309 766 306 767 308 768 307 769 309 770 310 770 311 770 308 771 310 771 309 771 311 772 312 773 313 774 310 775 312 775 311 775 313 776 314 777 315 778 312 779 314 780 313 781 315 782 316 782 317 782 314 783 316 784 315 785 317 786 318 787 319 788 316 789 318 789 317 789 319 790 320 791 321 792 318 793 320 794 319 795 321 796 322 797 323 798 320 799 322 799 321 799 323 800 324 801 325 802 322 803 324 804 323 805 325 806 326 807 327 808 324 809 326 810 325 811 327 812 328 812 329 812 326 813 328 814 327 815 329 816 330 817 331 818 328 819 330 820 329 821 331 822 332 823 333 824 330 825 332 826 331 827 333 828 334 828 335 828 332 829 334 830 333 831 335 832 336 833 337 834 334 835 336 836 335 837 337 838 338 839 339 840 336 841 338 842 337 843 339 844 340 845 341 846 338 847 340 848 339 849 340 850 342 851 341 852 341 853 342 854 343 855 343 236 342 236 344 236 342 236 345 236 344 236 345 856 346 857 344 858 344 859 346 860 347 861 346 862 348 862 347 862 347 863 348 864 349 865 348 866 350 867 349 868 349 869 350 870 351 871 350 872 352 873 351 874 351 875 352 876 353 877 353 878 352 879 354 880 352 881 355 881 354 881 355 882 356 883 354 884 354 885 356 886 357 887 357 888 356 889 358 890 356 891 359 892 358 893 359 894 360 895 358 896 358 897 360 898 361 899 360 900 362 900 361 900 361 901 362 902 363 903 362 904 364 905 363 906 363 907 364 908 365 909 364 910 366 911 365 912 365 913 366 914 367 915 367 916 368 917 369 918 366 919 368 920 367 921 369 922 370 923 371 924 368 925 370 926 369 927 371 928 372 929 373 930 370 931 372 932 371 933 373 934 374 935 375 936 372 937 374 938 373 939 375 940 376 941 377 942 374 943 376 944 375 945 377 946 378 947 379 948 376 949 378 950 377 951 379 952 380 952 381 952 381 953 380 954 382 955 378 956 380 957 379 958 380 959 383 960 382 961 384 962 385 963 386 964 387 965 385 966 384 967 386 968 388 969 389 970 385 971 388 972 386 973 389 974 390 975 391 976 388 977 390 978 389 979 391 656 392 657 393 658 390 659 392 660 391 661 393 980 394 981 395 982 392 983 394 984 393 985 395 986 396 987 397 988 394 989 396 990 395 991 397 992 398 993 399 994 396 995 398 996 397 997 399 998 400 999 401 1000 398 1001 400 1001 399 1001 401 1002 402 1003 403 1004 400 1005 402 1006 401 1007 403 1008 404 1009 405 1010 402 691 404 692 403 693 405 60 406 61 407 62 404 63 406 64 405 65 407 1011 408 1012 409 1013 406 1014 408 1015 407 1016 409 1017 410 1018 411 1019 408 1020 410 1021 409 1022 411 1023 412 1024 413 1025 410 1026 412 1027 411 1028 413 82 414 83 415 84 412 85 414 86 413 87 415 712 416 713 417 714 414 1029 416 1030 415 1031 417 1032 418 1033 419 1034 416 1035 418 1036 417 1037 419 1038 420 1039 421 1040 418 1041 420 1042 419 1043 420 1044 422 1045 421 1046 421 1047 422 1048 423 1049 422 1050 424 1051 423 1052 423 1053 424 1054 425 1055 424 1056 426 1057 425 1058 425 1059 426 1059 427 1059 426 744 428 745 427 746 427 1060 428 1061 429 1062 429 750 430 750 431 750 428 1063 430 1064 429 1065 431 1066 432 1067 433 1068 430 1069 432 1070 431 1071 433 1072 434 1072 435 1072 432 1073 434 1074 433 1075 435 1076 436 1076 437 1076 434 1077 436 1078 435 1079 437 1080 438 1081 439 1082 436 770 438 770 437 770 439 1083 440 1083 441 1083 438 1084 440 1084 439 1084 441 1085 442 1086 443 1087 440 1088 442 1089 441 1090 443 1091 444 1092 445 1093 442 1094 444 1095 443 1096 445 1097 446 1098 447 1099 444 1100 446 1101 445 1102 447 1103 448 1104 449 1105 449 1106 448 1106 450 1106 446 1107 448 1108 447 1109 450 1110 451 1110 452 1110 448 1111 451 1112 450 1113 451 1114 453 1115 452 1116 452 1117 454 1117 455 1117 453 1118 454 1119 452 1120 455 1121 456 1122 457 1123 454 812 456 812 455 812 457 1124 458 1125 459 1126 459 1127 458 1128 460 1129 456 1130 458 1131 457 1132 458 1133 461 1134 460 1135 460 1136 462 1137 463 1138 461 1139 462 1140 460 1141 463 1142 464 1143 465 1144 462 1145 464 1146 463 1147 465 1148 466 1149 467 1150 467 1151 466 1152 468 1153 464 1154 466 1155 465 1156 466 1157 469 1158 468 1159 469 1160 470 1161 468 1162 468 1163 470 1164 471 1165 471 236 470 236 472 236 470 236 473 236 472 236 473 1166 474 1167 472 1168 472 1169 474 1170 475 1171 475 1172 474 1173 476 1174 474 1175 477 1175 476 1175 477 1176 478 1177 476 1178 476 1179 478 1180 479 1181 479 1182 478 1183 480 1184 478 1185 481 1186 480 1187 481 1188 482 1189 480 1190 480 1191 482 1192 483 1193 482 1194 484 1195 483 1196 483 1197 484 1198 485 1199 484 1200 486 1201 485 1202 485 1203 486 1204 487 1205 486 1206 488 1207 487 1208 487 1209 488 1210 489 1211 489 1212 488 1213 490 1214 488 1215 491 1216 490 1217 491 1218 492 1219 490 1220 490 1221 492 1222 493 1223 492 1224 494 1225 493 1226 493 1227 494 1228 495 1229 495 1230 494 1231 496 1232 494 919 497 1233 496 1234 496 1235 498 1236 499 1237 499 1238 498 1239 500 1240 497 1241 498 1242 496 1243 498 1244 501 1245 500 1246 500 1247 502 1248 503 1249 501 1250 502 1251 500 1252 503 1253 504 1254 505 1255 502 1256 504 1257 503 1258 505 1259 506 1260 507 1261 504 1262 506 1263 505 1264 507 1265 508 1265 509 1265 509 1266 508 1267 510 1268 506 1269 508 1269 507 1269 508 1270 511 1271 510 1272 512 1273 513 1273 514 1273 515 1274 514 1274 516 1274 515 1275 512 1275 514 1275 517 1276 516 1276 518 1276 517 1274 515 1274 516 1274 519 1277 518 1278 520 1279 519 1280 517 1281 518 1282 521 1283 520 1284 522 1285 521 1286 519 1286 520 1286 523 1287 522 1287 524 1287 523 1288 521 1289 522 1290 525 1291 524 1292 526 1293 525 1294 523 1295 524 1296 527 1297 526 1297 528 1297 527 1298 525 1299 526 1300 529 1301 528 1301 530 1301 529 1297 527 1297 528 1297 531 1302 530 1303 532 1304 531 1305 529 1305 530 1305 533 1306 532 1307 534 1308 533 1309 531 1310 532 1311 535 1312 534 1313 536 1314 535 1315 533 1316 534 1317 537 1318 536 1318 538 1318 537 1319 535 1320 536 1321 539 1322 538 1322 540 1322 539 1318 537 1318 538 1318 541 1323 539 1323 540 1323 542 1324 540 1324 543 1324 542 1325 541 1325 540 1325 544 1326 543 1326 545 1326 544 1327 542 1327 543 1327 546 1328 547 1328 548 1328 546 1329 548 1329 549 1329 546 1330 549 1330 550 1330 551 1331 550 1331 552 1331 551 1330 546 1330 550 1330 553 1332 552 1333 554 1334 553 1335 551 1336 552 1337 555 1338 554 1339 556 1340 555 1341 553 1341 554 1341 557 1342 556 1343 558 1344 557 1345 555 1346 556 1347 559 1348 558 1348 560 1348 559 1349 557 1349 558 1349 561 1350 559 1350 560 1350 562 1351 560 1352 563 1353 562 1354 561 1354 560 1354 564 1355 563 1356 565 1357 564 1358 562 1358 563 1358 566 1359 565 1359 567 1359 566 1360 564 1360 565 1360 568 1361 567 1361 569 1361 568 1362 566 1363 567 1364 570 1365 569 1365 571 1365 570 1366 568 1366 569 1366 572 1367 571 1368 573 1369 572 1370 570 1371 571 1372 574 1373 573 1374 575 1375 574 1376 572 1377 573 1378 576 1379 575 1379 577 1379 576 1380 574 1380 575 1380 578 1381 577 1381 579 1381 578 1382 576 1382 577 1382 580 1383 581 1383 582 1383 583 1384 582 1384 584 1384 583 1385 580 1385 582 1385 585 1386 584 1386 586 1386 585 1387 583 1388 584 1387 587 1389 586 1389 588 1389 587 1390 585 1390 586 1390 589 1391 588 1392 590 1393 589 1394 587 1394 588 1394 591 1395 590 1396 592 1397 591 1398 589 1399 590 1400 593 1401 592 1401 594 1401 593 1402 591 1402 592 1402 595 1403 594 1403 596 1403 595 1404 593 1404 594 1404 597 1405 596 1406 598 1407 597 1408 595 1408 596 1408 599 1409 598 1410 600 1411 599 1412 597 1412 598 1412 601 1413 599 1414 600 1415 602 1416 600 1417 603 1418 602 1419 603 1420 604 1421 602 1422 601 1423 600 1424 605 1425 602 1426 604 1427 606 1428 604 1428 607 1428 606 1429 607 1430 608 1431 606 1432 605 1433 604 1434 609 1435 606 1435 608 1435 610 1436 608 1436 611 1436 610 1437 609 1438 608 1439 612 1440 611 1440 613 1440 612 1441 610 1441 611 1441 614 1442 615 1443 616 1444 617 1445 616 1446 618 1447 617 1448 614 1448 616 1448 619 1449 618 1449 620 1450 619 1451 617 1451 618 1451 621 1452 620 1452 622 1452 621 1453 619 1453 620 1453 623 1454 622 1455 624 1456 623 1452 621 1452 622 1452 625 1457 624 1457 626 1457 625 1458 623 1459 624 1460 627 1461 626 1461 628 1461 627 1457 625 1457 626 1457 629 1462 628 1462 630 1462 629 1463 627 1464 628 1465 631 1466 630 1467 632 1468 631 1469 629 1469 630 1469 633 1470 632 1470 634 1470 633 1471 631 1471 632 1471 635 1472 634 1472 636 1472 635 1473 633 1474 634 1475 637 1476 636 1476 638 1476 637 1477 635 1477 636 1477 639 1478 638 1478 640 1478 639 1479 637 1479 638 1479 641 1480 640 1481 642 1482 641 1483 639 1484 640 1485 643 1486 642 1486 644 1486 643 1487 641 1487 642 1487 645 1488 643 1489 644 1490 646 1491 644 1492 647 1493 646 1494 645 1495 644 1496 648 1497 649 1498 650 1499 651 1500 649 1501 648 1502 650 1503 652 1504 653 1505 649 1506 652 1507 650 1508 653 1509 654 1510 655 1511 652 1512 654 1513 653 1514 655 1515 656 1516 657 1517 654 1518 656 1519 655 1520 657 1521 658 1522 659 1523 656 1524 658 1525 657 1526 659 1527 660 1528 661 1529 658 1530 660 1531 659 1532 661 674 662 674 663 674 660 1533 662 1534 661 1535 663 1536 664 1536 665 1536 662 1537 664 1538 663 1539 665 1540 666 1541 667 1542 664 1543 666 1544 665 1545 667 1546 668 1547 669 1548 666 1549 668 1550 667 1551 669 1552 670 1553 671 1554 668 1555 670 1556 669 1557 671 1558 672 1559 673 1560 670 1561 672 1562 671 1563 673 1564 674 1565 675 1566 672 1567 674 1568 673 1569 675 1570 676 1571 677 1572 674 1573 676 1574 675 1575 677 1576 678 1577 679 1578 676 1579 678 1580 677 1581 679 1582 680 1583 681 1584 678 1585 680 1586 679 1587 681 1588 682 1589 683 1590 680 1591 682 1592 681 1593 683 1594 684 1595 685 1596 682 1597 684 1598 683 1599 684 1600 686 1601 685 1602 685 1603 686 1604 687 1605 686 1606 688 1607 687 1608 687 1609 688 1610 689 1611 688 1612 690 1613 689 1614 689 1615 690 1615 691 1615 690 1616 692 1617 691 1618 691 1619 692 1620 693 1621 693 1622 694 1622 695 1622 692 1623 694 1624 693 1625 695 1626 696 1627 697 1628 694 1629 696 1630 695 1631 697 1632 698 1633 699 1634 696 1635 698 1635 697 1635 699 1636 700 1637 701 1638 698 1639 700 1640 699 1641 701 1642 702 1643 703 464 700 153 702 153 701 153 703 1644 704 1644 705 1644 702 1645 704 1645 703 1645 705 1646 706 1647 707 1648 704 1649 706 1650 705 1651 707 1652 708 1652 709 1652 706 1653 708 1654 707 1655 709 1656 710 1657 711 1658 708 1659 710 1660 709 1661 711 1662 712 1663 713 1664 710 1665 712 1666 711 1667 713 1668 714 1669 715 1670 712 1671 714 1671 713 1671 715 1672 716 1673 717 1674 714 1675 716 1676 715 1677 717 1678 718 1679 719 1680 716 1681 718 1682 717 1683 719 1684 720 1685 721 1686 718 1687 720 1688 719 1689 721 1690 722 1691 723 1692 720 196 722 196 721 196 723 1693 724 1694 725 1695 722 1696 724 1697 723 1698 725 1699 726 1700 727 1701 724 1702 726 1703 725 1704 727 1705 728 1706 729 1707 726 1708 728 1709 727 1710 729 1711 730 1712 731 1713 728 1714 730 1715 729 1716 731 1717 732 1718 733 1719 730 1720 732 1721 731 1722 732 1723 734 1724 733 1725 733 1726 734 1727 735 1728 735 236 734 236 736 236 734 236 737 236 736 236 737 1729 738 1730 736 1731 736 1732 738 1733 739 1734 738 862 740 862 739 862 739 1735 740 1736 741 1737 740 1738 742 1739 741 1740 741 1741 742 1742 743 1743 742 1744 744 1745 743 1746 743 1747 744 1748 745 1749 745 1750 744 1751 746 1752 744 1753 747 1754 746 1755 747 1756 748 1757 746 1758 746 1759 748 1760 749 1761 749 1762 748 1763 750 1764 748 1765 751 1766 750 1767 751 1768 752 1769 750 1770 750 1771 752 1772 753 1773 752 1774 754 1774 753 1774 753 1775 754 1776 755 1777 754 1778 756 1779 755 1780 755 1781 756 1782 757 1783 756 1784 758 1785 757 1786 757 1787 758 1788 759 1789 759 1790 760 1791 761 1792 758 1793 760 1794 759 1795 761 1796 762 1797 763 1798 760 1799 762 1800 761 1801 763 1802 764 1803 765 1804 762 1805 764 1806 763 1807 765 1808 766 1809 767 1810 764 1811 766 1812 765 1813 767 1814 768 1815 769 1816 766 1817 768 1818 767 1819 769 1820 770 1821 771 1822 768 1823 770 1824 769 1825 771 1826 772 1827 773 1828 770 1829 772 1829 771 1829 773 1830 774 1831 775 1832 772 1833 774 1834 773 1835 776 1836 777 1837 778 1838 779 1839 777 1840 776 1841 778 1503 780 1504 781 1505 777 1506 780 1507 778 1508 781 1842 782 1843 783 1844 780 1845 782 1846 781 1847 783 1848 784 1849 785 1850 782 1851 784 1852 783 1853 785 1854 786 1855 787 1856 784 1857 786 1858 785 1859 787 1860 788 1861 789 1862 786 1863 788 1864 787 1865 789 1866 790 1867 791 1868 788 1869 790 1870 789 1871 791 1872 792 1872 793 1872 790 1873 792 1874 791 1875 793 1540 794 1541 795 1542 792 1543 794 1544 793 1545 795 1546 796 1547 797 1548 794 1549 796 1550 795 1551 797 1552 798 1553 799 1554 796 1555 798 1556 797 1557 799 1876 800 1877 801 1878 798 1879 800 1879 799 1879 801 1564 802 1565 803 1566 800 1567 802 1568 801 1569 803 1880 804 1881 805 1882 802 1883 804 1884 803 1885 805 1886 806 1887 807 1888 804 1889 806 1890 805 1891 807 1892 808 1893 809 1894 806 1895 808 1896 807 1897 809 1898 810 1899 811 1900 808 1901 810 1902 809 1903 811 1904 812 1905 813 1906 810 1907 812 1908 811 1909 812 1910 814 1911 813 1912 813 1913 814 1914 815 1915 814 1916 816 1917 815 1918 815 1919 816 1920 817 1921 816 1922 818 1923 817 1924 817 1925 818 1925 819 1925 818 1926 820 1927 819 1928 819 1929 820 1930 821 1931 821 1932 822 1932 823 1932 820 1933 822 1934 821 1935 823 1936 824 1937 825 1938 822 1939 824 1940 823 1941 825 1942 826 1943 827 1944 824 1945 826 1946 825 1947 827 1948 828 1949 829 1950 826 1951 828 1952 827 1953 829 1642 830 1643 831 464 828 153 830 153 829 153 831 1954 832 1955 833 1956 830 1957 832 1958 831 1959 833 1960 834 1961 835 1962 832 1963 834 1963 833 1963 835 1964 836 1965 837 1966 834 1967 836 1968 835 1969 837 1970 838 1971 839 1972 836 1973 838 1974 837 1975 839 174 840 174 841 174 838 1976 840 1976 839 1976 841 1977 842 1978 843 1979 840 1980 842 1981 841 1982 843 1672 844 1673 845 1674 842 1675 844 1676 843 1677 845 1678 846 1679 847 1680 844 1681 846 1682 845 1683 847 1684 848 1685 849 1686 846 1687 848 1688 847 1689 849 1690 850 1691 851 1692 848 196 850 196 849 196 851 1983 852 1984 853 1985 850 1986 852 1987 851 1988 853 1699 854 1700 855 1701 852 1702 854 1703 853 1704 855 1705 856 1706 857 1707 854 1708 856 1709 855 1710 857 1989 858 1990 859 1991 856 1992 858 1993 857 1994 859 1717 860 1718 861 1719 858 1720 860 1721 859 1722 860 1995 862 1996 861 1997 861 1998 862 1999 863 2000 862 236 864 236 863 236 863 236 864 236 865 236 864 2001 866 2002 865 2003 865 2004 866 2005 867 2006 866 2007 868 2008 867 2009 867 2010 868 2011 869 2012 868 2013 870 2014 869 2015 869 2016 870 2017 871 2018 870 2019 872 2020 871 2021 871 2022 872 2023 873 2024 873 1750 872 1751 874 1752 872 1753 875 1754 874 1755 875 2025 876 2026 874 2027 874 2028 876 2029 877 2030 876 2031 878 2032 877 2033 877 2034 878 2035 879 2036 878 1768 880 1769 879 1770 879 1771 880 1772 881 1773 880 1774 882 1774 881 1774 881 1775 882 1776 883 1777 882 2037 884 2037 883 2037 883 2038 884 2038 885 2038 884 2039 886 2040 885 2041 885 2042 886 2043 887 2044 887 2045 888 2045 889 2045 886 2046 888 2046 887 2046 889 1796 890 1797 891 1798 888 1799 890 1800 889 1801 891 2047 892 2048 893 2049 890 2050 892 2050 891 2050 893 2051 894 2051 895 2051 892 2052 894 2052 893 2052 895 2053 896 2054 897 2055 894 2056 896 2057 895 2058 897 1820 898 1821 899 1822 896 1823 898 1824 897 1825 899 1826 900 1827 901 1828 898 1829 900 1829 899 1829 901 2059 902 2060 903 2061 900 2062 902 2063 901 2064 904 2065 905 2066 906 2067 907 2068 905 2069 904 2070 906 2071 908 2072 909 2073 905 2074 908 2075 906 2076 909 2077 910 2078 911 2079 908 2080 910 2081 909 2082 911 2083 912 2084 913 2085 910 2086 912 2087 911 2088 913 1854 914 1855 915 1856 912 1857 914 2089 913 1859 915 2090 916 2091 917 2092 914 2093 916 2094 915 2095 917 2096 918 2097 919 2098 916 2099 918 2100 917 2101 919 2102 920 2103 921 2104 918 2105 920 2105 919 2105 921 2106 922 2107 923 2108 920 2109 922 2110 921 2111 923 2112 924 2113 925 2114 922 2115 924 2116 923 2117 925 2118 926 2119 927 2120 924 2121 926 2122 925 2123 927 2124 928 2125 929 2126 926 2127 928 2128 927 2129 929 2130 930 2131 931 2132 928 2133 930 2134 929 2135 931 2136 932 2137 933 2138 930 2139 932 2140 931 2141 933 2142 934 2143 935 2144 932 2145 934 2146 933 2147 935 2148 936 2149 937 2150 934 2151 936 2152 935 2153 937 2154 938 2155 939 2156 936 2157 938 2158 937 2159 939 2160 940 2161 941 2162 938 2163 940 2164 939 2165 940 2166 942 2167 941 2168 941 2169 942 2170 943 2171 942 2172 944 2173 943 2174 943 2175 944 2176 945 2177 944 2178 946 2178 945 2178 945 2179 946 2180 947 2181 946 2182 948 2183 947 2184 947 2185 948 2185 949 2185 949 2186 950 2186 951 2186 948 2187 950 2188 949 2189 951 2190 952 2190 953 2190 950 2191 952 2192 951 2193 953 2194 954 2195 955 2196 952 2197 954 2198 953 2199 955 1948 956 1949 957 1950 954 1951 956 1952 955 1953 957 1642 958 1643 959 464 956 153 958 153 957 153 959 2200 960 2200 961 2200 958 2201 960 2202 959 2203 961 2204 962 2204 963 2204 960 2205 962 2206 961 2207 963 2208 964 2208 965 2208 962 2209 964 2210 963 2211 965 2212 966 2213 967 2214 964 2215 966 2216 965 2217 967 174 968 174 969 174 966 1976 968 1976 967 1976 969 2218 970 2219 971 2220 968 2221 970 2222 969 2223 971 2224 972 2224 973 2224 970 2225 972 2226 971 2227 973 2228 974 2229 975 2230 972 2231 974 2232 973 2233 975 2234 976 2235 977 2236 974 2237 976 2238 975 2239 977 2240 978 2240 979 2240 976 2241 978 2242 977 2243 979 2244 980 2245 981 2246 978 2247 980 2248 979 2249 981 2250 982 2251 983 2252 980 2253 982 2254 981 2255 983 2256 984 2257 985 2258 982 2259 984 2260 983 2261 985 1989 986 1990 987 1991 984 2262 986 2263 985 2264 987 2265 988 2266 989 2267 986 2268 988 2269 987 2270 988 2271 990 2272 989 2273 989 2274 990 2275 991 2276 990 236 992 236 991 236 991 236 992 236 993 236 992 2277 994 2278 993 2279 993 2004 994 2005 995 2280 994 2281 996 2282 995 2283 995 2284 996 2285 997 2286 997 2287 996 2288 998 2289 996 2290 999 2291 998 2292 999 2293 1000 2294 998 2295 998 2296 1000 2296 1001 2296 1000 2297 1002 2298 1001 2299 1001 2300 1002 2301 1003 2302 1002 2025 1004 2026 1003 2027 1003 2028 1004 2029 1005 2030 1004 2303 1006 2304 1005 2305 1005 2306 1006 2307 1007 2308 1006 2309 1008 2310 1007 2311 1007 2312 1008 2313 1009 2314 1008 1774 1010 1774 1009 1774 1009 2315 1010 2315 1011 2315 1010 2316 1012 2316 1011 2316 1011 2317 1012 2317 1013 2317 1012 2318 1014 2319 1013 2320 1013 2321 1014 2322 1015 2323 1015 2046 1016 2046 1017 2046 1014 2324 1016 2324 1015 2324 1017 2325 1018 2326 1019 2327 1016 2328 1018 2329 1017 2330 1019 2331 1020 2332 1021 2333 1018 2334 1020 2334 1019 2334 1021 2335 1022 2336 1023 2337 1020 618 1022 618 1021 618 1023 2338 1024 2339 1025 2340 1022 2341 1024 2342 1023 2343 1025 2344 1026 2345 1027 2346 1024 2347 1026 2348 1025 2349 1027 2350 1028 2350 1029 2350 1026 2350 1028 2350 1027 2350 1029 2351 1030 2352 1031 2353 1028 2354 1030 2355 1029 2356 1032 2357 1033 2358 1034 2359 1035 2360 1033 2360 1032 2360 1034 2071 1036 2072 1037 2073 1033 2074 1036 2075 1034 2076 1037 2361 1038 2362 1039 2363 1036 2364 1038 2365 1037 2366 1039 656 1040 657 1041 658 1038 2367 1040 2368 1039 2369 1041 1521 1042 1522 1043 1523 1040 2370 1042 2371 1041 2372 1043 2373 1044 2374 1045 2375 1042 2376 1044 2377 1043 2378 1045 2379 1046 2380 1047 2381 1044 2382 1046 2383 1045 2384 1047 2385 1048 2386 1049 2387 1046 2388 1048 2388 1047 2388 1049 2106 1050 2107 1051 2108 1048 2109 1050 2110 1049 2111 1051 2112 1052 2113 1053 2114 1050 2115 1052 2116 1051 2117 1053 2118 1054 2119 1055 2120 1052 2121 1054 2122 1053 2123 1055 2389 1056 2390 1057 2391 1054 2392 1056 2392 1055 2392 1057 2130 1058 2131 1059 2132 1056 2133 1058 2134 1057 2135 1059 2393 1060 2394 1061 2395 1058 2396 1060 2397 1059 2398 1061 2399 1062 2400 1063 2401 1060 2402 1062 2403 1061 2404 1063 2405 1064 2406 1065 2407 1062 2408 1064 2409 1063 2410 1065 2411 1066 2412 1067 2413 1064 2414 1066 2415 1065 2416 1067 2417 1068 2417 1069 2417 1066 2418 1068 2419 1067 2420 1068 2421 1070 2422 1069 2423 1069 2424 1070 2425 1071 2426 1070 2427 1072 2428 1071 2429 1071 2430 1072 2431 1073 2432 1072 2433 1074 2434 1073 2435 1073 2436 1074 2437 1075 2438 1074 2439 1076 2440 1075 2441 1075 2442 1076 2443 1077 2444 1077 2445 1078 2445 1079 2445 1076 2446 1078 2447 1077 2448 1079 2449 1080 2450 1081 2451 1078 2452 1080 2453 1079 2454 1081 2455 1082 2456 1083 2457 1080 2458 1082 2458 1081 2458 1083 1636 1084 1637 1085 1638 1082 1639 1084 1640 1083 1641 1085 1642 1086 1643 1087 464 1084 153 1086 153 1085 153 1087 2459 1088 2460 1089 2461 1086 2462 1088 2462 1087 2462 1089 2463 1090 2464 1091 2465 1088 2466 1090 2467 1089 2468 1091 2469 1092 2470 1093 2471 1090 2472 1092 2472 1091 2472 1093 2473 1094 2473 1095 2473 1092 2474 1094 2475 1093 2476 1095 1662 1096 1663 1097 1664 1094 1665 1096 1666 1095 1667 1097 2477 1098 2478 1099 2479 1096 2480 1098 2481 1097 2482 1099 2224 1100 2224 1101 2224 1098 2225 1100 2226 1099 2227 1101 2228 1102 2229 1103 2230 1100 2231 1102 2232 1101 2233 1103 2234 1104 2235 1105 2236 1102 2237 1104 2238 1103 2239 1105 2240 1106 2240 1107 2240 1104 2241 1106 2242 1105 2243 1107 2483 1108 2484 1109 2485 1106 2486 1108 2487 1107 2488 1109 2250 1110 2251 1111 2252 1108 2253 1110 2254 1109 2255 1111 2256 1112 2257 1113 2258 1110 2259 1112 2260 1111 2261 1113 1711 1114 1712 1115 1713 1112 2489 1114 2490 1113 2491 1115 2265 1116 2266 1117 2267 1114 2268 1116 2269 1115 2270 1116 2492 1118 2493 1117 2494 1117 2495 1118 2496 1119 2497 1118 236 1120 236 1119 236 1119 236 1120 236 1121 236 1120 2498 1122 2499 1121 2500 1121 1732 1122 1733 1123 1734 1122 2501 1124 2502 1123 2503 1123 2504 1124 2504 1125 2504 1124 2505 1126 2506 1125 2507 1125 2508 1126 2509 1127 2510 1126 2511 1128 2512 1127 2513 1127 2514 1128 2515 1129 2516 1128 2297 1130 2298 1129 2299 1129 2300 1130 2301 1131 2302 1130 1756 1132 1757 1131 1758 1131 1759 1132 1760 1133 1761 1132 2517 1134 2518 1133 2519 1133 2520 1134 2521 1135 2522 1134 2309 1136 2310 1135 2311 1135 2312 1136 2313 1137 2314 1136 1774 1138 1774 1137 1774 1137 2315 1138 2315 1139 2315 1139 2523 1138 2524 1140 2525 1138 2526 1141 2527 1140 2528 1141 2529 1142 2530 1140 2531 1140 2532 1142 2533 1143 2534 1143 2535 1144 2536 1145 2537 1142 2538 1144 2539 1143 2540 1145 2325 1146 2326 1147 2327 1144 2328 1146 2329 1145 2330 1147 2541 1148 2542 1149 2543 1146 2544 1148 2545 1147 2546 1149 2547 1150 2548 1151 2549 1148 2550 1150 2551 1149 2552 1151 2553 1152 2554 1153 2555 1150 2556 1152 2556 1151 2556 1153 2344 1154 2345 1155 2346 1152 2347 1154 2348 1153 2349 1155 2350 1156 2350 1157 2350 1154 2350 1156 2350 1155 2350 1157 2557 1158 2558 1159 2559 1156 2560 1158 2561 1157 2562 1159 2563 1158 2564 1160 2565 1158 2566 1161 2567 1160 2568 1161 2569 1162 2570 1160 2569 1160 2571 1162 2572 1163 2573 1162 2574 1164 2574 1163 2574 1163 2575 1164 2576 1165 2577 1164 2578 1166 2579 1165 2580 1165 2581 1166 2582 1167 2583 1166 2584 1168 2585 1167 2586 1167 2587 1168 2588 1169 2589 1168 2590 1170 2590 1169 2590 1169 2591 1170 2592 1171 2593 1170 2594 1172 2594 1171 2594 1171 2595 1172 2596 1173 2597 1172 2598 1174 2599 1173 2600 1173 2601 1174 2601 1175 2601 1174 2602 1176 2603 1175 2604 1175 2605 1176 2606 1177 2607 1177 2608 1178 2609 1179 2610 1176 2611 1178 2612 1177 2613 1179 2614 1180 2614 1181 2614 1178 2615 1180 2616 1179 2617 1181 2618 1182 2619 1183 2620 1180 2621 1182 2621 1181 2621 1183 2622 1184 2623 1185 2624 1182 2625 1184 2626 1183 2627 1185 2628 1186 2629 1187 2630 1184 2631 1186 2632 1185 2633 1187 2634 1188 2635 1189 2636 1186 2637 1188 2638 1187 2639 1189 2640 1190 2641 1191 2642 1188 2643 1190 2644 1189 2645 1191 2646 1192 2646 1193 2646 1190 2647 1192 2648 1191 2649 1192 2650 1194 2651 1193 2652 1193 2653 1194 2654 1195 2655 1194 2656 1196 2657 1195 2658 1195 2659 1196 2660 1197 2661 1196 2662 1198 2663 1197 2664 1197 2665 1198 2666 1199 2667 1198 2668 1200 2668 1199 2668 1199 2669 1200 2670 1201 2671 1200 2672 1202 2673 1201 2674 1201 2675 1202 2676 1203 2677 1203 2678 1202 2678 1204 2678 1202 2679 1205 2680 1204 2681 1205 2682 1206 2683 1204 2684 1204 2685 1206 2686 1207 2687 1206 2688 1208 2688 1207 2688 1207 2689 1208 2689 1209 2689 1208 2690 1210 2691 1209 2692 1209 2693 1210 2694 1211 2695 1210 2696 1212 2696 1211 2696 1211 2697 1212 2698 1213 2699 1212 2700 1214 2700 1213 2700 1213 2701 1214 2701 1215 2701 1214 2702 1216 2703 1215 2704 1215 2705 1216 2706 1217 2707 1216 2708 1218 2708 1217 2708 1217 2709 1218 2710 1219 2711 1218 2712 1220 2713 1219 2714 1219 2715 1220 2716 1221 2716 1220 2717 1222 2718 1221 2719 1221 2720 1222 2721 1223 2722 1222 2723 1224 2724 1223 2725 1223 2726 1224 2727 1225 2728 1224 2729 1226 2730 1225 2731 1225 2732 1226 2733 1227 2734 1226 2735 1228 2736 1227 2737 1227 2738 1228 2738 1229 2738 1228 2739 1230 2740 1229 2741 1229 2742 1230 2743 1231 2744 1231 2745 1232 2746 1233 2747 1230 2748 1232 2749 1231 2750 1233 2751 1234 2752 1235 2753 1232 2754 1234 2755 1233 2756 1235 2757 1236 2758 1237 2759 1234 2760 1236 2760 1235 2760 1237 2761 1238 2762 1239 2763 1236 2764 1238 2765 1237 2766 1239 2767 1240 2768 1241 2769 1238 2770 1240 2771 1239 2772 1241 2773 1242 2774 1243 2775 1240 2776 1242 2777 1241 2778 1242 2779 1244 2780 1243 2781 1243 2782 1244 2783 1245 2784 1244 2785 1246 2785 1245 2785 1245 2785 1246 2785 1247 2785 1247 2786 1248 2787 1249 2788 1246 2789 1248 2790 1247 2791 1249 2792 1250 2793 1251 2794 1248 2795 1250 2796 1249 2797 1251 2798 1252 2799 1253 2800 1250 2801 1252 2802 1251 2803 1253 2804 1254 2804 1255 2804 1252 2805 1254 2806 1253 2807 1255 2808 1256 2809 1257 2810 1254 2811 1256 2812 1255 2813 1257 2814 1258 2815 1259 2816 1256 2817 1258 2818 1257 2819 1259 2820 1260 2821 1261 2822 1258 2823 1260 2824 1259 2825 1261 2826 1262 2827 1263 2828 1260 2829 1262 2829 1261 2829 1263 2830 1264 2831 1265 2832 1262 2833 1264 2833 1263 2833 1265 2834 1266 2835 1267 2836 1264 2837 1266 2838 1265 2839 1267 2840 1268 2841 1269 2842 1266 2843 1268 2844 1267 2845 1269 2846 1270 2847 1271 2848 1268 2849 1270 2850 1269 2851 1271 2852 1272 2853 1273 2854 1270 2855 1272 2856 1271 2857 1273 2858 1274 2859 1275 2860 1272 2861 1274 2862 1273 2863 1275 2864 1276 2865 1277 2866 1274 2867 1276 2868 1275 2869 1277 2870 1278 2871 1279 2872 1276 2873 1278 2874 1277 2875 1279 2876 1280 2877 1281 2878 1278 2879 1280 2880 1279 2881 1281 2882 1282 2882 1283 2882 1280 2883 1282 2883 1281 2883 1282 2884 1035 2885 1283 2886 1283 2887 1035 2888 1032 2889 1030 2890 1284 2891 1031 2892 1031 2893 1284 2894 1285 2895 1284 2569 1286 2570 1285 2569 1285 2571 1286 2572 1287 2573 1286 2896 1288 2897 1287 2898 1287 2899 1288 2900 1289 2901 1288 2902 1290 2903 1289 2904 1289 2905 1290 2906 1291 2907 1290 2908 1292 2909 1291 2910 1291 2911 1292 2912 1293 2913 1292 2914 1294 2914 1293 2914 1293 2915 1294 2916 1295 2917 1294 2918 1296 2919 1295 2920 1295 2921 1296 2922 1297 2923 1296 2924 1298 2925 1297 2926 1297 2927 1298 2927 1299 2927 1298 2928 1300 2929 1299 2930 1299 2931 1300 2932 1301 2933 1301 2608 1302 2609 1303 2610 1300 2611 1302 2612 1301 2613 1303 2614 1304 2614 1305 2614 1302 2615 1304 2616 1303 2617 1305 2934 1306 2935 1307 2936 1304 2937 1306 2937 1305 2937 1307 2938 1308 2939 1309 2940 1306 2941 1308 2942 1307 2943 1309 2944 1310 2945 1311 2946 1308 2947 1310 2948 1309 2949 1311 2950 1312 2951 1313 2952 1310 2953 1312 2954 1311 2955 1313 2956 1314 2957 1315 2958 1312 2959 1314 2960 1313 2961 1315 2962 1316 2962 1317 2962 1314 2963 1316 2964 1315 2965 1316 2966 1318 2967 1317 2968 1317 2969 1318 2970 1319 2971 1318 2656 1320 2657 1319 2658 1319 2659 1320 2660 1321 2661 1320 2972 1322 2972 1321 2972 1321 2973 1322 2974 1323 2975 1322 2976 1324 2977 1323 2978 1323 2979 1324 2980 1325 2981 1324 2982 1326 2983 1325 2984 1325 2985 1326 2986 1327 2987 1326 2988 1328 2988 1327 2988 1327 2989 1328 2990 1329 2991 1328 2992 1330 2993 1329 2994 1329 2995 1330 2996 1331 2997 1331 2998 1330 2999 1332 3000 1330 3001 1333 3002 1332 3003 1333 3004 1334 3005 1332 3006 1332 3007 1334 3008 1335 3009 1334 2696 1336 2696 1335 2696 1335 2697 1336 2698 1337 2699 1336 3010 1338 3011 1337 3012 1337 3013 1338 3014 1339 3015 1338 3016 1340 3017 1339 3018 1339 3019 1340 3019 1341 3019 1340 3020 1342 3021 1341 3022 1341 3023 1342 3023 1343 3023 1342 3024 1344 3025 1343 3026 1343 3027 1344 3028 1345 3029 1344 3030 1346 3030 1345 3030 1345 3031 1346 3031 1347 3031 1347 3032 1346 3033 1348 3034 1346 3035 1349 3035 1348 3035 1349 2729 1350 2730 1348 2731 1348 2732 1350 2733 1351 2734 1350 3036 1352 3037 1351 3038 1351 3039 1352 3039 1353 3039 1352 3040 1354 3041 1353 3042 1353 3043 1354 3044 1355 3045 1355 3046 1356 3046 1357 3046 1354 3047 1356 3047 1355 3047 1357 3048 1358 3049 1359 3050 1356 3051 1358 3052 1357 3053 1359 3054 1360 3055 1361 3056 1361 3057 1360 3058 1362 3059 1358 3060 1360 3060 1359 3060 1360 3061 1363 3062 1362 3063 1362 3064 1364 3065 1365 3066 1363 3067 1364 3068 1362 3069 1365 2773 1366 2774 1367 2775 1364 2776 1366 2777 1365 2778 1366 3070 1368 3071 1367 3072 1367 3073 1368 3074 1369 3075 1368 2785 1370 2785 1369 2785 1369 2785 1370 2785 1371 2785 1371 3076 1372 3077 1373 3078 1370 3079 1372 3080 1371 3081 1373 2792 1374 2793 1375 2794 1372 2795 1374 2796 1373 2797 1375 2798 1376 2799 1377 2800 1374 2801 1376 2802 1375 2803 1377 3082 1378 3082 1379 3082 1376 3083 1378 3084 1377 3085 1379 2808 1380 2809 1381 2810 1378 2811 1380 2812 1379 2813 1381 2814 1382 2815 1383 2816 1380 2817 1382 2818 1381 2819 1383 3086 1384 3087 1385 3088 1382 3089 1384 3090 1383 3091 1385 3092 1386 3093 1387 3094 1384 3095 1386 3096 1385 3097 1387 2830 1388 2831 1389 2832 1386 2833 1388 2833 1387 2833 1389 3098 1390 3099 1391 3100 1388 3101 1390 3102 1389 3103 1391 3104 1392 3105 1393 3106 1390 3107 1392 3108 1391 3109 1393 3110 1394 3110 1395 3110 1392 3111 1394 3111 1393 3111 1395 2852 1396 2853 1397 2854 1394 2855 1396 2856 1395 2857 1397 3112 1398 3113 1399 3114 1396 3115 1398 3115 1397 3115 1399 3116 1400 3117 1401 3118 1398 3119 1400 3119 1399 3119 1401 3120 1402 3121 1403 3122 1400 3123 1402 3124 1401 3125 1403 2876 1404 2877 1405 2878 1402 2879 1404 2880 1403 2881 1405 3126 1406 3126 1407 3126 1404 3127 1406 3127 1405 3127 1406 3128 907 3129 1407 3130 1407 3131 907 3132 904 3133 902 3134 1408 3135 903 3136 903 3137 1408 3138 1409 3139 1408 3140 1410 3141 1409 3142 1409 3143 1410 3144 1411 3145 1410 3146 1412 3147 1411 3148 1411 3149 1412 3150 1413 3151 1412 3152 1414 3153 1413 3154 1413 3155 1414 3156 1415 3157 1414 3158 1416 3159 1415 3160 1415 3161 1416 3162 1417 3163 1416 3164 1418 3165 1417 3166 1417 3167 1418 3168 1419 3169 1418 3170 1420 3171 1419 3172 1419 3173 1420 3174 1421 3175 1420 3176 1422 3176 1421 3176 1421 3177 1422 3178 1423 3179 1422 3180 1424 3181 1423 3182 1423 3183 1424 3184 1425 3185 1425 3186 1426 3187 1427 3188 1424 3189 1426 3190 1425 3191 1427 3192 1428 3193 1429 3194 1426 3195 1428 3195 1427 3195 1429 3196 1430 3197 1431 3198 1428 2937 1430 2937 1429 2937 1431 3199 1432 3200 1433 3201 1430 3202 1432 3203 1431 3204 1433 3205 1434 3206 1435 3207 1432 3208 1434 3209 1433 3210 1435 3211 1436 3212 1437 3213 1434 3214 1436 3215 1435 3216 1437 3217 1438 3218 1439 3219 1436 3220 1438 3221 1437 3222 1439 3223 1440 3224 1441 3225 1438 3226 1440 3227 1439 3228 1440 3229 1442 3230 1441 3231 1441 3232 1442 3233 1443 3234 1442 3235 1444 3236 1443 3237 1443 3238 1444 3239 1445 3240 1444 3241 1446 3242 1445 3243 1445 3244 1446 3245 1447 3246 1446 3247 1448 3248 1447 3249 1447 3250 1448 3250 1449 3250 1448 3251 1450 3252 1449 3253 1449 3254 1450 3255 1451 3256 1450 3257 1452 3258 1451 3259 1451 3260 1452 3260 1453 3260 1452 3261 1454 3262 1453 3263 1453 3264 1454 3265 1455 3266 1454 3267 1456 3268 1455 3269 1455 3270 1456 3271 1457 3272 1456 3273 1458 3274 1457 3275 1457 3276 1458 3277 1459 3278 1458 3279 1460 3279 1459 3279 1459 3280 1460 3281 1461 2699 1460 3282 1462 3283 1461 3284 1461 3285 1462 3286 1463 3287 1462 3288 1464 3289 1463 3288 1463 3290 1464 3291 1465 3292 1464 3293 1466 3293 1465 3293 1465 3294 1466 3295 1467 3296 1466 3297 1468 3298 1467 3299 1467 3300 1468 3301 1469 3302 1468 3303 1470 3303 1469 3303 1469 3304 1470 3304 1471 3304 1470 3305 1472 3306 1471 3307 1471 3308 1472 3309 1473 3310 1472 3311 1474 3312 1473 3313 1473 3314 1474 3315 1475 3316 1474 3317 1476 3317 1475 3317 1475 3318 1476 3319 1477 3320 1476 3321 1478 3321 1477 3321 1477 3322 1478 3323 1479 3324 1479 3325 1480 3325 1481 3325 1478 3326 1480 3327 1479 3328 1481 3329 1482 3330 1483 3331 1480 3332 1482 3333 1481 3334 1483 3335 1484 3336 1485 3337 1482 3338 1484 3339 1483 3340 1485 3341 1486 3342 1487 3343 1484 3344 1486 3345 1485 3346 1487 3347 1488 3348 1489 3349 1486 3350 1488 3351 1487 3352 1489 3353 1490 3354 1491 3355 1488 3356 1490 3357 1489 3358 1490 3359 1492 3360 1491 3361 1491 3362 1492 3363 1493 3364 1492 2785 1494 2785 1493 2785 1493 2785 1494 2785 1495 2785 1495 3365 1496 3366 1497 3367 1494 3368 1496 3369 1495 3370 1497 3371 1498 3371 1499 3371 1496 3372 1498 3373 1497 3374 1499 3375 1500 3376 1501 3377 1498 2801 1500 2802 1499 2803 1501 3378 1502 3379 1503 3380 1503 3381 1502 3381 1504 3381 1500 3382 1502 3383 1501 3384 1502 3385 1505 3386 1504 3387 1504 2814 1506 2815 1507 2816 1505 2817 1506 2818 1504 2819 1507 3388 1508 3389 1509 3390 1506 3391 1508 3392 1507 3393 1509 3394 1510 3395 1511 3396 1508 3397 1510 3398 1509 3399 1511 3400 1512 3401 1513 3402 1510 3403 1512 3404 1511 3405 1513 3406 1514 3407 1515 3408 1512 3409 1514 3410 1513 3411 1515 3412 1516 3413 1517 3414 1517 3110 1516 3110 1518 3110 1514 3415 1516 3416 1515 3417 1516 3111 1519 3111 1518 3111 1518 3418 1520 3419 1521 3420 1519 3421 1520 3422 1518 3423 1521 3424 1522 3424 1523 3424 1520 3425 1522 3426 1521 3427 1523 3428 1524 3428 1525 3428 1522 3429 1524 3429 1523 3429 1525 3430 1526 3431 1527 3432 1524 3433 1526 3434 1525 3435 1527 3436 1528 3437 1529 3438 1526 3439 1528 3440 1527 3441 1529 3442 1530 3442 1531 3442 1528 3443 1530 3444 1529 3445 1531 3446 779 3447 776 3448 1530 3449 779 3450 1531 3451 774 3452 1532 3453 775 3454 775 3455 1532 3456 1533 3457 1532 3140 1534 3141 1533 3142 1533 3143 1534 3144 1535 3145 1534 3458 1536 3459 1535 3460 1535 3461 1536 3461 1537 3461 1536 3462 1538 3463 1537 3464 1537 3465 1538 3466 1539 3467 1538 3468 1540 3469 1539 3470 1539 3471 1540 3472 1541 3473 1540 3474 1542 3475 1541 3476 1541 3477 1542 3478 1543 3479 1542 3480 1544 3480 1543 3480 1543 3481 1544 3482 1545 3483 1544 3484 1546 3484 1545 3484 1545 3485 1546 3486 1547 3487 1546 3488 1548 3489 1547 3490 1547 3491 1548 3492 1549 3493 1549 3186 1550 3187 1551 3188 1548 3189 1550 3190 1549 3191 1551 3192 1552 3193 1553 3194 1550 3195 1552 3195 1551 3195 1553 3494 1554 3495 1555 3496 1552 2621 1554 2621 1553 2621 1555 3497 1556 3498 1557 3499 1554 3500 1556 3501 1555 3502 1557 3503 1558 3504 1559 3505 1556 3506 1558 3507 1557 3508 1559 3509 1560 3510 1561 3511 1558 3512 1560 3513 1559 3514 1561 3515 1562 3516 1563 3517 1560 3518 1562 3519 1561 3520 1563 3521 1564 3522 1565 3523 1562 3524 1564 3525 1563 3526 1564 3527 1566 3528 1565 3529 1565 3530 1566 3531 1567 3532 1566 3235 1568 3236 1567 3237 1567 3238 1568 3239 1569 3240 1568 3533 1570 3534 1569 3535 1569 3536 1570 3537 1571 3538 1570 3539 1572 3540 1571 3541 1571 3542 1572 3542 1573 3542 1572 3543 1574 3544 1573 3545 1573 3546 1574 3547 1575 3548 1574 2679 1576 3549 1575 3550 1575 3551 1576 3551 1577 3551 1576 3552 1578 3553 1577 3554 1577 3555 1578 3556 1579 3557 1578 3558 1580 3559 1579 3560 1579 3561 1580 3561 1581 3561 1580 3562 1582 3563 1581 3564 1581 3565 1582 3566 1583 3567 1582 3279 1584 3279 1583 3279 1583 3280 1584 3281 1585 2699 1584 3568 1586 3568 1585 3568 1585 2700 1586 2700 1587 2700 1586 3569 1588 3570 1587 3571 1587 3572 1588 3573 1589 3574 1588 3575 1590 3576 1589 3577 1589 3578 1590 3579 1591 3580 1590 3581 1592 3582 1591 3583 1591 3584 1592 3585 1593 3586 1592 3587 1594 3588 1593 3589 1593 3590 1594 3591 1595 3592 1594 3593 1596 3593 1595 3593 1595 3594 1596 3595 1597 3596 1596 3311 1598 3312 1597 3313 1597 3314 1598 3315 1599 3316 1598 3597 1600 3597 1599 3597 1599 3598 1600 3599 1601 3600 1600 3601 1602 3601 1601 3601 1601 3602 1602 3603 1603 3604 1603 3605 1604 3606 1605 3607 1602 3608 1604 3609 1603 3610 1605 3611 1606 3612 1607 3613 1604 3614 1606 3615 1605 3616 1607 3617 1608 3618 1609 3619 1606 3620 1608 3621 1607 3622 1609 3623 1610 3624 1611 3625 1608 2764 1610 3626 1609 2766 1611 3627 1612 3628 1613 3629 1610 3630 1612 3631 1611 3632 1613 3353 1614 3354 1615 3355 1612 3356 1614 3357 1613 3358 1614 2779 1616 2780 1615 2781 1615 3633 1616 3634 1617 3635 1616 2785 1618 2785 1617 2785 1617 2785 1618 2785 1619 2785 1619 3636 1620 3637 1621 3638 1618 3639 1620 3640 1619 3641 1621 3371 1622 3371 1623 3371 1620 3372 1622 3373 1621 3374 1623 3375 1624 3376 1625 3377 1622 2801 1624 2802 1623 2803 1625 3642 1626 3643 1627 3644 1624 3645 1626 3645 1625 3645 1627 3646 1628 3647 1629 3648 1626 3381 1628 3381 1627 3381 1629 2814 1630 2815 1631 2816 1628 2817 1630 2818 1629 2819 1631 3649 1632 3650 1633 3651 1630 3652 1632 3653 1631 3654 1633 3655 1634 3655 1635 3655 1632 3656 1634 3657 1633 3658 1635 3400 1636 3401 1637 3402 1634 3403 1636 3404 1635 3405 1637 3659 1638 3660 1639 3661 1636 3662 1638 3663 1637 3664 1639 3665 1640 3666 1641 3667 1638 3668 1640 3669 1639 3670 1641 3671 1642 3672 1643 3673 1640 3674 1642 3675 1641 3676 1643 3418 1644 3419 1645 3420 1642 3421 1644 3422 1643 3423 1645 3677 1646 3678 1647 3679 1644 3680 1646 3681 1645 3682 1647 3683 1648 3684 1649 3685 1646 3686 1648 3687 1647 3688 1649 3689 1650 3690 1651 3691 1648 3692 1650 3693 1649 3694 1651 3436 1652 3437 1653 3438 1650 3439 1652 3440 1651 3441 1653 3695 1654 3695 1655 3695 1652 3696 1654 3697 1653 3698 1654 3699 651 3700 1655 3701 1655 3702 651 3703 648 3704 1656 3705 1657 3705 1658 3705 1656 3706 1658 3706 1659 3706 1660 3707 1659 3707 1661 3707 1660 3708 1656 3708 1659 3708 1662 3709 1661 3709 1663 3709 1662 3710 1663 3710 1664 3710 1662 3711 1660 3711 1661 3711 1665 3712 1662 3712 1664 3712 1666 3713 1664 3714 1667 3715 1666 3716 1667 3717 1668 3718 1666 3719 1665 3720 1664 3721 1669 3722 1668 3722 1670 3723 1669 3724 1666 3725 1668 3726 1671 3727 1670 3728 1672 3729 1671 3730 1669 3731 1670 3732 1673 3733 1672 3733 1674 3733 1673 3734 1671 3734 1672 3734 1675 3735 1674 3736 1676 3737 1675 3738 1673 3738 1674 3738 1677 3739 1676 3739 1678 3739 1677 3740 1675 3740 1676 3740 1679 3741 1677 3742 1678 3743 1680 3744 1678 3745 1681 3746 1680 3747 1681 3748 1682 3749 1680 3750 1679 3751 1678 3752 1683 3753 1682 3753 1684 3753 1683 3754 1680 3754 1682 3754 1685 3755 1684 3756 1686 3757 1685 3758 1683 3758 1684 3758 1687 3759 1685 3759 1686 3759 614 3760 1686 3760 615 3760 614 3761 1687 3761 1686 3761 545 236 1658 236 544 236 544 236 1658 236 1657 236 440 3762 580 3762 583 3762 438 3763 1688 3763 580 3763 438 3764 1689 3764 1688 3764 438 3764 580 3764 440 3764 442 3764 440 3764 583 3764 442 3765 585 3765 587 3765 442 3766 583 3766 585 3766 436 3767 1690 3767 1689 3767 436 3768 1691 3768 1690 3768 436 3764 1689 3764 438 3764 444 3769 442 3769 587 3769 444 3770 589 3770 591 3770 444 3771 587 3771 589 3771 434 3764 1691 3764 436 3764 434 3772 1692 3772 1691 3772 434 3773 1693 3773 1692 3773 446 3764 444 3764 591 3764 446 3774 593 3774 595 3774 446 3775 591 3775 593 3775 432 3776 1694 3776 1693 3776 432 3777 1695 3777 1694 3777 432 3778 1693 3778 434 3778 448 3779 597 3779 599 3779 448 3780 595 3780 597 3780 448 3781 446 3781 595 3781 430 3782 1696 3782 1695 3782 430 3764 1695 3764 432 3764 451 3783 448 3783 599 3783 451 3784 599 3784 601 3784 428 3764 1696 3764 430 3764 428 3785 1697 3785 1696 3785 428 3786 1698 3786 1697 3786 453 3764 451 3764 601 3764 453 3787 602 3787 605 3787 453 3764 601 3764 602 3764 426 3788 1699 3788 1698 3788 426 3789 1700 3789 1699 3789 426 3764 1698 3764 428 3764 454 3790 606 3790 609 3790 454 3791 605 3791 606 3791 454 3764 453 3764 605 3764 424 3792 1700 3792 426 3792 424 3793 1701 3793 1700 3793 424 3794 1702 3794 1701 3794 456 3795 609 3795 610 3795 456 3764 454 3764 609 3764 422 3796 1702 3796 424 3796 422 3797 1703 3797 1702 3797 458 3798 610 3798 612 3798 458 3764 456 3764 610 3764 420 3764 1703 3764 422 3764 461 3764 458 3764 612 3764 418 3799 1703 3799 420 3799 462 3800 461 3800 612 3800 416 3764 1703 3764 418 3764 464 3801 462 3801 612 3801 414 3764 1703 3764 416 3764 466 3764 464 3764 612 3764 412 3764 1703 3764 414 3764 469 3764 466 3764 612 3764 410 3764 1703 3764 412 3764 470 3802 469 3802 612 3802 408 3803 1703 3803 410 3803 473 3764 470 3764 612 3764 406 3804 1703 3804 408 3804 474 3764 473 3764 612 3764 404 3764 1703 3764 406 3764 477 3805 474 3805 612 3805 402 3764 1703 3764 404 3764 478 3806 477 3806 612 3806 400 3764 1703 3764 402 3764 481 3764 478 3764 612 3764 398 3807 1703 3807 400 3807 482 3764 481 3764 612 3764 396 3808 1703 3808 398 3808 484 3764 482 3764 612 3764 394 3764 1703 3764 396 3764 486 3764 484 3764 612 3764 392 3809 1703 3809 394 3809 488 3764 486 3764 612 3764 390 3764 1703 3764 392 3764 491 3764 488 3764 612 3764 388 3810 1703 3810 390 3810 492 3764 491 3764 612 3764 385 3764 1703 3764 388 3764 494 3764 492 3764 612 3764 387 3764 1703 3764 385 3764 497 3764 494 3764 612 3764 1704 3764 1703 3764 387 3764 498 3764 497 3764 612 3764 1705 3811 1703 3811 1704 3811 501 3812 498 3812 612 3812 1706 3764 1703 3764 1705 3764 502 3764 501 3764 612 3764 1707 3813 1703 3813 1706 3813 504 3764 502 3764 612 3764 1708 3764 1703 3764 1707 3764 506 3764 504 3764 612 3764 1709 3764 1703 3764 1708 3764 1710 3764 1703 3764 1709 3764 1711 3764 1703 3764 1710 3764 1712 3764 1703 3764 1711 3764 960 3814 1713 3814 1714 3814 958 3815 1713 3815 960 3815 958 3816 1715 3816 1713 3816 962 3764 960 3764 1714 3764 962 3817 1714 3817 1716 3817 956 3764 1717 3764 1715 3764 956 3764 1715 3764 958 3764 964 3818 1716 3818 511 3818 964 3764 962 3764 1716 3764 954 3819 1718 3819 1717 3819 954 3764 1717 3764 956 3764 966 3764 964 3764 511 3764 966 3820 511 3820 508 3820 952 3821 1719 3821 1718 3821 952 3764 1718 3764 954 3764 968 3764 966 3764 508 3764 968 3822 506 3822 612 3822 968 3823 508 3823 506 3823 950 3764 1719 3764 952 3764 950 3824 1720 3824 1719 3824 970 3764 968 3764 612 3764 948 3825 1721 3825 1720 3825 948 3764 1720 3764 950 3764 972 3764 970 3764 612 3764 946 3764 1721 3764 948 3764 946 3826 1722 3826 1721 3826 974 3827 972 3827 612 3827 944 3828 1723 3828 1722 3828 944 3764 1722 3764 946 3764 976 3764 974 3764 612 3764 942 3829 1724 3829 1723 3829 942 3764 1723 3764 944 3764 978 3764 976 3764 612 3764 940 3764 1724 3764 942 3764 940 3830 1725 3830 1724 3830 980 3764 978 3764 612 3764 938 3764 1725 3764 940 3764 938 3831 1726 3831 1725 3831 982 3764 980 3764 612 3764 936 3764 1726 3764 938 3764 936 3832 1727 3832 1726 3832 984 3833 982 3833 612 3833 934 3764 1727 3764 936 3764 934 3834 1728 3834 1727 3834 986 3835 984 3835 612 3835 932 3764 1728 3764 934 3764 932 3836 1729 3836 1728 3836 988 3764 986 3764 612 3764 930 3764 1729 3764 932 3764 930 3837 1730 3837 1729 3837 990 3764 988 3764 612 3764 928 3838 1730 3838 930 3838 928 3839 1731 3839 1730 3839 992 3764 990 3764 612 3764 926 3764 1731 3764 928 3764 926 3840 1732 3840 1731 3840 994 3841 992 3841 612 3841 924 3764 1732 3764 926 3764 924 3842 1733 3842 1732 3842 996 3764 994 3764 612 3764 922 3843 1733 3843 924 3843 922 3844 1734 3844 1733 3844 999 3764 996 3764 612 3764 920 3764 1734 3764 922 3764 920 3845 1735 3845 1734 3845 1000 3764 999 3764 612 3764 918 3764 1735 3764 920 3764 918 3846 1736 3846 1735 3846 1002 3847 1000 3847 612 3847 916 3848 1737 3848 1736 3848 916 3764 1736 3764 918 3764 1004 3849 1002 3849 612 3849 914 3764 1737 3764 916 3764 914 3850 1738 3850 1737 3850 912 3851 1739 3851 1738 3851 912 3764 1738 3764 914 3764 910 3764 1739 3764 912 3764 910 3852 1740 3852 1739 3852 908 3764 1740 3764 910 3764 908 3853 1741 3853 1740 3853 905 3854 1742 3854 1741 3854 905 3855 1741 3855 908 3855 907 3856 1743 3856 1742 3856 907 3857 1742 3857 905 3857 1406 3858 1744 3858 1743 3858 1406 3764 1743 3764 907 3764 1404 3859 1745 3859 1744 3859 1404 3764 1744 3764 1406 3764 1402 3860 1746 3860 1745 3860 1402 3764 1745 3764 1404 3764 1400 3861 1747 3861 1746 3861 1400 3764 1746 3764 1402 3764 1398 3862 1748 3862 1747 3862 1398 3764 1747 3764 1400 3764 1396 3764 1749 3764 1748 3764 1396 3863 1748 3863 1398 3863 1394 3864 1750 3864 1749 3864 1394 3764 1749 3764 1396 3764 1392 3865 1751 3865 1750 3865 1392 3866 1750 3866 1394 3866 1390 3867 1752 3867 1751 3867 1390 3764 1751 3764 1392 3764 1388 3868 1753 3868 1752 3868 1388 3869 1752 3869 1390 3869 54 3764 646 3764 56 3764 58 3764 56 3764 646 3764 52 3764 646 3764 54 3764 60 3870 58 3870 646 3870 50 3764 646 3764 52 3764 62 3764 60 3764 646 3764 48 3764 646 3764 50 3764 64 3764 62 3764 646 3764 46 3764 646 3764 48 3764 66 3871 1712 3871 1754 3871 66 3872 646 3872 1703 3872 66 3764 64 3764 646 3764 66 3873 1703 3873 1712 3873 44 3874 646 3874 46 3874 68 3875 1754 3875 1755 3875 68 3876 66 3876 1754 3876 42 3764 646 3764 44 3764 70 3877 1755 3877 1756 3877 70 3764 68 3764 1755 3764 40 3764 646 3764 42 3764 72 3878 1756 3878 1757 3878 72 3764 70 3764 1756 3764 38 3764 646 3764 40 3764 74 3879 1757 3879 1758 3879 74 3880 72 3880 1757 3880 36 3764 646 3764 38 3764 76 3881 1758 3881 1759 3881 76 3764 74 3764 1758 3764 34 3764 646 3764 36 3764 78 3882 1759 3882 1760 3882 78 3883 76 3883 1759 3883 32 3764 646 3764 34 3764 80 3884 1760 3884 1761 3884 80 3764 78 3764 1760 3764 30 3764 646 3764 32 3764 82 3885 1761 3885 1762 3885 82 3764 80 3764 1761 3764 28 3764 646 3764 30 3764 85 3886 1762 3886 1763 3886 85 3764 82 3764 1762 3764 26 3764 646 3764 28 3764 86 3764 1763 3764 1764 3764 86 3764 85 3764 1763 3764 24 3764 646 3764 26 3764 89 3887 1764 3887 1765 3887 89 3764 86 3764 1764 3764 22 3888 646 3888 24 3888 90 3889 1765 3889 1753 3889 90 3764 89 3764 1765 3764 20 3764 646 3764 22 3764 93 3890 1753 3890 1388 3890 93 3764 90 3764 1753 3764 18 3891 646 3891 20 3891 16 3764 646 3764 18 3764 14 3764 646 3764 16 3764 12 3764 646 3764 14 3764 10 3892 645 3892 646 3892 10 3893 646 3893 12 3893 8 3894 643 3894 645 3894 8 3895 641 3895 643 3895 8 3764 645 3764 10 3764 6 3896 639 3896 641 3896 6 3897 637 3897 639 3897 6 3764 641 3764 8 3764 4 3898 635 3898 637 3898 4 3899 633 3899 635 3899 4 3764 637 3764 6 3764 1 3764 633 3764 4 3764 1 3900 631 3900 633 3900 3 3901 629 3901 631 3901 3 3764 627 3764 629 3764 3 3764 631 3764 1 3764 1766 3764 627 3764 3 3764 1766 3902 625 3902 627 3902 1766 3903 623 3903 625 3903 1767 3904 621 3904 623 3904 1767 3905 619 3905 621 3905 1767 3764 623 3764 1766 3764 1768 3906 617 3906 619 3906 1768 3764 619 3764 1767 3764 614 3764 617 3764 1768 3764 1769 3764 614 3764 1768 3764 1687 3907 614 3907 1769 3907 1687 3908 1769 3908 1770 3908 1685 3764 1687 3764 1770 3764 1683 3909 1770 3909 1771 3909 1683 3764 1685 3764 1770 3764 1680 3764 1683 3764 1771 3764 1679 3764 1680 3764 1771 3764 1679 3910 1771 3910 1772 3910 1677 3764 1679 3764 1772 3764 1675 3911 1772 3911 1773 3911 1675 3764 1677 3764 1772 3764 1673 3764 1675 3764 1773 3764 1671 3912 1773 3912 1774 3912 1671 3764 1673 3764 1773 3764 1669 3764 1671 3764 1774 3764 1669 3913 1774 3913 1775 3913 1666 3764 1669 3764 1775 3764 1665 3764 1666 3764 1775 3764 1665 3914 1775 3914 1776 3914 1662 3915 1665 3915 1776 3915 1660 3916 1662 3916 1776 3916 1660 3917 1776 3917 1777 3917 1656 3918 1660 3918 1777 3918 1656 3919 1777 3919 1778 3919 1657 3920 1779 3920 1780 3920 1657 3921 1780 3921 1781 3921 1657 3922 1781 3922 1782 3922 1657 3923 1782 3923 1783 3923 1657 3764 1656 3764 1778 3764 1657 3924 1778 3924 1784 3924 1657 3925 1784 3925 1785 3925 1657 3926 1785 3926 1786 3926 1657 3927 1786 3927 1787 3927 1657 3928 1787 3928 1788 3928 1657 3929 1788 3929 1789 3929 1657 3764 1789 3764 1790 3764 1657 3930 1790 3930 1791 3930 1657 3931 1791 3931 1792 3931 1657 3932 1792 3932 1793 3932 1657 3933 1793 3933 1794 3933 1657 3934 1794 3934 1795 3934 1657 3935 1795 3935 1796 3935 1657 3936 1796 3936 1797 3936 1657 3937 1797 3937 1798 3937 1657 3938 1798 3938 1799 3938 1657 3939 1799 3939 1800 3939 1657 3940 1800 3940 1801 3940 1657 3941 1801 3941 1802 3941 1657 3942 1802 3942 1779 3942 1088 3943 106 3943 104 3943 832 3764 1022 3764 1020 3764 1086 3764 106 3764 1088 3764 1086 3944 108 3944 106 3944 830 3945 1022 3945 832 3945 830 3764 1024 3764 1022 3764 1090 3946 104 3946 102 3946 1090 3764 1088 3764 104 3764 834 3947 832 3947 1020 3947 834 3948 1020 3948 1018 3948 1084 3949 110 3949 108 3949 1084 3764 108 3764 1086 3764 828 3764 1024 3764 830 3764 828 3764 1026 3764 1024 3764 1092 3950 102 3950 100 3950 1092 3951 1090 3951 102 3951 836 3952 834 3952 1018 3952 836 3764 1018 3764 1016 3764 1082 3953 112 3953 110 3953 1082 3764 110 3764 1084 3764 826 3954 1026 3954 828 3954 826 3764 1028 3764 1026 3764 1094 3955 100 3955 98 3955 1094 3764 1092 3764 100 3764 838 3764 836 3764 1016 3764 838 3764 1016 3764 1014 3764 1080 3956 114 3956 112 3956 1080 3957 112 3957 1082 3957 824 3958 1028 3958 826 3958 824 3764 1030 3764 1028 3764 1096 3959 98 3959 96 3959 1096 3960 1094 3960 98 3960 840 3764 838 3764 1014 3764 840 3764 1014 3764 1012 3764 1078 3961 117 3961 114 3961 1078 3764 114 3764 1080 3764 822 3764 1030 3764 824 3764 822 3764 1284 3764 1030 3764 1098 3764 1096 3764 96 3764 1098 3962 96 3962 94 3962 842 3764 840 3764 1012 3764 842 3764 1012 3764 1010 3764 1076 3963 118 3963 117 3963 1076 3964 117 3964 1078 3964 820 3965 1284 3965 822 3965 820 3764 1286 3764 1284 3764 1100 3966 94 3966 93 3966 1100 3967 1388 3967 1386 3967 1100 3764 1098 3764 94 3764 1100 3764 93 3764 1388 3764 844 3764 1010 3764 1008 3764 844 3764 842 3764 1010 3764 1074 3764 118 3764 1076 3764 1074 3968 120 3968 118 3968 818 3969 1286 3969 820 3969 818 3764 1288 3764 1286 3764 1102 3970 1386 3970 1384 3970 1102 3971 1100 3971 1386 3971 846 3764 844 3764 1008 3764 846 3764 1008 3764 1006 3764 1072 3972 123 3972 120 3972 1072 3973 120 3973 1074 3973 816 3974 1288 3974 818 3974 816 3975 1290 3975 1288 3975 1104 3764 1102 3764 1384 3764 1104 3976 1384 3976 1382 3976 848 3977 1006 3977 1004 3977 848 3764 846 3764 1006 3764 1070 3978 124 3978 123 3978 1070 3764 123 3764 1072 3764 814 3764 1292 3764 1290 3764 814 3979 1290 3979 816 3979 1106 3980 1382 3980 1380 3980 1106 3981 1104 3981 1382 3981 850 3764 1004 3764 612 3764 850 3764 848 3764 1004 3764 1068 3982 126 3982 124 3982 1068 3764 124 3764 1070 3764 812 3764 1294 3764 1292 3764 812 3983 1292 3983 814 3983 1108 3764 1106 3764 1380 3764 1108 3984 1380 3984 1378 3984 1066 3985 1803 3985 126 3985 1066 3764 126 3764 1068 3764 810 3764 1296 3764 1294 3764 810 3986 1294 3986 812 3986 1110 3987 1108 3987 1378 3987 1110 3988 1378 3988 1376 3988 1064 3989 1803 3989 1066 3989 1064 3990 1804 3990 1803 3990 808 3991 1296 3991 810 3991 808 3764 1298 3764 1296 3764 1112 3992 1376 3992 1374 3992 1112 3764 1110 3764 1376 3764 1062 3993 1805 3993 1804 3993 1062 3764 1804 3764 1064 3764 806 3994 1298 3994 808 3994 806 3995 1300 3995 1298 3995 1114 3764 1112 3764 1374 3764 1114 3996 1374 3996 1372 3996 1060 3764 1805 3764 1062 3764 1060 3997 1806 3997 1805 3997 804 3998 1300 3998 806 3998 804 3764 1302 3764 1300 3764 1116 3999 1114 3999 1372 3999 1116 4000 1372 4000 1370 4000 1058 4001 1807 4001 1806 4001 1058 3764 1806 3764 1060 3764 802 4002 1302 4002 804 4002 802 3764 1304 3764 1302 3764 1118 3764 1116 3764 1370 3764 1118 3764 1370 3764 1368 3764 1056 4003 1808 4003 1807 4003 1056 3764 1807 3764 1058 3764 800 4004 1304 4004 802 4004 800 3764 1306 3764 1304 3764 1120 4005 1368 4005 1366 4005 1120 3764 1118 3764 1368 3764 1054 4006 1809 4006 1808 4006 1054 3764 1808 3764 1056 3764 798 4007 1306 4007 800 4007 798 3764 1308 3764 1306 3764 1122 3764 1120 3764 1366 3764 1122 4008 1366 4008 1364 4008 1052 3764 1809 3764 1054 3764 1052 3764 1810 3764 1809 3764 796 4009 1308 4009 798 4009 796 3764 1310 3764 1308 3764 1124 4010 1364 4010 1363 4010 1124 4011 1122 4011 1364 4011 1050 4012 1811 4012 1810 4012 1050 3764 1810 3764 1052 3764 794 4013 1310 4013 796 4013 794 3764 1312 3764 1310 3764 1126 3764 1124 3764 1363 3764 1126 4014 1363 4014 1360 4014 1048 4015 1812 4015 1811 4015 1048 3764 1811 3764 1050 3764 792 4016 1312 4016 794 4016 792 3764 1314 3764 1312 3764 1128 4017 1126 4017 1360 4017 1128 4018 1360 4018 1358 4018 1046 3764 1813 3764 1812 3764 1046 3764 1812 3764 1048 3764 790 4019 1316 4019 1314 4019 790 4020 1314 4020 792 4020 1130 4021 1358 4021 1356 4021 1130 3764 1128 3764 1358 3764 1044 4022 1814 4022 1813 4022 1044 4023 1813 4023 1046 4023 788 4024 1316 4024 790 4024 788 3764 1318 3764 1316 3764 1132 3764 1130 3764 1356 3764 1132 4025 1356 4025 1354 4025 1042 4026 1814 4026 1044 4026 1042 4027 1815 4027 1814 4027 786 3764 1320 3764 1318 3764 786 4028 1318 4028 788 4028 1134 4029 1132 4029 1354 4029 1134 4030 1354 4030 1352 4030 1040 3764 1815 3764 1042 3764 1040 4031 1816 4031 1815 4031 784 4032 1320 4032 786 4032 784 3764 1322 3764 1320 3764 1136 3764 1134 3764 1352 3764 1136 4033 1352 4033 1350 4033 1038 4034 1817 4034 1816 4034 1038 3764 1816 3764 1040 3764 782 4035 1322 4035 784 4035 782 4036 1324 4036 1322 4036 1138 4037 1350 4037 1349 4037 1138 3764 1136 3764 1350 3764 1036 4038 1817 4038 1038 4038 1036 4039 1818 4039 1817 4039 780 3764 1326 3764 1324 3764 780 4040 1324 4040 782 4040 1141 4041 1349 4041 1346 4041 1141 4042 1138 4042 1349 4042 1033 4043 1819 4043 1818 4043 1033 4044 1818 4044 1036 4044 777 4045 1326 4045 780 4045 777 3764 1328 3764 1326 3764 1142 4046 1346 4046 1344 4046 1142 3764 1141 3764 1346 3764 1035 4047 1820 4047 1819 4047 1035 3764 1819 3764 1033 3764 779 4048 1328 4048 777 4048 779 3764 1330 3764 1328 3764 1144 4049 1344 4049 1342 4049 1144 3764 1142 3764 1344 3764 1282 4050 1821 4050 1820 4050 1282 3764 1820 3764 1035 3764 1530 3764 1330 3764 779 3764 1530 3764 1333 3764 1330 3764 1146 4051 1144 4051 1342 4051 1146 4052 1342 4052 1340 4052 1280 4053 1822 4053 1821 4053 1280 4054 1821 4054 1282 4054 1528 4055 1333 4055 1530 4055 1528 3764 1334 3764 1333 3764 1148 3764 1146 3764 1340 3764 1148 4056 1340 4056 1338 4056 1278 4057 1823 4057 1822 4057 1278 3764 1822 3764 1280 3764 1526 3764 1334 3764 1528 3764 1526 3764 1336 3764 1334 3764 1150 4058 1148 4058 1338 4058 1276 3764 1823 3764 1278 3764 1276 4059 1824 4059 1823 4059 1524 3764 1150 3764 1338 3764 1524 3764 1338 3764 1336 3764 1524 3764 1336 3764 1526 3764 1274 4060 1825 4060 1824 4060 1274 3764 1824 3764 1276 3764 1272 4061 1826 4061 1825 4061 1272 3764 1825 3764 1274 3764 1270 4062 1827 4062 1826 4062 1270 3764 1826 3764 1272 3764 1268 4063 1783 4063 1827 4063 1268 3764 1827 3764 1270 3764 1268 4064 1657 4064 1783 4064 1266 3764 1657 3764 1268 3764 1264 3764 1657 3764 1266 3764 1262 3764 1657 3764 1264 3764 1260 3764 1657 3764 1262 3764 1258 3764 1657 3764 1260 3764 1256 3764 1657 3764 1258 3764 1254 3764 1657 3764 1256 3764 1252 3764 1657 3764 1254 3764 1250 3764 1657 3764 1252 3764 1248 3764 1657 3764 1250 3764 1246 3764 1657 3764 1248 3764 1244 3764 1657 3764 1246 3764 1242 3764 1657 3764 1244 3764 1240 3764 1657 3764 1242 3764 1238 3764 1657 3764 1240 3764 1236 3764 1657 3764 1238 3764 1828 3764 864 3764 862 3764 1828 4065 862 4065 860 4065 1828 4066 860 4066 858 4066 1828 4067 858 4067 856 4067 1828 4068 856 4068 854 4068 1828 4069 854 4069 852 4069 1828 4070 852 4070 850 4070 1828 3764 850 3764 612 3764 1828 4071 886 4071 884 4071 1828 4072 884 4072 882 4072 1828 4073 882 4073 880 4073 1828 4074 880 4074 878 4074 1828 4075 878 4075 876 4075 1828 4076 876 4076 875 4076 1828 4077 875 4077 872 4077 1828 4078 872 4078 870 4078 1828 4079 870 4079 868 4079 1828 4080 868 4080 866 4080 1828 4081 866 4081 864 4081 310 4082 1828 4082 312 4082 314 3764 312 3764 1828 3764 308 3764 886 3764 1828 3764 308 4083 1828 4083 310 4083 316 3764 314 3764 1828 3764 306 3764 886 3764 308 3764 306 4084 888 4084 886 4084 318 3764 316 3764 1828 3764 304 3764 888 3764 306 3764 304 4085 890 4085 888 4085 320 3764 318 3764 1828 3764 302 3764 890 3764 304 3764 302 4086 892 4086 890 4086 322 4087 320 4087 1828 4087 300 3764 892 3764 302 3764 300 4088 894 4088 892 4088 324 3764 322 3764 1828 3764 298 3764 894 3764 300 3764 298 4089 896 4089 894 4089 326 3764 324 3764 1828 3764 296 3764 896 3764 298 3764 296 4090 898 4090 896 4090 328 3764 326 3764 1828 3764 294 4091 900 4091 898 4091 294 4092 898 4092 296 4092 330 3764 328 3764 1828 3764 292 3764 900 3764 294 3764 292 4093 902 4093 900 4093 332 3764 330 3764 1828 3764 290 4094 1408 4094 902 4094 290 3764 902 3764 292 3764 334 4095 332 4095 1828 4095 288 4096 1410 4096 1408 4096 288 3989 1408 3989 290 3989 336 4097 334 4097 1828 4097 286 4098 1412 4098 1410 4098 286 3764 1410 3764 288 3764 338 3764 336 3764 1828 3764 284 4099 1414 4099 1412 4099 284 3764 1412 3764 286 3764 340 3764 338 3764 1828 3764 282 4100 1416 4100 1414 4100 282 4101 1414 4101 284 4101 342 4102 340 4102 1828 4102 280 4103 1418 4103 1416 4103 280 3764 1416 3764 282 3764 345 3764 342 3764 1828 3764 278 3764 1418 3764 280 3764 278 4104 1420 4104 1418 4104 346 3764 345 3764 1828 3764 276 3764 1420 3764 278 3764 276 4105 1422 4105 1420 4105 348 4106 346 4106 1828 4106 274 3764 1422 3764 276 3764 274 4107 1424 4107 1422 4107 350 4108 348 4108 1828 4108 272 3764 1424 3764 274 3764 272 4109 1426 4109 1424 4109 352 3764 350 3764 1828 3764 270 4110 1426 4110 272 4110 270 4111 1428 4111 1426 4111 355 3764 352 3764 1828 3764 268 4112 1428 4112 270 4112 268 4113 1430 4113 1428 4113 356 3764 355 3764 1828 3764 356 4114 1828 4114 1829 4114 266 4026 1430 4026 268 4026 266 4115 1432 4115 1430 4115 359 3764 356 3764 1829 3764 359 4116 1829 4116 1830 4116 264 3764 1432 3764 266 3764 264 4117 1434 4117 1432 4117 360 4118 359 4118 1830 4118 360 4119 1831 4119 1832 4119 360 4120 1830 4120 1831 4120 262 4121 1434 4121 264 4121 262 4122 1436 4122 1434 4122 362 4123 360 4123 1832 4123 362 3764 1833 3764 1834 3764 362 4124 1832 4124 1833 4124 260 4125 1436 4125 262 4125 260 4126 1438 4126 1436 4126 364 4127 362 4127 1834 4127 364 4128 1834 4128 1835 4128 257 3764 1438 3764 260 3764 257 4129 1440 4129 1438 4129 366 3764 364 3764 1835 3764 366 4130 1836 4130 1837 4130 366 4131 1835 4131 1836 4131 259 3764 1440 3764 257 3764 259 4132 1442 4132 1440 4132 368 4133 366 4133 1837 4133 368 4134 1838 4134 1839 4134 368 4135 1837 4135 1838 4135 1840 3764 1442 3764 259 3764 1840 4136 1444 4136 1442 4136 370 4137 1841 4137 1842 4137 370 4138 1839 4138 1841 4138 370 3764 368 3764 1839 3764 1843 4054 1444 4054 1840 4054 1843 4139 1446 4139 1444 4139 372 4140 1844 4140 1845 4140 372 4141 1842 4141 1844 4141 372 3764 370 3764 1842 3764 1846 3764 1446 3764 1843 3764 1846 4142 1448 4142 1446 4142 374 3764 372 3764 1845 3764 547 4143 374 4143 1845 4143 1847 4144 1448 4144 1846 4144 1847 4145 1450 4145 1448 4145 376 3764 374 3764 547 3764 1848 3764 1450 3764 1847 3764 1848 4146 1452 4146 1450 4146 1849 4147 1452 4147 1848 4147 1849 4148 1454 4148 1452 4148 1850 3764 1454 3764 1849 3764 1850 4149 1456 4149 1454 4149 546 3764 376 3764 547 3764 1851 3764 1458 3764 1456 3764 1851 3764 1456 3764 1850 3764 1852 4150 1460 4150 1458 4150 1852 3764 1458 3764 1851 3764 1853 3764 1460 3764 1852 3764 1853 4151 1462 4151 1460 4151 1854 4152 1464 4152 1462 4152 1854 3764 1462 3764 1853 3764 551 4153 378 4153 376 4153 551 3764 376 3764 546 3764 1855 4154 1464 4154 1854 4154 1855 4155 1466 4155 1464 4155 1856 4156 1466 4156 1855 4156 1856 4157 1468 4157 1466 4157 1857 4158 1468 4158 1856 4158 1857 4159 1470 4159 1468 4159 1858 4160 1472 4160 1470 4160 1858 4161 1470 4161 1857 4161 1859 4162 1472 4162 1858 4162 1859 4163 1474 4163 1472 4163 553 4164 378 4164 551 4164 1860 3764 1474 3764 1859 3764 555 4165 380 4165 378 4165 555 3764 378 3764 553 3764 557 4166 380 4166 555 4166 559 4167 380 4167 557 4167 559 4168 383 4168 380 4168 561 3764 383 3764 559 3764 562 4169 383 4169 561 4169 562 4170 1861 4170 383 4170 564 4171 1861 4171 562 4171 564 4172 1862 4172 1861 4172 566 4173 1862 4173 564 4173 568 3764 1862 3764 566 3764 568 4174 1863 4174 1862 4174 570 3764 1863 3764 568 3764 572 3764 1863 3764 570 3764 572 4175 1864 4175 1863 4175 574 3764 1864 3764 572 3764 576 3764 1864 3764 574 3764 576 3764 1865 3764 1864 3764 578 3764 1865 3764 576 3764 578 4176 1866 4176 1867 4176 578 4177 1867 4177 1868 4177 578 4178 1868 4178 1869 4178 578 4179 1869 4179 1870 4179 578 4180 1870 4180 1871 4180 578 4181 1871 4181 1872 4181 578 4182 1872 4182 1873 4182 578 4183 1873 4183 1874 4183 578 4184 1874 4184 1875 4184 578 4185 1875 4185 1876 4185 578 4186 1876 4186 1877 4186 578 4187 1877 4187 1878 4187 578 4188 1878 4188 1879 4188 578 4189 1879 4189 1880 4189 578 4190 1880 4190 1881 4190 578 4191 1881 4191 1882 4191 578 4192 1882 4192 1883 4192 578 4193 1883 4193 1884 4193 578 4194 1884 4194 1885 4194 578 4195 1885 4195 1886 4195 578 4196 1886 4196 1887 4196 578 4197 1887 4197 1888 4197 578 4198 1888 4198 1889 4198 578 4199 1889 4199 1890 4199 578 4200 1890 4200 1891 4200 578 4201 1891 4201 1892 4201 578 4202 1892 4202 1893 4202 578 4203 1893 4203 1865 4203 704 4204 1524 4204 1522 4204 704 3764 1150 3764 1524 3764 702 3764 1152 3764 1150 3764 702 4205 1150 4205 704 4205 706 4206 1522 4206 1520 4206 706 4207 704 4207 1522 4207 700 3764 1154 3764 1152 3764 700 3764 1152 3764 702 3764 708 3764 706 3764 1520 3764 708 4208 1520 4208 1519 4208 698 3764 1156 3764 1154 3764 698 4209 1154 4209 700 4209 710 4210 1519 4210 1516 4210 710 3764 708 3764 1519 3764 696 3764 1158 3764 1156 3764 696 4211 1156 4211 698 4211 712 4212 1516 4212 1514 4212 712 4213 710 4213 1516 4213 694 3764 1158 3764 696 3764 694 3764 1161 3764 1158 3764 714 4214 1514 4214 1512 4214 714 4215 712 4215 1514 4215 692 4216 1161 4216 694 4216 692 4217 1162 4217 1161 4217 716 4218 1512 4218 1510 4218 716 3764 714 3764 1512 3764 690 4219 1162 4219 692 4219 690 3764 1164 3764 1162 3764 718 3970 1510 3970 1508 3970 718 4220 716 4220 1510 4220 688 3764 1166 3764 1164 3764 688 4221 1164 4221 690 4221 720 3764 718 3764 1508 3764 720 3976 1508 3976 1506 3976 686 3764 1168 3764 1166 3764 686 4222 1166 4222 688 4222 722 4223 720 4223 1506 4223 722 4224 1506 4224 1505 4224 684 3764 1170 3764 1168 3764 684 4225 1168 4225 686 4225 724 4226 1505 4226 1502 4226 724 3764 722 3764 1505 3764 682 4227 1170 4227 684 4227 682 3764 1172 3764 1170 3764 726 4228 724 4228 1502 4228 726 4229 1502 4229 1500 4229 680 4230 1174 4230 1172 4230 680 4231 1172 4231 682 4231 728 3992 1500 3992 1498 3992 728 3764 726 3764 1500 3764 678 3764 1176 3764 1174 3764 678 4232 1174 4232 680 4232 730 4233 1498 4233 1496 4233 730 3764 728 3764 1498 3764 676 3764 1178 3764 1176 3764 676 4234 1176 4234 678 4234 732 4235 1496 4235 1494 4235 732 4236 730 4236 1496 4236 674 4237 1178 4237 676 4237 674 4238 1180 4238 1178 4238 734 3764 732 3764 1494 3764 734 3764 1494 3764 1492 3764 672 3764 1182 3764 1180 3764 672 4239 1180 4239 674 4239 737 4005 1492 4005 1490 4005 737 3764 734 3764 1492 3764 670 3764 1184 3764 1182 3764 670 4240 1182 4240 672 4240 738 4241 1490 4241 1488 4241 738 3764 737 3764 1490 3764 668 4009 1184 4009 670 4009 668 3764 1186 3764 1184 3764 740 4242 738 4242 1488 4242 740 4243 1488 4243 1486 4243 666 3764 1188 3764 1186 3764 666 4244 1186 4244 668 4244 742 4245 1486 4245 1484 4245 742 3764 740 3764 1486 3764 664 3764 1190 3764 1188 3764 664 4246 1188 4246 666 4246 744 4247 742 4247 1484 4247 744 4248 1484 4248 1482 4248 662 4249 1192 4249 1190 4249 662 4250 1190 4250 664 4250 747 3764 744 3764 1482 3764 747 4251 1482 4251 1480 4251 660 4252 1192 4252 662 4252 660 3764 1194 3764 1192 3764 748 3764 747 3764 1480 3764 748 4253 1480 4253 1478 4253 658 4254 1194 4254 660 4254 658 3764 1196 3764 1194 3764 751 4255 748 4255 1478 4255 751 4256 1478 4256 1476 4256 656 4257 1196 4257 658 4257 656 3764 1198 3764 1196 3764 752 3764 751 3764 1476 3764 752 4258 1476 4258 1474 4258 654 3764 1200 3764 1198 3764 654 4259 1198 4259 656 4259 754 4260 1474 4260 1860 4260 754 3764 752 3764 1474 3764 652 4261 1200 4261 654 4261 652 4262 1202 4262 1200 4262 649 4263 1202 4263 652 4263 649 3764 1205 3764 1202 3764 651 3764 1206 3764 1205 3764 651 4264 1205 4264 649 4264 1654 3764 1208 3764 1206 3764 1654 3764 1206 3764 651 3764 1652 4265 1208 4265 1654 4265 1652 3764 1210 3764 1208 3764 1650 3764 1212 3764 1210 3764 1650 3764 1210 3764 1652 3764 1648 3764 1214 3764 1212 3764 1648 3764 1212 3764 1650 3764 1646 3764 1216 3764 1214 3764 1646 4266 1214 4266 1648 4266 1644 4267 1218 4267 1216 4267 1644 4268 1216 4268 1646 4268 1642 4269 1220 4269 1218 4269 1642 4270 1218 4270 1644 4270 1640 3764 1222 3764 1220 3764 1640 4271 1220 4271 1642 4271 1638 3764 1224 3764 1222 3764 1638 4272 1222 4272 1640 4272 1636 3764 1226 3764 1224 3764 1636 4273 1224 4273 1638 4273 184 4274 1536 4274 1534 4274 182 4275 1538 4275 1536 4275 182 3764 1536 3764 184 3764 186 4276 1534 4276 1532 4276 186 3764 184 3764 1534 3764 180 4277 1540 4277 1538 4277 180 3764 1538 3764 182 3764 188 4278 1532 4278 774 4278 188 3764 186 3764 1532 3764 178 4279 1542 4279 1540 4279 178 3764 1540 3764 180 3764 190 4280 774 4280 772 4280 190 4281 188 4281 774 4281 176 4282 1544 4282 1542 4282 176 4283 1542 4283 178 4283 192 4284 772 4284 770 4284 192 3764 190 3764 772 3764 174 4285 1546 4285 1544 4285 174 3764 1544 3764 176 3764 194 4286 770 4286 768 4286 194 4287 192 4287 770 4287 172 4288 1548 4288 1546 4288 172 3764 1546 3764 174 3764 196 4289 768 4289 766 4289 196 3764 194 3764 768 3764 170 4290 1550 4290 1548 4290 170 3764 1548 3764 172 3764 198 4291 766 4291 764 4291 198 3764 196 3764 766 3764 168 4292 1552 4292 1550 4292 168 3764 1550 3764 170 3764 200 4293 764 4293 762 4293 200 3764 198 3764 764 3764 166 3764 1554 3764 1552 3764 166 3764 1552 3764 168 3764 202 3764 200 3764 762 3764 202 4294 762 4294 760 4294 164 3764 1554 3764 166 3764 164 4295 1556 4295 1554 4295 204 3764 202 3764 760 3764 204 4296 760 4296 758 4296 162 4297 1558 4297 1556 4297 162 3764 1556 3764 164 3764 206 4298 758 4298 756 4298 206 3764 204 3764 758 3764 160 4299 1560 4299 1558 4299 160 3764 1558 3764 162 3764 208 4300 756 4300 754 4300 208 4301 206 4301 756 4301 158 4302 1562 4302 1560 4302 158 3764 1560 3764 160 3764 210 3764 754 3764 1860 3764 210 4303 1860 4303 1894 4303 210 3764 208 3764 754 3764 156 3764 1562 3764 158 3764 156 3764 1564 3764 1562 3764 212 3764 210 3764 1894 3764 212 4304 1894 4304 1895 4304 154 4305 1566 4305 1564 4305 154 3764 1564 3764 156 3764 214 3764 212 3764 1895 3764 214 3764 1895 3764 1896 3764 152 4306 1568 4306 1566 4306 152 3838 1566 3838 154 3838 217 3887 1896 3887 1897 3887 217 3764 214 3764 1896 3764 150 4307 1570 4307 1568 4307 150 4308 1568 4308 152 4308 218 3764 217 3764 1897 3764 218 4309 1897 4309 1898 4309 148 4310 1572 4310 1570 4310 148 3764 1570 3764 150 3764 220 4311 1898 4311 1899 4311 220 3764 218 3764 1898 3764 146 4312 1574 4312 1572 4312 146 3843 1572 3843 148 3843 222 4313 1899 4313 1900 4313 222 3764 220 3764 1899 3764 144 4314 1576 4314 1574 4314 144 3764 1574 3764 146 3764 224 4315 222 4315 1900 4315 224 4316 1900 4316 1901 4316 142 4317 1578 4317 1576 4317 142 4318 1576 4318 144 4318 227 4319 1901 4319 1902 4319 227 3764 224 3764 1901 3764 140 4320 1580 4320 1578 4320 140 3764 1578 3764 142 3764 228 3764 227 3764 1902 3764 228 4321 1902 4321 1903 4321 138 4322 1582 4322 1580 4322 138 4323 1580 4323 140 4323 231 4324 1903 4324 1904 4324 231 3764 228 3764 1903 3764 136 4325 1584 4325 1582 4325 136 3764 1582 3764 138 3764 232 4326 1904 4326 1905 4326 232 3764 231 3764 1904 3764 134 4327 1586 4327 1584 4327 134 3764 1584 3764 136 3764 234 3764 232 3764 1905 3764 234 4328 1905 4328 1866 4328 132 4329 1588 4329 1586 4329 132 3764 1586 3764 134 3764 236 4330 234 4330 1866 4330 129 4331 1590 4331 1588 4331 129 3764 1588 3764 132 3764 131 4332 1592 4332 1590 4332 131 3764 1590 3764 129 3764 1906 3764 1592 3764 131 3764 1906 4333 1594 4333 1592 4333 1907 3764 1594 3764 1906 3764 1908 4334 1909 4334 1910 4334 1908 4335 1910 4335 1911 4335 1908 4336 1911 4336 1912 4336 1908 4337 1912 4337 1913 4337 1908 4338 1913 4338 254 4338 1908 4339 236 4339 1866 4339 1908 4340 1866 4340 578 4340 1908 4341 254 4341 252 4341 1908 4342 252 4342 250 4342 1908 4343 250 4343 248 4343 1908 4344 248 4344 246 4344 1908 4345 246 4345 244 4345 1908 4346 244 4346 242 4346 1908 4347 242 4347 240 4347 1908 4348 1914 4348 1915 4348 1908 4349 240 4349 238 4349 1908 4350 1915 4350 1916 4350 1908 4351 238 4351 236 4351 1908 4352 1916 4352 1917 4352 1908 4353 1917 4353 1918 4353 1908 4354 1918 4354 1919 4354 1908 4355 1919 4355 1920 4355 1908 4356 1920 4356 1921 4356 1908 4357 1921 4357 1922 4357 1908 3764 1922 3764 1923 3764 1908 4358 1923 4358 1924 4358 1908 4359 1924 4359 1925 4359 1908 3764 1925 3764 1926 3764 1908 4360 1926 4360 1927 4360 1908 4361 1927 4361 1909 4361 544 4362 1907 4362 1928 4362 544 4363 1928 4363 1929 4363 544 4364 1929 4364 1930 4364 544 4365 1930 4365 1931 4365 544 4366 1931 4366 1932 4366 544 4367 1932 4367 1933 4367 544 4368 1933 4368 1934 4368 544 4369 1934 4369 1935 4369 544 4370 1935 4370 1936 4370 544 4371 1936 4371 1937 4371 544 4372 1937 4372 1938 4372 544 4373 1938 4373 1939 4373 544 4374 1939 4374 1940 4374 544 4375 1940 4375 1941 4375 544 4376 1941 4376 1942 4376 544 4377 1942 4377 1943 4377 544 4378 1943 4378 1944 4378 544 3764 1944 3764 1945 3764 544 4379 1945 4379 1946 4379 544 4380 1946 4380 1947 4380 544 4381 1947 4381 1948 4381 544 4382 1948 4382 1949 4382 544 4383 1949 4383 1950 4383 544 4384 1950 4384 1951 4384 544 4385 1626 4385 1624 4385 544 4386 1594 4386 1907 4386 544 4387 1624 4387 1622 4387 544 4388 1622 4388 1620 4388 544 4389 1620 4389 1618 4389 544 3764 1618 3764 1616 3764 544 4390 1616 4390 1614 4390 544 4391 1614 4391 1612 4391 544 4392 1612 4392 1610 4392 544 4393 1610 4393 1608 4393 544 4394 1608 4394 1606 4394 544 4395 1606 4395 1604 4395 544 4396 1604 4396 1602 4396 544 4397 1602 4397 1600 4397 544 4398 1600 4398 1598 4398 544 4399 1598 4399 1596 4399 544 4400 1596 4400 1594 4400 1952 3764 1914 3764 1908 3764 1952 4401 1953 4401 1914 4401 542 3764 544 3764 1951 3764 542 4402 1951 4402 1954 4402 1955 3764 1953 3764 1952 3764 541 4403 1954 4403 1956 4403 541 3764 542 3764 1954 3764 1957 4404 1953 4404 1955 4404 1957 4405 1958 4405 1953 4405 539 3764 541 3764 1956 3764 1959 4406 1958 4406 1957 4406 537 3764 539 3764 1956 3764 537 4407 1956 4407 1960 4407 535 3764 537 3764 1960 3764 1961 4408 1958 4408 1959 4408 1961 4409 1962 4409 1958 4409 1963 4410 1962 4410 1961 4410 533 3764 535 3764 1960 3764 533 4411 1960 4411 1964 4411 1965 3764 1962 3764 1963 3764 1965 4412 1966 4412 1962 4412 531 3764 533 3764 1964 3764 531 4413 1964 4413 1967 4413 1968 3764 1966 3764 1965 3764 1968 4414 1969 4414 1966 4414 529 3764 531 3764 1967 3764 527 3764 529 3764 1967 3764 527 4415 1967 4415 1970 4415 1971 4416 1969 4416 1968 4416 1972 3764 1969 3764 1971 3764 1972 4417 1973 4417 1969 4417 525 3764 527 3764 1970 3764 1974 4418 1973 4418 1972 4418 523 3764 525 3764 1970 3764 523 4419 1970 4419 1975 4419 1976 3764 1973 3764 1974 3764 1976 4420 1977 4420 1973 4420 521 3764 523 3764 1975 3764 519 4421 1975 4421 1978 4421 519 4422 521 4422 1975 4422 1979 4423 1977 4423 1976 4423 517 4424 519 4424 1978 4424 1980 3764 1977 3764 1979 3764 1980 4425 1981 4425 1977 4425 1982 3764 1981 3764 1980 3764 515 4426 1978 4426 1983 4426 515 3764 517 3764 1978 3764 512 4427 1983 4427 1981 4427 512 3764 1981 3764 1982 3764 512 4428 515 4428 1983 4428 544 3764 1657 3764 1236 3764 544 4429 1236 4429 1234 4429 544 4430 1234 4430 1232 4430 544 4431 1232 4431 1230 4431 544 4432 1230 4432 1228 4432 544 4433 1228 4433 1226 4433 544 4434 1226 4434 1626 4434 1626 3764 1226 3764 1628 3764 1628 3764 1226 3764 1630 3764 1630 3764 1226 3764 1632 3764 1632 4435 1226 4435 1634 4435 1634 4436 1226 4436 1636 4436 441 4437 582 4437 581 4437 439 4438 1984 4438 1985 4438 439 4439 581 4439 1984 4439 439 4440 441 4440 581 4440 443 4440 582 4440 441 4440 443 4441 584 4441 582 4441 443 4442 586 4442 584 4442 437 4443 1986 4443 1987 4443 437 4444 1985 4444 1986 4444 437 4445 439 4445 1985 4445 445 4440 586 4440 443 4440 445 4446 588 4446 586 4446 445 4447 590 4447 588 4447 435 4448 1988 4448 1989 4448 435 4449 1987 4449 1988 4449 435 4440 437 4440 1987 4440 447 4450 590 4450 445 4450 447 4451 592 4451 590 4451 447 4452 594 4452 592 4452 433 4453 1990 4453 1991 4453 433 4454 1989 4454 1990 4454 433 4455 435 4455 1989 4455 449 4440 594 4440 447 4440 449 4456 596 4456 594 4456 449 4457 598 4457 596 4457 431 4440 433 4440 1991 4440 431 4458 1991 4458 1992 4458 450 4440 598 4440 449 4440 450 4459 600 4459 598 4459 429 4440 1993 4440 1994 4440 429 4460 1992 4460 1993 4460 429 4440 431 4440 1992 4440 452 4440 600 4440 450 4440 452 4461 603 4461 600 4461 452 4462 604 4462 603 4462 427 4463 1995 4463 1996 4463 427 4464 1994 4464 1995 4464 427 4440 429 4440 1994 4440 455 4465 604 4465 452 4465 455 4466 607 4466 604 4466 455 4467 608 4467 607 4467 425 4440 1997 4440 1998 4440 425 4468 1996 4468 1997 4468 425 4440 427 4440 1996 4440 457 4440 608 4440 455 4440 457 4469 611 4469 608 4469 423 4440 425 4440 1998 4440 423 4470 1998 4470 1999 4470 459 4440 611 4440 457 4440 459 4471 613 4471 611 4471 421 4440 423 4440 1999 4440 460 4440 613 4440 459 4440 419 4472 421 4472 1999 4472 463 4473 613 4473 460 4473 417 4474 419 4474 1999 4474 465 4475 613 4475 463 4475 415 4440 417 4440 1999 4440 467 4440 613 4440 465 4440 413 4440 415 4440 1999 4440 468 4440 613 4440 467 4440 411 4440 413 4440 1999 4440 471 4476 613 4476 468 4476 409 4440 411 4440 1999 4440 472 4440 613 4440 471 4440 407 4440 409 4440 1999 4440 475 4440 613 4440 472 4440 405 4440 407 4440 1999 4440 476 4477 613 4477 475 4477 403 4440 405 4440 1999 4440 479 4478 613 4478 476 4478 401 4440 403 4440 1999 4440 480 4440 613 4440 479 4440 399 4440 401 4440 1999 4440 483 4440 613 4440 480 4440 397 4440 399 4440 1999 4440 485 4440 613 4440 483 4440 395 4440 397 4440 1999 4440 487 4440 613 4440 485 4440 393 4479 395 4479 1999 4479 489 4440 613 4440 487 4440 391 4480 393 4480 1999 4480 490 4440 613 4440 489 4440 389 4440 391 4440 1999 4440 493 4440 613 4440 490 4440 386 4440 389 4440 1999 4440 495 4440 613 4440 493 4440 384 4440 386 4440 1999 4440 496 4481 613 4481 495 4481 2000 4440 384 4440 1999 4440 499 4440 613 4440 496 4440 2001 4440 2000 4440 1999 4440 500 4482 613 4482 499 4482 2002 4483 2001 4483 1999 4483 503 4440 613 4440 500 4440 2003 4440 2002 4440 1999 4440 505 4440 613 4440 503 4440 2004 4484 2003 4484 1999 4484 507 4440 613 4440 505 4440 2005 4440 2004 4440 1999 4440 2006 4440 2005 4440 1999 4440 2007 4485 2006 4485 1999 4485 2008 4440 2007 4440 1999 4440 961 4440 2009 4440 2010 4440 959 4440 961 4440 2010 4440 959 4486 2010 4486 2011 4486 963 4440 2009 4440 961 4440 963 4487 2012 4487 2009 4487 957 4440 959 4440 2011 4440 957 4488 2011 4488 2013 4488 965 4440 2012 4440 963 4440 965 4489 510 4489 2012 4489 955 4490 957 4490 2013 4490 955 4491 2013 4491 2014 4491 967 4440 510 4440 965 4440 967 4492 509 4492 510 4492 953 4440 955 4440 2014 4440 953 4493 2014 4493 2015 4493 969 4494 613 4494 507 4494 969 4440 509 4440 967 4440 969 4495 507 4495 509 4495 951 4496 2015 4496 2016 4496 951 4440 953 4440 2015 4440 971 4440 613 4440 969 4440 949 4497 2016 4497 2017 4497 949 4440 951 4440 2016 4440 973 4498 613 4498 971 4498 947 4499 2017 4499 2018 4499 947 4500 949 4500 2017 4500 975 4440 613 4440 973 4440 945 4501 2018 4501 2019 4501 945 4440 947 4440 2018 4440 977 4440 613 4440 975 4440 943 4502 2019 4502 2020 4502 943 4440 945 4440 2019 4440 979 4503 613 4503 977 4503 941 4504 2020 4504 2021 4504 941 4440 943 4440 2020 4440 981 4440 613 4440 979 4440 939 4440 941 4440 2021 4440 939 4505 2021 4505 2022 4505 983 4440 613 4440 981 4440 937 4506 2022 4506 2023 4506 937 4507 939 4507 2022 4507 985 4508 613 4508 983 4508 935 4509 2023 4509 2024 4509 935 4510 937 4510 2023 4510 987 4440 613 4440 985 4440 933 4511 2024 4511 2025 4511 933 4440 935 4440 2024 4440 989 4440 613 4440 987 4440 931 4440 933 4440 2025 4440 931 4512 2025 4512 2026 4512 991 4440 613 4440 989 4440 929 4513 2026 4513 2027 4513 929 4440 931 4440 2026 4440 993 4440 613 4440 991 4440 927 4440 929 4440 2027 4440 927 4514 2027 4514 2028 4514 995 4440 613 4440 993 4440 925 4440 927 4440 2028 4440 925 4515 2028 4515 2029 4515 997 4440 613 4440 995 4440 923 4516 2029 4516 2030 4516 923 4440 925 4440 2029 4440 998 4440 613 4440 997 4440 921 4517 2030 4517 2031 4517 921 4440 923 4440 2030 4440 1001 4440 613 4440 998 4440 919 4518 2031 4518 2032 4518 919 4440 921 4440 2031 4440 1003 4440 613 4440 1001 4440 917 4519 2032 4519 2033 4519 917 4440 919 4440 2032 4440 1005 4440 613 4440 1003 4440 915 4520 2033 4520 2034 4520 915 4440 917 4440 2033 4440 913 4521 2034 4521 2035 4521 913 4440 915 4440 2034 4440 911 4522 2035 4522 2036 4522 911 4523 913 4523 2035 4523 909 4524 2036 4524 2037 4524 909 4440 911 4440 2036 4440 906 4525 2037 4525 2038 4525 906 4440 909 4440 2037 4440 904 4526 2038 4526 2039 4526 904 4440 906 4440 2038 4440 1407 4527 2039 4527 2040 4527 1407 4440 904 4440 2039 4440 1405 4528 2040 4528 2041 4528 1405 4529 1407 4529 2040 4529 1403 4530 2041 4530 2042 4530 1403 4531 1405 4531 2041 4531 1401 4532 2042 4532 2043 4532 1401 4440 1403 4440 2042 4440 1399 4533 2043 4533 2044 4533 1399 4440 1401 4440 2043 4440 1397 4534 2044 4534 2045 4534 1397 4535 1399 4535 2044 4535 1395 4536 2045 4536 2046 4536 1395 4440 1397 4440 2045 4440 1393 4537 2046 4537 2047 4537 1393 4538 1395 4538 2046 4538 1391 4539 2047 4539 2048 4539 1391 4540 1393 4540 2047 4540 1389 4440 1391 4440 2048 4440 1389 4541 2048 4541 2049 4541 55 4542 57 4542 647 4542 59 4440 647 4440 57 4440 53 4440 55 4440 647 4440 61 4440 647 4440 59 4440 51 4440 53 4440 647 4440 63 4440 647 4440 61 4440 49 4440 51 4440 647 4440 65 4440 647 4440 63 4440 47 4440 49 4440 647 4440 67 4440 1999 4440 647 4440 67 4543 2008 4543 1999 4543 67 4544 2050 4544 2008 4544 67 4440 647 4440 65 4440 45 4440 47 4440 647 4440 69 4440 2050 4440 67 4440 69 4545 2051 4545 2050 4545 43 4440 45 4440 647 4440 71 4546 2051 4546 69 4546 71 4547 2052 4547 2051 4547 41 4440 43 4440 647 4440 73 4548 2052 4548 71 4548 73 4549 2053 4549 2052 4549 39 4440 41 4440 647 4440 75 4550 2054 4550 2053 4550 75 4440 2053 4440 73 4440 37 4440 39 4440 647 4440 77 4551 2054 4551 75 4551 77 4552 2055 4552 2054 4552 35 4440 37 4440 647 4440 79 4440 2055 4440 77 4440 79 4553 2056 4553 2055 4553 33 4440 35 4440 647 4440 81 4554 2057 4554 2056 4554 81 4555 2056 4555 79 4555 31 4440 33 4440 647 4440 83 4556 2058 4556 2057 4556 83 4557 2057 4557 81 4557 29 4440 31 4440 647 4440 84 4558 2059 4558 2058 4558 84 4440 2058 4440 83 4440 27 4559 29 4559 647 4559 87 4440 2060 4440 2059 4440 87 4440 2059 4440 84 4440 25 4560 27 4560 647 4560 88 4561 2061 4561 2060 4561 88 4440 2060 4440 87 4440 23 4562 25 4562 647 4562 91 4440 2061 4440 88 4440 91 4563 2049 4563 2061 4563 21 4440 23 4440 647 4440 92 4564 1389 4564 2049 4564 92 4440 2049 4440 91 4440 19 4565 21 4565 647 4565 17 4440 19 4440 647 4440 15 4440 17 4440 647 4440 13 4440 15 4440 647 4440 11 4440 13 4440 647 4440 11 4566 647 4566 644 4566 9 4567 11 4567 644 4567 9 4568 642 4568 640 4568 9 4569 644 4569 642 4569 7 4440 9 4440 640 4440 7 4570 638 4570 636 4570 7 4571 640 4571 638 4571 5 4572 7 4572 636 4572 5 4573 634 4573 632 4573 5 4440 636 4440 634 4440 2 4440 632 4440 630 4440 2 4440 5 4440 632 4440 0 4440 628 4440 626 4440 0 4574 630 4574 628 4574 0 4440 2 4440 630 4440 2062 4575 624 4575 622 4575 2062 4576 626 4576 624 4576 2062 4577 0 4577 626 4577 2063 4440 2062 4440 622 4440 2063 4578 620 4578 618 4578 2063 4579 622 4579 620 4579 2064 4580 618 4580 616 4580 2064 4440 2063 4440 618 4440 615 4440 2064 4440 616 4440 2065 4440 2064 4440 615 4440 1686 4581 2066 4581 2065 4581 1686 4440 2065 4440 615 4440 1684 4582 2066 4582 1686 4582 1682 4583 2067 4583 2066 4583 1682 4440 2066 4440 1684 4440 1681 4440 2067 4440 1682 4440 1678 4584 2068 4584 2067 4584 1678 4440 2067 4440 1681 4440 1676 4440 2068 4440 1678 4440 1674 4585 2069 4585 2068 4585 1674 4586 2068 4586 1676 4586 1672 4440 2069 4440 1674 4440 1670 4587 2070 4587 2069 4587 1670 4440 2069 4440 1672 4440 1668 4588 2071 4588 2070 4588 1668 4589 2070 4589 1670 4589 1667 4590 2071 4590 1668 4590 1664 4591 2072 4591 2071 4591 1664 4440 2071 4440 1667 4440 1663 4440 2072 4440 1664 4440 1661 4592 2072 4592 1663 4592 1661 4593 2073 4593 2072 4593 1659 4440 2073 4440 1661 4440 1659 4594 2074 4594 2073 4594 1658 4595 2075 4595 2076 4595 1658 4596 2076 4596 2077 4596 1658 4597 2077 4597 2078 4597 1658 4598 2078 4598 2079 4598 1658 4599 2079 4599 2080 4599 1658 4600 2080 4600 2081 4600 1658 4601 2081 4601 2082 4601 1658 4602 2082 4602 2083 4602 1658 4603 2083 4603 2084 4603 1658 4604 2084 4604 2085 4604 1658 4440 2085 4440 2086 4440 1658 4605 2086 4605 2087 4605 1658 4606 2087 4606 2088 4606 1658 4607 2088 4607 2089 4607 1658 4608 2089 4608 2090 4608 1658 4609 2090 4609 2091 4609 1658 4610 2091 4610 2074 4610 1658 4440 2074 4440 1659 4440 1658 4611 2092 4611 2093 4611 1658 4612 2093 4612 2094 4612 1658 4613 2094 4613 2095 4613 1658 4614 2095 4614 2096 4614 1658 4615 2096 4615 2097 4615 1658 4616 2097 4616 2098 4616 1658 4617 2098 4617 2075 4617 1089 4618 105 4618 107 4618 833 4440 1021 4440 1023 4440 1087 4619 107 4619 109 4619 1087 4620 1089 4620 107 4620 831 4621 833 4621 1023 4621 831 4622 1023 4622 1025 4622 1091 4623 103 4623 105 4623 1091 4624 105 4624 1089 4624 835 4440 1019 4440 1021 4440 835 4440 1021 4440 833 4440 1085 4625 109 4625 111 4625 1085 4626 1087 4626 109 4626 829 4440 1025 4440 1027 4440 829 4627 831 4627 1025 4627 1093 4628 101 4628 103 4628 1093 4629 103 4629 1091 4629 837 4440 1017 4440 1019 4440 837 4440 1019 4440 835 4440 1083 4630 1085 4630 111 4630 1083 4631 111 4631 113 4631 827 4440 1027 4440 1029 4440 827 4632 829 4632 1027 4632 1095 4633 99 4633 101 4633 1095 4440 101 4440 1093 4440 839 4440 1015 4440 1017 4440 839 4634 1017 4634 837 4634 1081 4635 113 4635 115 4635 1081 4440 1083 4440 113 4440 825 4636 1029 4636 1031 4636 825 4637 827 4637 1029 4637 1097 4440 99 4440 1095 4440 1097 4638 97 4638 99 4638 841 4440 1013 4440 1015 4440 841 4639 1015 4639 839 4639 1079 4440 1081 4440 115 4440 1079 4640 115 4640 116 4640 823 4440 1031 4440 1285 4440 823 4641 825 4641 1031 4641 1099 4642 95 4642 97 4642 1099 4440 97 4440 1097 4440 843 4440 1011 4440 1013 4440 843 4440 1013 4440 841 4440 1077 4643 116 4643 119 4643 1077 4440 1079 4440 116 4440 821 4440 1285 4440 1287 4440 821 4644 823 4644 1285 4644 1101 4440 95 4440 1099 4440 1101 4645 92 4645 95 4645 1101 4646 1387 4646 1389 4646 1101 4647 1389 4647 92 4647 845 4648 1009 4648 1011 4648 845 4440 1011 4440 843 4440 1075 4649 1077 4649 119 4649 1075 4650 119 4650 121 4650 819 4440 1287 4440 1289 4440 819 4651 821 4651 1287 4651 1103 4440 1387 4440 1101 4440 1103 4652 1385 4652 1387 4652 847 4653 1007 4653 1009 4653 847 4440 1009 4440 845 4440 1073 4440 1075 4440 121 4440 1073 4654 121 4654 122 4654 817 4655 1289 4655 1291 4655 817 4656 819 4656 1289 4656 1105 4657 1383 4657 1385 4657 1105 4440 1385 4440 1103 4440 849 4440 1005 4440 1007 4440 849 4658 1007 4658 847 4658 1071 4440 1073 4440 122 4440 1071 4659 122 4659 125 4659 815 4440 1291 4440 1293 4440 815 4660 817 4660 1291 4660 1107 4661 1381 4661 1383 4661 1107 4662 1383 4662 1105 4662 851 4663 613 4663 1005 4663 851 4664 1005 4664 849 4664 1069 4665 1071 4665 125 4665 1069 4666 125 4666 127 4666 813 4667 1293 4667 1295 4667 813 4668 815 4668 1293 4668 1109 4669 1379 4669 1381 4669 1109 4440 1381 4440 1107 4440 1067 4440 1069 4440 127 4440 1067 4670 127 4670 2099 4670 811 4440 1295 4440 1297 4440 811 4671 813 4671 1295 4671 1111 4672 1377 4672 1379 4672 1111 4440 1379 4440 1109 4440 1065 4673 2099 4673 2100 4673 1065 4440 1067 4440 2099 4440 809 4440 1297 4440 1299 4440 809 4674 811 4674 1297 4674 1113 4440 1377 4440 1111 4440 1113 4675 1375 4675 1377 4675 1063 4440 1065 4440 2100 4440 1063 4676 2100 4676 2101 4676 807 4677 809 4677 1299 4677 807 4678 1299 4678 1301 4678 1115 4440 1375 4440 1113 4440 1115 4679 1373 4679 1375 4679 1061 4440 1063 4440 2101 4440 1061 4680 2101 4680 2102 4680 805 4681 807 4681 1301 4681 805 4440 1301 4440 1303 4440 1117 4682 1373 4682 1115 4682 1117 4683 1371 4683 1373 4683 1059 4684 2102 4684 2103 4684 1059 4685 1061 4685 2102 4685 803 4440 1303 4440 1305 4440 803 4686 805 4686 1303 4686 1119 4687 1371 4687 1117 4687 1119 4440 1369 4440 1371 4440 1057 4440 1059 4440 2103 4440 1057 4688 2103 4688 2104 4688 801 4440 1305 4440 1307 4440 801 4689 803 4689 1305 4689 1121 4440 1369 4440 1119 4440 1121 4690 1367 4690 1369 4690 1055 4691 2104 4691 2105 4691 1055 4440 1057 4440 2104 4440 799 4440 1307 4440 1309 4440 799 4692 801 4692 1307 4692 1123 4440 1367 4440 1121 4440 1123 4693 1365 4693 1367 4693 1053 4440 1055 4440 2105 4440 1053 4694 2105 4694 2106 4694 797 4440 1309 4440 1311 4440 797 4695 799 4695 1309 4695 1125 4440 1365 4440 1123 4440 1125 4696 1362 4696 1365 4696 1051 4440 1053 4440 2106 4440 1051 4697 2106 4697 2107 4697 795 4440 1311 4440 1313 4440 795 4698 797 4698 1311 4698 1127 4699 1361 4699 1362 4699 1127 4440 1362 4440 1125 4440 1049 4440 1051 4440 2107 4440 1049 4700 2107 4700 2108 4700 793 4440 1313 4440 1315 4440 793 4701 795 4701 1313 4701 1129 4702 1359 4702 1361 4702 1129 4703 1361 4703 1127 4703 1047 4440 1049 4440 2108 4440 1047 4704 2108 4704 2109 4704 791 4440 1315 4440 1317 4440 791 4705 793 4705 1315 4705 1131 4440 1359 4440 1129 4440 1131 4706 1357 4706 1359 4706 1045 4440 1047 4440 2109 4440 1045 4707 2109 4707 2110 4707 789 4440 1317 4440 1319 4440 789 4708 791 4708 1317 4708 1133 4709 1355 4709 1357 4709 1133 4710 1357 4710 1131 4710 1043 4440 1045 4440 2110 4440 1043 4711 2110 4711 2111 4711 787 4712 1319 4712 1321 4712 787 4713 789 4713 1319 4713 1135 4714 1353 4714 1355 4714 1135 4715 1355 4715 1133 4715 1041 4440 1043 4440 2111 4440 1041 4716 2111 4716 2112 4716 785 4717 787 4717 1321 4717 785 4440 1321 4440 1323 4440 1137 4718 1353 4718 1135 4718 1137 4719 1351 4719 1353 4719 1039 4720 2112 4720 2113 4720 1039 4440 1041 4440 2112 4440 783 4440 1323 4440 1325 4440 783 4721 785 4721 1323 4721 1139 4440 1351 4440 1137 4440 1139 4722 1348 4722 1351 4722 1037 4723 1039 4723 2113 4723 1037 4724 2113 4724 2114 4724 781 4725 783 4725 1325 4725 781 4440 1325 4440 1327 4440 1140 4440 1348 4440 1139 4440 1140 4726 1347 4726 1348 4726 1034 4727 2114 4727 2115 4727 1034 4440 1037 4440 2114 4440 778 4728 781 4728 1327 4728 778 4440 1327 4440 1329 4440 1143 4440 1347 4440 1140 4440 1143 4729 1345 4729 1347 4729 1032 4440 1034 4440 2115 4440 1032 4730 2115 4730 2116 4730 776 4731 778 4731 1329 4731 776 4440 1329 4440 1331 4440 1145 4732 1345 4732 1143 4732 1145 4733 1343 4733 1345 4733 1283 4734 1032 4734 2116 4734 1283 4735 2116 4735 2117 4735 1531 4440 1331 4440 1332 4440 1531 4736 776 4736 1331 4736 1147 4737 1343 4737 1145 4737 1147 4738 1341 4738 1343 4738 1281 4440 1283 4440 2117 4440 1281 4739 2117 4739 2118 4739 1529 4740 1531 4740 1332 4740 1529 4440 1332 4440 1335 4440 1149 4440 1341 4440 1147 4440 1149 4741 1339 4741 1341 4741 1279 4440 1281 4440 2118 4440 1279 4742 2118 4742 2119 4742 1527 4743 1529 4743 1335 4743 1527 4440 1335 4440 1337 4440 1151 4744 1339 4744 1149 4744 1277 4440 1279 4440 2119 4440 1277 4745 2119 4745 2120 4745 1525 4746 1339 4746 1151 4746 1525 4747 1337 4747 1339 4747 1525 4748 1527 4748 1337 4748 1275 4440 1277 4440 2120 4440 1275 4749 2120 4749 2121 4749 1273 4440 1275 4440 2121 4440 1273 4750 2121 4750 2122 4750 1271 4440 1273 4440 2122 4440 1271 4751 2122 4751 2123 4751 1269 4440 2092 4440 1658 4440 1269 4440 1271 4440 2123 4440 1269 4752 2123 4752 2092 4752 1267 4440 1269 4440 1658 4440 1265 4753 1267 4753 1658 4753 1263 4440 1265 4440 1658 4440 1261 4440 1263 4440 1658 4440 1259 4754 1261 4754 1658 4754 1257 4755 1259 4755 1658 4755 1255 4440 1257 4440 1658 4440 1253 4756 1255 4756 1658 4756 1251 4440 1253 4440 1658 4440 1249 4440 1251 4440 1658 4440 1247 4440 1249 4440 1658 4440 1245 4440 1247 4440 1658 4440 1243 4440 1245 4440 1658 4440 1241 4440 1243 4440 1658 4440 1239 4440 1241 4440 1658 4440 1237 4440 1239 4440 1658 4440 1235 4757 1237 4757 1658 4757 1233 4440 1235 4440 1658 4440 2124 4758 851 4758 853 4758 2124 4759 853 4759 855 4759 2124 4760 855 4760 857 4760 2124 4761 857 4761 859 4761 2124 4762 859 4762 861 4762 2124 4763 861 4763 863 4763 2124 4440 863 4440 865 4440 2124 4764 865 4764 867 4764 2124 4765 867 4765 869 4765 2124 4766 869 4766 871 4766 2124 4767 871 4767 873 4767 2124 4768 873 4768 874 4768 2124 4769 874 4769 877 4769 2124 4770 877 4770 879 4770 2124 4771 879 4771 881 4771 2124 4772 881 4772 883 4772 2124 4773 883 4773 885 4773 2124 4774 885 4774 887 4774 2124 4440 613 4440 851 4440 311 4440 313 4440 2124 4440 315 4440 2124 4440 313 4440 309 4775 311 4775 2124 4775 309 4440 2124 4440 887 4440 317 4440 2124 4440 315 4440 307 4776 887 4776 889 4776 307 4440 309 4440 887 4440 319 4440 2124 4440 317 4440 305 4777 889 4777 891 4777 305 4778 307 4778 889 4778 321 4440 2124 4440 319 4440 303 4440 305 4440 891 4440 303 4779 891 4779 893 4779 323 4440 2124 4440 321 4440 301 4780 893 4780 895 4780 301 4440 303 4440 893 4440 325 4781 2124 4781 323 4781 299 4440 301 4440 895 4440 299 4782 895 4782 897 4782 327 4440 2124 4440 325 4440 297 4440 299 4440 897 4440 297 4783 897 4783 899 4783 329 4440 2124 4440 327 4440 295 4784 297 4784 899 4784 295 4785 899 4785 901 4785 331 4440 2124 4440 329 4440 293 4786 901 4786 903 4786 293 4440 295 4440 901 4440 333 4440 2124 4440 331 4440 291 4787 903 4787 1409 4787 291 4440 293 4440 903 4440 335 4788 2124 4788 333 4788 289 4440 291 4440 1409 4440 289 4789 1409 4789 1411 4789 337 4790 2124 4790 335 4790 287 4791 1411 4791 1413 4791 287 4440 289 4440 1411 4440 339 4440 2124 4440 337 4440 285 4440 287 4440 1413 4440 285 4792 1413 4792 1415 4792 341 4440 2124 4440 339 4440 283 4793 1415 4793 1417 4793 283 4440 285 4440 1415 4440 343 4794 2124 4794 341 4794 281 4440 283 4440 1417 4440 281 4795 1417 4795 1419 4795 344 4440 2124 4440 343 4440 279 4796 1419 4796 1421 4796 279 4440 281 4440 1419 4440 347 4440 2124 4440 344 4440 277 4440 279 4440 1421 4440 277 4797 1421 4797 1423 4797 349 4798 2124 4798 347 4798 275 4799 1423 4799 1425 4799 275 4440 277 4440 1423 4440 351 4800 2124 4800 349 4800 273 4440 275 4440 1425 4440 273 4801 1425 4801 1427 4801 353 4440 2124 4440 351 4440 271 4802 1427 4802 1429 4802 271 4440 273 4440 1427 4440 354 4440 2124 4440 353 4440 269 4440 271 4440 1429 4440 269 4803 1429 4803 1431 4803 357 4804 2125 4804 2124 4804 357 4440 2124 4440 354 4440 267 4440 269 4440 1431 4440 267 4805 1431 4805 1433 4805 358 4440 2125 4440 357 4440 358 4806 2126 4806 2125 4806 265 4440 267 4440 1433 4440 265 4807 1433 4807 1435 4807 361 4440 2126 4440 358 4440 361 4808 2127 4808 2126 4808 361 4809 2128 4809 2127 4809 263 4810 265 4810 1435 4810 263 4811 1435 4811 1437 4811 363 4440 2128 4440 361 4440 363 4812 2129 4812 2128 4812 363 4813 2130 4813 2129 4813 261 4440 263 4440 1437 4440 261 4814 1437 4814 1439 4814 365 4815 2131 4815 2130 4815 365 4440 2130 4440 363 4440 258 4440 261 4440 1439 4440 258 4816 1439 4816 1441 4816 367 4817 2131 4817 365 4817 367 4818 2132 4818 2131 4818 367 4819 2133 4819 2132 4819 256 4440 258 4440 1441 4440 256 4820 1441 4820 1443 4820 369 4821 2133 4821 367 4821 369 4822 2134 4822 2133 4822 369 4823 2135 4823 2134 4823 2136 4440 256 4440 1443 4440 2136 4824 1443 4824 1445 4824 371 4440 2135 4440 369 4440 371 4825 2137 4825 2135 4825 371 4826 2138 4826 2137 4826 2139 4827 1445 4827 1447 4827 2139 4828 2136 4828 1445 4828 373 4440 2138 4440 371 4440 373 4829 2140 4829 2138 4829 373 4830 2141 4830 2140 4830 2142 4831 2139 4831 1447 4831 2142 4832 1447 4832 1449 4832 375 4440 2141 4440 373 4440 548 4440 2141 4440 375 4440 2143 4440 2142 4440 1449 4440 2143 4833 1449 4833 1451 4833 377 4440 548 4440 375 4440 2144 4834 1451 4834 1453 4834 2144 4440 2143 4440 1451 4440 2145 4835 1453 4835 1455 4835 2145 4440 2144 4440 1453 4440 2146 4836 2145 4836 1455 4836 2146 4837 1455 4837 1457 4837 549 4838 548 4838 377 4838 2147 4839 1457 4839 1459 4839 2147 4440 2146 4440 1457 4440 2148 4840 1459 4840 1461 4840 2148 4440 2147 4440 1459 4440 2149 4841 2148 4841 1461 4841 2149 4842 1461 4842 1463 4842 2150 4843 1463 4843 1465 4843 2150 4440 2149 4440 1463 4440 550 4844 377 4844 379 4844 550 4845 549 4845 377 4845 2151 4846 1465 4846 1467 4846 2151 4440 2150 4440 1465 4440 2152 4847 1467 4847 1469 4847 2152 4440 2151 4440 1467 4440 2153 4440 2152 4440 1469 4440 2153 4848 1469 4848 1471 4848 2154 4440 2153 4440 1471 4440 2154 4849 1471 4849 1473 4849 2155 4440 2154 4440 1473 4440 2155 4850 1473 4850 1475 4850 552 4440 550 4440 379 4440 2156 4440 2155 4440 1475 4440 554 4440 552 4440 379 4440 554 4851 379 4851 381 4851 556 4440 554 4440 381 4440 558 4852 381 4852 382 4852 558 4440 556 4440 381 4440 560 4440 558 4440 382 4440 563 4853 382 4853 2157 4853 563 4440 560 4440 382 4440 565 4854 2157 4854 2158 4854 565 4440 563 4440 2157 4440 567 4440 565 4440 2158 4440 569 4440 567 4440 2158 4440 569 4440 2158 4440 2159 4440 571 4440 569 4440 2159 4440 573 4440 571 4440 2159 4440 573 4855 2159 4855 2160 4855 575 4440 573 4440 2160 4440 577 4440 575 4440 2160 4440 577 4856 2160 4856 2161 4856 579 4857 2161 4857 2162 4857 579 4858 2162 4858 2163 4858 579 4859 2163 4859 2164 4859 579 4860 2164 4860 2165 4860 579 4861 2165 4861 2166 4861 579 4862 2166 4862 2167 4862 579 4863 2167 4863 2168 4863 579 4864 2168 4864 2169 4864 579 4865 2169 4865 2170 4865 579 4866 2170 4866 2171 4866 579 4867 2171 4867 2172 4867 579 4868 2172 4868 2173 4868 579 4869 2173 4869 2174 4869 579 4870 2174 4870 2175 4870 579 4871 2175 4871 2176 4871 579 4872 2176 4872 2177 4872 579 4873 2177 4873 2178 4873 579 4874 2178 4874 2179 4874 579 4875 2179 4875 2180 4875 579 4876 2180 4876 2181 4876 579 4877 2181 4877 2182 4877 579 4878 2182 4878 2183 4878 579 4879 2183 4879 2184 4879 579 4880 2184 4880 2185 4880 579 4881 2185 4881 2186 4881 579 4882 2186 4882 2187 4882 579 4883 2187 4883 2188 4883 579 4884 2188 4884 2189 4884 579 4885 577 4885 2161 4885 705 4886 1523 4886 1525 4886 705 4887 1525 4887 1151 4887 703 4888 705 4888 1151 4888 703 4889 1151 4889 1153 4889 707 4890 1521 4890 1523 4890 707 4440 1523 4440 705 4440 701 4891 703 4891 1153 4891 701 4440 1153 4440 1155 4440 709 4440 1521 4440 707 4440 709 4892 1518 4892 1521 4892 699 4632 701 4632 1155 4632 699 4440 1155 4440 1157 4440 711 4893 1518 4893 709 4893 711 4894 1517 4894 1518 4894 697 4895 699 4895 1157 4895 697 4440 1157 4440 1159 4440 713 4440 1517 4440 711 4440 713 4896 1515 4896 1517 4896 695 4897 697 4897 1159 4897 695 4440 1159 4440 1160 4440 715 4898 1515 4898 713 4898 715 4899 1513 4899 1515 4899 693 4900 695 4900 1160 4900 693 4901 1160 4901 1163 4901 717 4440 1513 4440 715 4440 717 4902 1511 4902 1513 4902 691 4903 693 4903 1163 4903 691 4440 1163 4440 1165 4440 719 4440 1511 4440 717 4440 719 4652 1509 4652 1511 4652 689 4904 691 4904 1165 4904 689 4440 1165 4440 1167 4440 721 4440 1509 4440 719 4440 721 4657 1507 4657 1509 4657 687 4905 689 4905 1167 4905 687 4440 1167 4440 1169 4440 723 4906 1507 4906 721 4906 723 4907 1504 4907 1507 4907 685 4908 687 4908 1169 4908 685 4440 1169 4440 1171 4440 725 4440 1504 4440 723 4440 725 4909 1503 4909 1504 4909 683 4440 1171 4440 1173 4440 683 4910 685 4910 1171 4910 727 4440 1503 4440 725 4440 727 4911 1501 4911 1503 4911 681 4440 1173 4440 1175 4440 681 4912 683 4912 1173 4912 729 4440 1501 4440 727 4440 729 4675 1499 4675 1501 4675 679 4440 1175 4440 1177 4440 679 4913 681 4913 1175 4913 731 4440 1499 4440 729 4440 731 4914 1497 4914 1499 4914 677 4440 1177 4440 1179 4440 677 4915 679 4915 1177 4915 733 4916 1497 4916 731 4916 733 4917 1495 4917 1497 4917 675 4918 1179 4918 1181 4918 675 4919 677 4919 1179 4919 735 4920 1495 4920 733 4920 735 4440 1493 4440 1495 4440 673 4440 1181 4440 1183 4440 673 4921 675 4921 1181 4921 736 4690 1491 4690 1493 4690 736 4440 1493 4440 735 4440 671 4440 1183 4440 1185 4440 671 4922 673 4922 1183 4922 739 4923 1489 4923 1491 4923 739 4440 1491 4440 736 4440 669 4695 671 4695 1185 4695 669 4440 1185 4440 1187 4440 741 4924 1487 4924 1489 4924 741 4440 1489 4440 739 4440 667 4440 1187 4440 1189 4440 667 4925 669 4925 1187 4925 743 4926 1485 4926 1487 4926 743 4440 1487 4440 741 4440 665 4440 1189 4440 1191 4440 665 4927 667 4927 1189 4927 745 4928 1485 4928 743 4928 745 4929 1483 4929 1485 4929 663 4930 1191 4930 1193 4930 663 4931 665 4931 1191 4931 746 4440 1483 4440 745 4440 746 4932 1481 4932 1483 4932 661 4440 1193 4440 1195 4440 661 4933 663 4933 1193 4933 749 4710 1481 4710 746 4710 749 4934 1479 4934 1481 4934 659 4440 1195 4440 1197 4440 659 4935 661 4935 1195 4935 750 4936 1479 4936 749 4936 750 4937 1477 4937 1479 4937 657 4440 1197 4440 1199 4440 657 4938 659 4938 1197 4938 753 4939 1477 4939 750 4939 753 4940 1475 4940 1477 4940 655 4941 657 4941 1199 4941 655 4942 1199 4942 1201 4942 755 4943 2156 4943 1475 4943 755 4440 1475 4440 753 4440 653 4440 1201 4440 1203 4440 653 4944 655 4944 1201 4944 650 4945 1203 4945 1204 4945 650 4946 653 4946 1203 4946 648 4440 1204 4440 1207 4440 648 4947 650 4947 1204 4947 1655 4440 1207 4440 1209 4440 1655 4948 648 4948 1207 4948 1653 4949 1655 4949 1209 4949 1653 4440 1209 4440 1211 4440 1651 4440 1211 4440 1213 4440 1651 4950 1653 4950 1211 4950 1649 4440 1213 4440 1215 4440 1649 4951 1651 4951 1213 4951 1647 4440 1215 4440 1217 4440 1647 4952 1649 4952 1215 4952 1645 4440 1217 4440 1219 4440 1645 4953 1647 4953 1217 4953 1643 4440 1219 4440 1221 4440 1643 4954 1645 4954 1219 4954 1641 4440 1221 4440 1223 4440 1641 4955 1643 4955 1221 4955 1639 4956 1641 4956 1223 4956 1639 4957 1223 4957 1225 4957 1637 4958 1225 4958 1227 4958 1637 4959 1639 4959 1225 4959 1635 4960 1637 4960 1227 4960 1635 4440 1227 4440 1229 4440 1633 4440 1229 4440 1231 4440 1633 4961 1635 4961 1229 4961 1631 4440 1231 4440 1233 4440 1631 4962 1633 4962 1231 4962 185 4963 1535 4963 1537 4963 183 4440 185 4440 1537 4440 183 4964 1537 4964 1539 4964 187 4965 1533 4965 1535 4965 187 4440 1535 4440 185 4440 181 4966 1539 4966 1541 4966 181 4440 183 4440 1539 4440 189 4967 775 4967 1533 4967 189 4440 1533 4440 187 4440 179 4440 181 4440 1541 4440 179 4968 1541 4968 1543 4968 191 4440 775 4440 189 4440 191 4969 773 4969 775 4969 177 4440 179 4440 1543 4440 177 4970 1543 4970 1545 4970 193 4971 771 4971 773 4971 193 4440 773 4440 191 4440 175 4440 177 4440 1545 4440 175 4440 1545 4440 1547 4440 195 4972 769 4972 771 4972 195 4440 771 4440 193 4440 173 4440 175 4440 1547 4440 173 4973 1547 4973 1549 4973 197 4974 767 4974 769 4974 197 4975 769 4975 195 4975 171 4976 1549 4976 1551 4976 171 4440 173 4440 1549 4440 199 4977 765 4977 767 4977 199 4440 767 4440 197 4440 169 4440 171 4440 1551 4440 169 4978 1551 4978 1553 4978 201 4979 763 4979 765 4979 201 4440 765 4440 199 4440 167 4440 169 4440 1553 4440 167 4980 1553 4980 1555 4980 203 4440 763 4440 201 4440 203 4981 761 4981 763 4981 165 4440 167 4440 1555 4440 165 4982 1555 4982 1557 4982 205 4440 761 4440 203 4440 205 4983 759 4983 761 4983 163 4440 165 4440 1557 4440 163 4984 1557 4984 1559 4984 207 4440 759 4440 205 4440 207 4985 757 4985 759 4985 161 4440 163 4440 1559 4440 161 4986 1559 4986 1561 4986 209 4440 757 4440 207 4440 209 4987 755 4987 757 4987 159 4440 161 4440 1561 4440 159 4988 1561 4988 1563 4988 211 4440 2156 4440 755 4440 211 4440 755 4440 209 4440 211 4989 2190 4989 2156 4989 157 4440 159 4440 1563 4440 157 4990 1563 4990 1565 4990 213 4440 2190 4440 211 4440 213 4991 2191 4991 2190 4991 155 4992 157 4992 1565 4992 155 4993 1565 4993 1567 4993 215 4440 2191 4440 213 4440 215 4440 2192 4440 2191 4440 153 4440 155 4440 1567 4440 153 4994 1567 4994 1569 4994 216 4440 2192 4440 215 4440 216 4561 2193 4561 2192 4561 151 4995 153 4995 1569 4995 151 4996 1569 4996 1571 4996 219 4440 2193 4440 216 4440 219 4997 2194 4997 2193 4997 149 4440 151 4440 1571 4440 149 4998 1571 4998 1573 4998 221 4440 2194 4440 219 4440 221 4999 2195 4999 2194 4999 147 4440 149 4440 1573 4440 147 5000 1573 5000 1575 5000 223 5001 2196 5001 2195 5001 223 4440 2195 4440 221 4440 145 4440 147 4440 1575 4440 145 5002 1575 5002 1577 5002 225 4440 2196 4440 223 4440 225 5003 2197 5003 2196 5003 143 4440 145 4440 1577 4440 143 5004 1577 5004 1579 5004 226 5005 2198 5005 2197 5005 226 5006 2197 5006 225 5006 141 5007 1579 5007 1581 5007 141 4440 143 4440 1579 4440 229 5008 2199 5008 2198 5008 229 4440 2198 4440 226 4440 139 5009 141 5009 1581 5009 139 5010 1581 5010 1583 5010 230 4440 2199 4440 229 4440 230 5011 2200 5011 2199 5011 137 4440 139 4440 1583 4440 137 5012 1583 5012 1585 5012 233 5013 2201 5013 2200 5013 233 4440 2200 4440 230 4440 135 4440 137 4440 1585 4440 135 5014 1585 5014 1587 5014 235 4440 2201 4440 233 4440 235 5015 2189 5015 2201 5015 133 5016 135 5016 1587 5016 133 5017 1587 5017 1589 5017 237 4440 2189 4440 235 4440 130 4440 133 4440 1589 4440 130 5018 1589 5018 1591 5018 128 4440 130 4440 1591 4440 128 5019 1591 5019 1593 5019 2202 5020 128 5020 1593 5020 2202 5021 1593 5021 1595 5021 2203 4440 2202 4440 1595 4440 2204 5022 237 5022 239 5022 2204 5023 239 5023 241 5023 2204 5024 241 5024 243 5024 2204 5025 243 5025 245 5025 2204 5026 245 5026 247 5026 2204 5027 247 5027 249 5027 2204 5028 249 5028 251 5028 2204 5029 251 5029 253 5029 2204 5030 253 5030 255 5030 2204 5031 255 5031 2205 5031 2204 5032 2205 5032 2206 5032 2204 5033 2206 5033 2207 5033 2204 5034 2207 5034 2208 5034 2204 5035 2208 5035 2209 5035 2204 5036 2209 5036 2210 5036 2204 5037 2210 5037 2211 5037 2204 5038 2211 5038 2212 5038 2204 4440 2212 4440 2213 4440 2204 5039 2213 5039 2214 5039 2204 5040 2214 5040 2215 5040 2204 5041 2215 5041 2216 5041 2204 5042 2216 5042 2217 5042 2204 5043 2217 5043 2218 5043 2204 5044 2218 5044 2219 5044 2204 5045 2219 5045 2220 5045 2204 5046 2220 5046 2221 5046 2204 5047 2221 5047 2222 5047 2204 5048 2222 5048 2223 5048 2204 4440 2189 4440 237 4440 2204 5049 579 5049 2189 5049 545 5050 1595 5050 1597 5050 545 5051 2224 5051 2225 5051 545 5052 1597 5052 1599 5052 545 5053 2225 5053 2226 5053 545 5054 2226 5054 2203 5054 545 5055 1599 5055 1601 5055 545 5056 1601 5056 1603 5056 545 5057 1603 5057 1605 5057 545 5058 1605 5058 1607 5058 545 5059 1607 5059 1609 5059 545 5060 1609 5060 1611 5060 545 5061 1611 5061 1613 5061 545 5062 1613 5062 1615 5062 545 5063 1615 5063 1617 5063 545 4440 1617 4440 1619 4440 545 5064 1619 5064 1621 5064 545 5065 1621 5065 1623 5065 545 5066 1623 5066 1625 5066 545 5067 1625 5067 1627 5067 545 5068 1627 5068 1629 5068 545 5069 1629 5069 1631 5069 545 5070 2203 5070 1595 5070 545 4440 1233 4440 1658 4440 545 5071 2227 5071 2228 5071 545 5072 2228 5072 2229 5072 545 5073 2229 5073 2230 5073 545 5074 2230 5074 2231 5074 545 5075 2231 5075 2232 5075 545 5076 2232 5076 2233 5076 545 5077 1631 5077 1233 5077 545 4440 2233 4440 2234 4440 545 5078 2234 5078 2235 5078 545 5079 2235 5079 2236 5079 545 5080 2236 5080 2237 5080 545 5081 2237 5081 2238 5081 545 5082 2238 5082 2239 5082 545 5083 2239 5083 2240 5083 545 5084 2240 5084 2241 5084 545 5085 2241 5085 2242 5085 545 5086 2242 5086 2243 5086 545 5087 2243 5087 2244 5087 545 5088 2244 5088 2245 5088 545 5089 2245 5089 2246 5089 545 5090 2246 5090 2247 5090 545 5091 2247 5091 2224 5091 543 5092 2227 5092 545 5092 543 5093 2248 5093 2227 5093 2249 5094 2223 5094 2250 5094 2249 5095 2204 5095 2223 5095 540 4440 2248 4440 543 4440 540 5096 2251 5096 2248 5096 2252 5097 2249 5097 2250 5097 538 4440 2251 4440 540 4440 2253 4440 2252 4440 2250 4440 2253 5098 2250 5098 2254 5098 2255 4440 2253 4440 2254 4440 536 4440 2251 4440 538 4440 536 5099 2256 5099 2251 5099 2257 5100 2255 5100 2254 5100 2257 5101 2254 5101 2258 5101 534 5102 2256 5102 536 5102 2259 4440 2257 4440 2258 4440 532 4440 2256 4440 534 4440 532 5103 2260 5103 2256 5103 2261 4440 2259 4440 2258 4440 2261 5104 2258 5104 2262 5104 530 4440 2260 4440 532 4440 530 5105 2263 5105 2260 5105 2264 4440 2261 4440 2262 4440 2264 5106 2262 5106 2265 5106 528 5107 2263 5107 530 5107 2266 4440 2264 4440 2265 4440 526 5108 2263 5108 528 5108 526 5109 2267 5109 2263 5109 2268 4440 2266 4440 2265 4440 2268 5110 2265 5110 2269 5110 524 5111 2267 5111 526 5111 2270 4440 2268 4440 2269 4440 522 4440 2267 4440 524 4440 522 5112 2271 5112 2267 5112 520 4440 2271 4440 522 4440 2272 4440 2270 4440 2269 4440 2272 5113 2269 5113 2273 5113 518 5114 2274 5114 2271 5114 518 4440 2271 4440 520 4440 2275 4440 2272 4440 2273 4440 516 4440 2274 4440 518 4440 2276 5115 2273 5115 2277 5115 2276 4440 2275 4440 2273 4440 514 5116 2278 5116 2274 5116 514 4440 2274 4440 516 4440 2279 4440 2276 4440 2277 4440 513 4440 2278 4440 514 4440 513 5117 2277 5117 2278 5117 513 4440 2279 4440 2277 4440 647 5118 1999 5118 646 5118 1999 5118 1703 5118 646 5118 1702 5119 1703 5120 1999 5121 1702 5122 1999 5123 1998 5124 1702 5125 1998 5126 1997 5127 1701 5128 1997 5129 1996 5130 1701 5131 1702 5131 1997 5131 1700 5132 1996 5132 1995 5132 1700 5133 1701 5134 1996 5135 1699 5136 1995 5136 1994 5136 1699 5132 1700 5132 1995 5132 1698 5137 1994 5137 1993 5137 1698 5138 1699 5138 1994 5138 1697 5139 1993 5139 1992 5139 1697 5140 1698 5140 1993 5140 1696 5141 1992 5141 1991 5141 1696 5142 1697 5142 1992 5142 1695 5143 1991 5143 1990 5143 1695 5144 1696 5144 1991 5144 1694 5145 1990 5145 1989 5145 1694 5146 1695 5146 1990 5146 1693 5147 1989 5147 1988 5147 1693 5148 1694 5148 1989 5148 1692 5149 1988 5150 1987 5151 1692 5147 1693 5147 1988 5147 1691 5152 1987 5152 1986 5152 1691 5153 1692 5154 1987 5155 1690 5156 1986 5156 1985 5156 1690 5152 1691 5152 1986 5152 1689 5157 1985 5157 1984 5157 1689 5158 1690 5158 1985 5158 1688 5159 1984 5160 581 5161 1688 5157 1689 5157 1984 5157 580 5162 1688 5162 581 5162 612 2785 613 2785 1828 2785 1828 2785 613 2785 2124 2785 1829 5163 1828 5163 2124 5163 1829 5164 2124 5164 2125 5164 1829 5165 2125 5165 2126 5165 1830 5166 2126 5167 2127 5167 1830 5168 1829 5168 2126 5168 1831 5169 2127 5170 2128 5171 1831 5172 1830 5173 2127 5174 1832 5175 2128 5176 2129 5177 1832 5178 1831 5179 2128 5180 1833 5181 2129 5182 2130 5183 1833 5184 1832 5185 2129 5186 1834 5187 2130 5188 2131 5189 1834 5190 1833 5191 2130 5192 1835 5193 2131 5194 2132 5195 1835 5196 1834 5197 2131 5198 1836 5199 2132 5199 2133 5200 1836 5201 1835 5202 2132 5203 1837 5204 2133 5205 2134 5206 1837 5207 1836 5207 2133 5207 1838 5208 2134 5209 2135 5210 1838 5211 1837 5212 2134 5213 1839 5214 2135 5215 2137 5216 1839 5217 1838 5217 2135 5217 1841 5218 2137 5218 2138 5218 1841 5219 1839 5220 2137 5221 1842 5222 2138 5222 2140 5222 1842 5223 1841 5224 2138 5225 1844 5226 2140 5226 2141 5226 1844 5227 1842 5227 2140 5227 1845 5228 2141 5228 548 5228 1845 5226 1844 5226 2141 5226 547 5229 1845 5229 548 5229 579 5230 1908 5230 578 5230 579 5230 2204 5230 1908 5230 1952 5231 1908 5231 2204 5231 1952 5232 2204 5232 2249 5232 1955 5233 2249 5233 2252 5233 1955 5234 2252 5235 2253 5236 1955 5237 1952 5237 2249 5237 1957 5238 2253 5239 2255 5240 1957 5241 1955 5242 2253 5243 1959 5244 2255 5244 2257 5244 1959 5245 1957 5246 2255 5247 1961 5248 2257 5248 2259 5248 1961 5249 1959 5249 2257 5249 1963 5250 2259 5250 2261 5250 1963 5251 1961 5252 2259 5253 1965 5254 2261 5255 2264 5256 1965 5250 1963 5250 2261 5250 1968 5257 2264 5258 2266 5259 1968 5260 1965 5260 2264 5260 1971 5261 2266 5262 2268 5263 1971 5264 1968 5264 2266 5264 1972 5265 2268 5265 2270 5265 1972 5266 1971 5266 2268 5266 1974 5267 2270 5268 2272 5269 1974 5270 1972 5271 2270 5272 1976 5273 2272 5273 2275 5273 1976 5274 1974 5275 2272 5276 1979 5277 2275 5277 2276 5277 1979 5278 1976 5279 2275 5280 1980 5281 2276 5281 2279 5281 1980 5282 1979 5283 2276 5284 1982 5285 2279 5285 513 5285 1982 5286 1980 5286 2279 5286 512 5287 1982 5287 513 5287 511 5288 1716 5289 510 5290 510 5291 1716 5292 2012 5293 1716 5294 1714 5295 2012 5296 2012 5297 1714 5298 2009 5299 1714 5300 1713 5301 2009 5302 2009 5303 1713 5303 2010 5303 1713 5304 1715 5305 2010 5306 2010 5307 1715 5308 2011 5309 1715 5310 1717 5311 2011 5312 2011 5313 1717 5314 2013 5315 1717 5316 1718 5317 2013 5318 2013 5319 1718 5320 2014 5321 1718 5322 1719 5323 2014 5324 2014 5325 1719 5325 2015 5325 1719 5326 1720 5327 2015 5328 2015 5329 1720 5330 2016 5331 1720 5332 1721 5332 2016 5332 2016 5332 1721 5332 2017 5332 2017 5333 1722 5334 2018 5335 1721 5336 1722 5337 2017 5338 2018 5339 1723 5340 2019 5341 1722 5342 1723 5342 2018 5342 2019 5343 1724 5344 2020 5345 1723 5346 1724 5346 2019 5346 2020 5347 1725 5348 2021 5349 1724 5350 1725 5351 2020 5352 2021 5353 1726 5354 2022 5355 1725 5356 1726 5357 2021 5358 2022 5359 1727 5360 2023 5361 1726 5362 1727 5363 2022 5364 2023 5365 1728 5366 2024 5367 1727 5368 1728 5369 2023 5370 2024 5371 1729 5372 2025 5373 1728 5374 1729 5375 2024 5376 1729 5377 1730 5378 2025 5379 2025 5380 1730 5381 2026 5382 1730 5383 1731 5384 2026 5385 2026 5386 1731 5387 2027 5388 1731 5389 1732 5390 2027 5391 2027 5392 1732 5393 2028 5394 1732 5395 1733 5396 2028 5397 2028 5398 1733 5398 2029 5398 1733 5399 1734 5400 2029 5401 2029 5402 1734 5403 2030 5404 1734 5405 1735 5406 2030 5407 2030 5408 1735 5408 2031 5408 1735 5409 1736 5410 2031 5411 2031 5412 1736 5413 2032 5414 1736 5415 1737 5415 2032 5415 2032 5416 1737 5417 2033 5418 1737 5419 1738 5420 2033 5421 2033 5422 1738 5422 2034 5422 1738 2696 1739 2696 2034 2696 2034 5423 1739 5423 2035 5423 1739 5424 1740 5424 2035 5424 2035 5425 1740 5425 2036 5425 1740 5426 1741 5427 2036 5428 2036 5429 1741 5430 2037 5431 1741 5432 1742 5433 2037 5434 2037 5435 1742 5436 2038 5437 1742 5438 1743 5439 2038 5440 2038 5441 1743 5442 2039 5443 1743 5444 1744 5445 2039 5446 2039 5447 1744 5448 2040 5449 1744 5450 1745 5451 2040 5452 2040 5453 1745 5454 2041 5455 1745 5456 1746 5457 2041 5458 2041 5459 1746 5460 2042 5461 1746 5462 1747 5463 2042 5464 2042 5465 1747 5466 2043 5467 1747 5468 1748 5469 2043 5470 2043 5471 1748 5471 2044 5471 2044 5472 1749 5473 2045 5474 1748 5475 1749 5476 2044 5477 2045 5478 1750 5479 2046 5480 1749 5481 1750 5482 2045 5483 2046 5484 1751 5485 2047 5486 1750 5487 1751 5488 2046 5489 2047 5490 1752 5491 2048 5492 1751 5493 1752 5494 2047 5495 2048 5496 1753 5497 2049 5498 1752 5499 1753 5500 2048 5501 2049 5502 1765 5503 2061 5504 1753 5505 1765 5506 2049 5507 1765 5508 1764 5509 2061 5510 2061 5511 1764 5512 2060 5513 1764 2785 1763 2785 2060 2785 2060 2785 1763 2785 2059 2785 2059 5514 1762 5515 2058 5516 1763 5517 1762 5518 2059 5519 2058 5520 1761 5521 2057 5522 1762 5523 1761 5524 2058 5525 2057 5526 1760 5527 2056 5528 1761 5529 1760 5530 2057 5531 2056 5532 1759 5533 2055 5534 1760 5535 1759 5536 2056 5537 2055 5538 1758 5539 2054 5540 1759 5541 1758 5542 2055 5543 2054 5544 1757 5545 2053 5546 1758 5547 1757 5548 2054 5549 2053 5550 1756 5551 2052 5552 1757 5553 1756 5554 2053 5555 2052 5556 1755 5557 2051 5558 1756 5559 1755 5560 2052 5561 2051 5562 1754 5563 2050 5564 1755 5565 1754 5565 2051 5565 2050 5566 1712 5567 2008 5568 1754 5569 1712 5570 2050 5571 2008 5572 1711 5573 2007 5574 1712 5575 1711 5576 2008 5577 2007 5578 1710 5579 2006 5580 1711 5581 1710 5582 2007 5583 2006 5584 1709 5585 2005 5586 1710 5587 1709 5588 2006 5589 2005 5590 1708 5591 2004 5592 1709 5593 1708 5594 2005 5595 2004 5596 1707 5597 2003 5598 1708 5599 1707 5600 2004 5601 2003 5602 1706 5603 2002 5604 1707 5605 1706 5606 2003 5607 2002 5608 1705 5609 2001 2878 1706 5610 1705 5611 2002 5612 2001 5613 1704 5614 2000 5615 1705 5616 1704 5616 2001 5616 1704 5617 387 5618 2000 5619 2000 5620 387 5621 384 5622 383 5623 1861 5624 382 5625 382 5626 1861 5627 2157 5628 1861 5629 1862 5630 2157 5631 2157 5632 1862 5632 2158 5632 1862 5633 1863 5633 2158 5633 2158 5634 1863 5635 2159 5636 1863 5637 1864 5638 2159 5639 2159 5640 1864 5641 2160 5642 1864 5643 1865 5644 2160 5645 2160 5646 1865 5647 2161 5648 1865 5649 1893 5650 2161 5651 2161 5652 1893 5652 2162 5652 1893 5653 1892 5653 2162 5653 2162 5654 1892 5655 2163 5656 1892 5657 1891 5658 2163 5659 2163 5660 1891 5660 2164 5660 1891 5661 1890 5662 2164 5663 2164 5664 1890 5665 2165 5666 2165 5667 1889 5668 2166 5669 1890 5670 1889 5671 2165 5672 2166 5673 1888 5674 2167 5675 1889 5676 1888 5677 2166 5678 2167 5343 1887 5344 2168 5345 1888 5679 1887 5680 2167 5681 2168 5682 1886 5683 2169 5684 1887 5685 1886 5686 2168 5687 2169 5688 1885 5689 2170 5690 1886 5691 1885 5692 2169 5693 2170 5694 1884 5695 2171 5696 1885 5697 1884 5698 2170 5699 2171 5700 1883 5701 2172 5702 1884 5703 1883 5704 2171 5705 2172 5706 1882 5707 2173 5708 1883 5709 1882 5710 2172 5711 1882 5712 1881 5713 2173 5714 2173 5715 1881 5716 2174 5717 1881 5718 1880 5719 2174 5720 2174 5721 1880 5722 2175 5723 1880 5724 1879 5725 2175 5726 2175 5727 1879 5728 2176 5729 1879 5730 1878 5731 2176 5732 2176 5733 1878 5734 2177 5735 1878 5736 1877 5737 2177 5738 2177 5739 1877 5740 2178 5741 1877 5742 1876 5742 2178 5742 2178 5743 1876 5744 2179 5745 1876 5746 1875 5747 2179 5748 2179 5749 1875 5750 2180 5751 1875 5752 1874 5753 2180 5754 2180 5755 1874 5755 2181 5755 1874 5756 1873 5757 2181 5758 2181 5759 1873 5760 2182 5761 1873 2696 1872 2696 2182 2696 2182 5762 1872 5762 2183 5762 1872 5763 1871 5763 2183 5763 2183 5764 1871 5764 2184 5764 1871 5765 1870 5766 2184 5767 2184 5768 1870 5769 2185 5770 1870 5771 1869 5772 2185 5773 2185 5774 1869 5774 2186 5774 1869 5775 1868 5775 2186 5775 2186 5776 1868 5777 2187 5778 1868 5779 1867 5780 2187 5781 2187 5782 1867 5783 2188 5784 1867 5785 1866 5785 2188 5785 2188 5786 1866 5787 2189 5788 1866 5789 1905 5789 2189 5789 2189 5790 1905 5791 2201 5792 1905 5793 1904 5794 2201 5795 2201 5796 1904 5797 2200 5798 1904 5799 1903 5800 2200 5801 2200 5802 1903 5803 2199 5804 2199 5805 1902 5806 2198 5807 1903 5808 1902 5809 2199 5810 2198 5811 1901 5812 2197 5813 1902 5814 1901 5815 2198 5816 2197 5817 1900 5817 2196 5817 1901 5818 1900 5819 2197 5820 2196 5821 1899 5822 2195 5823 1900 5824 1899 5825 2196 5826 2195 5827 1898 5828 2194 5829 1899 5830 1898 5831 2195 5832 2194 5833 1897 5834 2193 5835 1898 5836 1897 5837 2194 5838 1897 5839 1896 5840 2193 5841 2193 5842 1896 5843 2192 5844 1896 2785 1895 2785 2192 2785 2192 2785 1895 2785 2191 2785 2191 5845 1894 5846 2190 5847 1895 5848 1894 5849 2191 2791 2190 5850 1860 5851 2156 5852 2156 5853 1860 5854 2155 5855 1894 5856 1860 5856 2190 5856 1860 5857 1859 5858 2155 5859 2155 5860 1858 5861 2154 5862 1859 5863 1858 5864 2155 5865 2154 5866 1857 5867 2153 5868 1858 5869 1857 5870 2154 5871 2153 5872 1856 5873 2152 5874 1857 5875 1856 5876 2153 5877 2152 5878 1855 5879 2151 5880 1856 5881 1855 5882 2152 5883 2151 5884 1854 5885 2150 5886 1855 5887 1854 5888 2151 5889 2150 5890 1853 5891 2149 5892 1854 5893 1853 5894 2150 5895 2149 5896 1852 5897 2148 5898 1853 5899 1852 5900 2149 5901 2148 5902 1851 5903 2147 5904 1852 5905 1851 5906 2148 5907 2147 5908 1850 5909 2146 5910 1851 5911 1850 5912 2147 5913 2146 5914 1849 5915 2145 5916 1850 5917 1849 5918 2146 5919 2145 5920 1848 5921 2144 5922 1849 5923 1848 5924 2145 5925 2144 5926 1847 5927 2143 5928 1848 5929 1847 5930 2144 5931 2143 5932 1846 5933 2142 5934 1847 5935 1846 5936 2143 5937 2142 5938 1843 5939 2139 3438 1846 5940 1843 5941 2142 5942 2139 5943 1840 5943 2136 5943 1843 5944 1840 5944 2139 5944 1840 5945 259 5946 2136 5947 2136 5948 259 5949 256 5950 255 5951 254 5952 2205 5953 254 5954 1913 5955 2205 5956 1913 5957 1912 5958 2205 5959 2205 5960 1912 5960 2206 5960 1912 5961 1911 5961 2206 5961 2206 5962 1911 5963 2207 5964 1911 5965 1910 5966 2207 5967 2207 5968 1910 5969 2208 5970 1910 5971 1909 5972 2208 5973 2208 5974 1909 5975 2209 5976 1909 5977 1927 5978 2209 5979 2209 5980 1927 5981 2210 5982 1927 5983 1926 5984 2210 5985 2210 5986 1926 5987 2211 5988 1926 5989 1925 5990 2211 5991 2211 5992 1925 5992 2212 5992 1925 5993 1924 5994 2212 5995 2212 5996 1924 5997 2213 5998 2213 5999 1923 6000 2214 6001 1924 6002 1923 6003 2213 6004 2214 6005 1922 6006 2215 6007 1923 6008 1922 6009 2214 6010 2215 6011 1921 6012 2216 6013 1922 6014 1921 6014 2215 6014 2216 6015 1920 6016 2217 6017 1921 6018 1920 6019 2216 6020 2217 6021 1919 6022 2218 6023 1920 6024 1919 6025 2217 6026 2218 5694 1918 5695 2219 5696 1919 5697 1918 5698 2218 5699 2219 6027 1917 6028 2220 6029 1918 6030 1917 6031 2219 6032 2220 6033 1916 6034 2221 6035 1917 6036 1916 6037 2220 6038 1916 6039 1915 6039 2221 6039 2221 6040 1915 6041 2222 6042 1915 6043 1914 6044 2222 6045 2222 6046 1914 6047 2223 6048 1914 6049 1953 6050 2223 6051 2223 6052 1953 6053 2250 6054 1953 6055 1958 6056 2250 6057 2250 6058 1958 6059 2254 6060 1958 6061 1962 6062 2254 6063 2254 6064 1962 6065 2258 6066 1962 5742 1966 5742 2258 5742 2258 5743 1966 5744 2262 5745 1966 6067 1969 6068 2262 6069 2262 6070 1969 6071 2265 6072 1969 6073 1973 6074 2265 6075 2265 6076 1973 6076 2269 6076 1973 6077 1977 6078 2269 6079 2269 6080 1977 6081 2273 6082 1977 6083 1981 6083 2273 6083 2273 6084 1981 6084 2277 6084 1981 6085 1983 6086 2277 6087 2277 6088 1983 6089 2278 6090 1983 6091 1978 6092 2278 6093 2278 6094 1978 6095 2274 6096 1978 6097 1975 6098 2274 6099 2274 6100 1975 6101 2271 6102 1975 6103 1970 6104 2271 6105 2271 6106 1970 6106 2267 6106 1970 6107 1967 6107 2267 6107 2267 6108 1967 6108 2263 6108 1967 6109 1964 6110 2263 6111 2263 6112 1964 6112 2260 6112 1964 6113 1960 6113 2260 6113 2260 6114 1960 6115 2256 6116 1960 6117 1956 6118 2256 6119 2256 6120 1956 6120 2251 6120 1956 6121 1954 6122 2251 6123 2251 6124 1954 6125 2248 6126 2248 6127 1951 6127 2227 6127 1954 6128 1951 6129 2248 6130 2227 6131 1950 6132 2228 6133 1951 6134 1950 6135 2227 6136 2228 6137 1949 6137 2229 6137 1950 6138 1949 6139 2228 6140 2229 6141 1948 6142 2230 6143 1949 6144 1948 6145 2229 6146 2230 6147 1947 6148 2231 6149 1948 6150 1947 6151 2230 6152 2231 6153 1946 6153 2232 6153 1947 6153 1946 6153 2231 6153 1946 6154 1945 6155 2232 6156 2232 6157 1945 6158 2233 6159 1945 2785 1944 2785 2233 2785 2233 2785 1944 2785 2234 2785 2234 6160 1943 6161 2235 6162 1944 6163 1943 6164 2234 6165 2235 6166 1942 6167 2236 6168 1943 6169 1942 6170 2235 6171 2236 6172 1941 6173 2237 6174 1942 6175 1941 6176 2236 6177 2237 6178 1940 6179 2238 6180 1941 6181 1940 6182 2237 6183 2238 6184 1939 6185 2239 6186 1940 6187 1939 6188 2238 6189 2239 6190 1938 6191 2240 6192 2240 6193 1938 6194 2241 6195 1939 6196 1938 6197 2239 6198 1938 6199 1937 6200 2241 6201 2241 6202 1936 6203 2242 6204 1937 6205 1936 6206 2241 6207 2242 6208 1935 6209 2243 6210 1936 6211 1935 6212 2242 6213 2243 6214 1934 6215 2244 6216 1935 6217 1934 6217 2243 6217 2244 6218 1933 6219 2245 6220 1934 6221 1933 6222 2244 6223 2245 6224 1932 6225 2246 6226 1933 6227 1932 6228 2245 6229 2246 6230 1931 6231 2247 6232 1932 6233 1931 6234 2246 6235 2247 6236 1930 6236 2224 6236 1931 6237 1930 6238 2247 6239 2224 6240 1929 6240 2225 6240 1930 6241 1929 6242 2224 6243 2225 6244 1928 6245 2226 6246 1929 6247 1928 6248 2225 6249 2226 6250 1907 6251 2203 6252 1928 6253 1907 6254 2226 6255 2203 6256 1906 6257 2202 6258 2202 6259 1906 6260 128 6261 1907 6262 1906 6262 2203 6262 1906 6263 131 6264 128 6265 127 6266 126 6267 2099 6268 126 6269 1803 6270 2099 6271 1803 6272 1804 6273 2099 6274 2099 6275 1804 6276 2100 6277 1804 6278 1805 6279 2100 6280 2100 6281 1805 6282 2101 6283 1805 6284 1806 6285 2101 6286 2101 6287 1806 6288 2102 6289 1806 6290 1807 6291 2102 6292 2102 6293 1807 6294 2103 6295 1807 6296 1808 6297 2103 6298 2103 6299 1808 6300 2104 6301 1808 6302 1809 6303 2104 6304 2104 6305 1809 6306 2105 6307 1809 6308 1810 6309 2105 6310 2105 6311 1810 6312 2106 6313 1810 6314 1811 6314 2106 6314 2106 6314 1811 6314 2107 6314 2107 6315 1812 6316 2108 6317 1811 6318 1812 6319 2107 6320 2108 6321 1813 6322 2109 6323 1812 6324 1813 6325 2108 6326 2109 6011 1814 6012 2110 6013 1813 6327 1814 6327 2109 6327 2110 6328 1815 6329 2111 6330 1814 6331 1815 6332 2110 6333 2111 6334 1816 6335 2112 6336 1815 6337 1816 6338 2111 6339 2112 5359 1817 5360 2113 5361 1816 5362 1817 5363 2112 5364 2113 6340 1818 6341 2114 6342 1817 6343 1818 6344 2113 6345 2114 6346 1819 6347 2115 6348 1818 6349 1819 6350 2114 6351 1819 6352 1820 6353 2115 6354 2115 6355 1820 6356 2116 6357 1820 6358 1821 6359 2116 6360 2116 6361 1821 6362 2117 6363 1821 6364 1822 6365 2117 6366 2117 6367 1822 6368 2118 6369 1822 6370 1823 6371 2118 6372 2118 6373 1823 6373 2119 6373 1823 6374 1824 6375 2119 6376 2119 6377 1824 6378 2120 6379 1824 5405 1825 5406 2120 5407 2120 5408 1825 5408 2121 5408 1825 6380 1826 6381 2121 6382 2121 6383 1826 6384 2122 6385 1826 6386 1827 6386 2122 6386 2122 6387 1827 6388 2123 6389 1827 6390 1783 6391 2123 6392 2123 6393 1783 6393 2092 6393 1783 6083 1782 6083 2092 6083 2092 6394 1782 6394 2093 6394 1782 6395 1781 6396 2093 6397 2093 6398 1781 6399 2094 6400 1781 6401 1780 6402 2094 6403 2094 6404 1780 6405 2095 6406 1780 6407 1779 6407 2095 6407 2095 6408 1779 6409 2096 6410 1779 6411 1802 6412 2096 6413 2096 6414 1802 6415 2097 6416 1802 6417 1801 6417 2097 6417 2097 6108 1801 6108 2098 6108 1801 6418 1800 6419 2098 6420 2098 6421 1800 6422 2075 6423 1800 6424 1799 6425 2075 6426 2075 6427 1799 6428 2076 6429 1799 6430 1798 6430 2076 6430 2076 6431 1798 6432 2077 6433 1798 6434 1797 6435 2077 6436 2077 6437 1797 6437 2078 6437 2078 6438 1796 6439 2079 6440 1797 6441 1796 6441 2078 6441 2079 6442 1795 6443 2080 6444 1796 6445 1795 6446 2079 6447 2080 6448 1794 6449 2081 6450 1795 6451 1794 6451 2080 6451 2081 6452 1793 6453 2082 6454 1794 6455 1793 6456 2081 6457 2082 6458 1792 6459 2083 6460 1793 6461 1792 6462 2082 6463 2083 6464 1791 6464 2084 6464 1792 6465 1791 6465 2083 6465 1791 6466 1790 6467 2084 6468 2084 6469 1790 6470 2085 6471 1790 2785 1789 2785 2085 2785 2085 2785 1789 2785 2086 2785 2086 6472 1788 6473 2087 6474 1789 6475 1788 6476 2086 6477 2087 6478 1787 6479 2088 6480 1788 6481 1787 6481 2087 6481 2088 6482 1786 6483 2089 6484 1787 6485 1786 6486 2088 6487 2089 6488 1785 6489 2090 6490 1786 6491 1785 6492 2089 6493 2090 6494 1784 6494 2091 6494 1785 6495 1784 6496 2090 6497 2091 6498 1778 6499 2074 6500 1784 6501 1778 6502 2091 6503 2074 6504 1777 6505 2073 6506 1778 6507 1777 6508 2074 6509 2073 6510 1776 6511 2072 6512 1777 6513 1776 6514 2073 6515 2072 6516 1775 6516 2071 6516 1776 6517 1775 6517 2072 6517 2071 6518 1774 6518 2070 6518 1775 6519 1774 6519 2071 6519 2070 6520 1773 6521 2069 6522 1774 6523 1773 6524 2070 6525 2069 6526 1772 6527 2068 6528 1773 6529 1772 6530 2069 6531 2068 6532 1771 6533 2067 6534 1772 6535 1771 6535 2068 6535 2067 6536 1770 6537 2066 6538 1771 6236 1770 6236 2067 6236 2066 6539 1769 6539 2065 6539 1770 6540 1769 6540 2066 6540 2065 6541 1768 6542 2064 6543 1769 6544 1768 6545 2065 6546 2064 6547 1767 6548 2063 6549 1768 6550 1767 6551 2064 6552 2063 6553 1766 6554 2062 6555 1767 6556 1766 6556 2063 6556 1766 6557 3 6558 2062 6559 2062 6560 3 6561 0 6562</p>
        </triangles>
      </mesh>
    </geometry>
  </library_geometries>
  <library_visual_scenes>
    <visual_scene id="Scene" name="Scene">
      <node id="node0" name="node0" type="NODE">
        <matrix sid="transform">1 0 0 0 0 7.54979e-8 -1 0 0 1 7.54979e-8 0.129 0 0 0 1</matrix>
        <instance_geometry url="#Part__Feature1219-mesh" name="node0">
          <bind_material>
            <technique_common>
              <instance_material symbol="Part__Feature1219-material" target="#Part__Feature1219-material"/>
            </technique_common>
          </bind_material>
        </instance_geometry>
      </node>
    </visual_scene>
  </library_visual_scenes>
  <scene>
    <instance_visual_scene url="#Scene"/>
  </scene>
</COLLADA>