<?xml version="1.0" encoding="utf-8"?>
<COLLADA xmlns="http://www.collada.org/2005/11/COLLADASchema" version="1.4.1" xmlns:xsi="http://www.w3.org/2001/XMLSchema-instance">
  <asset>
    <contributor>
      <author>Blender User</author>
      <authoring_tool>Blender 4.3.2 commit date:2024-12-16, commit time:21:10, hash:32f5fdce0a0a</authoring_tool>
    </contributor>
    <created>2024-12-20T15:04:48</created>
    <modified>2024-12-20T15:04:48</modified>
    <unit name="meter" meter="1"/>
    <up_axis>Z_UP</up_axis>
  </asset>
  <library_effects>
    <effect id="Material_002-effect">
      <profile_COMMON>
        <technique sid="common">
          <lambert>
            <emission>
              <color sid="emission">0 0 0 1</color>
            </emission>
            <diffuse>
              <color sid="diffuse">0.02037806 0.02037806 0.02037806 1</color>
            </diffuse>
            <index_of_refraction>
              <float sid="ior">1.45</float>
            </index_of_refraction>
          </lambert>
        </technique>
      </profile_COMMON>
    </effect>
  </library_effects>
  <library_images/>
  <library_materials>
    <material id="Material_002-material" name="Material.002">
      <instance_effect url="#Material_002-effect"/>
    </material>
  </library_materials>
  <library_geometries>
    <geometry id="shape0_004-mesh" name="shape0.004">
      <mesh>
        <source id="shape0_004-mesh-positions">
          <float_array id="shape0_004-mesh-positions-array" count="9192">-12.99998 -4.999999 6.000004 -12.99998 -4.999999 -5.999996 13.00002 -4.999999 6.000004 13.00002 -4.999999 -5.999996 -12.99998 10 -5.999996 -12.99998 10 6.000004 13.00002 10 6.000004 13.00002 10 -5.999996 -58.60519 17 23.9674 -58.60519 20 23.9674 -58.49998 17 23 -58.49998 20 23 -58.60519 17 22.0326 -58.60519 20 22.0326 -58.91588 17 21.1105 -58.91588 20 21.1105 -59.41759 17 20.2767 -59.41759 20 20.2767 -60.08675 17 19.5703 -60.08675 20 19.5703 -60.89214 17 19.0242 -60.89214 20 19.0242 -61.7961 17 18.66401 -61.7961 20 18.66401 -62.75635 17 18.5066 -62.75635 20 18.5066 -63.728 17 18.5593 -63.728 20 18.5593 -64.66561 17 18.8196 -64.66561 20 18.8196 -65.52532 17 19.2754 -65.52532 20 19.2754 -66.26697 17 19.9053 -66.26697 20 19.9053 -66.85585 17 20.68 -66.85585 20 20.68 -67.26443 17 21.5631 -67.26443 20 21.5631 -67.4736 17 22.5135 -67.4736 20 22.5135 -67.4736 17 23.4865 -67.4736 20 23.4865 -67.26443 17 24.4369 -67.26443 20 24.4369 -66.85585 17 25.32 -66.85585 20 25.32 -66.26697 17 26.0947 -66.26697 20 26.0947 -65.52532 17 26.72461 -65.52532 20 26.72461 -64.66561 17 27.1804 -64.66561 20 27.1804 -63.728 17 27.4407 -63.728 20 27.4407 -62.75635 17 27.49341 -62.75635 20 27.49341 -61.7961 17 27.33601 -61.7961 20 27.33601 -60.89214 17 26.9758 -60.89214 20 26.9758 -60.08675 17 26.4297 -60.08675 20 26.4297 -59.41759 17 25.7233 -59.41759 20 25.7233 -58.91588 17 24.8895 -58.91588 20 24.8895 67.39502 17 23.9674 67.39502 20 23.9674 67.50002 17 23 67.50002 20 23 67.39502 17 22.0326 67.39502 20 22.0326 67.08402 17 21.1105 67.08402 20 21.1105 66.58202 17 20.2767 66.58202 20 20.2767 65.91303 17 19.5703 65.91303 20 19.5703 65.10802 17 19.0242 65.10802 20 19.0242 64.20403 17 18.66401 64.20403 20 18.66401 63.24402 17 18.5066 63.24402 20 18.5066 62.27202 17 18.5593 62.27202 20 18.5593 61.33401 17 18.8196 61.33401 20 18.8196 60.47502 17 19.2754 60.47502 20 19.2754 59.73302 17 19.9053 59.73302 20 19.9053 59.14403 17 20.68 59.14403 20 20.68 58.73602 17 21.5631 58.73602 20 21.5631 58.52602 17 22.5135 58.52602 20 22.5135 58.52602 17 23.4865 58.52602 20 23.4865 58.73602 17 24.4369 58.73602 20 24.4369 59.14403 17 25.32 59.14403 20 25.32 59.73302 17 26.0947 59.73302 20 26.0947 60.47502 17 26.72461 60.47502 20 26.72461 61.33401 17 27.1804 61.33401 20 27.1804 62.27202 17 27.4407 62.27202 20 27.4407 63.24402 17 27.49341 63.24402 20 27.49341 64.20403 17 27.33601 64.20403 20 27.33601 65.10802 17 26.9758 65.10802 20 26.9758 65.91303 17 26.4297 65.91303 20 26.4297 66.58202 17 25.7233 66.58202 20 25.7233 67.08402 17 24.8895 67.08402 20 24.8895 -58.60519 17 0.9674034 -58.60519 20 0.9674034 -58.49998 17 3.8147e-6 -58.49998 20 3.8147e-6 -58.60519 17 -0.9673958 -58.60519 20 -0.9673958 -58.91588 17 -1.889496 -58.91588 20 -1.889496 -59.41759 17 -2.723297 -59.41759 20 -2.723297 -60.08675 17 -3.429699 -60.08675 20 -3.429699 -60.89214 17 -3.975796 -60.89214 20 -3.975796 -61.7961 17 -4.335995 -61.7961 20 -4.335995 -62.75635 17 -4.493397 -62.75635 20 -4.493397 -63.728 17 -4.440697 -63.728 20 -4.440697 -64.66561 17 -4.180397 -64.66561 20 -4.180397 -65.52532 17 -3.724598 -65.52532 20 -3.724598 -66.26697 17 -3.094597 -66.26697 20 -3.094597 -66.85585 17 -2.319996 -66.85585 20 -2.319996 -67.26443 17 -1.436897 -67.26443 20 -1.436897 -67.4736 17 -0.486496 -67.4736 20 -0.486496 -67.4736 17 0.4865036 -67.4736 20 0.4865036 -67.26443 17 1.436901 -67.26443 20 1.436901 -66.85585 17 2.320003 -66.85585 20 2.320003 -66.26697 17 3.094601 -66.26697 20 3.094601 -65.52532 17 3.724602 -65.52532 20 3.724602 -64.66561 17 4.180401 -64.66561 20 4.180401 -63.728 17 4.440704 -63.728 20 4.440704 -62.75635 17 4.493401 -62.75635 20 4.493401 -61.7961 17 4.336006 -61.7961 20 4.336006 -60.89214 17 3.975803 -60.89214 20 3.975803 -60.08675 17 3.429703 -60.08675 20 3.429703 -59.41759 17 2.723301 -59.41759 20 2.723301 -58.91588 17 1.889503 -58.91588 20 1.889503 67.39502 17 -22.0326 67.39502 20 -22.0326 67.50002 17 -23 67.50002 20 -23 67.39502 17 -23.9674 67.39502 20 -23.9674 67.08402 17 -24.8895 67.08402 20 -24.8895 66.58202 17 -25.7233 66.58202 20 -25.7233 65.91303 17 -26.4297 65.91303 20 -26.4297 65.10802 17 -26.9758 65.10802 20 -26.9758 64.20403 17 -27.336 64.20403 20 -27.336 63.24402 17 -27.4934 63.24402 20 -27.4934 62.27202 17 -27.4407 62.27202 20 -27.4407 61.33401 17 -27.1804 61.33401 20 -27.1804 60.47502 17 -26.7246 60.47502 20 -26.7246 59.73302 17 -26.0946 59.73302 20 -26.0946 59.14403 17 -25.32 59.14403 20 -25.32 58.73602 17 -24.4369 58.73602 20 -24.4369 58.52602 17 -23.4865 58.52602 20 -23.4865 58.52602 17 -22.5135 58.52602 20 -22.5135 58.73602 17 -21.5631 58.73602 20 -21.5631 59.14403 17 -20.68 59.14403 20 -20.68 59.73302 17 -19.9054 59.73302 20 -19.9054 60.47502 17 -19.2754 60.47502 20 -19.2754 61.33401 17 -18.8196 61.33401 20 -18.8196 62.27202 17 -18.5593 62.27202 20 -18.5593 63.24402 17 -18.5066 63.24402 20 -18.5066 64.20403 17 -18.66399 64.20403 20 -18.66399 65.10802 17 -19.0242 65.10802 20 -19.0242 65.91303 17 -19.5703 65.91303 20 -19.5703 66.58202 17 -20.2767 66.58202 20 -20.2767 67.08402 17 -21.1105 67.08402 20 -21.1105 67.39502 17 0.9674034 67.39502 20 0.9674034 67.50002 17 3.8147e-6 67.50002 20 3.8147e-6 67.39502 17 -0.9673958 67.39502 20 -0.9673958 67.08402 17 -1.889496 67.08402 20 -1.889496 66.58202 17 -2.723297 66.58202 20 -2.723297 65.91303 17 -3.429699 65.91303 20 -3.429699 65.10802 17 -3.975796 65.10802 20 -3.975796 64.20403 17 -4.335995 64.20403 20 -4.335995 63.24402 17 -4.493397 63.24402 20 -4.493397 62.27202 17 -4.440697 62.27202 20 -4.440697 61.33401 17 -4.180397 61.33401 20 -4.180397 60.47502 17 -3.724598 60.47502 20 -3.724598 59.73302 17 -3.094597 59.73302 20 -3.094597 59.14403 17 -2.319996 59.14403 20 -2.319996 58.73602 17 -1.436897 58.73602 20 -1.436897 58.52602 17 -0.486496 58.52602 20 -0.486496 58.52602 17 0.4865036 58.52602 20 0.4865036 58.73602 17 1.436901 58.73602 20 1.436901 59.14403 17 2.320003 59.14403 20 2.320003 59.73302 17 3.094601 59.73302 20 3.094601 60.47502 17 3.724602 60.47502 20 3.724602 61.33401 17 4.180401 61.33401 20 4.180401 62.27202 17 4.440704 62.27202 20 4.440704 63.24402 17 4.493401 63.24402 20 4.493401 64.20403 17 4.336006 64.20403 20 4.336006 65.10802 17 3.975803 65.10802 20 3.975803 65.91303 17 3.429703 65.91303 20 3.429703 66.58202 17 2.723301 66.58202 20 2.723301 67.08402 17 1.889503 67.08402 20 1.889503 -58.60519 17 -22.0326 -58.60519 20 -22.0326 -58.49998 17 -23 -58.49998 20 -23 -58.60519 17 -23.9674 -58.60519 20 -23.9674 -58.91588 17 -24.8895 -58.91588 20 -24.8895 -59.41759 17 -25.7233 -59.41759 20 -25.7233 -60.08675 17 -26.4297 -60.08675 20 -26.4297 -60.89214 17 -26.9758 -60.89214 20 -26.9758 -61.7961 17 -27.336 -61.7961 20 -27.336 -62.75635 17 -27.4934 -62.75635 20 -27.4934 -63.728 17 -27.4407 -63.728 20 -27.4407 -64.66561 17 -27.1804 -64.66561 20 -27.1804 -65.52532 17 -26.7246 -65.52532 20 -26.7246 -66.26697 17 -26.0946 -66.26697 20 -26.0946 -66.85585 17 -25.32 -66.85585 20 -25.32 -67.26443 17 -24.4369 -67.26443 20 -24.4369 -67.4736 17 -23.4865 -67.4736 20 -23.4865 -67.4736 17 -22.5135 -67.4736 20 -22.5135 -67.26443 17 -21.5631 -67.26443 20 -21.5631 -66.85585 17 -20.68 -66.85585 20 -20.68 -66.26697 17 -19.9054 -66.26697 20 -19.9054 -65.52532 17 -19.2754 -65.52532 20 -19.2754 -64.66561 17 -18.8196 -64.66561 20 -18.8196 -63.728 17 -18.5593 -63.728 20 -18.5593 -62.75635 17 -18.5066 -62.75635 20 -18.5066 -61.7961 17 -18.66399 -61.7961 20 -18.66399 -60.89214 17 -19.0242 -60.89214 20 -19.0242 -60.08675 17 -19.5703 -60.08675 20 -19.5703 -59.41759 17 -20.2767 -59.41759 20 -20.2767 -58.91588 17 -21.1105 -58.91588 20 -21.1105 60.89302 13 13.0309 60.89302 20 13.0309 61.00001 13 11.5 61.00001 20 11.5 60.89302 13 9.969101 60.89302 20 9.969101 60.57402 13 8.468007 60.57402 20 8.468007 60.04903 13 7.025902 60.04903 20 7.025902 59.32902 13 5.670902 59.32902 20 5.670902 58.42602 13 4.429302 58.42602 20 4.429302 57.36001 13 3.325401 57.36001 20 3.325401 56.15102 13 2.380604 56.15102 20 2.380604 54.82202 13 1.613304 54.82202 20 1.613304 53.39902 13 1.038403 53.39902 20 1.038403 51.91001 13 0.6671028 51.91001 20 0.6671028 50.38402 13 0.5067024 50.38402 20 0.5067024 48.85001 13 0.5603027 48.85001 20 0.5603027 47.33902 13 0.8267021 47.33902 20 0.8267021 45.87902 13 1.301006 45.87902 20 1.301006 44.50001 13 1.973701 44.50001 20 1.973701 43.22802 13 2.831902 43.22802 20 2.831902 42.08702 13 3.858803 42.08702 20 3.858803 41.10102 13 5.034401 41.10102 20 5.034401 40.28802 13 6.335804 40.28802 20 6.335804 39.66302 13 7.737801 39.66302 20 7.737801 39.24001 13 9.213006 39.24001 20 9.213006 39.02702 13 10.7327 39.02702 20 10.7327 39.02702 13 12.2673 39.02702 20 12.2673 39.24001 13 13.78701 39.24001 20 13.78701 39.66302 13 15.2622 39.66302 20 15.2622 40.28802 13 16.6642 40.28802 20 16.6642 41.10102 13 17.9656 41.10102 20 17.9656 42.08702 13 19.1412 42.08702 20 19.1412 43.22802 13 20.1681 43.22802 20 20.1681 44.50001 13 21.0263 44.50001 20 21.0263 45.87902 13 21.69901 45.87902 20 21.69901 47.33902 13 22.17331 47.33902 20 22.17331 48.85001 13 22.4397 48.85001 20 22.4397 50.38402 13 22.49331 50.38402 20 22.49331 51.91001 13 22.33291 51.91001 20 22.33291 53.39902 13 21.96161 53.39902 20 21.96161 54.82202 13 21.3867 54.82202 20 21.3867 56.15102 13 20.6194 56.15102 20 20.6194 57.36001 13 19.6746 57.36001 20 19.6746 58.42602 13 18.57071 58.42602 20 18.57071 59.32902 13 17.32911 59.32902 20 17.32911 60.04903 13 15.9741 60.04903 20 15.9741 60.57402 13 14.53201 60.57402 20 14.53201 -39.10708 13 -32.9691 -39.10708 20 -32.9691 -38.99998 13 -34.5 -38.99998 20 -34.5 -39.10708 13 -36.03089 -39.10708 20 -36.03089 -39.42609 13 -37.532 -39.42609 20 -37.532 -39.95098 13 -38.9741 -39.95098 20 -38.9741 -40.67148 13 -40.3291 -40.67148 20 -40.3291 -41.57349 13 -41.57065 -41.57349 20 -41.57065 -42.63959 13 -42.67459 -42.63959 20 -42.67459 -43.84888 13 -43.61941 -43.84888 20 -43.61941 -45.17789 13 -44.38673 -45.17789 20 -44.38673 -46.60078 13 -44.96162 -46.60078 20 -44.96162 -48.08988 13 -45.33288 -48.08988 20 -45.33288 -49.61608 13 -45.4933 -49.61608 20 -45.4933 -51.14979 13 -45.43973 -51.14979 20 -45.43973 -52.66109 13 -45.17325 -52.66109 20 -45.17325 -54.12068 13 -44.69902 -54.12068 20 -44.69902 -55.49998 13 -44.02627 -55.49998 20 -44.02627 -56.77228 13 -43.16812 -56.77228 20 -43.16812 -57.91268 13 -42.14123 -57.91268 20 -42.14123 -58.89918 13 -40.96564 -58.89918 20 -40.96564 -59.71239 13 -39.66419 -59.71239 20 -39.66419 -60.3366 13 -38.26219 -60.3366 20 -38.26219 -60.7596 13 -36.78699 -60.7596 20 -36.78699 -60.97318 13 -35.26729 -60.97318 20 -35.26729 -60.97318 13 -33.7327 -60.97318 20 -33.7327 -60.7596 13 -32.213 -60.7596 20 -32.213 -60.3366 13 -30.7378 -60.3366 20 -30.7378 -59.71239 13 -29.3358 -59.71239 20 -29.3358 -58.89918 13 -28.0344 -58.89918 20 -28.0344 -57.91268 13 -26.8588 -57.91268 20 -26.8588 -56.77228 13 -25.8319 -56.77228 20 -25.8319 -55.49998 13 -24.9737 -55.49998 20 -24.9737 -54.12068 13 -24.301 -54.12068 20 -24.301 -52.66109 13 -23.8267 -52.66109 20 -23.8267 -51.14979 13 -23.5603 -51.14979 20 -23.5603 -49.61608 13 -23.5067 -49.61608 20 -23.5067 -48.08988 13 -23.6671 -48.08988 20 -23.6671 -46.60078 13 -24.0384 -46.60078 20 -24.0384 -45.17789 13 -24.6133 -45.17789 20 -24.6133 -43.84888 13 -25.3806 -43.84888 20 -25.3806 -42.63959 13 -26.3254 -42.63959 20 -26.3254 -41.57349 13 -27.4293 -41.57349 20 -27.4293 -40.67148 13 -28.6709 -40.67148 20 -28.6709 -39.95098 13 -30.0259 -39.95098 20 -30.0259 -39.42609 13 -31.468 -39.42609 20 -31.468 10.89302 13 13.0309 10.89302 20 13.0309 11.00002 13 11.5 11.00002 20 11.5 10.89302 13 9.969101 10.89302 20 9.969101 10.57391 13 8.468007 10.57391 20 8.468007 10.04902 13 7.025902 10.04902 20 7.025902 9.328515 13 5.670902 9.328515 20 5.670902 8.426514 13 4.429302 8.426514 20 4.429302 7.360413 13 3.325401 7.360413 20 3.325401 6.151115 13 2.380604 6.151115 20 2.380604 4.822113 13 1.613304 4.822113 20 1.613304 3.399216 13 1.038403 3.399216 20 1.038403 1.91011 13 0.6671028 1.91011 20 0.6671028 0.3839111 13 0.5067024 0.3839111 20 0.5067024 -1.149788 13 0.5603027 -1.149788 20 0.5603027 -2.661087 13 0.8267021 -2.661087 20 0.8267021 -4.120689 13 1.301006 -4.120689 20 1.301006 -5.499985 13 1.973701 -5.499985 20 1.973701 -6.772285 13 2.831902 -6.772285 20 2.831902 -7.912685 13 3.858803 -7.912685 20 3.858803 -8.899186 13 5.034401 -8.899186 20 5.034401 -9.712388 13 6.335804 -9.712388 20 6.335804 -10.33659 13 7.737801 -10.33659 20 7.737801 -10.75959 13 9.213006 -10.75959 20 9.213006 -10.97319 13 10.7327 -10.97319 20 10.7327 -10.97319 13 12.2673 -10.97319 20 12.2673 -10.75959 13 13.78701 -10.75959 20 13.78701 -10.33659 13 15.2622 -10.33659 20 15.2622 -9.712388 13 16.6642 -9.712388 20 16.6642 -8.899186 13 17.9656 -8.899186 20 17.9656 -7.912685 13 19.1412 -7.912685 20 19.1412 -6.772285 13 20.1681 -6.772285 20 20.1681 -5.499985 13 21.0263 -5.499985 20 21.0263 -4.120689 13 21.69901 -4.120689 20 21.69901 -2.661087 13 22.17331 -2.661087 20 22.17331 -1.149788 13 22.4397 -1.149788 20 22.4397 0.3839111 13 22.49331 0.3839111 20 22.49331 1.91011 13 22.33291 1.91011 20 22.33291 3.399216 13 21.96161 3.399216 20 21.96161 4.822113 13 21.3867 4.822113 20 21.3867 6.151115 13 20.6194 6.151115 20 20.6194 7.360413 13 19.6746 7.360413 20 19.6746 8.426514 13 18.57071 8.426514 20 18.57071 9.328515 13 17.32911 9.328515 20 17.32911 10.04902 13 15.9741 10.04902 20 15.9741 10.57391 13 14.53201 10.57391 20 14.53201 -14.10709 13 26.0309 -14.10709 20 26.0309 -13.99998 13 24.5 -13.99998 20 24.5 -14.10709 13 22.96911 -14.10709 20 22.96911 -14.42609 13 21.46801 -14.42609 20 21.46801 -14.95098 13 20.02591 -14.95098 20 20.02591 -15.67149 13 18.6709 -15.67149 20 18.6709 -16.57349 13 17.4293 -16.57349 20 17.4293 -17.63959 13 16.32541 -17.63959 20 16.32541 -18.84889 13 15.3806 -18.84889 20 15.3806 -20.17789 13 14.6133 -20.17789 20 14.6133 -21.60079 13 14.0384 -21.60079 20 14.0384 -23.08989 13 13.6671 -23.08989 20 13.6671 -24.61609 13 13.5067 -24.61609 20 13.5067 -26.14978 13 13.5603 -26.14978 20 13.5603 -27.66109 13 13.8267 -27.66109 20 13.8267 -29.12069 13 14.30101 -29.12069 20 14.30101 -30.49999 13 14.97371 -30.49999 20 14.97371 -31.77229 13 15.83191 -31.77229 20 15.83191 -32.91268 13 16.8588 -32.91268 20 16.8588 -33.89918 13 18.03441 -33.89918 20 18.03441 -34.71239 13 19.3358 -34.71239 20 19.3358 -35.33658 13 20.73781 -35.33658 20 20.73781 -35.75959 13 22.21301 -35.75959 20 22.21301 -35.97319 13 23.7327 -35.97319 20 23.7327 -35.97319 13 25.2673 -35.97319 20 25.2673 -35.75959 13 26.78701 -35.75959 20 26.78701 -35.33658 13 28.2622 -35.33658 20 28.2622 -34.71239 13 29.6642 -34.71239 20 29.6642 -33.89918 13 30.9656 -33.89918 20 30.9656 -32.91268 13 32.1412 -32.91268 20 32.1412 -31.77229 13 33.1681 -31.77229 20 33.1681 -30.49999 13 34.0263 -30.49999 20 34.0263 -29.12069 13 34.69901 -29.12069 20 34.69901 -27.66109 13 35.1733 -27.66109 20 35.1733 -26.14978 13 35.4397 -26.14978 20 35.4397 -24.61609 13 35.4933 -24.61609 20 35.4933 -23.08989 13 35.3329 -23.08989 20 35.3329 -21.60079 13 34.9616 -21.60079 20 34.9616 -20.17789 13 34.3867 -20.17789 20 34.3867 -18.84889 13 33.6194 -18.84889 20 33.6194 -17.63959 13 32.6746 -17.63959 20 32.6746 -16.57349 13 31.57071 -16.57349 20 31.57071 -15.67149 13 30.32911 -15.67149 20 30.32911 -14.95098 13 28.9741 -14.95098 20 28.9741 -14.42609 13 27.53201 -14.42609 20 27.53201 60.89302 13 36.0309 60.89302 20 36.0309 61.00001 13 34.5 61.00001 20 34.5 60.89302 13 32.9691 60.89302 20 32.9691 60.57402 13 31.46801 60.57402 20 31.46801 60.04903 13 30.0259 60.04903 20 30.0259 59.32902 13 28.6709 59.32902 20 28.6709 58.42602 13 27.4293 58.42602 20 27.4293 57.36001 13 26.32541 57.36001 20 26.32541 56.15102 13 25.3806 56.15102 20 25.3806 54.82202 13 24.6133 54.82202 20 24.6133 53.39902 13 24.0384 53.39902 20 24.0384 51.91001 13 23.6671 51.91001 20 23.6671 50.38402 13 23.5067 50.38402 20 23.5067 48.85001 13 23.5603 48.85001 20 23.5603 47.33902 13 23.8267 47.33902 20 23.8267 45.87902 13 24.30101 45.87902 20 24.30101 44.50001 13 24.97371 44.50001 20 24.97371 43.22802 13 25.83191 43.22802 20 25.83191 42.08702 13 26.8588 42.08702 20 26.8588 41.10102 13 28.03441 41.10102 20 28.03441 40.28802 13 29.3358 40.28802 20 29.3358 39.66302 13 30.73781 39.66302 20 30.73781 39.24001 13 32.21301 39.24001 20 32.21301 39.02702 13 33.7327 39.02702 20 33.7327 39.02702 13 35.2673 39.02702 20 35.2673 39.24001 13 36.78701 39.24001 20 36.78701 39.66302 13 38.2622 39.66302 20 38.2622 40.28802 13 39.6642 40.28802 20 39.6642 41.10102 13 40.9656 41.10102 20 40.9656 42.08702 13 42.1412 42.08702 20 42.1412 43.22802 13 43.1681 43.22802 20 43.1681 44.50001 13 44.0263 44.50001 20 44.0263 45.87902 13 44.69901 45.87902 20 44.69901 47.33902 13 45.1733 47.33902 20 45.1733 48.85001 13 45.4397 48.85001 20 45.4397 50.38402 13 45.4933 50.38402 20 45.4933 51.91001 13 45.3329 51.91001 20 45.3329 53.39902 13 44.9616 53.39902 20 44.9616 54.82202 13 44.3867 54.82202 20 44.3867 56.15102 13 43.6194 56.15102 20 43.6194 57.36001 13 42.6746 57.36001 20 42.6746 58.42602 13 41.5707 58.42602 20 41.5707 59.32902 13 40.3291 59.32902 20 40.3291 60.04903 13 38.9741 60.04903 20 38.9741 60.57402 13 37.53201 60.57402 20 37.53201 -38.94709 13 36.0309 -38.94709 20 36.0309 -38.84009 13 34.5 -38.84009 20 34.5 -38.94709 13 32.9691 -38.94709 20 32.9691 -39.26618 13 31.46801 -39.26618 20 31.46801 -39.79108 13 30.0259 -39.79108 20 30.0259 -40.51148 13 28.6709 -40.51148 20 28.6709 -41.41358 13 27.4293 -41.41358 20 27.4293 -42.47958 13 26.32541 -42.47958 20 26.32541 -43.68888 13 25.3806 -43.68888 20 25.3806 -45.01798 13 24.6133 -45.01798 20 24.6133 -46.44089 13 24.0384 -46.44089 20 24.0384 -47.92988 13 23.6671 -47.92988 20 23.6671 -49.45618 13 23.5067 -49.45618 20 23.5067 -50.98988 13 23.5603 -50.98988 20 23.5603 -52.50118 13 23.8267 -52.50118 20 23.8267 -53.96068 13 24.30101 -53.96068 20 24.30101 -55.34008 13 24.97371 -55.34008 20 24.97371 -56.61228 13 25.83191 -56.61228 20 25.83191 -57.75278 13 26.8588 -57.75278 20 26.8588 -58.73918 13 28.03441 -58.73918 20 28.03441 -59.55249 13 29.3358 -59.55249 20 29.3358 -60.17665 13 30.73781 -60.17665 20 30.73781 -60.59966 13 32.21301 -60.59966 20 32.21301 -60.81324 13 33.7327 -60.81324 20 33.7327 -60.81324 13 35.2673 -60.81324 20 35.2673 -60.59966 13 36.78701 -60.59966 20 36.78701 -60.17665 13 38.2622 -60.17665 20 38.2622 -59.55249 13 39.6642 -59.55249 20 39.6642 -58.73918 13 40.9656 -58.73918 20 40.9656 -57.75278 13 42.1412 -57.75278 20 42.1412 -56.61228 13 43.1681 -56.61228 20 43.1681 -55.34008 13 44.0263 -55.34008 20 44.0263 -53.96068 13 44.69901 -53.96068 20 44.69901 -52.50118 13 45.1733 -52.50118 20 45.1733 -50.98988 13 45.4397 -50.98988 20 45.4397 -49.45618 13 45.4933 -49.45618 20 45.4933 -47.92988 13 45.3329 -47.92988 20 45.3329 -46.44089 13 44.9616 -46.44089 20 44.9616 -45.01798 13 44.3867 -45.01798 20 44.3867 -43.68888 13 43.6194 -43.68888 20 43.6194 -42.47958 13 42.6746 -42.47958 20 42.6746 -41.41358 13 41.5707 -41.41358 20 41.5707 -40.51148 13 40.3291 -40.51148 20 40.3291 -39.79108 13 38.9741 -39.79108 20 38.9741 -39.26618 13 37.53201 -39.26618 20 37.53201 10.89302 13 -9.969098 10.89302 20 -9.969098 11.00002 13 -11.5 11.00002 20 -11.5 10.89302 13 -13.0309 10.89302 20 -13.0309 10.57391 13 -14.53199 10.57391 20 -14.53199 10.04902 13 -15.9741 10.04902 20 -15.9741 9.328515 13 -17.3291 9.328515 20 -17.3291 8.426514 13 -18.5707 8.426514 20 -18.5707 7.360413 13 -19.6746 7.360413 20 -19.6746 6.151115 13 -20.6194 6.151115 20 -20.6194 4.822113 13 -21.3867 4.822113 20 -21.3867 3.399216 13 -21.9616 3.399216 20 -21.9616 1.91011 13 -22.3329 1.91011 20 -22.3329 0.3839111 13 -22.4933 0.3839111 20 -22.4933 -1.149788 13 -22.4397 -1.149788 20 -22.4397 -2.661087 13 -22.1733 -2.661087 20 -22.1733 -4.120689 13 -21.699 -4.120689 20 -21.699 -5.499985 13 -21.0263 -5.499985 20 -21.0263 -6.772285 13 -20.1681 -6.772285 20 -20.1681 -7.912685 13 -19.1412 -7.912685 20 -19.1412 -8.899186 13 -17.9656 -8.899186 20 -17.9656 -9.712388 13 -16.6642 -9.712388 20 -16.6642 -10.33659 13 -15.2622 -10.33659 20 -15.2622 -10.75959 13 -13.78699 -10.75959 20 -13.78699 -10.97319 13 -12.2673 -10.97319 20 -12.2673 -10.97319 13 -10.7327 -10.97319 20 -10.7327 -10.75959 13 -9.212994 -10.75959 20 -9.212994 -10.33659 13 -7.737797 -10.33659 20 -7.737797 -9.712388 13 -6.335796 -9.712388 20 -6.335796 -8.899186 13 -5.034397 -8.899186 20 -5.034397 -7.912685 13 -3.858799 -7.912685 20 -3.858799 -6.772285 13 -2.831898 -6.772285 20 -2.831898 -5.499985 13 -1.973698 -5.499985 20 -1.973698 -4.120689 13 -1.300995 -4.120689 20 -1.300995 -2.661087 13 -0.8266983 -2.661087 20 -0.8266983 -1.149788 13 -0.5602989 -1.149788 20 -0.5602989 0.3839111 13 -0.5066986 0.3839111 20 -0.5066986 1.91011 13 -0.667099 1.91011 20 -0.667099 3.399216 13 -1.038399 3.399216 20 -1.038399 4.822113 13 -1.613296 4.822113 20 -1.613296 6.151115 13 -2.380596 6.151115 20 -2.380596 7.360413 13 -3.325397 7.360413 20 -3.325397 8.426514 13 -4.429298 8.426514 20 -4.429298 9.328515 13 -5.670898 9.328515 20 -5.670898 10.04902 13 -7.025898 10.04902 20 -7.025898 10.57391 13 -8.467995 10.57391 20 -8.467995 10.89302 13 -32.9691 10.89302 20 -32.9691 11.00002 13 -34.5 11.00002 20 -34.5 10.89302 13 -36.03089 10.89302 20 -36.03089 10.57391 13 -37.532 10.57391 20 -37.532 10.04902 13 -38.9741 10.04902 20 -38.9741 9.328515 13 -40.3291 9.328515 20 -40.3291 8.426514 13 -41.57065 8.426514 20 -41.57065 7.360413 13 -42.67459 7.360413 20 -42.67459 6.151115 13 -43.61941 6.151115 20 -43.61941 4.822113 13 -44.38673 4.822113 20 -44.38673 3.399216 13 -44.96162 3.399216 20 -44.96162 1.91011 13 -45.33288 1.91011 20 -45.33288 0.3839111 13 -45.4933 0.3839111 20 -45.4933 -1.149788 13 -45.43973 -1.149788 20 -45.43973 -2.661087 13 -45.17325 -2.661087 20 -45.17325 -4.120689 13 -44.69902 -4.120689 20 -44.69902 -5.499985 13 -44.02627 -5.499985 20 -44.02627 -6.772285 13 -43.16812 -6.772285 20 -43.16812 -7.912685 13 -42.14123 -7.912685 20 -42.14123 -8.899186 13 -40.96564 -8.899186 20 -40.96564 -9.712388 13 -39.66419 -9.712388 20 -39.66419 -10.33659 13 -38.26219 -10.33659 20 -38.26219 -10.75959 13 -36.78699 -10.75959 20 -36.78699 -10.97319 13 -35.26729 -10.97319 20 -35.26729 -10.97319 13 -33.7327 -10.97319 20 -33.7327 -10.75959 13 -32.213 -10.75959 20 -32.213 -10.33659 13 -30.7378 -10.33659 20 -30.7378 -9.712388 13 -29.3358 -9.712388 20 -29.3358 -8.899186 13 -28.0344 -8.899186 20 -28.0344 -7.912685 13 -26.8588 -7.912685 20 -26.8588 -6.772285 13 -25.8319 -6.772285 20 -25.8319 -5.499985 13 -24.9737 -5.499985 20 -24.9737 -4.120689 13 -24.301 -4.120689 20 -24.301 -2.661087 13 -23.8267 -2.661087 20 -23.8267 -1.149788 13 -23.5603 -1.149788 20 -23.5603 0.3839111 13 -23.5067 0.3839111 20 -23.5067 1.91011 13 -23.6671 1.91011 20 -23.6671 3.399216 13 -24.0384 3.399216 20 -24.0384 4.822113 13 -24.6133 4.822113 20 -24.6133 6.151115 13 -25.3806 6.151115 20 -25.3806 7.360413 13 -26.3254 7.360413 20 -26.3254 8.426514 13 -27.4293 8.426514 20 -27.4293 9.328515 13 -28.6709 9.328515 20 -28.6709 10.04902 13 -30.0259 10.04902 20 -30.0259 10.57391 13 -31.468 10.57391 20 -31.468 60.89302 13 -9.969098 60.89302 20 -9.969098 61.00001 13 -11.5 61.00001 20 -11.5 60.89302 13 -13.0309 60.89302 20 -13.0309 60.57402 13 -14.53199 60.57402 20 -14.53199 60.04903 13 -15.9741 60.04903 20 -15.9741 59.32902 13 -17.3291 59.32902 20 -17.3291 58.42602 13 -18.5707 58.42602 20 -18.5707 57.36001 13 -19.6746 57.36001 20 -19.6746 56.15102 13 -20.6194 56.15102 20 -20.6194 54.82202 13 -21.3867 54.82202 20 -21.3867 53.39902 13 -21.9616 53.39902 20 -21.9616 51.91001 13 -22.3329 51.91001 20 -22.3329 50.38402 13 -22.4933 50.38402 20 -22.4933 48.85001 13 -22.4397 48.85001 20 -22.4397 47.33902 13 -22.1733 47.33902 20 -22.1733 45.87902 13 -21.699 45.87902 20 -21.699 44.50001 13 -21.0263 44.50001 20 -21.0263 43.22802 13 -20.1681 43.22802 20 -20.1681 42.08702 13 -19.1412 42.08702 20 -19.1412 41.10102 13 -17.9656 41.10102 20 -17.9656 40.28802 13 -16.6642 40.28802 20 -16.6642 39.66302 13 -15.2622 39.66302 20 -15.2622 39.24001 13 -13.78699 39.24001 20 -13.78699 39.02702 13 -12.2673 39.02702 20 -12.2673 39.02702 13 -10.7327 39.02702 20 -10.7327 39.24001 13 -9.212994 39.24001 20 -9.212994 39.66302 13 -7.737797 39.66302 20 -7.737797 40.28802 13 -6.335796 40.28802 20 -6.335796 41.10102 13 -5.034397 41.10102 20 -5.034397 42.08702 13 -3.858799 42.08702 20 -3.858799 43.22802 13 -2.831898 43.22802 20 -2.831898 44.50001 13 -1.973698 44.50001 20 -1.973698 45.87902 13 -1.300995 45.87902 20 -1.300995 47.33902 13 -0.8266983 47.33902 20 -0.8266983 48.85001 13 -0.5602989 48.85001 20 -0.5602989 50.38402 13 -0.5066986 50.38402 20 -0.5066986 51.91001 13 -0.667099 51.91001 20 -0.667099 53.39902 13 -1.038399 53.39902 20 -1.038399 54.82202 13 -1.613296 54.82202 20 -1.613296 56.15102 13 -2.380596 56.15102 20 -2.380596 57.36001 13 -3.325397 57.36001 20 -3.325397 58.42602 13 -4.429298 58.42602 20 -4.429298 59.32902 13 -5.670898 59.32902 20 -5.670898 60.04903 13 -7.025898 60.04903 20 -7.025898 60.57402 13 -8.467995 60.57402 20 -8.467995 35.89302 13 1.530903 35.89302 20 1.530903 36.00001 13 3.8147e-6 36.00001 20 3.8147e-6 35.89302 13 -1.530899 35.89302 20 -1.530899 35.57402 13 -3.031994 35.57402 20 -3.031994 35.04902 13 -4.474098 35.04902 20 -4.474098 34.32902 13 -5.829098 34.32902 20 -5.829098 33.42602 13 -7.070698 33.42602 20 -7.070698 32.36001 13 -8.174599 32.36001 20 -8.174599 31.15102 13 -9.119397 31.15102 20 -9.119397 29.82211 13 -9.886696 29.82211 20 -9.886696 28.39922 13 -10.4616 28.39922 20 -10.4616 26.91011 13 -10.8329 26.91011 20 -10.8329 25.38391 13 -10.9933 25.38391 20 -10.9933 23.85021 13 -10.9397 23.85021 20 -10.9397 22.33891 13 -10.6733 22.33891 20 -10.6733 20.87931 13 -10.19899 20.87931 20 -10.19899 19.50002 13 -9.526299 19.50002 20 -9.526299 18.22772 13 -8.668099 18.22772 20 -8.668099 17.08731 13 -7.641197 17.08731 20 -7.641197 16.10082 13 -6.465599 16.10082 20 -6.465599 15.28761 13 -5.164196 15.28761 20 -5.164196 14.66341 13 -3.762196 14.66341 20 -3.762196 14.24041 13 -2.286995 14.24041 20 -2.286995 14.02681 13 -0.7672958 14.02681 20 -0.7672958 14.02681 13 0.7673035 14.02681 20 0.7673035 14.24041 13 2.287006 14.24041 20 2.287006 14.66341 13 3.762203 14.66341 20 3.762203 15.28761 13 5.164204 15.28761 20 5.164204 16.10082 13 6.465603 16.10082 20 6.465603 17.08731 13 7.641201 17.08731 20 7.641201 18.22772 13 8.668103 18.22772 20 8.668103 19.50002 13 9.526303 19.50002 20 9.526303 20.87931 13 10.199 20.87931 20 10.199 22.33891 13 10.6733 22.33891 20 10.6733 23.85021 13 10.9397 23.85021 20 10.9397 25.38391 13 10.9933 25.38391 20 10.9933 26.91011 13 10.8329 26.91011 20 10.8329 28.39922 13 10.4616 28.39922 20 10.4616 29.82211 13 9.886704 29.82211 20 9.886704 31.15102 13 9.119404 31.15102 20 9.119404 32.36001 13 8.174603 32.36001 20 8.174603 33.42602 13 7.070702 33.42602 20 7.070702 34.32902 13 5.829102 34.32902 20 5.829102 35.04902 13 4.474102 35.04902 20 4.474102 35.57402 13 3.032005 35.57402 20 3.032005 -14.10709 13 -22.9691 -14.10709 20 -22.9691 -13.99998 13 -24.5 -13.99998 20 -24.5 -14.10709 13 -26.0309 -14.10709 20 -26.0309 -14.42609 13 -27.532 -14.42609 20 -27.532 -14.95098 13 -28.9741 -14.95098 20 -28.9741 -15.67149 13 -30.3291 -15.67149 20 -30.3291 -16.57349 13 -31.5707 -16.57349 20 -31.5707 -17.63959 13 -32.6746 -17.63959 20 -32.6746 -18.84889 13 -33.6194 -18.84889 20 -33.6194 -20.17789 13 -34.38669 -20.17789 20 -34.38669 -21.60079 13 -34.9616 -21.60079 20 -34.9616 -23.08989 13 -35.3329 -23.08989 20 -35.3329 -24.61609 13 -35.4933 -24.61609 20 -35.4933 -26.14978 13 -35.4397 -26.14978 20 -35.4397 -27.66109 13 -35.1733 -27.66109 20 -35.1733 -29.12069 13 -34.699 -29.12069 20 -34.699 -30.49999 13 -34.0263 -30.49999 20 -34.0263 -31.77229 13 -33.1681 -31.77229 20 -33.1681 -32.91268 13 -32.1412 -32.91268 20 -32.1412 -33.89918 13 -30.9656 -33.89918 20 -30.9656 -34.71239 13 -29.6642 -34.71239 20 -29.6642 -35.33658 13 -28.2622 -35.33658 20 -28.2622 -35.75959 13 -26.787 -35.75959 20 -26.787 -35.97319 13 -25.2673 -35.97319 20 -25.2673 -35.97319 13 -23.7327 -35.97319 20 -23.7327 -35.75959 13 -22.213 -35.75959 20 -22.213 -35.33658 13 -20.7378 -35.33658 20 -20.7378 -34.71239 13 -19.3358 -34.71239 20 -19.3358 -33.89918 13 -18.0344 -33.89918 20 -18.0344 -32.91268 13 -16.8588 -32.91268 20 -16.8588 -31.77229 13 -15.8319 -31.77229 20 -15.8319 -30.49999 13 -14.9737 -30.49999 20 -14.9737 -29.12069 13 -14.30099 -29.12069 20 -14.30099 -27.66109 13 -13.8267 -27.66109 20 -13.8267 -26.14978 13 -13.5603 -26.14978 20 -13.5603 -24.61609 13 -13.5067 -24.61609 20 -13.5067 -23.08989 13 -13.6671 -23.08989 20 -13.6671 -21.60079 13 -14.0384 -21.60079 20 -14.0384 -20.17789 13 -14.6133 -20.17789 20 -14.6133 -18.84889 13 -15.3806 -18.84889 20 -15.3806 -17.63959 13 -16.3254 -17.63959 20 -16.3254 -16.57349 13 -17.4293 -16.57349 20 -17.4293 -15.67149 13 -18.6709 -15.67149 20 -18.6709 -14.95098 13 -20.0259 -14.95098 20 -20.0259 -14.42609 13 -21.468 -14.42609 20 -21.468 -14.10709 13 1.530903 -14.10709 20 1.530903 -13.99998 13 3.8147e-6 -13.99998 20 3.8147e-6 -14.10709 13 -1.530899 -14.10709 20 -1.530899 -14.42609 13 -3.031994 -14.42609 20 -3.031994 -14.95098 13 -4.474098 -14.95098 20 -4.474098 -15.67149 13 -5.829098 -15.67149 20 -5.829098 -16.57349 13 -7.070698 -16.57349 20 -7.070698 -17.63959 13 -8.174599 -17.63959 20 -8.174599 -18.84889 13 -9.119397 -18.84889 20 -9.119397 -20.17789 13 -9.886696 -20.17789 20 -9.886696 -21.60079 13 -10.4616 -21.60079 20 -10.4616 -23.08989 13 -10.8329 -23.08989 20 -10.8329 -24.61609 13 -10.9933 -24.61609 20 -10.9933 -26.14978 13 -10.9397 -26.14978 20 -10.9397 -27.66109 13 -10.6733 -27.66109 20 -10.6733 -29.12069 13 -10.19899 -29.12069 20 -10.19899 -30.49999 13 -9.526299 -30.49999 20 -9.526299 -31.77229 13 -8.668099 -31.77229 20 -8.668099 -32.91268 13 -7.641197 -32.91268 20 -7.641197 -33.89918 13 -6.465599 -33.89918 20 -6.465599 -34.71239 13 -5.164196 -34.71239 20 -5.164196 -35.33658 13 -3.762196 -35.33658 20 -3.762196 -35.75959 13 -2.286995 -35.75959 20 -2.286995 -35.97319 13 -0.7672958 -35.97319 20 -0.7672958 -35.97319 13 0.7673035 -35.97319 20 0.7673035 -35.75959 13 2.287006 -35.75959 20 2.287006 -35.33658 13 3.762203 -35.33658 20 3.762203 -34.71239 13 5.164204 -34.71239 20 5.164204 -33.89918 13 6.465603 -33.89918 20 6.465603 -32.91268 13 7.641201 -32.91268 20 7.641201 -31.77229 13 8.668103 -31.77229 20 8.668103 -30.49999 13 9.526303 -30.49999 20 9.526303 -29.12069 13 10.199 -29.12069 20 10.199 -27.66109 13 10.6733 -27.66109 20 10.6733 -26.14978 13 10.9397 -26.14978 20 10.9397 -24.61609 13 10.9933 -24.61609 20 10.9933 -23.08989 13 10.8329 -23.08989 20 10.8329 -21.60079 13 10.4616 -21.60079 20 10.4616 -20.17789 13 9.886704 -20.17789 20 9.886704 -18.84889 13 9.119404 -18.84889 20 9.119404 -17.63959 13 8.174603 -17.63959 20 8.174603 -16.57349 13 7.070702 -16.57349 20 7.070702 -15.67149 13 5.829102 -15.67149 20 5.829102 -14.95098 13 4.474102 -14.95098 20 4.474102 -14.42609 13 3.032005 -14.42609 20 3.032005 10.89302 13 36.0309 10.89302 20 36.0309 11.00002 13 34.5 11.00002 20 34.5 10.89302 13 32.9691 10.89302 20 32.9691 10.57391 13 31.46801 10.57391 20 31.46801 10.04902 13 30.0259 10.04902 20 30.0259 9.328515 13 28.6709 9.328515 20 28.6709 8.426514 13 27.4293 8.426514 20 27.4293 7.360413 13 26.32541 7.360413 20 26.32541 6.151115 13 25.3806 6.151115 20 25.3806 4.822113 13 24.6133 4.822113 20 24.6133 3.399216 13 24.0384 3.399216 20 24.0384 1.91011 13 23.6671 1.91011 20 23.6671 0.3839111 13 23.5067 0.3839111 20 23.5067 -1.149788 13 23.5603 -1.149788 20 23.5603 -2.661087 13 23.8267 -2.661087 20 23.8267 -4.120689 13 24.30101 -4.120689 20 24.30101 -5.499985 13 24.97371 -5.499985 20 24.97371 -6.772285 13 25.83191 -6.772285 20 25.83191 -7.912685 13 26.8588 -7.912685 20 26.8588 -8.899186 13 28.03441 -8.899186 20 28.03441 -9.712388 13 29.3358 -9.712388 20 29.3358 -10.33659 13 30.73781 -10.33659 20 30.73781 -10.75959 13 32.21301 -10.75959 20 32.21301 -10.97319 13 33.7327 -10.97319 20 33.7327 -10.97319 13 35.2673 -10.97319 20 35.2673 -10.75959 13 36.78701 -10.75959 20 36.78701 -10.33659 13 38.2622 -10.33659 20 38.2622 -9.712388 13 39.6642 -9.712388 20 39.6642 -8.899186 13 40.9656 -8.899186 20 40.9656 -7.912685 13 42.1412 -7.912685 20 42.1412 -6.772285 13 43.1681 -6.772285 20 43.1681 -5.499985 13 44.0263 -5.499985 20 44.0263 -4.120689 13 44.69901 -4.120689 20 44.69901 -2.661087 13 45.1733 -2.661087 20 45.1733 -1.149788 13 45.4397 -1.149788 20 45.4397 0.3839111 13 45.4933 0.3839111 20 45.4933 1.91011 13 45.3329 1.91011 20 45.3329 3.399216 13 44.9616 3.399216 20 44.9616 4.822113 13 44.3867 4.822113 20 44.3867 6.151115 13 43.6194 6.151115 20 43.6194 7.360413 13 42.6746 7.360413 20 42.6746 8.426514 13 41.5707 8.426514 20 41.5707 9.328515 13 40.3291 9.328515 20 40.3291 10.04902 13 38.9741 10.04902 20 38.9741 10.57391 13 37.53201 10.57391 20 37.53201 35.89302 13 26.0309 35.89302 20 26.0309 36.00001 13 24.5 36.00001 20 24.5 35.89302 13 22.96911 35.89302 20 22.96911 35.57402 13 21.46801 35.57402 20 21.46801 35.04902 13 20.02591 35.04902 20 20.02591 34.32902 13 18.6709 34.32902 20 18.6709 33.42602 13 17.4293 33.42602 20 17.4293 32.36001 13 16.32541 32.36001 20 16.32541 31.15102 13 15.3806 31.15102 20 15.3806 29.82211 13 14.6133 29.82211 20 14.6133 28.39922 13 14.0384 28.39922 20 14.0384 26.91011 13 13.6671 26.91011 20 13.6671 25.38391 13 13.5067 25.38391 20 13.5067 23.85021 13 13.5603 23.85021 20 13.5603 22.33891 13 13.8267 22.33891 20 13.8267 20.87931 13 14.30101 20.87931 20 14.30101 19.50002 13 14.97371 19.50002 20 14.97371 18.22772 13 15.83191 18.22772 20 15.83191 17.08731 13 16.8588 17.08731 20 16.8588 16.10082 13 18.03441 16.10082 20 18.03441 15.28761 13 19.3358 15.28761 20 19.3358 14.66341 13 20.73781 14.66341 20 20.73781 14.24041 13 22.21301 14.24041 20 22.21301 14.02681 13 23.7327 14.02681 20 23.7327 14.02681 13 25.2673 14.02681 20 25.2673 14.24041 13 26.78701 14.24041 20 26.78701 14.66341 13 28.2622 14.66341 20 28.2622 15.28761 13 29.6642 15.28761 20 29.6642 16.10082 13 30.9656 16.10082 20 30.9656 17.08731 13 32.1412 17.08731 20 32.1412 18.22772 13 33.1681 18.22772 20 33.1681 19.50002 13 34.0263 19.50002 20 34.0263 20.87931 13 34.69901 20.87931 20 34.69901 22.33891 13 35.1733 22.33891 20 35.1733 23.85021 13 35.4397 23.85021 20 35.4397 25.38391 13 35.4933 25.38391 20 35.4933 26.91011 13 35.3329 26.91011 20 35.3329 28.39922 13 34.9616 28.39922 20 34.9616 29.82211 13 34.3867 29.82211 20 34.3867 31.15102 13 33.6194 31.15102 20 33.6194 32.36001 13 32.6746 32.36001 20 32.6746 33.42602 13 31.57071 33.42602 20 31.57071 34.32902 13 30.32911 34.32902 20 30.32911 35.04902 13 28.9741 35.04902 20 28.9741 35.57402 13 27.53201 35.57402 20 27.53201 -39.51948 13 13.0309 -39.51948 20 13.0309 -39.41248 13 11.5 -39.41248 20 11.5 -39.51948 13 9.969101 -39.51948 20 9.969101 -39.83858 13 8.468007 -39.83858 20 8.468007 -40.36349 13 7.025902 -40.36349 20 7.025902 -41.08388 13 5.670902 -41.08388 20 5.670902 -41.98598 13 4.429302 -41.98598 20 4.429302 -43.05198 13 3.325401 -43.05198 20 3.325401 -44.26128 13 2.380604 -44.26128 20 2.380604 -45.59038 13 1.613304 -45.59038 20 1.613304 -47.01328 13 1.038403 -47.01328 20 1.038403 -48.50228 13 0.6671028 -48.50228 20 0.6671028 -50.02859 13 0.5067024 -50.02859 20 0.5067024 -51.56229 13 0.5603027 -51.56229 20 0.5603027 -53.07358 13 0.8267021 -53.07358 20 0.8267021 -54.53308 13 1.301006 -54.53308 20 1.301006 -55.91248 13 1.973701 -55.91248 20 1.973701 -57.18468 13 2.831902 -57.18468 20 2.831902 -58.32518 13 3.858803 -58.32518 20 3.858803 -59.31168 13 5.034401 -59.31168 20 5.034401 -60.12487 13 6.335804 -60.12487 20 6.335804 -60.74906 13 7.737801 -60.74906 20 7.737801 -61.17207 13 9.213006 -61.17207 20 9.213006 -61.38565 13 10.7327 -61.38565 20 10.7327 -61.38565 13 12.2673 -61.38565 20 12.2673 -61.17207 13 13.78701 -61.17207 20 13.78701 -60.74906 13 15.2622 -60.74906 20 15.2622 -60.12487 13 16.6642 -60.12487 20 16.6642 -59.31168 13 17.9656 -59.31168 20 17.9656 -58.32518 13 19.1412 -58.32518 20 19.1412 -57.18468 13 20.1681 -57.18468 20 20.1681 -55.91248 13 21.0263 -55.91248 20 21.0263 -54.53308 13 21.69901 -54.53308 20 21.69901 -53.07358 13 22.17331 -53.07358 20 22.17331 -51.56229 13 22.4397 -51.56229 20 22.4397 -50.02859 13 22.49331 -50.02859 20 22.49331 -48.50228 13 22.33291 -48.50228 20 22.33291 -47.01328 13 21.96161 -47.01328 20 21.96161 -45.59038 13 21.3867 -45.59038 20 21.3867 -44.26128 13 20.6194 -44.26128 20 20.6194 -43.05198 13 19.6746 -43.05198 20 19.6746 -41.98598 13 18.57071 -41.98598 20 18.57071 -41.08388 13 17.32911 -41.08388 20 17.32911 -40.36349 13 15.9741 -40.36349 20 15.9741 -39.83858 13 14.53201 -39.83858 20 14.53201 -39.22208 13 -9.969098 -39.22208 20 -9.969098 -39.11498 13 -11.5 -39.11498 20 -11.5 -39.22208 13 -13.0309 -39.22208 20 -13.0309 -39.54118 13 -14.53199 -39.54118 20 -14.53199 -40.06598 13 -15.9741 -40.06598 20 -15.9741 -40.78648 13 -17.3291 -40.78648 20 -17.3291 -41.68848 13 -18.5707 -41.68848 20 -18.5707 -42.75458 13 -19.6746 -42.75458 20 -19.6746 -43.96389 13 -20.6194 -43.96389 20 -20.6194 -45.29288 13 -21.3867 -45.29288 20 -21.3867 -46.71578 13 -21.9616 -46.71578 20 -21.9616 -48.20489 13 -22.3329 -48.20489 20 -22.3329 -49.73109 13 -22.4933 -49.73109 20 -22.4933 -51.26478 13 -22.4397 -51.26478 20 -22.4397 -52.77618 13 -22.1733 -52.77618 20 -22.1733 -54.23569 13 -21.699 -54.23569 20 -21.699 -55.61498 13 -21.0263 -55.61498 20 -21.0263 -56.88728 13 -20.1681 -56.88728 20 -20.1681 -58.02779 13 -19.1412 -58.02779 20 -19.1412 -59.01418 13 -17.9656 -59.01418 20 -17.9656 -59.82748 13 -16.6642 -59.82748 20 -16.6642 -60.45164 13 -15.2622 -60.45164 20 -15.2622 -60.87464 13 -13.78699 -60.87464 20 -13.78699 -61.08823 13 -12.2673 -61.08823 20 -12.2673 -61.08823 13 -10.7327 -61.08823 20 -10.7327 -60.87464 13 -9.212994 -60.87464 20 -9.212994 -60.45164 13 -7.737797 -60.45164 20 -7.737797 -59.82748 13 -6.335796 -59.82748 20 -6.335796 -59.01418 13 -5.034397 -59.01418 20 -5.034397 -58.02779 13 -3.858799 -58.02779 20 -3.858799 -56.88728 13 -2.831898 -56.88728 20 -2.831898 -55.61498 13 -1.973698 -55.61498 20 -1.973698 -54.23569 13 -1.300995 -54.23569 20 -1.300995 -52.77618 13 -0.8266983 -52.77618 20 -0.8266983 -51.26478 13 -0.5602989 -51.26478 20 -0.5602989 -49.73109 13 -0.5066986 -49.73109 20 -0.5066986 -48.20489 13 -0.667099 -48.20489 20 -0.667099 -46.71578 13 -1.038399 -46.71578 20 -1.038399 -45.29288 13 -1.613296 -45.29288 20 -1.613296 -43.96389 13 -2.380596 -43.96389 20 -2.380596 -42.75458 13 -3.325397 -42.75458 20 -3.325397 -41.68848 13 -4.429298 -41.68848 20 -4.429298 -40.78648 13 -5.670898 -40.78648 20 -5.670898 -40.06598 13 -7.025898 -40.06598 20 -7.025898 -39.54118 13 -8.467995 -39.54118 20 -8.467995 35.89302 13 -22.9691 35.89302 20 -22.9691 36.00001 13 -24.5 36.00001 20 -24.5 35.89302 13 -26.0309 35.89302 20 -26.0309 35.57402 13 -27.532 35.57402 20 -27.532 35.04902 13 -28.9741 35.04902 20 -28.9741 34.32902 13 -30.3291 34.32902 20 -30.3291 33.42602 13 -31.5707 33.42602 20 -31.5707 32.36001 13 -32.6746 32.36001 20 -32.6746 31.15102 13 -33.6194 31.15102 20 -33.6194 29.82211 13 -34.38669 29.82211 20 -34.38669 28.39922 13 -34.9616 28.39922 20 -34.9616 26.91011 13 -35.3329 26.91011 20 -35.3329 25.38391 13 -35.4933 25.38391 20 -35.4933 23.85021 13 -35.4397 23.85021 20 -35.4397 22.33891 13 -35.1733 22.33891 20 -35.1733 20.87931 13 -34.699 20.87931 20 -34.699 19.50002 13 -34.0263 19.50002 20 -34.0263 18.22772 13 -33.1681 18.22772 20 -33.1681 17.08731 13 -32.1412 17.08731 20 -32.1412 16.10082 13 -30.9656 16.10082 20 -30.9656 15.28761 13 -29.6642 15.28761 20 -29.6642 14.66341 13 -28.2622 14.66341 20 -28.2622 14.24041 13 -26.787 14.24041 20 -26.787 14.02681 13 -25.2673 14.02681 20 -25.2673 14.02681 13 -23.7327 14.02681 20 -23.7327 14.24041 13 -22.213 14.24041 20 -22.213 14.66341 13 -20.7378 14.66341 20 -20.7378 15.28761 13 -19.3358 15.28761 20 -19.3358 16.10082 13 -18.0344 16.10082 20 -18.0344 17.08731 13 -16.8588 17.08731 20 -16.8588 18.22772 13 -15.8319 18.22772 20 -15.8319 19.50002 13 -14.9737 19.50002 20 -14.9737 20.87931 13 -14.30099 20.87931 20 -14.30099 22.33891 13 -13.8267 22.33891 20 -13.8267 23.85021 13 -13.5603 23.85021 20 -13.5603 25.38391 13 -13.5067 25.38391 20 -13.5067 26.91011 13 -13.6671 26.91011 20 -13.6671 28.39922 13 -14.0384 28.39922 20 -14.0384 29.82211 13 -14.6133 29.82211 20 -14.6133 31.15102 13 -15.3806 31.15102 20 -15.3806 32.36001 13 -16.3254 32.36001 20 -16.3254 33.42602 13 -17.4293 33.42602 20 -17.4293 34.32902 13 -18.6709 34.32902 20 -18.6709 35.04902 13 -20.0259 35.04902 20 -20.0259 35.57402 13 -21.468 35.57402 20 -21.468 60.89302 13 -32.9691 60.89302 20 -32.9691 61.00001 13 -34.5 61.00001 20 -34.5 60.89302 13 -36.03089 60.89302 20 -36.03089 60.57402 13 -37.532 60.57402 20 -37.532 60.04903 13 -38.9741 60.04903 20 -38.9741 59.32902 13 -40.3291 59.32902 20 -40.3291 58.42602 13 -41.57065 58.42602 20 -41.57065 57.36001 13 -42.67459 57.36001 20 -42.67459 56.15102 13 -43.61941 56.15102 20 -43.61941 54.82202 13 -44.38673 54.82202 20 -44.38673 53.39902 13 -44.96162 53.39902 20 -44.96162 51.91001 13 -45.33288 51.91001 20 -45.33288 50.38402 13 -45.4933 50.38402 20 -45.4933 48.85001 13 -45.43973 48.85001 20 -45.43973 47.33902 13 -45.17325 47.33902 20 -45.17325 45.87902 13 -44.69902 45.87902 20 -44.69902 44.50001 13 -44.02627 44.50001 20 -44.02627 43.22802 13 -43.16812 43.22802 20 -43.16812 42.08702 13 -42.14123 42.08702 20 -42.14123 41.10102 13 -40.96564 41.10102 20 -40.96564 40.28802 13 -39.66419 40.28802 20 -39.66419 39.66302 13 -38.26219 39.66302 20 -38.26219 39.24001 13 -36.78699 39.24001 20 -36.78699 39.02702 13 -35.26729 39.02702 20 -35.26729 39.02702 13 -33.7327 39.02702 20 -33.7327 39.24001 13 -32.213 39.24001 20 -32.213 39.66302 13 -30.7378 39.66302 20 -30.7378 40.28802 13 -29.3358 40.28802 20 -29.3358 41.10102 13 -28.0344 41.10102 20 -28.0344 42.08702 13 -26.8588 42.08702 20 -26.8588 43.22802 13 -25.8319 43.22802 20 -25.8319 44.50001 13 -24.9737 44.50001 20 -24.9737 45.87902 13 -24.301 45.87902 20 -24.301 47.33902 13 -23.8267 47.33902 20 -23.8267 48.85001 13 -23.5603 48.85001 20 -23.5603 50.38402 13 -23.5067 50.38402 20 -23.5067 51.91001 13 -23.6671 51.91001 20 -23.6671 53.39902 13 -24.0384 53.39902 20 -24.0384 54.82202 13 -24.6133 54.82202 20 -24.6133 56.15102 13 -25.3806 56.15102 20 -25.3806 57.36001 13 -26.3254 57.36001 20 -26.3254 58.42602 13 -27.4293 58.42602 20 -27.4293 59.32902 13 -28.6709 59.32902 20 -28.6709 60.04903 13 -30.0259 60.04903 20 -30.0259 60.57402 13 -31.468 60.57402 20 -31.468 -69.99999 10 -50 -69.99999 10 50 -69.99999 20 -50 -69.99999 20 50 70.00002 10 50 70.00002 20 50 70.00002 10 -50 70.00002 20 -50 20.02741 10 0.5226021 20.24471 10 1.545101 20.66991 10 2.500004 1.52588e-5 10 -6.499996 1.039612 10 -6.609299 2.033714 10 -6.932297 -20.02739 10 -0.5225983 -20.24469 10 -1.545097 -20.66989 10 -2.499996 1.52588e-5 10 6.500004 -1.039589 10 6.609302 -2.033684 10 6.932301 -55.38508 10 10.9774 -55.38508 10 12.0226 -55.16769 10 13.0451 1.52588e-5 10 -39.5 -1.039589 10 -39.3907 -48.96038 10 -39.3907 -47.96628 10 -39.06769 -2.033684 10 -39.06769 -2.938889 10 -38.5451 54.97302 10 -10.9774 54.97302 10 -12.0226 54.75502 10 -13.0451 1.52588e-5 10 39.5 1.039612 10 39.3907 48.96001 10 39.3907 47.96602 10 39.0677 2.033714 10 39.0677 47.06102 10 38.5451 2.938911 10 38.5451 46.28402 10 37.8456 3.715713 10 37.8456 25.00002 10 29.5 4.330116 10 37 23.96041 10 29.39071 4.75531 10 36.0451 22.96632 10 29.0677 4.97261 10 35.0226 22.06111 10 28.5451 4.97261 10 33.9774 4.75531 10 32.9549 50.00001 10 39.5 51.04001 10 39.3907 52.03402 10 39.0677 52.93902 10 38.5451 53.71602 10 37.8456 54.33001 10 37 54.75502 10 36.0451 54.97302 10 35.0226 54.97302 10 33.9774 54.75502 10 32.9549 54.75502 10 13.0451 54.97302 10 12.0226 54.33001 10 14 54.33001 10 32 53.71602 10 14.8456 53.71602 10 31.1544 52.93902 10 15.5451 52.93902 10 30.4549 52.03402 10 16.0677 52.03402 10 29.9323 51.04001 10 16.39071 51.04001 10 29.6093 50.00001 10 16.5 50.00001 10 29.5 48.96001 10 16.39071 48.96001 10 29.6093 47.96602 10 16.0677 47.96602 10 29.9323 29.97261 10 23.97741 47.06102 10 30.4549 29.97261 10 25.0226 29.75531 10 26.0451 46.28402 10 31.1544 29.33012 10 27 45.67001 10 32 28.71571 10 27.8456 45.24502 10 32.9549 27.93891 10 28.5451 45.02702 10 33.9774 45.02702 10 35.0226 27.03372 10 29.0677 45.24502 10 36.0451 26.03961 10 29.39071 45.67001 10 37 21.28431 10 27.8456 4.330116 10 32 20.66991 10 27 3.715713 10 31.1544 20.24471 10 26.0451 2.938911 10 30.4549 20.02741 10 25.0226 20.02741 10 23.97741 2.033714 10 29.9323 2.033714 10 16.0677 1.039612 10 16.39071 1.039612 10 29.6093 1.52588e-5 10 16.5 1.52588e-5 10 29.5 -1.039589 10 16.39071 -1.039589 10 29.6093 -2.033684 10 16.0677 -2.033684 10 29.9323 -20.02739 10 23.97741 -2.938889 10 30.4549 -20.02739 10 25.0226 -20.24469 10 26.0451 -3.715683 10 31.1544 -20.66989 10 27 -4.330086 10 32 -21.28429 10 27.8456 -4.755287 10 32.9549 -22.06109 10 28.5451 -4.972588 10 33.9774 -4.972588 10 35.0226 -22.96629 10 29.0677 -4.755287 10 36.0451 -23.96039 10 29.39071 -4.330086 10 37 -24.99999 10 29.5 -3.715683 10 37.8456 -46.12428 10 37.8456 -46.90108 10 38.5451 -2.938889 10 38.5451 -47.80638 10 39.0677 -2.033684 10 39.0677 -1.039589 10 39.3907 -48.80048 10 39.3907 29.75531 10 22.9549 47.06102 10 15.5451 29.33012 10 22 46.28402 10 14.8456 28.71571 10 21.1544 45.67001 10 14 27.93891 10 20.4549 45.24502 10 13.0451 27.03372 10 19.9323 45.02702 10 12.0226 27.03372 10 4.567703 45.02702 10 10.9774 27.93891 10 4.045101 45.24502 10 9.954903 28.71571 10 3.345703 45.67001 10 9.000004 29.33012 10 2.500004 46.28402 10 8.154301 29.75531 10 1.545101 47.06102 10 7.454903 29.97261 10 0.5226021 47.96602 10 6.932301 29.97261 10 -0.5225983 47.96602 10 -6.932297 47.06102 10 -7.454899 29.75531 10 -1.545097 46.28402 10 -8.154297 29.33012 10 -2.499996 45.67001 10 -8.999997 28.71571 10 -3.345695 45.24502 10 -9.954899 27.93891 10 -4.045097 45.02702 10 -10.9774 27.03372 10 -4.567696 45.02702 10 -12.0226 27.03372 10 -19.9323 45.24502 10 -13.0451 27.93891 10 -20.4549 45.67001 10 -14 28.71571 10 -21.1543 46.28402 10 -14.8457 29.33012 10 -22 47.06102 10 -15.5451 29.75531 10 -22.9549 47.96602 10 -16.0677 29.97261 10 -23.9774 47.96602 10 -29.9323 47.06102 10 -30.4549 29.97261 10 -25.0226 29.75531 10 -26.0451 26.03961 10 4.890701 26.03961 10 19.6093 25.00002 10 5.000004 25.00002 10 19.5 23.96041 10 4.890701 23.96041 10 19.6093 22.96632 10 19.9323 4.97261 10 12.0226 4.75531 10 13.0451 22.06111 10 20.4549 4.330116 10 14 21.28431 10 21.1544 3.715713 10 14.8456 20.66991 10 22 2.938911 10 15.5451 20.24471 10 22.9549 54.97302 10 10.9774 54.75502 10 -9.954899 54.75502 10 9.954903 54.33001 10 -8.999997 54.33001 10 9.000004 53.71602 10 -8.154297 53.71602 10 8.154301 52.93902 10 -7.454899 52.93902 10 7.454903 52.03402 10 -6.932297 52.03402 10 6.932301 51.04001 10 -6.609299 51.04001 10 6.609302 50.00001 10 -6.499996 50.00001 10 6.500004 48.96001 10 -6.609299 48.96001 10 6.609302 -20.24469 10 22.9549 -2.938889 10 15.5451 -20.66989 10 22 -3.715683 10 14.8456 -21.28429 10 21.1544 -4.330086 10 14 -22.06109 10 20.4549 -4.755287 10 13.0451 -22.96629 10 19.9323 -4.972588 10 12.0226 -4.972588 10 10.9774 -4.755287 10 9.954903 -4.330086 10 9.000004 -3.715683 10 8.154301 -2.938889 10 7.454903 -23.96039 10 19.6093 -23.96039 10 4.890701 -22.96629 10 4.567703 -24.99999 10 5.000004 -24.99999 10 19.5 -26.03959 10 4.890701 -26.03959 10 19.6093 -27.03369 10 4.567703 -27.03369 10 19.9323 -45.43989 10 12.0226 -45.65718 10 13.0451 -27.93889 10 20.4549 -46.08228 10 14 -28.71569 10 21.1544 -46.69668 10 14.8456 -29.33009 10 22 -47.47349 10 15.5451 -29.75529 10 22.9549 -48.37878 10 16.0677 -29.97259 10 23.97741 -47.80638 10 29.9323 -46.90108 10 30.4549 -29.97259 10 25.0226 -29.75529 10 26.0451 -46.12428 10 31.1544 -29.33009 10 27 -45.50989 10 32 -28.71569 10 27.8456 -45.08478 10 32.9549 -27.93889 10 28.5451 -44.86738 10 33.9774 -44.86738 10 35.0226 -27.03369 10 29.0677 -45.08478 10 36.0451 -26.03959 10 29.39071 -45.50989 10 37 -49.37289 10 16.39071 -49.84009 10 29.5 -50.41248 10 16.5 -50.87958 10 29.6093 -51.45198 10 16.39071 -51.87369 10 29.9323 -52.44608 10 16.0677 -52.77898 10 30.4549 -53.35139 10 15.5451 -53.55578 10 31.1544 -54.12818 10 14.8456 -54.17018 10 32 -54.74258 10 14 -54.59528 10 32.9549 -48.80048 10 29.6093 -45.43989 10 10.9774 -27.93889 10 4.045101 -45.65718 10 9.954903 -28.71569 10 3.345703 -46.08228 10 9.000004 -29.33009 10 2.500004 -46.69668 10 8.154301 -29.75529 10 1.545101 -47.47349 10 7.454903 -29.97259 10 0.5226021 -48.37878 10 6.932301 -48.08128 10 -6.932297 -49.07548 10 -6.609299 -49.37289 10 6.609302 -50.11498 10 -6.499996 -50.41248 10 6.500004 -51.15459 10 -6.609299 -51.45198 10 6.609302 -52.14868 10 -6.932297 -52.44608 10 6.932301 -53.05398 10 -7.454899 -53.35139 10 7.454903 -53.83079 10 -8.154297 -54.12818 10 8.154301 -54.44518 10 -8.999997 -54.74258 10 9.000004 -54.87028 10 -9.954899 -55.16769 10 9.954903 -55.08758 10 -10.9774 -22.06109 10 4.045101 -21.28429 10 3.345703 -20.66989 10 2.500004 -20.24469 10 1.545101 -20.02739 10 0.5226021 -21.28429 10 -3.345695 -22.06109 10 -4.045097 -22.96629 10 -4.567696 -23.96039 10 -4.890697 -23.96039 10 -19.6093 -22.96629 10 -19.9323 -24.99999 10 -19.5 -24.99999 10 -4.999996 -26.03959 10 -19.6093 -26.03959 10 -4.890697 -27.03369 10 -19.9323 -27.03369 10 -4.567696 -45.14239 10 -12.0226 -45.14239 10 -10.9774 -27.93889 10 -4.045097 -45.35969 10 -9.954899 -28.71569 10 -3.345695 -45.78488 10 -8.999997 -29.33009 10 -2.499996 -46.39928 10 -8.154297 -29.75529 10 -1.545097 -47.17609 10 -7.454899 -29.97259 10 -0.5225983 4.97261 10 10.9774 4.75531 10 9.954903 4.330116 10 9.000004 3.715713 10 8.154301 2.938911 10 7.454903 2.033714 10 6.932301 1.039612 10 6.609302 54.33001 10 -14 54.33001 10 -32 54.75502 10 -32.95489 54.97302 10 -33.97739 54.97302 10 -35.0226 53.71602 10 -31.1543 53.71602 10 -14.8457 52.93902 10 -30.4549 52.93902 10 -15.5451 52.03402 10 -29.9323 52.03402 10 -16.0677 51.04001 10 -29.6093 51.04001 10 -16.3907 50.00001 10 -29.5 50.00001 10 -16.5 48.96001 10 -29.6093 48.96001 10 -16.3907 26.03961 10 -19.6093 26.03961 10 -4.890697 25.00002 10 -19.5 25.00002 10 -4.999996 23.96041 10 -19.6093 23.96041 10 -4.890697 22.96632 10 -4.567696 22.06111 10 -4.045097 46.28402 10 -31.1543 29.33012 10 -27 45.67001 10 -32 28.71571 10 -27.8457 45.24502 10 -32.95489 27.93891 10 -28.5451 45.02702 10 -33.97739 45.02702 10 -35.0226 27.03372 10 -29.0677 45.24502 10 -36.0451 26.03961 10 -29.3907 45.67001 10 -37 25.00002 10 -29.5 46.28402 10 -37.84569 3.715713 10 -37.84569 2.938911 10 -38.5451 4.330116 10 -37 23.96041 10 -29.3907 4.75531 10 -36.0451 22.96632 10 -29.0677 4.97261 10 -35.0226 22.06111 10 -28.5451 4.97261 10 -33.97739 4.75531 10 -32.95489 21.28431 10 -27.8457 4.330116 10 -32 20.66991 10 -27 3.715713 10 -31.1543 20.24471 10 -26.0451 2.938911 10 -30.4549 20.02741 10 -25.0226 20.02741 10 -23.9774 20.24471 10 -22.9549 2.033714 10 -16.0677 2.033714 10 -29.9323 2.938911 10 -15.5451 20.66991 10 -22 3.715713 10 -14.8457 21.28431 10 -21.1543 4.330116 10 -14 22.06111 10 -20.4549 4.75531 10 -13.0451 22.96632 10 -19.9323 4.97261 10 -12.0226 4.97261 10 -10.9774 4.75531 10 -9.954899 4.330116 10 -8.999997 3.715713 10 -8.154297 2.938911 10 -7.454899 54.75502 10 -36.0451 54.33001 10 -37 53.71602 10 -37.84569 52.93902 10 -38.5451 52.03402 10 -39.06769 51.04001 10 -39.3907 50.00001 10 -39.5 48.96001 10 -39.3907 1.039612 10 -39.3907 47.96602 10 -39.06769 2.033714 10 -39.06769 47.06102 10 -38.5451 21.28431 10 -3.345695 20.66991 10 -2.499996 20.24471 10 -1.545097 20.02741 10 -0.5225983 21.28431 10 3.345703 22.06111 10 4.045101 22.96632 10 4.567703 1.039612 10 -29.6093 1.039612 10 -16.3907 1.52588e-5 10 -29.5 1.52588e-5 10 -16.5 -1.039589 10 -29.6093 -1.039589 10 -16.3907 -2.033684 10 -29.9323 -2.033684 10 -16.0677 -20.02739 10 -23.9774 -20.24469 10 -22.9549 -2.938889 10 -15.5451 -20.66989 10 -22 -3.715683 10 -14.8457 -21.28429 10 -21.1543 -4.330086 10 -14 -22.06109 10 -20.4549 -4.755287 10 -13.0451 -4.972588 10 -12.0226 -4.972588 10 -10.9774 -4.755287 10 -9.954899 -4.330086 10 -8.999997 -3.715683 10 -8.154297 -2.938889 10 -7.454899 -2.033684 10 -6.932297 -1.039589 10 -6.609299 -47.06108 10 -38.5451 -3.715683 10 -37.84569 -46.28429 10 -37.84569 -24.99999 10 -29.5 -45.66988 10 -37 -26.03959 10 -29.3907 -45.24468 10 -36.0451 -27.03369 10 -29.0677 -45.02738 10 -35.0226 -27.93889 10 -28.5451 -45.02738 10 -33.97739 -45.24468 10 -32.95489 -28.71569 10 -27.8457 -45.66988 10 -32 -29.33009 10 -27 -46.28429 10 -31.1543 -29.75529 10 -26.0451 -47.06108 10 -30.4549 -29.97259 10 -25.0226 -29.97259 10 -23.9774 -4.330086 10 -37 -23.96039 10 -29.3907 -4.755287 10 -36.0451 -22.96629 10 -29.0677 -4.972588 10 -35.0226 -22.06109 10 -28.5451 -4.972588 10 -33.97739 -4.755287 10 -32.95489 -21.28429 10 -27.8457 -4.330086 10 -32 -20.66989 10 -27 -3.715683 10 -31.1543 -20.24469 10 -26.0451 -2.938889 10 -30.4549 -20.02739 10 -25.0226 -45.35969 10 -13.0451 -27.93889 10 -20.4549 -45.78488 10 -14 -28.71569 10 -21.1543 -46.39928 10 -14.8457 -29.33009 10 -22 -47.17609 10 -15.5451 -29.75529 10 -22.9549 -48.08128 10 -16.0677 -47.96628 10 -29.9323 -48.96038 10 -29.6093 -49.07548 10 -16.3907 -49.99998 10 -29.5 -50.11498 10 -16.5 -51.03958 10 -29.6093 -51.15459 10 -16.3907 -52.03368 10 -29.9323 -52.14868 10 -16.0677 -52.93888 10 -30.4549 -53.05398 10 -15.5451 -53.71568 10 -31.1543 -53.83079 10 -14.8457 -54.33008 10 -32 -54.44518 10 -14 -54.75529 10 -32.95489 -54.87028 10 -13.0451 -55.08758 10 -12.0226 -50.87958 10 39.3907 -49.84009 10 39.5 -54.81268 10 33.9774 -54.81268 10 35.0226 -54.59528 10 36.0451 -54.17018 10 37 -53.55578 10 37.8456 -52.77898 10 38.5451 -51.87369 10 39.0677 -49.99998 10 -39.5 -51.03958 10 -39.3907 -52.03368 10 -39.06769 -52.93888 10 -38.5451 -53.71568 10 -37.84569 -54.33008 10 -37 -54.75529 10 -36.0451 -54.97258 10 -35.0226 -54.97258 10 -33.97739 -45.02738 13 -35.0226 -45.02738 13 -33.97739 -45.24468 13 -32.95489 -45.66988 13 -32 -46.28429 13 -31.1543 -47.06108 13 -30.4549 -47.96628 13 -29.9323 -48.96038 13 -29.6093 -49.99998 13 -29.5 -51.03958 13 -29.6093 -52.03368 13 -29.9323 -52.93888 13 -30.4549 -53.71568 13 -31.1543 -54.33008 13 -32 -54.75529 13 -32.95489 -54.97258 13 -33.97739 -54.97258 13 -35.0226 -54.75529 13 -36.0451 -54.33008 13 -37 -53.71568 13 -37.84569 -52.93888 13 -38.5451 -52.03368 13 -39.06769 -51.03958 13 -39.3907 -49.99998 13 -39.5 -48.96038 13 -39.3907 -47.96628 13 -39.06769 -47.06108 13 -38.5451 -46.28429 13 -37.84569 -45.66988 13 -37 -45.24468 13 -36.0451 54.97302 13 33.9774 54.97302 13 35.0226 54.75502 13 36.0451 54.33001 13 37 53.71602 13 37.8456 52.93902 13 38.5451 52.03402 13 39.0677 51.04001 13 39.3907 50.00001 13 39.5 48.96001 13 39.3907 47.96602 13 39.0677 47.06102 13 38.5451 46.28402 13 37.8456 45.67001 13 37 45.24502 13 36.0451 45.02702 13 35.0226 45.02702 13 33.9774 45.24502 13 32.9549 45.67001 13 32 46.28402 13 31.1544 47.06102 13 30.4549 47.96602 13 29.9323 48.96001 13 29.6093 50.00001 13 29.5 51.04001 13 29.6093 52.03402 13 29.9323 52.93902 13 30.4549 53.71602 13 31.1544 54.33001 13 32 54.75502 13 32.9549 29.97261 13 -25.0226 29.97261 13 -23.9774 29.75531 13 -22.9549 29.33012 13 -22 28.71571 13 -21.1543 27.93891 13 -20.4549 27.03372 13 -19.9323 26.03961 13 -19.6093 25.00002 13 -19.5 23.96041 13 -19.6093 22.96632 13 -19.9323 22.06111 13 -20.4549 21.28431 13 -21.1543 20.66991 13 -22 20.24471 13 -22.9549 20.02741 13 -23.9774 20.02741 13 -25.0226 20.24471 13 -26.0451 20.66991 13 -27 21.28431 13 -27.8457 22.06111 13 -28.5451 22.96632 13 -29.0677 23.96041 13 -29.3907 25.00002 13 -29.5 26.03961 13 -29.3907 27.03372 13 -29.0677 27.93891 13 -28.5451 28.71571 13 -27.8457 29.33012 13 -27 29.75531 13 -26.0451 4.97261 13 -35.0226 4.97261 13 -33.97739 4.75531 13 -32.95489 4.330116 13 -32 3.715713 13 -31.1543 2.938911 13 -30.4549 2.033714 13 -29.9323 1.039612 13 -29.6093 1.52588e-5 13 -29.5 -1.039589 13 -29.6093 -2.033684 13 -29.9323 -2.938889 13 -30.4549 -3.715683 13 -31.1543 -4.330086 13 -32 -4.755287 13 -32.95489 -4.972588 13 -33.97739 -4.972588 13 -35.0226 -4.755287 13 -36.0451 -4.330086 13 -37 -3.715683 13 -37.84569 -2.938889 13 -38.5451 -2.033684 13 -39.06769 -1.039589 13 -39.3907 1.52588e-5 13 -39.5 1.039612 13 -39.3907 2.033714 13 -39.06769 2.938911 13 -38.5451 3.715713 13 -37.84569 4.330116 13 -37 4.75531 13 -36.0451 -20.02739 13 -0.5225983 -20.02739 13 0.5226021 -20.24469 13 1.545101 -20.66989 13 2.500004 -21.28429 13 3.345703 -22.06109 13 4.045101 -22.96629 13 4.567703 -23.96039 13 4.890701 -24.99999 13 5.000004 -26.03959 13 4.890701 -27.03369 13 4.567703 -27.93889 13 4.045101 -28.71569 13 3.345703 -29.33009 13 2.500004 -29.75529 13 1.545101 -29.97259 13 0.5226021 -29.97259 13 -0.5225983 -29.75529 13 -1.545097 -29.33009 13 -2.499996 -28.71569 13 -3.345695 -27.93889 13 -4.045097 -27.03369 13 -4.567696 -26.03959 13 -4.890697 -24.99999 13 -4.999996 -23.96039 13 -4.890697 -22.96629 13 -4.567696 -22.06109 13 -4.045097 -21.28429 13 -3.345695 -20.66989 13 -2.499996 -20.24469 13 -1.545097 -44.86738 13 33.9774 -44.86738 13 35.0226 -45.08478 13 36.0451 -45.50989 13 37 -46.12428 13 37.8456 -46.90108 13 38.5451 -47.80638 13 39.0677 -48.80048 13 39.3907 -49.84009 13 39.5 -50.87958 13 39.3907 -51.87369 13 39.0677 -52.77898 13 38.5451 -53.55578 13 37.8456 -54.17018 13 37 -54.59528 13 36.0451 -54.81268 13 35.0226 -54.81268 13 33.9774 -54.59528 13 32.9549 -54.17018 13 32 -53.55578 13 31.1544 -52.77898 13 30.4549 -51.87369 13 29.9323 -50.87958 13 29.6093 -49.84009 13 29.5 -48.80048 13 29.6093 -47.80638 13 29.9323 -46.90108 13 30.4549 -46.12428 13 31.1544 -45.50989 13 32 -45.08478 13 32.9549 -45.43989 13 10.9774 -45.43989 13 12.0226 -45.65718 13 13.0451 -46.08228 13 14 -46.69668 13 14.8456 -47.47349 13 15.5451 -48.37878 13 16.0677 -49.37289 13 16.39071 -50.41248 13 16.5 -51.45198 13 16.39071 -52.44608 13 16.0677 -53.35139 13 15.5451 -54.12818 13 14.8456 -54.74258 13 14 -55.16769 13 13.0451 -55.38508 13 12.0226 -55.38508 13 10.9774 -55.16769 13 9.954903 -54.74258 13 9.000004 -54.12818 13 8.154301 -53.35139 13 7.454903 -52.44608 13 6.932301 -51.45198 13 6.609302 -50.41248 13 6.500004 -49.37289 13 6.609302 -48.37878 13 6.932301 -47.47349 13 7.454903 -46.69668 13 8.154301 -46.08228 13 9.000004 -45.65718 13 9.954903 -20.02739 13 23.97741 -20.02739 13 25.0226 -20.24469 13 26.0451 -20.66989 13 27 -21.28429 13 27.8456 -22.06109 13 28.5451 -22.96629 13 29.0677 -23.96039 13 29.39071 -24.99999 13 29.5 -26.03959 13 29.39071 -27.03369 13 29.0677 -27.93889 13 28.5451 -28.71569 13 27.8456 -29.33009 13 27 -29.75529 13 26.0451 -29.97259 13 25.0226 -29.97259 13 23.97741 -29.75529 13 22.9549 -29.33009 13 22 -28.71569 13 21.1544 -27.93889 13 20.4549 -27.03369 13 19.9323 -26.03959 13 19.6093 -24.99999 13 19.5 -23.96039 13 19.6093 -22.96629 13 19.9323 -22.06109 13 20.4549 -21.28429 13 21.1544 -20.66989 13 22 -20.24469 13 22.9549 -45.14239 13 -12.0226 -45.14239 13 -10.9774 -45.35969 13 -9.954899 -45.78488 13 -8.999997 -46.39928 13 -8.154297 -47.17609 13 -7.454899 -48.08128 13 -6.932297 -49.07548 13 -6.609299 -50.11498 13 -6.499996 -51.15459 13 -6.609299 -52.14868 13 -6.932297 -53.05398 13 -7.454899 -53.83079 13 -8.154297 -54.44518 13 -8.999997 -54.87028 13 -9.954899 -55.08758 13 -10.9774 -55.08758 13 -12.0226 -54.87028 13 -13.0451 -54.44518 13 -14 -53.83079 13 -14.8457 -53.05398 13 -15.5451 -52.14868 13 -16.0677 -51.15459 13 -16.3907 -50.11498 13 -16.5 -49.07548 13 -16.3907 -48.08128 13 -16.0677 -47.17609 13 -15.5451 -46.39928 13 -14.8457 -45.78488 13 -14 -45.35969 13 -13.0451 -20.02739 13 -25.0226 -20.02739 13 -23.9774 -20.24469 13 -22.9549 -20.66989 13 -22 -21.28429 13 -21.1543 -22.06109 13 -20.4549 -22.96629 13 -19.9323 -23.96039 13 -19.6093 -24.99999 13 -19.5 -26.03959 13 -19.6093 -27.03369 13 -19.9323 -27.93889 13 -20.4549 -28.71569 13 -21.1543 -29.33009 13 -22 -29.75529 13 -22.9549 -29.97259 13 -23.9774 -29.97259 13 -25.0226 -29.75529 13 -26.0451 -29.33009 13 -27 -28.71569 13 -27.8457 -27.93889 13 -28.5451 -27.03369 13 -29.0677 -26.03959 13 -29.3907 -24.99999 13 -29.5 -23.96039 13 -29.3907 -22.96629 13 -29.0677 -22.06109 13 -28.5451 -21.28429 13 -27.8457 -20.66989 13 -27 -20.24469 13 -26.0451 29.97261 13 -0.5225983 29.97261 13 0.5226021 29.75531 13 1.545101 29.33012 13 2.500004 28.71571 13 3.345703 27.93891 13 4.045101 27.03372 13 4.567703 26.03961 13 4.890701 25.00002 13 5.000004 23.96041 13 4.890701 22.96632 13 4.567703 22.06111 13 4.045101 21.28431 13 3.345703 20.66991 13 2.500004 20.24471 13 1.545101 20.02741 13 0.5226021 20.02741 13 -0.5225983 20.24471 13 -1.545097 20.66991 13 -2.499996 21.28431 13 -3.345695 22.06111 13 -4.045097 22.96632 13 -4.567696 23.96041 13 -4.890697 25.00002 13 -4.999996 26.03961 13 -4.890697 27.03372 13 -4.567696 27.93891 13 -4.045097 28.71571 13 -3.345695 29.33012 13 -2.499996 29.75531 13 -1.545097 54.97302 13 -35.0226 54.97302 13 -33.97739 54.75502 13 -32.95489 54.33001 13 -32 53.71602 13 -31.1543 52.93902 13 -30.4549 52.03402 13 -29.9323 51.04001 13 -29.6093 50.00001 13 -29.5 48.96001 13 -29.6093 47.96602 13 -29.9323 47.06102 13 -30.4549 46.28402 13 -31.1543 45.67001 13 -32 45.24502 13 -32.95489 45.02702 13 -33.97739 45.02702 13 -35.0226 45.24502 13 -36.0451 45.67001 13 -37 46.28402 13 -37.84569 47.06102 13 -38.5451 47.96602 13 -39.06769 48.96001 13 -39.3907 50.00001 13 -39.5 51.04001 13 -39.3907 52.03402 13 -39.06769 52.93902 13 -38.5451 53.71602 13 -37.84569 54.33001 13 -37 54.75502 13 -36.0451 54.97302 13 -12.0226 54.97302 13 -10.9774 54.75502 13 -9.954899 54.33001 13 -8.999997 53.71602 13 -8.154297 52.93902 13 -7.454899 52.03402 13 -6.932297 51.04001 13 -6.609299 50.00001 13 -6.499996 48.96001 13 -6.609299 47.96602 13 -6.932297 47.06102 13 -7.454899 46.28402 13 -8.154297 45.67001 13 -8.999997 45.24502 13 -9.954899 45.02702 13 -10.9774 45.02702 13 -12.0226 45.24502 13 -13.0451 45.67001 13 -14 46.28402 13 -14.8457 47.06102 13 -15.5451 47.96602 13 -16.0677 48.96001 13 -16.3907 50.00001 13 -16.5 51.04001 13 -16.3907 52.03402 13 -16.0677 52.93902 13 -15.5451 53.71602 13 -14.8457 54.33001 13 -14 54.75502 13 -13.0451 54.97302 13 10.9774 54.97302 13 12.0226 54.75502 13 13.0451 54.33001 13 14 53.71602 13 14.8456 52.93902 13 15.5451 52.03402 13 16.0677 51.04001 13 16.39071 50.00001 13 16.5 48.96001 13 16.39071 47.96602 13 16.0677 47.06102 13 15.5451 46.28402 13 14.8456 45.67001 13 14 45.24502 13 13.0451 45.02702 13 12.0226 45.02702 13 10.9774 45.24502 13 9.954903 45.67001 13 9.000004 46.28402 13 8.154301 47.06102 13 7.454903 47.96602 13 6.932301 48.96001 13 6.609302 50.00001 13 6.500004 51.04001 13 6.609302 52.03402 13 6.932301 52.93902 13 7.454903 53.71602 13 8.154301 54.33001 13 9.000004 54.75502 13 9.954903 4.97261 13 -12.0226 4.97261 13 -10.9774 4.75531 13 -9.954899 4.330116 13 -8.999997 3.715713 13 -8.154297 2.938911 13 -7.454899 2.033714 13 -6.932297 1.039612 13 -6.609299 1.52588e-5 13 -6.499996 -1.039589 13 -6.609299 -2.033684 13 -6.932297 -2.938889 13 -7.454899 -3.715683 13 -8.154297 -4.330086 13 -8.999997 -4.755287 13 -9.954899 -4.972588 13 -10.9774 -4.972588 13 -12.0226 -4.755287 13 -13.0451 -4.330086 13 -14 -3.715683 13 -14.8457 -2.938889 13 -15.5451 -2.033684 13 -16.0677 -1.039589 13 -16.3907 1.52588e-5 13 -16.5 1.039612 13 -16.3907 2.033714 13 -16.0677 2.938911 13 -15.5451 3.715713 13 -14.8457 4.330116 13 -14 4.75531 13 -13.0451 29.97261 13 23.97741 29.97261 13 25.0226 29.75531 13 26.0451 29.33012 13 27 28.71571 13 27.8456 27.93891 13 28.5451 27.03372 13 29.0677 26.03961 13 29.39071 25.00002 13 29.5 23.96041 13 29.39071 22.96632 13 29.0677 22.06111 13 28.5451 21.28431 13 27.8456 20.66991 13 27 20.24471 13 26.0451 20.02741 13 25.0226 20.02741 13 23.97741 20.24471 13 22.9549 20.66991 13 22 21.28431 13 21.1544 22.06111 13 20.4549 22.96632 13 19.9323 23.96041 13 19.6093 25.00002 13 19.5 26.03961 13 19.6093 27.03372 13 19.9323 27.93891 13 20.4549 28.71571 13 21.1544 29.33012 13 22 29.75531 13 22.9549 4.97261 13 10.9774 4.97261 13 12.0226 4.75531 13 13.0451 4.330116 13 14 3.715713 13 14.8456 2.938911 13 15.5451 2.033714 13 16.0677 1.039612 13 16.39071 1.52588e-5 13 16.5 -1.039589 13 16.39071 -2.033684 13 16.0677 -2.938889 13 15.5451 -3.715683 13 14.8456 -4.330086 13 14 -4.755287 13 13.0451 -4.972588 13 12.0226 -4.972588 13 10.9774 -4.755287 13 9.954903 -4.330086 13 9.000004 -3.715683 13 8.154301 -2.938889 13 7.454903 -2.033684 13 6.932301 -1.039589 13 6.609302 1.52588e-5 13 6.500004 1.039612 13 6.609302 2.033714 13 6.932301 2.938911 13 7.454903 3.715713 13 8.154301 4.330116 13 9.000004 4.75531 13 9.954903 4.97261 13 33.9774 4.97261 13 35.0226 4.75531 13 36.0451 4.330116 13 37 3.715713 13 37.8456 2.938911 13 38.5451 2.033714 13 39.0677 1.039612 13 39.3907 1.52588e-5 13 39.5 -1.039589 13 39.3907 -2.033684 13 39.0677 -2.938889 13 38.5451 -3.715683 13 37.8456 -4.330086 13 37 -4.755287 13 36.0451 -4.972588 13 35.0226 -4.972588 13 33.9774 -4.755287 13 32.9549 -4.330086 13 32 -3.715683 13 31.1544 -2.938889 13 30.4549 -2.033684 13 29.9323 -1.039589 13 29.6093 1.52588e-5 13 29.5 1.039612 13 29.6093 2.033714 13 29.9323 2.938911 13 30.4549 3.715713 13 31.1544 4.330116 13 32 4.75531 13 32.9549</float_array>
          <technique_common>
            <accessor source="#shape0_004-mesh-positions-array" count="3064" stride="3">
              <param name="X" type="float"/>
              <param name="Y" type="float"/>
              <param name="Z" type="float"/>
            </accessor>
          </technique_common>
        </source>
        <source id="shape0_004-mesh-normals">
          <float_array id="shape0_004-mesh-normals-array" count="7884">0 -1 0 -1 0 0 0 0 1 1 0 0 0 0 -1 -0.994139 0 -0.1081098 -0.994139 0 0.1081092 -0.9476507 0 0.3193091 -0.9476515 0 0.3193067 -0.8568482 0 0.5155688 -0.7259836 0 0.6877121 -0.561204 0 0.8276775 -0.3701629 0 0.9289669 -0.1617588 0 0.9868303 0.05415421 0 0.9985326 0.267506 0 0.9635563 0.4684158 0 0.8835083 0.6473495 0 0.7621933 0.7961128 0 0.6051483 0.907567 0 0.4199072 0.9075675 0 0.4199063 0.9766257 0 0.2149474 0.9766257 0 -0.2149474 0.9075694 0 -0.4199023 0.9075675 0 -0.4199063 0.7961109 0 -0.6051508 0.6473526 0 -0.7621908 0.4684137 0 -0.8835092 0.4684056 0 -0.8835136 0.2675108 0 -0.9635549 0.2675011 0 -0.9635576 0.05416202 0 -0.9985322 -0.1617462 0 -0.9868325 -0.1617563 0 -0.9868308 -0.3701674 0 -0.9289652 -0.5612112 0 -0.8276727 -0.7259824 0 -0.6877134 -0.8568482 0 -0.5155688 -0.9476507 0 -0.3193091 -0.9941255 0 -0.1082342 -0.9941254 0 -0.1082342 -0.9941255 1.39959e-7 -0.1082342 -0.9941617 0 -0.1079006 -0.9941617 0 0.1079 -0.9941256 0 0.1082336 -0.9941255 -1.39959e-7 0.1082336 -0.9941255 0 0.1082336 -0.9476629 0 0.3192727 -0.9476629 0 0.3192727 -0.9476629 0 0.3192727 -0.9476637 0 0.3192704 -0.9476637 0 0.3192704 -0.9476637 0 0.3192704 -0.8567131 0 0.5157933 -0.7260698 0 0.6876211 -0.5613898 0 0.8275515 -0.3701521 0 0.9289712 -0.1617989 0 0.9868238 0.05413472 0 0.9985337 0.2673989 0 0.963586 0.4687242 0 0.8833446 0.4684277 0 0.8835018 0.4684277 0 0.8835018 0.4684277 0 0.8835018 0.6471678 0 0.7623476 0.7960562 0 0.6052228 0.907593 0 0.4198514 0.907593 0 0.4198514 0.907593 0 0.4198514 0.9075934 0 0.4198504 0.9075934 0 0.4198504 0.9075934 0 0.4198504 0.9766111 0 0.2150132 0.9766111 0 0.2150132 0.9766111 0 0.2150132 0.97657 0 0.2152006 0.97657 0 0.2152005 0.97657 0 0.2152005 0.9766111 0 -0.2150132 0.9766112 0 -0.2150133 0.9766111 0 -0.2150132 0.97657 0 -0.2152005 0.97657 0 -0.2152005 0.97657 0 -0.2152005 0.9075952 0 -0.4198464 0.9075952 0 -0.4198464 0.9075952 0 -0.4198464 0.9075934 0 -0.4198504 0.9075934 0 -0.4198504 0.9075934 0 -0.4198504 0.7960543 0 -0.6052253 0.6471709 0 -0.7623451 0.4684257 0 -0.8835029 0.4684257 0 -0.8835029 0.4684257 0 -0.8835029 0.4684175 0 -0.8835073 0.4684175 0 -0.8835073 0.4684175 0 -0.8835073 0.2674037 0 -0.9635847 0.2673941 0 -0.9635874 0.05414253 0 -0.9985333 -0.1617862 0 -0.9868258 -0.1617964 0 -0.9868242 -0.3701567 0 -0.9289694 -0.561397 0 -0.8275467 -0.7260686 0 -0.6876224 -0.8567131 0 -0.5157933 -0.9475557 0 -0.3195907 -0.9476629 0 -0.3192727 -0.9476629 0 -0.3192727 -0.9476629 0 -0.3192727 -0.9941391 0 -0.1081095 -0.9941391 0 0.1081095 -0.9476509 0 0.3193087 -0.7259855 0 0.6877101 0.05415809 0 0.9985324 0.4684127 0 0.8835099 0.6474111 0 0.7621411 0.796074 0 0.6051993 0.9075677 0 0.4199057 0.9766258 0 0.2149469 0.9766256 0 -0.2149477 0.9075684 0 -0.4199042 0.7960726 0 -0.6052012 0.6474111 0 -0.7621411 0.4684127 0 -0.8835099 0.2675096 0 -0.9635553 0.05415421 0 -0.9985326 -0.1617512 0 -0.9868316 -0.3701663 0 -0.9289656 -0.5612067 0 -0.8276757 -0.7259855 0 -0.6877101 -0.8568472 0 -0.5155706 -0.9476509 0 -0.3193087 -0.9477088 0 0.3191365 -0.9477089 0 0.3191365 -0.9477088 2.04971e-7 0.3191365 -0.9477093 0 0.3191348 -0.9477094 0 0.3191349 -0.9477094 0 0.3191349 -0.8567118 0 0.5157955 -0.726071 0 0.6876198 -0.5613934 0 0.8275492 -0.3701476 0 0.928973 -0.1618015 0 0.9868234 0.05414253 0 0.9985333 0.05413728 0 0.9985335 0.2677223 0 0.9634962 0.2677223 0 0.9634962 0.2677223 0 0.9634962 0.2677223 0 0.9634962 0.2677223 -2.14845e-7 0.9634962 0.2677223 0 0.9634962 0.4684298 0 0.8835008 0.4684298 0 0.8835008 0.4684298 0 0.8835008 0.4684216 0 0.8835051 0.4684216 0 0.8835051 0.4684216 0 0.8835051 0.6475939 0 0.7619858 0.6475939 0 0.7619857 0.6475939 0 0.7619858 0.6475939 0 0.7619857 0.6475939 -4.47731e-7 0.7619858 0.6475939 0 0.7619858 0.7960178 0 0.6052731 0.7960159 0 0.6052757 0.9075943 0 0.4198484 0.9075943 0 0.4198484 0.9075943 0 0.4198484 0.9075934 0 0.4198504 0.9075934 0 0.4198504 0.9765908 0 0.2151058 0.9765908 0 0.2151058 0.9765908 0 0.2151058 0.9765906 0 0.2151069 0.9765906 0 0.2151069 0.9765906 0 0.2151069 0.9765908 0 -0.2151058 0.9765908 0 -0.2151058 0.9765908 0 -0.2151058 0.9765903 0 -0.215108 0.9765903 0 -0.215108 0.9765903 0 -0.215108 0.9075938 0 -0.4198493 0.9075938 0 -0.4198493 0.9075938 0 -0.4198493 0.9075943 0 -0.4198484 0.9075943 0 -0.4198484 0.9075943 0 -0.4198484 0.7960159 0 -0.6052757 0.796017 0 -0.6052744 0.6475954 0 -0.7619844 0.6475954 0 -0.7619845 0.6475954 4.47846e-7 -0.7619844 0.6475954 0 -0.7619845 0.6475954 0 -0.7619844 0.6475954 0 -0.7619844 0.4684237 0 -0.883504 0.4684237 0 -0.883504 0.4684237 0 -0.883504 0.4684237 0 -0.883504 0.4684237 0 -0.883504 0.4684237 0 -0.883504 0.2677223 0 -0.9634962 0.2677223 0 -0.9634962 0.2677223 3.17812e-7 -0.9634962 0.2677223 0 -0.9634962 0.2677223 0 -0.9634962 0.2677223 0 -0.9634962 0.05413991 0 -0.9985334 -0.1617913 0 -0.9868251 -0.3701544 0 -0.9289703 -0.5613916 0 -0.8275503 -0.5613934 0 -0.8275492 -0.7260698 0 -0.6876211 -0.7260722 0 -0.6876185 -0.8567118 0 -0.5157955 -0.9477093 0 -0.3191349 -0.9477094 -2.04971e-7 -0.3191349 -0.9477094 0 -0.3191349 -0.9941617 0 -0.1079003 -0.9941617 0 0.1079003 -0.9476631 0 0.3192723 -0.9476631 0 0.3192723 -0.9476631 0 0.3192723 -0.9477089 0 0.319136 -0.947709 0 0.319136 -0.947709 0 0.319136 -0.7260716 0 0.6876192 0.0541386 0 0.9985335 0.4684247 0 0.8835034 0.4684247 0 0.8835034 0.4684247 0 0.8835034 0.4684246 0 0.8835034 0.4684247 0 0.8835034 0.4684247 0 0.8835034 0.6472293 0 0.7622956 0.7960174 0 0.6052738 0.9075534 0 0.4199369 0.9075534 0 0.4199369 0.9075534 0 0.4199369 0.9075534 0 0.4199369 0.9075534 0 0.4199369 0.9075534 0 0.4199369 0.9765906 0 0.2151063 0.9765906 0 0.2151063 0.9765906 0 0.2151063 0.9765906 0 0.2151063 0.9765906 0 0.2151063 0.9765906 0 0.2151063 0.9765905 0 -0.2151072 0.9765905 0 -0.2151072 0.9765905 0 -0.2151072 0.9765905 0 -0.2151072 0.9765905 0 -0.2151072 0.9765905 0 -0.2151072 0.907554 0 -0.4199354 0.907554 0 -0.4199354 0.907554 0 -0.4199354 0.907554 0 -0.4199354 0.907554 0 -0.4199354 0.907554 0 -0.4199354 0.6472293 0 -0.7622956 0.4684247 0 -0.8835034 0.4684246 0 -0.8835034 0.4684247 0 -0.8835034 0.4684247 0 -0.8835034 0.4684247 0 -0.8835034 0.4684247 0 -0.8835034 0.2674025 0 -0.963585 0.05413472 0 -0.9985337 -0.3701555 0 -0.9289698 -0.5613925 0 -0.8275497 -0.7260716 0 -0.6876192 -0.8567122 0 -0.515795 -0.947709 0 -0.319136 -0.9477089 0 -0.319136 -0.947709 0 -0.319136 -0.9476631 0 -0.3192723 -0.9476631 0 -0.3192723 -0.9476631 0 -0.3192723 -0.9476512 0 0.3193075 -0.8568469 0 0.5155711 -0.7259848 0 0.6877108 -0.5612077 0 0.8276752 -0.3701584 0 0.9289687 -0.1617614 0 0.98683 0.05416202 0 0.9985322 0.05415678 0 0.9985325 0.4684178 0 0.8835071 0.4684097 0 0.8835115 0.6474103 0 0.7621417 0.7960745 0 0.6051987 0.7960726 0 0.6052012 0.9075684 0 0.4199042 0.9766259 0 0.2149463 0.9766259 0 -0.2149463 0.9766254 0 -0.2149485 0.907568 0 -0.4199053 0.7960736 0 -0.6051999 0.6474118 0 -0.7621404 0.4684117 0 -0.8835104 0.267506 0 -0.9635563 0.0541594 0 -0.9985323 -0.3701652 0 -0.928966 -0.5612058 0 -0.8276763 -0.5612077 0 -0.8276752 -0.7259836 0 -0.6877121 -0.7259861 0 -0.6877095 -0.8568469 0 -0.5155711 -0.9476512 0 -0.3193075 -0.9975666 0 -0.06971997 -0.9975666 0 -0.06971997 -0.9975667 0 0.06971973 -0.9975666 0 0.06971985 -0.9781566 0 0.2078697 -0.9781566 0 0.2078697 -0.9396694 0 0.3420839 -0.9396696 0 0.3420838 -0.8828482 0 0.4696587 -0.8828482 0 0.4696587 -0.8828482 0 0.4696587 -0.8828481 0 0.4696589 -0.8828481 -2.78005e-7 0.4696589 -0.8828481 0 0.4696589 -0.8090688 0 0.5877139 -0.8090688 0 0.5877139 -0.8090688 0 0.5877139 -0.8091251 0 0.5876365 -0.8091251 0 0.5876365 -0.8091251 0 0.5876365 -0.7193449 0 0.6946532 -0.7193448 0 0.6946533 -0.6157543 0 0.7879384 -0.6157544 0 0.7879382 -0.5000001 0 0.8660254 -0.4999999 0 0.8660255 -0.3745901 0 0.9271906 -0.3745901 0 0.9271906 -0.2419519 0 0.9702882 -0.2419518 0 0.9702883 -0.1045362 0 0.9945211 -0.1045362 0 0.9945212 0.03492009 0 0.9993902 0.03492009 0 0.9993902 0.1736295 0 0.9848111 0.1736294 0 0.9848111 0.308971 0 0.9510715 0.3089709 0 0.9510715 0.4384286 0 0.898766 0.5592953 0 0.8289685 0.5592951 0 0.8289687 0.6689655 0 0.7432935 0.6689656 0 0.7432934 0.766187 0 0.6426178 0.766187 0 0.6426178 0.8481076 0 0.529824 0.8481076 0 0.5298241 0.9133541 0 0.4071664 0.9134904 0 0.4068602 0.9134904 0 0.4068602 0.9134904 0 0.4068602 0.9612624 0 0.2756349 0.9612624 0 0.275635 0.9902744 0 0.1391283 0.9902744 0 0.1391283 0.9902744 0 0.1391283 0.9902744 0 0.1391283 0.9902744 0 0.1391283 0.9902744 0 0.1391283 0.9902744 0 -0.1391279 0.9902745 0 -0.1391279 0.9902744 0 -0.1391279 0.9902745 0 -0.139128 0.9902744 0 -0.139128 0.9902744 0 -0.139128 0.961262 0 -0.2756364 0.9612622 0 -0.2756361 0.9135494 0 -0.4067279 0.9135494 0 -0.406728 0.9135494 0 -0.4067279 0.9135494 0 -0.4067281 0.9135494 0 -0.4067281 0.9135494 0 -0.4067281 0.8481072 0 -0.5298246 0.8481068 0 -0.5298254 0.766187 0 -0.6426178 0.766187 0 -0.6426178 0.6689664 0 -0.7432926 0.6689648 0 -0.7432941 0.5592944 0 -0.8289692 0.5592961 0 -0.8289679 0.4384354 0 -0.8987627 0.438433 0 -0.8987639 0.3089684 0 -0.9510724 0.3089658 0 -0.9510732 0.1736277 0 -0.9848114 0.1736249 0 -0.9848119 0.03492403 0 -0.9993901 0.03492116 0 -0.9993901 -0.1045362 0 -0.9945211 -0.1045362 0 -0.9945212 -0.2419512 0 -0.9702884 -0.2419512 0 -0.9702885 -0.3745936 0 -0.9271891 -0.3745911 0 -0.9271902 -0.4999977 0 -0.8660268 -0.4999997 0 -0.8660257 -0.6157547 0 -0.7879379 -0.6157563 0 -0.7879367 -0.719343 0 -0.6946551 -0.7193443 0 -0.6946538 -0.8087304 0 -0.5881797 -0.8087308 0 -0.5881791 -0.8830736 0 -0.4692345 -0.8830736 0 -0.4692347 -0.9396685 0 -0.3420862 -0.9396685 0 -0.3420863 -0.978157 0 -0.207868 -0.9781569 0 -0.2078683 -0.9975618 0 -0.06978911 -0.9975618 0 -0.06978935 -0.9975618 0 0.06978911 -0.9975618 0 0.06978935 -0.9781568 0 0.2078685 -0.9781566 0 0.2078692 -0.9396902 0 0.3420269 -0.9396902 0 0.342027 -0.8829382 0 0.4694892 -0.8829382 0 0.4694893 -0.8090292 0 0.5877684 -0.8090272 0 0.5877713 -0.7193255 0 0.6946732 -0.7193254 0 0.6946733 -0.6156653 0 0.7880079 -0.6156687 0 0.7880052 -0.5000083 0 0.8660206 -0.5000082 0 0.8660207 -0.374608 0 0.9271834 -0.3746079 0 0.9271833 -0.2419179 0 0.9702968 -0.2419232 0 0.9702954 -0.1045279 0 0.994522 -0.1045278 0 0.994522 0.03490251 0 0.9993907 0.03490251 0 0.9993908 0.1736516 0 0.9848071 0.173646 0 0.9848082 0.3090066 0 0.9510599 0.3090065 0 0.9510599 0.4383761 0 0.8987917 0.4383759 0 0.8987917 0.5591826 0 0.8290445 0.5591863 0 0.829042 0.6691526 0 0.743125 0.6691526 0 0.7431251 0.7660266 0 0.6428089 0.7660266 0 0.642809 0.8480571 0 0.5299049 0.848057 0 0.529905 0.9135432 0 0.4067417 0.9135442 0 0.4067398 0.9612625 0 0.2756345 0.961263 0 0.2756331 0.9902684 0 0.1391713 0.9902684 0 0.1391713 0.9902684 0 -0.1391713 0.9902683 0 -0.1391717 0.961263 0 -0.275633 0.9612628 0 -0.2756338 0.9135437 0 -0.4067407 0.9135442 0 -0.4067398 0.8480484 0 -0.5299189 0.8480491 0 -0.5299178 0.7660266 0 -0.6428089 0.7660278 0 -0.6428076 0.6691574 0 -0.7431208 0.6691604 0 -0.7431181 0.5592021 0 -0.8290314 0.5592039 0 -0.8290302 0.4383577 0 -0.8988006 0.4383575 0 -0.8988007 0.3090425 0 -0.9510483 0.309045 0 -0.9510475 0.1735938 0 -0.9848174 0.1735965 0 -0.9848169 0.03492802 0 -0.9993898 0.03492516 0 -0.99939 -0.1045223 0 -0.9945226 -0.1045222 0 -0.9945226 -0.2419366 0 -0.970292 -0.2419366 0 -0.9702921 -0.3746153 0 -0.9271804 -0.3746103 0 -0.9271824 -0.5000019 0 -0.8660243 -0.6156582 0 -0.7880133 -0.6156598 0 -0.788012 -0.7193145 0 -0.6946846 -0.7193145 0 -0.6946847 -0.8090401 0 -0.5877536 -0.80904 0 -0.5877537 -0.8829376 0 -0.4694904 -0.8829369 0 -0.4694917 -0.9396896 0 -0.3420287 -0.9396902 0 -0.342027 -0.9781566 0 -0.2078697 -0.9781569 0 -0.207868 -0.9781424 0 0.2079363 -0.9781424 0 0.2079362 -0.9396903 0 0.3420268 -0.8829371 0 0.4694913 -0.8829371 0 0.4694914 -0.8090403 0 0.5877532 -0.8090402 0 0.5877534 -0.7193151 0 0.6946841 -0.7193149 0 0.6946842 -0.6156577 0 0.7880137 -0.6156579 0 0.7880136 -0.3746142 0 0.9271808 -0.3746143 0 0.9271808 -0.2419368 0 0.970292 -0.2419366 0 0.9702922 -0.1045223 0 0.9945226 -0.1045222 0 0.9945226 0.03492707 0 0.99939 0.03492707 0 0.9993899 0.1735955 0 0.984817 0.1735954 0 0.9848172 0.309047 0 0.9510469 0.3090468 0 0.9510468 0.4383543 0 0.8988024 0.5592032 0 0.8290308 0.559203 0 0.8290308 0.6691595 0 0.7431188 0.6691596 0 0.7431187 0.8480497 0 0.529917 0.8480495 0 0.5299171 0.9135481 0 0.4067308 0.9135479 0 0.4067313 0.9612631 0 0.2756326 0.9612631 0 0.2756327 0.9902663 0 0.139186 0.9902663 0 0.1391861 0.9902663 0 -0.1391857 0.9902663 0 -0.1391857 0.9612627 0 -0.2756341 0.9135484 0 -0.4067303 0.9135483 0 -0.4067305 0.8480492 0 -0.5299177 0.8480486 0 -0.5299184 0.7660266 0 -0.642809 0.6691605 0 -0.743118 0.6691588 0 -0.7431194 0.438361 0 -0.8987991 0.4383586 0 -0.8988002 0.3090444 0 -0.9510477 0.3090417 0 -0.9510485 0.173591 0 -0.9848179 0.03493094 0 -0.9993898 0.03492808 0 -0.9993899 -0.2419361 0 -0.9702922 -0.241936 0 -0.9702923 -0.3746178 0 -0.9271793 -0.3746152 0 -0.9271804 -0.7193132 0 -0.694686 -0.8090404 0 -0.587753 -0.8829376 0 -0.4694905 -0.9396894 0 -0.3420292 -0.9396893 0 -0.3420292 -0.9781428 0 -0.2079346 -0.9781427 0 -0.2079349 -0.9975618 0 -0.06978929 -0.9975618 0 -0.06978911 -0.9975618 0 0.06978929 -0.9975618 0 0.06978911 -0.9781568 0 0.2078691 -0.9396899 0 0.3420278 -0.9396898 0 0.3420279 -0.8829376 0 0.4694904 -0.8829376 0 0.4694905 -0.8090406 0 0.5877529 -0.8090404 0 0.587753 -0.7193139 0 0.6946853 -0.7193138 0 0.6946853 -0.6156591 0 0.7880127 -0.6156589 0 0.7880128 -0.5000019 0 0.8660243 -0.5000018 0 0.8660245 -0.3746129 0 0.9271814 -0.3746116 0 0.9271818 -0.241938 0 0.9702917 -0.2419366 0 0.9702921 0.03492671 0 0.99939 0.03492671 0 0.9993899 0.1735961 0 0.9848169 0.1735947 0 0.9848173 0.3090477 0 0.9510466 0.3090476 0 0.9510467 0.4383555 0 0.8988018 0.4383553 0 0.8988018 0.6691566 0 0.7431215 0.6691565 0 0.7431216 0.766029 0 0.6428061 0.7660283 0 0.6428069 0.8480492 0 0.5299177 0.8480491 0 0.5299178 0.9135484 0 0.4067303 0.9135483 0 0.4067305 0.961263 0 0.275633 0.9612632 0 0.2756323 0.9902662 0 0.1391866 0.9902661 0 0.139187 0.9902663 0 -0.1391854 0.9902663 0 -0.1391855 0.9612628 0 -0.2756338 0.9612625 0 -0.2756346 0.9135488 0 -0.4067292 0.8480483 0 -0.529919 0.5592041 0 -0.82903 0.559202 0 -0.8290315 0.43836 0 -0.8987995 0.4383599 0 -0.8987996 0.3090374 0 -0.95105 0.3090399 0 -0.9510492 0.1735961 0 -0.9848169 0.1735988 0 -0.9848165 0.03492814 0 -0.9993898 0.03493094 0 -0.9993898 -0.2419393 0 -0.9702914 -0.3746176 0 -0.9271794 -0.4999975 0 -0.8660269 -0.6156599 0 -0.788012 -0.8829382 0 -0.4694893 -0.9396892 0 -0.3420296 -0.9396892 0 -0.3420297 -0.9975666 0 -0.06972002 -0.9975666 0 -0.06972008 -0.9975666 0 0.06971985 -0.9975666 0 0.06972008 -0.9396698 0 0.342083 -0.9396698 0 0.3420832 -0.882848 0 0.469659 -0.882848 0 0.469659 -0.882848 0 0.469659 -0.8828473 0 0.4696603 -0.8828473 -4.22015e-7 0.4696603 -0.8828473 0 0.4696603 -0.8087304 0 0.5881797 -0.8090121 0 0.587792 -0.8090121 0 0.587792 -0.8090121 0 0.587792 -0.7193443 0 0.6946537 -0.7193429 0 0.6946552 -0.6157565 0 0.7879367 -0.6157563 0 0.7879367 -0.3745887 0 0.9271911 -0.3745862 0 0.9271922 -0.2419512 0 0.9702884 -0.2419539 0 0.9702879 0.03491836 0 0.9993903 0.0349183 0 0.9993902 0.1736305 0 0.984811 0.1736332 0 0.9848104 0.4384309 0 0.898765 0.4384307 0 0.898765 0.5592944 0 0.8289692 0.5592961 0 0.8289679 0.6689617 0 0.7432969 0.6692126 0 0.743071 0.6692126 -1.62761e-7 0.743071 0.6692126 0 0.743071 0.7661893 0 0.6426149 0.7661881 0 0.6426165 0.8481072 0 0.5298246 0.8481072 0 0.5298247 0.9135494 0 0.4067279 0.9135494 0 0.4067279 0.9135494 0 0.4067279 0.9135493 0 0.4067281 0.9135494 0 0.4067281 0.9135494 0 0.4067281 0.9612625 0 0.2756345 0.9612623 0 0.2756354 0.9902743 0 0.1391289 0.9902744 0 0.1391289 0.9902743 0 0.1391289 0.9903209 0 0.1387966 0.9903212 0 -0.1387954 0.9903212 0 -0.1387955 0.9612624 0 -0.2756353 0.9612619 0 -0.2756369 0.9135499 0 -0.4067268 0.9135499 0 -0.4067269 0.9135499 0 -0.4067268 0.9135488 0 -0.4067291 0.9135488 0 -0.4067291 0.9135488 0 -0.4067291 0.8481072 0 -0.5298247 0.6692143 0 -0.7430695 0.6692143 0 -0.7430695 0.6692143 0 -0.7430695 0.5592982 0 -0.8289666 0.5592942 0 -0.8289693 0.4384331 0 -0.8987638 0.3089659 0 -0.9510732 0.3089606 0 -0.9510748 0.1736305 0 -0.984811 0.1736305 0 -0.9848109 0.03492403 0 -0.9993901 -0.2419539 0 -0.9702878 -0.2419485 0 -0.9702891 -0.3745935 0 -0.9271892 -0.4999955 0 -0.8660281 -0.6157581 0 -0.7879353 -0.7193443 0 -0.6946537 -0.719347 0 -0.694651 -0.8087313 0 -0.5881782 -0.8090112 0 -0.5877933 -0.8090112 0 -0.5877934 -0.8090112 0 -0.5877934 -0.882848 0 -0.469659 -0.882848 0 -0.469659 -0.882848 4.22015e-7 -0.469659 -0.8828479 0 -0.4696591 -0.8828479 0 -0.4696591 -0.8828479 0 -0.4696591 -0.9396681 0 -0.3420876 -0.9396687 0 -0.3420858 -0.9975665 0 -0.06972253 -0.9975665 0 -0.06972253 -0.9975665 0 0.06972235 -0.9975665 0 0.06972253 -0.9781435 0 0.2079309 -0.9781435 0 0.2079311 -0.9396897 0 0.3420282 -0.9396898 0 0.3420283 -0.8829649 0 0.4694393 -0.8829641 0 0.4694405 -0.8090093 0 0.5877959 -0.8090093 0 0.587796 -0.7193481 0 0.6946499 -0.7193467 0 0.6946514 -0.6156587 0 0.788013 -0.6156587 0 0.7880131 -0.499975 0 0.8660399 -0.4999749 0 0.86604 -0.3746111 0 0.927182 -0.3746086 0 0.927183 -0.2419524 0 0.9702881 -0.241955 0 0.9702875 -0.1045156 0 0.9945233 -0.1045155 0 0.9945233 0.03492528 0 0.99939 0.03492528 0 0.99939 0.1735965 0 0.9848169 0.1735992 0 0.9848164 0.3090659 0 0.9510406 0.3090658 0 0.9510407 0.4383299 0 0.8988142 0.4383298 0 0.8988143 0.5592321 0 0.8290112 0.5592339 0 0.82901 0.6691237 0 0.7431512 0.6691251 0 0.7431498 0.7660609 0 0.6427682 0.7660596 0 0.6427696 0.8480201 0 0.5299641 0.8480201 0 0.5299643 0.9135558 0 0.4067137 0.9135556 0 0.4067139 0.9612619 0 0.2756369 0.9612617 0 0.2756377 0.9902679 0 0.1391745 0.9902679 0 0.1391745 0.9902681 0 -0.1391733 0.9902681 0 -0.1391733 0.9612616 0 -0.2756376 0.9612612 0 -0.2756392 0.9135562 0 -0.4067126 0.9135552 0 -0.4067149 0.8480201 0 -0.5299641 0.8480201 0 -0.5299643 0.7660586 0 -0.642771 0.7660584 0 -0.6427711 0.6691268 0 -0.7431483 0.6691267 0 -0.7431484 0.559236 0 -0.8290085 0.5592319 0 -0.8290113 0.4383322 0 -0.898813 0.4383322 0 -0.8988132 0.3090608 0 -0.9510423 0.3090556 0 -0.951044 0.1735965 0 -0.9848169 -0.1045156 0 -0.9945233 -0.1045155 0 -0.9945233 -0.2419551 0 -0.9702875 -0.2419497 0 -0.9702889 -0.374616 0 -0.9271801 -0.3746159 0 -0.9271801 -0.4999686 0 -0.8660436 -0.4999728 0 -0.8660413 -0.615657 0 -0.7880144 -0.6156604 0 -0.7880116 -0.7193481 0 -0.6946499 -0.7193507 0 -0.6946471 -0.8090103 0 -0.5877946 -0.8090083 0 -0.5877974 -0.8829649 0 -0.4694393 -0.8829647 0 -0.4694394 -0.9396881 0 -0.3420327 -0.9396888 0 -0.342031 -0.9781438 0 -0.2079298 -0.9781438 0 -0.2079299 -0.9975666 0 0.06971997 -0.9975666 0 0.06971997 -0.9781425 0 0.2079357 -0.9781425 0 0.2079358 -0.8829374 0 0.469491 -0.8829369 0 0.4694917 -0.7193132 0 0.694686 -0.7193145 0 0.6946847 -0.6156582 0 0.7880133 -0.6156598 0 0.788012 -0.4999997 0 0.8660257 -0.3746153 0 0.9271804 -0.3746103 0 0.9271824 -0.2419388 0 0.9702916 -0.241936 0 0.9702923 0.03492814 0 0.9993898 0.1735993 0 0.9848164 0.1735965 0 0.9848169 0.3090444 0 0.9510477 0.3090443 0 0.9510477 0.4383564 0 0.8988013 0.4383563 0 0.8988014 0.5592021 0 0.8290314 0.5592039 0 0.8290302 0.6691574 0 0.7431208 0.6691604 0 0.7431181 0.7660278 0 0.6428074 0.7660271 0 0.6428083 0.8480487 0 0.5299183 0.9612629 0 0.2756335 0.9612627 0 -0.275634 0.9135485 0 -0.4067301 0.9135484 0 -0.4067302 0.8480487 0 -0.5299183 0.8480489 0 -0.5299181 0.6691597 0 -0.7431187 0.6691594 0 -0.7431189 0.5592032 0 -0.8290308 0.559203 0 -0.8290308 0.4383584 0 -0.8988003 0.4383581 0 -0.8988004 0.3090425 0 -0.9510483 0.3090423 0 -0.9510483 0.1735954 0 -0.984817 0.1735954 0 -0.984817 0.03492707 0 -0.99939 0.03492707 0 -0.9993899 -0.2419367 0 -0.970292 -0.3746123 0 -0.9271816 -0.374612 0 -0.9271817 -0.5000001 0 -0.8660254 -0.4999999 0 -0.8660255 -0.6156595 0 -0.7880123 -0.6156592 0 -0.7880126 -0.7193151 0 -0.6946841 -0.7193149 0 -0.6946842 -0.8090403 0 -0.5877532 -0.8090402 0 -0.5877534 -0.8829371 0 -0.4694913 -0.8829371 0 -0.4694914 -0.9396897 0 -0.3420283 -0.9396896 0 -0.3420286 -0.9781427 0 -0.2079351 -0.9781426 0 -0.2079355 -0.9975666 0 -0.06971985 -0.9781427 0 0.2079351 -0.2419174 0 0.9702969 -0.2419226 0 0.9702956 0.03490257 0 0.9993907 0.03490257 0 0.9993908 0.3090059 0 0.9510602 0.3090057 0 0.9510602 0.4383771 0 0.8987913 0.4383769 0 0.8987913 0.9135478 0 0.4067313 0.9135488 0 0.4067294 0.9902663 0 0.1391859 0.9902663 0 0.1391859 0.9902663 0 -0.1391859 0.9902662 0 -0.1391863 0.9135488 0 -0.4067294 0.4383587 0 -0.8988001 0.3090418 0 -0.9510484 0.3090443 0 -0.9510477 0.03492528 0 -0.99939 -0.9781424 0 -0.2079363 -0.9781428 0 -0.2079346 -0.9396694 0 0.3420841 -0.8828483 0 0.4696584 -0.8828483 0 0.4696584 -0.8828483 0 0.4696584 -0.8828479 0 0.4696591 -0.8828479 -2.78005e-7 0.4696591 -0.8828479 0 0.4696591 -0.8090127 0 0.5877912 -0.8090128 0 0.5877912 -0.8090127 0 0.5877912 -0.8090127 0 0.5877913 -0.8090127 0 0.5877913 -0.8090127 0 0.5877913 -0.719343 0 0.6946551 -0.7193443 0 0.6946538 -0.6157547 0 0.7879379 -0.3745912 0 0.9271901 -0.2419539 0 0.9702878 -0.2419512 0 0.9702885 0.03492116 0 0.9993901 0.1736333 0 0.9848105 0.1736305 0 0.9848109 0.3089684 0 0.9510724 0.3089683 0 0.9510723 0.6689633 0 0.7432955 0.6689664 0 0.7432927 0.7661882 0 0.6426163 0.7661876 0 0.6426172 0.8481069 0 0.5298253 0.9134908 0 0.4068595 0.9134908 0 0.4068595 0.9134908 0 0.4068595 0.9612624 0 0.2756353 0.9612622 0 0.2756358 0.990321 0 0.138796 0.9612621 0 -0.2756363 0.913491 0 -0.406859 0.913491 0 -0.406859 0.913491 0 -0.406859 0.913491 0 -0.4068592 0.913491 0 -0.4068592 0.913491 0 -0.4068592 0.8481069 0 -0.5298253 0.848107 0 -0.5298251 0.6689656 0 -0.7432934 0.6689653 0 -0.7432936 0.5592953 0 -0.8289685 0.5592951 0 -0.8289687 0.4384328 0 -0.898764 0.4384326 0 -0.8987641 0.3089665 0 -0.9510729 0.3089664 0 -0.9510731 0.1736294 0 -0.9848111 0.1736294 0 -0.9848111 0.03492009 0 -0.9993902 0.03492009 0 -0.9993902 -0.2419518 0 -0.9702883 -0.3745881 0 -0.9271914 -0.3745878 0 -0.9271914 -0.615756 0 -0.787937 -0.6157557 0 -0.7879372 -0.7193449 0 -0.6946532 -0.7193448 0 -0.6946533 -0.8091253 0 -0.5876364 -0.8091253 0 -0.5876364 -0.8091253 0 -0.5876364 -0.8090687 0 -0.587714 -0.8090687 0 -0.587714 -0.8090687 0 -0.587714 -0.8828482 0 -0.4696587 -0.8828482 0 -0.4696587 -0.8828482 2.05885e-7 -0.4696587 -0.8830732 0 -0.4692355 -0.939669 0 -0.3420853 -0.9396688 0 -0.3420856 -0.9781568 0 -0.2078685 -0.9781567 0 -0.2078689 -0.9975666 0 -0.06971997 -0.9975666 0 -0.06971997 -0.9975666 0 0.06971979 -0.9975666 0 0.06971979 -0.9781566 0 0.2078696 -0.9781566 0 0.2078698 -0.9396678 0 0.3420882 -0.9396678 0 0.3420883 -0.8828482 0 0.4696585 -0.8828482 -2.78005e-7 0.4696585 -0.8828482 0 0.4696585 -0.8090686 0 0.5877143 -0.8090686 0 0.5877143 -0.8090686 0 0.5877143 -0.7193475 0 0.6946504 -0.7193471 0 0.6946509 -0.6157546 0 0.7879381 -0.5000262 0 0.8660103 -0.5000255 0 0.8660108 -0.3746141 0 0.9271808 -0.374614 0 0.927181 -0.2419374 0 0.9702919 0.1735951 0 0.9848172 0.4383541 0 0.8988025 0.438354 0 0.8988025 0.6691585 0 0.7431198 0.6691583 0 0.7431198 0.7660279 0 0.6428074 0.7660279 0 0.6428076 0.9135485 0 0.4067301 0.9135484 0 0.4067302 0.9612622 0 0.2756356 0.9902663 0 0.1391862 0.9902663 0 -0.1391857 0.9902663 0 -0.1391857 0.9612621 0 -0.2756363 0.8480489 0 -0.529918 0.7660279 0 -0.6428074 0.7660279 0 -0.6428076 0.6691585 0 -0.7431198 0.6691583 0 -0.7431198 0.5592024 0 -0.8290312 0.309043 0 -0.9510481 0.1735951 0 -0.9848172 0.1735951 0 -0.9848172 0.03492671 0 -0.99939 -0.2419374 0 -0.9702919 -0.3746129 0 -0.9271814 -0.3746116 0 -0.9271818 -0.5000256 0 -0.8660107 -0.500026 0 -0.8660104 -0.6157559 0 -0.7879371 -0.7193472 0 -0.6946508 -0.7193474 0 -0.6946505 -0.8090685 0 -0.5877144 -0.8090685 0 -0.5877144 -0.8090685 0 -0.5877144 -0.8828483 0 -0.4696584 -0.8828483 0 -0.4696584 -0.8828483 2.05885e-7 -0.4696584 -0.9396673 0 -0.3420898 -0.9396672 0 -0.3420899 -0.9781568 0 -0.2078687 -0.9781568 0 -0.2078687 -0.882937 0 0.4694916 -0.8090411 0 0.5877522 -0.80904 0 0.5877537 -0.7193145 0 0.6946846 -0.7193158 0 0.6946833 -0.6156564 0 0.7880147 -0.4999977 0 0.8660268 -0.3746178 0 0.9271793 -0.3746128 0 0.9271814 -0.2419366 0 0.970292 0.03492808 0 0.9993899 0.1735988 0 0.9848164 0.1735906 0 0.984818 0.3090451 0 0.9510474 0.6691589 0 0.7431194 0.7660254 0 0.6428102 0.7660278 0 0.6428076 0.8480499 0 0.5299164 0.9135478 0 0.4067315 0.9902662 0 0.1391867 0.9902663 0 -0.1391859 0.7660273 0 -0.6428082 0.6691582 0 -0.7431201 0.6691581 0 -0.7431201 0.3090437 0 -0.9510479 0.1735947 0 -0.9848173 0.1735947 0 -0.9848173 -0.241938 0 -0.9702917 -0.4999998 0 -0.8660256 -0.5000007 0 -0.866025 -0.6156591 0 -0.7880127 -0.6156589 0 -0.7880128 -0.7193152 0 -0.6946839 -0.7193151 0 -0.694684 -0.8090394 0 -0.5877544 -0.882937 0 -0.4694916 -0.9396898 0 -0.3420279 -0.9781568 0 -0.2078686 -0.9975618 0 -0.06978923 -0.9975618 0 -0.06978923 -0.9975618 0 0.06978905 -0.9975618 0 0.06978905 -0.9396902 0 0.3420268 -0.9396903 0 0.3420268 -0.8829372 0 0.4694911 -0.8090401 0 0.5877536 -0.7193152 0 0.6946839 -0.7193148 0 0.6946843 -0.6156581 0 0.7880135 -0.5000004 0 0.8660253 0.4383531 0 0.8988029 0.438353 0 0.8988029 0.6691597 0 0.7431187 0.9612629 0 0.2756333 0.9612627 0 -0.2756341 0.6691596 0 -0.7431187 -0.5000002 0 -0.8660254 -0.6156594 0 -0.7880125 -0.7193149 0 -0.6946842 -0.8829374 0 -0.469491 -0.9396896 0 -0.3420284 -0.9396896 0 -0.3420284 -0.9396906 0 0.342026 -0.9396905 0 0.3420261 -0.8829364 0 0.4694929 -0.7193131 0 0.6946861 -0.6156599 0 0.788012 -0.2419361 0 0.9702922 -0.2419387 0 0.9702916 0.6691558 0 0.7431222 0.6691573 0 0.7431209 0.9612632 0 0.2756323 0.9135478 0 -0.4067315 0.6691589 0 -0.7431194 0.559206 0 -0.8290287 0.3090366 0 -0.9510502 -0.2419388 0 -0.9702916 -0.2419333 0 -0.9702929 -0.6156616 0 -0.7880107 -0.7193171 0 -0.6946818 -0.8090411 0 -0.5877522 -0.8090389 0 -0.587755 -0.9396889 0 -0.3420305 -0.9396895 0 -0.3420288 -0.9975666 0 -0.06971985 -0.9975666 0 0.06972002 -0.9396675 0 0.3420892 -0.9396675 0 0.3420894 -0.8830736 0 0.4692345 -0.8830736 0 0.4692347 -0.8087309 0 0.5881789 -0.8087308 0 0.5881791 -0.7193462 0 0.6946519 -0.7193461 0 0.694652 -0.6157555 0 0.7879373 -0.6157554 0 0.7879374 -0.5000278 0 0.8660094 -0.5000276 0 0.8660095 0.6691553 0 0.7431226 0.6691552 0 0.7431227 0.7660303 0 0.6428046 0.7660296 0 0.6428054 0.9612625 0 0.2756346 0.9612622 0 -0.2756361 0.6691592 0 -0.7431191 0.6691576 0 -0.7431206 0.4383609 0 -0.8987992 0.3090367 0 -0.9510501 0.3090391 0 -0.9510493 0.1735992 0 -0.9848164 -0.5000235 0 -0.8660119 -0.5000234 0 -0.866012 -0.6157565 0 -0.7879367 -0.7193455 0 -0.6946526 -0.7193467 0 -0.6946512 -0.8090122 0 -0.5877919 -0.8090122 0 -0.5877919 -0.8090122 0 -0.5877919 -0.8087303 0 -0.5881797 -0.8828492 0 -0.4696568 -0.8828492 0 -0.4696568 -0.8828492 0 -0.4696568 -0.9396669 0 -0.3420911 -0.9396669 0 -0.3420912 -0.9975664 0 -0.06972491 -0.9975664 0 -0.06972491 -0.9975664 0 0.06972467 -0.9975664 0 0.06972479 -0.9781434 0 0.2079315 -0.9781434 0 0.2079315 -0.9396886 0 0.3420313 -0.9396886 0 0.3420311 -0.882966 0 0.469437 -0.882966 0 0.4694372 -0.8090096 0 0.5877956 -0.8090096 0 0.5877957 -0.7193486 0 0.6946493 -0.7193485 0 0.6946494 -0.6156565 0 0.7880147 -0.6156567 0 0.7880146 -0.4999721 0 0.8660416 -0.4999719 0 0.8660416 -0.2419525 0 0.9702881 -0.2419524 0 0.9702882 -0.1045153 0 0.9945233 -0.1045153 0 0.9945233 0.3090667 0 0.9510404 0.3090665 0 0.9510404 0.4383279 0 0.8988153 0.4383278 0 0.8988152 0.5592331 0 0.8290105 0.559233 0 0.8290107 0.6691274 0 0.7431478 0.6691275 0 0.7431477 0.848053 0 0.5299116 0.8480528 0 0.5299117 0.91355 0 0.4067267 0.9135497 0 0.4067271 0.9612618 0 0.2756372 0.9612618 0 0.2756373 0.9902681 0 0.1391739 0.9902681 0 0.1391739 0.9902681 0 -0.1391735 0.990268 0 -0.1391735 0.9612613 0 -0.2756387 0.9612615 0 -0.2756384 0.9135501 0 -0.4067261 0.9135501 0 -0.4067263 0.8480525 0 -0.5299122 0.8480521 0 -0.5299131 0.6691284 0 -0.7431469 0.5592321 0 -0.8290112 0.5592339 0 -0.82901 0.4383345 0 -0.8988119 0.3090641 0 -0.9510412 0.3090614 0 -0.9510422 -0.1045153 0 -0.9945233 -0.1045153 0 -0.9945233 -0.2419518 0 -0.9702883 -0.4999697 0 -0.8660429 -0.4999716 0 -0.8660418 -0.6156587 0 -0.7880131 -0.7193467 0 -0.6946513 -0.719348 0 -0.6946499 -0.8090093 0 -0.5877959 -0.8090097 0 -0.5877953 -0.8829665 0 -0.4694361 -0.8829664 0 -0.4694362 -0.9396877 0 -0.3420336 -0.9396877 0 -0.3420336 -0.9781437 0 -0.2079302 -0.9975618 0 -0.06978923 -0.9975618 0 -0.06978923 -0.9975618 0 0.06978923 -0.9975618 0 0.06978923 -0.9397102 0 0.341972 -0.9397102 0 0.3419721 -0.8829383 0 0.469489 -0.882938 0 0.4694898 -0.615657 0 0.7880144 -0.500003 0 0.8660237 -0.5000007 0 0.866025 -0.3746145 0 0.9271808 -0.3746095 0 0.9271827 -0.2419393 0 0.9702914 0.1735882 0 0.9848184 0.1735854 0 0.9848189 0.3090634 0 0.9510415 0.3090633 0 0.9510415 0.669124 0 0.7431508 0.669127 0 0.7431481 0.7660608 0 0.6427681 0.7660602 0 0.6427689 0.8480198 0 0.5299648 0.9135594 0 0.4067054 0.9135594 0 0.4067056 0.9612616 0 0.2756376 0.9612616 0 0.2756381 0.9612613 0 -0.2756386 0.9135595 0 -0.4067052 0.9135594 0 -0.4067053 0.8480198 0 -0.5299648 0.8480198 0 -0.5299646 0.7660598 0 -0.6427695 0.7660596 0 -0.6427696 0.6691263 0 -0.7431487 0.669126 0 -0.743149 0.3090615 0 -0.9510421 0.3090614 0 -0.9510421 0.1735844 0 -0.984819 0.1735844 0 -0.9848191 -0.2419372 0 -0.9702919 -0.2419373 0 -0.970292 -0.3746114 0 -0.9271819 -0.3746111 0 -0.9271821 -0.5000011 0 -0.8660248 -0.500001 0 -0.8660249 -0.6156583 0 -0.7880133 -0.615658 0 -0.7880135 -0.8829382 0 -0.4694893 -0.8829382 0 -0.4694895 -0.9397097 0 -0.3419734 -0.9397096 0 -0.3419737 -0.9781437 0 -0.2079304 -0.9781436 0 -0.2079308 -0.9396679 0 0.3420884 -0.882848 0 0.469659 -0.882848 0 0.469659 -0.8828029 0 0.4697438 -0.8828029 -5.06555e-7 0.4697438 -0.8828029 0 0.4697438 -0.8089287 0 0.5879068 -0.8089287 0 0.5879068 -0.8089287 0 0.5879068 -0.7193468 0 0.6946511 -0.7193481 0 0.6946498 -0.6157529 0 0.7879394 -0.5000235 0 0.8660119 0.173591 0 0.9848179 0.6691577 0 0.7431205 0.6691592 0 0.7431192 0.7660267 0 0.6428088 0.766029 0 0.6428061 0.7660285 0 -0.6428067 0.766029 0 -0.6428061 0.6691569 0 -0.7431212 0.6691568 0 -0.7431213 -0.5000266 0 -0.8660102 -0.6157555 0 -0.7879373 -0.6157554 0 -0.7879374 -0.7193475 0 -0.6946504 -0.8089277 0 -0.5879082 -0.8089277 0 -0.5879082 -0.8089277 0 -0.5879082 -0.8089272 0 -0.587909 -0.8089272 0 -0.587909 -0.8089272 0 -0.587909 -0.8828029 0 -0.4697436 -0.8828029 0 -0.4697436 -0.8828029 5.06555e-7 -0.4697436 -0.8828485 0 -0.469658 -0.8828485 0 -0.469658 -0.8828485 0 -0.469658 -0.9396672 0 -0.3420902 -0.9396675 0 -0.3420894 -0.8829168 0 0.4695296 -0.8829168 0 0.4695296 -0.8829168 0 0.4695296 -0.8829167 0 0.4695298 -0.8829167 0 0.4695298 -0.8829167 0 0.4695298 -0.8090015 0 0.5878068 -0.8090015 0 0.5878067 -0.8090015 0 0.5878068 -0.8090558 0 0.587732 -0.8090557 0 0.587732 -0.8090557 0 0.587732 -0.7193553 0 0.6946423 -0.7193552 0 0.6946424 -0.6157617 0 0.7879325 -0.6153874 0 0.7882248 -0.6153874 -4.9322e-7 0.7882248 -0.6153874 0 0.7882248 -0.3745838 0 0.9271931 -0.3745837 0 0.9271932 -0.2419325 0 0.9702932 -0.2419378 0 0.9702918 -0.1045418 0 0.9945206 -0.1045418 0 0.9945206 0.03489565 0 0.999391 0.03489565 0 0.999391 0.1736857 0 0.9848012 0.1736801 0 0.9848021 0.3089299 0 0.9510849 0.3089298 0 0.9510849 0.4384515 0 0.898755 0.4384514 0 0.898755 0.5592748 0 0.8289824 0.5592786 0 0.8289799 0.6689586 0 0.7432997 0.6689585 0 0.7432998 0.8479375 0 0.5300965 0.8479375 0 0.5300965 0.8479375 2.98371e-7 0.5300965 0.8481152 0 0.529812 0.913549 0 0.4067289 0.913549 0 0.4067289 0.913549 0 0.4067289 0.9135499 0 0.4067271 0.9135498 0 0.406727 0.9135498 0 0.406727 0.9612619 0 0.2756368 0.990321 0 0.1387958 0.990321 0 0.1387959 0.990321 0 -0.1387958 0.990321 0 -0.1387963 0.9135888 0 -0.4066395 0.9135888 0 -0.4066394 0.9135888 0 -0.4066394 0.8481065 0 -0.529826 0.7661881 0 -0.6426165 0.6689633 0 -0.7432955 0.6689664 0 -0.7432927 0.3089683 0 -0.9510723 0.03492116 0 -0.9993901 0.0349183 0 -0.9993902 -0.3745912 0 -0.9271901 -0.3745862 0 -0.9271922 -0.8089277 0 -0.5879083 -0.8089277 0 -0.5879083 -0.8089277 0 -0.5879083 -0.8828036 0 -0.4697425 -0.8828036 0 -0.4697424 -0.8828036 5.06555e-7 -0.4697425 -0.8828479 0 -0.4696591 -0.8828479 0 -0.4696591 -0.9396687 0 -0.3420858 -0.9396694 0 -0.3420841 0 1 0 0 1 -2.22789e-6 0 1 5.44209e-6 0 1 2.33344e-6 0 1 9.88629e-6 0 1 -5.0762e-6 0 1 4.48953e-6 0 1 -2.03678e-6 0 1 -1.76989e-6 0 1 3.36572e-6 0 1 -2.33345e-6 0 1 2.52429e-6 0 1 1.88428e-6 0 1 -4.07355e-6 0 1 -2.24476e-6 0 1 5.07617e-6 0 1 -2.97316e-6 0 1 -4.94314e-6 0 1 1.71417e-5 0 1 -6.76464e-6 0 1 -2.71076e-6 0 1 4.48154e-6 0 1 -5.96646e-6 0 1 1.69596e-6 0 1 -1.99883e-6 0 1 -3.81293e-6 0 1 -2.67304e-6 0 1 -4.94469e-6 0 1 -2.97282e-6 0 1 5.07606e-6 0 1 -2.24488e-6 0 1 -1.88418e-6 0 1 -1.68283e-6 0 1 -3.38097e-6 0 1 2.6666e-6 0 1 -3.78442e-6 0 1 -1.0226e-6 0 1 4.50758e-6 0 1 2.54775e-6 0 1 -5.96766e-6 0 1 -2.28493e-5 0 1 -1.68587e-6 0 1 1.41681e-6 0 -1 0 0 -1 0 0 -1 6.87959e-6 0 -1 -4.26805e-7 0 -1 0 0 -1 0 0 -1 -6.87976e-6 0 -1 4.26806e-7 0 -1 0 0 -1 -1.54094e-6 0 -1 1.20052e-7 0 -1 -3.94322e-6 0 -1 1.28559e-7 0 -1 1.3508e-6 0 -1 0 0 -1 -3.39008e-6 0 -1 1.20053e-7 0 -1 -2.1855e-6 0 -1 0 0 -1 -1.08894e-6 0 -1 0 0 -1 0 0 -1 0 0 -1 0 0 -1 0 0 -1 -1.45533e-7 0 -1 0 0 -1 0 0 -1 0 0 -1 0 0 -1 0 0 -1 1.2894e-7 0 -1 1.22803e-7 0 -1 0 0 -1 0 0 -1 0 0 -1 0 0 -1 0 0 -1 0 0 -1 0 0 -1 0 0 -1 1.22809e-7 0 -1 1.28929e-7 0 -1 1.28928e-7 0 -1 1.2281e-7 0 -1 0 0 -1 -1.80696e-6 0 -1 0 0 -1 -2.06286e-6 0 -1 0 0 -1 0 0 -1 -3.03471e-6 0 -1 0 0 -1 0 0 -1 -1.35552e-6 0 -1 -1.29007e-7 0 -1 -1.11273e-6 0 -1 0 0 -1 0 0 -1 0 0 -1 1.2109e-7 0 -1 -1.25439e-7 0 -1 0 0 -1 0 0 -1 0 0 -1 0 0 -1 0 0 -1 0 0 -1 0 0 -1 0 0 -1 1.2544e-7 0 -1 -1.2109e-7 0 -1 0 0 -1 0 0 -1 0 0 -1 0 0 -1 0 0 -1 0 0 -1 1.21091e-7 0 -1 0 0 -1 0 0 -1 0 0 -1 0 0 -1 0 0 -1 8.65486e-7 0 -1 -7.66575e-7 0 -1 1.08982e-6 0 -1 -4.10806e-7 0 -1 -1.48583e-6 0 -1 1.19457e-7 0 -1 0 0 -1 -7.49707e-7 0 -1 0 0 -1 0 0 -1 1.21746e-7 0 -1 0 0 -1 0 0 -1 8.53853e-7 0 -1 -1.237e-7 0 -1 -1.29661e-7 0 -1 -1.49399e-7 0 -1 -1.71e-6 0 -1 0 0 -1 0 0 -1 8.11066e-7 0 -1 -7.53416e-7 0 -1 0 0 -1 0 0 -1 1.23679e-7 0 -1 0 0 -1 0 0 -1 0 0 -1 0 0 -1 0 0 -1 0 0 -1 0 0 -1 0 0 -1 0 0 -1 -2.42792e-7 0 -1 0 0 -1 0 0 -1 2.42792e-7 0 -1 2.93217e-7 0 -1 0 0 -1 1.24944e-7 0 -1 0 0 -1 -1.63164e-6 0 -1 9.05246e-7 0 -1 -1.704e-6 0 -1 0 0 -1 0 0 -1 0 0 -1 0 0 -1 2.33547e-7 0 -1 2.90094e-7 0 -1 -6.87977e-6 0 -1 0 0 -1 4.10803e-7 0 -1 2.93217e-7 0 -1 0 0 -1 0 0 -1 1.22821e-7 0 -1 1.2893e-7 0 -1 1.48797e-7 0 -1 1.89669e-7 0 -1 0 0 -1 1.0891e-6 0 -1 1.89669e-7 0 -1 1.48798e-7 0 -1 1.28928e-7 0 -1 1.22823e-7 0 -1 0 0 -1 0 0 -1 0 0 -1 -1.28928e-7 0 -1 0 0 -1 0 0 -1 0 0 -1 -1.21091e-7 0 -1 0 0 -1 0 0 -1 0 0 -1 0 0 -1 2.18381e-7 0 -1 -1.20053e-7 0 -1 -1.8484e-6 0 -1 4.11393e-6 0 -1 0 0 -1 -9.27125e-7 0 -1 0 0 -1 0 0 -1 -2.42792e-7 0 -1 -2.93216e-7 0 -1 0 0 -1 -1.62901e-6 0 -1 0 0 -1 0 0 -1 -1.93746e-6 0 -1 0 0 -1 0 0 -1 0 0 -1 -2.33547e-7 0 -1 -4.26806e-7 0 -1 6.87958e-6 0 -1 6.57471e-6 0 -1 0 0 -1 -2.05005e-6 0 -1 1.70701e-6 0 -1 1.48797e-7 0 -1 1.28929e-7 0 -1 1.22823e-7 0 -1 -8.46929e-7 0 -1 0 0 -1 0 0 -1 3.03471e-6 0 -1 0 0 -1 0 0 -1 2.06285e-6 0 -1 0 0 -1 0 0 -1 1.80678e-6 0 -1 0 0 -1 -1.22824e-7 0 -1 -1.28928e-7 0 -1 8.194e-7 0 -1 -7.59658e-7 0 -1 0 0 -1 1.20631e-7 0 -1 0 0 -1 -1.16036e-6 0 -1 0 0 -1 0 0 -1 0 0 -1 0 0 -1 -2.18922e-7 0 -1 0 0 -1 -1.47841e-6 0 -1 6.69315e-7 0 -1 0 0 -1 0 0 -1 1.31022e-6 0 -1 -8.00878e-7 0 -1 1.58245e-6 0 -1 -6.40952e-7 0 -1 0 0 -1 -7.93875e-7 0 1 0 0 1 -1.05958e-6 0 1 8.28484e-7 0 1 1.52039e-7 0 1 3.02747e-7 0 1 -3.04105e-7 0 1 3.02743e-7 0 1 -2.0796e-7 0 1 -3.04073e-7 0 1 -2.0797e-7 0 1 -4.14223e-7 0 1 3.02753e-7 0 1 3.04093e-7 0 1 -1.05955e-6 0 1 1.52044e-7 0 1 -1.65695e-6 0 1 -1.13521e-6 0 1 1.13521e-6 0 1 1.65695e-6 0 1 -1.52044e-7 0 1 -8.31878e-7 0 1 1.05954e-6 0 1 -8.31855e-7 0 1 -3.04093e-7 0 1 -3.02752e-7 0 1 2.07113e-7 0 1 0 0 1 0 0 1 3.04073e-7 0 1 4.15921e-7 0 1 -3.02746e-7 0 1 3.04103e-7 0 1 -3.02745e-7 0 1 -1.52039e-7 0 1 1.05958e-6 0 1 0 0 1 0 0 1 1.51374e-7 0 1 8.28116e-7 0 1 1.52102e-7 0 1 3.02701e-7 0 1 -3.0417e-7 0 1 3.0278e-7 0 1 -2.07977e-7 0 1 -3.0396e-7 0 1 -2.07926e-7 0 1 -4.14121e-7 0 1 3.02808e-7 0 1 -8.32005e-7 0 1 3.04043e-7 0 1 -1.0599e-6 0 1 1.52064e-7 0 1 0 0 1 0 0 1 -1.52064e-7 0 1 -8.31985e-7 0 1 1.0599e-6 0 1 -8.32044e-7 0 1 -3.04045e-7 0 1 8.32002e-7 0 1 -3.02809e-7 0 1 2.07061e-7 0 1 0 0 1 0 0 1 3.0396e-7 0 1 4.15954e-7 0 1 -3.0278e-7 0 1 3.0417e-7 0 1 -3.02701e-7 0 1 -1.52101e-7 0 1 -1.51375e-7 0 1 0 0 1 0 0 1 1.51368e-7 0 1 8.2813e-7 0 1 1.52049e-7 0 1 3.02757e-7 0 1 -3.04107e-7 0 1 3.02745e-7 0 1 -2.07958e-7 0 1 -3.04076e-7 0 1 -2.07969e-7 0 1 -4.14221e-7 0 1 3.02751e-7 0 1 -8.31844e-7 0 1 3.04095e-7 0 1 -1.05955e-6 0 1 1.52043e-7 0 1 0 0 1 0 0 1 -1.52044e-7 0 1 -8.31898e-7 0 1 1.05955e-6 0 1 -8.31861e-7 0 1 -3.04095e-7 0 1 8.31843e-7 0 1 -3.02752e-7 0 1 2.07111e-7 0 1 3.04078e-7 0 1 4.15917e-7 0 1 -3.02743e-7 0 1 3.04107e-7 0 1 -3.02757e-7 0 1 -1.52049e-7 0 1 -1.51368e-7 0 1 0 0 1 0 0 1 1.51369e-7 0 1 1.52039e-7 0 1 3.02744e-7 0 1 -3.04107e-7 0 1 3.02744e-7 0 1 -2.07958e-7 0 1 -3.04078e-7 0 1 -2.07968e-7 0 1 -4.14221e-7 0 1 3.02752e-7 0 1 -8.31844e-7 0 1 3.04096e-7 0 1 -1.05954e-6 0 1 1.52044e-7 0 1 -1.66374e-6 0 1 0 0 1 0 0 1 1.66374e-6 0 1 -1.52044e-7 0 1 -8.31879e-7 0 1 1.05954e-6 0 1 -3.04095e-7 0 1 8.31856e-7 0 1 -3.02753e-7 0 1 2.07113e-7 0 1 0 0 1 0 0 1 3.04077e-7 0 1 4.15919e-7 0 1 -3.02743e-7 0 1 3.04106e-7 0 1 -3.02744e-7 0 1 -1.52039e-7 0 1 0 0 1 0 0 1 1.51368e-7 0 1 1.52039e-7 0 1 3.02745e-7 0 1 -3.04105e-7 0 1 3.02746e-7 0 1 -2.07959e-7 0 1 -2.07968e-7 0 1 3.02754e-7 0 1 3.04094e-7 0 1 1.51364e-7 0 1 1.52043e-7 0 1 -1.66374e-6 0 1 1.66374e-6 0 1 -8.31896e-7 0 1 -1.51364e-7 0 1 -3.02754e-7 0 1 2.07111e-7 0 1 0 0 1 3.04076e-7 0 1 4.15918e-7 0 1 -3.02746e-7 0 1 3.04106e-7 0 1 -3.02745e-7 0 1 -1.52039e-7 0 1 -1.51368e-7 0 1 0 0 1 0 0 1 -1.66373e-6 0 1 1.51375e-7 0 1 1.52051e-7 0 1 3.02722e-7 0 1 -3.0408e-7 0 1 3.02744e-7 0 1 -2.07971e-7 0 1 -3.04075e-7 0 1 -4.14247e-7 0 1 3.02732e-7 0 1 3.04077e-7 0 1 1.51376e-7 0 1 -1.06435e-6 0 1 0 0 1 -1.66374e-6 0 1 1.66376e-6 0 1 0 0 1 1.06436e-6 0 1 -8.31875e-7 0 1 -1.51376e-7 0 1 -3.04078e-7 0 1 -3.02729e-7 0 1 2.07124e-7 0 1 0 0 1 3.04075e-7 0 1 4.15943e-7 0 1 -3.02744e-7 0 1 3.0408e-7 0 1 -3.02722e-7 0 1 -1.52051e-7 0 1 -1.51376e-7 0 1 1.66371e-6 0 1 0 0 1 1.29232e-6 0 1 -1.05963e-6 0 1 8.28454e-7 0 1 1.52051e-7 0 1 3.02724e-7 0 1 -3.04083e-7 0 1 3.02742e-7 0 1 -3.04075e-7 0 1 3.02726e-7 0 1 -8.31894e-7 0 1 3.04082e-7 0 1 1.51375e-7 0 1 1.5205e-7 0 1 0 0 1 -1.66375e-6 0 1 1.66375e-6 0 1 0 0 1 -1.52051e-7 0 1 -1.51363e-7 0 1 -3.04101e-7 0 1 8.31897e-7 0 1 -3.02725e-7 0 1 3.04075e-7 0 1 -3.02746e-7 0 1 3.04081e-7 0 1 -1.52041e-7 0 1 1.05963e-6 0 1 -1.29232e-6 0 1 1.52049e-7 0 1 3.02723e-7 0 1 -3.04106e-7 0 1 3.02745e-7 0 1 -3.04076e-7 0 1 3.02754e-7 0 1 3.04075e-7 0 1 0 0 1 1.66374e-6 0 1 -1.52044e-7 0 1 -8.319e-7 0 1 -1.51374e-7 0 1 -3.04075e-7 0 1 -3.02746e-7 0 1 -3.02723e-7 0 1 -1.52049e-7 0 1 -1.51369e-7 0 1 0 0 1 0 0 1 -1.05958e-6 0 1 1.5204e-7 0 1 3.02744e-7 0 1 -3.04106e-7 0 1 3.02717e-7 0 1 -3.04105e-7 0 1 -4.14245e-7 0 1 3.02731e-7 0 1 -8.31853e-7 0 1 3.04097e-7 0 1 -1.05956e-6 0 1 1.5205e-7 0 1 -1.66373e-6 0 1 0 0 1 0 0 1 1.66372e-6 0 1 -1.5205e-7 0 1 1.05956e-6 0 1 -8.31897e-7 0 1 -3.04098e-7 0 1 8.31853e-7 0 1 -3.0273e-7 0 1 2.07122e-7 0 1 0 0 1 3.04106e-7 0 1 -3.02717e-7 0 1 3.04108e-7 0 1 -3.02744e-7 0 1 -1.5204e-7 0 1 0 0 1 1.51368e-7 0 1 3.02745e-7 0 1 -3.04106e-7 0 1 3.02746e-7 0 1 -3.04078e-7 0 1 3.04093e-7 0 1 1.52043e-7 0 1 -1.66374e-6 0 1 0 0 1 0 0 1 -1.51364e-7 0 1 -3.04093e-7 0 1 -3.02755e-7 0 1 -3.02746e-7 0 1 3.04107e-7 0 1 -3.02745e-7 0 1 0 0 1 1.51368e-7 0 1 3.02757e-7 0 1 -3.04108e-7 0 1 3.02744e-7 0 1 -3.04077e-7 0 1 3.02752e-7 0 1 -8.31843e-7 0 1 3.04095e-7 0 1 0 0 1 1.05955e-6 0 1 -3.04094e-7 0 1 -3.02753e-7 0 1 2.0711e-7 0 1 -3.02744e-7 0 1 3.04108e-7 0 1 -3.02758e-7 0 1 0 0 1 1.52093e-7 0 1 3.02721e-7 0 1 -3.04168e-7 0 1 3.02781e-7 0 1 -3.03961e-7 0 1 -2.07927e-7 0 1 3.02809e-7 0 1 -8.32002e-7 0 1 3.04063e-7 0 1 -1.05982e-6 0 1 1.52064e-7 0 1 0 0 1 -1.52064e-7 0 1 -8.31963e-7 0 1 1.05982e-6 0 1 -8.32052e-7 0 1 -3.04062e-7 0 1 8.32013e-7 0 1 -3.02811e-7 0 1 2.07063e-7 0 1 0 0 1 0 0 1 -3.02779e-7 0 1 3.04167e-7 0 1 -1.52093e-7 0 1 -1.51375e-7 0 1 0 0 1 1.52092e-7 0 1 3.02722e-7 0 1 -3.04169e-7 0 1 3.0278e-7 0 1 -3.03961e-7 0 1 3.02808e-7 0 1 3.04062e-7 0 1 -3.04063e-7 0 1 -1.52092e-7 0 1 0 0 1 1.52102e-7 0 1 -8.31983e-7 0 1 1.05982e-6 0 1 -8.32055e-7 0 1 -3.04062e-7 0 1 8.32005e-7 0 1 -3.02808e-7 0 1 3.04169e-7 0 1 -3.02722e-7 0 1 -1.52091e-7 0 1 0 0 1 1.51368e-7 0 1 3.02744e-7 0 1 -3.04107e-7 0 1 3.02745e-7 0 1 -3.04078e-7 0 1 -2.07968e-7 0 1 -4.14221e-7 0 1 -8.31844e-7 0 1 3.04096e-7 0 1 1.52043e-7 0 1 -1.66375e-6 0 1 -8.31899e-7 0 1 1.05954e-6 0 1 -8.31857e-7 0 1 -3.04095e-7 0 1 8.31844e-7 0 1 -3.02752e-7 0 1 2.07111e-7 0 1 0 0 1 0 0 1 4.15917e-7 0 1 -3.02744e-7 0 1 3.04107e-7 0 1 -1.52039e-7 0 1 0 0 1 0 0 1 1.52059e-7 0 1 3.02736e-7 0 1 -3.04108e-7 0 1 3.02743e-7 0 1 -3.04078e-7 0 1 3.02753e-7 0 1 3.04075e-7 0 1 -1.05963e-6 0 1 0 0 1 1.05962e-6 0 1 -8.3185e-7 0 1 -3.04076e-7 0 1 8.31844e-7 0 1 -3.02736e-7 0 1 -1.52058e-7 0 1 -1.51369e-7 0 1 0 0 1 0 0 1 3.02722e-7 0 1 -3.04108e-7 0 1 3.02744e-7 0 1 -3.04077e-7 0 1 -2.07968e-7 0 1 -4.14221e-7 0 1 3.02752e-7 0 1 3.04077e-7 0 1 -1.05962e-6 0 1 1.66374e-6 0 1 -8.31898e-7 0 1 1.05954e-6 0 1 -8.31859e-7 0 1 -3.04096e-7 0 1 8.31844e-7 0 1 -3.02752e-7 0 1 2.07111e-7 0 1 -3.02745e-7 0 1 3.04107e-7 0 1 -3.02744e-7 0 1 -1.52038e-7 0 1 8.28485e-7 0 1 1.52049e-7 0 1 -4.14221e-7 0 1 0 0 1 -1.52044e-7 0 1 1.05962e-6 0 1 -8.31847e-7 0 1 -3.04077e-7 0 1 0 0 1 0 0 1 3.04108e-7 0 1 -3.02723e-7 0 1 -1.52048e-7 0 1 -1.51369e-7 -0.1045545 0 -0.9945192 -0.1045642 0 -0.9945182 0.1045634 0 -0.9945183 0.1045538 0 -0.9945193 0.3090233 0 -0.9510545 0.4999806 0 -0.8660367 0.4999879 0 -0.8660325 0.6691674 0 -0.7431117 0.809 0 -0.5878087 0.8089967 0 -0.5878133 0.9135276 0 -0.4067767 0.9781551 0 -0.207877 0.9781551 0 0.207877 0.913526 0 0.4067804 0.8090017 0 0.5878064 0.6691674 0 0.7431117 0.4999879 0 0.8660325 0.4999806 0 0.8660367 0.3090144 0 0.9510574 0.1045634 0 0.9945183 0.1045538 0 0.9945193 -0.1045545 0 0.9945192 -0.1045642 0 0.9945182 -0.3090123 0 0.9510581 -0.4999838 0 0.8660349 -0.4999911 0 0.8660306 -0.6691638 0 0.743115 -0.8090017 0 0.5878064 -0.9135288 0 0.4067743 -0.9781551 0 0.207877 -0.9781551 0 -0.207877 -0.9135304 0 -0.4067707 -0.8089967 0 -0.5878133 -0.809 0 -0.5878087 -0.6691638 0 -0.743115 -0.4999911 0 -0.8660306 -0.4999838 0 -0.8660349 -0.3090211 0 -0.9510552 -0.1045594 0 -0.9945187 0.1045587 0 -0.9945188 0.3090211 0 -0.9510552 0.4999843 0 -0.8660346 0.6691687 0 -0.7431105 0.8089983 0 -0.587811 0.9135273 0 -0.4067777 0.9781551 0 -0.2078765 0.9781551 0 0.2078765 0.9135266 0 0.406779 0.8090337 0 0.5877624 0.6691144 0 0.7431595 0.499987 0 0.8660329 0.1045587 0 0.9945188 -0.1045594 0 0.9945187 -0.4999902 0 0.8660311 -0.6691107 0 0.7431628 -0.8090337 0 0.5877624 -0.9135293 0 0.4067729 -0.9781551 0 0.2078765 -0.9781551 0 -0.2078765 -0.91353 0 -0.4067716 -0.8089983 0 -0.587811 -0.6691651 0 -0.7431138 -0.4999874 0 -0.8660327 -0.3090189 0 -0.951056 0.6691638 0 -0.743115 0.8090035 0 -0.5878039 0.8090002 0 -0.5878086 0.9781557 0 0.207874 0.9781553 0 0.207876 0.8090052 0 0.5878016 0.8090043 0 0.5878028 0.6691651 0 0.7431138 0.4999843 0 0.8660346 -0.4999874 0 0.8660327 -0.6691651 0 0.7431138 -0.8090009 0 0.5878075 -0.9781553 0 0.207876 -0.9781557 0 0.207874 -0.104563 0 -0.9945183 0.1045622 0 -0.9945184 0.3090144 0 -0.9510574 0.499987 0 -0.8660329 0.6691144 0 -0.7431595 0.8090323 0 -0.5877642 0.9135268 0 0.4067786 0.9135264 0 0.4067795 0.8090329 0 0.5877636 0.809032 0 0.5877647 0.6691164 0 0.7431577 0.3090189 0 0.951056 0.3090167 0 0.9510567 -0.3090145 0 0.9510574 -0.3090167 0 0.9510567 -0.6691128 0 0.743161 -0.809032 0 0.5877647 -0.8090329 0 0.5877636 -0.9135291 0 0.4067734 -0.9135296 0 0.4067725 -0.8090323 0 -0.5877642 -0.6691107 0 -0.7431628 -0.4999902 0 -0.8660311 -0.3090123 0 -0.9510581 -0.1045192 0 -0.9945229 0.1045192 0 -0.9945229 0.309049 0 -0.9510462 0.5000696 0 -0.8659852 0.6690708 0 -0.7431988 0.8088971 0 -0.5879504 0.8088971 0 -0.5879504 0.8088971 -4.52532e-7 -0.5879504 0.8091789 0 -0.5875625 0.913464 0 -0.4069198 0.913464 0 -0.4069198 0.913464 -1.74202e-7 -0.4069198 0.913464 0 -0.4069198 0.913464 0 -0.4069198 0.913464 0 -0.4069198 0.9781197 0 -0.2080429 0.9781197 0 -0.2080429 0.9781197 0 -0.2080429 0.9781197 0 -0.2080429 0.9781197 0 -0.2080429 0.9781197 0 -0.2080429 0.9781197 0 0.2080429 0.9781197 0 0.2080429 0.9781197 0 0.2080429 0.9781197 0 0.2080429 0.9781197 0 0.2080429 0.9781197 0 0.2080429 0.9134634 0 0.4069211 0.9134634 0 0.4069211 0.9134634 0 0.4069211 0.9135999 0 0.4066146 0.8089324 0 0.5879018 0.8089323 0 0.5879018 0.8089324 0 0.5879018 0.8089324 0 0.5879018 0.8089324 0 0.5879018 0.8089324 0 0.5879018 0.6690164 0 0.7432477 0.5000724 0 0.8659837 0.3090423 0 0.9510483 0.1045192 0 0.9945229 -0.1045192 0 0.9945229 -0.3090402 0 0.951049 -0.5000724 0 0.8659837 -0.6690164 0 0.7432477 -0.809221 0 0.5875043 -0.9135944 0 0.4066267 -0.9781382 0 0.2079561 -0.9781382 0 0.2079561 -0.9781382 0 0.2079561 -0.9781382 0 0.2079561 -0.9781382 0 0.2079561 -0.9781382 0 0.2079561 -0.9781382 0 -0.2079561 -0.9781382 0 -0.2079561 -0.9781382 0 -0.2079561 -0.9781382 0 -0.2079561 -0.9781382 0 -0.2079561 -0.9781382 0 -0.2079561 -0.9135951 0 -0.4066254 -0.8091858 0 -0.587553 -0.6690708 0 -0.7431988 -0.5000696 0 -0.8659852 -0.3090468 0 -0.9510469 -0.1045228 0 -0.9945225 0.1045228 0 -0.9945225 0.3090423 0 -0.9510483 0.5000724 0 -0.8659837 0.6690164 0 -0.7432477 0.8092128 0 -0.5875157 0.8089311 0 -0.5879035 0.8089311 0 -0.5879035 0.8089311 0 -0.5879035 0.9136005 0 -0.4066132 0.9781396 0 -0.2079491 0.9781396 0 -0.2079492 0.9781396 0 -0.2079491 0.9781396 0 0.2079491 0.9781396 0 0.2079492 0.9781396 0 0.2079491 0.9781396 0 0.2079492 0.9781396 0 0.2079491 0.9781396 0 0.2079491 0.9134635 0 0.4069206 0.9134635 0 0.4069206 0.9134635 0 0.4069206 0.9135997 0 0.406615 0.8089315 0 0.5879029 0.8089315 0 0.5879029 0.8089315 0 0.5879029 0.8092125 0 0.5875163 0.6690184 0 0.7432459 0.5000696 0 0.8659852 0.3090468 0 0.9510469 0.3090445 0 0.9510476 -0.3090423 0 0.9510483 -0.3090446 0 0.9510476 -0.5000696 0 0.8659852 -0.6690184 0 0.7432459 -0.8092194 0 0.5875067 -0.8092201 0 0.5875055 -0.9135942 0 0.4066271 -0.9135947 0 0.4066263 -0.9781183 0 0.2080499 -0.9781183 0 0.2080499 -0.9781183 0 0.2080499 -0.9781183 0 0.2080499 -0.9781183 0 0.2080499 -0.9781183 0 0.2080499 -0.9781183 0 -0.2080499 -0.9781183 0 -0.2080499 -0.9781183 0 -0.2080499 -0.8092198 0 -0.5875061 -0.6690164 0 -0.7432477 -0.5000724 0 -0.8659837 -0.3090402 0 -0.951049 -0.104524 0 -0.9945225 0.104524 0 -0.9945225 0.3090468 0 -0.9510469 0.5000733 0 -0.8659831 0.6690157 0 -0.7432484 0.6690184 0 -0.7432459 0.8090153 0 -0.5877878 0.8090153 0 -0.5877878 0.8090153 0 -0.5877878 0.8089308 0 -0.5879041 0.8089308 0 -0.5879041 0.8089308 0 -0.5879041 0.9134644 0 -0.4069188 0.9134644 0 -0.4069188 0.9134644 -1.74042e-7 -0.4069188 0.9135993 0 -0.4066159 0.9781198 0 -0.2080424 0.9781198 0 -0.2080424 0.9781198 0 -0.2080424 0.9781197 0 -0.2080434 0.9781197 0 -0.2080434 0.9781197 0 -0.2080434 0.9781198 0 0.2080424 0.9781198 0 0.2080424 0.9781198 0 0.2080424 0.9781197 0 0.2080434 0.9781197 0 0.2080434 0.9781197 0 0.2080434 0.9135993 0 0.4066159 0.9136 0 0.4066141 0.8089308 0 0.5879041 0.8089308 0 0.5879041 0.8089308 0 0.5879041 0.8089324 0 0.5879018 0.8089324 0 0.5879018 0.8089324 0 0.5879018 0.104524 0 0.9945225 0.1045144 0 0.9945235 -0.1045144 0 0.9945235 -0.104524 0 0.9945225 -0.8089377 0 0.5878946 -0.8089377 0 0.5878946 -0.8089377 0 0.5878946 -0.9135939 0 0.4066281 -0.9781181 0 0.2080504 -0.9781181 0 0.2080504 -0.9781181 0 0.2080504 -0.9781184 0 0.2080494 -0.9781184 0 0.2080494 -0.9781184 0 0.2080494 -0.9781181 0 -0.2080504 -0.9781181 0 -0.2080504 -0.9781181 0 -0.2080504 -0.9781184 0 -0.2080494 -0.9781184 0 -0.2080494 -0.9781184 0 -0.2080494 -0.9135939 0 -0.4066281 -0.913459 0 -0.406931 -0.913459 2.77809e-7 -0.406931 -0.913459 0 -0.406931 -0.8089377 0 -0.5878946 -0.8089377 0 -0.5878946 -0.8089377 0 -0.5878946 -0.8092194 0 -0.5875067 -0.6690184 0 -0.7432459 -0.6690157 0 -0.7432484 -0.5000733 0 -0.8659831 -0.3090446 0 -0.9510476 0.6691107 0 -0.7431628 0.8090358 0 -0.5877594 0.8090358 0 0.5877594 0.6691128 0 0.743161 0.3090177 0 0.9510563 -0.3090156 0 0.951057 -0.8090323 0 0.5877642 -0.1045614 0 -0.9945185 -0.104559 0 -0.9945187 0.104559 0 -0.9945187 0.1045614 0 -0.9945185 0.3090167 0 -0.9510567 0.3090123 0 -0.9510581 0.4999874 0 -0.8660327 0.4999911 0 -0.8660306 0.6691101 0 -0.7431634 0.6691128 0 -0.743161 0.8090337 0 -0.5877624 0.9135268 0 -0.4067786 0.9781553 0 -0.207876 0.9781555 0 0.207875 0.8090354 0 0.58776 0.6691101 0 0.7431634 0.4999874 0 0.8660327 0.4999911 0 0.8660306 0.3090123 0 0.9510581 0.1045638 0 0.9945183 0.1045542 0 0.9945192 -0.1045542 0 0.9945192 -0.1045638 0 0.9945183 -0.3090134 0 0.9510577 -0.4999895 0 0.8660315 -0.4999859 0 0.8660337 -0.6691145 0 0.7431593 -0.6691119 0 0.7431617 -0.8090354 0 0.58776 -0.913526 0 0.4067804 -0.9135268 0 0.4067786 -0.9781555 0 0.207875 -0.9781553 0 -0.207876 -0.9135268 0 -0.4067786 -0.9135276 0 -0.4067767 -0.8090337 0 -0.5877624 -0.6691145 0 -0.7431593 -0.6691119 0 -0.7431617 -0.4999895 0 -0.8660315 -0.4999859 0 -0.8660337 -0.3090134 0 -0.9510577 -0.3090178 0 -0.9510563 -0.1045728 0 -0.9945172 0.3090134 0 -0.9510577 0.4999475 0 -0.8660558 0.9135625 0 -0.4066985 0.9135621 0 0.4066994 0.9135617 0 0.4067003 0.8090363 0 0.5877588 0.8090354 0 0.58776 0.4999448 0 0.8660573 0.3090178 0 0.9510563 0.3090156 0 0.951057 -0.1045693 0 0.9945177 -0.3089866 0 0.9510664 -0.3089888 0 0.9510658 -0.8090337 0 0.5877624 -0.8090346 0 0.5877612 -0.9135278 0 0.4067764 -0.9135282 0 0.4067755 -0.9135286 0 -0.4067746 -0.8090342 0 -0.5877618 -0.3089844 0 -0.9510671 -0.1045542 0 -0.9945192 -0.1045638 0 -0.9945183 0.1045638 0 -0.9945183 0.1045542 0 -0.9945192 0.3090211 0 -0.9510552 0.4999838 0 -0.8660349 0.8090018 0 -0.5878063 0.8089985 0 -0.5878109 0.8090035 0 0.587804 0.8090026 0 0.5878052 0.104559 0 0.9945187 -0.104559 0 0.9945187 -0.669167 0 0.7431122 -0.8090026 0 0.5878052 -0.8090035 0 0.587804 -0.8089985 0 -0.5878109 -0.8090018 0 -0.5878063 -0.6691656 0 -0.7431133 -0.4999822 0 -0.8660357 -0.3090222 0 -0.9510549 0.1045689 0 -0.9945177 0.30902 0 -0.9510556 0.4999431 0 -0.8660582 0.669167 0 -0.7431122 0.809 0 -0.5878086 0.9781358 0 -0.2079672 0.9781358 0 0.2079672 0.9135619 0 0.4066998 0.6691125 0 0.7431612 0.4999459 0 0.8660567 0.3090134 0 0.9510577 0.1045689 0 0.9945177 -0.4999491 0 0.8660549 -0.9135632 0 0.4066967 -0.9781559 0 0.207873 -0.9781559 0 -0.207873 -0.9135639 0 -0.4066954 -0.4999463 0 -0.8660565 -0.1045538 0 -0.9945193 -0.1045634 0 -0.9945183 0.1045741 0 -0.9945172 0.1045644 0 -0.9945182 0.4999427 0 -0.8660585 0.49995 0 -0.8660543 0.9135643 0 -0.4066945 0.9781358 0 -0.2079678 0.9781358 0 0.2079678 0.9135627 0 0.4066981 0.6691638 0 0.743115 0.49995 0 0.8660543 0.4999427 0 0.8660585 0.1045741 0 0.9945172 0.1045644 0 0.9945182 -0.1045538 0 0.9945193 -0.1045634 0 0.9945183 -0.4999411 0 0.8660594 -0.4999484 0 0.8660552 -0.8090052 0 0.5878016 -0.9135613 0 0.4067012 -0.9781358 0 0.2079678 -0.9781358 0 -0.2079678 -0.9135629 0 -0.4066976 -0.8090002 0 -0.5878086 -0.8090035 0 -0.5878039 -0.4999484 0 -0.8660552 -0.4999411 0 -0.8660594 -0.1045626 0 -0.9945183 0.1045626 0 -0.9945183 0.4999902 0 -0.8660311 0.8090342 0 -0.5877618 0.8090342 0 0.5877618 0.3090156 0 0.951057 -0.3090167 0 0.9510567 -0.8090342 0 0.5877618 -0.9135266 0 0.406779 -0.9135273 0 -0.4067777 -0.6691125 0 -0.7431612 -0.4999886 0 -0.866032 0.3090189 0 -0.951056 0.6691137 0 -0.7431601 0.6691164 0 -0.7431577 0.809032 0 -0.5877647 0.913526 0 -0.4067804 -0.9135288 0 -0.4067743 -0.809032 0 -0.5877647 -0.6691128 0 -0.743161 -0.6691101 0 -0.7431634 -0.3090167 0 -0.9510567 -0.1045618 0 -0.9945184 0.104561 0 -0.9945185 0.8090354 0 -0.58776 0.809037 0 0.5877576 -0.6691101 0 0.7431634 -0.9135296 0 -0.4067725 -0.1045144 0 -0.9945235 0.1045144 0 -0.9945235 0.3090512 0 -0.9510455 0.500066 0 -0.8659874 0.6690695 0 -0.7432 0.8091805 0 -0.5875602 0.8091772 0 -0.5875648 0.9134644 0 -0.4069188 0.9134644 0 -0.4069188 0.9134644 -1.74202e-7 -0.4069188 0.9134644 0 -0.4069188 0.9134644 0 -0.4069188 0.9134644 0 -0.4069188 0.9781197 0 -0.2080434 0.9781197 0 -0.2080434 0.9781197 0 -0.2080434 0.9781197 0 0.2080434 0.9781197 0 0.2080434 0.9781197 0 0.2080434 0.9134627 0 0.4069224 0.9134627 0 0.4069224 0.9134627 0 0.4069224 0.9134627 0 0.4069224 0.9134627 1.73802e-7 0.4069224 0.9134627 0 0.4069224 0.8091822 0 0.5875579 0.8089004 0 0.5879457 0.8089005 4.52874e-7 0.5879458 0.8089005 0 0.5879458 0.6690695 0 0.7432 0.5000733 0 0.8659831 0.500066 0 0.8659874 -0.500066 0 0.8659874 -0.5000733 0 0.8659831 -0.6690695 0 0.7432 -0.8091891 0 0.5875483 -0.978138 0 0.2079566 -0.9781381 0 0.2079566 -0.978138 0 0.2079566 -0.9781381 0 0.2079566 -0.978138 0 0.2079566 -0.978138 0 0.2079566 -0.978138 0 -0.2079566 -0.9781381 0 -0.2079566 -0.978138 0 -0.2079566 -0.9781381 0 -0.2079566 -0.978138 0 -0.2079566 -0.978138 0 -0.2079566 -0.9135954 0 -0.4066244 -0.8091841 0 -0.5875553 -0.8091875 0 -0.5875506 -0.6690695 0 -0.7432 -0.500066 0 -0.8659874 -0.309049 0 -0.9510462 0.3090178 0 -0.9510563 0.4999859 0 -0.8660337 0.4999895 0 -0.8660315 0.6691119 0 -0.7431617 0.6691145 0 -0.7431593 0.978156 0 -0.2078725 0.9781558 0 -0.2078735 0.978156 0 0.2078725 0.9781558 0 0.2078735 0.6691145 0 0.7431593 0.4999859 0 0.8660337 -0.3090178 0 0.9510563 -0.9135274 0 0.4067773 -0.9135274 0 -0.4067773 -0.913529 0 -0.4067738</float_array>
          <technique_common>
            <accessor source="#shape0_004-mesh-normals-array" count="2628" stride="3">
              <param name="X" type="float"/>
              <param name="Y" type="float"/>
              <param name="Z" type="float"/>
            </accessor>
          </technique_common>
        </source>
        <vertices id="shape0_004-mesh-vertices">
          <input semantic="POSITION" source="#shape0_004-mesh-positions"/>
        </vertices>
        <triangles material="Material_002-material" count="6196">
          <input semantic="VERTEX" source="#shape0_004-mesh-vertices" offset="0"/>
          <input semantic="NORMAL" source="#shape0_004-mesh-normals" offset="1"/>
          <p>0 0 1 0 2 0 2 0 1 0 3 0 1 1 0 1 4 1 4 1 0 1 5 1 0 2 2 2 5 2 5 2 2 2 6 2 2 3 3 3 6 3 6 3 3 3 7 3 3 4 1 4 7 4 7 4 1 4 4 4 8 5 9 5 10 5 10 5 9 5 11 5 10 6 11 6 12 6 12 6 11 6 13 6 12 7 13 7 14 7 14 8 13 8 15 8 14 9 15 9 16 9 16 9 15 9 17 9 16 10 17 10 18 10 18 10 17 10 19 10 18 11 19 11 20 11 20 11 19 11 21 11 20 12 21 12 22 12 22 12 21 12 23 12 22 13 23 13 24 13 24 13 23 13 25 13 24 14 25 14 26 14 26 14 25 14 27 14 26 15 27 15 28 15 28 15 27 15 29 15 28 16 29 16 30 16 30 16 29 16 31 16 30 17 31 17 32 17 32 17 31 17 33 17 32 18 33 18 34 18 34 18 33 18 35 18 34 19 35 19 36 19 36 20 35 20 37 20 36 21 37 21 38 21 38 21 37 21 39 21 38 3 39 3 40 3 40 3 39 3 41 3 40 22 41 22 42 22 42 22 41 22 43 22 42 23 43 23 44 23 44 24 43 24 45 24 44 25 45 25 46 25 46 25 45 25 47 25 46 26 47 26 48 26 48 26 47 26 49 26 48 27 49 27 50 27 50 28 49 28 51 28 50 29 51 29 52 29 52 30 51 30 53 30 52 31 53 31 54 31 54 31 53 31 55 31 54 32 55 32 56 32 56 33 55 33 57 33 56 34 57 34 58 34 58 34 57 34 59 34 58 35 59 35 60 35 60 35 59 35 61 35 60 36 61 36 62 36 62 36 61 36 63 36 62 37 63 37 64 37 64 37 63 37 65 37 64 38 65 38 8 38 8 38 65 38 9 38 66 39 67 40 68 41 68 42 67 42 69 42 68 43 69 43 70 43 70 44 69 45 71 46 70 47 71 48 72 49 72 50 71 51 73 52 72 53 73 53 74 53 74 53 73 53 75 53 74 54 75 54 76 54 76 54 75 54 77 54 76 55 77 55 78 55 78 55 77 55 79 55 78 56 79 56 80 56 80 56 79 56 81 56 80 57 81 57 82 57 82 57 81 57 83 57 82 58 83 58 84 58 84 58 83 58 85 58 84 59 85 59 86 59 86 59 85 59 87 59 86 60 87 60 88 60 88 61 87 62 89 63 88 64 89 64 90 64 90 64 89 64 91 64 90 65 91 65 92 65 92 65 91 65 93 65 92 66 93 67 94 68 94 69 93 70 95 71 94 72 95 73 96 74 96 75 95 76 97 77 96 3 97 3 98 3 98 3 97 3 99 3 98 78 99 79 100 80 100 81 99 82 101 83 100 84 101 85 102 86 102 87 101 88 103 89 102 90 103 90 104 90 104 90 103 90 105 90 104 91 105 91 106 91 106 91 105 91 107 91 106 92 107 93 108 94 108 95 107 96 109 97 108 98 109 98 110 98 110 99 109 99 111 99 110 100 111 100 112 100 112 100 111 100 113 100 112 101 113 101 114 101 114 102 113 102 115 102 114 103 115 103 116 103 116 103 115 103 117 103 116 104 117 104 118 104 118 104 117 104 119 104 118 105 119 105 120 105 120 105 119 105 121 105 120 106 121 106 122 106 122 106 121 106 123 106 122 107 123 107 66 107 66 108 123 109 67 110 124 111 125 111 126 111 126 111 125 111 127 111 126 112 127 112 128 112 128 112 127 112 129 112 128 113 129 113 130 113 130 113 129 113 131 113 130 9 131 9 132 9 132 9 131 9 133 9 132 114 133 114 134 114 134 114 133 114 135 114 134 11 135 11 136 11 136 11 135 11 137 11 136 12 137 12 138 12 138 12 137 12 139 12 138 13 139 13 140 13 140 13 139 13 141 13 140 115 141 115 142 115 142 115 141 115 143 115 142 15 143 15 144 15 144 15 143 15 145 15 144 116 145 116 146 116 146 116 145 116 147 116 146 117 147 117 148 117 148 117 147 117 149 117 148 118 149 118 150 118 150 118 149 118 151 118 150 119 151 119 152 119 152 119 151 119 153 119 152 120 153 120 154 120 154 120 153 120 155 120 154 3 155 3 156 3 156 3 155 3 157 3 156 121 157 121 158 121 158 121 157 121 159 121 158 122 159 122 160 122 160 122 159 122 161 122 160 123 161 123 162 123 162 123 161 123 163 123 162 124 163 124 164 124 164 124 163 124 165 124 164 125 165 125 166 125 166 125 165 125 167 125 166 126 167 126 168 126 168 126 167 126 169 126 168 127 169 127 170 127 170 127 169 127 171 127 170 128 171 128 172 128 172 128 171 128 173 128 172 129 173 129 174 129 174 129 173 129 175 129 174 130 175 130 176 130 176 130 175 130 177 130 176 131 177 131 178 131 178 131 177 131 179 131 178 132 179 132 180 132 180 132 179 132 181 132 180 133 181 133 124 133 124 133 181 133 125 133 182 42 183 42 184 42 184 42 183 42 185 42 184 43 185 43 186 43 186 43 185 43 187 43 186 134 187 135 188 136 188 137 187 138 189 139 188 140 189 140 190 140 190 53 189 53 191 53 190 141 191 141 192 141 192 141 191 141 193 141 192 142 193 142 194 142 194 55 193 55 195 55 194 143 195 143 196 143 196 56 195 56 197 56 196 144 197 144 198 144 198 144 197 144 199 144 198 145 199 145 200 145 200 146 199 146 201 146 200 147 201 148 202 149 202 150 201 151 203 152 202 153 203 154 204 155 204 156 203 157 205 158 204 159 205 160 206 161 206 162 205 163 207 164 206 165 207 165 208 165 208 166 207 166 209 166 208 167 209 168 210 169 210 170 209 70 211 171 210 172 211 173 212 174 212 175 211 176 213 177 212 3 213 3 214 3 214 3 213 3 215 3 214 178 215 179 216 180 216 181 215 182 217 183 216 184 217 185 218 186 218 187 217 188 219 189 218 190 219 190 220 190 220 191 219 191 221 191 220 192 221 193 222 194 222 195 221 196 223 197 222 198 223 199 224 200 224 201 223 202 225 203 224 204 225 205 226 206 226 207 225 208 227 209 226 210 227 210 228 210 228 210 227 210 229 210 228 102 229 102 230 102 230 211 229 211 231 211 230 103 231 103 232 103 232 212 231 212 233 212 232 213 233 213 234 213 234 214 233 214 235 214 234 215 235 215 236 215 236 216 235 216 237 216 236 217 237 217 238 217 238 106 237 106 239 106 238 107 239 107 182 107 182 218 239 219 183 220 240 221 241 221 242 221 242 221 241 221 243 221 242 222 243 222 244 222 244 222 243 222 245 222 244 223 245 224 246 225 246 226 245 227 247 228 246 53 247 53 248 53 248 53 247 53 249 53 248 229 249 229 250 229 250 229 249 229 251 229 250 55 251 55 252 55 252 55 251 55 253 55 252 56 253 56 254 56 254 56 253 56 255 56 254 57 255 57 256 57 256 57 255 57 257 57 256 230 257 230 258 230 258 230 257 230 259 230 258 59 259 59 260 59 260 59 259 59 261 59 260 231 261 232 262 233 262 234 261 235 263 236 262 237 263 237 264 237 264 237 263 237 265 237 264 238 265 238 266 238 266 238 265 238 267 238 266 239 267 240 268 241 268 242 267 243 269 244 268 245 269 246 270 247 270 248 269 249 271 250 270 3 271 3 272 3 272 3 271 3 273 3 272 251 273 252 274 253 274 254 273 255 275 256 274 257 275 258 276 259 276 260 275 261 277 262 276 190 277 190 278 190 278 190 277 190 279 190 278 263 279 263 280 263 280 263 279 263 281 263 280 264 281 265 282 266 282 267 281 268 283 269 282 270 283 270 284 270 284 270 283 270 285 270 284 271 285 271 286 271 286 271 285 271 287 271 286 211 287 211 288 211 288 211 287 211 289 211 288 272 289 272 290 272 290 272 289 272 291 272 290 273 291 273 292 273 292 273 291 273 293 273 292 274 293 274 294 274 294 274 293 274 295 274 294 275 295 275 296 275 296 275 295 275 297 275 296 276 297 277 240 278 240 279 297 280 241 281 298 5 299 5 300 5 300 5 299 5 301 5 300 6 301 6 302 6 302 6 301 6 303 6 302 7 303 7 304 7 304 282 303 282 305 282 304 283 305 283 306 283 306 9 305 9 307 9 306 284 307 284 308 284 308 284 307 284 309 284 308 285 309 285 310 285 310 11 309 11 311 11 310 286 311 286 312 286 312 12 311 12 313 12 312 287 313 287 314 287 314 287 313 287 315 287 314 288 315 288 316 288 316 289 315 289 317 289 316 15 317 15 318 15 318 15 317 15 319 15 318 290 319 290 320 290 320 291 319 291 321 291 320 292 321 292 322 292 322 292 321 292 323 292 322 293 323 293 324 293 324 294 323 294 325 294 324 295 325 295 326 295 326 20 325 20 327 20 326 296 327 296 328 296 328 21 327 21 329 21 328 3 329 3 330 3 330 3 329 3 331 3 330 297 331 297 332 297 332 298 331 298 333 298 332 299 333 299 334 299 334 122 333 122 335 122 334 123 335 123 336 123 336 300 335 300 337 300 336 301 337 301 338 301 338 301 337 301 339 301 338 302 339 302 340 302 340 302 339 302 341 302 340 303 341 303 342 303 342 303 341 303 343 303 342 304 343 304 344 304 344 304 343 304 345 304 344 33 345 33 346 33 346 128 345 128 347 128 346 34 347 34 348 34 348 305 347 305 349 305 348 306 349 306 350 306 350 307 349 307 351 307 350 308 351 308 352 308 352 309 351 309 353 309 352 310 353 310 354 310 354 37 353 37 355 37 354 38 355 38 298 38 298 311 355 311 299 311 356 312 357 312 358 312 358 313 357 313 359 313 358 314 359 314 360 314 360 315 359 315 361 315 360 316 361 316 362 316 362 317 361 317 363 317 362 318 363 318 364 318 364 319 363 319 365 319 364 320 365 321 366 322 366 323 365 324 367 325 366 326 367 327 368 328 368 329 367 330 369 331 368 332 369 332 370 332 370 333 369 333 371 333 370 334 371 334 372 334 372 335 371 335 373 335 372 336 373 336 374 336 374 337 373 337 375 337 374 338 375 338 376 338 376 339 375 339 377 339 376 340 377 340 378 340 378 341 377 341 379 341 378 342 379 342 380 342 380 343 379 343 381 343 380 344 381 344 382 344 382 345 381 345 383 345 382 346 383 346 384 346 384 347 383 347 385 347 384 348 385 348 386 348 386 349 385 349 387 349 386 350 387 350 388 350 388 350 387 350 389 350 388 351 389 351 390 351 390 352 389 352 391 352 390 353 391 353 392 353 392 354 391 354 393 354 392 355 393 355 394 355 394 356 393 356 395 356 394 357 395 357 396 357 396 358 395 358 397 358 396 359 397 359 398 359 398 360 397 361 399 362 398 363 399 363 400 363 400 364 399 364 401 364 400 365 401 366 402 367 402 368 401 369 403 370 402 3 403 3 404 3 404 3 403 3 405 3 404 371 405 372 406 373 406 374 405 375 407 376 406 377 407 377 408 377 408 378 407 378 409 378 408 379 409 380 410 381 410 382 409 383 411 384 410 385 411 385 412 385 412 386 411 386 413 386 412 387 413 387 414 387 414 388 413 388 415 388 414 389 415 389 416 389 416 390 415 390 417 390 416 391 417 391 418 391 418 392 417 392 419 392 418 393 419 393 420 393 420 394 419 394 421 394 420 395 421 395 422 395 422 396 421 396 423 396 422 397 423 397 424 397 424 398 423 398 425 398 424 399 425 399 426 399 426 400 425 400 427 400 426 401 427 401 428 401 428 402 427 402 429 402 428 403 429 403 430 403 430 404 429 404 431 404 430 405 431 405 432 405 432 406 431 406 433 406 432 407 433 407 434 407 434 408 433 408 435 408 434 409 435 409 436 409 436 410 435 410 437 410 436 411 437 411 438 411 438 412 437 412 439 412 438 413 439 413 440 413 440 414 439 414 441 414 440 415 441 415 442 415 442 416 441 416 443 416 442 417 443 417 444 417 444 418 443 418 445 418 444 419 445 419 356 419 356 420 445 420 357 420 446 421 447 421 448 421 448 422 447 422 449 422 448 423 449 423 450 423 450 424 449 424 451 424 450 425 451 425 452 425 452 426 451 426 453 426 452 427 453 427 454 427 454 428 453 428 455 428 454 429 455 429 456 429 456 430 455 430 457 430 456 431 457 431 458 431 458 432 457 432 459 432 458 433 459 433 460 433 460 434 459 434 461 434 460 435 461 435 462 435 462 436 461 436 463 436 462 437 463 437 464 437 464 438 463 438 465 438 464 439 465 439 466 439 466 440 465 440 467 440 466 441 467 441 468 441 468 442 467 442 469 442 468 443 469 443 470 443 470 444 469 444 471 444 470 445 471 445 472 445 472 446 471 446 473 446 472 447 473 447 474 447 474 448 473 448 475 448 474 449 475 449 476 449 476 450 475 450 477 450 476 451 477 451 478 451 478 452 477 452 479 452 478 453 479 453 480 453 480 454 479 454 481 454 480 455 481 455 482 455 482 456 481 456 483 456 482 457 483 457 484 457 484 458 483 458 485 458 484 459 485 459 486 459 486 460 485 460 487 460 486 461 487 461 488 461 488 462 487 462 489 462 488 463 489 463 490 463 490 464 489 464 491 464 490 465 491 465 492 465 492 466 491 466 493 466 492 3 493 3 494 3 494 3 493 3 495 3 494 467 495 467 496 467 496 468 495 468 497 468 496 469 497 469 498 469 498 470 497 470 499 470 498 471 499 471 500 471 500 472 499 472 501 472 500 473 501 473 502 473 502 474 501 474 503 474 502 475 503 475 504 475 504 476 503 476 505 476 504 477 505 477 506 477 506 478 505 478 507 478 506 479 507 479 508 479 508 480 507 480 509 480 508 481 509 481 510 481 510 482 509 482 511 482 510 483 511 483 512 483 512 484 511 484 513 484 512 485 513 485 514 485 514 486 513 486 515 486 514 487 515 487 516 487 516 488 515 488 517 488 516 489 517 489 518 489 518 490 517 490 519 490 518 491 519 491 520 491 520 492 519 492 521 492 520 493 521 493 522 493 522 494 521 494 523 494 522 495 523 495 524 495 524 408 523 408 525 408 524 496 525 496 526 496 526 497 525 497 527 497 526 498 527 498 528 498 528 499 527 499 529 499 528 500 529 500 530 500 530 501 529 501 531 501 530 502 531 502 532 502 532 503 531 503 533 503 532 504 533 504 534 504 534 505 533 505 535 505 534 506 535 506 446 506 446 507 535 507 447 507 536 312 537 312 538 312 538 313 537 313 539 313 538 314 539 314 540 314 540 315 539 315 541 315 540 508 541 508 542 508 542 509 541 509 543 509 542 427 543 427 544 427 544 510 543 510 545 510 544 511 545 511 546 511 546 512 545 512 547 512 546 513 547 513 548 513 548 514 547 514 549 514 548 515 549 515 550 515 550 516 549 516 551 516 550 517 551 517 552 517 552 518 551 518 553 518 552 336 553 336 554 336 554 337 553 337 555 337 554 519 555 519 556 519 556 520 555 520 557 520 556 521 557 521 558 521 558 522 557 522 559 522 558 523 559 523 560 523 560 524 559 524 561 524 560 525 561 525 562 525 562 526 561 526 563 526 562 527 563 527 564 527 564 528 563 528 565 528 564 529 565 529 566 529 566 530 565 530 567 530 566 531 567 531 568 531 568 531 567 531 569 531 568 532 569 532 570 532 570 533 569 533 571 533 570 534 571 534 572 534 572 535 571 535 573 535 572 457 573 457 574 457 574 458 573 458 575 458 574 536 575 536 576 536 576 537 575 537 577 537 576 538 577 538 578 538 578 539 577 539 579 539 578 540 579 540 580 540 580 541 579 541 581 541 580 542 581 542 582 542 582 543 581 543 583 543 582 3 583 3 584 3 584 3 583 3 585 3 584 544 585 544 586 544 586 545 585 545 587 545 586 546 587 546 588 546 588 470 587 470 589 470 588 547 589 547 590 547 590 548 589 548 591 548 590 549 591 549 592 549 592 550 591 550 593 550 592 475 593 475 594 475 594 551 593 551 595 551 594 552 595 552 596 552 596 553 595 553 597 553 596 479 597 479 598 479 598 480 597 480 599 480 598 554 599 554 600 554 600 555 599 555 601 555 600 556 601 556 602 556 602 557 601 557 603 557 602 485 603 485 604 485 604 558 603 558 605 558 604 559 605 559 606 559 606 560 605 560 607 560 606 489 607 489 608 489 608 490 607 490 609 490 608 561 609 561 610 561 610 562 609 562 611 562 610 563 611 563 612 563 612 564 611 564 613 564 612 407 613 407 614 407 614 408 613 408 615 408 614 496 615 496 616 496 616 497 615 497 617 497 616 565 617 565 618 565 618 499 617 499 619 499 618 500 619 500 620 500 620 566 619 566 621 566 620 502 621 502 622 502 622 567 621 567 623 567 622 568 623 568 624 568 624 569 623 569 625 569 624 570 625 570 536 570 536 571 625 571 537 571 626 572 627 572 628 572 628 573 627 573 629 573 628 574 629 574 630 574 630 575 629 575 631 575 630 576 631 576 632 576 632 426 631 426 633 426 632 577 633 577 634 577 634 578 633 578 635 578 634 579 635 579 636 579 636 580 635 580 637 580 636 581 637 581 638 581 638 582 637 582 639 582 638 583 639 583 640 583 640 584 639 584 641 584 640 585 641 585 642 585 642 586 641 586 643 586 642 587 643 587 644 587 644 588 643 588 645 588 644 589 645 589 646 589 646 590 645 590 647 590 646 591 647 591 648 591 648 592 647 592 649 592 648 523 649 523 650 523 650 524 649 524 651 524 650 593 651 593 652 593 652 594 651 594 653 594 652 595 653 595 654 595 654 596 653 596 655 596 654 597 655 597 656 597 656 598 655 598 657 598 656 599 657 599 658 599 658 600 657 600 659 600 658 532 659 532 660 532 660 533 659 533 661 533 660 601 661 601 662 601 662 602 661 602 663 602 662 603 663 603 664 603 664 604 663 604 665 604 664 605 665 605 666 605 666 606 665 606 667 606 666 607 667 607 668 607 668 608 667 608 669 608 668 609 669 609 670 609 670 610 669 610 671 610 670 611 671 611 672 611 672 612 671 612 673 612 672 3 673 3 674 3 674 3 673 3 675 3 674 613 675 613 676 613 676 614 675 614 677 614 676 615 677 615 678 615 678 616 677 616 679 616 678 617 679 617 680 617 680 548 679 548 681 548 680 549 681 549 682 549 682 618 681 618 683 618 682 475 683 475 684 475 684 551 683 551 685 551 684 552 685 552 686 552 686 553 685 553 687 553 686 619 687 619 688 619 688 620 687 620 689 620 688 621 689 621 690 621 690 622 689 622 691 622 690 623 691 623 692 623 692 624 691 624 693 624 692 625 693 625 694 625 694 626 693 626 695 626 694 627 695 627 696 627 696 628 695 628 697 628 696 489 697 489 698 489 698 490 697 490 699 490 698 629 699 629 700 629 700 492 699 492 701 492 700 493 701 493 702 493 702 630 701 630 703 630 702 407 703 407 704 407 704 631 703 631 705 631 704 632 705 632 706 632 706 497 705 497 707 497 706 565 707 565 708 565 708 499 707 499 709 499 708 500 709 500 710 500 710 501 709 501 711 501 710 502 711 502 712 502 712 633 711 633 713 633 712 634 713 634 714 634 714 635 713 635 715 635 714 419 715 419 626 419 626 507 715 507 627 507 716 636 717 636 718 636 718 637 717 637 719 637 718 638 719 638 720 638 720 639 719 639 721 639 720 576 721 576 722 576 722 426 721 426 723 426 722 640 723 640 724 640 724 641 723 641 725 641 724 642 725 643 726 644 726 645 725 646 727 647 726 648 727 648 728 648 728 649 727 650 729 651 728 652 729 652 730 652 730 653 729 653 731 653 730 654 731 654 732 654 732 655 731 655 733 655 732 587 733 587 734 587 734 588 733 588 735 588 734 656 735 656 736 656 736 657 735 657 737 657 736 658 737 658 738 658 738 659 737 659 739 659 738 342 739 342 740 342 740 343 739 343 741 343 740 660 741 660 742 660 742 661 741 661 743 661 742 662 743 662 744 662 744 663 743 663 745 663 744 348 745 348 746 348 746 349 745 349 747 349 746 664 747 664 748 664 748 665 747 665 749 665 748 666 749 666 750 666 750 667 749 667 751 667 750 668 751 668 752 668 752 669 751 670 753 671 752 672 753 672 754 672 754 673 753 673 755 673 754 674 755 674 756 674 756 675 755 675 757 675 756 676 757 677 758 678 758 679 757 680 759 681 758 682 759 682 760 682 760 683 759 683 761 683 760 684 761 685 762 686 762 687 761 687 763 687 762 3 763 3 764 3 764 3 763 3 765 3 764 688 765 688 766 688 766 689 765 689 767 689 766 690 767 690 768 690 768 691 767 691 769 691 768 692 769 693 770 694 770 695 769 696 771 697 770 385 771 385 772 385 772 698 771 698 773 698 772 387 773 387 774 387 774 388 773 388 775 388 774 699 775 700 776 701 776 390 775 390 777 390 776 702 777 702 778 702 778 703 777 703 779 703 778 704 779 704 780 704 780 394 779 394 781 394 780 705 781 705 782 705 782 706 781 706 783 706 782 707 783 707 784 707 784 708 783 708 785 708 784 399 785 399 786 399 786 709 785 709 787 709 786 401 787 401 788 401 788 402 787 402 789 402 788 710 789 710 790 710 790 711 789 711 791 711 790 405 791 405 792 405 792 712 791 712 793 712 792 713 793 713 794 713 794 408 793 408 795 408 794 409 795 409 796 409 796 714 795 714 797 714 796 715 797 715 798 715 798 716 797 716 799 716 798 717 799 717 800 717 800 718 799 719 801 720 800 721 801 722 802 723 802 724 801 725 803 726 802 727 803 727 804 727 804 728 803 728 805 728 804 419 805 419 716 419 716 507 805 507 717 507 806 729 807 729 808 729 808 730 807 730 809 730 808 731 809 731 810 731 810 732 809 732 811 732 810 733 811 733 812 733 812 734 811 734 813 734 812 735 813 735 814 735 814 736 813 736 815 736 814 737 815 737 816 737 816 738 815 738 817 738 816 739 817 739 818 739 818 740 817 740 819 740 818 741 819 741 820 741 820 742 819 742 821 742 820 743 821 743 822 743 822 744 821 744 823 744 822 745 823 745 824 745 824 746 823 746 825 746 824 747 825 747 826 747 826 748 825 748 827 748 826 749 827 749 828 749 828 750 827 750 829 750 828 751 829 751 830 751 830 752 829 752 831 752 830 753 831 753 832 753 832 754 831 754 833 754 832 755 833 755 834 755 834 756 833 756 835 756 834 757 835 757 836 757 836 758 835 758 837 758 836 759 837 759 838 759 838 760 837 760 839 760 838 761 839 761 840 761 840 762 839 762 841 762 840 763 841 763 842 763 842 764 841 764 843 764 842 765 843 765 844 765 844 766 843 766 845 766 844 767 845 767 846 767 846 768 845 768 847 768 846 769 847 769 848 769 848 770 847 770 849 770 848 771 849 771 850 771 850 772 849 772 851 772 850 773 851 773 852 773 852 774 851 774 853 774 852 3 853 3 854 3 854 3 853 3 855 3 854 775 855 775 856 775 856 776 855 776 857 776 856 777 857 777 858 777 858 778 857 778 859 778 858 779 859 779 860 779 860 780 859 780 861 780 860 781 861 781 862 781 862 782 861 782 863 782 862 783 863 783 864 783 864 784 863 784 865 784 864 785 865 785 866 785 866 786 865 786 867 786 866 787 867 787 868 787 868 788 867 788 869 788 868 789 869 789 870 789 870 790 869 790 871 790 870 791 871 791 872 791 872 792 871 792 873 792 872 793 873 793 874 793 874 486 873 486 875 486 874 559 875 559 876 559 876 628 875 628 877 628 876 794 877 794 878 794 878 795 877 795 879 795 878 796 879 796 880 796 880 797 879 797 881 797 880 798 881 798 882 798 882 799 881 799 883 799 882 800 883 800 884 800 884 801 883 801 885 801 884 802 885 802 886 802 886 803 885 803 887 803 886 804 887 804 888 804 888 805 887 805 889 805 888 806 889 806 890 806 890 807 889 807 891 807 890 808 891 808 892 808 892 809 891 809 893 809 892 810 893 810 894 810 894 811 893 811 895 811 894 812 895 812 806 812 806 813 895 813 807 813 896 312 897 312 898 312 898 313 897 313 899 313 898 814 899 814 900 814 900 815 899 815 901 815 900 816 901 816 902 816 902 817 901 817 903 817 902 427 903 427 904 427 904 428 903 428 905 428 904 818 905 818 906 818 906 819 905 819 907 819 906 581 907 581 908 581 908 582 907 582 909 582 908 820 909 820 910 820 910 821 909 821 911 821 910 822 911 822 912 822 912 823 911 823 913 823 912 587 913 587 914 587 914 824 913 824 915 824 914 825 915 825 916 825 916 826 915 826 917 826 916 827 917 827 918 827 918 828 917 828 919 828 918 523 919 523 920 523 920 524 919 524 921 524 920 829 921 829 922 829 922 754 921 754 923 754 922 830 923 830 924 830 924 831 923 831 925 831 924 832 925 832 926 832 926 833 925 833 927 833 926 834 927 834 928 834 928 835 927 835 929 835 928 836 929 836 930 836 930 837 929 837 931 837 930 838 931 838 932 838 932 839 931 839 933 839 932 840 933 840 934 840 934 841 933 841 935 841 934 842 935 842 936 842 936 606 935 606 937 606 936 607 937 607 938 607 938 608 937 608 939 608 938 609 939 609 940 609 940 843 939 843 941 843 940 542 941 542 942 542 942 543 941 543 943 543 942 3 943 3 944 3 944 3 943 3 945 3 944 544 945 544 946 544 946 545 945 545 947 545 946 546 947 546 948 546 948 844 947 844 949 844 948 845 949 845 950 845 950 846 949 846 951 846 950 847 951 847 952 847 952 848 951 848 953 848 952 475 953 475 954 475 954 551 953 551 955 551 954 849 955 849 956 849 956 850 955 850 957 850 956 851 957 851 958 851 958 852 957 852 959 852 958 853 959 853 960 853 960 854 959 854 961 854 960 855 961 855 962 855 962 856 961 856 963 856 962 857 963 857 964 857 964 858 963 858 965 858 964 859 965 859 966 859 966 860 965 860 967 860 966 489 967 489 968 489 968 490 967 490 969 490 968 861 969 861 970 861 970 491 969 491 971 491 970 862 971 862 972 862 972 863 971 863 973 863 972 864 973 864 974 864 974 865 973 865 975 865 974 866 975 866 976 866 976 867 975 867 977 867 976 868 977 868 978 868 978 869 977 869 979 869 978 870 979 870 980 870 980 871 979 871 981 871 980 872 981 872 982 872 982 873 981 873 983 873 982 874 983 874 984 874 984 875 983 875 985 875 984 876 985 876 896 876 896 877 985 877 897 877 986 878 987 878 988 878 988 637 987 637 989 637 988 638 989 638 990 638 990 639 989 639 991 639 990 879 991 879 992 879 992 817 991 817 993 817 992 427 993 427 994 427 994 428 993 428 995 428 994 429 995 429 996 429 996 430 995 430 997 430 996 431 997 431 998 431 998 432 997 432 999 432 998 433 999 433 1000 433 1000 434 999 434 1001 434 1000 435 1001 435 1002 435 1002 436 1001 436 1003 436 1002 437 1003 437 1004 437 1004 438 1003 438 1005 438 1004 439 1005 439 1006 439 1006 440 1005 440 1007 440 1006 880 1007 880 1008 880 1008 881 1007 881 1009 881 1008 443 1009 443 1010 443 1010 444 1009 444 1011 444 1010 882 1011 882 1012 882 1012 883 1011 883 1013 883 1012 447 1013 447 1014 447 1014 448 1013 448 1015 448 1014 884 1015 884 1016 884 1016 885 1015 885 1017 885 1016 886 1017 886 1018 886 1018 887 1017 887 1019 887 1018 453 1019 453 1020 453 1020 454 1019 454 1021 454 1020 455 1021 455 1022 455 1022 456 1021 456 1023 456 1022 457 1023 457 1024 457 1024 458 1023 458 1025 458 1024 459 1025 459 1026 459 1026 460 1025 460 1027 460 1026 888 1027 888 1028 888 1028 889 1027 889 1029 889 1028 463 1029 463 1030 463 1030 464 1029 464 1031 464 1030 890 1031 890 1032 890 1032 891 1031 891 1033 891 1032 3 1033 3 1034 3 1034 3 1033 3 1035 3 1034 892 1035 892 1036 892 1036 893 1035 893 1037 893 1036 469 1037 469 1038 469 1038 470 1037 470 1039 470 1038 547 1039 547 1040 547 1040 894 1039 894 1041 894 1040 473 1041 473 1042 473 1042 474 1041 474 1043 474 1042 475 1043 475 1044 475 1044 476 1043 476 1045 476 1044 477 1045 477 1046 477 1046 478 1045 478 1047 478 1046 479 1047 479 1048 479 1048 480 1047 480 1049 480 1048 895 1049 895 1050 895 1050 555 1049 555 1051 555 1050 896 1051 896 1052 896 1052 897 1051 897 1053 897 1052 485 1053 485 1054 485 1054 486 1053 486 1055 486 1054 627 1055 627 1056 627 1056 898 1055 898 1057 898 1056 489 1057 489 1058 489 1058 490 1057 490 1059 490 1058 561 1059 561 1060 561 1060 562 1059 562 1061 562 1060 493 1061 493 1062 493 1062 494 1061 494 1063 494 1062 495 1063 495 1064 495 1064 408 1063 408 1065 408 1064 496 1065 496 1066 496 1066 497 1065 497 1067 497 1066 498 1067 498 1068 498 1068 499 1067 499 1069 499 1068 500 1069 500 1070 500 1070 501 1069 501 1071 501 1070 502 1071 502 1072 502 1072 503 1071 503 1073 503 1072 504 1073 504 1074 504 1074 505 1073 505 1075 505 1074 899 1075 899 986 899 986 900 1075 900 987 900 1076 312 1077 312 1078 312 1078 313 1077 313 1079 313 1078 814 1079 814 1080 814 1080 815 1079 815 1081 815 1080 576 1081 576 1082 576 1082 426 1081 426 1083 426 1082 318 1083 318 1084 318 1084 901 1083 901 1085 901 1084 902 1085 903 1086 904 1086 905 1085 906 1087 907 1086 908 1087 909 1088 910 1088 911 1087 912 1089 913 1088 914 1089 914 1090 914 1090 915 1089 915 1091 915 1090 916 1091 916 1092 916 1092 655 1091 655 1093 655 1092 587 1093 587 1094 587 1094 824 1093 824 1095 824 1094 917 1095 917 1096 917 1096 657 1095 657 1097 657 1096 918 1097 918 1098 918 1098 919 1097 919 1099 919 1098 342 1099 342 1100 342 1100 343 1099 343 1101 343 1100 920 1101 920 1102 920 1102 661 1101 661 1103 661 1102 921 1103 921 1104 921 1104 922 1103 922 1105 922 1104 923 1105 923 1106 923 1106 924 1105 924 1107 924 1106 664 1107 664 1108 664 1108 665 1107 665 1109 665 1108 666 1109 666 1110 666 1110 667 1109 667 1111 667 1110 925 1111 925 1112 925 1112 926 1111 926 1113 926 1112 927 1113 927 1114 927 1114 928 1113 928 1115 928 1114 929 1115 929 1116 929 1116 675 1115 675 1117 675 1116 676 1117 677 1118 678 1118 930 1117 931 1119 932 1118 933 1119 933 1120 933 1120 934 1119 934 1121 934 1120 935 1121 935 1122 935 1122 368 1121 369 1123 370 1122 3 1123 3 1124 3 1124 3 1123 3 1125 3 1124 371 1125 372 1126 373 1126 374 1125 375 1127 376 1126 377 1127 377 1128 377 1128 936 1127 936 1129 936 1128 937 1129 938 1130 939 1130 940 1129 941 1131 942 1130 943 1131 943 1132 943 1132 944 1131 944 1133 944 1132 387 1133 387 1134 387 1134 388 1133 388 1135 388 1134 945 1135 945 1136 945 1136 946 1135 946 1137 946 1136 947 1137 947 1138 947 1138 948 1137 948 1139 948 1138 949 1139 949 1140 949 1140 950 1139 950 1141 950 1140 951 1141 951 1142 951 1142 952 1141 952 1143 952 1142 953 1143 953 1144 953 1144 954 1143 954 1145 954 1144 955 1145 955 1146 955 1146 956 1145 956 1147 956 1146 401 1147 401 1148 401 1148 402 1147 402 1149 402 1148 957 1149 957 1150 957 1150 957 1149 957 1151 957 1150 958 1151 958 1152 958 1152 959 1151 959 1153 959 1152 864 1153 864 1154 864 1154 865 1153 865 1155 865 1154 960 1155 960 1156 960 1156 961 1155 961 1157 961 1156 962 1157 962 1158 962 1158 963 1157 963 1159 963 1158 964 1159 965 1160 966 1160 967 1159 968 1161 969 1160 970 1161 971 1162 972 1162 973 1161 973 1163 973 1162 974 1163 974 1164 974 1164 975 1163 975 1165 975 1164 976 1165 976 1076 976 1076 977 1165 977 1077 977 1166 978 1167 978 1168 978 1168 979 1167 979 1169 979 1168 980 1169 980 1170 980 1170 981 1169 981 1171 981 1170 982 1171 982 1172 982 1172 983 1171 983 1173 983 1172 984 1173 984 1174 984 1174 985 1173 985 1175 985 1174 320 1175 321 1176 322 1176 986 1175 987 1177 988 1176 989 1177 990 1178 991 1178 329 1177 330 1179 331 1178 992 1179 992 1180 992 1180 993 1179 993 1181 993 1180 334 1181 334 1182 334 1182 994 1181 994 1183 994 1182 995 1183 995 1184 995 1184 996 1183 996 1185 996 1184 997 1185 997 1186 997 1186 998 1185 998 1187 998 1186 999 1187 999 1188 999 1188 828 1187 828 1189 828 1188 523 1189 523 1190 523 1190 524 1189 524 1191 524 1190 593 1191 593 1192 593 1192 594 1191 594 1193 594 1192 755 1193 755 1194 755 1194 1000 1193 1000 1195 1000 1194 529 1195 529 1196 529 1196 530 1195 530 1197 530 1196 1001 1197 1001 1198 1001 1198 1002 1197 1002 1199 1002 1198 532 1199 532 1200 532 1200 533 1199 533 1201 533 1200 1003 1201 1003 1202 1003 1202 1004 1201 1004 1203 1004 1202 1005 1203 1005 1204 1005 1204 1006 1203 1006 1205 1006 1204 536 1205 536 1206 536 1206 537 1205 537 1207 537 1206 1007 1207 1007 1208 1007 1208 1008 1207 1008 1209 1008 1208 1009 1209 1009 1210 1009 1210 934 1209 934 1211 934 1210 542 1211 542 1212 542 1212 1010 1211 1010 1213 1010 1212 3 1213 3 1214 3 1214 3 1213 3 1215 3 1214 1011 1215 1011 1216 1011 1216 1012 1215 1012 1217 1012 1216 1013 1217 1013 1218 1013 1218 936 1217 936 1219 936 1218 845 1219 845 1220 845 1220 846 1219 846 1221 846 1220 1014 1221 1014 1222 1014 1222 550 1221 550 1223 550 1222 1015 1223 1015 1224 1015 1224 1016 1223 1016 1225 1016 1224 1017 1225 1017 1226 1017 1226 1018 1225 1018 1227 1018 1226 851 1227 851 1228 851 1228 1019 1227 1019 1229 1019 1228 895 1229 895 1230 895 1230 555 1229 555 1231 555 1230 896 1231 896 1232 896 1232 1020 1231 1020 1233 1020 1232 1021 1233 1021 1234 1021 1234 1022 1233 1022 1235 1022 1234 1023 1235 1023 1236 1023 1236 560 1235 560 1237 560 1236 489 1237 489 1238 489 1238 490 1237 490 1239 490 1238 1024 1239 1024 1240 1024 1240 562 1239 562 1241 562 1240 1025 1241 1025 1242 1025 1242 1026 1241 1026 1243 1026 1242 1027 1243 1027 1244 1027 1244 1028 1243 1028 1245 1028 1244 960 1245 960 1246 960 1246 1029 1245 1029 1247 1029 1246 1030 1247 1030 1248 1030 1248 1031 1247 1031 1249 1031 1248 964 1249 965 1250 966 1250 1032 1249 1033 1251 1034 1250 1035 1251 1036 1252 1037 1252 973 1251 973 1253 973 1252 1038 1253 1038 1254 1038 1254 1039 1253 1039 1255 1039 1254 1040 1255 1040 1166 1040 1166 1041 1255 1041 1167 1041 1256 572 1257 572 1258 572 1258 573 1257 573 1259 573 1258 574 1259 574 1260 574 1260 575 1259 575 1261 575 1260 576 1261 576 1262 576 1262 426 1261 426 1263 426 1262 427 1263 427 1264 427 1264 578 1263 578 1265 578 1264 1042 1265 1042 1266 1042 1266 819 1265 819 1267 819 1266 1043 1267 1043 1268 1043 1268 1044 1267 1044 1269 1044 1268 1045 1269 1045 1270 1045 1270 1046 1269 1046 1271 1046 1270 1047 1271 1047 1272 1047 1272 823 1271 823 1273 823 1272 1048 1273 1048 1274 1048 1274 588 1273 588 1275 588 1274 1049 1275 1049 1276 1049 1276 1050 1275 1050 1277 1050 1276 1051 1277 1051 1278 1051 1278 592 1277 592 1279 592 1278 523 1279 523 1280 523 1280 524 1279 524 1281 524 1280 753 1281 753 1282 753 1282 1052 1281 1052 1283 1052 1282 1053 1283 1053 1284 1053 1284 1054 1283 1054 1285 1054 1284 1055 1285 1055 1286 1055 1286 598 1285 598 1287 598 1286 599 1287 599 1288 599 1288 600 1287 600 1289 600 1288 836 1289 836 1290 836 1290 837 1289 837 1291 837 1290 1056 1291 1056 1292 1056 1292 839 1291 839 1293 839 1292 1057 1293 1057 1294 1057 1294 1058 1293 1058 1295 1058 1294 1059 1295 1059 1296 1059 1296 606 1295 606 1297 606 1296 607 1297 607 1298 607 1298 1060 1297 1060 1299 1060 1298 609 1299 609 1300 609 1300 464 1299 464 1301 464 1300 890 1301 890 1302 890 1302 1061 1301 1061 1303 1061 1302 3 1303 3 1304 3 1304 3 1303 3 1305 3 1304 892 1305 892 1306 892 1306 1062 1305 1062 1307 1062 1306 469 1307 469 1308 469 1308 470 1307 470 1309 470 1308 547 1309 547 1310 547 1310 548 1309 548 1311 548 1310 549 1311 549 1312 549 1312 550 1311 550 1313 550 1312 1063 1313 1063 1314 1063 1314 476 1313 476 1315 476 1314 1064 1315 1064 1316 1064 1316 1065 1315 1065 1317 1065 1316 851 1317 851 1318 851 1318 852 1317 852 1319 852 1318 481 1319 481 1320 481 1320 482 1319 482 1321 482 1320 483 1321 483 1322 483 1322 1066 1321 1066 1323 1066 1322 1067 1323 1067 1324 1067 1324 1068 1323 1068 1325 1068 1324 1023 1325 1023 1326 1023 1326 560 1325 560 1327 560 1326 489 1327 489 1328 489 1328 490 1327 490 1329 490 1328 1069 1329 1069 1330 1069 1330 492 1329 492 1331 492 1330 1025 1331 1025 1332 1025 1332 1026 1331 1026 1333 1026 1332 1070 1333 1070 1334 1070 1334 1071 1333 1071 1335 1071 1334 1072 1335 1072 1336 1072 1336 1073 1335 1073 1337 1073 1336 1074 1337 1074 1338 1074 1338 1075 1337 1075 1339 1075 1338 500 1339 500 1340 500 1340 1076 1339 1076 1341 1076 1340 1077 1341 1077 1342 1077 1342 567 1341 567 1343 567 1342 504 1343 504 1344 504 1344 1078 1343 1078 1345 1078 1344 976 1345 976 1256 976 1256 1079 1345 1079 1257 1079 1346 1080 1347 1080 1348 1080 1348 1081 1347 1081 1349 1081 1348 1082 1349 1082 1350 1082 1350 1083 1349 1083 1351 1083 1350 982 1351 982 1352 982 1352 983 1351 983 1353 983 1352 1084 1353 1084 1354 1084 1354 1085 1353 1085 1355 1085 1354 511 1355 511 1356 511 1356 1086 1355 1086 1357 1086 1356 1087 1357 1087 1358 1087 1358 514 1357 514 1359 514 1358 1088 1359 1088 1360 1088 1360 1089 1359 1089 1361 1089 1360 517 1361 517 1362 517 1362 1090 1361 1090 1363 1090 1362 1091 1363 1091 1364 1091 1364 824 1363 824 1365 824 1364 997 1365 997 1366 997 1366 998 1365 998 1367 998 1366 591 1367 591 1368 591 1368 592 1367 592 1369 592 1368 523 1369 523 1370 523 1370 524 1369 524 1371 524 1370 593 1371 593 1372 593 1372 594 1371 594 1373 594 1372 595 1373 595 1374 595 1374 596 1373 596 1375 596 1374 597 1375 597 1376 597 1376 598 1375 598 1377 598 1376 1092 1377 1092 1378 1092 1378 1093 1377 1093 1379 1093 1378 532 1379 532 1380 532 1380 533 1379 533 1381 533 1380 1094 1381 1094 1382 1094 1382 535 1381 535 1383 535 1382 457 1383 457 1384 457 1384 458 1383 458 1385 458 1384 536 1385 536 1386 536 1386 537 1385 537 1387 537 1386 1007 1387 1007 1388 1007 1388 1008 1387 1008 1389 1008 1388 1095 1389 1095 1390 1095 1390 843 1389 843 1391 843 1390 542 1391 542 1392 542 1392 1010 1391 1010 1393 1010 1392 3 1393 3 1394 3 1394 3 1393 3 1395 3 1394 1011 1395 1011 1396 1011 1396 1012 1395 1012 1397 1012 1396 1096 1397 1096 1398 1096 1398 844 1397 844 1399 844 1398 845 1399 845 1400 845 1400 846 1399 846 1401 846 1400 1014 1401 1014 1402 1014 1402 550 1401 550 1403 550 1402 475 1403 475 1404 475 1404 551 1403 551 1405 551 1404 849 1405 849 1406 849 1406 1097 1405 1097 1407 1097 1406 851 1407 851 1408 851 1408 1019 1407 1019 1409 1019 1408 481 1409 481 1410 481 1410 482 1409 482 1411 482 1410 483 1411 483 1412 483 1412 1066 1411 1066 1413 1066 1412 1067 1413 1067 1414 1067 1414 1068 1413 1068 1415 1068 1414 1023 1415 1023 1416 1023 1416 560 1415 560 1417 560 1416 489 1417 489 1418 489 1418 490 1417 490 1419 490 1418 1069 1419 1069 1420 1069 1420 492 1419 492 1421 492 1420 1025 1421 1025 1422 1025 1422 1026 1421 1026 1423 1026 1422 1070 1423 1070 1424 1070 1424 1098 1423 1098 1425 1098 1424 866 1425 866 1426 866 1426 1099 1425 1099 1427 1099 1426 1100 1427 1100 1428 1100 1428 1075 1427 1075 1429 1075 1428 870 1429 870 1430 870 1430 501 1429 501 1431 501 1430 1101 1431 1101 1432 1101 1432 873 1431 873 1433 873 1432 1102 1433 1102 1434 1102 1434 1103 1433 1103 1435 1103 1434 1040 1435 1040 1346 1040 1346 1041 1435 1041 1347 1041 1436 636 1437 636 1438 636 1438 637 1437 637 1439 637 1438 638 1439 638 1440 638 1440 639 1439 639 1441 639 1440 816 1441 816 1442 816 1442 817 1441 817 1443 817 1442 1104 1443 1104 1444 1104 1444 1105 1443 1105 1445 1105 1444 1042 1445 1042 1446 1042 1446 1106 1445 1106 1447 1106 1446 1087 1447 1087 1448 1087 1448 1044 1447 1044 1449 1044 1448 1045 1449 1045 1450 1045 1450 1107 1449 1107 1451 1107 1450 1108 1451 1108 1452 1108 1452 823 1451 823 1453 823 1452 587 1453 587 1454 587 1454 588 1453 588 1455 588 1454 589 1455 589 1456 589 1456 826 1455 826 1457 826 1456 1109 1457 1109 1458 1109 1458 1110 1457 1110 1459 1110 1458 523 1459 523 1460 523 1460 524 1459 524 1461 524 1460 753 1461 753 1462 753 1462 754 1461 754 1463 754 1462 755 1463 755 1464 755 1464 756 1463 756 1465 756 1464 529 1465 529 1466 529 1466 530 1465 530 1467 530 1466 834 1467 834 1468 834 1468 835 1467 835 1469 835 1468 836 1469 836 1470 836 1470 837 1469 837 1471 837 1470 1111 1471 1111 1472 1111 1472 1112 1471 1112 1473 1112 1472 603 1473 603 1474 603 1474 1058 1473 1058 1475 1058 1474 605 1475 605 1476 605 1476 606 1475 606 1477 606 1476 607 1477 607 1478 607 1478 608 1477 608 1479 608 1478 1113 1479 1113 1480 1113 1480 464 1479 464 1481 464 1480 611 1481 611 1482 611 1482 1061 1481 1061 1483 1061 1482 3 1483 3 1484 3 1484 3 1483 3 1485 3 1484 613 1485 613 1486 613 1486 614 1485 614 1487 614 1486 469 1487 469 1488 469 1488 616 1487 616 1489 616 1488 617 1489 617 1490 617 1490 1114 1489 1114 1491 1114 1490 549 1491 549 1492 549 1492 474 1491 474 1493 474 1492 475 1493 475 1494 475 1494 551 1493 551 1495 551 1494 1115 1495 1115 1496 1115 1496 553 1495 553 1497 553 1496 1116 1497 1116 1498 1116 1498 620 1497 620 1499 620 1498 895 1499 895 1500 895 1500 555 1499 555 1501 555 1500 896 1501 896 1502 896 1502 1117 1501 1117 1503 1117 1502 793 1503 793 1504 793 1504 486 1503 486 1505 486 1504 559 1505 559 1506 559 1506 628 1505 628 1507 628 1506 489 1507 489 1508 489 1508 490 1507 490 1509 490 1508 1118 1509 1118 1510 1118 1510 1119 1509 1119 1511 1119 1510 563 1511 563 1512 563 1512 630 1511 630 1513 630 1512 713 1513 713 1514 713 1514 408 1513 408 1515 408 1514 496 1515 496 1516 496 1516 1120 1515 1120 1517 1120 1516 498 1517 498 1518 498 1518 1121 1517 1121 1519 1121 1518 1122 1519 1122 1520 1122 1520 1123 1519 1123 1521 1123 1520 1077 1521 1077 1522 1077 1522 503 1521 503 1523 503 1522 1124 1523 1124 1524 1124 1524 1125 1523 1125 1525 1125 1524 570 1525 570 1436 570 1436 900 1525 900 1437 900 1526 636 1527 636 1528 636 1528 1126 1527 1126 1529 1126 1528 1127 1529 1127 1530 1127 1530 315 1529 315 1531 315 1530 576 1531 576 1532 576 1532 426 1531 426 1533 426 1532 1128 1533 1128 1534 1128 1534 1129 1533 1129 1535 1129 1534 1130 1535 1130 1536 1130 1536 1131 1535 1131 1537 1131 1536 1132 1537 1132 1538 1132 1538 1133 1537 1133 1539 1133 1538 1134 1539 1134 1540 1134 1540 1135 1539 1135 1541 1135 1540 1136 1541 1136 1542 1136 1542 1137 1541 1137 1543 1137 1542 1138 1543 1138 1544 1138 1544 1139 1543 1139 1545 1139 1544 589 1545 589 1546 589 1546 590 1545 590 1547 590 1546 999 1547 999 1548 999 1548 828 1547 828 1549 828 1548 523 1549 523 1550 523 1550 524 1549 524 1551 524 1550 593 1551 593 1552 593 1552 594 1551 594 1553 594 1552 755 1553 755 1554 755 1554 1000 1553 1000 1555 1000 1554 529 1555 529 1556 529 1556 530 1555 530 1557 530 1556 834 1557 834 1558 834 1558 835 1557 835 1559 835 1558 532 1559 532 1560 532 1560 533 1559 533 1561 533 1560 1140 1561 1140 1562 1140 1562 1141 1561 1141 1563 1141 1562 1142 1563 1142 1564 1142 1564 1143 1563 1143 1565 1143 1564 605 1565 605 1566 605 1566 606 1565 606 1567 606 1566 607 1567 607 1568 607 1568 608 1567 608 1569 608 1568 933 1569 933 1570 933 1570 1144 1569 1144 1571 1144 1570 611 1571 611 1572 611 1572 612 1571 612 1573 612 1572 3 1573 3 1574 3 1574 3 1573 3 1575 3 1574 613 1575 613 1576 613 1576 614 1575 614 1577 614 1576 1145 1577 1145 1578 1145 1578 691 1577 691 1579 691 1578 617 1579 617 1580 617 1580 548 1579 548 1581 548 1580 549 1581 549 1582 549 1582 618 1581 618 1583 618 1582 1015 1583 1015 1584 1015 1584 1016 1583 1016 1585 1016 1584 1146 1585 1146 1586 1146 1586 1147 1585 1147 1587 1147 1586 619 1587 619 1588 619 1588 620 1587 620 1589 620 1588 554 1589 554 1590 554 1590 1148 1589 1148 1591 1148 1590 1149 1591 1149 1592 1149 1592 1150 1591 1150 1593 1150 1592 793 1593 793 1594 793 1594 1151 1593 1151 1595 1151 1594 627 1595 627 1596 627 1596 628 1595 628 1597 628 1596 489 1597 489 1598 489 1598 490 1597 490 1599 490 1598 1118 1599 1118 1600 1118 1600 562 1599 562 1601 562 1600 493 1601 493 1602 493 1602 630 1601 630 1603 630 1602 1152 1603 1152 1604 1152 1604 1153 1603 1153 1605 1153 1604 1154 1605 1154 1606 1154 1606 410 1605 410 1607 410 1606 1155 1607 1155 1608 1155 1608 1156 1607 1156 1609 1156 1608 1157 1609 1158 1610 1159 1610 1160 1609 1160 1611 1160 1610 415 1611 415 1612 415 1612 1161 1611 1162 1613 1163 1612 1164 1613 1164 1614 1164 1614 1165 1613 1165 1615 1165 1614 419 1615 419 1526 419 1526 507 1615 507 1527 507 1616 1166 1617 1166 1618 1166 1618 1167 1617 1167 1619 1167 1618 1168 1619 1168 1620 1168 1620 1169 1619 1169 1621 1169 1620 1170 1621 1170 1622 1170 1622 1171 1621 1171 1623 1171 1622 1172 1623 1172 1624 1172 1624 1173 1623 1173 1625 1173 1624 1174 1625 1174 1626 1174 1626 1175 1625 1175 1627 1175 1626 1176 1627 1176 1628 1176 1628 1177 1627 1177 1629 1177 1628 1178 1629 1178 1630 1178 1630 1179 1629 1179 1631 1179 1630 1180 1631 1180 1632 1180 1632 1181 1631 1181 1633 1181 1632 1182 1633 1182 1634 1182 1634 1183 1633 1183 1635 1183 1634 519 1635 519 1636 519 1636 520 1635 520 1637 520 1636 1184 1637 1184 1638 1184 1638 1185 1637 1185 1639 1185 1638 1186 1639 1186 1640 1186 1640 1187 1639 1187 1641 1187 1640 525 1641 525 1642 525 1642 526 1641 526 1643 526 1642 527 1643 527 1644 527 1644 528 1643 528 1645 528 1644 1188 1645 1188 1646 1188 1646 1189 1645 1189 1647 1189 1646 1190 1647 1190 1648 1190 1648 1191 1647 1191 1649 1191 1648 1192 1649 1192 1650 1192 1650 1193 1649 1193 1651 1193 1650 1194 1651 1194 1652 1194 1652 1195 1651 1195 1653 1195 1652 457 1653 457 1654 457 1654 458 1653 458 1655 458 1654 1196 1655 1196 1656 1196 1656 1197 1655 1197 1657 1197 1656 1198 1657 1198 1658 1198 1658 1199 1657 1199 1659 1199 1658 1200 1659 1200 1660 1200 1660 1201 1659 1201 1661 1201 1660 1202 1661 1202 1662 1202 1662 1203 1661 1203 1663 1203 1662 3 1663 3 1664 3 1664 3 1663 3 1665 3 1664 1204 1665 1204 1666 1204 1666 1205 1665 1205 1667 1205 1666 1206 1667 1206 1668 1206 1668 1207 1667 1207 1669 1207 1668 1208 1669 1208 1670 1208 1670 1209 1669 1209 1671 1209 1670 1210 1671 1210 1672 1210 1672 1211 1671 1211 1673 1211 1672 475 1673 475 1674 475 1674 551 1673 551 1675 551 1674 1212 1675 1212 1676 1212 1676 786 1675 786 1677 786 1676 1213 1677 1213 1678 1213 1678 1214 1677 1214 1679 1214 1678 1215 1679 1215 1680 1215 1680 790 1679 790 1681 790 1680 1216 1681 1216 1682 1216 1682 1217 1681 1217 1683 1217 1682 485 1683 485 1684 485 1684 558 1683 558 1685 558 1684 559 1685 559 1686 559 1686 560 1685 560 1687 560 1686 1218 1687 1218 1688 1218 1688 1219 1687 1219 1689 1219 1688 957 1689 957 1690 957 1690 1220 1689 1220 1691 1220 1690 563 1691 563 1692 563 1692 564 1691 564 1693 564 1692 1221 1693 1221 1694 1221 1694 1222 1693 1222 1695 1222 1694 802 1695 802 1696 802 1696 1223 1695 1223 1697 1223 1696 1224 1697 1224 1698 1224 1698 1225 1697 1225 1699 1225 1698 1226 1699 1226 1700 1226 1700 1227 1699 1227 1701 1227 1700 1228 1701 1228 1702 1228 1702 1229 1701 1229 1703 1229 1702 1230 1703 1230 1704 1230 1704 1231 1703 1231 1705 1231 1704 812 1705 812 1616 812 1616 1232 1705 1232 1617 1232 1706 1233 1707 1233 1708 1233 1708 1234 1707 1234 1709 1234 1708 1235 1709 1235 1710 1235 1710 1236 1709 1236 1711 1236 1710 733 1711 733 1712 733 1712 734 1711 734 1713 734 1712 1237 1713 1237 1714 1237 1714 1238 1713 1238 1715 1238 1714 1239 1715 1239 1716 1239 1716 1240 1715 1240 1717 1240 1716 581 1717 581 1718 581 1718 582 1717 582 1719 582 1718 820 1719 820 1720 820 1720 821 1719 821 1721 821 1720 1241 1721 1241 1722 1241 1722 744 1721 744 1723 744 1722 1242 1723 1242 1724 1242 1724 1243 1723 1243 1725 1243 1724 1244 1725 1244 1726 1244 1726 1245 1725 1245 1727 1245 1726 1246 1727 1246 1728 1246 1728 592 1727 592 1729 592 1728 523 1729 523 1730 523 1730 524 1729 524 1731 524 1730 829 1731 829 1732 829 1732 754 1731 754 1733 754 1732 1247 1733 1247 1734 1247 1734 1248 1733 1248 1735 1248 1734 1249 1735 1249 1736 1249 1736 1250 1735 1250 1737 1250 1736 834 1737 834 1738 834 1738 835 1737 835 1739 835 1738 836 1739 836 1740 836 1740 837 1739 837 1741 837 1740 1251 1741 1251 1742 1251 1742 1252 1741 1252 1743 1252 1742 1253 1743 1253 1744 1253 1744 1254 1743 1254 1745 1254 1744 1255 1745 1255 1746 1255 1746 768 1745 768 1747 768 1746 1256 1747 1256 1748 1256 1748 1257 1747 1257 1749 1257 1748 1258 1749 1258 1750 1258 1750 1259 1749 1259 1751 1259 1750 1202 1751 1202 1752 1202 1752 1203 1751 1203 1753 1203 1752 3 1753 3 1754 3 1754 3 1753 3 1755 3 1754 1204 1755 1204 1756 1204 1756 1205 1755 1205 1757 1205 1756 1206 1757 1206 1758 1206 1758 1260 1757 1260 1759 1260 1758 1261 1759 1261 1760 1261 1760 1262 1759 1262 1761 1262 1760 1263 1761 1263 1762 1263 1762 1264 1761 1264 1763 1264 1762 1265 1763 1265 1764 1265 1764 1266 1763 1266 1765 1266 1764 1267 1765 1267 1766 1267 1766 1268 1765 1268 1767 1268 1766 851 1767 851 1768 851 1768 852 1767 852 1769 852 1768 853 1769 853 1770 853 1770 854 1769 854 1771 854 1770 1269 1771 1269 1772 1269 1772 1270 1771 1270 1773 1270 1772 1271 1773 1271 1774 1271 1774 1272 1773 1272 1775 1272 1774 859 1775 859 1776 859 1776 860 1775 860 1777 860 1776 489 1777 489 1778 489 1778 490 1777 490 1779 490 1778 1273 1779 1273 1780 1273 1780 1274 1779 1274 1781 1274 1780 1275 1781 1275 1782 1275 1782 1276 1781 1276 1783 1276 1782 1277 1783 1277 1784 1277 1784 1278 1783 1278 1785 1278 1784 1279 1785 1279 1786 1279 1786 1280 1785 1280 1787 1280 1786 868 1787 868 1788 868 1788 869 1787 869 1789 869 1788 870 1789 870 1790 870 1790 871 1789 871 1791 871 1790 1281 1791 1281 1792 1281 1792 1282 1791 1282 1793 1282 1792 1283 1793 1283 1794 1283 1794 1284 1793 1284 1795 1284 1794 1285 1795 1285 1706 1285 1706 1286 1795 1286 1707 1286 1796 636 1797 636 1798 636 1798 1126 1797 1126 1799 1126 1798 1127 1799 1127 1800 1127 1800 315 1799 315 1801 315 1800 576 1801 576 1802 576 1802 426 1801 426 1803 426 1802 1287 1803 1287 1804 1287 1804 1129 1803 1129 1805 1129 1804 1288 1805 1289 1806 644 1806 1290 1805 1291 1807 1292 1806 1293 1807 1294 1808 1295 1808 649 1807 650 1809 651 1808 1296 1809 1296 1810 1296 1810 1297 1809 1297 1811 1297 1810 1298 1811 1298 1812 1298 1812 655 1811 655 1813 655 1812 1299 1813 1299 1814 1299 1814 1139 1813 1139 1815 1139 1814 1049 1815 1049 1816 1049 1816 1050 1815 1050 1817 1050 1816 1109 1817 1109 1818 1109 1818 828 1817 828 1819 828 1818 523 1819 523 1820 523 1820 524 1819 524 1821 524 1820 753 1821 753 1822 753 1822 1052 1821 1052 1823 1052 1822 830 1823 830 1824 830 1824 1300 1823 1300 1825 1300 1824 832 1825 832 1826 832 1826 530 1825 530 1827 530 1826 834 1827 834 1828 834 1828 835 1827 835 1829 835 1828 836 1829 836 1830 836 1830 837 1829 837 1831 837 1830 1301 1831 1301 1832 1301 1832 1302 1831 1302 1833 1302 1832 1303 1833 1303 1834 1303 1834 1304 1833 1304 1835 1304 1834 1059 1835 1059 1836 1059 1836 606 1835 606 1837 606 1836 607 1837 607 1838 607 1838 1060 1837 1060 1839 1060 1838 933 1839 933 1840 933 1840 683 1839 683 1841 683 1840 890 1841 890 1842 890 1842 1061 1841 1061 1843 1061 1842 3 1843 3 1844 3 1844 3 1843 3 1845 3 1844 892 1845 892 1846 892 1846 1062 1845 1062 1847 1062 1846 690 1847 690 1848 690 1848 378 1847 378 1849 378 1848 547 1849 547 1850 547 1850 548 1849 548 1851 548 1850 549 1851 549 1852 549 1852 550 1851 550 1853 550 1852 1305 1853 1305 1854 1305 1854 1306 1853 1306 1855 1306 1854 1307 1855 1307 1856 1307 1856 1308 1855 1308 1857 1308 1856 851 1857 851 1858 851 1858 852 1857 852 1859 852 1858 895 1859 895 1860 895 1860 555 1859 555 1861 555 1860 896 1861 896 1862 896 1862 1020 1861 1020 1863 1020 1862 1021 1863 1021 1864 1021 1864 1022 1863 1022 1865 1022 1864 1023 1865 1023 1866 1023 1866 560 1865 560 1867 560 1866 489 1867 489 1868 489 1868 490 1867 490 1869 490 1868 1024 1869 1024 1870 1024 1870 562 1869 562 1871 562 1870 1025 1871 1025 1872 1025 1872 1026 1871 1026 1873 1026 1872 1027 1873 1027 1874 1027 1874 1309 1873 1309 1875 1309 1874 1310 1875 1310 1876 1310 1876 1311 1875 1311 1877 1311 1876 1312 1877 1312 1878 1312 1878 1031 1877 1031 1879 1031 1878 1313 1879 1314 1880 1315 1880 1316 1879 1317 1881 1318 1880 1319 1881 1320 1882 1321 1882 1322 1881 1323 1883 1324 1882 1325 1883 1325 1884 1325 1884 1326 1883 1326 1885 1326 1884 976 1885 976 1796 976 1796 1079 1885 1079 1797 1079 1886 878 1887 878 1888 878 1888 637 1887 637 1889 637 1888 638 1889 638 1890 638 1890 639 1889 639 1891 639 1890 425 1891 425 1892 425 1892 426 1891 426 1893 426 1892 318 1893 318 1894 318 1894 901 1893 901 1895 901 1894 1327 1895 1328 1896 1329 1896 1330 1895 1331 1897 1332 1896 1333 1897 1334 1898 1335 1898 1336 1897 1337 1899 1338 1898 1339 1899 1339 1900 1339 1900 1340 1899 1340 1901 1340 1900 1341 1901 1341 1902 1341 1902 1342 1901 1343 1903 1344 1902 437 1903 437 1904 437 1904 438 1903 438 1905 438 1904 1345 1905 1345 1906 1345 1906 1346 1905 1346 1907 1346 1906 1347 1907 1347 1908 1347 1908 1348 1907 1348 1909 1348 1908 1349 1909 1349 1910 1349 1910 1350 1909 1350 1911 1350 1910 1351 1911 1351 1912 1351 1912 1352 1911 1352 1913 1352 1912 1353 1913 1353 1914 1353 1914 1354 1913 1354 1915 1354 1914 1355 1915 1355 1916 1355 1916 1356 1915 1356 1917 1356 1916 1357 1917 1357 1918 1357 1918 1358 1917 1358 1919 1358 1918 1359 1919 1359 1920 1359 1920 1360 1919 1360 1921 1360 1920 1361 1921 1361 1922 1361 1922 1362 1921 1362 1923 1362 1922 355 1923 355 1924 355 1924 356 1923 356 1925 356 1924 1363 1925 1364 1926 1365 1926 1366 1925 1366 1927 1366 1926 1367 1927 1368 1928 1369 1928 1370 1927 1371 1929 1372 1928 1373 1929 1373 1930 1373 1930 683 1929 683 1931 683 1930 1374 1931 1374 1932 1374 1932 1375 1931 1375 1933 1375 1932 3 1933 3 1934 3 1934 3 1933 3 1935 3 1934 1376 1935 1376 1936 1376 1936 1377 1935 1377 1937 1377 1936 690 1937 690 1938 690 1938 378 1937 378 1939 378 1938 379 1939 380 1940 381 1940 1378 1939 1379 1941 1380 1940 1381 1941 1381 1942 1381 1942 698 1941 698 1943 698 1942 387 1943 387 1944 387 1944 1382 1943 1382 1945 1382 1944 1383 1945 1383 1946 1383 1946 1384 1945 1384 1947 1384 1946 391 1947 391 1948 391 1948 392 1947 392 1949 392 1948 704 1949 704 1950 704 1950 394 1949 394 1951 394 1950 705 1951 705 1952 705 1952 1385 1951 1385 1953 1385 1952 397 1953 397 1954 397 1954 708 1953 708 1955 708 1954 1386 1955 1386 1956 1386 1956 1387 1955 1387 1957 1387 1956 401 1957 401 1958 401 1958 402 1957 402 1959 402 1958 403 1959 403 1960 403 1960 404 1959 404 1961 404 1960 1388 1961 1388 1962 1388 1962 1389 1961 1389 1963 1389 1962 495 1963 495 1964 495 1964 408 1963 408 1965 408 1964 409 1965 409 1966 409 1966 410 1965 410 1967 410 1966 715 1967 715 1968 715 1968 412 1967 412 1969 412 1968 1157 1969 1158 1970 1159 1970 1390 1969 1391 1971 1392 1970 1393 1971 1394 1972 1395 1972 1396 1971 725 1973 1397 1972 1398 1973 1398 1974 1398 1974 1399 1973 1399 1975 1399 1974 506 1975 506 1886 506 1886 507 1975 507 1887 507 1976 1 1977 1 1978 1 1978 1 1977 1 1979 1 1977 2 1980 2 1979 2 1979 2 1980 2 1981 2 1980 3 1982 3 1981 3 1981 3 1982 3 1983 3 1982 4 1976 4 1983 4 1983 4 1976 4 1978 4 9 1400 839 1400 11 1400 11 1400 839 1400 837 1400 11 1400 837 1400 1681 1400 1681 1400 837 1400 1683 1400 1683 1400 837 1400 835 1400 1683 1400 835 1400 1685 1400 1685 1400 835 1400 833 1400 1685 1400 833 1400 1687 1400 1687 1400 833 1400 831 1400 1687 1400 831 1400 1689 1400 1689 1400 831 1400 829 1400 1689 1400 829 1400 1691 1400 1691 1400 829 1400 827 1400 1691 1400 827 1400 1693 1400 1693 1400 827 1400 825 1400 1693 1400 825 1400 1695 1400 1695 1400 825 1400 823 1400 1695 1400 823 1400 673 1400 673 1400 823 1400 821 1400 673 1400 821 1400 675 1400 675 1400 821 1400 819 1400 675 1400 819 1400 677 1400 677 1400 819 1400 817 1400 677 1400 817 1400 679 1400 679 1400 817 1400 815 1400 679 1400 815 1400 681 1400 681 1400 815 1400 813 1400 681 1400 813 1400 683 1400 683 1400 813 1400 811 1400 683 1400 811 1400 685 1400 685 1400 811 1400 809 1400 685 1400 809 1400 687 1400 687 1400 809 1400 807 1400 687 1400 807 1400 689 1400 689 1400 807 1400 895 1400 689 1400 895 1400 691 1400 691 1400 895 1400 893 1400 691 1400 893 1400 693 1400 693 1401 893 1401 891 1401 693 1402 891 1402 695 1402 695 1400 891 1400 889 1400 695 1400 889 1400 697 1400 697 1400 889 1400 1495 1400 697 1403 1495 1403 1493 1403 839 1400 9 1400 841 1400 841 1400 9 1400 65 1400 841 1400 65 1400 63 1400 841 1400 63 1400 843 1400 843 1400 63 1400 61 1400 843 1400 61 1400 845 1400 845 1400 61 1400 59 1400 845 1400 59 1400 847 1400 847 1400 59 1400 57 1400 847 1400 57 1400 55 1400 847 1400 55 1400 849 1400 849 1400 55 1400 53 1400 849 1400 53 1400 851 1400 851 1400 53 1400 51 1400 851 1400 51 1400 853 1400 853 1400 51 1400 49 1400 853 1400 49 1400 855 1400 855 1400 49 1400 47 1400 855 1400 47 1400 1979 1400 1979 1400 47 1400 45 1400 1979 1400 45 1400 43 1400 43 1400 41 1400 1979 1400 1979 1400 41 1400 39 1400 1979 1400 39 1400 157 1400 157 1400 39 1400 159 1400 159 1400 39 1400 37 1400 159 1400 37 1400 161 1400 161 1400 37 1400 35 1400 161 1400 35 1400 163 1400 163 1400 35 1400 33 1400 163 1400 33 1400 165 1400 165 1400 33 1400 31 1400 165 1400 31 1400 1663 1400 1663 1400 31 1400 1665 1400 1665 1400 31 1400 29 1400 1665 1400 29 1400 1667 1400 1667 1400 29 1400 27 1400 1667 1400 27 1400 1669 1400 1669 1400 27 1400 25 1400 1669 1400 25 1400 1671 1400 1671 1400 25 1400 23 1400 1671 1400 23 1400 1673 1400 1673 1400 23 1400 21 1400 1673 1400 21 1400 19 1400 1673 1400 19 1400 1675 1400 1675 1400 19 1400 17 1400 1675 1400 17 1400 1677 1400 1677 1400 17 1400 15 1400 1677 1400 15 1400 1679 1400 1679 1400 15 1400 13 1400 1679 1400 13 1400 11 1400 67 1400 1981 1400 69 1400 69 1400 1981 1400 243 1400 69 1400 243 1400 71 1400 71 1400 243 1400 241 1400 71 1400 241 1400 73 1400 73 1400 241 1400 297 1400 73 1400 297 1400 75 1400 75 1400 297 1400 295 1400 75 1400 295 1400 77 1400 77 1400 295 1400 293 1400 77 1400 293 1400 359 1400 359 1400 293 1400 291 1400 359 1400 291 1400 361 1400 361 1400 291 1400 289 1400 361 1400 289 1400 363 1400 363 1400 289 1400 287 1400 363 1400 287 1400 365 1400 365 1400 287 1400 285 1400 365 1400 285 1400 367 1400 367 1400 285 1400 283 1400 367 1400 283 1400 281 1400 67 1400 123 1400 1981 1400 1981 1400 123 1400 121 1400 1981 1400 121 1400 119 1400 117 1400 719 1400 119 1400 119 1400 719 1400 717 1400 119 1400 717 1400 1981 1400 1981 1400 717 1400 805 1400 1981 1400 805 1400 803 1400 719 1400 117 1400 721 1400 721 1400 117 1400 115 1400 721 1400 115 1400 723 1400 723 1400 115 1400 113 1400 723 1400 113 1400 725 1400 725 1400 113 1400 111 1400 725 1400 111 1400 727 1400 727 1400 111 1400 109 1400 727 1400 109 1400 107 1400 727 1400 107 1400 729 1400 729 1400 107 1400 105 1400 729 1400 105 1400 731 1400 731 1400 105 1400 103 1400 731 1400 103 1400 733 1400 733 1400 103 1400 101 1400 733 1400 101 1400 99 1400 733 1400 99 1400 735 1400 735 1400 99 1400 97 1400 735 1400 97 1400 433 1400 433 1400 97 1400 435 1400 435 1400 97 1400 95 1400 435 1400 95 1400 93 1400 435 1400 93 1400 437 1400 437 1400 93 1400 91 1400 437 1400 91 1400 439 1400 439 1400 91 1400 89 1400 439 1400 89 1400 441 1400 441 1400 89 1400 87 1400 441 1400 87 1400 85 1400 441 1400 85 1400 443 1400 443 1400 85 1400 83 1400 443 1400 83 1400 445 1400 445 1400 83 1400 81 1400 445 1400 81 1400 357 1400 357 1400 81 1400 79 1400 357 1400 79 1400 359 1400 359 1400 79 1400 77 1400 125 1400 1649 1400 127 1400 127 1400 1649 1400 1647 1400 127 1400 1647 1400 1771 1400 1771 1400 1647 1400 1645 1400 1771 1400 1645 1400 1773 1400 1773 1400 1645 1400 1643 1400 1773 1400 1643 1400 1775 1400 1775 1400 1643 1400 1641 1400 1775 1400 1641 1400 1777 1400 1777 1400 1641 1400 1639 1400 1777 1400 1639 1400 1779 1400 1779 1400 1639 1400 1637 1400 1779 1400 1637 1400 1781 1400 1781 1400 1637 1400 1635 1400 1781 1400 1635 1400 1783 1400 1783 1400 1635 1400 1633 1400 1783 1400 1633 1400 1785 1400 1785 1400 1633 1400 1395 1400 1785 1400 1395 1400 1393 1400 125 1400 181 1400 1649 1400 1649 1400 181 1400 1651 1400 1651 1400 181 1400 179 1400 1651 1400 179 1400 1653 1400 1653 1400 179 1400 177 1400 1653 1400 177 1400 1655 1400 1655 1400 177 1400 175 1400 1655 1400 175 1400 173 1400 1655 1400 173 1400 1657 1400 1657 1400 173 1400 171 1400 1657 1400 171 1400 1659 1400 1659 1400 171 1400 169 1400 1659 1400 169 1400 1661 1400 1661 1400 169 1400 167 1400 1661 1400 167 1400 1663 1400 1663 1400 167 1400 165 1400 157 1400 155 1400 1979 1400 1979 1400 155 1400 1978 1400 1978 1400 155 1400 331 1400 1978 1400 331 1400 329 1400 331 1400 155 1400 333 1400 333 1400 155 1400 153 1400 333 1400 153 1400 335 1400 335 1400 153 1400 151 1400 335 1400 151 1400 337 1400 337 1400 151 1400 149 1400 337 1400 149 1400 339 1400 339 1400 149 1400 147 1400 339 1400 147 1400 1753 1400 1753 1400 147 1400 1755 1400 1755 1400 147 1400 145 1400 1755 1400 145 1400 1757 1400 1757 1400 145 1400 143 1400 1757 1400 143 1400 1759 1400 1759 1400 143 1400 141 1400 1759 1400 141 1400 1761 1400 1761 1400 141 1400 139 1400 1761 1400 139 1400 1763 1400 1763 1400 139 1400 137 1400 1763 1400 137 1400 135 1400 1763 1400 135 1400 1765 1400 1765 1400 135 1400 133 1400 1765 1400 133 1400 1767 1400 1767 1400 133 1400 131 1400 1767 1400 131 1400 1769 1400 1769 1400 131 1400 129 1400 1769 1400 129 1400 127 1400 183 1400 245 1400 185 1400 185 1400 245 1400 243 1400 185 1400 243 1400 1983 1400 1983 1400 243 1400 1981 1400 245 1400 183 1400 247 1400 247 1400 183 1400 239 1400 247 1400 239 1400 249 1400 249 1400 239 1400 237 1400 249 1400 237 1400 251 1400 251 1400 237 1400 235 1400 251 1400 235 1400 1079 1400 1079 1400 235 1400 233 1400 1079 1400 233 1400 1081 1400 1081 1400 233 1400 231 1400 1081 1400 231 1400 1083 1400 1083 1400 231 1400 229 1400 1083 1400 229 1400 1085 1400 1085 1400 229 1400 227 1400 1085 1400 227 1400 1087 1400 1087 1400 227 1400 225 1400 1087 1400 225 1400 223 1400 1087 1400 223 1400 1089 1400 1089 1400 223 1400 221 1400 1089 1400 221 1400 1091 1400 1091 1400 221 1400 219 1400 1091 1400 219 1400 1093 1400 1093 1400 219 1400 217 1400 1093 1400 217 1400 215 1400 1093 1400 215 1400 1095 1400 1095 1400 215 1400 213 1400 1095 1400 213 1400 1963 1400 1963 1400 213 1400 1965 1400 1965 1400 213 1400 211 1400 1965 1400 211 1400 209 1400 1965 1400 209 1400 1967 1400 1967 1400 209 1400 207 1400 1967 1400 207 1400 1969 1400 1969 1400 207 1400 205 1400 1969 1400 205 1400 1971 1400 1971 1400 205 1400 203 1400 1971 1400 203 1400 201 1400 1971 1400 201 1400 1973 1400 1973 1400 201 1400 199 1400 1973 1400 199 1400 1975 1400 1975 1400 199 1400 197 1400 1975 1400 197 1400 1887 1400 1887 1400 197 1400 195 1400 1887 1400 195 1400 1889 1400 1889 1400 195 1400 193 1400 1889 1400 193 1400 1891 1400 1891 1400 193 1400 1983 1400 1891 1400 1983 1400 1893 1400 1893 1400 1983 1400 1895 1400 1895 1400 1983 1400 1897 1400 1897 1400 1983 1400 1899 1400 1899 1400 1983 1400 1901 1400 1901 1400 1983 1400 1903 1400 1903 1400 1983 1400 1905 1400 1905 1400 1983 1400 1907 1400 1907 1400 1983 1400 1909 1400 1909 1400 1983 1400 1911 1400 1911 1400 1983 1400 1913 1400 1913 1400 1983 1400 1009 1400 1913 1404 1009 1404 1915 1404 1915 1400 1009 1400 1007 1400 1915 1400 1007 1400 1917 1400 1917 1405 1007 1405 1005 1405 1917 1406 1005 1406 1919 1406 1919 1407 1005 1407 1003 1407 1919 1400 1003 1400 1921 1400 1921 1408 1003 1408 1001 1408 1921 1409 1001 1409 1923 1409 1923 1400 1001 1400 999 1400 1923 1400 999 1400 1821 1400 1821 1400 999 1400 1823 1400 1823 1400 999 1400 997 1400 1823 1400 997 1400 1825 1400 1825 1400 997 1400 995 1400 1825 1400 995 1400 1827 1400 1827 1400 995 1400 993 1400 1827 1400 993 1400 1829 1400 1829 1400 993 1400 991 1400 1829 1400 991 1400 1831 1400 1831 1400 991 1400 989 1400 1831 1400 989 1400 1833 1400 1833 1400 989 1400 987 1400 1833 1400 987 1400 1835 1400 1835 1400 987 1400 1075 1400 1835 1400 1075 1400 1837 1400 1837 1400 1075 1400 1073 1400 1837 1400 1073 1400 1839 1400 1839 1400 1073 1400 1071 1400 1839 1400 1071 1400 1841 1400 1841 1400 1071 1400 1069 1400 1841 1400 1069 1400 1843 1400 1843 1400 1069 1400 1067 1400 1843 1400 1067 1400 1845 1400 1845 1400 1067 1400 1065 1400 1845 1400 1065 1400 913 1400 913 1400 1065 1400 915 1400 915 1400 1065 1400 1063 1400 915 1400 1063 1400 917 1400 917 1400 1063 1400 1061 1400 917 1400 1061 1400 919 1400 919 1400 1061 1400 1059 1400 919 1400 1059 1400 921 1400 921 1400 1059 1400 1057 1400 921 1400 1057 1400 923 1400 923 1400 1057 1400 1055 1400 923 1400 1055 1400 925 1400 925 1400 1055 1400 1053 1400 925 1400 1053 1400 927 1400 927 1400 1053 1400 1051 1400 927 1400 1051 1400 929 1400 929 1400 1051 1400 1049 1400 929 1400 1049 1400 1257 1400 1257 1400 1049 1400 1047 1400 1257 1400 1047 1400 1259 1400 1259 1400 1047 1400 1045 1400 1259 1400 1045 1400 1261 1400 1261 1400 1045 1400 1043 1400 1261 1400 1043 1400 1263 1400 1263 1400 1043 1400 1041 1400 1263 1400 1041 1400 1265 1400 1265 1400 1041 1400 1039 1400 1265 1400 1039 1400 1267 1400 1267 1400 1039 1400 1037 1400 1267 1400 1037 1400 1269 1400 1269 1400 1037 1400 1035 1400 1269 1400 1035 1400 1271 1400 1271 1400 1035 1400 1033 1400 1271 1400 1033 1400 1273 1400 1273 1400 1033 1400 1031 1400 1273 1400 1031 1400 1275 1400 1275 1400 1031 1400 1029 1400 1275 1400 1029 1400 1277 1400 1277 1400 1029 1400 1027 1400 1277 1400 1027 1400 1279 1400 1279 1400 1027 1400 1025 1400 1279 1400 1025 1400 1281 1400 1281 1410 1025 1410 1023 1410 1281 1400 1023 1400 459 1400 459 1400 1023 1400 461 1400 461 1411 1023 1411 1021 1411 461 1400 1021 1400 463 1400 463 1412 1021 1412 1019 1412 463 1413 1019 1413 465 1413 465 1414 1019 1414 1017 1414 465 1415 1017 1415 467 1415 467 1416 1017 1416 1015 1416 467 1400 1015 1400 469 1400 469 1417 1015 1417 1013 1417 469 1400 1013 1400 1978 1400 1978 1418 1013 1418 1011 1418 1978 1400 1011 1400 1983 1400 1983 1419 1011 1419 1009 1419 193 1400 191 1400 1983 1400 1983 1400 191 1400 189 1400 1983 1400 189 1400 187 1400 187 1400 185 1400 1983 1400 367 1400 281 1400 369 1400 369 1400 281 1400 279 1400 369 1400 279 1400 371 1400 371 1400 279 1400 277 1400 371 1400 277 1400 373 1400 373 1400 277 1400 275 1400 373 1400 275 1400 273 1400 373 1400 273 1400 375 1400 375 1400 273 1400 271 1400 375 1400 271 1400 1153 1400 1153 1400 271 1400 1155 1400 1155 1400 271 1400 269 1400 1155 1400 269 1400 267 1400 1155 1400 267 1400 1157 1400 1157 1400 267 1400 265 1400 1157 1400 265 1400 1159 1400 1159 1400 265 1400 263 1400 1159 1400 263 1400 1161 1400 1161 1400 263 1400 261 1400 1161 1400 261 1400 259 1400 1161 1400 259 1400 1163 1400 1163 1400 259 1400 257 1400 1163 1400 257 1400 1165 1400 1165 1400 257 1400 255 1400 1165 1400 255 1400 1077 1400 1077 1400 255 1400 253 1400 1077 1400 253 1400 1079 1400 1079 1400 253 1400 251 1400 299 1400 1739 1400 301 1400 301 1400 1739 1400 1737 1400 301 1400 1737 1400 511 1400 511 1400 1737 1400 1735 1400 511 1400 1735 1400 513 1400 513 1400 1735 1400 1733 1400 513 1400 1733 1400 515 1400 515 1400 1733 1400 1731 1400 515 1400 1731 1400 517 1400 517 1400 1731 1400 1729 1400 517 1400 1729 1400 519 1400 519 1400 1729 1400 1727 1400 519 1400 1727 1400 521 1400 521 1400 1727 1400 1725 1400 521 1400 1725 1400 523 1400 523 1400 1725 1400 1723 1400 523 1400 1723 1400 525 1400 525 1400 1723 1400 1305 1400 525 1400 1305 1400 527 1400 527 1400 1305 1400 1303 1400 527 1400 1303 1400 529 1400 529 1400 1303 1400 1301 1400 529 1400 1301 1400 531 1400 531 1400 1301 1400 1299 1400 531 1400 1299 1400 533 1400 533 1400 1299 1400 1297 1400 533 1400 1297 1400 535 1400 535 1400 1297 1400 1295 1400 535 1400 1295 1400 447 1400 447 1400 1295 1400 1293 1400 447 1400 1293 1400 449 1400 449 1400 1293 1400 1291 1400 449 1400 1291 1400 451 1400 451 1400 1291 1400 1289 1400 451 1400 1289 1400 453 1400 453 1400 1289 1400 1287 1400 453 1400 1287 1400 455 1400 455 1400 1287 1400 1285 1400 455 1400 1285 1400 457 1400 457 1420 1285 1420 1283 1420 457 1421 1283 1421 459 1421 459 1422 1283 1422 1281 1422 299 1400 355 1400 1739 1400 1739 1400 355 1400 1741 1400 1741 1400 355 1400 353 1400 1741 1400 353 1400 1743 1400 1743 1400 353 1400 351 1400 1743 1400 351 1400 1745 1400 1745 1400 351 1400 349 1400 1745 1400 349 1400 347 1400 1745 1400 347 1400 1747 1400 1747 1400 347 1400 345 1400 1747 1400 345 1400 1749 1400 1749 1400 345 1400 343 1400 1749 1400 343 1400 1751 1400 1751 1400 343 1400 341 1400 1751 1400 341 1400 1753 1400 1753 1400 341 1400 339 1400 329 1400 327 1400 1978 1400 1978 1400 327 1400 325 1400 1978 1400 325 1400 323 1400 1978 1400 323 1400 493 1400 493 1400 323 1400 321 1400 493 1400 321 1400 495 1400 495 1400 321 1400 319 1400 495 1400 319 1400 497 1400 497 1400 319 1400 317 1400 497 1400 317 1400 499 1400 499 1400 317 1400 315 1400 499 1400 315 1400 501 1400 501 1400 315 1400 313 1400 501 1400 313 1400 503 1400 503 1400 313 1400 311 1400 503 1400 311 1400 309 1400 503 1400 309 1400 505 1400 505 1400 309 1400 307 1400 505 1400 307 1400 507 1400 507 1400 307 1400 305 1400 507 1400 305 1400 509 1400 509 1400 305 1400 303 1400 509 1400 303 1400 301 1400 735 1400 433 1400 737 1400 737 1400 433 1400 431 1400 737 1400 431 1400 739 1400 739 1400 431 1400 429 1400 739 1400 429 1400 741 1400 741 1400 429 1400 427 1400 741 1400 427 1400 743 1400 743 1400 427 1400 425 1400 743 1400 425 1400 745 1400 745 1400 425 1400 423 1400 745 1400 423 1400 747 1400 747 1400 423 1400 421 1400 747 1400 421 1400 749 1400 749 1400 421 1400 419 1400 749 1400 419 1400 1531 1400 1531 1400 419 1400 417 1400 1531 1400 417 1400 1533 1400 1533 1400 417 1400 415 1400 1533 1400 415 1400 1535 1400 1535 1400 415 1400 413 1400 1535 1400 413 1400 1537 1400 1537 1400 413 1400 411 1400 1537 1400 411 1400 1539 1400 1539 1400 411 1400 409 1400 1539 1400 409 1400 1541 1400 1541 1400 409 1400 407 1400 1541 1400 407 1400 1543 1400 1543 1400 407 1400 405 1400 1543 1400 405 1400 1245 1400 1245 1400 405 1400 403 1400 1245 1400 403 1400 1247 1400 1247 1400 403 1400 401 1400 1247 1400 401 1400 1249 1400 1249 1400 401 1400 399 1400 1249 1400 399 1400 1251 1400 1251 1400 399 1400 397 1400 1251 1400 397 1400 1253 1400 1253 1400 397 1400 395 1400 1253 1400 395 1400 1255 1400 1255 1400 395 1400 393 1400 1255 1400 393 1400 1167 1400 1167 1400 393 1400 391 1400 1167 1400 391 1400 1169 1400 1169 1400 391 1400 389 1400 1169 1400 389 1400 1139 1400 1139 1400 389 1400 1141 1400 1141 1400 389 1400 387 1400 1141 1400 387 1400 1143 1400 1143 1400 387 1400 385 1400 1143 1400 385 1400 1145 1400 1145 1400 385 1400 383 1400 1145 1400 383 1400 1147 1400 1147 1400 383 1400 381 1400 1147 1400 381 1400 1149 1400 1149 1400 381 1400 379 1400 1149 1400 379 1400 1151 1400 1151 1400 379 1400 377 1400 1151 1400 377 1400 1153 1400 1153 1400 377 1400 375 1400 511 1400 509 1400 301 1400 493 1400 491 1400 1978 1400 1978 1400 491 1400 489 1400 1978 1400 489 1400 487 1400 487 1400 485 1400 1978 1400 1978 1400 485 1400 483 1400 1978 1400 483 1400 481 1400 481 1400 479 1400 1978 1400 1978 1423 479 1423 477 1423 1978 1424 477 1424 475 1424 475 1400 473 1400 1978 1400 1978 1425 473 1425 471 1425 1978 1400 471 1400 469 1400 537 1400 1559 1400 539 1400 539 1400 1559 1400 1229 1400 539 1400 1229 1400 1227 1400 1559 1400 537 1400 1561 1400 1561 1400 537 1400 625 1400 1561 1400 625 1400 1563 1400 1563 1400 625 1400 623 1400 1563 1400 623 1400 1565 1400 1565 1400 623 1400 621 1400 1565 1400 621 1400 1567 1400 1567 1400 621 1400 619 1400 1567 1400 619 1400 1569 1400 1569 1400 619 1400 617 1400 1569 1400 617 1400 1571 1400 1571 1400 617 1400 615 1400 1571 1400 615 1400 1573 1400 1573 1400 615 1400 1453 1400 1573 1400 1453 1400 1451 1400 1453 1400 615 1400 1455 1400 1455 1400 615 1400 613 1400 1455 1400 613 1400 1457 1400 1457 1400 613 1400 611 1400 1457 1400 611 1400 1459 1400 1459 1400 611 1400 609 1400 1459 1400 609 1400 1461 1400 1461 1400 609 1400 607 1400 1461 1400 607 1400 1463 1400 1463 1400 607 1400 605 1400 1463 1400 605 1400 1465 1400 1465 1400 605 1400 603 1400 1465 1400 603 1400 1467 1400 1467 1400 603 1400 601 1400 1467 1400 601 1400 1469 1400 1469 1400 601 1400 599 1400 1469 1400 599 1400 631 1400 631 1400 599 1400 597 1400 631 1400 597 1400 633 1400 633 1400 597 1400 595 1400 633 1400 595 1400 635 1400 635 1400 595 1400 593 1400 635 1400 593 1400 637 1400 637 1400 593 1400 591 1400 637 1400 591 1400 639 1400 639 1400 591 1400 589 1400 639 1400 589 1400 641 1400 641 1400 589 1400 587 1400 641 1400 587 1400 643 1400 643 1400 587 1400 585 1400 643 1400 585 1400 1425 1400 1425 1400 585 1400 583 1400 1425 1400 583 1400 1427 1400 1427 1400 583 1400 581 1400 1427 1400 581 1400 1429 1400 1429 1400 581 1400 579 1400 1429 1400 579 1400 1431 1400 1431 1400 579 1400 577 1400 1431 1400 577 1400 1433 1400 1433 1400 577 1400 575 1400 1433 1400 575 1400 1435 1400 1435 1400 575 1400 573 1400 1435 1400 573 1400 1347 1400 1347 1400 573 1400 571 1400 1347 1400 571 1400 1349 1400 1349 1400 571 1400 569 1400 1349 1400 569 1400 959 1400 959 1400 569 1400 961 1400 961 1400 569 1400 567 1400 961 1400 567 1400 963 1400 963 1400 567 1400 565 1400 963 1400 565 1400 965 1400 965 1400 565 1400 563 1400 965 1400 563 1400 967 1400 967 1400 563 1400 561 1400 967 1400 561 1400 969 1400 969 1400 561 1400 559 1400 969 1400 559 1400 971 1400 971 1400 559 1400 557 1400 971 1400 557 1400 973 1400 973 1400 557 1400 555 1400 973 1400 555 1400 975 1400 975 1400 555 1400 553 1400 975 1400 553 1400 1213 1400 1213 1400 553 1400 1215 1400 1215 1400 553 1400 551 1400 1215 1400 551 1400 1217 1400 1217 1400 551 1400 549 1400 1217 1400 549 1400 1219 1400 1219 1400 549 1400 547 1400 1219 1400 547 1400 1221 1400 1221 1400 547 1400 545 1400 1221 1400 545 1400 1223 1400 1223 1400 545 1400 543 1400 1223 1400 543 1400 1225 1400 1225 1400 543 1400 541 1400 1225 1400 541 1400 1227 1400 1227 1400 541 1400 539 1400 627 1400 1473 1400 629 1400 629 1400 1473 1400 1471 1400 629 1400 1471 1400 631 1400 631 1400 1471 1400 1469 1400 1473 1400 627 1400 1475 1400 1475 1400 627 1400 715 1400 1475 1400 715 1400 1477 1400 1477 1400 715 1400 713 1400 1477 1400 713 1400 1479 1400 1479 1400 713 1400 711 1400 1479 1400 711 1400 1481 1400 1481 1400 711 1400 709 1400 1481 1400 709 1400 1483 1400 1483 1400 709 1400 707 1400 1483 1400 707 1400 1485 1400 1485 1400 707 1400 705 1400 1485 1400 705 1400 1487 1400 1487 1400 705 1400 703 1400 1487 1400 703 1400 1489 1400 1489 1400 703 1400 701 1400 1489 1400 701 1400 1491 1400 1491 1426 701 1426 699 1426 1491 1400 699 1400 1493 1400 1493 1400 699 1400 697 1400 673 1400 671 1400 1695 1400 1695 1400 671 1400 1697 1400 1697 1400 671 1400 669 1400 1697 1400 669 1400 1699 1400 1699 1400 669 1400 667 1400 1699 1400 667 1400 1701 1400 1701 1400 667 1400 665 1400 1701 1400 665 1400 1703 1400 1703 1400 665 1400 663 1400 1703 1400 663 1400 1705 1400 1705 1400 663 1400 661 1400 1705 1400 661 1400 1617 1400 1617 1400 661 1400 659 1400 1617 1400 659 1400 1619 1400 1619 1400 659 1400 1409 1400 1619 1400 1409 1400 1407 1400 1409 1400 659 1400 1411 1400 1411 1400 659 1400 657 1400 1411 1400 657 1400 1413 1400 1413 1400 657 1400 655 1400 1413 1400 655 1400 1415 1400 1415 1400 655 1400 653 1400 1415 1400 653 1400 1417 1400 1417 1400 653 1400 651 1400 1417 1400 651 1400 1419 1400 1419 1400 651 1400 649 1400 1419 1400 649 1400 1421 1400 1421 1400 649 1400 647 1400 1421 1400 647 1400 1423 1400 1423 1400 647 1400 645 1400 1423 1400 645 1400 1425 1400 1425 1400 645 1400 643 1400 803 1400 801 1400 1981 1400 1981 1400 801 1400 799 1400 1981 1400 799 1400 797 1400 797 1400 795 1400 1981 1400 1981 1400 795 1400 793 1400 1981 1400 793 1400 791 1400 791 1400 789 1400 1981 1400 1981 1400 789 1400 787 1400 1981 1400 787 1400 785 1400 1981 1400 785 1400 1509 1400 1509 1427 785 1427 783 1427 1509 1400 783 1400 1511 1400 1511 1428 783 1428 781 1428 1511 1429 781 1429 1513 1429 1513 1430 781 1430 779 1430 1513 1400 779 1400 1515 1400 1515 1431 779 1431 777 1431 1515 1400 777 1400 1517 1400 1517 1432 777 1432 775 1432 1517 1400 775 1400 1519 1400 1519 1400 775 1400 1597 1400 1519 1400 1597 1400 1595 1400 775 1400 773 1400 1597 1400 1597 1400 773 1400 1599 1400 1599 1400 773 1400 771 1400 1599 1400 771 1400 1601 1400 1601 1400 771 1400 769 1400 1601 1400 769 1400 1603 1400 1603 1400 769 1400 767 1400 1603 1400 767 1400 1605 1400 1605 1400 767 1400 765 1400 1605 1400 765 1400 1607 1400 1607 1400 765 1400 763 1400 1607 1400 763 1400 1609 1400 1609 1400 763 1400 761 1400 1609 1400 761 1400 1611 1400 1611 1400 761 1400 759 1400 1611 1400 759 1400 1613 1400 1613 1400 759 1400 757 1400 1613 1400 757 1400 1615 1400 1615 1400 757 1400 755 1400 1615 1400 755 1400 1527 1400 1527 1400 755 1400 753 1400 1527 1400 753 1400 1529 1400 1529 1400 753 1400 751 1400 1529 1400 751 1400 1531 1400 1531 1400 751 1400 749 1400 889 1400 887 1400 1495 1400 1495 1433 887 1433 1497 1433 1497 1434 887 1434 885 1434 1497 1435 885 1435 1499 1435 1499 1436 885 1436 883 1436 1499 1437 883 1437 1501 1437 1501 1438 883 1438 881 1438 1501 1439 881 1439 1503 1439 1503 1400 881 1400 879 1400 1503 1400 879 1400 1505 1400 1505 1400 879 1400 1979 1400 1505 1440 1979 1440 1507 1440 1507 1400 1979 1400 1981 1400 1507 1400 1981 1400 1509 1400 879 1400 877 1400 1979 1400 1979 1400 877 1400 875 1400 1979 1400 875 1400 873 1400 873 1400 871 1400 1979 1400 1979 1441 871 1441 869 1441 1979 1400 869 1400 867 1400 867 1442 865 1442 1979 1442 1979 1400 865 1400 863 1400 1979 1400 863 1400 861 1400 861 1400 859 1400 1979 1400 1979 1400 859 1400 857 1400 1979 1400 857 1400 855 1400 897 1400 1201 1400 899 1400 899 1400 1201 1400 1199 1400 899 1400 1199 1400 1859 1400 1859 1400 1199 1400 1861 1400 1861 1400 1199 1400 1197 1400 1861 1400 1197 1400 1863 1400 1863 1400 1197 1400 1195 1400 1863 1400 1195 1400 1865 1400 1865 1400 1195 1400 1193 1400 1865 1400 1193 1400 1867 1400 1867 1400 1193 1400 1191 1400 1867 1400 1191 1400 1869 1400 1869 1400 1191 1400 1189 1400 1869 1400 1189 1400 1871 1400 1871 1400 1189 1400 1187 1400 1871 1400 1187 1400 1873 1400 1873 1400 1187 1400 1185 1400 1873 1400 1185 1400 1875 1400 1875 1400 1185 1400 1183 1400 1875 1400 1183 1400 1123 1400 1123 1400 1183 1400 1125 1400 1125 1400 1183 1400 1181 1400 1125 1400 1181 1400 1127 1400 1127 1400 1181 1400 1179 1400 1127 1400 1179 1400 1129 1400 1129 1400 1179 1400 1177 1400 1129 1400 1177 1400 1131 1400 1131 1400 1177 1400 1175 1400 1131 1400 1175 1400 1133 1400 1133 1400 1175 1400 1173 1400 1133 1400 1173 1400 1135 1400 1135 1400 1173 1400 1171 1400 1135 1400 1171 1400 1137 1400 1137 1400 1171 1400 1169 1400 1137 1400 1169 1400 1139 1400 1201 1400 897 1400 1203 1400 1203 1400 897 1400 985 1400 1203 1400 985 1400 1205 1400 1205 1400 985 1400 983 1400 1205 1400 983 1400 1207 1400 1207 1400 983 1400 981 1400 1207 1400 981 1400 1209 1400 1209 1400 981 1400 979 1400 1209 1400 979 1400 1211 1400 1211 1400 979 1400 977 1400 1211 1400 977 1400 1213 1400 1213 1400 977 1400 975 1400 959 1400 957 1400 1349 1400 1349 1400 957 1400 1351 1400 1351 1400 957 1400 955 1400 1351 1400 955 1400 1353 1400 1353 1400 955 1400 953 1400 1353 1400 953 1400 1355 1400 1355 1400 953 1400 951 1400 1355 1400 951 1400 1357 1400 1357 1400 951 1400 949 1400 1357 1400 949 1400 1359 1400 1359 1400 949 1400 947 1400 1359 1400 947 1400 1361 1400 1361 1400 947 1400 945 1400 1361 1400 945 1400 1363 1400 1363 1400 945 1400 943 1400 1363 1400 943 1400 1335 1400 1335 1400 943 1400 941 1400 1335 1400 941 1400 1337 1400 1337 1400 941 1400 939 1400 1337 1400 939 1400 1339 1400 1339 1400 939 1400 937 1400 1339 1400 937 1400 1341 1400 1341 1400 937 1400 935 1400 1341 1400 935 1400 1343 1400 1343 1400 935 1400 933 1400 1343 1400 933 1400 1345 1400 1345 1400 933 1400 931 1400 1345 1400 931 1400 1257 1400 1257 1400 931 1400 929 1400 1845 1400 913 1400 1847 1400 1847 1400 913 1400 911 1400 1847 1400 911 1400 1849 1400 1849 1400 911 1400 909 1400 1849 1400 909 1400 1851 1400 1851 1400 909 1400 907 1400 1851 1400 907 1400 1853 1400 1853 1400 907 1400 905 1400 1853 1400 905 1400 1855 1400 1855 1400 905 1400 903 1400 1855 1400 903 1400 1857 1400 1857 1400 903 1400 901 1400 1857 1400 901 1400 1859 1400 1859 1400 901 1400 899 1400 1123 1400 1121 1400 1875 1400 1875 1400 1121 1400 1877 1400 1877 1400 1121 1400 1119 1400 1877 1400 1119 1400 1879 1400 1879 1400 1119 1400 1117 1400 1879 1400 1117 1400 1881 1400 1881 1400 1117 1400 1115 1400 1881 1400 1115 1400 1883 1400 1883 1400 1115 1400 1113 1400 1883 1400 1113 1400 1885 1400 1885 1400 1113 1400 1111 1400 1885 1400 1111 1400 1797 1400 1797 1400 1111 1400 1109 1400 1797 1400 1109 1400 1949 1400 1949 1400 1109 1400 1951 1400 1951 1400 1109 1400 1107 1400 1951 1400 1107 1400 1953 1400 1953 1400 1107 1400 1105 1400 1953 1400 1105 1400 1955 1400 1955 1400 1105 1400 1103 1400 1955 1400 1103 1400 1957 1400 1957 1400 1103 1400 1101 1400 1957 1400 1101 1400 1959 1400 1959 1400 1101 1400 1099 1400 1959 1400 1099 1400 1961 1400 1961 1400 1099 1400 1097 1400 1961 1400 1097 1400 1963 1400 1963 1400 1097 1400 1095 1400 1543 1400 1245 1400 1545 1400 1545 1400 1245 1400 1243 1400 1545 1400 1243 1400 1547 1400 1547 1400 1243 1400 1241 1400 1547 1400 1241 1400 1549 1400 1549 1400 1241 1400 1239 1400 1549 1400 1239 1400 1551 1400 1551 1400 1239 1400 1237 1400 1551 1400 1237 1400 1553 1400 1553 1400 1237 1400 1235 1400 1553 1400 1235 1400 1555 1400 1555 1400 1235 1400 1233 1400 1555 1400 1233 1400 1557 1400 1557 1400 1233 1400 1231 1400 1557 1400 1231 1400 1559 1400 1559 1400 1231 1400 1229 1400 1363 1400 1335 1400 1365 1400 1365 1400 1335 1400 1333 1400 1365 1400 1333 1400 1367 1400 1367 1400 1333 1400 1331 1400 1367 1400 1331 1400 1369 1400 1369 1400 1331 1400 1329 1400 1369 1400 1329 1400 1371 1400 1371 1400 1329 1400 1327 1400 1371 1400 1327 1400 1373 1400 1373 1400 1327 1400 1325 1400 1373 1400 1325 1400 1375 1400 1375 1400 1325 1400 1323 1400 1375 1400 1323 1400 1377 1400 1377 1400 1323 1400 1321 1400 1377 1400 1321 1400 1379 1400 1379 1400 1321 1400 1319 1400 1379 1400 1319 1400 1709 1400 1709 1400 1319 1400 1711 1400 1711 1400 1319 1400 1317 1400 1711 1400 1317 1400 1713 1400 1713 1400 1317 1400 1315 1400 1713 1400 1315 1400 1715 1400 1715 1400 1315 1400 1313 1400 1715 1400 1313 1400 1717 1400 1717 1400 1313 1400 1311 1400 1717 1400 1311 1400 1719 1400 1719 1400 1311 1400 1309 1400 1719 1400 1309 1400 1721 1400 1721 1400 1309 1400 1307 1400 1721 1400 1307 1400 1723 1400 1723 1400 1307 1400 1305 1400 1619 1400 1407 1400 1621 1400 1621 1400 1407 1400 1405 1400 1621 1400 1405 1400 1623 1400 1623 1400 1405 1400 1403 1400 1623 1400 1403 1400 1625 1400 1625 1400 1403 1400 1401 1400 1625 1400 1401 1400 1627 1400 1627 1400 1401 1400 1399 1400 1627 1400 1399 1400 1629 1400 1629 1400 1399 1400 1397 1400 1629 1400 1397 1400 1631 1400 1631 1400 1397 1400 1395 1400 1631 1400 1395 1400 1633 1400 1785 1400 1393 1400 1787 1400 1787 1400 1393 1400 1391 1400 1787 1400 1391 1400 1789 1400 1789 1400 1391 1400 1389 1400 1789 1400 1389 1400 1791 1400 1791 1400 1389 1400 1387 1400 1791 1400 1387 1400 1793 1400 1793 1400 1387 1400 1385 1400 1793 1400 1385 1400 1795 1400 1795 1400 1385 1400 1383 1400 1795 1400 1383 1400 1707 1400 1707 1400 1383 1400 1381 1400 1707 1400 1381 1400 1709 1400 1709 1400 1381 1400 1379 1400 1437 1400 1587 1400 1439 1400 1439 1400 1587 1400 1585 1400 1439 1400 1585 1400 1441 1400 1441 1400 1585 1400 1583 1400 1441 1400 1583 1400 1443 1400 1443 1400 1583 1400 1581 1400 1443 1400 1581 1400 1445 1400 1445 1400 1581 1400 1579 1400 1445 1400 1579 1400 1447 1400 1447 1400 1579 1400 1577 1400 1447 1400 1577 1400 1449 1400 1449 1400 1577 1400 1575 1400 1449 1400 1575 1400 1451 1400 1451 1400 1575 1400 1573 1400 1587 1400 1437 1400 1589 1400 1589 1400 1437 1400 1525 1400 1589 1400 1525 1400 1591 1400 1591 1400 1525 1400 1523 1400 1591 1400 1523 1400 1593 1400 1593 1400 1523 1400 1521 1400 1593 1400 1521 1400 1595 1400 1595 1400 1521 1400 1519 1400 1681 1400 1679 1400 11 1400 1771 1400 1769 1400 127 1400 1797 1400 1947 1400 1799 1400 1799 1400 1947 1400 1945 1400 1799 1400 1945 1400 1801 1400 1801 1400 1945 1400 1943 1400 1801 1400 1943 1400 1803 1400 1803 1400 1943 1400 1941 1400 1803 1400 1941 1400 1805 1400 1805 1400 1941 1400 1939 1400 1805 1400 1939 1400 1807 1400 1807 1400 1939 1400 1937 1400 1807 1400 1937 1400 1809 1400 1809 1400 1937 1400 1935 1400 1809 1400 1935 1400 1811 1400 1811 1400 1935 1400 1933 1400 1811 1400 1933 1400 1813 1400 1813 1400 1933 1400 1931 1400 1813 1400 1931 1400 1815 1400 1815 1400 1931 1400 1929 1400 1815 1400 1929 1400 1817 1400 1817 1400 1929 1400 1927 1400 1817 1400 1927 1400 1819 1400 1819 1400 1927 1400 1925 1400 1819 1400 1925 1400 1821 1400 1821 1400 1925 1400 1923 1400 1949 1400 1947 1400 1797 1400 7 0 1984 0 6 0 6 1443 1984 1443 1985 1443 6 1444 1985 1444 1986 1444 4 0 1987 0 7 0 7 1445 1987 1445 1988 1445 7 1446 1988 1446 1989 1446 5 0 1990 0 4 0 4 1447 1990 1447 1991 1447 4 1448 1991 1448 1992 1448 6 0 1993 0 5 0 5 1449 1993 1449 1994 1449 5 1450 1994 1450 1995 1450 1976 0 1996 0 1977 0 1977 0 1996 0 1997 0 1977 1451 1997 1451 1998 1451 1982 0 1999 0 1976 0 1976 1452 1999 1452 2000 1452 1976 1453 2000 1453 2001 1453 2001 1454 2000 1454 2002 1454 2002 1455 2000 1455 2003 1455 2002 1456 2003 1456 2004 1456 1980 0 2005 0 1982 0 1982 0 2005 0 2006 0 1982 1457 2006 1457 2007 1457 1977 0 2008 0 1980 0 1980 1458 2008 1458 2009 1458 1980 1459 2009 1459 2010 1459 2010 0 2009 0 2011 0 2011 1460 2009 1460 2012 1460 2011 0 2012 0 2013 0 2013 1461 2012 1461 2014 1461 2013 0 2014 0 2015 0 2015 1462 2014 1462 2016 1462 2015 1463 2016 1463 2017 1463 2017 1464 2016 1464 2018 1464 2017 0 2018 0 2019 0 2019 1465 2018 1465 2020 1465 2019 0 2020 0 2021 0 2021 1466 2020 1466 2022 1466 2021 0 2022 0 2023 0 2023 0 2022 0 2024 0 2023 1467 2024 1467 2025 1467 2010 0 2026 0 1980 0 1980 1468 2026 1468 2027 1468 1980 1469 2027 1469 2028 1469 2028 0 2029 0 1980 0 1980 1470 2029 1470 2030 1470 1980 1471 2030 1471 2031 1471 2031 0 2032 0 1980 0 1980 1472 2032 1472 2033 1472 1980 0 2033 0 2034 0 2034 0 2035 0 1980 0 1980 0 2035 0 2036 0 1980 1473 2036 1473 2037 1473 2036 0 2035 0 2038 0 2038 0 2035 0 2039 0 2038 0 2039 0 2040 0 2040 0 2039 0 2041 0 2040 0 2041 0 2042 0 2042 0 2041 0 2043 0 2042 0 2043 0 2044 0 2044 0 2043 0 2045 0 2044 0 2045 0 2046 0 2046 0 2045 0 2047 0 2046 0 2047 0 2048 0 2048 0 2047 0 2049 0 2048 0 2049 0 2050 0 2050 0 2049 0 2051 0 2050 0 2051 0 2052 0 2052 0 2051 0 2053 0 2052 0 2053 0 2054 0 2054 1474 2053 1474 2055 1474 2054 0 2055 0 2056 0 2056 0 2055 0 2057 0 2057 1475 2055 1475 2058 1475 2057 0 2058 0 2059 0 2059 1476 2058 1476 2060 1476 2059 0 2060 0 2061 0 2061 1477 2060 1477 2062 1477 2061 0 2062 0 2063 0 2063 1478 2062 1478 2064 1478 2063 0 2064 0 2065 0 2063 0 2065 0 2066 0 2066 1479 2065 1479 2067 1479 2066 0 2067 0 2068 0 2068 1480 2067 1480 2069 1480 2068 0 2069 0 2017 0 2017 1481 2069 1481 2015 1481 2023 0 2025 0 2070 0 2070 1482 2025 1482 2071 1482 2070 0 2071 0 2072 0 2072 1483 2071 1483 2073 1483 2072 0 2073 0 2074 0 2074 1484 2073 1484 2075 1484 2074 0 2075 0 2076 0 2076 0 2075 0 2077 0 2077 1485 2075 1485 2078 1485 2077 0 2078 0 2079 0 2079 0 2078 0 2080 0 2080 0 2078 0 2081 0 2080 0 2081 0 2082 0 2082 0 2081 0 2083 0 2082 0 2083 0 2084 0 2084 0 2083 0 2085 0 2084 0 2085 0 2086 0 2086 0 2085 0 2087 0 2086 0 2087 0 2088 0 2088 1486 2087 1486 2089 1486 2088 0 2089 0 2090 0 2090 0 2089 0 2091 0 2091 1487 2089 1487 2092 1487 2091 0 2092 0 2093 0 2093 1488 2092 1488 2094 1488 2093 1489 2094 1489 2095 1489 2095 1490 2094 1490 2096 1490 2095 0 2096 0 2097 0 2097 1467 2096 1467 2098 1467 2097 0 2098 0 2099 0 2097 1491 2099 1491 2100 1491 2100 1492 2099 1492 2101 1492 2100 0 2101 0 2102 0 2102 1493 2101 1493 2103 1493 2102 1494 2103 1494 2104 1494 2104 1495 2103 1495 2105 1495 2104 0 2105 0 2106 0 2106 0 2105 0 2107 0 2107 1496 2105 1496 2108 1496 2107 0 2108 0 2109 0 2109 1497 2108 1497 2110 1497 2109 1498 2110 1498 2111 1498 2008 0 1977 0 2111 0 2111 0 1977 0 2112 0 2111 1499 2112 1499 2109 1499 2054 0 2113 0 2052 0 2052 0 2113 0 2114 0 2114 1500 2113 1500 2115 1500 2114 0 2115 0 2116 0 2116 1501 2115 1501 2117 1501 2116 0 2117 0 2118 0 2118 1502 2117 1502 2119 1502 2118 0 2119 0 2120 0 2120 1503 2119 1503 2121 1503 2120 0 2121 0 2122 0 2122 0 2121 0 2123 0 2122 0 2123 0 2124 0 2124 1504 2123 1504 2125 1504 2124 0 2125 0 2126 0 2126 1505 2125 1505 2127 1505 2126 0 2127 0 2128 0 2128 1506 2127 1506 2129 1506 2128 0 2129 0 2130 0 2130 1507 2129 1507 2131 1507 2130 0 2131 0 2132 0 2132 1508 2131 1508 2133 1508 2132 0 2133 0 2134 0 2134 0 2133 0 2135 0 2134 0 2135 0 2136 0 2136 0 2135 0 2137 0 2137 1509 2135 1509 2138 1509 2137 0 2138 0 2139 0 2139 1510 2138 1510 2140 1510 2139 0 2140 0 2141 0 2141 1511 2140 1511 2142 1511 2141 0 2142 0 2143 0 2143 1512 2142 1512 2144 1512 2143 0 2144 0 2145 0 2145 1513 2144 1513 2146 1513 2145 0 2146 0 2147 0 2147 0 2146 0 2148 0 2147 0 2148 0 2149 0 2149 1514 2148 1514 2150 1514 2149 0 2150 0 2151 0 2151 1515 2150 1515 2152 1515 2151 0 2152 0 2153 0 2153 1516 2152 1516 2154 1516 2153 0 2154 0 2155 0 2155 1517 2154 1517 2156 1517 2155 0 2156 0 2157 0 2157 1518 2156 1518 2158 1518 2157 0 2158 0 2159 0 2159 0 2158 0 2160 0 2160 0 2158 0 2161 0 2160 1519 2161 1519 2162 1519 2123 0 2121 0 2163 0 2163 0 2121 0 2164 0 2163 0 2164 0 2165 0 2165 0 2164 0 2166 0 2165 0 2166 0 2167 0 2167 0 2166 0 2168 0 2167 0 2168 0 6 0 6 1520 2168 1520 2169 1520 6 0 2169 0 2170 0 2170 0 2169 0 2171 0 2171 1521 2169 1521 2172 1521 2171 0 2172 0 2173 0 2173 1522 2172 1522 2174 1522 2173 0 2174 0 2175 0 2175 1523 2174 1523 2176 1523 2175 0 2176 0 2177 0 2177 1524 2176 1524 2178 1524 2177 0 2178 0 2079 0 2079 1525 2178 1525 2077 1525 2037 0 2179 0 1980 0 1980 0 2179 0 2005 0 2005 0 2179 0 2180 0 2180 0 2179 0 2181 0 2180 0 2181 0 2182 0 2182 0 2181 0 2183 0 2182 0 2183 0 2184 0 2184 0 2183 0 2185 0 2184 0 2185 0 2186 0 2186 0 2185 0 2187 0 2186 0 2187 0 2188 0 2188 0 2187 0 2189 0 2188 0 2189 0 2190 0 2190 0 2189 0 2191 0 2190 0 2191 0 2192 0 2192 0 2191 0 2193 0 2192 0 2193 0 2194 0 2194 0 2193 0 2195 0 2194 0 2195 0 2136 0 2136 0 2195 0 2134 0 2088 0 2196 0 2086 0 2086 0 2196 0 2197 0 2197 1526 2196 1526 2198 1526 2197 0 2198 0 2199 0 2199 1527 2198 1527 2200 1527 2199 0 2200 0 2201 0 2201 1528 2200 1528 2202 1528 2201 0 2202 0 2203 0 2203 1529 2202 1529 2204 1529 2203 0 2204 0 2205 0 2205 0 2204 0 5 0 2205 0 5 0 2206 0 2206 0 5 0 2207 0 2207 0 5 0 2208 0 2208 0 5 0 2209 0 2209 0 5 0 2210 0 2210 0 5 0 1995 0 2204 0 2211 0 5 0 5 0 2211 0 2212 0 5 1530 2212 1530 2213 1530 2212 0 2211 0 2214 0 2214 0 2211 0 2215 0 2214 0 2215 0 2216 0 2216 0 2215 0 2217 0 2216 0 2217 0 2218 0 2218 0 2217 0 2219 0 2218 0 2219 0 2220 0 2220 1531 2219 1531 2221 1531 2221 1532 2219 1532 2222 1532 2221 0 2222 0 2223 0 2223 1533 2222 1533 2224 1533 2223 0 2224 0 2225 0 2225 1534 2224 1534 2226 1534 2225 0 2226 0 2227 0 2227 1535 2226 1535 2228 1535 2227 0 2228 0 2229 0 2229 1536 2228 1536 2230 1536 2229 1537 2230 1537 2231 1537 2231 0 2230 0 2232 0 2232 0 2230 0 2233 0 2232 1538 2233 1538 2234 1538 2232 0 2234 0 2235 0 2235 1539 2234 1539 2236 1539 2235 0 2236 0 2237 0 2237 1540 2236 1540 2238 1540 2237 0 2238 0 2239 0 2239 1541 2238 1541 2240 1541 2239 0 2240 0 2241 0 2241 0 2240 0 2242 0 2242 1542 2240 1542 2243 1542 2242 0 2243 0 2244 0 2244 1543 2243 1543 2245 1543 2244 0 2245 0 2246 0 2246 1544 2245 1544 2104 1544 2246 0 2104 0 2106 0 2247 0 2248 0 2249 0 2249 0 2248 0 2250 0 2249 0 2250 0 2251 0 2251 0 2250 0 2252 0 2251 0 2252 0 2253 0 2253 0 2252 0 2254 0 2253 1545 2254 1545 2255 1545 2255 0 2254 0 2256 0 2255 1546 2256 1546 2257 1546 2257 0 2256 0 2258 0 2257 0 2258 0 2259 0 2259 0 2258 0 2260 0 2259 0 2260 0 1998 0 1998 0 2260 0 1977 0 2248 0 2247 0 2261 0 2261 0 2247 0 2229 0 2261 0 2229 0 2231 0 2220 0 2262 0 2218 0 2218 0 2262 0 2263 0 2263 1547 2262 1547 2264 1547 2263 0 2264 0 2265 0 2265 1548 2264 1548 2266 1548 2265 0 2266 0 2267 0 2267 1549 2266 1549 2268 1549 2267 0 2268 0 2269 0 2269 1550 2268 1550 2270 1550 2269 0 2270 0 2271 0 2271 1551 2270 1551 2272 1551 2271 1552 2272 1552 2273 1552 2273 1553 2272 1553 2274 1553 2274 0 2272 0 2275 0 2274 1554 2275 1554 2276 1554 2276 0 2275 0 2277 0 2276 1555 2277 1555 2278 1555 2278 0 2277 0 2279 0 2278 1556 2279 1556 2280 1556 2280 0 2279 0 2281 0 2280 1557 2281 1557 2282 1557 2282 0 2281 0 2283 0 2282 1558 2283 1558 2284 1558 2284 0 2283 0 2285 0 2284 0 2285 0 2286 0 2286 0 2285 0 2287 0 2286 1559 2287 1559 2288 1559 2288 0 2287 0 2289 0 2288 1560 2289 1560 2290 1560 2290 0 2289 0 1996 0 2290 0 1996 0 1976 0 2213 0 2291 0 5 0 5 1561 2291 1561 2292 1561 5 1562 2292 1562 2293 1562 2293 0 2294 0 5 0 5 1563 2294 1563 2295 1563 5 0 2295 0 1990 0 1992 0 2296 0 4 0 4 1564 2296 1564 2297 1564 4 1565 2297 1565 2298 1565 2298 0 2299 0 4 0 4 0 2299 0 2300 0 4 1566 2300 1566 2301 1566 2300 0 2299 0 2302 0 2302 0 2299 0 2303 0 2302 0 2303 0 2304 0 2304 0 2303 0 2305 0 2304 0 2305 0 2306 0 2306 0 2305 0 2307 0 2306 0 2307 0 2308 0 2308 0 2307 0 2309 0 2309 1567 2307 1567 2310 1567 2309 0 2310 0 2311 0 2311 1568 2310 1568 2312 1568 2311 1569 2312 1569 2313 1569 2313 1570 2312 1570 2314 1570 2313 1571 2314 1571 2315 1571 2315 1572 2314 1572 2316 1572 2315 0 2316 0 2317 0 2317 1573 2316 1573 2318 1573 2317 0 2318 0 2273 0 2273 0 2318 0 2271 0 2170 0 2319 0 6 0 6 1574 2319 1574 2320 1574 6 1575 2320 1575 2321 1575 2321 0 2322 0 6 0 6 1576 2322 1576 2323 1576 6 1577 2323 1577 2324 1577 2324 0 2325 0 6 0 6 1578 2325 1578 1993 1578 2326 0 2327 0 2007 0 2007 0 2327 0 2328 0 2007 0 2328 0 1982 0 1982 1579 2328 1579 2329 1579 1982 0 2329 0 2330 0 2327 0 2326 0 2331 0 2331 0 2326 0 2332 0 2331 0 2332 0 2333 0 2333 0 2332 0 2334 0 2333 0 2334 0 2335 0 2335 0 2334 0 2336 0 2335 0 2336 0 2337 0 2337 0 2336 0 2338 0 2337 0 2338 0 2339 0 2339 0 2338 0 2340 0 2339 0 2340 0 2341 0 2341 0 2340 0 2342 0 2341 0 2342 0 2159 0 2159 0 2342 0 2157 0 2343 0 2344 0 2345 0 2345 0 2344 0 2346 0 2345 0 2346 0 2347 0 2347 0 2346 0 2348 0 2347 0 2348 0 7 0 7 1580 2348 1580 2349 1580 7 1581 2349 1581 2350 1581 2344 0 2343 0 2146 0 2146 0 2343 0 2148 0 2160 0 2162 0 2351 0 2351 1582 2162 1582 2352 1582 2351 0 2352 0 2353 0 2353 1583 2352 1583 2354 1583 2353 0 2354 0 2355 0 2355 1584 2354 1584 2356 1584 2355 0 2356 0 2357 0 2357 0 2356 0 2358 0 2358 1585 2356 1585 2359 1585 2358 0 2359 0 2360 0 2360 1586 2359 1586 2361 1586 2360 0 2361 0 2362 0 2362 1587 2361 1587 2363 1587 2362 0 2363 0 2364 0 2364 1588 2363 1588 2365 1588 2364 1589 2365 1589 2366 1589 2365 0 2363 0 2367 0 2367 1590 2363 1590 2368 1590 2367 0 2368 0 2369 0 2369 1591 2368 1591 2370 1591 2369 0 2370 0 2371 0 2371 1592 2370 1592 2372 1592 2371 0 2372 0 2373 0 2373 0 2372 0 2374 0 2374 1593 2372 1593 2375 1593 2374 0 2375 0 2376 0 2376 1594 2375 1594 2377 1594 2376 0 2377 0 2378 0 2378 1595 2377 1595 2379 1595 2378 0 2379 0 2380 0 2380 1596 2379 1596 2381 1596 2380 0 2381 0 2382 0 2383 0 2384 0 2382 0 2382 0 2384 0 2385 0 2382 1597 2385 1597 2380 1597 2384 0 2383 0 2386 0 2386 1598 2383 1598 2387 1598 2386 0 2387 0 2388 0 2388 1599 2387 1599 2389 1599 2388 0 2389 0 2390 0 2390 1600 2389 1600 2391 1600 2390 0 2391 0 2392 0 2392 1601 2391 1601 2393 1601 2392 0 2393 0 2394 0 2394 0 2393 0 7 0 2394 0 7 0 2395 0 2395 0 7 0 2396 0 2396 0 7 0 2397 0 2397 0 7 0 2398 0 2398 0 7 0 2399 0 2399 0 7 0 1989 0 2393 0 2347 0 7 0 2330 0 2400 0 1982 0 1982 1602 2400 1602 2401 1602 1982 1603 2401 1603 2402 1603 2402 0 2403 0 1982 0 1982 1604 2403 1604 2404 1604 1982 1605 2404 1605 2405 1605 2405 0 2406 0 1982 0 1982 1606 2406 1606 2407 1606 1982 1607 2407 1607 2408 1607 2408 1608 2407 1608 2409 1608 2408 1609 2409 1609 2410 1609 2410 1610 2409 1610 2411 1610 2410 0 2411 0 2366 0 2366 1611 2411 1611 2364 1611 2350 0 2412 0 7 0 7 1612 2412 1612 2413 1612 7 1613 2413 1613 2414 1613 2414 0 2415 0 7 0 7 0 2415 0 1984 0 1986 0 2416 0 6 0 6 1614 2416 1614 2417 1614 6 1615 2417 1615 2418 1615 2418 0 2167 0 6 0 2385 0 2384 0 2419 0 2419 0 2384 0 2420 0 2419 0 2420 0 2421 0 2421 0 2420 0 2422 0 2421 0 2422 0 2423 0 2423 0 2422 0 2424 0 2423 0 2424 0 2425 0 2425 0 2424 0 2426 0 2425 0 2426 0 2427 0 2427 0 2426 0 2428 0 2428 1521 2426 1521 2429 1521 2428 0 2429 0 2430 0 2430 1616 2429 1616 2431 1616 2430 1617 2431 1617 2432 1617 2432 1618 2431 1618 2433 1618 2432 0 2433 0 2434 0 2434 1619 2433 1619 2435 1619 2434 1620 2435 1620 2301 1620 2301 1621 2435 1621 2436 1621 2301 0 2436 0 4 0 4 0 2436 0 2437 0 4 1622 2437 1622 2438 1622 2438 0 2439 0 4 0 4 1623 2439 1623 2440 1623 4 1624 2440 1624 2441 1624 2441 0 2442 0 4 0 4 1625 2442 1625 2443 1625 4 1626 2443 1626 1987 1626 2408 1627 1999 1627 1982 1627 2002 0 2004 0 2444 0 2444 1628 2004 1628 2445 1628 2444 1629 2445 1629 2446 1629 2446 0 2445 0 2447 0 2446 0 2447 0 2448 0 2448 1630 2447 1630 2449 1630 2448 0 2449 0 2450 0 2450 1631 2449 1631 2451 1631 2450 0 2451 0 2452 0 2452 1632 2451 1632 2453 1632 2452 0 2453 0 2454 0 2454 0 2453 0 2455 0 2455 1633 2453 1633 2456 1633 2455 0 2456 0 2457 0 2457 1634 2456 1634 2458 1634 2457 0 2458 0 2459 0 2459 1635 2458 1635 2460 1635 2459 0 2460 0 2461 0 2461 1636 2460 1636 2462 1636 2461 0 2462 0 2463 0 2445 0 2464 0 2447 0 2447 1637 2464 1637 2465 1637 2465 1638 2464 1638 2466 1638 2465 0 2466 0 2467 0 2467 1639 2466 1639 2468 1639 2467 1640 2468 1640 2469 1640 2469 0 2468 0 2470 0 2469 1641 2470 1641 2471 1641 2469 0 2471 0 2472 0 2472 1642 2471 1642 2473 1642 2472 1643 2473 1643 2474 1643 2474 1644 2473 1644 2475 1644 2474 0 2475 0 2476 0 2476 1645 2475 1645 2477 1645 2476 0 2477 0 2478 0 2478 0 2477 0 2427 0 2427 1646 2477 1646 2425 1646 2308 0 2479 0 2306 0 2306 0 2479 0 2480 0 2480 1647 2479 1647 2481 1647 2480 0 2481 0 2482 0 2482 1648 2481 1648 2483 1648 2482 0 2483 0 2484 0 2484 1649 2483 1649 2485 1649 2484 0 2485 0 2486 0 2486 1650 2485 1650 2487 1650 2486 0 2487 0 2463 0 2463 1651 2487 1651 2488 1651 2463 1652 2488 1652 2461 1652 2488 0 2487 0 2489 0 2489 0 2487 0 2490 0 2489 0 2490 0 2491 0 2491 0 2490 0 2492 0 2491 0 2492 0 2493 0 2493 0 2492 0 2494 0 2493 0 2494 0 2495 0 2495 0 2494 0 2496 0 2495 0 2496 0 2497 0 2497 0 2496 0 2498 0 2497 1653 2498 1653 2499 1653 2499 1654 2498 1654 2500 1654 2499 0 2500 0 2501 0 2501 0 2500 0 2502 0 2501 1655 2502 1655 2503 1655 2503 0 2502 0 2504 0 2503 0 2504 0 1976 0 1976 1656 2504 1656 2505 1656 1976 0 2505 0 2290 0 2506 0 2507 0 1977 0 1977 1657 2507 1657 2112 1657 2260 0 2508 0 1977 0 1977 0 2508 0 2509 0 1977 1658 2509 1658 2510 1658 2510 1659 2511 1659 1977 1659 1977 1660 2511 1660 2512 1660 1977 1661 2512 1661 2513 1661 2513 0 2514 0 1977 0 1977 1662 2514 1662 2506 1662 2001 0 2515 0 1976 0 1976 1663 2515 1663 2516 1663 1976 1664 2516 1664 2517 1664 2517 1665 2518 1665 1976 1665 1976 1666 2518 1666 2519 1666 1976 1667 2519 1667 2520 1667 2520 0 2521 0 1976 0 1976 1668 2521 1668 2522 1668 1976 0 2522 0 2523 0 2523 0 2503 0 1976 0 450 1400 2524 1400 448 1400 448 1400 2524 1400 2525 1400 448 1400 2525 1400 446 1400 446 1400 2525 1400 534 1400 534 1669 2525 1669 2526 1669 534 1400 2526 1400 532 1400 532 1670 2526 1670 2527 1670 532 1400 2527 1400 530 1400 530 1671 2527 1671 528 1671 528 1672 2527 1672 2528 1672 528 1400 2528 1400 526 1400 526 1673 2528 1673 2529 1673 526 1400 2529 1400 524 1400 524 1400 2529 1400 522 1400 522 1674 2529 1674 2530 1674 522 1400 2530 1400 520 1400 520 1675 2530 1675 2531 1675 520 1676 2531 1676 518 1676 518 1400 2531 1400 516 1400 516 1677 2531 1677 2532 1677 516 1678 2532 1678 514 1678 514 1400 2532 1400 2533 1400 514 1400 2533 1400 512 1400 512 1400 2533 1400 2534 1400 512 1679 2534 1679 510 1679 510 1400 2534 1400 508 1400 508 1680 2534 1680 2535 1680 508 1400 2535 1400 506 1400 506 1681 2535 1681 2536 1681 506 1400 2536 1400 504 1400 504 1400 2536 1400 502 1400 502 1682 2536 1682 2537 1682 502 1400 2537 1400 500 1400 500 1683 2537 1683 2538 1683 500 1684 2538 1684 498 1684 498 1400 2538 1400 496 1400 496 1685 2538 1685 2539 1685 496 1400 2539 1400 494 1400 494 1400 2539 1400 2540 1400 494 1400 2540 1400 492 1400 492 1400 2540 1400 490 1400 490 1686 2540 1686 2541 1686 490 1400 2541 1400 488 1400 488 1687 2541 1687 486 1687 486 1688 2541 1688 2542 1688 486 1689 2542 1689 484 1689 484 1690 2542 1690 2543 1690 484 1691 2543 1691 482 1691 482 1400 2543 1400 480 1400 480 1692 2543 1692 2544 1692 480 1400 2544 1400 478 1400 478 1693 2544 1693 2545 1693 478 1400 2545 1400 476 1400 476 1694 2545 1694 474 1694 474 1400 2545 1400 2546 1400 474 1695 2546 1695 472 1695 472 1400 2546 1400 2547 1400 472 1696 2547 1696 470 1696 470 1697 2547 1697 2548 1697 470 1400 2548 1400 468 1400 468 1698 2548 1698 466 1698 466 1699 2548 1699 2549 1699 466 1400 2549 1400 464 1400 464 1700 2549 1700 2550 1700 464 1400 2550 1400 462 1400 462 1400 2550 1400 460 1400 460 1701 2550 1701 2551 1701 460 1400 2551 1400 458 1400 458 1702 2551 1702 2552 1702 458 1400 2552 1400 456 1400 456 1400 2552 1400 454 1400 454 1703 2552 1703 2553 1703 454 1400 2553 1400 452 1400 452 1704 2553 1704 2524 1704 452 1400 2524 1400 450 1400 720 1400 2554 1400 718 1400 718 1400 2554 1400 2555 1400 718 1400 2555 1400 716 1400 716 1400 2555 1400 804 1400 804 1705 2555 1705 2556 1705 804 1400 2556 1400 802 1400 802 1706 2556 1706 2557 1706 802 1400 2557 1400 800 1400 800 1707 2557 1707 798 1707 798 1708 2557 1708 2558 1708 798 1400 2558 1400 796 1400 796 1709 2558 1709 2559 1709 796 1400 2559 1400 794 1400 794 1400 2559 1400 792 1400 792 1710 2559 1710 2560 1710 792 1400 2560 1400 790 1400 790 1711 2560 1711 2561 1711 790 1712 2561 1712 788 1712 788 1400 2561 1400 786 1400 786 1713 2561 1713 2562 1713 786 1714 2562 1714 784 1714 784 1400 2562 1400 2563 1400 784 1400 2563 1400 782 1400 782 1400 2563 1400 2564 1400 782 1715 2564 1715 780 1715 780 1400 2564 1400 778 1400 778 1716 2564 1716 2565 1716 778 1717 2565 1717 776 1717 776 1718 2565 1718 2566 1718 776 1400 2566 1400 774 1400 774 1400 2566 1400 772 1400 772 1719 2566 1719 2567 1719 772 1400 2567 1400 770 1400 770 1720 2567 1720 2568 1720 770 1400 2568 1400 768 1400 768 1400 2568 1400 766 1400 766 1721 2568 1721 2569 1721 766 1400 2569 1400 764 1400 764 1400 2569 1400 2570 1400 764 1400 2570 1400 762 1400 762 1400 2570 1400 760 1400 760 1722 2570 1722 2571 1722 760 1400 2571 1400 758 1400 758 1400 2571 1400 756 1400 756 1723 2571 1723 2572 1723 756 1724 2572 1724 754 1724 754 1725 2572 1725 2573 1725 754 1726 2573 1726 752 1726 752 1400 2573 1400 750 1400 750 1727 2573 1727 2574 1727 750 1728 2574 1728 748 1728 748 1729 2574 1729 2575 1729 748 1400 2575 1400 746 1400 746 1730 2575 1730 744 1730 744 1400 2575 1400 2576 1400 744 1731 2576 1731 742 1731 742 1400 2576 1400 2577 1400 742 1732 2577 1732 740 1732 740 1733 2577 1733 2578 1733 740 1400 2578 1400 738 1400 738 1734 2578 1734 736 1734 736 1735 2578 1735 2579 1735 736 1400 2579 1400 734 1400 734 1736 2579 1736 2580 1736 734 1400 2580 1400 732 1400 732 1400 2580 1400 730 1400 730 1737 2580 1737 2581 1737 730 1400 2581 1400 728 1400 728 1738 2581 1738 2582 1738 728 1400 2582 1400 726 1400 726 1400 2582 1400 724 1400 724 1739 2582 1739 2583 1739 724 1400 2583 1400 722 1400 722 1740 2583 1740 2554 1740 722 1400 2554 1400 720 1400 1800 1400 2584 1400 1798 1400 1798 1400 2584 1400 2585 1400 1798 1400 2585 1400 1796 1400 1796 1400 2585 1400 1884 1400 1884 1741 2585 1741 2586 1741 1884 1400 2586 1400 1882 1400 1882 1742 2586 1742 2587 1742 1882 1400 2587 1400 1880 1400 1880 1743 2587 1743 1878 1743 1878 1744 2587 1744 2588 1744 1878 1400 2588 1400 1876 1400 1876 1745 2588 1745 2589 1745 1876 1400 2589 1400 1874 1400 1874 1400 2589 1400 1872 1400 1872 1746 2589 1746 2590 1746 1872 1400 2590 1400 1870 1400 1870 1747 2590 1747 2591 1747 1870 1748 2591 1748 1868 1748 1868 1400 2591 1400 1866 1400 1866 1749 2591 1749 2592 1749 1866 1750 2592 1750 1864 1750 1864 1400 2592 1400 2593 1400 1864 1400 2593 1400 1862 1400 1862 1400 2593 1400 2594 1400 1862 1751 2594 1751 1860 1751 1860 1400 2594 1400 1858 1400 1858 1752 2594 1752 2595 1752 1858 1753 2595 1753 1856 1753 1856 1754 2595 1754 2596 1754 1856 1400 2596 1400 1854 1400 1854 1400 2596 1400 1852 1400 1852 1755 2596 1755 2597 1755 1852 1400 2597 1400 1850 1400 1850 1756 2597 1756 2598 1756 1850 1400 2598 1400 1848 1400 1848 1400 2598 1400 1846 1400 1846 1757 2598 1757 2599 1757 1846 1400 2599 1400 1844 1400 1844 1400 2599 1400 2600 1400 1844 1400 2600 1400 1842 1400 1842 1400 2600 1400 1840 1400 1840 1758 2600 1758 2601 1758 1840 1400 2601 1400 1838 1400 1838 1400 2601 1400 1836 1400 1836 1759 2601 1759 2602 1759 1836 1760 2602 1760 1834 1760 1834 1761 2602 1761 2603 1761 1834 1762 2603 1762 1832 1762 1832 1400 2603 1400 1830 1400 1830 1763 2603 1763 2604 1763 1830 1764 2604 1764 1828 1764 1828 1765 2604 1765 2605 1765 1828 1400 2605 1400 1826 1400 1826 1766 2605 1766 1824 1766 1824 1400 2605 1400 2606 1400 1824 1695 2606 1695 1822 1695 1822 1400 2606 1400 2607 1400 1822 1696 2607 1696 1820 1696 1820 1767 2607 1767 2608 1767 1820 1400 2608 1400 1818 1400 1818 1768 2608 1768 1816 1768 1816 1769 2608 1769 2609 1769 1816 1400 2609 1400 1814 1400 1814 1770 2609 1770 2610 1770 1814 1400 2610 1400 1812 1400 1812 1400 2610 1400 1810 1400 1810 1771 2610 1771 2611 1771 1810 1400 2611 1400 1808 1400 1808 1772 2611 1772 2612 1772 1808 1400 2612 1400 1806 1400 1806 1400 2612 1400 1804 1400 1804 1773 2612 1773 2613 1773 1804 1400 2613 1400 1802 1400 1802 1774 2613 1774 2584 1774 1802 1400 2584 1400 1800 1400 990 1400 2614 1400 988 1400 988 1400 2614 1400 2615 1400 988 1400 2615 1400 986 1400 986 1400 2615 1400 1074 1400 1074 1775 2615 1775 2616 1775 1074 1400 2616 1400 1072 1400 1072 1776 2616 1776 2617 1776 1072 1400 2617 1400 1070 1400 1070 1671 2617 1671 1068 1671 1068 1777 2617 1777 2618 1777 1068 1400 2618 1400 1066 1400 1066 1778 2618 1778 2619 1778 1066 1400 2619 1400 1064 1400 1064 1400 2619 1400 1062 1400 1062 1779 2619 1779 2620 1779 1062 1400 2620 1400 1060 1400 1060 1780 2620 1780 2621 1780 1060 1781 2621 1781 1058 1781 1058 1400 2621 1400 1056 1400 1056 1782 2621 1782 2622 1782 1056 1783 2622 1783 1054 1783 1054 1400 2622 1400 2623 1400 1054 1400 2623 1400 1052 1400 1052 1400 2623 1400 2624 1400 1052 1784 2624 1784 1050 1784 1050 1400 2624 1400 1048 1400 1048 1785 2624 1785 2625 1785 1048 1786 2625 1786 1046 1786 1046 1787 2625 1787 2626 1787 1046 1400 2626 1400 1044 1400 1044 1400 2626 1400 1042 1400 1042 1788 2626 1788 2627 1788 1042 1400 2627 1400 1040 1400 1040 1789 2627 1789 2628 1789 1040 1400 2628 1400 1038 1400 1038 1790 2628 1790 1036 1790 1036 1791 2628 1791 2629 1791 1036 1400 2629 1400 1034 1400 1034 1400 2629 1400 2630 1400 1034 1400 2630 1400 1032 1400 1032 1400 2630 1400 1030 1400 1030 1792 2630 1792 2631 1792 1030 1793 2631 1793 1028 1793 1028 1400 2631 1400 1026 1400 1026 1794 2631 1794 2632 1794 1026 1795 2632 1795 1024 1795 1024 1796 2632 1796 2633 1796 1024 1691 2633 1691 1022 1691 1022 1400 2633 1400 1020 1400 1020 1797 2633 1797 2634 1797 1020 1798 2634 1798 1018 1798 1018 1799 2634 1799 2635 1799 1018 1400 2635 1400 1016 1400 1016 1800 2635 1800 1014 1800 1014 1400 2635 1400 2636 1400 1014 1801 2636 1801 1012 1801 1012 1400 2636 1400 2637 1400 1012 1802 2637 1802 1010 1802 1010 1803 2637 1803 2638 1803 1010 1400 2638 1400 1008 1400 1008 1804 2638 1804 1006 1804 1006 1805 2638 1805 2639 1805 1006 1400 2639 1400 1004 1400 1004 1806 2639 1806 2640 1806 1004 1400 2640 1400 1002 1400 1002 1400 2640 1400 1000 1400 1000 1807 2640 1807 2641 1807 1000 1400 2641 1400 998 1400 998 1808 2641 1808 2642 1808 998 1400 2642 1400 996 1400 996 1400 2642 1400 994 1400 994 1773 2642 1773 2643 1773 994 1400 2643 1400 992 1400 992 1809 2643 1809 2614 1809 992 1400 2614 1400 990 1400 1350 1400 2644 1400 1348 1400 1348 1400 2644 1400 2645 1400 1348 1400 2645 1400 1346 1400 1346 1400 2645 1400 1434 1400 1434 1810 2645 1810 2646 1810 1434 1400 2646 1400 1432 1400 1432 1811 2646 1811 2647 1811 1432 1400 2647 1400 1430 1400 1430 1400 2647 1400 1428 1400 1428 1812 2647 1812 2648 1812 1428 1400 2648 1400 1426 1400 1426 1813 2648 1813 2649 1813 1426 1400 2649 1400 1424 1400 1424 1400 2649 1400 1422 1400 1422 1814 2649 1814 2650 1814 1422 1400 2650 1400 1420 1400 1420 1815 2650 1815 2651 1815 1420 1816 2651 1816 1418 1816 1418 1400 2651 1400 1416 1400 1416 1782 2651 1782 2652 1782 1416 1817 2652 1817 1414 1817 1414 1400 2652 1400 2653 1400 1414 1400 2653 1400 1412 1400 1412 1400 2653 1400 2654 1400 1412 1679 2654 1679 1410 1679 1410 1400 2654 1400 1408 1400 1408 1818 2654 1818 2655 1818 1408 1400 2655 1400 1406 1400 1406 1819 2655 1819 2656 1819 1406 1400 2656 1400 1404 1400 1404 1400 2656 1400 1402 1400 1402 1820 2656 1820 2657 1820 1402 1400 2657 1400 1400 1400 1400 1821 2657 1821 2658 1821 1400 1400 2658 1400 1398 1400 1398 1822 2658 1822 1396 1822 1396 1757 2658 1757 2659 1757 1396 1400 2659 1400 1394 1400 1394 1400 2659 1400 2660 1400 1394 1400 2660 1400 1392 1400 1392 1400 2660 1400 1390 1400 1390 1758 2660 1758 2661 1758 1390 1823 2661 1823 1388 1823 1388 1400 2661 1400 1386 1400 1386 1759 2661 1759 2662 1759 1386 1824 2662 1824 1384 1824 1384 1825 2662 1825 2663 1825 1384 1400 2663 1400 1382 1400 1382 1400 2663 1400 1380 1400 1380 1692 2663 1692 2664 1692 1380 1400 2664 1400 1378 1400 1378 1826 2664 1826 2665 1826 1378 1400 2665 1400 1376 1400 1376 1827 2665 1827 1374 1827 1374 1400 2665 1400 2666 1400 1374 1828 2666 1828 1372 1828 1372 1400 2666 1400 2667 1400 1372 1696 2667 1696 1370 1696 1370 1829 2667 1829 2668 1829 1370 1400 2668 1400 1368 1400 1368 1830 2668 1830 1366 1830 1366 1831 2668 1831 2669 1831 1366 1400 2669 1400 1364 1400 1364 1832 2669 1832 2670 1832 1364 1400 2670 1400 1362 1400 1362 1400 2670 1400 1360 1400 1360 1833 2670 1833 2671 1833 1360 1400 2671 1400 1358 1400 1358 1834 2671 1834 2672 1834 1358 1400 2672 1400 1356 1400 1356 1400 2672 1400 1354 1400 1354 1835 2672 1835 2673 1835 1354 1400 2673 1400 1352 1400 1352 1836 2673 1836 2644 1836 1352 1400 2644 1400 1350 1400 810 1400 2674 1400 808 1400 808 1400 2674 1400 2675 1400 808 1400 2675 1400 806 1400 806 1400 2675 1400 894 1400 894 1837 2675 1837 2676 1837 894 1838 2676 1838 892 1838 892 1839 2676 1839 2677 1839 892 1400 2677 1400 890 1400 890 1400 2677 1400 888 1400 888 1840 2677 1840 2678 1840 888 1400 2678 1400 886 1400 886 1841 2678 1841 2679 1841 886 1400 2679 1400 884 1400 884 1400 2679 1400 882 1400 882 1842 2679 1842 2680 1842 882 1400 2680 1400 880 1400 880 1843 2680 1843 2681 1843 880 1844 2681 1844 878 1844 878 1400 2681 1400 876 1400 876 1845 2681 1845 2682 1845 876 1750 2682 1750 874 1750 874 1400 2682 1400 2683 1400 874 1400 2683 1400 872 1400 872 1400 2683 1400 2684 1400 872 1846 2684 1846 870 1846 870 1400 2684 1400 868 1400 868 1847 2684 1847 2685 1847 868 1400 2685 1400 866 1400 866 1848 2685 1848 2686 1848 866 1400 2686 1400 864 1400 864 1400 2686 1400 862 1400 862 1849 2686 1849 2687 1849 862 1400 2687 1400 860 1400 860 1850 2687 1850 2688 1850 860 1400 2688 1400 858 1400 858 1400 2688 1400 856 1400 856 1851 2688 1851 2689 1851 856 1852 2689 1852 854 1852 854 1400 2689 1400 2690 1400 854 1400 2690 1400 852 1400 852 1853 2690 1853 850 1853 850 1854 2690 1854 2691 1854 850 1400 2691 1400 848 1400 848 1400 2691 1400 846 1400 846 1855 2691 1855 2692 1855 846 1856 2692 1856 844 1856 844 1857 2692 1857 2693 1857 844 1400 2693 1400 842 1400 842 1400 2693 1400 840 1400 840 1858 2693 1858 2694 1858 840 1400 2694 1400 838 1400 838 1859 2694 1859 2695 1859 838 1400 2695 1400 836 1400 836 1860 2695 1860 834 1860 834 1400 2695 1400 2696 1400 834 1861 2696 1861 832 1861 832 1400 2696 1400 2697 1400 832 1696 2697 1696 830 1696 830 1862 2697 1862 2698 1862 830 1400 2698 1400 828 1400 828 1863 2698 1863 826 1863 826 1864 2698 1864 2699 1864 826 1400 2699 1400 824 1400 824 1865 2699 1865 2700 1865 824 1400 2700 1400 822 1400 822 1400 2700 1400 820 1400 820 1866 2700 1866 2701 1866 820 1400 2701 1400 818 1400 818 1867 2701 1867 2702 1867 818 1400 2702 1400 816 1400 816 1400 2702 1400 814 1400 814 1868 2702 1868 2703 1868 814 1869 2703 1869 812 1869 812 1870 2703 1870 2674 1870 812 1400 2674 1400 810 1400 1620 1400 2704 1400 1618 1400 1618 1400 2704 1400 2705 1400 1618 1400 2705 1400 1616 1400 1616 1400 2705 1400 1704 1400 1704 1871 2705 1871 2706 1871 1704 1400 2706 1400 1702 1400 1702 1872 2706 1872 2707 1872 1702 1400 2707 1400 1700 1400 1700 1873 2707 1873 1698 1873 1698 1874 2707 1874 2708 1874 1698 1400 2708 1400 1696 1400 1696 1875 2708 1875 2709 1875 1696 1400 2709 1400 1694 1400 1694 1400 2709 1400 1692 1400 1692 1876 2709 1876 2710 1876 1692 1400 2710 1400 1690 1400 1690 1877 2710 1877 2711 1877 1690 1844 2711 1844 1688 1844 1688 1400 2711 1400 1686 1400 1686 1878 2711 1878 2712 1878 1686 1750 2712 1750 1684 1750 1684 1400 2712 1400 2713 1400 1684 1400 2713 1400 1682 1400 1682 1400 2713 1400 2714 1400 1682 1846 2714 1846 1680 1846 1680 1400 2714 1400 1678 1400 1678 1879 2714 1879 2715 1879 1678 1880 2715 1880 1676 1880 1676 1881 2715 1881 2716 1881 1676 1400 2716 1400 1674 1400 1674 1400 2716 1400 1672 1400 1672 1882 2716 1882 2717 1882 1672 1400 2717 1400 1670 1400 1670 1883 2717 1883 2718 1883 1670 1400 2718 1400 1668 1400 1668 1400 2718 1400 1666 1400 1666 1884 2718 1884 2719 1884 1666 1885 2719 1885 1664 1885 1664 1400 2719 1400 2720 1400 1664 1400 2720 1400 1662 1400 1662 1886 2720 1886 1660 1886 1660 1887 2720 1887 2721 1887 1660 1400 2721 1400 1658 1400 1658 1400 2721 1400 1656 1400 1656 1888 2721 1888 2722 1888 1656 1400 2722 1400 1654 1400 1654 1889 2722 1889 2723 1889 1654 1400 2723 1400 1652 1400 1652 1400 2723 1400 1650 1400 1650 1890 2723 1890 2724 1890 1650 1891 2724 1891 1648 1891 1648 1892 2724 1892 2725 1892 1648 1400 2725 1400 1646 1400 1646 1860 2725 1860 1644 1860 1644 1400 2725 1400 2726 1400 1644 1861 2726 1861 1642 1861 1642 1400 2726 1400 2727 1400 1642 1696 2727 1696 1640 1696 1640 1893 2727 1893 2728 1893 1640 1400 2728 1400 1638 1400 1638 1863 2728 1863 1636 1863 1636 1894 2728 1894 2729 1894 1636 1400 2729 1400 1634 1400 1634 1895 2729 1895 2730 1895 1634 1400 2730 1400 1632 1400 1632 1400 2730 1400 1630 1400 1630 1701 2730 1701 2731 1701 1630 1400 2731 1400 1628 1400 1628 1896 2731 1896 2732 1896 1628 1400 2732 1400 1626 1400 1626 1400 2732 1400 1624 1400 1624 1897 2732 1897 2733 1897 1624 1400 2733 1400 1622 1400 1622 1898 2733 1898 2704 1898 1622 1400 2704 1400 1620 1400 630 1400 2734 1400 628 1400 628 1400 2734 1400 2735 1400 628 1400 2735 1400 626 1400 626 1400 2735 1400 714 1400 714 1810 2735 1810 2736 1810 714 1400 2736 1400 712 1400 712 1811 2736 1811 2737 1811 712 1400 2737 1400 710 1400 710 1400 2737 1400 708 1400 708 1899 2737 1899 2738 1899 708 1400 2738 1400 706 1400 706 1900 2738 1900 2739 1900 706 1400 2739 1400 704 1400 704 1400 2739 1400 702 1400 702 1901 2739 1901 2740 1901 702 1400 2740 1400 700 1400 700 1902 2740 1902 2741 1902 700 1816 2741 1816 698 1816 698 1400 2741 1400 696 1400 696 1903 2741 1903 2742 1903 696 1750 2742 1750 694 1750 694 1400 2742 1400 2743 1400 694 1400 2743 1400 692 1400 692 1400 2743 1400 2744 1400 692 1679 2744 1679 690 1679 690 1400 2744 1400 688 1400 688 1904 2744 1904 2745 1904 688 1400 2745 1400 686 1400 686 1905 2745 1905 2746 1905 686 1400 2746 1400 684 1400 684 1400 2746 1400 682 1400 682 1882 2746 1882 2747 1882 682 1400 2747 1400 680 1400 680 1821 2747 1821 2748 1821 680 1400 2748 1400 678 1400 678 1822 2748 1822 676 1822 676 1757 2748 1757 2749 1757 676 1400 2749 1400 674 1400 674 1400 2749 1400 2750 1400 674 1400 2750 1400 672 1400 672 1400 2750 1400 670 1400 670 1906 2750 1906 2751 1906 670 1907 2751 1907 668 1907 668 1400 2751 1400 666 1400 666 1908 2751 1908 2752 1908 666 1909 2752 1909 664 1909 664 1910 2752 1910 2753 1910 664 1400 2753 1400 662 1400 662 1400 2753 1400 660 1400 660 1911 2753 1911 2754 1911 660 1400 2754 1400 658 1400 658 1826 2754 1826 2755 1826 658 1400 2755 1400 656 1400 656 1827 2755 1827 654 1827 654 1400 2755 1400 2756 1400 654 1828 2756 1828 652 1828 652 1400 2756 1400 2757 1400 652 1696 2757 1696 650 1696 650 1829 2757 1829 2758 1829 650 1400 2758 1400 648 1400 648 1830 2758 1830 646 1830 646 1912 2758 1912 2759 1912 646 1400 2759 1400 644 1400 644 1832 2759 1832 2760 1832 644 1400 2760 1400 642 1400 642 1400 2760 1400 640 1400 640 1913 2760 1913 2761 1913 640 1400 2761 1400 638 1400 638 1914 2761 1914 2762 1914 638 1400 2762 1400 636 1400 636 1400 2762 1400 634 1400 634 1915 2762 1915 2763 1915 634 1400 2763 1400 632 1400 632 1916 2763 1916 2734 1916 632 1400 2734 1400 630 1400 1710 1400 2764 1400 1708 1400 1708 1400 2764 1400 2765 1400 1708 1400 2765 1400 1706 1400 1706 1400 2765 1400 1794 1400 1794 1917 2765 1917 2766 1917 1794 1400 2766 1400 1792 1400 1792 1918 2766 1918 2767 1918 1792 1400 2767 1400 1790 1400 1790 1400 2767 1400 1788 1400 1788 1919 2767 1919 2768 1919 1788 1400 2768 1400 1786 1400 1786 1920 2768 1920 2769 1920 1786 1400 2769 1400 1784 1400 1784 1400 2769 1400 1782 1400 1782 1921 2769 1921 2770 1921 1782 1400 2770 1400 1780 1400 1780 1922 2770 1922 2771 1922 1780 1816 2771 1816 1778 1816 1778 1400 2771 1400 1776 1400 1776 1923 2771 1923 2772 1923 1776 1750 2772 1750 1774 1750 1774 1400 2772 1400 2773 1400 1774 1400 2773 1400 1772 1400 1772 1400 2773 1400 2774 1400 1772 1924 2774 1924 1770 1924 1770 1400 2774 1400 1768 1400 1768 1925 2774 1925 2775 1925 1768 1926 2775 1926 1766 1926 1766 1927 2775 1927 2776 1927 1766 1400 2776 1400 1764 1400 1764 1400 2776 1400 1762 1400 1762 1928 2776 1928 2777 1928 1762 1400 2777 1400 1760 1400 1760 1929 2777 1929 2778 1929 1760 1400 2778 1400 1758 1400 1758 1930 2778 1930 1756 1930 1756 1931 2778 1931 2779 1931 1756 1400 2779 1400 1754 1400 1754 1400 2779 1400 2780 1400 1754 1400 2780 1400 1752 1400 1752 1400 2780 1400 1750 1400 1750 1932 2780 1932 2781 1932 1750 1933 2781 1933 1748 1933 1748 1400 2781 1400 1746 1400 1746 1934 2781 1934 2782 1934 1746 1856 2782 1856 1744 1856 1744 1935 2782 1935 2783 1935 1744 1936 2783 1936 1742 1936 1742 1400 2783 1400 1740 1400 1740 1937 2783 1937 2784 1937 1740 1938 2784 1938 1738 1938 1738 1939 2784 1939 2785 1939 1738 1400 2785 1400 1736 1400 1736 1940 2785 1940 1734 1940 1734 1400 2785 1400 2786 1400 1734 1941 2786 1941 1732 1941 1732 1400 2786 1400 2787 1400 1732 1696 2787 1696 1730 1696 1730 1942 2787 1942 2788 1942 1730 1400 2788 1400 1728 1400 1728 1830 2788 1830 1726 1830 1726 1943 2788 1943 2789 1943 1726 1400 2789 1400 1724 1400 1724 1944 2789 1944 2790 1944 1724 1400 2790 1400 1722 1400 1722 1400 2790 1400 1720 1400 1720 1945 2790 1945 2791 1945 1720 1400 2791 1400 1718 1400 1718 1946 2791 1946 2792 1946 1718 1400 2792 1400 1716 1400 1716 1400 2792 1400 1714 1400 1714 1703 2792 1703 2793 1703 1714 1400 2793 1400 1712 1400 1712 1947 2793 1947 2764 1947 1712 1400 2764 1400 1710 1400 1260 1400 2794 1400 1258 1400 1258 1400 2794 1400 2795 1400 1258 1400 2795 1400 1256 1400 1256 1400 2795 1400 1344 1400 1344 1810 2795 1810 2796 1810 1344 1400 2796 1400 1342 1400 1342 1948 2796 1948 2797 1948 1342 1400 2797 1400 1340 1400 1340 1400 2797 1400 1338 1400 1338 1812 2797 1812 2798 1812 1338 1400 2798 1400 1336 1400 1336 1949 2798 1949 2799 1949 1336 1400 2799 1400 1334 1400 1334 1400 2799 1400 1332 1400 1332 1950 2799 1950 2800 1950 1332 1400 2800 1400 1330 1400 1330 1951 2800 1951 2801 1951 1330 1816 2801 1816 1328 1816 1328 1400 2801 1400 1326 1400 1326 1952 2801 1952 2802 1952 1326 1817 2802 1817 1324 1817 1324 1400 2802 1400 2803 1400 1324 1400 2803 1400 1322 1400 1322 1400 2803 1400 2804 1400 1322 1679 2804 1679 1320 1679 1320 1400 2804 1400 1318 1400 1318 1680 2804 1680 2805 1680 1318 1400 2805 1400 1316 1400 1316 1953 2805 1953 2806 1953 1316 1400 2806 1400 1314 1400 1314 1400 2806 1400 1312 1400 1312 1820 2806 1820 2807 1820 1312 1400 2807 1400 1310 1400 1310 1954 2807 1954 2808 1954 1310 1400 2808 1400 1308 1400 1308 1955 2808 1955 1306 1955 1306 1956 2808 1956 2809 1956 1306 1400 2809 1400 1304 1400 1304 1400 2809 1400 2810 1400 1304 1400 2810 1400 1302 1400 1302 1400 2810 1400 1300 1400 1300 1957 2810 1957 2811 1957 1300 1907 2811 1907 1298 1907 1298 1400 2811 1400 1296 1400 1296 1759 2811 1759 2812 1759 1296 1909 2812 1909 1294 1909 1294 1958 2812 1958 2813 1958 1294 1400 2813 1400 1292 1400 1292 1400 2813 1400 1290 1400 1290 1959 2813 1959 2814 1959 1290 1400 2814 1400 1288 1400 1288 1960 2814 1960 2815 1960 1288 1400 2815 1400 1286 1400 1286 1827 2815 1827 1284 1827 1284 1400 2815 1400 2816 1400 1284 1828 2816 1828 1282 1828 1282 1400 2816 1400 2817 1400 1282 1696 2817 1696 1280 1696 1280 1829 2817 1829 2818 1829 1280 1400 2818 1400 1278 1400 1278 1830 2818 1830 1276 1830 1276 1961 2818 1961 2819 1961 1276 1400 2819 1400 1274 1400 1274 1962 2819 1962 2820 1962 1274 1400 2820 1400 1272 1400 1272 1400 2820 1400 1270 1400 1270 1963 2820 1963 2821 1963 1270 1400 2821 1400 1268 1400 1268 1702 2821 1702 2822 1702 1268 1400 2822 1400 1266 1400 1266 1400 2822 1400 1264 1400 1264 1835 2822 1835 2823 1835 1264 1400 2823 1400 1262 1400 1262 1964 2823 1964 2794 1964 1262 1400 2794 1400 1260 1400 1170 1400 2824 1400 1168 1400 1168 1400 2824 1400 2825 1400 1168 1400 2825 1400 1166 1400 1166 1400 2825 1400 1254 1400 1254 1741 2825 1741 2826 1741 1254 1400 2826 1400 1252 1400 1252 1965 2826 1965 2827 1965 1252 1400 2827 1400 1250 1400 1250 1743 2827 1743 1248 1743 1248 1744 2827 1744 2828 1744 1248 1400 2828 1400 1246 1400 1246 1966 2828 1966 2829 1966 1246 1400 2829 1400 1244 1400 1244 1400 2829 1400 1242 1400 1242 1967 2829 1967 2830 1967 1242 1400 2830 1400 1240 1400 1240 1968 2830 1968 2831 1968 1240 1748 2831 1748 1238 1748 1238 1400 2831 1400 1236 1400 1236 1969 2831 1969 2832 1969 1236 1750 2832 1750 1234 1750 1234 1400 2832 1400 2833 1400 1234 1400 2833 1400 1232 1400 1232 1400 2833 1400 2834 1400 1232 1751 2834 1751 1230 1751 1230 1400 2834 1400 1228 1400 1228 1970 2834 1970 2835 1970 1228 1971 2835 1971 1226 1971 1226 1972 2835 1972 2836 1972 1226 1400 2836 1400 1224 1400 1224 1400 2836 1400 1222 1400 1222 1755 2836 1755 2837 1755 1222 1400 2837 1400 1220 1400 1220 1821 2837 1821 2838 1821 1220 1400 2838 1400 1218 1400 1218 1400 2838 1400 1216 1400 1216 1757 2838 1757 2839 1757 1216 1400 2839 1400 1214 1400 1214 1400 2839 1400 2840 1400 1214 1400 2840 1400 1212 1400 1212 1400 2840 1400 1210 1400 1210 1973 2840 1973 2841 1973 1210 1400 2841 1400 1208 1400 1208 1400 2841 1400 1206 1400 1206 1759 2841 1759 2842 1759 1206 1936 2842 1936 1204 1936 1204 1974 2842 1974 2843 1974 1204 1762 2843 1762 1202 1762 1202 1400 2843 1400 1200 1400 1200 1975 2843 1975 2844 1975 1200 1764 2844 1764 1198 1764 1198 1976 2844 1976 2845 1976 1198 1400 2845 1400 1196 1400 1196 1977 2845 1977 1194 1977 1194 1400 2845 1400 2846 1400 1194 1695 2846 1695 1192 1695 1192 1400 2846 1400 2847 1400 1192 1696 2847 1696 1190 1696 1190 1767 2847 1767 2848 1767 1190 1400 2848 1400 1188 1400 1188 1768 2848 1768 1186 1768 1186 1978 2848 1978 2849 1978 1186 1400 2849 1400 1184 1400 1184 1979 2849 1979 2850 1979 1184 1400 2850 1400 1182 1400 1182 1400 2850 1400 1180 1400 1180 1980 2850 1980 2851 1980 1180 1400 2851 1400 1178 1400 1178 1914 2851 1914 2852 1914 1178 1400 2852 1400 1176 1400 1176 1400 2852 1400 1174 1400 1174 1773 2852 1773 2853 1773 1174 1400 2853 1400 1172 1400 1172 1981 2853 1981 2824 1981 1172 1400 2824 1400 1170 1400 1890 1400 2854 1400 1888 1400 1888 1400 2854 1400 2855 1400 1888 1400 2855 1400 1886 1400 1886 1400 2855 1400 1974 1400 1974 1705 2855 1705 2856 1705 1974 1400 2856 1400 1972 1400 1972 1882 2856 1882 2857 1882 1972 1400 2857 1400 1970 1400 1970 1707 2857 1707 1968 1707 1968 1982 2857 1982 2858 1982 1968 1400 2858 1400 1966 1400 1966 1983 2858 1983 2859 1983 1966 1400 2859 1400 1964 1400 1964 1400 2859 1400 1962 1400 1962 1984 2859 1984 2860 1984 1962 1400 2860 1400 1960 1400 1960 1985 2860 1985 2861 1985 1960 1712 2861 1712 1958 1712 1958 1400 2861 1400 1956 1400 1956 1986 2861 1986 2862 1986 1956 1987 2862 1987 1954 1987 1954 1400 2862 1400 2863 1400 1954 1400 2863 1400 1952 1400 1952 1400 2863 1400 2864 1400 1952 1715 2864 1715 1950 1715 1950 1400 2864 1400 1948 1400 1948 1988 2864 1988 2865 1988 1948 1989 2865 1989 1946 1989 1946 1990 2865 1990 2866 1990 1946 1400 2866 1400 1944 1400 1944 1400 2866 1400 1942 1400 1942 1991 2866 1991 2867 1991 1942 1400 2867 1400 1940 1400 1940 1992 2867 1992 2868 1992 1940 1400 2868 1400 1938 1400 1938 1400 2868 1400 1936 1400 1936 1721 2868 1721 2869 1721 1936 1400 2869 1400 1934 1400 1934 1400 2869 1400 2870 1400 1934 1400 2870 1400 1932 1400 1932 1400 2870 1400 1930 1400 1930 1993 2870 1993 2871 1993 1930 1400 2871 1400 1928 1400 1928 1400 2871 1400 1926 1400 1926 1994 2871 1994 2872 1994 1926 1995 2872 1995 1924 1995 1924 1996 2872 1996 2873 1996 1924 1997 2873 1997 1922 1997 1922 1400 2873 1400 1920 1400 1920 1998 2873 1998 2874 1998 1920 1999 2874 1999 1918 1999 1918 2000 2874 2000 2875 2000 1918 1400 2875 1400 1916 1400 1916 2001 2875 2001 1914 2001 1914 1400 2875 1400 2876 1400 1914 2002 2876 2002 1912 2002 1912 1400 2876 1400 2877 1400 1912 2003 2877 2003 1910 2003 1910 1733 2877 1733 2878 1733 1910 1400 2878 1400 1908 1400 1908 1734 2878 1734 1906 1734 1906 2004 2878 2004 2879 2004 1906 1400 2879 1400 1904 1400 1904 2005 2879 2005 2880 2005 1904 1400 2880 1400 1902 1400 1902 1400 2880 1400 1900 1400 1900 1866 2880 1866 2881 1866 1900 1400 2881 1400 1898 1400 1898 2006 2881 2006 2882 2006 1898 1400 2882 1400 1896 1400 1896 1400 2882 1400 1894 1400 1894 2007 2882 2007 2883 2007 1894 1400 2883 1400 1892 1400 1892 1740 2883 1740 2854 1740 1892 1400 2854 1400 1890 1400 1080 1400 2884 1400 1078 1400 1078 1400 2884 1400 2885 1400 1078 1400 2885 1400 1076 1400 1076 1400 2885 1400 1164 1400 1164 2008 2885 2008 2886 2008 1164 1400 2886 1400 1162 1400 1162 1706 2886 1706 2887 1706 1162 1400 2887 1400 1160 1400 1160 1707 2887 1707 1158 1707 1158 2009 2887 2009 2888 2009 1158 1400 2888 1400 1156 1400 1156 2010 2888 2010 2889 2010 1156 1400 2889 1400 1154 1400 1154 1400 2889 1400 1152 1400 1152 2011 2889 2011 2890 2011 1152 1400 2890 1400 1150 1400 1150 2012 2890 2012 2891 2012 1150 1712 2891 1712 1148 1712 1148 1400 2891 1400 1146 1400 1146 2013 2891 2013 2892 2013 1146 1714 2892 1714 1144 1714 1144 1400 2892 1400 2893 1400 1144 1400 2893 1400 1142 1400 1142 1400 2893 1400 2894 1400 1142 1715 2894 1715 1140 1715 1140 1400 2894 1400 1138 1400 1138 2014 2894 2014 2895 2014 1138 1717 2895 1717 1136 1717 1136 2015 2895 2015 2896 2015 1136 1400 2896 1400 1134 1400 1134 1400 2896 1400 1132 1400 1132 1991 2896 1991 2897 1991 1132 1400 2897 1400 1130 1400 1130 1720 2897 1720 2898 1720 1130 1400 2898 1400 1128 1400 1128 1400 2898 1400 1126 1400 1126 1721 2898 1721 2899 1721 1126 1400 2899 1400 1124 1400 1124 1400 2899 1400 2900 1400 1124 1400 2900 1400 1122 1400 1122 1400 2900 1400 1120 1400 1120 1993 2900 1993 2901 1993 1120 1400 2901 1400 1118 1400 1118 1400 2901 1400 1116 1400 1116 1994 2901 1994 2902 1994 1116 1724 2902 1724 1114 1724 1114 1996 2902 1996 2903 1996 1114 1997 2903 1997 1112 1997 1112 1400 2903 1400 1110 1400 1110 2016 2903 2016 2904 2016 1110 1728 2904 1728 1108 1728 1108 1729 2904 1729 2905 1729 1108 1400 2905 1400 1106 1400 1106 1730 2905 1730 1104 1730 1104 1400 2905 1400 2906 1400 1104 1731 2906 1731 1102 1731 1102 1400 2906 1400 2907 1400 1102 1732 2907 1732 1100 1732 1100 1733 2907 1733 2908 1733 1100 1400 2908 1400 1098 1400 1098 1734 2908 1734 1096 1734 1096 2004 2908 2004 2909 2004 1096 1400 2909 1400 1094 1400 1094 2005 2909 2005 2910 2005 1094 1400 2910 1400 1092 1400 1092 1400 2910 1400 1090 1400 1090 1866 2910 1866 2911 1866 1090 1400 2911 1400 1088 1400 1088 2017 2911 2017 2912 2017 1088 1400 2912 1400 1086 1400 1086 1400 2912 1400 1084 1400 1084 2007 2912 2007 2913 2007 1084 1400 2913 1400 1082 1400 1082 2018 2913 2018 2884 2018 1082 1400 2884 1400 1080 1400 360 1400 2914 1400 358 1400 358 1400 2914 1400 2915 1400 358 1400 2915 1400 356 1400 356 1400 2915 1400 444 1400 444 1705 2915 1705 2916 1705 444 1400 2916 1400 442 1400 442 1706 2916 1706 2917 1706 442 1400 2917 1400 440 1400 440 1707 2917 1707 438 1707 438 2019 2917 2019 2918 2019 438 1400 2918 1400 436 1400 436 1709 2918 1709 2919 1709 436 1400 2919 1400 434 1400 434 1400 2919 1400 432 1400 432 1710 2919 1710 2920 1710 432 1400 2920 1400 430 1400 430 1711 2920 1711 2921 1711 430 1712 2921 1712 428 1712 428 1400 2921 1400 426 1400 426 1713 2921 1713 2922 1713 426 1714 2922 1714 424 1714 424 1400 2922 1400 2923 1400 424 1400 2923 1400 422 1400 422 1400 2923 1400 2924 1400 422 1715 2924 1715 420 1715 420 1400 2924 1400 418 1400 418 1716 2924 1716 2925 1716 418 1717 2925 1717 416 1717 416 1718 2925 1718 2926 1718 416 1400 2926 1400 414 1400 414 1400 2926 1400 412 1400 412 1719 2926 1719 2927 1719 412 1400 2927 1400 410 1400 410 1720 2927 1720 2928 1720 410 1400 2928 1400 408 1400 408 1400 2928 1400 406 1400 406 1721 2928 1721 2929 1721 406 1400 2929 1400 404 1400 404 1400 2929 1400 2930 1400 404 1400 2930 1400 402 1400 402 1400 2930 1400 400 1400 400 1993 2930 1993 2931 1993 400 1400 2931 1400 398 1400 398 1400 2931 1400 396 1400 396 1994 2931 1994 2932 1994 396 2020 2932 2020 394 2020 394 2021 2932 2021 2933 2021 394 2022 2933 2022 392 2022 392 1400 2933 1400 390 1400 390 2023 2933 2023 2934 2023 390 2024 2934 2024 388 2024 388 2025 2934 2025 2935 2025 388 1400 2935 1400 386 1400 386 1730 2935 1730 384 1730 384 1400 2935 1400 2936 1400 384 1731 2936 1731 382 1731 382 1400 2936 1400 2937 1400 382 1732 2937 1732 380 1732 380 1733 2937 1733 2938 1733 380 1400 2938 1400 378 1400 378 1734 2938 1734 376 1734 376 1735 2938 1735 2939 1735 376 1400 2939 1400 374 1400 374 2026 2939 2026 2940 2026 374 1400 2940 1400 372 1400 372 1400 2940 1400 370 1400 370 2027 2940 2027 2941 2027 370 1400 2941 1400 368 1400 368 2028 2941 2028 2942 2028 368 1400 2942 1400 366 1400 366 1400 2942 1400 364 1400 364 2007 2942 2007 2943 2007 364 1400 2943 1400 362 1400 362 2018 2943 2018 2914 2018 362 1400 2914 1400 360 1400 900 1400 2944 1400 898 1400 898 1400 2944 1400 2945 1400 898 1400 2945 1400 896 1400 896 1400 2945 1400 984 1400 984 2029 2945 2029 2946 2029 984 1400 2946 1400 982 1400 982 2030 2946 2030 2947 2030 982 1400 2947 1400 980 1400 980 1671 2947 1671 978 1671 978 1777 2947 1777 2948 1777 978 1400 2948 1400 976 1400 976 2031 2948 2031 2949 2031 976 1400 2949 1400 974 1400 974 1400 2949 1400 972 1400 972 2032 2949 2032 2950 2032 972 1400 2950 1400 970 1400 970 2033 2950 2033 2951 2033 970 1781 2951 1781 968 1781 968 1400 2951 1400 966 1400 966 2034 2951 2034 2952 2034 966 2035 2952 2035 964 2035 964 1400 2952 1400 2953 1400 964 1400 2953 1400 962 1400 962 1400 2953 1400 2954 1400 962 2036 2954 2036 960 2036 960 1400 2954 1400 958 1400 958 1970 2954 1970 2955 1970 958 2037 2955 2037 956 2037 956 2038 2955 2038 2956 2038 956 1400 2956 1400 954 1400 954 1400 2956 1400 952 1400 952 1788 2956 1788 2957 1788 952 1400 2957 1400 950 1400 950 2039 2957 2039 2958 2039 950 1400 2958 1400 948 1400 948 2040 2958 2040 946 2040 946 1791 2958 1791 2959 1791 946 1400 2959 1400 944 1400 944 1400 2959 1400 2960 1400 944 1400 2960 1400 942 1400 942 1400 2960 1400 940 1400 940 1792 2960 1792 2961 1792 940 1793 2961 1793 938 1793 938 1400 2961 1400 936 1400 936 1794 2961 1794 2962 1794 936 2041 2962 2041 934 2041 934 2042 2962 2042 2963 2042 934 2043 2963 2043 932 2043 932 1400 2963 1400 930 1400 930 2044 2963 2044 2964 2044 930 2045 2964 2045 928 2045 928 2046 2964 2046 2965 2046 928 1400 2965 1400 926 1400 926 2047 2965 2047 924 2047 924 1400 2965 1400 2966 1400 924 2048 2966 2048 922 2048 922 1400 2966 1400 2967 1400 922 2049 2967 2049 920 2049 920 1803 2967 1803 2968 1803 920 1400 2968 1400 918 1400 918 2050 2968 2050 916 2050 916 2051 2968 2051 2969 2051 916 1400 2969 1400 914 1400 914 2052 2969 2052 2970 2052 914 1400 2970 1400 912 1400 912 1400 2970 1400 910 1400 910 1978 2970 1978 2971 1978 910 1400 2971 1400 908 1400 908 2053 2971 2053 2972 2053 908 1400 2972 1400 906 1400 906 1400 2972 1400 904 1400 904 1773 2972 1773 2973 1773 904 1400 2973 1400 902 1400 902 2054 2973 2054 2944 2054 902 1400 2944 1400 900 1400 1530 1400 2974 1400 1528 1400 1528 1400 2974 1400 2975 1400 1528 1400 2975 1400 1526 1400 1526 1400 2975 1400 1614 1400 1614 2055 2975 2055 2976 2055 1614 1400 2976 1400 1612 1400 1612 1965 2976 1965 2977 1965 1612 1400 2977 1400 1610 1400 1610 1743 2977 1743 1608 1743 1608 2056 2977 2056 2978 2056 1608 1400 2978 1400 1606 1400 1606 2057 2978 2057 2979 2057 1606 1400 2979 1400 1604 1400 1604 1400 2979 1400 1602 1400 1602 2058 2979 2058 2980 2058 1602 1400 2980 1400 1600 1400 1600 2059 2980 2059 2981 2059 1600 1748 2981 1748 1598 1748 1598 1400 2981 1400 1596 1400 1596 2060 2981 2060 2982 2060 1596 1817 2982 1817 1594 1817 1594 1400 2982 1400 2983 1400 1594 1400 2983 1400 1592 1400 1592 1400 2983 1400 2984 1400 1592 1751 2984 1751 1590 1751 1590 1400 2984 1400 1588 1400 1588 2061 2984 2061 2985 2061 1588 1971 2985 1971 1586 1971 1586 2062 2985 2062 2986 2062 1586 1400 2986 1400 1584 1400 1584 1400 2986 1400 1582 1400 1582 2063 2986 2063 2987 2063 1582 1400 2987 1400 1580 1400 1580 1821 2987 1821 2988 1821 1580 1400 2988 1400 1578 1400 1578 1400 2988 1400 1576 1400 1576 1757 2988 1757 2989 1757 1576 1400 2989 1400 1574 1400 1574 1400 2989 1400 2990 1400 1574 1400 2990 1400 1572 1400 1572 1400 2990 1400 1570 1400 1570 2064 2990 2064 2991 2064 1570 1400 2991 1400 1568 1400 1568 1400 2991 1400 1566 1400 1566 1908 2991 1908 2992 1908 1566 1909 2992 1909 1564 1909 1564 2065 2992 2065 2993 2065 1564 2066 2993 2066 1562 2066 1562 1400 2993 1400 1560 1400 1560 2067 2993 2067 2994 2067 1560 2068 2994 2068 1558 2068 1558 1976 2994 1976 2995 1976 1558 1400 2995 1400 1556 1400 1556 1766 2995 1766 1554 1766 1554 1400 2995 1400 2996 1400 1554 1695 2996 1695 1552 1695 1552 1400 2996 1400 2997 1400 1552 1696 2997 1696 1550 1696 1550 1767 2997 1767 2998 1767 1550 1400 2998 1400 1548 1400 1548 1768 2998 1768 1546 1768 1546 1807 2998 1807 2999 1807 1546 1400 2999 1400 1544 1400 1544 1979 2999 1979 3000 1979 1544 1400 3000 1400 1542 1400 1542 1400 3000 1400 1540 1400 1540 2069 3000 2069 3001 2069 1540 1400 3001 1400 1538 1400 1538 2070 3001 2070 3002 2070 1538 1400 3002 1400 1536 1400 1536 1400 3002 1400 1534 1400 1534 2071 3002 2071 3003 2071 1534 1400 3003 1400 1532 1400 1532 2072 3003 2072 2974 2072 1532 1400 2974 1400 1530 1400 540 1400 3004 1400 538 1400 538 1400 3004 1400 3005 1400 538 1400 3005 1400 536 1400 536 1400 3005 1400 624 1400 624 2073 3005 2073 3006 2073 624 1400 3006 1400 622 1400 622 2030 3006 2030 3007 2030 622 1400 3007 1400 620 1400 620 1671 3007 1671 618 1671 618 1744 3007 1744 3008 1744 618 1400 3008 1400 616 1400 616 2074 3008 2074 3009 2074 616 1400 3009 1400 614 1400 614 1400 3009 1400 612 1400 612 2075 3009 2075 3010 2075 612 1400 3010 1400 610 1400 610 2076 3010 2076 3011 2076 610 1781 3011 1781 608 1781 608 1400 3011 1400 606 1400 606 2077 3011 2077 3012 2077 606 2078 3012 2078 604 2078 604 1400 3012 1400 3013 1400 604 1400 3013 1400 602 1400 602 1400 3013 1400 3014 1400 602 2079 3014 2079 600 2079 600 1400 3014 1400 598 1400 598 2080 3014 2080 3015 2080 598 2037 3015 2037 596 2037 596 2081 3015 2081 3016 2081 596 1400 3016 1400 594 1400 594 1400 3016 1400 592 1400 592 2082 3016 2082 3017 2082 592 1400 3017 1400 590 1400 590 2039 3017 2039 3018 2039 590 1400 3018 1400 588 1400 588 2040 3018 2040 586 2040 586 1791 3018 1791 3019 1791 586 1400 3019 1400 584 1400 584 1400 3019 1400 3020 1400 584 1400 3020 1400 582 1400 582 1400 3020 1400 580 1400 580 1792 3020 1792 3021 1792 580 2083 3021 2083 578 2083 578 1400 3021 1400 576 1400 576 1794 3021 1794 3022 1794 576 2084 3022 2084 574 2084 574 2085 3022 2085 3023 2085 574 2086 3023 2086 572 2086 572 1400 3023 1400 570 1400 570 2087 3023 2087 3024 2087 570 2088 3024 2088 568 2088 568 2089 3024 2089 3025 2089 568 1400 3025 1400 566 1400 566 2090 3025 2090 564 2090 564 1400 3025 1400 3026 1400 564 2048 3026 2048 562 2048 562 1400 3026 1400 3027 1400 562 2049 3027 2049 560 2049 560 1803 3027 1803 3028 1803 560 1400 3028 1400 558 1400 558 2050 3028 2050 556 2050 556 2091 3028 2091 3029 2091 556 1400 3029 1400 554 1400 554 2092 3029 2092 3030 2092 554 1400 3030 1400 552 1400 552 1400 3030 1400 550 1400 550 2093 3030 2093 3031 2093 550 1400 3031 1400 548 1400 548 2094 3031 2094 3032 2094 548 1400 3032 1400 546 1400 546 1400 3032 1400 544 1400 544 1773 3032 1773 3033 1773 544 1400 3033 1400 542 1400 542 2054 3033 2054 3004 2054 542 1400 3004 1400 540 1400 1440 1400 3034 1400 1438 1400 1438 1400 3034 1400 3035 1400 1438 1400 3035 1400 1436 1400 1436 1400 3035 1400 1524 1400 1524 2073 3035 2073 3036 2073 1524 1400 3036 1400 1522 1400 1522 2030 3036 2030 3037 2030 1522 1400 3037 1400 1520 1400 1520 2095 3037 2095 1518 2095 1518 2096 3037 2096 3038 2096 1518 1400 3038 1400 1516 1400 1516 2074 3038 2074 3039 2074 1516 1400 3039 1400 1514 1400 1514 1400 3039 1400 1512 1400 1512 2075 3039 2075 3040 2075 1512 1400 3040 1400 1510 1400 1510 2076 3040 2076 3041 2076 1510 1781 3041 1781 1508 1781 1508 1400 3041 1400 1506 1400 1506 2077 3041 2077 3042 2077 1506 2078 3042 2078 1504 2078 1504 1400 3042 1400 3043 1400 1504 1400 3043 1400 1502 1400 1502 1400 3043 1400 3044 1400 1502 2097 3044 2097 1500 2097 1500 1400 3044 1400 1498 1400 1498 2080 3044 2080 3045 2080 1498 2037 3045 2037 1496 2037 1496 2081 3045 2081 3046 2081 1496 1400 3046 1400 1494 1400 1494 1400 3046 1400 1492 1400 1492 2082 3046 2082 3047 2082 1492 1400 3047 1400 1490 1400 1490 2039 3047 2039 3048 2039 1490 1400 3048 1400 1488 1400 1488 2040 3048 2040 1486 2040 1486 1791 3048 1791 3049 1791 1486 1400 3049 1400 1484 1400 1484 1400 3049 1400 3050 1400 1484 1400 3050 1400 1482 1400 1482 1400 3050 1400 1480 1400 1480 2098 3050 2098 3051 2098 1480 1907 3051 1907 1478 1907 1478 1400 3051 1400 1476 1400 1476 2099 3051 2099 3052 2099 1476 2041 3052 2041 1474 2041 1474 2100 3052 2100 3053 2100 1474 2101 3053 2101 1472 2101 1472 1400 3053 1400 1470 1400 1470 2102 3053 2102 3054 2102 1470 2068 3054 2068 1468 2068 1468 1976 3054 1976 3055 1976 1468 1400 3055 1400 1466 1400 1466 2090 3055 2090 1464 2090 1464 1400 3055 1400 3056 1400 1464 2103 3056 2103 1462 2103 1462 1400 3056 1400 3057 1400 1462 2104 3057 2104 1460 2104 1460 1803 3057 1803 3058 1803 1460 1400 3058 1400 1458 1400 1458 2050 3058 2050 1456 2050 1456 2091 3058 2091 3059 2091 1456 1400 3059 1400 1454 1400 1454 2105 3059 2105 3060 2105 1454 1400 3060 1400 1452 1400 1452 1400 3060 1400 1450 1400 1450 2106 3060 2106 3061 2106 1450 1400 3061 1400 1448 1400 1448 2107 3061 2107 3062 2107 1448 1400 3062 1400 1446 1400 1446 1400 3062 1400 1444 1400 1444 2108 3062 2108 3063 2108 1444 1400 3063 1400 1442 1400 1442 2054 3063 2054 3034 2054 1442 1400 3034 1400 1440 1400 3041 2109 2009 2109 3042 2109 3042 2110 2009 2110 2008 2110 3042 2111 2008 2111 3043 2111 3043 2112 2008 2112 2111 2112 3043 2113 2111 2113 3044 2113 3044 2113 2111 2113 2110 2113 3044 2114 2110 2114 3045 2114 3045 2115 2110 2115 2108 2115 3045 2116 2108 2116 3046 2116 3046 2116 2108 2116 2105 2116 3046 2117 2105 2117 3047 2117 3047 2118 2105 2118 2103 2118 3047 2119 2103 2119 3048 2119 3048 2119 2103 2119 2101 2119 3048 2120 2101 2120 3049 2120 3049 2120 2101 2120 2099 2120 3049 3 2099 3 3050 3 3050 3 2099 3 2098 3 3050 2121 2098 2121 3051 2121 3051 2121 2098 2121 2096 2121 3051 2122 2096 2122 3052 2122 3052 2122 2096 2122 2094 2122 3052 2123 2094 2123 3053 2123 3053 2123 2094 2123 2092 2123 3053 2124 2092 2124 3054 2124 3054 2124 2092 2124 2089 2124 3054 2125 2089 2125 3055 2125 3055 2126 2089 2126 2087 2126 3055 2127 2087 2127 3056 2127 3056 2127 2087 2127 2085 2127 3056 2128 2085 2128 3057 2128 3057 2129 2085 2129 2083 2129 3057 2130 2083 2130 3058 2130 3058 2131 2083 2131 2081 2131 3058 2132 2081 2132 3059 2132 3059 2132 2081 2132 2078 2132 3059 2133 2078 2133 3060 2133 3060 2134 2078 2134 2075 2134 3060 2135 2075 2135 3061 2135 3061 2135 2075 2135 2073 2135 3061 2136 2073 2136 3062 2136 3062 2136 2073 2136 2071 2136 3062 2137 2071 2137 3063 2137 3063 2137 2071 2137 2025 2137 3063 2138 2025 2138 3034 2138 3034 2138 2025 2138 2024 2138 3034 1 2024 1 3035 1 3035 1 2024 1 2022 1 3035 2139 2022 2139 3036 2139 3036 2139 2022 2139 2020 2139 3036 2140 2020 2140 3037 2140 3037 2140 2020 2140 2018 2140 3037 2141 2018 2141 3038 2141 3038 2142 2018 2142 2016 2142 3038 2143 2016 2143 3039 2143 3039 2143 2016 2143 2014 2143 3039 2144 2014 2144 3040 2144 3040 2145 2014 2145 2012 2145 3040 2146 2012 2146 3041 2146 3041 2146 2012 2146 2009 2146 3011 2147 2080 2147 3012 2147 3012 2147 2080 2147 2082 2147 3012 2148 2082 2148 3013 2148 3013 2148 2082 2148 2084 2148 3013 2149 2084 2149 3014 2149 3014 2149 2084 2149 2086 2149 3014 2150 2086 2150 3015 2150 3015 2150 2086 2150 2197 2150 3015 2151 2197 2151 3016 2151 3016 2151 2197 2151 2199 2151 3016 2152 2199 2152 3017 2152 3017 2152 2199 2152 2201 2152 3017 2153 2201 2153 3018 2153 3018 2153 2201 2153 2203 2153 3018 2154 2203 2154 3019 2154 3019 2154 2203 2154 2205 2154 3019 3 2205 3 3020 3 3020 3 2205 3 2206 3 3020 2155 2206 2155 3021 2155 3021 2155 2206 2155 2207 2155 3021 2156 2207 2156 3022 2156 3022 2156 2207 2156 2208 2156 3022 2157 2208 2157 3023 2157 3023 2157 2208 2157 2209 2157 3023 2158 2209 2158 3024 2158 3024 2158 2209 2158 2210 2158 3024 2159 2210 2159 3025 2159 3025 2159 2210 2159 1995 2159 3025 2127 1995 2127 3026 2127 3026 2127 1995 2127 1994 2127 3026 2160 1994 2160 3027 2160 3027 2160 1994 2160 1993 2160 3027 2161 1993 2161 3028 2161 3028 2161 1993 2161 2325 2161 3028 2132 2325 2132 3029 2132 3029 2132 2325 2132 2324 2132 3029 2162 2324 2162 3030 2162 3030 2162 2324 2162 2323 2162 3030 2163 2323 2163 3031 2163 3031 2163 2323 2163 2322 2163 3031 2164 2322 2164 3032 2164 3032 2164 2322 2164 2321 2164 3032 2165 2321 2165 3033 2165 3033 2165 2321 2165 2320 2165 3033 2166 2320 2166 3004 2166 3004 2166 2320 2166 2319 2166 3004 1 2319 1 3005 1 3005 1 2319 1 2170 1 3005 2167 2170 2167 3006 2167 3006 2167 2170 2167 2171 2167 3006 2168 2171 2168 3007 2168 3007 2168 2171 2168 2173 2168 3007 2169 2173 2169 3008 2169 3008 2169 2173 2169 2175 2169 3008 2170 2175 2170 3009 2170 3009 2170 2175 2170 2177 2170 3009 2171 2177 2171 3010 2171 3010 2171 2177 2171 2079 2171 3010 2172 2079 2172 3011 2172 3011 2172 2079 2172 2080 2172 2981 2109 2068 2109 2982 2109 2982 2110 2068 2110 2017 2110 2982 2111 2017 2111 2983 2111 2983 2112 2017 2112 2019 2112 2983 2113 2019 2113 2984 2113 2984 2113 2019 2113 2021 2113 2984 2114 2021 2114 2985 2114 2985 2115 2021 2115 2023 2115 2985 2173 2023 2173 2986 2173 2986 2173 2023 2173 2070 2173 2986 2174 2070 2174 2987 2174 2987 2175 2070 2175 2072 2175 2987 2119 2072 2119 2988 2119 2988 2119 2072 2119 2074 2119 2988 2120 2074 2120 2989 2120 2989 2120 2074 2120 2076 2120 2989 3 2076 3 2990 3 2990 3 2076 3 2077 3 2990 2176 2077 2176 2991 2176 2991 2177 2077 2177 2178 2177 2991 2122 2178 2122 2992 2122 2992 2122 2178 2122 2176 2122 2992 2178 2176 2178 2993 2178 2993 2179 2176 2179 2174 2179 2993 2180 2174 2180 2994 2180 2994 2180 2174 2180 2172 2180 2994 2181 2172 2181 2995 2181 2995 2181 2172 2181 2169 2181 2995 2127 2169 2127 2996 2127 2996 2127 2169 2127 2168 2127 2996 2160 2168 2160 2997 2160 2997 2160 2168 2160 2166 2160 2997 2161 2166 2161 2998 2161 2998 2161 2166 2161 2164 2161 2998 2132 2164 2132 2999 2132 2999 2132 2164 2132 2121 2132 2999 2182 2121 2182 3000 2182 3000 2182 2121 2182 2119 2182 3000 2183 2119 2183 3001 2183 3001 2183 2119 2183 2117 2183 3001 2184 2117 2184 3002 2184 3002 2136 2117 2136 2115 2136 3002 2137 2115 2137 3003 2137 3003 2137 2115 2137 2113 2137 3003 2185 2113 2185 2974 2185 2974 2186 2113 2186 2054 2186 2974 1 2054 1 2975 1 2975 1 2054 1 2056 1 2975 2139 2056 2139 2976 2139 2976 2139 2056 2139 2057 2139 2976 2140 2057 2140 2977 2140 2977 2140 2057 2140 2059 2140 2977 2141 2059 2141 2978 2141 2978 2142 2059 2142 2061 2142 2978 2143 2061 2143 2979 2143 2979 2143 2061 2143 2063 2143 2979 2144 2063 2144 2980 2144 2980 2145 2063 2145 2066 2145 2980 2146 2066 2146 2981 2146 2981 2146 2066 2146 2068 2146 2951 2187 1988 2187 2952 2187 2952 2187 1988 2187 1987 2187 2952 2188 1987 2188 2953 2188 2953 2188 1987 2188 2443 2188 2953 2189 2443 2189 2954 2189 2954 2189 2443 2189 2442 2189 2954 2190 2442 2190 2955 2190 2955 2190 2442 2190 2441 2190 2955 2191 2441 2191 2956 2191 2956 2191 2441 2191 2440 2191 2956 2192 2440 2192 2957 2192 2957 2192 2440 2192 2439 2192 2957 2153 2439 2153 2958 2153 2958 2153 2439 2153 2438 2153 2958 2154 2438 2154 2959 2154 2959 2154 2438 2154 2437 2154 2959 3 2437 3 2960 3 2960 3 2437 3 2436 3 2960 2155 2436 2155 2961 2155 2961 2155 2436 2155 2435 2155 2961 2193 2435 2193 2962 2193 2962 2194 2435 2194 2433 2194 2962 2195 2433 2195 2963 2195 2963 2196 2433 2196 2431 2196 2963 2197 2431 2197 2964 2197 2964 2197 2431 2197 2429 2197 2964 2181 2429 2181 2965 2181 2965 2181 2429 2181 2426 2181 2965 2198 2426 2198 2966 2198 2966 2199 2426 2199 2424 2199 2966 2160 2424 2160 2967 2160 2967 2160 2424 2160 2422 2160 2967 2161 2422 2161 2968 2161 2968 2161 2422 2161 2420 2161 2968 2200 2420 2200 2969 2200 2969 2201 2420 2201 2384 2201 2969 2182 2384 2182 2970 2182 2970 2182 2384 2182 2386 2182 2970 2202 2386 2202 2971 2202 2971 2202 2386 2202 2388 2202 2971 2203 2388 2203 2972 2203 2972 2204 2388 2204 2390 2204 2972 2205 2390 2205 2973 2205 2973 2206 2390 2206 2392 2206 2973 2166 2392 2166 2944 2166 2944 2166 2392 2166 2394 2166 2944 1 2394 1 2945 1 2945 1 2394 1 2395 1 2945 2167 2395 2167 2946 2167 2946 2167 2395 2167 2396 2167 2946 2168 2396 2168 2947 2168 2947 2168 2396 2168 2397 2168 2947 2207 2397 2207 2948 2207 2948 2207 2397 2207 2398 2207 2948 2208 2398 2208 2949 2208 2949 2208 2398 2208 2399 2208 2949 2209 2399 2209 2950 2209 2950 2209 2399 2209 1989 2209 2950 2210 1989 2210 2951 2210 2951 2210 1989 2210 1988 2210 2921 2211 2046 2211 2922 2211 2922 2211 2046 2211 2048 2211 2922 2212 2048 2212 2923 2212 2923 2212 2048 2212 2050 2212 2923 2213 2050 2213 2924 2213 2924 2213 2050 2213 2052 2213 2924 2214 2052 2214 2925 2214 2925 2214 2052 2214 2114 2214 2925 2215 2114 2215 2926 2215 2926 2215 2114 2215 2116 2215 2926 2216 2116 2217 2927 2218 2927 2219 2116 2219 2118 2219 2927 2220 2118 2221 2928 2222 2928 2223 2118 2224 2120 2225 2928 2226 2120 2227 2929 2228 2929 2229 2120 2230 2122 2231 2929 3 2122 3 2930 3 2930 3 2122 3 2124 3 2930 2232 2124 2233 2931 2234 2931 2235 2124 2236 2126 2237 2931 2238 2126 2239 2932 2240 2932 2241 2126 2241 2128 2241 2932 2242 2128 2243 2933 2244 2933 2245 2128 2246 2130 2247 2933 2248 2130 2248 2934 2248 2934 2248 2130 2248 2132 2248 2934 2249 2132 2249 2935 2249 2935 2249 2132 2249 2134 2249 2935 2250 2134 2250 2936 2250 2936 2250 2134 2250 2195 2250 2936 2251 2195 2251 2937 2251 2937 2251 2195 2251 2193 2251 2937 2252 2193 2252 2938 2252 2938 2252 2193 2252 2191 2252 2938 2253 2191 2253 2939 2253 2939 2253 2191 2253 2189 2253 2939 2254 2189 2254 2940 2254 2940 2254 2189 2254 2187 2254 2940 2255 2187 2255 2941 2255 2941 2255 2187 2255 2185 2255 2941 2256 2185 2256 2942 2256 2942 2256 2185 2256 2183 2256 2942 2257 2183 2257 2943 2257 2943 2257 2183 2257 2181 2257 2943 2258 2181 2259 2914 2260 2914 2261 2181 2262 2179 2263 2914 1 2179 1 2915 1 2915 1 2179 1 2037 1 2915 2264 2037 2265 2916 2266 2916 2267 2037 2268 2036 2269 2916 2270 2036 2270 2917 2270 2917 2270 2036 2270 2038 2270 2917 2271 2038 2271 2918 2271 2918 2271 2038 2271 2040 2271 2918 2272 2040 2272 2919 2272 2919 2272 2040 2272 2042 2272 2919 2273 2042 2273 2920 2273 2920 2273 2042 2273 2044 2273 2920 2274 2044 2274 2921 2274 2921 2274 2044 2274 2046 2274 2891 2275 2190 2275 2892 2275 2892 2275 2190 2275 2192 2275 2892 2276 2192 2276 2893 2276 2893 2276 2192 2276 2194 2276 2893 2277 2194 2277 2894 2277 2894 2277 2194 2277 2136 2277 2894 2278 2136 2278 2895 2278 2895 2278 2136 2278 2137 2278 2895 2279 2137 2279 2896 2279 2896 2279 2137 2279 2139 2279 2896 2280 2139 2280 2897 2280 2897 2281 2139 2282 2141 2283 2897 2220 2141 2221 2898 2222 2898 2284 2141 2284 2143 2284 2898 2285 2143 2286 2899 2287 2899 2229 2143 2230 2145 2231 2899 3 2145 3 2900 3 2900 3 2145 3 2147 3 2900 2288 2147 2289 2901 2290 2901 2291 2147 2292 2149 2293 2901 2294 2149 2295 2902 2296 2902 2297 2149 2297 2151 2297 2902 2298 2151 2299 2903 2300 2903 2301 2151 2301 2153 2301 2903 2302 2153 2302 2904 2302 2904 2302 2153 2302 2155 2302 2904 2303 2155 2303 2905 2303 2905 2303 2155 2303 2157 2303 2905 2304 2157 2304 2906 2304 2906 2305 2157 2305 2342 2305 2906 2251 2342 2251 2907 2251 2907 2251 2342 2251 2340 2251 2907 2252 2340 2252 2908 2252 2908 2252 2340 2252 2338 2252 2908 2306 2338 2306 2909 2306 2909 2307 2338 2307 2336 2307 2909 2308 2336 2308 2910 2308 2910 2308 2336 2308 2334 2308 2910 2309 2334 2309 2911 2309 2911 2309 2334 2309 2332 2309 2911 2310 2332 2310 2912 2310 2912 2311 2332 2311 2326 2311 2912 2312 2326 2312 2913 2312 2913 2313 2326 2313 2007 2313 2913 2314 2007 2315 2884 2316 2884 2317 2007 2318 2006 2319 2884 1 2006 1 2885 1 2885 1 2006 1 2005 1 2885 2264 2005 2265 2886 2266 2886 2320 2005 2321 2180 2322 2886 2270 2180 2270 2887 2270 2887 2270 2180 2270 2182 2270 2887 2323 2182 2323 2888 2323 2888 2323 2182 2323 2184 2323 2888 2324 2184 2324 2889 2324 2889 2324 2184 2324 2186 2324 2889 2325 2186 2325 2890 2325 2890 2325 2186 2325 2188 2325 2890 2326 2188 2326 2891 2326 2891 2326 2188 2326 2190 2326 2861 2211 2337 2211 2862 2211 2862 2327 2337 2327 2339 2327 2862 2328 2339 2328 2863 2328 2863 2212 2339 2212 2341 2212 2863 2329 2341 2329 2864 2329 2864 2277 2341 2277 2159 2277 2864 2214 2159 2214 2865 2214 2865 2330 2159 2330 2160 2330 2865 2331 2160 2331 2866 2331 2866 2332 2160 2332 2351 2332 2866 2333 2351 2334 2867 2335 2867 2336 2351 2337 2353 2338 2867 2339 2353 2340 2868 2341 2868 2342 2353 2342 2355 2342 2868 2343 2355 2344 2869 2345 2869 2346 2355 2347 2357 2348 2869 3 2357 3 2870 3 2870 3 2357 3 2358 3 2870 2349 2358 2350 2871 2351 2871 2352 2358 2353 2360 2354 2871 2355 2360 2355 2872 2355 2872 2356 2360 2356 2362 2356 2872 2357 2362 2358 2873 2359 2873 2360 2362 2361 2364 2362 2873 2302 2364 2302 2874 2302 2874 2302 2364 2302 2411 2302 2874 2303 2411 2303 2875 2303 2875 2303 2411 2303 2409 2303 2875 2250 2409 2250 2876 2250 2876 2304 2409 2304 2407 2304 2876 2363 2407 2363 2877 2363 2877 2364 2407 2364 2406 2364 2877 2365 2406 2365 2878 2365 2878 2366 2406 2366 2405 2366 2878 2307 2405 2307 2879 2307 2879 2253 2405 2253 2404 2253 2879 2308 2404 2308 2880 2308 2880 2308 2404 2308 2403 2308 2880 2309 2403 2309 2881 2309 2881 2309 2403 2309 2402 2309 2881 2256 2402 2256 2882 2256 2882 2367 2402 2368 2401 2369 2882 2313 2401 2313 2883 2313 2883 2370 2401 2370 2400 2370 2883 2371 2400 2372 2854 2373 2854 2374 2400 2375 2330 2376 2854 1 2330 1 2855 1 2855 1 2330 1 2329 1 2855 2377 2329 2378 2856 2379 2856 2380 2329 2381 2328 2382 2856 2383 2328 2383 2857 2383 2857 2384 2328 2385 2327 2386 2857 2387 2327 2388 2858 2389 2858 2390 2327 2390 2331 2390 2858 2391 2331 2391 2859 2391 2859 2392 2331 2392 2333 2392 2859 2393 2333 2393 2860 2393 2860 2273 2333 2273 2335 2273 2860 2326 2335 2326 2861 2326 2861 2394 2335 2394 2337 2394 2831 2187 2163 2187 2832 2187 2832 2187 2163 2187 2165 2187 2832 2188 2165 2188 2833 2188 2833 2188 2165 2188 2167 2188 2833 2189 2167 2189 2834 2189 2834 2189 2167 2189 2418 2189 2834 2190 2418 2190 2835 2190 2835 2190 2418 2190 2417 2190 2835 2395 2417 2395 2836 2395 2836 2395 2417 2395 2416 2395 2836 2396 2416 2396 2837 2396 2837 2396 2416 2396 1986 2396 2837 2153 1986 2153 2838 2153 2838 2153 1986 2153 1985 2153 2838 2154 1985 2154 2839 2154 2839 2154 1985 2154 1984 2154 2839 3 1984 3 2840 3 2840 3 1984 3 2415 3 2840 2155 2415 2155 2841 2155 2841 2155 2415 2155 2414 2155 2841 2156 2414 2156 2842 2156 2842 2156 2414 2156 2413 2156 2842 2397 2413 2397 2843 2397 2843 2397 2413 2397 2412 2397 2843 2398 2412 2398 2844 2398 2844 2398 2412 2398 2350 2398 2844 2181 2350 2181 2845 2181 2845 2181 2350 2181 2349 2181 2845 2399 2349 2399 2846 2399 2846 2399 2349 2399 2348 2399 2846 2160 2348 2160 2847 2160 2847 2160 2348 2160 2346 2160 2847 2161 2346 2161 2848 2161 2848 2161 2346 2161 2344 2161 2848 2400 2344 2400 2849 2400 2849 2400 2344 2400 2146 2400 2849 2182 2146 2182 2850 2182 2850 2182 2146 2182 2144 2182 2850 2202 2144 2202 2851 2202 2851 2202 2144 2202 2142 2202 2851 2401 2142 2401 2852 2401 2852 2401 2142 2401 2140 2401 2852 2165 2140 2165 2853 2165 2853 2165 2140 2165 2138 2165 2853 2166 2138 2166 2824 2166 2824 2166 2138 2166 2135 2166 2824 1 2135 1 2825 1 2825 1 2135 1 2133 1 2825 2167 2133 2167 2826 2167 2826 2167 2133 2167 2131 2167 2826 2168 2131 2168 2827 2168 2827 2168 2131 2168 2129 2168 2827 2207 2129 2207 2828 2207 2828 2207 2129 2207 2127 2207 2828 2208 2127 2208 2829 2208 2829 2208 2127 2208 2125 2208 2829 2209 2125 2209 2830 2209 2830 2209 2125 2209 2123 2209 2830 2210 2123 2210 2831 2210 2831 2210 2123 2210 2163 2210 2801 2402 2300 2402 2802 2402 2802 2403 2300 2403 2302 2403 2802 2404 2302 2404 2803 2404 2803 2405 2302 2405 2304 2405 2803 2406 2304 2406 2804 2406 2804 2407 2304 2407 2306 2407 2804 2408 2306 2408 2805 2408 2805 2409 2306 2409 2480 2409 2805 2410 2480 2410 2806 2410 2806 2411 2480 2411 2482 2411 2806 2412 2482 2412 2807 2412 2807 2412 2482 2412 2484 2412 2807 2119 2484 2119 2808 2119 2808 2413 2484 2413 2486 2413 2808 2120 2486 2120 2809 2120 2809 2414 2486 2414 2463 2414 2809 3 2463 3 2810 3 2810 3 2463 3 2462 3 2810 2415 2462 2415 2811 2415 2811 2121 2462 2121 2460 2121 2811 2193 2460 2193 2812 2193 2812 2122 2460 2122 2458 2122 2812 2416 2458 2416 2813 2416 2813 2416 2458 2416 2456 2416 2813 2417 2456 2417 2814 2417 2814 2398 2456 2398 2453 2398 2814 2418 2453 2418 2815 2418 2815 2419 2453 2419 2451 2419 2815 2420 2451 2420 2816 2420 2816 2420 2451 2420 2449 2420 2816 2421 2449 2421 2817 2421 2817 2422 2449 2422 2447 2422 2817 2423 2447 2423 2818 2423 2818 2424 2447 2424 2465 2424 2818 2425 2465 2425 2819 2425 2819 2425 2465 2425 2467 2425 2819 2426 2467 2426 2820 2426 2820 2427 2467 2427 2469 2427 2820 2428 2469 2428 2821 2428 2821 2429 2469 2429 2472 2429 2821 2430 2472 2430 2822 2430 2822 2430 2472 2430 2474 2430 2822 2431 2474 2431 2823 2431 2823 2432 2474 2432 2476 2432 2823 2138 2476 2138 2794 2138 2794 2433 2476 2433 2478 2433 2794 1 2478 1 2795 1 2795 1 2478 1 2427 1 2795 2434 2427 2434 2796 2434 2796 2139 2427 2139 2428 2139 2796 2435 2428 2435 2797 2435 2797 2436 2428 2436 2430 2436 2797 2437 2430 2437 2798 2437 2798 2437 2430 2437 2432 2437 2798 2438 2432 2438 2799 2438 2799 2439 2432 2439 2434 2439 2799 2440 2434 2440 2800 2440 2800 2441 2434 2441 2301 2441 2800 2442 2301 2442 2801 2442 2801 2443 2301 2443 2300 2443 2771 2444 2274 2444 2772 2444 2772 2444 2274 2444 2276 2444 2772 2188 2276 2188 2773 2188 2773 2188 2276 2188 2278 2188 2773 2445 2278 2445 2774 2445 2774 2445 2278 2445 2280 2445 2774 2446 2280 2446 2775 2446 2775 2446 2280 2446 2282 2446 2775 2395 2282 2395 2776 2395 2776 2395 2282 2395 2284 2395 2776 2396 2284 2396 2777 2396 2777 2396 2284 2396 2286 2396 2777 2447 2286 2447 2778 2447 2778 2447 2286 2447 2288 2447 2778 2154 2288 2154 2779 2154 2779 2154 2288 2154 2290 2154 2779 3 2290 3 2780 3 2780 3 2290 3 2505 3 2780 2155 2505 2155 2781 2155 2781 2155 2505 2155 2504 2155 2781 2448 2504 2448 2782 2448 2782 2449 2504 2449 2502 2449 2782 2450 2502 2450 2783 2450 2783 2451 2502 2451 2500 2451 2783 2398 2500 2398 2784 2398 2784 2398 2500 2398 2498 2398 2784 2452 2498 2452 2785 2452 2785 2452 2498 2452 2496 2452 2785 2453 2496 2453 2786 2453 2786 2454 2496 2454 2494 2454 2786 2160 2494 2160 2787 2160 2787 2160 2494 2160 2492 2160 2787 2455 2492 2455 2788 2455 2788 2455 2492 2455 2490 2455 2788 2456 2490 2456 2789 2456 2789 2457 2490 2457 2487 2457 2789 2182 2487 2182 2790 2182 2790 2182 2487 2182 2485 2182 2790 2202 2485 2202 2791 2202 2791 2202 2485 2202 2483 2202 2791 2458 2483 2458 2792 2458 2792 2459 2483 2459 2481 2459 2792 2460 2481 2460 2793 2460 2793 2461 2481 2461 2479 2461 2793 2166 2479 2166 2764 2166 2764 2166 2479 2166 2308 2166 2764 1 2308 1 2765 1 2765 1 2308 1 2309 1 2765 2167 2309 2167 2766 2167 2766 2167 2309 2167 2311 2167 2766 2462 2311 2462 2767 2462 2767 2462 2311 2462 2313 2462 2767 2463 2313 2463 2768 2463 2768 2463 2313 2463 2315 2463 2768 2208 2315 2208 2769 2208 2769 2208 2315 2208 2317 2208 2769 2209 2317 2209 2770 2209 2770 2209 2317 2209 2273 2209 2770 2464 2273 2464 2771 2464 2771 2464 2273 2464 2274 2464 2741 2465 2102 2465 2742 2465 2742 2466 2102 2466 2104 2466 2742 2467 2104 2467 2743 2467 2743 2468 2104 2468 2245 2468 2743 2469 2245 2469 2744 2469 2744 2469 2245 2469 2243 2469 2744 2470 2243 2470 2745 2470 2745 2409 2243 2409 2240 2409 2745 2173 2240 2173 2746 2173 2746 2173 2240 2173 2238 2173 2746 2471 2238 2471 2747 2471 2747 2472 2238 2472 2236 2472 2747 2119 2236 2119 2748 2119 2748 2119 2236 2119 2234 2119 2748 2120 2234 2120 2749 2120 2749 2120 2234 2120 2233 2120 2749 3 2233 3 2750 3 2750 3 2233 3 2230 3 2750 2176 2230 2176 2751 2176 2751 2177 2230 2177 2228 2177 2751 2122 2228 2122 2752 2122 2752 2122 2228 2122 2226 2122 2752 2473 2226 2473 2753 2473 2753 2474 2226 2474 2224 2474 2753 2180 2224 2180 2754 2180 2754 2180 2224 2180 2222 2180 2754 2418 2222 2418 2755 2418 2755 2418 2222 2418 2219 2418 2755 2420 2219 2420 2756 2420 2756 2420 2219 2420 2217 2420 2756 2475 2217 2475 2757 2475 2757 2475 2217 2475 2215 2475 2757 2476 2215 2476 2758 2476 2758 2476 2215 2476 2211 2476 2758 2425 2211 2425 2759 2425 2759 2425 2211 2425 2204 2425 2759 2427 2204 2427 2760 2427 2760 2427 2204 2427 2202 2427 2760 2477 2202 2477 2761 2477 2761 2477 2202 2477 2200 2477 2761 2478 2200 2478 2762 2478 2762 2479 2200 2479 2198 2479 2762 2431 2198 2431 2763 2431 2763 2431 2198 2431 2196 2431 2763 2185 2196 2185 2734 2185 2734 2186 2196 2186 2088 2186 2734 1 2088 1 2735 1 2735 1 2088 1 2090 1 2735 2139 2090 2139 2736 2139 2736 2139 2090 2139 2091 2139 2736 2436 2091 2436 2737 2436 2737 2436 2091 2436 2093 2436 2737 2480 2093 2480 2738 2480 2738 2481 2093 2481 2095 2481 2738 2482 2095 2482 2739 2482 2739 2482 2095 2482 2097 2482 2739 2440 2097 2440 2740 2440 2740 2483 2097 2483 2100 2483 2740 2484 2100 2484 2741 2484 2741 2484 2100 2484 2102 2484 2711 2147 2247 2147 2712 2147 2712 2147 2247 2147 2249 2147 2712 2485 2249 2485 2713 2485 2713 2485 2249 2485 2251 2485 2713 2486 2251 2486 2714 2486 2714 2486 2251 2486 2253 2486 2714 2487 2253 2487 2715 2487 2715 2487 2253 2487 2255 2487 2715 2488 2255 2488 2716 2488 2716 2488 2255 2488 2257 2488 2716 2489 2257 2489 2717 2489 2717 2489 2257 2489 2259 2489 2717 2447 2259 2447 2718 2447 2718 2447 2259 2447 1998 2447 2718 2490 1998 2490 2719 2490 2719 2490 1998 2490 1997 2490 2719 3 1997 3 2720 3 2720 3 1997 3 1996 3 2720 2491 1996 2491 2721 2491 2721 2491 1996 2491 2289 2491 2721 2492 2289 2492 2722 2492 2722 2492 2289 2492 2287 2492 2722 2416 2287 2416 2723 2416 2723 2416 2287 2416 2285 2416 2723 2493 2285 2493 2724 2493 2724 2493 2285 2493 2283 2493 2724 2494 2283 2494 2725 2494 2725 2494 2283 2494 2281 2494 2725 2495 2281 2495 2726 2495 2726 2495 2281 2495 2279 2495 2726 2496 2279 2496 2727 2496 2727 2496 2279 2496 2277 2496 2727 2161 2277 2161 2728 2161 2728 2161 2277 2161 2275 2161 2728 2132 2275 2132 2729 2132 2729 2132 2275 2132 2272 2132 2729 2497 2272 2497 2730 2497 2730 2497 2272 2497 2270 2497 2730 2163 2270 2163 2731 2163 2731 2163 2270 2163 2268 2163 2731 2164 2268 2164 2732 2164 2732 2164 2268 2164 2266 2164 2732 2498 2266 2498 2733 2498 2733 2498 2266 2498 2264 2498 2733 2499 2264 2499 2704 2499 2704 2499 2264 2499 2262 2499 2704 1 2262 1 2705 1 2705 1 2262 1 2220 1 2705 2500 2220 2500 2706 2500 2706 2500 2220 2500 2221 2500 2706 2501 2221 2501 2707 2501 2707 2501 2221 2501 2223 2501 2707 2169 2223 2169 2708 2169 2708 2169 2223 2169 2225 2169 2708 2170 2225 2170 2709 2170 2709 2170 2225 2170 2227 2170 2709 2502 2227 2502 2710 2502 2710 2502 2227 2502 2229 2502 2710 2172 2229 2172 2711 2172 2711 2172 2229 2172 2247 2172 2681 2503 2112 2503 2682 2503 2682 2504 2112 2504 2507 2504 2682 2505 2507 2505 2683 2505 2683 2506 2507 2506 2506 2506 2683 2469 2506 2469 2684 2469 2684 2469 2506 2469 2514 2469 2684 2507 2514 2507 2685 2507 2685 2508 2514 2508 2513 2508 2685 2173 2513 2173 2686 2173 2686 2173 2513 2173 2512 2173 2686 2471 2512 2471 2687 2471 2687 2472 2512 2472 2511 2472 2687 2509 2511 2509 2688 2509 2688 2509 2511 2509 2510 2509 2688 2510 2510 2510 2689 2510 2689 2510 2510 2510 2509 2510 2689 3 2509 3 2690 3 2690 3 2509 3 2508 3 2690 2511 2508 2511 2691 2511 2691 2511 2508 2511 2260 2511 2691 2512 2260 2512 2692 2512 2692 2512 2260 2512 2258 2512 2692 2473 2258 2473 2693 2473 2693 2473 2258 2473 2256 2473 2693 2513 2256 2513 2694 2513 2694 2513 2256 2513 2254 2513 2694 2514 2254 2514 2695 2514 2695 2515 2254 2515 2252 2515 2695 2420 2252 2420 2696 2420 2696 2420 2252 2420 2250 2420 2696 2516 2250 2516 2697 2516 2697 2517 2250 2517 2248 2517 2697 2518 2248 2518 2698 2518 2698 2519 2248 2519 2261 2519 2698 2425 2261 2425 2699 2425 2699 2425 2261 2425 2231 2425 2699 2520 2231 2520 2700 2520 2700 2521 2231 2521 2232 2521 2700 2135 2232 2135 2701 2135 2701 2135 2232 2135 2235 2135 2701 2522 2235 2522 2702 2522 2702 2522 2235 2522 2237 2522 2702 2523 2237 2523 2703 2523 2703 2523 2237 2523 2239 2523 2703 2524 2239 2524 2674 2524 2674 2524 2239 2524 2241 2524 2674 1 2241 1 2675 1 2675 1 2241 1 2242 1 2675 2525 2242 2525 2676 2525 2676 2525 2242 2525 2244 2525 2676 2526 2244 2526 2677 2526 2677 2526 2244 2526 2246 2526 2677 2527 2246 2527 2678 2527 2678 2528 2246 2528 2106 2528 2678 2143 2106 2143 2679 2143 2679 2143 2106 2143 2107 2143 2679 2529 2107 2529 2680 2529 2680 2530 2107 2530 2109 2530 2680 2484 2109 2484 2681 2484 2681 2484 2109 2484 2112 2484 2651 2531 2212 2531 2652 2531 2652 2531 2212 2531 2214 2531 2652 2532 2214 2532 2653 2532 2653 2532 2214 2532 2216 2532 2653 2407 2216 2407 2654 2407 2654 2407 2216 2407 2218 2407 2654 2533 2218 2533 2655 2533 2655 2533 2218 2533 2263 2533 2655 2395 2263 2395 2656 2395 2656 2395 2263 2395 2265 2395 2656 2534 2265 2534 2657 2534 2657 2534 2265 2534 2267 2534 2657 2153 2267 2153 2658 2153 2658 2153 2267 2153 2269 2153 2658 2154 2269 2154 2659 2154 2659 2154 2269 2154 2271 2154 2659 3 2271 3 2660 3 2660 3 2271 3 2318 3 2660 2155 2318 2155 2661 2155 2661 2155 2318 2155 2316 2155 2661 2156 2316 2156 2662 2156 2662 2156 2316 2156 2314 2156 2662 2535 2314 2535 2663 2535 2663 2535 2314 2535 2312 2535 2663 2398 2312 2398 2664 2398 2664 2398 2312 2398 2310 2398 2664 2418 2310 2418 2665 2418 2665 2418 2310 2418 2307 2418 2665 2536 2307 2536 2666 2536 2666 2536 2307 2536 2305 2536 2666 2475 2305 2475 2667 2475 2667 2475 2305 2475 2303 2475 2667 2476 2303 2476 2668 2476 2668 2476 2303 2476 2299 2476 2668 2537 2299 2537 2669 2537 2669 2537 2299 2537 2298 2537 2669 2427 2298 2427 2670 2427 2670 2427 2298 2427 2297 2427 2670 2428 2297 2428 2671 2428 2671 2428 2297 2428 2296 2428 2671 2538 2296 2538 2672 2538 2672 2538 2296 2538 1992 2538 2672 2539 1992 2539 2673 2539 2673 2539 1992 2539 1991 2539 2673 2166 1991 2166 2644 2166 2644 2166 1991 2166 1990 2166 2644 1 1990 1 2645 1 2645 1 1990 1 2295 1 2645 2167 2295 2167 2646 2167 2646 2167 2295 2167 2294 2167 2646 2540 2294 2540 2647 2540 2647 2540 2294 2540 2293 2540 2647 2463 2293 2463 2648 2463 2648 2463 2293 2463 2292 2463 2648 2541 2292 2541 2649 2541 2649 2541 2292 2541 2291 2541 2649 2542 2291 2542 2650 2542 2650 2542 2291 2542 2213 2542 2650 2442 2213 2442 2651 2442 2651 2442 2213 2442 2212 2442 2621 2147 2419 2147 2622 2147 2622 2110 2419 2110 2421 2110 2622 2111 2421 2111 2623 2111 2623 2148 2421 2148 2423 2148 2623 2543 2423 2543 2624 2543 2624 2189 2423 2189 2425 2189 2624 2150 2425 2150 2625 2150 2625 2115 2425 2115 2477 2115 2625 2544 2477 2544 2626 2544 2626 2545 2477 2545 2475 2545 2626 2546 2475 2546 2627 2546 2627 2546 2475 2546 2473 2546 2627 2119 2473 2119 2628 2119 2628 2547 2473 2547 2471 2547 2628 2414 2471 2414 2629 2414 2629 2120 2471 2120 2470 2120 2629 3 2470 3 2630 3 2630 3 2470 3 2468 3 2630 2177 2468 2177 2631 2177 2631 2121 2468 2121 2466 2121 2631 2122 2466 2122 2632 2122 2632 2193 2466 2193 2464 2193 2632 2196 2464 2196 2633 2196 2633 2157 2464 2157 2445 2157 2633 2197 2445 2197 2634 2197 2634 2197 2445 2197 2004 2197 2634 2181 2004 2181 2635 2181 2635 2181 2004 2181 2003 2181 2635 2127 2003 2127 2636 2127 2636 2198 2003 2198 2000 2198 2636 2128 2000 2128 2637 2128 2637 2129 2000 2129 1999 2129 2637 2130 1999 2130 2638 2130 2638 2131 1999 2131 2408 2131 2638 2201 2408 2201 2639 2201 2639 2132 2408 2132 2410 2132 2639 2182 2410 2182 2640 2182 2640 2182 2410 2182 2366 2182 2640 2202 2366 2202 2641 2202 2641 2202 2366 2202 2365 2202 2641 2164 2365 2164 2642 2164 2642 2203 2365 2203 2367 2203 2642 2206 2367 2206 2643 2206 2643 2137 2367 2137 2369 2137 2643 2138 2369 2138 2614 2138 2614 2185 2369 2185 2371 2185 2614 1 2371 1 2615 1 2615 1 2371 1 2373 1 2615 2139 2373 2139 2616 2139 2616 2434 2373 2434 2374 2434 2616 2548 2374 2548 2617 2548 2617 2140 2374 2140 2376 2140 2617 2549 2376 2549 2618 2549 2618 2549 2376 2549 2378 2549 2618 2550 2378 2550 2619 2550 2619 2551 2378 2551 2380 2551 2619 2144 2380 2144 2620 2144 2620 2171 2380 2171 2385 2171 2620 2210 2385 2210 2621 2210 2621 2552 2385 2552 2419 2552 2591 2553 2343 2553 2592 2553 2592 2147 2343 2147 2345 2147 2592 2148 2345 2148 2593 2148 2593 2554 2345 2554 2347 2554 2593 2543 2347 2543 2594 2543 2594 2189 2347 2189 2393 2189 2594 2150 2393 2150 2595 2150 2595 2115 2393 2115 2391 2115 2595 2410 2391 2410 2596 2410 2596 2411 2391 2411 2389 2411 2596 2555 2389 2555 2597 2555 2597 2555 2389 2555 2387 2555 2597 2119 2387 2119 2598 2119 2598 2413 2387 2413 2383 2413 2598 2120 2383 2120 2599 2120 2599 2414 2383 2414 2382 2414 2599 3 2382 3 2600 3 2600 3 2382 3 2381 3 2600 2415 2381 2415 2601 2415 2601 2121 2381 2121 2379 2121 2601 2193 2379 2193 2602 2193 2602 2122 2379 2122 2377 2122 2602 2556 2377 2556 2603 2556 2603 2556 2377 2556 2375 2556 2603 2417 2375 2417 2604 2417 2604 2398 2375 2398 2372 2398 2604 2181 2372 2181 2605 2181 2605 2125 2372 2125 2370 2125 2605 2127 2370 2127 2606 2127 2606 2127 2370 2127 2368 2127 2606 2128 2368 2128 2607 2128 2607 2129 2368 2129 2363 2129 2607 2130 2363 2130 2608 2130 2608 2131 2363 2131 2361 2131 2608 2132 2361 2132 2609 2132 2609 2132 2361 2132 2359 2132 2609 2134 2359 2134 2610 2134 2610 2182 2359 2182 2356 2182 2610 2202 2356 2202 2611 2202 2611 2557 2356 2557 2354 2557 2611 2164 2354 2164 2612 2164 2612 2164 2354 2164 2352 2164 2612 2137 2352 2137 2613 2137 2613 2206 2352 2206 2162 2206 2613 2138 2162 2138 2584 2138 2584 2433 2162 2433 2161 2433 2584 1 2161 1 2585 1 2585 1 2161 1 2158 1 2585 2434 2158 2434 2586 2434 2586 2139 2158 2139 2156 2139 2586 2558 2156 2558 2587 2558 2587 2140 2156 2140 2154 2140 2587 2549 2154 2549 2588 2549 2588 2549 2154 2549 2152 2549 2588 2550 2152 2550 2589 2550 2589 2551 2152 2551 2150 2551 2589 2144 2150 2144 2590 2144 2590 2171 2150 2171 2148 2171 2590 2210 2148 2210 2591 2210 2591 2552 2148 2552 2343 2552 2561 2559 2027 2559 2562 2559 2562 2327 2027 2327 2026 2327 2562 2328 2026 2328 2563 2328 2563 2560 2026 2560 2010 2560 2563 2561 2010 2561 2564 2561 2564 2561 2010 2561 2011 2561 2564 2562 2011 2562 2565 2562 2565 2330 2011 2330 2013 2330 2565 2563 2013 2563 2566 2563 2566 2563 2013 2563 2015 2563 2566 2564 2015 2564 2567 2564 2567 2565 2015 2565 2069 2565 2567 2566 2069 2567 2568 2568 2568 2569 2069 2570 2067 2571 2568 2572 2067 2573 2569 2574 2569 2346 2067 2347 2065 2348 2569 3 2065 3 2570 3 2570 3 2065 3 2064 3 2570 2575 2064 2576 2571 2577 2571 2352 2064 2353 2062 2354 2571 2578 2062 2579 2572 2580 2572 2581 2062 2582 2060 2583 2572 2584 2060 2584 2573 2584 2573 2585 2060 2586 2058 2587 2573 2588 2058 2588 2574 2588 2574 2588 2058 2588 2055 2588 2574 2589 2055 2589 2575 2589 2575 2590 2055 2590 2053 2590 2575 2250 2053 2250 2576 2250 2576 2250 2053 2250 2051 2250 2576 2363 2051 2363 2577 2363 2577 2364 2051 2364 2049 2364 2577 2365 2049 2365 2578 2365 2578 2366 2049 2366 2047 2366 2578 2253 2047 2253 2579 2253 2579 2253 2047 2253 2045 2253 2579 2591 2045 2591 2580 2591 2580 2592 2045 2592 2043 2592 2580 2593 2043 2593 2581 2593 2581 2593 2043 2593 2041 2593 2581 2594 2041 2594 2582 2594 2582 2594 2041 2594 2039 2594 2582 2370 2039 2370 2583 2370 2583 2370 2039 2370 2035 2370 2583 2595 2035 2596 2554 2597 2554 2598 2035 2599 2034 2600 2554 1 2034 1 2555 1 2555 1 2034 1 2033 1 2555 2601 2033 2602 2556 2603 2556 2604 2033 2605 2032 2606 2556 2607 2032 2607 2557 2607 2557 2607 2032 2607 2031 2607 2557 2608 2031 2608 2558 2608 2558 2609 2031 2609 2030 2609 2558 2610 2030 2610 2559 2610 2559 2610 2030 2610 2029 2610 2559 2393 2029 2393 2560 2393 2560 2611 2029 2611 2028 2611 2560 2612 2028 2612 2561 2612 2561 2612 2028 2612 2027 2612 2531 2403 2489 2403 2532 2403 2532 2466 2489 2466 2491 2466 2532 2467 2491 2467 2533 2467 2533 2404 2491 2404 2493 2404 2533 2613 2493 2613 2534 2613 2534 2445 2493 2445 2495 2445 2534 2614 2495 2614 2535 2614 2535 2615 2495 2615 2497 2615 2535 2616 2497 2616 2536 2616 2536 2617 2497 2617 2499 2617 2536 2546 2499 2546 2537 2546 2537 2546 2499 2546 2501 2546 2537 2119 2501 2119 2538 2119 2538 2547 2501 2547 2503 2547 2538 2618 2503 2618 2539 2618 2539 2619 2503 2619 2523 2619 2539 3 2523 3 2540 3 2540 3 2523 3 2522 3 2540 2620 2522 2620 2541 2620 2541 2621 2522 2621 2521 2621 2541 2122 2521 2122 2542 2122 2542 2193 2521 2193 2520 2193 2542 2196 2520 2196 2543 2196 2543 2157 2520 2157 2519 2157 2543 2622 2519 2622 2544 2622 2544 2622 2519 2622 2518 2622 2544 2623 2518 2623 2545 2623 2545 2623 2518 2623 2517 2623 2545 2495 2517 2495 2546 2495 2546 2453 2517 2453 2516 2453 2546 2421 2516 2421 2547 2421 2547 2422 2516 2422 2515 2422 2547 2423 2515 2423 2548 2423 2548 2424 2515 2424 2001 2424 2548 2624 2001 2624 2549 2624 2549 2425 2001 2425 2002 2425 2549 2427 2002 2427 2550 2427 2550 2427 2002 2427 2444 2427 2550 2428 2444 2428 2551 2428 2551 2428 2444 2428 2446 2428 2551 2164 2446 2164 2552 2164 2552 2203 2446 2203 2448 2203 2552 2461 2448 2461 2553 2461 2553 2625 2448 2625 2450 2625 2553 2138 2450 2138 2524 2138 2524 2185 2450 2185 2452 2185 2524 1 2452 1 2525 1 2525 1 2452 1 2454 1 2525 2139 2454 2139 2526 2139 2526 2434 2454 2434 2455 2434 2526 2626 2455 2626 2527 2626 2527 2627 2455 2627 2457 2627 2527 2549 2457 2549 2528 2549 2528 2549 2457 2549 2459 2549 2528 2438 2459 2438 2529 2438 2529 2439 2459 2439 2461 2439 2529 2440 2461 2440 2530 2440 2530 2441 2461 2441 2488 2441 2530 2442 2488 2442 2531 2442 2531 2443 2488 2443 2489 2443 300 1400 302 1400 298 1400 298 1400 302 1400 354 1400 354 1400 302 1400 304 1400 354 1400 304 1400 352 1400 352 1400 304 1400 306 1400 352 1400 306 1400 350 1400 350 1400 306 1400 308 1400 350 1400 308 1400 348 1400 348 1400 308 1400 310 1400 348 1400 310 1400 346 1400 346 1400 310 1400 312 1400 346 1400 312 1400 344 1400 344 1400 312 1400 314 1400 344 1400 314 1400 342 1400 342 1400 314 1400 316 1400 342 1400 316 1400 340 1400 340 1400 316 1400 318 1400 340 1400 318 1400 338 1400 338 1400 318 1400 320 1400 338 1400 320 1400 336 1400 336 1400 320 1400 322 1400 336 1400 322 1400 334 1400 334 1400 322 1400 324 1400 334 1400 324 1400 332 1400 332 1400 324 1400 326 1400 332 1400 326 1400 330 1400 330 1400 326 1400 328 1400 68 1400 70 1400 66 1400 66 1400 70 1400 122 1400 122 1400 70 1400 72 1400 122 1400 72 1400 120 1400 120 1400 72 1400 74 1400 120 1400 74 1400 118 1400 118 1400 74 1400 76 1400 118 1400 76 1400 116 1400 116 1400 76 1400 78 1400 116 1400 78 1400 114 1400 114 1400 78 1400 80 1400 114 1400 80 1400 112 1400 112 1400 80 1400 82 1400 112 1400 82 1400 110 1400 110 1400 82 1400 84 1400 110 1400 84 1400 108 1400 108 1400 84 1400 86 1400 108 1400 86 1400 106 1400 106 1400 86 1400 88 1400 106 1400 88 1400 104 1400 104 1400 88 1400 90 1400 104 1400 90 1400 102 1400 102 1400 90 1400 92 1400 102 1400 92 1400 100 1400 100 1400 92 1400 94 1400 100 1400 94 1400 98 1400 98 1400 94 1400 96 1400 242 1400 244 1400 240 1400 240 1400 244 1400 296 1400 296 1400 244 1400 246 1400 296 1400 246 1400 294 1400 294 1400 246 1400 248 1400 294 1400 248 1400 292 1400 292 1400 248 1400 250 1400 292 1400 250 1400 290 1400 290 1400 250 1400 252 1400 290 1400 252 1400 288 1400 288 1400 252 1400 254 1400 288 1400 254 1400 286 1400 286 1400 254 1400 256 1400 286 1400 256 1400 284 1400 284 1400 256 1400 258 1400 284 1400 258 1400 282 1400 282 1400 258 1400 260 1400 282 1400 260 1400 280 1400 280 1400 260 1400 262 1400 280 1400 262 1400 278 1400 278 1400 262 1400 264 1400 278 1400 264 1400 276 1400 276 1400 264 1400 266 1400 276 1400 266 1400 274 1400 274 1400 266 1400 268 1400 274 1400 268 1400 272 1400 272 1400 268 1400 270 1400 184 1400 186 1400 182 1400 182 1400 186 1400 238 1400 238 1400 186 1400 188 1400 238 1400 188 1400 236 1400 236 1400 188 1400 190 1400 236 1400 190 1400 234 1400 234 1400 190 1400 192 1400 234 1400 192 1400 232 1400 232 1400 192 1400 194 1400 232 1400 194 1400 230 1400 230 1400 194 1400 196 1400 230 1400 196 1400 228 1400 228 1400 196 1400 198 1400 228 1400 198 1400 226 1400 226 1400 198 1400 200 1400 226 1400 200 1400 224 1400 224 1400 200 1400 202 1400 224 1400 202 1400 222 1400 222 1400 202 1400 204 1400 222 1400 204 1400 220 1400 220 1400 204 1400 206 1400 220 1400 206 1400 218 1400 218 1400 206 1400 208 1400 218 1400 208 1400 216 1400 216 1400 208 1400 210 1400 216 1400 210 1400 214 1400 214 1400 210 1400 212 1400 10 1400 12 1400 8 1400 8 1400 12 1400 64 1400 64 1400 12 1400 14 1400 64 1400 14 1400 62 1400 62 1400 14 1400 16 1400 62 1400 16 1400 60 1400 60 1400 16 1400 18 1400 60 1400 18 1400 58 1400 58 1400 18 1400 20 1400 58 1400 20 1400 56 1400 56 1400 20 1400 22 1400 56 1400 22 1400 54 1400 54 1400 22 1400 24 1400 54 1400 24 1400 52 1400 52 1400 24 1400 26 1400 52 1400 26 1400 50 1400 50 1400 26 1400 28 1400 50 1400 28 1400 48 1400 48 1400 28 1400 30 1400 48 1400 30 1400 46 1400 46 1400 30 1400 32 1400 46 1400 32 1400 44 1400 44 1400 32 1400 34 1400 44 1400 34 1400 42 1400 42 1400 34 1400 36 1400 42 1400 36 1400 40 1400 40 1400 36 1400 38 1400 126 1400 128 1400 124 1400 124 1400 128 1400 180 1400 180 1400 128 1400 130 1400 180 1400 130 1400 178 1400 178 1400 130 1400 132 1400 178 1400 132 1400 176 1400 176 1400 132 1400 134 1400 176 1400 134 1400 174 1400 174 1400 134 1400 136 1400 174 1400 136 1400 172 1400 172 1400 136 1400 138 1400 172 1400 138 1400 170 1400 170 1400 138 1400 140 1400 170 1400 140 1400 168 1400 168 1400 140 1400 142 1400 168 1400 142 1400 166 1400 166 1400 142 1400 144 1400 166 1400 144 1400 164 1400 164 1400 144 1400 146 1400 164 1400 146 1400 162 1400 162 1400 146 1400 148 1400 162 1400 148 1400 160 1400 160 1400 148 1400 150 1400 160 1400 150 1400 158 1400 158 1400 150 1400 152 1400 158 1400 152 1400 156 1400 156 1400 152 1400 154 1400</p>
        </triangles>
      </mesh>
    </geometry>
  </library_geometries>
  <library_visual_scenes>
    <visual_scene id="Scene" name="Scene">
      <node id="node" name="node" type="NODE">
        <matrix sid="transform">0.001 0 0 -7.45058e-9 0 -4.37114e-11 0.001 0 0 -0.001 -4.37114e-11 0 0 0 0 1</matrix>
        <instance_geometry url="#shape0_004-mesh" name="node">
          <bind_material>
            <technique_common>
              <instance_material symbol="Material_002-material" target="#Material_002-material"/>
            </technique_common>
          </bind_material>
        </instance_geometry>
      </node>
    </visual_scene>
  </library_visual_scenes>
  <scene>
    <instance_visual_scene url="#Scene"/>
  </scene>
</COLLADA>