<?xml version="1.0" encoding="utf-8"?>
<COLLADA xmlns="http://www.collada.org/2005/11/COLLADASchema" version="1.4.1" xmlns:xsi="http://www.w3.org/2001/XMLSchema-instance">
  <asset>
    <contributor>
      <author>Blender User</author>
      <authoring_tool>Blender 4.0.2 commit date:2023-12-05, commit time:07:41, hash:9be62e85b727</authoring_tool>
    </contributor>
    <created>2024-02-21T11:02:15</created>
    <modified>2024-02-21T11:02:15</modified>
    <unit name="meter" meter="1"/>
    <up_axis>Z_UP</up_axis>
  </asset>
  <library_effects>
    <effect id="Material_010-effect">
      <profile_COMMON>
        <technique sid="common">
          <lambert>
            <emission>
              <color sid="emission">0 0 0 1</color>
            </emission>
            <diffuse>
              <color sid="diffuse">0.3 0.3 0.3 1</color>
            </diffuse>
            <reflectivity>
              <float sid="specular">1</float>
            </reflectivity>
            <index_of_refraction>
              <float sid="ior">1.45</float>
            </index_of_refraction>
          </lambert>
        </technique>
      </profile_COMMON>
    </effect>
  </library_effects>
  <library_images/>
  <library_materials>
    <material id="Material_010-material" name="Material.010">
      <instance_effect url="#Material_010-effect"/>
    </material>
  </library_materials>
  <library_geometries>
    <geometry id="shape0_021-mesh" name="shape0.021">
      <mesh>
        <source id="shape0_021-mesh-positions">
          <float_array id="shape0_021-mesh-positions-array" count="29739">-0.02369338 -0.04402977 0.002999961 -0.02564489 -0.04292231 0.002999961 -0.02369338 -0.04402977 0 -0.02169418 -0.04504829 0.002999961 -0.02564489 -0.04292231 0 0.04994952 0.002243161 0.002999961 0.04999995 0 0.002999961 0.04999995 0 0 -0.02169418 -0.04504829 0 -0.01965129 -0.0459764 0.002999961 -0.01965129 -0.0459764 0 0.0497986 0.004481852 0.002999961 0.04994952 0.002243161 0 -0.01756858 -0.04681164 0.002999961 -0.01545089 -0.04755276 0.002999961 -0.01756858 -0.04681164 0 0.0497986 0.004481852 0 0.04954749 0.006711602 0.002999961 0.04954749 0.006711602 0 -0.01545089 -0.04755276 0 -0.01330173 -0.0481981 0.002999961 -0.01330173 -0.0481981 0 0.04919648 0.008927822 0 -0.01112598 -0.04874628 0.002999961 0.04919648 0.008927822 0.002999961 -0.01112598 -0.04874628 0 0.04874628 0.01112598 0 0.04874628 0.01112598 0.002999961 -0.008927822 -0.04919648 0.002999961 -0.008927822 -0.04919648 0 -0.006711602 -0.04954749 0.002999961 0.0481981 0.01330173 0 0.0481981 0.01330173 0.002999961 0.04755276 0.01545089 0.002999961 -0.006711602 -0.04954749 0 0.04755276 0.01545089 0 -0.004481852 -0.0497986 0.002999961 -0.004481852 -0.0497986 0 -0.002243161 -0.04994952 0.002999961 0.04681164 0.01756858 0 0.04681164 0.01756858 0.002999961 -0.002243161 -0.04994952 0 0.0459764 0.01965129 0 0.0459764 0.01965129 0.002999961 0 -0.04999995 0 0 -0.04999995 0.002999961 0.002243161 -0.04994952 0.002999961 0.04504829 0.02169418 0 0.04504829 0.02169418 0.002999961 0.002243161 -0.04994952 0 0.004481852 -0.0497986 0.002999961 0.04402977 0.02369338 0 0.04402977 0.02369338 0.002999961 0.004481852 -0.0497986 0 0.04292231 0.02564489 0 0.04292231 0.02564489 0.002999961 0.006711602 -0.04954749 0 0.006711602 -0.04954749 0.002999961 0.008927822 -0.04919648 0.002999961 0.04172861 0.02754485 0 0.008927822 -0.04919648 0 0.04172861 0.02754485 0.002999961 0.04045075 0.02938926 0.002999961 0.01112598 -0.04874628 0 0.04045075 0.02938926 0 0.01112598 -0.04874628 0.002999961 0.01330173 -0.0481981 0.002999961 0.01330173 -0.0481981 0 0.03909152 0.03117448 0 0.03909152 0.03117448 0.002999961 0.0376535 0.03289681 0.002999961 0.01545089 -0.04755276 0 0.01545089 -0.04755276 0.002999961 0.01756858 -0.04681164 0.002999961 0.0376535 0.03289681 0 0.01756858 -0.04681164 0 0.0361396 0.03455305 0 0.0361396 0.03455305 0.002999961 0.01965129 -0.0459764 0 0.01965129 -0.0459764 0.002999961 0.02169418 -0.04504829 0.002999961 0.03455305 0.0361396 0 0.03455305 0.0361396 0.002999961 0.02169418 -0.04504829 0 0.02369338 -0.04402977 0.002999961 0.03289681 0.0376535 0.002999961 0.03289681 0.0376535 0 0.02369338 -0.04402977 0 0.03117448 0.03909152 0.002999961 0.03117448 0.03909152 0 0.02564489 -0.04292231 0 0.02938926 0.04045075 0.002999961 0.02564489 -0.04292231 0.002999961 0.02754485 -0.04172861 0.002999961 0.02754485 -0.04172861 0 0.02938926 0.04045075 0 0.02754485 0.04172861 0.002999961 0.02754485 0.04172861 0 0.02938926 -0.04045075 0 0.02938926 -0.04045075 0.002999961 0.03117448 -0.03909152 0.002999961 0.03117448 -0.03909152 0 0.02564489 0.04292231 0.002999961 0.02564489 0.04292231 0 0.03289681 -0.0376535 0.002999961 0.03289681 -0.0376535 0 0.03455305 -0.0361396 0.002999961 0.02369338 0.04402977 0.002999961 0.02369338 0.04402977 0 0.03455305 -0.0361396 0 0.02169418 0.04504829 0.002999961 0.02169418 0.04504829 0 0.01965129 0.0459764 0.002999961 0.0361396 -0.03455305 0.002999961 0.0361396 -0.03455305 0 0.0376535 -0.03289681 0.002999961 0.01965129 0.0459764 0 0.0376535 -0.03289681 0 0.03909152 -0.03117448 0.002999961 0.01756858 0.04681164 0.002999961 0.01756858 0.04681164 0 0.04045075 -0.02938926 0.002999961 0.03909152 -0.03117448 0 0.01545089 0.04755276 0.002999961 0.01545089 0.04755276 0 0.04045075 -0.02938926 0 0.04172861 -0.02754485 0.002999961 0.04172861 -0.02754485 0 0.04292231 -0.02564489 0.002999961 0.01330173 0.0481981 0.002999961 0.01330173 0.0481981 0 0.04402977 -0.02369338 0.002999961 0.04292231 -0.02564489 0 0.01112598 0.04874628 0.002999961 0.01112598 0.04874628 0 0.008927822 0.04919648 0.002999961 0.04504829 -0.02169418 0.002999961 0.04402977 -0.02369338 0 0.008927822 0.04919648 0 0.04504829 -0.02169418 0 0.0459764 -0.01965129 0.002999961 0.006711602 0.04954749 0 0.006711602 0.04954749 0.002999961 0.0459764 -0.01965129 0 0.004481852 0.0497986 0 0.04681164 -0.01756858 0 0.004481852 0.0497986 0.002999961 0.04681164 -0.01756858 0.002999961 0.04755276 -0.01545089 0.002999961 0.04755276 -0.01545089 0 0.002243161 0.04994952 0 0.002243161 0.04994952 0.002999961 0.0481981 -0.01330173 0.002999961 0.0481981 -0.01330173 0 0.04874628 -0.01112598 0.002999961 0 0.04999995 0 0 0.04999995 0.002999961 0.04874628 -0.01112598 0 -0.002243161 0.04994952 0 -0.002243161 0.04994952 0.002999961 0.04919648 -0.008927822 0 0.04919648 -0.008927822 0.002999961 0.04954749 -0.006711602 0.002999961 -0.004481852 0.0497986 0 -0.004481852 0.0497986 0.002999961 0.04954749 -0.006711602 0 0.0497986 -0.004481852 0.002999961 -0.006711602 0.04954749 0 -0.006711602 0.04954749 0.002999961 0.0497986 -0.004481852 0 -0.008927822 0.04919648 0.002999961 0.04994952 -0.002243161 0 0.04994952 -0.002243161 0.002999961 -0.008927822 0.04919648 0 -0.01112598 0.04874628 0 -0.01112598 0.04874628 0.002999961 -0.01330173 0.0481981 0 -0.01330173 0.0481981 0.002999961 -0.01545089 0.04755276 0 -0.01545089 0.04755276 0.002999961 -0.01756858 0.04681164 0 -0.01756858 0.04681164 0.002999961 -0.01965129 0.0459764 0 -0.01965129 0.0459764 0.002999961 -0.02169418 0.04504829 0 -0.02169418 0.04504829 0.002999961 -0.02369338 0.04402977 0 -0.02369338 0.04402977 0.002999961 -0.02564489 0.04292231 0 -0.02564489 0.04292231 0.002999961 -0.02754485 0.04172861 0 -0.02754485 0.04172861 0.002999961 -0.02938926 0.04045075 0.002999961 -0.02938926 0.04045075 0 -0.03117448 0.03909152 0 -0.03117448 0.03909152 0.002999961 -0.03289681 0.0376535 0 -0.03289681 0.0376535 0.002999961 -0.03455305 0.0361396 0.002999961 -0.03455305 0.0361396 0 -0.0361396 0.03455305 0.002999961 -0.0361396 0.03455305 0 -0.0376535 0.03289681 0.002999961 -0.0376535 0.03289681 0 -0.03909152 0.03117448 0 -0.03909152 0.03117448 0.002999961 -0.04045075 0.02938926 0 -0.04045075 0.02938926 0.002999961 -0.04172861 0.02754485 0 -0.04172861 0.02754485 0.002999961 -0.04292231 0.02564489 0.002999961 -0.04292231 0.02564489 0 -0.04402977 0.02369338 0 -0.04402977 0.02369338 0.002999961 -0.04504829 0.02169418 0.002999961 -0.04504829 0.02169418 0 -0.0459764 0.01965129 0.002999961 -0.0459764 0.01965129 0 -0.04681164 0.01756858 0.002999961 -0.04681164 0.01756858 0 -0.04755276 0.01545089 0.002999961 -0.04755276 0.01545089 0 -0.0481981 0.01330173 0.002999961 -0.0481981 0.01330173 0 -0.04874628 0.01112598 0.002999961 -0.04874628 0.01112598 0 -0.04919648 0.008927822 0.002999961 -0.04919648 0.008927822 0 -0.04954749 0.006711602 0.002999961 -0.04954749 0.006711602 0 -0.0497986 0.004481852 0.002999961 -0.0497986 0.004481852 0 -0.04994952 0.002243161 0.002999961 -0.04994952 0.002243161 0 -0.04999995 0 0.002999961 -0.04999995 0 0 -0.04994952 -0.002243161 0.002999961 -0.0497986 -0.004481852 0.002999961 -0.04994952 -0.002243161 0 -0.0497986 -0.004481852 0 -0.04954749 -0.006711602 0.002999961 -0.04954749 -0.006711602 0 -0.04919648 -0.008927822 0.002999961 -0.04919648 -0.008927822 0 -0.04874628 -0.01112598 0.002999961 -0.04874628 -0.01112598 0 -0.0481981 -0.01330173 0.002999961 -0.0481981 -0.01330173 0 -0.04755276 -0.01545089 0.002999961 -0.04755276 -0.01545089 0 -0.04681164 -0.01756858 0.002999961 -0.04681164 -0.01756858 0 -0.0459764 -0.01965129 0.002999961 -0.0459764 -0.01965129 0 -0.04504829 -0.02169418 0.002999961 -0.04504829 -0.02169418 0 -0.04402977 -0.02369338 0.002999961 -0.04402977 -0.02369338 0 -0.04292231 -0.02564489 0 -0.04292231 -0.02564489 0.002999961 -0.04172861 -0.02754485 0.002999961 -0.04172861 -0.02754485 0 -0.04045075 -0.02938926 0 -0.04045075 -0.02938926 0.002999961 -0.03909152 -0.03117448 0.002999961 -0.03909152 -0.03117448 0 -0.0376535 -0.03289681 0 -0.0376535 -0.03289681 0.002999961 -0.0361396 -0.03455305 0.002999961 -0.0361396 -0.03455305 0 -0.03455305 -0.0361396 0.002999961 -0.03455305 -0.0361396 0 -0.03289681 -0.0376535 0.002999961 -0.03289681 -0.0376535 0 -0.03117448 -0.03909152 0.002999961 -0.03117448 -0.03909152 0 -0.02938926 -0.04045075 0.002999961 -0.02938926 -0.04045075 0 -0.02754485 -0.04172861 0.002999961 -0.02754485 -0.04172861 0 0.0362007 0.01512718 0 0.03747195 0.01591789 0 0.04185062 0.004588365 0 -0.006731033 -0.02769362 0 -0.003594636 -0.03160369 0 -0.00409168 -0.0330159 0 -0.002994239 -0.03023225 0 -0.003389537 -0.02829766 0 -0.03440731 -0.003593266 0 -0.03208541 -0.01334846 0 -0.03350007 -0.01383882 0 -0.03290534 -0.003769636 0 0.02764916 0.006911635 0 0.02855932 0.005035758 0 0.02802038 0.005206525 0 0.02997118 0.004493415 0 -0.01661545 -0.03706336 0 -0.004999816 -0.03891438 0 -0.01695168 -0.0385378 0 0.004765093 0.03593128 0 0.01489156 0.03287786 0 0.01409173 0.03159433 0 0.03487426 0.01443278 0 0.03892832 0.003817856 0 0.004482567 0.0344612 0 0.03742939 0.003617346 0 0.03591889 0.003542423 0 -0.03322488 -0.00170356 0 -0.02844709 0.001735091 0 -0.03174769 -0.00194782 0 -0.003389537 0.02829766 0 7.79216e-4 0.0302962 0 0 0.02899998 0 -0.01925015 -0.0421974 0 0 0.02849996 0 -0.01922148 -0.04070067 0 0.04357457 0.0224108 0 0.03149658 -0.0375362 0 0.02963703 -0.03902089 0 -0.03868103 -0.01680088 0 -0.0398212 -0.01777106 0 0.03350007 0.01383882 0 0.03440731 0.003593266 0 0.01675891 0.04604482 0 0.01704788 0.04456037 0 -0.01615786 -0.03562188 0 -0.004937887 -0.03741848 0 -0.03591889 -0.003542423 0 -0.03487426 -0.01443278 0 0.04119575 -0.02653121 0 0.004937887 0.03741848 0 0.01615786 0.03562188 0 0.01558178 0.03422349 0 0.0424351 -0.02449995 0 0.02791029 -0.03828328 0 -0.02855932 0.005035758 0 -0.02802532 0.005179584 0 -0.02828866 0.003463745 0 0.03970015 -0.02646362 0 -0.03742939 -0.003617346 0 0.004999816 0.03891438 0 0.03208541 0.01334846 0 0.01695168 0.0385378 0 0.01661545 0.03706336 0 0.03290534 0.003769636 0 0.02905809 -0.036614 0 0.03142315 0.004070401 0 -0.01558178 -0.03422349 0 0.04092299 -0.02452665 0 0.03821367 -0.02628529 0 -0.01489156 -0.03287786 0 -0.004765093 -0.03593128 0 0.01721227 0.04305696 0 -0.03892832 -0.003817856 0 -0.0362007 -0.01512718 0 0.03941392 -0.02442759 0 0.004950523 0.04041063 0 0.01725107 0.04154515 0 0.01716399 0.04003518 0 0.03063839 0.0129643 0 0.02717435 0.008590817 0 -0.01409173 -0.03159433 0 -0.004482567 -0.0344612 0 0.02469885 -0.03876078 0 0.0262596 -0.03738838 0 -0.02970051 0.006028175 0 -0.01908177 -0.03921008 0 0.01675891 -0.04604482 0 -0.02718806 0.008547425 0 -0.02765798 0.00687623 0 -0.02807158 0.007278919 0 0.03674459 -0.0259971 0 0.0424351 0.02449995 0 -0.013188 -0.03038173 0 -0.04040557 -0.004142165 0 -0.01109409 -0.02820259 0 -0.00991857 -0.02725106 0 -0.009977042 0.02669656 0 -0.007731974 0.0279501 0 -0.006731033 0.02769362 0 -0.01218628 -0.02924859 0 0.01450371 -0.04680418 0 -0.007526218 0.02943319 0 0.02469915 -0.03634369 0 -0.009977042 -0.02669656 0 0.03530085 -0.02560067 0 0.004790425 0.0418992 0 0.02916693 0.01268869 0 0.02659761 0.01023775 0 -0.00991857 0.02725106 0 0.01558333 -0.04509329 0 -0.04185062 -0.004588365 0 -0.03747195 -0.01591789 0 -0.029253 0.008198559 0 -0.0266171 0.01018685 0 0.0134015 -0.04579102 0 0.03389042 -0.02509826 0 0.02767908 0.01252293 0 0.02677685 -0.03535223 0 0.04778558 -0.01084142 0 -0.03092038 0.006922245 0 -0.03471595 -0.001569569 0 -0.0432536 -0.005153059 0 -0.007431149 0.0309273 0 -0.0188319 -0.03773385 0 -0.01308137 0.02532047 0 -0.009629666 0.02873551 0 0.04635709 -0.01128941 0 0.04170227 0.02317702 0 0.0123775 -0.04469895 0 0.0408619 0.0219196 0 0.0325213 -0.02449268 0 0.0246995 -0.03377693 0 0.04825556 -0.008508741 0 -0.04460459 -0.005832612 0 0.02592128 0.01184636 0 0.0448991 -0.01163011 0 0.004520416 0.04337173 0 0.02618288 0.01246803 0 0.01769888 -0.0387597 0 0.01449108 -0.04404747 0 -0.04589456 -0.006622195 0 -0.01308137 -0.02532047 0 -0.01204293 -0.02638119 0 -0.01315379 -0.02738481 0 -0.01418703 -0.02846825 0 -0.03049933 0.009028017 0 0.0134896 -0.04291427 0 -0.02594769 0.01178842 0 0.02514761 0.0134105 0 0.0468437 -0.009051024 0 0.04342001 -0.01186186 0 -0.04711437 -0.007516205 0 -0.02511465 0.01449996 0 -0.0243225 0.0148546 0 -0.02518177 0.01334625 0 0.03120088 -0.0237872 0 0.01143729 -0.04353386 0 0.02427977 0.0149244 0 0.02511465 0.01449996 0 -0.04825556 -0.008508741 0 -0.007447063 0.03242427 0 0.001447916 0.03165262 0 0.01258569 -0.04170167 0 -0.03221029 0.007711887 0 -0.01599997 -0.02358496 0 0.04539173 -0.009474039 0 0.04192787 -0.01198309 0 -0.01513701 -0.02962535 0 0.02332085 0.01638245 0 0.02662688 0.01447319 0 -0.03149658 -0.0375362 0 0.02993637 -0.02298551 0 0.0105862 -0.04230219 0 0.04043078 -0.0119934 0 -0.03126025 -0.03604239 0 0.03791832 -0.0242033 0 -0.02388906 0.01644098 0 -0.02233678 0.01770067 0 -0.023373 0.01630795 0 -0.01682519 0.02362 0 -0.01599997 0.02358496 0 -0.01740616 0.02256709 0 0.01178598 -0.04041802 0 -0.03090059 -0.03457331 0 0.004141807 0.04482018 0 -0.01864069 0.0222153 0 -0.01874786 0.02146548 0 -0.02001988 0.02028429 0 0.009828746 -0.04101073 0 0.02470755 0.02154815 0 0.03110337 0.01514452 0 0.02963155 0.01479667 0 0.02813595 0.01457238 0 0.03893709 -0.01189249 0 0.02227455 0.01777899 0 0.03644657 -0.02385532 0 0.03500872 -0.02338618 0 -0.03042 -0.03313928 0 -0.0184732 -0.03628039 0 -0.01874786 -0.02146548 0 -0.01740616 -0.02256709 0 -0.01864069 -0.0222153 0 -0.007574141 0.03391593 0 0.002435982 0.0345087 0 0.002001464 0.03306007 0 0.0110957 -0.03907245 0 -0.02007085 -0.02270728 0 -0.03180378 0.009762704 0 -0.02584755 0.01582282 0 0.02721786 0.02488857 0 0.03393489 0.0162009 0 0.03254109 0.01561379 0 0.03745496 -0.01168119 0 0.03361505 -0.02279907 0 -0.03356128 0.00839138 0 0.03227496 -0.02209806 0 0 -0.04899996 0 0.028346 0.02603 0 0.03655207 0.01771193 0 0.03527498 0.01690185 0 -0.03621298 -0.001546621 0 0.02600258 0.0238406 0 -0.01713901 0.02508389 0 0.02937966 0.02725738 0 0.03888255 0.01963597 0 0.03775733 0.01862531 0 0.01051968 -0.037674 0 -0.02468472 0.01770925 0 -0.02982175 -0.03175038 0 -0.02145498 -0.02331656 0 -0.01599866 -0.03084975 0 0.02470779 0.02289247 0 -0.01887702 0.02370899 0 0.03031259 0.02856308 0 0.03599256 -0.0113604 0 0.03991979 0.02073657 0 0.03099787 -0.02128791 0 0.02979242 -0.02037459 0 -7.79216e-4 -0.0477038 0 -0.0332818 -0.03596276 0 -0.04861176 -0.006155908 0 0.003656744 0.04623669 0 -0.0329554 -0.03450167 0 -0.02911007 -0.03041595 0 -0.002378821 -0.04894208 0 -0.01800775 -0.03485745 0 0.02470123 -0.02176076 0 0.02873486 -0.02209246 0 -0.02278375 -0.02403897 0 -0.007811427 0.03539425 0 0.002748548 0.03598839 0 0.02760297 -0.02111256 0 0.02654677 -0.02005141 0 0.03113871 0.02993881 0 0.01006203 -0.03623259 0 -0.02828985 -0.0291453 0 0.02239161 0.02154839 0 -0.02668803 0.01708018 0 -0.03315913 0.0103985 0 -0.03496426 0.008956134 0 0.03455799 -0.01093208 0 0.02114462 0.01910889 0 0.02866727 -0.01936393 0 -0.02404785 -0.02486926 0 -0.01676696 -0.03213465 0 -0.03770738 -0.001634716 0 -0.02736681 -0.02794736 0 -0.01756078 0.02652049 0 -0.01743799 -0.03347295 0 -0.02523845 -0.02580183 0 -0.001447916 -0.04634726 0 0.02171856 0.02123081 0 -0.02557224 0.01891493 0 -0.02634721 -0.02683025 0 -0.02121776 0.0190277 0 0.0318529 0.031376 0 -0.003068089 -0.0476132 0 0.02557224 -0.01891493 0 0.009725868 -0.03475809 0 -0.008157789 0.03685075 0 0.002999961 0.03899997 0 0.002936959 0.03748881 0 -0.02001988 -0.02028429 0 -0.02033948 -0.02067112 0 0.0210343 0.02093821 0 -0.04742252 -0.005246341 0 0.03315913 -0.0103985 0 0.02763009 -0.01826333 0 0.02668803 -0.01708018 0 0.003068089 0.0476132 0 0.02033948 0.02067112 0 0.03245043 0.0328654 0 -0.002001464 -0.04493981 0 0.00916922 -0.03966677 0 -0.03640931 0.009402275 0 0.01993548 0.0203672 0 -0.02763009 0.01826333 0 -0.0180878 0.02792179 0 -0.009465217 0.03023898 0 0.009513497 -0.0332607 0 0.01770055 -0.02692449 0 -0.003656744 -0.04623669 0 0.002378821 0.04894208 0 0.04861176 0.006155908 0 -0.02654677 0.02005141 0 -0.0192368 0.02517807 0 0.04742252 0.005246341 0 -0.008611202 0.0382775 0 0.002748548 0.04201149 0 0.002936959 0.04051095 0 -0.0378865 0.009726643 0 0.04616916 0.004427552 0 -0.03919136 -0.001833438 0 -0.04616916 -0.004427552 0 -0.04485857 -0.003704011 0 0.03180378 -0.009762704 0 0.02584755 -0.01582282 0 0.03292775 0.03439748 0 -0.01871728 0.02928018 0 -0.009513497 0.0332607 0 -0.009426414 0.03175079 0 0.009426414 -0.03175079 0 0.04485857 0.003704011 0 -0.02866727 0.01936393 0 -0.03252166 -0.03306871 0 -0.03455799 0.01093208 0 -0.002435982 -0.0434913 0 -0.02760297 0.02111256 0 -0.02031552 0.02800095 0 -0.01971739 0.02661198 0 -0.00916922 0.03966677 0 0.002001464 0.04493981 0 0.002435982 0.0434913 0 -0.004141807 -0.04482018 0 0 0.04899996 0 0.01937389 0.02154892 0 -0.02121776 -0.0190277 0 -0.0217266 -0.02123457 0 -0.02306813 -0.02189916 0 0.0434978 0.003079593 0 -0.03938549 0.009927093 0 -0.0434978 -0.003079593 0 0.0332818 0.03596276 0 -0.01944589 0.03058797 0 -0.009725868 0.03475809 0 0.02095735 -0.01931411 0 0.0197193 -0.02057659 0 -0.02979242 0.02037459 0 -0.03599256 0.0113604 0 0.01865166 0.0215491 0 0.01840531 -0.0217598 0 0.02211469 -0.01797729 0 0.02468472 -0.01770925 0 -0.02873486 0.02209246 0 -0.0210272 0.02933543 0 -0.009828746 0.04101073 0 0.001447916 0.04634726 0 0.0171445 -0.02276659 0 0.01770108 -0.02294236 0 0.01682519 -0.02362 0 -0.02233678 -0.01770067 0 0.01770108 -0.02233636 0 -0.04089599 0.01000201 0 -0.04065632 -0.002141833 0 -0.02435666 -0.0226615 0 -0.02026945 0.03183823 0 -0.01051968 0.037674 0 -0.01006203 0.03623259 0 0.0165773 -0.02318269 0 -0.04209452 -0.002557933 0 -0.03198271 -0.031672 0 0.02318698 -0.0165714 0 0.02388906 -0.01644098 0 7.79216e-4 0.0477038 0 0.04825556 0.008508741 0 0.009465217 -0.03023898 0 -0.03099787 0.02128791 0 -0.04240757 0.009951174 0 0.01599997 -0.02358496 0 0.01705443 -0.02473741 0 0.04209452 0.002557933 0 -0.02993637 0.02298551 0 -0.02184742 0.03060609 0 0.04390949 -0.009774744 0 -0.023373 -0.01630795 0 -0.04390949 0.009774744 0 -0.02118355 0.03302395 0 -0.01178598 0.04041802 0 -0.0110957 0.03907245 0 -0.03134167 -0.03031897 0 0.02416998 -0.01510167 0 -0.002748548 -0.04201149 0 0.008611202 -0.0382775 0 0.03149658 0.0375362 0 -0.004520416 -0.04337173 0 -0.03227496 0.02209806 0 -0.03745496 0.01168119 0 -0.02277058 0.03180408 0 -0.02511465 -0.01449996 0 -0.0243225 -0.0148546 0 -0.03060191 -0.02901732 0 -0.04539173 0.009474039 0 0.02505993 -0.0135737 0 0.02511465 -0.01449996 0 0.03127646 0.03612345 0 0.04065632 0.002141833 0 -0.03120088 0.0237872 0 0.04240757 -0.009951174 0 0.04089599 -0.01000201 0 0.01308137 -0.02532047 0 0.01734656 -0.0258401 0 -0.02518177 -0.01334625 0 -0.0468437 0.009051024 0 0.009629666 -0.02873551 0 -0.02662688 -0.01447319 0 -0.0105862 0.04230219 0 -0.02218306 0.03413856 0 -0.01258569 0.04170167 0 -0.0134896 0.04291427 0 -0.02813595 -0.01457238 0 -0.02558505 -0.02351737 0 0.02585345 -0.01199358 0 0.02470993 0.03854817 0 0.03094583 0.0347324 0 -0.03361505 0.02279907 0 0.0305069 0.03337162 0 0.02996236 0.03204959 0 0.02931559 0.03077465 0 0.02857047 0.0295543 0 -0.02379006 0.03292119 0 0.04711437 0.007516205 0 -0.04825556 0.008508741 0 -0.02594769 -0.01178842 0 -0.02618288 -0.01246803 0 -0.002936959 -0.04051095 0 0.01323479 0.02746415 0 0.01599997 0.02358496 0 0.01308137 0.02532047 0 0.01433622 0.02863878 0 0.03919136 0.001833438 0 0.03938549 -0.009927093 0 0.0378865 -0.009726643 0 0.01204293 0.02638119 0 -0.01143729 0.04353386 0 0.0153405 0.02989757 0 0.01657938 0.0231812 0 -0.03500872 0.02338618 0 0.00991857 -0.02725106 0 -0.004790425 -0.0418992 0 -0.03893709 0.01189249 0 -0.02963155 -0.01479667 0 -0.02326256 0.03517591 0 -0.01449108 0.04404747 0 0.02654749 -0.01036739 0 -0.04778558 0.01084142 0 0.03049933 -0.009028017 0 0.029253 -0.008198559 0 0.009977042 -0.02669656 0 -0.02767908 -0.01252293 0 -0.024899 0.03394955 0 -0.0325213 0.02449268 0 0.03770738 0.001634716 0 0.03640931 -0.009402275 0 -0.03110337 -0.01514452 0 -0.02674657 -0.02446198 0 0.03496426 -0.008956134 0 -0.002999961 -0.03899997 0 0.008157789 -0.03685075 0 -0.0123775 0.04469895 0 -0.0134015 0.04579102 0 -0.0266171 -0.01018685 0 -0.03644657 0.02385532 0 -0.02916693 -0.01268869 0 0.0271393 -0.008701145 0 0.009977042 0.02669656 0 0.007731974 -0.0279501 0 -0.03254109 -0.01561379 0 -0.02783477 -0.02549016 0 -0.02608948 0.03488212 0 0.02807158 -0.007278919 0 0.04589456 0.006622195 0 -0.04635709 0.01128941 0 -0.0448991 0.01163011 0 -0.01450371 0.04680418 0 0.03621298 0.001546621 0 0.03356128 -0.00839138 0 -0.03791832 0.0242033 0 -0.04043078 0.0119934 0 0.02762657 -0.007001399 0 -0.002936959 -0.03748881 0 -0.03393489 -0.0162009 0 0.006731033 -0.02769362 0 0.007526218 -0.02943319 0 -0.04342001 0.01186186 0 -0.0424351 -0.02449995 0 -0.01675891 0.04604482 0 -0.02735358 0.03571248 0 -0.03527498 -0.01690185 0 -0.02884376 -0.02659618 0 -0.03389042 0.02509826 0 -0.03941392 0.02442759 0 -0.04170227 -0.02317702 0 -0.04192787 0.01198309 0 0.0280075 -0.005274713 0 -0.02718806 -0.008547425 0 -0.03063839 -0.0129643 0 -0.002748548 -0.03598839 0 0.007811427 -0.03539425 0 0.03471595 0.001569569 0 0.03221029 -0.007711887 0 0.03092038 -0.006922245 0 -0.03655207 -0.01771193 0 -0.02868229 0.03643471 0 -0.0408619 -0.0219196 0 -0.03775733 -0.01862531 0 -0.02976787 -0.02777415 0 -0.03991979 -0.02073657 0 -0.01558333 0.04509329 0 -0.03888255 -0.01963597 0 -0.002435982 -0.0345087 0 0.007574141 -0.03391593 0 0.02828079 -0.00352782 0 0.02970051 -0.006028175 0 0.02855932 -0.005035758 0 -0.04092299 0.02452665 0 0.003389537 -0.02829766 0 0.007431149 -0.0309273 0 0.007447063 -0.03242427 0 0.03322488 0.00170356 0 -0.0424351 0.02449995 0 -0.002001464 -0.03306007 0 -0.02765798 -0.00687623 0 -0.02441591 0.0361303 0 -0.02563709 0.03699666 0 0.02844518 -0.001767218 0 0.006731033 0.02769362 0 0.00991857 0.02725106 0 -0.001447916 -0.03165262 0 0.01109409 0.02820259 0 -0.04119575 0.02653121 0 -0.02691888 0.03776985 0 0.03174769 0.00194782 0 -7.79216e-4 -0.0302962 0 0.0192244 0.04075413 0 0.0189839 0.03854888 0 -0.03970015 0.02646362 0 -0.01675891 -0.04604482 0 -0.02825468 0.03844588 0 -0.03821367 0.02628529 0 -0.02963703 0.03902089 0 0 -0.02899998 0 -0.03674459 0.0259971 0 0 -0.02849996 0 -0.03149658 0.0375362 0 0.02849996 0 0 -0.03530085 0.02560067 0 -0.03006649 0.03704398 0 0.0302928 0.002300918 0 -0.01704788 -0.04456037 0 -0.02855932 -0.005035758 0 -0.02886819 -0.002761006 0 -0.02828866 -0.003463745 0 -0.04357457 -0.0224108 0 -0.04276823 -0.02114939 0 0.02886819 0.002761006 0 0.02828639 0.003481805 0 0.01770937 0.0340963 0 0.0177077 0.02233123 0 0.01714885 0.02276325 0 0.0170325 0.03263509 0 0.01624125 0.03123259 0 -0.02802532 -0.005179584 0 0.02470809 0.02536666 0 0.02579456 0.02629613 0 0.0268045 0.02730816 0 0.02773159 0.02839642 0 0.01922136 0.0429725 0 0.02844655 0.001744151 0 -0.002293825 -0.02890902 0 -0.01897466 -0.04517698 0 -0.02997118 -0.004493415 0 -0.01721227 -0.04305696 0 0.01897466 0.04517698 0 -0.04187059 -0.0199514 0 -0.01725107 -0.04154515 0 -0.004950523 -0.04041063 0 -0.02844709 -0.001735091 0 0.002994239 0.03023225 0 0.003389537 0.02829766 0 -0.01916778 -0.04369235 0 0.002293825 0.02890902 0 -0.03142315 -0.004070401 0 -0.01716399 -0.04003518 0 -0.0302928 -0.002300918 0 0.003594636 0.03160369 0 0.0398212 0.01777106 0 -0.02849996 0 0 0.00409168 0.0330159 0 0.0408864 0.0188232 0 0.04187059 0.0199514 0 0.01218628 0.02924859 0 0.03868103 0.01680088 0 0.04460459 0.005832612 0 -0.0408864 -0.0188232 0 0.04276823 0.02114939 0 0.0432536 0.005153059 0 0.013188 0.03038173 0 0.04040557 0.004142165 0 -0.03285282 -0.02696168 0.002999961 -0.03413629 -0.02531719 0.002999961 0.02696168 0.03285282 0.002999961 0.02531719 0.03413629 0.002999961 -0.03533738 -0.02361166 0.002999961 0.02361166 0.03533738 0.002999961 -0.03645342 -0.02184939 0.002999961 0.02184939 0.03645342 0.002999961 -0.0374816 -0.02003437 0.002999961 0.02003437 0.0374816 0.002999961 -0.03841948 -0.01817107 0.002999961 0.01817107 0.03841948 0.002999961 -0.03926479 -0.01626396 0.002999961 0.01626396 0.03926479 0.002999961 -0.04001551 -0.01431775 0.002999961 0.030052 -0.030052 0.002999961 0.01431775 0.04001551 0.002999961 0.03149032 -0.0285412 0.002999961 -0.04066991 -0.01233702 0.002999961 0.01233702 0.04066991 0.002999961 0.0285412 -0.03149032 0.002999961 -0.0412262 -0.01032668 0.002999961 0.01032668 0.0412262 0.002999961 0.03285282 -0.02696168 0.002999961 -0.04168331 -0.008291304 0.002999961 0.008291304 0.04168331 0.002999961 0.02696168 -0.03285282 0.002999961 0.03413629 -0.02531719 0.002999961 -0.04203999 -0.006235957 0.002999961 0.006235957 0.04203999 0.002999961 0.02531719 -0.03413629 0.002999961 0.03533738 -0.02361166 0.002999961 -0.04229533 -0.004165709 0.002999961 0.004165709 0.04229533 0.002999961 0.02361166 -0.03533738 0.002999961 0.03645342 -0.02184939 0.002999961 -0.04244869 -0.002085328 0.002999961 0.002085328 0.04244869 0.002999961 0.02184939 -0.03645342 0.002999961 -0.04249989 0 0.002999961 0 0.04249989 0.002999961 0.0374816 -0.02003437 0.002999961 0.02003437 -0.0374816 0.002999961 0.03841948 -0.01817107 0.002999961 0.01817107 -0.03841948 0.002999961 -0.04244869 0.002085328 0.002999961 -0.002085328 0.04244869 0.002999961 0.03926479 -0.01626396 0.002999961 -0.04229533 0.004165709 0.002999961 0.01626396 -0.03926479 0.002999961 -0.004165709 0.04229533 0.002999961 0.04001551 -0.01431775 0.002999961 0.01431775 -0.04001551 0.002999961 0.04066991 -0.01233702 0.002999961 -0.04203999 0.006235957 0.002999961 -0.006235957 0.04203999 0.002999961 0.01233702 -0.04066991 0.002999961 0.0412262 -0.01032668 0.002999961 0.01032668 -0.0412262 0.002999961 -0.04168331 0.008291304 0.002999961 -0.008291304 0.04168331 0.002999961 0.04168331 -0.008291304 0.002999961 0.008291304 -0.04168331 0.002999961 0.04203999 -0.006235957 0.002999961 0.006235957 -0.04203999 0.002999961 -0.0412262 0.01032668 0.002999961 0.04229533 -0.004165709 0.002999961 -0.01032668 0.0412262 0.002999961 0.004165709 -0.04229533 0.002999961 0.002085328 -0.04244869 0.002999961 -0.04066991 0.01233702 0.002999961 -0.01233702 0.04066991 0.002999961 0.04244869 -0.002085328 0.002999961 0 -0.04249989 0.002999961 -0.04001551 0.01431775 0.002999961 0.04249989 0 0.002999961 -0.01431775 0.04001551 0.002999961 -0.002085328 -0.04244869 0.002999961 0.04244869 0.002085328 0.002999961 -0.03926479 0.01626396 0.002999961 -0.01626396 0.03926479 0.002999961 -0.004165709 -0.04229533 0.002999961 0.04229533 0.004165709 0.002999961 -0.03841948 0.01817107 0.002999961 -0.01817107 0.03841948 0.002999961 -0.006235957 -0.04203999 0.002999961 0.04203999 0.006235957 0.002999961 -0.0374816 0.02003437 0.002999961 -0.02003437 0.0374816 0.002999961 -0.008291304 -0.04168331 0.002999961 0.04168331 0.008291304 0.002999961 -0.03645342 0.02184939 0.002999961 -0.02184939 0.03645342 0.002999961 -0.01032668 -0.0412262 0.002999961 0.0412262 0.01032668 0.002999961 -0.01233702 -0.04066991 0.002999961 0.04066991 0.01233702 0.002999961 -0.03533738 0.02361166 0.002999961 -0.02361166 0.03533738 0.002999961 -0.03413629 0.02531719 0.002999961 -0.01431775 -0.04001551 0.002999961 -0.02531719 0.03413629 0.002999961 0.04001551 0.01431775 0.002999961 -0.02696168 0.03285282 0.002999961 -0.03285282 0.02696168 0.002999961 -0.0285412 0.03149032 0.002999961 -0.01626396 -0.03926479 0.002999961 0.03926479 0.01626396 0.002999961 -0.03149032 0.0285412 0.002999961 -0.030052 0.030052 0.002999961 -0.01817107 -0.03841948 0.002999961 0.03841948 0.01817107 0.002999961 -0.02003437 -0.0374816 0.002999961 0.0374816 0.02003437 0.002999961 -0.02184939 -0.03645342 0.002999961 0.03645342 0.02184939 0.002999961 -0.02361166 -0.03533738 0.002999961 0.03533738 0.02361166 0.002999961 -0.02531719 -0.03413629 0.002999961 0.03413629 0.02531719 0.002999961 -0.02696168 -0.03285282 0.002999961 0.03285282 0.02696168 0.002999961 -0.0285412 -0.03149032 0.002999961 0.03149032 0.0285412 0.002999961 -0.030052 -0.030052 0.002999961 0.030052 0.030052 0.002999961 -0.03149032 -0.0285412 0.002999961 0.0285412 0.03149032 0.002999961 -0.04861176 -0.006155908 -0.02499997 -0.04742252 -0.005246341 -0.02499997 -0.04616916 -0.004427552 -0.02499997 -0.04485857 -0.003704011 -0.02499997 -0.0434978 -0.003079593 -0.02499997 -0.04209452 -0.002557933 -0.02499997 -0.04065632 -0.002141833 -0.02499997 -0.03919136 -0.001833438 -0.02499997 -0.03770738 -0.001634716 -0.02499997 -0.03621298 -0.001546621 -0.02499997 -0.03471595 -0.001569569 -0.02499997 -0.03322488 -0.00170356 -0.02499997 -0.03174769 -0.00194782 -0.02499997 -0.0302928 -0.002300918 -0.02499997 -0.02886819 -0.002761006 -0.02499997 -0.04825556 -0.008508741 -0.02499997 -0.02855932 -0.005035758 -0.02499997 -0.04711437 -0.007516205 -0.02499997 -0.04589456 -0.006622195 -0.02499997 -0.04460459 -0.005832612 -0.02499997 -0.0432536 -0.005153059 -0.02499997 -0.04185062 -0.004588365 -0.02499997 -0.04040557 -0.004142165 -0.02499997 -0.03892832 -0.003817856 -0.02499997 -0.03742939 -0.003617346 -0.02499997 -0.03591889 -0.003542423 -0.02499997 -0.03440731 -0.003593266 -0.02499997 -0.03290534 -0.003769636 -0.02499997 -0.03142315 -0.004070401 -0.02499997 -0.02997118 -0.004493415 -0.02499997 -0.04778558 0.01084142 -0.02499997 -0.04825556 0.008508741 -0.02499997 -0.04635709 0.01128941 -0.02499997 -0.0448991 0.01163011 -0.02499997 -0.04342001 0.01186186 -0.02499997 -0.04192787 0.01198309 -0.02499997 -0.04043078 0.0119934 -0.02499997 -0.03893709 0.01189249 -0.02499997 -0.03745496 0.01168119 -0.02499997 -0.03599256 0.0113604 -0.02499997 -0.03455799 0.01093208 -0.02499997 -0.03315913 0.0103985 -0.02499997 -0.03180378 0.009762704 -0.02499997 -0.03049933 0.009028017 -0.02499997 -0.029253 0.008198559 -0.02499997 -0.02807158 0.007278919 -0.02499997 -0.0468437 0.009051024 -0.02499997 -0.04539173 0.009474039 -0.02499997 -0.04390949 0.009774744 -0.02499997 -0.04240757 0.009951174 -0.02499997 -0.04089599 0.01000201 -0.02499997 -0.03938549 0.009927093 -0.02499997 -0.0378865 0.009726643 -0.02499997 -0.03640931 0.009402275 -0.02499997 -0.03496426 0.008956134 -0.02499997 -0.03356128 0.00839138 -0.02499997 -0.03221029 0.007711887 -0.02499997 -0.03092038 0.006922245 -0.02499997 -0.02970051 0.006028175 -0.02499997 -0.02855932 0.005035758 -0.02499997 -0.04357457 -0.0224108 -0.02499997 -0.04276823 -0.02114939 -0.02499997 -0.04187059 -0.0199514 -0.02499997 -0.0408864 -0.0188232 -0.02499997 -0.0398212 -0.01777106 -0.02499997 -0.03868103 -0.01680088 -0.02499997 -0.03747195 -0.01591789 -0.02499997 -0.0362007 -0.01512718 -0.02499997 -0.03487426 -0.01443278 -0.02499997 -0.03350007 -0.01383882 -0.02499997 -0.03208541 -0.01334846 -0.02499997 -0.03063839 -0.0129643 -0.02499997 -0.02916693 -0.01268869 -0.02499997 -0.02767908 -0.01252293 -0.02499997 -0.02618288 -0.01246803 -0.02499997 -0.0424351 -0.02449995 -0.02499997 -0.02511465 -0.01449996 -0.02499997 -0.04170227 -0.02317702 -0.02499997 -0.0408619 -0.0219196 -0.02499997 -0.03991979 -0.02073657 -0.02499997 -0.03888255 -0.01963597 -0.02499997 -0.03775733 -0.01862531 -0.02499997 -0.03655207 -0.01771193 -0.02499997 -0.03527498 -0.01690185 -0.02499997 -0.03393489 -0.0162009 -0.02499997 -0.03254109 -0.01561379 -0.02499997 -0.03110337 -0.01514452 -0.02499997 -0.02963155 -0.01479667 -0.02499997 -0.02813595 -0.01457238 -0.02499997 -0.02662688 -0.01447319 -0.02499997 -0.01864069 0.0222153 -0.02499997 -0.01682519 0.02362 -0.02499997 -0.02963703 0.03902089 -0.02499997 -0.02825468 0.03844588 -0.02499997 -0.02691888 0.03776985 -0.02499997 -0.02563709 0.03699666 -0.02499997 -0.02441591 0.0361303 -0.02499997 -0.02326256 0.03517591 -0.02499997 -0.02218306 0.03413856 -0.02499997 -0.02118355 0.03302395 -0.02499997 -0.02026945 0.03183823 -0.02499997 -0.01944589 0.03058797 -0.02499997 -0.01871728 0.02928018 -0.02499997 -0.0180878 0.02792179 -0.02499997 -0.01756078 0.02652049 -0.02499997 -0.01713901 0.02508389 -0.02499997 -0.03149658 0.0375362 -0.02499997 -0.03006649 0.03704398 -0.02499997 -0.02868229 0.03643471 -0.02499997 -0.02735358 0.03571248 -0.02499997 -0.02608948 0.03488212 -0.02499997 -0.024899 0.03394955 -0.02499997 -0.02379006 0.03292119 -0.02499997 -0.02277058 0.03180408 -0.02499997 -0.02184742 0.03060609 -0.02499997 -0.0210272 0.02933543 -0.02499997 -0.02031552 0.02800095 -0.02499997 -0.01971739 0.02661198 -0.02499997 -0.0192368 0.02517807 -0.02499997 -0.01887702 0.02370899 -0.02499997 -0.04119575 0.02653121 -0.02499997 -0.0424351 0.02449995 -0.02499997 -0.03970015 0.02646362 -0.02499997 -0.03821367 0.02628529 -0.02499997 -0.03674459 0.0259971 -0.02499997 -0.03530085 0.02560067 -0.02499997 -0.03389042 0.02509826 -0.02499997 -0.0325213 0.02449268 -0.02499997 -0.03120088 0.0237872 -0.02499997 -0.02993637 0.02298551 -0.02499997 -0.02873486 0.02209246 -0.02499997 -0.02760297 0.02111256 -0.02499997 -0.02654677 0.02005141 -0.02499997 -0.02557224 0.01891493 -0.02499997 -0.02468472 0.01770925 -0.02499997 -0.02388906 0.01644098 -0.02499997 -0.04092299 0.02452665 -0.02499997 -0.03941392 0.02442759 -0.02499997 -0.03791832 0.0242033 -0.02499997 -0.03644657 0.02385532 -0.02499997 -0.03500872 0.02338618 -0.02499997 -0.03361505 0.02279907 -0.02499997 -0.03227496 0.02209806 -0.02499997 -0.03099787 0.02128791 -0.02499997 -0.02979242 0.02037459 -0.02499997 -0.02866727 0.01936393 -0.02499997 -0.02763009 0.01826333 -0.02499997 -0.02668803 0.01708018 -0.02499997 -0.02584755 0.01582282 -0.02499997 -0.02511465 0.01449996 -0.02499997 0.04357457 0.0224108 -0.02499997 0.0424351 0.02449995 -0.02499997 0.04276823 0.02114939 -0.02499997 0.04187059 0.0199514 -0.02499997 0.0408864 0.0188232 -0.02499997 0.0398212 0.01777106 -0.02499997 0.03868103 0.01680088 -0.02499997 0.03747195 0.01591789 -0.02499997 0.0362007 0.01512718 -0.02499997 0.03487426 0.01443278 -0.02499997 0.03350007 0.01383882 -0.02499997 0.03208541 0.01334846 -0.02499997 0.03063839 0.0129643 -0.02499997 0.02916693 0.01268869 -0.02499997 0.02767908 0.01252293 -0.02499997 0.02618288 0.01246803 -0.02499997 0.04170227 0.02317702 -0.02499997 0.0408619 0.0219196 -0.02499997 0.03991979 0.02073657 -0.02499997 0.03888255 0.01963597 -0.02499997 0.03775733 0.01862531 -0.02499997 0.03655207 0.01771193 -0.02499997 0.03527498 0.01690185 -0.02499997 0.03393489 0.0162009 -0.02499997 0.03254109 0.01561379 -0.02499997 0.03110337 0.01514452 -0.02499997 0.02963155 0.01479667 -0.02499997 0.02813595 0.01457238 -0.02499997 0.02662688 0.01447319 -0.02499997 0.02511465 0.01449996 -0.02499997 0.02886819 0.002761006 -0.02499997 0.02855932 0.005035758 -0.02499997 0.04861176 0.006155908 -0.02499997 0.04742252 0.005246341 -0.02499997 0.04616916 0.004427552 -0.02499997 0.04485857 0.003704011 -0.02499997 0.0434978 0.003079593 -0.02499997 0.04209452 0.002557933 -0.02499997 0.04065632 0.002141833 -0.02499997 0.03919136 0.001833438 -0.02499997 0.03770738 0.001634716 -0.02499997 0.03621298 0.001546621 -0.02499997 0.03471595 0.001569569 -0.02499997 0.03322488 0.00170356 -0.02499997 0.03174769 0.00194782 -0.02499997 0.0302928 0.002300918 -0.02499997 0.04825556 0.008508741 -0.02499997 0.04711437 0.007516205 -0.02499997 0.04589456 0.006622195 -0.02499997 0.04460459 0.005832612 -0.02499997 0.0432536 0.005153059 -0.02499997 0.04185062 0.004588365 -0.02499997 0.04040557 0.004142165 -0.02499997 0.03892832 0.003817856 -0.02499997 0.03742939 0.003617346 -0.02499997 0.03591889 0.003542423 -0.02499997 0.03440731 0.003593266 -0.02499997 0.03290534 0.003769636 -0.02499997 0.03142315 0.004070401 -0.02499997 0.02997118 0.004493415 -0.02499997 0.04119575 -0.02653121 -0.02499997 0.0424351 -0.02449995 -0.02499997 0.03970015 -0.02646362 -0.02499997 0.03821367 -0.02628529 -0.02499997 0.03674459 -0.0259971 -0.02499997 0.03530085 -0.02560067 -0.02499997 0.03389042 -0.02509826 -0.02499997 0.0325213 -0.02449268 -0.02499997 0.03120088 -0.0237872 -0.02499997 0.02993637 -0.02298551 -0.02499997 0.02873486 -0.02209246 -0.02499997 0.02760297 -0.02111256 -0.02499997 0.02654677 -0.02005141 -0.02499997 0.02557224 -0.01891493 -0.02499997 0.02468472 -0.01770925 -0.02499997 0.02388906 -0.01644098 -0.02499997 0.04092299 -0.02452665 -0.02499997 0.03941392 -0.02442759 -0.02499997 0.03791832 -0.0242033 -0.02499997 0.03644657 -0.02385532 -0.02499997 0.03500872 -0.02338618 -0.02499997 0.03361505 -0.02279907 -0.02499997 0.03227496 -0.02209806 -0.02499997 0.03099787 -0.02128791 -0.02499997 0.02979242 -0.02037459 -0.02499997 0.02866727 -0.01936393 -0.02499997 0.02763009 -0.01826333 -0.02499997 0.02668803 -0.01708018 -0.02499997 0.02584755 -0.01582282 -0.02499997 0.02511465 -0.01449996 -0.02499997 0.04778558 -0.01084142 -0.02499997 0.04635709 -0.01128941 -0.02499997 0.0448991 -0.01163011 -0.02499997 0.04342001 -0.01186186 -0.02499997 0.04192787 -0.01198309 -0.02499997 0.04043078 -0.0119934 -0.02499997 0.03893709 -0.01189249 -0.02499997 0.03745496 -0.01168119 -0.02499997 0.03599256 -0.0113604 -0.02499997 0.03455799 -0.01093208 -0.02499997 0.03315913 -0.0103985 -0.02499997 0.03180378 -0.009762704 -0.02499997 0.03049933 -0.009028017 -0.02499997 0.029253 -0.008198559 -0.02499997 0.02807158 -0.007278919 -0.02499997 0.04825556 -0.008508741 -0.02499997 0.02855932 -0.005035758 -0.02499997 0.0468437 -0.009051024 -0.02499997 0.04539173 -0.009474039 -0.02499997 0.04390949 -0.009774744 -0.02499997 0.04240757 -0.009951174 -0.02499997 0.04089599 -0.01000201 -0.02499997 0.03938549 -0.009927093 -0.02499997 0.0378865 -0.009726643 -0.02499997 0.03640931 -0.009402275 -0.02499997 0.03496426 -0.008956134 -0.02499997 0.03356128 -0.00839138 -0.02499997 0.03221029 -0.007711887 -0.02499997 0.03092038 -0.006922245 -0.02499997 0.02970051 -0.006028175 -0.02499997 -0.002378821 -0.04894208 -0.02499997 -0.003068089 -0.0476132 -0.02499997 -0.003656744 -0.04623669 -0.02499997 -0.004141807 -0.04482018 -0.02499997 -0.004520416 -0.04337173 -0.02499997 -0.004790425 -0.0418992 -0.02499997 -0.004950523 -0.04041063 -0.02499997 -0.004999816 -0.03891438 -0.02499997 -0.004937887 -0.03741848 -0.02499997 -0.004765093 -0.03593128 -0.02499997 -0.004482567 -0.0344612 -0.02499997 -0.00409168 -0.0330159 -0.02499997 -0.003594636 -0.03160369 -0.02499997 -0.002994239 -0.03023225 -0.02499997 -0.002293825 -0.02890902 -0.02499997 0 -0.04899996 -0.02499997 0 -0.02899998 -0.02499997 -7.79216e-4 -0.0477038 -0.02499997 -0.001447916 -0.04634726 -0.02499997 -0.002001464 -0.04493981 -0.02499997 -0.002435982 -0.0434913 -0.02499997 -0.002748548 -0.04201149 -0.02499997 -0.002936959 -0.04051095 -0.02499997 -0.002999961 -0.03899997 -0.02499997 -0.002936959 -0.03748881 -0.02499997 -0.002748548 -0.03598839 -0.02499997 -0.002435982 -0.0345087 -0.02499997 -0.002001464 -0.03306007 -0.02499997 -0.001447916 -0.03165262 -0.02499997 -7.79216e-4 -0.0302962 -0.02499997 0.00991857 -0.02725106 -0.02499997 0.007731974 -0.0279501 -0.02499997 0.01450371 -0.04680418 -0.02499997 0.0134015 -0.04579102 -0.02499997 0.0123775 -0.04469895 -0.02499997 0.01143729 -0.04353386 -0.02499997 0.0105862 -0.04230219 -0.02499997 0.009828746 -0.04101073 -0.02499997 0.00916922 -0.03966677 -0.02499997 0.008611202 -0.0382775 -0.02499997 0.008157789 -0.03685075 -0.02499997 0.007811427 -0.03539425 -0.02499997 0.007574141 -0.03391593 -0.02499997 0.007447063 -0.03242427 -0.02499997 0.007431149 -0.0309273 -0.02499997 0.007526218 -0.02943319 -0.02499997 0.01675891 -0.04604482 -0.02499997 0.01558333 -0.04509329 -0.02499997 0.01449108 -0.04404747 -0.02499997 0.0134896 -0.04291427 -0.02499997 0.01258569 -0.04170167 -0.02499997 0.01178598 -0.04041802 -0.02499997 0.0110957 -0.03907245 -0.02499997 0.01051968 -0.037674 -0.02499997 0.01006203 -0.03623259 -0.02499997 0.009725868 -0.03475809 -0.02499997 0.009513497 -0.0332607 -0.02499997 0.009426414 -0.03175079 -0.02499997 0.009465217 -0.03023898 -0.02499997 0.009629666 -0.02873551 -0.02499997 -0.00991857 -0.02725106 -0.02499997 -0.01204293 -0.02638119 -0.02499997 -0.01897466 -0.04517698 -0.02499997 -0.01916778 -0.04369235 -0.02499997 -0.01925015 -0.0421974 -0.02499997 -0.01922148 -0.04070067 -0.02499997 -0.01908177 -0.03921008 -0.02499997 -0.0188319 -0.03773385 -0.02499997 -0.0184732 -0.03628039 -0.02499997 -0.01800775 -0.03485745 -0.02499997 -0.01743799 -0.03347295 -0.02499997 -0.01676696 -0.03213465 -0.02499997 -0.01599866 -0.03084975 -0.02499997 -0.01513701 -0.02962535 -0.02499997 -0.01418703 -0.02846825 -0.02499997 -0.01315379 -0.02738481 -0.02499997 -0.01675891 -0.04604482 -0.02499997 -0.01704788 -0.04456037 -0.02499997 -0.01721227 -0.04305696 -0.02499997 -0.01725107 -0.04154515 -0.02499997 -0.01716399 -0.04003518 -0.02499997 -0.01695168 -0.0385378 -0.02499997 -0.01661545 -0.03706336 -0.02499997 -0.01615786 -0.03562188 -0.02499997 -0.01558178 -0.03422349 -0.02499997 -0.01489156 -0.03287786 -0.02499997 -0.01409173 -0.03159433 -0.02499997 -0.013188 -0.03038173 -0.02499997 -0.01218628 -0.02924859 -0.02499997 -0.01109409 -0.02820259 -0.02499997 -0.0332818 -0.03596276 -0.02499997 -0.03149658 -0.0375362 -0.02499997 -0.0329554 -0.03450167 -0.02499997 -0.03252166 -0.03306871 -0.02499997 -0.03198271 -0.031672 -0.02499997 -0.03134167 -0.03031897 -0.02499997 -0.03060191 -0.02901732 -0.02499997 -0.02976787 -0.02777415 -0.02499997 -0.02884376 -0.02659618 -0.02499997 -0.02783477 -0.02549016 -0.02499997 -0.02674657 -0.02446198 -0.02499997 -0.02558505 -0.02351737 -0.02499997 -0.02435666 -0.0226615 -0.02499997 -0.02306813 -0.02189916 -0.02499997 -0.0217266 -0.02123457 -0.02499997 -0.02033948 -0.02067112 -0.02499997 -0.03126025 -0.03604239 -0.02499997 -0.03090059 -0.03457331 -0.02499997 -0.03042 -0.03313928 -0.02499997 -0.02982175 -0.03175038 -0.02499997 -0.02911007 -0.03041595 -0.02499997 -0.02828985 -0.0291453 -0.02499997 -0.02736681 -0.02794736 -0.02499997 -0.02634721 -0.02683025 -0.02499997 -0.02523845 -0.02580183 -0.02499997 -0.02404785 -0.02486926 -0.02499997 -0.02278375 -0.02403897 -0.02499997 -0.02145498 -0.02331656 -0.02499997 -0.02007085 -0.02270728 -0.02499997 -0.01864069 -0.0222153 -0.02499997 0.01199996 -0.002960503 0.007302939 0.01571273 -0.003134787 0.006226003 0.0146858 -0.004946768 0.006399393 0.02247029 -0.01190918 0.001948237 0.02105128 -0.01426821 0.001948237 0.02043443 -0.01229095 0.002838075 0.01823079 -0.01271998 0.003669977 0.01964163 -0.01041007 0.003669977 0.01466566 -0.02052766 0.002066314 0.0143041 -0.01869869 0.002999961 0.01539528 -0.02024173 0.001948237 0.02164316 -0.01001018 0.002838075 0.01534098 -0.02207481 0.00106585 0.02076125 -0.007945656 0.003669977 0.01770067 -0.02175968 3.05495e-4 0.02362585 -0.009410619 0.001948237 0.01749289 -0.01845908 0.001948237 0.01756739 -0.01072907 0.004443109 0.01531952 -0.01109009 0.005156338 0.01671051 -0.008856594 0.005156338 0.01777803 -0.006451427 0.005156338 0.01874107 -0.008514404 0.004443109 0.01969379 -0.005194067 0.004539847 0.01287615 -0.01068717 0.005981445 0.01461362 -0.009100675 0.005808711 0.01770102 -0.02214467 1.02719e-4 0.01256108 -0.009746193 0.006267428 0.01199996 -0.008838355 0.006587207 0.01369231 -0.007256925 0.006399393 0.01573532 -0.006984293 0.005808711 0.01770079 -0.02195245 2.04552e-4 0.0174095 -0.004592299 0.005513966 0.01938575 -0.01646018 0.001948237 0.01382285 -0.01792603 0.0034675 0.0146231 -0.016743 0.003669977 0.01333659 -0.01714569 0.003916442 0.01284569 -0.0163576 0.004346609 0.01256555 -0.01571559 0.004647791 0.02677088 0 0.001135826 0.01817107 -0.02175968 1.03156e-4 0.01793605 -0.02175968 2.04989e-4 0.0165497 -0.01484149 0.003669977 0.01397526 -0.01894569 0.002999961 0.01408535 -0.01886397 0.002999961 0.0141949 -0.01878166 0.002999961 0.01228368 -0.01506978 0.004938185 0.01363199 -0.01310908 0.005156338 0.01287025 -0.01259779 0.005512118 0.01297628 -0.0116291 0.005732119 0.01253819 -0.01356065 0.005333662 0.02450466 -0.006801784 0.001948237 0.02499663 0 0.00219959 0.02293807 -0.001777172 0.003279209 0.0231803 0 0.003189682 0.02126979 -0.005230545 0.003829061 0.02204847 -0.005249798 0.003453314 0.02048486 -0.005211949 0.004191339 0.02509629 -0.004113197 0.001948237 0.02256006 -0.003530502 0.003367245 0.0151385 -0.002161741 0.006465077 0.01199996 -0.01441979 0.005217969 0.0253939 -0.00137645 0.001948237 0.01842236 -0.005001962 0.005084156 0.01905488 -0.005139172 0.004814088 0.01479429 -0.001099646 0.006608307 0.01199996 -0.001480937 0.007370293 0.01199996 -0.007377684 0.006832838 0.01199996 -0.005910277 0.007034122 0.01469039 0 0.006652653 0.01379823 0 0.006915926 0.01199996 -0.004437506 0.007190883 0.01290118 0 0.00716263 0.01648753 -0.003961861 0.005902111 0.01199996 0 0.007392704 0.01770335 -0.02175968 -9.61174e-4 0.02470338 -0.02176076 -9.45821e-4 0.02470165 -0.03377872 -9.45825e-4 0.03149658 -0.0375362 -0.02499997 0.03006649 -0.03704398 -0.02499997 0.02868229 -0.03643471 -0.02499997 0.02735358 -0.03571248 -0.02499997 0.02608948 -0.03488212 -0.02499997 0.024899 -0.03394955 -0.02499997 0.02379006 -0.03292119 -0.02499997 0.02285516 -0.03190416 -9.49875e-4 0.02277058 -0.03180408 -0.02499997 0.02184742 -0.03060609 -0.02499997 0.02129888 -0.02978235 -9.53288e-4 0.0210272 -0.02933543 -0.02499997 0.02031552 -0.02800095 -0.02499997 0.02004045 -0.0274012 -9.56048e-4 0.01971739 -0.02661198 -0.02499997 0.01914787 -0.02486026 -9.58006e-4 0.0192368 -0.02517807 -0.02499997 0.01887702 -0.02370899 -0.02499997 0.01864069 -0.0222153 -9.59118e-4 0.01864069 -0.0222153 -0.02499997 0.02963703 -0.03902089 -0.02499997 0.02825468 -0.03844588 -0.02499997 0.02691888 -0.03776985 -0.02499997 0.02563709 -0.03699666 -0.02499997 0.02441591 -0.0361303 -0.02499997 0.02470123 -0.03634518 -9.45826e-4 0.02326256 -0.03517591 -0.02499997 0.0233848 -0.03528416 -9.48713e-4 0.02218306 -0.03413856 -0.02499997 0.0221619 -0.0341165 -9.51395e-4 0.02118355 -0.03302395 -0.02499997 0.02026945 -0.03183823 -0.02499997 0.02034187 -0.03193902 -9.55387e-4 0.01944589 -0.03058797 -0.02499997 0.01871728 -0.02928018 -0.02499997 0.01884561 -0.02952778 -9.58669e-4 0.0180878 -0.02792179 -0.02499997 0.01756078 -0.02652049 -0.02499997 0.01770263 -0.02693039 -9.61176e-4 0.01713901 -0.02508389 -0.02499997 0.01682519 -0.02362 -0.02499997 0.02470093 -0.03876078 -9.45826e-4 0.01770097 -0.0387597 -9.61179e-4 0.01770329 -0.02294069 -9.61174e-4 0.003703713 -0.01035761 0 0.00230515 -0.009730637 0 0.003418684 -0.009397387 0 0.004800677 -0.009897053 0 0.004486083 -0.00893718 0 -0.00740689 -0.008132457 0 -0.008783161 -0.007161617 0 -0.007570028 -0.007250308 0 -0.01199996 -0.01441979 0 0.005841553 -0.009320676 0 0.005492866 -0.008356213 0 0.01199996 -0.01441979 0 0.00914061 -0.01433342 0 0.01026386 -0.01355177 0 -0.006425499 -0.007662296 0 0.007957994 -0.01502221 0 -0.006485164 -0.008884847 0 0.006425499 -0.007662296 0 0.001435399 -0.01693928 0 0.002793312 -0.01676887 0 -0.01262199 -0.01337438 0 -0.01015466 -0.01363372 0 -0.01293975 -0.01220029 0 -0.005492866 -0.008356213 0 -0.01292961 -0.010984 0 -0.00548768 -0.009533345 0 0.01262199 -0.01337438 0 0.007570028 -0.007250308 0 -0.004486083 -0.00893718 0 -0.009025096 -0.0144065 0 0.01293975 -0.01220029 0 0.008783161 -0.007161617 0 -0.004425883 -0.01007026 0 0.01292961 -0.010984 0 -0.007837057 -0.01508569 0 0.009975373 -0.007402837 0 -0.01259249 -0.009815275 0 -0.003312349 -0.0104894 0 -0.003418684 -0.009397387 0 0.01259249 -0.009815275 0 -0.006598234 -0.0156672 0 0.01105862 -0.007956027 0 0.004133105 -0.01648986 0 -0.005316615 -0.01614719 0 0.01195299 -0.008780479 0 -0.002160072 -0.01078569 0 -0.00230515 -0.009730637 0 -0.01195299 -0.008780479 0 -9.82616e-4 -0.01095592 0 -0.001160383 -0.009932398 0 -0.004000544 -0.01652258 0 -0.002658486 -0.01679068 0 0.005446135 -0.01610398 0 -0.01105862 -0.007956027 0 2.0643e-4 -0.01099807 0 0 -0.00999999 0 -0.001299262 -0.01695019 0 0.006723821 -0.01561361 0 6.83e-5 -0.0169999 0 0.00139302 -0.0109114 0 0.001160383 -0.009932398 0 -0.009975373 -0.007402837 0 0.002563357 -0.010697 0 -0.01199996 -0.002220988 0.007342219 -0.01199996 -0.003330051 0.007279098 -0.01529258 -0.002506375 0.006399393 -0.01540136 -0.001692771 0.006400108 -0.01587629 -0.002715945 0.006197631 -0.01534098 0.02207481 0.00106585 -0.02013236 -0.005193591 0.004349887 -0.0188713 -0.00500375 0.004903972 -0.01777803 -0.006451427 0.005156338 -0.01764887 -0.004476666 0.005435824 -0.01964545 -0.01614928 0.001948237 -0.02136427 -0.01379531 0.001948237 -0.01853537 -0.012272 0.003669977 -0.0176686 -0.01829105 0.001948237 -0.01996946 -0.009766519 0.003669977 -0.01671051 -0.008856594 0.005156338 -0.01466566 0.02052766 0.002066314 -0.01397526 0.01894569 0.002999961 -0.01408535 0.01886397 0.002999961 -0.01199996 -0.004437506 0.007190883 -0.0146858 -0.004946768 0.006399393 -0.016617 -0.003667593 0.005880475 -0.0141949 0.01878166 0.002999961 -0.0167886 -0.01457077 0.003669977 -0.0143041 0.01869869 0.002999961 -0.01545959 -0.02019268 0.001948237 -0.01466566 -0.02052766 0.002066314 -0.01534098 -0.02207481 0.00106585 -0.0143041 -0.01869869 0.002999961 -0.01531952 -0.01109009 0.005156338 -0.01284766 -0.01056325 0.00601685 -0.0129761 -0.01159018 0.005741775 -0.01199996 -0.006644785 0.006938993 -0.01199996 -0.008838355 0.006587207 -0.01369231 -0.007256925 0.006399393 -0.01475858 -0.01662349 0.003669977 -0.01382285 -0.01792603 0.0034675 -0.01333659 -0.01714569 0.003916442 -0.01284569 -0.0163576 0.004346609 -0.01256555 -0.01571559 0.004647791 -0.01363199 -0.01310908 0.005156338 -0.01252478 -0.01358842 0.005329251 -0.01228368 -0.01506978 0.004938185 -0.01286447 -0.0126236 0.005506873 -0.02280247 0.01126027 0.001948237 -0.02136427 0.01379531 0.001948237 -0.02076333 0.01172649 0.002838075 -0.01853537 0.012272 0.003669977 -0.01996946 0.009766519 0.003669977 -0.02394104 0.008577167 0.001948237 -0.0219689 0.009273827 0.002838075 -0.02106678 0.007096171 0.003669977 -0.01671051 0.008856594 0.005156338 -0.01777803 0.006451427 0.005156338 -0.01894766 0.008044242 0.004443109 -0.01945883 0.004790306 0.004683375 -0.02013099 0.004821181 0.004391074 -0.01531952 0.01109009 0.005156338 -0.01290678 0.01084321 0.005937695 -0.01461362 0.009100675 0.005808711 -0.01257187 0.009769618 0.006259799 -0.01199996 0.008838355 0.006587207 -0.01369231 0.007256925 0.006399393 -0.01573532 0.006984293 0.005808711 -0.0146858 0.004946768 0.006399393 -0.02280247 -0.01126027 0.001948237 -0.02394104 -0.008577167 0.001948237 -0.0219689 -0.009273827 0.002838075 -0.02224689 -0.00524342 0.003356099 -0.02106678 -0.007096171 0.003669977 -0.02076333 -0.01172649 0.002838075 -0.01228368 0.01506978 0.004938185 -0.01199996 0.01441979 0.005217969 -0.0122624 0.01405441 0.005261123 -0.01894766 -0.008044242 0.004443109 -0.01573532 -0.006984293 0.005808711 -0.01461362 -0.009100675 0.005808711 -0.01249212 0.01365405 0.00531888 -0.0125125 -0.009644567 0.006300747 -0.01517421 5.36398e-4 0.006499469 -0.0153771 0.001452088 0.006415843 -0.01199996 0.001110792 0.007380068 -0.01199996 0.002220988 0.007342219 -0.01199996 0 0.007392704 -0.0151599 -5.63969e-4 0.006503701 -0.01199996 -0.001110792 0.007380068 -0.0141949 -0.01878166 0.002999961 -0.01408535 -0.01886397 0.002999961 -0.01397526 -0.01894569 0.002999961 -0.01199996 -0.01441979 0.005217969 -0.01545959 0.02019268 0.001948237 -0.0176686 0.01829105 0.001948237 -0.01964545 0.01614928 0.001948237 -0.01333659 0.01714569 0.003916442 -0.01284569 0.0163576 0.004346609 -0.01475858 0.01662349 0.003669977 -0.01382285 0.01792603 0.0034675 -0.01256555 0.01571559 0.004647791 -0.0167886 0.01457077 0.003669977 -0.01363199 0.01310908 0.005156338 -0.01282083 0.01279872 0.005471408 -0.01296949 0.01187795 0.005672097 -0.02476525 0.005781412 0.001948237 -0.02335125 0.004743874 0.002847552 -0.02121657 0.004796743 0.003902018 -0.02229017 0.004770874 0.003387451 -0.0252642 0.002909839 0.001948237 -0.02347058 0.00306046 0.002932608 -0.02346789 0.001372933 0.0030182 -0.02543115 0 0.001948237 -0.02334326 -3.09863e-4 0.003103733 -0.01721787 0.003944337 0.005643188 -0.01799201 0.004385173 0.005313992 -0.01879179 0.004666984 0.004971325 -0.01199996 0.006644785 0.006938993 -0.01199996 0.004437506 0.007190883 -0.0252642 -0.002909839 0.001948237 -0.02309721 -0.001979351 0.003188908 -0.02273118 -0.003626704 0.003273189 -0.01611179 0.002873361 0.006109297 -0.01656556 0.003397524 0.005918622 -0.01199996 0.003330051 0.007279098 -0.02476525 -0.005781412 0.001948237 -0.01570671 0.002233088 0.006278753 -0.01529258 0.002506375 0.006399393 -0.02084237 -0.005209684 0.004029572 -0.02154719 -0.005226254 0.003698348 0.009975373 0.007402837 0 0.005841553 0.009320676 0 0.01015466 0.01363372 0 0.01259249 0.009815275 0 0.01292961 0.010984 0 -0.001358807 0.0169456 0 -0.00270915 0.0167827 0 0.00230515 0.009730637 0 0.00139302 0.0109114 0 0.002563357 0.010697 0 0.01293975 0.01220029 0 0.01262199 0.01337438 0 0.01199996 0.01441979 0 0.009032368 0.01440185 0 0.007852196 0.01507782 0 0.003418684 0.009397387 0 0.003703713 0.01035761 0 -0.007570028 0.007250308 0 -0.008783161 0.007161617 0 -0.00740689 0.008132457 0 -0.009975373 0.007402837 0 -0.01105862 0.007956027 0 0 0.0169999 0 0.001358807 0.0169456 0 0.00270915 0.0167827 0 -0.006425499 0.007662296 0 -0.006485164 0.008884847 0 0.004486083 0.00893718 0 0.004800677 0.009897053 0 0.004042029 0.01651245 0 0.00534904 0.0161364 0 0.005492866 0.008356213 0 0.006425499 0.007662296 0 0.007570028 0.007250308 0 -0.005492866 0.008356213 0 0.006621778 0.0156573 0 -0.01195299 0.008780479 0 -0.01015466 0.01363372 0 -0.01259249 0.009815275 0 -0.01292961 0.010984 0 -0.01293975 0.01220029 0 -0.01262199 0.01337438 0 -0.01199996 0.01441979 0 -0.00548768 0.009533345 0 0.008783161 0.007161617 0 -0.004486083 0.00893718 0 -0.006621778 0.0156573 0 -0.00534904 0.0161364 0 -0.009032368 0.01440185 0 -0.004425883 0.01007026 0 -0.003418684 0.009397387 0 -0.003312349 0.0104894 0 -0.007852196 0.01507782 0 -0.00230515 0.009730637 0 -0.002160072 0.01078569 0 -0.001160383 0.009932398 0 -0.004042029 0.01651245 0 -9.82616e-4 0.01095592 0 0 0.00999999 0 0.001160383 0.009932398 0 2.0643e-4 0.01099807 0 0.01195299 0.008780479 0 0.01105862 0.007956027 0 0.02105128 0.01426821 0.001948237 0.02247029 0.01190918 0.001948237 0.02043443 0.01229095 0.002838075 0.0253939 0.00137645 0.001948237 0.01964163 0.01041007 0.003669977 0.01823079 0.01271998 0.003669977 0.02327996 0.001578271 0.003109872 0.02164316 0.01001018 0.002838075 0.02327245 0.003159821 0.003029704 0.02315789 0.004737079 0.002949595 0.02509629 0.004113197 0.001948237 0.02076125 0.007945656 0.003669977 0.01874107 0.008514404 0.004443109 0.01777803 0.006451427 0.005156338 0.01671051 0.008856594 0.005156338 0.01756739 0.01072907 0.004443109 0.01802259 0.02154916 2.76961e-4 0.01770669 0.02154916 4.11871e-4 0.01531952 0.01109009 0.005156338 0.02450466 0.006801784 0.001948237 0.0146858 0.004946768 0.006399393 0.01573532 0.006984293 0.005808711 0.01369231 0.007256925 0.006399393 0.01770722 0.02207148 1.3892e-4 0.01770699 0.02181077 2.76212e-4 0.01461362 0.009100675 0.005808711 0.01286858 0.01065278 0.00599122 0.01255089 0.009724259 0.006274521 0.01199996 0.008838355 0.006587207 0.02362585 0.009410619 0.001948237 0.01513981 0.00198549 0.006472229 0.0148102 0.001008868 0.006605446 0.01199996 0.001480937 0.007370293 0.02201753 0.004766464 0.003522217 0.021573 0.005363464 0.003669977 0.02086305 0.004794239 0.004065752 0.01534098 0.02207481 0.00106585 0.01568669 0.00289762 0.006249666 0.01199996 0.002960503 0.007302939 0.0196951 0.004820585 0.004579842 0.01466566 0.02052766 0.002066314 0.0143041 0.01869869 0.002999961 0.0141949 0.01878166 0.002999961 0.01408535 0.01886397 0.002999961 0.01938575 0.01646018 0.001948237 0.01397526 0.01894569 0.002999961 0.01842385 0.004683971 0.005116701 0.0173242 0.004274249 0.005575418 0.01749289 0.01845908 0.001948237 0.01643013 0.003678739 0.005944848 0.01199996 0.004437506 0.007190883 0.01199996 0.005910277 0.007034122 0.0165497 0.01484149 0.003669977 0.01539528 0.02024173 0.001948237 0.01297628 0.0116291 0.005732119 0.01833778 0.0215491 1.39668e-4 0.01199996 0.007377684 0.006832838 0.0146231 0.016743 0.003669977 0.01256555 0.01571559 0.004647791 0.01284569 0.0163576 0.004346609 0.01382285 0.01792603 0.0034675 0.01333659 0.01714569 0.003916442 0.01363199 0.01310908 0.005156338 0.01287025 0.01259779 0.005512118 0.01253819 0.01356065 0.005333662 0.01228368 0.01506978 0.004938185 0.01199996 0.01441979 0.005217969 0.01771146 0.03410118 -9.61156e-4 0.01770967 0.02154916 -9.6116e-4 0.01916778 0.04369235 -0.02499997 0.01897466 0.04517698 -0.02499997 0.01925015 0.0421974 -0.02499997 0.01922148 0.04070067 -0.02499997 0.01908177 0.03921008 -0.02499997 0.0188319 0.03773385 -0.02499997 0.0189839 0.03854888 -9.58366e-4 0.0184732 0.03628039 -0.02499997 0.01847559 0.03628849 -9.5948e-4 0.01800775 0.03485745 -0.02499997 0.01743799 0.03347295 -0.02499997 0.01676696 0.03213465 -0.02499997 0.01599866 0.03084975 -0.02499997 0.01513701 0.02962535 -0.02499997 0.01418703 0.02846825 -0.02499997 0.01315379 0.02738481 -0.02499997 0.01204293 0.02638119 -0.02499997 0.00991857 0.02725106 -0.02499997 0.01675891 0.04604482 -0.02499997 0.01704788 0.04456037 -0.02499997 0.01721227 0.04305696 -0.02499997 0.01725107 0.04154515 -0.02499997 0.01716399 0.04003518 -0.02499997 0.01695168 0.0385378 -0.02499997 0.01661545 0.03706336 -0.02499997 0.01615786 0.03562188 -0.02499997 0.01558178 0.03422349 -0.02499997 0.01489156 0.03287786 -0.02499997 0.01409173 0.03159433 -0.02499997 0.013188 0.03038173 -0.02499997 0.01218628 0.02924859 -0.02499997 0.01109409 0.02820259 -0.02499997 0.02471208 0.03854817 -9.45802e-4 0.02471011 0.02536827 -9.45806e-4 0.03149658 0.0375362 -0.02499997 0.03126025 0.03604239 -0.02499997 0.03090059 0.03457331 -0.02499997 0.03042 0.03313928 -0.02499997 0.02982175 0.03175038 -0.02499997 0.02911007 0.03041595 -0.02499997 0.02828985 0.0291453 -0.02499997 0.02736681 0.02794736 -0.02499997 0.02634721 0.02683025 -0.02499997 0.02523845 0.02580183 -0.02499997 0.02404785 0.02486926 -0.02499997 0.02282541 0.024064 -9.4994e-4 0.02278375 0.02403897 -0.02499997 0.02145498 0.02331656 -0.02499997 0.02079159 0.02300739 -9.54401e-4 0.02007085 0.02270728 -0.02499997 0.01864069 0.0222153 -9.59118e-4 0.01864069 0.0222153 -0.02499997 0.0332818 0.03596276 -0.02499997 0.0329554 0.03450167 -0.02499997 0.03252166 0.03306871 -0.02499997 0.03198271 0.031672 -0.02499997 0.03134167 0.03031897 -0.02499997 0.03060191 0.02901732 -0.02499997 0.02976787 0.02777415 -0.02499997 0.02884376 0.02659618 -0.02499997 0.02783477 0.02549016 -0.02499997 0.02674657 0.02446198 -0.02499997 0.02558505 0.02351737 -0.02499997 0.02435666 0.0226615 -0.02499997 0.02470988 0.0228939 -9.45807e-4 0.02306813 0.02189916 -0.02499997 0.0217266 0.02123457 -0.02499997 0.02239161 0.02154839 -9.50891e-4 0.02033948 0.02067112 -0.02499997 0.0247097 0.02154815 -9.45807e-4 0.01937389 0.02154892 -9.5751e-4 0.002293825 0.02890902 -0.02499997 0 0.02899998 -0.02499997 0.002378821 0.04894208 -0.02499997 0.003068089 0.0476132 -0.02499997 0.003656744 0.04623669 -0.02499997 0.004141807 0.04482018 -0.02499997 0.004520416 0.04337173 -0.02499997 0.004790425 0.0418992 -0.02499997 0.004950523 0.04041063 -0.02499997 0.004999816 0.03891438 -0.02499997 0.004937887 0.03741848 -0.02499997 0.004765093 0.03593128 -0.02499997 0.004482567 0.0344612 -0.02499997 0.00409168 0.0330159 -0.02499997 0.003594636 0.03160369 -0.02499997 0.002994239 0.03023225 -0.02499997 0 0.04899996 -0.02499997 7.79216e-4 0.0477038 -0.02499997 0.001447916 0.04634726 -0.02499997 0.002001464 0.04493981 -0.02499997 0.002435982 0.0434913 -0.02499997 0.002748548 0.04201149 -0.02499997 0.002936959 0.04051095 -0.02499997 0.002999961 0.03899997 -0.02499997 0.002936959 0.03748881 -0.02499997 0.002748548 0.03598839 -0.02499997 0.002435982 0.0345087 -0.02499997 0.002001464 0.03306007 -0.02499997 0.001447916 0.03165262 -0.02499997 7.79216e-4 0.0302962 -0.02499997 -0.01450371 0.04680418 -0.02499997 -0.0134015 0.04579102 -0.02499997 -0.0123775 0.04469895 -0.02499997 -0.01143729 0.04353386 -0.02499997 -0.0105862 0.04230219 -0.02499997 -0.009828746 0.04101073 -0.02499997 -0.00916922 0.03966677 -0.02499997 -0.008611202 0.0382775 -0.02499997 -0.008157789 0.03685075 -0.02499997 -0.007811427 0.03539425 -0.02499997 -0.007574141 0.03391593 -0.02499997 -0.007447063 0.03242427 -0.02499997 -0.007431149 0.0309273 -0.02499997 -0.007526218 0.02943319 -0.02499997 -0.007731974 0.0279501 -0.02499997 -0.01675891 0.04604482 -0.02499997 -0.00991857 0.02725106 -0.02499997 -0.01558333 0.04509329 -0.02499997 -0.01449108 0.04404747 -0.02499997 -0.0134896 0.04291427 -0.02499997 -0.01258569 0.04170167 -0.02499997 -0.01178598 0.04041802 -0.02499997 -0.0110957 0.03907245 -0.02499997 -0.01051968 0.037674 -0.02499997 -0.01006203 0.03623259 -0.02499997 -0.009725868 0.03475809 -0.02499997 -0.009513497 0.0332607 -0.02499997 -0.009426414 0.03175079 -0.02499997 -0.009465217 0.03023898 -0.02499997 -0.009629666 0.02873551 -0.02499997 0.004165709 -0.04229533 0.018 0.006235957 -0.04203999 0.018 0.008291304 -0.04168331 0.018 0.01032668 -0.0412262 0.018 0.04244869 0.002085328 0.018 0.04249989 0 0.018 0.04229533 0.004165709 0.018 0.04203999 0.006235957 0.018 0.01233702 -0.04066991 0.018 0.04168331 0.008291304 0.018 0.01431775 -0.04001551 0.018 0.01626396 -0.03926479 0.018 0.0412262 0.01032668 0.018 0.01817107 -0.03841948 0.018 0.02003437 -0.0374816 0.018 0.04066991 0.01233702 0.018 0.04001551 0.01431775 0.018 0.03926479 0.01626396 0.018 0.02184939 -0.03645342 0.018 0.02361166 -0.03533738 0.018 0.02531719 -0.03413629 0.018 0.03841948 0.01817107 0.018 0.02696168 -0.03285282 0.018 0.0374816 0.02003437 0.018 0.0285412 -0.03149032 0.018 0.030052 -0.030052 0.018 0.03645342 0.02184939 0.018 0.03533738 0.02361166 0.018 0.03149032 -0.0285412 0.018 0.03413629 0.02531719 0.018 0.03285282 0.02696168 0.018 0.03285282 -0.02696168 0.018 0.03413629 -0.02531719 0.018 0.03149032 0.0285412 0.018 0.030052 0.030052 0.018 0.03533738 -0.02361166 0.018 0.03645342 -0.02184939 0.018 0.0285412 0.03149032 0.018 0.02696168 0.03285282 0.018 0.0374816 -0.02003437 0.018 0.02531719 0.03413629 0.018 0.03841948 -0.01817107 0.018 0.03926479 -0.01626396 0.018 0.02361166 0.03533738 0.018 0.04001551 -0.01431775 0.018 0.02184939 0.03645342 0.018 0.04066991 -0.01233702 0.018 0.02003437 0.0374816 0.018 0.0412262 -0.01032668 0.018 0.01817107 0.03841948 0.018 0.04168331 -0.008291304 0.018 0.01626396 0.03926479 0.018 0.04203999 -0.006235957 0.018 0.04229533 -0.004165709 0.018 0.01431775 0.04001551 0.018 0.01233702 0.04066991 0.018 0.04244869 -0.002085328 0.018 0.01032668 0.0412262 0.018 0.008291304 0.04168331 0.018 0.006235957 0.04203999 0.018 0.004165709 0.04229533 0.018 0.002085328 0.04244869 0.018 0 0.04249989 0.018 -0.002085328 0.04244869 0.018 -0.004165709 0.04229533 0.018 -0.006235957 0.04203999 0.018 -0.008291304 0.04168331 0.018 -0.01032668 0.0412262 0.018 -0.01233702 0.04066991 0.018 -0.01431775 0.04001551 0.018 -0.01626396 0.03926479 0.018 -0.01817107 0.03841948 0.018 -0.02003437 0.0374816 0.018 -0.02184939 0.03645342 0.018 -0.02361166 0.03533738 0.018 -0.02531719 0.03413629 0.018 -0.02696168 0.03285282 0.018 -0.0285412 0.03149032 0.018 -0.030052 0.030052 0.018 -0.03149032 0.0285412 0.018 -0.03285282 0.02696168 0.018 -0.03413629 0.02531719 0.018 -0.03533738 0.02361166 0.018 -0.03645342 0.02184939 0.018 -0.0374816 0.02003437 0.018 -0.03841948 0.01817107 0.018 -0.03926479 0.01626396 0.018 -0.04001551 0.01431775 0.018 -0.04066991 0.01233702 0.018 -0.0412262 0.01032668 0.018 -0.04168331 0.008291304 0.018 -0.04203999 0.006235957 0.018 -0.04229533 0.004165709 0.018 -0.04244869 0.002085328 0.018 -0.04249989 0 0.018 -0.04244869 -0.002085328 0.018 -0.04229533 -0.004165709 0.018 -0.04203999 -0.006235957 0.018 -0.04168331 -0.008291304 0.018 -0.0412262 -0.01032668 0.018 -0.04066991 -0.01233702 0.018 -0.04001551 -0.01431775 0.018 -0.03926479 -0.01626396 0.018 -0.03841948 -0.01817107 0.018 -0.0374816 -0.02003437 0.018 -0.03645342 -0.02184939 0.018 -0.03533738 -0.02361166 0.018 -0.03413629 -0.02531719 0.018 -0.03285282 -0.02696168 0.018 -0.03149032 -0.0285412 0.018 -0.030052 -0.030052 0.018 -0.0285412 -0.03149032 0.018 -0.02696168 -0.03285282 0.018 -0.02531719 -0.03413629 0.018 -0.02361166 -0.03533738 0.018 -0.02184939 -0.03645342 0.018 -0.02003437 -0.0374816 0.018 -0.01817107 -0.03841948 0.018 -0.01626396 -0.03926479 0.018 -0.01431775 -0.04001551 0.018 -0.01233702 -0.04066991 0.018 -0.01032668 -0.0412262 0.018 -0.008291304 -0.04168331 0.018 -0.006235957 -0.04203999 0.018 -0.004165709 -0.04229533 0.018 -0.002085328 -0.04244869 0.018 0 -0.04249989 0.018 0.002085328 -0.04244869 0.018 0.01360243 -0.01809161 0.003468394 0.01322597 -0.01722878 0.003917396 0.006425499 -0.007662296 0.007840633 0.00735116 -0.007302582 0.007765889 0.008333444 -0.007155776 0.007630825 0.009337604 -0.007231712 0.007438838 0.0103836 -0.00756824 0.007176399 0.01128858 -0.00812745 0.006883919 -0.002767503 0.005881369 0.008422434 -0.003482758 0.005488038 0.008422434 -0.004905581 0.006639361 0.008162379 -0.004143238 0.00500828 0.008422434 -0.008312642 0.00715661 0.007634282 -0.007342875 0.007304728 0.007766783 -0.008444368 0.006323099 0.007726073 -0.009321451 0.007228612 0.007442355 -0.009412407 0.005174458 0.007684648 -0.006425499 0.007662296 0.007840633 -0.005671024 0.00599879 0.008162379 -0.004738271 0.004449546 0.008422434 -0.006421208 0.005469799 0.0081321 -0.00525856 0.003820598 0.008422434 -0.007285118 0.004623234 0.00809884 -0.005695939 0.00313133 0.008422434 -0.007807195 0.003673732 0.00809884 -0.006043434 0.002392709 0.008422434 -0.008206069 0.002666234 0.00809884 -0.00629574 0.001616418 0.008422434 -0.008475542 0.001616716 0.00809884 -0.006448686 8.14666e-4 0.008422434 -0.008611381 5.41783e-4 0.00809884 -0.006499946 0 0.008422434 -0.008611381 -5.41783e-4 0.00809884 -0.006448686 -8.14666e-4 0.008422434 0.01120108 0.008059501 0.006915569 -0.008475542 -0.001616716 0.00809884 -0.00629574 -0.001616418 0.008422434 -0.008206069 -0.002666234 0.00809884 -0.006043434 -0.002392709 0.008422434 0.01028305 0.007523119 0.007204771 -0.007807195 -0.003673732 0.00809884 -0.005695939 -0.00313133 0.008422434 -0.008303523 -0.007156968 0.007635772 -0.009412407 -0.005174458 0.007684648 -0.007285118 -0.004623234 0.00809884 -0.00525856 -0.003820598 0.008422434 -0.007502615 -0.00726521 0.007748544 -0.006491184 -0.005454361 0.008124709 -0.006938517 -0.007433772 0.007806003 -0.004738271 -0.004449546 0.008422434 -0.006425499 -0.007662296 0.007840633 -0.005671024 -0.00599879 0.008162379 -0.004143238 -0.00500828 0.008422434 -0.004905581 -0.006639361 0.008162379 -0.004486083 -0.00893718 0.007840633 -0.005492866 -0.008356213 0.007840633 -0.002767503 -0.005881369 0.008422434 -0.003482758 -0.005488038 0.008422434 0.005492866 -0.008356213 0.007840633 0.004905581 -0.006639361 0.008162379 0.004486083 -0.00893718 0.007840633 0.002767503 -0.005881369 0.008422434 0.003482758 -0.005488038 0.008422434 0.004143238 -0.00500828 0.008422434 0.005671024 -0.00599879 0.008162379 0.004738271 -0.004449546 0.008422434 0.009797215 -0.005583286 0.007564604 0.008689641 -0.006313323 0.007684648 0.009986758 -0.003953993 0.007684648 0.00525856 -0.003820598 0.008422434 0.006424844 -0.005468845 0.008131742 0.005695939 -0.00313133 0.008422434 0.007285118 -0.004623234 0.00809884 0.006043434 -0.002392709 0.008422434 0.007807195 -0.003673732 0.00809884 0.00629574 -0.001616418 0.008422434 0.008206069 -0.002666234 0.00809884 0.008345603 0 0.008147239 0.01017969 0 0.007803857 0.008475542 -0.001616716 0.00809884 0.006448686 -8.14666e-4 0.008422434 0.007365465 -9.30486e-4 0.00829339 0.006499946 0 0.008422434 0.008206069 0.002666234 0.00809884 0.007807195 0.003673732 0.00809884 0.009302318 0.002702534 0.007903039 0.009986758 0.003953993 0.007684648 0.01065629 0.001346111 0.007684648 0.008475542 0.001616716 0.00809884 -0.009114265 0.003281295 0.007903039 -0.01040357 0.002671182 0.007684648 -0.009643912 9.11623e-4 0.007903039 -0.01074105 0 0.007684648 -0.01040357 -0.002671182 0.007684648 -0.009567677 -0.001515269 0.007903039 -0.008890211 -0.003847122 0.007903039 0.003418684 0.009397387 0.007840633 0.004486083 0.00893718 0.007840633 0.002767503 0.005881369 0.008422434 0.009453654 -0.002113044 0.007903039 0.01065629 -0.001346111 0.007684648 0.00230515 0.009730637 0.007840633 0.002008557 0.006181836 0.008422434 0.001160383 0.009932398 0.007840633 0.001217961 0.006384789 0.008422434 0 0.00999999 0.007840633 4.08138e-4 0.006487131 0.008422434 -4.08138e-4 0.006487131 0.008422434 -0.001160383 0.009932398 0.007840633 -0.001217961 0.006384789 0.008422434 -0.00230515 0.009730637 0.007840633 -0.002008557 0.006181836 0.008422434 -0.003418684 0.009397387 0.007840633 -0.01119959 0.008058369 0.006916165 -0.01032537 0.007541716 0.007192969 -0.01163029 0.008429288 0.00675112 -0.004486083 0.00893718 0.007840633 -0.01119697 -0.008056342 0.006917119 -0.01021438 -0.007494032 0.007223725 -0.003418684 -0.009397387 0.007840633 -0.00230515 -0.009730637 0.007840633 -0.002008557 -0.006181836 0.008422434 -0.001160383 -0.009932398 0.007840633 -0.001217961 -0.006384789 0.008422434 0 -0.00999999 0.007840633 -4.08138e-4 -0.006487131 0.008422434 0.001160383 -0.009932398 0.007840633 4.08138e-4 -0.006487131 0.008422434 0.00230515 -0.009730637 0.007840633 0.001217961 -0.006384789 0.008422434 0.003418684 -0.009397387 0.007840633 0.002008557 -0.006181836 0.008422434 0.008511424 0.007152616 0.007600784 0.009382784 0.007240593 0.007428824 0.008689641 0.006313323 0.007684648 0.007720232 0.007221043 0.007721424 -0.009210705 -0.00720942 0.007466137 0.007365465 9.30486e-4 0.00829339 0.00629574 0.001616418 0.008422434 0.006448686 8.14666e-4 0.008422434 0.009819984 0.005584955 0.007559835 0.006043434 0.002392709 0.008422434 0.005695939 0.00313133 0.008422434 0.007285118 0.004623234 0.00809884 0.00525856 0.003820598 0.008422434 0.006587684 0.005438745 0.008113682 0.007034361 0.00739938 0.007797718 0.00628829 0.005509614 0.008144736 0.004738271 0.004449546 0.008422434 0.005671024 0.00599879 0.008162379 0.006425499 0.007662296 0.007840633 0.004143238 0.00500828 0.008422434 0.004905581 0.006639361 0.008162379 0.005492866 0.008356213 0.007840633 0.003482758 0.005488038 0.008422434 -0.005492866 0.008356213 0.007840633 0.0184046 0.004567623 0.002947807 0.01969861 0.004737555 0.002941966 0.0171985 0.004068911 0.002970457 0.01616275 0.003275573 0.003008306 0.01536798 0.002241492 0.003058969 0.01486808 0.00103718 0.003118932 0.01469737 -2.55201e-4 0.00318408 0.01486748 -0.001547574 0.003249943 0.01536667 -0.002752006 0.003312051 0.01616096 -0.003786385 0.003366231 0.01719623 -0.00458014 0.00340873 0.01840204 -0.00507915 0.003436625 0.01969617 -0.0052495 0.003448069 0.02083259 0.002269089 0.003069519 0.0196501 0.002652645 0.003047585 0.01902467 0.002613306 0.003048121 0.02026563 0.002535462 0.003054857 0.01701277 -1.52374e-4 0.003183901 0.01701277 4.73489e-4 0.003152251 0.02131545 -0.001548111 0.003264129 0.01842868 0.002419829 0.003056645 0.02083259 -0.001947045 0.003283262 0.0171687 0.001079618 0.003121793 0.02168387 -0.00104171 0.003239274 0.02026563 -0.002213597 0.003295481 0.01789957 0.002084434 0.0030725 0.0219146 -4.59829e-4 0.003210186 0.01747053 0.00162816 0.003094673 0.0196501 -0.002331018 0.00330013 0.0219931 1.61108e-4 0.003178954 0.01902467 -0.002291679 0.003296732 0.0219146 7.82027e-4 0.003147304 0.01842868 -0.002098441 0.003285706 0.02168387 0.001363873 0.003117263 0.01789957 -0.001763105 0.003267467 0.02131545 0.001870155 0.003090858 0.01747053 -0.001306951 0.003243446 0.0171687 -7.58557e-4 0.003214955 -0.01322597 -0.01722878 0.003917396 -0.01360243 -0.01809161 0.003468394 0.01026386 -0.01355177 -0.002936959 0.005841553 -0.009320676 -0.007359325 0.004909098 -0.009843766 -0.0082919 0.003930211 -0.01027387 -0.009270727 0.002126574 -0.01079249 -0.01107436 2.52337e-4 -0.01099699 -0.01294869 -0.001805007 -0.01085078 -0.015006 -0.003798902 -0.0103231 -0.0169999 -0.005092442 -0.009750127 -0.0169999 -0.00630182 -0.009015858 -0.0169999 -0.00740689 -0.008132457 -0.0169999 -0.01015466 -0.01363372 -0.0169999 0.009165167 -0.01431775 -0.00403583 0.008009493 -0.0149948 -0.005191445 0.005903661 -0.01594179 -0.007297158 0.003667116 -0.01659977 -0.009533822 0.001349627 -0.01694625 -0.01185125 -0.001238942 -0.01695472 -0.01444 -0.003798902 -0.01657009 -0.0169999 -0.006046473 -0.01588827 -0.0169999 -0.008178651 -0.01490318 -0.0169999 -0.01322597 0.01722878 0.003917396 -0.01360243 0.01809161 0.003468394 -0.02012765 0.004743397 0.002854645 -0.02183115 -7.62867e-4 0.003129959 -0.02198708 -1.56684e-4 0.003098905 -0.02198708 4.69179e-4 0.003067195 -0.01762789 0.004074037 0.002893984 -0.01873427 0.002531111 0.002969801 -0.01883351 0.004573047 0.002866089 -0.01934975 0.002648293 0.00296247 -0.02183115 0.001075387 0.003036797 -0.02152919 0.001623809 0.003009617 -0.0199753 0.002608954 0.002963185 -0.02057117 0.002415478 0.002971649 -0.01579946 -0.002747595 0.003243744 -0.01659429 -0.003781676 0.003294408 -0.0176844 -0.001552343 0.003179073 -0.02110028 0.002080142 0.002987504 -0.0176301 -0.004575014 0.003332376 -0.01816713 -0.001951396 0.003198266 -0.01529961 -0.001543283 0.003183782 -0.01731598 -0.001046001 0.003154218 -0.01883608 -0.005073726 0.003355026 -0.01873427 -0.002217948 0.003210425 -0.01512897 -2.50899e-4 0.003118634 -0.01708525 -4.64138e-4 0.00312525 -0.02013009 -0.005243659 0.003360748 -0.01934975 -0.00233525 0.003215134 -0.01529896 0.001041471 0.003052771 -0.01700675 1.56798e-4 0.003093898 -0.0199753 -0.00229609 0.003211677 -0.01708525 7.77717e-4 0.003062248 -0.01579815 0.002245903 0.002990663 -0.02057117 -0.002102673 0.00320065 -0.01731598 0.001359522 0.003032267 -0.02110028 -0.001767396 0.00318253 -0.0176844 0.001865804 0.003005862 -0.0165925 0.003280282 0.002936542 -0.01816713 0.002264738 0.002984583 -0.02152919 -0.001311182 0.00315845 0.01322597 0.01722878 0.003917396 0.01360243 0.01809161 0.003468394 -0.00740689 0.008132457 -0.006794035 -0.01015466 0.01363372 -0.004046261 -0.006214857 0.009076058 -0.007986068 -0.004904091 0.00984627 -0.009296834 -0.003169476 0.01053345 -0.01103132 -0.001327455 0.01091957 -0.01287347 7.49098e-4 0.0109744 -0.01495003 0.002798914 0.01063781 -0.0169999 0.003855824 0.010302 -0.0169999 0.004873394 0.009861469 -0.0169999 0.005841553 0.009320676 -0.0169999 0.01015466 0.01363372 -0.0169999 -0.008557081 0.0146892 -0.005643784 -0.006850898 0.01555836 -0.007349967 -0.004666209 0.01634699 -0.009534716 -0.002377927 0.01683282 -0.01182293 2.12988e-4 0.01699858 -0.01441395 0.002798914 0.01676791 -0.0169999 0.004115641 0.01649427 -0.0169999 0.005406618 0.01611727 -0.0169999 0.00666368 0.01563948 -0.0169999 0.007879137 0.01506376 -0.0169999 0.009045183 0.0143938 -0.0169999 -0.03899997 0 0.018 -0.0389449 0.00206995 0.018 0 0.03899997 0.018 -0.003990173 0.03879529 0.018 -0.03878027 0.004134178 0.018 -0.03850615 0.006186664 0.018 -0.007938563 0.03818345 0.018 -0.03812342 0.008221745 0.018 -0.03763329 0.0102337 0.018 -0.0118035 0.03717082 0.018 0.02726835 -0.02788239 0.018 0.02870982 -0.02639579 0.018 -0.03703719 0.01221662 0.018 0.02574998 -0.02929043 0.018 0.03007036 -0.02483475 0.018 -0.03633648 0.0141654 0.018 0.02415907 -0.03061598 0.018 -0.01554465 0.03576815 0.018 0.0313462 -0.02320379 0.018 0.02249991 -0.03185498 0.018 0.03253352 -0.02150726 0.018 0.03362923 -0.01975011 0.018 -0.0355333 0.016074 0.018 0.01912266 -0.0339899 0.018 0.03463011 -0.01793736 0.018 -0.03463011 0.01793736 0.018 -0.01912266 0.0339899 0.018 0.0355333 -0.016074 0.018 -0.03362923 0.01975011 0.018 0.01554465 -0.03576815 0.018 0.03633648 -0.0141654 0.018 -0.03253352 0.02150726 0.018 -0.02249991 0.03185498 0.018 0.03703719 -0.01221662 0.018 -0.0313462 0.02320379 0.018 0.0118035 -0.03717082 0.018 -0.02415907 0.03061598 0.018 0.03763329 -0.0102337 0.018 -0.02574998 0.02929043 0.018 -0.03007036 0.02483475 0.018 0.03812342 -0.008221745 0.018 -0.02870982 0.02639579 0.018 -0.02726835 0.02788239 0.018 0.007938563 -0.03818345 0.018 0.03850615 -0.006186664 0.018 0.03878027 -0.004134178 0.018 0.003990173 -0.03879529 0.018 0.0389449 -0.00206995 0.018 0.03899997 0 0.018 0 -0.03899997 0.018 0.0389449 0.00206995 0.018 -0.003990173 -0.03879529 0.018 0.03878027 0.004134178 0.018 0.03850615 0.006186664 0.018 -0.007938563 -0.03818345 0.018 0.03812342 0.008221745 0.018 0.03763329 0.0102337 0.018 -0.0118035 -0.03717082 0.018 0.03703719 0.01221662 0.018 0.03633648 0.0141654 0.018 -0.01554465 -0.03576815 0.018 0.0355333 0.016074 0.018 0.03463011 0.01793736 0.018 -0.01912266 -0.0339899 0.018 0.03362923 0.01975011 0.018 0.03253352 0.02150726 0.018 -0.02249991 -0.03185498 0.018 0.0313462 0.02320379 0.018 -0.02415907 -0.03061598 0.018 0.03007036 0.02483475 0.018 -0.02574998 -0.02929043 0.018 0.02870982 0.02639579 0.018 -0.02726835 -0.02788239 0.018 0.02726835 0.02788239 0.018 -0.02870982 -0.02639579 0.018 0.02574998 0.02929043 0.018 -0.03007036 -0.02483475 0.018 0.02415907 0.03061598 0.018 -0.0313462 -0.02320379 0.018 0.02249991 0.03185498 0.018 -0.03253352 -0.02150726 0.018 -0.03362923 -0.01975011 0.018 0.01912266 0.0339899 0.018 -0.03463011 -0.01793736 0.018 -0.0355333 -0.016074 0.018 0.01554465 0.03576815 0.018 -0.03633648 -0.0141654 0.018 -0.03703719 -0.01221662 0.018 0.0118035 0.03717082 0.018 -0.03763329 -0.0102337 0.018 -0.03812342 -0.008221745 0.018 0.007938563 0.03818345 0.018 -0.03850615 -0.006186664 0.018 -0.03878027 -0.004134178 0.018 0.003990173 0.03879529 0.018 -0.0389449 -0.00206995 0.018 0.006499946 0 0.018 0.006448686 8.14666e-4 0.018 0.00629574 0.001616418 0.018 0.006043434 0.002392709 0.018 0.005695939 0.00313133 0.018 0.00525856 0.003820598 0.018 0.004738271 0.004449546 0.018 0.004143238 0.00500828 0.018 0.003482758 0.005488038 0.018 0.002767503 0.005881369 0.018 0.002008557 0.006181836 0.018 0.001217961 0.006384789 0.018 4.08138e-4 0.006487131 0.018 -4.08138e-4 0.006487131 0.018 -0.001217961 0.006384789 0.018 -0.002008557 0.006181836 0.018 -0.002767503 0.005881369 0.018 -0.003482758 0.005488038 0.018 -0.004143238 0.00500828 0.018 -0.004738271 0.004449546 0.018 -0.00525856 0.003820598 0.018 -0.005695939 0.00313133 0.018 -0.006043434 0.002392709 0.018 -0.00629574 0.001616418 0.018 -0.006448686 8.14666e-4 0.018 -0.006499946 0 0.018 -0.006448686 -8.14666e-4 0.018 -0.00629574 -0.001616418 0.018 -0.006043434 -0.002392709 0.018 -0.005695939 -0.00313133 0.018 -0.00525856 -0.003820598 0.018 -0.004738271 -0.004449546 0.018 -0.004143238 -0.00500828 0.018 -0.003482758 -0.005488038 0.018 -0.002767503 -0.005881369 0.018 -0.002008557 -0.006181836 0.018 -0.001217961 -0.006384789 0.018 -4.08138e-4 -0.006487131 0.018 4.08138e-4 -0.006487131 0.018 0.001217961 -0.006384789 0.018 0.002008557 -0.006181836 0.018 0.002767503 -0.005881369 0.018 0.003482758 -0.005488038 0.018 0.004143238 -0.00500828 0.018 0.004738271 -0.004449546 0.018 0.00525856 -0.003820598 0.018 0.005695939 -0.00313133 0.018 0.006043434 -0.002392709 0.018 0.00629574 -0.001616418 0.018 0.006448686 -8.14666e-4 0.018 0.02081519 0.002673923 0.0110594 0.02129805 0.002275109 0.01108056 0.02166628 0.001768708 0.01110702 0.02189701 -5.492e-5 0.01119995 0.02197551 5.66017e-4 0.01116859 0.02189701 0.001186907 0.011137 0.02166628 -6.36858e-4 0.01122891 0.02129805 -0.001143217 0.01125389 0.02081519 -0.00154215 0.0112729 0.02024817 -0.001808702 0.0112853 0.01963251 -0.001926004 0.01128989 0.0190072 -0.001886785 0.01128643 0.01841109 -0.001693487 0.01127535 0.01788198 -0.001358211 0.01125729 0.01745307 -9.02062e-4 0.01123315 0.01715111 -3.53648e-4 0.01120471 0.01699537 2.52535e-4 0.0111736 0.01699537 8.78398e-4 0.01114189 0.01715111 0.001484513 0.01111149 0.01745307 0.002032995 0.01108443 0.01788198 0.002489328 0.01106226 0.01841109 0.002824783 0.0110464 0.0190072 0.00301826 0.01103788 0.01963251 0.003057599 0.01103729 0.02024817 0.002940416 0.01104456 -0.0177018 0.002270758 0.0109955 -0.01818466 0.002669632 0.01097422 -0.01733338 0.001764476 0.01102209 -0.01710271 -5.9229e-5 0.01111495 -0.01702421 5.61708e-4 0.01108366 -0.01710271 0.001182556 0.01105195 -0.01733338 -6.41167e-4 0.01114398 -0.0177018 -0.001147449 0.01116871 -0.01818466 -0.001546502 0.01118797 -0.01875168 -0.001813054 0.01120018 -0.01936721 -0.001930356 0.01120483 -0.01999258 -0.001891136 0.0112015 -0.02058869 -0.001697838 0.01119035 -0.0211178 -0.001362442 0.01117229 -0.02154678 -9.06372e-4 0.01114815 -0.02184861 -3.57957e-4 0.01111978 -0.02200448 2.48226e-4 0.0110886 -0.02200448 8.74089e-4 0.0110569 -0.02184861 0.001480281 0.01102656 -0.02154678 0.002028763 0.0109995 -0.0211178 0.002484977 0.0109772 -0.02058869 0.002820432 0.01096135 -0.01999258 0.003013849 0.01095283 -0.01936721 0.003053247 0.01095229 -0.01875168 0.002936065 0.0109595 0.03899997 0 0.002999961 0.0389449 0.00206995 0.002999961 0.03878027 0.004134178 0.002999961 0.03850615 0.006186664 0.002999961 0.03812342 0.008221745 0.002999961 0.03763329 0.0102337 0.002999961 0.03703719 0.01221662 0.002999961 0.03633648 0.0141654 0.002999961 0.0355333 0.016074 0.002999961 0.03463011 0.01793736 0.002999961 0.03362923 0.01975011 0.002999961 0.03253352 0.02150726 0.002999961 0.0313462 0.02320379 0.002999961 0.03007036 0.02483475 0.002999961 0.02870982 0.02639579 0.002999961 0.02726835 0.02788239 0.002999961 0.02574998 0.02929043 0.002999961 0.02415907 0.03061598 0.002999961 0.02249991 0.03185498 0.002999961 0.02415907 -0.03061598 0.002999961 0.02249991 -0.03185498 0.002999961 0.02574998 -0.02929043 0.002999961 0.02726835 -0.02788239 0.002999961 0.02870982 -0.02639579 0.002999961 0.03007036 -0.02483475 0.002999961 0.0313462 -0.02320379 0.002999961 0.03253352 -0.02150726 0.002999961 0.03362923 -0.01975011 0.002999961 0.03463011 -0.01793736 0.002999961 0.0355333 -0.016074 0.002999961 0.03633648 -0.0141654 0.002999961 0.03703719 -0.01221662 0.002999961 0.03763329 -0.0102337 0.002999961 0.03812342 -0.008221745 0.002999961 0.03850615 -0.006186664 0.002999961 0.03878027 -0.004134178 0.002999961 0.0389449 -0.00206995 0.002999961 0.01014828 0.03380966 0.018 0.009725093 0.03354096 0.018 0.009381949 0.03317552 0.018 0.009140431 0.03273618 0.018 0.009015738 0.0322507 0.018 0.009015738 0.03174918 0.018 0.01199996 0.01499992 0.018 0.009725093 0.03045892 0.018 -0.009542047 0.03063082 0.018 -0.01199996 0.01499992 0.018 0.009381949 0.03082436 0.018 -0.009928345 0.03031122 0.018 0.009140431 0.0312637 0.018 -0.009247362 0.03103649 0.018 0.01207149 -0.03368866 0.018 0.01245778 -0.03336906 0.018 0.01275259 -0.03296345 0.018 -0.01038193 0.0300979 0.018 -0.009062826 0.0315026 0.018 0.01161789 -0.03390198 0.018 -0.01087439 0.0300039 0.018 0.01293712 -0.03249728 0.018 -0.008999943 0.032 0.018 -0.01137477 0.03003531 0.018 0.01112556 -0.03399592 0.018 0.01299995 -0.032 0.018 -0.01185148 0.03019022 0.018 0.01062518 -0.03396457 0.018 0.01293712 -0.0315026 0.018 0.01014828 -0.03380966 0.018 -0.01227486 0.03045892 0.018 -0.009062826 0.03249728 0.018 -0.009247362 0.03296345 0.018 0.01275259 -0.03103649 0.018 0.009725093 -0.03354096 0.018 0.01245778 -0.03063082 0.018 0.009381949 -0.03317552 0.018 0.01207149 -0.03031122 0.018 0.009140431 -0.03273618 0.018 0.009015738 -0.0322507 0.018 0.009015738 -0.03174918 0.018 -0.009542047 0.03336906 0.018 -0.009928345 0.03368866 0.018 -0.01038193 0.03390198 0.018 -0.01087439 0.03399592 0.018 -0.01137477 0.03396457 0.018 -0.01185148 0.03380966 0.018 -0.01227486 0.03354096 0.018 -0.01261788 0.03317552 0.018 -0.01285958 0.03273618 0.018 -0.01298409 0.0322507 0.018 0.01199996 -0.01499992 0.018 -0.01298409 0.03174918 0.018 0.01161789 -0.0300979 0.018 -0.01285958 0.0312637 0.018 0.01112556 -0.0300039 0.018 0.01062518 -0.03003531 0.018 0.01014828 -0.03019022 0.018 0.009725093 -0.03045892 0.018 -0.01261788 0.03082436 0.018 -0.009542047 -0.03336906 0.018 -0.009928345 -0.03368866 0.018 -0.009247362 -0.03296345 0.018 -0.01038193 -0.03390198 0.018 -0.009062826 -0.03249728 0.018 -0.01087439 -0.03399592 0.018 -0.008999943 -0.032 0.018 -0.01137477 -0.03396457 0.018 -0.009062826 -0.0315026 0.018 0.009140431 -0.0312637 0.018 -0.01185148 -0.03380966 0.018 0.009381949 -0.03082436 0.018 -0.009247362 -0.03103649 0.018 -0.01227486 -0.03354096 0.018 -0.009542047 -0.03063082 0.018 -0.01261788 -0.03317552 0.018 -0.01285958 -0.03273618 0.018 -0.01298409 -0.0322507 0.018 -0.01298409 -0.03174918 0.018 -0.01285958 -0.0312637 0.018 -0.01261788 -0.03082436 0.018 -0.01227486 -0.03045892 0.018 -0.01199996 -0.01499992 0.018 -0.009928345 -0.03031122 0.018 -0.01038193 -0.0300979 0.018 -0.01087439 -0.0300039 0.018 -0.01137477 -0.03003531 0.018 -0.01185148 -0.03019022 0.018 0.01207149 0.03031122 0.018 0.01245778 0.03063082 0.018 0.01275259 0.03103649 0.018 0.01161789 0.0300979 0.018 0.01293712 0.0315026 0.018 0.01112556 0.0300039 0.018 0.01299995 0.032 0.018 0.01062518 0.03003531 0.018 0.01014828 0.03019022 0.018 0.01293712 0.03249728 0.018 0.01275259 0.03296345 0.018 0.01245778 0.03336906 0.018 0.01207149 0.03368866 0.018 0.01161789 0.03390198 0.018 0.01112556 0.03399592 0.018 0.01062518 0.03396457 0.018 -0.03899997 0 0.002999961 -0.0389449 0.00206995 0.002999961 -0.02249991 0.03185498 0.002999961 -0.0389449 -0.00206995 0.002999961 -0.02415907 0.03061598 0.002999961 -0.03878027 -0.004134178 0.002999961 -0.03850615 -0.006186664 0.002999961 -0.02574998 0.02929043 0.002999961 -0.02726835 0.02788239 0.002999961 -0.03812342 -0.008221745 0.002999961 -0.02870982 0.02639579 0.002999961 -0.03763329 -0.0102337 0.002999961 -0.03703719 -0.01221662 0.002999961 -0.03007036 0.02483475 0.002999961 -0.0313462 0.02320379 0.002999961 -0.03633648 -0.0141654 0.002999961 -0.0355333 -0.016074 0.002999961 -0.03253352 0.02150726 0.002999961 -0.03463011 -0.01793736 0.002999961 -0.03362923 0.01975011 0.002999961 -0.03463011 0.01793736 0.002999961 -0.03362923 -0.01975011 0.002999961 -0.03253352 -0.02150726 0.002999961 -0.0355333 0.016074 0.002999961 -0.03633648 0.0141654 0.002999961 -0.0313462 -0.02320379 0.002999961 -0.03007036 -0.02483475 0.002999961 -0.03703719 0.01221662 0.002999961 -0.02870982 -0.02639579 0.002999961 -0.03763329 0.0102337 0.002999961 -0.02726835 -0.02788239 0.002999961 -0.03812342 0.008221745 0.002999961 -0.02574998 -0.02929043 0.002999961 -0.02415907 -0.03061598 0.002999961 -0.03850615 0.006186664 0.002999961 -0.02249991 -0.03185498 0.002999961 -0.03878027 0.004134178 0.002999961 0.01838701 0.004972577 0.01093757 0.01485061 0.001442015 0.01110863 0.0146799 1.49708e-4 0.0111739 0.01718103 0.004473865 0.01096016 0.01967865 -0.004844546 0.01143789 0.02467858 -0.004845201 0.01144886 0.01535046 0.002646327 0.01104879 0.01614522 0.003680408 0.01099807 0.01717889 -0.004175186 0.01139849 0.01838457 -0.004674196 0.01142632 0.02468115 0.005141854 0.01094263 0.0161435 -0.003381431 0.01135593 0.01534909 -0.002347171 0.01130181 0.01484996 -0.00114274 0.01123958 0.01968115 0.005142569 0.01093173 -0.0188511 0.004977941 0.01085585 -0.01764523 0.004478931 0.01088368 -0.02014511 0.005148231 0.01084429 -0.02514517 0.005148947 0.0108335 -0.02514761 -0.004838109 0.0113396 -0.01661175 -0.003376722 0.01128417 -0.0158168 -0.002342641 0.01123338 -0.0176475 -0.004170179 0.01132208 -0.0153172 -0.001138389 0.01117348 -0.0188536 -0.004668772 0.01134479 -0.01514649 1.5401e-4 0.01110839 -0.02014768 -0.004838824 0.01135057 -0.01531642 0.001446366 0.01104259 -0.01581567 0.002650797 0.0109803 -0.0166099 0.003685176 0.01092618 0.02692735 0.009336173 0.002999961 0.02624464 0.01111143 0.002999961 0.02350991 -0.01610988 0.002999961 0.02453213 -0.01450586 0.002999961 0.0254451 0.01283729 0.002999961 0.0254451 -0.01283729 0.002999961 0.02453213 0.01450586 0.002999961 0.02624464 -0.01111143 0.002999961 0.02350991 0.01610988 0.002999961 0.02238309 0.01764208 0.002999961 0.02692735 -0.009336173 0.002999961 0.02115648 0.01909571 0.002999961 0.02749013 -0.007519364 0.002999961 0.01983577 0.02046436 0.002999961 0.02793043 -0.005668938 0.002999961 0.01842653 0.0217418 0.002999961 0.01693528 0.02292245 0.002999961 0.0282464 -0.003793418 0.002999961 0.02843648 -0.001900911 0.002999961 0.01983577 -0.02046436 0.002999961 0.02849996 0 0.002999961 0.02115648 -0.01909571 0.002999961 0.02843648 0.001900911 0.002999961 0.0282464 0.003793418 0.002999961 0.01842653 -0.0217418 0.002999961 0.02793043 0.005668938 0.002999961 0.02238309 -0.01764208 0.002999961 0.02749013 0.007519364 0.002999961 0.01693528 -0.02292245 0.002999961 0.01284569 0.0163576 0.007999956 0.01202988 0.01504802 0.008011639 0.01204478 0.01507198 0.007999956 0.01201492 0.015024 0.008023262 0.01199996 0.01499992 0.008034884 0.01425319 0.01861709 0.006050467 0.01284569 0.0163576 0.00734663 0.01561802 0.02080786 0.004599869 0.01204478 -0.01507198 0.007999956 0.01202988 -0.01504802 0.008011639 0.01284569 -0.0163576 0.007999956 0.01201492 -0.015024 0.008023262 0.01199996 -0.01499992 0.008034884 0.01284569 -0.0163576 0.00734663 0.01425319 -0.01861709 0.006050467 0.01561802 -0.02080786 0.004599869 0.01199996 0.007592082 0.009799659 0.01199996 0.008844435 0.009586095 0.01199996 0.01009082 0.009340047 0.01199996 0.0113303 0.009061753 0.01199996 0.01256239 0.008751273 0.01199996 0.006334543 0.009980618 0.01199996 0.005072772 0.01012879 0.01199996 0.003807604 0.01024425 0.01199996 0.002539753 0.01032668 0.01199996 0.001270294 0.01037609 0.01199996 0 0.0103926 0.01199996 -0.01256239 0.008751273 0.01199996 -0.0113303 0.009061753 0.01199996 -0.01009082 0.009340047 0.01199996 -0.008844435 0.009586095 0.01199996 -0.007592082 0.009799659 0.01199996 -0.006334543 0.009980618 0.01199996 -0.005072772 0.01012879 0.01199996 -0.003807604 0.01024425 0.01199996 -0.002539753 0.01032668 0.01199996 -0.001270294 0.01037609 -0.01693528 0.02292245 0.002999961 -0.01561802 0.02080786 0.004599869 -0.01425319 0.01861709 0.006050467 -0.01284569 0.0163576 0.007999956 -0.01284569 0.0163576 0.00734663 -0.01202988 0.01504802 0.008011639 -0.01204478 0.01507198 0.007999956 -0.01201492 0.015024 0.008023262 -0.01199996 0.01499992 0.008034884 -0.01199996 0.008844435 0.009586095 -0.01199996 0.007592082 0.009799659 -0.01199996 0.01009082 0.009340047 -0.01199996 0.0113303 0.009061753 -0.01199996 0.01256239 0.008751273 -0.01199996 0.006334543 0.009980618 -0.01199996 0.005072772 0.01012879 -0.01199996 0.003807604 0.01024425 -0.01199996 0.002539753 0.01032668 -0.01199996 0.001270294 0.01037609 -0.01199996 0 0.0103926 -0.01199996 -0.01256239 0.008751273 -0.01199996 -0.01499992 0.008034884 -0.01199996 -0.0113303 0.009061753 -0.01199996 -0.01009082 0.009340047 -0.01199996 -0.008844435 0.009586095 -0.01199996 -0.007592082 0.009799659 -0.01199996 -0.006334543 0.009980618 -0.01199996 -0.005072772 0.01012879 -0.01199996 -0.003807604 0.01024425 -0.01199996 -0.002539753 0.01032668 -0.01199996 -0.001270294 0.01037609 -0.01284569 -0.0163576 0.007999956 -0.01202988 -0.01504802 0.008011639 -0.01204478 -0.01507198 0.007999956 -0.01201492 -0.015024 0.008023262 -0.01425319 -0.01861709 0.006050467 -0.01284569 -0.0163576 0.00734663 -0.01693528 -0.02292245 0.002999961 -0.01561802 -0.02080786 0.004599869 0.01161789 -0.03390198 0.006999969 0.01112556 -0.03399592 0.006999969 0.01293712 -0.0315026 0.006999969 0.01299995 -0.032 0.006999969 0.01207149 -0.03368866 0.006999969 0.01245778 -0.03336906 0.006999969 0.01275259 -0.03103649 0.006999969 0.01245778 -0.03063082 0.006999969 0.01275259 -0.03296345 0.006999969 0.01293712 -0.03249728 0.006999969 0.01207149 -0.03031122 0.006999969 0.01161789 -0.0300979 0.006999969 0.01112556 -0.0300039 0.006999969 0.01062518 -0.03003531 0.006999969 0.01014828 -0.03019022 0.006999969 0.009725093 -0.03045892 0.006999969 0.009381949 -0.03082436 0.006999969 0.009140431 -0.0312637 0.006999969 0.009015738 -0.03174918 0.006999969 0.009015738 -0.0322507 0.006999969 0.009140431 -0.03273618 0.006999969 0.009381949 -0.03317552 0.006999969 0.009725093 -0.03354096 0.006999969 0.01014828 -0.03380966 0.006999969 0.01062518 -0.03396457 0.006999969 0.01161789 0.0300979 0.006999969 0.01112556 0.0300039 0.006999969 0.01293712 0.03249728 0.006999969 0.01299995 0.032 0.006999969 0.01207149 0.03031122 0.006999969 0.01245778 0.03063082 0.006999969 0.01275259 0.03296345 0.006999969 0.01245778 0.03336906 0.006999969 0.01275259 0.03103649 0.006999969 0.01293712 0.0315026 0.006999969 0.01207149 0.03368866 0.006999969 0.01161789 0.03390198 0.006999969 0.01112556 0.03399592 0.006999969 0.01062518 0.03396457 0.006999969 0.01014828 0.03380966 0.006999969 0.009725093 0.03354096 0.006999969 0.009381949 0.03317552 0.006999969 0.009140431 0.03273618 0.006999969 0.009015738 0.0322507 0.006999969 0.009015738 0.03174918 0.006999969 0.009140431 0.0312637 0.006999969 0.009381949 0.03082436 0.006999969 0.009725093 0.03045892 0.006999969 0.01014828 0.03019022 0.006999969 0.01062518 0.03003531 0.006999969 -0.01038193 -0.03390198 0.006999969 -0.01087439 -0.03399592 0.006999969 -0.009062826 -0.0315026 0.006999969 -0.008999943 -0.032 0.006999969 -0.009928345 -0.03368866 0.006999969 -0.009542047 -0.03336906 0.006999969 -0.009247362 -0.03103649 0.006999969 -0.009542047 -0.03063082 0.006999969 -0.009247362 -0.03296345 0.006999969 -0.009062826 -0.03249728 0.006999969 -0.009928345 -0.03031122 0.006999969 -0.01038193 -0.0300979 0.006999969 -0.01087439 -0.0300039 0.006999969 -0.01137477 -0.03003531 0.006999969 -0.01185148 -0.03019022 0.006999969 -0.01227486 -0.03045892 0.006999969 -0.01261788 -0.03082436 0.006999969 -0.01285958 -0.0312637 0.006999969 -0.01298409 -0.03174918 0.006999969 -0.01298409 -0.0322507 0.006999969 -0.01285958 -0.03273618 0.006999969 -0.01261788 -0.03317552 0.006999969 -0.01227486 -0.03354096 0.006999969 -0.01185148 -0.03380966 0.006999969 -0.01137477 -0.03396457 0.006999969 -0.01038193 0.0300979 0.006999969 -0.01087439 0.0300039 0.006999969 -0.009062826 0.03249728 0.006999969 -0.008999943 0.032 0.006999969 -0.009928345 0.03031122 0.006999969 -0.009542047 0.03063082 0.006999969 -0.009247362 0.03296345 0.006999969 -0.009542047 0.03336906 0.006999969 -0.009247362 0.03103649 0.006999969 -0.009062826 0.0315026 0.006999969 -0.009928345 0.03368866 0.006999969 -0.01038193 0.03390198 0.006999969 -0.01087439 0.03399592 0.006999969 -0.01137477 0.03396457 0.006999969 -0.01185148 0.03380966 0.006999969 -0.01227486 0.03354096 0.006999969 -0.01261788 0.03317552 0.006999969 -0.01285958 0.03273618 0.006999969 -0.01298409 0.0322507 0.006999969 -0.01298409 0.03174918 0.006999969 -0.01285958 0.0312637 0.006999969 -0.01261788 0.03082436 0.006999969 -0.01227486 0.03045892 0.006999969 -0.01185148 0.03019022 0.006999969 -0.01137477 0.03003531 0.006999969 -0.02800369 -0.005295634 0.002999961 -0.02827888 -0.003541827 0.002999961 -0.02653199 0.01040685 0.002999961 -0.02583259 0.01203852 0.002999961 -0.02844458 -0.001774311 0.002999961 -0.01832962 -0.0218237 0.002999961 -0.0196529 -0.02064007 0.002999961 -0.02503293 0.01362341 0.002999961 -0.02413618 0.01515555 0.002999961 -0.02089977 -0.01937639 0.002999961 -0.02849996 0 0.002999961 -0.02314579 0.01662898 0.002999961 -0.02206552 -0.01803761 0.002999961 -0.02314579 -0.01662898 0.002999961 -0.02206552 0.01803761 0.002999961 -0.02413618 -0.01515555 0.002999961 -0.01832962 0.0218237 0.002999961 -0.02089977 0.01937639 0.002999961 -0.0196529 0.02064007 0.002999961 -0.02503293 -0.01362341 0.002999961 -0.02583259 -0.01203852 0.002999961 -0.02653199 -0.01040685 0.002999961 -0.02844458 0.001774311 0.002999961 -0.02827888 0.003541827 0.002999961 -0.02800369 0.005295634 0.002999961 -0.02712839 -0.008734822 0.002999961 -0.0276196 0.007028818 0.002999961 -0.0276196 -0.007028818 0.002999961 -0.02712839 0.008734822 0.002999961 0.02469259 -0.005168676 0.005066633 0.02469247 -0.003450274 0.005236387 0.02469247 -0.001726388 0.005338311 0.02469265 0 0.005372107 0.02469295 0.001618146 0.005342066 0.02469331 0.003234267 0.005252361 0.02469396 0.004845798 0.005102992 0.02305567 -0.005123019 0.005959928 0.02138638 -0.005080461 0.006791353 0.01968717 -0.005041122 0.007559657 0.02305632 0.004890978 0.005985677 0.0213871 0.004933059 0.006807327 0.0196886 0.00497204 0.007566571 0.01841777 0.004835486 0.008103668 0.01731777 0.004425764 0.008563816 0.01642113 0.003828108 0.008936107 0.01567238 0.003039062 0.009245514 0.01512163 0.002111732 0.009472608 0.01479077 0.001101851 0.009609401 0.01470649 5.52587e-4 0.009644687 0.01468378 0 0.00965476 0.01482117 -0.001097798 0.009600162 0.01519984 -0.002153873 0.009446024 0.01581019 -0.003116369 0.009195089 0.01662236 -0.0039258 0.008858025 0.01758033 -0.004529893 0.008456408 0.01861619 -0.004901587 0.008017778 -0.0188772 -0.004850745 0.007917821 -0.02013891 -0.005040884 0.007363975 -0.0176528 -0.004322469 0.008448779 -0.01671749 -0.003607869 0.008849799 -0.01594007 -0.002655982 0.009179711 -0.01543509 -0.001619458 0.009391844 -0.01518219 -5.54025e-4 0.009496748 -0.01516103 4.99888e-4 0.00950402 -0.01534813 0.00148952 0.00942403 -0.01568573 0.002331793 0.00928092 -0.01611083 0.003014802 0.009100914 -0.01659077 0.003567576 0.008897423 -0.01710546 0.004009902 0.008678615 -0.01782667 0.004454374 0.008370697 -0.01866829 0.004782736 0.008009314 -0.0193994 0.004933476 0.007693231 -0.02013748 0.004972279 0.007372081 -0.02183532 -0.005080342 0.006576657 -0.02350091 -0.005123019 0.005726099 -0.02513337 -0.005168735 0.00481379 -0.0218333 0.004933238 0.006594002 -0.02349877 0.004891157 0.005753517 -0.02513206 0.004845798 0.004851937 -0.02513265 0.003180146 0.005005538 -0.02513307 0.001509845 0.005095243 -0.02513337 -1.62566e-4 0.005120933 -0.02513349 -0.00183475 0.005082488 -0.02513355 -0.003504335 0.004980087 0.01222217 0.01492869 0.007999956 0.01222789 0.0144279 0.008156359 0.0124309 0.01540726 0.007788062 0.02333509 0.01011008 0.004948258 0.0219978 0.01276069 0.004948258 0.02036058 0.01523751 0.004948258 0.01854479 0.01225787 0.006669998 0.0169897 0.01433569 0.006669998 0.01520323 0.01621806 0.006669998 0.01403939 0.01267182 0.008156359 0.02435439 0.007321476 0.004948258 0.01984697 0.01001298 0.006669998 0.01560109 0.01069045 0.008156359 0.02504169 0.004433155 0.004948258 0.02087879 0.007631599 0.006669998 0.01210415 0.0150246 0.007999956 0.0125854 0.009041845 0.009399354 0.02725458 0 0.003828287 0.02538776 0.001484394 0.004948258 0.02598506 0 0.0046193 0.01786899 0.006195425 0.008156359 0.01216328 0.01497673 0.007999956 0.01383548 0.006980121 0.009399354 0.0137937 0 0.009917259 0.01475083 0.004749417 0.009399354 0.0128991 0 0.01016318 0.01688528 0.008518755 0.008156359 0.01780557 0.01032882 0.00744313 0.01627999 0.01953727 0.004948258 0.01888805 0.0081833 0.00744313 0.0148189 0.008762478 0.008808672 0.01585346 0.006712019 0.008808672 0.01844602 0.01750671 0.004948258 0.0126388 0.01588356 0.007570207 0.0219978 -0.01276069 0.004948258 0.02333509 -0.01011008 0.004948258 0.01984697 -0.01001298 0.006669998 0.02087879 -0.007631599 0.006669998 0.01786899 -0.006195425 0.008156359 0.01844602 -0.01750671 0.004948258 0.02036058 -0.01523751 0.004948258 0.01854479 -0.01225787 0.006669998 0.01475083 -0.004749417 0.009399354 0.01627999 -0.01953727 0.004948258 0.0169897 -0.01433569 0.006669998 0.01560109 -0.01069045 0.008156359 0.0124309 -0.01540726 0.007788062 0.0126388 -0.01588356 0.007570207 0.01520323 -0.01621806 0.006669998 0.01210415 -0.0150246 0.007999956 0.01383548 -0.006980121 0.009399354 0.01216328 -0.01497673 0.007999956 0.01403939 -0.01267182 0.008156359 0.01222217 -0.01492869 0.007999956 0.0125854 -0.009041845 0.009399354 0.01222789 -0.0144279 0.008156359 0.01888805 -0.0081833 0.00744313 0.01688528 -0.008518755 0.008156359 0.02538776 -0.001484394 0.004948258 0.01780557 -0.01032882 0.00744313 0.02504169 -0.004433155 0.004948258 0.01585346 -0.006712019 0.008808672 0.02435439 -0.007321476 0.004948258 0.0148189 -0.008762478 0.008808672 -0.01423299 0.01245415 0.008156359 -0.0123018 0.01436483 0.008156359 -0.01222217 0.01492869 0.007999956 -0.0124309 0.01540726 0.007788062 -0.01532906 0.01609915 0.006669998 -0.018826 -0.01182121 0.006669998 -0.01721096 -0.01406919 0.006669998 -0.01663058 -0.01213032 0.00744313 -0.01423299 -0.01245415 0.008156359 -0.01587045 -0.01028645 0.008156359 -0.01810389 -0.00979644 0.00744313 -0.0171805 -0.007906496 0.008156359 -0.02014929 -0.009389996 0.006669998 -0.01391047 -0.01029509 0.00877583 -0.01283621 -0.008681893 0.009399354 -0.01918107 -0.007470548 0.00744313 -0.01813608 -0.005363345 0.008156359 -0.02115988 -0.006813049 0.006669998 -0.01411938 -0.00638628 0.009399354 -0.015109 -0.008252501 0.008808672 -0.01499605 -0.003906846 0.009399354 -0.01613539 -0.006002604 0.008808672 -0.01813608 0.005363345 0.008156359 -0.01918107 0.007470548 0.00744313 -0.02115988 0.006813049 0.006669998 -0.02014929 0.009389996 0.006669998 -0.0171805 0.007906496 0.008156359 -0.018826 0.01182121 0.006669998 -0.01810389 0.00979644 0.00744313 -0.01587045 0.01028645 0.008156359 -0.01613539 0.006002604 0.008808672 -0.01499605 0.003906846 0.009399354 -0.01411938 0.00638628 0.009399354 -0.01565778 0.005319774 0.009050309 -0.01721096 0.01406919 0.006669998 -0.01663058 0.01213032 0.00744313 -0.015109 0.008252501 0.008808672 -0.01283621 0.008681893 0.009399354 -0.01391047 0.01029509 0.00877583 -0.01210415 -0.0150246 0.007999956 -0.01216328 -0.01497673 0.007999956 -0.01222217 -0.01492869 0.007999956 -0.01210415 0.0150246 0.007999956 -0.01216328 0.01497673 0.007999956 -0.01627999 -0.01953727 0.004948258 -0.01844602 -0.01750671 0.004948258 -0.02036058 -0.01523751 0.004948258 -0.01532906 -0.01609915 0.006669998 -0.0126388 -0.01588356 0.007570207 -0.0124309 -0.01540726 0.007788062 -0.0219978 -0.01276069 0.004948258 -0.0123018 -0.01436483 0.008156359 -0.02333509 -0.01011008 0.004948258 -0.02435439 -0.007321476 0.004948258 -0.02538776 -0.001484394 0.004948258 -0.02538776 0.001484394 0.004948258 -0.02435439 0.007321476 0.004948258 -0.02333509 0.01011008 0.004948258 -0.0219978 0.01276069 0.004948258 -0.02036058 0.01523751 0.004948258 -0.01844602 0.01750671 0.004948258 -0.01627999 0.01953727 0.004948258 -0.0126388 0.01588356 0.007570207 -0.02369338 -0.04402977 0.002999961 -0.02564489 -0.04292231 0.002999961 -0.02369338 -0.04402977 0 -0.02169418 -0.04504829 0.002999961 -0.02564489 -0.04292231 0 0.04994952 0.002243161 0.002999961 0.04999995 0 0.002999961 0.04999995 0 0 -0.02169418 -0.04504829 0 -0.01965129 -0.0459764 0.002999961 -0.01965129 -0.0459764 0 0.0497986 0.004481852 0.002999961 0.04994952 0.002243161 0 -0.01756858 -0.04681164 0.002999961 -0.01545089 -0.04755276 0.002999961 -0.01756858 -0.04681164 0 0.0497986 0.004481852 0 0.04954749 0.006711602 0.002999961 0.04954749 0.006711602 0 -0.01545089 -0.04755276 0 -0.01330173 -0.0481981 0.002999961 -0.01330173 -0.0481981 0 0.04919648 0.008927822 0 -0.01112598 -0.04874628 0.002999961 0.04919648 0.008927822 0.002999961 -0.01112598 -0.04874628 0 0.04874628 0.01112598 0 0.04874628 0.01112598 0.002999961 -0.008927822 -0.04919648 0.002999961 -0.008927822 -0.04919648 0 -0.006711602 -0.04954749 0.002999961 0.0481981 0.01330173 0 0.0481981 0.01330173 0.002999961 0.04755276 0.01545089 0.002999961 -0.006711602 -0.04954749 0 0.04755276 0.01545089 0 -0.004481852 -0.0497986 0.002999961 -0.004481852 -0.0497986 0 -0.002243161 -0.04994952 0.002999961 0.04681164 0.01756858 0 0.04681164 0.01756858 0.002999961 -0.002243161 -0.04994952 0 0.0459764 0.01965129 0 0.0459764 0.01965129 0.002999961 0 -0.04999995 0 0 -0.04999995 0.002999961 0.002243161 -0.04994952 0.002999961 0.04504829 0.02169418 0 0.04504829 0.02169418 0.002999961 0.002243161 -0.04994952 0 0.004481852 -0.0497986 0.002999961 0.04402977 0.02369338 0 0.04402977 0.02369338 0.002999961 0.004481852 -0.0497986 0 0.04292231 0.02564489 0 0.04292231 0.02564489 0.002999961 0.006711602 -0.04954749 0 0.006711602 -0.04954749 0.002999961 0.008927822 -0.04919648 0.002999961 0.04172861 0.02754485 0 0.008927822 -0.04919648 0 0.04172861 0.02754485 0.002999961 0.04045075 0.02938926 0.002999961 0.01112598 -0.04874628 0 0.04045075 0.02938926 0 0.01112598 -0.04874628 0.002999961 0.01330173 -0.0481981 0.002999961 0.01330173 -0.0481981 0 0.03909152 0.03117448 0 0.03909152 0.03117448 0.002999961 0.0376535 0.03289681 0.002999961 0.01545089 -0.04755276 0 0.01545089 -0.04755276 0.002999961 0.01756858 -0.04681164 0.002999961 0.0376535 0.03289681 0 0.01756858 -0.04681164 0 0.0361396 0.03455305 0 0.0361396 0.03455305 0.002999961 0.01965129 -0.0459764 0 0.01965129 -0.0459764 0.002999961 0.02169418 -0.04504829 0.002999961 0.03455305 0.0361396 0 0.03455305 0.0361396 0.002999961 0.02169418 -0.04504829 0 0.02369338 -0.04402977 0.002999961 0.03289681 0.0376535 0.002999961 0.03289681 0.0376535 0 0.02369338 -0.04402977 0 0.03117448 0.03909152 0.002999961 0.03117448 0.03909152 0 0.02564489 -0.04292231 0 0.02938926 0.04045075 0.002999961 0.02564489 -0.04292231 0.002999961 0.02754485 -0.04172861 0.002999961 0.02754485 -0.04172861 0 0.02938926 0.04045075 0 0.02754485 0.04172861 0.002999961 0.02754485 0.04172861 0 0.02938926 -0.04045075 0 0.02938926 -0.04045075 0.002999961 0.03117448 -0.03909152 0.002999961 0.03117448 -0.03909152 0 0.02564489 0.04292231 0.002999961 0.02564489 0.04292231 0 0.03289681 -0.0376535 0.002999961 0.03289681 -0.0376535 0 0.03455305 -0.0361396 0.002999961 0.02369338 0.04402977 0.002999961 0.02369338 0.04402977 0 0.03455305 -0.0361396 0 0.02169418 0.04504829 0.002999961 0.02169418 0.04504829 0 0.01965129 0.0459764 0.002999961 0.0361396 -0.03455305 0.002999961 0.0361396 -0.03455305 0 0.0376535 -0.03289681 0.002999961 0.01965129 0.0459764 0 0.0376535 -0.03289681 0 0.03909152 -0.03117448 0.002999961 0.01756858 0.04681164 0.002999961 0.01756858 0.04681164 0 0.04045075 -0.02938926 0.002999961 0.03909152 -0.03117448 0 0.01545089 0.04755276 0.002999961 0.01545089 0.04755276 0 0.04045075 -0.02938926 0 0.04172861 -0.02754485 0.002999961 0.04172861 -0.02754485 0 0.04292231 -0.02564489 0.002999961 0.01330173 0.0481981 0.002999961 0.01330173 0.0481981 0 0.04402977 -0.02369338 0.002999961 0.04292231 -0.02564489 0 0.01112598 0.04874628 0.002999961 0.01112598 0.04874628 0 0.008927822 0.04919648 0.002999961 0.04504829 -0.02169418 0.002999961 0.04402977 -0.02369338 0 0.008927822 0.04919648 0 0.04504829 -0.02169418 0 0.0459764 -0.01965129 0.002999961 0.006711602 0.04954749 0 0.006711602 0.04954749 0.002999961 0.0459764 -0.01965129 0 0.004481852 0.0497986 0 0.04681164 -0.01756858 0 0.004481852 0.0497986 0.002999961 0.04681164 -0.01756858 0.002999961 0.04755276 -0.01545089 0.002999961 0.04755276 -0.01545089 0 0.002243161 0.04994952 0 0.002243161 0.04994952 0.002999961 0.0481981 -0.01330173 0.002999961 0.0481981 -0.01330173 0 0.04874628 -0.01112598 0.002999961 0 0.04999995 0 0 0.04999995 0.002999961 0.04874628 -0.01112598 0 -0.002243161 0.04994952 0 -0.002243161 0.04994952 0.002999961 0.04919648 -0.008927822 0 0.04919648 -0.008927822 0.002999961 0.04954749 -0.006711602 0.002999961 -0.004481852 0.0497986 0 -0.004481852 0.0497986 0.002999961 0.04954749 -0.006711602 0 0.0497986 -0.004481852 0.002999961 -0.006711602 0.04954749 0 -0.006711602 0.04954749 0.002999961 0.0497986 -0.004481852 0 -0.008927822 0.04919648 0.002999961 0.04994952 -0.002243161 0 0.04994952 -0.002243161 0.002999961 -0.008927822 0.04919648 0 -0.01112598 0.04874628 0 -0.01112598 0.04874628 0.002999961 -0.01330173 0.0481981 0 -0.01330173 0.0481981 0.002999961 -0.01545089 0.04755276 0 -0.01545089 0.04755276 0.002999961 -0.01756858 0.04681164 0 -0.01756858 0.04681164 0.002999961 -0.01965129 0.0459764 0 -0.01965129 0.0459764 0.002999961 -0.02169418 0.04504829 0 -0.02169418 0.04504829 0.002999961 -0.02369338 0.04402977 0 -0.02369338 0.04402977 0.002999961 -0.02564489 0.04292231 0 -0.02564489 0.04292231 0.002999961 -0.02754485 0.04172861 0 -0.02754485 0.04172861 0.002999961 -0.02938926 0.04045075 0.002999961 -0.02938926 0.04045075 0 -0.03117448 0.03909152 0 -0.03117448 0.03909152 0.002999961 -0.03289681 0.0376535 0 -0.03289681 0.0376535 0.002999961 -0.03455305 0.0361396 0.002999961 -0.03455305 0.0361396 0 -0.0361396 0.03455305 0.002999961 -0.0361396 0.03455305 0 -0.0376535 0.03289681 0.002999961 -0.0376535 0.03289681 0 -0.03909152 0.03117448 0 -0.03909152 0.03117448 0.002999961 -0.04045075 0.02938926 0 -0.04045075 0.02938926 0.002999961 -0.04172861 0.02754485 0 -0.04172861 0.02754485 0.002999961 -0.04292231 0.02564489 0.002999961 -0.04292231 0.02564489 0 -0.04402977 0.02369338 0 -0.04402977 0.02369338 0.002999961 -0.04504829 0.02169418 0.002999961 -0.04504829 0.02169418 0 -0.0459764 0.01965129 0.002999961 -0.0459764 0.01965129 0 -0.04681164 0.01756858 0.002999961 -0.04681164 0.01756858 0 -0.04755276 0.01545089 0.002999961 -0.04755276 0.01545089 0 -0.0481981 0.01330173 0.002999961 -0.0481981 0.01330173 0 -0.04874628 0.01112598 0.002999961 -0.04874628 0.01112598 0 -0.04919648 0.008927822 0.002999961 -0.04919648 0.008927822 0 -0.04954749 0.006711602 0.002999961 -0.04954749 0.006711602 0 -0.0497986 0.004481852 0.002999961 -0.0497986 0.004481852 0 -0.04994952 0.002243161 0.002999961 -0.04994952 0.002243161 0 -0.04999995 0 0.002999961 -0.04999995 0 0 -0.04994952 -0.002243161 0.002999961 -0.0497986 -0.004481852 0.002999961 -0.04994952 -0.002243161 0 -0.0497986 -0.004481852 0 -0.04954749 -0.006711602 0.002999961 -0.04954749 -0.006711602 0 -0.04919648 -0.008927822 0.002999961 -0.04919648 -0.008927822 0 -0.04874628 -0.01112598 0.002999961 -0.04874628 -0.01112598 0 -0.0481981 -0.01330173 0.002999961 -0.0481981 -0.01330173 0 -0.04755276 -0.01545089 0.002999961 -0.04755276 -0.01545089 0 -0.04681164 -0.01756858 0.002999961 -0.04681164 -0.01756858 0 -0.0459764 -0.01965129 0.002999961 -0.0459764 -0.01965129 0 -0.04504829 -0.02169418 0.002999961 -0.04504829 -0.02169418 0 -0.04402977 -0.02369338 0.002999961 -0.04402977 -0.02369338 0 -0.04292231 -0.02564489 0 -0.04292231 -0.02564489 0.002999961 -0.04172861 -0.02754485 0.002999961 -0.04172861 -0.02754485 0 -0.04045075 -0.02938926 0 -0.04045075 -0.02938926 0.002999961 -0.03909152 -0.03117448 0.002999961 -0.03909152 -0.03117448 0 -0.0376535 -0.03289681 0 -0.0376535 -0.03289681 0.002999961 -0.0361396 -0.03455305 0.002999961 -0.0361396 -0.03455305 0 -0.03455305 -0.0361396 0.002999961 -0.03455305 -0.0361396 0 -0.03289681 -0.0376535 0.002999961 -0.03289681 -0.0376535 0 -0.03117448 -0.03909152 0.002999961 -0.03117448 -0.03909152 0 -0.02938926 -0.04045075 0.002999961 -0.02938926 -0.04045075 0 -0.02754485 -0.04172861 0.002999961 -0.02754485 -0.04172861 0 0.0362007 0.01512718 0 0.03747195 0.01591789 0 0.04185062 0.004588365 0 -0.006731033 -0.02769362 0 -0.003594636 -0.03160369 0 -0.00409168 -0.0330159 0 -0.002994239 -0.03023225 0 -0.003389537 -0.02829766 0 -0.03440731 -0.003593266 0 -0.03208541 -0.01334846 0 -0.03350007 -0.01383882 0 -0.03290534 -0.003769636 0 0.02764916 0.006911635 0 0.02855932 0.005035758 0 0.02802038 0.005206525 0 0.02997118 0.004493415 0 -0.01661545 -0.03706336 0 -0.004999816 -0.03891438 0 -0.01695168 -0.0385378 0 0.004765093 0.03593128 0 0.01489156 0.03287786 0 0.01409173 0.03159433 0 0.03487426 0.01443278 0 0.03892832 0.003817856 0 0.004482567 0.0344612 0 0.03742939 0.003617346 0 0.03591889 0.003542423 0 -0.03322488 -0.00170356 0 -0.02844709 0.001735091 0 -0.03174769 -0.00194782 0 -0.003389537 0.02829766 0 7.79216e-4 0.0302962 0 0 0.02899998 0 -0.01925015 -0.0421974 0 0 0.02849996 0 -0.01922148 -0.04070067 0 0.04357457 0.0224108 0 0.03149658 -0.0375362 0 0.02963703 -0.03902089 0 -0.03868103 -0.01680088 0 -0.0398212 -0.01777106 0 0.03350007 0.01383882 0 0.03440731 0.003593266 0 0.01675891 0.04604482 0 0.01704788 0.04456037 0 -0.01615786 -0.03562188 0 -0.004937887 -0.03741848 0 -0.03591889 -0.003542423 0 -0.03487426 -0.01443278 0 0.04119575 -0.02653121 0 0.004937887 0.03741848 0 0.01615786 0.03562188 0 0.01558178 0.03422349 0 0.0424351 -0.02449995 0 0.02791029 -0.03828328 0 -0.02855932 0.005035758 0 -0.02802532 0.005179584 0 -0.02828866 0.003463745 0 0.03970015 -0.02646362 0 -0.03742939 -0.003617346 0 0.004999816 0.03891438 0 0.03208541 0.01334846 0 0.01695168 0.0385378 0 0.01661545 0.03706336 0 0.03290534 0.003769636 0 0.02905809 -0.036614 0 0.03142315 0.004070401 0 -0.01558178 -0.03422349 0 0.04092299 -0.02452665 0 0.03821367 -0.02628529 0 -0.01489156 -0.03287786 0 -0.004765093 -0.03593128 0 0.01721227 0.04305696 0 -0.03892832 -0.003817856 0 -0.0362007 -0.01512718 0 0.03941392 -0.02442759 0 0.004950523 0.04041063 0 0.01725107 0.04154515 0 0.01716399 0.04003518 0 0.03063839 0.0129643 0 0.02717435 0.008590817 0 -0.01409173 -0.03159433 0 -0.004482567 -0.0344612 0 0.02469885 -0.03876078 0 0.0262596 -0.03738838 0 -0.02970051 0.006028175 0 -0.01908177 -0.03921008 0 0.01675891 -0.04604482 0 -0.02718806 0.008547425 0 -0.02765798 0.00687623 0 -0.02807158 0.007278919 0 0.03674459 -0.0259971 0 0.0424351 0.02449995 0 -0.013188 -0.03038173 0 -0.04040557 -0.004142165 0 -0.01109409 -0.02820259 0 -0.00991857 -0.02725106 0 -0.009977042 0.02669656 0 -0.007731974 0.0279501 0 -0.006731033 0.02769362 0 -0.01218628 -0.02924859 0 0.01450371 -0.04680418 0 -0.007526218 0.02943319 0 0.02469915 -0.03634369 0 -0.009977042 -0.02669656 0 0.03530085 -0.02560067 0 0.004790425 0.0418992 0 0.02916693 0.01268869 0 0.02659761 0.01023775 0 -0.00991857 0.02725106 0 0.01558333 -0.04509329 0 -0.04185062 -0.004588365 0 -0.03747195 -0.01591789 0 -0.029253 0.008198559 0 -0.0266171 0.01018685 0 0.0134015 -0.04579102 0 0.03389042 -0.02509826 0 0.02767908 0.01252293 0 0.02677685 -0.03535223 0 0.04778558 -0.01084142 0 -0.03092038 0.006922245 0 -0.03471595 -0.001569569 0 -0.0432536 -0.005153059 0 -0.007431149 0.0309273 0 -0.0188319 -0.03773385 0 -0.01308137 0.02532047 0 -0.009629666 0.02873551 0 0.04635709 -0.01128941 0 0.04170227 0.02317702 0 0.0123775 -0.04469895 0 0.0408619 0.0219196 0 0.0325213 -0.02449268 0 0.0246995 -0.03377693 0 0.04825556 -0.008508741 0 -0.04460459 -0.005832612 0 0.02592128 0.01184636 0 0.0448991 -0.01163011 0 0.004520416 0.04337173 0 0.02618288 0.01246803 0 0.01769888 -0.0387597 0 0.01449108 -0.04404747 0 -0.04589456 -0.006622195 0 -0.01308137 -0.02532047 0 -0.01204293 -0.02638119 0 -0.01315379 -0.02738481 0 -0.01418703 -0.02846825 0 -0.03049933 0.009028017 0 0.0134896 -0.04291427 0 -0.02594769 0.01178842 0 0.02514761 0.0134105 0 0.0468437 -0.009051024 0 0.04342001 -0.01186186 0 -0.04711437 -0.007516205 0 -0.02511465 0.01449996 0 -0.0243225 0.0148546 0 -0.02518177 0.01334625 0 0.03120088 -0.0237872 0 0.01143729 -0.04353386 0 0.02427977 0.0149244 0 0.02511465 0.01449996 0 -0.04825556 -0.008508741 0 -0.007447063 0.03242427 0 0.001447916 0.03165262 0 0.01258569 -0.04170167 0 -0.03221029 0.007711887 0 -0.01599997 -0.02358496 0 0.04539173 -0.009474039 0 0.04192787 -0.01198309 0 -0.01513701 -0.02962535 0 0.02332085 0.01638245 0 0.02662688 0.01447319 0 -0.03149658 -0.0375362 0 0.02993637 -0.02298551 0 0.0105862 -0.04230219 0 0.04043078 -0.0119934 0 -0.03126025 -0.03604239 0 0.03791832 -0.0242033 0 -0.02388906 0.01644098 0 -0.02233678 0.01770067 0 -0.023373 0.01630795 0 -0.01682519 0.02362 0 -0.01599997 0.02358496 0 -0.01740616 0.02256709 0 0.01178598 -0.04041802 0 -0.03090059 -0.03457331 0 0.004141807 0.04482018 0 -0.01864069 0.0222153 0 -0.01874786 0.02146548 0 -0.02001988 0.02028429 0 0.009828746 -0.04101073 0 0.02470755 0.02154815 0 0.03110337 0.01514452 0 0.02963155 0.01479667 0 0.02813595 0.01457238 0 0.03893709 -0.01189249 0 0.02227455 0.01777899 0 0.03644657 -0.02385532 0 0.03500872 -0.02338618 0 -0.03042 -0.03313928 0 -0.0184732 -0.03628039 0 -0.01874786 -0.02146548 0 -0.01740616 -0.02256709 0 -0.01864069 -0.0222153 0 -0.007574141 0.03391593 0 0.002435982 0.0345087 0 0.002001464 0.03306007 0 0.0110957 -0.03907245 0 -0.02007085 -0.02270728 0 -0.03180378 0.009762704 0 -0.02584755 0.01582282 0 0.02721786 0.02488857 0 0.03393489 0.0162009 0 0.03254109 0.01561379 0 0.03745496 -0.01168119 0 0.03361505 -0.02279907 0 -0.03356128 0.00839138 0 0.03227496 -0.02209806 0 0 -0.04899996 0 0.028346 0.02603 0 0.03655207 0.01771193 0 0.03527498 0.01690185 0 -0.03621298 -0.001546621 0 0.02600258 0.0238406 0 -0.01713901 0.02508389 0 0.02937966 0.02725738 0 0.03888255 0.01963597 0 0.03775733 0.01862531 0 0.01051968 -0.037674 0 -0.02468472 0.01770925 0 -0.02982175 -0.03175038 0 -0.02145498 -0.02331656 0 -0.01599866 -0.03084975 0 0.02470779 0.02289247 0 -0.01887702 0.02370899 0 0.03031259 0.02856308 0 0.03599256 -0.0113604 0 0.03991979 0.02073657 0 0.03099787 -0.02128791 0 0.02979242 -0.02037459 0 -7.79216e-4 -0.0477038 0 -0.0332818 -0.03596276 0 -0.04861176 -0.006155908 0 0.003656744 0.04623669 0 -0.0329554 -0.03450167 0 -0.02911007 -0.03041595 0 -0.002378821 -0.04894208 0 -0.01800775 -0.03485745 0 0.02470123 -0.02176076 0 0.02873486 -0.02209246 0 -0.02278375 -0.02403897 0 -0.007811427 0.03539425 0 0.002748548 0.03598839 0 0.02760297 -0.02111256 0 0.02654677 -0.02005141 0 0.03113871 0.02993881 0 0.01006203 -0.03623259 0 -0.02828985 -0.0291453 0 0.02239161 0.02154839 0 -0.02668803 0.01708018 0 -0.03315913 0.0103985 0 -0.03496426 0.008956134 0 0.03455799 -0.01093208 0 0.02114462 0.01910889 0 0.02866727 -0.01936393 0 -0.02404785 -0.02486926 0 -0.01676696 -0.03213465 0 -0.03770738 -0.001634716 0 -0.02736681 -0.02794736 0 -0.01756078 0.02652049 0 -0.01743799 -0.03347295 0 -0.02523845 -0.02580183 0 -0.001447916 -0.04634726 0 0.02171856 0.02123081 0 -0.02557224 0.01891493 0 -0.02634721 -0.02683025 0 -0.02121776 0.0190277 0 0.0318529 0.031376 0 -0.003068089 -0.0476132 0 0.02557224 -0.01891493 0 0.009725868 -0.03475809 0 -0.008157789 0.03685075 0 0.002999961 0.03899997 0 0.002936959 0.03748881 0 -0.02001988 -0.02028429 0 -0.02033948 -0.02067112 0 0.0210343 0.02093821 0 -0.04742252 -0.005246341 0 0.03315913 -0.0103985 0 0.02763009 -0.01826333 0 0.02668803 -0.01708018 0 0.003068089 0.0476132 0 0.02033948 0.02067112 0 0.03245043 0.0328654 0 -0.002001464 -0.04493981 0 0.00916922 -0.03966677 0 -0.03640931 0.009402275 0 0.01993548 0.0203672 0 -0.02763009 0.01826333 0 -0.0180878 0.02792179 0 -0.009465217 0.03023898 0 0.009513497 -0.0332607 0 0.01770055 -0.02692449 0 -0.003656744 -0.04623669 0 0.002378821 0.04894208 0 0.04861176 0.006155908 0 -0.02654677 0.02005141 0 -0.0192368 0.02517807 0 0.04742252 0.005246341 0 -0.008611202 0.0382775 0 0.002748548 0.04201149 0 0.002936959 0.04051095 0 -0.0378865 0.009726643 0 0.04616916 0.004427552 0 -0.03919136 -0.001833438 0 -0.04616916 -0.004427552 0 -0.04485857 -0.003704011 0 0.03180378 -0.009762704 0 0.02584755 -0.01582282 0 0.03292775 0.03439748 0 -0.01871728 0.02928018 0 -0.009513497 0.0332607 0 -0.009426414 0.03175079 0 0.009426414 -0.03175079 0 0.04485857 0.003704011 0 -0.02866727 0.01936393 0 -0.03252166 -0.03306871 0 -0.03455799 0.01093208 0 -0.002435982 -0.0434913 0 -0.02760297 0.02111256 0 -0.02031552 0.02800095 0 -0.01971739 0.02661198 0 -0.00916922 0.03966677 0 0.002001464 0.04493981 0 0.002435982 0.0434913 0 -0.004141807 -0.04482018 0 0 0.04899996 0 0.01937389 0.02154892 0 -0.02121776 -0.0190277 0 -0.0217266 -0.02123457 0 -0.02306813 -0.02189916 0 0.0434978 0.003079593 0 -0.03938549 0.009927093 0 -0.0434978 -0.003079593 0 0.0332818 0.03596276 0 -0.01944589 0.03058797 0 -0.009725868 0.03475809 0 0.02095735 -0.01931411 0 0.0197193 -0.02057659 0 -0.02979242 0.02037459 0 -0.03599256 0.0113604 0 0.01865166 0.0215491 0 0.01840531 -0.0217598 0 0.02211469 -0.01797729 0 0.02468472 -0.01770925 0 -0.02873486 0.02209246 0 -0.0210272 0.02933543 0 -0.009828746 0.04101073 0 0.001447916 0.04634726 0 0.0171445 -0.02276659 0 0.01770108 -0.02294236 0 0.01682519 -0.02362 0 -0.02233678 -0.01770067 0 0.01770108 -0.02233636 0 -0.04089599 0.01000201 0 -0.04065632 -0.002141833 0 -0.02435666 -0.0226615 0 -0.02026945 0.03183823 0 -0.01051968 0.037674 0 -0.01006203 0.03623259 0 0.0165773 -0.02318269 0 -0.04209452 -0.002557933 0 -0.03198271 -0.031672 0 0.02318698 -0.0165714 0 0.02388906 -0.01644098 0 7.79216e-4 0.0477038 0 0.04825556 0.008508741 0 0.009465217 -0.03023898 0 -0.03099787 0.02128791 0 -0.04240757 0.009951174 0 0.01599997 -0.02358496 0 0.01705443 -0.02473741 0 0.04209452 0.002557933 0 -0.02993637 0.02298551 0 -0.02184742 0.03060609 0 0.04390949 -0.009774744 0 -0.023373 -0.01630795 0 -0.04390949 0.009774744 0 -0.02118355 0.03302395 0 -0.01178598 0.04041802 0 -0.0110957 0.03907245 0 -0.03134167 -0.03031897 0 0.02416998 -0.01510167 0 -0.002748548 -0.04201149 0 0.008611202 -0.0382775 0 0.03149658 0.0375362 0 -0.004520416 -0.04337173 0 -0.03227496 0.02209806 0 -0.03745496 0.01168119 0 -0.02277058 0.03180408 0 -0.02511465 -0.01449996 0 -0.0243225 -0.0148546 0 -0.03060191 -0.02901732 0 -0.04539173 0.009474039 0 0.02505993 -0.0135737 0 0.02511465 -0.01449996 0 0.03127646 0.03612345 0 0.04065632 0.002141833 0 -0.03120088 0.0237872 0 0.04240757 -0.009951174 0 0.04089599 -0.01000201 0 0.01308137 -0.02532047 0 0.01734656 -0.0258401 0 -0.02518177 -0.01334625 0 -0.0468437 0.009051024 0 0.009629666 -0.02873551 0 -0.02662688 -0.01447319 0 -0.0105862 0.04230219 0 -0.02218306 0.03413856 0 -0.01258569 0.04170167 0 -0.0134896 0.04291427 0 -0.02813595 -0.01457238 0 -0.02558505 -0.02351737 0 0.02585345 -0.01199358 0 0.02470993 0.03854817 0 0.03094583 0.0347324 0 -0.03361505 0.02279907 0 0.0305069 0.03337162 0 0.02996236 0.03204959 0 0.02931559 0.03077465 0 0.02857047 0.0295543 0 -0.02379006 0.03292119 0 0.04711437 0.007516205 0 -0.04825556 0.008508741 0 -0.02594769 -0.01178842 0 -0.02618288 -0.01246803 0 -0.002936959 -0.04051095 0 0.01323479 0.02746415 0 0.01599997 0.02358496 0 0.01308137 0.02532047 0 0.01433622 0.02863878 0 0.03919136 0.001833438 0 0.03938549 -0.009927093 0 0.0378865 -0.009726643 0 0.01204293 0.02638119 0 -0.01143729 0.04353386 0 0.0153405 0.02989757 0 0.01657938 0.0231812 0 -0.03500872 0.02338618 0 0.00991857 -0.02725106 0 -0.004790425 -0.0418992 0 -0.03893709 0.01189249 0 -0.02963155 -0.01479667 0 -0.02326256 0.03517591 0 -0.01449108 0.04404747 0 0.02654749 -0.01036739 0 -0.04778558 0.01084142 0 0.03049933 -0.009028017 0 0.029253 -0.008198559 0 0.009977042 -0.02669656 0 -0.02767908 -0.01252293 0 -0.024899 0.03394955 0 -0.0325213 0.02449268 0 0.03770738 0.001634716 0 0.03640931 -0.009402275 0 -0.03110337 -0.01514452 0 -0.02674657 -0.02446198 0 0.03496426 -0.008956134 0 -0.002999961 -0.03899997 0 0.008157789 -0.03685075 0 -0.0123775 0.04469895 0 -0.0134015 0.04579102 0 -0.0266171 -0.01018685 0 -0.03644657 0.02385532 0 -0.02916693 -0.01268869 0 0.0271393 -0.008701145 0 0.009977042 0.02669656 0 0.007731974 -0.0279501 0 -0.03254109 -0.01561379 0 -0.02783477 -0.02549016 0 -0.02608948 0.03488212 0 0.02807158 -0.007278919 0 0.04589456 0.006622195 0 -0.04635709 0.01128941 0 -0.0448991 0.01163011 0 -0.01450371 0.04680418 0 0.03621298 0.001546621 0 0.03356128 -0.00839138 0 -0.03791832 0.0242033 0 -0.04043078 0.0119934 0 0.02762657 -0.007001399 0 -0.002936959 -0.03748881 0 -0.03393489 -0.0162009 0 0.006731033 -0.02769362 0 0.007526218 -0.02943319 0 -0.04342001 0.01186186 0 -0.0424351 -0.02449995 0 -0.01675891 0.04604482 0 -0.02735358 0.03571248 0 -0.03527498 -0.01690185 0 -0.02884376 -0.02659618 0 -0.03389042 0.02509826 0 -0.03941392 0.02442759 0 -0.04170227 -0.02317702 0 -0.04192787 0.01198309 0 0.0280075 -0.005274713 0 -0.02718806 -0.008547425 0 -0.03063839 -0.0129643 0 -0.002748548 -0.03598839 0 0.007811427 -0.03539425 0 0.03471595 0.001569569 0 0.03221029 -0.007711887 0 0.03092038 -0.006922245 0 -0.03655207 -0.01771193 0 -0.02868229 0.03643471 0 -0.0408619 -0.0219196 0 -0.03775733 -0.01862531 0 -0.02976787 -0.02777415 0 -0.03991979 -0.02073657 0 -0.01558333 0.04509329 0 -0.03888255 -0.01963597 0 -0.002435982 -0.0345087 0 0.007574141 -0.03391593 0 0.02828079 -0.00352782 0 0.02970051 -0.006028175 0 0.02855932 -0.005035758 0 -0.04092299 0.02452665 0 0.003389537 -0.02829766 0 0.007431149 -0.0309273 0 0.007447063 -0.03242427 0 0.03322488 0.00170356 0 -0.0424351 0.02449995 0 -0.002001464 -0.03306007 0 -0.02765798 -0.00687623 0 -0.02441591 0.0361303 0 -0.02563709 0.03699666 0 0.02844518 -0.001767218 0 0.006731033 0.02769362 0 0.00991857 0.02725106 0 -0.001447916 -0.03165262 0 0.01109409 0.02820259 0 -0.04119575 0.02653121 0 -0.02691888 0.03776985 0 0.03174769 0.00194782 0 -7.79216e-4 -0.0302962 0 0.0192244 0.04075413 0 0.0189839 0.03854888 0 -0.03970015 0.02646362 0 -0.01675891 -0.04604482 0 -0.02825468 0.03844588 0 -0.03821367 0.02628529 0 -0.02963703 0.03902089 0 0 -0.02899998 0 -0.03674459 0.0259971 0 0 -0.02849996 0 -0.03149658 0.0375362 0 0.02849996 0 0 -0.03530085 0.02560067 0 -0.03006649 0.03704398 0 0.0302928 0.002300918 0 -0.01704788 -0.04456037 0 -0.02855932 -0.005035758 0 -0.02886819 -0.002761006 0 -0.02828866 -0.003463745 0 -0.04357457 -0.0224108 0 -0.04276823 -0.02114939 0 0.02886819 0.002761006 0 0.02828639 0.003481805 0 0.01770937 0.0340963 0 0.0177077 0.02233123 0 0.01714885 0.02276325 0 0.0170325 0.03263509 0 0.01624125 0.03123259 0 -0.02802532 -0.005179584 0 0.02470809 0.02536666 0 0.02579456 0.02629613 0 0.0268045 0.02730816 0 0.02773159 0.02839642 0 0.01922136 0.0429725 0 0.02844655 0.001744151 0 -0.002293825 -0.02890902 0 -0.01897466 -0.04517698 0 -0.02997118 -0.004493415 0 -0.01721227 -0.04305696 0 0.01897466 0.04517698 0 -0.04187059 -0.0199514 0 -0.01725107 -0.04154515 0 -0.004950523 -0.04041063 0 -0.02844709 -0.001735091 0 0.002994239 0.03023225 0 0.003389537 0.02829766 0 -0.01916778 -0.04369235 0 0.002293825 0.02890902 0 -0.03142315 -0.004070401 0 -0.01716399 -0.04003518 0 -0.0302928 -0.002300918 0 0.003594636 0.03160369 0 0.0398212 0.01777106 0 -0.02849996 0 0 0.00409168 0.0330159 0 0.0408864 0.0188232 0 0.04187059 0.0199514 0 0.01218628 0.02924859 0 0.03868103 0.01680088 0 0.04460459 0.005832612 0 -0.0408864 -0.0188232 0 0.04276823 0.02114939 0 0.0432536 0.005153059 0 0.013188 0.03038173 0 0.04040557 0.004142165 0 -0.03285282 -0.02696168 0.002999961 -0.03413629 -0.02531719 0.002999961 0.02696168 0.03285282 0.002999961 0.02531719 0.03413629 0.002999961 -0.03533738 -0.02361166 0.002999961 0.02361166 0.03533738 0.002999961 -0.03645342 -0.02184939 0.002999961 0.02184939 0.03645342 0.002999961 -0.0374816 -0.02003437 0.002999961 0.02003437 0.0374816 0.002999961 -0.03841948 -0.01817107 0.002999961 0.01817107 0.03841948 0.002999961 -0.03926479 -0.01626396 0.002999961 0.01626396 0.03926479 0.002999961 -0.04001551 -0.01431775 0.002999961 0.030052 -0.030052 0.002999961 0.01431775 0.04001551 0.002999961 0.03149032 -0.0285412 0.002999961 -0.04066991 -0.01233702 0.002999961 0.01233702 0.04066991 0.002999961 0.0285412 -0.03149032 0.002999961 -0.0412262 -0.01032668 0.002999961 0.01032668 0.0412262 0.002999961 0.03285282 -0.02696168 0.002999961 -0.04168331 -0.008291304 0.002999961 0.008291304 0.04168331 0.002999961 0.02696168 -0.03285282 0.002999961 0.03413629 -0.02531719 0.002999961 -0.04203999 -0.006235957 0.002999961 0.006235957 0.04203999 0.002999961 0.02531719 -0.03413629 0.002999961 0.03533738 -0.02361166 0.002999961 -0.04229533 -0.004165709 0.002999961 0.004165709 0.04229533 0.002999961 0.02361166 -0.03533738 0.002999961 0.03645342 -0.02184939 0.002999961 -0.04244869 -0.002085328 0.002999961 0.002085328 0.04244869 0.002999961 0.02184939 -0.03645342 0.002999961 -0.04249989 0 0.002999961 0 0.04249989 0.002999961 0.0374816 -0.02003437 0.002999961 0.02003437 -0.0374816 0.002999961 0.03841948 -0.01817107 0.002999961 0.01817107 -0.03841948 0.002999961 -0.04244869 0.002085328 0.002999961 -0.002085328 0.04244869 0.002999961 0.03926479 -0.01626396 0.002999961 -0.04229533 0.004165709 0.002999961 0.01626396 -0.03926479 0.002999961 -0.004165709 0.04229533 0.002999961 0.04001551 -0.01431775 0.002999961 0.01431775 -0.04001551 0.002999961 0.04066991 -0.01233702 0.002999961 -0.04203999 0.006235957 0.002999961 -0.006235957 0.04203999 0.002999961 0.01233702 -0.04066991 0.002999961 0.0412262 -0.01032668 0.002999961 0.01032668 -0.0412262 0.002999961 -0.04168331 0.008291304 0.002999961 -0.008291304 0.04168331 0.002999961 0.04168331 -0.008291304 0.002999961 0.008291304 -0.04168331 0.002999961 0.04203999 -0.006235957 0.002999961 0.006235957 -0.04203999 0.002999961 -0.0412262 0.01032668 0.002999961 0.04229533 -0.004165709 0.002999961 -0.01032668 0.0412262 0.002999961 0.004165709 -0.04229533 0.002999961 0.002085328 -0.04244869 0.002999961 -0.04066991 0.01233702 0.002999961 -0.01233702 0.04066991 0.002999961 0.04244869 -0.002085328 0.002999961 0 -0.04249989 0.002999961 -0.04001551 0.01431775 0.002999961 0.04249989 0 0.002999961 -0.01431775 0.04001551 0.002999961 -0.002085328 -0.04244869 0.002999961 0.04244869 0.002085328 0.002999961 -0.03926479 0.01626396 0.002999961 -0.01626396 0.03926479 0.002999961 -0.004165709 -0.04229533 0.002999961 0.04229533 0.004165709 0.002999961 -0.03841948 0.01817107 0.002999961 -0.01817107 0.03841948 0.002999961 -0.006235957 -0.04203999 0.002999961 0.04203999 0.006235957 0.002999961 -0.0374816 0.02003437 0.002999961 -0.02003437 0.0374816 0.002999961 -0.008291304 -0.04168331 0.002999961 0.04168331 0.008291304 0.002999961 -0.03645342 0.02184939 0.002999961 -0.02184939 0.03645342 0.002999961 -0.01032668 -0.0412262 0.002999961 0.0412262 0.01032668 0.002999961 -0.01233702 -0.04066991 0.002999961 0.04066991 0.01233702 0.002999961 -0.03533738 0.02361166 0.002999961 -0.02361166 0.03533738 0.002999961 -0.03413629 0.02531719 0.002999961 -0.01431775 -0.04001551 0.002999961 -0.02531719 0.03413629 0.002999961 0.04001551 0.01431775 0.002999961 -0.02696168 0.03285282 0.002999961 -0.03285282 0.02696168 0.002999961 -0.0285412 0.03149032 0.002999961 -0.01626396 -0.03926479 0.002999961 0.03926479 0.01626396 0.002999961 -0.03149032 0.0285412 0.002999961 -0.030052 0.030052 0.002999961 -0.01817107 -0.03841948 0.002999961 0.03841948 0.01817107 0.002999961 -0.02003437 -0.0374816 0.002999961 0.0374816 0.02003437 0.002999961 -0.02184939 -0.03645342 0.002999961 0.03645342 0.02184939 0.002999961 -0.02361166 -0.03533738 0.002999961 0.03533738 0.02361166 0.002999961 -0.02531719 -0.03413629 0.002999961 0.03413629 0.02531719 0.002999961 -0.02696168 -0.03285282 0.002999961 0.03285282 0.02696168 0.002999961 -0.0285412 -0.03149032 0.002999961 0.03149032 0.0285412 0.002999961 -0.030052 -0.030052 0.002999961 0.030052 0.030052 0.002999961 -0.03149032 -0.0285412 0.002999961 0.0285412 0.03149032 0.002999961 -0.04861176 -0.006155908 -0.02499997 -0.04742252 -0.005246341 -0.02499997 -0.04616916 -0.004427552 -0.02499997 -0.04485857 -0.003704011 -0.02499997 -0.0434978 -0.003079593 -0.02499997 -0.04209452 -0.002557933 -0.02499997 -0.04065632 -0.002141833 -0.02499997 -0.03919136 -0.001833438 -0.02499997 -0.03770738 -0.001634716 -0.02499997 -0.03621298 -0.001546621 -0.02499997 -0.03471595 -0.001569569 -0.02499997 -0.03322488 -0.00170356 -0.02499997 -0.03174769 -0.00194782 -0.02499997 -0.0302928 -0.002300918 -0.02499997 -0.02886819 -0.002761006 -0.02499997 -0.04825556 -0.008508741 -0.02499997 -0.02855932 -0.005035758 -0.02499997 -0.04711437 -0.007516205 -0.02499997 -0.04589456 -0.006622195 -0.02499997 -0.04460459 -0.005832612 -0.02499997 -0.0432536 -0.005153059 -0.02499997 -0.04185062 -0.004588365 -0.02499997 -0.04040557 -0.004142165 -0.02499997 -0.03892832 -0.003817856 -0.02499997 -0.03742939 -0.003617346 -0.02499997 -0.03591889 -0.003542423 -0.02499997 -0.03440731 -0.003593266 -0.02499997 -0.03290534 -0.003769636 -0.02499997 -0.03142315 -0.004070401 -0.02499997 -0.02997118 -0.004493415 -0.02499997 -0.04778558 0.01084142 -0.02499997 -0.04825556 0.008508741 -0.02499997 -0.04635709 0.01128941 -0.02499997 -0.0448991 0.01163011 -0.02499997 -0.04342001 0.01186186 -0.02499997 -0.04192787 0.01198309 -0.02499997 -0.04043078 0.0119934 -0.02499997 -0.03893709 0.01189249 -0.02499997 -0.03745496 0.01168119 -0.02499997 -0.03599256 0.0113604 -0.02499997 -0.03455799 0.01093208 -0.02499997 -0.03315913 0.0103985 -0.02499997 -0.03180378 0.009762704 -0.02499997 -0.03049933 0.009028017 -0.02499997 -0.029253 0.008198559 -0.02499997 -0.02807158 0.007278919 -0.02499997 -0.0468437 0.009051024 -0.02499997 -0.04539173 0.009474039 -0.02499997 -0.04390949 0.009774744 -0.02499997 -0.04240757 0.009951174 -0.02499997 -0.04089599 0.01000201 -0.02499997 -0.03938549 0.009927093 -0.02499997 -0.0378865 0.009726643 -0.02499997 -0.03640931 0.009402275 -0.02499997 -0.03496426 0.008956134 -0.02499997 -0.03356128 0.00839138 -0.02499997 -0.03221029 0.007711887 -0.02499997 -0.03092038 0.006922245 -0.02499997 -0.02970051 0.006028175 -0.02499997 -0.02855932 0.005035758 -0.02499997 -0.04357457 -0.0224108 -0.02499997 -0.04276823 -0.02114939 -0.02499997 -0.04187059 -0.0199514 -0.02499997 -0.0408864 -0.0188232 -0.02499997 -0.0398212 -0.01777106 -0.02499997 -0.03868103 -0.01680088 -0.02499997 -0.03747195 -0.01591789 -0.02499997 -0.0362007 -0.01512718 -0.02499997 -0.03487426 -0.01443278 -0.02499997 -0.03350007 -0.01383882 -0.02499997 -0.03208541 -0.01334846 -0.02499997 -0.03063839 -0.0129643 -0.02499997 -0.02916693 -0.01268869 -0.02499997 -0.02767908 -0.01252293 -0.02499997 -0.02618288 -0.01246803 -0.02499997 -0.0424351 -0.02449995 -0.02499997 -0.02511465 -0.01449996 -0.02499997 -0.04170227 -0.02317702 -0.02499997 -0.0408619 -0.0219196 -0.02499997 -0.03991979 -0.02073657 -0.02499997 -0.03888255 -0.01963597 -0.02499997 -0.03775733 -0.01862531 -0.02499997 -0.03655207 -0.01771193 -0.02499997 -0.03527498 -0.01690185 -0.02499997 -0.03393489 -0.0162009 -0.02499997 -0.03254109 -0.01561379 -0.02499997 -0.03110337 -0.01514452 -0.02499997 -0.02963155 -0.01479667 -0.02499997 -0.02813595 -0.01457238 -0.02499997 -0.02662688 -0.01447319 -0.02499997 -0.01864069 0.0222153 -0.02499997 -0.01682519 0.02362 -0.02499997 -0.02963703 0.03902089 -0.02499997 -0.02825468 0.03844588 -0.02499997 -0.02691888 0.03776985 -0.02499997 -0.02563709 0.03699666 -0.02499997 -0.02441591 0.0361303 -0.02499997 -0.02326256 0.03517591 -0.02499997 -0.02218306 0.03413856 -0.02499997 -0.02118355 0.03302395 -0.02499997 -0.02026945 0.03183823 -0.02499997 -0.01944589 0.03058797 -0.02499997 -0.01871728 0.02928018 -0.02499997 -0.0180878 0.02792179 -0.02499997 -0.01756078 0.02652049 -0.02499997 -0.01713901 0.02508389 -0.02499997 -0.03149658 0.0375362 -0.02499997 -0.03006649 0.03704398 -0.02499997 -0.02868229 0.03643471 -0.02499997 -0.02735358 0.03571248 -0.02499997 -0.02608948 0.03488212 -0.02499997 -0.024899 0.03394955 -0.02499997 -0.02379006 0.03292119 -0.02499997 -0.02277058 0.03180408 -0.02499997 -0.02184742 0.03060609 -0.02499997 -0.0210272 0.02933543 -0.02499997 -0.02031552 0.02800095 -0.02499997 -0.01971739 0.02661198 -0.02499997 -0.0192368 0.02517807 -0.02499997 -0.01887702 0.02370899 -0.02499997 -0.04119575 0.02653121 -0.02499997 -0.0424351 0.02449995 -0.02499997 -0.03970015 0.02646362 -0.02499997 -0.03821367 0.02628529 -0.02499997 -0.03674459 0.0259971 -0.02499997 -0.03530085 0.02560067 -0.02499997 -0.03389042 0.02509826 -0.02499997 -0.0325213 0.02449268 -0.02499997 -0.03120088 0.0237872 -0.02499997 -0.02993637 0.02298551 -0.02499997 -0.02873486 0.02209246 -0.02499997 -0.02760297 0.02111256 -0.02499997 -0.02654677 0.02005141 -0.02499997 -0.02557224 0.01891493 -0.02499997 -0.02468472 0.01770925 -0.02499997 -0.02388906 0.01644098 -0.02499997 -0.04092299 0.02452665 -0.02499997 -0.03941392 0.02442759 -0.02499997 -0.03791832 0.0242033 -0.02499997 -0.03644657 0.02385532 -0.02499997 -0.03500872 0.02338618 -0.02499997 -0.03361505 0.02279907 -0.02499997 -0.03227496 0.02209806 -0.02499997 -0.03099787 0.02128791 -0.02499997 -0.02979242 0.02037459 -0.02499997 -0.02866727 0.01936393 -0.02499997 -0.02763009 0.01826333 -0.02499997 -0.02668803 0.01708018 -0.02499997 -0.02584755 0.01582282 -0.02499997 -0.02511465 0.01449996 -0.02499997 0.04357457 0.0224108 -0.02499997 0.0424351 0.02449995 -0.02499997 0.04276823 0.02114939 -0.02499997 0.04187059 0.0199514 -0.02499997 0.0408864 0.0188232 -0.02499997 0.0398212 0.01777106 -0.02499997 0.03868103 0.01680088 -0.02499997 0.03747195 0.01591789 -0.02499997 0.0362007 0.01512718 -0.02499997 0.03487426 0.01443278 -0.02499997 0.03350007 0.01383882 -0.02499997 0.03208541 0.01334846 -0.02499997 0.03063839 0.0129643 -0.02499997 0.02916693 0.01268869 -0.02499997 0.02767908 0.01252293 -0.02499997 0.02618288 0.01246803 -0.02499997 0.04170227 0.02317702 -0.02499997 0.0408619 0.0219196 -0.02499997 0.03991979 0.02073657 -0.02499997 0.03888255 0.01963597 -0.02499997 0.03775733 0.01862531 -0.02499997 0.03655207 0.01771193 -0.02499997 0.03527498 0.01690185 -0.02499997 0.03393489 0.0162009 -0.02499997 0.03254109 0.01561379 -0.02499997 0.03110337 0.01514452 -0.02499997 0.02963155 0.01479667 -0.02499997 0.02813595 0.01457238 -0.02499997 0.02662688 0.01447319 -0.02499997 0.02511465 0.01449996 -0.02499997 0.02886819 0.002761006 -0.02499997 0.02855932 0.005035758 -0.02499997 0.04861176 0.006155908 -0.02499997 0.04742252 0.005246341 -0.02499997 0.04616916 0.004427552 -0.02499997 0.04485857 0.003704011 -0.02499997 0.0434978 0.003079593 -0.02499997 0.04209452 0.002557933 -0.02499997 0.04065632 0.002141833 -0.02499997 0.03919136 0.001833438 -0.02499997 0.03770738 0.001634716 -0.02499997 0.03621298 0.001546621 -0.02499997 0.03471595 0.001569569 -0.02499997 0.03322488 0.00170356 -0.02499997 0.03174769 0.00194782 -0.02499997 0.0302928 0.002300918 -0.02499997 0.04825556 0.008508741 -0.02499997 0.04711437 0.007516205 -0.02499997 0.04589456 0.006622195 -0.02499997 0.04460459 0.005832612 -0.02499997 0.0432536 0.005153059 -0.02499997 0.04185062 0.004588365 -0.02499997 0.04040557 0.004142165 -0.02499997 0.03892832 0.003817856 -0.02499997 0.03742939 0.003617346 -0.02499997 0.03591889 0.003542423 -0.02499997 0.03440731 0.003593266 -0.02499997 0.03290534 0.003769636 -0.02499997 0.03142315 0.004070401 -0.02499997 0.02997118 0.004493415 -0.02499997 0.04119575 -0.02653121 -0.02499997 0.0424351 -0.02449995 -0.02499997 0.03970015 -0.02646362 -0.02499997 0.03821367 -0.02628529 -0.02499997 0.03674459 -0.0259971 -0.02499997 0.03530085 -0.02560067 -0.02499997 0.03389042 -0.02509826 -0.02499997 0.0325213 -0.02449268 -0.02499997 0.03120088 -0.0237872 -0.02499997 0.02993637 -0.02298551 -0.02499997 0.02873486 -0.02209246 -0.02499997 0.02760297 -0.02111256 -0.02499997 0.02654677 -0.02005141 -0.02499997 0.02557224 -0.01891493 -0.02499997 0.02468472 -0.01770925 -0.02499997 0.02388906 -0.01644098 -0.02499997 0.04092299 -0.02452665 -0.02499997 0.03941392 -0.02442759 -0.02499997 0.03791832 -0.0242033 -0.02499997 0.03644657 -0.02385532 -0.02499997 0.03500872 -0.02338618 -0.02499997 0.03361505 -0.02279907 -0.02499997 0.03227496 -0.02209806 -0.02499997 0.03099787 -0.02128791 -0.02499997 0.02979242 -0.02037459 -0.02499997 0.02866727 -0.01936393 -0.02499997 0.02763009 -0.01826333 -0.02499997 0.02668803 -0.01708018 -0.02499997 0.02584755 -0.01582282 -0.02499997 0.02511465 -0.01449996 -0.02499997 0.04778558 -0.01084142 -0.02499997 0.04635709 -0.01128941 -0.02499997 0.0448991 -0.01163011 -0.02499997 0.04342001 -0.01186186 -0.02499997 0.04192787 -0.01198309 -0.02499997 0.04043078 -0.0119934 -0.02499997 0.03893709 -0.01189249 -0.02499997 0.03745496 -0.01168119 -0.02499997 0.03599256 -0.0113604 -0.02499997 0.03455799 -0.01093208 -0.02499997 0.03315913 -0.0103985 -0.02499997 0.03180378 -0.009762704 -0.02499997 0.03049933 -0.009028017 -0.02499997 0.029253 -0.008198559 -0.02499997 0.02807158 -0.007278919 -0.02499997 0.04825556 -0.008508741 -0.02499997 0.02855932 -0.005035758 -0.02499997 0.0468437 -0.009051024 -0.02499997 0.04539173 -0.009474039 -0.02499997 0.04390949 -0.009774744 -0.02499997 0.04240757 -0.009951174 -0.02499997 0.04089599 -0.01000201 -0.02499997 0.03938549 -0.009927093 -0.02499997 0.0378865 -0.009726643 -0.02499997 0.03640931 -0.009402275 -0.02499997 0.03496426 -0.008956134 -0.02499997 0.03356128 -0.00839138 -0.02499997 0.03221029 -0.007711887 -0.02499997 0.03092038 -0.006922245 -0.02499997 0.02970051 -0.006028175 -0.02499997 -0.002378821 -0.04894208 -0.02499997 -0.003068089 -0.0476132 -0.02499997 -0.003656744 -0.04623669 -0.02499997 -0.004141807 -0.04482018 -0.02499997 -0.004520416 -0.04337173 -0.02499997 -0.004790425 -0.0418992 -0.02499997 -0.004950523 -0.04041063 -0.02499997 -0.004999816 -0.03891438 -0.02499997 -0.004937887 -0.03741848 -0.02499997 -0.004765093 -0.03593128 -0.02499997 -0.004482567 -0.0344612 -0.02499997 -0.00409168 -0.0330159 -0.02499997 -0.003594636 -0.03160369 -0.02499997 -0.002994239 -0.03023225 -0.02499997 -0.002293825 -0.02890902 -0.02499997 0 -0.04899996 -0.02499997 0 -0.02899998 -0.02499997 -7.79216e-4 -0.0477038 -0.02499997 -0.001447916 -0.04634726 -0.02499997 -0.002001464 -0.04493981 -0.02499997 -0.002435982 -0.0434913 -0.02499997 -0.002748548 -0.04201149 -0.02499997 -0.002936959 -0.04051095 -0.02499997 -0.002999961 -0.03899997 -0.02499997 -0.002936959 -0.03748881 -0.02499997 -0.002748548 -0.03598839 -0.02499997 -0.002435982 -0.0345087 -0.02499997 -0.002001464 -0.03306007 -0.02499997 -0.001447916 -0.03165262 -0.02499997 -7.79216e-4 -0.0302962 -0.02499997 0.00991857 -0.02725106 -0.02499997 0.007731974 -0.0279501 -0.02499997 0.01450371 -0.04680418 -0.02499997 0.0134015 -0.04579102 -0.02499997 0.0123775 -0.04469895 -0.02499997 0.01143729 -0.04353386 -0.02499997 0.0105862 -0.04230219 -0.02499997 0.009828746 -0.04101073 -0.02499997 0.00916922 -0.03966677 -0.02499997 0.008611202 -0.0382775 -0.02499997 0.008157789 -0.03685075 -0.02499997 0.007811427 -0.03539425 -0.02499997 0.007574141 -0.03391593 -0.02499997 0.007447063 -0.03242427 -0.02499997 0.007431149 -0.0309273 -0.02499997 0.007526218 -0.02943319 -0.02499997 0.01675891 -0.04604482 -0.02499997 0.01558333 -0.04509329 -0.02499997 0.01449108 -0.04404747 -0.02499997 0.0134896 -0.04291427 -0.02499997 0.01258569 -0.04170167 -0.02499997 0.01178598 -0.04041802 -0.02499997 0.0110957 -0.03907245 -0.02499997 0.01051968 -0.037674 -0.02499997 0.01006203 -0.03623259 -0.02499997 0.009725868 -0.03475809 -0.02499997 0.009513497 -0.0332607 -0.02499997 0.009426414 -0.03175079 -0.02499997 0.009465217 -0.03023898 -0.02499997 0.009629666 -0.02873551 -0.02499997 -0.00991857 -0.02725106 -0.02499997 -0.01204293 -0.02638119 -0.02499997 -0.01897466 -0.04517698 -0.02499997 -0.01916778 -0.04369235 -0.02499997 -0.01925015 -0.0421974 -0.02499997 -0.01922148 -0.04070067 -0.02499997 -0.01908177 -0.03921008 -0.02499997 -0.0188319 -0.03773385 -0.02499997 -0.0184732 -0.03628039 -0.02499997 -0.01800775 -0.03485745 -0.02499997 -0.01743799 -0.03347295 -0.02499997 -0.01676696 -0.03213465 -0.02499997 -0.01599866 -0.03084975 -0.02499997 -0.01513701 -0.02962535 -0.02499997 -0.01418703 -0.02846825 -0.02499997 -0.01315379 -0.02738481 -0.02499997 -0.01675891 -0.04604482 -0.02499997 -0.01704788 -0.04456037 -0.02499997 -0.01721227 -0.04305696 -0.02499997 -0.01725107 -0.04154515 -0.02499997 -0.01716399 -0.04003518 -0.02499997 -0.01695168 -0.0385378 -0.02499997 -0.01661545 -0.03706336 -0.02499997 -0.01615786 -0.03562188 -0.02499997 -0.01558178 -0.03422349 -0.02499997 -0.01489156 -0.03287786 -0.02499997 -0.01409173 -0.03159433 -0.02499997 -0.013188 -0.03038173 -0.02499997 -0.01218628 -0.02924859 -0.02499997 -0.01109409 -0.02820259 -0.02499997 -0.0332818 -0.03596276 -0.02499997 -0.03149658 -0.0375362 -0.02499997 -0.0329554 -0.03450167 -0.02499997 -0.03252166 -0.03306871 -0.02499997 -0.03198271 -0.031672 -0.02499997 -0.03134167 -0.03031897 -0.02499997 -0.03060191 -0.02901732 -0.02499997 -0.02976787 -0.02777415 -0.02499997 -0.02884376 -0.02659618 -0.02499997 -0.02783477 -0.02549016 -0.02499997 -0.02674657 -0.02446198 -0.02499997 -0.02558505 -0.02351737 -0.02499997 -0.02435666 -0.0226615 -0.02499997 -0.02306813 -0.02189916 -0.02499997 -0.0217266 -0.02123457 -0.02499997 -0.02033948 -0.02067112 -0.02499997 -0.03126025 -0.03604239 -0.02499997 -0.03090059 -0.03457331 -0.02499997 -0.03042 -0.03313928 -0.02499997 -0.02982175 -0.03175038 -0.02499997 -0.02911007 -0.03041595 -0.02499997 -0.02828985 -0.0291453 -0.02499997 -0.02736681 -0.02794736 -0.02499997 -0.02634721 -0.02683025 -0.02499997 -0.02523845 -0.02580183 -0.02499997 -0.02404785 -0.02486926 -0.02499997 -0.02278375 -0.02403897 -0.02499997 -0.02145498 -0.02331656 -0.02499997 -0.02007085 -0.02270728 -0.02499997 -0.01864069 -0.0222153 -0.02499997 0.01199996 -0.002960503 0.007302939 0.01571273 -0.003134787 0.006226003 0.0146858 -0.004946768 0.006399393 0.02247029 -0.01190918 0.001948237 0.02105128 -0.01426821 0.001948237 0.02043443 -0.01229095 0.002838075 0.01823079 -0.01271998 0.003669977 0.01964163 -0.01041007 0.003669977 0.01466566 -0.02052766 0.002066314 0.0143041 -0.01869869 0.002999961 0.01539528 -0.02024173 0.001948237 0.02164316 -0.01001018 0.002838075 0.01534098 -0.02207481 0.00106585 0.02076125 -0.007945656 0.003669977 0.01770067 -0.02175968 3.05495e-4 0.02362585 -0.009410619 0.001948237 0.01749289 -0.01845908 0.001948237 0.01756739 -0.01072907 0.004443109 0.01531952 -0.01109009 0.005156338 0.01671051 -0.008856594 0.005156338 0.01777803 -0.006451427 0.005156338 0.01874107 -0.008514404 0.004443109 0.01969379 -0.005194067 0.004539847 0.01287615 -0.01068717 0.005981445 0.01461362 -0.009100675 0.005808711 0.01770102 -0.02214467 1.02719e-4 0.01256108 -0.009746193 0.006267428 0.01199996 -0.008838355 0.006587207 0.01369231 -0.007256925 0.006399393 0.01573532 -0.006984293 0.005808711 0.01770079 -0.02195245 2.04552e-4 0.0174095 -0.004592299 0.005513966 0.01938575 -0.01646018 0.001948237 0.01382285 -0.01792603 0.0034675 0.0146231 -0.016743 0.003669977 0.01333659 -0.01714569 0.003916442 0.01284569 -0.0163576 0.004346609 0.01256555 -0.01571559 0.004647791 0.02677088 0 0.001135826 0.01817107 -0.02175968 1.03156e-4 0.01793605 -0.02175968 2.04989e-4 0.0165497 -0.01484149 0.003669977 0.01397526 -0.01894569 0.002999961 0.01408535 -0.01886397 0.002999961 0.0141949 -0.01878166 0.002999961 0.01228368 -0.01506978 0.004938185 0.01363199 -0.01310908 0.005156338 0.01287025 -0.01259779 0.005512118 0.01297628 -0.0116291 0.005732119 0.01253819 -0.01356065 0.005333662 0.02450466 -0.006801784 0.001948237 0.02499663 0 0.00219959 0.02293807 -0.001777172 0.003279209 0.0231803 0 0.003189682 0.02126979 -0.005230545 0.003829061 0.02204847 -0.005249798 0.003453314 0.02048486 -0.005211949 0.004191339 0.02509629 -0.004113197 0.001948237 0.02256006 -0.003530502 0.003367245 0.0151385 -0.002161741 0.006465077 0.01199996 -0.01441979 0.005217969 0.0253939 -0.00137645 0.001948237 0.01842236 -0.005001962 0.005084156 0.01905488 -0.005139172 0.004814088 0.01479429 -0.001099646 0.006608307 0.01199996 -0.001480937 0.007370293 0.01199996 -0.007377684 0.006832838 0.01199996 -0.005910277 0.007034122 0.01469039 0 0.006652653 0.01379823 0 0.006915926 0.01199996 -0.004437506 0.007190883 0.01290118 0 0.00716263 0.01648753 -0.003961861 0.005902111 0.01199996 0 0.007392704 0.01770335 -0.02175968 -9.61174e-4 0.02470338 -0.02176076 -9.45821e-4 0.02470165 -0.03377872 -9.45825e-4 0.03149658 -0.0375362 -0.02499997 0.03006649 -0.03704398 -0.02499997 0.02868229 -0.03643471 -0.02499997 0.02735358 -0.03571248 -0.02499997 0.02608948 -0.03488212 -0.02499997 0.024899 -0.03394955 -0.02499997 0.02379006 -0.03292119 -0.02499997 0.02285516 -0.03190416 -9.49875e-4 0.02277058 -0.03180408 -0.02499997 0.02184742 -0.03060609 -0.02499997 0.02129888 -0.02978235 -9.53288e-4 0.0210272 -0.02933543 -0.02499997 0.02031552 -0.02800095 -0.02499997 0.02004045 -0.0274012 -9.56048e-4 0.01971739 -0.02661198 -0.02499997 0.01914787 -0.02486026 -9.58006e-4 0.0192368 -0.02517807 -0.02499997 0.01887702 -0.02370899 -0.02499997 0.01864069 -0.0222153 -9.59118e-4 0.01864069 -0.0222153 -0.02499997 0.02963703 -0.03902089 -0.02499997 0.02825468 -0.03844588 -0.02499997 0.02691888 -0.03776985 -0.02499997 0.02563709 -0.03699666 -0.02499997 0.02441591 -0.0361303 -0.02499997 0.02470123 -0.03634518 -9.45826e-4 0.02326256 -0.03517591 -0.02499997 0.0233848 -0.03528416 -9.48713e-4 0.02218306 -0.03413856 -0.02499997 0.0221619 -0.0341165 -9.51395e-4 0.02118355 -0.03302395 -0.02499997 0.02026945 -0.03183823 -0.02499997 0.02034187 -0.03193902 -9.55387e-4 0.01944589 -0.03058797 -0.02499997 0.01871728 -0.02928018 -0.02499997 0.01884561 -0.02952778 -9.58669e-4 0.0180878 -0.02792179 -0.02499997 0.01756078 -0.02652049 -0.02499997 0.01770263 -0.02693039 -9.61176e-4 0.01713901 -0.02508389 -0.02499997 0.01682519 -0.02362 -0.02499997 0.02470093 -0.03876078 -9.45826e-4 0.01770097 -0.0387597 -9.61179e-4 0.01770329 -0.02294069 -9.61174e-4 0.003703713 -0.01035761 0 0.00230515 -0.009730637 0 0.003418684 -0.009397387 0 0.004800677 -0.009897053 0 0.004486083 -0.00893718 0 -0.00740689 -0.008132457 0 -0.008783161 -0.007161617 0 -0.007570028 -0.007250308 0 -0.01199996 -0.01441979 0 0.005841553 -0.009320676 0 0.005492866 -0.008356213 0 0.01199996 -0.01441979 0 0.00914061 -0.01433342 0 0.01026386 -0.01355177 0 -0.006425499 -0.007662296 0 0.007957994 -0.01502221 0 -0.006485164 -0.008884847 0 0.006425499 -0.007662296 0 0.001435399 -0.01693928 0 0.002793312 -0.01676887 0 -0.01262199 -0.01337438 0 -0.01015466 -0.01363372 0 -0.01293975 -0.01220029 0 -0.005492866 -0.008356213 0 -0.01292961 -0.010984 0 -0.00548768 -0.009533345 0 0.01262199 -0.01337438 0 0.007570028 -0.007250308 0 -0.004486083 -0.00893718 0 -0.009025096 -0.0144065 0 0.01293975 -0.01220029 0 0.008783161 -0.007161617 0 -0.004425883 -0.01007026 0 0.01292961 -0.010984 0 -0.007837057 -0.01508569 0 0.009975373 -0.007402837 0 -0.01259249 -0.009815275 0 -0.003312349 -0.0104894 0 -0.003418684 -0.009397387 0 0.01259249 -0.009815275 0 -0.006598234 -0.0156672 0 0.01105862 -0.007956027 0 0.004133105 -0.01648986 0 -0.005316615 -0.01614719 0 0.01195299 -0.008780479 0 -0.002160072 -0.01078569 0 -0.00230515 -0.009730637 0 -0.01195299 -0.008780479 0 -9.82616e-4 -0.01095592 0 -0.001160383 -0.009932398 0 -0.004000544 -0.01652258 0 -0.002658486 -0.01679068 0 0.005446135 -0.01610398 0 -0.01105862 -0.007956027 0 2.0643e-4 -0.01099807 0 0 -0.00999999 0 -0.001299262 -0.01695019 0 0.006723821 -0.01561361 0 6.83e-5 -0.0169999 0 0.00139302 -0.0109114 0 0.001160383 -0.009932398 0 -0.009975373 -0.007402837 0 0.002563357 -0.010697 0 -0.01199996 -0.002220988 0.007342219 -0.01199996 -0.003330051 0.007279098 -0.01529258 -0.002506375 0.006399393 -0.01540136 -0.001692771 0.006400108 -0.01587629 -0.002715945 0.006197631 -0.01534098 0.02207481 0.00106585 -0.02013236 -0.005193591 0.004349887 -0.0188713 -0.00500375 0.004903972 -0.01777803 -0.006451427 0.005156338 -0.01764887 -0.004476666 0.005435824 -0.01964545 -0.01614928 0.001948237 -0.02136427 -0.01379531 0.001948237 -0.01853537 -0.012272 0.003669977 -0.0176686 -0.01829105 0.001948237 -0.01996946 -0.009766519 0.003669977 -0.01671051 -0.008856594 0.005156338 -0.01466566 0.02052766 0.002066314 -0.01397526 0.01894569 0.002999961 -0.01408535 0.01886397 0.002999961 -0.01199996 -0.004437506 0.007190883 -0.0146858 -0.004946768 0.006399393 -0.016617 -0.003667593 0.005880475 -0.0141949 0.01878166 0.002999961 -0.0167886 -0.01457077 0.003669977 -0.0143041 0.01869869 0.002999961 -0.01545959 -0.02019268 0.001948237 -0.01466566 -0.02052766 0.002066314 -0.01534098 -0.02207481 0.00106585 -0.0143041 -0.01869869 0.002999961 -0.01531952 -0.01109009 0.005156338 -0.01284766 -0.01056325 0.00601685 -0.0129761 -0.01159018 0.005741775 -0.01199996 -0.006644785 0.006938993 -0.01199996 -0.008838355 0.006587207 -0.01369231 -0.007256925 0.006399393 -0.01475858 -0.01662349 0.003669977 -0.01382285 -0.01792603 0.0034675 -0.01333659 -0.01714569 0.003916442 -0.01284569 -0.0163576 0.004346609 -0.01256555 -0.01571559 0.004647791 -0.01363199 -0.01310908 0.005156338 -0.01252478 -0.01358842 0.005329251 -0.01228368 -0.01506978 0.004938185 -0.01286447 -0.0126236 0.005506873 -0.02280247 0.01126027 0.001948237 -0.02136427 0.01379531 0.001948237 -0.02076333 0.01172649 0.002838075 -0.01853537 0.012272 0.003669977 -0.01996946 0.009766519 0.003669977 -0.02394104 0.008577167 0.001948237 -0.0219689 0.009273827 0.002838075 -0.02106678 0.007096171 0.003669977 -0.01671051 0.008856594 0.005156338 -0.01777803 0.006451427 0.005156338 -0.01894766 0.008044242 0.004443109 -0.01945883 0.004790306 0.004683375 -0.02013099 0.004821181 0.004391074 -0.01531952 0.01109009 0.005156338 -0.01290678 0.01084321 0.005937695 -0.01461362 0.009100675 0.005808711 -0.01257187 0.009769618 0.006259799 -0.01199996 0.008838355 0.006587207 -0.01369231 0.007256925 0.006399393 -0.01573532 0.006984293 0.005808711 -0.0146858 0.004946768 0.006399393 -0.02280247 -0.01126027 0.001948237 -0.02394104 -0.008577167 0.001948237 -0.0219689 -0.009273827 0.002838075 -0.02224689 -0.00524342 0.003356099 -0.02106678 -0.007096171 0.003669977 -0.02076333 -0.01172649 0.002838075 -0.01228368 0.01506978 0.004938185 -0.01199996 0.01441979 0.005217969 -0.0122624 0.01405441 0.005261123 -0.01894766 -0.008044242 0.004443109 -0.01573532 -0.006984293 0.005808711 -0.01461362 -0.009100675 0.005808711 -0.01249212 0.01365405 0.00531888 -0.0125125 -0.009644567 0.006300747 -0.01517421 5.36398e-4 0.006499469 -0.0153771 0.001452088 0.006415843 -0.01199996 0.001110792 0.007380068 -0.01199996 0.002220988 0.007342219 -0.01199996 0 0.007392704 -0.0151599 -5.63969e-4 0.006503701 -0.01199996 -0.001110792 0.007380068 -0.0141949 -0.01878166 0.002999961 -0.01408535 -0.01886397 0.002999961 -0.01397526 -0.01894569 0.002999961 -0.01199996 -0.01441979 0.005217969 -0.01545959 0.02019268 0.001948237 -0.0176686 0.01829105 0.001948237 -0.01964545 0.01614928 0.001948237 -0.01333659 0.01714569 0.003916442 -0.01284569 0.0163576 0.004346609 -0.01475858 0.01662349 0.003669977 -0.01382285 0.01792603 0.0034675 -0.01256555 0.01571559 0.004647791 -0.0167886 0.01457077 0.003669977 -0.01363199 0.01310908 0.005156338 -0.01282083 0.01279872 0.005471408 -0.01296949 0.01187795 0.005672097 -0.02476525 0.005781412 0.001948237 -0.02335125 0.004743874 0.002847552 -0.02121657 0.004796743 0.003902018 -0.02229017 0.004770874 0.003387451 -0.0252642 0.002909839 0.001948237 -0.02347058 0.00306046 0.002932608 -0.02346789 0.001372933 0.0030182 -0.02543115 0 0.001948237 -0.02334326 -3.09863e-4 0.003103733 -0.01721787 0.003944337 0.005643188 -0.01799201 0.004385173 0.005313992 -0.01879179 0.004666984 0.004971325 -0.01199996 0.006644785 0.006938993 -0.01199996 0.004437506 0.007190883 -0.0252642 -0.002909839 0.001948237 -0.02309721 -0.001979351 0.003188908 -0.02273118 -0.003626704 0.003273189 -0.01611179 0.002873361 0.006109297 -0.01656556 0.003397524 0.005918622 -0.01199996 0.003330051 0.007279098 -0.02476525 -0.005781412 0.001948237 -0.01570671 0.002233088 0.006278753 -0.01529258 0.002506375 0.006399393 -0.02084237 -0.005209684 0.004029572 -0.02154719 -0.005226254 0.003698348 0.009975373 0.007402837 0 0.005841553 0.009320676 0 0.01015466 0.01363372 0 0.01259249 0.009815275 0 0.01292961 0.010984 0 -0.001358807 0.0169456 0 -0.00270915 0.0167827 0 0.00230515 0.009730637 0 0.00139302 0.0109114 0 0.002563357 0.010697 0 0.01293975 0.01220029 0 0.01262199 0.01337438 0 0.01199996 0.01441979 0 0.009032368 0.01440185 0 0.007852196 0.01507782 0 0.003418684 0.009397387 0 0.003703713 0.01035761 0 -0.007570028 0.007250308 0 -0.008783161 0.007161617 0 -0.00740689 0.008132457 0 -0.009975373 0.007402837 0 -0.01105862 0.007956027 0 0 0.0169999 0 0.001358807 0.0169456 0 0.00270915 0.0167827 0 -0.006425499 0.007662296 0 -0.006485164 0.008884847 0 0.004486083 0.00893718 0 0.004800677 0.009897053 0 0.004042029 0.01651245 0 0.00534904 0.0161364 0 0.005492866 0.008356213 0 0.006425499 0.007662296 0 0.007570028 0.007250308 0 -0.005492866 0.008356213 0 0.006621778 0.0156573 0 -0.01195299 0.008780479 0 -0.01015466 0.01363372 0 -0.01259249 0.009815275 0 -0.01292961 0.010984 0 -0.01293975 0.01220029 0 -0.01262199 0.01337438 0 -0.01199996 0.01441979 0 -0.00548768 0.009533345 0 0.008783161 0.007161617 0 -0.004486083 0.00893718 0 -0.006621778 0.0156573 0 -0.00534904 0.0161364 0 -0.009032368 0.01440185 0 -0.004425883 0.01007026 0 -0.003418684 0.009397387 0 -0.003312349 0.0104894 0 -0.007852196 0.01507782 0 -0.00230515 0.009730637 0 -0.002160072 0.01078569 0 -0.001160383 0.009932398 0 -0.004042029 0.01651245 0 -9.82616e-4 0.01095592 0 0 0.00999999 0 0.001160383 0.009932398 0 2.0643e-4 0.01099807 0 0.01195299 0.008780479 0 0.01105862 0.007956027 0 0.02105128 0.01426821 0.001948237 0.02247029 0.01190918 0.001948237 0.02043443 0.01229095 0.002838075 0.0253939 0.00137645 0.001948237 0.01964163 0.01041007 0.003669977 0.01823079 0.01271998 0.003669977 0.02327996 0.001578271 0.003109872 0.02164316 0.01001018 0.002838075 0.02327245 0.003159821 0.003029704 0.02315789 0.004737079 0.002949595 0.02509629 0.004113197 0.001948237 0.02076125 0.007945656 0.003669977 0.01874107 0.008514404 0.004443109 0.01777803 0.006451427 0.005156338 0.01671051 0.008856594 0.005156338 0.01756739 0.01072907 0.004443109 0.01802259 0.02154916 2.76961e-4 0.01770669 0.02154916 4.11871e-4 0.01531952 0.01109009 0.005156338 0.02450466 0.006801784 0.001948237 0.0146858 0.004946768 0.006399393 0.01573532 0.006984293 0.005808711 0.01369231 0.007256925 0.006399393 0.01770722 0.02207148 1.3892e-4 0.01770699 0.02181077 2.76212e-4 0.01461362 0.009100675 0.005808711 0.01286858 0.01065278 0.00599122 0.01255089 0.009724259 0.006274521 0.01199996 0.008838355 0.006587207 0.02362585 0.009410619 0.001948237 0.01513981 0.00198549 0.006472229 0.0148102 0.001008868 0.006605446 0.01199996 0.001480937 0.007370293 0.02201753 0.004766464 0.003522217 0.021573 0.005363464 0.003669977 0.02086305 0.004794239 0.004065752 0.01534098 0.02207481 0.00106585 0.01568669 0.00289762 0.006249666 0.01199996 0.002960503 0.007302939 0.0196951 0.004820585 0.004579842 0.01466566 0.02052766 0.002066314 0.0143041 0.01869869 0.002999961 0.0141949 0.01878166 0.002999961 0.01408535 0.01886397 0.002999961 0.01938575 0.01646018 0.001948237 0.01397526 0.01894569 0.002999961 0.01842385 0.004683971 0.005116701 0.0173242 0.004274249 0.005575418 0.01749289 0.01845908 0.001948237 0.01643013 0.003678739 0.005944848 0.01199996 0.004437506 0.007190883 0.01199996 0.005910277 0.007034122 0.0165497 0.01484149 0.003669977 0.01539528 0.02024173 0.001948237 0.01297628 0.0116291 0.005732119 0.01833778 0.0215491 1.39668e-4 0.01199996 0.007377684 0.006832838 0.0146231 0.016743 0.003669977 0.01256555 0.01571559 0.004647791 0.01284569 0.0163576 0.004346609 0.01382285 0.01792603 0.0034675 0.01333659 0.01714569 0.003916442 0.01363199 0.01310908 0.005156338 0.01287025 0.01259779 0.005512118 0.01253819 0.01356065 0.005333662 0.01228368 0.01506978 0.004938185 0.01199996 0.01441979 0.005217969 0.01771146 0.03410118 -9.61156e-4 0.01770967 0.02154916 -9.6116e-4 0.01916778 0.04369235 -0.02499997 0.01897466 0.04517698 -0.02499997 0.01925015 0.0421974 -0.02499997 0.01922148 0.04070067 -0.02499997 0.01908177 0.03921008 -0.02499997 0.0188319 0.03773385 -0.02499997 0.0189839 0.03854888 -9.58366e-4 0.0184732 0.03628039 -0.02499997 0.01847559 0.03628849 -9.5948e-4 0.01800775 0.03485745 -0.02499997 0.01743799 0.03347295 -0.02499997 0.01676696 0.03213465 -0.02499997 0.01599866 0.03084975 -0.02499997 0.01513701 0.02962535 -0.02499997 0.01418703 0.02846825 -0.02499997 0.01315379 0.02738481 -0.02499997 0.01204293 0.02638119 -0.02499997 0.00991857 0.02725106 -0.02499997 0.01675891 0.04604482 -0.02499997 0.01704788 0.04456037 -0.02499997 0.01721227 0.04305696 -0.02499997 0.01725107 0.04154515 -0.02499997 0.01716399 0.04003518 -0.02499997 0.01695168 0.0385378 -0.02499997 0.01661545 0.03706336 -0.02499997 0.01615786 0.03562188 -0.02499997 0.01558178 0.03422349 -0.02499997 0.01489156 0.03287786 -0.02499997 0.01409173 0.03159433 -0.02499997 0.013188 0.03038173 -0.02499997 0.01218628 0.02924859 -0.02499997 0.01109409 0.02820259 -0.02499997 0.02471208 0.03854817 -9.45802e-4 0.02471011 0.02536827 -9.45806e-4 0.03149658 0.0375362 -0.02499997 0.03126025 0.03604239 -0.02499997 0.03090059 0.03457331 -0.02499997 0.03042 0.03313928 -0.02499997 0.02982175 0.03175038 -0.02499997 0.02911007 0.03041595 -0.02499997 0.02828985 0.0291453 -0.02499997 0.02736681 0.02794736 -0.02499997 0.02634721 0.02683025 -0.02499997 0.02523845 0.02580183 -0.02499997 0.02404785 0.02486926 -0.02499997 0.02282541 0.024064 -9.4994e-4 0.02278375 0.02403897 -0.02499997 0.02145498 0.02331656 -0.02499997 0.02079159 0.02300739 -9.54401e-4 0.02007085 0.02270728 -0.02499997 0.01864069 0.0222153 -9.59118e-4 0.01864069 0.0222153 -0.02499997 0.0332818 0.03596276 -0.02499997 0.0329554 0.03450167 -0.02499997 0.03252166 0.03306871 -0.02499997 0.03198271 0.031672 -0.02499997 0.03134167 0.03031897 -0.02499997 0.03060191 0.02901732 -0.02499997 0.02976787 0.02777415 -0.02499997 0.02884376 0.02659618 -0.02499997 0.02783477 0.02549016 -0.02499997 0.02674657 0.02446198 -0.02499997 0.02558505 0.02351737 -0.02499997 0.02435666 0.0226615 -0.02499997 0.02470988 0.0228939 -9.45807e-4 0.02306813 0.02189916 -0.02499997 0.0217266 0.02123457 -0.02499997 0.02239161 0.02154839 -9.50891e-4 0.02033948 0.02067112 -0.02499997 0.0247097 0.02154815 -9.45807e-4 0.01937389 0.02154892 -9.5751e-4 0.002293825 0.02890902 -0.02499997 0 0.02899998 -0.02499997 0.002378821 0.04894208 -0.02499997 0.003068089 0.0476132 -0.02499997 0.003656744 0.04623669 -0.02499997 0.004141807 0.04482018 -0.02499997 0.004520416 0.04337173 -0.02499997 0.004790425 0.0418992 -0.02499997 0.004950523 0.04041063 -0.02499997 0.004999816 0.03891438 -0.02499997 0.004937887 0.03741848 -0.02499997 0.004765093 0.03593128 -0.02499997 0.004482567 0.0344612 -0.02499997 0.00409168 0.0330159 -0.02499997 0.003594636 0.03160369 -0.02499997 0.002994239 0.03023225 -0.02499997 0 0.04899996 -0.02499997 7.79216e-4 0.0477038 -0.02499997 0.001447916 0.04634726 -0.02499997 0.002001464 0.04493981 -0.02499997 0.002435982 0.0434913 -0.02499997 0.002748548 0.04201149 -0.02499997 0.002936959 0.04051095 -0.02499997 0.002999961 0.03899997 -0.02499997 0.002936959 0.03748881 -0.02499997 0.002748548 0.03598839 -0.02499997 0.002435982 0.0345087 -0.02499997 0.002001464 0.03306007 -0.02499997 0.001447916 0.03165262 -0.02499997 7.79216e-4 0.0302962 -0.02499997 -0.01450371 0.04680418 -0.02499997 -0.0134015 0.04579102 -0.02499997 -0.0123775 0.04469895 -0.02499997 -0.01143729 0.04353386 -0.02499997 -0.0105862 0.04230219 -0.02499997 -0.009828746 0.04101073 -0.02499997 -0.00916922 0.03966677 -0.02499997 -0.008611202 0.0382775 -0.02499997 -0.008157789 0.03685075 -0.02499997 -0.007811427 0.03539425 -0.02499997 -0.007574141 0.03391593 -0.02499997 -0.007447063 0.03242427 -0.02499997 -0.007431149 0.0309273 -0.02499997 -0.007526218 0.02943319 -0.02499997 -0.007731974 0.0279501 -0.02499997 -0.01675891 0.04604482 -0.02499997 -0.00991857 0.02725106 -0.02499997 -0.01558333 0.04509329 -0.02499997 -0.01449108 0.04404747 -0.02499997 -0.0134896 0.04291427 -0.02499997 -0.01258569 0.04170167 -0.02499997 -0.01178598 0.04041802 -0.02499997 -0.0110957 0.03907245 -0.02499997 -0.01051968 0.037674 -0.02499997 -0.01006203 0.03623259 -0.02499997 -0.009725868 0.03475809 -0.02499997 -0.009513497 0.0332607 -0.02499997 -0.009426414 0.03175079 -0.02499997 -0.009465217 0.03023898 -0.02499997 -0.009629666 0.02873551 -0.02499997 0.004165709 -0.04229533 0.018 0.006235957 -0.04203999 0.018 0.008291304 -0.04168331 0.018 0.01032668 -0.0412262 0.018 0.04244869 0.002085328 0.018 0.04249989 0 0.018 0.04229533 0.004165709 0.018 0.04203999 0.006235957 0.018 0.01233702 -0.04066991 0.018 0.04168331 0.008291304 0.018 0.01431775 -0.04001551 0.018 0.01626396 -0.03926479 0.018 0.0412262 0.01032668 0.018 0.01817107 -0.03841948 0.018 0.02003437 -0.0374816 0.018 0.04066991 0.01233702 0.018 0.04001551 0.01431775 0.018 0.03926479 0.01626396 0.018 0.02184939 -0.03645342 0.018 0.02361166 -0.03533738 0.018 0.02531719 -0.03413629 0.018 0.03841948 0.01817107 0.018 0.02696168 -0.03285282 0.018 0.0374816 0.02003437 0.018 0.0285412 -0.03149032 0.018 0.030052 -0.030052 0.018 0.03645342 0.02184939 0.018 0.03533738 0.02361166 0.018 0.03149032 -0.0285412 0.018 0.03413629 0.02531719 0.018 0.03285282 0.02696168 0.018 0.03285282 -0.02696168 0.018 0.03413629 -0.02531719 0.018 0.03149032 0.0285412 0.018 0.030052 0.030052 0.018 0.03533738 -0.02361166 0.018 0.03645342 -0.02184939 0.018 0.0285412 0.03149032 0.018 0.02696168 0.03285282 0.018 0.0374816 -0.02003437 0.018 0.02531719 0.03413629 0.018 0.03841948 -0.01817107 0.018 0.03926479 -0.01626396 0.018 0.02361166 0.03533738 0.018 0.04001551 -0.01431775 0.018 0.02184939 0.03645342 0.018 0.04066991 -0.01233702 0.018 0.02003437 0.0374816 0.018 0.0412262 -0.01032668 0.018 0.01817107 0.03841948 0.018 0.04168331 -0.008291304 0.018 0.01626396 0.03926479 0.018 0.04203999 -0.006235957 0.018 0.04229533 -0.004165709 0.018 0.01431775 0.04001551 0.018 0.01233702 0.04066991 0.018 0.04244869 -0.002085328 0.018 0.01032668 0.0412262 0.018 0.008291304 0.04168331 0.018 0.006235957 0.04203999 0.018 0.004165709 0.04229533 0.018 0.002085328 0.04244869 0.018 0 0.04249989 0.018 -0.002085328 0.04244869 0.018 -0.004165709 0.04229533 0.018 -0.006235957 0.04203999 0.018 -0.008291304 0.04168331 0.018 -0.01032668 0.0412262 0.018 -0.01233702 0.04066991 0.018 -0.01431775 0.04001551 0.018 -0.01626396 0.03926479 0.018 -0.01817107 0.03841948 0.018 -0.02003437 0.0374816 0.018 -0.02184939 0.03645342 0.018 -0.02361166 0.03533738 0.018 -0.02531719 0.03413629 0.018 -0.02696168 0.03285282 0.018 -0.0285412 0.03149032 0.018 -0.030052 0.030052 0.018 -0.03149032 0.0285412 0.018 -0.03285282 0.02696168 0.018 -0.03413629 0.02531719 0.018 -0.03533738 0.02361166 0.018 -0.03645342 0.02184939 0.018 -0.0374816 0.02003437 0.018 -0.03841948 0.01817107 0.018 -0.03926479 0.01626396 0.018 -0.04001551 0.01431775 0.018 -0.04066991 0.01233702 0.018 -0.0412262 0.01032668 0.018 -0.04168331 0.008291304 0.018 -0.04203999 0.006235957 0.018 -0.04229533 0.004165709 0.018 -0.04244869 0.002085328 0.018 -0.04249989 0 0.018 -0.04244869 -0.002085328 0.018 -0.04229533 -0.004165709 0.018 -0.04203999 -0.006235957 0.018 -0.04168331 -0.008291304 0.018 -0.0412262 -0.01032668 0.018 -0.04066991 -0.01233702 0.018 -0.04001551 -0.01431775 0.018 -0.03926479 -0.01626396 0.018 -0.03841948 -0.01817107 0.018 -0.0374816 -0.02003437 0.018 -0.03645342 -0.02184939 0.018 -0.03533738 -0.02361166 0.018 -0.03413629 -0.02531719 0.018 -0.03285282 -0.02696168 0.018 -0.03149032 -0.0285412 0.018 -0.030052 -0.030052 0.018 -0.0285412 -0.03149032 0.018 -0.02696168 -0.03285282 0.018 -0.02531719 -0.03413629 0.018 -0.02361166 -0.03533738 0.018 -0.02184939 -0.03645342 0.018 -0.02003437 -0.0374816 0.018 -0.01817107 -0.03841948 0.018 -0.01626396 -0.03926479 0.018 -0.01431775 -0.04001551 0.018 -0.01233702 -0.04066991 0.018 -0.01032668 -0.0412262 0.018 -0.008291304 -0.04168331 0.018 -0.006235957 -0.04203999 0.018 -0.004165709 -0.04229533 0.018 -0.002085328 -0.04244869 0.018 0 -0.04249989 0.018 0.002085328 -0.04244869 0.018 0.01360243 -0.01809161 0.003468394 0.01322597 -0.01722878 0.003917396 0.006425499 -0.007662296 0.007840633 0.00735116 -0.007302582 0.007765889 0.008333444 -0.007155776 0.007630825 0.009337604 -0.007231712 0.007438838 0.0103836 -0.00756824 0.007176399 0.01128858 -0.00812745 0.006883919 -0.002767503 0.005881369 0.008422434 -0.003482758 0.005488038 0.008422434 -0.004905581 0.006639361 0.008162379 -0.004143238 0.00500828 0.008422434 -0.008312642 0.00715661 0.007634282 -0.007342875 0.007304728 0.007766783 -0.008444368 0.006323099 0.007726073 -0.009321451 0.007228612 0.007442355 -0.009412407 0.005174458 0.007684648 -0.006425499 0.007662296 0.007840633 -0.005671024 0.00599879 0.008162379 -0.004738271 0.004449546 0.008422434 -0.006421208 0.005469799 0.0081321 -0.00525856 0.003820598 0.008422434 -0.007285118 0.004623234 0.00809884 -0.005695939 0.00313133 0.008422434 -0.007807195 0.003673732 0.00809884 -0.006043434 0.002392709 0.008422434 -0.008206069 0.002666234 0.00809884 -0.00629574 0.001616418 0.008422434 -0.008475542 0.001616716 0.00809884 -0.006448686 8.14666e-4 0.008422434 -0.008611381 5.41783e-4 0.00809884 -0.006499946 0 0.008422434 -0.008611381 -5.41783e-4 0.00809884 -0.006448686 -8.14666e-4 0.008422434 0.01120108 0.008059501 0.006915569 -0.008475542 -0.001616716 0.00809884 -0.00629574 -0.001616418 0.008422434 -0.008206069 -0.002666234 0.00809884 -0.006043434 -0.002392709 0.008422434 0.01028305 0.007523119 0.007204771 -0.007807195 -0.003673732 0.00809884 -0.005695939 -0.00313133 0.008422434 -0.008303523 -0.007156968 0.007635772 -0.009412407 -0.005174458 0.007684648 -0.007285118 -0.004623234 0.00809884 -0.00525856 -0.003820598 0.008422434 -0.007502615 -0.00726521 0.007748544 -0.006491184 -0.005454361 0.008124709 -0.006938517 -0.007433772 0.007806003 -0.004738271 -0.004449546 0.008422434 -0.006425499 -0.007662296 0.007840633 -0.005671024 -0.00599879 0.008162379 -0.004143238 -0.00500828 0.008422434 -0.004905581 -0.006639361 0.008162379 -0.004486083 -0.00893718 0.007840633 -0.005492866 -0.008356213 0.007840633 -0.002767503 -0.005881369 0.008422434 -0.003482758 -0.005488038 0.008422434 0.005492866 -0.008356213 0.007840633 0.004905581 -0.006639361 0.008162379 0.004486083 -0.00893718 0.007840633 0.002767503 -0.005881369 0.008422434 0.003482758 -0.005488038 0.008422434 0.004143238 -0.00500828 0.008422434 0.005671024 -0.00599879 0.008162379 0.004738271 -0.004449546 0.008422434 0.009797215 -0.005583286 0.007564604 0.008689641 -0.006313323 0.007684648 0.009986758 -0.003953993 0.007684648 0.00525856 -0.003820598 0.008422434 0.006424844 -0.005468845 0.008131742 0.005695939 -0.00313133 0.008422434 0.007285118 -0.004623234 0.00809884 0.006043434 -0.002392709 0.008422434 0.007807195 -0.003673732 0.00809884 0.00629574 -0.001616418 0.008422434 0.008206069 -0.002666234 0.00809884 0.008345603 0 0.008147239 0.01017969 0 0.007803857 0.008475542 -0.001616716 0.00809884 0.006448686 -8.14666e-4 0.008422434 0.007365465 -9.30486e-4 0.00829339 0.006499946 0 0.008422434 0.008206069 0.002666234 0.00809884 0.007807195 0.003673732 0.00809884 0.009302318 0.002702534 0.007903039 0.009986758 0.003953993 0.007684648 0.01065629 0.001346111 0.007684648 0.008475542 0.001616716 0.00809884 -0.009114265 0.003281295 0.007903039 -0.01040357 0.002671182 0.007684648 -0.009643912 9.11623e-4 0.007903039 -0.01074105 0 0.007684648 -0.01040357 -0.002671182 0.007684648 -0.009567677 -0.001515269 0.007903039 -0.008890211 -0.003847122 0.007903039 0.003418684 0.009397387 0.007840633 0.004486083 0.00893718 0.007840633 0.002767503 0.005881369 0.008422434 0.009453654 -0.002113044 0.007903039 0.01065629 -0.001346111 0.007684648 0.00230515 0.009730637 0.007840633 0.002008557 0.006181836 0.008422434 0.001160383 0.009932398 0.007840633 0.001217961 0.006384789 0.008422434 0 0.00999999 0.007840633 4.08138e-4 0.006487131 0.008422434 -4.08138e-4 0.006487131 0.008422434 -0.001160383 0.009932398 0.007840633 -0.001217961 0.006384789 0.008422434 -0.00230515 0.009730637 0.007840633 -0.002008557 0.006181836 0.008422434 -0.003418684 0.009397387 0.007840633 -0.01119959 0.008058369 0.006916165 -0.01032537 0.007541716 0.007192969 -0.01163029 0.008429288 0.00675112 -0.004486083 0.00893718 0.007840633 -0.01119697 -0.008056342 0.006917119 -0.01021438 -0.007494032 0.007223725 -0.003418684 -0.009397387 0.007840633 -0.00230515 -0.009730637 0.007840633 -0.002008557 -0.006181836 0.008422434 -0.001160383 -0.009932398 0.007840633 -0.001217961 -0.006384789 0.008422434 0 -0.00999999 0.007840633 -4.08138e-4 -0.006487131 0.008422434 0.001160383 -0.009932398 0.007840633 4.08138e-4 -0.006487131 0.008422434 0.00230515 -0.009730637 0.007840633 0.001217961 -0.006384789 0.008422434 0.003418684 -0.009397387 0.007840633 0.002008557 -0.006181836 0.008422434 0.008511424 0.007152616 0.007600784 0.009382784 0.007240593 0.007428824 0.008689641 0.006313323 0.007684648 0.007720232 0.007221043 0.007721424 -0.009210705 -0.00720942 0.007466137 0.007365465 9.30486e-4 0.00829339 0.00629574 0.001616418 0.008422434 0.006448686 8.14666e-4 0.008422434 0.009819984 0.005584955 0.007559835 0.006043434 0.002392709 0.008422434 0.005695939 0.00313133 0.008422434 0.007285118 0.004623234 0.00809884 0.00525856 0.003820598 0.008422434 0.006587684 0.005438745 0.008113682 0.007034361 0.00739938 0.007797718 0.00628829 0.005509614 0.008144736 0.004738271 0.004449546 0.008422434 0.005671024 0.00599879 0.008162379 0.006425499 0.007662296 0.007840633 0.004143238 0.00500828 0.008422434 0.004905581 0.006639361 0.008162379 0.005492866 0.008356213 0.007840633 0.003482758 0.005488038 0.008422434 -0.005492866 0.008356213 0.007840633 0.0184046 0.004567623 0.002947807 0.01969861 0.004737555 0.002941966 0.0171985 0.004068911 0.002970457 0.01616275 0.003275573 0.003008306 0.01536798 0.002241492 0.003058969 0.01486808 0.00103718 0.003118932 0.01469737 -2.55201e-4 0.00318408 0.01486748 -0.001547574 0.003249943 0.01536667 -0.002752006 0.003312051 0.01616096 -0.003786385 0.003366231 0.01719623 -0.00458014 0.00340873 0.01840204 -0.00507915 0.003436625 0.01969617 -0.0052495 0.003448069 0.02083259 0.002269089 0.003069519 0.0196501 0.002652645 0.003047585 0.01902467 0.002613306 0.003048121 0.02026563 0.002535462 0.003054857 0.01701277 -1.52374e-4 0.003183901 0.01701277 4.73489e-4 0.003152251 0.02131545 -0.001548111 0.003264129 0.01842868 0.002419829 0.003056645 0.02083259 -0.001947045 0.003283262 0.0171687 0.001079618 0.003121793 0.02168387 -0.00104171 0.003239274 0.02026563 -0.002213597 0.003295481 0.01789957 0.002084434 0.0030725 0.0219146 -4.59829e-4 0.003210186 0.01747053 0.00162816 0.003094673 0.0196501 -0.002331018 0.00330013 0.0219931 1.61108e-4 0.003178954 0.01902467 -0.002291679 0.003296732 0.0219146 7.82027e-4 0.003147304 0.01842868 -0.002098441 0.003285706 0.02168387 0.001363873 0.003117263 0.01789957 -0.001763105 0.003267467 0.02131545 0.001870155 0.003090858 0.01747053 -0.001306951 0.003243446 0.0171687 -7.58557e-4 0.003214955 -0.01322597 -0.01722878 0.003917396 -0.01360243 -0.01809161 0.003468394 0.01026386 -0.01355177 -0.002936959 0.005841553 -0.009320676 -0.007359325 0.004909098 -0.009843766 -0.0082919 0.003930211 -0.01027387 -0.009270727 0.002126574 -0.01079249 -0.01107436 2.52337e-4 -0.01099699 -0.01294869 -0.001805007 -0.01085078 -0.015006 -0.003798902 -0.0103231 -0.0169999 -0.005092442 -0.009750127 -0.0169999 -0.00630182 -0.009015858 -0.0169999 -0.00740689 -0.008132457 -0.0169999 -0.01015466 -0.01363372 -0.0169999 0.009165167 -0.01431775 -0.00403583 0.008009493 -0.0149948 -0.005191445 0.005903661 -0.01594179 -0.007297158 0.003667116 -0.01659977 -0.009533822 0.001349627 -0.01694625 -0.01185125 -0.001238942 -0.01695472 -0.01444 -0.003798902 -0.01657009 -0.0169999 -0.006046473 -0.01588827 -0.0169999 -0.008178651 -0.01490318 -0.0169999 -0.01322597 0.01722878 0.003917396 -0.01360243 0.01809161 0.003468394 -0.02012765 0.004743397 0.002854645 -0.02183115 -7.62867e-4 0.003129959 -0.02198708 -1.56684e-4 0.003098905 -0.02198708 4.69179e-4 0.003067195 -0.01762789 0.004074037 0.002893984 -0.01873427 0.002531111 0.002969801 -0.01883351 0.004573047 0.002866089 -0.01934975 0.002648293 0.00296247 -0.02183115 0.001075387 0.003036797 -0.02152919 0.001623809 0.003009617 -0.0199753 0.002608954 0.002963185 -0.02057117 0.002415478 0.002971649 -0.01579946 -0.002747595 0.003243744 -0.01659429 -0.003781676 0.003294408 -0.0176844 -0.001552343 0.003179073 -0.02110028 0.002080142 0.002987504 -0.0176301 -0.004575014 0.003332376 -0.01816713 -0.001951396 0.003198266 -0.01529961 -0.001543283 0.003183782 -0.01731598 -0.001046001 0.003154218 -0.01883608 -0.005073726 0.003355026 -0.01873427 -0.002217948 0.003210425 -0.01512897 -2.50899e-4 0.003118634 -0.01708525 -4.64138e-4 0.00312525 -0.02013009 -0.005243659 0.003360748 -0.01934975 -0.00233525 0.003215134 -0.01529896 0.001041471 0.003052771 -0.01700675 1.56798e-4 0.003093898 -0.0199753 -0.00229609 0.003211677 -0.01708525 7.77717e-4 0.003062248 -0.01579815 0.002245903 0.002990663 -0.02057117 -0.002102673 0.00320065 -0.01731598 0.001359522 0.003032267 -0.02110028 -0.001767396 0.00318253 -0.0176844 0.001865804 0.003005862 -0.0165925 0.003280282 0.002936542 -0.01816713 0.002264738 0.002984583 -0.02152919 -0.001311182 0.00315845 0.01322597 0.01722878 0.003917396 0.01360243 0.01809161 0.003468394 -0.00740689 0.008132457 -0.006794035 -0.01015466 0.01363372 -0.004046261 -0.006214857 0.009076058 -0.007986068 -0.004904091 0.00984627 -0.009296834 -0.003169476 0.01053345 -0.01103132 -0.001327455 0.01091957 -0.01287347 7.49098e-4 0.0109744 -0.01495003 0.002798914 0.01063781 -0.0169999 0.003855824 0.010302 -0.0169999 0.004873394 0.009861469 -0.0169999 0.005841553 0.009320676 -0.0169999 0.01015466 0.01363372 -0.0169999 -0.008557081 0.0146892 -0.005643784 -0.006850898 0.01555836 -0.007349967 -0.004666209 0.01634699 -0.009534716 -0.002377927 0.01683282 -0.01182293 2.12988e-4 0.01699858 -0.01441395 0.002798914 0.01676791 -0.0169999 0.004115641 0.01649427 -0.0169999 0.005406618 0.01611727 -0.0169999 0.00666368 0.01563948 -0.0169999 0.007879137 0.01506376 -0.0169999 0.009045183 0.0143938 -0.0169999 -0.03899997 0 0.018 -0.0389449 0.00206995 0.018 0 0.03899997 0.018 -0.003990173 0.03879529 0.018 -0.03878027 0.004134178 0.018 -0.03850615 0.006186664 0.018 -0.007938563 0.03818345 0.018 -0.03812342 0.008221745 0.018 -0.03763329 0.0102337 0.018 -0.0118035 0.03717082 0.018 0.02726835 -0.02788239 0.018 0.02870982 -0.02639579 0.018 -0.03703719 0.01221662 0.018 0.02574998 -0.02929043 0.018 0.03007036 -0.02483475 0.018 -0.03633648 0.0141654 0.018 0.02415907 -0.03061598 0.018 -0.01554465 0.03576815 0.018 0.0313462 -0.02320379 0.018 0.02249991 -0.03185498 0.018 0.03253352 -0.02150726 0.018 0.03362923 -0.01975011 0.018 -0.0355333 0.016074 0.018 0.01912266 -0.0339899 0.018 0.03463011 -0.01793736 0.018 -0.03463011 0.01793736 0.018 -0.01912266 0.0339899 0.018 0.0355333 -0.016074 0.018 -0.03362923 0.01975011 0.018 0.01554465 -0.03576815 0.018 0.03633648 -0.0141654 0.018 -0.03253352 0.02150726 0.018 -0.02249991 0.03185498 0.018 0.03703719 -0.01221662 0.018 -0.0313462 0.02320379 0.018 0.0118035 -0.03717082 0.018 -0.02415907 0.03061598 0.018 0.03763329 -0.0102337 0.018 -0.02574998 0.02929043 0.018 -0.03007036 0.02483475 0.018 0.03812342 -0.008221745 0.018 -0.02870982 0.02639579 0.018 -0.02726835 0.02788239 0.018 0.007938563 -0.03818345 0.018 0.03850615 -0.006186664 0.018 0.03878027 -0.004134178 0.018 0.003990173 -0.03879529 0.018 0.0389449 -0.00206995 0.018 0.03899997 0 0.018 0 -0.03899997 0.018 0.0389449 0.00206995 0.018 -0.003990173 -0.03879529 0.018 0.03878027 0.004134178 0.018 0.03850615 0.006186664 0.018 -0.007938563 -0.03818345 0.018 0.03812342 0.008221745 0.018 0.03763329 0.0102337 0.018 -0.0118035 -0.03717082 0.018 0.03703719 0.01221662 0.018 0.03633648 0.0141654 0.018 -0.01554465 -0.03576815 0.018 0.0355333 0.016074 0.018 0.03463011 0.01793736 0.018 -0.01912266 -0.0339899 0.018 0.03362923 0.01975011 0.018 0.03253352 0.02150726 0.018 -0.02249991 -0.03185498 0.018 0.0313462 0.02320379 0.018 -0.02415907 -0.03061598 0.018 0.03007036 0.02483475 0.018 -0.02574998 -0.02929043 0.018 0.02870982 0.02639579 0.018 -0.02726835 -0.02788239 0.018 0.02726835 0.02788239 0.018 -0.02870982 -0.02639579 0.018 0.02574998 0.02929043 0.018 -0.03007036 -0.02483475 0.018 0.02415907 0.03061598 0.018 -0.0313462 -0.02320379 0.018 0.02249991 0.03185498 0.018 -0.03253352 -0.02150726 0.018 -0.03362923 -0.01975011 0.018 0.01912266 0.0339899 0.018 -0.03463011 -0.01793736 0.018 -0.0355333 -0.016074 0.018 0.01554465 0.03576815 0.018 -0.03633648 -0.0141654 0.018 -0.03703719 -0.01221662 0.018 0.0118035 0.03717082 0.018 -0.03763329 -0.0102337 0.018 -0.03812342 -0.008221745 0.018 0.007938563 0.03818345 0.018 -0.03850615 -0.006186664 0.018 -0.03878027 -0.004134178 0.018 0.003990173 0.03879529 0.018 -0.0389449 -0.00206995 0.018 0.006499946 0 0.018 0.006448686 8.14666e-4 0.018 0.00629574 0.001616418 0.018 0.006043434 0.002392709 0.018 0.005695939 0.00313133 0.018 0.00525856 0.003820598 0.018 0.004738271 0.004449546 0.018 0.004143238 0.00500828 0.018 0.003482758 0.005488038 0.018 0.002767503 0.005881369 0.018 0.002008557 0.006181836 0.018 0.001217961 0.006384789 0.018 4.08138e-4 0.006487131 0.018 -4.08138e-4 0.006487131 0.018 -0.001217961 0.006384789 0.018 -0.002008557 0.006181836 0.018 -0.002767503 0.005881369 0.018 -0.003482758 0.005488038 0.018 -0.004143238 0.00500828 0.018 -0.004738271 0.004449546 0.018 -0.00525856 0.003820598 0.018 -0.005695939 0.00313133 0.018 -0.006043434 0.002392709 0.018 -0.00629574 0.001616418 0.018 -0.006448686 8.14666e-4 0.018 -0.006499946 0 0.018 -0.006448686 -8.14666e-4 0.018 -0.00629574 -0.001616418 0.018 -0.006043434 -0.002392709 0.018 -0.005695939 -0.00313133 0.018 -0.00525856 -0.003820598 0.018 -0.004738271 -0.004449546 0.018 -0.004143238 -0.00500828 0.018 -0.003482758 -0.005488038 0.018 -0.002767503 -0.005881369 0.018 -0.002008557 -0.006181836 0.018 -0.001217961 -0.006384789 0.018 -4.08138e-4 -0.006487131 0.018 4.08138e-4 -0.006487131 0.018 0.001217961 -0.006384789 0.018 0.002008557 -0.006181836 0.018 0.002767503 -0.005881369 0.018 0.003482758 -0.005488038 0.018 0.004143238 -0.00500828 0.018 0.004738271 -0.004449546 0.018 0.00525856 -0.003820598 0.018 0.005695939 -0.00313133 0.018 0.006043434 -0.002392709 0.018 0.00629574 -0.001616418 0.018 0.006448686 -8.14666e-4 0.018 0.02081519 0.002673923 0.0110594 0.02129805 0.002275109 0.01108056 0.02166628 0.001768708 0.01110702 0.02189701 -5.492e-5 0.01119995 0.02197551 5.66017e-4 0.01116859 0.02189701 0.001186907 0.011137 0.02166628 -6.36858e-4 0.01122891 0.02129805 -0.001143217 0.01125389 0.02081519 -0.00154215 0.0112729 0.02024817 -0.001808702 0.0112853 0.01963251 -0.001926004 0.01128989 0.0190072 -0.001886785 0.01128643 0.01841109 -0.001693487 0.01127535 0.01788198 -0.001358211 0.01125729 0.01745307 -9.02062e-4 0.01123315 0.01715111 -3.53648e-4 0.01120471 0.01699537 2.52535e-4 0.0111736 0.01699537 8.78398e-4 0.01114189 0.01715111 0.001484513 0.01111149 0.01745307 0.002032995 0.01108443 0.01788198 0.002489328 0.01106226 0.01841109 0.002824783 0.0110464 0.0190072 0.00301826 0.01103788 0.01963251 0.003057599 0.01103729 0.02024817 0.002940416 0.01104456 -0.0177018 0.002270758 0.0109955 -0.01818466 0.002669632 0.01097422 -0.01733338 0.001764476 0.01102209 -0.01710271 -5.9229e-5 0.01111495 -0.01702421 5.61708e-4 0.01108366 -0.01710271 0.001182556 0.01105195 -0.01733338 -6.41167e-4 0.01114398 -0.0177018 -0.001147449 0.01116871 -0.01818466 -0.001546502 0.01118797 -0.01875168 -0.001813054 0.01120018 -0.01936721 -0.001930356 0.01120483 -0.01999258 -0.001891136 0.0112015 -0.02058869 -0.001697838 0.01119035 -0.0211178 -0.001362442 0.01117229 -0.02154678 -9.06372e-4 0.01114815 -0.02184861 -3.57957e-4 0.01111978 -0.02200448 2.48226e-4 0.0110886 -0.02200448 8.74089e-4 0.0110569 -0.02184861 0.001480281 0.01102656 -0.02154678 0.002028763 0.0109995 -0.0211178 0.002484977 0.0109772 -0.02058869 0.002820432 0.01096135 -0.01999258 0.003013849 0.01095283 -0.01936721 0.003053247 0.01095229 -0.01875168 0.002936065 0.0109595 0.03899997 0 0.002999961 0.0389449 0.00206995 0.002999961 0.03878027 0.004134178 0.002999961 0.03850615 0.006186664 0.002999961 0.03812342 0.008221745 0.002999961 0.03763329 0.0102337 0.002999961 0.03703719 0.01221662 0.002999961 0.03633648 0.0141654 0.002999961 0.0355333 0.016074 0.002999961 0.03463011 0.01793736 0.002999961 0.03362923 0.01975011 0.002999961 0.03253352 0.02150726 0.002999961 0.0313462 0.02320379 0.002999961 0.03007036 0.02483475 0.002999961 0.02870982 0.02639579 0.002999961 0.02726835 0.02788239 0.002999961 0.02574998 0.02929043 0.002999961 0.02415907 0.03061598 0.002999961 0.02249991 0.03185498 0.002999961 0.02415907 -0.03061598 0.002999961 0.02249991 -0.03185498 0.002999961 0.02574998 -0.02929043 0.002999961 0.02726835 -0.02788239 0.002999961 0.02870982 -0.02639579 0.002999961 0.03007036 -0.02483475 0.002999961 0.0313462 -0.02320379 0.002999961 0.03253352 -0.02150726 0.002999961 0.03362923 -0.01975011 0.002999961 0.03463011 -0.01793736 0.002999961 0.0355333 -0.016074 0.002999961 0.03633648 -0.0141654 0.002999961 0.03703719 -0.01221662 0.002999961 0.03763329 -0.0102337 0.002999961 0.03812342 -0.008221745 0.002999961 0.03850615 -0.006186664 0.002999961 0.03878027 -0.004134178 0.002999961 0.0389449 -0.00206995 0.002999961 0.01199996 0.01499992 0.018 0.01199996 -0.01499992 0.018 -0.01199996 -0.01499992 0.018 -0.01199996 0.01499992 0.018 -0.03899997 0 0.002999961 -0.0389449 0.00206995 0.002999961 -0.02249991 0.03185498 0.002999961 -0.0389449 -0.00206995 0.002999961 -0.02415907 0.03061598 0.002999961 -0.03878027 -0.004134178 0.002999961 -0.03850615 -0.006186664 0.002999961 -0.02574998 0.02929043 0.002999961 -0.02726835 0.02788239 0.002999961 -0.03812342 -0.008221745 0.002999961 -0.02870982 0.02639579 0.002999961 -0.03763329 -0.0102337 0.002999961 -0.03703719 -0.01221662 0.002999961 -0.03007036 0.02483475 0.002999961 -0.0313462 0.02320379 0.002999961 -0.03633648 -0.0141654 0.002999961 -0.0355333 -0.016074 0.002999961 -0.03253352 0.02150726 0.002999961 -0.03463011 -0.01793736 0.002999961 -0.03362923 0.01975011 0.002999961 -0.03463011 0.01793736 0.002999961 -0.03362923 -0.01975011 0.002999961 -0.03253352 -0.02150726 0.002999961 -0.0355333 0.016074 0.002999961 -0.03633648 0.0141654 0.002999961 -0.0313462 -0.02320379 0.002999961 -0.03007036 -0.02483475 0.002999961 -0.03703719 0.01221662 0.002999961 -0.02870982 -0.02639579 0.002999961 -0.03763329 0.0102337 0.002999961 -0.02726835 -0.02788239 0.002999961 -0.03812342 0.008221745 0.002999961 -0.02574998 -0.02929043 0.002999961 -0.02415907 -0.03061598 0.002999961 -0.03850615 0.006186664 0.002999961 -0.02249991 -0.03185498 0.002999961 -0.03878027 0.004134178 0.002999961 0.01838701 0.004972577 0.01093757 0.01485061 0.001442015 0.01110863 0.0146799 1.49708e-4 0.0111739 0.01718103 0.004473865 0.01096016 0.01967865 -0.004844546 0.01143789 0.02467858 -0.004845201 0.01144886 0.01535046 0.002646327 0.01104879 0.01614522 0.003680408 0.01099807 0.01717889 -0.004175186 0.01139849 0.01838457 -0.004674196 0.01142632 0.02468115 0.005141854 0.01094263 0.0161435 -0.003381431 0.01135593 0.01534909 -0.002347171 0.01130181 0.01484996 -0.00114274 0.01123958 0.01968115 0.005142569 0.01093173 -0.0188511 0.004977941 0.01085585 -0.01764523 0.004478931 0.01088368 -0.02014511 0.005148231 0.01084429 -0.02514517 0.005148947 0.0108335 -0.02514761 -0.004838109 0.0113396 -0.01661175 -0.003376722 0.01128417 -0.0158168 -0.002342641 0.01123338 -0.0176475 -0.004170179 0.01132208 -0.0153172 -0.001138389 0.01117348 -0.0188536 -0.004668772 0.01134479 -0.01514649 1.5401e-4 0.01110839 -0.02014768 -0.004838824 0.01135057 -0.01531642 0.001446366 0.01104259 -0.01581567 0.002650797 0.0109803 -0.0166099 0.003685176 0.01092618 0.02692735 0.009336173 0.002999961 0.02624464 0.01111143 0.002999961 0.02350991 -0.01610988 0.002999961 0.02453213 -0.01450586 0.002999961 0.0254451 0.01283729 0.002999961 0.0254451 -0.01283729 0.002999961 0.02453213 0.01450586 0.002999961 0.02624464 -0.01111143 0.002999961 0.02350991 0.01610988 0.002999961 0.02238309 0.01764208 0.002999961 0.02692735 -0.009336173 0.002999961 0.02115648 0.01909571 0.002999961 0.02749013 -0.007519364 0.002999961 0.01983577 0.02046436 0.002999961 0.02793043 -0.005668938 0.002999961 0.01842653 0.0217418 0.002999961 0.01693528 0.02292245 0.002999961 0.0282464 -0.003793418 0.002999961 0.02843648 -0.001900911 0.002999961 0.01983577 -0.02046436 0.002999961 0.02849996 0 0.002999961 0.02115648 -0.01909571 0.002999961 0.02843648 0.001900911 0.002999961 0.0282464 0.003793418 0.002999961 0.01842653 -0.0217418 0.002999961 0.02793043 0.005668938 0.002999961 0.02238309 -0.01764208 0.002999961 0.02749013 0.007519364 0.002999961 0.01693528 -0.02292245 0.002999961 0.01284569 0.0163576 0.007999956 0.01202988 0.01504802 0.008011639 0.01204478 0.01507198 0.007999956 0.01201492 0.015024 0.008023262 0.01199996 0.01499992 0.008034884 0.01425319 0.01861709 0.006050467 0.01284569 0.0163576 0.00734663 0.01561802 0.02080786 0.004599869 0.01204478 -0.01507198 0.007999956 0.01202988 -0.01504802 0.008011639 0.01284569 -0.0163576 0.007999956 0.01201492 -0.015024 0.008023262 0.01199996 -0.01499992 0.008034884 0.01284569 -0.0163576 0.00734663 0.01425319 -0.01861709 0.006050467 0.01561802 -0.02080786 0.004599869 0.01199996 0.007592082 0.009799659 0.01199996 0.008844435 0.009586095 0.01199996 0.01009082 0.009340047 0.01199996 0.0113303 0.009061753 0.01199996 0.01256239 0.008751273 0.01199996 0.006334543 0.009980618 0.01199996 0.005072772 0.01012879 0.01199996 0.003807604 0.01024425 0.01199996 0.002539753 0.01032668 0.01199996 0.001270294 0.01037609 0.01199996 0 0.0103926 0.01199996 -0.01256239 0.008751273 0.01199996 -0.0113303 0.009061753 0.01199996 -0.01009082 0.009340047 0.01199996 -0.008844435 0.009586095 0.01199996 -0.007592082 0.009799659 0.01199996 -0.006334543 0.009980618 0.01199996 -0.005072772 0.01012879 0.01199996 -0.003807604 0.01024425 0.01199996 -0.002539753 0.01032668 0.01199996 -0.001270294 0.01037609 -0.01693528 0.02292245 0.002999961 -0.01561802 0.02080786 0.004599869 -0.01425319 0.01861709 0.006050467 -0.01284569 0.0163576 0.007999956 -0.01284569 0.0163576 0.00734663 -0.01202988 0.01504802 0.008011639 -0.01204478 0.01507198 0.007999956 -0.01201492 0.015024 0.008023262 -0.01199996 0.01499992 0.008034884 -0.01199996 0.008844435 0.009586095 -0.01199996 0.007592082 0.009799659 -0.01199996 0.01009082 0.009340047 -0.01199996 0.0113303 0.009061753 -0.01199996 0.01256239 0.008751273 -0.01199996 0.006334543 0.009980618 -0.01199996 0.005072772 0.01012879 -0.01199996 0.003807604 0.01024425 -0.01199996 0.002539753 0.01032668 -0.01199996 0.001270294 0.01037609 -0.01199996 0 0.0103926 -0.01199996 -0.01256239 0.008751273 -0.01199996 -0.01499992 0.008034884 -0.01199996 -0.0113303 0.009061753 -0.01199996 -0.01009082 0.009340047 -0.01199996 -0.008844435 0.009586095 -0.01199996 -0.007592082 0.009799659 -0.01199996 -0.006334543 0.009980618 -0.01199996 -0.005072772 0.01012879 -0.01199996 -0.003807604 0.01024425 -0.01199996 -0.002539753 0.01032668 -0.01199996 -0.001270294 0.01037609 -0.01284569 -0.0163576 0.007999956 -0.01202988 -0.01504802 0.008011639 -0.01204478 -0.01507198 0.007999956 -0.01201492 -0.015024 0.008023262 -0.01425319 -0.01861709 0.006050467 -0.01284569 -0.0163576 0.00734663 -0.01693528 -0.02292245 0.002999961 -0.01561802 -0.02080786 0.004599869 -0.02800369 -0.005295634 0.002999961 -0.02827888 -0.003541827 0.002999961 -0.02653199 0.01040685 0.002999961 -0.02583259 0.01203852 0.002999961 -0.02844458 -0.001774311 0.002999961 -0.01832962 -0.0218237 0.002999961 -0.0196529 -0.02064007 0.002999961 -0.02503293 0.01362341 0.002999961 -0.02413618 0.01515555 0.002999961 -0.02089977 -0.01937639 0.002999961 -0.02849996 0 0.002999961 -0.02314579 0.01662898 0.002999961 -0.02206552 -0.01803761 0.002999961 -0.02314579 -0.01662898 0.002999961 -0.02206552 0.01803761 0.002999961 -0.02413618 -0.01515555 0.002999961 -0.01832962 0.0218237 0.002999961 -0.02089977 0.01937639 0.002999961 -0.0196529 0.02064007 0.002999961 -0.02503293 -0.01362341 0.002999961 -0.02583259 -0.01203852 0.002999961 -0.02653199 -0.01040685 0.002999961 -0.02844458 0.001774311 0.002999961 -0.02827888 0.003541827 0.002999961 -0.02800369 0.005295634 0.002999961 -0.02712839 -0.008734822 0.002999961 -0.0276196 0.007028818 0.002999961 -0.0276196 -0.007028818 0.002999961 -0.02712839 0.008734822 0.002999961 0.02469259 -0.005168676 0.005066633 0.02469247 -0.003450274 0.005236387 0.02469247 -0.001726388 0.005338311 0.02469265 0 0.005372107 0.02469295 0.001618146 0.005342066 0.02469331 0.003234267 0.005252361 0.02469396 0.004845798 0.005102992 0.02305567 -0.005123019 0.005959928 0.02138638 -0.005080461 0.006791353 0.01968717 -0.005041122 0.007559657 0.02305632 0.004890978 0.005985677 0.0213871 0.004933059 0.006807327 0.0196886 0.00497204 0.007566571 0.01841777 0.004835486 0.008103668 0.01731777 0.004425764 0.008563816 0.01642113 0.003828108 0.008936107 0.01567238 0.003039062 0.009245514 0.01512163 0.002111732 0.009472608 0.01479077 0.001101851 0.009609401 0.01470649 5.52587e-4 0.009644687 0.01468378 0 0.00965476 0.01482117 -0.001097798 0.009600162 0.01519984 -0.002153873 0.009446024 0.01581019 -0.003116369 0.009195089 0.01662236 -0.0039258 0.008858025 0.01758033 -0.004529893 0.008456408 0.01861619 -0.004901587 0.008017778 -0.0188772 -0.004850745 0.007917821 -0.02013891 -0.005040884 0.007363975 -0.0176528 -0.004322469 0.008448779 -0.01671749 -0.003607869 0.008849799 -0.01594007 -0.002655982 0.009179711 -0.01543509 -0.001619458 0.009391844 -0.01518219 -5.54025e-4 0.009496748 -0.01516103 4.99888e-4 0.00950402 -0.01534813 0.00148952 0.00942403 -0.01568573 0.002331793 0.00928092 -0.01611083 0.003014802 0.009100914 -0.01659077 0.003567576 0.008897423 -0.01710546 0.004009902 0.008678615 -0.01782667 0.004454374 0.008370697 -0.01866829 0.004782736 0.008009314 -0.0193994 0.004933476 0.007693231 -0.02013748 0.004972279 0.007372081 -0.02183532 -0.005080342 0.006576657 -0.02350091 -0.005123019 0.005726099 -0.02513337 -0.005168735 0.00481379 -0.0218333 0.004933238 0.006594002 -0.02349877 0.004891157 0.005753517 -0.02513206 0.004845798 0.004851937 -0.02513265 0.003180146 0.005005538 -0.02513307 0.001509845 0.005095243 -0.02513337 -1.62566e-4 0.005120933 -0.02513349 -0.00183475 0.005082488 -0.02513355 -0.003504335 0.004980087 0.01222217 0.01492869 0.007999956 0.01222789 0.0144279 0.008156359 0.0124309 0.01540726 0.007788062 0.02333509 0.01011008 0.004948258 0.0219978 0.01276069 0.004948258 0.02036058 0.01523751 0.004948258 0.01854479 0.01225787 0.006669998 0.0169897 0.01433569 0.006669998 0.01520323 0.01621806 0.006669998 0.01403939 0.01267182 0.008156359 0.02435439 0.007321476 0.004948258 0.01984697 0.01001298 0.006669998 0.01560109 0.01069045 0.008156359 0.02504169 0.004433155 0.004948258 0.02087879 0.007631599 0.006669998 0.01210415 0.0150246 0.007999956 0.0125854 0.009041845 0.009399354 0.02725458 0 0.003828287 0.02538776 0.001484394 0.004948258 0.02598506 0 0.0046193 0.01786899 0.006195425 0.008156359 0.01216328 0.01497673 0.007999956 0.01383548 0.006980121 0.009399354 0.0137937 0 0.009917259 0.01475083 0.004749417 0.009399354 0.0128991 0 0.01016318 0.01688528 0.008518755 0.008156359 0.01780557 0.01032882 0.00744313 0.01627999 0.01953727 0.004948258 0.01888805 0.0081833 0.00744313 0.0148189 0.008762478 0.008808672 0.01585346 0.006712019 0.008808672 0.01844602 0.01750671 0.004948258 0.0126388 0.01588356 0.007570207 0.0219978 -0.01276069 0.004948258 0.02333509 -0.01011008 0.004948258 0.01984697 -0.01001298 0.006669998 0.02087879 -0.007631599 0.006669998 0.01786899 -0.006195425 0.008156359 0.01844602 -0.01750671 0.004948258 0.02036058 -0.01523751 0.004948258 0.01854479 -0.01225787 0.006669998 0.01475083 -0.004749417 0.009399354 0.01627999 -0.01953727 0.004948258 0.0169897 -0.01433569 0.006669998 0.01560109 -0.01069045 0.008156359 0.0124309 -0.01540726 0.007788062 0.0126388 -0.01588356 0.007570207 0.01520323 -0.01621806 0.006669998 0.01210415 -0.0150246 0.007999956 0.01383548 -0.006980121 0.009399354 0.01216328 -0.01497673 0.007999956 0.01403939 -0.01267182 0.008156359 0.01222217 -0.01492869 0.007999956 0.0125854 -0.009041845 0.009399354 0.01222789 -0.0144279 0.008156359 0.01888805 -0.0081833 0.00744313 0.01688528 -0.008518755 0.008156359 0.02538776 -0.001484394 0.004948258 0.01780557 -0.01032882 0.00744313 0.02504169 -0.004433155 0.004948258 0.01585346 -0.006712019 0.008808672 0.02435439 -0.007321476 0.004948258 0.0148189 -0.008762478 0.008808672 -0.01423299 0.01245415 0.008156359 -0.0123018 0.01436483 0.008156359 -0.01222217 0.01492869 0.007999956 -0.0124309 0.01540726 0.007788062 -0.01532906 0.01609915 0.006669998 -0.018826 -0.01182121 0.006669998 -0.01721096 -0.01406919 0.006669998 -0.01663058 -0.01213032 0.00744313 -0.01423299 -0.01245415 0.008156359 -0.01587045 -0.01028645 0.008156359 -0.01810389 -0.00979644 0.00744313 -0.0171805 -0.007906496 0.008156359 -0.02014929 -0.009389996 0.006669998 -0.01391047 -0.01029509 0.00877583 -0.01283621 -0.008681893 0.009399354 -0.01918107 -0.007470548 0.00744313 -0.01813608 -0.005363345 0.008156359 -0.02115988 -0.006813049 0.006669998 -0.01411938 -0.00638628 0.009399354 -0.015109 -0.008252501 0.008808672 -0.01499605 -0.003906846 0.009399354 -0.01613539 -0.006002604 0.008808672 -0.01813608 0.005363345 0.008156359 -0.01918107 0.007470548 0.00744313 -0.02115988 0.006813049 0.006669998 -0.02014929 0.009389996 0.006669998 -0.0171805 0.007906496 0.008156359 -0.018826 0.01182121 0.006669998 -0.01810389 0.00979644 0.00744313 -0.01587045 0.01028645 0.008156359 -0.01613539 0.006002604 0.008808672 -0.01499605 0.003906846 0.009399354 -0.01411938 0.00638628 0.009399354 -0.01565778 0.005319774 0.009050309 -0.01721096 0.01406919 0.006669998 -0.01663058 0.01213032 0.00744313 -0.015109 0.008252501 0.008808672 -0.01283621 0.008681893 0.009399354 -0.01391047 0.01029509 0.00877583 -0.01210415 -0.0150246 0.007999956 -0.01216328 -0.01497673 0.007999956 -0.01222217 -0.01492869 0.007999956 -0.01210415 0.0150246 0.007999956 -0.01216328 0.01497673 0.007999956 -0.01627999 -0.01953727 0.004948258 -0.01844602 -0.01750671 0.004948258 -0.02036058 -0.01523751 0.004948258 -0.01532906 -0.01609915 0.006669998 -0.0126388 -0.01588356 0.007570207 -0.0124309 -0.01540726 0.007788062 -0.0219978 -0.01276069 0.004948258 -0.0123018 -0.01436483 0.008156359 -0.02333509 -0.01011008 0.004948258 -0.02435439 -0.007321476 0.004948258 -0.02538776 -0.001484394 0.004948258 -0.02538776 0.001484394 0.004948258 -0.02435439 0.007321476 0.004948258 -0.02333509 0.01011008 0.004948258 -0.0219978 0.01276069 0.004948258 -0.02036058 0.01523751 0.004948258 -0.01844602 0.01750671 0.004948258 -0.01627999 0.01953727 0.004948258 -0.0126388 0.01588356 0.007570207 -0.02369338 -0.04402977 0.002999961 -0.02564489 -0.04292231 0.002999961 -0.02369338 -0.04402977 0 -0.02169418 -0.04504829 0.002999961 -0.02564489 -0.04292231 0 0.04994952 0.002243161 0.002999961 0.04999995 0 0.002999961 0.04999995 0 0 -0.02169418 -0.04504829 0 -0.01965129 -0.0459764 0.002999961 -0.01965129 -0.0459764 0 0.0497986 0.004481852 0.002999961 0.04994952 0.002243161 0 -0.01756858 -0.04681164 0.002999961 -0.01545089 -0.04755276 0.002999961 -0.01756858 -0.04681164 0 0.0497986 0.004481852 0 0.04954749 0.006711602 0.002999961 0.04954749 0.006711602 0 -0.01545089 -0.04755276 0 -0.01330173 -0.0481981 0.002999961 -0.01330173 -0.0481981 0 0.04919648 0.008927822 0 -0.01112598 -0.04874628 0.002999961 0.04919648 0.008927822 0.002999961 -0.01112598 -0.04874628 0 0.04874628 0.01112598 0 0.04874628 0.01112598 0.002999961 -0.008927822 -0.04919648 0.002999961 -0.008927822 -0.04919648 0 -0.006711602 -0.04954749 0.002999961 0.0481981 0.01330173 0 0.0481981 0.01330173 0.002999961 0.04755276 0.01545089 0.002999961 -0.006711602 -0.04954749 0 0.04755276 0.01545089 0 -0.004481852 -0.0497986 0.002999961 -0.004481852 -0.0497986 0 -0.002243161 -0.04994952 0.002999961 0.04681164 0.01756858 0 0.04681164 0.01756858 0.002999961 -0.002243161 -0.04994952 0 0.0459764 0.01965129 0 0.0459764 0.01965129 0.002999961 0 -0.04999995 0 0 -0.04999995 0.002999961 0.002243161 -0.04994952 0.002999961 0.04504829 0.02169418 0 0.04504829 0.02169418 0.002999961 0.002243161 -0.04994952 0 0.004481852 -0.0497986 0.002999961 0.04402977 0.02369338 0 0.04402977 0.02369338 0.002999961 0.004481852 -0.0497986 0 0.04292231 0.02564489 0 0.04292231 0.02564489 0.002999961 0.006711602 -0.04954749 0 0.006711602 -0.04954749 0.002999961 0.008927822 -0.04919648 0.002999961 0.04172861 0.02754485 0 0.008927822 -0.04919648 0 0.04172861 0.02754485 0.002999961 0.04045075 0.02938926 0.002999961 0.01112598 -0.04874628 0 0.04045075 0.02938926 0 0.01112598 -0.04874628 0.002999961 0.01330173 -0.0481981 0.002999961 0.01330173 -0.0481981 0 0.03909152 0.03117448 0 0.03909152 0.03117448 0.002999961 0.0376535 0.03289681 0.002999961 0.01545089 -0.04755276 0 0.01545089 -0.04755276 0.002999961 0.01756858 -0.04681164 0.002999961 0.0376535 0.03289681 0 0.01756858 -0.04681164 0 0.0361396 0.03455305 0 0.0361396 0.03455305 0.002999961 0.01965129 -0.0459764 0 0.01965129 -0.0459764 0.002999961 0.02169418 -0.04504829 0.002999961 0.03455305 0.0361396 0 0.03455305 0.0361396 0.002999961 0.02169418 -0.04504829 0 0.02369338 -0.04402977 0.002999961 0.03289681 0.0376535 0.002999961 0.03289681 0.0376535 0 0.02369338 -0.04402977 0 0.03117448 0.03909152 0.002999961 0.03117448 0.03909152 0 0.02564489 -0.04292231 0 0.02938926 0.04045075 0.002999961 0.02564489 -0.04292231 0.002999961 0.02754485 -0.04172861 0.002999961 0.02754485 -0.04172861 0 0.02938926 0.04045075 0 0.02754485 0.04172861 0.002999961 0.02754485 0.04172861 0 0.02938926 -0.04045075 0 0.02938926 -0.04045075 0.002999961 0.03117448 -0.03909152 0.002999961 0.03117448 -0.03909152 0 0.02564489 0.04292231 0.002999961 0.02564489 0.04292231 0 0.03289681 -0.0376535 0.002999961 0.03289681 -0.0376535 0 0.03455305 -0.0361396 0.002999961 0.02369338 0.04402977 0.002999961 0.02369338 0.04402977 0 0.03455305 -0.0361396 0 0.02169418 0.04504829 0.002999961 0.02169418 0.04504829 0 0.01965129 0.0459764 0.002999961 0.0361396 -0.03455305 0.002999961 0.0361396 -0.03455305 0 0.0376535 -0.03289681 0.002999961 0.01965129 0.0459764 0 0.0376535 -0.03289681 0 0.03909152 -0.03117448 0.002999961 0.01756858 0.04681164 0.002999961 0.01756858 0.04681164 0 0.04045075 -0.02938926 0.002999961 0.03909152 -0.03117448 0 0.01545089 0.04755276 0.002999961 0.01545089 0.04755276 0 0.04045075 -0.02938926 0 0.04172861 -0.02754485 0.002999961 0.04172861 -0.02754485 0 0.04292231 -0.02564489 0.002999961 0.01330173 0.0481981 0.002999961 0.01330173 0.0481981 0 0.04402977 -0.02369338 0.002999961 0.04292231 -0.02564489 0 0.01112598 0.04874628 0.002999961 0.01112598 0.04874628 0 0.008927822 0.04919648 0.002999961 0.04504829 -0.02169418 0.002999961 0.04402977 -0.02369338 0 0.008927822 0.04919648 0 0.04504829 -0.02169418 0 0.0459764 -0.01965129 0.002999961 0.006711602 0.04954749 0 0.006711602 0.04954749 0.002999961 0.0459764 -0.01965129 0 0.004481852 0.0497986 0 0.04681164 -0.01756858 0 0.004481852 0.0497986 0.002999961 0.04681164 -0.01756858 0.002999961 0.04755276 -0.01545089 0.002999961 0.04755276 -0.01545089 0 0.002243161 0.04994952 0 0.002243161 0.04994952 0.002999961 0.0481981 -0.01330173 0.002999961 0.0481981 -0.01330173 0 0.04874628 -0.01112598 0.002999961 0 0.04999995 0 0 0.04999995 0.002999961 0.04874628 -0.01112598 0 -0.002243161 0.04994952 0 -0.002243161 0.04994952 0.002999961 0.04919648 -0.008927822 0 0.04919648 -0.008927822 0.002999961 0.04954749 -0.006711602 0.002999961 -0.004481852 0.0497986 0 -0.004481852 0.0497986 0.002999961 0.04954749 -0.006711602 0 0.0497986 -0.004481852 0.002999961 -0.006711602 0.04954749 0 -0.006711602 0.04954749 0.002999961 0.0497986 -0.004481852 0 -0.008927822 0.04919648 0.002999961 0.04994952 -0.002243161 0 0.04994952 -0.002243161 0.002999961 -0.008927822 0.04919648 0 -0.01112598 0.04874628 0 -0.01112598 0.04874628 0.002999961 -0.01330173 0.0481981 0 -0.01330173 0.0481981 0.002999961 -0.01545089 0.04755276 0 -0.01545089 0.04755276 0.002999961 -0.01756858 0.04681164 0 -0.01756858 0.04681164 0.002999961 -0.01965129 0.0459764 0 -0.01965129 0.0459764 0.002999961 -0.02169418 0.04504829 0 -0.02169418 0.04504829 0.002999961 -0.02369338 0.04402977 0 -0.02369338 0.04402977 0.002999961 -0.02564489 0.04292231 0 -0.02564489 0.04292231 0.002999961 -0.02754485 0.04172861 0 -0.02754485 0.04172861 0.002999961 -0.02938926 0.04045075 0.002999961 -0.02938926 0.04045075 0 -0.03117448 0.03909152 0 -0.03117448 0.03909152 0.002999961 -0.03289681 0.0376535 0 -0.03289681 0.0376535 0.002999961 -0.03455305 0.0361396 0.002999961 -0.03455305 0.0361396 0 -0.0361396 0.03455305 0.002999961 -0.0361396 0.03455305 0 -0.0376535 0.03289681 0.002999961 -0.0376535 0.03289681 0 -0.03909152 0.03117448 0 -0.03909152 0.03117448 0.002999961 -0.04045075 0.02938926 0 -0.04045075 0.02938926 0.002999961 -0.04172861 0.02754485 0 -0.04172861 0.02754485 0.002999961 -0.04292231 0.02564489 0.002999961 -0.04292231 0.02564489 0 -0.04402977 0.02369338 0 -0.04402977 0.02369338 0.002999961 -0.04504829 0.02169418 0.002999961 -0.04504829 0.02169418 0 -0.0459764 0.01965129 0.002999961 -0.0459764 0.01965129 0 -0.04681164 0.01756858 0.002999961 -0.04681164 0.01756858 0 -0.04755276 0.01545089 0.002999961 -0.04755276 0.01545089 0 -0.0481981 0.01330173 0.002999961 -0.0481981 0.01330173 0 -0.04874628 0.01112598 0.002999961 -0.04874628 0.01112598 0 -0.04919648 0.008927822 0.002999961 -0.04919648 0.008927822 0 -0.04954749 0.006711602 0.002999961 -0.04954749 0.006711602 0 -0.0497986 0.004481852 0.002999961 -0.0497986 0.004481852 0 -0.04994952 0.002243161 0.002999961 -0.04994952 0.002243161 0 -0.04999995 0 0.002999961 -0.04999995 0 0 -0.04994952 -0.002243161 0.002999961 -0.0497986 -0.004481852 0.002999961 -0.04994952 -0.002243161 0 -0.0497986 -0.004481852 0 -0.04954749 -0.006711602 0.002999961 -0.04954749 -0.006711602 0 -0.04919648 -0.008927822 0.002999961 -0.04919648 -0.008927822 0 -0.04874628 -0.01112598 0.002999961 -0.04874628 -0.01112598 0 -0.0481981 -0.01330173 0.002999961 -0.0481981 -0.01330173 0 -0.04755276 -0.01545089 0.002999961 -0.04755276 -0.01545089 0 -0.04681164 -0.01756858 0.002999961 -0.04681164 -0.01756858 0 -0.0459764 -0.01965129 0.002999961 -0.0459764 -0.01965129 0 -0.04504829 -0.02169418 0.002999961 -0.04504829 -0.02169418 0 -0.04402977 -0.02369338 0.002999961 -0.04402977 -0.02369338 0 -0.04292231 -0.02564489 0 -0.04292231 -0.02564489 0.002999961 -0.04172861 -0.02754485 0.002999961 -0.04172861 -0.02754485 0 -0.04045075 -0.02938926 0 -0.04045075 -0.02938926 0.002999961 -0.03909152 -0.03117448 0.002999961 -0.03909152 -0.03117448 0 -0.0376535 -0.03289681 0 -0.0376535 -0.03289681 0.002999961 -0.0361396 -0.03455305 0.002999961 -0.0361396 -0.03455305 0 -0.03455305 -0.0361396 0.002999961 -0.03455305 -0.0361396 0 -0.03289681 -0.0376535 0.002999961 -0.03289681 -0.0376535 0 -0.03117448 -0.03909152 0.002999961 -0.03117448 -0.03909152 0 -0.02938926 -0.04045075 0.002999961 -0.02938926 -0.04045075 0 -0.02754485 -0.04172861 0.002999961 -0.02754485 -0.04172861 0 0.0362007 0.01512718 0 0.04185062 0.004588365 0 0.04040557 0.004142165 0 0.01675891 0.04604482 0 0.01897466 0.04517698 0 0.03892832 0.003817856 0 0.03747195 0.01591789 0 -0.03174769 -0.00194782 0 -0.02849996 0 0 -0.0302928 -0.002300918 0 -0.006731033 -0.02769362 0 -0.003389537 -0.02829766 0 -0.002994239 -0.03023225 0 -0.003594636 -0.03160369 0 -0.00409168 -0.0330159 0 0.004482567 0.0344612 0 0.01409173 0.03159433 0 0.013188 0.03038173 0 0.02764916 0.006911635 0 0.02997118 0.004493415 0 0.02855932 0.005035758 0 0.01218628 0.02924859 0 0.02802038 0.005206525 0 0.00409168 0.0330159 0 -0.02844709 0.001735091 0 -0.01661545 -0.03706336 0 -0.004999816 -0.03891438 0 -0.01695168 -0.0385378 0 0.03487426 0.01443278 0 0.03742939 0.003617346 0 0.03591889 0.003542423 0 -0.03440731 -0.003593266 0 -0.03290534 -0.003769636 0 -0.03208541 -0.01334846 0 -0.03350007 -0.01383882 0 -0.01925015 -0.0421974 0 0.03149658 -0.0375362 0 -0.01922148 -0.04070067 0 0.04357457 0.0224108 0 0.02963703 -0.03902089 0 0.004765093 0.03593128 0 0.01489156 0.03287786 0 0.03350007 0.01383882 0 0.03440731 0.003593266 0 0.04119575 -0.02653121 0 -0.03322488 -0.00170356 0 -0.01615786 -0.03562188 0 -0.004937887 -0.03741848 0 -0.003389537 0.02829766 0 7.79216e-4 0.0302962 0 0 0.02899998 0 0 0.02849996 0 0.0424351 -0.02449995 0 -0.03868103 -0.01680088 0 -0.0398212 -0.01777106 0 0.02791029 -0.03828328 0 0.01704788 0.04456037 0 -0.03591889 -0.003542423 0 -0.03487426 -0.01443278 0 0.03970015 -0.02646362 0 0.02905809 -0.036614 0 0.004937887 0.03741848 0 0.01615786 0.03562188 0 0.01558178 0.03422349 0 0.03208541 0.01334846 0 0.03290534 0.003769636 0 0.03142315 0.004070401 0 -0.01558178 -0.03422349 0 0.04092299 -0.02452665 0 0.03821367 -0.02628529 0 -0.02855932 0.005035758 0 -0.02802532 0.005179584 0 -0.02828866 0.003463745 0 -0.03742939 -0.003617346 0 0.004999816 0.03891438 0 0.01695168 0.0385378 0 0.01661545 0.03706336 0 -0.01489156 -0.03287786 0 -0.004765093 -0.03593128 0 0.03941392 -0.02442759 0 0.02469885 -0.03876078 0 0.0262596 -0.03738838 0 0.03063839 0.0129643 0 0.02717435 0.008590817 0 -0.01409173 -0.03159433 0 -0.004482567 -0.0344612 0 0.01721227 0.04305696 0 0.01675891 -0.04604482 0 -0.03892832 -0.003817856 0 -0.0362007 -0.01512718 0 0.03674459 -0.0259971 0 -0.01908177 -0.03921008 0 0.004950523 0.04041063 0 0.01725107 0.04154515 0 0.01716399 0.04003518 0 0.0424351 0.02449995 0 -0.013188 -0.03038173 0 -0.01109409 -0.02820259 0 -0.00991857 -0.02725106 0 -0.02970051 0.006028175 0 0.01450371 -0.04680418 0 -0.01218628 -0.02924859 0 0.02469915 -0.03634369 0 -0.02718806 0.008547425 0 -0.02765798 0.00687623 0 -0.02807158 0.007278919 0 0.03530085 -0.02560067 0 -0.009977042 -0.02669656 0 0.01558333 -0.04509329 0 -0.04040557 -0.004142165 0 0.02916693 0.01268869 0 0.02659761 0.01023775 0 -0.009977042 0.02669656 0 -0.007731974 0.0279501 0 -0.006731033 0.02769362 0 0.0134015 -0.04579102 0 -0.007526218 0.02943319 0 0.03389042 -0.02509826 0 0.02677685 -0.03535223 0 0.004790425 0.0418992 0 0.04778558 -0.01084142 0 0.02767908 0.01252293 0 -0.00991857 0.02725106 0 -0.04185062 -0.004588365 0 -0.03747195 -0.01591789 0 -0.029253 0.008198559 0 -0.0266171 0.01018685 0 0.04635709 -0.01128941 0 0.0123775 -0.04469895 0 -0.0188319 -0.03773385 0 0.0325213 -0.02449268 0 0.0246995 -0.03377693 0 -0.03092038 0.006922245 0 0.04170227 0.02317702 0 0.04825556 -0.008508741 0 0.0408619 0.0219196 0 -0.03471595 -0.001569569 0 0.0448991 -0.01163011 0 -0.0432536 -0.005153059 0 -0.007431149 0.0309273 0 0.01769888 -0.0387597 0 0.02592128 0.01184636 0 0.01449108 -0.04404747 0 0.02618288 0.01246803 0 -0.01308137 0.02532047 0 -0.009629666 0.02873551 0 -0.01308137 -0.02532047 0 -0.01204293 -0.02638119 0 0.0134896 -0.04291427 0 -0.01315379 -0.02738481 0 -0.01418703 -0.02846825 0 -0.04460459 -0.005832612 0 0.0468437 -0.009051024 0 0.02514761 0.0134105 0 0.04342001 -0.01186186 0 0.004520416 0.04337173 0 0.03120088 -0.0237872 0 0.01143729 -0.04353386 0 -0.04589456 -0.006622195 0 -0.03049933 0.009028017 0 -0.02594769 0.01178842 0 0.02427977 0.0149244 0 0.02511465 0.01449996 0 0.01258569 -0.04170167 0 0.04539173 -0.009474039 0 0.04192787 -0.01198309 0 -0.04711437 -0.007516205 0 -0.01599997 -0.02358496 0 -0.02511465 0.01449996 0 -0.0243225 0.0148546 0 -0.02518177 0.01334625 0 -0.01513701 -0.02962535 0 0.02332085 0.01638245 0 0.02993637 -0.02298551 0 0.02662688 0.01447319 0 -0.04825556 -0.008508741 0 0.0105862 -0.04230219 0 -0.007447063 0.03242427 0 0.001447916 0.03165262 0 0.04043078 -0.0119934 0 -0.03149658 -0.0375362 0 0.03791832 -0.0242033 0 -0.03126025 -0.03604239 0 -0.03221029 0.007711887 0 0.01178598 -0.04041802 0 -0.03090059 -0.03457331 0 0.009828746 -0.04101073 0 0.03893709 -0.01189249 0 0.03644657 -0.02385532 0 0.03500872 -0.02338618 0 -0.02388906 0.01644098 0 -0.02233678 0.01770067 0 -0.023373 0.01630795 0 0.02470755 0.02154815 0 0.03110337 0.01514452 0 0.02963155 0.01479667 0 0.0110957 -0.03907245 0 0.02813595 0.01457238 0 -0.01682519 0.02362 0 -0.01599997 0.02358496 0 -0.01740616 0.02256709 0 0.02227455 0.01777899 0 0.004141807 0.04482018 0 -0.03042 -0.03313928 0 -0.0184732 -0.03628039 0 -0.01864069 0.0222153 0 -0.01874786 0.02146548 0 -0.02001988 0.02028429 0 -0.01874786 -0.02146548 0 -0.01740616 -0.02256709 0 -0.01864069 -0.0222153 0 0.03745496 -0.01168119 0 -0.02007085 -0.02270728 0 0.03361505 -0.02279907 0 0.03227496 -0.02209806 0 0 -0.04899996 0 0.02721786 0.02488857 0 0.03393489 0.0162009 0 0.03254109 0.01561379 0 -0.007574141 0.03391593 0 0.002435982 0.0345087 0 0.002001464 0.03306007 0 0.028346 0.02603 0 0.03655207 0.01771193 0 0.03527498 0.01690185 0 0.01051968 -0.037674 0 -0.03180378 0.009762704 0 0.02600258 0.0238406 0 -0.02584755 0.01582282 0 0.02937966 0.02725738 0 0.03888255 0.01963597 0 0.03775733 0.01862531 0 -0.03356128 0.00839138 0 0.03599256 -0.0113604 0 -0.03621298 -0.001546621 0 0.03099787 -0.02128791 0 -0.02982175 -0.03175038 0 0.02979242 -0.02037459 0 -7.79216e-4 -0.0477038 0 -0.02145498 -0.02331656 0 -0.01599866 -0.03084975 0 -0.01713901 0.02508389 0 0.02470779 0.02289247 0 0.03031259 0.02856308 0 0.03991979 0.02073657 0 -0.02468472 0.01770925 0 -0.002378821 -0.04894208 0 -0.0332818 -0.03596276 0 0.02470123 -0.02176076 0 0.02873486 -0.02209246 0 0.02760297 -0.02111256 0 0.02654677 -0.02005141 0 0.01006203 -0.03623259 0 -0.0329554 -0.03450167 0 -0.02911007 -0.03041595 0 -0.01887702 0.02370899 0 -0.01800775 -0.03485745 0 -0.02278375 -0.02403897 0 0.03455799 -0.01093208 0 0.03113871 0.02993881 0 0.02866727 -0.01936393 0 -0.04861176 -0.006155908 0 0.003656744 0.04623669 0 -0.02828985 -0.0291453 0 0.02239161 0.02154839 0 -0.007811427 0.03539425 0 0.002748548 0.03598839 0 -0.001447916 -0.04634726 0 0.02114462 0.01910889 0 -0.02404785 -0.02486926 0 -0.01676696 -0.03213465 0 -0.02736681 -0.02794736 0 -0.01743799 -0.03347295 0 -0.02668803 0.01708018 0 -0.003068089 -0.0476132 0 -0.02523845 -0.02580183 0 -0.03315913 0.0103985 0 0.02557224 -0.01891493 0 0.009725868 -0.03475809 0 -0.03496426 0.008956134 0 -0.03770738 -0.001634716 0 0.02171856 0.02123081 0 -0.01756078 0.02652049 0 -0.02634721 -0.02683025 0 0.0318529 0.031376 0 0.03315913 -0.0103985 0 0.02763009 -0.01826333 0 0.02668803 -0.01708018 0 -0.02557224 0.01891493 0 -0.02001988 -0.02028429 0 -0.02033948 -0.02067112 0 -0.02121776 0.0190277 0 -0.002001464 -0.04493981 0 0.00916922 -0.03966677 0 0.0210343 0.02093821 0 -0.008157789 0.03685075 0 0.002999961 0.03899997 0 0.002936959 0.03748881 0 0.009513497 -0.0332607 0 0.01770055 -0.02692449 0 0.02033948 0.02067112 0 0.03245043 0.0328654 0 -0.04742252 -0.005246341 0 -0.003656744 -0.04623669 0 0.01993548 0.0203672 0 0.003068089 0.0476132 0 0.04861176 0.006155908 0 0.04742252 0.005246341 0 -0.03640931 0.009402275 0 -0.02763009 0.01826333 0 -0.0180878 0.02792179 0 -0.009465217 0.03023898 0 0.04616916 0.004427552 0 0.002378821 0.04894208 0 0.03180378 -0.009762704 0 0.02584755 -0.01582282 0 -0.02654677 0.02005141 0 -0.0192368 0.02517807 0 -0.008611202 0.0382775 0 0.002748548 0.04201149 0 0.002936959 0.04051095 0 0.009426414 -0.03175079 0 0.04485857 0.003704011 0 -0.0378865 0.009726643 0 0.03292775 0.03439748 0 -0.002435982 -0.0434913 0 -0.03919136 -0.001833438 0 -0.04616916 -0.004427552 0 -0.04485857 -0.003704011 0 -0.004141807 -0.04482018 0 -0.03252166 -0.03306871 0 -0.01871728 0.02928018 0 -0.009513497 0.0332607 0 -0.009426414 0.03175079 0 0.0434978 0.003079593 0 -0.02866727 0.01936393 0 -0.03455799 0.01093208 0 0.01937389 0.02154892 0 -0.02760297 0.02111256 0 -0.02031552 0.02800095 0 -0.01971739 0.02661198 0 0.02095735 -0.01931411 0 0.0197193 -0.02057659 0 -0.02121776 -0.0190277 0 -0.0217266 -0.02123457 0 -0.02306813 -0.02189916 0 -0.00916922 0.03966677 0 0.002001464 0.04493981 0 0.002435982 0.0434913 0 0 0.04899996 0 0.01840531 -0.0217598 0 -0.03938549 0.009927093 0 0.02211469 -0.01797729 0 0.02468472 -0.01770925 0 0.0332818 0.03596276 0 -0.0434978 -0.003079593 0 0.01865166 0.0215491 0 0.0171445 -0.02276659 0 0.01770108 -0.02294236 0 0.01682519 -0.02362 0 0.01770108 -0.02233636 0 -0.01944589 0.03058797 0 -0.009725868 0.03475809 0 -0.02979242 0.02037459 0 -0.03599256 0.0113604 0 0.0165773 -0.02318269 0 0.02318698 -0.0165714 0 0.02388906 -0.01644098 0 0.04825556 0.008508741 0 -0.02233678 -0.01770067 0 -0.02873486 0.02209246 0 -0.0210272 0.02933543 0 -0.02435666 -0.0226615 0 0.009465217 -0.03023898 0 -0.009828746 0.04101073 0 0.001447916 0.04634726 0 -0.03198271 -0.031672 0 -0.04089599 0.01000201 0 -0.04065632 -0.002141833 0 0.01599997 -0.02358496 0 0.01705443 -0.02473741 0 -0.02026945 0.03183823 0 -0.01051968 0.037674 0 -0.01006203 0.03623259 0 -0.04209452 -0.002557933 0 0.04209452 0.002557933 0 0.04390949 -0.009774744 0 7.79216e-4 0.0477038 0 -0.03099787 0.02128791 0 -0.04240757 0.009951174 0 0.02416998 -0.01510167 0 -0.023373 -0.01630795 0 -0.002748548 -0.04201149 0 0.008611202 -0.0382775 0 -0.004520416 -0.04337173 0 -0.02993637 0.02298551 0 -0.02184742 0.03060609 0 -0.04390949 0.009774744 0 -0.03134167 -0.03031897 0 0.02505993 -0.0135737 0 0.02511465 -0.01449996 0 -0.02118355 0.03302395 0 -0.01178598 0.04041802 0 -0.0110957 0.03907245 0 0.04065632 0.002141833 0 0.04240757 -0.009951174 0 0.03149658 0.0375362 0 0.04089599 -0.01000201 0 0.01308137 -0.02532047 0 0.01734656 -0.0258401 0 0.009629666 -0.02873551 0 -0.03227496 0.02209806 0 -0.02511465 -0.01449996 0 -0.0243225 -0.0148546 0 -0.03060191 -0.02901732 0 -0.03745496 0.01168119 0 0.03127646 0.03612345 0 -0.02277058 0.03180408 0 -0.04539173 0.009474039 0 0.02585345 -0.01199358 0 -0.02518177 -0.01334625 0 -0.03120088 0.0237872 0 -0.02662688 -0.01447319 0 0.04711437 0.007516205 0 -0.0468437 0.009051024 0 -0.002936959 -0.04051095 0 -0.0105862 0.04230219 0 -0.02813595 -0.01457238 0 -0.02558505 -0.02351737 0 -0.02218306 0.03413856 0 -0.01258569 0.04170167 0 -0.0134896 0.04291427 0 0.02470993 0.03854817 0 0.03094583 0.0347324 0 0.0305069 0.03337162 0 -0.03361505 0.02279907 0 0.02996236 0.03204959 0 0.03919136 0.001833438 0 0.02931559 0.03077465 0 0.03938549 -0.009927093 0 0.02857047 0.0295543 0 0.0378865 -0.009726643 0 -0.02594769 -0.01178842 0 -0.02618288 -0.01246803 0 0.00991857 -0.02725106 0 -0.02379006 0.03292119 0 -0.004790425 -0.0418992 0 -0.04825556 0.008508741 0 0.01323479 0.02746415 0 0.01599997 0.02358496 0 0.01308137 0.02532047 0 0.02654749 -0.01036739 0 0.01433622 0.02863878 0 0.03049933 -0.009028017 0 0.029253 -0.008198559 0 0.009977042 -0.02669656 0 0.01204293 0.02638119 0 0.0153405 0.02989757 0 0.01657938 0.0231812 0 0.03770738 0.001634716 0 0.03640931 -0.009402275 0 -0.01143729 0.04353386 0 0.03496426 -0.008956134 0 -0.02963155 -0.01479667 0 -0.03500872 0.02338618 0 -0.03893709 0.01189249 0 -0.002999961 -0.03899997 0 0.008157789 -0.03685075 0 -0.02767908 -0.01252293 0 0.0271393 -0.008701145 0 -0.02326256 0.03517591 0 -0.01449108 0.04404747 0 -0.04778558 0.01084142 0 -0.03110337 -0.01514452 0 -0.02674657 -0.02446198 0 0.007731974 -0.0279501 0 -0.024899 0.03394955 0 -0.0325213 0.02449268 0 0.02807158 -0.007278919 0 -0.0266171 -0.01018685 0 -0.0123775 0.04469895 0 -0.0134015 0.04579102 0 -0.02916693 -0.01268869 0 0.009977042 0.02669656 0 0.04589456 0.006622195 0 -0.03644657 0.02385532 0 -0.03254109 -0.01561379 0 0.03621298 0.001546621 0 0.03356128 -0.00839138 0 -0.02783477 -0.02549016 0 0.02762657 -0.007001399 0 -0.002936959 -0.03748881 0 -0.02608948 0.03488212 0 0.006731033 -0.02769362 0 0.007526218 -0.02943319 0 -0.04635709 0.01128941 0 -0.0448991 0.01163011 0 -0.01450371 0.04680418 0 -0.03791832 0.0242033 0 -0.04043078 0.0119934 0 0.0280075 -0.005274713 0 -0.03393489 -0.0162009 0 -0.002748548 -0.03598839 0 0.007811427 -0.03539425 0 -0.0424351 -0.02449995 0 0.03471595 0.001569569 0 0.03221029 -0.007711887 0 0.03092038 -0.006922245 0 -0.03527498 -0.01690185 0 -0.02884376 -0.02659618 0 -0.04342001 0.01186186 0 -0.01675891 0.04604482 0 -0.02735358 0.03571248 0 -0.04170227 -0.02317702 0 -0.03389042 0.02509826 0 -0.02718806 -0.008547425 0 -0.03063839 -0.0129643 0 -0.03941392 0.02442759 0 -0.04192787 0.01198309 0 -0.002435982 -0.0345087 0 0.007574141 -0.03391593 0 -0.03655207 -0.01771193 0 0.02828079 -0.00352782 0 0.02970051 -0.006028175 0 0.02855932 -0.005035758 0 -0.0408619 -0.0219196 0 -0.03775733 -0.01862531 0 -0.02976787 -0.02777415 0 -0.02868229 0.03643471 0 0.003389537 -0.02829766 0 0.007431149 -0.0309273 0 0.007447063 -0.03242427 0 -0.03991979 -0.02073657 0 -0.03888255 -0.01963597 0 0.03322488 0.00170356 0 -0.01558333 0.04509329 0 -0.002001464 -0.03306007 0 0.02844518 -0.001767218 0 -0.04092299 0.02452665 0 -0.001447916 -0.03165262 0 -0.0424351 0.02449995 0 -0.02765798 -0.00687623 0 0.03174769 0.00194782 0 -7.79216e-4 -0.0302962 0 0.006731033 0.02769362 0 0.00991857 0.02725106 0 0.01109409 0.02820259 0 -0.02441591 0.0361303 0 -0.02563709 0.03699666 0 -0.01675891 -0.04604482 0 -0.04119575 0.02653121 0 -0.02691888 0.03776985 0 0.0192244 0.04075413 0 0.0189839 0.03854888 0 0 -0.02899998 0 0.02849996 0 0 -0.03970015 0.02646362 0 0 -0.02849996 0 -0.02825468 0.03844588 0 -0.03821367 0.02628529 0 -0.02963703 0.03902089 0 0.0302928 0.002300918 0 -0.01704788 -0.04456037 0 -0.03674459 0.0259971 0 -0.03149658 0.0375362 0 -0.03530085 0.02560067 0 0.02844655 0.001744151 0 -0.03006649 0.03704398 0 -0.04357457 -0.0224108 0 -0.04276823 -0.02114939 0 -0.002293825 -0.02890902 0 -0.02855932 -0.005035758 0 -0.02886819 -0.002761006 0 -0.02828866 -0.003463745 0 0.02886819 0.002761006 0 0.02828639 0.003481805 0 -0.02802532 -0.005179584 0 -0.01897466 -0.04517698 0 0.01922136 0.0429725 0 0.01770937 0.0340963 0 0.0177077 0.02233123 0 0.01714885 0.02276325 0 0.0170325 0.03263509 0 0.01624125 0.03123259 0 0.02470809 0.02536666 0 0.02579456 0.02629613 0 0.0268045 0.02730816 0 0.02773159 0.02839642 0 -0.01721227 -0.04305696 0 -0.02997118 -0.004493415 0 -0.01725107 -0.04154515 0 -0.004950523 -0.04041063 0 -0.04187059 -0.0199514 0 -0.01916778 -0.04369235 0 -0.02844709 -0.001735091 0 -0.01716399 -0.04003518 0 0.002994239 0.03023225 0 0.003389537 0.02829766 0 0.002293825 0.02890902 0 -0.03142315 -0.004070401 0 0.0398212 0.01777106 0 0.003594636 0.03160369 0 0.0408864 0.0188232 0 0.04187059 0.0199514 0 0.03868103 0.01680088 0 0.04460459 0.005832612 0 0.04276823 0.02114939 0 0.0432536 0.005153059 0 -0.0408864 -0.0188232 0 -0.03285282 -0.02696168 0.002999961 -0.03413629 -0.02531719 0.002999961 0.02696168 0.03285282 0.002999961 0.02531719 0.03413629 0.002999961 -0.03533738 -0.02361166 0.002999961 0.02361166 0.03533738 0.002999961 -0.03645342 -0.02184939 0.002999961 0.02184939 0.03645342 0.002999961 -0.0374816 -0.02003437 0.002999961 0.02003437 0.0374816 0.002999961 -0.03841948 -0.01817107 0.002999961 0.01817107 0.03841948 0.002999961 -0.03926479 -0.01626396 0.002999961 0.01626396 0.03926479 0.002999961 -0.04001551 -0.01431775 0.002999961 0.030052 -0.030052 0.002999961 0.01431775 0.04001551 0.002999961 0.03149032 -0.0285412 0.002999961 -0.04066991 -0.01233702 0.002999961 0.01233702 0.04066991 0.002999961 0.0285412 -0.03149032 0.002999961 -0.0412262 -0.01032668 0.002999961 0.01032668 0.0412262 0.002999961 0.03285282 -0.02696168 0.002999961 -0.04168331 -0.008291304 0.002999961 0.008291304 0.04168331 0.002999961 0.02696168 -0.03285282 0.002999961 0.03413629 -0.02531719 0.002999961 -0.04203999 -0.006235957 0.002999961 0.006235957 0.04203999 0.002999961 0.02531719 -0.03413629 0.002999961 0.03533738 -0.02361166 0.002999961 -0.04229533 -0.004165709 0.002999961 0.004165709 0.04229533 0.002999961 0.02361166 -0.03533738 0.002999961 0.03645342 -0.02184939 0.002999961 -0.04244869 -0.002085328 0.002999961 0.002085328 0.04244869 0.002999961 0.02184939 -0.03645342 0.002999961 -0.04249989 0 0.002999961 0 0.04249989 0.002999961 0.0374816 -0.02003437 0.002999961 0.02003437 -0.0374816 0.002999961 0.03841948 -0.01817107 0.002999961 0.01817107 -0.03841948 0.002999961 -0.04244869 0.002085328 0.002999961 -0.002085328 0.04244869 0.002999961 0.03926479 -0.01626396 0.002999961 -0.04229533 0.004165709 0.002999961 0.01626396 -0.03926479 0.002999961 -0.004165709 0.04229533 0.002999961 0.04001551 -0.01431775 0.002999961 0.01431775 -0.04001551 0.002999961 0.04066991 -0.01233702 0.002999961 -0.04203999 0.006235957 0.002999961 -0.006235957 0.04203999 0.002999961 0.01233702 -0.04066991 0.002999961 0.0412262 -0.01032668 0.002999961 0.01032668 -0.0412262 0.002999961 -0.04168331 0.008291304 0.002999961 -0.008291304 0.04168331 0.002999961 0.04168331 -0.008291304 0.002999961 0.008291304 -0.04168331 0.002999961 0.04203999 -0.006235957 0.002999961 0.006235957 -0.04203999 0.002999961 -0.0412262 0.01032668 0.002999961 0.04229533 -0.004165709 0.002999961 -0.01032668 0.0412262 0.002999961 0.004165709 -0.04229533 0.002999961 0.002085328 -0.04244869 0.002999961 -0.04066991 0.01233702 0.002999961 -0.01233702 0.04066991 0.002999961 0.04244869 -0.002085328 0.002999961 0 -0.04249989 0.002999961 -0.04001551 0.01431775 0.002999961 0.04249989 0 0.002999961 -0.01431775 0.04001551 0.002999961 -0.002085328 -0.04244869 0.002999961 0.04244869 0.002085328 0.002999961 -0.03926479 0.01626396 0.002999961 -0.01626396 0.03926479 0.002999961 -0.004165709 -0.04229533 0.002999961 0.04229533 0.004165709 0.002999961 -0.03841948 0.01817107 0.002999961 -0.01817107 0.03841948 0.002999961 -0.006235957 -0.04203999 0.002999961 0.04203999 0.006235957 0.002999961 -0.0374816 0.02003437 0.002999961 -0.02003437 0.0374816 0.002999961 -0.008291304 -0.04168331 0.002999961 0.04168331 0.008291304 0.002999961 -0.03645342 0.02184939 0.002999961 -0.02184939 0.03645342 0.002999961 -0.01032668 -0.0412262 0.002999961 0.0412262 0.01032668 0.002999961 -0.01233702 -0.04066991 0.002999961 -0.03533738 0.02361166 0.002999961 0.04066991 0.01233702 0.002999961 -0.02361166 0.03533738 0.002999961 -0.03413629 0.02531719 0.002999961 -0.01431775 -0.04001551 0.002999961 -0.02531719 0.03413629 0.002999961 0.04001551 0.01431775 0.002999961 -0.02696168 0.03285282 0.002999961 -0.03285282 0.02696168 0.002999961 -0.0285412 0.03149032 0.002999961 -0.01626396 -0.03926479 0.002999961 -0.03149032 0.0285412 0.002999961 0.03926479 0.01626396 0.002999961 -0.030052 0.030052 0.002999961 -0.01817107 -0.03841948 0.002999961 0.03841948 0.01817107 0.002999961 -0.02003437 -0.0374816 0.002999961 0.0374816 0.02003437 0.002999961 -0.02184939 -0.03645342 0.002999961 0.03645342 0.02184939 0.002999961 -0.02361166 -0.03533738 0.002999961 0.03533738 0.02361166 0.002999961 -0.02531719 -0.03413629 0.002999961 0.03413629 0.02531719 0.002999961 -0.02696168 -0.03285282 0.002999961 0.03285282 0.02696168 0.002999961 -0.0285412 -0.03149032 0.002999961 0.03149032 0.0285412 0.002999961 -0.030052 -0.030052 0.002999961 0.030052 0.030052 0.002999961 -0.03149032 -0.0285412 0.002999961 0.0285412 0.03149032 0.002999961 -0.04861176 -0.006155908 -0.02499997 -0.04742252 -0.005246341 -0.02499997 -0.04616916 -0.004427552 -0.02499997 -0.04485857 -0.003704011 -0.02499997 -0.0434978 -0.003079593 -0.02499997 -0.04209452 -0.002557933 -0.02499997 -0.04065632 -0.002141833 -0.02499997 -0.03919136 -0.001833438 -0.02499997 -0.03770738 -0.001634716 -0.02499997 -0.03621298 -0.001546621 -0.02499997 -0.03471595 -0.001569569 -0.02499997 -0.03322488 -0.00170356 -0.02499997 -0.03174769 -0.00194782 -0.02499997 -0.0302928 -0.002300918 -0.02499997 -0.02886819 -0.002761006 -0.02499997 -0.04825556 -0.008508741 -0.02499997 -0.02855932 -0.005035758 -0.02499997 -0.04711437 -0.007516205 -0.02499997 -0.04589456 -0.006622195 -0.02499997 -0.04460459 -0.005832612 -0.02499997 -0.0432536 -0.005153059 -0.02499997 -0.04185062 -0.004588365 -0.02499997 -0.04040557 -0.004142165 -0.02499997 -0.03892832 -0.003817856 -0.02499997 -0.03742939 -0.003617346 -0.02499997 -0.03591889 -0.003542423 -0.02499997 -0.03440731 -0.003593266 -0.02499997 -0.03290534 -0.003769636 -0.02499997 -0.03142315 -0.004070401 -0.02499997 -0.02997118 -0.004493415 -0.02499997 -0.04778558 0.01084142 -0.02499997 -0.04825556 0.008508741 -0.02499997 -0.04635709 0.01128941 -0.02499997 -0.0448991 0.01163011 -0.02499997 -0.04342001 0.01186186 -0.02499997 -0.04192787 0.01198309 -0.02499997 -0.04043078 0.0119934 -0.02499997 -0.03893709 0.01189249 -0.02499997 -0.03745496 0.01168119 -0.02499997 -0.03599256 0.0113604 -0.02499997 -0.03455799 0.01093208 -0.02499997 -0.03315913 0.0103985 -0.02499997 -0.03180378 0.009762704 -0.02499997 -0.03049933 0.009028017 -0.02499997 -0.029253 0.008198559 -0.02499997 -0.02807158 0.007278919 -0.02499997 -0.0468437 0.009051024 -0.02499997 -0.04539173 0.009474039 -0.02499997 -0.04390949 0.009774744 -0.02499997 -0.04240757 0.009951174 -0.02499997 -0.04089599 0.01000201 -0.02499997 -0.03938549 0.009927093 -0.02499997 -0.0378865 0.009726643 -0.02499997 -0.03640931 0.009402275 -0.02499997 -0.03496426 0.008956134 -0.02499997 -0.03356128 0.00839138 -0.02499997 -0.03221029 0.007711887 -0.02499997 -0.03092038 0.006922245 -0.02499997 -0.02970051 0.006028175 -0.02499997 -0.02855932 0.005035758 -0.02499997 -0.04357457 -0.0224108 -0.02499997 -0.04276823 -0.02114939 -0.02499997 -0.04187059 -0.0199514 -0.02499997 -0.0408864 -0.0188232 -0.02499997 -0.0398212 -0.01777106 -0.02499997 -0.03868103 -0.01680088 -0.02499997 -0.03747195 -0.01591789 -0.02499997 -0.0362007 -0.01512718 -0.02499997 -0.03487426 -0.01443278 -0.02499997 -0.03350007 -0.01383882 -0.02499997 -0.03208541 -0.01334846 -0.02499997 -0.03063839 -0.0129643 -0.02499997 -0.02916693 -0.01268869 -0.02499997 -0.02767908 -0.01252293 -0.02499997 -0.02618288 -0.01246803 -0.02499997 -0.0424351 -0.02449995 -0.02499997 -0.02511465 -0.01449996 -0.02499997 -0.04170227 -0.02317702 -0.02499997 -0.0408619 -0.0219196 -0.02499997 -0.03991979 -0.02073657 -0.02499997 -0.03888255 -0.01963597 -0.02499997 -0.03775733 -0.01862531 -0.02499997 -0.03655207 -0.01771193 -0.02499997 -0.03527498 -0.01690185 -0.02499997 -0.03393489 -0.0162009 -0.02499997 -0.03254109 -0.01561379 -0.02499997 -0.03110337 -0.01514452 -0.02499997 -0.02963155 -0.01479667 -0.02499997 -0.02813595 -0.01457238 -0.02499997 -0.02662688 -0.01447319 -0.02499997 -0.01864069 0.0222153 -0.02499997 -0.01682519 0.02362 -0.02499997 -0.02963703 0.03902089 -0.02499997 -0.02825468 0.03844588 -0.02499997 -0.02691888 0.03776985 -0.02499997 -0.02563709 0.03699666 -0.02499997 -0.02441591 0.0361303 -0.02499997 -0.02326256 0.03517591 -0.02499997 -0.02218306 0.03413856 -0.02499997 -0.02118355 0.03302395 -0.02499997 -0.02026945 0.03183823 -0.02499997 -0.01944589 0.03058797 -0.02499997 -0.01871728 0.02928018 -0.02499997 -0.0180878 0.02792179 -0.02499997 -0.01756078 0.02652049 -0.02499997 -0.01713901 0.02508389 -0.02499997 -0.03149658 0.0375362 -0.02499997 -0.03006649 0.03704398 -0.02499997 -0.02868229 0.03643471 -0.02499997 -0.02735358 0.03571248 -0.02499997 -0.02608948 0.03488212 -0.02499997 -0.024899 0.03394955 -0.02499997 -0.02379006 0.03292119 -0.02499997 -0.02277058 0.03180408 -0.02499997 -0.02184742 0.03060609 -0.02499997 -0.0210272 0.02933543 -0.02499997 -0.02031552 0.02800095 -0.02499997 -0.01971739 0.02661198 -0.02499997 -0.0192368 0.02517807 -0.02499997 -0.01887702 0.02370899 -0.02499997 -0.04119575 0.02653121 -0.02499997 -0.0424351 0.02449995 -0.02499997 -0.03970015 0.02646362 -0.02499997 -0.03821367 0.02628529 -0.02499997 -0.03674459 0.0259971 -0.02499997 -0.03530085 0.02560067 -0.02499997 -0.03389042 0.02509826 -0.02499997 -0.0325213 0.02449268 -0.02499997 -0.03120088 0.0237872 -0.02499997 -0.02993637 0.02298551 -0.02499997 -0.02873486 0.02209246 -0.02499997 -0.02760297 0.02111256 -0.02499997 -0.02654677 0.02005141 -0.02499997 -0.02557224 0.01891493 -0.02499997 -0.02468472 0.01770925 -0.02499997 -0.02388906 0.01644098 -0.02499997 -0.04092299 0.02452665 -0.02499997 -0.03941392 0.02442759 -0.02499997 -0.03791832 0.0242033 -0.02499997 -0.03644657 0.02385532 -0.02499997 -0.03500872 0.02338618 -0.02499997 -0.03361505 0.02279907 -0.02499997 -0.03227496 0.02209806 -0.02499997 -0.03099787 0.02128791 -0.02499997 -0.02979242 0.02037459 -0.02499997 -0.02866727 0.01936393 -0.02499997 -0.02763009 0.01826333 -0.02499997 -0.02668803 0.01708018 -0.02499997 -0.02584755 0.01582282 -0.02499997 -0.02511465 0.01449996 -0.02499997 0.04357457 0.0224108 -0.02499997 0.0424351 0.02449995 -0.02499997 0.04276823 0.02114939 -0.02499997 0.04187059 0.0199514 -0.02499997 0.0408864 0.0188232 -0.02499997 0.0398212 0.01777106 -0.02499997 0.03868103 0.01680088 -0.02499997 0.03747195 0.01591789 -0.02499997 0.0362007 0.01512718 -0.02499997 0.03487426 0.01443278 -0.02499997 0.03350007 0.01383882 -0.02499997 0.03208541 0.01334846 -0.02499997 0.03063839 0.0129643 -0.02499997 0.02916693 0.01268869 -0.02499997 0.02767908 0.01252293 -0.02499997 0.02618288 0.01246803 -0.02499997 0.04170227 0.02317702 -0.02499997 0.0408619 0.0219196 -0.02499997 0.03991979 0.02073657 -0.02499997 0.03888255 0.01963597 -0.02499997 0.03775733 0.01862531 -0.02499997 0.03655207 0.01771193 -0.02499997 0.03527498 0.01690185 -0.02499997 0.03393489 0.0162009 -0.02499997 0.03254109 0.01561379 -0.02499997 0.03110337 0.01514452 -0.02499997 0.02963155 0.01479667 -0.02499997 0.02813595 0.01457238 -0.02499997 0.02662688 0.01447319 -0.02499997 0.02511465 0.01449996 -0.02499997 0.02855932 0.005035758 -0.02499997 0.02886819 0.002761006 -0.02499997 0.04861176 0.006155908 -0.02499997 0.04742252 0.005246341 -0.02499997 0.04616916 0.004427552 -0.02499997 0.04485857 0.003704011 -0.02499997 0.0434978 0.003079593 -0.02499997 0.04209452 0.002557933 -0.02499997 0.04065632 0.002141833 -0.02499997 0.03919136 0.001833438 -0.02499997 0.03770738 0.001634716 -0.02499997 0.03621298 0.001546621 -0.02499997 0.03471595 0.001569569 -0.02499997 0.03322488 0.00170356 -0.02499997 0.03174769 0.00194782 -0.02499997 0.0302928 0.002300918 -0.02499997 0.04825556 0.008508741 -0.02499997 0.04711437 0.007516205 -0.02499997 0.04589456 0.006622195 -0.02499997 0.04460459 0.005832612 -0.02499997 0.0432536 0.005153059 -0.02499997 0.04185062 0.004588365 -0.02499997 0.04040557 0.004142165 -0.02499997 0.03892832 0.003817856 -0.02499997 0.03742939 0.003617346 -0.02499997 0.03591889 0.003542423 -0.02499997 0.03440731 0.003593266 -0.02499997 0.03290534 0.003769636 -0.02499997 0.03142315 0.004070401 -0.02499997 0.02997118 0.004493415 -0.02499997 0.04119575 -0.02653121 -0.02499997 0.0424351 -0.02449995 -0.02499997 0.03970015 -0.02646362 -0.02499997 0.03821367 -0.02628529 -0.02499997 0.03674459 -0.0259971 -0.02499997 0.03530085 -0.02560067 -0.02499997 0.03389042 -0.02509826 -0.02499997 0.0325213 -0.02449268 -0.02499997 0.03120088 -0.0237872 -0.02499997 0.02993637 -0.02298551 -0.02499997 0.02873486 -0.02209246 -0.02499997 0.02760297 -0.02111256 -0.02499997 0.02654677 -0.02005141 -0.02499997 0.02557224 -0.01891493 -0.02499997 0.02468472 -0.01770925 -0.02499997 0.02388906 -0.01644098 -0.02499997 0.04092299 -0.02452665 -0.02499997 0.03941392 -0.02442759 -0.02499997 0.03791832 -0.0242033 -0.02499997 0.03644657 -0.02385532 -0.02499997 0.03500872 -0.02338618 -0.02499997 0.03361505 -0.02279907 -0.02499997 0.03227496 -0.02209806 -0.02499997 0.03099787 -0.02128791 -0.02499997 0.02979242 -0.02037459 -0.02499997 0.02866727 -0.01936393 -0.02499997 0.02763009 -0.01826333 -0.02499997 0.02668803 -0.01708018 -0.02499997 0.02584755 -0.01582282 -0.02499997 0.02511465 -0.01449996 -0.02499997 0.04778558 -0.01084142 -0.02499997 0.04635709 -0.01128941 -0.02499997 0.0448991 -0.01163011 -0.02499997 0.04342001 -0.01186186 -0.02499997 0.04192787 -0.01198309 -0.02499997 0.04043078 -0.0119934 -0.02499997 0.03893709 -0.01189249 -0.02499997 0.03745496 -0.01168119 -0.02499997 0.03599256 -0.0113604 -0.02499997 0.03455799 -0.01093208 -0.02499997 0.03315913 -0.0103985 -0.02499997 0.03180378 -0.009762704 -0.02499997 0.03049933 -0.009028017 -0.02499997 0.029253 -0.008198559 -0.02499997 0.02807158 -0.007278919 -0.02499997 0.04825556 -0.008508741 -0.02499997 0.02855932 -0.005035758 -0.02499997 0.0468437 -0.009051024 -0.02499997 0.04539173 -0.009474039 -0.02499997 0.04390949 -0.009774744 -0.02499997 0.04240757 -0.009951174 -0.02499997 0.04089599 -0.01000201 -0.02499997 0.03938549 -0.009927093 -0.02499997 0.0378865 -0.009726643 -0.02499997 0.03640931 -0.009402275 -0.02499997 0.03496426 -0.008956134 -0.02499997 0.03356128 -0.00839138 -0.02499997 0.03221029 -0.007711887 -0.02499997 0.03092038 -0.006922245 -0.02499997 0.02970051 -0.006028175 -0.02499997 -0.002378821 -0.04894208 -0.02499997 -0.003068089 -0.0476132 -0.02499997 -0.003656744 -0.04623669 -0.02499997 -0.004141807 -0.04482018 -0.02499997 -0.004520416 -0.04337173 -0.02499997 -0.004790425 -0.0418992 -0.02499997 -0.004950523 -0.04041063 -0.02499997 -0.004999816 -0.03891438 -0.02499997 -0.004937887 -0.03741848 -0.02499997 -0.004765093 -0.03593128 -0.02499997 -0.004482567 -0.0344612 -0.02499997 -0.00409168 -0.0330159 -0.02499997 -0.003594636 -0.03160369 -0.02499997 -0.002994239 -0.03023225 -0.02499997 -0.002293825 -0.02890902 -0.02499997 0 -0.04899996 -0.02499997 0 -0.02899998 -0.02499997 -7.79216e-4 -0.0477038 -0.02499997 -0.001447916 -0.04634726 -0.02499997 -0.002001464 -0.04493981 -0.02499997 -0.002435982 -0.0434913 -0.02499997 -0.002748548 -0.04201149 -0.02499997 -0.002936959 -0.04051095 -0.02499997 -0.002999961 -0.03899997 -0.02499997 -0.002936959 -0.03748881 -0.02499997 -0.002748548 -0.03598839 -0.02499997 -0.002435982 -0.0345087 -0.02499997 -0.002001464 -0.03306007 -0.02499997 -0.001447916 -0.03165262 -0.02499997 -7.79216e-4 -0.0302962 -0.02499997 0.00991857 -0.02725106 -0.02499997 0.007731974 -0.0279501 -0.02499997 0.01450371 -0.04680418 -0.02499997 0.0134015 -0.04579102 -0.02499997 0.0123775 -0.04469895 -0.02499997 0.01143729 -0.04353386 -0.02499997 0.0105862 -0.04230219 -0.02499997 0.009828746 -0.04101073 -0.02499997 0.00916922 -0.03966677 -0.02499997 0.008611202 -0.0382775 -0.02499997 0.008157789 -0.03685075 -0.02499997 0.007811427 -0.03539425 -0.02499997 0.007574141 -0.03391593 -0.02499997 0.007447063 -0.03242427 -0.02499997 0.007431149 -0.0309273 -0.02499997 0.007526218 -0.02943319 -0.02499997 0.01675891 -0.04604482 -0.02499997 0.01558333 -0.04509329 -0.02499997 0.01449108 -0.04404747 -0.02499997 0.0134896 -0.04291427 -0.02499997 0.01258569 -0.04170167 -0.02499997 0.01178598 -0.04041802 -0.02499997 0.0110957 -0.03907245 -0.02499997 0.01051968 -0.037674 -0.02499997 0.01006203 -0.03623259 -0.02499997 0.009725868 -0.03475809 -0.02499997 0.009513497 -0.0332607 -0.02499997 0.009426414 -0.03175079 -0.02499997 0.009465217 -0.03023898 -0.02499997 0.009629666 -0.02873551 -0.02499997 -0.01204293 -0.02638119 -0.02499997 -0.00991857 -0.02725106 -0.02499997 -0.01897466 -0.04517698 -0.02499997 -0.01916778 -0.04369235 -0.02499997 -0.01925015 -0.0421974 -0.02499997 -0.01922148 -0.04070067 -0.02499997 -0.01908177 -0.03921008 -0.02499997 -0.0188319 -0.03773385 -0.02499997 -0.0184732 -0.03628039 -0.02499997 -0.01800775 -0.03485745 -0.02499997 -0.01743799 -0.03347295 -0.02499997 -0.01676696 -0.03213465 -0.02499997 -0.01599866 -0.03084975 -0.02499997 -0.01513701 -0.02962535 -0.02499997 -0.01418703 -0.02846825 -0.02499997 -0.01315379 -0.02738481 -0.02499997 -0.01675891 -0.04604482 -0.02499997 -0.01704788 -0.04456037 -0.02499997 -0.01721227 -0.04305696 -0.02499997 -0.01725107 -0.04154515 -0.02499997 -0.01716399 -0.04003518 -0.02499997 -0.01695168 -0.0385378 -0.02499997 -0.01661545 -0.03706336 -0.02499997 -0.01615786 -0.03562188 -0.02499997 -0.01558178 -0.03422349 -0.02499997 -0.01489156 -0.03287786 -0.02499997 -0.01409173 -0.03159433 -0.02499997 -0.013188 -0.03038173 -0.02499997 -0.01218628 -0.02924859 -0.02499997 -0.01109409 -0.02820259 -0.02499997 -0.0332818 -0.03596276 -0.02499997 -0.03149658 -0.0375362 -0.02499997 -0.0329554 -0.03450167 -0.02499997 -0.03252166 -0.03306871 -0.02499997 -0.03198271 -0.031672 -0.02499997 -0.03134167 -0.03031897 -0.02499997 -0.03060191 -0.02901732 -0.02499997 -0.02976787 -0.02777415 -0.02499997 -0.02884376 -0.02659618 -0.02499997 -0.02783477 -0.02549016 -0.02499997 -0.02674657 -0.02446198 -0.02499997 -0.02558505 -0.02351737 -0.02499997 -0.02435666 -0.0226615 -0.02499997 -0.02306813 -0.02189916 -0.02499997 -0.0217266 -0.02123457 -0.02499997 -0.02033948 -0.02067112 -0.02499997 -0.03126025 -0.03604239 -0.02499997 -0.03090059 -0.03457331 -0.02499997 -0.03042 -0.03313928 -0.02499997 -0.02982175 -0.03175038 -0.02499997 -0.02911007 -0.03041595 -0.02499997 -0.02828985 -0.0291453 -0.02499997 -0.02736681 -0.02794736 -0.02499997 -0.02634721 -0.02683025 -0.02499997 -0.02523845 -0.02580183 -0.02499997 -0.02404785 -0.02486926 -0.02499997 -0.02278375 -0.02403897 -0.02499997 -0.02145498 -0.02331656 -0.02499997 -0.02007085 -0.02270728 -0.02499997 -0.01864069 -0.0222153 -0.02499997 0.01199996 -0.002960503 0.007302939 0.01571273 -0.003134787 0.006226003 0.0146858 -0.004946768 0.006399393 0.02247029 -0.01190918 0.001948237 0.02105128 -0.01426821 0.001948237 0.02043443 -0.01229095 0.002838075 0.01823079 -0.01271998 0.003669977 0.01964163 -0.01041007 0.003669977 0.01466566 -0.02052766 0.002066314 0.0143041 -0.01869869 0.002999961 0.01539528 -0.02024173 0.001948237 0.02164316 -0.01001018 0.002838075 0.01534098 -0.02207481 0.00106585 0.02076125 -0.007945656 0.003669977 0.01770067 -0.02175968 3.05495e-4 0.02362585 -0.009410619 0.001948237 0.01749289 -0.01845908 0.001948237 0.01756739 -0.01072907 0.004443109 0.01531952 -0.01109009 0.005156338 0.01671051 -0.008856594 0.005156338 0.01777803 -0.006451427 0.005156338 0.01874107 -0.008514404 0.004443109 0.01969379 -0.005194067 0.004539847 0.01287615 -0.01068717 0.005981445 0.01461362 -0.009100675 0.005808711 0.01770102 -0.02214467 1.02719e-4 0.01256108 -0.009746193 0.006267428 0.01199996 -0.008838355 0.006587207 0.01369231 -0.007256925 0.006399393 0.01573532 -0.006984293 0.005808711 0.01770079 -0.02195245 2.04552e-4 0.0174095 -0.004592299 0.005513966 0.01938575 -0.01646018 0.001948237 0.01382285 -0.01792603 0.0034675 0.0146231 -0.016743 0.003669977 0.01333659 -0.01714569 0.003916442 0.01284569 -0.0163576 0.004346609 0.01256555 -0.01571559 0.004647791 0.02677088 0 0.001135826 0.01817107 -0.02175968 1.03156e-4 0.01793605 -0.02175968 2.04989e-4 0.0165497 -0.01484149 0.003669977 0.01397526 -0.01894569 0.002999961 0.01408535 -0.01886397 0.002999961 0.0141949 -0.01878166 0.002999961 0.01228368 -0.01506978 0.004938185 0.01363199 -0.01310908 0.005156338 0.01287025 -0.01259779 0.005512118 0.01297628 -0.0116291 0.005732119 0.01253819 -0.01356065 0.005333662 0.02450466 -0.006801784 0.001948237 0.02499663 0 0.00219959 0.02293807 -0.001777172 0.003279209 0.0231803 0 0.003189682 0.02126979 -0.005230545 0.003829061 0.02204847 -0.005249798 0.003453314 0.02048486 -0.005211949 0.004191339 0.02509629 -0.004113197 0.001948237 0.02256006 -0.003530502 0.003367245 0.0151385 -0.002161741 0.006465077 0.01199996 -0.01441979 0.005217969 0.0253939 -0.00137645 0.001948237 0.01842236 -0.005001962 0.005084156 0.01905488 -0.005139172 0.004814088 0.01479429 -0.001099646 0.006608307 0.01199996 -0.001480937 0.007370293 0.01199996 -0.007377684 0.006832838 0.01199996 -0.005910277 0.007034122 0.01469039 0 0.006652653 0.01379823 0 0.006915926 0.01199996 -0.004437506 0.007190883 0.01290118 0 0.00716263 0.01648753 -0.003961861 0.005902111 0.01199996 0 0.007392704 0.01770335 -0.02175968 -9.61174e-4 0.02470338 -0.02176076 -9.45821e-4 0.02470165 -0.03377872 -9.45825e-4 0.03149658 -0.0375362 -0.02499997 0.03006649 -0.03704398 -0.02499997 0.02868229 -0.03643471 -0.02499997 0.02735358 -0.03571248 -0.02499997 0.02608948 -0.03488212 -0.02499997 0.024899 -0.03394955 -0.02499997 0.02379006 -0.03292119 -0.02499997 0.02285516 -0.03190416 -9.49875e-4 0.02277058 -0.03180408 -0.02499997 0.02184742 -0.03060609 -0.02499997 0.02129888 -0.02978235 -9.53288e-4 0.0210272 -0.02933543 -0.02499997 0.02031552 -0.02800095 -0.02499997 0.02004045 -0.0274012 -9.56048e-4 0.01971739 -0.02661198 -0.02499997 0.01914787 -0.02486026 -9.58006e-4 0.0192368 -0.02517807 -0.02499997 0.01887702 -0.02370899 -0.02499997 0.01864069 -0.0222153 -9.59118e-4 0.01864069 -0.0222153 -0.02499997 0.02963703 -0.03902089 -0.02499997 0.02825468 -0.03844588 -0.02499997 0.02691888 -0.03776985 -0.02499997 0.02563709 -0.03699666 -0.02499997 0.02441591 -0.0361303 -0.02499997 0.02470123 -0.03634518 -9.45826e-4 0.02326256 -0.03517591 -0.02499997 0.0233848 -0.03528416 -9.48713e-4 0.02218306 -0.03413856 -0.02499997 0.0221619 -0.0341165 -9.51395e-4 0.02118355 -0.03302395 -0.02499997 0.02026945 -0.03183823 -0.02499997 0.02034187 -0.03193902 -9.55387e-4 0.01944589 -0.03058797 -0.02499997 0.01871728 -0.02928018 -0.02499997 0.01884561 -0.02952778 -9.58669e-4 0.0180878 -0.02792179 -0.02499997 0.01756078 -0.02652049 -0.02499997 0.01770263 -0.02693039 -9.61176e-4 0.01713901 -0.02508389 -0.02499997 0.01682519 -0.02362 -0.02499997 0.02470093 -0.03876078 -9.45826e-4 0.01770097 -0.0387597 -9.61179e-4 0.01770329 -0.02294069 -9.61174e-4 0.003703713 -0.01035761 0 0.003418684 -0.009397387 0 0.004800677 -0.009897053 0 0.004486083 -0.00893718 0 0.005841553 -0.009320676 0 -0.01199996 -0.01441979 0 -0.00740689 -0.008132457 0 -0.008783161 -0.007161617 0 -0.007570028 -0.007250308 0 0.005492866 -0.008356213 0 0.01199996 -0.01441979 0 0.00914061 -0.01433342 0 0.01026386 -0.01355177 0 0.007957994 -0.01502221 0 0.006425499 -0.007662296 0 -0.006425499 -0.007662296 0 -0.006485164 -0.008884847 0 0.001435399 -0.01693928 0 0.002793312 -0.01676887 0 -0.01262199 -0.01337438 0 -0.01015466 -0.01363372 0 0.01262199 -0.01337438 0 -0.01293975 -0.01220029 0 -0.005492866 -0.008356213 0 -0.01292961 -0.010984 0 0.007570028 -0.007250308 0 -0.00548768 -0.009533345 0 0.01293975 -0.01220029 0 0.008783161 -0.007161617 0 0.01292961 -0.010984 0 -0.004486083 -0.00893718 0 -0.009025096 -0.0144065 0 -0.004425883 -0.01007026 0 0.009975373 -0.007402837 0 -0.007837057 -0.01508569 0 0.01259249 -0.009815275 0 0.01105862 -0.007956027 0 -0.01259249 -0.009815275 0 -0.003312349 -0.0104894 0 -0.003418684 -0.009397387 0 -0.006598234 -0.0156672 0 0.01195299 -0.008780479 0 0.004133105 -0.01648986 0 -0.005316615 -0.01614719 0 -0.002160072 -0.01078569 0 -0.00230515 -0.009730637 0 -0.01195299 -0.008780479 0 -9.82616e-4 -0.01095592 0 -0.001160383 -0.009932398 0 -0.004000544 -0.01652258 0 -0.002658486 -0.01679068 0 0.005446135 -0.01610398 0 -0.01105862 -0.007956027 0 2.0643e-4 -0.01099807 0 0 -0.00999999 0 -0.001299262 -0.01695019 0 0.006723821 -0.01561361 0 0.00139302 -0.0109114 0 0.001160383 -0.009932398 0 6.83e-5 -0.0169999 0 0.002563357 -0.010697 0 0.00230515 -0.009730637 0 -0.009975373 -0.007402837 0 -0.01199996 -0.002220988 0.007342219 -0.01199996 -0.003330051 0.007279098 -0.01529258 -0.002506375 0.006399393 -0.01540136 -0.001692771 0.006400108 -0.01587629 -0.002715945 0.006197631 -0.01534098 0.02207481 0.00106585 -0.02013236 -0.005193591 0.004349887 -0.0188713 -0.00500375 0.004903972 -0.01777803 -0.006451427 0.005156338 -0.01764887 -0.004476666 0.005435824 -0.01964545 -0.01614928 0.001948237 -0.02136427 -0.01379531 0.001948237 -0.01853537 -0.012272 0.003669977 -0.0176686 -0.01829105 0.001948237 -0.01996946 -0.009766519 0.003669977 -0.01671051 -0.008856594 0.005156338 -0.01466566 0.02052766 0.002066314 -0.01397526 0.01894569 0.002999961 -0.01408535 0.01886397 0.002999961 -0.01199996 -0.004437506 0.007190883 -0.0146858 -0.004946768 0.006399393 -0.016617 -0.003667593 0.005880475 -0.0141949 0.01878166 0.002999961 -0.0167886 -0.01457077 0.003669977 -0.0143041 0.01869869 0.002999961 -0.01545959 -0.02019268 0.001948237 -0.01466566 -0.02052766 0.002066314 -0.01534098 -0.02207481 0.00106585 -0.0143041 -0.01869869 0.002999961 -0.01531952 -0.01109009 0.005156338 -0.01284766 -0.01056325 0.00601685 -0.0129761 -0.01159018 0.005741775 -0.01199996 -0.006644785 0.006938993 -0.01199996 -0.008838355 0.006587207 -0.01369231 -0.007256925 0.006399393 -0.01475858 -0.01662349 0.003669977 -0.01382285 -0.01792603 0.0034675 -0.01333659 -0.01714569 0.003916442 -0.01284569 -0.0163576 0.004346609 -0.01256555 -0.01571559 0.004647791 -0.01363199 -0.01310908 0.005156338 -0.01252478 -0.01358842 0.005329251 -0.01228368 -0.01506978 0.004938185 -0.01286447 -0.0126236 0.005506873 -0.02280247 0.01126027 0.001948237 -0.02136427 0.01379531 0.001948237 -0.02076333 0.01172649 0.002838075 -0.01853537 0.012272 0.003669977 -0.01996946 0.009766519 0.003669977 -0.02394104 0.008577167 0.001948237 -0.0219689 0.009273827 0.002838075 -0.02106678 0.007096171 0.003669977 -0.01671051 0.008856594 0.005156338 -0.01777803 0.006451427 0.005156338 -0.01894766 0.008044242 0.004443109 -0.01945883 0.004790306 0.004683375 -0.02013099 0.004821181 0.004391074 -0.01531952 0.01109009 0.005156338 -0.01290678 0.01084321 0.005937695 -0.01461362 0.009100675 0.005808711 -0.01257187 0.009769618 0.006259799 -0.01199996 0.008838355 0.006587207 -0.01369231 0.007256925 0.006399393 -0.01573532 0.006984293 0.005808711 -0.0146858 0.004946768 0.006399393 -0.02280247 -0.01126027 0.001948237 -0.02394104 -0.008577167 0.001948237 -0.0219689 -0.009273827 0.002838075 -0.02224689 -0.00524342 0.003356099 -0.02106678 -0.007096171 0.003669977 -0.02076333 -0.01172649 0.002838075 -0.01228368 0.01506978 0.004938185 -0.01199996 0.01441979 0.005217969 -0.0122624 0.01405441 0.005261123 -0.01894766 -0.008044242 0.004443109 -0.01573532 -0.006984293 0.005808711 -0.01461362 -0.009100675 0.005808711 -0.01249212 0.01365405 0.00531888 -0.0125125 -0.009644567 0.006300747 -0.01517421 5.36398e-4 0.006499469 -0.0153771 0.001452088 0.006415843 -0.01199996 0.001110792 0.007380068 -0.01199996 0.002220988 0.007342219 -0.01199996 0 0.007392704 -0.0151599 -5.63969e-4 0.006503701 -0.01199996 -0.001110792 0.007380068 -0.0141949 -0.01878166 0.002999961 -0.01408535 -0.01886397 0.002999961 -0.01397526 -0.01894569 0.002999961 -0.01199996 -0.01441979 0.005217969 -0.01545959 0.02019268 0.001948237 -0.0176686 0.01829105 0.001948237 -0.01964545 0.01614928 0.001948237 -0.01333659 0.01714569 0.003916442 -0.01284569 0.0163576 0.004346609 -0.01475858 0.01662349 0.003669977 -0.01382285 0.01792603 0.0034675 -0.01256555 0.01571559 0.004647791 -0.0167886 0.01457077 0.003669977 -0.01363199 0.01310908 0.005156338 -0.01282083 0.01279872 0.005471408 -0.01296949 0.01187795 0.005672097 -0.02476525 0.005781412 0.001948237 -0.02335125 0.004743874 0.002847552 -0.02121657 0.004796743 0.003902018 -0.02229017 0.004770874 0.003387451 -0.0252642 0.002909839 0.001948237 -0.02347058 0.00306046 0.002932608 -0.02346789 0.001372933 0.0030182 -0.02543115 0 0.001948237 -0.02334326 -3.09863e-4 0.003103733 -0.01721787 0.003944337 0.005643188 -0.01799201 0.004385173 0.005313992 -0.01879179 0.004666984 0.004971325 -0.01199996 0.006644785 0.006938993 -0.01199996 0.004437506 0.007190883 -0.0252642 -0.002909839 0.001948237 -0.02309721 -0.001979351 0.003188908 -0.02273118 -0.003626704 0.003273189 -0.01611179 0.002873361 0.006109297 -0.01656556 0.003397524 0.005918622 -0.01199996 0.003330051 0.007279098 -0.02476525 -0.005781412 0.001948237 -0.01570671 0.002233088 0.006278753 -0.01529258 0.002506375 0.006399393 -0.02084237 -0.005209684 0.004029572 -0.02154719 -0.005226254 0.003698348 0.01259249 0.009815275 0 0.01195299 0.008780479 0 0.01015466 0.01363372 0 0.01105862 0.007956027 0 0.001160383 0.009932398 0 2.0643e-4 0.01099807 0 0.00139302 0.0109114 0 0.009975373 0.007402837 0 0.005841553 0.009320676 0 0.01292961 0.010984 0 -0.001358807 0.0169456 0 -0.00270915 0.0167827 0 0.00230515 0.009730637 0 0.002563357 0.010697 0 0.01293975 0.01220029 0 0.01262199 0.01337438 0 0.01199996 0.01441979 0 0.009032368 0.01440185 0 0.007852196 0.01507782 0 0.003418684 0.009397387 0 0.003703713 0.01035761 0 -0.007570028 0.007250308 0 -0.008783161 0.007161617 0 -0.00740689 0.008132457 0 -0.009975373 0.007402837 0 -0.01105862 0.007956027 0 0 0.0169999 0 0.001358807 0.0169456 0 -0.006425499 0.007662296 0 0.00270915 0.0167827 0 -0.006485164 0.008884847 0 0.004486083 0.00893718 0 0.004800677 0.009897053 0 0.004042029 0.01651245 0 0.00534904 0.0161364 0 -0.005492866 0.008356213 0 0.005492866 0.008356213 0 0.006425499 0.007662296 0 0.006621778 0.0156573 0 0.007570028 0.007250308 0 -0.01195299 0.008780479 0 -0.01015466 0.01363372 0 -0.01259249 0.009815275 0 -0.01292961 0.010984 0 -0.01293975 0.01220029 0 -0.01262199 0.01337438 0 -0.01199996 0.01441979 0 -0.00548768 0.009533345 0 0.008783161 0.007161617 0 -0.004486083 0.00893718 0 -0.006621778 0.0156573 0 -0.00534904 0.0161364 0 -0.009032368 0.01440185 0 -0.004425883 0.01007026 0 -0.003418684 0.009397387 0 -0.003312349 0.0104894 0 -0.007852196 0.01507782 0 -0.00230515 0.009730637 0 -0.002160072 0.01078569 0 -0.001160383 0.009932398 0 -9.82616e-4 0.01095592 0 -0.004042029 0.01651245 0 0 0.00999999 0 0.02105128 0.01426821 0.001948237 0.02247029 0.01190918 0.001948237 0.02043443 0.01229095 0.002838075 0.0253939 0.00137645 0.001948237 0.01964163 0.01041007 0.003669977 0.01823079 0.01271998 0.003669977 0.02327996 0.001578271 0.003109872 0.02164316 0.01001018 0.002838075 0.02327245 0.003159821 0.003029704 0.02315789 0.004737079 0.002949595 0.02509629 0.004113197 0.001948237 0.02076125 0.007945656 0.003669977 0.01874107 0.008514404 0.004443109 0.01777803 0.006451427 0.005156338 0.01671051 0.008856594 0.005156338 0.01756739 0.01072907 0.004443109 0.01802259 0.02154916 2.76961e-4 0.01770669 0.02154916 4.11871e-4 0.01531952 0.01109009 0.005156338 0.02450466 0.006801784 0.001948237 0.0146858 0.004946768 0.006399393 0.01573532 0.006984293 0.005808711 0.01369231 0.007256925 0.006399393 0.01770722 0.02207148 1.3892e-4 0.01770699 0.02181077 2.76212e-4 0.01461362 0.009100675 0.005808711 0.01286858 0.01065278 0.00599122 0.01255089 0.009724259 0.006274521 0.01199996 0.008838355 0.006587207 0.02362585 0.009410619 0.001948237 0.01513981 0.00198549 0.006472229 0.0148102 0.001008868 0.006605446 0.01199996 0.001480937 0.007370293 0.02201753 0.004766464 0.003522217 0.021573 0.005363464 0.003669977 0.02086305 0.004794239 0.004065752 0.01534098 0.02207481 0.00106585 0.01568669 0.00289762 0.006249666 0.01199996 0.002960503 0.007302939 0.0196951 0.004820585 0.004579842 0.01466566 0.02052766 0.002066314 0.0143041 0.01869869 0.002999961 0.0141949 0.01878166 0.002999961 0.01408535 0.01886397 0.002999961 0.01938575 0.01646018 0.001948237 0.01397526 0.01894569 0.002999961 0.01842385 0.004683971 0.005116701 0.0173242 0.004274249 0.005575418 0.01749289 0.01845908 0.001948237 0.01643013 0.003678739 0.005944848 0.01199996 0.004437506 0.007190883 0.01199996 0.005910277 0.007034122 0.0165497 0.01484149 0.003669977 0.01539528 0.02024173 0.001948237 0.01297628 0.0116291 0.005732119 0.01833778 0.0215491 1.39668e-4 0.01199996 0.007377684 0.006832838 0.0146231 0.016743 0.003669977 0.01256555 0.01571559 0.004647791 0.01284569 0.0163576 0.004346609 0.01382285 0.01792603 0.0034675 0.01333659 0.01714569 0.003916442 0.01363199 0.01310908 0.005156338 0.01287025 0.01259779 0.005512118 0.01253819 0.01356065 0.005333662 0.01228368 0.01506978 0.004938185 0.01199996 0.01441979 0.005217969 0.01771146 0.03410118 -9.61156e-4 0.01770967 0.02154916 -9.6116e-4 0.01916778 0.04369235 -0.02499997 0.01897466 0.04517698 -0.02499997 0.01925015 0.0421974 -0.02499997 0.01922148 0.04070067 -0.02499997 0.01908177 0.03921008 -0.02499997 0.0188319 0.03773385 -0.02499997 0.0189839 0.03854888 -9.58366e-4 0.0184732 0.03628039 -0.02499997 0.01847559 0.03628849 -9.5948e-4 0.01800775 0.03485745 -0.02499997 0.01743799 0.03347295 -0.02499997 0.01676696 0.03213465 -0.02499997 0.01599866 0.03084975 -0.02499997 0.01513701 0.02962535 -0.02499997 0.01418703 0.02846825 -0.02499997 0.01315379 0.02738481 -0.02499997 0.01204293 0.02638119 -0.02499997 0.00991857 0.02725106 -0.02499997 0.01675891 0.04604482 -0.02499997 0.01704788 0.04456037 -0.02499997 0.01721227 0.04305696 -0.02499997 0.01725107 0.04154515 -0.02499997 0.01716399 0.04003518 -0.02499997 0.01695168 0.0385378 -0.02499997 0.01661545 0.03706336 -0.02499997 0.01615786 0.03562188 -0.02499997 0.01558178 0.03422349 -0.02499997 0.01489156 0.03287786 -0.02499997 0.01409173 0.03159433 -0.02499997 0.013188 0.03038173 -0.02499997 0.01218628 0.02924859 -0.02499997 0.01109409 0.02820259 -0.02499997 0.02471208 0.03854817 -9.45802e-4 0.02471011 0.02536827 -9.45806e-4 0.03149658 0.0375362 -0.02499997 0.03126025 0.03604239 -0.02499997 0.03090059 0.03457331 -0.02499997 0.03042 0.03313928 -0.02499997 0.02982175 0.03175038 -0.02499997 0.02911007 0.03041595 -0.02499997 0.02828985 0.0291453 -0.02499997 0.02736681 0.02794736 -0.02499997 0.02634721 0.02683025 -0.02499997 0.02523845 0.02580183 -0.02499997 0.02404785 0.02486926 -0.02499997 0.02282541 0.024064 -9.4994e-4 0.02278375 0.02403897 -0.02499997 0.02145498 0.02331656 -0.02499997 0.02079159 0.02300739 -9.54401e-4 0.02007085 0.02270728 -0.02499997 0.01864069 0.0222153 -9.59118e-4 0.01864069 0.0222153 -0.02499997 0.0332818 0.03596276 -0.02499997 0.0329554 0.03450167 -0.02499997 0.03252166 0.03306871 -0.02499997 0.03198271 0.031672 -0.02499997 0.03134167 0.03031897 -0.02499997 0.03060191 0.02901732 -0.02499997 0.02976787 0.02777415 -0.02499997 0.02884376 0.02659618 -0.02499997 0.02783477 0.02549016 -0.02499997 0.02674657 0.02446198 -0.02499997 0.02558505 0.02351737 -0.02499997 0.02435666 0.0226615 -0.02499997 0.02470988 0.0228939 -9.45807e-4 0.02306813 0.02189916 -0.02499997 0.0217266 0.02123457 -0.02499997 0.02239161 0.02154839 -9.50891e-4 0.02033948 0.02067112 -0.02499997 0.0247097 0.02154815 -9.45807e-4 0.01937389 0.02154892 -9.5751e-4 0.002293825 0.02890902 -0.02499997 0 0.02899998 -0.02499997 0.002378821 0.04894208 -0.02499997 0.003068089 0.0476132 -0.02499997 0.003656744 0.04623669 -0.02499997 0.004141807 0.04482018 -0.02499997 0.004520416 0.04337173 -0.02499997 0.004790425 0.0418992 -0.02499997 0.004950523 0.04041063 -0.02499997 0.004999816 0.03891438 -0.02499997 0.004937887 0.03741848 -0.02499997 0.004765093 0.03593128 -0.02499997 0.004482567 0.0344612 -0.02499997 0.00409168 0.0330159 -0.02499997 0.003594636 0.03160369 -0.02499997 0.002994239 0.03023225 -0.02499997 0 0.04899996 -0.02499997 7.79216e-4 0.0477038 -0.02499997 0.001447916 0.04634726 -0.02499997 0.002001464 0.04493981 -0.02499997 0.002435982 0.0434913 -0.02499997 0.002748548 0.04201149 -0.02499997 0.002936959 0.04051095 -0.02499997 0.002999961 0.03899997 -0.02499997 0.002936959 0.03748881 -0.02499997 0.002748548 0.03598839 -0.02499997 0.002435982 0.0345087 -0.02499997 0.002001464 0.03306007 -0.02499997 0.001447916 0.03165262 -0.02499997 7.79216e-4 0.0302962 -0.02499997 -0.01450371 0.04680418 -0.02499997 -0.0134015 0.04579102 -0.02499997 -0.0123775 0.04469895 -0.02499997 -0.01143729 0.04353386 -0.02499997 -0.0105862 0.04230219 -0.02499997 -0.009828746 0.04101073 -0.02499997 -0.00916922 0.03966677 -0.02499997 -0.008611202 0.0382775 -0.02499997 -0.008157789 0.03685075 -0.02499997 -0.007811427 0.03539425 -0.02499997 -0.007574141 0.03391593 -0.02499997 -0.007447063 0.03242427 -0.02499997 -0.007431149 0.0309273 -0.02499997 -0.007526218 0.02943319 -0.02499997 -0.007731974 0.0279501 -0.02499997 -0.01675891 0.04604482 -0.02499997 -0.00991857 0.02725106 -0.02499997 -0.01558333 0.04509329 -0.02499997 -0.01449108 0.04404747 -0.02499997 -0.0134896 0.04291427 -0.02499997 -0.01258569 0.04170167 -0.02499997 -0.01178598 0.04041802 -0.02499997 -0.0110957 0.03907245 -0.02499997 -0.01051968 0.037674 -0.02499997 -0.01006203 0.03623259 -0.02499997 -0.009725868 0.03475809 -0.02499997 -0.009513497 0.0332607 -0.02499997 -0.009426414 0.03175079 -0.02499997 -0.009465217 0.03023898 -0.02499997 -0.009629666 0.02873551 -0.02499997 0.004165709 -0.04229533 0.018 0.006235957 -0.04203999 0.018 0.008291304 -0.04168331 0.018 0.01032668 -0.0412262 0.018 0.04244869 0.002085328 0.018 0.04249989 0 0.018 0.04229533 0.004165709 0.018 0.04203999 0.006235957 0.018 0.01233702 -0.04066991 0.018 0.04168331 0.008291304 0.018 0.01431775 -0.04001551 0.018 0.01626396 -0.03926479 0.018 0.0412262 0.01032668 0.018 0.01817107 -0.03841948 0.018 0.02003437 -0.0374816 0.018 0.04066991 0.01233702 0.018 0.04001551 0.01431775 0.018 0.03926479 0.01626396 0.018 0.02184939 -0.03645342 0.018 0.02361166 -0.03533738 0.018 0.02531719 -0.03413629 0.018 0.03841948 0.01817107 0.018 0.02696168 -0.03285282 0.018 0.0374816 0.02003437 0.018 0.0285412 -0.03149032 0.018 0.030052 -0.030052 0.018 0.03645342 0.02184939 0.018 0.03533738 0.02361166 0.018 0.03149032 -0.0285412 0.018 0.03413629 0.02531719 0.018 0.03285282 0.02696168 0.018 0.03285282 -0.02696168 0.018 0.03413629 -0.02531719 0.018 0.03149032 0.0285412 0.018 0.030052 0.030052 0.018 0.03533738 -0.02361166 0.018 0.03645342 -0.02184939 0.018 0.0285412 0.03149032 0.018 0.02696168 0.03285282 0.018 0.0374816 -0.02003437 0.018 0.02531719 0.03413629 0.018 0.03841948 -0.01817107 0.018 0.03926479 -0.01626396 0.018 0.02361166 0.03533738 0.018 0.04001551 -0.01431775 0.018 0.02184939 0.03645342 0.018 0.04066991 -0.01233702 0.018 0.02003437 0.0374816 0.018 0.0412262 -0.01032668 0.018 0.01817107 0.03841948 0.018 0.04168331 -0.008291304 0.018 0.01626396 0.03926479 0.018 0.04203999 -0.006235957 0.018 0.04229533 -0.004165709 0.018 0.01431775 0.04001551 0.018 0.01233702 0.04066991 0.018 0.04244869 -0.002085328 0.018 0.01032668 0.0412262 0.018 0.008291304 0.04168331 0.018 0.006235957 0.04203999 0.018 0.004165709 0.04229533 0.018 0.002085328 0.04244869 0.018 0 0.04249989 0.018 -0.002085328 0.04244869 0.018 -0.004165709 0.04229533 0.018 -0.006235957 0.04203999 0.018 -0.008291304 0.04168331 0.018 -0.01032668 0.0412262 0.018 -0.01233702 0.04066991 0.018 -0.01431775 0.04001551 0.018 -0.01626396 0.03926479 0.018 -0.01817107 0.03841948 0.018 -0.02003437 0.0374816 0.018 -0.02184939 0.03645342 0.018 -0.02361166 0.03533738 0.018 -0.02531719 0.03413629 0.018 -0.02696168 0.03285282 0.018 -0.0285412 0.03149032 0.018 -0.030052 0.030052 0.018 -0.03149032 0.0285412 0.018 -0.03285282 0.02696168 0.018 -0.03413629 0.02531719 0.018 -0.03533738 0.02361166 0.018 -0.03645342 0.02184939 0.018 -0.0374816 0.02003437 0.018 -0.03841948 0.01817107 0.018 -0.03926479 0.01626396 0.018 -0.04001551 0.01431775 0.018 -0.04066991 0.01233702 0.018 -0.0412262 0.01032668 0.018 -0.04168331 0.008291304 0.018 -0.04203999 0.006235957 0.018 -0.04229533 0.004165709 0.018 -0.04244869 0.002085328 0.018 -0.04249989 0 0.018 -0.04244869 -0.002085328 0.018 -0.04229533 -0.004165709 0.018 -0.04203999 -0.006235957 0.018 -0.04168331 -0.008291304 0.018 -0.0412262 -0.01032668 0.018 -0.04066991 -0.01233702 0.018 -0.04001551 -0.01431775 0.018 -0.03926479 -0.01626396 0.018 -0.03841948 -0.01817107 0.018 -0.0374816 -0.02003437 0.018 -0.03645342 -0.02184939 0.018 -0.03533738 -0.02361166 0.018 -0.03413629 -0.02531719 0.018 -0.03285282 -0.02696168 0.018 -0.03149032 -0.0285412 0.018 -0.030052 -0.030052 0.018 -0.0285412 -0.03149032 0.018 -0.02696168 -0.03285282 0.018 -0.02531719 -0.03413629 0.018 -0.02361166 -0.03533738 0.018 -0.02184939 -0.03645342 0.018 -0.02003437 -0.0374816 0.018 -0.01817107 -0.03841948 0.018 -0.01626396 -0.03926479 0.018 -0.01431775 -0.04001551 0.018 -0.01233702 -0.04066991 0.018 -0.01032668 -0.0412262 0.018 -0.008291304 -0.04168331 0.018 -0.006235957 -0.04203999 0.018 -0.004165709 -0.04229533 0.018 -0.002085328 -0.04244869 0.018 0 -0.04249989 0.018 0.002085328 -0.04244869 0.018 0.01360243 -0.01809161 0.003468394 0.01322597 -0.01722878 0.003917396 0.006425499 -0.007662296 0.007840633 0.00735116 -0.007302582 0.007765889 0.008333444 -0.007155776 0.007630825 0.009337604 -0.007231712 0.007438838 0.0103836 -0.00756824 0.007176399 0.01128858 -0.00812745 0.006883919 -0.002767503 0.005881369 0.008422434 -0.003482758 0.005488038 0.008422434 -0.004905581 0.006639361 0.008162379 -0.004143238 0.00500828 0.008422434 -0.008312642 0.00715661 0.007634282 -0.007342875 0.007304728 0.007766783 -0.008444368 0.006323099 0.007726073 -0.009321451 0.007228612 0.007442355 -0.009412407 0.005174458 0.007684648 -0.006425499 0.007662296 0.007840633 -0.005671024 0.00599879 0.008162379 -0.004738271 0.004449546 0.008422434 -0.006421208 0.005469799 0.0081321 -0.00525856 0.003820598 0.008422434 -0.007285118 0.004623234 0.00809884 -0.005695939 0.00313133 0.008422434 -0.007807195 0.003673732 0.00809884 -0.006043434 0.002392709 0.008422434 -0.008206069 0.002666234 0.00809884 -0.00629574 0.001616418 0.008422434 -0.008475542 0.001616716 0.00809884 -0.006448686 8.14666e-4 0.008422434 -0.008611381 5.41783e-4 0.00809884 -0.006499946 0 0.008422434 -0.008611381 -5.41783e-4 0.00809884 -0.006448686 -8.14666e-4 0.008422434 0.01120108 0.008059501 0.006915569 -0.008475542 -0.001616716 0.00809884 -0.00629574 -0.001616418 0.008422434 -0.008206069 -0.002666234 0.00809884 -0.006043434 -0.002392709 0.008422434 0.01028305 0.007523119 0.007204771 -0.007807195 -0.003673732 0.00809884 -0.005695939 -0.00313133 0.008422434 -0.008303523 -0.007156968 0.007635772 -0.009412407 -0.005174458 0.007684648 -0.007285118 -0.004623234 0.00809884 -0.00525856 -0.003820598 0.008422434 -0.007502615 -0.00726521 0.007748544 -0.006491184 -0.005454361 0.008124709 -0.006938517 -0.007433772 0.007806003 -0.004738271 -0.004449546 0.008422434 -0.006425499 -0.007662296 0.007840633 -0.005671024 -0.00599879 0.008162379 -0.004143238 -0.00500828 0.008422434 -0.004905581 -0.006639361 0.008162379 -0.004486083 -0.00893718 0.007840633 -0.005492866 -0.008356213 0.007840633 -0.002767503 -0.005881369 0.008422434 -0.003482758 -0.005488038 0.008422434 0.005492866 -0.008356213 0.007840633 0.004905581 -0.006639361 0.008162379 0.004486083 -0.00893718 0.007840633 0.002767503 -0.005881369 0.008422434 0.003482758 -0.005488038 0.008422434 0.004143238 -0.00500828 0.008422434 0.005671024 -0.00599879 0.008162379 0.004738271 -0.004449546 0.008422434 0.009797215 -0.005583286 0.007564604 0.008689641 -0.006313323 0.007684648 0.009986758 -0.003953993 0.007684648 0.00525856 -0.003820598 0.008422434 0.006424844 -0.005468845 0.008131742 0.005695939 -0.00313133 0.008422434 0.007285118 -0.004623234 0.00809884 0.006043434 -0.002392709 0.008422434 0.007807195 -0.003673732 0.00809884 0.00629574 -0.001616418 0.008422434 0.008206069 -0.002666234 0.00809884 0.008345603 0 0.008147239 0.01017969 0 0.007803857 0.008475542 -0.001616716 0.00809884 0.006448686 -8.14666e-4 0.008422434 0.007365465 -9.30486e-4 0.00829339 0.006499946 0 0.008422434 0.008206069 0.002666234 0.00809884 0.007807195 0.003673732 0.00809884 0.009302318 0.002702534 0.007903039 0.009986758 0.003953993 0.007684648 0.01065629 0.001346111 0.007684648 0.008475542 0.001616716 0.00809884 -0.009114265 0.003281295 0.007903039 -0.01040357 0.002671182 0.007684648 -0.009643912 9.11623e-4 0.007903039 -0.01074105 0 0.007684648 -0.01040357 -0.002671182 0.007684648 -0.009567677 -0.001515269 0.007903039 -0.008890211 -0.003847122 0.007903039 0.003418684 0.009397387 0.007840633 0.004486083 0.00893718 0.007840633 0.002767503 0.005881369 0.008422434 0.009453654 -0.002113044 0.007903039 0.01065629 -0.001346111 0.007684648 0.00230515 0.009730637 0.007840633 0.002008557 0.006181836 0.008422434 0.001160383 0.009932398 0.007840633 0.001217961 0.006384789 0.008422434 0 0.00999999 0.007840633 4.08138e-4 0.006487131 0.008422434 -4.08138e-4 0.006487131 0.008422434 -0.001160383 0.009932398 0.007840633 -0.001217961 0.006384789 0.008422434 -0.00230515 0.009730637 0.007840633 -0.002008557 0.006181836 0.008422434 -0.003418684 0.009397387 0.007840633 -0.01119959 0.008058369 0.006916165 -0.01032537 0.007541716 0.007192969 -0.01163029 0.008429288 0.00675112 -0.004486083 0.00893718 0.007840633 -0.01119697 -0.008056342 0.006917119 -0.01021438 -0.007494032 0.007223725 -0.003418684 -0.009397387 0.007840633 -0.00230515 -0.009730637 0.007840633 -0.002008557 -0.006181836 0.008422434 -0.001160383 -0.009932398 0.007840633 -0.001217961 -0.006384789 0.008422434 0 -0.00999999 0.007840633 -4.08138e-4 -0.006487131 0.008422434 0.001160383 -0.009932398 0.007840633 4.08138e-4 -0.006487131 0.008422434 0.00230515 -0.009730637 0.007840633 0.001217961 -0.006384789 0.008422434 0.003418684 -0.009397387 0.007840633 0.002008557 -0.006181836 0.008422434 0.008511424 0.007152616 0.007600784 0.009382784 0.007240593 0.007428824 0.008689641 0.006313323 0.007684648 0.007720232 0.007221043 0.007721424 -0.009210705 -0.00720942 0.007466137 0.007365465 9.30486e-4 0.00829339 0.00629574 0.001616418 0.008422434 0.006448686 8.14666e-4 0.008422434 0.009819984 0.005584955 0.007559835 0.006043434 0.002392709 0.008422434 0.005695939 0.00313133 0.008422434 0.007285118 0.004623234 0.00809884 0.00525856 0.003820598 0.008422434 0.006587684 0.005438745 0.008113682 0.007034361 0.00739938 0.007797718 0.00628829 0.005509614 0.008144736 0.004738271 0.004449546 0.008422434 0.005671024 0.00599879 0.008162379 0.006425499 0.007662296 0.007840633 0.004143238 0.00500828 0.008422434 0.004905581 0.006639361 0.008162379 0.005492866 0.008356213 0.007840633 0.003482758 0.005488038 0.008422434 -0.005492866 0.008356213 0.007840633 0.0184046 0.004567623 0.002947807 0.01969861 0.004737555 0.002941966 0.0171985 0.004068911 0.002970457 0.01616275 0.003275573 0.003008306 0.01536798 0.002241492 0.003058969 0.01486808 0.00103718 0.003118932 0.01469737 -2.55201e-4 0.00318408 0.01486748 -0.001547574 0.003249943 0.01536667 -0.002752006 0.003312051 0.01616096 -0.003786385 0.003366231 0.01719623 -0.00458014 0.00340873 0.01840204 -0.00507915 0.003436625 0.01969617 -0.0052495 0.003448069 0.02083259 0.002269089 0.003069519 0.0196501 0.002652645 0.003047585 0.01902467 0.002613306 0.003048121 0.02026563 0.002535462 0.003054857 0.01701277 -1.52374e-4 0.003183901 0.01701277 4.73489e-4 0.003152251 0.01842868 0.002419829 0.003056645 0.02131545 -0.001548111 0.003264129 0.0171687 0.001079618 0.003121793 0.02083259 -0.001947045 0.003283262 0.02168387 -0.00104171 0.003239274 0.01789957 0.002084434 0.0030725 0.02026563 -0.002213597 0.003295481 0.01747053 0.00162816 0.003094673 0.0219146 -4.59829e-4 0.003210186 0.0196501 -0.002331018 0.00330013 0.0219931 1.61108e-4 0.003178954 0.01902467 -0.002291679 0.003296732 0.0219146 7.82027e-4 0.003147304 0.01842868 -0.002098441 0.003285706 0.02168387 0.001363873 0.003117263 0.01789957 -0.001763105 0.003267467 0.02131545 0.001870155 0.003090858 0.01747053 -0.001306951 0.003243446 0.0171687 -7.58557e-4 0.003214955 -0.01322597 -0.01722878 0.003917396 -0.01360243 -0.01809161 0.003468394 0.01026386 -0.01355177 -0.002936959 0.005841553 -0.009320676 -0.007359325 0.004909098 -0.009843766 -0.0082919 0.003930211 -0.01027387 -0.009270727 0.002126574 -0.01079249 -0.01107436 2.52337e-4 -0.01099699 -0.01294869 -0.001805007 -0.01085078 -0.015006 -0.003798902 -0.0103231 -0.0169999 -0.005092442 -0.009750127 -0.0169999 -0.00630182 -0.009015858 -0.0169999 -0.00740689 -0.008132457 -0.0169999 -0.01015466 -0.01363372 -0.0169999 0.009165167 -0.01431775 -0.00403583 0.008009493 -0.0149948 -0.005191445 0.005903661 -0.01594179 -0.007297158 0.003667116 -0.01659977 -0.009533822 0.001349627 -0.01694625 -0.01185125 -0.001238942 -0.01695472 -0.01444 -0.003798902 -0.01657009 -0.0169999 -0.006046473 -0.01588827 -0.0169999 -0.008178651 -0.01490318 -0.0169999 -0.01322597 0.01722878 0.003917396 -0.01360243 0.01809161 0.003468394 -0.02012765 0.004743397 0.002854645 -0.02198708 -1.56684e-4 0.003098905 -0.02183115 -7.62867e-4 0.003129959 -0.02198708 4.69179e-4 0.003067195 -0.01762789 0.004074037 0.002893984 -0.01873427 0.002531111 0.002969801 -0.01883351 0.004573047 0.002866089 -0.01934975 0.002648293 0.00296247 -0.02183115 0.001075387 0.003036797 -0.02152919 0.001623809 0.003009617 -0.0199753 0.002608954 0.002963185 -0.02057117 0.002415478 0.002971649 -0.01579946 -0.002747595 0.003243744 -0.01659429 -0.003781676 0.003294408 -0.0176844 -0.001552343 0.003179073 -0.02110028 0.002080142 0.002987504 -0.0176301 -0.004575014 0.003332376 -0.01816713 -0.001951396 0.003198266 -0.01529961 -0.001543283 0.003183782 -0.01731598 -0.001046001 0.003154218 -0.01883608 -0.005073726 0.003355026 -0.01873427 -0.002217948 0.003210425 -0.01512897 -2.50899e-4 0.003118634 -0.01708525 -4.64138e-4 0.00312525 -0.02013009 -0.005243659 0.003360748 -0.01934975 -0.00233525 0.003215134 -0.01529896 0.001041471 0.003052771 -0.01700675 1.56798e-4 0.003093898 -0.0199753 -0.00229609 0.003211677 -0.01708525 7.77717e-4 0.003062248 -0.01579815 0.002245903 0.002990663 -0.02057117 -0.002102673 0.00320065 -0.01731598 0.001359522 0.003032267 -0.02110028 -0.001767396 0.00318253 -0.0176844 0.001865804 0.003005862 -0.0165925 0.003280282 0.002936542 -0.01816713 0.002264738 0.002984583 -0.02152919 -0.001311182 0.00315845 0.01322597 0.01722878 0.003917396 0.01360243 0.01809161 0.003468394 -0.00740689 0.008132457 -0.006794035 -0.01015466 0.01363372 -0.004046261 -0.006214857 0.009076058 -0.007986068 -0.004904091 0.00984627 -0.009296834 -0.003169476 0.01053345 -0.01103132 -0.001327455 0.01091957 -0.01287347 7.49098e-4 0.0109744 -0.01495003 0.002798914 0.01063781 -0.0169999 0.003855824 0.010302 -0.0169999 0.004873394 0.009861469 -0.0169999 0.005841553 0.009320676 -0.0169999 0.01015466 0.01363372 -0.0169999 -0.008557081 0.0146892 -0.005643784 -0.006850898 0.01555836 -0.007349967 -0.004666209 0.01634699 -0.009534716 -0.002377927 0.01683282 -0.01182293 2.12988e-4 0.01699858 -0.01441395 0.002798914 0.01676791 -0.0169999 0.004115641 0.01649427 -0.0169999 0.005406618 0.01611727 -0.0169999 0.00666368 0.01563948 -0.0169999 0.007879137 0.01506376 -0.0169999 0.009045183 0.0143938 -0.0169999 -0.03899997 0 0.018 0 0.03899997 0.018 -0.003990173 0.03879529 0.018 -0.0389449 0.00206995 0.018 -0.03878027 0.004134178 0.018 -0.03850615 0.006186664 0.018 -0.007938563 0.03818345 0.018 -0.03812342 0.008221745 0.018 -0.03763329 0.0102337 0.018 -0.0118035 0.03717082 0.018 0.02726835 -0.02788239 0.018 0.02870982 -0.02639579 0.018 -0.03703719 0.01221662 0.018 0.02574998 -0.02929043 0.018 0.03007036 -0.02483475 0.018 -0.03633648 0.0141654 0.018 -0.01554465 0.03576815 0.018 0.02415907 -0.03061598 0.018 0.0313462 -0.02320379 0.018 0.02249991 -0.03185498 0.018 0.03253352 -0.02150726 0.018 0.03362923 -0.01975011 0.018 -0.0355333 0.016074 0.018 0.01912266 -0.0339899 0.018 -0.03463011 0.01793736 0.018 0.03463011 -0.01793736 0.018 -0.01912266 0.0339899 0.018 0.0355333 -0.016074 0.018 -0.03362923 0.01975011 0.018 0.01554465 -0.03576815 0.018 0.03633648 -0.0141654 0.018 -0.03253352 0.02150726 0.018 -0.02249991 0.03185498 0.018 0.03703719 -0.01221662 0.018 -0.0313462 0.02320379 0.018 0.0118035 -0.03717082 0.018 -0.02415907 0.03061598 0.018 0.03763329 -0.0102337 0.018 -0.02574998 0.02929043 0.018 -0.03007036 0.02483475 0.018 -0.02870982 0.02639579 0.018 0.03812342 -0.008221745 0.018 -0.02726835 0.02788239 0.018 0.007938563 -0.03818345 0.018 0.03850615 -0.006186664 0.018 0.03878027 -0.004134178 0.018 0.003990173 -0.03879529 0.018 0.0389449 -0.00206995 0.018 0.03899997 0 0.018 0 -0.03899997 0.018 0.0389449 0.00206995 0.018 -0.003990173 -0.03879529 0.018 0.03878027 0.004134178 0.018 0.03850615 0.006186664 0.018 -0.007938563 -0.03818345 0.018 0.03812342 0.008221745 0.018 0.03763329 0.0102337 0.018 -0.0118035 -0.03717082 0.018 0.03703719 0.01221662 0.018 0.03633648 0.0141654 0.018 -0.01554465 -0.03576815 0.018 0.0355333 0.016074 0.018 0.03463011 0.01793736 0.018 -0.01912266 -0.0339899 0.018 0.03362923 0.01975011 0.018 0.03253352 0.02150726 0.018 -0.02249991 -0.03185498 0.018 0.0313462 0.02320379 0.018 -0.02415907 -0.03061598 0.018 0.03007036 0.02483475 0.018 -0.02574998 -0.02929043 0.018 0.02870982 0.02639579 0.018 -0.02726835 -0.02788239 0.018 0.02726835 0.02788239 0.018 -0.02870982 -0.02639579 0.018 0.02574998 0.02929043 0.018 -0.03007036 -0.02483475 0.018 0.02415907 0.03061598 0.018 -0.0313462 -0.02320379 0.018 0.02249991 0.03185498 0.018 -0.03253352 -0.02150726 0.018 -0.03362923 -0.01975011 0.018 0.01912266 0.0339899 0.018 -0.03463011 -0.01793736 0.018 -0.0355333 -0.016074 0.018 0.01554465 0.03576815 0.018 -0.03633648 -0.0141654 0.018 -0.03703719 -0.01221662 0.018 0.0118035 0.03717082 0.018 -0.03763329 -0.0102337 0.018 -0.03812342 -0.008221745 0.018 0.007938563 0.03818345 0.018 -0.03850615 -0.006186664 0.018 -0.03878027 -0.004134178 0.018 0.003990173 0.03879529 0.018 -0.0389449 -0.00206995 0.018 0.006499946 0 0.018 0.006448686 8.14666e-4 0.018 0.00629574 0.001616418 0.018 0.006043434 0.002392709 0.018 0.005695939 0.00313133 0.018 0.00525856 0.003820598 0.018 0.004738271 0.004449546 0.018 0.004143238 0.00500828 0.018 0.003482758 0.005488038 0.018 0.002767503 0.005881369 0.018 0.002008557 0.006181836 0.018 0.001217961 0.006384789 0.018 4.08138e-4 0.006487131 0.018 -4.08138e-4 0.006487131 0.018 -0.001217961 0.006384789 0.018 -0.002008557 0.006181836 0.018 -0.002767503 0.005881369 0.018 -0.003482758 0.005488038 0.018 -0.004143238 0.00500828 0.018 -0.004738271 0.004449546 0.018 -0.00525856 0.003820598 0.018 -0.005695939 0.00313133 0.018 -0.006043434 0.002392709 0.018 -0.00629574 0.001616418 0.018 -0.006448686 8.14666e-4 0.018 -0.006499946 0 0.018 -0.006448686 -8.14666e-4 0.018 -0.00629574 -0.001616418 0.018 -0.006043434 -0.002392709 0.018 -0.005695939 -0.00313133 0.018 -0.00525856 -0.003820598 0.018 -0.004738271 -0.004449546 0.018 -0.004143238 -0.00500828 0.018 -0.003482758 -0.005488038 0.018 -0.002767503 -0.005881369 0.018 -0.002008557 -0.006181836 0.018 -0.001217961 -0.006384789 0.018 -4.08138e-4 -0.006487131 0.018 4.08138e-4 -0.006487131 0.018 0.001217961 -0.006384789 0.018 0.002008557 -0.006181836 0.018 0.002767503 -0.005881369 0.018 0.003482758 -0.005488038 0.018 0.004143238 -0.00500828 0.018 0.004738271 -0.004449546 0.018 0.00525856 -0.003820598 0.018 0.005695939 -0.00313133 0.018 0.006043434 -0.002392709 0.018 0.00629574 -0.001616418 0.018 0.006448686 -8.14666e-4 0.018 0.02081519 0.002673923 0.0110594 0.02129805 0.002275109 0.01108056 0.02166628 0.001768708 0.01110702 0.02189701 -5.492e-5 0.01119995 0.02197551 5.66017e-4 0.01116859 0.02189701 0.001186907 0.011137 0.02166628 -6.36858e-4 0.01122891 0.02129805 -0.001143217 0.01125389 0.02081519 -0.00154215 0.0112729 0.02024817 -0.001808702 0.0112853 0.01963251 -0.001926004 0.01128989 0.0190072 -0.001886785 0.01128643 0.01841109 -0.001693487 0.01127535 0.01788198 -0.001358211 0.01125729 0.01745307 -9.02062e-4 0.01123315 0.01715111 -3.53648e-4 0.01120471 0.01699537 2.52535e-4 0.0111736 0.01699537 8.78398e-4 0.01114189 0.01715111 0.001484513 0.01111149 0.01745307 0.002032995 0.01108443 0.01788198 0.002489328 0.01106226 0.01841109 0.002824783 0.0110464 0.0190072 0.00301826 0.01103788 0.01963251 0.003057599 0.01103729 0.02024817 0.002940416 0.01104456 -0.0177018 0.002270758 0.0109955 -0.01818466 0.002669632 0.01097422 -0.01733338 0.001764476 0.01102209 -0.01710271 -5.9229e-5 0.01111495 -0.01702421 5.61708e-4 0.01108366 -0.01710271 0.001182556 0.01105195 -0.01733338 -6.41167e-4 0.01114398 -0.0177018 -0.001147449 0.01116871 -0.01818466 -0.001546502 0.01118797 -0.01875168 -0.001813054 0.01120018 -0.01936721 -0.001930356 0.01120483 -0.01999258 -0.001891136 0.0112015 -0.02058869 -0.001697838 0.01119035 -0.0211178 -0.001362442 0.01117229 -0.02154678 -9.06372e-4 0.01114815 -0.02184861 -3.57957e-4 0.01111978 -0.02200448 2.48226e-4 0.0110886 -0.02200448 8.74089e-4 0.0110569 -0.02184861 0.001480281 0.01102656 -0.02154678 0.002028763 0.0109995 -0.0211178 0.002484977 0.0109772 -0.02058869 0.002820432 0.01096135 -0.01999258 0.003013849 0.01095283 -0.01936721 0.003053247 0.01095229 -0.01875168 0.002936065 0.0109595 0.03899997 0 0.002999961 0.0389449 0.00206995 0.002999961 0.03878027 0.004134178 0.002999961 0.03850615 0.006186664 0.002999961 0.03812342 0.008221745 0.002999961 0.03763329 0.0102337 0.002999961 0.03703719 0.01221662 0.002999961 0.03633648 0.0141654 0.002999961 0.0355333 0.016074 0.002999961 0.03463011 0.01793736 0.002999961 0.03362923 0.01975011 0.002999961 0.03253352 0.02150726 0.002999961 0.0313462 0.02320379 0.002999961 0.03007036 0.02483475 0.002999961 0.02870982 0.02639579 0.002999961 0.02726835 0.02788239 0.002999961 0.02574998 0.02929043 0.002999961 0.02415907 0.03061598 0.002999961 0.02249991 0.03185498 0.002999961 0.02415907 -0.03061598 0.002999961 0.02249991 -0.03185498 0.002999961 0.02574998 -0.02929043 0.002999961 0.02726835 -0.02788239 0.002999961 0.02870982 -0.02639579 0.002999961 0.03007036 -0.02483475 0.002999961 0.0313462 -0.02320379 0.002999961 0.03253352 -0.02150726 0.002999961 0.03362923 -0.01975011 0.002999961 0.03463011 -0.01793736 0.002999961 0.0355333 -0.016074 0.002999961 0.03633648 -0.0141654 0.002999961 0.03703719 -0.01221662 0.002999961 0.03763329 -0.0102337 0.002999961 0.03812342 -0.008221745 0.002999961 0.03850615 -0.006186664 0.002999961 0.03878027 -0.004134178 0.002999961 0.0389449 -0.00206995 0.002999961 -0.01199996 -0.01499992 0.018 -0.01199996 0.01499992 0.018 0.01199996 0.01499992 0.018 0.01014828 0.03380966 0.018 0.009725093 0.03354096 0.018 0.009381949 0.03317552 0.018 0.009140431 0.03273618 0.018 0.009015738 0.0322507 0.018 0.009015738 0.03174918 0.018 0.009725093 0.03045892 0.018 -0.009542047 0.03063082 0.018 0.009381949 0.03082436 0.018 0.01207149 -0.03368866 0.018 0.01245778 -0.03336906 0.018 -0.009928345 0.03031122 0.018 -0.009247362 0.03103649 0.018 0.01275259 -0.03296345 0.018 0.009140431 0.0312637 0.018 0.01161789 -0.03390198 0.018 -0.01038193 0.0300979 0.018 -0.009062826 0.0315026 0.018 0.01293712 -0.03249728 0.018 -0.01087439 0.0300039 0.018 0.01112556 -0.03399592 0.018 0.01299995 -0.032 0.018 -0.008999943 0.032 0.018 -0.01137477 0.03003531 0.018 0.01062518 -0.03396457 0.018 0.01293712 -0.0315026 0.018 0.01014828 -0.03380966 0.018 -0.01185148 0.03019022 0.018 0.01275259 -0.03103649 0.018 -0.01227486 0.03045892 0.018 -0.009062826 0.03249728 0.018 -0.009247362 0.03296345 0.018 0.009725093 -0.03354096 0.018 0.01245778 -0.03063082 0.018 0.009381949 -0.03317552 0.018 0.01207149 -0.03031122 0.018 0.009140431 -0.03273618 0.018 0.009015738 -0.0322507 0.018 0.009015738 -0.03174918 0.018 -0.009542047 0.03336906 0.018 -0.009928345 0.03368866 0.018 -0.01038193 0.03390198 0.018 -0.01087439 0.03399592 0.018 -0.01137477 0.03396457 0.018 -0.01185148 0.03380966 0.018 -0.01227486 0.03354096 0.018 0.01199996 -0.01499992 0.018 0.01161789 -0.0300979 0.018 0.01112556 -0.0300039 0.018 -0.01261788 0.03317552 0.018 0.01062518 -0.03003531 0.018 -0.01285958 0.03273618 0.018 0.01014828 -0.03019022 0.018 -0.01298409 0.0322507 0.018 0.009725093 -0.03045892 0.018 -0.01298409 0.03174918 0.018 -0.01285958 0.0312637 0.018 -0.01261788 0.03082436 0.018 -0.009542047 -0.03336906 0.018 -0.009928345 -0.03368866 0.018 -0.009247362 -0.03296345 0.018 -0.01038193 -0.03390198 0.018 -0.009062826 -0.03249728 0.018 -0.01087439 -0.03399592 0.018 -0.008999943 -0.032 0.018 -0.01137477 -0.03396457 0.018 -0.009062826 -0.0315026 0.018 0.009140431 -0.0312637 0.018 -0.01185148 -0.03380966 0.018 0.009381949 -0.03082436 0.018 -0.009247362 -0.03103649 0.018 -0.01227486 -0.03354096 0.018 -0.009542047 -0.03063082 0.018 -0.01261788 -0.03317552 0.018 -0.01285958 -0.03273618 0.018 -0.01298409 -0.0322507 0.018 -0.01298409 -0.03174918 0.018 -0.01285958 -0.0312637 0.018 -0.01261788 -0.03082436 0.018 -0.01227486 -0.03045892 0.018 -0.009928345 -0.03031122 0.018 -0.01038193 -0.0300979 0.018 -0.01087439 -0.0300039 0.018 -0.01137477 -0.03003531 0.018 -0.01185148 -0.03019022 0.018 0.01207149 0.03031122 0.018 0.01245778 0.03063082 0.018 0.01275259 0.03103649 0.018 0.01161789 0.0300979 0.018 0.01293712 0.0315026 0.018 0.01112556 0.0300039 0.018 0.01299995 0.032 0.018 0.01062518 0.03003531 0.018 0.01014828 0.03019022 0.018 0.01293712 0.03249728 0.018 0.01275259 0.03296345 0.018 0.01245778 0.03336906 0.018 0.01207149 0.03368866 0.018 0.01161789 0.03390198 0.018 0.01112556 0.03399592 0.018 0.01062518 0.03396457 0.018 -0.03899997 0 0.002999961 -0.0389449 0.00206995 0.002999961 -0.02249991 0.03185498 0.002999961 -0.0389449 -0.00206995 0.002999961 -0.02415907 0.03061598 0.002999961 -0.03878027 -0.004134178 0.002999961 -0.03850615 -0.006186664 0.002999961 -0.02574998 0.02929043 0.002999961 -0.02726835 0.02788239 0.002999961 -0.03812342 -0.008221745 0.002999961 -0.02870982 0.02639579 0.002999961 -0.03763329 -0.0102337 0.002999961 -0.03703719 -0.01221662 0.002999961 -0.03007036 0.02483475 0.002999961 -0.0313462 0.02320379 0.002999961 -0.03633648 -0.0141654 0.002999961 -0.0355333 -0.016074 0.002999961 -0.03253352 0.02150726 0.002999961 -0.03463011 -0.01793736 0.002999961 -0.03362923 0.01975011 0.002999961 -0.03463011 0.01793736 0.002999961 -0.03362923 -0.01975011 0.002999961 -0.03253352 -0.02150726 0.002999961 -0.0355333 0.016074 0.002999961 -0.03633648 0.0141654 0.002999961 -0.0313462 -0.02320379 0.002999961 -0.03007036 -0.02483475 0.002999961 -0.03703719 0.01221662 0.002999961 -0.02870982 -0.02639579 0.002999961 -0.03763329 0.0102337 0.002999961 -0.02726835 -0.02788239 0.002999961 -0.03812342 0.008221745 0.002999961 -0.02574998 -0.02929043 0.002999961 -0.02415907 -0.03061598 0.002999961 -0.03850615 0.006186664 0.002999961 -0.02249991 -0.03185498 0.002999961 -0.03878027 0.004134178 0.002999961 0.01485061 0.001442015 0.01110863 0.0146799 1.49708e-4 0.0111739 0.01718103 0.004473865 0.01096016 0.01838701 0.004972577 0.01093757 0.01535046 0.002646327 0.01104879 0.01614522 0.003680408 0.01099807 0.01967865 -0.004844546 0.01143789 0.02467858 -0.004845201 0.01144886 0.01717889 -0.004175186 0.01139849 0.01838457 -0.004674196 0.01142632 0.02468115 0.005141854 0.01094263 0.0161435 -0.003381431 0.01135593 0.01534909 -0.002347171 0.01130181 0.01484996 -0.00114274 0.01123958 0.01968115 0.005142569 0.01093173 -0.0188511 0.004977941 0.01085585 -0.01764523 0.004478931 0.01088368 -0.02014511 0.005148231 0.01084429 -0.02514517 0.005148947 0.0108335 -0.02514761 -0.004838109 0.0113396 -0.01661175 -0.003376722 0.01128417 -0.0158168 -0.002342641 0.01123338 -0.0176475 -0.004170179 0.01132208 -0.0153172 -0.001138389 0.01117348 -0.0188536 -0.004668772 0.01134479 -0.01514649 1.5401e-4 0.01110839 -0.02014768 -0.004838824 0.01135057 -0.01531642 0.001446366 0.01104259 -0.01581567 0.002650797 0.0109803 -0.0166099 0.003685176 0.01092618 0.02624464 0.01111143 0.002999961 0.0254451 0.01283729 0.002999961 0.02350991 -0.01610988 0.002999961 0.02453213 -0.01450586 0.002999961 0.02453213 0.01450586 0.002999961 0.0254451 -0.01283729 0.002999961 0.02350991 0.01610988 0.002999961 0.02624464 -0.01111143 0.002999961 0.02238309 0.01764208 0.002999961 0.02115648 0.01909571 0.002999961 0.02692735 -0.009336173 0.002999961 0.01983577 0.02046436 0.002999961 0.02749013 -0.007519364 0.002999961 0.01842653 0.0217418 0.002999961 0.01693528 0.02292245 0.002999961 0.02793043 -0.005668938 0.002999961 0.0282464 -0.003793418 0.002999961 0.02843648 -0.001900911 0.002999961 0.01983577 -0.02046436 0.002999961 0.02849996 0 0.002999961 0.02843648 0.001900911 0.002999961 0.02115648 -0.01909571 0.002999961 0.0282464 0.003793418 0.002999961 0.01842653 -0.0217418 0.002999961 0.02793043 0.005668938 0.002999961 0.02238309 -0.01764208 0.002999961 0.02749013 0.007519364 0.002999961 0.01693528 -0.02292245 0.002999961 0.02692735 0.009336173 0.002999961 0.01284569 0.0163576 0.007999956 0.01202988 0.01504802 0.008011639 0.01204478 0.01507198 0.007999956 0.01201492 0.015024 0.008023262 0.01199996 0.01499992 0.008034884 0.01425319 0.01861709 0.006050467 0.01284569 0.0163576 0.00734663 0.01561802 0.02080786 0.004599869 0.01204478 -0.01507198 0.007999956 0.01202988 -0.01504802 0.008011639 0.01284569 -0.0163576 0.007999956 0.01201492 -0.015024 0.008023262 0.01199996 -0.01499992 0.008034884 0.01284569 -0.0163576 0.00734663 0.01425319 -0.01861709 0.006050467 0.01561802 -0.02080786 0.004599869 0.01199996 0.007592082 0.009799659 0.01199996 0.008844435 0.009586095 0.01199996 0.01009082 0.009340047 0.01199996 0.0113303 0.009061753 0.01199996 0.01256239 0.008751273 0.01199996 0.006334543 0.009980618 0.01199996 0.005072772 0.01012879 0.01199996 0.003807604 0.01024425 0.01199996 0.002539753 0.01032668 0.01199996 0.001270294 0.01037609 0.01199996 0 0.0103926 0.01199996 -0.01256239 0.008751273 0.01199996 -0.0113303 0.009061753 0.01199996 -0.01009082 0.009340047 0.01199996 -0.008844435 0.009586095 0.01199996 -0.007592082 0.009799659 0.01199996 -0.006334543 0.009980618 0.01199996 -0.005072772 0.01012879 0.01199996 -0.003807604 0.01024425 0.01199996 -0.002539753 0.01032668 0.01199996 -0.001270294 0.01037609 -0.01693528 0.02292245 0.002999961 -0.01561802 0.02080786 0.004599869 -0.01425319 0.01861709 0.006050467 -0.01284569 0.0163576 0.007999956 -0.01284569 0.0163576 0.00734663 -0.01202988 0.01504802 0.008011639 -0.01204478 0.01507198 0.007999956 -0.01201492 0.015024 0.008023262 -0.01199996 0.01499992 0.008034884 -0.01199996 0.008844435 0.009586095 -0.01199996 0.007592082 0.009799659 -0.01199996 0.01009082 0.009340047 -0.01199996 0.0113303 0.009061753 -0.01199996 0.01256239 0.008751273 -0.01199996 0.006334543 0.009980618 -0.01199996 0.005072772 0.01012879 -0.01199996 0.003807604 0.01024425 -0.01199996 0.002539753 0.01032668 -0.01199996 0.001270294 0.01037609 -0.01199996 0 0.0103926 -0.01199996 -0.01256239 0.008751273 -0.01199996 -0.01499992 0.008034884 -0.01199996 -0.0113303 0.009061753 -0.01199996 -0.01009082 0.009340047 -0.01199996 -0.008844435 0.009586095 -0.01199996 -0.007592082 0.009799659 -0.01199996 -0.006334543 0.009980618 -0.01199996 -0.005072772 0.01012879 -0.01199996 -0.003807604 0.01024425 -0.01199996 -0.002539753 0.01032668 -0.01199996 -0.001270294 0.01037609 -0.01284569 -0.0163576 0.007999956 -0.01202988 -0.01504802 0.008011639 -0.01204478 -0.01507198 0.007999956 -0.01201492 -0.015024 0.008023262 -0.01425319 -0.01861709 0.006050467 -0.01284569 -0.0163576 0.00734663 -0.01693528 -0.02292245 0.002999961 -0.01561802 -0.02080786 0.004599869 0.01161789 -0.03390198 0.006999969 0.01112556 -0.03399592 0.006999969 0.01293712 -0.0315026 0.006999969 0.01299995 -0.032 0.006999969 0.01207149 -0.03368866 0.006999969 0.01245778 -0.03336906 0.006999969 0.01275259 -0.03103649 0.006999969 0.01245778 -0.03063082 0.006999969 0.01275259 -0.03296345 0.006999969 0.01293712 -0.03249728 0.006999969 0.01207149 -0.03031122 0.006999969 0.01161789 -0.0300979 0.006999969 0.01112556 -0.0300039 0.006999969 0.01062518 -0.03003531 0.006999969 0.01014828 -0.03019022 0.006999969 0.009725093 -0.03045892 0.006999969 0.009381949 -0.03082436 0.006999969 0.009140431 -0.0312637 0.006999969 0.009015738 -0.03174918 0.006999969 0.009015738 -0.0322507 0.006999969 0.009140431 -0.03273618 0.006999969 0.009381949 -0.03317552 0.006999969 0.009725093 -0.03354096 0.006999969 0.01014828 -0.03380966 0.006999969 0.01062518 -0.03396457 0.006999969 0.01161789 0.0300979 0.006999969 0.01112556 0.0300039 0.006999969 0.01293712 0.03249728 0.006999969 0.01299995 0.032 0.006999969 0.01207149 0.03031122 0.006999969 0.01245778 0.03063082 0.006999969 0.01275259 0.03296345 0.006999969 0.01245778 0.03336906 0.006999969 0.01275259 0.03103649 0.006999969 0.01293712 0.0315026 0.006999969 0.01207149 0.03368866 0.006999969 0.01161789 0.03390198 0.006999969 0.01112556 0.03399592 0.006999969 0.01062518 0.03396457 0.006999969 0.01014828 0.03380966 0.006999969 0.009725093 0.03354096 0.006999969 0.009381949 0.03317552 0.006999969 0.009140431 0.03273618 0.006999969 0.009015738 0.0322507 0.006999969 0.009015738 0.03174918 0.006999969 0.009140431 0.0312637 0.006999969 0.009381949 0.03082436 0.006999969 0.009725093 0.03045892 0.006999969 0.01014828 0.03019022 0.006999969 0.01062518 0.03003531 0.006999969 -0.01038193 -0.03390198 0.006999969 -0.01087439 -0.03399592 0.006999969 -0.009062826 -0.0315026 0.006999969 -0.008999943 -0.032 0.006999969 -0.009928345 -0.03368866 0.006999969 -0.009542047 -0.03336906 0.006999969 -0.009247362 -0.03103649 0.006999969 -0.009542047 -0.03063082 0.006999969 -0.009247362 -0.03296345 0.006999969 -0.009062826 -0.03249728 0.006999969 -0.009928345 -0.03031122 0.006999969 -0.01038193 -0.0300979 0.006999969 -0.01087439 -0.0300039 0.006999969 -0.01137477 -0.03003531 0.006999969 -0.01185148 -0.03019022 0.006999969 -0.01227486 -0.03045892 0.006999969 -0.01261788 -0.03082436 0.006999969 -0.01285958 -0.0312637 0.006999969 -0.01298409 -0.03174918 0.006999969 -0.01298409 -0.0322507 0.006999969 -0.01285958 -0.03273618 0.006999969 -0.01261788 -0.03317552 0.006999969 -0.01227486 -0.03354096 0.006999969 -0.01185148 -0.03380966 0.006999969 -0.01137477 -0.03396457 0.006999969 -0.01038193 0.0300979 0.006999969 -0.01087439 0.0300039 0.006999969 -0.009062826 0.03249728 0.006999969 -0.008999943 0.032 0.006999969 -0.009928345 0.03031122 0.006999969 -0.009542047 0.03063082 0.006999969 -0.009247362 0.03296345 0.006999969 -0.009542047 0.03336906 0.006999969 -0.009247362 0.03103649 0.006999969 -0.009062826 0.0315026 0.006999969 -0.009928345 0.03368866 0.006999969 -0.01038193 0.03390198 0.006999969 -0.01087439 0.03399592 0.006999969 -0.01137477 0.03396457 0.006999969 -0.01185148 0.03380966 0.006999969 -0.01227486 0.03354096 0.006999969 -0.01261788 0.03317552 0.006999969 -0.01285958 0.03273618 0.006999969 -0.01298409 0.0322507 0.006999969 -0.01298409 0.03174918 0.006999969 -0.01285958 0.0312637 0.006999969 -0.01261788 0.03082436 0.006999969 -0.01227486 0.03045892 0.006999969 -0.01185148 0.03019022 0.006999969 -0.01137477 0.03003531 0.006999969 -0.02583259 0.01203852 0.002999961 -0.02503293 0.01362341 0.002999961 -0.02413618 0.01515555 0.002999961 -0.02844458 -0.001774311 0.002999961 -0.02849996 0 0.002999961 -0.01832962 -0.0218237 0.002999961 -0.02314579 0.01662898 0.002999961 -0.0196529 -0.02064007 0.002999961 -0.02089977 -0.01937639 0.002999961 -0.02206552 0.01803761 0.002999961 -0.02206552 -0.01803761 0.002999961 -0.01832962 0.0218237 0.002999961 -0.02089977 0.01937639 0.002999961 -0.02314579 -0.01662898 0.002999961 -0.0196529 0.02064007 0.002999961 -0.02413618 -0.01515555 0.002999961 -0.02503293 -0.01362341 0.002999961 -0.02583259 -0.01203852 0.002999961 -0.02844458 0.001774311 0.002999961 -0.02653199 -0.01040685 0.002999961 -0.02827888 0.003541827 0.002999961 -0.02800369 0.005295634 0.002999961 -0.02712839 -0.008734822 0.002999961 -0.0276196 0.007028818 0.002999961 -0.02712839 0.008734822 0.002999961 -0.0276196 -0.007028818 0.002999961 -0.02653199 0.01040685 0.002999961 -0.02800369 -0.005295634 0.002999961 -0.02827888 -0.003541827 0.002999961 0.02469259 -0.005168676 0.005066633 0.02469247 -0.003450274 0.005236387 0.02469247 -0.001726388 0.005338311 0.02469265 0 0.005372107 0.02469295 0.001618146 0.005342066 0.02469331 0.003234267 0.005252361 0.02469396 0.004845798 0.005102992 0.02305567 -0.005123019 0.005959928 0.02138638 -0.005080461 0.006791353 0.01968717 -0.005041122 0.007559657 0.02305632 0.004890978 0.005985677 0.0213871 0.004933059 0.006807327 0.0196886 0.00497204 0.007566571 0.01841777 0.004835486 0.008103668 0.01731777 0.004425764 0.008563816 0.01642113 0.003828108 0.008936107 0.01567238 0.003039062 0.009245514 0.01512163 0.002111732 0.009472608 0.01479077 0.001101851 0.009609401 0.01470649 5.52587e-4 0.009644687 0.01468378 0 0.00965476 0.01482117 -0.001097798 0.009600162 0.01519984 -0.002153873 0.009446024 0.01581019 -0.003116369 0.009195089 0.01662236 -0.0039258 0.008858025 0.01758033 -0.004529893 0.008456408 0.01861619 -0.004901587 0.008017778 -0.0188772 -0.004850745 0.007917821 -0.02013891 -0.005040884 0.007363975 -0.0176528 -0.004322469 0.008448779 -0.01671749 -0.003607869 0.008849799 -0.01594007 -0.002655982 0.009179711 -0.01543509 -0.001619458 0.009391844 -0.01518219 -5.54025e-4 0.009496748 -0.01516103 4.99888e-4 0.00950402 -0.01534813 0.00148952 0.00942403 -0.01568573 0.002331793 0.00928092 -0.01611083 0.003014802 0.009100914 -0.01659077 0.003567576 0.008897423 -0.01710546 0.004009902 0.008678615 -0.01782667 0.004454374 0.008370697 -0.01866829 0.004782736 0.008009314 -0.0193994 0.004933476 0.007693231 -0.02013748 0.004972279 0.007372081 -0.02183532 -0.005080342 0.006576657 -0.02350091 -0.005123019 0.005726099 -0.02513337 -0.005168735 0.00481379 -0.0218333 0.004933238 0.006594002 -0.02349877 0.004891157 0.005753517 -0.02513206 0.004845798 0.004851937 -0.02513265 0.003180146 0.005005538 -0.02513307 0.001509845 0.005095243 -0.02513337 -1.62566e-4 0.005120933 -0.02513349 -0.00183475 0.005082488 -0.02513355 -0.003504335 0.004980087 0.01222217 0.01492869 0.007999956 0.01222789 0.0144279 0.008156359 0.0124309 0.01540726 0.007788062 0.02333509 0.01011008 0.004948258 0.0219978 0.01276069 0.004948258 0.02036058 0.01523751 0.004948258 0.01854479 0.01225787 0.006669998 0.0169897 0.01433569 0.006669998 0.01520323 0.01621806 0.006669998 0.01403939 0.01267182 0.008156359 0.02435439 0.007321476 0.004948258 0.01984697 0.01001298 0.006669998 0.01560109 0.01069045 0.008156359 0.02504169 0.004433155 0.004948258 0.02087879 0.007631599 0.006669998 0.01210415 0.0150246 0.007999956 0.0125854 0.009041845 0.009399354 0.02725458 0 0.003828287 0.02538776 0.001484394 0.004948258 0.02598506 0 0.0046193 0.01786899 0.006195425 0.008156359 0.01216328 0.01497673 0.007999956 0.01383548 0.006980121 0.009399354 0.0137937 0 0.009917259 0.01475083 0.004749417 0.009399354 0.0128991 0 0.01016318 0.01688528 0.008518755 0.008156359 0.01780557 0.01032882 0.00744313 0.01627999 0.01953727 0.004948258 0.01888805 0.0081833 0.00744313 0.0148189 0.008762478 0.008808672 0.01585346 0.006712019 0.008808672 0.01844602 0.01750671 0.004948258 0.0126388 0.01588356 0.007570207 0.0219978 -0.01276069 0.004948258 0.02333509 -0.01011008 0.004948258 0.01984697 -0.01001298 0.006669998 0.02087879 -0.007631599 0.006669998 0.01786899 -0.006195425 0.008156359 0.01844602 -0.01750671 0.004948258 0.02036058 -0.01523751 0.004948258 0.01854479 -0.01225787 0.006669998 0.01475083 -0.004749417 0.009399354 0.01627999 -0.01953727 0.004948258 0.0169897 -0.01433569 0.006669998 0.01560109 -0.01069045 0.008156359 0.0124309 -0.01540726 0.007788062 0.0126388 -0.01588356 0.007570207 0.01520323 -0.01621806 0.006669998 0.01210415 -0.0150246 0.007999956 0.01383548 -0.006980121 0.009399354 0.01216328 -0.01497673 0.007999956 0.01403939 -0.01267182 0.008156359 0.01222217 -0.01492869 0.007999956 0.0125854 -0.009041845 0.009399354 0.01222789 -0.0144279 0.008156359 0.01888805 -0.0081833 0.00744313 0.01688528 -0.008518755 0.008156359 0.02538776 -0.001484394 0.004948258 0.01780557 -0.01032882 0.00744313 0.02504169 -0.004433155 0.004948258 0.01585346 -0.006712019 0.008808672 0.02435439 -0.007321476 0.004948258 0.0148189 -0.008762478 0.008808672 -0.01423299 0.01245415 0.008156359 -0.0123018 0.01436483 0.008156359 -0.01222217 0.01492869 0.007999956 -0.0124309 0.01540726 0.007788062 -0.01532906 0.01609915 0.006669998 -0.018826 -0.01182121 0.006669998 -0.01721096 -0.01406919 0.006669998 -0.01663058 -0.01213032 0.00744313 -0.01423299 -0.01245415 0.008156359 -0.01587045 -0.01028645 0.008156359 -0.01810389 -0.00979644 0.00744313 -0.0171805 -0.007906496 0.008156359 -0.02014929 -0.009389996 0.006669998 -0.01391047 -0.01029509 0.00877583 -0.01283621 -0.008681893 0.009399354 -0.01918107 -0.007470548 0.00744313 -0.01813608 -0.005363345 0.008156359 -0.02115988 -0.006813049 0.006669998 -0.01411938 -0.00638628 0.009399354 -0.015109 -0.008252501 0.008808672 -0.01499605 -0.003906846 0.009399354 -0.01613539 -0.006002604 0.008808672 -0.01813608 0.005363345 0.008156359 -0.01918107 0.007470548 0.00744313 -0.02115988 0.006813049 0.006669998 -0.02014929 0.009389996 0.006669998 -0.0171805 0.007906496 0.008156359 -0.018826 0.01182121 0.006669998 -0.01810389 0.00979644 0.00744313 -0.01587045 0.01028645 0.008156359 -0.01613539 0.006002604 0.008808672 -0.01499605 0.003906846 0.009399354 -0.01411938 0.00638628 0.009399354 -0.01565778 0.005319774 0.009050309 -0.01721096 0.01406919 0.006669998 -0.01663058 0.01213032 0.00744313 -0.015109 0.008252501 0.008808672 -0.01283621 0.008681893 0.009399354 -0.01391047 0.01029509 0.00877583 -0.01210415 -0.0150246 0.007999956 -0.01216328 -0.01497673 0.007999956 -0.01222217 -0.01492869 0.007999956 -0.01210415 0.0150246 0.007999956 -0.01216328 0.01497673 0.007999956 -0.01627999 -0.01953727 0.004948258 -0.01844602 -0.01750671 0.004948258 -0.02036058 -0.01523751 0.004948258 -0.01532906 -0.01609915 0.006669998 -0.0126388 -0.01588356 0.007570207 -0.0124309 -0.01540726 0.007788062 -0.0219978 -0.01276069 0.004948258 -0.0123018 -0.01436483 0.008156359 -0.02333509 -0.01011008 0.004948258 -0.02435439 -0.007321476 0.004948258 -0.02538776 -0.001484394 0.004948258 -0.02538776 0.001484394 0.004948258 -0.02435439 0.007321476 0.004948258 -0.02333509 0.01011008 0.004948258 -0.0219978 0.01276069 0.004948258 -0.02036058 0.01523751 0.004948258 -0.01844602 0.01750671 0.004948258 -0.01627999 0.01953727 0.004948258 -0.0126388 0.01588356 0.007570207 0.01249992 0 0.02199995 0.01249992 0 0.018 0.01244968 0.001120448 0.018 0.01244968 0.001120448 0.02199995 0.01229906 0.002231895 0.018 0.01229906 0.002231895 0.02199995 0.01204943 0.003325343 0.018 0.01204943 0.003325343 0.02199995 0.01170283 0.004392147 0.018 0.01170283 0.004392147 0.02199995 0.01126199 0.005423486 0.02199995 0.01126199 0.005423486 0.018 0.01073056 0.006411135 0.018 0.01073056 0.006411135 0.02199995 0.0101127 0.007347226 0.02199995 0.0101127 0.007347226 0.018 0.009413361 0.008224189 0.02199995 0.009413361 0.008224189 0.018 0.008638262 0.009034931 0.018 0.008638262 0.009034931 0.02199995 0.007793605 0.009772837 0.02199995 0.007793605 0.009772837 0.018 0.006886184 0.01043218 0.02199995 0.006886184 0.01043218 0.018 0.005923271 0.0110073 0.02199995 0.005923271 0.0110073 0.018 0.004912734 0.0114941 0.02199995 0.004912734 0.0114941 0.018 0.003862679 0.01188808 0.02199995 0.003862679 0.01188808 0.018 0.00278151 0.01218652 0.018 0.00278151 0.01218652 0.02199995 0.001677811 0.01238679 0.018 0.001677811 0.01238679 0.02199995 5.6081e-4 0.01248735 0.018 5.6081e-4 0.01248735 0.02199995 -5.6081e-4 0.01248735 0.018 -5.6081e-4 0.01248735 0.02199995 -0.001677811 0.01238679 0.018 -0.001677811 0.01238679 0.02199995 -0.00278151 0.01218652 0.018 -0.00278151 0.01218652 0.02199995 -0.003862679 0.01188808 0.018 -0.003862679 0.01188808 0.02199995 -0.004912734 0.0114941 0.018 -0.004912734 0.0114941 0.02199995 -0.005923271 0.0110073 0.018 -0.005923271 0.0110073 0.02199995 -0.006886184 0.01043218 0.02199995 -0.006886184 0.01043218 0.018 -0.007793605 0.009772837 0.018 -0.007793605 0.009772837 0.02199995 -0.008638262 0.009034931 0.02199995 -0.008638262 0.009034931 0.018 -0.009413361 0.008224189 0.018 -0.009413361 0.008224189 0.02199995 -0.0101127 0.007347226 0.02199995 -0.0101127 0.007347226 0.018 -0.01073056 0.006411135 0.02199995 -0.01073056 0.006411135 0.018 -0.01126199 0.005423486 0.02199995 -0.01126199 0.005423486 0.018 -0.01170283 0.004392147 0.02199995 -0.01170283 0.004392147 0.018 -0.01204943 0.003325343 0.02199995 -0.01204943 0.003325343 0.018 -0.01229906 0.002231895 0.02199995 -0.01229906 0.002231895 0.018 -0.01244968 0.001120448 0.02199995 -0.01244968 0.001120448 0.018 -0.01249992 0 0.02199995 -0.01249992 0 0.018 -0.01244968 -0.001120448 0.02199995 -0.01244968 -0.001120448 0.018 -0.01229906 -0.002231895 0.02199995 -0.01229906 -0.002231895 0.018 -0.01204943 -0.003325343 0.02199995 -0.01204943 -0.003325343 0.018 -0.01170283 -0.004392147 0.02199995 -0.01170283 -0.004392147 0.018 -0.01126199 -0.005423486 0.018 -0.01126199 -0.005423486 0.02199995 -0.01073056 -0.006411135 0.02199995 -0.01073056 -0.006411135 0.018 -0.0101127 -0.007347226 0.018 -0.0101127 -0.007347226 0.02199995 -0.009413361 -0.008224189 0.02199995 -0.009413361 -0.008224189 0.018 -0.008638262 -0.009034931 0.02199995 -0.008638262 -0.009034931 0.018 -0.007793605 -0.009772837 0.02199995 -0.007793605 -0.009772837 0.018 -0.006886184 -0.01043218 0.02199995 -0.006886184 -0.01043218 0.018 -0.005923271 -0.0110073 0.02199995 -0.005923271 -0.0110073 0.018 -0.004912734 -0.0114941 0.02199995 -0.004912734 -0.0114941 0.018 -0.003862679 -0.01188808 0.02199995 -0.003862679 -0.01188808 0.018 -0.00278151 -0.01218652 0.02199995 -0.00278151 -0.01218652 0.018 -0.001677811 -0.01238679 0.02199995 -0.001677811 -0.01238679 0.018 -5.6081e-4 -0.01248735 0.02199995 -5.6081e-4 -0.01248735 0.018 5.6081e-4 -0.01248735 0.02199995 5.6081e-4 -0.01248735 0.018 0.001677811 -0.01238679 0.02199995 0.001677811 -0.01238679 0.018 0.00278151 -0.01218652 0.02199995 0.00278151 -0.01218652 0.018 0.003862679 -0.01188808 0.02199995 0.003862679 -0.01188808 0.018 0.004912734 -0.0114941 0.02199995 0.004912734 -0.0114941 0.018 0.005923271 -0.0110073 0.02199995 0.005923271 -0.0110073 0.018 0.006886184 -0.01043218 0.02199995 0.006886184 -0.01043218 0.018 0.007793605 -0.009772837 0.02199995 0.007793605 -0.009772837 0.018 0.008638262 -0.009034931 0.02199995 0.008638262 -0.009034931 0.018 0.009413361 -0.008224189 0.02199995 0.009413361 -0.008224189 0.018 0.0101127 -0.007347226 0.02199995 0.0101127 -0.007347226 0.018 0.01073056 -0.006411135 0.02199995 0.01073056 -0.006411135 0.018 0.01126199 -0.005423486 0.02199995 0.01126199 -0.005423486 0.018 0.01170283 -0.004392147 0.018 0.01170283 -0.004392147 0.02199995 0.01204943 -0.003325343 0.018 0.01204943 -0.003325343 0.02199995 0.01229906 -0.002231895 0.018 0.01229906 -0.002231895 0.02199995 0.01244968 -0.001120448 0.018 0.01244968 -0.001120448 0.02199995 0.006499946 0 0.018 0.006499946 0 0.02199995 0.006448686 8.14666e-4 0.02199995 0.006448686 8.14666e-4 0.018 0.00629574 0.001616418 0.018 0.00629574 0.001616418 0.02199995 0.006043434 0.002392709 0.018 0.006043434 0.002392709 0.02199995 0.005695939 0.00313133 0.018 0.005695939 0.00313133 0.02199995 0.00525856 0.003820598 0.018 0.00525856 0.003820598 0.02199995 0.004738271 0.004449546 0.02199995 0.004738271 0.004449546 0.018 0.004143238 0.00500828 0.02199995 0.004143238 0.00500828 0.018 0.003482758 0.005488038 0.018 0.003482758 0.005488038 0.02199995 0.002767503 0.005881369 0.018 0.002767503 0.005881369 0.02199995 0.002008557 0.006181836 0.018 0.002008557 0.006181836 0.02199995 0.001217961 0.006384789 0.018 0.001217961 0.006384789 0.02199995 4.08138e-4 0.006487131 0.018 4.08138e-4 0.006487131 0.02199995 -4.08138e-4 0.006487131 0.018 -4.08138e-4 0.006487131 0.02199995 -0.001217961 0.006384789 0.02199995 -0.001217961 0.006384789 0.018 -0.002008557 0.006181836 0.018 -0.002008557 0.006181836 0.02199995 -0.002767503 0.005881369 0.018 -0.002767503 0.005881369 0.02199995 -0.003482758 0.005488038 0.018 -0.003482758 0.005488038 0.02199995 -0.004143238 0.00500828 0.018 -0.004143238 0.00500828 0.02199995 -0.004738271 0.004449546 0.018 -0.004738271 0.004449546 0.02199995 -0.00525856 0.003820598 0.02199995 -0.00525856 0.003820598 0.018 -0.005695939 0.00313133 0.018 -0.005695939 0.00313133 0.02199995 -0.006043434 0.002392709 0.018 -0.006043434 0.002392709 0.02199995 -0.00629574 0.001616418 0.018 -0.00629574 0.001616418 0.02199995 -0.006448686 8.14666e-4 0.018 -0.006448686 8.14666e-4 0.02199995 -0.006499946 0 0.018 -0.006499946 0 0.02199995 -0.006448686 -8.14666e-4 0.018 -0.006448686 -8.14666e-4 0.02199995 -0.00629574 -0.001616418 0.018 -0.00629574 -0.001616418 0.02199995 -0.006043434 -0.002392709 0.018 -0.006043434 -0.002392709 0.02199995 -0.005695939 -0.00313133 0.018 -0.005695939 -0.00313133 0.02199995 -0.00525856 -0.003820598 0.018 -0.00525856 -0.003820598 0.02199995 -0.004738271 -0.004449546 0.018 -0.004738271 -0.004449546 0.02199995 -0.004143238 -0.00500828 0.018 -0.004143238 -0.00500828 0.02199995 -0.003482758 -0.005488038 0.018 -0.003482758 -0.005488038 0.02199995 -0.002767503 -0.005881369 0.018 -0.002767503 -0.005881369 0.02199995 -0.002008557 -0.006181836 0.018 -0.002008557 -0.006181836 0.02199995 -0.001217961 -0.006384789 0.02199995 -0.001217961 -0.006384789 0.018 -4.08138e-4 -0.006487131 0.018 -4.08138e-4 -0.006487131 0.02199995 4.08138e-4 -0.006487131 0.018 4.08138e-4 -0.006487131 0.02199995 0.001217961 -0.006384789 0.018 0.001217961 -0.006384789 0.02199995 0.002008557 -0.006181836 0.018 0.002008557 -0.006181836 0.02199995 0.002767503 -0.005881369 0.018 0.002767503 -0.005881369 0.02199995 0.003482758 -0.005488038 0.018 0.003482758 -0.005488038 0.02199995 0.004143238 -0.00500828 0.018 0.004143238 -0.00500828 0.02199995 0.004738271 -0.004449546 0.018 0.004738271 -0.004449546 0.02199995 0.00525856 -0.003820598 0.02199995 0.00525856 -0.003820598 0.018 0.005695939 -0.00313133 0.02199995 0.005695939 -0.00313133 0.018 0.006043434 -0.002392709 0.02199995 0.006043434 -0.002392709 0.018 0.00629574 -0.001616418 0.018 0.00629574 -0.001616418 0.02199995 0.006448686 -8.14666e-4 0.02199995 0.006448686 -8.14666e-4 0.018 0.01249992 0 0.02199995 0.01249992 0 0.018 0.01244968 0.001120448 0.018 0.01244968 0.001120448 0.02199995 0.01229906 0.002231895 0.018 0.01229906 0.002231895 0.02199995 0.01204943 0.003325343 0.018 0.01204943 0.003325343 0.02199995 0.01170283 0.004392147 0.018 0.01170283 0.004392147 0.02199995 0.01126199 0.005423486 0.02199995 0.01126199 0.005423486 0.018 0.01073056 0.006411135 0.018 0.01073056 0.006411135 0.02199995 0.0101127 0.007347226 0.02199995 0.0101127 0.007347226 0.018 0.009413361 0.008224189 0.02199995 0.009413361 0.008224189 0.018 0.008638262 0.009034931 0.018 0.008638262 0.009034931 0.02199995 0.007793605 0.009772837 0.02199995 0.007793605 0.009772837 0.018 0.006886184 0.01043218 0.02199995 0.006886184 0.01043218 0.018 0.005923271 0.0110073 0.02199995 0.005923271 0.0110073 0.018 0.004912734 0.0114941 0.02199995 0.004912734 0.0114941 0.018 0.003862679 0.01188808 0.02199995 0.003862679 0.01188808 0.018 0.00278151 0.01218652 0.018 0.00278151 0.01218652 0.02199995 0.001677811 0.01238679 0.018 0.001677811 0.01238679 0.02199995 5.6081e-4 0.01248735 0.018 5.6081e-4 0.01248735 0.02199995 -5.6081e-4 0.01248735 0.018 -5.6081e-4 0.01248735 0.02199995 -0.001677811 0.01238679 0.018 -0.001677811 0.01238679 0.02199995 -0.00278151 0.01218652 0.018 -0.00278151 0.01218652 0.02199995 -0.003862679 0.01188808 0.018 -0.003862679 0.01188808 0.02199995 -0.004912734 0.0114941 0.018 -0.004912734 0.0114941 0.02199995 -0.005923271 0.0110073 0.018 -0.005923271 0.0110073 0.02199995 -0.006886184 0.01043218 0.02199995 -0.006886184 0.01043218 0.018 -0.007793605 0.009772837 0.018 -0.007793605 0.009772837 0.02199995 -0.008638262 0.009034931 0.02199995 -0.008638262 0.009034931 0.018 -0.009413361 0.008224189 0.018 -0.009413361 0.008224189 0.02199995 -0.0101127 0.007347226 0.02199995 -0.0101127 0.007347226 0.018 -0.01073056 0.006411135 0.02199995 -0.01073056 0.006411135 0.018 -0.01126199 0.005423486 0.02199995 -0.01126199 0.005423486 0.018 -0.01170283 0.004392147 0.02199995 -0.01170283 0.004392147 0.018 -0.01204943 0.003325343 0.02199995 -0.01204943 0.003325343 0.018 -0.01229906 0.002231895 0.02199995 -0.01229906 0.002231895 0.018 -0.01244968 0.001120448 0.02199995 -0.01244968 0.001120448 0.018 -0.01249992 0 0.02199995 -0.01249992 0 0.018 -0.01244968 -0.001120448 0.02199995 -0.01244968 -0.001120448 0.018 -0.01229906 -0.002231895 0.02199995 -0.01229906 -0.002231895 0.018 -0.01204943 -0.003325343 0.02199995 -0.01204943 -0.003325343 0.018 -0.01170283 -0.004392147 0.02199995 -0.01170283 -0.004392147 0.018 -0.01126199 -0.005423486 0.018 -0.01126199 -0.005423486 0.02199995 -0.01073056 -0.006411135 0.02199995 -0.01073056 -0.006411135 0.018 -0.0101127 -0.007347226 0.018 -0.0101127 -0.007347226 0.02199995 -0.009413361 -0.008224189 0.02199995 -0.009413361 -0.008224189 0.018 -0.008638262 -0.009034931 0.02199995 -0.008638262 -0.009034931 0.018 -0.007793605 -0.009772837 0.02199995 -0.007793605 -0.009772837 0.018 -0.006886184 -0.01043218 0.02199995 -0.006886184 -0.01043218 0.018 -0.005923271 -0.0110073 0.02199995 -0.005923271 -0.0110073 0.018 -0.004912734 -0.0114941 0.02199995 -0.004912734 -0.0114941 0.018 -0.003862679 -0.01188808 0.02199995 -0.003862679 -0.01188808 0.018 -0.00278151 -0.01218652 0.02199995 -0.00278151 -0.01218652 0.018 -0.001677811 -0.01238679 0.02199995 -0.001677811 -0.01238679 0.018 -5.6081e-4 -0.01248735 0.02199995 -5.6081e-4 -0.01248735 0.018 5.6081e-4 -0.01248735 0.02199995 5.6081e-4 -0.01248735 0.018 0.001677811 -0.01238679 0.02199995 0.001677811 -0.01238679 0.018 0.00278151 -0.01218652 0.02199995 0.00278151 -0.01218652 0.018 0.003862679 -0.01188808 0.02199995 0.003862679 -0.01188808 0.018 0.004912734 -0.0114941 0.02199995 0.004912734 -0.0114941 0.018 0.005923271 -0.0110073 0.02199995 0.005923271 -0.0110073 0.018 0.006886184 -0.01043218 0.02199995 0.006886184 -0.01043218 0.018 0.007793605 -0.009772837 0.02199995 0.007793605 -0.009772837 0.018 0.008638262 -0.009034931 0.02199995 0.008638262 -0.009034931 0.018 0.009413361 -0.008224189 0.02199995 0.009413361 -0.008224189 0.018 0.0101127 -0.007347226 0.02199995 0.0101127 -0.007347226 0.018 0.01073056 -0.006411135 0.02199995 0.01073056 -0.006411135 0.018 0.01126199 -0.005423486 0.02199995 0.01126199 -0.005423486 0.018 0.01170283 -0.004392147 0.018 0.01170283 -0.004392147 0.02199995 0.01204943 -0.003325343 0.018 0.01204943 -0.003325343 0.02199995 0.01229906 -0.002231895 0.018 0.01229906 -0.002231895 0.02199995 0.01244968 -0.001120448 0.018 0.01244968 -0.001120448 0.02199995 0.006499946 0 0.018 0.006499946 0 0.02199995 0.006448686 8.14666e-4 0.02199995 0.006448686 8.14666e-4 0.018 0.00629574 0.001616418 0.018 0.00629574 0.001616418 0.02199995 0.006043434 0.002392709 0.018 0.006043434 0.002392709 0.02199995 0.005695939 0.00313133 0.018 0.005695939 0.00313133 0.02199995 0.00525856 0.003820598 0.018 0.00525856 0.003820598 0.02199995 0.004738271 0.004449546 0.02199995 0.004738271 0.004449546 0.018 0.004143238 0.00500828 0.02199995 0.004143238 0.00500828 0.018 0.003482758 0.005488038 0.018 0.003482758 0.005488038 0.02199995 0.002767503 0.005881369 0.018 0.002767503 0.005881369 0.02199995 0.002008557 0.006181836 0.018 0.002008557 0.006181836 0.02199995 0.001217961 0.006384789 0.018 0.001217961 0.006384789 0.02199995 4.08138e-4 0.006487131 0.018 4.08138e-4 0.006487131 0.02199995 -4.08138e-4 0.006487131 0.018 -4.08138e-4 0.006487131 0.02199995 -0.001217961 0.006384789 0.02199995 -0.001217961 0.006384789 0.018 -0.002008557 0.006181836 0.018 -0.002008557 0.006181836 0.02199995 -0.002767503 0.005881369 0.018 -0.002767503 0.005881369 0.02199995 -0.003482758 0.005488038 0.018 -0.003482758 0.005488038 0.02199995 -0.004143238 0.00500828 0.018 -0.004143238 0.00500828 0.02199995 -0.004738271 0.004449546 0.018 -0.004738271 0.004449546 0.02199995 -0.00525856 0.003820598 0.02199995 -0.00525856 0.003820598 0.018 -0.005695939 0.00313133 0.018 -0.005695939 0.00313133 0.02199995 -0.006043434 0.002392709 0.018 -0.006043434 0.002392709 0.02199995 -0.00629574 0.001616418 0.018 -0.00629574 0.001616418 0.02199995 -0.006448686 8.14666e-4 0.018 -0.006448686 8.14666e-4 0.02199995 -0.006499946 0 0.018 -0.006499946 0 0.02199995 -0.006448686 -8.14666e-4 0.018 -0.006448686 -8.14666e-4 0.02199995 -0.00629574 -0.001616418 0.018 -0.00629574 -0.001616418 0.02199995 -0.006043434 -0.002392709 0.018 -0.006043434 -0.002392709 0.02199995 -0.005695939 -0.00313133 0.018 -0.005695939 -0.00313133 0.02199995 -0.00525856 -0.003820598 0.018 -0.00525856 -0.003820598 0.02199995 -0.004738271 -0.004449546 0.018 -0.004738271 -0.004449546 0.02199995 -0.004143238 -0.00500828 0.018 -0.004143238 -0.00500828 0.02199995 -0.003482758 -0.005488038 0.018 -0.003482758 -0.005488038 0.02199995 -0.002767503 -0.005881369 0.018 -0.002767503 -0.005881369 0.02199995 -0.002008557 -0.006181836 0.018 -0.002008557 -0.006181836 0.02199995 -0.001217961 -0.006384789 0.02199995 -0.001217961 -0.006384789 0.018 -4.08138e-4 -0.006487131 0.018 -4.08138e-4 -0.006487131 0.02199995 4.08138e-4 -0.006487131 0.018 4.08138e-4 -0.006487131 0.02199995 0.001217961 -0.006384789 0.018 0.001217961 -0.006384789 0.02199995 0.002008557 -0.006181836 0.018 0.002008557 -0.006181836 0.02199995 0.002767503 -0.005881369 0.018 0.002767503 -0.005881369 0.02199995 0.003482758 -0.005488038 0.018 0.003482758 -0.005488038 0.02199995 0.004143238 -0.00500828 0.018 0.004143238 -0.00500828 0.02199995 0.004738271 -0.004449546 0.018 0.004738271 -0.004449546 0.02199995 0.00525856 -0.003820598 0.02199995 0.00525856 -0.003820598 0.018 0.005695939 -0.00313133 0.02199995 0.005695939 -0.00313133 0.018 0.006043434 -0.002392709 0.02199995 0.006043434 -0.002392709 0.018 0.00629574 -0.001616418 0.018 0.00629574 -0.001616418 0.02199995 0.006448686 -8.14666e-4 0.02199995 0.006448686 -8.14666e-4 0.018</float_array>
          <technique_common>
            <accessor source="#shape0_021-mesh-positions-array" count="9913" stride="3">
              <param name="X" type="float"/>
              <param name="Y" type="float"/>
              <param name="Z" type="float"/>
            </accessor>
          </technique_common>
        </source>
        <source id="shape0_021-mesh-normals">
          <float_array id="shape0_021-mesh-normals-array" count="14205">-0.4935209 -0.8697341 0 -0.4539687 -0.8910177 0 0.9997479 0.02245283 0 -0.4539678 -0.8910182 0 -0.4136055 -0.9104563 0 0.9977353 0.06726384 0 -0.3722468 -0.9281338 0 0.9997482 0.02244418 0 -0.4136059 -0.910456 0 -0.3302945 -0.9438779 0 0.9977356 0.06725949 0 0.9937156 0.1119353 0 0.9937145 0.1119439 0 -0.2875958 -0.9577519 0 0.9876883 0.156435 0 -0.2443346 -0.969691 0 0.987689 0.1564308 0 0.9796693 0.2006195 0 0.9796702 0.2006154 0 -0.2006164 -0.9796699 0 -0.1564332 -0.9876886 0 0.9696904 0.2443371 0 0.9696914 0.244333 0 0.9577522 0.2875949 0 -0.1564331 -0.9876886 0 -0.11194 -0.993715 0 -0.06726127 -0.9977355 0 0.9438781 0.3302941 0 -0.11194 -0.993715 0 -0.06726127 -0.9977355 0 0.9281319 0.3722513 0 0.928135 0.3722439 0 -0.02244848 -0.9997481 0 0.02244848 -0.9997481 0 0.9104555 0.413607 0 0.9104572 0.4136034 0 0.06726127 -0.9977355 0 0.8910163 0.4539715 0 0.8910198 0.4539646 0 0.06726127 -0.9977355 0 0.8697326 0.4935235 0 0.8697344 0.4935203 0 0.11194 -0.993715 0 0.11194 -0.993715 0 0.1564331 -0.9876886 0 0.8467416 0.5320044 0 0.1564332 -0.9876886 0 0.8219778 0.5695196 0 0.2006164 -0.9796699 0 0.8219798 0.5695167 0 0.2443346 -0.969691 0 0.7956456 0.6057626 0 0.7956465 0.6057612 0 0.7676303 0.6408929 0 0.2875958 -0.9577519 0 0.3302945 -0.9438779 0 0.7381009 0.6746904 0 0.3722468 -0.9281338 0 0.4136055 -0.9104563 0 0.7071062 0.7071074 0 0.7071073 0.7071063 0 0.4136059 -0.910456 0 0.4539678 -0.8910182 0 0.6746907 0.7381006 0 0.6746897 0.7381016 0 0.4539687 -0.8910177 0 0.640893 0.7676303 0 0.4935209 -0.8697341 0 0.6057618 0.7956461 0 0.6408941 0.7676295 0 0.5320055 -0.8467409 0 0.5695172 0.8219795 0 0.5695172 -0.8219795 0 0.6057618 -0.7956461 0 0.5320055 0.8467409 0 0.6408941 -0.7676295 0 0.6746907 -0.7381006 0 0.4935209 0.8697341 0 0.640893 -0.7676303 0 0.6746897 -0.7381016 0 0.4539678 0.8910182 0 0.4136059 0.910456 0 0.4539687 0.8910177 0 0.7071062 -0.7071074 0 0.7381009 -0.6746904 0 0.7071073 -0.7071063 0 0.4136055 0.9104563 0 0.7676303 -0.6408929 0 0.3722468 0.9281338 0 0.7956465 -0.6057612 0 0.3302945 0.9438779 0 0.7956456 -0.6057626 0 0.8219778 -0.5695196 0 0.8467416 -0.5320044 0 0.2875958 0.9577519 0 0.8219798 -0.5695167 0 0.8697344 -0.4935203 0 0.2443346 0.969691 0 0.2006164 0.9796699 0 0.8910198 -0.4539646 0 0.8697326 -0.4935235 0 0.8910163 -0.4539715 0 0.9104572 -0.4136034 0 0.1564332 0.9876886 0 0.1564331 0.9876886 0 0.9104555 -0.413607 0 0.11194 0.993715 0 0.928135 -0.3722439 0 0.11194 0.993715 0 0.9281319 -0.3722513 0 0.9438781 -0.3302941 0 0.06726127 0.9977355 0 0.06726127 0.9977355 0 0.9577522 -0.2875949 0 0.9696914 -0.244333 0 0.02244848 0.9997481 0 0.9696904 -0.2443371 0 -0.02244848 0.9997481 0 0.9796702 -0.2006154 0 0.9796693 -0.2006195 0 0.987689 -0.1564308 0 -0.06726127 0.9977355 0 -0.06726127 0.9977355 0 0.9876883 -0.156435 0 0.9937156 -0.1119353 0 -0.11194 0.993715 0 -0.11194 0.993715 0 0.9937145 -0.1119439 0 -0.1564331 0.9876886 0 0.9977356 -0.06725949 0 0.9977353 -0.06726384 0 -0.1564332 0.9876886 0 0.9997482 -0.02244418 0 0.9997479 -0.02245283 0 -0.2006164 0.9796699 0 -0.2443346 0.969691 0 -0.2875958 0.9577519 0 -0.3302945 0.9438779 0 -0.3722468 0.9281338 0 -0.4136055 0.9104563 0 -0.4136059 0.910456 0 -0.4539678 0.8910182 0 -0.4539687 0.8910177 0 -0.4935209 0.8697341 0 -0.5320055 0.8467409 0 -0.5695172 0.8219795 0 -0.6057618 0.7956461 0 -0.640893 0.7676303 0 -0.6408941 0.7676295 0 -0.6746897 0.7381016 0 -0.6746907 0.7381006 0 -0.7071062 0.7071074 0 -0.7071073 0.7071063 0 -0.7381009 0.6746904 0 -0.7676303 0.6408929 0 -0.7956465 0.6057612 0 -0.7956456 0.6057626 0 -0.8219798 0.5695167 0 -0.8219778 0.5695196 0 -0.8467416 0.5320044 0 -0.8697344 0.4935203 0 -0.8697326 0.4935235 0 -0.8910163 0.4539715 0 -0.8910198 0.4539646 0 -0.9104555 0.413607 0 -0.9104572 0.4136034 0 -0.9281319 0.3722513 0 -0.9438781 0.3302941 0 -0.928135 0.3722439 0 -0.9577522 0.2875949 0 -0.9696914 0.244333 0 -0.9696904 0.2443371 0 -0.9796693 0.2006195 0 -0.987689 0.1564308 0 -0.9796702 0.2006154 0 -0.9876883 0.156435 0 -0.9937145 0.1119439 0 -0.9977356 0.06725949 0 -0.9937156 0.1119353 0 -0.9977353 0.06726384 0 -0.9997479 0.02245283 0 -0.9997479 -0.02245283 0 -0.9997482 0.02244418 0 -0.9977353 -0.06726384 0 -0.9997482 -0.02244418 0 -0.9977356 -0.06725949 0 -0.9937156 -0.1119353 0 -0.9876883 -0.156435 0 -0.9937145 -0.1119439 0 -0.987689 -0.1564308 0 -0.9796702 -0.2006154 0 -0.9696904 -0.2443371 0 -0.9796693 -0.2006195 0 -0.9696914 -0.244333 0 -0.9577522 -0.2875949 0 -0.9438781 -0.3302941 0 -0.928135 -0.3722439 0 -0.9104555 -0.413607 0 -0.9281319 -0.3722513 0 -0.9104572 -0.4136034 0 -0.8910163 -0.4539715 0 -0.8910198 -0.4539646 0 -0.8697326 -0.4935235 0 -0.8697344 -0.4935203 0 -0.8467416 -0.5320044 0 -0.8219778 -0.5695196 0 -0.8219798 -0.5695167 0 -0.7956456 -0.6057626 0 -0.7956465 -0.6057612 0 -0.7676303 -0.6408929 0 -0.7381009 -0.6746904 0 -0.7071073 -0.7071063 0 -0.6746897 -0.7381016 0 -0.7071062 -0.7071074 0 -0.6746907 -0.7381006 0 -0.640893 -0.7676303 0 -0.6057618 -0.7956461 0 -0.6408941 -0.7676295 0 -0.5695172 -0.8219795 0 -0.5320055 -0.8467409 0 0 0 -1 0 0 1 0 0 1 0 0 1 0 0 1 0 0 1 0 0 1 0 0 1 0 0 1 0 0 1 0 0 1 2.32502e-7 0 1 0 0 1 0 0 1 -2.32375e-7 0 1 0 0 1 0 0 1 0 0 1 0 0 1 0 0 1 0 0 1 0 0 1 0 0 1 0 0 1 0 0 1 0 0 1 0 0 1 0 0 1 0 0 1 1.62395e-7 0 1 -2.32183e-7 0 1 0 0 1 0 0 1 0 0 1 0 0 1 0 0 1 0 0 1 0 0 1 0 0 1 0 0 1 0 0 1 2.32338e-7 0 1 0 0 1 0 0 1 0 0 1 0 0 1 2.0344e-7 0 1 0 0 1 0 0 1 -2.03328e-7 0 1 0 0 1 0 0 1 0 0 1 -2.32337e-7 0 1 0 0 1 0 0 1 0 0 1 0 0 1 0 0 1 0 0 1 0 0 1 0 0 1 0 0 1 0 0 1 2.32183e-7 0 1 0 0 1 0 0 1 2.16527e-7 0 1 0 0 1 0 0 1 0 0 1 -1.30603e-7 0 1 0 0 1 -1.62395e-7 0 1 0 0 1 0 0 1 0 0 1 1.74253e-7 0 1 0 0 1 0 0 1 0 0 1 0 0 1 0 0 1 0 0 1 0 0 1 2.16425e-7 0 1 -1.74253e-7 0 1 0 0 1 0 0 1 0 0 1 0 0 1 0 0 1 2.32375e-7 0 1 -2.16527e-7 0 1 1.30603e-7 0 1 0 0 1 0 0 1 0 0 1 0 0 1 -2.32502e-7 0 1 0 0 1 0 0 1 0 0 1 0 0 1 0 0 1 0 0 1 2.16362e-7 0 1 0 0 1 0 0 1 0 0 1 0 0 1 0 0 1 0 0 1 0 0 1 2.165e-7 0 1 0 0 1 0 0 1 0 0 1 0 0 1 0 0 1 2.03328e-7 0 1 0 0 1 -2.0344e-7 0 1 0 0 1 0 0 1 0 0 1 0 0 1 0 0 1 0 0 1 0 0 1 0 0 1 0 0 1 0 0 1 0 0 1 0 0 1 0 0 1 0 0 1 0 0 1 0 0 1 0 0 1 0 0 1 0 0 1 -0.6075321 0.7942951 0 -0.5469204 0.8371847 0 -0.5469261 0.8371809 0 -0.4833121 0.8754482 0 -0.4833095 0.8754497 0 -0.417027 0.9088941 0 -0.3484944 0.9373109 0 -0.2779209 0.9606041 0 -0.3484923 0.9373117 0 -0.2779225 0.9606035 0 -0.2059529 0.978562 0 -0.1327319 0.9911521 0 -0.1327315 0.9911521 0 -0.05888539 0.9982647 0 -0.05888557 0.9982647 0 0.01532721 0.9998826 0 0.08950179 0.9959867 0 0.0895015 0.9959868 0 0.1631456 0.9866021 0 0.2358506 0.9717894 0 0.3073276 0.9516038 0 -0.9887329 -0.1496914 0 0.9909071 0.1345487 0 0.9909073 0.1345466 0 0.6562312 -0.7545599 0 0.5911665 -0.8065496 0 0.5220775 -0.8528981 0 0.4493134 -0.8933742 0 0.449311 -0.8933755 0 0.373432 -0.9276576 0 0.3734341 -0.9276568 0 0.2949874 -0.9555011 0 0.2144745 -0.9767296 0 0.1325442 -0.9911771 0 0.04957956 -0.9987702 0 0.1325438 -0.9911772 0 0.04957944 -0.9987702 0 -0.03361785 -0.9994348 0 -0.1166626 -0.9931717 0 -0.03361797 -0.9994348 0 -0.1166615 -0.9931718 0 -0.1988607 -0.9800278 0 -0.2797091 -0.9600848 0 -0.1988601 -0.9800279 0 -0.358567 -0.933504 0 -0.358566 -0.9335045 0 -0.9803021 0.1975041 0 -0.9803029 0.1975004 0 -0.2992421 0.9541773 0 -0.2992403 0.9541779 0 -0.2275552 0.9737652 0 -0.2275565 0.973765 0 -0.1547562 0.9879527 0 -0.1547572 0.9879526 0 -0.08101564 0.9967129 0 -0.08101516 0.9967129 0 -0.006886959 0.9999763 0 0.06740415 0.9977258 0 -0.006886959 0.9999763 0 0.1411374 0.9899901 0 0.1411378 0.98999 0 0.2142641 0.9767758 0 0.2142648 0.9767757 0 0.2861028 0.9581989 0 0.2861012 0.9581995 0 0.3563919 0.9343367 0 0.4247274 0.9053213 0 0.4247287 0.9053207 0 0.4907352 0.8713089 0 0.5540209 0.8325029 0 0.6142323 0.7891253 0 0.6142308 0.7891265 0 0.3585655 -0.9335046 0 0.3585675 -0.9335039 0 0.2797097 -0.9600847 0 0.1988192 -0.9800363 0 0.1988204 -0.980036 0 0.1166632 -0.9931716 0 0.1166639 -0.9931715 0 0.03365367 -0.9994336 0 0.03365349 -0.9994336 0 -0.04957604 -0.9987704 0 -0.1325435 -0.9911772 0 -0.1325427 -0.9911773 0 -0.2144755 -0.9767295 0 -0.2949869 -0.9555013 0 -0.2144761 -0.9767293 0 -0.2949877 -0.955501 0 -0.3734338 -0.9276568 0 -0.4493122 -0.8933749 0 -0.3734328 -0.9276573 0 -0.449311 -0.8933755 0 -0.5220791 -0.8528972 0 -0.5911653 -0.8065505 0 -0.5220777 -0.852898 0 -0.6562293 -0.7545615 0 -0.5911682 -0.8065484 0 -0.6562309 -0.7545602 0 0.9771635 -0.2124891 0 -0.8425831 0.5385663 0 -0.8425803 0.5385707 0 -0.8002704 0.5996393 0 -0.8002675 0.5996433 0 -0.7535651 0.6573735 0 -0.7027505 0.7114365 0 -0.648044 0.7616029 0 -0.5897266 0.807603 0 -0.6480486 0.761599 0 -0.5897296 0.8076009 0 -0.5281915 0.8491253 0 -0.4637643 0.8859587 0 -0.3967499 0.9179268 0 -0.3967532 0.9179253 0 -0.3275587 0.9448309 0 -0.3275578 0.9448312 0 -0.2565578 0.9665289 0 -0.256557 0.9665291 0 -0.1841023 0.9829072 0 -0.1107193 0.9938517 0 -0.03666949 0.9993274 0 -0.8779122 -0.4788218 0 0.8851186 0.4653657 0 0.8851177 0.4653673 0 0.8747295 -0.4846114 0 0.8314117 -0.555657 0 0.7822746 -0.622934 0 0.727743 -0.68585 0 0.6682194 -0.7439643 0 0.6682164 -0.7439671 0 0.6039681 -0.7970086 0 0.5356722 -0.8444262 0 0.6039666 -0.7970097 0 0.5356708 -0.8444269 0 0.4634872 -0.8861038 0 0.388209 -0.9215714 0 0.4634897 -0.8861024 0 0.3102403 -0.9506582 0 0.2300412 -0.9731809 0 0.3102421 -0.9506577 0 0.2300419 -0.9731807 0 0.1483079 -0.9889413 0 0.06554812 -0.9978495 0 0.1483075 -0.9889413 0 -0.01765948 -0.9998441 0 -0.01765948 -0.9998441 0 0.6119577 -0.7908905 0 0.6119583 -0.7908902 0 0.3840637 0.9233067 0 0.4515842 0.8922286 0 0.4515829 0.8922292 0 0.5164989 0.8562878 0 0.578608 0.8156058 0 0.578611 0.8156037 0 0.6375096 0.7704426 0 0.6929092 0.7210249 0 0.6375111 0.7704412 0 0.6929107 0.7210234 0 0.7445016 0.6676208 0 0.7919592 0.610574 0 0.7919608 0.610572 0 0.8351155 0.5500746 0 0.8351177 0.5500714 0 0.8735892 0.4866644 0 0.9073005 0.4204829 0 0.9072999 0.4204842 0 0.9359918 0.3520221 0 0.9595103 0.2816734 0 0.9359923 0.3520206 0 0.9777852 0.2096094 0 0.9777843 0.2096139 0 -0.3254144 -0.9455715 0 -0.4028677 -0.9152583 0 -0.4028689 -0.9152578 0 -0.4775913 -0.8785822 0 -0.5490144 -0.8358129 0 -0.6166789 -0.7872148 0 -0.6799638 -0.7332457 0 -0.738646 -0.6740936 0 -0.7386475 -0.6740919 0 -0.7921228 -0.6103619 0 -0.8401522 -0.5423508 0 -0.8401536 -0.5423487 0 -0.8823735 -0.4705498 0 -0.9184441 -0.3955507 0 -0.9184454 -0.3955482 0 -0.9481618 -0.3177884 0 -0.9713033 -0.2378447 0 -0.9481631 -0.3177842 0 -0.9877148 -0.1562677 0 -0.971304 -0.2378418 0 -0.9877143 -0.1562708 0 -0.623966 0.7814515 0 -0.8536493 0.5208482 0 -0.8536459 0.5208539 0 0.04514622 0.9989804 0 0.1191532 0.992876 0 0.1191528 0.9928759 0 0.1925011 0.9812968 0 0.1925023 0.9812966 0 0.2647847 0.9643077 0 0.2647855 0.9643074 0 0.335569 0.9420157 0 0.4045121 0.9145327 0 0.404511 0.9145331 0 0.4712247 0.8820133 0 0.4712234 0.8820139 0 0.5354212 0.8445852 0 0.5965636 0.8025659 0 0.5965651 0.8025647 0 0.6545224 0.7560428 0 0.6545239 0.7560414 0 0.7087393 0.7054706 0 0.7087362 0.7054737 0 0.7591392 0.6509283 0 0.8053526 0.592796 0 0.8470689 0.5314831 0 0.8470703 0.5314809 0 0.01765537 -0.9998441 0 -0.06550276 -0.9978524 0 -0.1483073 -0.9889414 0 -0.2300491 -0.9731791 0 -0.2300484 -0.9731792 0 -0.3102329 -0.9506607 0 -0.3882139 -0.9215694 0 -0.4635183 -0.8860873 0 -0.3882117 -0.9215703 0 -0.4635171 -0.886088 0 -0.5356479 -0.8444415 0 -0.6039444 -0.7970266 0 -0.5356507 -0.8444397 0 -0.668201 -0.7439808 0 -0.7277644 -0.6858272 0 -0.7823244 -0.6228714 0 -0.8313469 -0.5557539 0 -0.8747349 -0.4846018 0 -0.8313484 -0.5557518 0 -0.8747324 -0.4846065 0 0.845559 -0.5338822 0 0.8779122 0.4788218 0 0.8425831 -0.5385663 0 0.8425803 -0.5385707 0 0.8002704 -0.5996393 0 0.8002675 -0.5996433 0 0.7535651 -0.6573735 0 0.7027505 -0.7114365 0 0.648044 -0.7616029 0 0.5897266 -0.807603 0 0.6480486 -0.761599 0 0.5897296 -0.8076009 0 0.5281915 -0.8491253 0 0.4637643 -0.8859587 0 0.3967499 -0.9179268 0 0.3967532 -0.9179253 0 0.3275587 -0.9448309 0 0.3275578 -0.9448312 0 0.2565578 -0.9665289 0 0.256557 -0.9665291 0 0.1841023 -0.9829072 0 0.1107193 -0.9938517 0 0.03666949 -0.9993274 0 -0.8747295 0.4846114 0 -0.8314117 0.555657 0 -0.7822746 0.622934 0 -0.727743 0.68585 0 -0.6682194 0.7439643 0 -0.6682164 0.7439671 0 -0.6039681 0.7970086 0 -0.5356722 0.8444262 0 -0.6039666 0.7970097 0 -0.5356708 0.8444269 0 -0.4634872 0.8861038 0 -0.388209 0.9215714 0 -0.4634897 0.8861024 0 -0.3102403 0.9506582 0 -0.2300412 0.9731809 0 -0.3102421 0.9506577 0 -0.2300419 0.9731807 0 -0.1483079 0.9889413 0 -0.06554812 0.9978495 0 -0.1483075 0.9889413 0 0.01765948 0.9998441 0 0.01765948 0.9998441 0 -0.8851186 -0.4653657 0 -0.8851177 -0.4653673 0 -0.9909071 -0.1345487 0 -0.9909073 -0.1345466 0 0.6075321 -0.7942951 0 0.5469204 -0.8371847 0 0.5469261 -0.8371809 0 0.4833121 -0.8754482 0 0.4833095 -0.8754497 0 0.417027 -0.9088941 0 0.3484944 -0.9373109 0 0.2779209 -0.9606041 0 0.3484923 -0.9373117 0 0.2779225 -0.9606035 0 0.2059529 -0.978562 0 0.1327319 -0.9911521 0 0.1327315 -0.9911521 0 0.05888539 -0.9982647 0 0.05888557 -0.9982647 0 -0.01532721 -0.9998826 0 -0.08950179 -0.9959867 0 -0.0895015 -0.9959868 0 -0.1631456 -0.9866021 0 -0.2358506 -0.9717894 0 -0.3073276 -0.9516038 0 -0.6562312 0.7545599 0 -0.5911665 0.8065496 0 -0.5220775 0.8528981 0 -0.4493134 0.8933742 0 -0.449311 0.8933755 0 -0.373432 0.9276576 0 -0.3734341 0.9276568 0 -0.2949874 0.9555011 0 -0.2144745 0.9767296 0 -0.1325442 0.9911771 0 -0.04957956 0.9987702 0 -0.1325438 0.9911772 0 -0.04957944 0.9987702 0 0.03361785 0.9994348 0 0.1166626 0.9931717 0 0.03361797 0.9994348 0 0.1166615 0.9931718 0 0.1988607 0.9800278 0 0.2797091 0.9600848 0 0.1988601 0.9800279 0 0.358567 0.933504 0 0.358566 0.9335045 0 0.9887329 0.1496914 0 0.8536493 -0.5208482 0 0.8536459 -0.5208539 0 -0.04514622 -0.9989804 0 -0.1191532 -0.992876 0 -0.1191528 -0.9928759 0 -0.1925011 -0.9812968 0 -0.1925023 -0.9812966 0 -0.2647847 -0.9643077 0 -0.2647855 -0.9643074 0 -0.335569 -0.9420157 0 -0.4045121 -0.9145327 0 -0.404511 -0.9145331 0 -0.4712247 -0.8820133 0 -0.4712234 -0.8820139 0 -0.5354212 -0.8445852 0 -0.5965636 -0.8025659 0 -0.5965651 -0.8025647 0 -0.6545224 -0.7560428 0 -0.6545239 -0.7560414 0 -0.7087393 -0.7054706 0 -0.7087362 -0.7054737 0 -0.7591392 -0.6509283 0 -0.8053526 -0.592796 0 -0.8470689 -0.5314831 0 -0.8470703 -0.5314809 0 -0.01765537 0.9998441 0 0.06550276 0.9978524 0 0.1483073 0.9889414 0 0.2300491 0.9731791 0 0.2300484 0.9731792 0 0.3102329 0.9506607 0 0.3882139 0.9215694 0 0.4635183 0.8860873 0 0.3882117 0.9215703 0 0.4635171 0.886088 0 0.5356479 0.8444415 0 0.6039444 0.7970266 0 0.5356507 0.8444397 0 0.668201 0.7439808 0 0.7277644 0.6858272 0 0.7823244 0.6228714 0 0.8313469 0.5557539 0 0.8747349 0.4846018 0 0.8313484 0.5557518 0 0.8747324 0.4846065 0 -0.845559 0.5338822 0 0.2992421 -0.9541773 0 0.2992403 -0.9541779 0 0.2275552 -0.9737652 0 0.2275565 -0.973765 0 0.1547562 -0.9879527 0 0.1547572 -0.9879526 0 0.08101564 -0.9967129 0 0.08101516 -0.9967129 0 0.006886959 -0.9999763 0 -0.06740415 -0.9977258 0 0.006886959 -0.9999763 0 -0.1411374 -0.9899901 0 -0.1411378 -0.98999 0 -0.2142641 -0.9767758 0 -0.2142648 -0.9767757 0 -0.2861028 -0.9581989 0 -0.2861012 -0.9581995 0 -0.3563919 -0.9343367 0 -0.4247274 -0.9053213 0 -0.4247287 -0.9053207 0 -0.4907352 -0.8713089 0 -0.5540209 -0.8325029 0 -0.6142323 -0.7891253 0 -0.6142308 -0.7891265 0 0.9803021 -0.1975041 0 0.9803029 -0.1975004 0 -0.9771635 0.2124891 0 -0.3585655 0.9335046 0 -0.3585675 0.9335039 0 -0.2797097 0.9600847 0 -0.1988192 0.9800363 0 -0.1988204 0.980036 0 -0.1166632 0.9931716 0 -0.1166639 0.9931715 0 -0.03365367 0.9994336 0 -0.03365349 0.9994336 0 0.04957604 0.9987704 0 0.1325435 0.9911772 0 0.1325427 0.9911773 0 0.2144755 0.9767295 0 0.2949869 0.9555013 0 0.2144761 0.9767293 0 0.2949877 0.955501 0 0.3734338 0.9276568 0 0.4493122 0.8933749 0 0.3734328 0.9276573 0 0.449311 0.8933755 0 0.5220791 0.8528972 0 0.5911653 0.8065505 0 0.5220777 0.852898 0 0.6562293 0.7545615 0 0.5911682 0.8065484 0 0.6562309 0.7545602 0 -0.8877195 -0.4603848 0 -0.8877196 -0.4603845 0 -0.9194393 -0.3932319 0 -0.9194392 -0.3932322 0 -0.9460766 -0.3239432 0 -0.9674944 -0.2528925 0 -0.9835956 -0.1803879 0 -0.9835954 -0.1803887 0 -0.9942656 -0.1069391 0 -0.9994592 -0.03288602 0 -0.9991442 0.04136335 0 -0.9994592 -0.03288525 0 -0.9991442 0.04136413 0 -0.9933219 0.1153764 0 -0.9933218 0.1153771 0 -0.9820232 0.1887605 0 -0.9820231 0.1887612 0 -0.9653161 0.2610841 0 -0.9653162 0.2610837 0 -0.9432968 0.3319506 0 -0.9160609 0.4010394 0 -0.9432967 0.3319509 0 -0.916061 0.401039 0 -0.8837959 0.4678727 0 -0.8837963 0.4678722 0 -0.02429842 -0.9997048 0 0.03959739 0.9992157 0 0.8570497 0.5152339 0 0.8969438 0.4421447 0 0.8969438 0.4421446 0 0.9306066 0.3660212 0 0.9578251 0.2873519 0 0.9578251 0.287352 0 0.9784108 0.2066698 0 0.9784109 0.2066693 0 0.9922099 0.1245782 0 0.9991335 0.04162096 0 0.9922099 0.1245779 0 0.9991336 -0.04161757 0 0.9922086 -0.1245879 0 0.9922086 -0.1245883 0 0.9784092 -0.2066773 0 0.9578285 -0.2873405 0 0.9784091 -0.2066777 0 0.9578286 -0.2873403 0 0.9306062 -0.366022 0 0.8969364 -0.4421598 0 0.8969362 -0.4421598 0 0.8570598 -0.515217 0 -0.3045349 0.9525012 0 -0.6767405 -0.7362217 0 -0.6767398 -0.7362223 0 -0.7294747 -0.6840078 0 -0.729474 -0.6840086 0 -0.7782303 -0.6279791 0 -0.8226739 -0.5685137 0 -0.8226746 -0.5685126 0 -0.8625738 -0.5059314 0 -0.8977382 -0.4405293 0 -0.897738 -0.44053 0 -0.9279379 -0.3727349 0 -0.9279382 -0.3727343 0 -0.9530362 -0.3028568 0 -0.97287 -0.2313525 0 -0.9728698 -0.2313533 0 -0.987361 -0.1584881 0 -0.9963945 -0.08484137 0 -0.9963945 -0.08484214 0 -0.9999431 -0.01066982 0 -0.9979794 0.06353974 0 -0.9905178 0.1373845 0 -0.9979794 0.06354051 0 -0.9905177 0.1373853 0 0.6291459 0.7772873 0 0.6291466 0.7772867 0 0.6915897 0.7222907 0 0.6915881 0.7222921 0 0.7493134 0.6622156 0 0.8017741 0.5976273 0 0.8017734 0.5976283 0 0.8487327 0.5288221 0 0.8897601 0.4564285 0 0.9246286 0.3808702 0 0.9246292 0.3808689 0 0.9531275 0.302569 0 0.9749743 0.2223178 0 0.9531285 0.3025662 0 0.9900917 0.1404227 0 0.9983409 0.05758041 0 0.9900918 0.1404219 0 0.9996709 -0.0256567 0 0.9940707 -0.1087359 0 0.9815848 -0.1910273 0 0.9815847 -0.191028 0 0.3191106 -0.9477175 0 0.3191109 -0.9477174 0 0.3789272 0.9254266 0 0.3789275 0.9254264 0 -0.9916456 -0.1289924 0 -0.9916458 -0.1289909 0 -0.9984854 -0.05501812 0 -0.9984853 -0.05501967 0 -0.9998165 0.01915442 0 -0.9998167 0.01914978 0 -0.9956364 0.09331911 0 -0.9956365 0.09331762 0 -0.9859825 0.1668486 0 -0.9708718 0.2396 0 -0.9859824 0.1668501 0 -0.970871 0.2396029 0 -0.9504331 0.3109294 0 -0.9504321 0.3109322 0 -0.9247549 0.3805634 0 -0.9247555 0.3805621 0 -0.8939241 0.4482185 0 -0.8939253 0.448216 0 -0.8582698 0.5131988 0 -0.8178136 0.5754832 0 -0.8178145 0.5754821 0 -0.7728887 0.6345418 0 -0.7236344 0.6901835 0 -0.6704255 0.7419769 0 -0.7236337 0.6901843 0 -0.6704247 0.7419776 0 0.9815838 0.1910327 0 0.994075 0.1086972 0 0.9996708 0.02565693 0 0.9996709 0.02565538 0 0.9983412 -0.05757582 0 0.9983411 -0.05757737 0 0.9900973 -0.1403834 0 0.9900975 -0.1403819 0 0.9749726 -0.2223253 0 0.9531282 -0.3025669 0 0.9749729 -0.2223238 0 0.9531291 -0.3025641 0 0.9246228 -0.380884 0 0.8897684 -0.4564126 0 0.9246234 -0.3808827 0 0.889769 -0.4564114 0 0.8487073 -0.528863 0 0.8017958 -0.5975981 0 0.7492545 -0.6622822 0 0.6916506 -0.7222323 0 0.6291662 -0.7772709 0 0.6916499 -0.722233 0 0.6291654 -0.7772715 0 -0.3647236 -0.9311159 0 -0.6612076 -0.7502031 0 -0.6612067 -0.7502039 0 -0.9759526 0.2179827 0 -0.9759534 0.2179797 0 -0.9570996 0.289759 0 -0.9571022 0.2897505 0 -0.9329706 0.3599526 0 -0.9329696 0.3599553 0 -0.9036887 0.4281903 0 -0.8694109 0.4940898 0 -0.8304196 0.5571386 0 -0.8304181 0.5571408 0 -0.7867689 0.6172477 0 -0.7867705 0.6172458 0 -0.7387878 0.6739382 0 -0.6867772 0.726868 0 -0.6309445 0.775828 0 -0.5716391 0.8205052 0 -0.5716406 0.8205043 0 -0.5092375 0.8606262 0 -0.4439147 0.8960692 0 -0.5092361 0.8606269 0 -0.3763036 0.9264965 0 -0.4439134 0.8960697 0 0.9877158 -0.1562613 0 0.9877154 -0.1562643 0 0.9713221 -0.2377677 0 0.9713214 -0.2377706 0 0.9481589 -0.3177968 0 0.948158 -0.3177996 0 0.9184298 -0.3955842 0 0.8823574 -0.47058 0 0.8401507 -0.542353 0 0.792161 -0.6103123 0 0.8401536 -0.5423487 0 0.7386077 -0.6741356 0 0.6800044 -0.7332081 0 0.6166595 -0.7872301 0 0.5489909 -0.8358284 0 0.4776588 -0.8785455 0 0.4028689 -0.9152577 0 0.3253058 -0.945609 0 0.4028701 -0.9152572 0 0.3253053 -0.945609 0 0.6726177 0.7399902 0 0.6726172 0.7399906 0 -0.2752192 0.06422072 -0.9592341 -0.4271037 0.2569013 -0.8669396 -0.3829307 0.2338895 -0.8936777 -0.2934721 0.3879632 -0.8737041 -0.3860329 0.2757334 -0.8803123 -0.4114265 0.2180311 -0.8849806 -0.3032374 0.4205878 -0.855075 -0.4253767 0.225424 -0.8764923 -0.4085564 0.1856029 -0.8936628 -0.3287244 0.4175157 -0.8471251 -0.4523544 0.209205 -0.8669537 -0.3158503 0.3716512 -0.8729915 -0.4448914 0.1647008 -0.8803099 -0.3705343 0.2263169 -0.9008246 -0.325601 0.2027743 -0.9235078 -0.3287354 0.2446551 -0.9121825 -0.3506126 0.1556212 -0.9235003 -0.3836094 0.136699 -0.9133221 -0.3823629 0.374979 -0.8445055 -0.368739 0.1954168 -0.9087596 -0.3875912 0.1377876 -0.9114756 -0.3534942 0.1873368 -0.9164861 -0.3952833 0.1795733 -0.9008356 -0.3412362 0.4015227 -0.8499044 -0.2821788 0.2070505 -0.9367525 -0.3426384 0.4434379 -0.8282281 -0.3426384 0.4434379 -0.8282281 -0.3426384 0.4434379 -0.8282281 -0.2655746 0.170117 -0.9489629 -0.3605775 0.3973067 -0.8438788 -0.2719992 0.195302 -0.9422705 -0.3119576 0.1942774 -0.9300209 -0.2654005 0.1713451 -0.9487906 -0.310432 0.1645324 -0.9362484 -0.293466 0.1555398 -0.9432312 -0.2909374 0.1251215 -0.9485252 -0.338302 0.4401396 -0.8317626 -0.320025 0.1080235 -0.9412305 -0.4063966 0.3518382 -0.8432388 -0.3359065 0.1490935 -0.9300205 -0.4240828 0.3234383 -0.8458969 -0.3293082 0.1150183 -0.937191 -0.3860582 0.3655673 -0.8469473 -0.2965238 0.3524896 -0.8875949 -0.3147709 0.4518114 -0.834737 -0.279026 0.3422991 -0.8972045 -0.3244984 0.4422801 -0.8361155 -0.274645 0.323154 -0.9056167 -0.2804083 0.3046851 -0.9102408 -0.3168557 0.3532831 -0.8802235 -0.4242687 0.3223939 -0.8462023 -0.4468755 0.2988842 -0.8431907 -0.3329289 0.4373754 -0.8353809 -0.3282494 0.4356262 -0.838142 -0.5247987 0.04900211 -0.8498148 -0.3676639 0.4082624 -0.8355508 -0.5489679 0.01701718 -0.8356702 -0.3638728 0.4029344 -0.839786 -0.36023 0.3966308 -0.844345 -0.3604261 0.3969884 -0.8440932 -0.36023 0.3966308 -0.844345 -0.3463812 0.3279969 -0.8788846 -0.3298597 0.3342123 -0.88289 -0.4557639 0.2741406 -0.8468331 -0.4624003 0.2693485 -0.8447707 -0.4798105 0.240938 -0.8436414 -0.2892939 0.3897216 -0.8743147 -0.3788743 0.2878993 -0.8795273 -0.368859 0.2922848 -0.8823336 -0.2918346 0.3886286 -0.8739567 -0.2757837 0.2915478 -0.9159386 -0.2730194 0.2413266 -0.9312476 -0.2587641 0.2615931 -0.9298442 -0.2673457 0.2862082 -0.9201148 -0.2859979 0.2949043 -0.9117219 -0.2946596 0.3876112 -0.8734605 -0.2897484 0.2935718 -0.9109674 -0.4822775 0.2230425 -0.8471485 -0.4936504 0.2106782 -0.843756 -0.5045214 0.1791936 -0.8445993 -0.516743 0.1481409 -0.8432266 -0.5206182 0.1148741 -0.8460264 -0.4784986 0.02099764 -0.8778373 -0.5039002 0.1697431 -0.8469191 -0.2798359 0.2177358 -0.9350311 -0.3111948 0.2601056 -0.9140585 -0.2827855 0.2363604 -0.9296054 -0.3223541 0.2554343 -0.9115049 -0.4281857 0.1325877 -0.8939114 -0.4128686 0.1301601 -0.9014421 -0.3971171 0.1330184 -0.9080772 -0.4494457 0.1437233 -0.8816702 -0.4509592 0.1519094 -0.8795222 -0.5205329 0.1145553 -0.846122 -0.4692002 0.0956996 -0.8778911 -0.4771026 0.05883026 -0.8768764 -0.5311406 0.08307236 -0.8432015 -0.4712038 0.1037002 -0.8759072 -0.2746439 0.07341825 -0.9587391 -0.2568055 0.2852914 -0.9233959 -0.4824478 0.05245316 -0.8743528 -0.5142198 0.008256793 -0.8576187 -0.5377647 0.04096889 -0.8420991 -0.5286816 0.05748099 -0.8468718 -0.4791582 0.02199649 -0.877453 -0.3504323 0.1094804 -0.9301673 -0.3682712 0.1178048 -0.9222247 -0.3812848 0.1323683 -0.914932 -0.2682648 0.04288423 -0.9623903 -0.2680758 0.04377079 -0.9624031 -0.2556511 0.1603676 -0.9533755 -0.2547774 0.1314133 -0.9580288 -0.2830103 0.01195037 -0.9590425 -0.2633449 0.1021012 -0.9592835 -0.2691972 0.07286018 -0.9603251 -0.2649959 0.02959471 -0.9637953 -0.2663991 0.02702379 -0.9634839 -0.3072608 0.08345872 -0.9479587 -0.3202596 0.1108391 -0.9408234 -0.2473167 0.01466119 -0.9688237 -0.2673572 0.1149809 -0.9567129 4.32971e-4 0.9999999 -1.95577e-4 0 1 0 1.42895e-4 1 9.45033e-7 1.45775e-4 1 2.16628e-5 0.9999976 -1.44364e-4 0.002209544 0.9999976 -1.43702e-4 0.002209842 0.3254144 0.9455715 0 0.4028677 0.9152581 5.05154e-4 0.4775912 0.8785819 -8.81005e-4 0.3537407 0.9353418 -0.001821339 0.5490157 0.8358119 6.22935e-4 0.4839805 0.8750777 -0.001443207 0.6166794 0.7872143 -5.29225e-4 0.6799627 0.7332467 3.73009e-4 0.6046688 0.7964753 -0.001646816 0.6042442 0.7967992 -1.71143e-4 0.7386454 0.6740942 2.0744e-4 0.7921245 0.6103597 -2.45747e-4 0.7124328 0.7017376 -0.001980662 0.8401527 0.5423498 5.88409e-4 0.8823719 0.4705513 -0.00122255 0.806352 0.591433 -0.001864075 0.9184444 0.3955495 6.44019e-4 0.8841184 0.4672604 -0.001537382 0.9481621 0.3177866 -6.9365e-4 0.9713031 0.2378454 4.48775e-4 0.9434823 0.3314181 -0.001797616 0.9877145 0.1562694 0 0.9821098 0.1882984 -0.002045214 0.623966 -0.7814515 0 -0.3840637 -0.9233067 0 -0.4515829 -0.8922291 -4.18872e-4 -0.3928178 -0.9196163 5.6883e-4 -0.5164989 -0.8562878 -5.56031e-4 -0.4766268 -0.8791053 8.43808e-4 -0.5786092 -0.8156048 -4.20629e-4 -0.5566508 -0.8307462 8.44078e-4 -0.5563181 -0.8309695 5.32547e-5 -0.6375103 -0.7704418 -2.23899e-4 -0.6275311 -0.7785915 4.902e-4 -0.692909 -0.7210251 4.97122e-5 -0.7445025 -0.6676197 -4.40176e-5 -0.6905485 -0.7232862 2.57822e-4 -0.7919597 -0.6105736 -1.74129e-4 -0.8351175 -0.5500718 2.09606e-4 -0.7672739 -0.6413162 0.002076983 -0.8735896 -0.4866631 -3.48832e-4 -0.9073002 -0.4204833 5.12571e-4 -0.849713 -0.5272417 0.002036273 -0.9359928 -0.3520187 -4.77124e-4 -0.9152969 -0.4027754 0.0019477 -0.9506306 -0.3103246 -2.12356e-4 -0.9595102 -0.2816734 -5.55917e-4 -0.9504936 -0.3107444 3.12471e-4 -0.9777848 -0.2096108 -4.02957e-4 -0.9666625 -0.2560543 2.78273e-4 -0.9795974 -0.2009699 0 0.9999974 -1.25713e-4 0.002262949 0.9999974 -1.24199e-4 0.002262711 -1.45819e-4 -1 -8.65127e-6 -1.45817e-4 -1 6.04207e-6 -0.9999976 1.41032e-4 -0.002227485 -0.9999977 1.45261e-4 -0.002174258 -0.6119588 0.7908897 6.59277e-7 -0.6119458 0.7908998 0 -0.6119421 0.7909026 6.83536e-6 -0.6119683 0.7908824 0 -0.9999977 2.81913e-4 -0.002115666 -0.9999978 2.81916e-4 -0.002115666 -0.9999977 2.81927e-4 -0.002115666 -0.9999976 1.47301e-5 -0.002226412 -0.9999976 1.47242e-5 -0.002226352 -0.9999976 1.47309e-5 -0.002226412 -0.9999977 5.02063e-4 -0.002116024 -0.9999975 0 -0.002236306 -0.9999975 5.12797e-5 -0.002269029 0.2704906 0.05465316 -0.9611701 0.2721021 0.03729826 -0.9615453 0.3126547 0.04270756 -0.9489063 0.3237256 -0.447229 -0.8337793 0.3825079 0.1293807 -0.9148488 0.3571084 0.1079402 -0.9278053 0.3383777 -0.4121251 -0.845963 0.3842523 0.2805799 -0.8795596 0.38718 0.36909 -0.8449049 0.3653917 0.3935067 -0.8435885 0.3903127 0.3602576 -0.8472725 0.3581818 0.2050119 -0.9108656 0.2892939 -0.3897216 -0.8743147 0.2684838 0.07649266 -0.9602424 0.3016083 0.07498311 -0.9504788 0.3226378 0.1055576 -0.9406182 0.2918346 -0.3886286 -0.8739567 0.3063492 0.0776689 -0.9487454 0.2733749 0.06796389 -0.9595035 0.3233206 0.1118292 -0.9396585 0.3507369 0.3237293 -0.8787394 0.3745666 0.2846289 -0.8824321 0.2946596 -0.3876112 -0.8734605 0.3463637 0.4023398 -0.8474402 0.3044012 0.4199998 -0.8549504 0.3384842 0.4168322 -0.8436111 0.2936474 0.3879094 -0.873669 0.3177368 0.3690862 -0.873395 0.3290013 0.2500039 -0.9106351 0.3438622 0.214147 -0.9142756 0.2797264 0.2155977 -0.935559 0.249422 0.1533689 -0.956173 0.265878 0.1093007 -0.9577903 0.2612339 0.1123475 -0.9587153 0.3335452 0.3298375 -0.8831505 0.297604 0.3517718 -0.8875181 0.2807585 0.3411583 -0.8970985 0.2754253 0.3226377 -0.9055638 0.2795583 0.3051125 -0.910359 0.3178433 0.3536819 -0.8797072 0.3104476 0.2594811 -0.91449 0.2676463 0.2863999 -0.9199677 0.2826632 0.2362583 -0.9296685 0.2847837 0.2945066 -0.9122303 0.2940599 0.2907912 -0.9104776 0.2757837 0.2915478 -0.9159386 0.2587026 0.2622348 -0.9296805 0.2727909 0.2411713 -0.9313547 0.4344196 -0.2464527 -0.8663375 0.3935135 -0.2644132 -0.8804731 0.3883609 -0.2222863 -0.8942956 0.4598032 -0.1951247 -0.8663184 0.4311865 -0.2119283 -0.8770204 0.4187422 -0.205811 -0.8844755 0.4140095 -0.1701275 -0.8942331 0.4501199 -0.1498479 -0.8803056 0.3509463 -0.1557694 -0.9233486 0.390526 -0.1286652 -0.9115562 0.3901104 -0.1285092 -0.9117562 0.3614526 -0.194836 -0.9118064 0.4024542 -0.1653801 -0.9003778 0.3836729 -0.1278119 -0.9145815 0.2821779 -0.2070509 -0.9367527 0.2655134 -0.1705503 -0.9489022 0.2727059 -0.1974135 -0.941626 0.2654005 -0.1713451 -0.9487906 0.3119576 -0.1942774 -0.9300209 0.3359065 -0.1490935 -0.9300205 0.3270595 -0.1038352 -0.9392818 0.310432 -0.1645324 -0.9362484 0.293466 -0.1555398 -0.9432312 0.2909374 -0.1251215 -0.9485252 0.4598029 0.1951246 -0.8663184 0.4596725 0.1443524 -0.8762783 0.4140096 0.1701276 -0.8942331 0.4488725 0.1443244 -0.8818639 0.388361 0.2222864 -0.8942955 0.2498728 -0.2886818 -0.9242438 0.3935136 0.2644133 -0.880473 0.4344198 0.2464528 -0.8663374 0.4311865 0.2119283 -0.8770204 0.4187423 0.2058109 -0.8844754 0.3614525 0.194836 -0.9118065 0.3916401 0.1329874 -0.9104573 0.3823346 0.1289722 -0.914979 0.4024542 0.1653801 -0.9003778 0.3509463 0.1557694 -0.9233486 0.2909375 0.1251215 -0.9485252 0.3270595 0.1038352 -0.9392818 0.3359065 0.1490935 -0.9300205 0.3119575 0.1942774 -0.9300209 0.2654005 0.1713448 -0.9487906 0.2686518 -0.2867963 -0.9195511 0.28196 0.2071429 -0.936798 0.2934662 0.1555398 -0.9432312 0.310432 0.1645324 -0.9362484 0.270774 0.1927332 -0.9431519 0.2658469 0.1681975 -0.9492287 0.2718468 -0.02756685 -0.9619457 0.271315 -0.0327925 -0.9619318 0.2691438 -0.01095515 -0.9630378 0.2708496 -1.67805e-4 -0.9626217 0.2689933 0.01095604 -0.9630798 0.2719533 0.03004509 -0.9618414 0.3383777 0.4121251 -0.845963 0.3237252 0.4472286 -0.8337796 0.2714951 0.03279083 -0.9618811 0.2946596 0.3876112 -0.8734605 0.2918346 0.3886286 -0.8739567 0.2892939 0.3897216 -0.8743147 0.2564065 0.2854871 -0.9234462 0.3044015 -0.4200001 -0.8549501 0.3384844 -0.4168326 -0.8436108 0.2936476 -0.3879092 -0.873669 0.3653915 -0.3935064 -0.8435887 0.3871804 -0.3690904 -0.8449045 0.3177368 -0.3690862 -0.873395 0.3463637 -0.4023398 -0.8474402 0.4108139 -0.346404 -0.8433482 0.4283524 -0.3187248 -0.8455347 0.3903127 -0.3602576 -0.8472725 0.2754253 -0.3226372 -0.905564 0.2807585 -0.3411583 -0.8970985 0.2976037 -0.3517718 -0.8875183 0.3178432 -0.3536821 -0.8797073 0.2795583 -0.3051125 -0.910359 0.4500333 -0.2940265 -0.8432192 0.4629133 -0.2636823 -0.846276 0.4293346 -0.3134988 -0.846989 0.350737 -0.3237293 -0.8787394 0.3335452 -0.3298375 -0.8831505 0.4824565 -0.2372122 -0.8431881 0.4629465 -0.2626367 -0.8465828 0.2757837 -0.2915478 -0.9159386 0.2676235 -0.2462093 -0.9315357 0.2592274 -0.2652526 -0.9286777 0.2940599 -0.2907911 -0.9104776 0.2682306 -0.2867688 -0.9196826 0.2847837 -0.2945068 -0.9122303 0.3842523 -0.2805799 -0.8795596 0.3745666 -0.2846289 -0.8824321 0.4920986 -0.205694 -0.8458895 0.5075952 -0.1767593 -0.8432694 0.489639 -0.2077865 -0.846805 0.3104476 -0.2594811 -0.91449 0.2833397 -0.2368237 -0.9293187 0.3290014 -0.250004 -0.910635 0.2796413 -0.222795 -0.9338968 0.5096775 -0.1502508 -0.8471444 0.5144864 -0.1446743 -0.845206 0.5250321 -0.1136914 -0.8434545 0.4591305 -0.1353496 -0.8779976 0.4565895 -0.1360263 -0.8792173 0.4100892 -0.1179545 -0.9043857 0.4314864 -0.1183339 -0.8943247 0.4522082 -0.1307003 -0.8822841 0.3438622 -0.214147 -0.9142756 0.3581818 -0.2050119 -0.9108656 0.5231645 -0.09090077 -0.84737 0.5291907 -0.08119976 -0.8446088 0.5345255 -0.04898631 -0.8437315 0.4895548 -0.08506053 -0.8678138 0.4847173 -0.07837873 -0.8711522 0.4834984 -0.04355835 -0.8742609 0.5299605 -0.03040665 -0.8474771 0.4935557 -0.02831709 -0.8692532 0.535895 -0.01632964 -0.8441268 0.535895 0.01632964 -0.8441268 0.4832132 -0.008693218 -0.8754596 0.3372782 -0.1062976 -0.9353846 0.3591766 -0.1079269 -0.9270082 0.3751165 -0.1177643 -0.9194669 0.2658782 -0.1093007 -0.9577903 0.2494222 -0.1533689 -0.9561729 0.5345255 0.04898631 -0.8437315 0.5291907 0.08119976 -0.8446088 0.5299605 0.03040665 -0.8474771 0.4872028 0.02795255 -0.8728414 0.4878105 0.02736222 -0.8725208 0.4761176 0.06092143 -0.8772689 0.3074542 -0.07878935 -0.9482954 0.3190136 -0.09444868 -0.9430323 0.261234 -0.1123475 -0.9587153 0.324158 -0.1100445 -0.9395807 0.2684839 -0.07649266 -0.9602423 0.5231645 0.09090077 -0.84737 0.4803217 0.08345675 -0.8731129 0.5250321 0.1136914 -0.8434545 0.5144863 0.1446743 -0.845206 0.4700789 0.09577131 -0.877413 0.4611703 0.1359506 -0.8768349 0.5096775 0.1502508 -0.8471444 0.5075952 0.1767593 -0.8432694 0.4920986 0.205694 -0.8458895 0.3031985 -0.03921872 -0.9521201 0.3117758 -0.05375927 -0.9486337 0.3026762 -0.07524782 -0.9501184 0.2721399 -0.03687697 -0.9615509 0.2704906 -0.05465316 -0.9611701 0.273375 -0.06796389 -0.9595035 0.4824568 0.2372123 -0.8431879 0.489639 0.2077865 -0.846805 0.4056315 0.1243559 -0.9055379 0.4197939 0.1215119 -0.8994487 0.4334747 0.1249218 -0.8924653 0.4629465 0.2626367 -0.8465828 0.4629133 0.2636823 -0.846276 0.4500333 0.2940265 -0.8432192 0.4283528 0.3187251 -0.8455343 0.4108138 0.3464038 -0.8433485 0.4293346 0.3134988 -0.846989 -0.4271037 -0.2569013 -0.8669396 -0.5376045 -0.04074329 -0.8422123 -0.3829307 -0.2338895 -0.8936777 -0.483011 -0.02050334 -0.8753742 -0.4253767 -0.225424 -0.8764923 -0.3860329 -0.2757334 -0.8803123 -0.4775087 -0.07915586 -0.8750542 -0.4114264 -0.2180311 -0.8849806 -0.5312125 -0.08195114 -0.843266 -0.3952832 -0.1795732 -0.9008355 -0.5211697 -0.1134648 -0.845877 -0.3870002 -0.1347234 -0.9121845 -0.3506124 -0.1556212 -0.9235004 -0.5286009 -0.05747151 -0.8469226 -0.3705343 -0.2263169 -0.9008247 -0.488634 -0.05312681 -0.8708699 -0.3620405 -0.3872451 -0.8479199 -0.5489699 -0.01681083 -0.8356731 -0.3256011 -0.2027744 -0.9235078 -0.3287353 -0.2446551 -0.9121826 -0.368739 -0.1954168 -0.9087596 -0.4831555 -0.10633 -0.869054 -0.3534945 -0.1873369 -0.916486 -0.5203173 -0.1145086 -0.8462612 -0.3270595 -0.1038352 -0.9392818 -0.5173127 -0.1462769 -0.8432027 -0.5254233 -0.04840886 -0.8494628 -0.2909375 -0.1251215 -0.9485252 -0.3359065 -0.1490935 -0.9300205 -0.3359391 -0.43858 -0.8335422 -0.2934662 -0.1555398 -0.9432312 -0.3421347 -0.4426321 -0.8288671 -0.310432 -0.1645324 -0.9362484 -0.2821376 -0.207068 -0.9367611 -0.2717013 -0.1946604 -0.9424892 -0.2656331 -0.1697069 -0.9490199 -0.2654005 -0.1713448 -0.9487906 -0.3119575 -0.1942774 -0.9300209 -0.5047514 -0.1767407 -0.8449787 -0.4950678 -0.208167 -0.8435487 -0.2687247 -0.04049956 -0.9623652 -0.2473167 -0.01466119 -0.9688237 -0.266776 -0.02726882 -0.9633727 -0.5041338 -0.1698218 -0.8467643 -0.4482043 -0.1143009 -0.8865936 -0.4258991 -0.09441721 -0.8998308 -0.3245744 -0.4421967 -0.8361301 -0.4530038 -0.1321138 -0.8816652 -0.3147994 -0.4517942 -0.8347356 -0.3283985 -0.4345111 -0.8386625 -0.478556 -0.0141775 -0.8779426 -0.3283454 -0.4354736 -0.8381838 -0.4807937 -0.2377876 -0.8439754 -0.4649084 -0.2665249 -0.8442894 -0.2751495 -0.06909024 -0.9589158 -0.2682 -0.043769 -0.9623685 -0.4823064 -0.2230566 -0.8471283 -0.4489632 -0.1411489 -0.8823316 -0.4020048 -0.1268709 -0.9068055 -0.4509591 -0.1519093 -0.8795223 -0.4034432 -0.1268375 -0.906171 -0.4554748 -0.2739674 -0.8470447 -0.4489318 -0.2952625 -0.8433744 -0.4274319 -0.3202355 -0.8454296 -0.2946596 -0.3876112 -0.8734605 -0.2918346 -0.3886286 -0.8739567 -0.4097294 -0.3481034 -0.8431761 -0.2892939 -0.3897216 -0.8743147 -0.4238635 -0.3220853 -0.8465229 -0.3756794 -0.1166375 -0.9193806 -0.3487541 -0.106536 -0.9311395 -0.387672 -0.1333041 -0.9121077 -0.3788741 -0.2878991 -0.8795274 -0.3648884 -0.3941457 -0.843508 -0.3851599 -0.3701106 -0.8453817 -0.3865155 -0.3660003 -0.8465517 -0.2830131 -0.0113393 -0.9590491 -0.3203759 -0.1031592 -0.9416568 -0.3052535 -0.07975429 -0.9489256 -0.2691971 -0.07286024 -0.9603252 -0.2633448 -0.1021012 -0.9592835 -0.2751619 -0.0643031 -0.9592451 -0.2649865 -0.03086924 -0.9637579 -0.3224546 -0.1136726 -0.9397348 -0.368859 -0.2922848 -0.8823336 -0.3463814 -0.327997 -0.8788846 -0.2934718 -0.3879637 -0.8737038 -0.3158503 -0.3716512 -0.8729915 -0.3032379 -0.4205878 -0.8550748 -0.3271466 -0.4177151 -0.8476375 -0.3397482 -0.3997721 -0.8513245 -0.2797651 -0.2172972 -0.9351542 -0.3223541 -0.2554342 -0.9115049 -0.3718932 -0.4039816 -0.8357598 -0.2547774 -0.1314133 -0.9580288 -0.2556511 -0.1603674 -0.9533755 -0.2673574 -0.1149809 -0.9567129 -0.3168556 -0.353283 -0.8802236 -0.2804083 -0.3046851 -0.9102408 -0.2965239 -0.3524901 -0.8875946 -0.2790262 -0.3422991 -0.8972045 -0.274645 -0.3231537 -0.9056168 -0.366764 -0.3963512 -0.8416591 -0.3298597 -0.3342123 -0.88289 -0.2827856 -0.2363605 -0.9296053 -0.2897484 -0.2935719 -0.9109673 -0.2587645 -0.2615935 -0.929844 -0.2730184 -0.2413266 -0.9312478 -0.2757837 -0.2915478 -0.9159386 -0.3111948 -0.2601056 -0.9140585 -0.267346 -0.2862082 -0.9201148 -0.2859978 -0.294904 -0.911722 -0.2568055 -0.2852914 -0.9233959 -0.5142198 -0.008256793 -0.8576187 -0.4523544 -0.209205 -0.8669537 -0.4844989 -0.04658246 -0.8735507 -0.4085565 -0.185603 -0.8936628 -0.4448914 -0.1647008 -0.8803098 -0.9999977 1.42199e-4 -0.002173602 -0.9999977 2.0256e-5 -0.002170503 -0.9999977 -2.28316e-5 -0.002161145 -0.9999972 3.62912e-4 -0.002343297 -0.9999977 1.42328e-4 -0.00216633 0.9916456 0.1289924 0 0.9984852 0.05501967 -5.55784e-4 0.9937961 0.1112135 0.001072347 0.9998167 -0.01915287 -7.58003e-5 0.9956364 -0.09331911 8.34445e-5 0.9999985 0.001370728 0.001109123 0.9859821 -0.1668502 -5.74657e-4 0.9940559 -0.108866 0.001052737 0.9941059 -0.1084136 0 0.9708719 -0.2395994 -1.27869e-5 0.9504324 -0.3109313 1.34152e-5 0.9756344 -0.2193993 0.001272439 0.9247557 -0.3805609 -5.73651e-4 0.944049 -0.3298032 0.001261055 0.9073756 -0.4203206 -1.83331e-4 0.8939246 -0.4482172 -5.22694e-4 0.9075852 -0.4198677 6.48963e-4 0.8582698 -0.5131988 -4.69486e-4 0.8709527 -0.4913668 5.8513e-4 0.8178136 -0.5754831 -3.9044e-4 0.8289776 -0.5592817 5.20564e-4 0.7728894 -0.6345408 -2.84019e-4 0.7817015 -0.6236528 4.28157e-4 0.7236337 -0.6901844 -1.55906e-4 0.7294521 -0.6840317 3.12855e-4 0.6704247 -0.7419776 0 0.6725053 -0.7400924 1.6808e-4 -0.3789272 -0.9254266 0 -0.3789275 -0.9254264 0 -0.9815838 -0.1910327 0 -0.994075 -0.1086972 0 -0.9996708 -0.02565693 0 -0.9996709 -0.02565538 0 -0.9983412 0.05757582 0 -0.9983411 0.05757737 0 -0.9900973 0.1403834 0 -0.9900975 0.1403819 0 -0.9749726 0.2223253 0 -0.9531282 0.3025669 0 -0.9749729 0.2223238 0 -0.9531291 0.3025641 0 -0.9246228 0.380884 0 -0.8897684 0.4564126 0 -0.9246234 0.3808827 0 -0.889769 0.4564114 0 -0.8487073 0.528863 0 -0.8017958 0.5975981 0 -0.7492545 0.6622822 0 -0.6916506 0.7222323 0 -0.6291662 0.7772709 0 -0.6916499 0.722233 0 -0.6291654 0.7772715 0 0.3647236 0.9311159 0 1.3402e-4 1 0 1.3397e-4 1 -7.2133e-7 0.9999976 -1.44151e-4 0.002197563 0.9999976 -1.45045e-4 0.002209603 -0.9877154 0.1562643 1.33839e-4 -0.9880785 0.153951 0 -0.971322 0.2377677 2.45115e-4 -0.972906 0.2312011 -1.18742e-4 -0.9481579 0.3177995 3.44547e-4 -0.9517106 0.3069966 -2.30643e-4 -0.9184285 0.3955867 4.30114e-4 -0.9246214 0.3808876 -3.23659e-4 -0.8823586 0.4705775 5.01696e-4 -0.8918179 0.4523944 -3.99458e-4 -0.840152 0.5423508 5.57408e-4 -0.8534725 0.5211377 -4.60996e-4 -0.7921609 0.6103121 5.94468e-4 -0.809824 0.5866727 -5.08018e-4 -0.7386091 0.6741338 6.21544e-4 -0.7612209 0.6484925 -5.42808e-4 -0.6800043 0.733208 6.29214e-4 -0.7078163 0.7063964 -5.58328e-4 -0.6166595 0.7872298 6.48109e-4 -0.6498719 0.7600436 -5.71437e-4 -0.6500942 0.7598538 -1.34506e-4 -0.5489909 0.8358284 8.24153e-5 -0.47766 0.8785449 -8.56157e-5 -0.5690532 0.8222996 -0.001390159 -0.4028701 0.915257 6.52259e-4 -0.4610037 0.8873972 -0.001309931 -0.3253055 0.945609 0 -0.3455762 0.9383898 -0.001353502 0.6612076 0.7502031 0 0.6612067 0.7502039 0 0.9759526 -0.2179827 0 0.9571022 -0.2897505 -1.46753e-4 0.9753611 -0.2206146 1.6163e-4 0.9329716 -0.3599499 -2.72074e-4 0.9547464 -0.2974213 2.98711e-4 0.9036898 -0.4281877 -3.75308e-4 0.9280824 -0.372375 4.12216e-4 0.8694122 -0.4940875 -4.55996e-4 0.8955289 -0.4450031 5.02177e-4 0.830418 -0.5571407 -5.14139e-4 0.8573147 -0.5147926 5.66747e-4 0.7867689 -0.6172476 -5.41683e-4 0.8136311 -0.5813813 6.16614e-4 0.7387862 -0.6739398 -5.54897e-4 0.7648899 -0.6441609 6.39246e-4 0.6867771 -0.726868 -5.43932e-4 0.7112347 -0.7029544 6.35084e-4 0.6309444 -0.7758279 -5.06696e-4 0.6530518 -0.7573131 6.11376e-4 0.5716406 -0.8205041 -4.68943e-4 0.5092371 -0.8606259 8.35132e-4 0.5905725 -0.8069844 5.70374e-4 0.5908041 -0.8068151 8.38882e-5 0.4439125 -0.89607 -5.80289e-4 0.5019652 -0.8648866 0.001507341 0.4266939 -0.9043962 0 0.4266986 -0.904394 4.40124e-6 0.3763036 -0.9264963 -5.59316e-4 0.3931767 -0.919463 -8.70152e-6 0.3588314 -0.9334024 0 0.9999976 -1.34335e-4 0.002209424 0.9999974 -1.77397e-4 0.002272605 -1.2547e-4 -1 0 -1.25352e-4 -1 2.26215e-6 -0.6726173 -0.7399905 2.1092e-6 -0.6726465 -0.739964 0 -0.6726466 -0.739964 0 -0.6725792 -0.7400252 0 0 -1 -2.09841e-6 -1.70381e-4 -1 4.1996e-5 -1.08663e-4 -1 4.78638e-5 -1.92146e-5 -1 -4.1984e-5 -1.67637e-4 -1 0 -0.03959739 -0.9992157 0 0.8877195 0.4603848 0 0.8877196 0.4603845 0 0.9194392 0.3932322 0 0.9194393 0.3932319 0 0.9460766 0.3239432 0 0.9674944 0.2528925 0 0.9835954 0.1803887 0 0.9942656 0.1069391 0 0.9835956 0.1803879 0 0.9994592 0.03288602 0 0.9994592 0.03288525 0 0.9991442 -0.04136413 0 0.9991442 -0.04136335 0 0.9933219 -0.1153764 0 0.9933218 -0.1153771 0 0.9820232 -0.1887605 0 0.9820231 -0.1887612 0 0.9653161 -0.2610841 0 0.9653162 -0.2610837 0 0.9432968 -0.3319506 0 0.9160609 -0.4010394 0 0.9432967 -0.3319509 0 0.8837963 -0.4678722 0 0.916061 -0.401039 0 0.8837959 -0.4678727 0 -0.8570497 -0.5152339 0 -0.8969438 -0.4421447 0 -0.8969438 -0.4421446 0 -0.9306066 -0.3660212 0 -0.9578251 -0.287352 0 -0.9578251 -0.2873519 0 -0.9784108 -0.2066698 0 -0.9784109 -0.2066693 0 -0.9922099 -0.1245782 0 -0.9991335 -0.04162096 0 -0.9922099 -0.1245779 0 -0.9991336 0.04161757 0 -0.9922086 0.1245883 0 -0.9922086 0.1245879 0 -0.9784092 0.2066773 0 -0.9578285 0.2873405 0 -0.9784091 0.2066777 0 -0.9578286 0.2873403 0 -0.9306062 0.366022 0 -0.8969362 0.4421598 0 -0.8570598 0.515217 0 -0.8969364 0.4421598 0 0.02429842 0.9997048 0 0.6767405 0.7362217 0 0.6767398 0.7362223 0 0.7294747 0.6840078 0 0.729474 0.6840086 0 0.7782303 0.6279791 0 0.8226739 0.5685137 0 0.8226746 0.5685126 0 0.8625738 0.5059314 0 0.8977382 0.4405293 0 0.897738 0.44053 0 0.9279379 0.3727349 0 0.9279382 0.3727343 0 0.9530362 0.3028568 0 0.97287 0.2313525 0 0.9728698 0.2313533 0 0.987361 0.1584881 0 0.9963945 0.08484137 0 0.9963945 0.08484214 0 0.9999431 0.01066982 0 0.9979794 -0.06353974 0 0.9905178 -0.1373845 0 0.9979794 -0.06354051 0 0.9905177 -0.1373853 0 -0.3191106 0.9477175 0 -0.3191109 0.9477174 0 0.3045349 -0.9525012 0 -0.6291459 -0.7772873 0 -0.6291466 -0.7772867 0 -0.6915897 -0.7222907 0 -0.6915881 -0.7222921 0 -0.7493134 -0.6622156 0 -0.8017741 -0.5976273 0 -0.8017734 -0.5976283 0 -0.8487327 -0.5288221 0 -0.8897601 -0.4564285 0 -0.9246286 -0.3808702 0 -0.9246292 -0.3808689 0 -0.9531275 -0.302569 0 -0.9749743 -0.2223178 0 -0.9531285 -0.3025662 0 -0.9900917 -0.1404227 0 -0.9983409 -0.05758041 0 -0.9900918 -0.1404219 0 -0.9996709 0.0256567 0 -0.9940707 0.1087359 0 -0.9815848 0.1910273 0 -0.9815847 0.191028 0 0.07351732 -0.997294 0 0.1224345 -0.9924767 0 0.1224344 -0.9924767 0 0.1709598 -0.985278 0 0.2191237 -0.9756972 0 0.9996988 0.02454477 0 0.9972941 0.07351648 0 0.2191236 -0.9756972 0 0.9924765 0.1224347 0 0.997294 0.07351648 0 0.266685 -0.9637839 0 0.266685 -0.9637839 0 0.9852777 0.1709616 0 0.9924765 0.1224347 0 0.313714 -0.9495176 0 0.3598884 -0.9329954 0 0.313714 -0.9495176 0 0.9756972 0.2191234 0 0.9852784 0.170958 0 0.3598885 -0.9329954 0 0.9756972 0.2191234 0 0.4052433 -0.914209 0 0.4495802 -0.89324 0 0.4052436 -0.9142088 0 0.9637835 0.2666862 0 0.9637835 0.2666862 0 0.4495788 -0.8932407 0 0.9495176 0.3137142 0 0.9329964 0.3598858 0 0.4928919 -0.8700906 0 0.4928927 -0.8700902 0 0.5350298 -0.8448333 0 0.9329952 0.359889 0 0.5758015 -0.8175896 0 0.535029 -0.8448337 0 0.9142092 0.4052426 0 0.9142079 0.4052457 0 0.5758015 -0.8175895 0 0.8932402 0.44958 0 0.615243 -0.7883377 0 0.8932401 0.44958 0 0.615243 -0.7883375 0 0.6531592 -0.7572207 0 0.6895487 -0.7242394 0 0.870091 0.4928911 0 0.844833 0.5350301 0 0.6531582 -0.7572215 0 0.6895488 -0.7242393 0 0.844833 0.5350302 0 0.7242394 -0.6895487 0 0.8175885 0.5758031 0 0.817592 0.5757982 0 0.7883352 0.615246 0 0.7572214 -0.6531585 0 0.7883388 -0.6152414 0 0.7883388 0.6152414 0 0.7572214 0.6531585 0 0.7883352 -0.615246 0 0.7242394 0.6895487 0 0.817592 -0.5757982 0 0.8175885 -0.5758031 0 0.844833 -0.5350301 0 0.844833 -0.5350302 0 0.6895488 0.7242393 0 0.6895487 0.7242394 0 0.6531592 0.7572207 0 0.870091 -0.4928911 0 0.6531582 0.7572215 0 0.615243 0.7883377 0 0.8932402 -0.44958 0 0.8932401 -0.44958 0 0.9142092 -0.4052426 0 0.615243 0.7883375 0 0.5758015 0.8175896 0 0.9142079 -0.4052457 0 0.5758015 0.8175895 0 0.9329952 -0.359889 0 0.9329964 -0.3598858 0 0.5350298 0.8448332 0 0.9495176 -0.3137142 0 0.5350289 0.8448339 0 0.4928919 0.8700906 0 0.9637835 -0.2666862 0 0.4495788 0.8932408 0 0.9637835 -0.2666862 0 0.4928927 0.8700902 0 0.9756972 -0.2191234 0 0.4052433 0.914209 0 0.9756972 -0.2191234 0 0.4495803 0.89324 0 0.9852777 -0.1709616 0 0.9924765 -0.1224347 0 0.3598884 0.9329954 0 0.9852784 -0.170958 0 0.4052436 0.9142088 0 0.313714 0.9495176 0 0.9924765 -0.1224347 0 0.3598885 0.9329954 0 0.9972941 -0.07351648 0 0.9996988 -0.02454477 0 0.997294 -0.07351648 0 0.266685 0.9637839 0 0.313714 0.9495176 0 0.2191236 0.9756972 0 0.266685 0.9637839 0 0.1709598 0.985278 0 0.2191237 0.9756972 0 0.1224345 0.9924767 0 0.1224344 0.9924767 0 0.07351726 0.997294 0 0.02454525 0.9996987 0 0.07351732 0.997294 0 -0.02454525 0.9996987 0 -0.07351726 0.997294 0 -0.1224344 0.9924767 0 -0.07351732 0.997294 0 -0.1709598 0.985278 0 -0.1224345 0.9924767 0 -0.2191237 0.9756972 0 -0.2191236 0.9756972 0 -0.266685 0.9637839 0 -0.266685 0.9637839 0 -0.313714 0.9495176 0 -0.313714 0.9495176 0 -0.3598885 0.9329954 0 -0.3598884 0.9329954 0 -0.4052436 0.9142088 0 -0.4052433 0.914209 0 -0.4495803 0.89324 0 -0.4495788 0.8932408 0 -0.4928927 0.8700902 0 -0.4928919 0.8700906 0 -0.5350289 0.8448339 0 -0.5350298 0.8448332 0 -0.5758015 0.8175896 0 -0.5758015 0.8175895 0 -0.615243 0.7883377 0 -0.615243 0.7883375 0 -0.6531582 0.7572215 0 -0.6531592 0.7572207 0 -0.6895488 0.7242393 0 -0.6895487 0.7242394 0 -0.7242394 0.6895487 0 -0.7572214 0.6531585 0 -0.7883388 0.6152414 0 -0.7883352 0.615246 0 -0.817592 0.5757982 0 -0.8175885 0.5758031 0 -0.844833 0.5350301 0 -0.844833 0.5350302 0 -0.870091 0.4928911 0 -0.8932401 0.44958 0 -0.8932402 0.44958 0 -0.9142092 0.4052426 0 -0.9329952 0.359889 0 -0.9142079 0.4052457 0 -0.9495176 0.3137142 0 -0.9329965 0.3598858 0 -0.9637835 0.2666862 0 -0.9637835 0.2666862 0 -0.9756972 0.2191234 0 -0.9852784 0.170958 0 -0.9756972 0.2191234 0 -0.9852777 0.1709616 0 -0.9924765 0.1224347 0 -0.9924765 0.1224347 0 -0.9972941 0.07351648 0 -0.997294 0.07351648 0 -0.9996988 0.02454477 0 -0.9996988 -0.02454477 0 -0.9972941 -0.07351648 0 -0.997294 -0.07351648 0 -0.9924765 -0.1224347 0 -0.9924765 -0.1224347 0 -0.9852777 -0.1709616 0 -0.9852784 -0.170958 0 -0.9756972 -0.2191234 0 -0.9756972 -0.2191234 0 -0.9637835 -0.2666862 0 -0.9637835 -0.2666862 0 -0.9495176 -0.3137142 0 -0.9329964 -0.3598858 0 -0.9142079 -0.4052457 0 -0.9329952 -0.359889 0 -0.8932401 -0.44958 0 -0.9142092 -0.4052426 0 -0.8932402 -0.44958 0 -0.870091 -0.4928911 0 -0.844833 -0.5350301 0 -0.8175885 -0.5758031 0 -0.844833 -0.5350302 0 -0.7883352 -0.615246 0 -0.817592 -0.5757982 0 -0.7883388 -0.6152414 0 -0.7572214 -0.6531585 0 -0.7242394 -0.6895487 0 -0.6895487 -0.7242394 0 -0.6895488 -0.7242393 0 -0.6531582 -0.7572215 0 -0.615243 -0.7883377 0 -0.6531592 -0.7572207 0 -0.5758015 -0.8175896 0 -0.615243 -0.7883375 0 -0.5758015 -0.8175895 0 -0.5350289 -0.8448339 0 -0.4928919 -0.8700906 0 -0.5350298 -0.8448332 0 -0.4928927 -0.8700902 0 -0.4495788 -0.8932408 0 -0.4495803 -0.89324 0 -0.4052433 -0.914209 0 -0.4052436 -0.9142088 0 -0.3598885 -0.9329954 0 -0.3598884 -0.9329954 0 -0.313714 -0.9495176 0 -0.313714 -0.9495176 0 -0.266685 -0.9637839 0 -0.2191236 -0.9756972 0 -0.266685 -0.9637839 0 -0.2191237 -0.9756972 0 -0.1709598 -0.985278 0 -0.1224345 -0.9924767 0 -0.07351732 -0.997294 0 -0.1224344 -0.9924767 0 -0.07351726 -0.997294 0 -0.02454525 -0.9996987 0 0.02454525 -0.9996987 0 0.07351726 -0.997294 0 -5.97565e-7 0 -1 1.79067e-6 0 -1 2.98329e-7 0 -1 2.98496e-7 0 -1 2.39091e-6 0 -1 -2.44477e-6 0 -1 3.81863e-6 0 -1 -2.44076e-6 0 -1 -9.01181e-7 0 -1 -2.43549e-6 0 -1 -1.19816e-6 0 -1 2.43489e-6 0 -1 1.19552e-6 0 -1 -5.97011e-7 0 -1 1.19341e-6 0 -1 1.19499e-6 0 -1 1.1973e-6 0 -1 -2.44191e-6 0 -1 2.38796e-6 0 -1 2.39595e-6 0 -1 2.99558e-7 0 -1 -2.43491e-6 0 -1 -5.23062e-7 0 -1 9.70102e-7 0 -1 8.95046e-7 0 -1 -2.98411e-7 0 -1 -5.97509e-7 0 -1 1.1973e-6 0 -1 -1.45651e-6 0 -1 -4.47676e-7 0 -1 2.44518e-6 0 -1 5.96702e-7 0 -1 1.1939e-6 0 -1 -2.44678e-6 0 -1 -5.97716e-7 0 -1 -5.9899e-7 0 -1 2.44072e-6 0 -1 -1.20152e-6 0 -1 2.39471e-6 0 -1 1.22099e-6 0 -1 1.19369e-6 0 -1 -1.2227e-6 0 -1 2.44456e-6 0 -1 2.44665e-6 0 -1 -2.38679e-6 0 -1 -2.38794e-6 0 -1 -2.4352e-6 0 -1 2.40297e-6 0 -1 -2.39115e-6 0 -1 2.44459e-6 0 -1 -2.44652e-6 0 -1 -1.22258e-6 0 -1 -1.22337e-6 0 -1 1.22342e-6 0 -1 -2.39098e-6 0 -1 -5.9781e-7 0 -1 2.44072e-6 0 -1 5.96991e-7 0 -1 1.19336e-6 0 -1 8.95291e-7 0 -1 -2.44693e-6 0 -1 -8.96274e-7 0 -1 5.23822e-7 0 -1 1.22324e-6 0 -1 -1.22228e-6 0 -1 1.2227e-6 0 -1 -1.19368e-6 0 -1 -1.19735e-6 0 -1 -6.08847e-7 0 -1 -1.83054e-6 0 -1 1.52924e-6 0 -1 3.05859e-7 0 -1 -1.83389e-6 0 -1 2.39017e-6 0 -1 1.22096e-6 0 -1 -2.38998e-6 0 -1 1.22349e-6 0 -1 1.22228e-6 0 -1 -6.10128e-7 0 -1 -2.43489e-6 0 -1 6.06959e-7 0 -1 2.28327e-6 0 -1 3.47045e-6 0 -1 -4.79201e-6 0 -1 2.75037e-6 0 -1 -2.39091e-6 0 -1 -9.17474e-7 0 -1 1.22343e-6 0 -1 -2.38755e-6 0 -1 1.52616e-7 0 -1 3.05655e-7 0 -1 1.22346e-6 0 -1 1.22329e-6 0 -1 -2.38672e-6 0 -1 6.11114e-7 0 -1 -1.83054e-6 0 -1 1.20148e-6 0 -1 1.19549e-6 0 -1 -1.19372e-6 0 -1 1.19514e-6 0 -1 -2.39459e-6 0 -1 6.10486e-7 0 -1 6.1129e-7 0 -1 -3.05853e-7 0 -1 9.17468e-7 0 -1 -7.82996e-7 0 -1 1.82619e-6 0 -1 -2.39595e-6 0 -1 2.44476e-6 0 -1 2.44668e-6 0 -1 -2.44533e-6 0 -1 2.38677e-6 0 -1 2.38791e-6 0 -1 -2.44663e-6 0 -1 -2.44446e-6 0 -1 -1.5174e-7 0 -1 1.06544e-6 0 -1 -1.52563e-7 0 -1 5.34763e-7 0 -1 2.38676e-6 0 -1 -1.83498e-6 0 -1 5.35249e-7 0 -1 -3.05637e-7 0 -1 -1.1951e-6 0 -1 2.44533e-6 0 -1 2.44688e-6 0 -1 1.19333e-6 0 -1 5.96998e-7 0 -1 1.19558e-6 0 -1 5.99078e-7 0 -1 2.43503e-6 0 -1 -6.07002e-7 0 -1 -2.39598e-6 0 -1 1.21765e-6 0 -1 -2.39093e-6 0 -1 1.22039e-6 0 -1 2.3875e-6 0 -1 -2.38996e-6 0 -1 -2.3866e-6 0 -1 -1.22348e-6 0 -1 -2.38801e-6 0 -1 1.22221e-6 0 -1 -1.22035e-6 0 -1 -1.21747e-6 0 -1 1.21399e-6 0 -1 -2.39599e-6 0 -1 1.22051e-6 0 -1 -1.19392e-6 0 -1 1.19372e-6 0 -1 -1.2233e-6 0 -1 9.15702e-7 0 -1 -9.17005e-7 0 -1 -5.97561e-7 0 -1 2.38676e-6 0 -1 -3.82325e-7 0 -1 -1.52899e-6 0 -1 1.19389e-6 0 -1 4.57609e-7 0 -1 -6.08717e-7 0 -1 1.19804e-6 0 -1 2.42789e-6 0 -1 -0.2733129 0.368196 -0.8886686 -0.2754569 0.3668102 -0.8885797 -0.2775281 0.3650655 -0.8886537 -0.2777506 0.364847 -0.888674 -0.2670289 0.3505253 -0.897679 -0.2691007 0.3487855 -0.8977381 -0.258072 0.3339952 -0.9065574 0.9164943 0.4000481 2.56287e-5 0.9164945 0.4000473 0 0.9165192 0.3999908 -9.12959e-6 0.9165281 0.3999702 -1.5565e-5 0.916535 0.3999546 -5.31614e-5 0.9165039 0.4000259 3.34677e-5 0.9165171 0.3999955 -1.85832e-5 0.9165103 0.4000111 3.51042e-5 0.9165153 0.3999999 -5.66593e-5 -0.3622663 0.9320746 0 -0.1474846 0.9890612 0.002494513 -0.3387022 0.9408882 -0.003217101 0.07617217 0.9970878 0.003725826 -0.0729624 0.9973219 -0.005063176 0.3072636 0.951614 0.004459679 0.1983084 0.9801241 -0.005537331 0.5264846 0.8501772 0.003588199 0.4547789 0.8905885 -0.00533986 0.8504051 0.5261266 -0.001433372 0.7071148 0.7070979 0.001177012 0.6777766 0.7352551 -0.004326045 0.9483699 0.3171642 0.001257002 0.8506866 0.5256712 -0.001530766 0.9944866 0.1047992 0.003697454 0.9608005 0.2771931 -0.00515896 0.9939327 -0.1098936 0.0046072 0.9999397 0.008287429 -0.007208764 0.9451516 -0.326614 0.003457486 0.9652635 -0.2611933 -0.006664931 0.8474369 -0.5308962 0 0.8593361 -0.5113929 -0.004342555 0.07309252 -0.1329439 -0.9884247 0.08554702 -0.1177604 -0.9893504 0.153984 -0.1321696 -0.9791937 0.1758564 -0.1351746 -0.975091 0.1879416 -0.1232569 -0.9744156 0.1301977 -0.1310312 -0.9827917 0.1154056 -0.1379141 -0.9836977 0.09485661 -0.1133556 -0.9890161 0.09962594 -0.1060868 -0.9893535 0.145396 -0.1224263 -0.9817698 0.1101887 -0.09965044 -0.9889026 0.1136393 -0.09400677 -0.9890646 0.1311872 -0.1297736 -0.982827 0.1233588 -0.087062 -0.9885357 0.1642984 -0.103091 -0.9810089 0.149187 -0.1136698 -0.9822537 0.1261659 -0.08006668 -0.9887728 0.1672946 -0.09197545 -0.9816074 0.1327517 -0.07298415 -0.9884586 0.1352055 -0.06361985 -0.9887731 0.1408533 -0.05576467 -0.9884588 0.1421126 -0.0461778 -0.9887728 0.1467327 -0.03767496 -0.9884585 0.1467802 -0.02800929 -0.9887726 0.1502991 -0.018992 -0.9884582 0.149132 -0.009373009 -0.9887729 0.1514891 0 -0.988459 0.149132 0.009373009 -0.9887729 -0.2367578 -0.1611635 -0.9581087 0.1502992 0.018992 -0.9884582 0.14678 0.02800929 -0.9887726 0.1467326 0.0376749 -0.9884585 0.1421123 0.0461778 -0.9887728 -0.2210047 -0.1418828 -0.964897 -0.2205259 -0.1325521 -0.9663324 0.1408531 0.05576467 -0.9884588 0.1352055 0.06361985 -0.9887731 0.1612352 0.1143547 -0.9802685 0.1327514 0.07298421 -0.9884586 0.1261665 0.08006674 -0.9887727 0.1541102 0.1176779 -0.9810209 0.138008 0.1269288 -0.9822642 0.1545932 0.1171594 -0.9810069 0.1233521 0.08707779 -0.9885352 0.1139451 0.09426009 -0.9890053 0.1255772 0.1331866 -0.9831031 0.1111734 0.09904909 -0.9888527 0.1306087 0.1287264 -0.9830417 0.09962594 0.1060868 -0.9893535 0.09485554 0.1133556 -0.9890162 0.08887457 0.1540136 -0.9840636 0.1092596 0.1468598 -0.9831047 0.06669348 0.1502906 -0.9863898 0.1154056 0.1379141 -0.9836977 0.08554697 0.1177604 -0.9893504 0.07309186 0.1329439 -0.9884248 -0.1092604 0.1468598 -0.9831045 -0.08887374 0.1540136 -0.9840638 -0.07309252 0.1329439 -0.9884247 -0.08554702 0.1177604 -0.9893504 -0.06669342 0.1502905 -0.9863898 -0.1154056 0.1379141 -0.9836977 -0.09962594 0.1060868 -0.9893535 -0.130271 0.130997 -0.9827865 -0.09485661 0.1133556 -0.9890161 -0.2183387 0.1032834 -0.9703921 -0.2015871 0.1302698 -0.970769 -0.1892796 0.1270601 -0.9736679 -0.2145221 0.1260159 -0.9685559 -0.2151123 0.09662193 -0.9717978 -0.1136484 0.09401518 -0.9890629 -0.1487605 0.1206705 -0.9814831 -0.1102292 0.0996257 -0.9889006 -0.1312017 0.1298079 -0.9828204 -0.1261659 0.08006668 -0.9887728 -0.1233638 0.08704829 -0.9885364 -0.1709724 0.09818279 -0.9803717 -0.1508411 0.1152658 -0.9818151 -0.1352055 0.06361985 -0.9887731 -0.1744005 0.09251385 -0.9803193 -0.1327517 0.07298415 -0.9884586 -0.1723126 0.09473401 -0.9804763 -0.1421126 0.0461778 -0.9887728 -0.1775051 0.07027524 -0.9816076 -0.1408533 0.05576467 -0.9884588 -0.1839995 0.01463311 -0.9828174 -0.1467327 0.03767496 -0.9884585 -0.1361165 0.02597463 -0.9903523 -0.1383004 0.008691906 -0.9903522 -0.1474735 -1.92496e-5 -0.9890661 -0.1627357 0.01645344 -0.9865326 -0.1467012 0.04287415 -0.9882513 -0.1732147 -0.06857734 -0.9824937 -0.1769226 -0.07450246 -0.981401 -0.1903278 -0.0320155 -0.9811985 -0.1742174 -0.04473203 -0.9836907 -0.2118798 -0.0544027 -0.9757804 0.180445 -0.0463311 -0.9824934 0.1672404 -0.06621176 -0.9836903 0.2033907 -0.08053052 -0.9757803 0.1728015 -0.08597248 -0.9811974 0.1869235 -0.04371643 -0.9814013 0.2142962 -0.02866238 -0.9763481 0.1863103 0 -0.982491 0.1784614 -0.02255094 -0.9836885 0.191921 0.00413084 -0.9814017 0.2146608 -0.0244401 -0.9763829 0.1887527 -0.04029303 -0.9811978 0.184863 0.05173981 -0.9814014 0.2147501 0.02914923 -0.976234 0.2141264 0.02507358 -0.9764842 0.192843 0.007914125 -0.9811977 0.1784532 0.02254992 -0.98369 0.1804476 0.04633182 -0.9824928 0.1632616 0.08975815 -0.9824913 0.1848158 0.05562174 -0.981198 0.167246 0.0662139 -0.9836893 -0.06516635 -0.1511448 -0.9863614 0.1661894 0.09608709 -0.9814013 0.2033867 0.08052879 -0.9757812 -0.1873333 0.01827293 -0.9821265 -0.211878 0.05440241 -0.9757808 -0.1742197 0.04473251 -0.9836903 -0.1906096 0.01942956 -0.9814736 -0.1822105 0.06363648 -0.9811981 -0.04721063 -0.1577591 -0.9863485 -0.06021243 -0.1520901 -0.9865309 -0.02859103 -0.1622244 -0.9863396 -0.04065972 -0.1583393 -0.9865473 -0.009580671 -0.1644703 -0.9863355 -0.02047741 -0.1621286 -0.9865572 0 -0.1633945 -0.9865609 0.009580671 -0.1644703 -0.9863355 0.02047741 -0.1621286 -0.9865572 0.02859103 -0.1622244 -0.9863396 0.04065972 -0.1583393 -0.9865473 0.04721069 -0.1577591 -0.9863484 0.2219739 -0.1413018 -0.9647598 0.2380679 -0.1503311 -0.9595438 0.2541287 -0.153175 -0.9549639 0.06021243 -0.1520901 -0.9865309 0.06516635 -0.1511448 -0.9863613 0.2438436 0.1535938 -0.9575747 0.220735 0.1405665 -0.9651514 0.06516635 0.1511448 -0.9863614 0.04721063 0.1577591 -0.9863485 0.06021243 0.1520901 -0.9865309 0.02859103 0.1622244 -0.9863396 0.04065972 0.1583393 -0.9865473 0.009580671 0.1644703 -0.9863355 0.02047741 0.1621286 -0.9865572 -0.009580671 0.1644703 -0.9863355 0 0.1633945 -0.9865609 -0.02859103 0.1622244 -0.9863396 -0.02047741 0.1621286 -0.9865572 -0.2385385 0.1610911 -0.957679 -0.04721069 0.1577591 -0.9863484 -0.04065972 0.1583393 -0.9865473 -0.2220444 0.1449971 -0.9641951 -0.06516635 0.1511448 -0.9863613 -0.06021243 0.1520901 -0.9865309 -0.2210062 0.1325376 -0.9662246 -0.2263846 -0.01473879 -0.9739265 -0.2233734 -0.04428577 -0.9737265 -0.2203228 -0.008371353 -0.9753911 -0.2118227 -0.05438804 -0.9757936 -0.2207755 -0.07378649 -0.9725296 -0.1786801 -0.1352527 -0.9745667 -0.1604894 -0.1317535 -0.9782047 0.2113431 -0.1199663 -0.9700217 0.2165969 -0.1106901 -0.9699658 0.2027727 -0.123557 -0.9713994 0.2095215 -0.0829572 -0.9742786 0.2185682 -0.03324657 -0.9752552 0.2242979 -0.05532264 -0.972949 0.215258 -0.07754665 -0.9734735 0.2258924 0.01108086 -0.9740892 0.2258924 -0.01108086 -0.9740892 0.2152585 0.07754665 -0.9734734 0.2242981 0.05532264 -0.9729491 0.2185685 0.03324681 -0.9752551 0.1995503 0.1241497 -0.971991 0.1755813 0.1222946 -0.9768395 0.216597 0.1106901 -0.9699658 0.2095215 0.0829572 -0.9742786 0.2115449 0.119611 -0.9700216 -0.1537398 0.1275439 -0.9798453 -0.1760938 0.1366763 -0.9748388 -0.2207755 0.07378649 -0.9725296 -0.2203228 0.008371412 -0.9753911 -0.2233733 0.04428577 -0.9737265 -0.2263845 0.01473879 -0.9739265 -0.2118227 0.05438804 -0.9757936 -0.1889533 -0.02004402 -0.9817816 -0.1839995 -0.01463305 -0.9828174 -0.1627357 -0.01645344 -0.9865325 -0.1467013 -0.04287427 -0.9882513 -0.1474735 1.92496e-5 -0.9890661 -0.1382998 -0.008691906 -0.9903523 -0.1361159 -0.02597463 -0.9903523 -0.1893289 -0.127042 -0.9736607 -0.200946 -0.1298948 -0.9709522 -0.2147278 -0.1261512 -0.9684926 -0.2185869 -0.1032772 -0.9703369 -0.215183 -0.09633779 -0.9718104 -0.1467326 -0.0376749 -0.9884585 -0.1421123 -0.0461778 -0.9887728 -0.1743592 -0.09281229 -0.9802983 -0.1352055 -0.06361985 -0.9887731 -0.1408531 -0.05576467 -0.9884588 -0.1724821 -0.09482777 -0.9804375 -0.1327514 -0.07298421 -0.9884586 -0.1712938 -0.09790897 -0.980343 -0.1261665 -0.08006674 -0.9887727 -0.1501275 -0.1205642 -0.981288 -0.1532641 -0.1132187 -0.9816781 -0.1232218 -0.0873996 -0.9885231 -0.1419296 -0.1258963 -0.9818382 -0.1323039 -0.1282556 -0.9828765 -0.1232195 -0.08740061 -0.9885233 -0.1131793 -0.0936262 -0.9891535 -0.1082004 -0.1008637 -0.9889992 -0.1303682 -0.1290497 -0.9830312 -0.1266169 -0.1327021 -0.9830353 -0.09962594 -0.1060868 -0.9893535 -0.09485554 -0.1133556 -0.9890162 -0.08887457 -0.1540136 -0.9840636 -0.1092596 -0.1468598 -0.9831047 -0.1154056 -0.1379141 -0.9836977 -0.08554697 -0.1177604 -0.9893504 -0.07309186 -0.1329439 -0.9884248 -0.06669348 -0.1502906 -0.9863898 0.06669342 -0.1502905 -0.9863898 0.1092604 -0.1468598 -0.9831045 0.08887374 -0.1540136 -0.9840638 -0.1284151 0.9903584 -0.05195987 -0.1302543 0.9901947 -0.05048006 -0.368772 0.9278714 -0.05533671 -0.5647467 0.8244019 -0.03771972 -0.3824467 0.9228276 -0.046085 -0.72936 0.6835802 -0.02742618 -0.6084679 0.7917871 -0.05329233 -0.8595802 0.5106416 -0.01915568 -0.7931279 0.6073396 -0.04568076 -0.9479401 0.318177 -0.01315325 -0.9236688 0.3817597 -0.03310304 -0.9955407 -0.09420341 0.004944741 -0.9930312 0.1173729 -0.01061707 -0.9913718 0.1301727 -0.015401 -0.9502395 -0.3108287 0.02074861 -0.9914128 -0.1307033 -0.004173457 -0.8570199 -0.5141434 0.0342586 -0.9238761 -0.3826618 0.004804909 -0.7202333 -0.6922807 0.04484975 -0.793402 -0.60853 0.01430302 -0.5490544 -0.8342422 0.05078804 -0.6088721 -0.7929191 0.02353894 -0.363329 -0.931131 0.03141868 -0.1919202 -0.9802238 0.04825061 -0.3828958 -0.922549 0.04789954 -0.06409949 -0.9966696 0.05041027 -0.1306521 -0.9912514 0.01873016 -2.76784e-4 -0.9987152 0.05067491 -2.55925e-4 -0.9987163 0.05065339 -2.37699e-4 -0.9987233 0.05051505 0.002195417 -0.05061709 -0.9987158 0.002178609 -0.05060487 -0.9987164 0.002237915 -0.05061763 -0.9987156 0.002157449 -0.05061578 -0.9987159 0.002151012 -0.05061727 -0.9987159 0.002170622 -0.0506094 -0.9987162 0.002170205 -0.05059933 -0.9987167 0.002172827 -0.05061316 -0.998716 0.002182126 -0.05060017 -0.9987166 0.002148568 -0.05061143 -0.9987161 0.002223134 -0.05058163 -0.9987175 0.002177417 -0.05064344 -0.9987145 0.002174079 -0.05060625 -0.9987164 0.002180218 -0.05063241 -0.9987151 0.002190232 -0.05060851 -0.9987162 0.002171576 -0.05061084 -0.9987162 0.002177476 -0.05063223 -0.9987151 0.002159893 -0.0506196 -0.9987157 0.002208352 -0.05061197 -0.9987159 0.002177119 -0.05062925 -0.9987152 0.002138137 -0.05066525 -0.9987135 0.002200543 -0.05059325 -0.9987169 0.002209305 -0.05060243 -0.9987164 0.002206265 -0.05060714 -0.9987162 0.002193212 -0.05061703 -0.9987158 0.002201735 -0.05061066 -0.9987161 0.0022071 -0.05060905 -0.9987162 0.002161622 -0.05060565 -0.9987164 0.002170264 -0.0506072 -0.9987163 0.002151846 -0.05061161 -0.9987162 0.002197027 -0.05064028 -0.9987146 0.002204656 -0.0506286 -0.9987151 0.00216329 -0.05060714 -0.9987164 0.002174317 -0.05060064 -0.9987167 0.002186954 -0.05061876 -0.9987156 0.002212643 -0.0506528 -0.9987139 0.00217688 -0.05061596 -0.9987158 0.00217688 -0.05062007 -0.9987156 0.002185106 -0.05062723 -0.9987152 0.002175629 -0.05060231 -0.9987166 0.002160906 -0.05055946 -0.9987188 0.00219053 -0.05063372 -0.9987149 0.002185285 -0.05059438 -0.9987169 0.002193152 -0.05067926 -0.9987127 0.00216788 -0.05060541 -0.9987164 0.002193212 -1.21948e-7 -0.9999976 0.002193212 0 -0.9999977 0.002193212 0 -0.9999976 0.002193272 0 -0.9999976 0.002193212 0 -0.9999977 0.002193093 0 -0.9999976 0.002193391 0 -0.9999976 2.44652e-6 0 -1 -2.44458e-6 0 -1 -1.20148e-6 0 -1 2.43519e-6 0 -1 2.38794e-6 0 -1 2.3868e-6 0 -1 -2.44665e-6 0 -1 0.002193212 0 -0.9999977 0.00219345 0 -0.9999976 0.002193272 0 -0.9999976 0.002193093 1.26614e-7 -0.9999977 0.002192854 -2.77042e-7 -0.9999977 0.002193212 0 -0.9999977 -0.5969026 0.8023138 0 -0.4998073 0.8661367 0 -0.3959167 0.9182865 0 -0.2866948 0.958022 0 -0.3959168 0.9182864 0 -0.173571 0.9848214 0 -0.05815088 0.9983079 0 -0.1735709 0.9848214 0 0.05815088 0.9983079 0 0.1735709 0.9848214 0 0.2866948 0.958022 0 0.173571 0.9848214 0 0.3959168 0.9182864 0 0.4998073 0.8661367 0 0.3959167 0.9182865 0 0.5969026 0.8023138 0 -0.8455896 -0.5338336 0 -0.9430169 -0.3327227 0.00384885 -0.859334 -0.5113918 -0.0048545 -0.9940696 -0.1086194 0.005239486 -0.9652622 -0.2611926 -0.00688225 -0.9924117 0.1228601 0.004935145 -0.9999396 0.008285939 -0.007221519 -0.9396957 0.3420016 0.002663671 -0.9607945 0.2771906 -0.006288051 -0.6979652 0.7161306 0.001321554 -0.8436924 0.5368256 -0.001291453 -0.8506822 0.5256691 -0.003442406 -0.497333 0.8675558 0.002638697 -0.6777792 0.7352598 -0.002887487 -0.273436 0.9618853 0.003093779 -0.4547819 0.8905948 -0.003807544 -0.05835682 0.9982911 0.003057777 -0.1983088 0.9801266 -0.005072951 0.1338304 0.9910039 7.34188e-4 0.2864876 0.9580838 -6.57323e-4 0.07296234 0.9973212 -0.005190312 0.4069063 0.9134699 0 0.3386992 0.94088 -0.005284905 -0.9164943 0.4000481 2.56287e-5 -0.9164941 0.4000482 0 -0.9165192 0.3999907 -9.12959e-6 -0.9165284 0.3999696 -1.53179e-5 -0.916535 0.3999546 -5.31614e-5 -0.9165039 0.400026 3.41798e-5 -0.9165173 0.3999952 -1.85833e-5 -0.9165103 0.4000113 3.51042e-5 -0.9165153 0.3999999 -5.7342e-5 0.6913132 0.7225553 0 0.6913132 0.7225553 0 -0.4027823 0.9152956 6.18352e-4 -0.4886621 0.8724728 -7.79036e-4 -0.4844512 0.8748183 0 -0.3871376 0.9220213 -0.001124143 -0.2788572 0.9603288 0.002722978 -0.2852524 0.958451 0.00169456 -0.1117283 0.9937335 0.003269374 -0.1801475 0.9836387 -0.001371026 -0.072847 0.9973432 -1.79706e-4 0.06761932 0.9977059 0.003284573 0.03537613 0.9993741 2.04251e-4 0.1430796 0.9897108 -9.0697e-4 0.2537803 0.9672594 0.002195298 0.24908 0.9684815 0.001693725 0.405032 0.9143015 0.001336395 0.3522767 0.9358955 -9.3042e-4 0.5189981 0.8547747 0.001164495 0.4512743 0.892385 -8.89389e-4 0.6244125 0.7810944 7.169e-4 0.5450443 0.838407 -5.80995e-4 0.6323811 0.7746576 0 -0.8946152 0.4468375 0 -0.8946153 0.4468373 0 0.5717157 -0.8204519 2.81007e-4 0.5712219 -0.8207958 0 0.5051794 -0.8630143 4.53394e-4 0.5032874 -0.864119 -3.06274e-4 0.4148877 -0.9098548 -0.005711793 0.4321524 -0.9018006 -4.75711e-4 0.3582732 -0.9336153 0.00172013 0.284847 -0.9585687 -0.002873361 0.2819593 -0.9594195 -0.003638386 0.1514382 -0.9884601 -0.00365287 0.203874 -0.9789963 0.001319944 0.1245185 -0.9922173 -3.17386e-4 0.007055222 -0.9999681 -0.003764033 0.04429644 -0.9990185 2.66706e-4 -0.03628724 -0.9993414 1.61819e-4 -0.1455886 -0.9893404 -0.003074645 -0.1165468 -0.9931852 -1.75807e-4 -0.1959472 -0.9806144 4.172e-4 -0.2902942 -0.9569351 -0.002110719 -0.2742954 -0.9616453 -5.65271e-4 -0.4194002 -0.9077998 -0.001808226 -0.3506961 -0.9364891 7.94365e-4 -0.4249133 -0.9052334 -0.001180589 -0.5405056 -0.8413372 -0.002328395 -0.4963429 -0.8681264 6.53175e-4 -0.5646145 -0.8253547 0 -0.9164943 -0.4000481 2.56287e-5 -0.9164945 -0.4000473 0 -0.9165192 -0.3999908 -9.12959e-6 -0.9165281 -0.3999702 -1.5565e-5 -0.916535 -0.3999546 -5.31614e-5 -0.9165039 -0.4000259 3.34677e-5 -0.9165171 -0.3999955 -1.85832e-5 -0.9165103 -0.4000111 3.51042e-5 -0.9165153 -0.3999999 -5.66593e-5 0.2733129 -0.368196 -0.8886686 0.2754569 -0.3668102 -0.8885797 0.2775281 -0.3650655 -0.8886537 0.2777506 -0.364847 -0.888674 0.2670289 -0.3505253 -0.897679 0.2691007 -0.3487855 -0.8977381 0.258072 -0.3339952 -0.9065574 0.2775281 0.3650655 -0.8886537 0.2754569 0.3668102 -0.8885797 0.2733113 0.3681939 -0.88867 0.2777506 0.364847 -0.888674 0.2691007 0.3487855 -0.8977381 0.2670297 0.3505242 -0.8976793 0.258072 0.3339952 -0.9065574 0.3631823 -0.9317182 0 0.1507064 -0.9885754 0.002519011 0.3387017 -0.940888 -0.003313422 -0.07196575 -0.9974001 0.003781259 0.07296246 -0.9973215 -0.005150914 -0.2986184 -0.9543646 0.003904044 -0.1983085 -0.9801242 -0.005512535 -0.509288 -0.860593 0.002358376 -0.6520552 -0.7581688 -0.002065777 -0.4547792 -0.8905906 -0.004926264 -0.8519079 -0.5236899 -0.00146538 -0.7421051 -0.6702833 6.0453e-4 -0.6777707 -0.7352502 -0.005850136 -0.9547015 -0.2975639 9.74385e-4 -0.850686 -0.5256733 -0.001031935 -0.9982061 -0.05982315 0.002420067 -0.9608094 -0.2771951 -0.002875685 -0.9870851 0.1601485 0.00392723 -0.9999493 -0.008286595 -0.005713939 -0.9331899 0.3593625 0.003895998 -0.8676452 0.4971593 -0.004948079 -0.9652571 0.2611918 -0.0075984 -0.8121563 0.5834401 0 -0.8593215 0.5113831 -0.007356286 2.5824e-4 0.998719 -0.05059945 2.47919e-4 0.9987185 -0.05060982 2.58215e-4 0.9987207 -0.05056726 0.002192258 -0.05062991 -0.9987152 0.002171277 -0.05070173 -0.9987115 0.002159655 -0.0506007 -0.9987167 0.002166986 -0.05059283 -0.998717 0.002168118 -0.05059319 -0.998717 0.002159893 -0.05060064 -0.9987167 0.002192854 -0.05054718 -0.9987193 0.002167522 -0.05068439 -0.9987124 0.002215623 -0.05060607 -0.9987162 0.002251803 -0.05062663 -0.9987151 0.002136766 -0.05063503 -0.998715 0.002158999 -0.05061709 -0.9987158 0.00217837 -0.05060529 -0.9987164 0.00218302 -0.05058413 -0.9987175 0.002165138 -0.050628 -0.9987153 0.002171695 -0.05061161 -0.9987161 0.00216794 -0.05061644 -0.9987158 0.002155959 -0.05060833 -0.9987163 0.002135515 -0.05062568 -0.9987154 0.002197861 -0.0505886 -0.9987173 0.002175807 -0.05060762 -0.9987163 0.002177834 -0.05062556 -0.9987154 0.00225991 -0.05058711 -0.9987171 0.002171218 -0.05063128 -0.9987151 0.002198219 -0.05058741 -0.9987173 0.002184331 -0.05060863 -0.9987162 0.002106189 -0.0506227 -0.9987157 0.00216794 -0.05061 -0.9987162 0.002168476 -0.05060589 -0.9987164 0.002251684 -0.05062639 -0.9987152 0.002179026 -0.05063205 -0.998715 0.002174556 -0.05059874 -0.9987168 0.002153933 -0.05062156 -0.9987156 0.00217247 -0.05059784 -0.9987168 0.002186119 -0.05060052 -0.9987166 0.002175211 -0.05061841 -0.9987157 0.002150654 -0.05058312 -0.9987176 0.002183437 -0.05061542 -0.9987158 0.002187192 -0.05063521 -0.9987148 0.002185702 -0.05063384 -0.9987149 0.002185344 -0.05065935 -0.9987136 0.002158343 -0.05059307 -0.9987171 0.00217998 -0.05060923 -0.9987162 0.00218141 -0.05062711 -0.9987152 0.00223875 -0.05064469 -0.9987143 -1.93256e-4 -0.9987183 0.05061459 -2.68707e-4 -0.9987224 0.0505349 -2.51532e-4 -0.9987187 0.05060523 0.1281704 -0.990604 0.04770904 0.130254 -0.990195 0.05047446 0.3783181 -0.9245007 0.04662674 0.3824681 -0.9225917 0.0504263 0.6056846 -0.7946802 0.04036849 0.6085152 -0.7924033 0.04250127 0.784441 -0.6196141 0.02702999 0.9045557 -0.4254302 0.02807724 0.7931971 -0.6080269 0.03378874 0.9772651 -0.2109701 0.02108877 0.9237639 -0.3827928 0.01140785 0.999861 0.01308673 0.01034659 0.9913652 -0.1310946 -0.003066062 0.9764004 0.2159373 -0.00367856 0.9225751 0.3849698 -0.02556705 0.9914304 0.1295408 -0.01688486 0.8474733 0.5304034 -0.02147585 0.9239681 0.3817042 -0.02418404 0.7614834 0.6473771 -0.03234374 0.6508173 0.7583941 -0.03571063 0.7934564 0.6071521 -0.04234766 0.5056407 0.8620436 -0.03476107 0.6089202 0.7914258 -0.05349451 0.350466 0.9353076 -0.04871726 0.2014415 0.9783393 -0.04768055 0.3829146 0.9217736 -0.06091058 0.06766605 0.9964374 -0.05033737 0.1308016 0.9887006 -0.0732277 0.5969026 -0.8023138 0 0.4998073 -0.8661367 0 0.3959168 -0.9182864 0 0.3959167 -0.9182865 0 0.2866948 -0.958022 0 0.173571 -0.9848214 0 0.05815088 -0.9983079 0 0.1735709 -0.9848214 0 -0.05815088 -0.9983079 0 -0.1735709 -0.9848214 0 -0.2866948 -0.958022 0 -0.173571 -0.9848214 0 -0.3959168 -0.9182864 0 -0.4998073 -0.8661367 0 -0.3959167 -0.9182865 0 -0.5969026 -0.8023138 0 0.8474369 0.5308962 0 0.9451516 0.326614 0.003457486 0.8593361 0.5113929 -0.004342615 0.9939327 0.1098936 0.0046072 0.9652635 0.2611933 -0.006664872 0.9940746 -0.1086217 0.004130959 0.9999397 -0.008287429 -0.007208704 0.9462994 -0.323288 0.00158441 0.9607983 -0.2771935 -0.005527496 0.6983516 -0.7157538 0.001315414 0.8489628 -0.5284509 -0.001402616 0.8506852 -0.5256718 -0.001985073 0.5050656 -0.8630774 0.002513825 0.6777803 -0.7352586 -0.002955019 0.300129 -0.9538936 0.003108143 0.4547805 -0.890592 -0.00455296 0.1008626 -0.9948974 0.002435505 0.1983082 -0.9801239 -0.005586802 -0.0864858 -0.996251 -0.002093017 -0.2514222 -0.9678768 0.001224219 -0.07296282 -0.9973275 -0.003781557 -0.3965421 -0.9180166 0 -0.3386988 -0.94088 -0.00528711 0.9164943 -0.4000481 2.56287e-5 0.9164941 -0.4000482 0 0.9165192 -0.3999907 -9.12959e-6 0.9165284 -0.3999696 -1.53179e-5 0.916535 -0.3999546 -5.31614e-5 0.9165039 -0.400026 3.41798e-5 0.9165173 -0.3999952 -1.85833e-5 0.9165103 -0.4000113 3.51042e-5 0.9165153 -0.3999999 -5.7342e-5 -0.8946153 -0.4468373 0 -0.8946152 -0.4468374 0 0.6220859 -0.7829456 0.002314627 0.6323809 -0.7746577 0 0.5088152 -0.8608707 0.002963304 0.545044 -0.838406 -0.001621544 0.3711535 -0.9285657 0.003282964 0.4512735 -0.8923841 -0.001709401 0.3522768 -0.9358956 8.25428e-4 0.2083183 -0.9780555 0.003307342 0.2490803 -0.9684827 -6.41105e-4 0.1430796 -0.9897107 -0.001033425 0.02905541 -0.9995744 0.002633273 0.03537607 -0.9993724 0.001878678 -0.07284694 -0.9973427 -0.001069128 -0.1608549 -0.9869773 0.001206994 -0.1801465 -0.9836332 0.003610134 -0.3028262 -0.9530458 4.07864e-4 -0.2852528 -0.9584522 -6.16436e-4 -0.3973183 -0.9176809 2.21349e-4 -0.387138 -0.9220217 -4.47934e-4 -0.4876812 -0.8730219 0 -0.4844513 -0.8748182 -2.41075e-4 0.7071067 -0.7071069 0 0.7071066 -0.7071071 0 -0.554208 0.8323673 -0.004283726 -0.5647772 0.8252434 0 -0.4571816 0.8893638 -0.004139423 -0.4970495 0.8677192 0.002329826 -0.4260379 0.9047047 0.001105964 -0.3429048 0.9393625 -0.003813922 -0.3523368 0.935872 -0.00161159 -0.2764593 0.9610246 0.001422882 -0.2093429 0.9778409 -0.001714468 -0.1987125 0.9800497 -0.00399667 -0.06752264 0.997711 -0.00369203 -0.1197724 0.9928011 8.58356e-4 -0.03996467 0.9992009 -6.81485e-4 0.08572256 0.9963142 -0.003148615 0.03996467 0.9992009 4.99607e-4 0.1197724 0.9928014 -2.27362e-4 0.2035219 0.9790704 -1.65813e-4 0.198714 0.9800576 2.00624e-4 0.2803196 0.9599068 -1.34138e-4 0.2764596 0.9610255 1.69466e-4 0.3552718 0.9347631 -1.02954e-4 0.3523371 0.9358732 1.36902e-4 0.4280896 0.9037364 -7.22423e-5 0.4260383 0.9047051 1.03379e-4 0.4981489 0.8670915 -3.2145e-5 0.4970505 0.8677216 6.70281e-5 0.5651717 0.8249733 0 0.5647773 0.8252435 3.79233e-5 2.43549e-4 0.9987176 -0.05062878 2.43375e-4 0.9987176 -0.05062723 2.48507e-4 0.9987166 -0.05064684 -0.2775281 -0.3650655 -0.8886537 -0.2754569 -0.3668102 -0.8885797 -0.2733113 -0.3681939 -0.88867 -0.2777506 -0.364847 -0.888674 -0.2691007 -0.3487855 -0.8977381 -0.2670297 -0.3505242 -0.8976793 -0.258072 -0.3339952 -0.9065574 0.002193212 0 -0.9999977 0.002193331 -3.86321e-7 -0.9999976 0.002192854 0 -0.9999976 0.002193152 0 -0.9999976 0.002193272 0 -0.9999977 0.002193272 0 -0.9999976 0.002193212 0 -0.9999977 0.00219345 0 -0.9999977 1.2233e-6 0 -1 -2.38744e-6 0 -1 1.19392e-6 0 -1 1.198e-6 0 -1 2.43494e-6 0 -1 -2.44442e-6 0 -1 1.194e-6 0 -1 2.44694e-6 0 -1 1.1933e-6 0 -1 1.19498e-6 0 -1 1.21765e-6 0 -1 1.21744e-6 0 -1 -1.21394e-6 0 -1 5.99092e-7 0 -1 4.48359e-7 0 -1 2.44638e-6 0 -1 6.11283e-7 0 -1 -1.49172e-6 0 -1 -3.73017e-7 0 -1 -8.96246e-7 0 -1 8.97933e-7 0 -1 0.002193212 -2.91552e-7 -0.9999977 -2.9877e-7 0 -1 -2.98442e-7 0 -1 2.44664e-6 0 -1 -1.86466e-6 0 -1 5.96952e-7 0 -1 5.23033e-7 0 -1 -1.49759e-7 0 -1 1.05129e-6 0 -1 2.44663e-6 0 -1 -2.38791e-6 0 -1 -2.38677e-6 0 -1 2.44534e-6 0 -1 -1.19375e-6 0 -1 -2.44077e-6 0 -1 1.19547e-6 0 -1 1.19799e-6 0 -1 -1.82627e-6 0 -1 6.10155e-7 0 -1 -2.39116e-6 0 -1 1.22222e-6 0 -1 6.11651e-7 0 -1 -1.22345e-6 0 -1 -1.22267e-6 0 -1 2.3902e-6 0 -1 3.05621e-7 0 1 1.41746e-6 0 1 2.34858e-7 0 1 1.86666e-7 0 1 1.56449e-7 0 1 -8.73182e-7 0 1 0 0 1 -4.97051e-7 0 1 -3.12569e-7 0 1 2.49693e-7 0 1 -1.00014e-6 0 1 3.12519e-7 0 1 -2.48111e-7 0 1 -9.99716e-7 0 1 -5.00377e-7 0 1 -1.24995e-7 0 1 5.13514e-7 0 1 5.00167e-7 0 1 -2.49275e-7 0 1 1.97244e-6 0 1 -9.98108e-7 0 1 1.24856e-7 0 1 3.75076e-7 0 1 1.97687e-6 0 1 -1.00014e-6 0 1 -1.2382e-6 0 1 7.49928e-7 0 1 5.13955e-7 0 1 3.74949e-7 0 1 1.25136e-7 0 1 -1.97687e-6 0 1 1.98112e-6 0 1 -9.99904e-7 0 1 -5.13956e-7 0 1 -1.25023e-7 0 1 1.50022e-6 0 1 3.12578e-7 0 1 9.98108e-7 0 1 -2.50704e-7 0 1 -1.47933e-6 0 1 -2.56757e-7 0 1 5.0009e-7 0 1 6.87598e-7 0 1 1.00333e-6 0 1 0 0 1 9.99715e-7 0 1 1.00075e-6 0 1 -4.99614e-7 0 1 1.56149e-7 0 1 2.3407e-7 0 1 -2.56459e-7 0 1 9.97922e-7 0 1 3.04034e-7 0 1 0 0 1 1.9938e-6 0 1 -1.9938e-6 0 1 -3.05621e-7 0 1 0 0 1 -2.34858e-7 0 1 -1.56449e-7 0 1 2.56459e-7 0 1 0 0 1 1.00014e-6 0 1 3.12569e-7 0 1 -3.12519e-7 0 1 1.24995e-7 0 1 2.56757e-7 0 1 -1.98112e-6 0 1 -3.75076e-7 0 1 5.13956e-7 0 1 -1.97687e-6 0 1 1.00014e-6 0 1 -1.25136e-7 0 1 -1.97244e-6 0 1 2.50704e-7 0 1 4.9831e-7 0 1 -1.00333e-6 0 1 -5.00167e-7 0 1 9.99716e-7 0 1 5.00377e-7 0 1 -5.0071e-7 0 1 4.99614e-7 0 1 -1.00075e-6 0 1 -9.99715e-7 0 1 5.01666e-7 0 1 2.49275e-7 0 1 -5.0009e-7 0 1 1.47933e-6 0 1 -1.24856e-7 0 1 -1.50022e-6 0 1 -1.02791e-6 0 1 1.97687e-6 0 1 -3.74949e-7 0 1 -7.49928e-7 0 1 1.25023e-7 0 1 1.2382e-6 0 1 -3.12578e-7 0 1 -6.87598e-7 0 1 2.48111e-7 0 1 0 0 1 -2.49693e-7 0 1 -1.56149e-7 0 1 4.97051e-7 0 1 -2.3407e-7 0 1 8.73182e-7 0 1 -3.04034e-7 0 1 -1.86666e-7 0 1 -1.41746e-6 0 1 -0.9980309 -0.06272578 0 -0.9980309 -0.06272393 0 -0.9822756 -0.1874427 0 -0.982276 -0.1874409 0 -0.9510511 -0.3090337 0 -0.9510511 -0.3090338 0 -0.9048344 -0.4257637 0 -0.904834 -0.4257646 0 -0.8443318 -0.5358209 0 -0.8443312 -0.5358217 0 -0.7705268 -0.6374077 0 -0.7705259 -0.6374089 0 -0.6845607 -0.728956 0 -0.6845597 -0.7289568 0 -0.5877329 -0.809055 0 -0.5877329 -0.8090551 0 -0.4817764 -0.8762943 0 -0.4817764 -0.8762942 0 -0.3681023 -0.9297854 0 -0.3681023 -0.9297853 0 -0.2487156 -0.9685767 0 -0.2487156 -0.9685766 0 -0.1253062 -0.9921182 0 0 -1 0 0.1253062 -0.9921182 0 0.1253062 -0.9921182 0 0.2487156 -0.9685766 0 0.2487156 -0.9685767 0 0.3681021 -0.9297854 0 0.3681024 -0.9297853 0 0.4817762 -0.8762943 0 0.4817765 -0.8762941 0 0.5877329 -0.8090551 0 0.5877329 -0.809055 0 0.6845607 -0.728956 0 0.6845597 -0.7289568 0 0.7705267 -0.6374077 0 0.8443312 -0.5358217 0 0.7705259 -0.6374088 0 0.8443318 -0.5358209 0 0.904834 -0.4257646 0 0.9510511 -0.3090338 0 0.9048344 -0.4257637 0 0.982276 -0.1874409 0 0.9510511 -0.3090337 0 0.9822756 -0.1874427 0 0.9980309 -0.06272393 0 0.9980309 -0.06272578 0 0.9980309 0.06272578 0 0.9980309 0.06272393 0 0.9822756 0.1874427 0 0.982276 0.1874409 0 0.9510511 0.3090338 0 0.9510511 0.3090337 0 0.9048345 0.4257638 0 0.904834 0.4257645 0 0.8443316 0.535821 0 0.8443313 0.5358216 0 0.7705267 0.6374077 0 0.7705259 0.6374088 0 0.6845607 0.728956 0 0.6845597 0.7289568 0 0.5877329 0.8090551 0 0.5877329 0.809055 0 0.4817762 0.8762943 0 0.4817765 0.8762941 0 0.3681021 0.9297854 0 0.3681024 0.9297853 0 0.2487156 0.9685767 0 0.2487156 0.9685766 0 0.1253062 0.9921182 0 0.1253062 0.9921182 0 -0.1253062 0.9921182 0 -0.2487156 0.9685766 0 -0.2487156 0.9685767 0 -0.3681023 0.9297853 0 -0.3681023 0.9297854 0 -0.4817764 0.8762942 0 -0.4817764 0.8762943 0 -0.5877329 0.8090551 0 -0.5877329 0.809055 0 -0.6845597 0.7289568 0 -0.6845607 0.728956 0 -0.7705259 0.6374089 0 -0.7705268 0.6374077 0 -0.8443312 0.5358217 0 -0.8443318 0.5358209 0 -0.904834 0.4257646 0 -0.9048344 0.4257637 0 -0.9510511 0.3090338 0 -0.982276 0.1874409 0 -0.9510511 0.3090337 0 -0.9980309 0.06272393 0 -0.9822756 0.1874427 0 -0.9980309 0.06272578 0 -0.4257543 -0.9037258 0.04486656 -0.6373984 -0.7696162 0.03760802 -0.6375113 -0.7695224 0.03761446 -0.8090882 -0.5870202 0.02799117 -0.9921209 0.1249951 -0.008511543 -0.8089452 -0.5872178 0.02798271 -0.9297477 -0.367823 0.01660025 -0.9297541 0.3676005 -0.02066951 -0.9921208 0.1249958 -0.008511483 -0.9921194 -0.1252269 0.004168868 -0.9297451 -0.3678294 0.01660001 -0.8090479 0.5868971 -0.03151839 -0.929752 0.3676058 -0.02066951 -0.9921207 -0.1252163 0.004168987 -0.6374158 0.7694612 -0.0403822 -0.8089401 0.587046 -0.0315113 -0.425796 0.9036121 -0.04672271 -0.6374601 0.7694243 -0.04038488 -0.1873068 0.9810217 -0.05012559 -0.4258323 0.9035949 -0.04672515 0.06278419 0.9967547 -0.05038118 -0.1874027 0.9810031 -0.05013263 0.30894 0.9498965 -0.04746288 0.06287002 0.9967497 -0.05037492 0.5358663 0.8432794 -0.04155963 0.3089558 0.9498916 -0.0474596 0.7289507 0.6837679 -0.03305166 0.5358756 0.8432735 -0.0415588 0.8763025 0.4812371 -0.02246612 0.7289425 0.6837766 -0.03305298 0.9685983 0.2484109 -0.01046365 0.8763028 0.4812368 -0.02246552 0.9685472 0.2486091 -0.01048988 0.9999977 1.10301e-4 0.002172052 0.9999977 1.11662e-4 0.002172052 0.9685937 -0.248215 0.01468831 0.968544 -0.2484073 0.01471352 0.8763007 -0.4810461 0.02630072 0.8763091 -0.4810312 0.02629846 0.728972 -0.6835836 0.0362401 0.7289673 -0.6835885 0.03624194 0.5358712 -0.8431575 0.04390436 0.5358055 -0.8431988 0.04391229 0.3090023 -0.9498076 0.04881781 0.3090319 -0.9497981 0.04881542 0.0627526 -0.9967428 0.05065625 0.0628364 -0.9967378 0.05064958 -0.1873338 -0.9810581 0.04930639 -0.1874265 -0.9810401 0.04931247 -0.425809 -0.9036999 0.04487007 0.7070973 -1.12693e-6 -0.7071163 0.7070955 0 -0.7071182 0.7071232 -4.5698e-6 -0.7070904 0.7071114 1.44343e-6 -0.7071023 0.7071065 4.36654e-7 -0.7071071 0.7071248 -4.09895e-6 -0.7070888 0.707107 0 -0.7071066 0.707106 0 -0.7071076 0.7070879 -1.32705e-5 -0.7071257 0.7071066 0 -0.707107 0.7070919 -1.1219e-5 -0.7071217 0.7071298 3.10848e-7 -0.7070838 0.7071308 4.03327e-5 -0.7070828 6.47769e-7 0 -1 -0.6374069 -0.7696092 0.03760778 -0.637458 -0.7695666 0.0376107 -0.8090002 -0.5871416 0.0279929 -0.9921209 0.1249951 -0.008510351 -0.8089531 -0.5872067 0.02798998 -0.9297783 -0.3677452 0.01660418 -0.9297861 0.3675201 -0.02066433 -0.99212 0.1250026 -0.008510291 -0.992119 -0.1252298 0.004170298 -0.9297487 -0.3678206 0.01660162 -0.8089815 0.5869888 -0.0315144 -0.9297499 0.3676119 -0.02066117 -0.9921213 -0.125212 0.004170358 -0.6374202 0.7694576 -0.04038202 -0.8089381 0.5870488 -0.03151154 -0.4257937 0.9036132 -0.04672342 -0.6374747 0.7694122 -0.04038536 -0.1874044 0.9810032 -0.05012232 -0.4257535 0.9036323 -0.0467208 0.06287813 0.9967492 -0.05037409 -0.1874364 0.980997 -0.05012434 0.3089361 0.9498972 -0.0474739 0.06276512 0.9967558 -0.05038326 0.5358674 0.8432788 -0.04155987 0.3091058 0.9498429 -0.04745757 0.7289306 0.683789 -0.0330587 0.5357995 0.8433215 -0.04156756 0.876309 0.4812254 -0.02246302 0.7289971 0.6837187 -0.03304737 0.9685941 0.2484269 -0.01046586 0.8762879 0.4812636 -0.02246814 0.9685497 0.2485991 -0.01048982 0.9999977 1.04495e-4 0.002172052 0.9999977 1.11547e-4 0.002172052 0.9685944 -0.2482122 0.01468884 0.9685449 -0.2484039 0.01471179 0.8763107 -0.4810281 0.02629888 0.8763056 -0.4810374 0.02629989 0.7289629 -0.6835933 0.03624105 0.7289721 -0.6835835 0.03624069 0.5358107 -0.8431959 0.04390537 0.5358046 -0.8431997 0.04390549 0.3089986 -0.9498091 0.04881113 0.3090851 -0.9497814 0.04880303 0.06284254 -0.9967375 0.05064761 0.06273597 -0.9967438 0.05065703 -0.1874247 -0.9810404 0.04931193 -0.1873672 -0.9810516 0.04930806 -0.4258034 -0.9037026 0.0448693 -0.4257665 -0.9037201 0.04486697 -0.7071066 0 -0.7071071 -0.7071079 -5.50183e-7 -0.7071056 -0.7071051 -6.08281e-6 -0.7071086 -0.7071167 -8.30704e-6 -0.7070969 -0.7071034 -6.61203e-6 -0.7071102 -0.7071058 -6.51624e-6 -0.7071079 -0.7071089 2.84601e-7 -0.7071048 -0.7070959 -2.84189e-6 -0.7071177 -0.7071182 1.48736e-6 -0.7070954 -0.7071128 -1.22437e-6 -0.7071008 -0.7071043 0 -0.7071093 -0.7071089 3.16253e-6 -0.7071048 1.12683e-6 0 -1 2.18282e-6 0 -1 -1.12885e-6 0 -1 -1.12961e-6 0 -1 2.25869e-7 0 -1 -4.51268e-7 0 -1 9.02323e-7 0 -1 -0.999647 -0.02657282 0 -0.9968327 -0.07952791 0 -0.9911997 -0.1323753 0 -0.9827764 -0.1847988 0 -0.9911993 -0.132379 0 -0.971586 -0.2366871 0 -0.9827764 -0.1847988 0 -0.9576577 -0.2879094 0 -0.9410163 -0.3383614 0 -0.9576578 -0.2879094 0 -0.9410151 -0.3383647 0 -0.9217226 -0.38785 0 -0.8998622 -0.4361745 0 -0.9217212 -0.3878532 0 -0.8998622 -0.4361745 0 -0.8754324 -0.4833406 0 -0.8485333 -0.529142 0 -0.8754341 -0.4833377 0 -0.8192765 -0.5733987 0 -0.8485342 -0.5291406 0 -0.8192757 -0.5733999 0 -0.7876365 -0.6161403 0 -0.7876365 -0.6161402 0 -0.7538872 -0.6570039 0 -0.7179068 -0.6961393 0 -0.7538873 -0.6570039 0 -0.717905 -0.6961412 0 -0.6799649 -0.7332447 0 -0.6799649 -0.7332447 0 -0.6401075 -0.7682855 0 -0.6401083 -0.7682847 0 -0.5983704 -0.8012197 0 -0.5983722 -0.8012183 0 -0.5983704 0.8012197 0 -0.5983722 0.8012183 0 -0.6401074 0.7682855 0 -0.6401084 0.7682846 0 -0.6799649 0.7332447 0 -0.6799649 0.7332447 0 -0.7179068 0.6961393 0 -0.7538872 0.6570039 0 -0.717905 0.6961412 0 -0.7538873 0.6570039 0 -0.7876365 0.6161403 0 -0.7876365 0.6161402 0 -0.8192765 0.5733987 0 -0.8192757 0.5733999 0 -0.8485333 0.529142 0 -0.8485342 0.5291406 0 -0.875434 0.4833377 0 -0.8754326 0.4833405 0 -0.8998622 0.4361745 0 -0.9217226 0.38785 0 -0.8998622 0.4361745 0 -0.9410151 0.3383647 0 -0.9217212 0.3878532 0 -0.9410163 0.3383614 0 -0.9576577 0.2879094 0 -0.9576578 0.2879094 0 -0.971586 0.2366871 0 -0.9827764 0.1847988 0 -0.9827764 0.1847988 0 -0.9911993 0.132379 0 -0.9911997 0.1323753 0 -0.9968327 0.07952791 0 -0.999647 0.02657282 0 -6.47958e-6 0 1 7.89272e-6 0 1 -5.77427e-6 0 1 1.75133e-7 0 1 0 0 1 -1.52877e-7 0 1 0 0 1 8.65751e-6 0 1 0 0 1 5.75112e-7 0 1 9.507e-7 0 1 1.19375e-7 0 1 -2.93662e-6 0 1 0 0 1 -1.79232e-6 0 1 0 0 1 -1.31139e-6 0 1 -3.16505e-7 0 1 1.53727e-6 0 1 4.04053e-7 0 1 4.88217e-6 0 1 -9.42939e-7 0 1 -1.68882e-6 0 1 -7.0283e-7 0 1 0 0 1 -1.54319e-7 0 1 1.85994e-6 0 1 -3.64476e-6 0 1 -1.32939e-6 0 1 3.94636e-6 0 1 -1.11736e-6 0 1 -3.60892e-6 0 1 -1.83645e-7 0 1 -5.16997e-7 0 1 5.16034e-6 0 1 -2.81605e-7 0 1 4.32777e-6 0 1 -4.24537e-7 0 1 3.64796e-7 0 1 2.69379e-6 0 1 8.36737e-6 0 1 -4.44397e-7 0 1 1.11695e-6 0 1 -2.53781e-7 0 1 7.66773e-7 0 1 1.84585e-6 0 1 1.69448e-6 0 1 -9.13517e-7 0 1 0 0 1 -1.42545e-6 0 1 3.22521e-6 0 1 0 0 1 -1.95682e-7 0 1 -5.6321e-7 0 1 2.16388e-6 0 1 -4.24538e-7 0 1 0 0 1 1.23195e-6 0 1 -8.77213e-7 0 1 -1.79148e-7 0 1 3.31431e-6 0 1 -3.75259e-7 0 1 3.23378e-6 0 1 -4.22127e-6 0 1 -3.69136e-7 0 1 -3.23378e-6 0 1 3.60215e-6 0 1 1.10816e-5 0 1 8.01177e-6 0 1 1.79148e-7 0 1 8.77213e-7 0 1 -1.23195e-6 0 1 1.08526e-6 0 1 1.52602e-6 0 1 -2.48573e-6 0 1 1.16541e-6 0 1 3.23378e-6 0 1 1.92298e-6 0 1 -3.60215e-6 0 1 2.07937e-6 0 1 2.50797e-7 0 1 -6.64692e-7 0 1 -2.75614e-6 0 1 -1.27841e-6 0 1 -3.19168e-7 0 1 5.09886e-6 0 1 4.04052e-7 0 1 -7.66637e-7 0 1 2.87556e-7 0 1 -3.31431e-6 0 1 0.999647 -0.02657282 0 0.5983722 -0.8012183 0 0.999647 0.02657282 0 0.6401083 -0.7682847 0 0.9968327 0.07952791 0 0.5983704 -0.8012197 0 0.9911993 0.132379 0 0.9911997 0.1323753 0 0.6401075 -0.7682855 0 0.6799649 -0.7332447 0 0.9827764 0.1847988 0 0.6799649 -0.7332447 0 0.9827764 0.1847988 0 0.7179068 -0.6961393 0 0.971586 0.2366871 0 0.7538872 -0.6570039 0 0.9576577 0.2879094 0 0.717905 -0.6961412 0 0.9576578 0.2879094 0 0.7538873 -0.6570039 0 0.7876365 -0.6161402 0 0.9410151 0.3383647 0 0.9217212 0.3878532 0 0.7876365 -0.6161403 0 0.9410163 0.3383614 0 0.9217226 0.38785 0 0.8192757 -0.5733999 0 0.8192765 -0.5733987 0 0.8485342 -0.5291406 0 0.8998622 0.4361745 0 0.875434 0.4833377 0 0.8485333 -0.529142 0 0.8998622 0.4361745 0 0.8754326 -0.4833405 0 0.8754326 0.4833405 0 0.875434 -0.4833377 0 0.8485342 0.5291406 0 0.8192765 0.5733987 0 0.8998622 -0.4361745 0 0.8485333 0.529142 0 0.8998622 -0.4361745 0 0.9217226 -0.38785 0 0.8192757 0.5733999 0 0.9217212 -0.3878532 0 0.7876365 0.6161402 0 0.7876365 0.6161403 0 0.7538872 0.6570039 0 0.9410151 -0.3383647 0 0.9410163 -0.3383614 0 0.7538873 0.6570039 0 0.7179068 0.6961393 0 0.9576578 -0.2879094 0 0.9576577 -0.2879094 0 0.717905 0.6961412 0 0.971586 -0.2366871 0 0.6799649 0.7332447 0 0.9827764 -0.1847988 0 0.6799649 0.7332447 0 0.6401075 0.7682855 0 0.6401083 0.7682847 0 0.9827764 -0.1847988 0 0.5983704 0.8012197 0 0.5983722 0.8012183 0 0.9911993 -0.132379 0 0.9911997 -0.1323753 0 0.9968327 -0.07952791 0 -0.002150893 0.05060958 0.9987162 -0.002177417 0.05064606 0.9987143 -0.002168834 0.05067956 0.9987127 -0.002218604 0.05060851 0.9987162 -0.002248167 0.0505861 0.9987173 -0.002183854 0.0506308 0.9987151 -0.002176582 0.0505771 0.9987178 -0.002289056 0.05050736 0.9987212 -0.002225995 0.05049932 0.9987217 -0.002207636 0.05060023 0.9987165 -0.002179861 0.05066007 0.9987136 -0.002153337 0.05068123 0.9987126 -0.002105355 0.05067807 0.9987128 -0.002046346 0.05058246 0.9987178 -0.002139449 0.05065226 0.9987142 -0.002197682 0.05061143 0.9987161 -0.002190411 0.05062001 0.9987156 -0.002155065 0.05060362 0.9987165 -0.002222478 0.05061835 0.9987156 -0.002255678 0.05061066 0.998716 -0.002234041 0.05066591 0.9987133 -0.002160966 0.05060273 0.9987166 -0.002085208 0.05055034 0.9987194 -0.00219804 0.05061781 0.9987157 -0.002177417 0.05063754 0.9987148 -0.002078652 0.05050677 0.9987217 -0.002243876 0.05067652 0.9987126 -0.002070724 0.05047577 0.9987232 -0.002238571 0.05074876 0.998709 -0.00217545 0.05058765 0.9987173 -0.002179026 0.05048447 0.9987225 -0.002245187 0.05067795 0.9987125 -0.002196431 0.05069047 0.998712 -0.002142548 0.05059021 0.9987172 -0.002165436 0.05059081 0.9987171 -0.002391219 0.05053198 0.9987196 -0.002172231 0.05063331 0.998715 -0.002143681 0.05060046 0.9987167 -0.002138912 0.05051767 0.9987209 -0.002179026 0.05060112 0.9987167 -0.002151548 0.05062174 0.9987156 -0.002150595 0.0506215 0.9987156 -0.002217829 0.05063837 0.9987146 -0.002034783 0.05058878 0.9987175 -0.002242684 0.05062723 0.9987151 -0.002247869 0.05062747 0.9987152 -0.002165436 0.05061072 0.9987161 -0.002158105 0.05063289 0.998715 -0.002177417 0.05060064 0.9987166 -0.0021528 0.05062174 0.9987156 -0.002263903 0.05052083 0.9987205 -0.002128183 0.05067926 0.9987128 -0.002151727 0.05064886 0.9987143 -0.002206265 0.05059802 0.9987167 -0.002142012 0.05065256 0.9987141 -0.002169251 0.05057662 0.9987178 -0.002235174 0.05052059 0.9987205 -0.002128422 0.05062752 0.9987154 -0.002178788 0.05060404 0.9987165 -0.002195775 0.0505892 0.9987171 -0.002146601 0.0506705 0.9987131 -0.002188086 0.05061203 0.998716 -0.002101659 0.05062687 0.9987155 -0.002197623 0.05060398 0.9987165 -0.002197265 0.05060571 0.9987164 -0.002235591 0.05062425 0.9987154 -0.002257466 0.05071872 0.9987105 -0.002250552 0.05066841 0.9987131 -0.002260923 0.05062603 0.9987152 -0.002007722 0.0504567 0.9987243 -0.001982152 0.05066585 0.9987137 -0.002180099 0.05074834 0.9987091 -0.002149462 0.05060625 0.9987164 -0.002183616 0.05060881 0.9987162 -0.002274394 0.05071491 0.9987106 -0.002186179 0.05063545 0.9987149 -0.002070724 0.05052572 0.9987207 -0.002144932 0.05061578 0.9987159 -0.002182602 0.05062735 0.9987152 -0.002286732 0.05068403 0.9987121 0 0 1 -1.81978e-7 0 1 1.67483e-7 0 1 0 0 1 1.67513e-7 0 1 0 0 1 1.6747e-7 0 1 0 0 1 0 0 1 0 0 1 0 0 1 0 0 1 0 0 1 0 0 1 0 0 1 0 0 1 0 0 1 0 0 1 0 0 1 0 0 1 0 0 1 0 0 1 0 0 1 0.8487763 -0.5287522 2.81332e-4 0.8487765 -0.5287519 2.81115e-4 0.8487754 -0.5287535 3.2913e-4 0.8487782 -0.5287491 -2.45445e-4 0.8487738 -0.5287562 -2.05305e-4 0.8487739 -0.5287561 -2.05371e-4 0.8487738 -0.5287562 -2.05356e-4 0.8487769 -0.5287513 0 0.8487793 -0.5287474 0 0.8487775 -0.5287504 -3.09583e-7 0.8487763 -0.5287522 0 0.8487816 -0.5287438 -6.57692e-6 0.8487684 -0.5287649 1.58538e-5 0.8487761 -0.5287525 -1.41046e-6 0.8487765 0.5287519 2.98246e-4 0.8487768 0.5287515 2.98132e-4 0.8487765 0.5287519 2.98389e-4 0.8487768 0.5287513 -2.06691e-4 0.8487744 0.5287552 -3.26543e-4 0.8487742 0.5287555 -3.26576e-4 0.8487743 0.5287553 -3.26485e-4 0.8487774 0.5287505 0 0.8487793 0.5287474 0 0.8487772 0.5287507 -3.09583e-7 0.8487763 0.5287522 0 0.8487815 0.5287439 -6.4427e-6 0.8487684 0.5287651 1.57857e-5 0.8487761 0.5287525 -1.47178e-6 1 0 0 1 1.27613e-6 0 1 -1.27613e-6 0 -0.8487816 -0.5287438 -6.57692e-6 -0.8487763 -0.5287522 0 -0.8487684 -0.5287651 1.57857e-5 -0.8487765 -0.528752 0 -0.8487768 -0.5287515 2.98132e-4 -0.8487765 -0.5287519 2.98389e-4 -0.8487765 -0.5287519 2.98246e-4 -0.8487768 -0.5287513 -2.06691e-4 -0.8487742 -0.5287555 -3.26576e-4 -0.8487743 -0.5287553 -3.26485e-4 -0.8487744 -0.5287552 -3.26543e-4 -0.8487761 -0.5287526 -1.34913e-6 -0.8487775 -0.5287504 -3.09583e-7 -0.8487793 -0.5287474 0 -1 0 0 -1 -5.30449e-7 0 -1 -1.87912e-7 0 -1 3.36807e-7 0 -1 2.24651e-7 0 -1 0 0 -1 1.27613e-6 0 -1 -2.24651e-7 0 -1 -3.36807e-7 0 -1 1.87912e-7 0 -1 5.30449e-7 0 -1 0 0 -1 0 0 -1 -6.97885e-7 0 -1 -1.63815e-7 0 -1 2.32547e-7 0 -1 0 0 -1 -1.72058e-7 0 -0.8487763 0.5287522 2.81332e-4 -0.8487765 0.5287519 2.81115e-4 -0.8487754 0.5287535 3.2913e-4 -0.8487782 0.5287491 -2.45445e-4 -0.8487738 0.5287562 -2.05305e-4 -0.8487739 0.5287561 -2.05371e-4 -0.8487738 0.5287562 -2.05356e-4 -0.8487769 0.5287513 0 -0.8487793 0.5287474 0 -0.8487775 0.5287504 -3.09583e-7 -0.8487763 0.5287522 0 -0.8487816 0.5287438 -6.57692e-6 -0.8487684 0.5287649 1.58538e-5 -0.8487761 0.5287525 -1.41046e-6 -0.1873975 0.9822841 0 -0.1873975 0.9822841 0 -0.9921309 -0.1252059 0 -0.4256777 0.9048749 0 -0.4256776 0.904875 0 -0.6374542 0.7704883 0 -0.9297453 -0.3682034 0 -0.9921314 -0.1252007 0 -0.6374517 0.7704905 0 -0.8089644 -0.5878578 0 -0.808963 0.5878595 0 -0.9297471 -0.3681989 0 -0.8089632 0.5878595 0 -0.9297477 0.3681976 0 -0.9297458 0.3682022 0 -0.9921295 0.1252164 0 -0.9921289 0.1252216 0 -0.6374542 -0.7704883 0 -0.6374517 -0.7704905 0 -0.4256746 -0.9048764 0 -0.4256746 -0.9048764 0 -0.1871898 -0.9823238 0 -0.1871898 -0.9823238 0 -0.1871898 -0.9823238 0 -0.1870485 -0.9823508 0 -0.1870485 -0.9823508 -7.12322e-7 -0.1870485 -0.9823508 0 0.0627669 -0.9980283 0 0.0627672 -0.9980282 0 0.3089737 -0.9510707 0 0.3089728 -0.9510709 0 0.5359678 -0.8442385 0 0.5359679 -0.8442384 0 0.7289386 -0.6845791 0 0.8763453 -0.4816837 0 0.7289398 -0.6845778 0 0.9685623 -0.2487716 0 0.9685629 -0.2487691 0 0.9685629 0.2487691 0 0.9685623 0.2487716 0 0.8763453 0.4816837 0 0.7289385 0.6845792 0 0.72894 0.6845777 0 0.5359653 0.8442401 0 0.5359652 0.8442401 0 0.308977 0.9510696 0 0.3089762 0.9510698 0 0.06264477 0.9980359 0 0.06264507 0.9980359 0 -0.1871898 0.9823238 3.61335e-7 -0.1871898 0.9823238 0 -0.1871898 0.9823238 0 -0.1870485 0.9823508 0 -0.1870485 0.9823508 0 -0.1870485 0.9823508 0 -0.9921289 -0.1252216 0 -0.4256746 0.9048764 0 -0.4256746 0.9048764 0 -0.9297458 -0.3682022 0 -0.9921295 -0.1252164 0 -0.8089632 -0.5878595 0 -0.8089644 0.5878578 0 -0.9297477 -0.3681976 0 -0.9297471 0.3681989 0 -0.808963 -0.5878595 0 -0.9297453 0.3682034 0 -0.9921315 0.1252007 0 -0.9921308 0.1252059 0 -0.4256776 -0.904875 0 -0.4256777 -0.9048749 0 -0.1873975 -0.9822841 0 -0.1873975 -0.9822841 0 0.06264477 -0.9980359 0 0.06264507 -0.9980359 0 0.3089771 -0.9510696 0 0.3089762 -0.9510698 0 0.5359653 -0.8442401 0 0.5359652 -0.8442401 0 0.5359678 0.8442385 0 0.5359679 0.8442384 0 0.3089737 0.9510707 0 0.3089729 0.9510709 0 0.06276684 0.9980283 0 0.0627672 0.9980282 0 -0.1873941 0.9822849 0 -0.1873946 0.9822848 0 -0.9921453 -0.1250911 4.60302e-7 -0.9921453 -0.1250911 0 -0.9921453 -0.1250911 0 -0.4259386 0.9047521 0 -0.4259386 0.9047521 -1.60841e-7 -0.4259386 0.9047521 0 -0.4259386 0.9047522 0 -0.4259386 0.9047522 0 -0.4259386 0.9047522 0 -0.6374555 0.7704873 0 -0.9297833 -0.3681076 0 -0.9921453 -0.1250911 0 -0.9921453 -0.1250911 0 -0.9921453 -0.1250911 0 -0.6374556 0.7704871 0 -0.8090246 -0.5877749 0 -0.8090245 0.5877749 0 -0.8090233 0.5877766 0 -0.9297837 0.3681063 0 -0.8090259 -0.5877732 0 -0.9297837 0.3681064 0 -0.9921013 0.1254398 0 -0.6374555 -0.7704873 0 -0.6374556 -0.7704871 0 -0.4256319 -0.9048965 0 -0.4256319 -0.9048964 0 -0.187516 -0.9822616 0 -0.1870456 -0.9823513 0 -0.1870456 -0.9823513 -6.43402e-7 -0.1870456 -0.9823513 0 0.06276702 -0.9980283 0 0.3090133 -0.9510578 0 0.3090147 -0.9510573 0 0.5359022 -0.8442801 0 0.5359023 -0.8442801 0 0.7290031 -0.6845104 0 0.8762416 -0.4818721 0 0.7290031 -0.6845105 0 0.968622 -0.2485388 0 0.968622 -0.2485387 0 0.968622 0.2485387 0 0.968622 0.2485388 0 0.8762416 0.4818721 0 0.7290031 0.6845105 0 0.7290031 0.6845104 0 0.5358996 0.8442818 0 0.5358995 0.8442818 0 0.3090166 0.9510567 0 0.3090181 0.9510562 0 0.06264489 0.9980359 0 -0.187516 0.9822616 0 -0.1870456 0.9823513 0 -0.1870456 0.9823513 0 -0.1870456 0.9823513 0 -0.9921013 -0.1254398 0 -0.4256319 0.9048964 0 -0.4256319 0.9048965 0 -0.9297837 -0.3681064 0 -0.8090233 -0.5877766 0 -0.8090259 0.5877732 0 -0.9297837 -0.3681063 0 -0.8090246 0.5877749 0 -0.9297833 0.3681076 0 -0.8090245 -0.5877749 0 -0.9921453 0.1250911 0 -0.9921453 0.1250911 0 -0.9921453 0.1250911 0 -0.9921453 0.1250911 0 -0.9921453 0.1250911 -4.60302e-7 -0.9921453 0.1250911 0 -0.4256349 -0.9048951 0 -0.425635 -0.9048951 0 -0.1873941 -0.9822849 0 -0.1873946 -0.9822848 0 0.06264489 -0.9980359 0 0.3090166 -0.9510567 0 0.3090181 -0.9510562 0 0.5358996 -0.8442818 0 0.5358995 -0.8442818 0 0.5359022 0.8442801 0 0.5359023 0.8442801 0 0.3090132 0.9510578 0 0.3090148 0.9510573 0 0.06276702 0.9980283 0 0 0 1 0 0 1 0 0 1 0 0 1 0 0 1 -1.67498e-7 0 1 0 0 1 0 0 1 0 0 1 -1.25624e-7 0 1 0 0 1 0 0 1 0 0 1 0 0 1 0 0 1 0 0 1 0 0 1 0 0 1 0 0 1 0.9999977 -1.46934e-4 0.002193093 0.9999977 -1.31461e-4 0.002196967 0.9999977 -1.40431e-4 0.002193689 0.9999976 -1.4515e-4 0.002188503 0.9999976 -1.44676e-4 0.002198815 0.9999976 -1.31077e-4 0.002190172 0.9999976 -1.68761e-4 0.002202332 -2.34773e-4 -0.998718 0.05061876 -2.53815e-4 -0.9987183 0.05061405 -2.79056e-4 -0.9987174 0.05063146 -2.30901e-4 -0.9987179 0.05062216 2.66567e-4 0.9987179 -0.05062139 2.53311e-4 0.9987183 -0.05061286 2.62377e-4 0.998718 -0.05062001 2.61689e-4 0.9987185 -0.05060952 -0.1303008 0.9902473 -0.04931503 -0.1277652 0.9905191 -0.05047756 -0.3824414 0.9230988 -0.04034239 -0.3664923 0.9291343 -0.04891729 -0.6084937 0.7931771 -0.02460646 -0.5679714 0.8215951 -0.04888713 -0.7930357 0.6091101 -0.008914589 -0.7341244 0.6771919 -0.04972493 -0.9235446 0.3834707 0.003983438 -0.8637399 0.501936 -0.04487752 -0.9510724 0.3073332 -0.03174322 -0.9911209 0.1318029 0.01752948 -0.9883716 0.1519756 0.005000114 -0.9991402 0.04094195 -0.006547272 -0.9914559 -0.129704 0.01385957 -0.9921528 -0.1246486 0.009788751 -0.9238788 -0.3811177 0.03460359 -0.9409359 -0.3385071 0.00725609 -0.7933923 -0.606821 0.04792684 -0.8430811 -0.5376572 0.01180118 -0.6088774 -0.791305 0.05572342 -0.7014436 -0.7124218 0.02078807 -0.382959 -0.9218866 0.05888503 -0.5236989 -0.851333 0.03117263 -0.130754 -0.9897668 0.0571413 -0.3219943 -0.9458442 0.04121255 -0.1078886 -0.9929003 0.05009067 0.1302957 -0.9901276 0.05167639 0.1270785 -0.990607 0.05048769 0.3824046 -0.9227365 0.04821223 0.3786714 -0.924364 0.04646974 0.6085333 -0.7920283 0.04877167 0.5953177 -0.8024213 0.04143613 0.7930921 -0.6074287 0.04511409 0.7695772 -0.6379765 0.02714878 0.923578 -0.3811278 0.04177719 0.8978556 -0.4400894 0.0132929 0.9910158 -0.1291525 0.03474855 0.973013 -0.2307407 -0.002104997 0.9997106 -0.01997852 -0.01340395 0.9911488 0.1313462 0.01929664 0.982705 0.1846233 -0.01433002 0.9238216 0.3828213 -0.001269936 0.9286606 0.3708375 -0.008306264 0.793271 0.6088322 -0.006688952 0.8524122 0.5218392 -0.03282707 0.7602726 0.6488916 -0.03042179 0.6088225 0.7930633 -0.0196402 0.6603835 0.7500051 -0.03722769 0.3828539 0.9230816 -0.03665298 0.5385674 0.8412654 -0.04709202 0.3777958 0.9250608 -0.03915572 0.1307449 0.9907404 -0.03659719 0.223253 0.9733517 -0.05239129 0.07432323 0.9959646 -0.05030679 -2.53852e-4 -0.9987182 0.05061626 -2.65132e-4 -0.998718 0.05062007 -2.55552e-4 -0.9987182 0.05061459 -2.77633e-4 -0.9987186 0.05060803 2.52606e-4 0.998718 -0.05061835 2.30003e-4 0.9987185 -0.05060952 2.67378e-4 0.9987186 -0.05060678 2.40046e-4 0.9987182 -0.05061548 -0.9999977 1.50376e-4 -0.002199292 -0.9999976 1.32188e-4 -0.002192974 -0.9999977 1.39331e-4 -0.002194881 -0.9999977 1.4532e-4 -0.002200841 -0.9999976 1.23309e-4 -0.002206921 -0.9999976 1.68423e-4 -0.00218451 -0.9999976 1.12693e-4 -0.002196848 0.238995 0.2916458 0.9261881 0.238995 0.2916458 0.9261881 0.238995 0.2916458 0.9261881 0.267875 0.2899747 0.9187805 0.1927054 0.2766831 0.9414409 0.4872075 0.225731 0.8436081 0.4995373 0.1920862 0.8447281 0.4737423 0.239008 0.8476105 0.3369244 0.4255818 0.8398584 0.3993416 0.2639732 0.8779775 0.3757827 0.2812325 0.8830038 0.2837936 0.2899426 0.9139993 0.2776811 0.2104563 0.9373374 0.2604277 0.2359346 0.9362224 0.2782201 0.2870199 0.9166315 0.2568773 0.2650016 0.9294021 0.2989759 0.2837446 0.9110996 0.4988324 0.1823396 0.8473007 0.4736561 0.1194928 0.8725661 0.513758 0.1591593 0.8430428 0.5181003 0.1232835 0.8463885 0.4059963 0.2355038 0.883009 0.4273793 0.2156177 0.8779842 0.3291251 0.2463155 0.9115949 0.2725127 0.2147855 0.9378722 0.3187465 0.2512256 0.9139401 0.4834455 0.08060818 0.8716552 0.5303719 0.08933246 0.8430454 0.5228078 0.1244057 0.843324 0.5181009 0.1232866 0.8463876 0.4496037 0.1643445 0.8779792 0.4405505 0.1281821 0.8885295 0.4073747 0.1227694 0.9049715 0.4495044 0.1367391 0.8827504 0.4306671 0.1866067 0.8830085 0.2725 0.07311856 0.9593735 0.2396665 0.2986711 0.9237726 0.2396666 0.298671 0.9237725 0.2396664 0.2986711 0.9237725 0.2495945 0.1627828 0.9545703 0.2395986 0.2981275 0.9239656 0.2395985 0.2981275 0.9239656 0.2395572 0.2982614 0.9239332 0.2403724 0.1879843 0.9523041 0.274388 0.2062288 0.9392449 0.5347074 0.0354464 0.8442936 0.5270282 0.0618416 0.8475949 0.495417 0.0160315 0.8685075 0.2396159 0.2974832 0.9241688 0.2396159 0.2974832 0.9241688 0.2396348 0.2973924 0.9241932 0.4995449 0.04791623 0.8649618 0.528666 0.0246948 0.8484707 0.5033209 0.01105099 0.864029 0.5325196 0.05348521 0.8447262 0.5274853 0.06189501 0.8473066 0.3760133 0.1161096 0.9193109 0.2398049 0.2965686 0.9244138 0.3501603 0.1052333 0.9307598 0.2396063 0.2937207 0.925374 0.2670859 0.04288232 0.9627182 0.2603579 0.1578696 0.9525182 0.2684873 0.03750842 0.9625527 0.2637812 0.1125453 0.9579944 0.2546607 0.1377366 0.9571711 0.2752226 0.01952117 0.9611824 0.2828838 0.00585848 0.9591363 0.2663975 0.02813827 0.9634525 0.2734364 0.06240838 0.9598634 0.2649421 0.08759045 0.9602779 0.3198833 0.1065677 0.9414447 0.2650186 0.02603006 0.9638919 0.3072507 0.0802474 0.9482391 0.266782 0.1094745 0.957519 0.274192 0.0614044 0.9597126 0.2472131 0.01259255 0.9688793 0.3307826 0.195593 0.9232153 0.2953859 0.3926522 0.8709601 0.3340731 0.2375271 0.9121273 0.359463 0.3965158 0.8447257 0.3749301 0.2174832 0.9011818 0.3538724 0.1498355 0.9232138 0.3566147 0.1799178 0.9167637 0.3977128 0.1723278 0.9011813 0.3443138 0.4108057 0.8442078 0.3904743 0.13238 0.9110463 0.3731666 0.1882687 0.9084611 0.3842292 0.1309337 0.913906 0.3157074 0.1866785 0.9303118 0.2742179 0.2065276 0.939229 0.271368 0.1645455 0.948306 0.3318983 0.1122693 0.9366105 0.337738 0.1430038 0.9303134 0.3870209 0.3734984 0.8430385 0.2935932 0.1204767 0.9483082 0.4070427 0.3434417 0.8463829 0.3196669 0.1038758 0.9418189 0.3141908 0.1585157 0.9360325 0.2960037 0.1493401 0.9434402 0.363229 0.387485 0.8473017 0.4332767 0.3186609 0.8430461 0.4070458 0.3434283 0.8463869 0.2778601 0.3418876 0.8977231 0.2821299 0.2943787 0.9130958 0.2792562 0.3073257 0.909707 0.5537132 0.01849013 0.8325022 0.327382 0.3492439 0.8779805 0.3181084 0.3531985 0.8798056 0.4513358 0.2876303 0.8447278 0.4710643 0.2577286 0.843608 0.4430564 0.2928687 0.8473069 0.3404433 0.3230984 0.8830095 0.3658711 0.3086904 0.8779798 0.4273792 -0.2156177 0.8779842 0.4306671 -0.1866067 0.8830085 0.5537132 -0.01849013 0.8325022 0.3553212 -0.1057398 0.9287444 0.3772468 -0.1195141 0.9183688 0.4070426 -0.3434418 0.8463829 0.3870208 -0.3734984 0.8430385 0.4070458 -0.3434283 0.8463869 0.4059963 -0.2355038 0.883009 0.3993417 -0.2639732 0.8779776 0.3103973 -0.08288979 0.9469863 0.3220551 -0.1140878 0.9398216 0.2649419 -0.08759045 0.9602779 0.2734364 -0.06240838 0.9598634 0.2759839 -0.05902099 0.9593485 0.5202345 -0.1237913 0.845004 0.344314 -0.4108061 0.8442075 0.2953857 -0.3926524 0.8709601 0.359463 -0.3965158 0.8447257 0.363229 -0.387485 0.8473017 0.3658713 -0.3086905 0.8779798 0.3757827 -0.2812325 0.8830038 0.3291251 -0.2463155 0.9115949 0.2821299 -0.2943787 0.9130958 0.2396665 -0.2986711 0.9237726 0.2396664 -0.2986711 0.9237726 0.2396666 -0.2986711 0.9237725 0.2792562 -0.3073257 0.909707 0.2778601 -0.3418874 0.8977231 0.3181082 -0.3531985 0.8798057 0.3273819 -0.3492439 0.8779805 0.3404433 -0.3230984 0.8830095 0.2546607 -0.1377366 0.9571711 0.2637816 -0.1125453 0.9579942 0.2667822 -0.1094745 0.957519 0.2395572 -0.2982614 0.9239332 0.2395985 -0.2981275 0.9239656 0.2395985 -0.2981275 0.9239658 0.2398049 -0.2965686 0.9244138 0.2604278 -0.2359346 0.9362223 0.2396063 -0.2937207 0.925374 0.2776811 -0.2104563 0.9373374 0.2837936 -0.2899425 0.9139993 0.3187465 -0.2512256 0.9139401 0.2396265 -0.2974319 0.9241826 0.2396265 -0.2974319 0.9241826 0.2396175 -0.2974774 0.9241703 0.2725125 -0.2147854 0.9378722 0.298976 -0.2837445 0.9110997 0.2403718 -0.1879845 0.9523042 0.249594 -0.1627822 0.9545705 0.2743881 -0.2062284 0.939245 0.2603582 -0.1578696 0.9525181 0.1927055 -0.2766827 0.9414411 0.268187 -0.2898645 0.9187243 0.268187 -0.2898645 0.9187243 0.2782201 -0.2870199 0.9166315 0.2568774 -0.2650017 0.9294021 0.2391411 -0.2919212 0.9260636 0.3834356 -0.1314339 0.9141677 0.3538727 -0.1498355 0.9232137 0.3906174 -0.1331386 0.9108744 0.528666 -0.02469563 0.8484707 0.5033209 -0.01105099 0.864029 0.3977128 -0.1723278 0.9011813 0.5020787 -0.05104494 0.8633143 0.3749301 -0.2174832 0.9011817 0.4937108 -0.01710075 0.8694581 0.3307824 -0.1955929 0.9232153 0.5325196 -0.05348521 0.8447262 0.3340731 -0.2375271 0.9121273 0.5347074 -0.0354464 0.8442936 0.3566145 -0.1799178 0.9167637 0.3731666 -0.1882687 0.9084611 0.4781976 -0.08627271 0.8740047 0.2935935 -0.1204767 0.9483081 0.5274853 -0.06189501 0.8473066 0.3377379 -0.1430037 0.9303134 0.5303719 -0.08933246 0.8430454 0.2828654 -0.01229792 0.9590808 0.5223237 -0.1118317 0.8453826 0.3317065 -0.1112825 0.9367962 0.526021 -0.06172412 0.8482288 0.3216509 -0.1025998 0.9412832 0.4727823 -0.1222665 0.8726556 0.3157076 -0.1866784 0.9303118 0.2742179 -0.2065277 0.9392289 0.2960041 -0.1493402 0.9434401 0.2713677 -0.1645455 0.948306 0.3141908 -0.1585157 0.9360325 0.513758 -0.1591593 0.8430428 0.5175874 -0.1278402 0.8460261 0.4988324 -0.1823396 0.8473007 0.4995375 -0.1920862 0.8447279 0.4872075 -0.225731 0.8436081 0.4710643 -0.2577286 0.843608 0.2674738 -0.04456818 0.9625339 0.4513359 -0.2876303 0.8447276 0.2667238 -0.02863717 0.9633475 0.2650186 -0.02603006 0.9638919 0.4737423 -0.239008 0.8476105 0.439411 -0.1296875 0.8888752 0.2472131 -0.01259255 0.9688793 0.4064649 -0.123909 0.9052253 0.4495373 -0.1403738 0.8821629 0.4496038 -0.1643446 0.8779791 0.336924 -0.4255814 0.8398589 0.2731615 -0.07679164 0.9588983 0.4332768 -0.318661 0.843046 0.2693606 -0.03749901 0.9623091 0.4430564 -0.2928687 0.8473069 0.9165347 -0.3999553 -9.08567e-5 0.9165175 -0.3999946 1.23179e-4 0.9165571 -0.399904 0 -6.47644e-6 0 1 2.98461e-6 0 1 -3.48313e-6 0 1 0.9165349 0.3999547 -8.94799e-5 0.9165171 0.3999958 1.23178e-4 0.9165576 0.3999028 0 -0.2602546 0.2630409 0.9290195 -0.2636711 0.2921178 0.9193177 -0.284065 0.2879357 0.9145492 -0.2031818 0.2760803 0.9394131 -0.2031818 0.2760802 0.939413 -0.352851 -0.2535108 0.9006823 -0.3079098 -0.2714261 0.9118769 -0.3059442 -0.2311074 0.9235733 -0.3515071 -0.2218906 0.9095094 -0.3394846 -0.214302 0.9158739 -0.3355032 -0.1846784 0.9237595 -0.3816944 -0.2077397 0.9006407 -0.2644305 -0.22927 0.936756 -0.2559165 -0.2117757 0.9432169 -0.3359019 -0.4262649 0.8399217 -0.294695 -0.2226107 0.9293004 -0.2588042 -0.1934481 0.9463605 -0.3633471 -0.1682696 0.916332 -0.3783628 -0.1752244 0.9089214 -0.3586698 -0.1347726 0.9236842 -0.3972697 -0.1270343 0.9088669 -0.3796119 -0.1221404 0.9170477 -0.4045664 -0.15867 0.9006387 -0.3835427 -0.1214062 0.9155084 -0.2757124 -0.1541177 0.9488048 -0.2966853 -0.1891356 0.9360585 -0.2790068 -0.1788829 0.9434809 -0.322439 -0.1774868 0.9298018 -0.2980334 -0.1053681 0.9487221 -0.3174723 -0.09337347 0.9436593 -0.3192042 -0.1456228 0.9364309 -0.3445225 -0.1294559 0.9298095 -0.3385635 -0.1055011 0.9350103 -0.3025962 -0.1380461 0.9430689 -0.3292485 -0.09616154 0.939334 -0.3781806 0.1230112 0.9175227 -0.3970688 0.1261873 0.9090727 -0.4045666 0.15867 0.9006385 -0.3586695 0.1347726 0.9236842 -0.3904227 0.1235505 0.9123077 -0.3816944 0.2077397 0.9006407 -0.3783628 0.1752244 0.9089214 -0.3633474 0.1682697 0.9163319 -0.3355032 0.1846783 0.9237595 -0.3385015 0.1052579 0.9350602 -0.3445227 0.1294559 0.9298094 -0.286373 0.1012452 0.952754 -0.315651 0.08561813 0.9450048 -0.3007125 0.1242747 0.9455833 -0.323219 0.08990687 0.9420437 -0.3351895 0.1047642 0.936308 -0.333213 0.09874135 0.937667 -0.352851 0.2535107 0.9006822 -0.3079097 0.2714261 0.9118769 -0.3394849 0.214302 0.9158738 -0.3515071 0.2218906 0.9095094 -0.3059441 0.2311073 0.9235733 -0.3192042 0.1456228 0.9364309 -0.3025964 0.1380461 0.9430688 -0.2757123 0.1541177 0.9488049 -0.3224393 0.1774869 0.9298017 -0.2790065 0.1788828 0.943481 -0.2644306 0.2292701 0.936756 -0.2588042 0.193448 0.9463605 -0.2559166 0.2117758 0.9432167 -0.2946954 0.2226107 0.9293003 -0.2966853 0.1891356 0.9360585 -0.2396665 -0.2986711 0.9237726 -0.2396666 -0.298671 0.9237725 -0.2396664 -0.2986711 0.9237725 -0.2395986 -0.2981275 0.9239656 -0.2395985 -0.2981275 0.9239656 -0.2395572 -0.2982614 0.9239332 -0.2396159 -0.2974832 0.9241688 -0.2396159 -0.2974832 0.9241688 -0.2396348 -0.2973924 0.9241932 -0.2398049 -0.2965686 0.9244138 -0.2396063 -0.2937207 0.925374 -0.5268693 -0.1167538 0.8418891 -0.5297371 -0.08314263 0.8440771 -0.530147 -0.08435517 0.8436992 -0.5308632 0.08331924 0.8433518 -0.5253686 0.1164228 0.8428723 -0.5294871 0.07805424 0.8447195 -0.2717359 -0.0374729 0.9616421 -0.2725079 -0.03000324 0.9616857 -0.2689549 -0.01251703 0.9630715 -0.2708006 -0.00120604 0.9626347 -0.2687683 0.01251816 0.9631235 -0.2718277 0.02636241 0.9619848 -0.3359019 0.4262649 0.8399217 -0.2710573 0.03748035 0.9618333 -0.2753246 0.05274379 0.9599034 -0.2396665 0.2986711 0.9237726 -0.2396664 0.2986711 0.9237726 -0.2396666 0.2986711 0.9237725 -0.2395572 0.2982614 0.9239332 -0.2395985 0.2981275 0.9239656 -0.2395985 0.2981275 0.9239658 -0.2396265 0.2974319 0.9241826 -0.2396265 0.2974319 0.9241826 -0.2396175 0.2974774 0.9241703 -0.2398049 0.2965686 0.9244138 -0.2396063 0.2937207 0.925374 -0.2953859 -0.3926522 0.8709601 -0.3571812 -0.399308 0.8443783 -0.3442522 -0.4107856 0.8442428 -0.3823161 -0.3772497 0.8435148 -0.4033197 -0.3512073 0.8449774 -0.3629672 -0.3872044 0.8475421 -0.4265078 -0.3270571 0.8432821 -0.442882 -0.2976906 0.8457162 -0.4058793 -0.3424447 0.8473451 -0.2799781 -0.340494 0.8975946 -0.3184533 -0.3525855 0.8799268 -0.281955 -0.2944701 0.9131203 -0.2797806 -0.3070626 0.9096348 -0.327323 -0.3491803 0.8780278 -0.4640255 -0.27162 0.8431506 -0.4752569 -0.2397724 0.8465461 -0.4434509 -0.2931301 0.8470101 -0.3439007 -0.3188272 0.8832223 -0.3656256 -0.3084828 0.8781551 -0.2633551 -0.2922126 0.919378 -0.2388309 -0.2907264 0.9265193 -0.2028555 -0.2761052 0.9394763 -0.2840657 -0.2879356 0.914549 -0.4941909 -0.2118228 0.8431527 -0.4752563 -0.2397719 0.8465465 -0.3811425 -0.2738371 0.883031 -0.3987455 -0.2635785 0.8783668 -0.3025327 -0.2804753 0.9109379 -0.2602546 -0.2630409 0.9290194 -0.2608315 -0.2359082 0.9361166 -0.2843857 -0.2874292 0.9146088 -0.5026259 -0.1793006 0.8457061 -0.5165049 -0.1487052 0.8432731 -0.516615 -0.1341266 0.8456472 -0.4992651 -0.182497 0.8470121 -0.4817551 -0.1201151 0.8680349 -0.4262659 -0.215056 0.8786629 -0.4126732 -0.2245997 0.8827547 -0.4380513 -0.1718024 0.8823803 -0.4532337 -0.1357723 0.8809911 -0.447749 -0.1636659 0.8790531 -0.4161067 -0.1135694 0.9021958 -0.4484943 -0.127138 0.8846971 -0.2486418 -0.187581 0.9502582 -0.245077 -0.1629766 0.9557071 -0.5334171 -0.05000662 0.844373 -0.5362632 -0.01671904 0.8438853 -0.5315443 -0.05354923 0.8453362 -0.5332969 -0.007866621 0.8458916 -0.4880197 -0.02001839 0.8726031 -0.4880197 -0.02001833 0.8726031 -0.4880197 -0.02001839 0.8726031 -0.5216746 -0.05220896 0.8515456 -0.5362632 0.01671904 0.8438852 -0.5334171 0.05000662 0.844373 -0.5325834 0.05158656 0.8448041 -0.5328083 0.006422698 0.8462116 -0.5027875 0.04648232 0.8631595 -0.5008046 0.0133835 0.865457 -0.3623497 -0.09233891 0.9274569 -0.2639659 -0.1475521 0.9531791 -0.2588397 -0.1375786 0.9560723 -0.2602375 -0.1126566 0.95895 -0.2746037 -0.04956275 0.9602794 -0.2704594 -0.09561949 0.9579711 -0.2676861 -0.08752137 0.9595229 -0.2689653 -0.06249022 0.9611206 -0.3145464 -0.07117933 0.9465696 -0.2923744 -0.0529918 0.9548346 -0.4824021 0.1177718 0.8679966 -0.5166265 0.1293615 0.8463822 -0.5165048 0.1487052 0.8432731 -0.5026259 0.1793006 0.8457061 -0.4941909 0.2118228 0.8431528 -0.4752557 0.2397729 0.8465465 -0.4992651 0.182497 0.8470121 -0.4165445 0.1127111 0.9021015 -0.4494862 0.1252249 0.8844665 -0.4539127 0.132174 0.8811886 -0.447749 0.1636659 0.8790531 -0.4752571 0.2397716 0.8465462 -0.4640255 0.27162 0.8431506 -0.426266 0.215056 0.8786628 -0.4380513 0.1718024 0.8823803 -0.442882 0.2976906 0.8457162 -0.4265078 0.327057 0.8432822 -0.4434509 0.2931301 0.8470101 -0.3609097 0.09588646 0.9276583 -0.3750284 0.1106697 0.9203836 -0.4126732 0.2245997 0.8827547 -0.3987454 0.2635784 0.878367 -0.4033197 0.3512073 0.8449774 -0.3823158 0.3772495 0.843515 -0.4058793 0.3424447 0.8473451 -0.2689653 0.06249022 0.9611206 -0.2676861 0.08752137 0.9595229 -0.2751541 0.0482946 0.9601864 -0.303743 0.06152176 0.9507657 -0.3140002 0.07580876 0.9463916 -0.3811425 0.2738371 0.883031 -0.3656254 0.3084828 0.8781551 -0.3571817 0.3993084 0.8443781 -0.3629672 0.3872044 0.8475421 -0.2953857 0.3926524 0.8709601 -0.3442522 0.410786 0.8442424 -0.2704593 0.09561944 0.9579712 -0.2602377 0.1126569 0.9589499 -0.2588399 0.1375786 0.9560723 -0.3439007 0.3188272 0.8832223 -0.2799779 0.3404939 0.8975948 -0.281955 0.2944701 0.9131203 -0.2797806 0.3070626 0.9096348 -0.3184533 0.3525855 0.8799268 -0.3273229 0.3491804 0.8780279 -0.3025327 0.2804753 0.9109379 -0.2608314 0.2359082 0.9361167 -0.2639661 0.1475522 0.9531791 -0.2450774 0.1629762 0.955707 -0.2486422 0.1875809 0.9502582 -0.2388312 0.2907269 0.926519 -0.2843857 0.2874292 0.9146088 3.48313e-6 0 1 -2.98461e-6 0 1 6.47644e-6 0 1 -0.9165349 -0.3999547 -8.94799e-5 -0.9165171 -0.3999958 1.23178e-4 -0.9165576 -0.3999028 0 -0.9165347 0.3999553 -9.08567e-5 -0.9165175 0.3999946 1.23179e-4 -0.9165571 0.399904 0 1.90802e-6 0 1 3.95462e-7 0 1 -7.2776e-6 0 1 6.39308e-7 0 1 2.526e-7 0 1 -1.18751e-6 0 1 -4.54506e-7 0 1 1.12692e-6 0 1 3.63435e-6 0 1 7.27125e-6 0 1 -9.09012e-7 0 1 3.95459e-7 0 1 -2.37448e-6 0 1 -4.95412e-6 0 1 7.27781e-6 0 1 3.83581e-6 0 1 1.72022e-6 0 1 -1.12692e-6 0 1 1.90761e-6 0 1 3.95472e-7 0 1 -7.27527e-6 0 1 6.39144e-7 0 1 2.52609e-7 0 1 -1.18774e-6 0 1 -4.54493e-7 0 1 1.1271e-6 0 1 3.63626e-6 0 1 7.26913e-6 0 1 -9.08959e-7 0 1 3.95469e-7 0 1 -2.37478e-6 0 1 -4.95403e-6 0 1 7.27527e-6 0 1 3.8349e-6 0 1 -1.18775e-6 0 1 1.71994e-6 0 1 -1.12708e-6 0 1 0 0 1 -2.70777e-7 0 1 -6.80858e-7 0 1 6.53634e-7 0 1 1.32022e-7 0 1 -6.53634e-7 0 1 6.80858e-7 0 1 5.10644e-7 0 1 -4.49373e-7 0 1 0 0 1 0 0 1 4.49373e-7 0 1 -5.10644e-7 0 1 -1.32022e-7 0 1 2.70777e-7 0 1 0 0 1 0.9989938 0.04484856 0 0.998994 0.04484534 0 0.990943 0.1342837 0 0.9909432 0.1342822 0 0.9749283 0.2225195 0 0.9510588 0.3090103 0 0.9510582 0.309012 0 0.9195277 0.3930255 0 0.9195281 0.3930243 0 0.8805907 0.4738779 0 0.8805911 0.4738769 0 0.8345929 0.5508671 0 0.7818177 0.6235071 0 0.7818175 0.6235075 0 0.7228178 0.6910386 0 0.7228169 0.6910397 0 0.6579144 0.7530928 0 0.5878219 0.8089905 0 0.5878217 0.8089906 0 0.5128348 0.8584873 0 0.5128344 0.8584876 0 0.4339493 0.9009373 0 0.4339497 0.9009372 0 0.3513165 0.9362568 0 0.3513167 0.9362567 0 0.2660838 0.9639499 0 0.178547 0.9839314 0 0.178547 0.9839314 0 0.08960634 0.9959774 0 0.08960634 0.9959774 0 -0.08960634 0.9959774 0 -0.0896064 0.9959774 0 -0.1785472 0.9839314 0 -0.178547 0.9839315 0 -0.2660838 0.9639499 0 -0.3513167 0.9362567 0 -0.3513165 0.9362568 0 -0.4339497 0.9009372 0 -0.4339493 0.9009373 0 -0.5128348 0.8584873 0 -0.5128344 0.8584876 0 -0.5878221 0.8089903 0 -0.5878215 0.8089908 0 -0.6579144 0.7530928 0 -0.7228171 0.6910395 0 -0.7228177 0.6910389 0 -0.7818177 0.6235071 0 -0.7818175 0.6235075 0 -0.8345929 0.5508671 0 -0.8805911 0.4738769 0 -0.8805907 0.4738779 0 -0.9195277 0.3930255 0 -0.9510582 0.309012 0 -0.9195281 0.3930243 0 -0.9510588 0.3090103 0 -0.9749283 0.2225195 0 -0.990943 0.1342837 0 -0.998994 0.04484534 0 -0.9909432 0.1342822 0 -0.9989938 0.04484856 0 -0.998994 -0.04484534 0 -0.990943 -0.1342837 0 -0.9989938 -0.04484856 0 -0.9909432 -0.1342822 0 -0.9749283 -0.2225195 0 -0.9510587 -0.3090106 0 -0.9510583 -0.3090118 0 -0.9195275 -0.3930257 0 -0.9195283 -0.3930241 0 -0.8805904 -0.4738782 0 -0.8805913 -0.4738766 0 -0.8345929 -0.5508671 0 -0.7818177 -0.6235071 0 -0.7818175 -0.6235075 0 -0.7228169 -0.6910397 0 -0.6579144 -0.7530928 0 -0.7228178 -0.6910386 0 -0.5878219 -0.8089905 0 -0.5878217 -0.8089906 0 -0.5128348 -0.8584873 0 -0.4339493 -0.9009373 0 -0.5128344 -0.8584876 0 -0.4339497 -0.9009372 0 -0.3513165 -0.9362568 0 -0.3513167 -0.9362567 0 -0.2660838 -0.9639499 0 -0.178547 -0.9839314 0 -0.0896064 -0.9959774 0 -0.178547 -0.9839314 0 -0.08960634 -0.9959774 0 0.0896064 -0.9959774 0 0.08960634 -0.9959774 0 0.178547 -0.9839315 0 0.2660838 -0.9639499 0 0.1785472 -0.9839314 0 0.3513165 -0.9362568 0 0.3513167 -0.9362567 0 0.4339493 -0.9009373 0 0.4339497 -0.9009372 0 0.5128344 -0.8584876 0 0.5878219 -0.8089905 0 0.5128348 -0.8584873 0 0.5878217 -0.8089906 0 0.6579144 -0.7530928 0 0.7228177 -0.6910389 0 0.7228171 -0.6910395 0 0.7818177 -0.6235071 0 0.8345929 -0.5508671 0 0.7818175 -0.6235075 0 0.8805904 -0.4738782 0 0.8805913 -0.4738766 0 0.9195281 -0.3930243 0 0.9195277 -0.3930255 0 0.9510583 -0.3090118 0 0.9510587 -0.3090106 0 0.9749283 -0.2225195 0 0.9909432 -0.1342822 0 0.990943 -0.1342837 0 0.998994 -0.04484534 0 0.9989938 -0.04484856 0 -0.9980308 -0.06272602 0 -0.9980309 -0.06272488 0 -0.9822757 -0.1874424 0 -0.982276 -0.1874403 0 -0.9510508 -0.3090346 0 -0.9510512 -0.3090334 0 -0.9048343 -0.4257641 0 -0.904834 -0.4257646 0 -0.8443315 -0.5358213 0 -0.770527 -0.6374076 0 -0.7705256 -0.6374092 0 -0.6845608 -0.7289559 0 -0.6845605 -0.7289561 0 -0.5877323 -0.8090555 0 -0.5877329 -0.8090552 0 -0.3681023 -0.9297853 0 -0.3681024 -0.9297853 0 -0.2487156 -0.9685767 0 -0.2487157 -0.9685766 0 -0.1253063 -0.9921182 0 -0.1253063 -0.9921181 0 0.1253063 -0.9921181 0 0.1253063 -0.9921182 0 0.2487157 -0.9685766 0 0.3681023 -0.9297853 0 0.4817764 -0.8762942 0 0.5877323 -0.8090555 0 0.5877329 -0.8090552 0 0.6845608 -0.7289559 0 0.7705259 -0.6374089 0 0.6845605 -0.7289561 0 0.7705267 -0.6374078 0 0.8443315 -0.5358213 0 0.9048345 -0.4257637 0 0.9048338 -0.425765 0 0.9510509 -0.3090344 0 0.9510511 -0.3090336 0 0.9822756 -0.1874425 0 0.9822761 -0.1874402 0 0.9980309 -0.06272488 0 0.9980308 -0.06272602 0 0.9980308 0.06272602 0 0.9980309 0.06272488 0 0.9822757 0.1874424 0 0.982276 0.1874403 0 0.9510508 0.3090346 0 0.9510512 0.3090334 0 0.9048343 0.4257641 0 0.904834 0.4257646 0 0.8443315 0.5358213 0 0.7705267 0.6374078 0 0.7705259 0.6374089 0 0.684561 0.7289556 0 0.6845602 0.7289564 0 0.5877323 0.8090555 0 0.5877329 0.8090552 0 0.4817764 0.8762942 0 0.3681023 0.9297853 0 0.2487157 0.9685766 0 0.1253063 0.9921182 0 0.1253063 0.9921181 0 -0.1253063 0.9921181 0 -0.1253063 0.9921182 0 -0.2487157 0.9685766 0 -0.2487156 0.9685767 0 -0.3681024 0.9297853 0 -0.3681023 0.9297853 0 -0.5877329 0.8090552 0 -0.5877323 0.8090555 0 -0.6845605 0.7289561 0 -0.6845608 0.7289559 0 -0.7705267 0.6374078 0 -0.8443315 0.5358213 0 -0.904834 0.4257646 0 -0.9048343 0.4257641 0 -0.982276 0.1874403 0 -0.9510509 0.3090344 0 -0.9510511 0.3090336 0 -0.9980309 0.06272488 0 -0.9822757 0.1874424 0 -0.9980308 0.06272602 0 -8.1253e-7 0 -1 1.62458e-6 0 -1 -5.41127e-7 0 -1 1.08226e-6 0 -1 2.70266e-7 0 -1 -1.08344e-6 0 -1 -1.08336e-6 0 -1 5.40552e-7 0 -1 -1.62342e-6 0 -1 1.21755e-6 0 -1 -7.428e-7 0 -1 1.28648e-6 0 -1 5.41677e-7 0 -1 -7.4128e-7 0 -1 0 0 -1 -2.96518e-6 0 -1 0 0 -1 2.96518e-6 0 -1 -1.28648e-6 0 -1 -1.21755e-6 0 -1 1.62342e-6 0 -1 1.08336e-6 0 -1 -2.97101e-6 0 -1 1.89189e-6 0 -1 -2.16611e-6 0 -1 2.16611e-6 0 -1 -2.16452e-6 0 -1 3.70633e-7 0 -1 1.08344e-6 0 -1 -2.16673e-6 0 -1 7.41786e-7 0 -1 1.1142e-6 0 -1 2.16454e-6 0 -1 -1.08111e-6 0 -1 -2.16455e-6 0 -1 7.4128e-7 0 -1 -1.9459e-6 0 -1 2.1667e-6 0 -1 -5.41677e-7 0 -1 1.9459e-6 0 -1 -2.1667e-6 0 -1 -2.70767e-7 0 -1 3.714e-7 0 -1 2.16455e-6 0 -1 -5.40552e-7 0 -1 -2.16454e-6 0 -1 -7.41786e-7 0 -1 -3.70633e-7 0 -1 -1.85688e-6 0 -1 -1.08226e-6 0 -1 2.16217e-6 0 -1 7.41795e-7 0 -1 -3.70636e-7 0 -1 -7.41273e-7 0 1 2.96718e-6 0 1 -2.16451e-6 0 1 1.85692e-6 0 1 -1.08344e-6 0 1 1.85316e-6 0 1 5.40552e-7 0 1 3.70893e-7 0 1 -4.32911e-6 0 1 2.16454e-6 0 1 2.70767e-7 0 1 3.70901e-7 0 1 -1.35419e-7 0 1 4.33225e-6 0 1 -2.6872e-6 0 1 -7.41776e-7 0 1 -4.33225e-6 0 1 -5.56332e-7 0 1 2.6872e-6 0 1 3.7064e-7 0 1 4.32911e-6 0 1 -3.70901e-7 0 1 -7.428e-7 0 1 -3.70893e-7 0 1 -1.85316e-6 0 1 2.16612e-6 0 1 1.48355e-6 0 1 -1.08225e-6 0 1 -1.85688e-6 0 1 7.41273e-7 0 1 -5.41687e-7 0 1 -1.85449e-6 0 1 5.41527e-7 0 1 2.97108e-6 0 1 2.16451e-6 0 1 -1.08306e-6 0 1 2.96506e-6 0 1 1.08344e-6 0 1 -2.70841e-7 0 1 1.35284e-6 0 1 -3.24683e-6 0 1 -2.70767e-7 0 1 8.12514e-7 0 1 1.35419e-7 0 1 7.41776e-7 0 1 2.84304e-6 0 1 5.56332e-7 0 1 -2.84304e-6 0 1 -3.7064e-7 0 1 -8.12514e-7 0 1 7.428e-7 0 1 3.24683e-6 0 1 -1.35284e-6 0 1 2.70841e-7 0 1 -2.96506e-6 0 1 -1.48355e-6 0 1 1.08306e-6 0 1 -2.97101e-6 0 1 -2.96718e-6 0 1 -5.41527e-7 0 1</float_array>
          <technique_common>
            <accessor source="#shape0_021-mesh-normals-array" count="4735" stride="3">
              <param name="X" type="float"/>
              <param name="Y" type="float"/>
              <param name="Z" type="float"/>
            </accessor>
          </technique_common>
        </source>
        <vertices id="shape0_021-mesh-vertices">
          <input semantic="POSITION" source="#shape0_021-mesh-positions"/>
        </vertices>
        <triangles material="Material_010-material" count="19850">
          <input semantic="VERTEX" source="#shape0_021-mesh-vertices" offset="0"/>
          <input semantic="NORMAL" source="#shape0_021-mesh-normals" offset="1"/>
          <p>0 0 1 0 2 0 3 1 0 1 2 1 1 0 4 0 2 0 5 2 6 2 7 2 3 3 2 3 8 3 9 4 3 4 10 4 11 5 5 5 12 5 13 6 9 6 10 6 5 7 7 7 12 7 3 8 8 8 10 8 14 9 13 9 15 9 11 10 12 10 16 10 13 6 10 6 15 6 17 11 11 11 18 11 14 9 15 9 19 9 11 12 16 12 18 12 20 13 14 13 21 13 17 14 18 14 22 14 23 15 20 15 21 15 24 16 17 16 22 16 14 13 19 13 21 13 23 15 21 15 25 15 24 17 22 17 26 17 27 18 24 18 26 18 28 19 23 19 29 19 30 20 28 20 29 20 27 21 26 21 31 21 23 19 25 19 29 19 32 22 27 22 31 22 33 23 32 23 31 23 30 24 29 24 34 24 33 23 31 23 35 23 36 25 30 25 37 25 38 26 36 26 37 26 33 27 35 27 39 27 30 28 34 28 37 28 40 27 33 27 39 27 38 29 37 29 41 29 40 30 39 30 42 30 43 31 40 31 42 31 38 32 41 32 44 32 45 32 38 32 44 32 46 33 45 33 44 33 43 34 42 34 47 34 48 35 43 35 47 35 46 33 44 33 49 33 50 36 46 36 49 36 48 37 47 37 51 37 52 38 48 38 51 38 50 39 49 39 53 39 52 40 51 40 54 40 55 41 52 41 54 41 50 42 53 42 56 42 57 43 50 43 56 43 58 44 57 44 56 44 55 45 54 45 59 45 58 46 56 46 60 46 61 45 55 45 59 45 62 47 61 47 59 47 58 48 60 48 63 48 62 49 59 49 64 49 65 48 58 48 63 48 66 50 65 50 63 50 66 50 63 50 67 50 62 51 64 51 68 51 69 52 62 52 68 52 70 53 69 53 68 53 66 54 67 54 71 54 72 54 66 54 71 54 73 55 72 55 71 55 70 53 68 53 74 53 73 55 71 55 75 55 70 56 74 56 76 56 77 56 70 56 76 56 73 57 75 57 78 57 79 57 73 57 78 57 80 58 79 58 78 58 77 59 76 59 81 59 82 60 77 60 81 60 80 61 78 61 83 61 84 62 80 62 83 62 85 63 82 63 86 63 82 64 81 64 86 64 84 65 83 65 87 65 88 66 85 66 89 66 84 67 87 67 90 67 91 68 88 68 89 68 85 69 86 69 89 69 92 67 84 67 90 67 93 70 92 70 90 70 93 70 90 70 94 70 91 68 89 68 95 68 96 71 91 71 97 71 93 72 94 72 98 72 99 72 93 72 98 72 100 73 99 73 98 73 91 71 95 71 97 71 100 73 98 73 101 73 102 74 96 74 103 74 96 74 97 74 103 74 104 75 100 75 105 75 106 76 104 76 105 76 107 77 102 77 108 77 100 78 101 78 105 78 102 77 103 77 108 77 106 79 105 79 109 79 110 80 107 80 111 80 112 81 110 81 111 81 107 82 108 82 111 82 113 83 106 83 114 83 115 84 113 84 114 84 106 85 109 85 114 85 112 86 111 86 116 86 115 84 114 84 117 84 118 87 115 87 117 87 119 88 112 88 120 88 121 89 118 89 122 89 112 88 116 88 120 88 118 87 117 87 122 87 123 90 119 90 124 90 119 90 120 90 124 90 121 91 122 91 125 91 126 92 121 92 127 92 128 93 126 93 127 93 129 94 123 94 130 94 121 95 125 95 127 95 123 94 124 94 130 94 131 96 128 96 132 96 128 93 127 93 132 93 133 97 129 97 134 97 135 98 133 98 134 98 129 97 130 97 134 97 136 99 131 99 137 99 131 100 132 100 137 100 135 98 134 98 138 98 136 101 137 101 139 101 140 102 136 102 139 102 135 103 138 103 141 103 142 104 135 104 141 104 140 105 139 105 143 105 142 106 141 106 144 106 140 107 143 107 145 107 146 108 142 108 144 108 147 109 140 109 145 109 148 110 147 110 145 110 148 110 145 110 149 110 146 111 144 111 150 111 151 112 146 112 150 112 152 113 148 113 149 113 152 113 149 113 153 113 154 114 152 114 153 114 151 115 150 115 155 115 156 115 151 115 155 115 154 116 153 116 157 116 156 117 155 117 158 117 159 117 156 117 158 117 154 118 157 118 160 118 161 119 154 119 160 119 162 120 161 120 160 120 159 121 158 121 163 121 164 122 159 122 163 122 162 123 160 123 165 123 166 124 162 124 165 124 164 125 163 125 167 125 168 126 164 126 167 126 166 127 165 127 169 127 170 128 168 128 167 128 166 129 169 129 171 129 172 130 166 130 171 130 170 131 167 131 173 131 172 132 171 132 7 132 6 133 172 133 7 133 170 134 173 134 174 134 175 134 170 134 174 134 175 135 174 135 176 135 177 135 175 135 176 135 177 136 176 136 178 136 179 136 177 136 178 136 179 137 178 137 180 137 181 137 179 137 180 137 181 138 180 138 182 138 183 138 181 138 182 138 183 139 182 139 184 139 185 140 183 140 184 140 185 141 184 141 186 141 187 142 185 142 186 142 187 143 186 143 188 143 189 143 187 143 188 143 189 144 188 144 190 144 191 144 189 144 190 144 192 145 191 145 190 145 192 145 190 145 193 145 192 146 193 146 194 146 195 146 192 146 194 146 195 147 194 147 196 147 197 148 195 148 196 148 198 149 197 149 199 149 197 150 196 150 199 150 200 151 198 151 201 151 198 152 199 152 201 152 202 153 200 153 203 153 200 153 201 153 203 153 202 154 203 154 204 154 205 154 202 154 204 154 205 155 204 155 206 155 207 156 205 156 206 156 207 157 206 157 208 157 209 158 207 158 208 158 210 159 209 159 208 159 210 159 208 159 211 159 210 160 211 160 212 160 213 161 210 161 212 161 214 162 213 162 215 162 213 163 212 163 215 163 216 164 214 164 217 164 214 165 215 165 217 165 218 166 216 166 219 166 220 167 218 167 219 167 216 168 217 168 219 168 220 167 219 167 221 167 222 169 220 169 223 169 224 170 222 170 223 170 220 169 221 169 223 169 224 171 223 171 225 171 226 172 224 172 227 172 228 173 226 173 227 173 224 174 225 174 227 174 228 175 227 175 229 175 230 176 228 176 231 176 232 177 230 177 231 177 228 178 229 178 231 178 232 179 231 179 233 179 234 180 232 180 235 180 236 181 234 181 235 181 232 182 233 182 235 182 237 183 236 183 238 183 236 184 235 184 238 184 237 185 238 185 239 185 240 186 237 186 241 186 242 187 240 187 241 187 237 188 239 188 241 188 242 189 241 189 243 189 244 190 242 190 245 190 246 191 244 191 245 191 242 192 243 192 245 192 246 193 245 193 247 193 248 194 246 194 249 194 250 195 248 195 249 195 246 194 247 194 249 194 250 195 249 195 251 195 252 196 250 196 253 196 254 197 252 197 253 197 250 198 251 198 253 198 254 199 253 199 255 199 256 200 254 200 255 200 256 201 255 201 257 201 256 202 257 202 258 202 259 203 256 203 258 203 260 204 259 204 258 204 260 204 258 204 261 204 260 205 261 205 262 205 263 206 260 206 262 206 264 207 263 207 262 207 264 208 262 208 265 208 264 209 265 209 266 209 267 209 264 209 266 209 268 210 267 210 266 210 268 210 266 210 269 210 270 211 268 211 271 211 272 212 270 212 271 212 268 213 269 213 271 213 272 214 271 214 273 214 274 215 272 215 275 215 276 216 274 216 275 216 272 217 273 217 275 217 276 216 275 216 277 216 278 218 276 218 279 218 1 219 278 219 279 219 276 218 277 218 279 218 1 219 279 219 4 219 280 220 281 220 282 220 283 220 284 220 285 220 283 220 286 220 284 220 283 220 287 220 286 220 288 220 289 220 290 220 288 220 291 220 289 220 292 220 293 220 294 220 292 220 295 220 293 220 296 220 297 220 298 220 299 220 300 220 301 220 302 220 280 220 303 220 299 220 301 220 304 220 302 220 303 220 305 220 302 220 305 220 306 220 307 220 308 220 309 220 310 220 311 220 312 220 2 220 313 220 8 220 310 220 312 220 314 220 2 220 315 220 313 220 51 220 47 220 316 220 317 220 105 220 101 220 317 220 109 220 105 220 318 220 101 220 98 220 249 220 319 220 320 220 318 220 317 220 101 220 321 220 306 220 322 220 249 220 320 220 251 220 321 220 302 220 306 220 124 220 323 220 324 220 325 220 326 220 297 220 124 220 120 220 323 220 325 220 297 220 296 220 327 220 290 220 328 220 329 220 132 220 127 220 327 220 288 220 290 220 330 220 331 220 332 220 330 220 300 220 299 220 330 220 332 220 300 220 333 220 137 220 132 220 333 220 132 220 329 220 139 220 137 220 333 220 334 220 98 220 94 220 335 220 336 220 337 220 334 220 318 220 98 220 338 220 127 220 125 220 339 220 327 220 328 220 340 220 331 220 330 220 338 220 329 220 127 220 341 220 321 220 322 220 340 220 342 220 343 220 341 220 322 220 344 220 340 220 343 220 331 220 345 220 114 220 109 220 341 220 344 220 346 220 345 220 109 220 317 220 347 220 326 220 325 220 348 220 139 220 333 220 349 220 125 220 122 220 349 220 338 220 125 220 350 220 351 220 326 220 350 220 326 220 347 220 247 220 319 220 249 220 130 220 324 220 352 220 130 220 124 220 324 220 353 220 328 220 354 220 353 220 339 220 328 220 355 220 139 220 348 220 356 220 357 220 358 220 356 220 358 220 342 220 359 220 346 220 295 220 359 220 341 220 346 220 356 220 342 220 340 220 359 220 292 220 360 220 359 220 295 220 292 220 361 220 351 220 350 220 361 220 362 220 351 220 363 220 90 220 87 220 363 220 94 220 90 220 363 220 364 220 334 220 363 220 334 220 94 220 365 220 335 220 337 220 4 220 366 220 315 220 365 220 337 220 308 220 367 220 75 220 71 220 365 220 308 220 307 220 367 220 78 220 75 220 4 220 315 220 2 220 368 220 369 220 370 220 371 220 122 220 117 220 371 220 349 220 122 220 54 220 51 220 372 220 373 220 362 220 361 220 374 220 353 220 354 220 375 220 376 220 283 220 375 220 283 220 285 220 377 220 378 220 379 220 380 220 362 220 373 220 380 220 285 220 362 220 380 220 375 220 285 220 381 220 71 220 67 220 381 220 367 220 71 220 382 220 379 220 378 220 383 220 364 220 363 220 382 220 310 220 379 220 384 220 283 220 376 220 385 220 117 220 114 220 386 220 357 220 356 220 387 220 359 220 360 220 386 220 130 220 352 220 386 220 352 220 357 220 385 220 371 220 117 220 388 220 387 220 360 220 389 220 378 220 377 220 390 220 78 220 367 220 391 220 354 220 392 220 391 220 374 220 354 220 393 220 394 220 368 220 393 220 368 220 370 220 395 220 67 220 63 220 395 220 381 220 67 220 396 220 385 220 114 220 397 220 387 220 388 220 134 220 130 220 386 220 396 220 345 220 398 220 396 220 114 220 345 220 399 220 157 220 153 220 400 220 365 220 307 220 400 220 307 220 401 220 402 220 391 220 392 220 403 220 310 220 382 220 279 220 404 220 366 220 160 220 157 220 399 220 279 220 366 220 4 220 405 220 389 220 377 220 405 220 406 220 389 220 407 220 399 220 153 220 59 220 372 220 408 220 409 220 395 220 63 220 59 220 408 220 410 220 411 220 398 220 412 220 411 220 396 220 398 220 59 220 54 220 372 220 413 220 160 220 399 220 414 220 392 220 319 220 414 220 402 220 392 220 415 220 397 220 388 220 416 220 153 220 149 220 417 220 134 220 386 220 416 220 407 220 153 220 418 220 397 220 415 220 419 220 83 220 78 220 419 220 87 220 83 220 419 220 78 220 390 220 419 220 390 220 420 220 419 220 363 220 87 220 421 220 319 220 247 220 422 220 384 220 423 220 421 220 414 220 319 220 422 220 424 220 425 220 422 220 423 220 424 220 426 220 394 220 393 220 427 220 419 220 420 220 426 220 428 220 394 220 429 220 418 220 415 220 165 220 160 220 413 220 430 220 165 220 413 220 431 220 416 220 149 220 431 220 149 220 145 220 432 220 247 220 245 220 432 220 421 220 247 220 433 220 434 220 435 220 64 220 59 220 410 220 436 220 411 220 412 220 437 220 63 220 60 220 437 220 409 220 63 220 438 220 439 220 429 220 440 220 432 220 245 220 441 220 442 220 311 220 441 220 310 220 403 220 441 220 311 220 310 220 443 220 419 220 427 220 444 220 400 220 401 220 445 220 422 220 425 220 169 220 165 220 430 220 169 220 430 220 446 220 447 220 145 220 143 220 447 220 431 220 145 220 445 220 425 220 448 220 449 220 450 220 439 220 449 220 439 220 438 220 243 220 440 220 245 220 451 220 277 220 275 220 138 220 134 220 417 220 452 220 436 220 412 220 453 220 60 220 56 220 453 220 437 220 60 220 454 220 139 220 355 220 454 220 143 220 139 220 455 220 277 220 451 220 454 220 355 220 456 220 273 220 451 220 275 220 457 220 458 220 459 220 454 220 447 220 143 220 457 220 459 220 434 220 460 220 461 220 462 220 463 220 419 220 443 220 464 220 404 220 279 220 464 220 277 220 455 220 465 220 138 220 417 220 464 220 279 220 277 220 466 220 462 220 467 220 466 220 467 220 468 220 469 220 56 220 53 220 470 220 471 220 472 220 470 220 472 220 473 220 469 220 453 220 56 220 470 220 473 220 450 220 474 220 454 220 456 220 470 220 449 220 475 220 474 220 456 220 476 220 470 220 450 220 449 220 474 220 476 220 477 220 478 220 404 220 464 220 478 220 479 220 404 220 480 220 481 220 482 220 483 220 484 220 485 220 486 220 419 220 463 220 483 220 485 220 442 220 483 220 442 220 441 220 487 220 481 220 445 220 487 220 445 220 448 220 487 220 482 220 481 220 488 220 428 220 426 220 489 220 433 220 435 220 489 220 428 220 488 220 489 220 435 220 428 220 490 220 491 220 492 220 490 220 492 220 471 220 493 220 474 220 477 220 493 220 477 220 494 220 495 220 444 220 401 220 493 220 494 220 496 220 497 220 49 220 44 220 498 220 491 220 490 220 498 220 499 220 500 220 498 220 500 220 491 220 495 220 401 220 501 220 502 220 490 220 471 220 502 220 471 220 470 220 503 220 405 220 461 220 504 220 505 220 506 220 503 220 461 220 460 220 504 220 506 220 499 220 507 220 419 220 486 220 504 220 499 220 498 220 508 220 458 220 457 220 509 220 479 220 478 220 41 220 497 220 44 220 510 220 487 220 448 220 510 220 448 220 511 220 512 220 502 220 470 220 513 220 466 220 468 220 514 220 505 220 504 220 515 220 493 220 496 220 514 220 410 220 516 220 514 220 516 220 505 220 515 220 496 220 517 220 515 220 517 220 518 220 519 220 53 220 49 220 514 220 64 220 410 220 519 220 49 220 497 220 271 220 520 220 273 220 241 220 521 220 440 220 241 220 440 220 243 220 141 220 138 220 465 220 141 220 465 220 522 220 523 220 520 220 271 220 524 220 479 220 509 220 525 220 497 220 41 220 524 220 526 220 479 220 527 220 528 220 452 220 529 220 510 220 511 220 530 220 531 220 484 220 527 220 532 220 528 220 527 220 533 220 532 220 527 220 452 220 412 220 530 220 484 220 483 220 534 220 68 220 64 220 534 220 64 220 514 220 535 220 419 220 507 220 536 220 526 220 524 220 537 220 470 220 475 220 538 220 488 220 539 220 538 220 489 220 488 220 540 220 495 220 501 220 541 220 515 220 518 220 537 220 475 220 542 220 541 220 518 220 543 220 544 220 529 220 511 220 544 220 511 220 545 220 540 220 501 220 546 220 37 220 525 220 41 220 547 220 526 220 536 220 548 220 405 220 503 220 547 220 549 220 526 220 550 220 544 220 545 220 550 220 545 220 549 220 551 220 469 220 53 220 551 220 53 220 519 220 552 220 537 220 542 220 553 220 458 220 508 220 554 220 549 220 547 220 554 220 550 220 549 220 553 220 555 220 458 220 556 220 74 220 68 220 557 220 525 220 37 220 556 220 68 220 534 220 558 220 533 220 527 220 559 220 419 220 535 220 560 220 561 220 562 220 560 220 562 220 531 220 563 220 480 220 564 220 565 220 552 220 542 220 560 220 531 220 530 220 239 220 566 220 521 220 567 220 543 220 568 220 567 220 541 220 543 220 567 220 568 220 569 220 239 220 521 220 241 220 144 220 141 220 522 220 144 220 522 220 570 220 571 220 565 220 542 220 572 220 76 220 74 220 572 220 74 220 556 220 573 220 574 220 469 220 575 220 540 220 546 220 576 220 571 220 542 220 573 220 469 220 551 220 577 220 538 220 539 220 578 220 579 220 406 220 578 220 405 220 548 220 580 220 581 220 419 220 578 220 406 220 405 220 580 220 419 220 559 220 582 220 37 220 34 220 582 220 557 220 37 220 583 220 144 220 570 220 584 220 18 220 16 220 585 220 586 220 513 220 585 220 513 220 468 220 585 220 468 220 555 220 585 220 555 220 553 220 587 220 16 220 12 220 588 220 589 220 590 220 587 220 584 220 16 220 588 220 590 220 561 220 588 220 561 220 560 220 591 220 575 220 546 220 592 220 587 220 12 220 591 220 546 220 593 220 238 220 594 220 566 220 238 220 595 220 594 220 238 220 566 220 239 220 596 220 567 220 569 220 596 220 569 220 597 220 598 220 76 220 572 220 150 220 144 220 583 220 599 220 600 220 601 220 599 220 601 220 579 220 599 220 579 220 578 220 602 220 581 220 580 220 603 220 12 220 7 220 604 220 577 220 539 220 269 220 523 220 271 220 269 220 605 220 523 220 81 220 76 220 598 220 604 220 539 220 606 220 603 220 592 220 12 220 607 220 574 220 573 220 608 220 609 220 610 220 608 220 610 220 586 220 608 220 586 220 585 220 611 220 612 220 613 220 611 220 613 220 589 220 614 220 582 220 34 220 611 220 589 220 588 220 615 220 150 220 583 220 616 220 571 220 576 220 617 220 618 220 619 220 617 220 564 220 618 220 620 220 603 220 7 220 621 220 591 220 593 220 617 220 563 220 564 220 620 220 7 220 171 220 235 220 622 220 595 220 235 220 595 220 238 220 155 220 150 220 615 220 623 220 81 220 598 220 624 220 625 220 600 220 626 220 527 220 627 220 624 220 600 220 599 220 628 220 604 220 606 220 29 220 614 220 34 220 628 220 606 220 629 220 630 220 616 220 576 220 631 220 627 220 527 220 632 220 633 220 558 220 634 220 635 220 609 220 632 220 558 220 527 220 632 220 527 220 626 220 634 220 609 220 608 220 636 220 637 220 612 220 636 220 612 220 611 220 638 220 639 220 640 220 641 220 617 220 619 220 638 220 642 220 639 220 643 220 593 220 644 220 641 220 619 220 645 220 643 220 621 220 593 220 646 220 647 220 648 220 646 220 648 220 625 220 646 220 625 220 624 220 649 220 638 220 640 220 233 220 622 220 235 220 266 220 605 220 269 220 233 220 650 220 622 220 266 220 651 220 605 220 158 220 155 220 615 220 652 220 633 220 632 220 652 220 653 220 633 220 158 220 615 220 654 220 655 220 22 220 18 220 86 220 81 220 623 220 655 220 18 220 584 220 656 220 581 220 602 220 657 220 628 220 629 220 658 220 643 220 644 220 659 220 640 220 660 220 659 220 649 220 640 220 661 220 620 220 171 220 662 220 663 220 635 220 661 220 171 220 169 220 662 220 635 220 634 220 661 220 446 220 664 220 661 220 169 220 446 220 665 220 641 220 645 220 666 220 644 220 650 220 666 220 658 220 644 220 667 220 668 220 669 220 667 220 669 220 647 220 667 220 647 220 646 220 265 220 670 220 651 220 671 220 653 220 652 220 231 220 650 220 233 220 672 220 673 220 574 220 163 220 637 220 636 220 265 220 651 220 266 220 163 220 158 220 654 220 672 220 574 220 607 220 163 220 654 220 637 220 89 220 86 220 674 220 675 220 614 220 29 220 676 220 657 220 629 220 676 220 629 220 677 220 678 220 663 220 662 220 679 220 680 220 665 220 262 220 681 220 670 220 682 220 650 220 231 220 683 220 684 220 671 220 682 220 666 220 650 220 262 220 670 220 265 220 95 220 674 220 685 220 686 220 661 220 664 220 687 220 678 220 662 220 686 220 664 220 688 220 686 220 688 220 689 220 95 220 89 220 674 220 690 220 691 220 581 220 690 220 660 220 691 220 692 220 680 220 679 220 690 220 659 220 660 220 693 220 682 220 231 220 694 220 581 220 656 220 229 220 693 220 231 220 694 220 690 220 581 220 695 220 679 220 665 220 695 220 665 220 645 220 167 220 636 220 696 220 167 220 163 220 636 220 697 220 698 220 668 220 697 220 668 220 667 220 699 220 698 220 697 220 700 220 645 220 701 220 700 220 695 220 645 220 702 220 596 220 597 220 702 220 597 220 684 220 702 220 684 220 683 220 703 220 685 220 704 220 705 220 676 220 677 220 703 220 704 220 706 220 703 220 706 220 707 220 703 220 707 220 708 220 703 220 708 220 709 220 25 220 675 220 29 220 703 220 95 220 685 220 710 220 678 220 687 220 26 220 655 220 711 220 712 220 693 220 229 220 26 220 22 220 655 220 713 220 692 220 714 220 715 220 673 220 672 220 97 220 95 220 703 220 716 220 717 220 718 220 719 220 717 220 716 220 227 220 712 220 229 220 720 220 686 220 689 220 720 220 689 220 721 220 720 220 721 220 722 220 723 220 716 220 718 220 173 220 167 220 696 220 173 220 696 220 724 220 725 220 726 220 717 220 725 220 717 220 719 220 727 220 705 220 677 220 728 220 690 220 694 220 729 220 675 220 25 220 727 220 677 220 730 220 731 220 700 220 701 220 732 220 699 220 697 220 733 220 699 220 732 220 734 220 596 220 702 220 735 220 712 220 227 220 734 220 736 220 596 220 734 220 737 220 736 220 738 220 690 220 728 220 739 220 713 220 714 220 740 220 710 220 687 220 740 220 687 220 741 220 742 220 722 220 743 220 744 220 701 220 745 220 742 220 743 220 746 220 744 220 731 220 701 220 742 220 720 220 722 220 747 220 673 220 715 220 225 220 735 220 227 220 747 220 748 220 673 220 174 220 749 220 750 220 174 220 724 220 749 220 174 220 173 220 724 220 751 220 713 220 739 220 752 220 727 220 730 220 753 220 751 220 739 220 754 220 737 220 734 220 755 220 723 220 718 220 756 220 738 220 728 220 757 220 745 220 758 220 757 220 744 220 745 220 759 220 740 220 741 220 760 220 737 220 754 220 21 220 729 220 25 220 31 220 711 220 761 220 223 220 735 220 225 220 223 220 762 220 735 220 223 220 763 220 762 220 176 220 750 220 764 220 176 220 174 220 750 220 31 220 26 220 711 220 765 220 746 220 766 220 103 220 97 220 703 220 765 220 742 220 746 220 767 220 752 220 730 220 767 220 730 220 768 220 769 220 760 220 754 220 770 220 748 220 747 220 771 220 757 220 758 220 772 220 738 220 756 220 772 220 756 220 773 220 221 220 763 220 223 220 221 220 774 220 763 220 775 220 261 220 258 220 178 220 764 220 776 220 178 220 176 220 764 220 777 220 759 220 741 220 778 220 758 220 779 220 777 220 741 220 780 220 778 220 771 220 758 220 781 220 767 220 768 220 782 220 261 220 775 220 219 220 783 220 774 220 784 220 760 220 769 220 785 220 753 220 786 220 219 220 774 220 221 220 785 220 751 220 753 220 180 220 178 220 776 220 787 220 788 220 748 220 787 220 748 220 770 220 789 220 766 220 790 220 789 220 790 220 791 220 789 220 765 220 766 220 792 220 778 220 779 220 793 220 777 220 780 220 794 220 681 220 262 220 794 220 261 220 782 220 794 220 262 220 261 220 795 220 779 220 796 220 795 220 792 220 779 220 217 220 768 220 783 220 797 220 796 220 681 220 217 220 783 220 219 220 797 220 681 220 794 220 182 220 776 220 798 220 799 220 796 220 797 220 799 220 795 220 796 220 182 220 180 220 776 220 800 220 788 220 787 220 800 220 801 220 788 220 802 220 803 220 804 220 215 220 805 220 781 220 802 220 804 220 784 220 215 220 781 220 768 220 215 220 768 220 217 220 184 220 733 220 732 220 806 220 772 220 773 220 184 220 798 220 733 220 806 220 807 220 808 220 806 220 773 220 807 220 257 220 775 220 258 220 184 220 182 220 798 220 809 220 791 220 803 220 108 220 103 220 703 220 809 220 789 220 791 220 810 220 805 220 215 220 811 220 801 220 800 220 212 220 810 220 215 220 812 220 785 220 786 220 186 220 813 220 814 220 186 220 732 220 813 220 815 220 809 220 803 220 186 220 184 220 732 220 816 220 817 220 755 220 815 220 803 220 802 220 818 220 808 220 801 220 818 220 801 220 811 220 816 220 819 220 817 220 211 220 810 220 212 220 211 220 820 220 810 220 188 220 186 220 814 220 188 220 814 220 821 220 822 220 809 220 815 220 823 220 806 220 808 220 823 220 808 220 818 220 824 220 108 220 703 220 824 220 703 220 825 220 208 220 820 220 211 220 208 220 826 220 820 220 15 220 827 220 19 220 190 220 188 220 821 220 190 220 821 220 828 220 206 220 826 220 208 220 206 220 829 220 826 220 193 220 828 220 830 220 193 220 190 220 828 220 194 220 193 220 830 220 831 220 806 220 823 220 204 220 829 220 206 220 204 220 832 220 829 220 833 220 806 220 831 220 196 220 194 220 834 220 203 220 832 220 204 220 835 220 822 220 815 220 203 220 836 220 832 220 199 220 196 220 834 220 199 220 834 220 837 220 199 220 837 220 793 220 838 220 822 220 835 220 201 220 836 220 203 220 201 220 199 220 793 220 201 220 793 220 780 220 839 220 19 220 827 220 201 220 780 220 836 220 840 220 841 220 842 220 335 220 370 220 369 220 335 220 369 220 336 220 843 220 775 220 257 220 679 220 714 220 692 220 255 220 843 220 257 220 466 220 460 220 462 220 255 220 844 220 843 220 830 220 834 220 194 220 433 220 457 220 434 220 316 220 372 220 51 220 439 220 418 220 429 220 293 220 845 220 846 220 839 220 21 220 19 220 684 220 653 220 671 220 804 220 760 220 784 220 376 220 423 220 384 220 520 220 451 220 273 220 482 220 564 220 480 220 847 220 848 220 849 220 847 220 849 220 726 220 847 220 726 220 850 220 850 220 726 220 851 220 851 220 726 220 725 220 817 220 723 220 755 220 840 220 852 220 812 220 853 220 703 220 854 220 854 220 703 220 855 220 855 220 703 220 856 220 856 220 703 220 709 220 857 220 111 220 108 220 623 220 674 220 86 220 857 220 108 220 824 220 858 220 838 220 835 220 859 220 833 220 831 220 842 220 852 220 840 220 860 220 827 220 15 220 860 220 15 220 10 220 845 220 838 220 858 220 861 220 840 220 812 220 861 220 812 220 786 220 862 220 21 220 839 220 862 220 729 220 21 220 863 220 111 220 857 220 253 220 844 220 255 220 253 220 864 220 844 220 287 220 859 220 286 220 287 220 833 220 859 220 846 220 845 220 858 220 116 220 111 220 863 220 865 220 866 220 729 220 867 220 842 220 841 220 865 220 729 220 862 220 868 220 816 220 869 220 8 220 860 220 10 220 8 220 870 220 860 220 868 220 869 220 871 220 872 220 786 220 289 220 313 220 870 220 8 220 872 220 861 220 786 220 873 220 866 220 865 220 294 220 293 220 846 220 874 220 867 220 841 220 875 220 816 220 868 220 876 220 39 220 35 220 314 220 871 220 869 220 877 220 867 220 874 220 878 220 816 220 875 220 876 220 879 220 39 220 880 220 42 220 39 220 880 220 39 220 879 220 878 220 881 220 819 220 878 220 819 220 816 220 882 220 35 220 31 220 882 220 761 220 883 220 312 220 871 220 314 220 291 220 872 220 289 220 882 220 876 220 35 220 882 220 31 220 761 220 251 220 884 220 864 220 251 220 320 220 884 220 885 220 47 220 42 220 885 220 42 220 880 220 251 220 864 220 253 220 298 220 297 220 866 220 120 220 116 220 863 220 298 220 866 220 873 220 323 220 120 220 863 220 281 220 883 220 886 220 281 220 886 220 282 220 309 220 877 220 874 220 281 220 882 220 883 220 316 220 47 220 885 220 304 220 301 220 887 220 304 220 887 220 881 220 304 220 881 220 878 220 280 220 282 220 888 220 308 220 877 220 309 220 280 220 888 220 303 220 264 221 889 221 890 221 891 222 88 222 892 222 264 221 890 221 263 221 892 223 88 223 91 223 263 224 890 224 893 224 892 221 91 221 894 221 263 225 893 225 260 225 894 226 91 226 96 226 260 221 893 221 895 221 894 221 96 221 896 221 260 227 895 227 259 227 896 228 96 228 102 228 895 229 897 229 256 229 259 230 895 230 256 230 898 231 896 231 107 231 896 232 102 232 107 232 897 221 899 221 254 221 256 233 897 233 254 233 900 234 898 234 110 234 898 221 107 221 110 221 899 221 901 221 252 221 254 235 899 235 252 235 902 221 900 221 112 221 900 236 110 236 112 236 901 221 903 221 250 221 106 221 113 221 904 221 252 221 901 221 250 221 902 237 112 237 119 237 905 221 902 221 119 221 113 221 115 221 906 221 250 238 903 238 248 238 903 221 907 221 248 221 904 221 113 221 906 221 905 221 119 221 123 221 908 221 905 221 123 221 104 239 106 239 909 239 106 240 904 240 909 240 248 241 907 241 246 241 907 221 910 221 246 221 908 242 123 242 129 242 911 221 908 221 129 221 906 221 115 221 912 221 115 243 118 243 912 243 910 221 913 221 244 221 246 244 910 244 244 244 911 245 129 245 133 245 914 221 911 221 133 221 100 221 104 221 915 221 104 246 909 246 915 246 912 221 118 221 916 221 118 221 121 221 916 221 913 247 917 247 242 247 244 248 913 248 242 248 914 249 133 249 135 249 918 250 914 250 135 250 99 223 100 223 919 223 100 251 915 251 919 251 121 252 126 252 920 252 917 253 921 253 240 253 242 254 917 254 240 254 916 221 121 221 920 221 918 255 135 255 142 255 922 221 918 221 142 221 93 221 99 221 923 221 99 256 919 256 923 256 126 257 128 257 924 257 128 258 131 258 924 258 921 221 925 221 237 221 240 259 921 259 237 259 920 221 126 221 924 221 922 260 142 260 146 260 926 261 922 261 146 261 84 221 92 221 927 221 92 221 93 221 927 221 93 262 923 262 927 262 925 221 928 221 236 221 237 221 925 221 236 221 926 263 146 263 151 263 929 221 926 221 151 221 131 264 136 264 930 264 924 265 131 265 930 265 84 266 927 266 931 266 80 221 84 221 931 221 236 221 928 221 234 221 136 267 140 267 932 267 929 268 151 268 156 268 930 221 136 221 932 221 79 221 80 221 933 221 80 269 931 269 933 269 928 221 934 221 232 221 234 221 928 221 232 221 935 221 929 221 159 221 140 221 147 221 936 221 929 270 156 270 159 270 932 221 140 221 936 221 934 271 937 271 230 271 73 221 79 221 938 221 232 221 934 221 230 221 79 272 933 272 938 272 939 273 935 273 164 273 147 274 148 274 940 274 936 221 147 221 940 221 935 275 159 275 164 275 72 221 73 221 941 221 73 276 938 276 941 276 148 277 152 277 942 277 937 278 943 278 228 278 230 221 937 221 228 221 940 221 148 221 942 221 944 221 939 221 168 221 66 221 72 221 945 221 72 279 941 279 945 279 939 280 164 280 168 280 152 281 154 281 946 281 942 221 152 221 946 221 65 221 66 221 947 221 66 282 945 282 947 282 228 221 943 221 226 221 943 283 948 283 226 283 949 284 944 284 170 284 944 285 168 285 170 285 154 286 161 286 950 286 946 221 154 221 950 221 58 287 65 287 951 287 65 288 947 288 951 288 161 289 162 289 952 289 950 290 161 290 952 290 57 221 58 221 953 221 58 291 951 291 953 291 226 292 948 292 224 292 948 221 954 221 224 221 949 293 170 293 175 293 162 294 166 294 955 294 956 221 949 221 175 221 952 295 162 295 955 295 50 221 57 221 957 221 57 296 953 296 957 296 224 221 954 221 222 221 46 221 50 221 958 221 50 297 957 297 958 297 954 298 959 298 222 298 956 299 175 299 177 299 960 221 956 221 177 221 166 221 172 221 961 221 955 221 166 221 961 221 222 221 959 221 220 221 46 300 958 300 962 300 38 221 45 221 962 221 45 221 46 221 962 221 959 301 963 301 220 301 6 221 5 221 964 221 960 302 177 302 179 302 961 221 172 221 964 221 965 221 960 221 179 221 172 221 6 221 964 221 36 221 38 221 966 221 220 221 963 221 218 221 38 303 962 303 966 303 5 221 11 221 967 221 964 221 5 221 967 221 963 304 968 304 218 304 965 221 179 221 181 221 969 221 965 221 181 221 30 305 36 305 970 305 36 306 966 306 970 306 967 307 11 307 971 307 11 221 17 221 971 221 218 221 968 221 216 221 968 221 972 221 216 221 969 308 181 308 183 308 973 221 969 221 183 221 28 221 30 221 974 221 30 309 970 309 974 309 17 221 24 221 975 221 216 221 972 221 214 221 971 310 17 310 975 310 972 221 976 221 214 221 973 311 183 311 185 311 977 312 973 312 185 312 23 313 28 313 978 313 28 314 974 314 978 314 24 315 27 315 979 315 975 316 24 316 979 316 214 317 976 317 213 317 976 318 980 318 213 318 977 221 185 221 187 221 981 319 977 319 187 319 23 320 978 320 982 320 213 321 980 321 210 321 20 221 23 221 982 221 27 221 32 221 983 221 979 221 27 221 983 221 981 322 187 322 189 322 210 221 980 221 209 221 20 323 982 323 984 323 14 221 20 221 984 221 32 221 33 221 985 221 980 221 986 221 209 221 981 324 189 324 191 324 983 325 32 325 985 325 987 221 981 221 191 221 209 326 986 326 207 326 986 221 988 221 207 221 14 327 984 327 989 327 990 221 987 221 192 221 13 221 14 221 989 221 33 221 40 221 991 221 987 328 191 328 192 328 985 329 33 329 991 329 992 330 990 330 195 330 990 331 192 331 195 331 207 221 988 221 205 221 988 221 993 221 205 221 994 332 992 332 197 332 13 333 989 333 995 333 992 221 195 221 197 221 9 221 13 221 995 221 40 221 43 221 996 221 993 221 997 221 202 221 205 334 993 334 202 334 991 335 40 335 996 335 998 336 994 336 198 336 994 337 197 337 198 337 997 221 998 221 200 221 202 221 997 221 200 221 998 338 198 338 200 338 9 339 995 339 999 339 3 221 9 221 999 221 43 221 48 221 1000 221 996 221 43 221 1000 221 3 340 999 340 1001 340 0 221 3 221 1001 221 48 341 52 341 1002 341 1000 221 48 221 1002 221 0 342 1001 342 1003 342 1 221 0 221 1003 221 52 343 55 343 1004 343 1002 344 52 344 1004 344 1 221 1003 221 278 221 1004 345 55 345 61 345 278 346 1003 346 1005 346 1004 221 61 221 1006 221 278 221 1005 221 276 221 1006 347 61 347 62 347 276 348 1005 348 1007 348 1006 221 62 221 1008 221 276 331 1007 331 274 331 1008 349 62 349 69 349 274 350 1007 350 1009 350 1008 221 69 221 1010 221 274 221 1009 221 272 221 1010 351 69 351 70 351 272 352 1009 352 1011 352 1010 221 70 221 1012 221 272 353 1011 353 270 353 1012 354 70 354 77 354 270 355 1011 355 1013 355 1012 221 77 221 1014 221 270 221 1013 221 268 221 1014 356 77 356 82 356 268 357 1013 357 1015 357 1014 358 82 358 1016 358 268 221 1015 221 267 221 1016 359 82 359 85 359 267 352 1015 352 889 352 1016 360 85 360 891 360 267 361 889 361 264 361 891 221 85 221 88 221 1017 362 521 362 566 362 1018 362 1017 362 566 362 1019 363 1018 363 566 363 1019 364 566 364 594 364 1020 365 1019 365 595 365 1019 366 594 366 595 366 1021 367 1020 367 622 367 1020 367 595 367 622 367 1022 368 1021 368 650 368 1023 369 1022 369 650 369 1021 370 622 370 650 370 1023 371 650 371 644 371 1024 372 1023 372 593 372 1023 372 644 372 593 372 1025 373 1024 373 546 373 1024 374 593 374 546 374 1026 375 1025 375 501 375 1025 376 546 376 501 376 1027 377 1026 377 401 377 1026 377 501 377 401 377 1028 378 1027 378 307 378 1027 379 401 379 307 379 1029 380 1028 380 309 380 1030 381 1029 381 309 381 1028 380 307 380 309 380 1031 382 1030 382 874 382 1030 381 309 381 874 381 1031 382 874 382 841 382 440 383 521 383 1017 383 440 383 1017 383 1032 383 1031 384 841 384 840 384 1033 385 1031 385 840 385 432 386 440 386 1032 386 432 386 1032 386 1034 386 421 387 1034 387 1035 387 421 387 432 387 1034 387 414 388 1035 388 1036 388 414 388 421 388 1035 388 402 389 1036 389 1037 389 402 390 414 390 1036 390 391 391 1037 391 1038 391 391 392 402 392 1037 392 374 393 1038 393 1039 393 374 394 1039 394 1040 394 374 393 391 393 1038 393 353 394 374 394 1040 394 339 395 1040 395 1041 395 339 396 1041 396 1042 396 339 397 353 397 1040 397 327 398 339 398 1042 398 288 399 1042 399 1043 399 288 400 1043 400 1044 400 288 401 327 401 1042 401 291 402 288 402 1044 402 872 403 1044 403 1045 403 872 404 1045 404 1046 404 872 405 291 405 1044 405 861 406 1046 406 1033 406 861 404 872 404 1046 404 840 407 861 407 1033 407 712 408 735 408 1047 408 712 409 1047 409 1048 409 1047 410 735 410 762 410 1049 411 1047 411 762 411 1050 412 1049 412 762 412 1050 413 762 413 763 413 1051 414 1050 414 774 414 1050 415 763 415 774 415 1052 416 1051 416 783 416 1051 417 774 417 783 417 1053 418 1052 418 768 418 1054 419 1053 419 768 419 1052 420 783 420 768 420 1054 419 768 419 730 419 1055 421 1054 421 677 421 1054 422 730 422 677 422 1056 423 1055 423 629 423 1055 424 677 424 629 424 1057 425 1056 425 606 425 1056 426 629 426 606 426 1058 427 1057 427 539 427 1057 427 606 427 539 427 1059 428 1058 428 488 428 1058 429 539 429 488 429 1060 430 1059 430 426 430 1061 431 1060 431 426 431 1059 430 488 430 426 430 1062 432 1061 432 393 432 1061 431 426 431 393 431 1062 433 393 433 370 433 693 434 712 434 1048 434 693 435 1048 435 1063 435 682 436 1063 436 1064 436 682 436 693 436 1063 436 666 437 1064 437 1065 437 666 438 682 438 1064 438 658 439 1065 439 1066 439 658 440 666 440 1065 440 643 441 1066 441 1067 441 643 442 658 442 1066 442 621 443 1067 443 1068 443 621 444 1068 444 1069 444 621 443 643 443 1067 443 591 445 621 445 1069 445 575 446 1069 446 1070 446 575 447 1070 447 1071 447 575 448 591 448 1069 448 540 449 575 449 1071 449 495 450 1071 450 1072 450 495 451 1072 451 1073 451 495 452 540 452 1071 452 444 453 495 453 1073 453 400 454 1073 454 1074 454 400 455 1074 455 1075 455 400 456 444 456 1073 456 365 457 1075 457 1076 457 365 458 400 458 1075 458 335 459 365 459 1076 459 1062 460 370 460 335 460 1076 460 1062 460 335 460 1077 461 843 461 844 461 1078 462 1077 462 844 462 1079 463 1078 463 844 463 1079 464 844 464 864 464 1080 465 1079 465 884 465 1079 465 864 465 884 465 1081 466 1080 466 320 466 1080 466 884 466 320 466 1082 467 1081 467 319 467 1083 468 1082 468 319 468 1081 469 320 469 319 469 1083 470 319 470 392 470 1084 471 1083 471 354 471 1083 471 392 471 354 471 1085 472 1084 472 328 472 1084 472 354 472 328 472 1086 473 1085 473 290 473 1085 474 328 474 290 474 1087 475 1086 475 289 475 1086 476 290 476 289 476 1088 477 1087 477 786 477 1087 478 289 478 786 478 1089 479 1088 479 753 479 1090 480 1089 480 753 480 1088 479 786 479 753 479 1091 481 1090 481 739 481 1090 480 753 480 739 480 1091 481 739 481 714 481 843 482 1077 482 1092 482 775 482 843 482 1092 482 1093 483 1091 483 714 483 1093 484 714 484 679 484 782 485 775 485 1092 485 782 485 1092 485 1094 485 794 486 1094 486 1095 486 794 486 782 486 1094 486 797 487 1095 487 1096 487 797 487 794 487 1095 487 799 488 1096 488 1097 488 799 488 797 488 1096 488 795 489 1097 489 1098 489 795 490 799 490 1097 490 792 491 1098 491 1099 491 792 492 1099 492 1100 492 792 493 795 493 1098 493 778 494 792 494 1100 494 771 495 1100 495 1101 495 771 496 1101 496 1102 496 771 497 778 497 1100 497 757 496 771 496 1102 496 744 498 1102 498 1103 498 744 499 1103 499 1104 499 744 500 757 500 1102 500 731 501 744 501 1104 501 700 502 1104 502 1105 502 700 503 1105 503 1106 503 700 504 731 504 1104 504 695 505 1106 505 1093 505 695 503 700 503 1106 503 679 506 695 506 1093 506 1107 507 1108 507 460 507 1107 508 460 508 466 508 1109 509 830 509 828 509 1110 509 1109 509 828 509 1111 510 1110 510 828 510 1111 511 828 511 821 511 1112 512 1111 512 814 512 1111 512 821 512 814 512 1113 513 1112 513 813 513 1112 514 814 514 813 514 1114 515 1113 515 732 515 1115 516 1114 516 732 516 1113 517 813 517 732 517 1115 518 732 518 697 518 1116 519 1115 519 667 519 1115 519 697 519 667 519 1117 520 1116 520 646 520 1116 521 667 521 646 521 1118 522 1117 522 624 522 1117 523 646 523 624 523 1119 524 1118 524 599 524 1118 524 624 524 599 524 1120 525 1119 525 578 525 1119 526 599 526 578 526 1121 527 1120 527 548 527 1122 528 1121 528 548 528 1120 529 578 529 548 529 1108 530 1122 530 503 530 1122 528 548 528 503 528 1108 531 503 531 460 531 837 532 834 532 1123 532 837 532 1123 532 1124 532 793 533 1124 533 1125 533 793 534 837 534 1124 534 777 535 1125 535 1126 535 777 535 793 535 1125 535 759 536 1126 536 1127 536 759 536 777 536 1126 536 740 537 1127 537 1128 537 740 537 759 537 1127 537 710 538 1128 538 1129 538 710 539 1129 539 1130 539 710 538 740 538 1128 538 678 540 710 540 1130 540 663 541 1130 541 1131 541 663 542 1131 542 1132 542 663 541 678 541 1130 541 635 543 663 543 1132 543 609 544 1132 544 1133 544 609 545 1133 545 1134 545 609 544 635 544 1132 544 610 546 609 546 1134 546 586 547 1134 547 1135 547 586 548 1135 548 1136 548 586 549 610 549 1134 549 513 550 1136 550 1107 550 513 551 586 551 1136 551 466 552 513 552 1107 552 830 553 1109 553 1123 553 834 553 830 553 1123 553 820 554 1137 554 1138 554 810 555 820 555 1138 555 1137 556 820 556 826 556 1139 556 1137 556 826 556 1140 557 1139 557 826 557 1140 558 826 558 829 558 1141 559 1140 559 832 559 1140 560 829 560 832 560 1142 561 1141 561 836 561 1141 562 832 562 836 562 1143 563 1142 563 780 563 1144 564 1143 564 780 564 1142 563 836 563 780 563 1144 565 780 565 741 565 1145 566 1144 566 687 566 1144 567 741 567 687 567 1146 568 1145 568 662 568 1145 568 687 568 662 568 1147 569 1146 569 634 569 1146 570 662 570 634 570 1148 571 1147 571 608 571 1147 572 634 572 608 572 1149 573 1148 573 585 573 1148 574 608 574 585 574 1150 575 1149 575 553 575 1151 576 1150 576 553 576 1149 575 585 575 553 575 1152 577 1151 577 508 577 1151 576 553 576 508 576 1152 578 508 578 457 578 805 579 810 579 1138 579 805 579 1138 579 1153 579 781 580 1153 580 1154 580 781 580 805 580 1153 580 767 581 1154 581 1155 581 767 581 781 581 1154 581 752 582 1155 582 1156 582 752 583 767 583 1155 583 727 584 1156 584 1157 584 727 584 752 584 1156 584 705 585 1157 585 1158 585 705 586 1158 586 1159 586 705 587 727 587 1157 587 676 588 705 588 1159 588 657 589 1159 589 1160 589 657 590 1160 590 1161 590 657 591 676 591 1159 591 628 590 657 590 1161 590 604 592 1161 592 1162 592 604 593 1162 593 1163 593 604 592 628 592 1161 592 577 593 604 593 1163 593 538 594 1163 594 1164 594 538 595 1164 595 1165 595 538 594 577 594 1163 594 489 596 1165 596 1166 596 489 597 538 597 1165 597 433 598 489 598 1166 598 1166 599 1152 599 457 599 1166 599 457 599 433 599 316 600 1167 600 1168 600 372 600 316 600 1168 600 1167 601 316 601 885 601 1169 602 1167 602 885 602 1170 603 1169 603 885 603 1170 604 885 604 880 604 1171 605 1170 605 879 605 1170 605 880 605 879 605 1172 606 1171 606 876 606 1171 606 879 606 876 606 1173 607 1172 607 882 607 1174 608 1173 608 882 608 1172 609 876 609 882 609 1174 610 882 610 281 610 1175 611 1174 611 280 611 1174 611 281 611 280 611 1176 612 1175 612 302 612 1175 612 280 612 302 612 1177 613 1176 613 321 613 1176 614 302 614 321 614 1178 615 1177 615 341 615 1177 616 321 616 341 616 1179 617 1178 617 359 617 1178 618 341 618 359 618 1180 619 1179 619 387 619 1181 620 1180 620 387 620 1179 619 359 619 387 619 1182 621 1181 621 397 621 1181 620 387 620 397 620 1182 621 397 621 418 621 408 622 372 622 1168 622 408 622 1168 622 1183 622 410 623 1183 623 1184 623 410 623 408 623 1183 623 516 624 1184 624 1185 624 516 624 410 624 1184 624 505 625 1185 625 1186 625 505 625 516 625 1185 625 506 626 1186 626 1187 626 506 627 505 627 1186 627 499 628 1187 628 1188 628 499 629 1188 629 1189 629 499 630 506 630 1187 630 500 631 499 631 1189 631 491 632 1189 632 1190 632 491 633 1190 633 1191 633 491 634 500 634 1189 634 492 633 491 633 1191 633 471 635 1191 635 1192 635 471 636 1192 636 1193 636 471 637 492 637 1191 637 472 638 471 638 1193 638 473 639 1193 639 1194 639 473 640 1194 640 1195 640 473 641 472 641 1193 641 450 642 1195 642 1196 642 450 640 473 640 1195 640 439 643 450 643 1196 643 1196 644 1182 644 418 644 1196 645 418 645 439 645 1197 646 845 646 293 646 1198 647 1197 647 293 647 1199 648 584 648 587 648 1200 648 1199 648 587 648 1201 649 1200 649 587 649 1201 650 587 650 592 650 1202 651 1201 651 603 651 1201 652 592 652 603 652 1203 653 1202 653 620 653 1202 653 603 653 620 653 1204 654 1203 654 661 654 1205 655 1204 655 661 655 1203 656 620 656 661 656 1205 657 661 657 686 657 1206 658 1205 658 720 658 1205 658 686 658 720 658 1207 659 1206 659 742 659 1206 660 720 660 742 660 1208 661 1207 661 765 661 1207 662 742 662 765 662 1209 663 1208 663 789 663 1208 663 765 663 789 663 1210 664 1209 664 809 664 1209 665 789 665 809 665 1211 666 1210 666 822 666 1212 667 1211 667 822 667 1210 666 809 666 822 666 1197 668 1212 668 838 668 1212 667 822 667 838 667 1197 668 838 668 845 668 711 669 655 669 1213 669 711 669 1213 669 1214 669 761 670 1214 670 1215 670 761 670 711 670 1214 670 883 671 1215 671 1216 671 883 671 761 671 1215 671 886 672 1216 672 1217 672 886 673 883 673 1216 673 282 674 1217 674 1218 674 282 675 886 675 1217 675 888 676 1218 676 1219 676 888 677 1219 677 1220 677 888 676 282 676 1218 676 303 677 888 677 1220 677 305 678 1220 678 1221 678 305 679 1221 679 1222 679 305 680 303 680 1220 680 306 681 305 681 1222 681 322 682 1222 682 1223 682 322 683 1223 683 1224 683 322 684 306 684 1222 684 344 685 322 685 1224 685 346 686 1224 686 1225 686 346 687 1225 687 1226 687 346 688 344 688 1224 688 295 689 1226 689 1198 689 295 687 346 687 1226 687 293 690 295 690 1198 690 655 691 584 691 1199 691 655 691 1199 691 1213 691 329 692 1227 692 1228 692 333 693 329 693 1228 693 1227 694 329 694 338 694 1229 694 1227 694 338 694 1230 695 1229 695 338 695 1230 696 338 696 349 696 1231 697 1230 697 371 697 1230 698 349 698 371 698 1232 699 1231 699 385 699 1231 700 371 700 385 700 1233 701 1232 701 396 701 1234 702 1233 702 396 702 1232 701 385 701 396 701 1234 703 396 703 411 703 1235 704 1234 704 436 704 1234 705 411 705 436 705 1236 706 1235 706 452 706 1235 706 436 706 452 706 1237 707 1236 707 528 707 1236 708 452 708 528 708 1238 709 1237 709 532 709 1237 710 528 710 532 710 1239 711 1238 711 533 711 1238 712 532 712 533 712 1240 713 1239 713 558 713 1241 714 1240 714 558 714 1239 713 533 713 558 713 1242 715 1241 715 633 715 1241 714 558 714 633 714 1242 716 633 716 653 716 348 717 333 717 1228 717 348 717 1228 717 1243 717 355 718 1243 718 1244 718 355 718 348 718 1243 718 456 719 1244 719 1245 719 456 719 355 719 1244 719 476 720 1245 720 1246 720 476 721 456 721 1245 721 477 722 1246 722 1247 722 477 722 476 722 1246 722 494 723 1247 723 1248 723 494 724 1248 724 1249 724 494 725 477 725 1247 725 496 726 494 726 1249 726 517 727 1249 727 1250 727 517 728 1250 728 1251 728 517 729 496 729 1249 729 518 728 517 728 1251 728 543 730 1251 730 1252 730 543 731 1252 731 1253 731 543 730 518 730 1251 730 568 731 543 731 1253 731 569 732 1253 732 1254 732 569 733 1254 733 1255 733 569 732 568 732 1253 732 597 734 1255 734 1256 734 597 735 569 735 1255 735 684 736 597 736 1256 736 1256 737 1242 737 653 737 1256 737 653 737 684 737 1257 738 399 738 407 738 1258 739 1257 739 407 739 1259 740 1258 740 407 740 1259 741 407 741 416 741 1260 742 1259 742 431 742 1259 743 416 743 431 743 1261 744 1260 744 447 744 1260 745 431 745 447 745 1262 746 1261 746 454 746 1263 747 1262 747 454 747 1261 748 447 748 454 748 1263 747 454 747 474 747 1264 749 1263 749 493 749 1263 750 474 750 493 750 1265 751 1264 751 515 751 1264 752 493 752 515 752 1266 753 1265 753 541 753 1265 754 515 754 541 754 1267 755 1266 755 567 755 1266 755 541 755 567 755 1268 756 1267 756 596 756 1267 757 567 757 596 757 1269 758 1268 758 736 758 1270 759 1269 759 736 759 1268 758 596 758 736 758 1271 760 1270 760 737 760 1270 759 736 759 737 759 1271 761 737 761 760 761 413 762 399 762 1257 762 413 763 1257 763 1272 763 1271 764 760 764 804 764 1273 764 1271 764 804 764 430 765 413 765 1272 765 430 766 1272 766 1274 766 446 767 1274 767 1275 767 446 767 430 767 1274 767 664 768 1275 768 1276 768 664 769 446 769 1275 769 688 770 1276 770 1277 770 688 771 664 771 1276 771 689 772 1277 772 1278 772 689 773 688 773 1277 773 721 774 1278 774 1279 774 721 775 1279 775 1280 775 721 774 689 774 1278 774 722 776 721 776 1280 776 743 777 1280 777 1281 777 743 778 1281 778 1282 778 743 779 722 779 1280 779 746 780 743 780 1282 780 766 781 1282 781 1283 781 766 782 1283 782 1284 782 766 783 746 783 1282 783 790 784 766 784 1284 784 791 785 1284 785 1285 785 791 786 1285 786 1286 786 791 787 790 787 1284 787 803 788 1286 788 1273 788 803 789 791 789 1286 789 804 790 803 790 1273 790 1287 791 525 791 557 791 1288 792 1287 792 557 792 1289 793 1288 793 582 793 1288 794 557 794 582 794 1290 795 1289 795 614 795 1289 795 582 795 614 795 1291 796 1290 796 675 796 1292 797 1291 797 675 797 1290 796 614 796 675 796 1292 798 675 798 729 798 1293 799 1292 799 866 799 1292 799 729 799 866 799 1294 800 1293 800 297 800 1295 801 1294 801 297 801 1293 802 866 802 297 802 1295 803 297 803 326 803 1296 804 1295 804 351 804 1295 805 326 805 351 805 1297 806 1296 806 362 806 1296 807 351 807 362 807 1298 808 1297 808 285 808 1297 809 362 809 285 809 1299 810 1298 810 284 810 1300 811 1299 811 284 811 1298 812 285 812 284 812 1300 813 284 813 286 813 1301 814 1300 814 859 814 1300 815 286 815 859 815 497 816 525 816 1287 816 497 816 1287 816 1302 816 1301 817 859 817 831 817 1303 817 1301 817 831 817 519 818 497 818 1302 818 519 818 1302 818 1304 818 551 819 1304 819 1305 819 551 820 519 820 1304 820 573 821 1305 821 1306 821 573 822 1306 822 1307 822 573 821 551 821 1305 821 607 823 573 823 1307 823 672 824 1307 824 1308 824 672 825 607 825 1307 825 715 826 1308 826 1309 826 715 827 1309 827 1310 827 715 828 672 828 1308 828 747 827 715 827 1310 827 770 829 1310 829 1311 829 770 829 747 829 1310 829 787 830 1311 830 1312 830 787 831 770 831 1311 831 800 832 1312 832 1313 832 800 833 1313 833 1314 833 800 834 787 834 1312 834 811 835 800 835 1314 835 818 836 1314 836 1315 836 818 836 811 836 1314 836 823 837 1315 837 1316 837 823 838 818 838 1315 838 831 839 1316 839 1303 839 831 839 823 839 1316 839 1317 840 1318 840 756 840 1317 840 756 840 728 840 1319 841 381 841 395 841 1320 842 1319 842 395 842 1321 843 1320 843 395 843 1321 844 395 844 409 844 1322 845 1321 845 437 845 1321 845 409 845 437 845 1323 846 1322 846 453 846 1322 847 437 847 453 847 1324 848 1323 848 469 848 1325 849 1324 849 469 849 1323 848 453 848 469 848 1325 850 469 850 574 850 1326 851 1325 851 673 851 1325 852 574 852 673 852 1327 853 1326 853 748 853 1326 853 673 853 748 853 1328 854 1327 854 788 854 1327 855 748 855 788 855 1329 856 1328 856 801 856 1328 856 788 856 801 856 1330 857 1329 857 808 857 1329 858 801 858 808 858 1331 859 1330 859 807 859 1332 860 1331 860 807 860 1330 859 808 859 807 859 1318 861 1332 861 773 861 1332 862 807 862 773 862 1318 863 773 863 756 863 390 864 367 864 1333 864 390 865 1333 865 1334 865 420 866 1334 866 1335 866 420 867 390 867 1334 867 427 868 1335 868 1336 868 427 868 420 868 1335 868 443 869 1336 869 1337 869 443 870 427 870 1336 870 463 871 1337 871 1338 871 463 871 443 871 1337 871 486 872 1338 872 1339 872 486 873 1339 873 1340 873 486 872 463 872 1338 872 507 874 486 874 1340 874 535 875 1340 875 1341 875 535 876 1341 876 1342 876 535 877 507 877 1340 877 559 876 535 876 1342 876 580 878 1342 878 1343 878 580 879 1343 879 1344 879 580 880 559 880 1342 880 602 879 580 879 1344 879 656 881 1344 881 1345 881 656 882 1345 882 1346 882 656 881 602 881 1344 881 694 883 1346 883 1317 883 694 882 656 882 1346 882 728 884 694 884 1317 884 381 885 1319 885 1333 885 367 886 381 886 1333 886 1347 887 1348 887 423 887 1347 888 423 888 376 888 1349 889 860 889 870 889 1350 890 1349 890 870 890 1351 891 1350 891 870 891 1351 892 870 892 313 892 1352 893 1351 893 315 893 1351 894 313 894 315 894 1353 895 1352 895 366 895 1352 896 315 896 366 896 1354 897 1353 897 404 897 1355 898 1354 898 404 898 1353 899 366 899 404 899 1355 900 404 900 479 900 1356 901 1355 901 526 901 1355 902 479 902 526 902 1357 903 1356 903 549 903 1356 904 526 904 549 904 1358 905 1357 905 545 905 1357 906 549 906 545 906 1359 907 1358 907 511 907 1358 907 545 907 511 907 1360 908 1359 908 448 908 1359 909 511 909 448 909 1361 910 1360 910 425 910 1362 911 1361 911 425 911 1360 910 448 910 425 910 1348 912 1362 912 424 912 1362 913 425 913 424 913 1348 914 424 914 423 914 839 915 827 915 1363 915 839 915 1363 915 1364 915 862 916 1364 916 1365 916 862 916 839 916 1364 916 865 917 1365 917 1366 917 865 918 862 918 1365 918 873 919 1366 919 1367 919 873 920 865 920 1366 920 298 921 1367 921 1368 921 298 922 873 922 1367 922 296 923 1368 923 1369 923 296 924 1369 924 1370 924 296 925 298 925 1368 925 325 926 296 926 1370 926 347 927 1370 927 1371 927 347 928 1371 928 1372 928 347 929 325 929 1370 929 350 930 347 930 1372 930 361 931 1372 931 1373 931 361 932 1373 932 1374 932 361 931 350 931 1372 931 373 932 361 932 1374 932 380 933 1374 933 1375 933 380 934 1375 934 1376 934 380 933 373 933 1374 933 375 935 1376 935 1347 935 375 936 380 936 1376 936 376 937 375 937 1347 937 860 938 1349 938 1363 938 827 938 860 938 1363 938 451 939 520 939 1377 939 451 940 1377 940 1378 940 1377 941 520 941 523 941 1379 942 1377 942 523 942 1380 943 1379 943 523 943 1380 944 523 944 605 944 1381 945 1380 945 651 945 1380 946 605 946 651 946 1382 947 1381 947 670 947 1381 947 651 947 670 947 1383 948 1382 948 681 948 1384 949 1383 949 681 949 1382 948 670 948 681 948 1384 950 681 950 796 950 1385 951 1384 951 779 951 1384 952 796 952 779 952 1386 953 1385 953 758 953 1385 953 779 953 758 953 1387 954 1386 954 745 954 1386 954 758 954 745 954 1388 955 1387 955 701 955 1387 955 745 955 701 955 1389 956 1388 956 645 956 1388 957 701 957 645 957 1390 958 1389 958 619 958 1391 959 1390 959 619 959 1389 960 645 960 619 960 1392 961 1391 961 618 961 1391 962 619 962 618 962 1392 961 618 961 564 961 455 963 451 963 1378 963 455 964 1378 964 1393 964 464 965 1393 965 1394 965 464 966 455 966 1393 966 478 967 1394 967 1395 967 478 968 464 968 1394 968 509 969 1395 969 1396 969 509 969 478 969 1395 969 524 970 1396 970 1397 970 524 970 509 970 1396 970 536 971 1397 971 1398 971 536 972 1398 972 1399 972 536 973 524 973 1397 973 547 972 536 972 1399 972 554 974 1399 974 1400 974 554 975 1400 975 1401 975 554 974 547 974 1399 974 550 975 554 975 1401 975 544 976 1401 976 1402 976 544 977 1402 977 1403 977 544 976 550 976 1401 976 529 977 544 977 1403 977 510 978 1403 978 1404 978 510 979 1404 979 1405 979 510 978 529 978 1403 978 487 980 1405 980 1406 980 487 981 510 981 1405 981 482 982 487 982 1406 982 1392 983 564 983 482 983 1406 984 1392 984 482 984 1407 985 1408 985 1409 985 1410 986 1411 986 1412 986 1413 987 1414 987 1412 987 1415 988 1416 988 1417 988 1411 989 1413 989 1412 989 1412 990 1414 990 1418 990 1419 991 1415 991 1417 991 1410 992 1412 992 1418 992 1414 993 1420 993 1418 993 1421 994 1419 994 1417 994 1422 995 1410 995 1418 995 1417 996 1416 996 1423 996 1420 997 1422 997 1418 997 1414 998 1413 998 1424 998 1425 999 1426 999 1424 999 1413 1000 1425 1000 1424 1000 1426 1001 1427 1001 1428 1001 1427 1002 1429 1002 1428 1002 626 1003 627 1003 1423 1003 1414 1004 1424 1004 1428 1004 1429 1005 1420 1005 1428 1005 1424 1006 1426 1006 1428 1006 1420 1007 1414 1007 1428 1007 1421 1008 1417 1008 1423 1008 1425 1009 1430 1009 1431 1009 642 1010 638 1011 1432 1012 1433 1013 1434 1013 1431 1013 627 1014 1421 1014 1423 1014 1430 1015 1433 1015 1431 1015 1426 1016 1425 1016 1431 1016 1434 1017 1435 1017 1431 1017 1426 1018 1431 1018 1436 1018 1431 1019 1435 1019 1436 1019 1435 1020 1409 1020 1436 1020 1432 1021 638 1021 1437 1021 1409 1022 1438 1022 1436 1022 632 1023 626 1023 1439 1023 1427 1024 1426 1024 1436 1024 652 1025 632 1025 1439 1025 1438 1026 1427 1026 1436 1026 626 1027 1423 1027 1439 1027 1416 1028 1440 1028 1441 1028 649 1029 659 1029 1419 1029 1440 1030 1442 1030 1441 1030 638 1031 649 1031 1419 1031 1442 1032 1443 1032 1441 1032 1443 1033 1444 1033 1441 1033 1423 1034 1416 1034 1441 1034 652 1035 1439 1035 1411 1035 671 1036 652 1036 1411 1036 1437 1037 638 1037 1421 1037 638 1038 1419 1038 1421 1038 815 1039 802 1039 1445 1039 631 1040 1446 1040 627 1040 835 1041 815 1041 1445 1041 1446 1042 1447 1042 627 1042 1447 1043 1421 1044 627 1045 1439 1046 1423 1046 1448 1046 1423 1047 1441 1047 1448 1047 671 1048 1411 1048 1410 1048 683 1049 671 1049 1410 1049 702 1050 683 1050 1410 1050 1415 1051 1449 1051 1450 1051 1411 1052 1439 1052 1413 1052 1439 1053 1448 1053 1413 1053 1415 1054 1450 1054 1451 1054 1444 1055 1452 1055 1453 1055 1454 1056 1455 1056 1453 1056 1456 1057 1454 1057 1453 1057 1452 1058 1456 1058 1453 1058 1441 1059 1444 1059 1453 1059 1415 1060 1451 1060 1416 1060 1448 1061 1441 1061 1453 1061 702 1062 1410 1062 1422 1062 734 1063 702 1063 1422 1063 754 1064 734 1064 1422 1064 769 1065 754 1065 1457 1065 784 1066 769 1066 1457 1066 1458 1067 1459 1067 1460 1067 754 1068 1422 1068 1457 1068 1455 1069 1430 1069 1425 1069 1448 1070 1453 1070 1425 1070 1453 1071 1455 1071 1425 1071 1413 1072 1448 1072 1425 1072 1461 1073 1462 1073 1420 1073 1463 1074 1461 1074 1420 1074 1429 1075 1463 1075 1420 1075 1462 1076 1457 1076 1420 1076 1457 1077 1422 1077 1420 1077 784 1078 1457 1078 1464 1078 1462 1079 1465 1079 1464 1079 1465 1080 1459 1080 1464 1080 802 1081 784 1081 1464 1081 1457 1082 1462 1082 1464 1082 1466 1083 1408 1083 1407 1083 1452 1084 1467 1084 1456 1084 1464 1085 1459 1085 1468 1085 1458 1086 1445 1086 1468 1086 1445 1087 802 1087 1468 1087 802 1088 1464 1088 1468 1088 1459 1089 1458 1089 1468 1089 1438 1090 1469 1090 1427 1090 1469 1091 1470 1091 1427 1091 1470 1092 1429 1092 1427 1092 1471 1093 1466 1093 1472 1093 1466 1094 1407 1094 1472 1094 1434 1095 1473 1095 1435 1095 1473 1096 1474 1096 1435 1096 1475 1097 1471 1097 1476 1097 1474 1098 1477 1098 1409 1098 1477 1099 1407 1099 1409 1099 1476 1100 1471 1100 1478 1100 1471 1101 1472 1101 1478 1101 1408 1102 1479 1102 1409 1102 1479 1103 1438 1103 1409 1103 1478 1104 1472 1104 1480 1104 1435 1105 1474 1105 1409 1105 1446 1106 631 1106 1481 1106 1447 1107 1446 1107 1481 1107 1421 1107 1447 1107 1481 1107 631 1108 527 1108 1482 1108 1481 1109 631 1109 1482 1109 1482 1110 527 1110 412 1110 1482 1111 412 1111 1483 1111 317 1112 1484 1112 1485 1112 345 1113 1485 1113 1486 1113 345 1114 1486 1114 1487 1114 345 1115 317 1115 1485 1115 398 1116 1487 1116 1488 1116 398 1117 345 1117 1487 1117 1483 1118 1488 1118 1489 1118 1483 1119 1489 1119 1490 1119 1483 1120 398 1120 1488 1120 412 1121 398 1121 1483 1121 1491 1122 1490 1122 1492 1122 1491 1123 1492 1123 1493 1123 1491 1124 1483 1124 1490 1124 1494 1125 1493 1125 1495 1125 1494 1126 1495 1126 1496 1126 1494 1127 1491 1127 1493 1127 1497 1128 1496 1128 1498 1128 1497 1129 1494 1129 1496 1129 1499 1130 1498 1130 1500 1130 1499 1131 1500 1131 1501 1131 1499 1132 1497 1132 1498 1132 1502 1133 1501 1133 1503 1133 1502 1134 1499 1134 1501 1134 318 1135 1504 1135 1484 1135 317 1135 318 1135 1484 1135 1505 1136 1504 1136 318 1136 1506 1137 1505 1137 334 1137 1505 1138 318 1138 334 1138 1507 1139 1506 1139 364 1139 1506 1140 334 1140 364 1140 1508 1141 1507 1141 1509 1141 1507 1142 364 1142 1509 1142 1509 1143 364 1143 383 1143 1510 1144 1508 1144 1511 1144 1508 1145 1509 1145 1511 1145 1512 1146 1510 1146 1513 1146 1514 1147 1512 1147 1513 1147 1510 1148 1511 1148 1513 1148 1515 1149 1514 1149 1516 1149 1517 1150 1515 1150 1516 1150 1514 1151 1513 1151 1516 1151 1518 1152 1517 1152 1519 1152 1520 1153 1518 1153 1519 1153 1517 1154 1516 1154 1519 1154 1521 1155 1520 1155 1522 1155 1520 1156 1519 1156 1522 1156 1522 1157 581 1157 691 1157 1523 1158 1521 1158 691 1158 1521 1159 1522 1159 691 1159 1524 1160 1523 1160 660 1160 1523 1161 691 1161 660 1161 1524 1162 660 1162 640 1162 1509 1163 383 1163 363 1163 1509 1164 363 1164 1525 1164 419 1165 1526 1165 363 1165 1526 1166 1525 1166 363 1166 419 1167 581 1167 1522 1167 1526 1168 419 1168 1522 1168 1503 1169 1524 1169 1527 1169 1524 1170 640 1170 1527 1170 1527 1171 640 1171 639 1171 1503 1172 1527 1172 1502 1172 1481 1173 642 1174 1432 1175 1481 1176 1432 1177 1437 1178 1481 1179 1437 1179 1421 1179 1527 1180 639 1180 642 1180 1527 1181 642 1181 1481 1181 1528 220 1529 220 1530 220 1528 220 1530 220 1531 220 1531 220 1530 220 1532 220 1533 220 1534 220 1535 220 422 220 445 220 1536 220 1531 220 1532 220 1537 220 1537 220 1532 220 1538 220 659 220 690 220 1539 220 1540 220 1541 220 1539 220 1533 220 1535 220 1542 220 1543 220 1540 220 1539 220 1544 220 1533 220 1542 220 690 220 1543 220 1539 220 1537 220 1538 220 1545 220 806 220 1546 220 1547 220 772 220 806 220 1547 220 1536 220 1548 220 1549 220 1548 220 1550 220 1549 220 1544 220 1542 220 1551 220 1550 220 1552 220 1549 220 1553 220 1544 220 1551 220 1539 220 1541 220 1554 220 1537 220 1545 220 1555 220 1553 220 1551 220 1556 220 1536 220 1549 220 1557 220 1554 220 1541 220 1558 220 1537 220 1555 220 1559 220 1560 220 1553 220 1556 220 1558 220 1541 220 1561 220 422 220 1536 220 1562 220 1536 220 1557 220 1562 220 1537 220 1559 220 1563 220 1549 220 1552 220 1564 220 1541 220 1537 220 1563 220 1565 220 1560 220 1566 220 1561 220 1541 220 1567 220 1560 220 1556 220 1566 220 384 220 422 220 1568 220 1541 220 1563 220 1569 220 772 220 1547 220 1570 220 422 220 1562 220 1568 220 384 220 1568 220 1571 220 1567 220 1541 220 1572 220 1541 220 1569 220 1572 220 283 220 384 220 1571 220 1573 220 1565 220 1574 220 1565 220 1566 220 1574 220 1549 220 1564 220 1575 220 1576 220 1573 220 1577 220 1573 220 1574 220 1577 220 283 220 1571 220 1578 220 283 220 1578 220 1579 220 287 220 283 220 1579 220 738 220 772 220 1580 220 1549 220 1575 220 1581 220 772 220 1570 220 1580 220 1582 220 1576 220 1583 220 833 220 287 220 1584 220 1576 220 1577 220 1583 220 287 220 1579 220 1584 220 690 220 738 220 1585 220 738 220 1580 220 1585 220 833 220 1584 220 1586 220 1587 220 1582 220 1588 220 1582 220 1583 220 1588 220 1549 220 1581 220 1533 220 1587 220 1588 220 1529 220 1581 220 1589 220 1533 220 1590 220 1587 220 1529 220 1589 220 1534 220 1533 220 690 220 1585 220 1543 220 1590 220 1529 220 1528 220 833 220 1586 220 1546 220 806 220 833 220 1546 220 1591 1182 1592 1182 1593 1182 1594 1183 1591 1183 1593 1183 1595 1184 1594 1184 1593 1184 462 1185 461 1185 1596 1185 1597 1186 1598 1186 1599 1186 1598 1187 1600 1187 1599 1187 462 1188 1596 1188 467 1188 1601 1189 1602 1189 1603 1189 563 1190 617 1190 1604 1190 480 1191 563 1191 1604 1191 617 1192 1601 1192 1604 1192 1603 1193 1605 1193 1606 1193 1607 1194 1608 1194 1609 1194 1592 1195 1610 1195 1611 1195 1595 1196 1593 1196 1611 1196 1600 1197 1612 1197 1611 1197 1607 1198 1609 1198 1613 1198 1612 1199 1595 1199 1611 1199 1593 1200 1592 1200 1611 1200 1599 1201 1600 1201 1611 1201 1604 1202 1601 1202 1614 1202 1601 1203 1603 1203 1614 1203 1607 1204 1613 1204 1615 1204 480 1205 1604 1205 1616 1205 1617 1206 1618 1206 1616 1206 1618 1207 480 1207 1616 1207 1619 1208 1617 1208 1616 1208 1604 1209 1619 1209 1616 1209 1614 1210 1603 1210 1620 1210 1603 1211 1606 1211 1620 1211 1621 1212 1622 1212 1620 1212 1623 1213 1624 1213 1625 1213 1610 1214 1623 1214 1625 1214 1611 1215 1610 1215 1625 1215 1604 1216 1614 1216 1626 1216 1627 1217 1619 1217 1626 1217 1628 1218 1627 1218 1626 1218 1629 1219 1628 1219 1626 1219 1630 1220 1629 1220 1626 1220 1619 1221 1604 1221 1626 1221 1614 1222 1620 1222 1631 1222 1632 1223 1633 1223 1631 1223 1620 1224 1622 1224 1631 1224 1630 1225 1626 1225 1631 1225 1626 1226 1614 1226 1631 1226 1633 1227 1630 1227 1631 1227 1634 1228 1632 1228 1631 1228 1622 1229 1634 1229 1631 1229 1635 1230 1636 1230 1637 1230 1636 1231 1638 1231 1637 1231 1638 1232 1639 1232 1637 1232 1640 1233 1635 1233 1641 1233 1635 1234 1637 1234 1641 1234 1637 1235 1639 1235 1641 1235 1639 1236 1642 1236 1641 1236 1642 1237 1640 1237 1641 1237 1643 1238 1644 1238 1645 1238 1646 1239 1647 1239 1645 1239 1647 1240 1642 1240 1645 1240 1639 1241 1643 1241 1645 1241 1642 1242 1639 1242 1645 1242 1644 1243 1646 1243 1645 1243 1648 1244 1649 1244 1650 1244 1651 1245 1652 1245 1650 1245 1649 1246 1651 1246 1650 1246 1652 1247 1653 1247 1650 1247 1643 1248 1648 1248 1650 1248 1644 1249 1643 1249 1654 1249 1655 1250 1644 1250 1654 1250 1643 1251 1650 1251 1654 1251 1650 1252 1653 1252 1654 1252 1653 1253 1655 1253 1654 1253 1656 1254 1657 1254 1658 1254 1659 1255 1660 1255 1658 1255 1660 1256 1605 1256 1658 1256 1657 1257 1659 1257 1658 1257 1605 1258 1603 1258 1661 1258 1662 1259 1663 1259 1664 1259 1603 1260 1602 1260 1661 1260 1602 1261 1656 1261 1661 1261 1656 1262 1658 1262 1661 1262 1658 1263 1605 1263 1661 1263 1606 1264 1605 1264 1665 1264 1660 1265 1597 1265 1665 1265 1597 1266 1599 1266 1665 1266 1605 1267 1660 1267 1665 1267 1599 1268 1606 1268 1665 1268 1611 1269 1625 1269 1666 1269 1599 1270 1611 1270 1666 1270 1606 1271 1599 1271 1666 1271 1620 1272 1606 1272 1667 1272 1625 1273 1624 1273 1667 1273 1662 1274 1664 1274 1668 1274 1621 1275 1620 1275 1667 1275 1666 1276 1625 1276 1667 1276 1606 1277 1666 1277 1667 1277 1669 1278 1621 1278 1667 1278 1624 1279 1669 1279 1667 1279 1670 1280 1671 1280 1672 1280 1671 1281 1673 1281 1672 1281 1670 1282 1672 1282 1674 1282 1675 1283 1670 1283 1674 1283 1675 1284 1674 1284 1676 1284 1594 1285 1675 1285 1676 1285 481 1286 480 1286 1618 1286 445 1287 481 1287 1618 1287 1594 1288 1676 1288 1591 1288 1617 1289 1619 1289 1677 1289 1617 1290 1677 1290 1678 1290 1617 1291 1678 1291 1679 1291 1633 1292 1632 1292 1680 1292 1596 1293 1607 1293 1681 1293 467 1294 1596 1294 1681 1294 1607 1295 1615 1295 1681 1295 468 1296 467 1296 1682 1296 555 1297 468 1297 1682 1297 1681 1298 1615 1298 1682 1298 467 1299 1681 1299 1682 1299 458 1300 555 1300 1683 1300 459 1301 458 1301 1683 1301 555 1302 1682 1302 1683 1302 1684 1303 1685 1303 1686 1303 1687 1304 1684 1304 1686 1304 1615 1305 1687 1305 1686 1305 1682 1306 1615 1306 1686 1306 1685 1307 1688 1307 1686 1307 434 1308 459 1308 1636 1308 435 1309 434 1309 1636 1309 459 1310 1683 1310 1636 1310 1683 1311 1682 1311 1689 1311 1682 1312 1686 1312 1689 1312 428 1313 435 1313 1635 1313 435 1314 1636 1314 1635 1314 1688 1315 1662 1315 1690 1315 1691 1316 1692 1316 1690 1316 1668 1317 1691 1317 1690 1317 1689 1318 1686 1318 1690 1318 1662 1319 1668 1319 1690 1319 1686 1320 1688 1320 1690 1320 1636 1321 1683 1321 1638 1321 1683 1322 1689 1322 1638 1322 394 1323 428 1323 1640 1323 368 1324 394 1324 1640 1324 428 1325 1635 1325 1640 1325 1689 1326 1690 1326 1648 1326 1690 1327 1692 1327 1648 1327 1638 1328 1689 1328 1648 1328 1692 1329 1649 1329 1648 1329 368 1330 1640 1330 1693 1330 369 1331 368 1331 1693 1331 336 1332 369 1332 1693 1332 1640 1333 1694 1333 1693 1333 1694 1334 1640 1334 1642 1334 1647 1335 1695 1335 1642 1335 1695 1336 1696 1336 1642 1336 1696 1337 1694 1337 1642 1337 1638 1338 1648 1338 1643 1338 1639 1339 1638 1339 1643 1339 336 1340 1693 1340 1697 1340 337 1341 336 1341 1697 1341 308 1342 337 1342 1697 1342 1693 1343 1694 1343 1697 1343 1694 1344 1698 1344 1697 1344 1698 1345 1699 1345 1697 1345 308 1346 1697 1346 1700 1346 1697 1347 1699 1347 1700 1347 877 1348 308 1348 1700 1348 867 1349 877 1349 1700 1349 1699 1350 1701 1350 1700 1350 1702 1351 1703 1351 1644 1351 1703 1352 1704 1352 1644 1352 1704 1353 1646 1353 1644 1353 1705 1354 1706 1354 1653 1354 1652 1355 1705 1355 1653 1355 842 1356 867 1356 1707 1356 852 1357 842 1357 1707 1357 867 1358 1700 1358 1707 1358 1700 1359 1701 1359 1707 1359 1701 1360 1708 1360 1707 1360 1708 1361 1709 1361 1707 1361 1710 1362 1711 1362 1655 1362 1711 1363 1702 1363 1655 1363 1653 1364 1706 1364 1655 1364 1702 1365 1644 1365 1655 1365 1706 1366 1712 1366 1655 1366 852 1367 1707 1367 1713 1367 1707 1368 1709 1368 1713 1368 812 1369 852 1369 1713 1369 785 1370 812 1370 1713 1370 1709 1371 1659 1371 1713 1371 1713 1372 1659 1372 1657 1372 785 1373 1713 1373 1657 1373 751 1374 785 1374 1657 1374 713 1375 751 1375 1657 1375 1671 1376 1714 1376 1715 1376 1714 1377 1710 1377 1715 1377 1710 1378 1655 1378 1715 1378 1673 1379 1671 1379 1715 1379 1712 1380 1673 1380 1715 1380 1655 1381 1712 1381 1715 1381 692 1382 713 1382 1656 1382 713 1383 1657 1383 1656 1383 1716 1384 1597 1384 1660 1384 1717 1385 1716 1385 1660 1385 1659 1386 1717 1386 1660 1386 692 1387 1656 1387 1602 1387 680 1388 692 1388 1602 1388 665 1389 680 1389 1602 1389 641 1390 665 1390 1601 1390 617 1391 641 1391 1601 1391 665 1392 1602 1392 1601 1392 1718 220 1719 220 1720 220 1721 220 1720 220 1722 220 1723 220 1724 220 310 220 1724 220 379 220 310 220 1725 220 1726 220 1727 220 1722 220 1720 220 1728 220 1728 220 1720 220 1729 220 1729 220 1720 220 1730 220 1731 220 1732 220 1730 220 1733 220 1725 220 1734 220 1720 220 1731 220 1730 220 1735 220 1736 220 1737 220 1725 220 1727 220 1734 220 1736 220 1738 220 1737 220 1738 220 1739 220 1737 220 1740 220 1723 220 314 220 1741 220 1740 220 314 220 1723 220 310 220 314 220 1741 220 314 220 869 220 1742 220 1741 220 869 220 1735 220 1737 220 1743 220 1743 220 1737 220 1744 220 1745 220 1733 220 1746 220 1733 220 1734 220 1746 220 1747 220 1742 220 816 220 1748 220 1747 220 816 220 1742 220 869 220 816 220 1749 220 1745 220 1719 220 1748 220 816 220 755 220 1750 220 1749 220 1719 220 1751 220 1750 220 1719 220 1743 220 1744 220 1752 220 1753 220 1748 220 755 220 1745 220 1746 220 1719 220 1730 220 1732 220 718 220 1739 220 1754 220 1755 220 1754 220 1756 220 1755 220 1756 220 1757 220 1755 220 1753 220 755 220 718 220 1757 220 1758 220 1755 220 1758 220 1759 220 1755 220 1759 220 1760 220 1755 220 1732 220 1753 220 718 220 1737 220 1739 220 1755 220 1752 220 1744 220 1761 220 1730 220 718 220 717 220 1751 220 1719 220 1762 220 1752 220 1761 220 1763 220 1764 220 405 220 377 220 1765 220 1764 220 377 220 1755 220 1760 220 1766 220 1763 220 1761 220 1767 220 1763 220 1767 220 1768 220 1762 220 1719 220 1718 220 1768 220 1767 220 1769 220 1766 220 1760 220 1770 220 1768 220 1769 220 1771 220 1771 220 1769 220 1772 220 1771 220 1772 220 1773 220 1765 220 377 220 379 220 1774 220 1765 220 379 220 1724 220 1774 220 379 220 1773 220 1772 220 1775 220 1773 220 1775 220 1776 220 1777 220 1776 220 1778 220 1776 220 1775 220 1778 220 1770 220 1760 220 405 220 1760 220 461 220 405 220 1764 220 1770 220 405 220 1721 220 1779 220 1720 220 1725 220 1777 220 1726 220 1779 220 1780 220 1720 220 1780 220 1718 220 1720 220 1777 220 1778 220 1726 220 1781 1393 1782 1393 1783 1393 846 1394 1445 1394 1784 1394 1785 1395 1786 1395 1783 1395 1458 1396 1787 1396 1784 1396 1782 1397 1788 1397 1783 1397 1786 1398 1781 1398 1783 1398 1789 1399 1790 1399 1791 1399 1788 1400 1785 1400 1783 1400 294 1401 846 1401 1791 1401 1785 1402 1792 1402 1793 1402 292 1403 294 1403 1791 1403 1792 1404 1794 1404 1793 1404 1794 1405 1795 1405 1793 1405 846 1406 1784 1406 1791 1406 1786 1407 1785 1407 1796 1407 1784 1408 1789 1408 1791 1408 1797 1409 576 1409 1798 1409 858 1410 835 1410 1445 1410 1795 1411 1799 1411 1796 1411 1799 1412 1786 1412 1796 1412 1785 1413 1793 1413 1796 1413 1791 1414 1790 1414 1800 1414 1793 1415 1795 1415 1796 1415 292 1416 1791 1416 1800 1416 1794 1417 1801 1417 1802 1417 360 1418 292 1418 1800 1418 858 1419 1445 1419 846 1419 1801 1420 1803 1420 1802 1420 1795 1421 1794 1421 1802 1421 1804 1422 1805 1422 849 1422 1802 1423 1803 1423 1806 1423 848 1424 1804 1424 849 1424 1795 1425 1802 1425 1806 1425 1807 1426 1799 1426 1806 1426 1808 1427 1807 1427 1806 1427 1809 1428 1808 1428 1806 1428 1803 1429 1809 1429 1806 1429 1799 1430 1795 1430 1806 1430 388 1431 360 1431 1810 1431 415 1432 388 1432 1810 1432 1811 1433 1812 1433 1813 1433 1478 1434 1480 1434 1813 1434 1812 1435 1478 1435 1813 1435 360 1436 1800 1436 1810 1436 1790 1437 1814 1437 1815 1437 1814 1438 1816 1438 1815 1438 726 1439 849 1439 1817 1439 1800 1440 1790 1440 1815 1440 717 1441 726 1441 1817 1441 1805 1442 1798 1442 1817 1442 1458 1443 1460 1443 1787 1443 849 1444 1805 1444 1817 1444 429 1445 415 1445 1782 1445 438 1446 429 1446 1782 1446 1818 1447 1811 1447 1819 1447 1811 1448 1813 1448 1819 1448 415 1449 1810 1449 1782 1449 1800 1450 1815 1450 1792 1450 1816 1451 1820 1451 1792 1451 1810 1452 1800 1452 1792 1452 1815 1453 1816 1453 1792 1453 438 1454 1782 1454 1781 1454 449 1455 438 1455 1781 1455 475 1456 449 1456 1781 1456 1821 1457 1822 1457 1823 1457 1821 1458 1823 1458 1824 1458 542 1459 475 1459 1825 1459 1821 1460 1824 1460 1826 1460 475 1461 1781 1461 1825 1461 1820 1462 1827 1462 1794 1462 1827 1463 1828 1463 1794 1463 1792 1464 1820 1464 1794 1464 1825 1465 1781 1465 1786 1465 1798 1466 576 1466 1829 1466 576 1467 542 1467 1829 1467 542 1468 1825 1468 1829 1468 1475 1469 1476 1469 1812 1469 1828 1470 1830 1470 1801 1470 1830 1471 1818 1471 1801 1471 1819 1472 1831 1472 1801 1472 1831 1473 1832 1473 1801 1473 1818 1474 1819 1474 1801 1474 1812 1475 1476 1475 1478 1475 1794 1476 1828 1476 1801 1476 1825 1477 1786 1477 1833 1477 1829 1478 1825 1478 1833 1478 1822 1479 1821 1479 1834 1479 1829 1480 1822 1480 1834 1480 1821 1481 1817 1481 1834 1481 1817 1482 1798 1482 1834 1482 1798 1483 1829 1483 1834 1483 1807 1484 1835 1484 1799 1484 1833 1485 1786 1485 1799 1485 630 1486 576 1486 1836 1486 1832 1487 1837 1487 1803 1487 1837 1488 1809 1488 1803 1488 1801 1489 1832 1489 1803 1489 1822 1490 1829 1490 1838 1490 1839 1491 1840 1491 1838 1491 1841 1492 1822 1492 1838 1492 1842 1493 1841 1493 1838 1493 1840 1494 1842 1494 1838 1494 1836 1495 576 1495 1797 1495 1829 1496 1833 1496 1838 1496 1799 1497 1835 1497 1843 1497 1838 1498 1833 1498 1843 1498 1844 1499 1845 1499 1843 1499 1835 1500 1844 1500 1843 1500 1846 1501 1839 1501 1843 1501 1833 1502 1799 1502 1843 1502 1845 1503 1846 1503 1843 1503 1839 1504 1838 1504 1843 1504 1846 1505 1845 1505 1847 1505 1445 1506 1458 1506 1784 1506 1782 1507 1810 1507 1788 1507 1787 1508 1789 1508 1784 1508 1792 1509 1785 1509 1788 1509 1810 1510 1792 1510 1788 1510 848 1511 847 1511 1848 1511 1849 1512 1798 1512 1805 1512 1849 1513 1805 1513 1804 1513 1849 1514 1804 1514 848 1514 1849 1515 848 1515 1848 1515 1850 1516 1851 1516 863 1516 1852 1517 1850 1517 857 1517 1850 1518 863 1518 857 1518 1853 1519 1852 1519 824 1519 1854 1520 1853 1520 824 1520 1852 1521 857 1521 824 1521 1855 1522 1854 1522 1856 1522 1854 1523 824 1523 1856 1523 1856 1524 824 1524 825 1524 1857 1525 1855 1525 1858 1525 1859 1526 1857 1526 1858 1526 1855 1527 1856 1527 1858 1527 1860 1528 1859 1528 1848 1528 1859 1529 1858 1529 1848 1529 1848 1530 847 1530 850 1530 1861 1531 1860 1531 850 1531 1860 1532 1848 1532 850 1532 1862 1533 1861 1533 851 1533 1861 1534 850 1534 851 1534 1863 1535 1862 1535 725 1535 1862 1536 851 1536 725 1536 1864 1537 1863 1537 719 1537 1863 1538 725 1538 719 1538 1865 1539 1864 1539 716 1539 1864 1540 719 1540 716 1540 1866 1541 1865 1541 723 1541 1865 1542 716 1542 723 1542 1867 1543 1866 1543 723 1543 1867 1544 723 1544 817 1544 324 1545 323 1545 1868 1545 324 1545 1868 1545 1869 1545 352 1546 1869 1546 1870 1546 352 1546 324 1546 1869 1546 357 1547 1870 1547 1871 1547 357 1548 352 1548 1870 1548 358 1549 1871 1549 1872 1549 358 1550 357 1550 1871 1550 342 1551 1872 1551 1873 1551 342 1552 358 1552 1872 1552 343 1553 1873 1553 1874 1553 343 1554 1874 1554 1875 1554 343 1555 342 1555 1873 1555 331 1556 343 1556 1875 1556 332 1557 1875 1557 1876 1557 332 1558 1876 1558 1877 1558 332 1559 331 1559 1875 1559 300 1560 332 1560 1877 1560 301 1561 1877 1561 1878 1561 301 1562 1878 1562 1879 1562 301 1561 300 1561 1877 1561 887 1562 301 1562 1879 1562 881 1563 1879 1563 1880 1563 881 1564 1880 1564 1881 1564 881 1563 887 1563 1879 1563 819 1565 1881 1565 1867 1565 819 1566 881 1566 1881 1566 817 1567 819 1567 1867 1567 863 1568 1851 1568 1868 1568 323 1568 863 1568 1868 1568 1856 1569 825 1569 703 1569 1856 1570 703 1570 1882 1570 703 1571 853 1571 1883 1571 1882 1572 703 1572 1883 1572 685 1573 1884 1573 1885 1573 685 1574 674 1574 1884 1574 704 1575 1885 1575 1886 1575 704 1576 685 1576 1885 1576 706 1577 1886 1577 1887 1577 706 1578 704 1578 1886 1578 707 1579 1887 1579 1888 1579 707 1580 706 1580 1887 1580 708 1581 1888 1581 1889 1581 708 1582 707 1582 1888 1582 709 1583 1889 1583 1890 1583 709 1584 708 1584 1889 1584 856 1585 1890 1585 1891 1585 856 1586 709 1586 1890 1586 855 1587 1891 1587 1892 1587 855 1588 856 1588 1891 1588 854 1589 1892 1589 1893 1589 854 1590 855 1590 1892 1590 1883 1591 1893 1591 1894 1591 1883 1592 854 1592 1893 1592 853 1593 854 1593 1883 1593 1895 1594 1894 1594 1896 1594 1895 1595 1896 1595 1897 1595 1895 1596 1883 1596 1894 1596 1898 1597 1897 1597 1899 1597 1898 1598 1895 1598 1897 1598 1900 1599 1899 1599 1901 1599 1900 1600 1898 1600 1899 1600 674 1601 623 1601 1902 1601 674 1602 1902 1602 1884 1602 1903 1603 1902 1603 623 1603 1904 1604 1903 1604 598 1604 1903 1605 623 1605 598 1605 1905 1606 1904 1606 572 1606 1904 1607 598 1607 572 1607 1906 1608 1905 1608 556 1608 1905 1609 572 1609 556 1609 1907 1610 1906 1610 534 1610 1906 1611 556 1611 534 1611 1908 1612 1907 1612 514 1612 1907 1613 534 1613 514 1613 1909 1614 1908 1614 504 1614 1908 1615 514 1615 504 1615 1910 1616 1909 1616 498 1616 1909 1617 504 1617 498 1617 1911 1618 1910 1618 490 1618 1910 1619 498 1619 490 1619 1912 1620 1911 1620 502 1620 1911 1621 490 1621 502 1621 1913 1622 1912 1622 1914 1622 1915 1623 1913 1623 1914 1623 1912 1624 502 1624 1914 1624 1914 1625 502 1625 512 1625 1916 1626 1915 1626 1917 1626 1915 1627 1914 1627 1917 1627 1917 1628 537 1628 552 1628 1916 1629 1917 1629 552 1629 1918 1630 1916 1630 565 1630 1916 1631 552 1631 565 1631 1918 1632 565 1632 571 1632 1914 1633 512 1633 1919 1633 512 1634 470 1634 1919 1634 537 1635 1917 1635 470 1635 1917 1636 1919 1636 470 1636 1901 1637 1918 1637 1920 1637 1918 1638 571 1638 1920 1638 1920 1639 571 1639 616 1639 1901 1640 1920 1640 1900 1640 1798 1641 1849 1641 1797 1641 1797 1642 1849 1642 1836 1642 1849 1643 1920 1643 630 1643 1836 1644 1849 1644 630 1644 630 1645 1920 1645 616 1645 1921 1646 871 1646 312 1646 1922 1646 1921 1646 312 1646 1923 1647 583 1647 570 1647 1924 1648 1923 1648 570 1648 1925 1649 1924 1649 570 1649 1925 1650 570 1650 522 1650 1926 1651 1925 1651 465 1651 1925 1651 522 1651 465 1651 1927 1652 1926 1652 417 1652 1926 1652 465 1652 417 1652 1928 1653 1927 1653 386 1653 1929 1654 1928 1654 386 1654 1927 1655 417 1655 386 1655 1929 1654 386 1654 356 1654 1930 1656 1929 1656 340 1656 1929 1657 356 1657 340 1657 1931 1658 1930 1658 330 1658 1930 1659 340 1659 330 1659 1932 1660 1931 1660 299 1660 1931 1661 330 1661 299 1661 1933 1662 1932 1662 304 1662 1932 1663 299 1663 304 1663 1934 1664 1933 1664 878 1664 1933 1665 304 1665 878 1665 1935 1666 1934 1666 875 1666 1936 1667 1935 1667 875 1667 1934 1668 878 1668 875 1668 1921 1669 1936 1669 868 1669 1936 1670 875 1670 868 1670 1921 1671 868 1671 871 1671 654 1672 615 1672 1937 1672 654 1672 1937 1672 1938 1672 637 1673 1938 1673 1939 1673 637 1674 654 1674 1938 1674 612 1675 1939 1675 1940 1675 612 1675 637 1675 1939 1675 613 1676 1940 1676 1941 1676 613 1677 612 1677 1940 1677 589 1678 1941 1678 1942 1678 589 1679 613 1679 1941 1679 590 1680 1942 1680 1943 1680 590 1681 1943 1681 1944 1681 590 1682 589 1682 1942 1682 561 1681 590 1681 1944 1681 562 1683 1944 1683 1945 1683 562 1684 1945 1684 1946 1684 562 1683 561 1683 1944 1683 531 1685 562 1685 1946 1685 484 1686 1946 1686 1947 1686 484 1687 1947 1687 1948 1687 484 1688 531 1688 1946 1688 485 1689 484 1689 1948 1689 442 1690 1948 1690 1949 1690 442 1691 1949 1691 1950 1691 442 1690 485 1690 1948 1690 311 1692 1950 1692 1922 1692 311 1693 442 1693 1950 1693 312 1692 311 1692 1922 1692 615 1694 583 1694 1923 1694 615 1694 1923 1694 1937 1694 1951 1695 764 1695 750 1695 1952 1696 1951 1696 750 1696 1953 1697 1952 1697 750 1697 1953 1698 750 1698 749 1698 1954 1699 1953 1699 724 1699 1953 1699 749 1699 724 1699 1955 1700 1954 1700 696 1700 1954 1701 724 1701 696 1701 1956 1702 1955 1702 636 1702 1957 1703 1956 1703 636 1703 1955 1702 696 1702 636 1702 1957 1704 636 1704 611 1704 1958 1705 1957 1705 588 1705 1957 1706 611 1706 588 1706 1959 1707 1958 1707 560 1707 1958 1707 588 1707 560 1707 1960 1708 1959 1708 530 1708 1959 1709 560 1709 530 1709 1961 1710 1960 1710 483 1710 1960 1710 530 1710 483 1710 1962 1711 1961 1711 441 1711 1961 1712 483 1712 441 1712 1963 1713 1962 1713 403 1713 1964 1714 1963 1714 403 1714 1962 1713 441 1713 403 1713 1965 1715 1964 1715 382 1715 1964 1716 403 1716 382 1716 1965 1717 382 1717 378 1717 764 1718 1951 1718 1966 1718 776 1719 764 1719 1966 1719 1967 1720 1965 1720 378 1720 1967 1720 378 1720 389 1720 798 1721 776 1721 1966 1721 798 1722 1966 1722 1968 1722 733 1723 1968 1723 1969 1723 733 1724 798 1724 1968 1724 699 1725 1969 1725 1970 1725 699 1725 733 1725 1969 1725 698 1726 1970 1726 1971 1726 698 1727 699 1727 1970 1727 668 1728 1971 1728 1972 1728 668 1728 698 1728 1971 1728 669 1729 1972 1729 1973 1729 669 1730 1973 1730 1974 1730 669 1729 668 1729 1972 1729 647 1731 669 1731 1974 1731 648 1732 1974 1732 1975 1732 648 1733 1975 1733 1976 1733 648 1734 647 1734 1974 1734 625 1733 648 1733 1976 1733 600 1735 1976 1735 1977 1735 600 1736 1977 1736 1978 1736 600 1737 625 1737 1976 1737 601 1736 600 1736 1978 1736 579 1738 1978 1738 1979 1738 579 1739 1979 1739 1980 1739 579 1738 601 1738 1978 1738 406 1740 1980 1740 1967 1740 406 1739 579 1739 1980 1739 389 1741 406 1741 1967 1741 1981 1742 958 1742 957 1742 1982 1743 1981 1743 953 1743 1981 1744 957 1744 953 1744 1983 1745 1982 1745 951 1745 1984 1746 1983 1746 951 1746 1985 1747 1986 1747 967 1747 1982 1745 953 1745 951 1745 1987 1748 1985 1748 967 1748 1986 1747 964 1747 967 1747 1984 1749 951 1749 947 1749 1988 1750 1987 1750 971 1750 1987 1751 967 1751 971 1751 1989 1752 1984 1752 945 1752 1984 1753 947 1753 945 1753 1990 1754 1988 1754 975 1754 1988 1755 971 1755 975 1755 1991 1756 1989 1756 941 1756 1992 1757 1991 1757 941 1757 1989 1758 945 1758 941 1758 1993 1759 1990 1759 979 1759 1990 1760 975 1760 979 1760 1992 1761 941 1761 938 1761 1993 1762 979 1762 983 1762 1994 1763 1992 1763 933 1763 1995 1764 1994 1764 933 1764 1992 1765 938 1765 933 1765 1996 1766 1993 1766 985 1766 1993 1767 983 1767 985 1767 1995 1768 933 1768 931 1768 1997 1769 1996 1769 991 1769 1998 1770 1997 1770 991 1770 1999 1771 1995 1771 927 1771 1996 1769 985 1769 991 1769 1995 1772 931 1772 927 1772 2000 1773 1999 1773 923 1773 1998 1774 991 1774 996 1774 2001 1775 2000 1775 923 1775 1999 1776 927 1776 923 1776 2002 1777 1998 1777 1000 1777 1998 1778 996 1778 1000 1778 2001 1779 923 1779 919 1779 2002 1780 1000 1780 1002 1780 2003 1781 2001 1781 915 1781 2004 1782 2002 1782 1002 1782 2001 1783 919 1783 915 1783 2005 1784 2003 1784 909 1784 2006 1785 2005 1785 909 1785 2004 1786 1002 1786 1004 1786 2007 1786 2004 1786 1004 1786 2008 1787 2007 1787 1004 1787 2003 1788 915 1788 909 1788 2006 1789 909 1789 904 1789 2008 1790 1004 1790 1006 1790 2006 1791 904 1791 906 1791 2009 1791 2006 1791 906 1791 2008 1792 1006 1792 1008 1792 2010 1793 2008 1793 1008 1793 2011 1794 2010 1794 1008 1794 2009 1795 906 1795 912 1795 2012 1795 2009 1795 912 1795 2013 1796 2012 1796 912 1796 2011 1797 1008 1797 1010 1797 2014 1798 2011 1798 1010 1798 2013 1799 912 1799 916 1799 2014 1798 1010 1798 1012 1798 2015 1800 2014 1800 1012 1800 2013 1801 916 1801 920 1801 2016 1802 2013 1802 920 1802 2017 1803 2016 1803 920 1803 2015 1800 1012 1800 1014 1800 2017 1804 920 1804 924 1804 2015 1805 1014 1805 1016 1805 2018 1806 2015 1806 1016 1806 2019 1807 2018 1807 1016 1807 2017 1808 924 1808 930 1808 2020 1808 2017 1808 930 1808 2019 1809 1016 1809 891 1809 2021 1810 2019 1810 891 1810 2020 1811 930 1811 932 1811 2022 1812 2020 1812 932 1812 2023 1813 2022 1813 932 1813 2021 1814 891 1814 892 1814 2024 1815 2021 1815 892 1815 2023 1816 932 1816 936 1816 2024 1817 892 1817 894 1817 2023 1818 936 1818 940 1818 2025 1819 2023 1819 940 1819 2024 1820 894 1820 896 1820 2025 1821 940 1821 942 1821 2026 1822 2024 1822 896 1822 2027 1821 2025 1821 942 1821 2028 1823 2026 1823 896 1823 2029 1824 2027 1824 942 1824 2030 1825 2028 1825 898 1825 2029 1826 942 1826 946 1826 2028 1827 896 1827 898 1827 2031 1828 2029 1828 950 1828 2032 1829 2030 1829 900 1829 2029 1830 946 1830 950 1830 2030 1831 898 1831 900 1831 2033 1832 2031 1832 952 1832 2034 1833 2033 1833 952 1833 2035 1834 2032 1834 902 1834 2031 1835 950 1835 952 1835 2032 1836 900 1836 902 1836 2036 1837 2035 1837 905 1837 2034 1838 952 1838 955 1838 2035 1839 902 1839 905 1839 2037 1840 2034 1840 961 1840 1986 1841 2037 1841 961 1841 2034 1842 955 1842 961 1842 2038 1843 2036 1843 908 1843 1986 1841 961 1841 964 1841 2036 1844 905 1844 908 1844 2039 1845 2038 1845 911 1845 2038 1846 908 1846 911 1846 2040 1847 2039 1847 914 1847 2039 1848 911 1848 914 1848 2041 1849 2040 1849 918 1849 2040 1847 914 1847 918 1847 2041 1850 918 1850 922 1850 2042 1851 2041 1851 926 1851 2043 1852 2042 1852 926 1852 2041 1853 922 1853 926 1853 2044 1854 2043 1854 929 1854 2043 1852 926 1852 929 1852 2045 1855 2044 1855 935 1855 2044 1854 929 1854 935 1854 2046 1856 2045 1856 939 1856 2045 1857 935 1857 939 1857 2047 1858 2046 1858 944 1858 2046 1859 939 1859 944 1859 2047 1858 944 1858 949 1858 2048 1860 2047 1860 949 1860 2048 1861 949 1861 956 1861 2049 1862 2048 1862 956 1862 2049 1863 956 1863 960 1863 2050 1864 2049 1864 960 1864 2050 1865 960 1865 965 1865 2050 1866 965 1866 969 1866 2051 1867 2050 1867 969 1867 2051 1868 969 1868 973 1868 2052 1869 2051 1869 973 1869 2052 1870 973 1870 977 1870 2053 1871 2052 1871 977 1871 2054 1872 2053 1872 977 1872 2054 1873 977 1873 981 1873 2055 1874 2054 1874 981 1874 2055 1875 981 1875 987 1875 2056 1876 2055 1876 987 1876 2056 1877 987 1877 990 1877 2057 1878 2056 1878 990 1878 2057 1879 990 1879 992 1879 2057 1880 992 1880 994 1880 2058 1881 2057 1881 994 1881 2058 1882 994 1882 998 1882 2059 1883 2058 1883 998 1883 2060 1884 2059 1884 998 1884 2060 1884 998 1884 997 1884 2061 1885 2060 1885 997 1885 2061 1885 997 1885 993 1885 2062 1886 2061 1886 993 1886 2062 1887 993 1887 988 1887 2063 1888 2062 1888 988 1888 2063 1889 988 1889 986 1889 2064 1890 2063 1890 986 1890 2064 1891 986 1891 980 1891 2065 1892 2064 1892 980 1892 2065 1892 980 1892 976 1892 2066 1893 2065 1893 976 1893 2066 1894 976 1894 972 1894 2067 1895 2066 1895 972 1895 2068 1896 2067 1896 968 1896 2067 1897 972 1897 968 1897 2069 1898 2068 1898 963 1898 2068 1899 968 1899 963 1899 2069 1898 963 1898 959 1898 2070 1900 2069 1900 954 1900 2069 1901 959 1901 954 1901 2071 1902 2070 1902 948 1902 2072 1903 2071 1903 948 1903 2070 1904 954 1904 948 1904 2072 1905 948 1905 943 1905 2072 1906 943 1906 937 1906 2073 1907 2072 1907 937 1907 2074 1908 2073 1908 937 1908 2074 1909 937 1909 934 1909 2075 1910 2074 1910 934 1910 2075 1910 934 1910 928 1910 2076 1911 2075 1911 928 1911 2076 1911 928 1911 925 1911 2077 1912 2076 1912 925 1912 2077 1913 925 1913 921 1913 2078 1914 2077 1914 921 1914 2078 1915 921 1915 917 1915 2079 1916 2078 1916 917 1916 2079 1917 917 1917 913 1917 2080 1918 2079 1918 913 1918 2080 1919 913 1919 910 1919 2081 1920 2080 1920 910 1920 2081 1921 910 1921 907 1921 2082 1922 2081 1922 907 1922 2082 1922 907 1922 903 1922 2083 1923 2082 1923 903 1923 2084 1924 2083 1924 901 1924 2083 1925 903 1925 901 1925 2085 1926 2084 1926 899 1926 2084 1927 901 1927 899 1927 2085 1928 899 1928 897 1928 2086 1929 2085 1929 895 1929 2085 1929 897 1929 895 1929 2087 1930 2086 1930 893 1930 2088 1931 2087 1931 893 1931 2086 1932 895 1932 893 1932 2089 1933 2088 1933 890 1933 2088 1934 893 1934 890 1934 2089 1935 890 1935 889 1935 2090 1936 2089 1936 1015 1936 2091 1937 2090 1937 1015 1937 2089 1936 889 1936 1015 1936 2091 1937 1015 1937 1013 1937 2092 1938 2091 1938 1011 1938 2091 1939 1013 1939 1011 1939 2093 1940 2092 1940 1009 1940 2094 1941 2093 1941 1009 1941 2092 1942 1011 1942 1009 1942 2095 1943 2094 1943 1007 1943 2094 1944 1009 1944 1007 1944 2095 1945 1007 1945 1005 1945 2096 1946 2095 1946 1003 1946 2097 1947 2096 1947 1003 1947 2095 1948 1005 1948 1003 1948 2097 1949 1003 1949 1001 1949 2098 1950 2097 1950 1001 1950 2098 1951 1001 1951 999 1951 2099 1952 2098 1952 999 1952 2099 1953 999 1953 995 1953 2099 1954 995 1954 989 1954 2100 1955 2099 1955 989 1955 2101 1956 2100 1956 989 1956 2101 1957 989 1957 984 1957 2102 1958 2101 1958 984 1958 2103 1959 2102 1959 982 1959 2102 1960 984 1960 982 1960 2103 1961 982 1961 978 1961 2104 1962 2103 1962 974 1962 2105 1963 2104 1963 974 1963 2103 1962 978 1962 974 1962 2106 1964 2105 1964 970 1964 2105 1965 974 1965 970 1965 2106 1966 970 1966 966 1966 2107 1967 2106 1967 962 1967 2106 1967 966 1967 962 1967 2108 1968 2107 1968 958 1968 1981 1969 2108 1969 958 1969 2107 1968 962 1968 958 1968 1031 1970 1033 1970 1046 1970 1030 1971 1046 1971 1045 1971 1030 220 1031 220 1046 220 1029 1972 1045 1972 1044 1972 1029 220 1030 220 1045 220 1028 1973 1044 1973 1043 1973 1028 220 1029 220 1044 220 1027 1974 1043 1974 1042 1974 1027 1975 1028 1975 1043 1975 1026 1976 1042 1976 1041 1976 1026 1977 1027 1977 1042 1977 1025 1978 1041 1978 1040 1978 1025 1979 1026 1979 1041 1979 1024 220 1025 220 1040 220 1023 1980 1040 1980 1039 1980 1023 1981 1024 1981 1040 1981 1022 1982 1039 1982 1038 1982 1022 220 1023 220 1039 220 1021 1983 1038 1983 1037 1983 1021 220 1022 220 1038 220 1020 1984 1037 1984 1036 1984 1020 220 1021 220 1037 220 1019 220 1036 220 1035 220 1019 220 1020 220 1036 220 1018 1985 1035 1985 1034 1985 1018 220 1019 220 1035 220 1017 1986 1034 1986 1032 1986 1017 1987 1018 1987 1034 1987 1075 220 1062 220 1076 220 1061 220 1062 220 1075 220 1074 220 1061 220 1075 220 1060 220 1061 220 1074 220 1073 220 1060 220 1074 220 1059 220 1060 220 1073 220 1072 1988 1059 1988 1073 1988 1058 220 1059 220 1072 220 1071 220 1058 220 1072 220 1057 220 1058 220 1071 220 1070 1989 1057 1989 1071 1989 1056 220 1057 220 1070 220 1069 220 1056 220 1070 220 1055 220 1056 220 1069 220 1054 1990 1069 1990 1068 1990 1054 1991 1055 1991 1069 1991 1053 1992 1068 1992 1067 1992 1053 220 1054 220 1068 220 1052 1993 1067 1993 1066 1993 1052 220 1053 220 1067 220 1051 1994 1066 1994 1065 1994 1051 220 1052 220 1066 220 1050 1995 1065 1995 1064 1995 1050 220 1051 220 1065 220 1049 1996 1064 1996 1063 1996 1049 220 1050 220 1064 220 1047 1997 1063 1997 1048 1997 1047 220 1049 220 1063 220 1091 1998 1093 1998 1106 1998 1090 1999 1106 1999 1105 1999 1090 2000 1091 2000 1106 2000 1089 2001 1105 2001 1104 2001 1089 220 1090 220 1105 220 1088 2002 1104 2002 1103 2002 1088 2003 1089 2003 1104 2003 1087 2004 1103 2004 1102 2004 1087 220 1088 220 1103 220 1086 2005 1102 2005 1101 2005 1086 2006 1087 2006 1102 2006 1085 2007 1101 2007 1100 2007 1085 220 1086 220 1101 220 1084 220 1085 220 1100 220 1077 2008 1094 2008 1092 2008 1083 220 1100 220 1099 220 1083 220 1084 220 1100 220 1078 220 1095 220 1094 220 1078 2009 1094 2009 1077 2009 1082 220 1099 220 1098 220 1082 220 1083 220 1099 220 1079 2010 1096 2010 1095 2010 1079 2011 1095 2011 1078 2011 1081 220 1098 220 1097 220 1081 2012 1082 2012 1098 2012 1080 220 1097 220 1096 220 1080 220 1096 220 1079 220 1080 220 1081 220 1097 220 1136 220 1108 220 1107 220 1136 220 1122 220 1108 220 1135 220 1121 220 1122 220 1135 220 1122 220 1136 220 1134 2013 1120 2013 1121 2013 1134 2014 1121 2014 1135 2014 1133 220 1119 220 1120 220 1133 2015 1120 2015 1134 2015 1132 220 1118 220 1119 220 1132 220 1119 220 1133 220 1131 2016 1117 2016 1118 2016 1131 220 1118 220 1132 220 1130 220 1116 220 1117 220 1130 2017 1117 2017 1131 2017 1115 220 1116 220 1130 220 1129 220 1115 220 1130 220 1114 220 1115 220 1129 220 1128 2018 1114 2018 1129 2018 1113 2019 1114 2019 1128 2019 1127 220 1113 220 1128 220 1112 2020 1113 2020 1127 2020 1126 220 1112 220 1127 220 1111 220 1112 220 1126 220 1125 220 1111 220 1126 220 1110 220 1111 220 1125 220 1124 220 1110 220 1125 220 1109 220 1110 220 1124 220 1123 220 1109 220 1124 220 1165 220 1152 220 1166 220 1151 2021 1152 2021 1165 2021 1164 220 1151 220 1165 220 1150 2022 1151 2022 1164 2022 1163 220 1150 220 1164 220 1149 2023 1150 2023 1163 2023 1162 220 1149 220 1163 220 1148 220 1149 220 1162 220 1161 2024 1148 2024 1162 2024 1147 220 1148 220 1161 220 1160 220 1147 220 1161 220 1146 220 1147 220 1160 220 1159 220 1146 220 1160 220 1145 220 1146 220 1159 220 1144 220 1159 220 1158 220 1144 220 1145 220 1159 220 1143 2025 1158 2025 1157 2025 1143 2026 1144 2026 1158 2026 1142 2027 1157 2027 1156 2027 1142 220 1143 220 1157 220 1141 2028 1156 2028 1155 2028 1141 220 1142 220 1156 220 1140 2029 1155 2029 1154 2029 1140 2030 1141 2030 1155 2030 1139 2031 1154 2031 1153 2031 1139 220 1140 220 1154 220 1137 2032 1153 2032 1138 2032 1137 220 1139 220 1153 220 1186 2033 1171 2033 1172 2033 1185 220 1170 220 1171 220 1185 220 1171 220 1186 220 1187 2034 1172 2034 1173 2034 1187 220 1186 220 1172 220 1184 2035 1169 2035 1170 2035 1184 2036 1170 2036 1185 2036 1188 220 1173 220 1174 220 1188 220 1187 220 1173 220 1183 220 1167 220 1169 220 1183 220 1169 220 1184 220 1189 220 1174 220 1175 220 1189 220 1175 220 1176 220 1189 220 1188 220 1174 220 1168 2037 1167 2037 1183 2037 1190 2038 1176 2038 1177 2038 1190 220 1189 220 1176 220 1191 2039 1177 2039 1178 2039 1191 220 1190 220 1177 220 1192 220 1178 220 1179 220 1192 220 1191 220 1178 220 1193 2040 1179 2040 1180 2040 1193 220 1192 220 1179 220 1194 2041 1180 2041 1181 2041 1194 220 1193 220 1180 220 1195 2042 1181 2042 1182 2042 1195 220 1194 220 1181 220 1196 2043 1195 2043 1182 2043 1214 220 1213 220 1199 220 1214 2044 1199 2044 1200 2044 1215 220 1200 220 1201 220 1215 2045 1214 2045 1200 2045 1216 2046 1201 2046 1202 2046 1216 220 1215 220 1201 220 1217 220 1202 220 1203 220 1217 220 1216 220 1202 220 1218 2047 1203 2047 1204 2047 1218 220 1217 220 1203 220 1219 2048 1204 2048 1205 2048 1219 220 1218 220 1204 220 1220 2049 1205 2049 1206 2049 1220 2050 1206 2050 1207 2050 1220 220 1219 220 1205 220 1221 2051 1207 2051 1208 2051 1221 220 1220 220 1207 220 1222 2052 1208 2052 1209 2052 1222 2053 1221 2053 1208 2053 1223 2054 1209 2054 1210 2054 1223 2055 1222 2055 1209 2055 1224 2056 1210 2056 1211 2056 1224 220 1223 220 1210 220 1225 2057 1211 2057 1212 2057 1225 220 1224 220 1211 220 1226 220 1212 220 1197 220 1226 2058 1225 2058 1212 2058 1198 220 1226 220 1197 220 1243 220 1228 220 1227 220 1243 2059 1227 2059 1229 2059 1244 2060 1229 2060 1230 2060 1244 220 1243 220 1229 220 1245 2061 1230 2061 1231 2061 1245 220 1244 220 1230 220 1246 2062 1231 2062 1232 2062 1246 2063 1245 2063 1231 2063 1247 2064 1232 2064 1233 2064 1247 220 1246 220 1232 220 1248 2065 1233 2065 1234 2065 1248 220 1247 220 1233 220 1249 220 1234 220 1235 220 1249 220 1248 220 1234 220 1236 220 1249 220 1235 220 1250 2066 1249 2066 1236 2066 1237 220 1250 220 1236 220 1251 220 1250 220 1237 220 1238 220 1251 220 1237 220 1252 2067 1251 2067 1238 2067 1239 220 1252 220 1238 220 1253 220 1252 220 1239 220 1240 220 1253 220 1239 220 1254 220 1253 220 1240 220 1241 220 1254 220 1240 220 1255 2068 1254 2068 1241 2068 1242 220 1255 220 1241 220 1256 2069 1255 2069 1242 2069 1274 2070 1272 2070 1257 2070 1274 2071 1257 2071 1258 2071 1275 2072 1258 2072 1259 2072 1275 220 1274 220 1258 220 1276 2073 1259 2073 1260 2073 1276 220 1275 220 1259 220 1277 2074 1260 2074 1261 2074 1277 220 1276 220 1260 220 1278 2075 1261 2075 1262 2075 1278 220 1277 220 1261 220 1279 220 1262 220 1263 220 1279 220 1278 220 1262 220 1280 2076 1263 2076 1264 2076 1280 220 1279 220 1263 220 1265 220 1280 220 1264 220 1281 220 1280 220 1265 220 1266 220 1281 220 1265 220 1282 2077 1281 2077 1266 2077 1267 220 1282 220 1266 220 1283 220 1282 220 1267 220 1268 2078 1283 2078 1267 2078 1284 220 1283 220 1268 220 1269 2079 1284 2079 1268 2079 1285 220 1284 220 1269 220 1270 220 1285 220 1269 220 1286 220 1285 220 1270 220 1271 220 1286 220 1270 220 1273 220 1286 220 1271 220 1287 220 1304 220 1302 220 1288 220 1305 220 1304 220 1288 220 1304 220 1287 220 1289 220 1306 220 1305 220 1289 2080 1305 2080 1288 2080 1290 2081 1307 2081 1306 2081 1290 220 1306 220 1289 220 1291 2082 1308 2082 1307 2082 1291 2083 1307 2083 1290 2083 1292 220 1309 220 1308 220 1292 2084 1308 2084 1291 2084 1293 220 1310 220 1309 220 1293 220 1309 220 1292 220 1294 220 1310 220 1293 220 1295 220 1311 220 1310 220 1295 2085 1310 2085 1294 2085 1296 220 1312 220 1311 220 1296 2086 1311 2086 1295 2086 1297 220 1313 220 1312 220 1297 2087 1312 2087 1296 2087 1298 220 1314 220 1313 220 1298 2088 1313 2088 1297 2088 1299 2089 1315 2089 1314 2089 1299 2090 1314 2090 1298 2090 1300 220 1316 220 1315 220 1300 2091 1315 2091 1299 2091 1301 220 1303 220 1316 220 1301 2092 1316 2092 1300 2092 1334 220 1333 220 1319 220 1320 220 1334 220 1319 220 1335 2093 1334 2093 1320 2093 1321 2094 1335 2094 1320 2094 1336 220 1335 220 1321 220 1322 2095 1336 2095 1321 2095 1337 2096 1336 2096 1322 2096 1323 220 1337 220 1322 220 1338 2097 1337 2097 1323 2097 1324 220 1338 220 1323 220 1339 2098 1338 2098 1324 2098 1325 220 1339 220 1324 220 1340 2099 1339 2099 1325 2099 1326 2100 1340 2100 1325 2100 1327 220 1341 220 1340 220 1327 2101 1340 2101 1326 2101 1328 2102 1342 2102 1341 2102 1328 2103 1341 2103 1327 2103 1329 2104 1343 2104 1342 2104 1329 2105 1342 2105 1328 2105 1330 220 1344 220 1343 220 1330 220 1343 220 1329 220 1331 220 1345 220 1344 220 1331 220 1344 220 1330 220 1332 2106 1346 2106 1345 2106 1332 220 1345 220 1331 220 1318 220 1317 220 1346 220 1318 220 1346 220 1332 220 1349 220 1364 220 1363 220 1350 2107 1365 2107 1364 2107 1350 220 1364 220 1349 220 1351 220 1366 220 1365 220 1351 220 1365 220 1350 220 1352 2108 1367 2108 1366 2108 1352 2109 1366 2109 1351 2109 1353 2110 1368 2110 1367 2110 1353 220 1367 220 1352 220 1354 220 1369 220 1368 220 1354 2111 1368 2111 1353 2111 1355 220 1370 220 1369 220 1355 2112 1369 2112 1354 2112 1356 2113 1370 2113 1355 2113 1357 220 1371 220 1370 220 1357 2114 1370 2114 1356 2114 1358 2115 1372 2115 1371 2115 1358 220 1371 220 1357 220 1359 220 1373 220 1372 220 1359 2116 1372 2116 1358 2116 1360 2117 1374 2117 1373 2117 1360 220 1373 220 1359 220 1348 220 1347 220 1376 220 1361 220 1375 220 1374 220 1361 220 1374 220 1360 220 1362 2118 1376 2118 1375 2118 1362 220 1348 220 1376 220 1362 2119 1375 2119 1361 2119 1377 220 1393 220 1378 220 1379 220 1394 220 1393 220 1379 2120 1393 2120 1377 2120 1380 220 1395 220 1394 220 1380 2121 1394 2121 1379 2121 1392 2122 1406 2122 1405 2122 1381 2123 1396 2123 1395 2123 1381 2124 1395 2124 1380 2124 1391 220 1405 220 1404 220 1391 220 1392 220 1405 220 1382 220 1397 220 1396 220 1382 2125 1396 2125 1381 2125 1390 220 1404 220 1403 220 1390 220 1391 220 1404 220 1383 220 1398 220 1397 220 1383 220 1397 220 1382 220 1389 2126 1403 2126 1402 2126 1389 220 1390 220 1403 220 1384 220 1399 220 1398 220 1384 2127 1398 2127 1383 2127 1388 220 1402 220 1401 220 1388 220 1389 220 1402 220 1385 2128 1399 2128 1384 2128 1387 2129 1401 2129 1400 2129 1387 220 1388 220 1401 220 1386 220 1400 220 1399 220 1386 2130 1399 2130 1385 2130 1386 220 1387 220 1400 220 1450 2131 1449 2131 2109 2131 1451 2132 1450 2132 2109 2132 1416 2133 1451 2133 2109 2133 1416 2134 2109 2134 1440 2134 1440 2135 2109 2135 2110 2135 1440 2136 2110 2136 1442 2136 1442 2137 2110 2137 1443 2137 1539 2138 1443 2138 2110 2138 1539 2139 1467 2139 1452 2139 1539 2140 1452 2140 1444 2140 1539 2141 1444 2141 1443 2141 2109 2142 1539 2142 2110 2142 1449 2143 1539 2143 2109 2143 1415 2144 1539 2144 1449 2144 1419 2145 1539 2145 1415 2145 659 2146 1539 2146 1419 2146 1545 2147 2111 2147 2112 2147 1555 2148 2112 2148 2113 2148 1555 2149 1545 2149 2112 2149 1559 2150 2113 2150 2114 2150 1559 2151 1555 2151 2113 2151 1563 2152 2114 2152 2115 2152 1563 2153 1559 2153 2114 2153 1569 2154 2115 2154 2116 2154 1569 2155 1563 2155 2115 2155 1572 2156 1434 2156 1433 2156 1572 2157 2116 2157 1434 2157 1572 2158 1569 2158 2116 2158 1567 2159 1433 2159 1430 2159 1567 2160 1572 2160 1433 2160 1561 2161 1430 2161 1455 2161 1561 2162 1567 2162 1430 2162 1558 2163 1455 2163 1454 2163 1558 2164 1561 2164 1455 2164 1554 2165 1454 2165 1456 2165 1554 2166 1558 2166 1454 2166 1539 2167 1456 2167 1467 2167 1539 2168 1554 2168 1456 2168 2117 2169 2118 2169 2119 2169 2118 2170 2120 2170 2119 2170 2121 2171 2122 2171 2123 2171 2124 2172 2121 2172 2123 2172 2125 2173 2124 2173 2123 2173 2122 2174 2126 2174 2127 2174 2126 2175 2119 2175 2127 2175 2119 2176 2120 2176 2127 2176 2120 2177 2128 2177 2127 2177 2123 2178 2122 2178 2129 2178 2127 2179 2128 2179 2129 2179 2128 2180 2130 2180 2129 2180 2122 2181 2127 2181 2129 2181 2129 2182 2130 2182 2131 2182 2125 2183 2123 2183 2131 2183 2123 2184 2129 2184 2131 2184 2130 2185 2132 2185 2131 2185 2125 2186 2131 2186 2133 2186 2131 2187 2132 2187 2133 2187 2132 2188 2134 2188 2133 2188 2133 2189 2134 2189 2135 2189 2134 2190 2136 2190 2135 2190 2135 2191 2136 2191 2137 2191 2136 2192 2138 2192 2137 2192 2137 2193 2138 2193 2139 2193 2138 2194 2140 2194 2139 2194 2139 2195 2140 2195 2141 2195 2140 2196 2142 2196 2141 2196 1809 2197 1837 2197 2143 2197 2141 2198 2142 2198 2144 2198 2142 2199 2145 2199 2144 2199 2144 2200 2145 2200 2146 2200 2145 2201 2147 2201 2146 2201 2143 2202 1837 2202 2148 2202 1837 2203 1832 2203 2148 2203 2146 2204 2147 2204 2149 2204 2147 2205 2150 2205 2149 2205 2151 2206 2152 2206 2153 2206 2149 2207 2150 2207 2153 2207 2150 2208 2154 2208 2153 2208 2155 2209 2151 2209 2156 2209 2157 2210 2155 2210 2156 2210 2151 2211 2153 2211 2156 2211 2153 2212 2154 2212 2156 2212 2154 2213 2158 2213 2156 2213 2159 2214 2157 2214 2160 2214 2156 2215 2158 2215 2160 2215 2157 2216 2156 2216 2160 2216 2158 2217 2161 2217 2160 2217 2160 2218 2161 2218 2162 2218 2163 2219 2164 2219 2162 2219 2164 2220 2159 2220 2162 2220 2165 2221 2163 2221 2162 2221 2159 2222 2160 2222 2162 2222 2161 2223 2166 2223 2162 2223 2166 2224 2165 2224 2162 2224 2111 2225 2167 2225 2168 2225 2167 2226 2169 2226 2168 2226 2170 2227 2171 2227 2168 2227 2171 2228 2172 2228 2168 2228 2169 2229 2170 2229 2168 2229 2111 2230 2168 2230 2173 2230 2172 2231 2174 2231 2173 2231 2112 2232 2111 2232 2173 2232 2168 2233 2172 2233 2173 2233 1477 2234 1474 2234 2175 2234 2115 2235 2114 2235 2175 2235 2114 2236 2176 2236 2175 2236 1474 2237 2115 2237 2175 2237 2177 2238 1477 2238 2175 2238 2174 2239 2178 2239 2179 2239 2176 2240 2112 2240 2179 2240 2173 2241 2174 2241 2179 2241 2112 2242 2173 2242 2179 2242 2178 2243 2180 2243 2181 2243 2179 2244 2178 2244 2181 2244 2175 2245 2176 2245 2181 2245 2176 2246 2179 2246 2181 2246 2180 2247 2182 2247 2183 2247 2177 2248 2175 2248 2183 2248 2181 2249 2180 2249 2183 2249 2175 2250 2181 2250 2183 2250 2182 2251 2184 2251 2185 2251 2177 2252 2183 2252 2185 2252 2183 2253 2182 2253 2185 2253 2186 2254 2187 2254 2188 2254 2185 2255 2184 2255 2188 2255 2184 2256 2189 2256 2190 2256 2189 2257 2191 2257 2190 2257 2191 2258 2186 2258 2190 2258 2186 2259 2188 2259 2190 2259 2188 2260 2184 2260 2190 2260 2192 2261 2193 2261 2194 2261 2193 2262 2195 2262 2194 2262 2196 2263 2197 2263 2194 2263 2197 2264 2192 2264 2194 2264 2195 2265 2196 2265 2194 2265 2135 2266 2137 2266 2198 2266 2133 2267 2135 2267 2198 2267 2199 2268 2125 2268 2198 2268 2125 2269 2133 2269 2198 2269 2137 2270 2199 2270 2198 2270 1672 2271 2199 2271 2200 2271 2139 2272 2141 2272 2200 2272 2137 2273 2139 2273 2200 2273 2141 2274 2201 2274 2200 2274 2201 2275 1672 2275 2200 2275 2199 2276 2137 2276 2200 2276 2146 2277 2202 2277 2203 2277 2202 2278 1676 2278 2203 2278 1676 2279 2201 2279 2203 2279 2201 2280 2141 2280 2203 2280 2141 2281 2144 2281 2203 2281 2144 2282 2146 2282 2203 2282 2149 2283 2153 2283 2204 2283 2202 2284 2146 2284 2204 2284 2146 2285 2149 2285 2204 2285 2205 2286 2206 2286 2207 2286 2153 2287 2152 2287 2204 2287 2152 2288 2202 2288 2204 2288 2188 2289 2187 2289 2208 2289 2209 2290 2177 2290 2208 2290 2185 2291 2188 2291 2208 2291 2187 2292 2209 2292 2208 2292 2177 2293 2185 2293 2208 2293 2210 2294 2205 2294 2211 2294 2205 2295 2207 2295 2211 2295 2212 2296 2210 2296 2213 2296 2210 2297 2211 2297 2213 2297 2214 2298 2212 2298 2215 2298 2212 2299 2213 2299 2215 2299 2214 2300 2215 2300 2216 2300 2217 2301 2214 2301 2216 2301 2217 2302 2216 2302 2218 2302 2219 2303 2217 2303 2218 2303 2219 2304 2218 2304 2220 2304 2221 2305 2219 2305 2220 2305 2222 2306 2223 2306 1705 2306 2224 2307 2222 2307 1705 2307 1652 2308 2224 2308 1705 2308 2221 2309 2220 2309 2117 2309 2225 2310 2221 2310 2117 2310 1624 2311 1623 2311 2226 2311 2226 2312 1623 2312 2227 2312 2228 2313 2163 2313 2165 2313 2229 2314 2228 2314 2230 2314 2228 2315 2165 2315 2230 2315 2231 2316 2229 2316 2232 2316 2229 2317 2230 2317 2232 2317 2233 2318 2231 2318 2234 2318 2231 2319 2232 2319 2234 2319 2235 2320 2233 2320 2236 2320 2233 2321 2234 2321 2236 2321 2237 2322 2235 2322 2238 2322 2235 2323 2236 2323 2238 2323 1434 2324 2116 2324 1473 2324 2239 2325 2237 2325 2240 2325 2237 2326 2238 2326 2240 2326 1473 2327 2116 2327 2115 2327 2169 2328 2239 2328 2170 2328 2239 2329 2240 2329 2170 2329 1473 2330 2115 2330 1474 2330 1813 2331 1480 2331 2196 2331 1819 2332 1813 2332 2196 2332 1480 2333 2187 2333 2196 2333 1819 2334 2196 2334 2195 2334 1831 2335 1819 2335 2195 2335 2241 2336 2242 2336 2243 2336 2244 2337 2241 2337 2243 2337 1705 2338 2223 2338 2125 2338 1706 2339 1705 2339 2125 2339 2223 2340 2124 2340 2125 2340 1706 2341 2125 2341 2199 2341 1672 2342 1673 2342 2199 2342 1673 2343 1712 2343 2199 2343 1712 2344 1706 2344 2199 2344 1676 2345 1674 2345 2201 2345 1674 2346 1672 2346 2201 2346 1610 2347 1592 2347 2202 2347 1592 2348 1591 2348 2202 2348 1591 2349 1676 2349 2202 2349 2245 2350 2227 2350 2152 2350 2151 2351 2245 2351 2152 2351 1623 2352 1610 2352 2152 2352 1610 2353 2202 2353 2152 2353 2227 2354 1623 2354 2152 2354 2113 2355 2112 2355 2176 2355 2114 2356 2113 2356 2176 2356 1407 2357 1477 2357 2177 2357 2187 2358 1480 2358 2209 2358 1472 2359 1407 2359 2209 2359 1480 2360 1472 2360 2209 2360 1407 2361 2177 2361 2209 2361 2196 2362 2187 2362 2197 2362 2187 2363 2186 2363 2197 2363 2197 2364 2186 2364 2246 2364 2247 2365 2197 2365 2246 2365 2186 2366 2191 2366 2246 2366 2191 2367 2248 2367 2246 2367 2248 2368 2247 2368 2246 2368 2243 2369 2242 2369 2249 2369 2242 2370 2148 2370 2249 2370 2148 2371 1832 2371 2249 2371 1832 2372 1831 2372 2249 2372 1831 2373 2195 2373 2249 2373 2197 2374 2247 2374 2192 2374 2247 2375 2250 2375 2192 2375 2249 2376 2195 2376 2193 2376 2250 2377 2251 2377 2193 2377 2192 2378 2250 2378 2193 2378 2249 2379 2193 2379 2252 2379 2193 2380 2251 2380 2252 2380 2243 2381 2249 2381 2252 2381 2251 2382 2253 2382 2252 2382 2244 2383 2243 2383 2254 2383 2243 2384 2252 2384 2254 2384 2252 2385 2253 2385 2254 2385 2255 2386 2244 2386 2254 2386 2255 2387 2254 2387 2256 2387 2254 2388 2253 2388 2256 2388 2253 2389 2257 2389 2256 2389 2256 2390 2257 2390 2258 2390 2255 2391 2256 2391 2258 2391 2259 2392 2255 2392 2258 2392 2257 2393 2260 2393 2258 2393 2258 2394 2260 2394 2261 2394 2206 2395 2262 2395 2261 2395 2262 2396 2259 2396 2261 2396 2259 2397 2258 2397 2261 2397 2260 2398 2263 2398 2261 2398 2263 2399 2207 2399 2261 2399 2207 2400 2206 2400 2261 2400 2225 2401 2117 2401 2119 2401 2126 2402 2264 2402 2119 2402 2264 2403 2225 2403 2119 2403 1827 2404 1820 2404 2265 2404 1820 2405 2266 2405 2265 2405 1828 2406 1827 2406 2267 2406 1830 2407 1828 2407 2267 2407 1827 2408 2265 2408 2267 2408 1818 2409 1830 2409 2268 2409 1830 2410 2267 2410 2268 2410 1811 2411 1818 2411 2269 2411 1818 2412 2268 2412 2269 2412 1812 2413 1811 2413 2270 2413 1811 2414 2269 2414 2270 2414 1471 2415 1475 2415 2271 2415 1475 2416 1812 2416 2271 2416 1812 2417 2270 2417 2271 2417 1466 2418 1471 2418 2272 2418 1471 2419 2271 2419 2272 2419 1408 2420 1466 2420 2273 2420 1466 2421 2272 2421 2273 2421 1479 2422 1408 2422 2274 2422 1408 2423 2273 2423 2274 2423 1438 2424 1479 2424 2275 2424 1479 2425 2274 2425 2275 2425 1438 2426 2275 2426 1469 2426 1470 2427 1469 2427 2276 2427 1469 2428 2275 2428 2276 2428 1429 2429 1470 2429 2277 2429 1470 2430 2276 2430 2277 2430 2277 2431 1461 2431 1463 2431 2277 2432 1463 2432 1429 2432 2277 2433 1462 2433 1461 2433 1465 2434 1462 2434 2277 2434 1790 2435 2278 2435 2266 2435 2279 2436 2280 2436 2266 2436 2281 2437 2279 2437 2266 2437 2278 2438 2281 2438 2266 2438 2282 2439 2272 2439 2271 2439 2283 2440 2282 2440 2271 2440 1459 2441 1465 2441 2284 2441 2266 2442 2280 2442 2265 2442 2280 2443 2285 2443 2265 2443 2284 2444 1465 2444 2286 2444 2287 2445 2283 2445 2270 2445 1459 2446 2284 2446 2288 2446 2283 2447 2271 2447 2270 2447 1465 2448 2277 2448 2289 2448 2265 2449 2285 2449 2267 2449 2286 2450 1465 2450 2289 2450 2285 2451 2290 2451 2267 2451 1460 2452 1459 2452 2291 2452 2287 2453 2270 2453 2269 2453 1459 2454 2288 2454 2291 2454 2292 2455 2287 2455 2269 2455 2267 2456 2290 2456 2268 2456 2290 2457 2292 2457 2268 2457 2292 2458 2269 2458 2268 2458 2289 2459 2277 2459 2293 2459 1460 2460 2291 2460 2294 2460 2276 2461 2275 2461 2295 2461 2277 2462 2276 2462 2295 2462 2293 2463 2277 2463 2295 2463 1787 2464 1460 2464 2296 2464 1460 2465 2294 2465 2296 2465 2295 2466 2275 2466 2297 2466 1787 2467 2296 2467 2298 2467 2297 2468 2275 2468 2274 2468 2297 2469 2274 2469 2299 2469 1789 2470 1787 2470 2300 2470 1787 2471 2298 2471 2300 2471 1789 2472 2300 2472 2278 2472 1789 2473 2278 2473 1790 2473 2301 2474 2299 2474 2273 2474 2299 2475 2274 2475 2273 2475 2301 2476 2273 2476 2272 2476 2302 2477 2301 2477 2272 2477 2282 2478 2302 2478 2272 2478 1527 2479 1481 2479 1502 2479 1499 2480 1502 2480 1482 2480 1502 2481 1481 2481 1482 2481 1499 2482 1482 2482 1497 2482 1497 2483 1482 2483 1494 2483 1494 2484 1482 2484 1491 2484 1491 2485 1482 2485 1483 2485 1485 220 1484 220 1504 220 1505 220 1485 220 1504 220 1486 220 1485 220 1505 220 1506 220 1486 220 1505 220 1487 220 1486 220 1506 220 1507 220 1487 220 1506 220 1488 220 1487 220 1507 220 1508 2486 1488 2486 1507 2486 1489 220 1488 220 1508 220 1510 2487 1489 2487 1508 2487 1490 220 1489 220 1510 220 1512 220 1490 220 1510 220 1492 220 1490 220 1512 220 1514 220 1492 220 1512 220 1515 2488 1493 2488 1492 2488 1515 220 1492 220 1514 220 1517 220 1495 220 1493 220 1517 2489 1493 2489 1515 2489 1518 220 1496 220 1495 220 1518 220 1495 220 1517 220 1520 2490 1498 2490 1496 2490 1520 220 1496 220 1518 220 1521 2491 1500 2491 1498 2491 1521 2492 1498 2492 1520 2492 1523 220 1501 220 1500 220 1523 220 1500 220 1521 220 1524 220 1503 220 1501 220 1524 220 1501 220 1523 220 1522 2493 1519 2493 1526 2493 1519 2494 1516 2494 1526 2494 1516 2495 1513 2495 1526 2495 1526 2496 1513 2496 1511 2496 1511 2497 1509 2497 1525 2497 1526 2498 1511 2498 1525 2498 2167 2499 2111 2499 1545 2499 2169 2500 2167 2500 1538 2500 2167 2499 1545 2499 1538 2499 2239 2501 2169 2501 1532 2501 2169 2500 1538 2500 1532 2500 2237 2502 2239 2502 1530 2502 2239 2503 1532 2503 1530 2503 2235 2504 2237 2504 1529 2504 2237 2502 1530 2502 1529 2502 2233 2505 2235 2505 1588 2505 2235 2506 1529 2506 1588 2506 2231 2507 2233 2507 1583 2507 2233 2505 1588 2505 1583 2505 2229 2508 2231 2508 1577 2508 2231 2507 1583 2507 1577 2507 2228 2509 2229 2509 1574 2509 2229 2510 1577 2510 1574 2510 2163 2511 2228 2511 1566 2511 2228 2509 1574 2509 1566 2509 2164 2512 2163 2512 1556 2512 2163 2513 1566 2513 1556 2513 2159 2514 2164 2514 1551 2514 2164 2512 1556 2512 1551 2512 2159 2514 1551 2514 1542 2514 1536 2515 1680 2515 1632 2515 1548 2516 1632 2516 1634 2516 1548 2517 1536 2517 1632 2517 1550 2518 1634 2518 1622 2518 1550 2519 1548 2519 1634 2519 1552 2520 1622 2520 1621 2520 1552 2521 1550 2521 1622 2521 1564 2522 1621 2522 1669 2522 1564 2523 1552 2523 1621 2523 1575 2524 1624 2524 2226 2524 1575 2525 1669 2525 1624 2525 1575 2526 1564 2526 1669 2526 1581 2527 2226 2527 2227 2527 1581 2528 1575 2528 2226 2528 1589 2529 2227 2529 2245 2529 1589 2530 1581 2530 2227 2530 1534 2531 2245 2531 2151 2531 1534 2532 1589 2532 2245 2532 1535 2533 2151 2533 2155 2533 1535 2534 2155 2534 2157 2534 1535 2535 1534 2535 2151 2535 1542 2536 2157 2536 2159 2536 1542 2537 1535 2537 2157 2537 2303 2538 1629 2538 1536 2538 1633 2539 1680 2539 1536 2539 1630 2540 1633 2540 1536 2540 1629 2541 1630 2541 1536 2541 2303 2542 1536 2542 2304 2542 2304 2543 1536 2543 1679 2543 1679 2544 1536 2544 1617 2544 1617 2545 1536 2545 1618 2545 1618 2546 1536 2546 445 2546 1537 2547 2305 2547 2306 2547 1537 2548 1541 2548 2305 2548 1531 2549 2307 2549 2308 2549 1531 2550 2306 2550 2307 2550 1531 2551 1537 2551 2306 2551 1528 2552 1531 2552 2308 2552 1590 2553 2308 2553 2309 2553 1590 2554 1528 2554 2308 2554 1587 2555 2309 2555 2310 2555 1587 2556 1590 2556 2309 2556 1582 2557 1587 2557 2310 2557 1576 2558 2310 2558 2311 2558 1576 2559 1582 2559 2310 2559 1573 2560 1576 2560 2311 2560 1565 2561 2311 2561 2312 2561 1565 2562 1573 2562 2311 2562 1560 2563 2312 2563 2313 2563 1560 2564 1565 2564 2312 2564 1553 2565 2313 2565 2314 2565 1553 2566 1560 2566 2313 2566 1544 2567 2314 2567 2315 2567 1544 2568 1553 2568 2314 2568 1533 2569 1544 2569 2315 2569 2316 2570 1549 2570 1533 2570 2315 2571 2316 2571 1533 2571 2317 2572 2305 2572 1540 2572 2305 2573 1541 2573 1540 2573 2318 2574 2317 2574 1543 2574 2317 2575 1540 2575 1543 2575 2319 2576 2318 2576 1585 2576 2318 2577 1543 2577 1585 2577 2319 2578 1585 2578 1580 2578 2320 2579 2319 2579 1570 2579 2319 2580 1580 2580 1570 2580 2321 2581 2320 2581 1547 2581 2320 2582 1570 2582 1547 2582 2321 2583 1547 2583 1546 2583 2322 2584 2321 2584 1586 2584 2321 2585 1546 2585 1586 2585 2322 2586 1586 2586 1584 2586 2323 2587 2322 2587 1579 2587 2322 2588 1584 2588 1579 2588 2323 2589 1579 2589 1578 2589 2324 2590 2323 2590 1571 2590 2323 2591 1578 2591 1571 2591 2325 2592 2324 2592 1568 2592 2324 2593 1571 2593 1568 2593 2325 2594 1568 2594 1562 2594 2316 2595 2325 2595 1557 2595 2325 2596 1562 2596 1557 2596 2316 2597 1557 2597 1549 2597 1760 2598 1685 2598 2326 2598 1760 2599 1663 2599 1662 2599 1760 2600 1662 2600 1688 2600 1760 2601 1688 2601 1685 2601 2327 2602 1760 2602 2326 2602 1608 2603 1760 2603 2327 2603 1607 2604 1760 2604 1608 2604 1596 2605 1760 2605 1607 2605 461 2606 1760 2606 1596 2606 1609 2607 1608 2607 2327 2607 1613 2608 1609 2608 2327 2608 1615 2609 1613 2609 2327 2609 1615 2610 2327 2610 1687 2610 1687 2611 2327 2611 2326 2611 1687 2612 2326 2612 1684 2612 1684 2613 2326 2613 1685 2613 1677 2614 1619 2614 2304 2614 1678 2615 1677 2615 2304 2615 1679 2616 1678 2616 2304 2616 1619 2617 1627 2617 2304 2617 1627 2618 1628 2618 2303 2618 2304 2619 1627 2619 2303 2619 2303 2620 1628 2620 1629 2620 1743 2621 2126 2621 2122 2621 1735 2622 2122 2622 2121 2622 1735 2623 1743 2623 2122 2623 1736 2624 2121 2624 2124 2624 1736 2625 1735 2625 2121 2625 1738 2626 2124 2626 2223 2626 1738 2627 1736 2627 2124 2627 1739 2628 2223 2628 2222 2628 1739 2629 2222 2629 2224 2629 1739 2630 1738 2630 2223 2630 1754 2631 1652 2631 1651 2631 1754 2632 2224 2632 1652 2632 1754 2633 1739 2633 2224 2633 1756 2634 1651 2634 1649 2634 1756 2635 1754 2635 1651 2635 1757 2636 1649 2636 1692 2636 1757 2637 1756 2637 1649 2637 1758 2638 1692 2638 1691 2638 1758 2639 1757 2639 1692 2639 1759 2640 1691 2640 1668 2640 1759 2641 1668 2641 1664 2641 1759 2642 1758 2642 1691 2642 1760 2643 1664 2643 1663 2643 1760 2644 1759 2644 1664 2644 1647 2645 2328 2645 1695 2645 1695 2646 2328 2646 1696 2646 1696 2647 2328 2647 1694 2647 2329 2648 1708 2648 1701 2648 2330 2649 2329 2649 1701 2649 2331 2650 2330 2650 1701 2650 2332 2651 2333 2651 2334 2651 2333 2652 2335 2652 2334 2652 2331 2653 1701 2653 1699 2653 2336 2654 2331 2654 1699 2654 2337 2655 2336 2655 1699 2655 2334 2656 2335 2656 2328 2656 2338 2657 2339 2657 2328 2657 2335 2658 2338 2658 2328 2658 2337 2659 1699 2659 1698 2659 2340 2660 2341 2660 2342 2660 2343 2661 2337 2661 1698 2661 2339 2662 2343 2662 1698 2662 2328 2663 2339 2663 1694 2663 2339 2664 1698 2664 1694 2664 2341 2665 2344 2665 2345 2665 2342 2666 2341 2666 2345 2666 2346 2667 2340 2667 2347 2667 2340 2668 2342 2668 2347 2668 2344 2669 2348 2669 2349 2669 2345 2670 2344 2670 2349 2670 2350 2671 2346 2671 2351 2671 2346 2672 2347 2672 2351 2672 2348 2673 2352 2673 2353 2673 2349 2674 2348 2674 2353 2674 2354 2675 2350 2675 2355 2675 2350 2676 2351 2676 2355 2676 2353 2677 2352 2677 2356 2677 2354 2678 2355 2678 2357 2678 2354 2679 2357 2679 2358 2679 2356 2680 2352 2680 2359 2680 2358 2681 2357 2681 2360 2681 2352 2682 1659 2682 1709 2682 2359 2683 2352 2683 1709 2683 2359 2684 1709 2684 2361 2684 2358 2685 2360 2685 2362 2685 2358 2686 2362 2686 2363 2686 2363 2687 2362 2687 2364 2687 2365 2688 2361 2688 1708 2688 2329 2689 2365 2689 1708 2689 2361 2690 1709 2690 1708 2690 2363 2691 2364 2691 2332 2691 2364 2692 2333 2692 2332 2692 1716 2693 2352 2693 1597 2693 1717 2694 2352 2694 1716 2694 1659 2695 2352 2695 1717 2695 1598 2696 1597 2696 2348 2696 1597 2697 2352 2697 2348 2697 1600 2698 1598 2698 2344 2698 1598 2699 2348 2699 2344 2699 1612 2700 1600 2700 2341 2700 1600 2701 2344 2701 2341 2701 1595 2702 1612 2702 2340 2702 1594 2703 1595 2703 2340 2703 1612 2704 2341 2704 2340 2704 1675 2705 1594 2705 2346 2705 1594 2706 2340 2706 2346 2706 1670 2707 1675 2707 2350 2707 1675 2708 2346 2708 2350 2708 1671 2709 1670 2709 2354 2709 1714 2710 1671 2710 2354 2710 1670 2711 2350 2711 2354 2711 1710 2712 1714 2712 2358 2712 1714 2713 2354 2713 2358 2713 1711 2714 1710 2714 2363 2714 1702 2715 1711 2715 2363 2715 1710 2716 2358 2716 2363 2716 1703 2717 1702 2717 2332 2717 1702 2718 2363 2718 2332 2718 1704 2719 1703 2719 2334 2719 1646 2720 1704 2720 2334 2720 1703 2721 2332 2721 2334 2721 1647 2722 1646 2722 2328 2722 1646 2723 2334 2723 2328 2723 2264 2724 2126 2724 1752 2724 2126 2724 1743 2724 1752 2724 2225 2725 2264 2725 1763 2725 2264 2725 1752 2725 1763 2725 2221 2726 2225 2726 1768 2726 2225 2727 1763 2727 1768 2727 2219 2728 2221 2728 1771 2728 2217 2729 2219 2729 1771 2729 2221 2728 1768 2728 1771 2728 2214 2730 2217 2730 1773 2730 2217 2731 1771 2731 1773 2731 2212 2732 2214 2732 1776 2732 2214 2730 1773 2730 1776 2730 2210 2733 2212 2733 1777 2733 2212 2732 1776 2732 1777 2732 2205 2734 2210 2734 1725 2734 2210 2735 1777 2735 1725 2735 2206 2736 2205 2736 1733 2736 2205 2734 1725 2734 1733 2734 2262 2737 2206 2737 1745 2737 2206 2738 1733 2738 1745 2738 2259 2739 2262 2739 1749 2739 2262 2737 1745 2737 1749 2737 2259 2739 1749 2739 1750 2739 1730 2740 1847 2740 1845 2740 1729 2741 1845 2741 1844 2741 1729 2742 1730 2742 1845 2742 1728 2743 1844 2743 1835 2743 1728 2744 1729 2744 1844 2744 1722 2745 1835 2745 1807 2745 1722 2746 1728 2746 1835 2746 1721 2747 1807 2747 1808 2747 1721 2748 1722 2748 1807 2748 1779 2749 1809 2749 2143 2749 1779 2750 1808 2750 1809 2750 1779 2751 1721 2751 1808 2751 1780 2752 2143 2752 2148 2752 1780 2753 1779 2753 2143 2753 1718 2754 2148 2754 2242 2754 1718 2755 1780 2755 2148 2755 1762 2756 2242 2756 2241 2756 1762 2757 1718 2757 2242 2757 1751 2758 2241 2758 2244 2758 1751 2759 2244 2759 2255 2759 1751 2760 1762 2760 2241 2760 1750 2761 2255 2761 2259 2761 1750 2762 1751 2762 2255 2762 2366 2763 1840 2763 1730 2763 1846 2764 1847 2764 1730 2764 1839 2765 1846 2765 1730 2765 1840 2766 1839 2766 1730 2766 2366 2767 1730 2767 2367 2767 2367 2768 1730 2768 1826 2768 1826 2769 1730 2769 1821 2769 1821 2770 1730 2770 1817 2770 1817 2771 1730 2771 717 2771 2368 2772 1737 2772 2369 2772 2369 2773 1737 2773 1755 2773 1744 2774 2368 2774 2370 2774 1744 2775 1737 2775 2368 2775 1761 2776 2370 2776 2371 2776 1761 2777 1744 2777 2370 2777 1767 2778 2371 2778 2372 2778 1767 2779 1761 2779 2371 2779 1769 2780 1767 2780 2372 2780 1772 2781 2372 2781 2373 2781 1772 2782 1769 2782 2372 2782 1775 2783 1772 2783 2373 2783 1778 2784 2373 2784 2374 2784 1778 2785 1775 2785 2373 2785 1726 2786 1778 2786 2374 2786 1727 2787 2374 2787 2375 2787 1727 2788 1726 2788 2374 2788 1734 2789 2375 2789 2376 2789 1734 2790 1727 2790 2375 2790 1746 2791 2376 2791 2377 2791 1746 2792 1734 2792 2376 2792 1719 2793 2377 2793 2378 2793 1719 2794 1746 2794 2377 2794 1719 2795 2378 2795 2379 2795 1720 2796 1719 2796 2379 2796 2380 2797 2369 2797 1766 2797 2369 2798 1755 2798 1766 2798 2381 2799 2380 2799 1770 2799 2380 2800 1766 2800 1770 2800 2381 2801 1770 2801 1764 2801 2382 2802 2381 2802 1765 2802 2381 2803 1764 2803 1765 2803 2382 2804 1765 2804 1774 2804 2383 2805 2382 2805 1724 2805 2382 2806 1774 2806 1724 2806 2384 2807 2383 2807 1723 2807 2383 2808 1724 2808 1723 2808 2384 2809 1723 2809 1740 2809 2385 2810 2384 2810 1741 2810 2384 2811 1740 2811 1741 2811 2385 2812 1741 2812 1742 2812 2386 2813 2385 2813 1747 2813 2385 2814 1742 2814 1747 2814 2387 2815 2386 2815 1748 2815 2386 2816 1747 2816 1748 2816 2388 2817 2387 2817 1753 2817 2387 2818 1748 2818 1753 2818 2389 2819 2388 2819 1732 2819 2388 2820 1753 2820 1732 2820 2390 2821 2389 2821 1731 2821 2389 2822 1732 2822 1731 2822 2379 2823 2390 2823 1720 2823 2390 2824 1731 2824 1720 2824 1816 2825 1814 2825 2266 2825 1820 2826 1816 2826 2266 2826 1814 2827 1790 2827 2266 2827 1823 2828 1822 2828 2367 2828 1824 2829 1823 2829 2367 2829 1826 2830 1824 2830 2367 2830 1822 2831 1841 2831 2367 2831 1841 2832 1842 2832 2366 2832 2367 2833 1841 2833 2366 2833 2366 2834 1842 2834 1840 2834 1848 2835 1858 2835 1882 2835 1858 2836 1856 2836 1882 2836 1849 2837 1848 2837 1900 2837 1900 2838 1848 2838 1898 2838 1849 2839 1900 2839 1920 2839 1898 2840 1848 2840 1895 2840 1848 2841 1882 2841 1883 2841 1895 2842 1848 2842 1883 2842 1880 2843 1864 2843 1865 2843 1881 220 1865 220 1866 220 1881 2844 1880 2844 1865 2844 1879 220 1863 220 1864 220 1879 220 1864 220 1880 220 1867 220 1881 220 1866 220 1878 220 1862 220 1863 220 1878 2845 1863 2845 1879 2845 1877 220 1861 220 1862 220 1877 220 1862 220 1878 220 1876 220 1860 220 1861 220 1876 2846 1861 2846 1877 2846 1875 2847 1857 2847 1859 2847 1875 220 1859 220 1860 220 1875 220 1860 220 1876 220 1874 220 1855 220 1857 220 1874 220 1857 220 1875 220 1873 2848 1854 2848 1855 2848 1873 220 1855 220 1874 220 1872 220 1853 220 1854 220 1872 2849 1854 2849 1873 2849 1871 2850 1852 2850 1853 2850 1871 2851 1853 2851 1872 2851 1870 220 1850 220 1852 220 1870 220 1852 220 1871 220 1869 220 1851 220 1850 220 1869 2852 1850 2852 1870 2852 1868 220 1851 220 1869 220 1892 2853 1910 2853 1911 2853 1893 220 1911 220 1912 220 1893 220 1892 220 1911 220 1891 2854 1908 2854 1909 2854 1891 2855 1909 2855 1910 2855 1891 220 1910 220 1892 220 1894 220 1912 220 1913 220 1894 220 1893 220 1912 220 1890 220 1907 220 1908 220 1890 2856 1908 2856 1891 2856 1896 220 1913 220 1915 220 1896 220 1894 220 1913 220 1889 220 1906 220 1907 220 1889 2857 1907 2857 1890 2857 1897 220 1915 220 1916 220 1897 220 1896 220 1915 220 1888 2858 1905 2858 1906 2858 1888 220 1906 220 1889 220 1899 2859 1916 2859 1918 2859 1899 220 1897 220 1916 220 1887 220 1904 220 1905 220 1887 2860 1905 2860 1888 2860 1901 220 1899 220 1918 220 1886 220 1903 220 1904 220 1886 2861 1904 2861 1887 2861 1885 220 1902 220 1903 220 1885 2862 1903 2862 1886 2862 1884 2863 1902 2863 1885 2863 1917 2864 1914 2864 1919 2864 1950 2865 1921 2865 1922 2865 1950 220 1936 220 1921 220 1949 220 1935 220 1936 220 1949 2866 1936 2866 1950 2866 1948 2867 1934 2867 1935 2867 1948 2868 1935 2868 1949 2868 1947 220 1933 220 1934 220 1947 2869 1934 2869 1948 2869 1946 220 1932 220 1933 220 1946 2870 1933 2870 1947 2870 1945 220 1931 220 1932 220 1945 2871 1932 2871 1946 2871 1944 220 1929 220 1930 220 1944 220 1930 220 1931 220 1944 2872 1931 2872 1945 2872 1943 220 1928 220 1929 220 1943 220 1929 220 1944 220 1942 220 1927 220 1928 220 1942 220 1928 220 1943 220 1941 2873 1926 2873 1927 2873 1941 2874 1927 2874 1942 2874 1940 220 1925 220 1926 220 1940 2875 1926 2875 1941 2875 1939 2876 1924 2876 1925 2876 1939 220 1925 220 1940 220 1938 220 1923 220 1924 220 1938 220 1924 220 1939 220 1937 220 1923 220 1938 220 1980 220 1965 220 1967 220 1980 220 1964 220 1965 220 1979 220 1963 220 1964 220 1979 2877 1964 2877 1980 2877 1978 220 1962 220 1963 220 1978 220 1963 220 1979 220 1977 220 1961 220 1962 220 1977 220 1962 220 1978 220 1976 2878 1960 2878 1961 2878 1976 2879 1961 2879 1977 2879 1975 220 1959 220 1960 220 1975 2880 1960 2880 1976 2880 1974 220 1958 220 1959 220 1974 220 1959 220 1975 220 1957 2881 1958 2881 1974 2881 1973 220 1957 220 1974 220 1956 2882 1957 2882 1973 2882 1972 2883 1956 2883 1973 2883 1955 2884 1956 2884 1972 2884 1971 220 1955 220 1972 220 1954 2885 1955 2885 1971 2885 1970 220 1954 220 1971 220 1953 2886 1954 2886 1970 2886 1969 220 1953 220 1970 220 1952 2887 1953 2887 1969 2887 1968 2888 1952 2888 1969 2888 1951 220 1952 220 1968 220 1966 220 1951 220 1968 220 2391 2889 2392 2889 2074 2889 2075 221 2391 221 2074 221 2393 2890 2043 2890 2044 2890 2394 221 2393 221 2044 221 2392 2891 2395 2891 2073 2891 2074 221 2392 221 2073 221 2394 2892 2044 2892 2045 2892 2395 2893 2396 2893 2072 2893 2073 221 2395 221 2072 221 2397 221 2394 221 2046 221 2394 2894 2045 2894 2046 2894 2396 2895 2398 2895 2071 2895 2072 221 2396 221 2071 221 2397 2896 2046 2896 2047 2896 2398 2897 2399 2897 2070 2897 2071 221 2398 221 2070 221 2400 221 2397 221 2048 221 2005 221 2006 221 2401 221 2397 2898 2047 2898 2048 2898 2006 221 2009 221 2402 221 2070 2899 2399 2899 2069 2899 2399 2900 2403 2900 2069 2900 2400 2901 2048 2901 2049 2901 2401 221 2006 221 2402 221 2003 2902 2005 2902 2404 2902 2005 2903 2401 2903 2404 2903 2009 221 2012 221 2405 221 2069 221 2403 221 2068 221 2402 221 2009 221 2405 221 2403 2904 2406 2904 2068 2904 2400 221 2049 221 2050 221 2001 221 2003 221 2407 221 2408 2905 2400 2905 2050 2905 2003 2906 2404 2906 2407 2906 2012 221 2013 221 2409 221 2013 2907 2016 2907 2409 2907 2405 221 2012 221 2409 221 1999 2908 2000 2908 2410 2908 2000 221 2001 221 2410 221 2001 221 2407 221 2410 221 2016 2909 2017 2909 2411 2909 2409 221 2016 221 2411 221 2017 2910 2020 2910 2412 2910 2068 221 2406 221 2067 221 2411 221 2017 221 2412 221 2406 2911 2413 2911 2067 2911 1994 2912 1995 2912 2414 2912 1995 2913 1999 2913 2414 2913 2408 2914 2050 2914 2051 2914 1999 221 2410 221 2414 221 2067 221 2413 221 2066 221 2020 221 2022 221 2415 221 2413 221 2416 221 2066 221 2408 2915 2051 2915 2052 2915 2412 221 2020 221 2415 221 2417 2916 2408 2916 2052 2916 2022 2917 2023 2917 2418 2917 2066 221 2416 221 2065 221 2415 221 2022 221 2418 221 2416 2918 2419 2918 2065 2918 2417 2919 2052 2919 2053 2919 1991 2920 1992 2920 2420 2920 1992 2921 1994 2921 2420 2921 1994 2922 2414 2922 2420 2922 2065 221 2419 221 2064 221 2023 2923 2025 2923 2421 2923 2418 221 2023 221 2421 221 2419 221 2422 221 2064 221 2417 2924 2053 2924 2054 2924 2423 221 2417 221 2054 221 2025 2925 2027 2925 2424 2925 2064 2926 2422 2926 2063 2926 2421 221 2025 221 2424 221 2422 2927 2425 2927 2063 2927 2423 2928 2054 2928 2055 2928 1984 221 1989 221 2426 221 1989 221 1991 221 2426 221 2063 221 2425 221 2062 221 1991 2929 2420 2929 2426 2929 2423 2930 2055 2930 2056 2930 2427 221 2423 221 2056 221 2424 221 2027 221 2428 221 2427 221 2056 221 2057 221 2429 221 2427 221 2057 221 2027 2931 2029 2931 2428 2931 2062 221 2425 221 2061 221 2425 2932 2430 2932 2061 2932 2061 221 2430 221 2060 221 2428 221 2029 221 2431 221 2430 221 2432 221 2060 221 2029 2933 2031 2933 2431 2933 2429 2934 2057 2934 2058 2934 2433 2935 2429 2935 2058 2935 1983 221 1984 221 2434 221 2060 221 2432 221 2059 221 2433 2936 2058 2936 2059 2936 1984 221 2426 221 2434 221 2432 221 2433 221 2059 221 1982 221 1983 221 2434 221 2431 221 2031 221 2435 221 2031 2937 2033 2937 2435 2937 2435 221 2033 221 2436 221 2033 2938 2034 2938 2436 2938 1982 2939 2434 2939 2437 2939 2108 221 1981 221 2437 221 1981 2940 1982 2940 2437 2940 2034 2941 2037 2941 2438 2941 2436 221 2034 221 2438 221 1986 221 1985 221 2439 221 2037 221 1986 221 2439 221 2438 221 2037 221 2439 221 2108 2942 2437 2942 2440 2942 2106 2943 2107 2943 2440 2943 2107 2944 2108 2944 2440 2944 1985 221 1987 221 2441 221 2439 2945 1985 2945 2441 2945 2106 2946 2440 2946 2442 2946 2104 221 2105 221 2442 221 2105 221 2106 221 2442 221 1987 221 1988 221 2443 221 2441 2947 1987 2947 2443 2947 1988 221 1990 221 2444 221 2443 2948 1988 2948 2444 2948 2104 2949 2442 2949 2445 2949 2102 221 2103 221 2445 221 2103 221 2104 221 2445 221 1990 221 1993 221 2446 221 2444 2950 1990 2950 2446 2950 1993 2951 1996 2951 2447 2951 2446 2952 1993 2952 2447 2952 2102 221 2445 221 2448 221 2100 221 2101 221 2448 221 2101 221 2102 221 2448 221 1996 221 1997 221 2449 221 2447 2953 1996 2953 2449 2953 1997 221 1998 221 2450 221 2449 2954 1997 2954 2450 2954 2100 2955 2448 2955 2451 2955 2098 221 2099 221 2451 221 2099 2956 2100 2956 2451 2956 1998 221 2002 221 2452 221 2450 2957 1998 2957 2452 2957 2002 221 2004 221 2453 221 2452 221 2002 221 2453 221 2098 2958 2451 2958 2454 2958 2097 2959 2098 2959 2454 2959 2097 2960 2454 2960 2096 2960 2453 2961 2004 2961 2455 2961 2004 221 2007 221 2455 221 2455 221 2007 221 2456 221 2007 2909 2008 2909 2456 2909 2096 221 2454 221 2457 221 2095 2962 2096 2962 2457 2962 2095 221 2457 221 2094 221 2008 221 2010 221 2458 221 2456 2963 2008 2963 2458 2963 2094 221 2457 221 2459 221 2094 221 2459 221 2093 221 2458 2964 2010 2964 2011 2964 2458 2965 2011 2965 2460 2965 2093 2966 2459 2966 2461 2966 2093 2967 2461 2967 2092 2967 2460 221 2011 221 2014 221 2460 221 2014 221 2462 221 2092 2968 2461 2968 2463 2968 2092 221 2463 221 2091 221 2462 221 2014 221 2015 221 2462 221 2015 221 2464 221 2091 2969 2463 2969 2465 2969 2091 221 2465 221 2090 221 2464 2970 2015 2970 2018 2970 2464 2971 2018 2971 2466 2971 2090 221 2465 221 2467 221 2090 221 2467 221 2089 221 2466 2972 2018 2972 2019 2972 2466 221 2019 221 2468 221 2089 2973 2467 2973 2469 2973 2089 221 2469 221 2088 221 2468 221 2019 221 2021 221 2468 221 2021 221 2470 221 2469 221 2471 221 2087 221 2088 2974 2469 2974 2087 2974 2470 2975 2021 2975 2024 2975 2471 221 2472 221 2086 221 2087 2926 2471 2926 2086 2926 2470 2976 2024 2976 2026 2976 2470 221 2026 221 2473 221 2472 221 2474 221 2085 221 2086 2977 2472 2977 2085 2977 2473 2978 2026 2978 2028 2978 2474 221 2475 221 2084 221 2085 221 2474 221 2084 221 2476 2979 2473 2979 2030 2979 2473 2980 2028 2980 2030 2980 2475 221 2477 221 2083 221 2084 2981 2475 2981 2083 2981 2476 2982 2030 2982 2032 2982 2083 2983 2477 2983 2082 2983 2477 221 2478 221 2082 221 2479 221 2476 221 2035 221 2476 2984 2032 2984 2035 2984 2478 221 2480 221 2081 221 2082 2985 2478 2985 2081 2985 2479 221 2035 221 2036 221 2480 221 2481 221 2080 221 2081 2986 2480 2986 2080 2986 2479 2987 2036 2987 2038 2987 2482 221 2479 221 2038 221 2481 221 2483 221 2079 221 2080 2988 2481 2988 2079 2988 2482 2989 2038 2989 2039 2989 2483 221 2484 221 2078 221 2079 2990 2483 2990 2078 2990 2482 2991 2039 2991 2040 2991 2485 221 2482 221 2040 221 2484 221 2486 221 2077 221 2078 2992 2484 2992 2077 2992 2485 2993 2040 2993 2041 2993 2486 221 2391 221 2076 221 2077 2994 2486 2994 2076 2994 2485 2995 2041 2995 2042 2995 2393 221 2485 221 2042 221 2076 221 2391 221 2075 221 2393 2996 2042 2996 2043 2996 2191 2997 2487 2997 2488 2997 2248 2998 2191 2998 2488 2998 2248 2999 2488 2999 2489 2999 2247 3000 2248 3000 2489 3000 2247 3001 2489 3001 2490 3001 2250 3002 2247 3002 2490 3002 2250 3003 2490 3003 2491 3003 2251 3004 2250 3004 2491 3004 2251 3005 2491 3005 2492 3005 2253 3006 2251 3006 2492 3006 2253 3007 2492 3007 2493 3007 2257 3008 2253 3008 2493 3008 2257 3009 2493 3009 2494 3009 2260 3010 2257 3010 2494 3010 2260 3011 2494 3011 2495 3011 2263 3012 2260 3012 2495 3012 2263 3013 2495 3013 2496 3013 2207 3014 2263 3014 2496 3014 2207 3015 2496 3015 2497 3015 2211 3016 2207 3016 2497 3016 2211 3017 2497 3017 2498 3017 2213 3018 2211 3018 2498 3018 2213 3019 2498 3019 2499 3019 2215 3019 2213 3019 2499 3019 2215 3020 2499 3020 2500 3020 2216 3020 2215 3020 2500 3020 2216 3021 2500 3021 2501 3021 2218 3022 2216 3022 2501 3022 2218 3023 2501 3023 2502 3023 2220 3024 2218 3024 2502 3024 2117 3025 2220 3025 2503 3025 2220 3026 2502 3026 2503 3026 2118 3027 2117 3027 2504 3027 2117 3028 2503 3028 2504 3028 2120 3029 2118 3029 2505 3029 2118 3030 2504 3030 2505 3030 2128 3031 2120 3031 2506 3031 2120 3032 2505 3032 2506 3032 2130 3033 2128 3033 2507 3033 2132 3034 2130 3034 2507 3034 2128 3035 2506 3035 2507 3035 2132 3036 2507 3036 2508 3036 2134 3037 2132 3037 2508 3037 2136 3038 2134 3038 2509 3038 2134 3039 2508 3039 2509 3039 2138 3040 2136 3040 2510 3040 2136 3041 2509 3041 2510 3041 2138 3042 2510 3042 2511 3042 2140 3043 2138 3043 2511 3043 2140 3044 2511 3044 2512 3044 2142 3045 2140 3045 2512 3045 2142 3046 2512 3046 2513 3046 2145 3047 2142 3047 2513 3047 2145 3048 2513 3048 2514 3048 2147 3049 2145 3049 2514 3049 2147 3050 2514 3050 2515 3050 2150 3051 2147 3051 2515 3051 2150 3052 2515 3052 2516 3052 2154 3053 2150 3053 2516 3053 2154 3054 2516 3054 2517 3054 2158 3055 2154 3055 2517 3055 2158 3056 2517 3056 2518 3056 2161 3057 2158 3057 2518 3057 2161 3058 2518 3058 2519 3058 2166 3059 2161 3059 2519 3059 2166 3060 2519 3060 2520 3060 2165 3061 2166 3061 2520 3061 2165 3062 2520 3062 2521 3062 2230 3063 2165 3063 2521 3063 2230 3064 2521 3064 2522 3064 2232 3065 2230 3065 2522 3065 2232 3066 2522 3066 2523 3066 2234 3067 2232 3067 2523 3067 2234 3068 2523 3068 2524 3068 2236 1107 2234 1107 2524 1107 2236 1107 2524 1107 2525 1107 2238 3069 2236 3069 2525 3069 2238 3069 2525 3069 2526 3069 2240 3070 2238 3070 2526 3070 2240 3071 2526 3071 2527 3071 2170 3072 2240 3072 2527 3072 2170 3073 2527 3073 2528 3073 2171 3074 2170 3074 2528 3074 2171 3075 2528 3075 2529 3075 2172 3076 2171 3076 2529 3076 2172 3077 2529 3077 2530 3077 2174 3078 2172 3078 2530 3078 2174 3079 2530 3079 2531 3079 2178 3080 2174 3080 2531 3080 2178 3081 2531 3081 2532 3081 2180 3082 2178 3082 2532 3082 2180 3083 2532 3083 2533 3083 2182 3084 2180 3084 2533 3084 2182 3085 2533 3085 2534 3085 2184 3086 2182 3086 2534 3086 2189 3087 2184 3087 2535 3087 2184 3088 2534 3088 2535 3088 2191 3089 2189 3089 2536 3089 2189 3090 2535 3090 2536 3090 2191 3091 2536 3091 2487 3091 2537 3092 2281 3092 2278 3092 2538 3093 2537 3093 2278 3093 2538 3094 2278 3094 2300 3094 2539 3095 2538 3095 2300 3095 2540 3096 2541 3096 2294 3096 2539 3097 2300 3097 2298 3097 2542 3098 2539 3098 2298 3098 2543 3099 2540 3099 2291 3099 2540 3100 2294 3100 2291 3100 2541 3101 2542 3101 2296 3101 2542 3102 2298 3102 2296 3102 2544 3103 2543 3103 2288 3103 2543 3104 2291 3104 2288 3104 2541 3105 2296 3105 2294 3105 2545 3106 2544 3106 2284 3106 2544 3107 2288 3107 2284 3107 2546 3108 2545 3108 2286 3108 2545 3109 2284 3109 2286 3109 2547 3110 2546 3110 2289 3110 2546 3111 2286 3111 2289 3111 2548 3112 2547 3112 2293 3112 2547 3113 2289 3113 2293 3113 2549 3114 2548 3114 2295 3114 2548 3115 2293 3115 2295 3115 2550 3116 2549 3116 2297 3116 2549 3117 2295 3117 2297 3117 2551 3118 2550 3118 2299 3118 2550 3119 2297 3119 2299 3119 2552 3120 2551 3120 2301 3120 2551 3121 2299 3121 2301 3121 2553 3122 2552 3122 2302 3122 2552 3123 2301 3123 2302 3123 2553 3124 2302 3124 2282 3124 2554 3125 2553 3125 2282 3125 2554 3126 2282 3126 2283 3126 2555 3127 2554 3127 2283 3127 2555 3128 2283 3128 2287 3128 2556 3129 2555 3129 2287 3129 2556 3130 2287 3130 2292 3130 2557 3131 2556 3131 2292 3131 2557 3132 2292 3132 2290 3132 2558 3133 2557 3133 2290 3133 2558 3134 2290 3134 2285 3134 2559 3135 2558 3135 2285 3135 2559 3136 2285 3136 2280 3136 2560 3137 2559 3137 2280 3137 2560 3138 2280 3138 2279 3138 2561 3139 2560 3139 2279 3139 2561 3140 2279 3140 2281 3140 2537 3141 2561 3141 2281 3141 2322 3142 2323 3142 2311 3142 2323 3143 2312 3143 2311 3143 2321 3144 2322 3144 2310 3144 2322 3145 2311 3145 2310 3145 2320 3146 2321 3146 2309 3146 2321 3147 2310 3147 2309 3147 2319 3148 2320 3148 2308 3148 2320 3149 2309 3149 2308 3149 2319 3150 2308 3150 2307 3150 2318 3151 2319 3151 2306 3151 2317 3152 2318 3152 2306 3152 2319 3153 2307 3153 2306 3153 2317 3154 2306 3154 2305 3154 2312 3155 2323 3155 2324 3155 2313 220 2324 220 2325 220 2313 220 2312 220 2324 220 2314 220 2325 220 2316 220 2314 220 2313 220 2325 220 2315 220 2314 220 2316 220 2562 3156 2563 3156 2364 3156 2562 3157 2364 3157 2362 3157 2564 3158 2562 3158 2362 3158 2565 3159 2566 3159 2355 3159 2564 3160 2362 3160 2360 3160 2567 3161 2564 3161 2360 3161 2568 3162 2565 3162 2351 3162 2565 3163 2355 3163 2351 3163 2566 3164 2567 3164 2357 3164 2567 3165 2360 3165 2357 3165 2569 3166 2568 3166 2347 3166 2568 3167 2351 3167 2347 3167 2566 3168 2357 3168 2355 3168 2570 3169 2569 3169 2342 3169 2569 3170 2347 3170 2342 3170 2571 3171 2570 3171 2345 3171 2570 3172 2342 3172 2345 3172 2572 3173 2571 3173 2349 3173 2571 3174 2345 3174 2349 3174 2573 3175 2572 3175 2353 3175 2572 3176 2349 3176 2353 3176 2574 3177 2573 3177 2356 3177 2573 3178 2353 3178 2356 3178 2575 3179 2574 3179 2359 3179 2574 3180 2356 3180 2359 3180 2576 3181 2575 3181 2361 3181 2575 3182 2359 3182 2361 3182 2577 3183 2576 3183 2365 3183 2576 3184 2361 3184 2365 3184 2578 3185 2577 3185 2329 3185 2577 3186 2365 3186 2329 3186 2578 3187 2329 3187 2330 3187 2579 3188 2578 3188 2330 3188 2579 3189 2330 3189 2331 3189 2580 3190 2579 3190 2331 3190 2580 3191 2331 3191 2336 3191 2581 3192 2580 3192 2336 3192 2581 3193 2336 3193 2337 3193 2582 3194 2581 3194 2337 3194 2582 3195 2337 3195 2343 3195 2583 3196 2582 3196 2343 3196 2583 3197 2343 3197 2339 3197 2584 3198 2583 3198 2339 3198 2584 3199 2339 3199 2338 3199 2585 3200 2584 3200 2338 3200 2585 3201 2338 3201 2335 3201 2586 3202 2585 3202 2335 3202 2586 3203 2335 3203 2333 3203 2563 3204 2586 3204 2333 3204 2563 3205 2333 3205 2364 3205 2370 3206 2368 3206 2380 3206 2368 3207 2369 3207 2380 3207 2371 3208 2370 3208 2381 3208 2370 3209 2380 3209 2381 3209 2372 3210 2371 3210 2382 3210 2371 3211 2381 3211 2382 3211 2373 3212 2372 3212 2383 3212 2372 3213 2382 3213 2383 3213 2374 3214 2373 3214 2384 3214 2373 3215 2383 3215 2384 3215 2375 3216 2374 3216 2385 3216 2374 3217 2384 3217 2385 3217 2375 3218 2385 3218 2386 3218 2376 3219 2375 3219 2387 3219 2375 3220 2386 3220 2387 3220 2377 220 2376 220 2388 220 2376 3221 2387 3221 2388 3221 2378 220 2377 220 2389 220 2377 3222 2388 3222 2389 3222 2378 3223 2389 3223 2390 3223 2378 3224 2390 3224 2379 3224 2587 3225 2439 3225 2441 3225 2588 3226 2441 3226 2443 3226 2588 3225 2587 3225 2441 3225 2589 3227 2443 3227 2444 3227 2589 3226 2588 3226 2443 3226 2590 3228 2444 3228 2446 3228 2590 3229 2589 3229 2444 3229 2591 3230 2446 3230 2447 3230 2591 3231 2590 3231 2446 3231 2592 3230 2591 3230 2447 3230 2593 3232 2447 3232 2449 3232 2593 3233 2449 3233 2450 3233 2593 3234 2592 3234 2447 3234 2594 3235 2593 3235 2450 3235 2595 3236 2450 3236 2452 3236 2595 3237 2452 3237 2453 3237 2595 3238 2594 3238 2450 3238 2596 3239 2595 3239 2453 3239 2597 3240 2453 3240 2455 3240 2597 3241 2455 3241 2456 3241 2597 3242 2596 3242 2453 3242 2598 3243 2456 3243 2458 3243 2598 3244 2597 3244 2456 3244 2599 3245 2598 3245 2458 3245 2600 3246 2458 3246 2460 3246 2600 3247 2599 3247 2458 3247 2601 3248 2460 3248 2462 3248 2601 3249 2462 3249 2464 3249 2601 3250 2600 3250 2460 3250 2602 3251 2601 3251 2464 3251 2603 3252 2464 3252 2466 3252 2603 3253 2602 3253 2464 3253 2604 3254 2603 3254 2466 3254 2604 3255 2466 3255 2468 3255 2605 3256 2604 3256 2468 3256 2605 3257 2468 3257 2470 3257 2606 3258 2410 3258 2407 3258 2606 3259 2607 3259 2410 3259 2608 3260 2407 3260 2404 3260 2608 3261 2606 3261 2407 3261 2609 3262 2404 3262 2401 3262 2609 3263 2608 3263 2404 3263 2610 3264 2401 3264 2402 3264 2610 3265 2402 3265 2405 3265 2610 3266 2609 3266 2401 3266 2611 3267 2610 3267 2405 3267 2612 3268 2405 3268 2409 3268 2612 3269 2611 3269 2405 3269 2613 3270 2409 3270 2411 3270 2613 3271 2612 3271 2409 3271 2614 3272 2411 3272 2412 3272 2614 3273 2613 3273 2411 3273 2615 3274 2412 3274 2415 3274 2615 3275 2614 3275 2412 3275 2616 3276 2415 3276 2418 3276 2616 3277 2418 3277 2421 3277 2616 3278 2615 3278 2415 3278 2617 3279 2421 3279 2424 3279 2617 3280 2616 3280 2421 3280 2618 3281 2617 3281 2424 3281 2619 3282 2424 3282 2428 3282 2619 3283 2618 3283 2424 3283 2620 3284 2428 3284 2431 3284 2620 3284 2619 3284 2428 3284 2621 3285 2620 3285 2431 3285 2621 3286 2431 3286 2435 3286 2622 3287 2621 3287 2435 3287 2622 3288 2435 3288 2436 3288 2622 3289 2436 3289 2438 3289 2623 3289 2622 3289 2438 3289 2587 3290 2623 3290 2438 3290 2587 3290 2438 3290 2439 3290 2624 221 2479 221 2482 221 2625 221 2624 221 2482 221 2626 3291 2625 3291 2482 3291 2627 3292 2626 3292 2482 3292 2628 221 2627 221 2485 221 2629 3293 2628 3293 2485 3293 2627 3294 2482 3294 2485 3294 2629 3295 2485 3295 2393 3295 2630 3296 2631 3296 2632 3296 2633 221 2630 221 2632 221 2631 3297 2634 3297 2632 3297 2633 3298 2632 3298 2635 3298 2634 3299 2636 3299 2637 3299 2426 3300 2420 3300 2638 3300 2420 3301 2639 3301 2638 3301 2632 3302 2634 3302 2637 3302 2639 221 2420 221 2640 221 2633 3303 2635 3303 2641 3303 2636 3304 2629 3304 2642 3304 2629 221 2393 221 2642 221 2426 3305 2638 3305 2643 3305 2637 3306 2636 3306 2642 3306 2633 3307 2641 3307 2644 3307 2640 221 2420 221 2645 221 2642 221 2393 221 2646 221 2633 3308 2644 3308 2647 3308 2426 3309 2643 3309 2648 3309 2420 3310 2414 3310 2649 3310 2645 221 2420 221 2649 221 2633 3311 2647 3311 2650 3311 2426 3312 2648 3312 2651 3312 2649 221 2414 221 2652 221 2426 3313 2651 3313 2653 3313 2633 3314 2650 3314 2654 3314 2434 221 2426 221 2653 221 2655 221 2646 221 2394 221 2656 221 2655 221 2394 221 2646 3315 2393 3315 2394 3315 2652 221 2414 221 2657 221 2414 3316 2410 3316 2657 3316 2434 3317 2653 3317 2658 3317 2657 221 2410 221 2659 221 2434 3318 2658 3318 2660 3318 2659 3319 2410 3319 2661 3319 2434 3320 2660 3320 2662 3320 2437 221 2434 221 2662 221 2437 3321 2662 3321 2663 3321 2437 3322 2663 3322 2664 3322 2665 221 2656 221 2397 221 2666 221 2665 221 2397 221 2667 221 2666 221 2397 221 2656 3323 2394 3323 2397 3323 2667 3324 2397 3324 2400 3324 2668 221 2667 221 2400 221 2669 221 2668 221 2400 221 2670 221 2669 221 2400 221 2437 221 2664 221 2440 221 2671 3325 2670 3325 2400 3325 2671 3326 2400 3326 2408 3326 2672 221 2671 221 2408 221 2673 221 2672 221 2408 221 2674 3327 2673 3327 2408 3327 2674 3328 2408 3328 2417 3328 2661 3329 2410 3329 2675 3329 2676 221 2674 221 2417 221 2677 221 2661 221 2675 221 2678 3330 2676 3330 2417 3330 2679 221 2677 221 2675 221 2680 221 2679 221 2675 221 2681 3331 2680 3331 2675 3331 2682 221 2681 221 2675 221 2678 221 2417 221 2423 221 2683 3332 2678 3332 2423 3332 2654 3333 2683 3333 2423 3333 2633 3334 2654 3334 2423 3334 2445 3335 2684 3335 2685 3335 2445 221 2442 221 2686 221 2684 221 2445 221 2686 221 2448 221 2445 221 2687 221 2445 3336 2685 3336 2687 3336 2686 221 2442 221 2688 221 2448 3337 2687 3337 2689 3337 2442 221 2440 221 2690 221 2688 221 2442 221 2690 221 2448 3338 2689 3338 2691 3338 2440 3339 2664 3339 2692 3339 2664 3304 2693 3304 2692 3304 2690 221 2440 221 2692 221 2448 3340 2691 3340 2694 3340 2693 3299 2695 3299 2696 3299 2692 3306 2693 3306 2696 3306 2448 3341 2694 3341 2697 3341 2696 3342 2695 3342 2698 3342 2695 3297 2682 3297 2698 3297 2682 3343 2675 3343 2698 3343 2448 3344 2697 3344 2451 3344 2697 221 2699 221 2451 221 2451 221 2699 221 2700 221 2451 3345 2700 3345 2701 3345 2451 3346 2701 3346 2454 3346 2702 221 2703 221 2454 221 2701 221 2702 221 2454 221 2454 3347 2703 3347 2457 3347 2704 3333 2705 3333 2457 3333 2703 221 2704 221 2457 221 2675 3348 2531 3348 2530 3348 2531 221 2675 221 2532 221 2675 3349 2530 3349 2529 3349 2532 221 2675 221 2533 221 2675 3350 2529 3350 2528 3350 2533 3351 2675 3351 2534 3351 2675 3352 2528 3352 2527 3352 2534 221 2675 221 2535 221 2675 3353 2527 3353 2526 3353 2535 221 2675 221 2536 221 2675 3354 2526 3354 2525 3354 2536 221 2675 221 2487 221 2675 221 2525 221 2524 221 2457 3355 2705 3355 2706 3355 2675 221 2524 221 2706 221 2522 221 2521 221 2706 221 2523 3356 2522 3356 2706 3356 2524 3357 2523 3357 2706 3357 2698 221 2675 221 2706 221 2707 3358 2698 3358 2706 3358 2708 221 2707 221 2706 221 2709 221 2708 221 2706 221 2710 221 2709 221 2706 221 2711 3359 2710 3359 2706 3359 2705 221 2711 221 2706 221 2706 3360 2521 3360 2520 3360 2706 3361 2520 3361 2519 3361 2706 3362 2519 3362 2518 3362 2706 3363 2518 3363 2517 3363 2706 3364 2517 3364 2516 3364 2488 221 2487 221 2630 221 2489 221 2488 221 2630 221 2490 221 2489 221 2630 221 2491 3351 2490 3351 2630 3351 2492 221 2491 221 2630 221 2493 221 2492 221 2630 221 2494 221 2493 221 2630 221 2495 221 2494 221 2630 221 2487 221 2675 221 2630 221 2495 221 2630 221 2496 221 2706 3365 2516 3365 2515 3365 2496 221 2630 221 2497 221 2706 3366 2515 3366 2514 3366 2497 3367 2630 3367 2498 3367 2706 3368 2514 3368 2513 3368 2498 3369 2630 3369 2499 3369 2706 3370 2513 3370 2512 3370 2630 3371 2470 3371 2712 3371 2470 3372 2713 3372 2712 3372 2470 221 2473 221 2714 221 2713 221 2470 221 2714 221 2630 3373 2712 3373 2715 3373 2714 221 2473 221 2716 221 2630 3374 2715 3374 2717 3374 2716 221 2473 221 2718 221 2630 3375 2717 3375 2719 3375 2630 3376 2719 3376 2720 3376 2718 3377 2473 3377 2476 3377 2721 221 2718 221 2476 221 2722 221 2721 221 2476 221 2630 3378 2720 3378 2631 3378 2722 221 2476 221 2723 221 2723 221 2476 221 2724 221 2724 3379 2476 3379 2479 3379 2725 221 2724 221 2479 221 2726 221 2725 221 2479 221 2727 221 2726 221 2479 221 2624 221 2727 221 2479 221 2500 221 2499 221 2633 221 2501 3357 2500 3357 2633 3357 2502 3356 2501 3356 2633 3356 2503 221 2502 221 2633 221 2504 221 2503 221 2633 221 2505 221 2504 221 2633 221 2506 221 2505 221 2633 221 2507 221 2506 221 2633 221 2508 221 2507 221 2633 221 2509 3380 2508 3380 2633 3380 2510 221 2509 221 2633 221 2511 221 2510 221 2633 221 2512 221 2511 221 2633 221 2706 221 2512 221 2633 221 2499 221 2630 221 2633 221 2728 3381 2729 3381 2392 3381 2728 3381 2392 3381 2391 3381 2730 3382 2423 3382 2427 3382 2731 3383 2391 3383 2486 3383 2731 3383 2728 3383 2391 3383 2732 3384 2427 3384 2429 3384 2733 3385 2486 3385 2484 3385 2733 3385 2731 3385 2486 3385 2732 3386 2730 3386 2427 3386 2734 3387 2484 3387 2483 3387 2734 3388 2733 3388 2484 3388 2735 3389 2732 3389 2429 3389 2736 3390 2429 3390 2433 3390 2737 3391 2483 3391 2481 3391 2736 3392 2735 3392 2429 3392 2737 3393 2734 3393 2483 3393 2738 3394 2433 3394 2432 3394 2739 3395 2481 3395 2480 3395 2738 3396 2432 3396 2430 3396 2739 3397 2480 3397 2478 3397 2738 3398 2736 3398 2433 3398 2739 3395 2737 3395 2481 3395 2740 3399 2739 3399 2478 3399 2741 3400 2738 3400 2430 3400 2742 3401 2741 3401 2430 3401 2743 3402 2478 3402 2477 3402 2743 3403 2477 3403 2475 3403 2742 3404 2430 3404 2425 3404 2743 3405 2740 3405 2478 3405 2744 3406 2743 3406 2475 3406 2745 3407 2742 3407 2425 3407 2745 3408 2425 3408 2422 3408 2745 3409 2422 3409 2419 3409 2746 3410 2475 3410 2474 3410 2746 3411 2474 3411 2472 3411 2747 3412 2745 3412 2419 3412 2746 3413 2744 3413 2475 3413 2748 3414 2747 3414 2419 3414 2749 3415 2746 3415 2472 3415 2748 3416 2419 3416 2416 3416 2750 3417 2472 3417 2471 3417 2750 3418 2471 3418 2469 3418 2751 3419 2748 3419 2416 3419 2750 3420 2749 3420 2472 3420 2751 3421 2416 3421 2413 3421 2752 3422 2751 3422 2413 3422 2753 3423 2750 3423 2469 3423 2752 3424 2413 3424 2406 3424 2754 3425 2753 3425 2469 3425 2754 3426 2469 3426 2467 3426 2754 3427 2467 3427 2465 3427 2755 3428 2752 3428 2406 3428 2755 3429 2406 3429 2403 3429 2756 3430 2754 3430 2465 3430 2756 3431 2465 3431 2463 3431 2757 3432 2755 3432 2403 3432 2757 3433 2403 3433 2399 3433 2758 3434 2756 3434 2463 3434 2759 3435 2757 3435 2399 3435 2760 3436 2758 3436 2463 3436 2759 3435 2399 3435 2398 3435 2759 3437 2398 3437 2396 3437 2760 3438 2463 3438 2461 3438 2761 3439 2760 3439 2461 3439 2761 3440 2461 3440 2459 3440 2762 3441 2759 3441 2396 3441 2763 3442 2761 3442 2459 3442 2763 3443 2459 3443 2457 3443 2764 3444 2762 3444 2396 3444 2764 3445 2396 3445 2395 3445 2729 3446 2764 3446 2395 3446 2729 3446 2395 3446 2392 3446 2765 3447 2558 3447 2559 3447 2766 3448 2554 3448 2555 3448 2766 3449 2767 3449 2554 3449 2768 3450 2558 3450 2765 3450 2768 3451 2557 3451 2558 3451 2545 3452 2769 3452 2770 3452 2771 3453 2766 3453 2555 3453 2545 3454 2770 3454 2544 3454 2771 3455 2555 3455 2556 3455 2772 3456 2557 3456 2768 3456 2772 3457 2771 3457 2556 3457 2772 3458 2556 3458 2557 3458 2543 3459 2544 3459 2770 3459 2546 3460 2769 3460 2545 3460 2540 3461 2543 3461 2770 3461 2547 3462 2769 3462 2546 3462 2541 3463 2540 3463 2770 3463 2548 3464 2773 3464 2774 3464 2548 3465 2774 3465 2769 3465 2548 3466 2769 3466 2547 3466 2549 3467 2773 3467 2548 3467 2775 3468 2539 3468 2542 3468 2775 3469 2542 3469 2541 3469 2775 3470 2541 3470 2770 3470 2776 3471 2773 3471 2549 3471 2550 3472 2776 3472 2549 3472 2538 3473 2539 3473 2775 3473 2537 3474 2538 3474 2775 3474 2777 3475 2550 3475 2551 3475 2777 3476 2776 3476 2550 3476 2778 3477 2551 3477 2552 3477 2778 3478 2552 3478 2553 3478 2778 3479 2777 3479 2551 3479 2779 3480 2559 3480 2560 3480 2779 3481 2560 3481 2561 3481 2779 3482 2561 3482 2537 3482 2779 3483 2537 3483 2775 3483 2767 3484 2553 3484 2554 3484 2767 3485 2778 3485 2553 3485 2765 3486 2559 3486 2779 3486 2780 3487 2585 3487 2586 3487 2780 3488 2586 3488 2781 3488 2782 3489 2585 3489 2780 3489 2782 3490 2582 3490 2583 3490 2782 3491 2583 3491 2584 3491 2782 3492 2584 3492 2585 3492 2783 3493 2784 3493 2578 3493 2783 3494 2582 3494 2782 3494 2783 3495 2578 3495 2579 3495 2783 3496 2579 3496 2580 3496 2783 3497 2580 3497 2581 3497 2783 3498 2581 3498 2582 3498 2569 3499 2785 3499 2786 3499 2570 3500 2787 3500 2785 3500 2570 3501 2785 3501 2569 3501 2568 3502 2786 3502 2788 3502 2568 3503 2569 3503 2786 3503 2571 3504 2789 3504 2787 3504 2571 3505 2787 3505 2570 3505 2565 3506 2788 3506 2790 3506 2565 3507 2568 3507 2788 3507 2572 3508 2791 3508 2789 3508 2572 3509 2789 3509 2571 3509 2566 3510 2790 3510 2792 3510 2566 3511 2565 3511 2790 3511 2573 3512 2791 3512 2572 3512 2567 3513 2566 3513 2792 3513 2793 3514 2567 3514 2792 3514 2574 3515 2791 3515 2573 3515 2564 3516 2567 3516 2793 3516 2575 3517 2791 3517 2574 3517 2562 3518 2564 3518 2793 3518 2794 3519 2562 3519 2793 3519 2784 3520 2791 3520 2575 3520 2576 3521 2784 3521 2575 3521 2563 3522 2562 3522 2794 3522 2577 3523 2784 3523 2576 3523 2781 3524 2586 3524 2563 3524 2781 3525 2563 3525 2794 3525 2578 3526 2784 3526 2577 3526 2795 3527 2594 3527 2796 3527 2797 3528 2613 3528 2798 3528 2595 3529 2596 3529 2799 3529 2796 221 2595 221 2799 221 2615 3530 2616 3530 2800 3530 2596 221 2597 221 2801 221 2597 221 2598 221 2801 221 2799 221 2596 221 2801 221 2798 221 2615 221 2800 221 2800 221 2616 221 2802 221 2598 3531 2599 3531 2803 3531 2616 3532 2617 3532 2802 3532 2801 221 2598 221 2803 221 2599 221 2600 221 2804 221 2803 221 2599 221 2804 221 2617 221 2618 221 2805 221 2600 3533 2601 3533 2806 3533 2804 221 2600 221 2806 221 2802 3527 2617 3527 2805 3527 2805 3534 2618 3534 2807 3534 2601 221 2602 221 2808 221 2618 3535 2619 3535 2807 3535 2619 3536 2620 3536 2807 3536 2806 221 2601 221 2808 221 2807 221 2620 221 2809 221 2808 3537 2602 3537 2603 3537 2810 221 2808 221 2603 221 2620 3538 2621 3538 2809 3538 2811 221 2810 221 2604 221 2810 221 2603 221 2604 221 2811 3539 2604 3539 2605 3539 2621 3540 2622 3540 2812 3540 2809 3541 2621 3541 2812 3541 2812 3542 2622 3542 2813 3542 2622 3543 2623 3543 2813 3543 2608 221 2609 221 2814 221 2609 221 2610 221 2814 221 2587 221 2588 221 2815 221 2813 221 2623 221 2815 221 2623 221 2587 221 2815 221 2814 221 2610 221 2816 221 2588 3544 2589 3544 2817 3544 2610 3533 2611 3533 2816 3533 2815 221 2588 221 2817 221 2589 3545 2590 3545 2818 3545 2606 221 2608 221 2819 221 2608 221 2814 221 2819 221 2817 3546 2589 3546 2818 3546 2590 221 2591 221 2820 221 2611 221 2612 221 2821 221 2818 3547 2590 3547 2820 3547 2816 221 2611 221 2821 221 2591 3548 2592 3548 2822 3548 2592 221 2593 221 2822 221 2607 221 2606 221 2823 221 2820 221 2591 221 2822 221 2606 221 2819 221 2823 221 2821 221 2612 221 2797 221 2822 3534 2593 3534 2795 3534 2612 221 2613 221 2797 221 2593 3549 2594 3549 2795 3549 2594 221 2595 221 2796 221 2613 221 2614 221 2798 221 2614 221 2615 221 2798 221 2824 3550 2825 3551 2826 3552 2824 3553 2827 3553 2825 3553 2824 3554 2828 3555 2827 3556 2829 3557 2824 3557 2830 3557 2630 3558 2828 3558 2824 3558 2630 3559 2824 3559 2829 3559 2470 3560 2811 3560 2605 3560 2470 3561 2831 3561 2811 3561 2470 3562 2829 3562 2831 3562 2470 3563 2630 3563 2829 3563 2832 3564 2833 3565 2834 3566 2833 3567 2835 3567 2834 3567 2835 3568 2836 3569 2834 3570 2837 3571 2834 3571 2838 3571 2834 3572 2836 3572 2675 3572 2838 3573 2834 3573 2675 3573 2607 3574 2823 3574 2410 3574 2823 3575 2839 3575 2410 3575 2839 3576 2838 3576 2410 3576 2838 3577 2675 3577 2410 3577 2840 3578 2841 3578 2630 3578 2841 3578 2842 3578 2630 3578 2842 3578 2843 3578 2630 3578 2843 3578 2844 3578 2630 3578 2844 3578 2828 3578 2630 3578 2840 3578 2630 3578 2845 3578 2845 3579 2630 3579 2846 3579 2846 3578 2630 3578 2847 3578 2847 3578 2630 3578 2848 3578 2848 3578 2630 3578 2849 3578 2849 3578 2630 3578 2850 3578 2836 3578 2851 3578 2675 3578 2851 3578 2852 3578 2675 3578 2852 3578 2853 3578 2675 3578 2853 3578 2854 3578 2675 3578 2854 3578 2855 3578 2675 3578 2855 3578 2856 3578 2675 3578 2856 3580 2857 3580 2675 3580 2857 3578 2858 3578 2675 3578 2858 3578 2859 3578 2675 3578 2859 3578 2860 3578 2675 3578 2860 3578 2850 3578 2675 3578 2850 3578 2630 3578 2675 3578 2423 3581 2861 3581 2862 3581 2423 3582 2730 3582 2861 3582 2863 3583 2423 3583 2862 3583 2864 3584 2863 3584 2865 3584 2866 3585 2864 3586 2867 3587 2868 3588 2864 3588 2866 3588 2869 3589 2864 3590 2868 3591 2633 3592 2423 3592 2863 3592 2633 3593 2863 3593 2864 3593 2633 3594 2864 3594 2869 3594 2633 3595 2870 3595 2871 3595 2633 3596 2872 3596 2870 3596 2633 3597 2873 3597 2872 3597 2633 3598 2874 3598 2873 3598 2633 3599 2869 3599 2874 3599 2875 3600 2633 3600 2871 3600 2876 3601 2633 3601 2875 3601 2877 3600 2633 3600 2876 3600 2878 3600 2633 3600 2877 3600 2879 3600 2633 3600 2878 3600 2880 3600 2633 3600 2879 3600 2706 3602 2881 3602 2882 3602 2706 3603 2883 3603 2881 3603 2706 3604 2884 3604 2883 3604 2706 3605 2885 3605 2884 3605 2706 3606 2886 3606 2885 3606 2706 3607 2887 3607 2886 3607 2706 3608 2888 3608 2887 3608 2706 3609 2889 3609 2888 3609 2706 3610 2890 3610 2889 3610 2706 3611 2891 3611 2890 3611 2706 3612 2880 3612 2891 3612 2706 3600 2633 3600 2880 3600 2892 3613 2893 3614 2894 3615 2892 3616 2895 3616 2893 3616 2892 3617 2882 3618 2895 3619 2896 3620 2892 3620 2897 3620 2706 3621 2882 3621 2892 3621 2706 3622 2892 3622 2896 3622 2457 3623 2898 3623 2763 3623 2457 3624 2899 3624 2898 3624 2457 3625 2896 3625 2899 3625 2457 3626 2706 3626 2896 3626 2900 3627 2901 3627 2648 3627 2900 3628 2648 3628 2643 3628 2902 3629 2903 3629 2649 3629 2900 3630 2643 3630 2638 3630 2904 3631 2900 3631 2638 3631 2905 3632 2904 3632 2638 3632 2906 3633 2902 3633 2652 3633 2902 3634 2649 3634 2652 3634 2905 3635 2638 3635 2639 3635 2907 3636 2906 3636 2657 3636 2905 3637 2639 3637 2640 3637 2906 3638 2652 3638 2657 3638 2908 3639 2905 3639 2640 3639 2908 3640 2640 3640 2645 3640 2907 3636 2657 3636 2659 3636 2909 3641 2908 3641 2645 3641 2903 3642 2909 3642 2645 3642 2903 3643 2645 3643 2649 3643 2910 3644 2907 3644 2661 3644 2907 3645 2659 3645 2661 3645 2911 3646 2910 3646 2677 3646 2910 3647 2661 3647 2677 3647 2912 3648 2911 3649 2679 3650 2911 3651 2677 3652 2679 3653 2913 3654 2912 3654 2680 3654 2912 3655 2679 3655 2680 3655 2914 3656 2913 3656 2681 3656 2913 3657 2680 3657 2681 3657 2915 3658 2914 3658 2682 3658 2914 3659 2681 3659 2682 3659 2916 3660 2915 3660 2695 3660 2917 3661 2916 3661 2695 3661 2915 3662 2682 3662 2695 3662 2918 3663 2917 3663 2693 3663 2917 3661 2695 3661 2693 3661 2918 3664 2693 3664 2664 3664 2918 3578 2664 3578 2663 3578 2919 3578 2918 3578 2663 3578 2919 3665 2663 3665 2662 3665 2920 3666 2919 3666 2662 3666 2920 3667 2662 3667 2660 3667 2921 3667 2920 3667 2660 3667 2921 3668 2660 3668 2658 3668 2922 3669 2921 3669 2658 3669 2923 3670 2922 3670 2658 3670 2923 3671 2658 3671 2653 3671 2923 3672 2653 3672 2651 3672 2924 3673 2923 3673 2651 3673 2924 3674 2651 3674 2648 3674 2901 3675 2924 3675 2648 3675 2925 3676 2926 3677 2717 3678 2925 3679 2717 3680 2715 3681 2927 3682 2928 3682 2718 3682 2925 3683 2715 3683 2712 3683 2929 3684 2925 3684 2712 3684 2930 3632 2929 3632 2712 3632 2931 3685 2927 3685 2721 3685 2927 3686 2718 3686 2721 3686 2930 3635 2712 3635 2713 3635 2932 3687 2931 3687 2722 3687 2930 3688 2713 3688 2714 3688 2931 3689 2721 3689 2722 3689 2933 3688 2930 3688 2714 3688 2933 3690 2714 3690 2716 3690 2932 3691 2722 3691 2723 3691 2934 3692 2933 3692 2716 3692 2928 3693 2934 3693 2716 3693 2928 3694 2716 3694 2718 3694 2935 3644 2932 3644 2724 3644 2932 3645 2723 3645 2724 3645 2936 3695 2935 3695 2725 3695 2935 3696 2724 3696 2725 3696 2937 3697 2936 3697 2726 3697 2936 3698 2725 3698 2726 3698 2938 3699 2937 3699 2727 3699 2937 3700 2726 3700 2727 3700 2939 3701 2938 3701 2624 3701 2938 3702 2727 3702 2624 3702 2940 3703 2939 3703 2625 3703 2939 3704 2624 3704 2625 3704 2941 3660 2940 3660 2626 3660 2942 3661 2941 3661 2626 3661 2940 3662 2625 3662 2626 3662 2943 3663 2942 3663 2627 3663 2942 3661 2626 3661 2627 3661 2943 3664 2627 3664 2628 3664 2943 3578 2628 3578 2629 3578 2944 3578 2943 3578 2629 3578 2944 3665 2629 3665 2636 3665 2945 3666 2944 3666 2636 3666 2945 3667 2636 3667 2634 3667 2946 3667 2945 3667 2634 3667 2946 3668 2634 3668 2631 3668 2947 3669 2946 3669 2631 3669 2948 3705 2947 3705 2631 3705 2948 3706 2631 3706 2720 3706 2948 3707 2720 3707 2719 3707 2949 3708 2948 3708 2719 3708 2949 3709 2719 3709 2717 3709 2926 3710 2949 3710 2717 3710 2950 3711 2951 3711 2689 3711 2950 3712 2689 3712 2687 3712 2952 3713 2953 3714 2690 3715 2950 3716 2687 3717 2685 3718 2954 3719 2950 3720 2685 3721 2955 3722 2954 3722 2685 3722 2956 3723 2952 3723 2692 3723 2952 3724 2690 3725 2692 3726 2955 3727 2685 3727 2684 3727 2957 3728 2956 3728 2696 3728 2955 3729 2684 3729 2686 3729 2956 3723 2692 3723 2696 3723 2958 3730 2955 3730 2686 3730 2958 3731 2686 3731 2688 3731 2957 3732 2696 3732 2698 3732 2959 3733 2958 3733 2688 3733 2953 3734 2959 3734 2688 3734 2953 3734 2688 3734 2690 3734 2960 3735 2957 3735 2707 3735 2957 3736 2698 3736 2707 3736 2961 3737 2960 3737 2708 3737 2960 3738 2707 3738 2708 3738 2962 3739 2961 3739 2709 3739 2961 3740 2708 3741 2709 3742 2963 3654 2962 3654 2710 3654 2962 3743 2709 3743 2710 3743 2964 3744 2963 3744 2711 3744 2963 3745 2710 3745 2711 3745 2965 3746 2964 3746 2705 3746 2964 3747 2711 3747 2705 3747 2966 3748 2965 3748 2704 3748 2967 3749 2966 3749 2704 3749 2965 3750 2705 3750 2704 3750 2968 3751 2967 3751 2703 3751 2967 3749 2704 3749 2703 3749 2968 3752 2703 3752 2702 3752 2968 3578 2702 3578 2701 3578 2969 3578 2968 3578 2701 3578 2969 3753 2701 3753 2700 3753 2970 3754 2969 3754 2700 3754 2970 3755 2700 3755 2699 3755 2971 3755 2970 3755 2699 3755 2971 3756 2699 3756 2697 3756 2972 3757 2971 3757 2697 3757 2973 3758 2972 3758 2697 3758 2973 3759 2697 3759 2694 3759 2973 3760 2694 3760 2691 3760 2974 3761 2973 3761 2691 3761 2974 3674 2691 3674 2689 3674 2951 3762 2974 3762 2689 3762 2975 3763 2976 3763 2644 3763 2975 3764 2644 3765 2641 3766 2977 3767 2978 3767 2646 3767 2975 3768 2641 3768 2635 3768 2979 3769 2975 3769 2635 3769 2980 3722 2979 3722 2635 3722 2981 3770 2977 3770 2655 3770 2977 3767 2646 3767 2655 3767 2980 3727 2635 3727 2632 3727 2982 3771 2981 3771 2656 3771 2980 3772 2632 3772 2637 3772 2981 3773 2655 3773 2656 3773 2983 3774 2980 3774 2637 3774 2983 3775 2637 3775 2642 3775 2982 3776 2656 3776 2665 3776 2984 3775 2983 3775 2642 3775 2978 3777 2984 3778 2642 3779 2978 3780 2642 3781 2646 3782 2985 3735 2982 3735 2666 3735 2982 3736 2665 3736 2666 3736 2986 3783 2985 3783 2667 3783 2985 3784 2666 3784 2667 3784 2987 3785 2986 3785 2668 3785 2986 3786 2667 3786 2668 3786 2988 3699 2987 3699 2669 3699 2987 3787 2668 3787 2669 3787 2989 3788 2988 3788 2670 3788 2988 3789 2669 3789 2670 3789 2990 3790 2989 3790 2671 3790 2989 3791 2670 3791 2671 3791 2991 3748 2990 3748 2672 3748 2992 3749 2991 3749 2672 3749 2990 3750 2671 3750 2672 3750 2993 3751 2992 3751 2673 3751 2992 3749 2672 3749 2673 3749 2993 3752 2673 3752 2674 3752 2993 3578 2674 3578 2676 3578 2994 3578 2993 3578 2676 3578 2994 3753 2676 3753 2678 3753 2995 3754 2994 3754 2678 3754 2995 3755 2678 3755 2683 3755 2996 3755 2995 3755 2683 3755 2996 3756 2683 3756 2654 3756 2997 3757 2996 3757 2654 3757 2998 3792 2997 3792 2654 3792 2998 3793 2654 3793 2650 3793 2998 3794 2650 3794 2647 3794 2999 3795 2998 3795 2647 3795 2999 3709 2647 3709 2644 3709 2976 3796 2999 3796 2644 3796 3000 221 3001 221 2734 221 2755 3797 3002 3797 2752 3797 2761 221 2763 221 2898 221 3002 221 3003 221 2751 221 2734 3798 3001 3798 2733 3798 3001 3799 3004 3799 2733 3799 2760 221 2761 221 3005 221 2761 3800 2898 3800 3005 3800 2752 221 3002 221 2751 221 2751 221 3003 221 2748 221 2760 3801 3005 3801 3006 3801 3003 221 3007 221 2748 221 2760 3802 3006 3802 2758 3802 3007 221 3008 221 2747 221 2758 3803 3006 3803 3009 3803 2733 221 3004 221 2731 221 3004 221 3010 221 2731 221 2758 221 3009 221 2756 221 2748 221 3007 221 2747 221 3008 3804 3011 3804 2745 3804 3009 221 3012 221 2754 221 2756 221 3009 221 2754 221 2747 221 3008 221 2745 221 3012 221 3013 221 2753 221 2754 221 3012 221 2753 221 2745 221 3011 221 2742 221 3011 221 3014 221 2742 221 2731 221 3010 221 2728 221 3013 221 3015 221 2750 221 3016 221 2861 221 2732 221 2753 221 3013 221 2750 221 2861 3805 2730 3805 2732 3805 3014 221 3017 221 2741 221 2742 221 3014 221 2741 221 3018 221 3016 221 2735 221 3016 221 2732 221 2735 221 3015 221 3019 221 2749 221 2741 221 3017 221 2738 221 2750 221 3015 221 2749 221 3018 3806 2735 3806 2736 3806 2738 221 3017 221 2736 221 3017 221 3018 221 2736 221 2749 221 3019 221 2746 221 3019 221 3020 221 2746 221 2746 221 3020 221 2744 221 3020 221 3021 221 2744 221 2728 221 3010 221 2729 221 3010 221 3022 221 2729 221 2744 3807 3021 3807 2743 3807 2729 221 3022 221 2764 221 3022 3808 3023 3808 2764 3808 2743 3809 3021 3809 2740 3809 3023 3810 3024 3810 2762 3810 3021 221 3025 221 2740 221 2764 221 3023 221 2762 221 3024 3811 3026 3811 2759 3811 2740 3812 3025 3812 2739 3812 3025 221 3027 221 2739 221 2762 221 3024 221 2759 221 3026 221 3028 221 2757 221 2739 3813 3027 3813 2737 3813 3027 221 3000 221 2737 221 2759 221 3026 221 2757 221 3028 3814 3002 3814 2755 3814 2757 221 3028 221 2755 221 2737 3815 3000 3815 2734 3815 2770 3816 3029 3816 3030 3816 2770 3817 3030 3817 3031 3817 2775 3818 2770 3818 3032 3818 2770 3819 3031 3819 3032 3819 2775 3820 3032 3820 3033 3820 2775 3821 3033 3821 3034 3821 2775 3822 3034 3822 3035 3822 3036 3823 3029 3823 2770 3823 3037 3824 2770 3824 2769 3824 3037 3825 3036 3825 2770 3825 3038 3826 3037 3826 2769 3826 2775 3827 3035 3827 3039 3827 2779 3828 2775 3828 3040 3828 2775 3829 3039 3829 3040 3829 2779 3830 3040 3830 3041 3830 2765 3831 2779 3831 3042 3831 2779 3832 3041 3832 3042 3832 2768 3833 2765 3833 3043 3833 2765 3834 3042 3834 3043 3834 2772 3835 2768 3835 3044 3835 2768 3836 3043 3836 3044 3836 2771 3837 2772 3837 3045 3837 2772 3838 3044 3838 3045 3838 2766 3839 2771 3839 3046 3839 2771 3840 3045 3840 3046 3840 2766 3841 3046 3841 3047 3841 2767 3842 2766 3842 3048 3842 2766 3843 3047 3843 3048 3843 2767 3844 3048 3844 3049 3844 2778 3845 2767 3845 3050 3845 2767 3846 3049 3846 3050 3846 2777 3847 2778 3847 3051 3847 2778 3848 3050 3848 3051 3848 2776 3849 2777 3849 3052 3849 2777 3850 3051 3850 3052 3850 2773 3851 2776 3851 3053 3851 2776 3852 3052 3852 3053 3852 2774 3853 2773 3853 3054 3853 2773 3854 3053 3854 3054 3854 2769 3855 2774 3855 3055 3855 2774 3856 3054 3856 3055 3856 2769 3857 3055 3857 3038 3857 2789 3858 2791 3858 3056 3858 2791 3859 3057 3859 3056 3859 2787 3860 2789 3860 3058 3860 2789 3861 3056 3861 3058 3861 2785 3862 2787 3862 3059 3862 2787 3863 3058 3863 3059 3863 2786 3864 2785 3864 3060 3864 2785 3865 3059 3865 3060 3865 2788 3866 2786 3866 3061 3866 2786 3867 3060 3867 3061 3867 2790 3868 2788 3868 3062 3868 2788 3869 3061 3869 3062 3869 2790 3870 3062 3870 3063 3870 2790 3871 3063 3871 2792 3871 2792 3872 3063 3872 3064 3872 2793 3873 2792 3873 3065 3873 2792 3874 3064 3874 3065 3874 2794 3875 2793 3875 3066 3875 2793 3876 3065 3876 3066 3876 2794 3877 3066 3877 3067 3877 2781 3878 2794 3878 3068 3878 2794 3879 3067 3879 3068 3879 2780 3880 2781 3880 3069 3880 2781 3881 3068 3881 3069 3881 2780 3882 3069 3882 3070 3882 2782 3883 2780 3883 3071 3883 2780 3884 3070 3884 3071 3884 2782 3885 3071 3885 3072 3885 3073 3886 2791 3886 2784 3886 3073 3887 3057 3887 2791 3887 3074 3888 3073 3888 2784 3888 3075 3889 3074 3889 2784 3889 2783 3890 2782 3890 3076 3890 2782 3891 3072 3891 3076 3891 2783 3892 3076 3892 3077 3892 2783 3893 3077 3893 3078 3893 2783 3894 3078 3894 3079 3894 2783 3895 3079 3895 3080 3895 2784 3896 2783 3896 3081 3896 2783 3897 3080 3897 3081 3897 2784 3898 3081 3898 3082 3898 2784 3899 3082 3899 3083 3899 2784 3900 3083 3900 3075 3900 3084 3901 2828 3902 3085 3903 3086 3904 3084 3904 3085 3904 2828 3905 2844 3905 3085 3905 2796 3906 2799 3906 3087 3906 2795 3907 2796 3907 3087 3907 2799 3908 3088 3908 3087 3908 2810 3909 2811 3909 2831 3909 3088 3910 3089 3910 3090 3910 3089 3911 3091 3911 3090 3911 3092 3912 3086 3912 3093 3912 2843 3913 2842 3913 3093 3913 2844 3914 2843 3914 3093 3914 3086 3915 3085 3915 3093 3915 3085 3916 2844 3916 3093 3916 3091 3917 3092 3917 3093 3917 2795 3918 3087 3918 3094 3918 3039 3919 3035 3919 3094 3919 2822 3920 2795 3920 3094 3920 2820 3921 2822 3921 3094 3921 3088 3922 3090 3922 3095 3922 3087 3923 3088 3923 3095 3923 3090 3924 3091 3924 3096 3924 3093 3925 2842 3925 3096 3925 3091 3926 3093 3926 3096 3926 3035 3927 3034 3927 3097 3927 2818 3928 2820 3928 3097 3928 3094 3929 3035 3929 3097 3929 2820 3930 3094 3930 3097 3930 3094 3931 3087 3931 3098 3931 3040 3932 3039 3932 3098 3932 3041 3933 3040 3933 3098 3933 3039 3934 3094 3934 3098 3934 3087 3935 3095 3935 3098 3935 3046 3936 3045 3936 2848 3936 2826 3937 2825 3938 3099 3939 2841 3940 2840 3940 3100 3940 2825 3941 2827 3942 3099 3943 2842 3944 2841 3944 3100 3944 3096 3945 2842 3945 3100 3945 3101 3946 2817 3946 3102 3946 3097 3947 3034 3947 3102 3947 3033 3948 3032 3948 3102 3948 3099 3949 2827 3950 2828 3951 3034 3952 3033 3952 3102 3952 3103 3953 3101 3953 3102 3953 3032 3954 3103 3954 3102 3954 2817 3955 2818 3955 3102 3955 2818 3956 3097 3956 3102 3956 3042 3957 3041 3957 3104 3957 3099 3958 2828 3958 3105 3958 3043 3959 3042 3959 3104 3959 3105 3960 2828 3960 3084 3960 3047 3961 3046 3961 2849 3961 3100 3962 2840 3962 3106 3962 3046 3963 2848 3963 2849 3963 2845 3964 2846 3964 3106 3964 2840 3965 2845 3965 3106 3965 3048 3966 3047 3966 3107 3966 3049 3967 3048 3967 3107 3967 3047 3968 2849 3968 3107 3968 2847 3969 2848 3969 3108 3969 2846 3970 2847 3970 3108 3970 3044 3971 3043 3971 3108 3971 3107 3972 2849 3972 3109 3972 3045 3973 3044 3973 3108 3973 3106 3974 2846 3974 3108 3974 2848 3975 3045 3975 3108 3975 3109 3976 2849 3976 2850 3976 3096 3977 3110 3977 3111 3977 2831 3978 2829 3978 3112 3978 3090 3979 3096 3979 3111 3979 2808 3980 2810 3980 3112 3980 3095 3981 3090 3981 3111 3981 3110 3982 3104 3982 3113 3982 3111 3983 3110 3983 3113 3983 3098 3984 3095 3984 3113 3984 2810 3985 2831 3985 3112 3985 3041 3986 3098 3986 3113 3986 3095 3987 3111 3987 3113 3987 3104 3988 3041 3988 3113 3988 3110 3989 3096 3989 3114 3989 3096 3990 3100 3990 3114 3990 3100 3991 3106 3991 3114 3991 3043 3992 3104 3992 3115 3992 3104 3993 3110 3993 3115 3993 2806 3994 2808 3994 3116 3994 3106 3995 3108 3995 3115 3995 2804 3996 2806 3996 3116 3996 3108 3997 3043 3997 3115 3997 3110 3998 3114 3998 3115 3998 3114 3999 3106 3999 3115 3999 2808 4000 3112 4000 3116 4000 2803 4001 2804 4001 3089 4001 2804 4002 3116 4002 3089 4002 2829 4003 2830 4003 3092 4003 3117 4004 3086 4004 3092 4004 2830 4005 3117 4005 3092 4005 2815 4006 2817 4006 3101 4006 3116 4007 3112 4007 3092 4007 3112 4008 2829 4008 3092 4008 2801 4009 2803 4009 3088 4009 2799 4010 2801 4010 3088 4010 2803 4011 3089 4011 3088 4011 3116 4012 3092 4012 3091 4012 3089 4013 3116 4013 3091 4013 3118 4014 3119 4014 3120 4014 3119 4015 3121 4015 3120 4015 2813 4016 2815 4016 3101 4016 3055 4017 3054 4017 3122 4017 3038 4018 3055 4018 3122 4018 2816 4019 2821 4019 3123 4019 2814 4020 2816 4020 3123 4020 2821 4021 3124 4021 3123 4021 3118 4022 3120 4022 3125 4022 3124 4023 3118 4023 3125 4023 3053 4024 3052 4024 3126 4024 3054 4025 3053 4025 3126 4025 2858 4026 2857 4026 3126 4026 2859 4027 2858 4027 3126 4027 3052 4028 2859 4028 3126 4028 2807 4029 2809 4029 3029 4029 2839 4030 2819 4030 3127 4030 2838 4031 2839 4031 3127 4031 2819 4032 2814 4032 3127 4032 2814 4033 3123 4033 3127 4033 3123 4034 3124 4034 3128 4034 3124 4035 3125 4035 3128 4035 3128 4036 3125 4036 3129 4036 3130 4037 3131 4037 3132 4037 2832 4038 3133 4039 2833 4040 3131 4041 2837 4041 3132 4041 2837 4042 2838 4042 3132 4042 2838 4043 3127 4043 3132 4043 3127 4044 3123 4044 3132 4044 3123 4045 3128 4045 3132 4045 2856 4046 2855 4046 3134 4046 2857 4047 2856 4047 3134 4047 3126 4048 2857 4048 3134 4048 2833 4049 3133 4050 2835 4051 3133 4052 3135 4052 2836 4052 2852 4053 2851 4053 3136 4053 3135 4054 3137 4054 2836 4054 2853 4055 2852 4055 3136 4055 3130 4056 3132 4056 3136 4056 3128 4057 3129 4057 3136 4057 2835 4058 3133 4059 2836 4060 3129 4061 2853 4061 3136 4061 3132 4062 3128 4062 3136 4062 2854 4063 2853 4063 3138 4063 2855 4064 2854 4064 3138 4064 2853 4065 3129 4065 3138 4065 3134 4066 2855 4066 3138 4066 2851 4067 2836 4067 3139 4067 3137 4068 3130 4069 3139 4069 3130 4070 3136 4070 3139 4070 3136 4071 2851 4071 3139 4071 2836 4072 3137 4072 3139 4072 3038 4073 3122 4073 3140 4073 3122 4074 3141 4074 3140 4074 3121 4075 3038 4075 3140 4075 3101 4076 3103 4076 3142 4076 3103 4077 3032 4077 3142 4077 3120 4078 3121 4078 3140 4078 3031 4079 3030 4079 3142 4079 3125 4080 3120 4080 3143 4080 3032 4081 3031 4081 3142 4081 3141 4082 3129 4082 3143 4082 2812 4083 2813 4083 3142 4083 3129 4084 3125 4084 3143 4084 2813 4085 3101 4085 3142 4085 3140 4086 3141 4086 3143 4086 3120 4087 3140 4087 3143 4087 3030 4088 3029 4088 3144 4088 3126 4089 3134 4089 3145 4089 2812 4090 3142 4090 3144 4090 3141 4091 3122 4091 3145 4091 2809 4092 2812 4092 3144 4092 3049 4093 3107 4093 3050 4093 3029 4094 2809 4094 3144 4094 3122 4095 3054 4095 3145 4095 3142 4096 3030 4096 3144 4096 3054 4097 3126 4097 3145 4097 3029 4098 3036 4098 3146 4098 3129 4099 3141 4099 3147 4099 3138 4100 3129 4100 3147 4100 3145 4101 3134 4101 3147 4101 3134 4102 3138 4102 3147 4102 3141 4103 3145 4103 3147 4103 2805 4104 2807 4104 3146 4104 2807 4105 3029 4105 3146 4105 2805 4106 3146 4106 3119 4106 2802 4107 2805 4107 3119 4107 2800 4108 2802 4108 3119 4108 2798 4109 2800 4109 3118 4109 3051 4110 3050 4110 2860 4110 2797 4111 2798 4111 3118 4111 3050 4112 3107 4112 2860 4112 3107 4113 3109 4113 2860 4113 2800 4114 3119 4114 3118 4114 3036 4115 3037 4115 3121 4115 3109 4116 2850 4116 2860 4116 3037 4117 3038 4117 3121 4117 3146 4118 3036 4118 3121 4118 3119 4119 3146 4119 3121 4119 2823 4120 2819 4120 2839 4120 3052 4121 3051 4121 2859 4121 2821 4122 2797 4122 3124 4122 3051 4123 2860 4123 2859 4123 2797 4124 3118 4124 3124 4124 3084 4125 3086 4125 2824 4125 3086 4126 3117 4126 2824 4126 2824 4127 3117 4127 2830 4127 2824 4128 3105 4128 3084 4128 2824 4129 3099 4129 3105 4129 2824 4130 2826 4130 3099 4130 2834 4131 3130 4131 3137 4131 2834 4132 3131 4132 3130 4132 2837 4133 3131 4133 2834 4133 3133 221 2832 221 2834 221 3135 221 3133 221 2834 221 3137 221 3135 221 2834 221 3148 4134 2874 4134 3149 4134 3150 4135 3151 4135 3149 4135 3151 4136 3152 4136 3149 4136 2874 4137 2869 4137 3149 4138 3153 4139 3154 4139 3155 4139 3154 4140 3156 4140 3155 4140 3156 4141 3157 4141 3155 4141 3153 4142 3155 4142 3158 4142 3155 4143 3157 4143 3158 4143 3157 4144 3159 4144 3158 4144 3160 4145 3153 4145 3158 4145 3156 4146 2883 4146 3161 4146 2883 4147 2884 4147 3161 4147 3005 4148 2898 4148 2899 4148 3157 4149 3156 4149 3161 4149 2884 4150 3162 4150 3161 4150 3158 4151 3159 4151 3163 4151 3160 4152 3158 4152 3163 4152 3159 4153 3164 4153 3163 4153 3057 4154 3165 4154 3163 4154 3164 4155 3056 4155 3163 4155 3165 4156 3160 4156 3163 4156 3056 4157 3057 4157 3163 4157 3162 4158 3166 4158 3167 4158 3157 4159 3161 4159 3167 4159 3161 4160 3162 4160 3167 4160 3159 4161 3157 4161 3167 4161 3166 4162 3168 4162 3169 4162 3168 4163 3059 4163 3169 4163 3159 4164 3167 4164 3169 4164 3164 4165 3159 4165 3169 4165 3058 4166 3164 4166 3169 4166 3167 4167 3166 4167 3169 4167 3059 4168 3058 4168 3169 4168 3071 4169 3170 4169 3171 4169 3172 4170 3072 4170 3171 4170 3173 4171 3172 4171 3171 4171 3170 4172 3174 4172 3171 4172 3072 4173 3071 4173 3171 4173 3175 4174 3173 4174 3176 4174 3173 4175 3171 4175 3176 4175 3171 4176 3174 4176 3176 4176 3174 4177 3177 4177 3176 4177 3170 4178 3069 4178 3178 4178 3174 4179 3170 4179 3178 4179 3179 4180 3180 4180 3181 4180 3067 4181 3179 4181 3181 4181 3180 4182 3178 4182 3181 4182 3068 4183 3067 4183 3181 4183 3069 4184 3068 4184 3181 4184 3178 4185 3069 4185 3181 4185 3182 4186 3175 4186 3183 4186 3148 4187 3182 4187 3183 4187 3176 4188 3177 4188 3183 4188 3175 4189 3176 4189 3183 4189 3177 4190 3148 4190 3183 4190 3174 4191 3178 4191 3184 4191 3178 4192 3180 4192 3184 4192 3180 4193 3185 4193 3184 4193 3177 4194 3174 4194 3184 4194 3184 4195 3185 4195 3186 4195 2873 4196 3148 4196 3186 4196 3185 4197 2872 4197 3186 4197 2872 4198 2873 4198 3186 4198 3148 4199 3177 4199 3186 4199 3177 4200 3184 4200 3186 4200 2894 4201 2893 4202 3187 4203 2893 4204 2895 4205 3187 4206 3187 4207 2895 4208 2882 4209 3187 4210 2882 4210 3188 4210 3188 4211 2882 4211 3189 4211 3000 4212 3027 4212 3075 4212 3001 4213 3000 4213 3075 4213 3001 4214 3075 4214 3083 4214 3024 4215 3023 4215 3078 4215 3026 4216 3024 4216 3078 4216 3023 4217 3079 4217 3078 4217 3061 4218 2890 4218 2891 4218 3062 4219 3061 4219 2891 4219 3062 4220 2891 4220 2880 4220 3063 4221 3062 4221 2880 4221 3063 4222 2880 4222 2879 4222 3064 4223 3063 4223 2879 4223 2861 4224 3016 4224 2862 4224 3064 4225 2879 4225 2878 4225 3065 4226 3064 4226 2878 4226 2867 4227 3190 4228 2866 4229 2866 4230 3190 4231 2868 4232 2868 4233 3190 4234 2869 4235 3190 4236 3191 4236 2869 4236 3191 4237 3150 4237 2869 4237 2899 4238 2896 4238 3192 4238 3006 4239 3005 4239 3192 4239 3005 4240 2899 4240 3192 4240 3009 4241 3006 4241 3193 4241 3012 4242 3009 4242 3193 4242 3006 4243 3192 4243 3193 4243 3013 4244 3012 4244 3194 4244 3015 4245 3013 4245 3194 4245 3012 4246 3193 4246 3194 4246 2896 4247 2897 4247 3195 4247 3192 4248 2896 4248 3195 4248 3196 4249 3197 4249 3195 4249 2897 4250 3196 4250 3195 4250 3193 4251 3192 4251 3195 4251 3019 4252 3015 4252 3198 4252 3020 4253 3019 4253 3198 4253 3015 4254 3194 4254 3198 4254 3193 4255 3195 4255 3154 4255 3194 4256 3193 4256 3154 4256 3197 4257 3189 4257 3199 4257 3189 4258 2882 4258 3199 4258 2882 4259 2881 4259 3199 4259 3195 4260 3197 4260 3199 4260 3021 4261 3020 4261 3200 4261 3020 4262 3198 4262 3200 4262 3194 4263 3154 4263 3153 4263 3198 4264 3194 4264 3153 4264 3154 4265 3195 4265 3156 4265 3199 4266 2881 4266 3156 4266 2881 4267 2883 4267 3156 4267 3195 4268 3199 4268 3156 4268 3025 4269 3021 4269 3201 4269 3027 4270 3025 4270 3201 4270 3075 4271 3027 4271 3201 4271 3021 4272 3200 4272 3201 4272 3074 4273 3075 4273 3201 4273 3200 4274 3198 4274 3160 4274 3198 4275 3153 4275 3160 4275 3200 4276 3160 4276 3165 4276 3074 4277 3201 4277 3165 4277 3201 4278 3200 4278 3165 4278 3057 4279 3073 4279 3165 4279 3073 4280 3074 4280 3165 4280 2884 4281 2885 4281 3162 4281 2885 4282 2886 4282 3162 4282 3004 4283 3001 4283 3202 4283 3010 4284 3004 4284 3202 4284 3001 4285 3083 4285 3202 4285 3081 4286 3010 4286 3202 4286 3082 4287 3081 4288 3202 4289 3083 4290 3082 4290 3202 4290 3022 4291 3010 4291 3203 4291 3023 4292 3022 4292 3203 4292 3079 4293 3023 4293 3203 4293 3010 4294 3081 4294 3203 4294 3080 4295 3079 4295 3203 4295 3081 4296 3080 4296 3203 4296 3058 4297 3056 4297 3164 4297 3162 4298 2886 4298 3166 4298 2886 4299 2887 4299 3166 4299 2887 4300 2888 4300 3166 4300 2890 4301 3061 4301 3168 4301 3166 4302 2888 4302 3168 4302 2888 4303 2889 4303 3168 4303 2889 4304 2890 4304 3168 4304 3060 4305 3059 4305 3168 4305 3061 4306 3060 4306 3168 4306 3078 4307 3077 4307 3204 4307 3026 4308 3078 4308 3204 4308 3028 4309 3026 4309 3204 4309 3002 4310 3028 4310 3204 4310 3003 4311 3002 4311 3205 4311 3007 4312 3003 4312 3205 4312 3002 4313 3204 4313 3205 4313 3076 4314 3072 4314 3172 4314 3077 4315 3076 4315 3172 4315 3204 4316 3077 4316 3172 4316 3205 4317 3204 4317 3172 4317 3007 4318 3205 4318 3206 4318 3008 4319 3007 4319 3206 4319 3206 4320 3205 4320 3173 4320 3205 4321 3172 4321 3173 4321 3011 4322 3008 4322 3207 4322 3014 4323 3011 4323 3207 4323 3008 4324 3206 4324 3207 4324 3070 4325 3069 4325 3170 4325 3071 4326 3070 4326 3170 4326 3206 4327 3173 4327 3175 4327 3207 4328 3206 4328 3175 4328 3017 4329 3014 4329 3208 4329 3018 4330 3017 4330 3208 4330 3014 4331 3207 4331 3208 4331 2878 4332 2877 4332 3179 4332 2877 4333 2876 4333 3179 4333 3065 4334 2878 4334 3179 4334 3066 4335 3065 4335 3179 4335 3067 4336 3066 4336 3179 4336 3207 4337 3175 4337 3182 4337 3208 4338 3207 4338 3182 4338 3016 4339 3018 4339 3209 4339 3018 4340 3208 4340 3209 4340 2863 4341 2862 4341 3209 4341 2862 4342 3016 4342 3209 4342 3179 4343 2876 4343 3180 4343 2876 4344 2875 4344 3180 4344 2875 4345 2871 4345 3180 4345 3208 4346 3182 4346 3152 4346 2865 4347 2863 4347 3152 4347 3151 4348 3210 4348 3152 4348 3210 4349 2865 4349 3152 4349 2863 4350 3209 4350 3152 4350 3209 4351 3208 4351 3152 4351 3152 4352 3182 4352 3148 4352 2873 4353 2874 4353 3148 4353 3180 4354 2871 4354 3185 4354 2871 4355 2870 4355 3185 4355 2870 4356 2872 4356 3185 4356 2869 4357 3150 4357 3149 4357 3152 4358 3148 4358 3149 4358 2864 4359 3190 4359 2867 4359 2864 4360 3191 4360 3190 4360 2864 4361 3150 4361 3191 4361 2864 4362 3151 4362 3150 4362 2864 4363 3210 4363 3151 4363 2865 4364 3210 4364 2864 4364 3189 4365 3197 4365 2892 4365 3197 4366 3196 4366 2892 4366 2892 4367 3196 4367 2897 4367 3188 221 3189 221 2892 221 3187 221 3188 221 2892 221 2894 221 3187 221 2892 221 2904 221 2905 221 2900 221 2905 221 2908 221 2909 221 2900 4368 2905 4368 2909 4368 2901 221 2900 221 2924 221 2900 221 2909 221 2924 221 2909 221 2903 221 2902 221 2924 4369 2909 4369 2902 4369 2924 221 2902 221 2923 221 2922 221 2923 221 2921 221 2923 221 2902 221 2921 221 2902 221 2906 221 2910 221 2906 4370 2907 4370 2910 4370 2920 221 2921 221 2911 221 2902 4371 2910 4371 2911 4371 2921 4372 2902 4372 2911 4372 2920 4373 2911 4373 2919 4373 2919 221 2911 221 2918 221 2911 4374 2912 4374 2913 4374 2918 221 2911 221 2917 221 2911 221 2913 221 2916 221 2917 4375 2911 4375 2916 4375 2913 4376 2914 4376 2915 4376 2916 221 2913 221 2915 221 2929 4377 2930 4377 2925 4377 2930 221 2933 221 2934 221 2925 221 2930 221 2934 221 2926 4378 2925 4378 2949 4378 2925 221 2934 221 2949 221 2934 221 2928 221 2927 221 2949 4379 2934 4379 2927 4379 2949 4380 2927 4380 2948 4380 2947 221 2948 221 2946 221 2948 221 2927 221 2946 221 2927 4381 2931 4381 2935 4381 2931 4382 2932 4382 2935 4382 2945 221 2946 221 2936 221 2927 4383 2935 4383 2936 4383 2946 221 2927 221 2936 221 2945 4373 2936 4373 2944 4373 2944 221 2936 221 2943 221 2936 221 2937 221 2938 221 2943 4384 2936 4384 2942 4384 2936 221 2938 221 2941 221 2942 4385 2936 4385 2941 4385 2938 221 2939 221 2940 221 2941 221 2938 221 2940 221 2954 221 2955 221 2950 221 2955 221 2958 221 2959 221 2950 4386 2955 4386 2959 4386 2951 221 2950 221 2974 221 2950 221 2959 221 2974 221 2959 221 2953 221 2952 221 2974 4387 2959 4387 2952 4387 2974 221 2952 221 2973 221 2972 221 2973 221 2971 221 2973 221 2952 221 2971 221 2952 221 2956 221 2960 221 2956 4388 2957 4388 2960 4388 2970 221 2971 221 2961 221 2952 4389 2960 4389 2961 4389 2971 4390 2952 4390 2961 4390 2970 4391 2961 4391 2969 4391 2969 221 2961 221 2968 221 2961 4392 2962 4392 2963 4392 2968 221 2961 221 2967 221 2961 221 2963 221 2966 221 2967 4393 2961 4393 2966 4393 2963 4394 2964 4394 2965 4394 2966 221 2963 221 2965 221 2979 4395 2980 4395 2975 4395 2980 221 2983 221 2984 221 2975 221 2980 221 2984 221 2976 4396 2975 4396 2999 4396 2975 221 2984 221 2999 221 2984 221 2978 221 2977 221 2999 4397 2984 4397 2977 4397 2999 4398 2977 4398 2998 4398 2997 221 2998 221 2996 221 2998 221 2977 221 2996 221 2977 4399 2981 4399 2985 4399 2981 4400 2982 4400 2985 4400 2995 221 2996 221 2986 221 2977 4401 2985 4401 2986 4401 2996 221 2977 221 2986 221 2995 4402 2986 4402 2994 4402 2994 221 2986 221 2993 221 2986 221 2987 221 2988 221 2993 4403 2986 4403 2992 4403 2986 221 2988 221 2991 221 2992 4404 2986 4404 2991 4404 2988 221 2989 221 2990 221 2991 221 2988 221 2990 221 3211 0 3212 0 3213 0 3214 1 3211 1 3213 1 3212 0 3215 0 3213 0 3216 2 3217 2 3218 2 3214 3 3213 3 3219 3 3220 4 3214 4 3221 4 3222 5 3216 5 3223 5 3224 6 3220 6 3221 6 3216 7 3218 7 3223 7 3214 8 3219 8 3221 8 3225 9 3224 9 3226 9 3222 10 3223 10 3227 10 3224 6 3221 6 3226 6 3228 11 3222 11 3229 11 3225 9 3226 9 3230 9 3222 12 3227 12 3229 12 3231 13 3225 13 3232 13 3228 14 3229 14 3233 14 3234 15 3231 15 3232 15 3235 16 3228 16 3233 16 3225 13 3230 13 3232 13 3234 15 3232 15 3236 15 3235 17 3233 17 3237 17 3238 18 3235 18 3237 18 3239 19 3234 19 3240 19 3241 20 3239 20 3240 20 3238 21 3237 21 3242 21 3234 19 3236 19 3240 19 3243 22 3238 22 3242 22 3244 23 3243 23 3242 23 3241 24 3240 24 3245 24 3244 23 3242 23 3246 23 3247 25 3241 25 3248 25 3249 26 3247 26 3248 26 3244 27 3246 27 3250 27 3241 28 3245 28 3248 28 3251 27 3244 27 3250 27 3249 29 3248 29 3252 29 3251 30 3250 30 3253 30 3254 31 3251 31 3253 31 3249 32 3252 32 3255 32 3256 32 3249 32 3255 32 3257 33 3256 33 3255 33 3254 34 3253 34 3258 34 3259 35 3254 35 3258 35 3257 33 3255 33 3260 33 3261 36 3257 36 3260 36 3259 37 3258 37 3262 37 3263 38 3259 38 3262 38 3261 39 3260 39 3264 39 3263 40 3262 40 3265 40 3266 41 3263 41 3265 41 3261 42 3264 42 3267 42 3268 43 3261 43 3267 43 3269 44 3268 44 3267 44 3266 45 3265 45 3270 45 3269 46 3267 46 3271 46 3272 45 3266 45 3270 45 3273 47 3272 47 3270 47 3269 48 3271 48 3274 48 3273 49 3270 49 3275 49 3276 48 3269 48 3274 48 3277 50 3276 50 3274 50 3277 50 3274 50 3278 50 3273 51 3275 51 3279 51 3280 52 3273 52 3279 52 3281 53 3280 53 3279 53 3277 54 3278 54 3282 54 3283 54 3277 54 3282 54 3284 55 3283 55 3282 55 3281 53 3279 53 3285 53 3284 55 3282 55 3286 55 3281 56 3285 56 3287 56 3288 56 3281 56 3287 56 3284 57 3286 57 3289 57 3290 57 3284 57 3289 57 3291 58 3290 58 3289 58 3288 59 3287 59 3292 59 3293 60 3288 60 3292 60 3291 61 3289 61 3294 61 3295 62 3291 62 3294 62 3296 63 3293 63 3297 63 3293 64 3292 64 3297 64 3295 65 3294 65 3298 65 3299 66 3296 66 3300 66 3295 67 3298 67 3301 67 3302 68 3299 68 3300 68 3296 69 3297 69 3300 69 3303 67 3295 67 3301 67 3304 70 3303 70 3301 70 3304 70 3301 70 3305 70 3302 68 3300 68 3306 68 3307 71 3302 71 3308 71 3304 72 3305 72 3309 72 3310 72 3304 72 3309 72 3311 73 3310 73 3309 73 3302 71 3306 71 3308 71 3311 73 3309 73 3312 73 3313 74 3307 74 3314 74 3307 74 3308 74 3314 74 3315 75 3311 75 3316 75 3317 76 3315 76 3316 76 3318 77 3313 77 3319 77 3311 78 3312 78 3316 78 3313 77 3314 77 3319 77 3317 79 3316 79 3320 79 3321 80 3318 80 3322 80 3323 81 3321 81 3322 81 3318 82 3319 82 3322 82 3324 83 3317 83 3325 83 3326 84 3324 84 3325 84 3317 85 3320 85 3325 85 3323 86 3322 86 3327 86 3326 84 3325 84 3328 84 3329 87 3326 87 3328 87 3330 88 3323 88 3331 88 3332 89 3329 89 3333 89 3323 88 3327 88 3331 88 3329 87 3328 87 3333 87 3334 90 3330 90 3335 90 3330 90 3331 90 3335 90 3332 91 3333 91 3336 91 3337 92 3332 92 3338 92 3339 93 3337 93 3338 93 3340 94 3334 94 3341 94 3332 95 3336 95 3338 95 3334 94 3335 94 3341 94 3342 96 3339 96 3343 96 3339 93 3338 93 3343 93 3344 97 3340 97 3345 97 3346 98 3344 98 3345 98 3340 97 3341 97 3345 97 3347 99 3342 99 3348 99 3342 100 3343 100 3348 100 3346 98 3345 98 3349 98 3347 101 3348 101 3350 101 3351 102 3347 102 3350 102 3346 103 3349 103 3352 103 3353 104 3346 104 3352 104 3351 105 3350 105 3354 105 3353 106 3352 106 3355 106 3351 107 3354 107 3356 107 3357 108 3353 108 3355 108 3358 109 3351 109 3356 109 3359 110 3358 110 3356 110 3359 110 3356 110 3360 110 3357 111 3355 111 3361 111 3362 112 3357 112 3361 112 3363 113 3359 113 3360 113 3363 113 3360 113 3364 113 3365 114 3363 114 3364 114 3362 115 3361 115 3366 115 3367 115 3362 115 3366 115 3365 116 3364 116 3368 116 3367 117 3366 117 3369 117 3370 117 3367 117 3369 117 3365 118 3368 118 3371 118 3372 119 3365 119 3371 119 3373 120 3372 120 3371 120 3370 121 3369 121 3374 121 3375 122 3370 122 3374 122 3373 123 3371 123 3376 123 3377 124 3373 124 3376 124 3375 125 3374 125 3378 125 3379 126 3375 126 3378 126 3377 127 3376 127 3380 127 3381 128 3379 128 3378 128 3377 129 3380 129 3382 129 3383 130 3377 130 3382 130 3381 131 3378 131 3384 131 3383 132 3382 132 3218 132 3217 133 3383 133 3218 133 3381 134 3384 134 3385 134 3386 134 3381 134 3385 134 3386 135 3385 135 3387 135 3388 135 3386 135 3387 135 3388 136 3387 136 3389 136 3390 136 3388 136 3389 136 3390 137 3389 137 3391 137 3392 137 3390 137 3391 137 3392 138 3391 138 3393 138 3394 138 3392 138 3393 138 3394 139 3393 139 3395 139 3396 140 3394 140 3395 140 3396 141 3395 141 3397 141 3398 142 3396 142 3397 142 3398 143 3397 143 3399 143 3400 143 3398 143 3399 143 3400 144 3399 144 3401 144 3402 144 3400 144 3401 144 3403 145 3402 145 3401 145 3403 145 3401 145 3404 145 3403 146 3404 146 3405 146 3406 146 3403 146 3405 146 3406 147 3405 147 3407 147 3408 148 3406 148 3407 148 3409 149 3408 149 3410 149 3408 150 3407 150 3410 150 3411 151 3409 151 3412 151 3409 152 3410 152 3412 152 3413 153 3411 153 3414 153 3411 153 3412 153 3414 153 3413 154 3414 154 3415 154 3416 154 3413 154 3415 154 3416 155 3415 155 3417 155 3418 156 3416 156 3417 156 3418 157 3417 157 3419 157 3420 158 3418 158 3419 158 3421 159 3420 159 3419 159 3421 159 3419 159 3422 159 3421 160 3422 160 3423 160 3424 161 3421 161 3423 161 3425 162 3424 162 3426 162 3424 163 3423 163 3426 163 3427 164 3425 164 3428 164 3425 165 3426 165 3428 165 3429 166 3427 166 3430 166 3431 167 3429 167 3430 167 3427 168 3428 168 3430 168 3431 167 3430 167 3432 167 3433 169 3431 169 3434 169 3435 170 3433 170 3434 170 3431 169 3432 169 3434 169 3435 171 3434 171 3436 171 3437 172 3435 172 3438 172 3439 173 3437 173 3438 173 3435 174 3436 174 3438 174 3439 175 3438 175 3440 175 3441 176 3439 176 3442 176 3443 177 3441 177 3442 177 3439 178 3440 178 3442 178 3443 179 3442 179 3444 179 3445 180 3443 180 3446 180 3447 181 3445 181 3446 181 3443 182 3444 182 3446 182 3448 183 3447 183 3449 183 3447 184 3446 184 3449 184 3448 185 3449 185 3450 185 3451 186 3448 186 3452 186 3453 187 3451 187 3452 187 3448 188 3450 188 3452 188 3453 189 3452 189 3454 189 3455 190 3453 190 3456 190 3457 191 3455 191 3456 191 3453 192 3454 192 3456 192 3457 193 3456 193 3458 193 3459 194 3457 194 3460 194 3461 195 3459 195 3460 195 3457 194 3458 194 3460 194 3461 195 3460 195 3462 195 3463 196 3461 196 3464 196 3465 197 3463 197 3464 197 3461 198 3462 198 3464 198 3465 199 3464 199 3466 199 3467 200 3465 200 3466 200 3467 201 3466 201 3468 201 3467 202 3468 202 3469 202 3470 203 3467 203 3469 203 3471 204 3470 204 3469 204 3471 204 3469 204 3472 204 3471 205 3472 205 3473 205 3474 206 3471 206 3473 206 3475 207 3474 207 3473 207 3475 208 3473 208 3476 208 3475 209 3476 209 3477 209 3478 209 3475 209 3477 209 3479 210 3478 210 3477 210 3479 210 3477 210 3480 210 3481 211 3479 211 3482 211 3483 212 3481 212 3482 212 3479 213 3480 213 3482 213 3483 214 3482 214 3484 214 3485 215 3483 215 3486 215 3487 216 3485 216 3486 216 3483 217 3484 217 3486 217 3487 216 3486 216 3488 216 3489 218 3487 218 3490 218 3212 219 3489 219 3490 219 3487 218 3488 218 3490 218 3212 219 3490 219 3215 219 3491 220 3492 220 3493 220 3494 220 3495 220 3496 220 3494 220 3497 220 3495 220 3494 220 3498 220 3497 220 3499 220 3500 220 3501 220 3499 220 3502 220 3500 220 3503 220 3504 220 3505 220 3503 220 3506 220 3504 220 3507 220 3508 220 3509 220 3510 220 3511 220 3512 220 3513 220 3491 220 3514 220 3510 220 3512 220 3515 220 3513 220 3514 220 3516 220 3513 220 3516 220 3517 220 3518 220 3519 220 3520 220 3521 220 3522 220 3523 220 3213 220 3524 220 3219 220 3521 220 3523 220 3525 220 3213 220 3526 220 3524 220 3262 220 3258 220 3527 220 3528 220 3316 220 3312 220 3528 220 3320 220 3316 220 3529 220 3312 220 3309 220 3460 220 3530 220 3531 220 3529 220 3528 220 3312 220 3532 220 3517 220 3533 220 3460 220 3531 220 3462 220 3532 220 3513 220 3517 220 3335 220 3534 220 3535 220 3536 220 3537 220 3508 220 3335 220 3331 220 3534 220 3536 220 3508 220 3507 220 3538 220 3501 220 3539 220 3540 220 3343 220 3338 220 3538 220 3499 220 3501 220 3541 220 3542 220 3543 220 3541 220 3511 220 3510 220 3541 220 3543 220 3511 220 3544 220 3348 220 3343 220 3544 220 3343 220 3540 220 3350 220 3348 220 3544 220 3545 220 3309 220 3305 220 3546 220 3547 220 3548 220 3545 220 3529 220 3309 220 3549 220 3338 220 3336 220 3550 220 3538 220 3539 220 3551 220 3542 220 3541 220 3549 220 3540 220 3338 220 3552 220 3532 220 3533 220 3551 220 3553 220 3554 220 3552 220 3533 220 3555 220 3551 220 3554 220 3542 220 3556 220 3325 220 3320 220 3552 220 3555 220 3557 220 3556 220 3320 220 3528 220 3558 220 3537 220 3536 220 3559 220 3350 220 3544 220 3560 220 3336 220 3333 220 3560 220 3549 220 3336 220 3561 220 3562 220 3537 220 3561 220 3537 220 3558 220 3458 220 3530 220 3460 220 3341 220 3535 220 3563 220 3341 220 3335 220 3535 220 3564 220 3539 220 3565 220 3564 220 3550 220 3539 220 3566 220 3350 220 3559 220 3567 220 3568 220 3569 220 3567 220 3569 220 3553 220 3570 220 3557 220 3506 220 3570 220 3552 220 3557 220 3567 220 3553 220 3551 220 3570 220 3503 220 3571 220 3570 220 3506 220 3503 220 3572 220 3562 220 3561 220 3572 220 3573 220 3562 220 3574 220 3301 220 3298 220 3574 220 3305 220 3301 220 3574 220 3575 220 3545 220 3574 220 3545 220 3305 220 3576 220 3546 220 3548 220 3215 220 3577 220 3526 220 3576 220 3548 220 3519 220 3578 220 3286 220 3282 220 3576 220 3519 220 3518 220 3578 220 3289 220 3286 220 3215 220 3526 220 3213 220 3579 220 3580 220 3581 220 3582 220 3333 220 3328 220 3582 220 3560 220 3333 220 3265 220 3262 220 3583 220 3584 220 3573 220 3572 220 3585 220 3564 220 3565 220 3586 220 3587 220 3494 220 3586 220 3494 220 3496 220 3588 220 3589 220 3590 220 3591 220 3573 220 3584 220 3591 220 3496 220 3573 220 3591 220 3586 220 3496 220 3592 220 3282 220 3278 220 3592 220 3578 220 3282 220 3593 220 3590 220 3589 220 3594 220 3575 220 3574 220 3593 220 3521 220 3590 220 3595 220 3494 220 3587 220 3596 220 3328 220 3325 220 3597 220 3568 220 3567 220 3598 220 3570 220 3571 220 3597 220 3341 220 3563 220 3597 220 3563 220 3568 220 3596 220 3582 220 3328 220 3599 220 3598 220 3571 220 3600 220 3589 220 3588 220 3601 220 3289 220 3578 220 3602 220 3565 220 3603 220 3602 220 3585 220 3565 220 3604 220 3605 220 3579 220 3604 220 3579 220 3581 220 3606 220 3278 220 3274 220 3606 220 3592 220 3278 220 3607 220 3596 220 3325 220 3608 220 3598 220 3599 220 3345 220 3341 220 3597 220 3607 220 3556 220 3609 220 3607 220 3325 220 3556 220 3610 220 3368 220 3364 220 3611 220 3576 220 3518 220 3611 220 3518 220 3612 220 3613 220 3602 220 3603 220 3614 220 3521 220 3593 220 3490 220 3615 220 3577 220 3371 220 3368 220 3610 220 3490 220 3577 220 3215 220 3616 220 3600 220 3588 220 3616 220 3617 220 3600 220 3618 220 3610 220 3364 220 3270 220 3583 220 3619 220 3620 220 3606 220 3274 220 3270 220 3619 220 3621 220 3622 220 3609 220 3623 220 3622 220 3607 220 3609 220 3270 220 3265 220 3583 220 3624 220 3371 220 3610 220 3625 220 3603 220 3530 220 3625 220 3613 220 3603 220 3626 220 3608 220 3599 220 3627 220 3364 220 3360 220 3628 220 3345 220 3597 220 3627 220 3618 220 3364 220 3629 220 3608 220 3626 220 3630 220 3294 220 3289 220 3630 220 3298 220 3294 220 3630 220 3289 220 3601 220 3630 220 3601 220 3631 220 3630 220 3574 220 3298 220 3632 220 3530 220 3458 220 3633 220 3595 220 3634 220 3632 220 3625 220 3530 220 3633 220 3635 220 3636 220 3633 220 3634 220 3635 220 3637 220 3605 220 3604 220 3638 220 3630 220 3631 220 3637 220 3639 220 3605 220 3640 220 3629 220 3626 220 3376 220 3371 220 3624 220 3641 220 3376 220 3624 220 3642 220 3627 220 3360 220 3642 220 3360 220 3356 220 3643 220 3458 220 3456 220 3643 220 3632 220 3458 220 3644 220 3645 220 3646 220 3275 220 3270 220 3621 220 3647 220 3622 220 3623 220 3648 220 3274 220 3271 220 3648 220 3620 220 3274 220 3649 220 3650 220 3640 220 3651 220 3643 220 3456 220 3652 220 3653 220 3522 220 3652 220 3521 220 3614 220 3652 220 3522 220 3521 220 3654 220 3630 220 3638 220 3655 220 3611 220 3612 220 3656 220 3633 220 3636 220 3380 220 3376 220 3641 220 3380 220 3641 220 3657 220 3658 220 3356 220 3354 220 3658 220 3642 220 3356 220 3656 220 3636 220 3659 220 3660 220 3661 220 3650 220 3660 220 3650 220 3649 220 3454 220 3651 220 3456 220 3662 220 3488 220 3486 220 3349 220 3345 220 3628 220 3663 220 3647 220 3623 220 3664 220 3271 220 3267 220 3664 220 3648 220 3271 220 3665 220 3350 220 3566 220 3665 220 3354 220 3350 220 3666 220 3488 220 3662 220 3665 220 3566 220 3667 220 3484 220 3662 220 3486 220 3668 220 3669 220 3670 220 3665 220 3658 220 3354 220 3668 220 3670 220 3645 220 3671 220 3672 220 3673 220 3674 220 3630 220 3654 220 3675 220 3615 220 3490 220 3675 220 3488 220 3666 220 3676 220 3349 220 3628 220 3675 220 3490 220 3488 220 3677 220 3673 220 3678 220 3677 220 3678 220 3679 220 3680 220 3267 220 3264 220 3681 220 3682 220 3683 220 3681 220 3683 220 3684 220 3680 220 3664 220 3267 220 3681 220 3684 220 3661 220 3685 220 3665 220 3667 220 3681 220 3660 220 3686 220 3685 220 3667 220 3687 220 3681 220 3661 220 3660 220 3685 220 3687 220 3688 220 3689 220 3615 220 3675 220 3689 220 3690 220 3615 220 3691 220 3692 220 3693 220 3694 220 3695 220 3696 220 3697 220 3630 220 3674 220 3694 220 3696 220 3653 220 3694 220 3653 220 3652 220 3698 220 3692 220 3656 220 3698 220 3656 220 3659 220 3698 220 3693 220 3692 220 3699 220 3639 220 3637 220 3700 220 3644 220 3646 220 3700 220 3639 220 3699 220 3700 220 3646 220 3639 220 3701 220 3702 220 3703 220 3701 220 3703 220 3682 220 3704 220 3685 220 3688 220 3704 220 3688 220 3705 220 3706 220 3655 220 3612 220 3704 220 3705 220 3707 220 3708 220 3260 220 3255 220 3709 220 3702 220 3701 220 3709 220 3710 220 3711 220 3709 220 3711 220 3702 220 3706 220 3612 220 3712 220 3713 220 3701 220 3682 220 3713 220 3682 220 3681 220 3714 220 3616 220 3672 220 3715 220 3716 220 3717 220 3714 220 3672 220 3671 220 3715 220 3717 220 3710 220 3718 220 3630 220 3697 220 3715 220 3710 220 3709 220 3719 220 3669 220 3668 220 3720 220 3690 220 3689 220 3252 220 3708 220 3255 220 3721 220 3698 220 3659 220 3721 220 3659 220 3722 220 3723 220 3713 220 3681 220 3724 220 3677 220 3679 220 3725 220 3716 220 3715 220 3726 220 3704 220 3707 220 3725 220 3621 220 3727 220 3725 220 3727 220 3716 220 3726 220 3707 220 3728 220 3726 220 3728 220 3729 220 3730 220 3264 220 3260 220 3725 220 3275 220 3621 220 3730 220 3260 220 3708 220 3482 220 3731 220 3484 220 3452 220 3732 220 3651 220 3452 220 3651 220 3454 220 3352 220 3349 220 3676 220 3352 220 3676 220 3733 220 3734 220 3731 220 3482 220 3735 220 3690 220 3720 220 3736 220 3708 220 3252 220 3735 220 3737 220 3690 220 3738 220 3739 220 3663 220 3740 220 3721 220 3722 220 3741 220 3742 220 3695 220 3738 220 3743 220 3739 220 3738 220 3744 220 3743 220 3738 220 3663 220 3623 220 3741 220 3695 220 3694 220 3745 220 3279 220 3275 220 3745 220 3275 220 3725 220 3746 220 3630 220 3718 220 3747 220 3737 220 3735 220 3748 220 3681 220 3686 220 3749 220 3699 220 3750 220 3749 220 3700 220 3699 220 3751 220 3706 220 3712 220 3752 220 3726 220 3729 220 3748 220 3686 220 3753 220 3752 220 3729 220 3754 220 3755 220 3740 220 3722 220 3755 220 3722 220 3756 220 3751 220 3712 220 3757 220 3248 220 3736 220 3252 220 3758 220 3737 220 3747 220 3759 220 3616 220 3714 220 3758 220 3760 220 3737 220 3761 220 3755 220 3756 220 3761 220 3756 220 3760 220 3762 220 3680 220 3264 220 3762 220 3264 220 3730 220 3763 220 3748 220 3753 220 3764 220 3669 220 3719 220 3765 220 3760 220 3758 220 3765 220 3761 220 3760 220 3764 220 3766 220 3669 220 3767 220 3285 220 3279 220 3768 220 3736 220 3248 220 3767 220 3279 220 3745 220 3769 220 3744 220 3738 220 3770 220 3630 220 3746 220 3771 220 3772 220 3773 220 3771 220 3773 220 3742 220 3774 220 3691 220 3775 220 3776 220 3763 220 3753 220 3771 220 3742 220 3741 220 3450 220 3777 220 3732 220 3778 220 3754 220 3779 220 3778 220 3752 220 3754 220 3778 220 3779 220 3780 220 3450 220 3732 220 3452 220 3355 220 3352 220 3733 220 3355 220 3733 220 3781 220 3782 220 3776 220 3753 220 3783 220 3287 220 3285 220 3783 220 3285 220 3767 220 3784 220 3785 220 3680 220 3786 220 3751 220 3757 220 3787 220 3782 220 3753 220 3784 220 3680 220 3762 220 3788 220 3749 220 3750 220 3789 220 3790 220 3617 220 3789 220 3616 220 3759 220 3791 220 3792 220 3630 220 3789 220 3617 220 3616 220 3791 220 3630 220 3770 220 3793 220 3248 220 3245 220 3793 220 3768 220 3248 220 3794 220 3355 220 3781 220 3795 220 3229 220 3227 220 3796 220 3797 220 3724 220 3796 220 3724 220 3679 220 3796 220 3679 220 3766 220 3796 220 3766 220 3764 220 3798 220 3227 220 3223 220 3799 220 3800 220 3801 220 3798 220 3795 220 3227 220 3799 220 3801 220 3772 220 3799 220 3772 220 3771 220 3802 220 3786 220 3757 220 3803 220 3798 220 3223 220 3802 220 3757 220 3804 220 3449 220 3805 220 3777 220 3449 220 3806 220 3805 220 3449 220 3777 220 3450 220 3807 220 3778 220 3780 220 3807 220 3780 220 3808 220 3809 220 3287 220 3783 220 3361 220 3355 220 3794 220 3810 220 3811 220 3812 220 3810 220 3812 220 3790 220 3810 220 3790 220 3789 220 3813 220 3792 220 3791 220 3814 220 3223 220 3218 220 3815 220 3788 220 3750 220 3480 220 3734 220 3482 220 3480 220 3816 220 3734 220 3292 220 3287 220 3809 220 3815 220 3750 220 3817 220 3814 220 3803 220 3223 220 3818 220 3785 220 3784 220 3819 220 3820 220 3821 220 3819 220 3821 220 3797 220 3819 220 3797 220 3796 220 3822 220 3823 220 3824 220 3822 220 3824 220 3800 220 3825 220 3793 220 3245 220 3822 220 3800 220 3799 220 3826 220 3361 220 3794 220 3827 220 3782 220 3787 220 3828 220 3829 220 3830 220 3828 220 3775 220 3829 220 3831 220 3814 220 3218 220 3832 220 3802 220 3804 220 3828 220 3774 220 3775 220 3831 220 3218 220 3382 220 3446 220 3833 220 3806 220 3446 220 3806 220 3449 220 3366 220 3361 220 3826 220 3834 220 3292 220 3809 220 3835 220 3836 220 3811 220 3837 220 3738 220 3838 220 3835 220 3811 220 3810 220 3839 220 3815 220 3817 220 3240 220 3825 220 3245 220 3839 220 3817 220 3840 220 3841 220 3827 220 3787 220 3842 220 3838 220 3738 220 3843 220 3844 220 3769 220 3845 220 3846 220 3820 220 3843 220 3769 220 3738 220 3843 220 3738 220 3837 220 3845 220 3820 220 3819 220 3847 220 3848 220 3823 220 3847 220 3823 220 3822 220 3849 220 3850 220 3851 220 3852 220 3828 220 3830 220 3849 220 3853 220 3850 220 3854 220 3804 220 3855 220 3852 220 3830 220 3856 220 3854 220 3832 220 3804 220 3857 220 3858 220 3859 220 3857 220 3859 220 3836 220 3857 220 3836 220 3835 220 3860 220 3849 220 3851 220 3444 220 3833 220 3446 220 3477 220 3816 220 3480 220 3444 220 3861 220 3833 220 3477 220 3862 220 3816 220 3369 220 3366 220 3826 220 3863 220 3844 220 3843 220 3863 220 3864 220 3844 220 3369 220 3826 220 3865 220 3866 220 3233 220 3229 220 3297 220 3292 220 3834 220 3866 220 3229 220 3795 220 3867 220 3792 220 3813 220 3868 220 3839 220 3840 220 3869 220 3854 220 3855 220 3870 220 3851 220 3871 220 3870 220 3860 220 3851 220 3872 220 3831 220 3382 220 3873 220 3874 220 3846 220 3872 220 3382 220 3380 220 3873 220 3846 220 3845 220 3872 220 3657 220 3875 220 3872 220 3380 220 3657 220 3876 220 3852 220 3856 220 3877 220 3855 220 3861 220 3877 220 3869 220 3855 220 3878 220 3879 220 3880 220 3878 220 3880 220 3858 220 3878 220 3858 220 3857 220 3476 220 3881 220 3862 220 3882 220 3864 220 3863 220 3442 220 3861 220 3444 220 3883 220 3884 220 3785 220 3374 220 3848 220 3847 220 3476 220 3862 220 3477 220 3374 220 3369 220 3865 220 3883 220 3785 220 3818 220 3374 220 3865 220 3848 220 3300 220 3297 220 3885 220 3886 220 3825 220 3240 220 3887 220 3868 220 3840 220 3887 220 3840 220 3888 220 3889 220 3874 220 3873 220 3890 220 3891 220 3876 220 3473 220 3892 220 3881 220 3893 220 3861 220 3442 220 3894 220 3895 220 3882 220 3893 220 3877 220 3861 220 3473 220 3881 220 3476 220 3306 220 3885 220 3896 220 3897 220 3872 220 3875 220 3898 220 3889 220 3873 220 3897 220 3875 220 3899 220 3897 220 3899 220 3900 220 3306 220 3300 220 3885 220 3901 220 3902 220 3792 220 3901 220 3871 220 3902 220 3903 220 3891 220 3890 220 3901 220 3870 220 3871 220 3904 220 3893 220 3442 220 3905 220 3792 220 3867 220 3440 220 3904 220 3442 220 3905 220 3901 220 3792 220 3906 220 3890 220 3876 220 3906 220 3876 220 3856 220 3378 220 3847 220 3907 220 3378 220 3374 220 3847 220 3908 220 3909 220 3879 220 3908 220 3879 220 3878 220 3910 220 3909 220 3908 220 3911 220 3856 220 3912 220 3911 220 3906 220 3856 220 3913 220 3807 220 3808 220 3913 220 3808 220 3895 220 3913 220 3895 220 3894 220 3914 220 3896 220 3915 220 3916 220 3887 220 3888 220 3914 220 3915 220 3917 220 3914 220 3917 220 3918 220 3914 220 3918 220 3919 220 3914 220 3919 220 3920 220 3236 220 3886 220 3240 220 3914 220 3306 220 3896 220 3921 220 3889 220 3898 220 3237 220 3866 220 3922 220 3923 220 3904 220 3440 220 3237 220 3233 220 3866 220 3924 220 3903 220 3925 220 3926 220 3884 220 3883 220 3308 220 3306 220 3914 220 3927 220 3928 220 3929 220 3930 220 3928 220 3927 220 3438 220 3923 220 3440 220 3931 220 3897 220 3900 220 3931 220 3900 220 3932 220 3931 220 3932 220 3933 220 3934 220 3927 220 3929 220 3384 220 3378 220 3907 220 3384 220 3907 220 3935 220 3936 220 3937 220 3928 220 3936 220 3928 220 3930 220 3938 220 3916 220 3888 220 3939 220 3901 220 3905 220 3940 220 3886 220 3236 220 3938 220 3888 220 3941 220 3942 220 3911 220 3912 220 3943 220 3910 220 3908 220 3944 220 3910 220 3943 220 3945 220 3807 220 3913 220 3946 220 3923 220 3438 220 3945 220 3947 220 3807 220 3945 220 3948 220 3947 220 3949 220 3901 220 3939 220 3950 220 3924 220 3925 220 3951 220 3921 220 3898 220 3951 220 3898 220 3952 220 3953 220 3933 220 3954 220 3955 220 3912 220 3956 220 3953 220 3954 220 3957 220 3955 220 3942 220 3912 220 3953 220 3931 220 3933 220 3958 220 3884 220 3926 220 3436 220 3946 220 3438 220 3958 220 3959 220 3884 220 3385 220 3960 220 3961 220 3385 220 3935 220 3960 220 3385 220 3384 220 3935 220 3962 220 3924 220 3950 220 3963 220 3938 220 3941 220 3964 220 3962 220 3950 220 3965 220 3948 220 3945 220 3966 220 3934 220 3929 220 3967 220 3949 220 3939 220 3968 220 3956 220 3969 220 3968 220 3955 220 3956 220 3970 220 3951 220 3952 220 3971 220 3948 220 3965 220 3232 220 3940 220 3236 220 3242 220 3922 220 3972 220 3434 220 3946 220 3436 220 3434 220 3973 220 3946 220 3434 220 3974 220 3973 220 3387 220 3961 220 3975 220 3387 220 3385 220 3961 220 3242 220 3237 220 3922 220 3976 220 3957 220 3977 220 3314 220 3308 220 3914 220 3976 220 3953 220 3957 220 3978 220 3963 220 3941 220 3978 220 3941 220 3979 220 3980 220 3971 220 3965 220 3981 220 3959 220 3958 220 3982 220 3968 220 3969 220 3983 220 3949 220 3967 220 3983 220 3967 220 3984 220 3432 220 3974 220 3434 220 3432 220 3985 220 3974 220 3986 220 3472 220 3469 220 3389 220 3975 220 3987 220 3389 220 3387 220 3975 220 3988 220 3970 220 3952 220 3989 220 3969 220 3990 220 3988 220 3952 220 3991 220 3989 220 3982 220 3969 220 3992 220 3978 220 3979 220 3993 220 3472 220 3986 220 3430 220 3994 220 3985 220 3995 220 3971 220 3980 220 3996 220 3964 220 3997 220 3430 220 3985 220 3432 220 3996 220 3962 220 3964 220 3391 220 3389 220 3987 220 3998 220 3999 220 3959 220 3998 220 3959 220 3981 220 4000 220 3977 220 4001 220 4000 220 4001 220 4002 220 4000 220 3976 220 3977 220 4003 220 3989 220 3990 220 4004 220 3988 220 3991 220 4005 220 3892 220 3473 220 4005 220 3472 220 3993 220 4005 220 3473 220 3472 220 4006 220 3990 220 4007 220 4006 220 4003 220 3990 220 3428 220 3979 220 3994 220 4008 220 4007 220 3892 220 3428 220 3994 220 3430 220 4008 220 3892 220 4005 220 3393 220 3987 220 4009 220 4010 220 4007 220 4008 220 4010 220 4006 220 4007 220 3393 220 3391 220 3987 220 4011 220 3999 220 3998 220 4011 220 4012 220 3999 220 4013 220 4014 220 4015 220 3426 220 4016 220 3992 220 4013 220 4015 220 3995 220 3426 220 3992 220 3979 220 3426 220 3979 220 3428 220 3395 220 3944 220 3943 220 4017 220 3983 220 3984 220 3395 220 4009 220 3944 220 4017 220 4018 220 4019 220 4017 220 3984 220 4018 220 3468 220 3986 220 3469 220 3395 220 3393 220 4009 220 4020 220 4002 220 4014 220 3319 220 3314 220 3914 220 4020 220 4000 220 4002 220 4021 220 4016 220 3426 220 4022 220 4012 220 4011 220 3423 220 4021 220 3426 220 4023 220 3996 220 3997 220 3397 220 4024 220 4025 220 3397 220 3943 220 4024 220 4026 220 4020 220 4014 220 3397 220 3395 220 3943 220 4027 220 4028 220 3966 220 4026 220 4014 220 4013 220 4029 220 4019 220 4012 220 4029 220 4012 220 4022 220 4027 220 4030 220 4028 220 3422 220 4021 220 3423 220 3422 220 4031 220 4021 220 3399 220 3397 220 4025 220 3399 220 4025 220 4032 220 4033 220 4020 220 4026 220 4034 220 4017 220 4019 220 4034 220 4019 220 4029 220 4035 220 3319 220 3914 220 4035 220 3914 220 4036 220 3419 220 4031 220 3422 220 3419 220 4037 220 4031 220 3226 220 4038 220 3230 220 3401 220 3399 220 4032 220 3401 220 4032 220 4039 220 3417 220 4037 220 3419 220 3417 220 4040 220 4037 220 3404 220 4039 220 4041 220 3404 220 3401 220 4039 220 3405 220 3404 220 4041 220 4042 220 4017 220 4034 220 3415 220 4040 220 3417 220 3415 220 4043 220 4040 220 4044 220 4017 220 4042 220 3407 220 3405 220 4045 220 3414 220 4043 220 3415 220 4046 220 4033 220 4026 220 3414 220 4047 220 4043 220 3410 220 3407 220 4045 220 3410 220 4045 220 4048 220 3410 220 4048 220 4004 220 4049 220 4033 220 4046 220 3412 220 4047 220 3414 220 3412 220 3410 220 4004 220 3412 220 4004 220 3991 220 4050 220 3230 220 4038 220 3412 220 3991 220 4047 220 4051 220 4052 220 4053 220 3546 220 3581 220 3580 220 3546 220 3580 220 3547 220 4054 220 3986 220 3468 220 3890 220 3925 220 3903 220 3466 220 4054 220 3468 220 3677 220 3671 220 3673 220 3466 220 4055 220 4054 220 4041 220 4045 220 3405 220 3644 220 3668 220 3645 220 3527 220 3583 220 3262 220 3650 220 3629 220 3640 220 3504 220 4056 220 4057 220 4050 220 3232 220 3230 220 3895 220 3864 220 3882 220 4015 220 3971 220 3995 220 3587 220 3634 220 3595 220 3731 220 3662 220 3484 220 3693 220 3775 220 3691 220 4058 220 4059 220 4060 220 4058 220 4060 220 3937 220 4058 220 3937 220 4061 220 4061 220 3937 220 4062 220 4062 220 3937 220 3936 220 4028 220 3934 220 3966 220 4051 220 4063 220 4023 220 4064 220 3914 220 4065 220 4065 220 3914 220 4066 220 4066 220 3914 220 4067 220 4067 220 3914 220 3920 220 4068 220 3322 220 3319 220 3834 220 3885 220 3297 220 4068 220 3319 220 4035 220 4069 220 4049 220 4046 220 4070 220 4044 220 4042 220 4053 220 4063 220 4051 220 4071 220 4038 220 3226 220 4071 220 3226 220 3221 220 4056 220 4049 220 4069 220 4072 220 4051 220 4023 220 4072 220 4023 220 3997 220 4073 220 3232 220 4050 220 4073 220 3940 220 3232 220 4074 220 3322 220 4068 220 3464 220 4055 220 3466 220 3464 220 4075 220 4055 220 3498 220 4070 220 3497 220 3498 220 4044 220 4070 220 4057 220 4056 220 4069 220 3327 220 3322 220 4074 220 4076 220 4077 220 3940 220 4078 220 4053 220 4052 220 4076 220 3940 220 4073 220 4079 220 4027 220 4080 220 3219 220 4071 220 3221 220 3219 220 4081 220 4071 220 4079 220 4080 220 4082 220 4083 220 3997 220 3500 220 3524 220 4081 220 3219 220 4083 220 4072 220 3997 220 4084 220 4077 220 4076 220 3505 220 3504 220 4057 220 4085 220 4078 220 4052 220 4086 220 4027 220 4079 220 4087 220 3250 220 3246 220 3525 220 4082 220 4080 220 4088 220 4078 220 4085 220 4089 220 4027 220 4086 220 4087 220 4090 220 3250 220 4091 220 3253 220 3250 220 4091 220 3250 220 4090 220 4089 220 4092 220 4030 220 4089 220 4030 220 4027 220 4093 220 3246 220 3242 220 4093 220 3972 220 4094 220 3523 220 4082 220 3525 220 3502 220 4083 220 3500 220 4093 220 4087 220 3246 220 4093 220 3242 220 3972 220 3462 220 4095 220 4075 220 3462 220 3531 220 4095 220 4096 220 3258 220 3253 220 4096 220 3253 220 4091 220 3462 220 4075 220 3464 220 3509 220 3508 220 4077 220 3331 220 3327 220 4074 220 3509 220 4077 220 4084 220 3534 220 3331 220 4074 220 3492 220 4094 220 4097 220 3492 220 4097 220 3493 220 3520 220 4088 220 4085 220 3492 220 4093 220 4094 220 3527 220 3258 220 4096 220 3515 220 3512 220 4098 220 3515 220 4098 220 4092 220 3515 220 4092 220 4089 220 3491 220 3493 220 4099 220 3519 220 4088 220 3520 220 3491 220 4099 220 3514 220 3475 221 4100 221 4101 221 4102 222 3299 222 4103 222 3475 221 4101 221 3474 221 4103 223 3299 223 3302 223 3474 224 4101 224 4104 224 4103 221 3302 221 4105 221 3474 225 4104 225 3471 225 4105 226 3302 226 3307 226 3471 221 4104 221 4106 221 4105 221 3307 221 4107 221 3471 227 4106 227 3470 227 4107 228 3307 228 3313 228 4106 229 4108 229 3467 229 3470 230 4106 230 3467 230 4109 231 4107 231 3318 231 4107 232 3313 232 3318 232 4108 221 4110 221 3465 221 3467 233 4108 233 3465 233 4111 234 4109 234 3321 234 4109 221 3318 221 3321 221 4110 221 4112 221 3463 221 3465 235 4110 235 3463 235 4113 221 4111 221 3323 221 4111 236 3321 236 3323 236 4112 221 4114 221 3461 221 3317 221 3324 221 4115 221 3463 221 4112 221 3461 221 4113 237 3323 237 3330 237 4116 221 4113 221 3330 221 3324 221 3326 221 4117 221 3461 238 4114 238 3459 238 4114 221 4118 221 3459 221 4115 221 3324 221 4117 221 4116 221 3330 221 3334 221 4119 221 4116 221 3334 221 3315 239 3317 239 4120 239 3317 240 4115 240 4120 240 3459 241 4118 241 3457 241 4118 221 4121 221 3457 221 4119 242 3334 242 3340 242 4122 221 4119 221 3340 221 4117 221 3326 221 4123 221 3326 243 3329 243 4123 243 4121 221 4124 221 3455 221 3457 244 4121 244 3455 244 4122 245 3340 245 3344 245 4125 221 4122 221 3344 221 3311 221 3315 221 4126 221 3315 246 4120 246 4126 246 4123 221 3329 221 4127 221 3329 221 3332 221 4127 221 4124 247 4128 247 3453 247 3455 248 4124 248 3453 248 4125 249 3344 249 3346 249 4129 250 4125 250 3346 250 3310 223 3311 223 4130 223 3311 251 4126 251 4130 251 3332 252 3337 252 4131 252 4128 253 4132 253 3451 253 3453 254 4128 254 3451 254 4127 221 3332 221 4131 221 4129 255 3346 255 3353 255 4133 221 4129 221 3353 221 3304 221 3310 221 4134 221 3310 256 4130 256 4134 256 3337 257 3339 257 4135 257 3339 258 3342 258 4135 258 4132 221 4136 221 3448 221 3451 259 4132 259 3448 259 4131 221 3337 221 4135 221 4133 260 3353 260 3357 260 4137 261 4133 261 3357 261 3295 221 3303 221 4138 221 3303 221 3304 221 4138 221 3304 262 4134 262 4138 262 4136 221 4139 221 3447 221 3448 221 4136 221 3447 221 4137 263 3357 263 3362 263 4140 221 4137 221 3362 221 3342 264 3347 264 4141 264 4135 265 3342 265 4141 265 3295 266 4138 266 4142 266 3291 221 3295 221 4142 221 3447 221 4139 221 3445 221 3347 267 3351 267 4143 267 4140 268 3362 268 3367 268 4141 221 3347 221 4143 221 3290 221 3291 221 4144 221 3291 269 4142 269 4144 269 4139 221 4145 221 3443 221 3445 221 4139 221 3443 221 4146 221 4140 221 3370 221 3351 221 3358 221 4147 221 4140 270 3367 270 3370 270 4143 221 3351 221 4147 221 4145 271 4148 271 3441 271 3284 221 3290 221 4149 221 3443 221 4145 221 3441 221 3290 272 4144 272 4149 272 4150 273 4146 273 3375 273 3358 274 3359 274 4151 274 4147 221 3358 221 4151 221 4146 275 3370 275 3375 275 3283 221 3284 221 4152 221 3284 276 4149 276 4152 276 3359 277 3363 277 4153 277 4148 278 4154 278 3439 278 3441 221 4148 221 3439 221 4151 221 3359 221 4153 221 4155 221 4150 221 3379 221 3277 221 3283 221 4156 221 3283 279 4152 279 4156 279 4150 280 3375 280 3379 280 3363 281 3365 281 4157 281 4153 221 3363 221 4157 221 3276 221 3277 221 4158 221 3277 282 4156 282 4158 282 3439 221 4154 221 3437 221 4154 283 4159 283 3437 283 4160 284 4155 284 3381 284 4155 285 3379 285 3381 285 3365 286 3372 286 4161 286 4157 221 3365 221 4161 221 3269 287 3276 287 4162 287 3276 288 4158 288 4162 288 3372 289 3373 289 4163 289 4161 290 3372 290 4163 290 3268 221 3269 221 4164 221 3269 291 4162 291 4164 291 3437 292 4159 292 3435 292 4159 221 4165 221 3435 221 4160 293 3381 293 3386 293 3373 294 3377 294 4166 294 4167 221 4160 221 3386 221 4163 295 3373 295 4166 295 3261 221 3268 221 4168 221 3268 296 4164 296 4168 296 3435 221 4165 221 3433 221 3257 221 3261 221 4169 221 3261 297 4168 297 4169 297 4165 298 4170 298 3433 298 4167 299 3386 299 3388 299 4171 221 4167 221 3388 221 3377 221 3383 221 4172 221 4166 221 3377 221 4172 221 3433 221 4170 221 3431 221 3257 300 4169 300 4173 300 3249 221 3256 221 4173 221 3256 221 3257 221 4173 221 4170 301 4174 301 3431 301 3217 221 3216 221 4175 221 4171 302 3388 302 3390 302 4172 221 3383 221 4175 221 4176 221 4171 221 3390 221 3383 221 3217 221 4175 221 3247 221 3249 221 4177 221 3431 221 4174 221 3429 221 3249 303 4173 303 4177 303 3216 221 3222 221 4178 221 4175 221 3216 221 4178 221 4174 304 4179 304 3429 304 4176 221 3390 221 3392 221 4180 221 4176 221 3392 221 3241 305 3247 305 4181 305 3247 306 4177 306 4181 306 4178 307 3222 307 4182 307 3222 221 3228 221 4182 221 3429 221 4179 221 3427 221 4179 221 4183 221 3427 221 4180 308 3392 308 3394 308 4184 221 4180 221 3394 221 3239 221 3241 221 4185 221 3241 309 4181 309 4185 309 3228 221 3235 221 4186 221 3427 221 4183 221 3425 221 4182 310 3228 310 4186 310 4183 221 4187 221 3425 221 4184 311 3394 311 3396 311 4188 312 4184 312 3396 312 3234 313 3239 313 4189 313 3239 314 4185 314 4189 314 3235 315 3238 315 4190 315 4186 316 3235 316 4190 316 3425 317 4187 317 3424 317 4187 318 4191 318 3424 318 4188 221 3396 221 3398 221 4192 319 4188 319 3398 319 3234 320 4189 320 4193 320 3424 321 4191 321 3421 321 3231 221 3234 221 4193 221 3238 221 3243 221 4194 221 4190 221 3238 221 4194 221 4192 322 3398 322 3400 322 3421 221 4191 221 3420 221 3231 323 4193 323 4195 323 3225 221 3231 221 4195 221 3243 221 3244 221 4196 221 4191 221 4197 221 3420 221 4192 324 3400 324 3402 324 4194 325 3243 325 4196 325 4198 221 4192 221 3402 221 3420 326 4197 326 3418 326 4197 221 4199 221 3418 221 3225 327 4195 327 4200 327 4201 221 4198 221 3403 221 3224 221 3225 221 4200 221 3244 221 3251 221 4202 221 4198 328 3402 328 3403 328 4196 329 3244 329 4202 329 4203 330 4201 330 3406 330 4201 331 3403 331 3406 331 3418 221 4199 221 3416 221 4199 221 4204 221 3416 221 4205 332 4203 332 3408 332 3224 333 4200 333 4206 333 4203 221 3406 221 3408 221 3220 221 3224 221 4206 221 3251 221 3254 221 4207 221 4204 221 4208 221 3413 221 3416 334 4204 334 3413 334 4202 335 3251 335 4207 335 4209 336 4205 336 3409 336 4205 337 3408 337 3409 337 4208 221 4209 221 3411 221 3413 221 4208 221 3411 221 4209 338 3409 338 3411 338 3220 339 4206 339 4210 339 3214 221 3220 221 4210 221 3254 221 3259 221 4211 221 4207 221 3254 221 4211 221 3214 340 4210 340 4212 340 3211 221 3214 221 4212 221 3259 341 3263 341 4213 341 4211 221 3259 221 4213 221 3211 342 4212 342 4214 342 3212 221 3211 221 4214 221 3263 343 3266 343 4215 343 4213 344 3263 344 4215 344 3212 221 4214 221 3489 221 4215 345 3266 345 3272 345 3489 346 4214 346 4216 346 4215 221 3272 221 4217 221 3489 221 4216 221 3487 221 4217 347 3272 347 3273 347 3487 348 4216 348 4218 348 4217 221 3273 221 4219 221 3487 331 4218 331 3485 331 4219 349 3273 349 3280 349 3485 350 4218 350 4220 350 4219 221 3280 221 4221 221 3485 221 4220 221 3483 221 4221 351 3280 351 3281 351 3483 352 4220 352 4222 352 4221 221 3281 221 4223 221 3483 353 4222 353 3481 353 4223 354 3281 354 3288 354 3481 355 4222 355 4224 355 4223 221 3288 221 4225 221 3481 221 4224 221 3479 221 4225 356 3288 356 3293 356 3479 357 4224 357 4226 357 4225 358 3293 358 4227 358 3479 221 4226 221 3478 221 4227 359 3293 359 3296 359 3478 352 4226 352 4100 352 4227 360 3296 360 4102 360 3478 361 4100 361 3475 361 4102 221 3296 221 3299 221 4228 362 3732 362 3777 362 4229 362 4228 362 3777 362 4230 363 4229 363 3777 363 4230 364 3777 364 3805 364 4231 365 4230 365 3806 365 4230 366 3805 366 3806 366 4232 367 4231 367 3833 367 4231 367 3806 367 3833 367 4233 368 4232 368 3861 368 4234 369 4233 369 3861 369 4232 370 3833 370 3861 370 4234 371 3861 371 3855 371 4235 372 4234 372 3804 372 4234 372 3855 372 3804 372 4236 373 4235 373 3757 373 4235 374 3804 374 3757 374 4237 375 4236 375 3712 375 4236 376 3757 376 3712 376 4238 377 4237 377 3612 377 4237 377 3712 377 3612 377 4239 378 4238 378 3518 378 4238 379 3612 379 3518 379 4240 380 4239 380 3520 380 4241 381 4240 381 3520 381 4239 380 3518 380 3520 380 4242 382 4241 382 4085 382 4241 381 3520 381 4085 381 4242 382 4085 382 4052 382 3651 383 3732 383 4228 383 3651 383 4228 383 4243 383 4242 384 4052 384 4051 384 4244 385 4242 385 4051 385 3643 386 3651 386 4243 386 3643 386 4243 386 4245 386 3632 387 4245 387 4246 387 3632 387 3643 387 4245 387 3625 388 4246 388 4247 388 3625 388 3632 388 4246 388 3613 389 4247 389 4248 389 3613 390 3625 390 4247 390 3602 391 4248 391 4249 391 3602 392 3613 392 4248 392 3585 393 4249 393 4250 393 3585 394 4250 394 4251 394 3585 393 3602 393 4249 393 3564 394 3585 394 4251 394 3550 395 4251 395 4252 395 3550 396 4252 396 4253 396 3550 397 3564 397 4251 397 3538 398 3550 398 4253 398 3499 399 4253 399 4254 399 3499 400 4254 400 4255 400 3499 401 3538 401 4253 401 3502 402 3499 402 4255 402 4083 403 4255 403 4256 403 4083 404 4256 404 4257 404 4083 405 3502 405 4255 405 4072 406 4257 406 4244 406 4072 404 4083 404 4257 404 4051 407 4072 407 4244 407 3923 408 3946 408 4258 408 3923 409 4258 409 4259 409 4258 410 3946 410 3973 410 4260 411 4258 411 3973 411 4261 412 4260 412 3973 412 4261 413 3973 413 3974 413 4262 414 4261 414 3985 414 4261 415 3974 415 3985 415 4263 416 4262 416 3994 416 4262 417 3985 417 3994 417 4264 418 4263 418 3979 418 4265 419 4264 419 3979 419 4263 420 3994 420 3979 420 4265 419 3979 419 3941 419 4266 421 4265 421 3888 421 4265 422 3941 422 3888 422 4267 423 4266 423 3840 423 4266 424 3888 424 3840 424 4268 425 4267 425 3817 425 4267 426 3840 426 3817 426 4269 427 4268 427 3750 427 4268 427 3817 427 3750 427 4270 428 4269 428 3699 428 4269 429 3750 429 3699 429 4271 430 4270 430 3637 430 4272 431 4271 431 3637 431 4270 430 3699 430 3637 430 4273 432 4272 432 3604 432 4272 431 3637 431 3604 431 4273 433 3604 433 3581 433 3904 434 3923 434 4259 434 3904 435 4259 435 4274 435 3893 436 4274 436 4275 436 3893 436 3904 436 4274 436 3877 437 4275 437 4276 437 3877 438 3893 438 4275 438 3869 439 4276 439 4277 439 3869 440 3877 440 4276 440 3854 441 4277 441 4278 441 3854 442 3869 442 4277 442 3832 443 4278 443 4279 443 3832 444 4279 444 4280 444 3832 443 3854 443 4278 443 3802 445 3832 445 4280 445 3786 446 4280 446 4281 446 3786 447 4281 447 4282 447 3786 448 3802 448 4280 448 3751 449 3786 449 4282 449 3706 450 4282 450 4283 450 3706 451 4283 451 4284 451 3706 452 3751 452 4282 452 3655 453 3706 453 4284 453 3611 454 4284 454 4285 454 3611 455 4285 455 4286 455 3611 456 3655 456 4284 456 3576 457 4286 457 4287 457 3576 458 3611 458 4286 458 3546 459 3576 459 4287 459 4273 460 3581 460 3546 460 4287 460 4273 460 3546 460 4288 461 4054 461 4055 461 4289 462 4288 462 4055 462 4290 463 4289 463 4055 463 4290 464 4055 464 4075 464 4291 465 4290 465 4095 465 4290 465 4075 465 4095 465 4292 466 4291 466 3531 466 4291 466 4095 466 3531 466 4293 467 4292 467 3530 467 4294 468 4293 468 3530 468 4292 469 3531 469 3530 469 4294 470 3530 470 3603 470 4295 471 4294 471 3565 471 4294 471 3603 471 3565 471 4296 472 4295 472 3539 472 4295 472 3565 472 3539 472 4297 473 4296 473 3501 473 4296 474 3539 474 3501 474 4298 475 4297 475 3500 475 4297 476 3501 476 3500 476 4299 477 4298 477 3997 477 4298 478 3500 478 3997 478 4300 479 4299 479 3964 479 4301 480 4300 480 3964 480 4299 479 3997 479 3964 479 4302 481 4301 481 3950 481 4301 480 3964 480 3950 480 4302 481 3950 481 3925 481 4054 482 4288 482 4303 482 3986 482 4054 482 4303 482 4304 483 4302 483 3925 483 4304 484 3925 484 3890 484 3993 485 3986 485 4303 485 3993 485 4303 485 4305 485 4005 486 4305 486 4306 486 4005 486 3993 486 4305 486 4008 487 4306 487 4307 487 4008 487 4005 487 4306 487 4010 488 4307 488 4308 488 4010 488 4008 488 4307 488 4006 489 4308 489 4309 489 4006 490 4010 490 4308 490 4003 491 4309 491 4310 491 4003 492 4310 492 4311 492 4003 493 4006 493 4309 493 3989 494 4003 494 4311 494 3982 495 4311 495 4312 495 3982 496 4312 496 4313 496 3982 497 3989 497 4311 497 3968 496 3982 496 4313 496 3955 498 4313 498 4314 498 3955 499 4314 499 4315 499 3955 500 3968 500 4313 500 3942 501 3955 501 4315 501 3911 502 4315 502 4316 502 3911 503 4316 503 4317 503 3911 504 3942 504 4315 504 3906 505 4317 505 4304 505 3906 503 3911 503 4317 503 3890 506 3906 506 4304 506 4318 507 4319 507 3671 507 4318 508 3671 508 3677 508 4320 509 4041 509 4039 509 4321 509 4320 509 4039 509 4322 510 4321 510 4039 510 4322 511 4039 511 4032 511 4323 512 4322 512 4025 512 4322 512 4032 512 4025 512 4324 513 4323 513 4024 513 4323 514 4025 514 4024 514 4325 515 4324 515 3943 515 4326 516 4325 516 3943 516 4324 517 4024 517 3943 517 4326 518 3943 518 3908 518 4327 519 4326 519 3878 519 4326 519 3908 519 3878 519 4328 520 4327 520 3857 520 4327 521 3878 521 3857 521 4329 522 4328 522 3835 522 4328 523 3857 523 3835 523 4330 524 4329 524 3810 524 4329 524 3835 524 3810 524 4331 525 4330 525 3789 525 4330 526 3810 526 3789 526 4332 527 4331 527 3759 527 4333 528 4332 528 3759 528 4331 529 3789 529 3759 529 4319 530 4333 530 3714 530 4333 528 3759 528 3714 528 4319 531 3714 531 3671 531 4048 532 4045 532 4334 532 4048 532 4334 532 4335 532 4004 533 4335 533 4336 533 4004 534 4048 534 4335 534 3988 535 4336 535 4337 535 3988 535 4004 535 4336 535 3970 536 4337 536 4338 536 3970 536 3988 536 4337 536 3951 537 4338 537 4339 537 3951 537 3970 537 4338 537 3921 538 4339 538 4340 538 3921 539 4340 539 4341 539 3921 538 3951 538 4339 538 3889 540 3921 540 4341 540 3874 541 4341 541 4342 541 3874 542 4342 542 4343 542 3874 541 3889 541 4341 541 3846 543 3874 543 4343 543 3820 544 4343 544 4344 544 3820 545 4344 545 4345 545 3820 544 3846 544 4343 544 3821 546 3820 546 4345 546 3797 547 4345 547 4346 547 3797 548 4346 548 4347 548 3797 549 3821 549 4345 549 3724 550 4347 550 4318 550 3724 551 3797 551 4347 551 3677 552 3724 552 4318 552 4041 553 4320 553 4334 553 4045 553 4041 553 4334 553 4031 554 4348 554 4349 554 4021 555 4031 555 4349 555 4348 556 4031 556 4037 556 4350 556 4348 556 4037 556 4351 557 4350 557 4037 557 4351 558 4037 558 4040 558 4352 559 4351 559 4043 559 4351 560 4040 560 4043 560 4353 561 4352 561 4047 561 4352 562 4043 562 4047 562 4354 563 4353 563 3991 563 4355 564 4354 564 3991 564 4353 563 4047 563 3991 563 4355 565 3991 565 3952 565 4356 566 4355 566 3898 566 4355 567 3952 567 3898 567 4357 568 4356 568 3873 568 4356 568 3898 568 3873 568 4358 569 4357 569 3845 569 4357 570 3873 570 3845 570 4359 571 4358 571 3819 571 4358 572 3845 572 3819 572 4360 573 4359 573 3796 573 4359 574 3819 574 3796 574 4361 575 4360 575 3764 575 4362 576 4361 576 3764 576 4360 575 3796 575 3764 575 4363 577 4362 577 3719 577 4362 576 3764 576 3719 576 4363 578 3719 578 3668 578 4016 579 4021 579 4349 579 4016 579 4349 579 4364 579 3992 580 4364 580 4365 580 3992 580 4016 580 4364 580 3978 581 4365 581 4366 581 3978 581 3992 581 4365 581 3963 582 4366 582 4367 582 3963 583 3978 583 4366 583 3938 584 4367 584 4368 584 3938 584 3963 584 4367 584 3916 585 4368 585 4369 585 3916 586 4369 586 4370 586 3916 587 3938 587 4368 587 3887 588 3916 588 4370 588 3868 589 4370 589 4371 589 3868 590 4371 590 4372 590 3868 591 3887 591 4370 591 3839 590 3868 590 4372 590 3815 592 4372 592 4373 592 3815 593 4373 593 4374 593 3815 592 3839 592 4372 592 3788 593 3815 593 4374 593 3749 594 4374 594 4375 594 3749 595 4375 595 4376 595 3749 594 3788 594 4374 594 3700 596 4376 596 4377 596 3700 597 3749 597 4376 597 3644 598 3700 598 4377 598 4377 599 4363 599 3668 599 4377 599 3668 599 3644 599 3527 600 4378 600 4379 600 3583 600 3527 600 4379 600 4378 601 3527 601 4096 601 4380 602 4378 602 4096 602 4381 603 4380 603 4096 603 4381 604 4096 604 4091 604 4382 605 4381 605 4090 605 4381 605 4091 605 4090 605 4383 606 4382 606 4087 606 4382 606 4090 606 4087 606 4384 607 4383 607 4093 607 4385 608 4384 608 4093 608 4383 609 4087 609 4093 609 4385 610 4093 610 3492 610 4386 611 4385 611 3491 611 4385 611 3492 611 3491 611 4387 612 4386 612 3513 612 4386 612 3491 612 3513 612 4388 613 4387 613 3532 613 4387 614 3513 614 3532 614 4389 615 4388 615 3552 615 4388 616 3532 616 3552 616 4390 617 4389 617 3570 617 4389 618 3552 618 3570 618 4391 619 4390 619 3598 619 4392 620 4391 620 3598 620 4390 619 3570 619 3598 619 4393 621 4392 621 3608 621 4392 620 3598 620 3608 620 4393 621 3608 621 3629 621 3619 622 3583 622 4379 622 3619 622 4379 622 4394 622 3621 623 4394 623 4395 623 3621 623 3619 623 4394 623 3727 624 4395 624 4396 624 3727 624 3621 624 4395 624 3716 625 4396 625 4397 625 3716 625 3727 625 4396 625 3717 626 4397 626 4398 626 3717 627 3716 627 4397 627 3710 628 4398 628 4399 628 3710 629 4399 629 4400 629 3710 630 3717 630 4398 630 3711 631 3710 631 4400 631 3702 632 4400 632 4401 632 3702 633 4401 633 4402 633 3702 634 3711 634 4400 634 3703 633 3702 633 4402 633 3682 635 4402 635 4403 635 3682 636 4403 636 4404 636 3682 637 3703 637 4402 637 3683 638 3682 638 4404 638 3684 639 4404 639 4405 639 3684 640 4405 640 4406 640 3684 641 3683 641 4404 641 3661 642 4406 642 4407 642 3661 640 3684 640 4406 640 3650 643 3661 643 4407 643 4407 644 4393 644 3629 644 4407 645 3629 645 3650 645 4408 646 4056 646 3504 646 4409 647 4408 647 3504 647 4410 648 3795 648 3798 648 4411 648 4410 648 3798 648 4412 649 4411 649 3798 649 4412 650 3798 650 3803 650 4413 651 4412 651 3814 651 4412 652 3803 652 3814 652 4414 653 4413 653 3831 653 4413 653 3814 653 3831 653 4415 654 4414 654 3872 654 4416 655 4415 655 3872 655 4414 656 3831 656 3872 656 4416 657 3872 657 3897 657 4417 658 4416 658 3931 658 4416 658 3897 658 3931 658 4418 659 4417 659 3953 659 4417 660 3931 660 3953 660 4419 661 4418 661 3976 661 4418 662 3953 662 3976 662 4420 663 4419 663 4000 663 4419 663 3976 663 4000 663 4421 664 4420 664 4020 664 4420 665 4000 665 4020 665 4422 666 4421 666 4033 666 4423 667 4422 667 4033 667 4421 666 4020 666 4033 666 4408 668 4423 668 4049 668 4423 667 4033 667 4049 667 4408 668 4049 668 4056 668 3922 669 3866 669 4424 669 3922 669 4424 669 4425 669 3972 670 4425 670 4426 670 3972 670 3922 670 4425 670 4094 671 4426 671 4427 671 4094 671 3972 671 4426 671 4097 672 4427 672 4428 672 4097 673 4094 673 4427 673 3493 674 4428 674 4429 674 3493 675 4097 675 4428 675 4099 676 4429 676 4430 676 4099 677 4430 677 4431 677 4099 676 3493 676 4429 676 3514 677 4099 677 4431 677 3516 678 4431 678 4432 678 3516 679 4432 679 4433 679 3516 680 3514 680 4431 680 3517 681 3516 681 4433 681 3533 682 4433 682 4434 682 3533 683 4434 683 4435 683 3533 684 3517 684 4433 684 3555 685 3533 685 4435 685 3557 686 4435 686 4436 686 3557 687 4436 687 4437 687 3557 688 3555 688 4435 688 3506 689 4437 689 4409 689 3506 687 3557 687 4437 687 3504 690 3506 690 4409 690 3866 691 3795 691 4410 691 3866 691 4410 691 4424 691 3540 692 4438 692 4439 692 3544 693 3540 693 4439 693 4438 694 3540 694 3549 694 4440 694 4438 694 3549 694 4441 695 4440 695 3549 695 4441 696 3549 696 3560 696 4442 697 4441 697 3582 697 4441 698 3560 698 3582 698 4443 699 4442 699 3596 699 4442 700 3582 700 3596 700 4444 701 4443 701 3607 701 4445 702 4444 702 3607 702 4443 701 3596 701 3607 701 4445 703 3607 703 3622 703 4446 704 4445 704 3647 704 4445 705 3622 705 3647 705 4447 706 4446 706 3663 706 4446 706 3647 706 3663 706 4448 707 4447 707 3739 707 4447 708 3663 708 3739 708 4449 709 4448 709 3743 709 4448 710 3739 710 3743 710 4450 711 4449 711 3744 711 4449 712 3743 712 3744 712 4451 713 4450 713 3769 713 4452 714 4451 714 3769 714 4450 713 3744 713 3769 713 4453 715 4452 715 3844 715 4452 714 3769 714 3844 714 4453 716 3844 716 3864 716 3559 717 3544 717 4439 717 3559 717 4439 717 4454 717 3566 718 4454 718 4455 718 3566 718 3559 718 4454 718 3667 719 4455 719 4456 719 3667 719 3566 719 4455 719 3687 720 4456 720 4457 720 3687 721 3667 721 4456 721 3688 722 4457 722 4458 722 3688 722 3687 722 4457 722 3705 723 4458 723 4459 723 3705 724 4459 724 4460 724 3705 725 3688 725 4458 725 3707 726 3705 726 4460 726 3728 727 4460 727 4461 727 3728 728 4461 728 4462 728 3728 729 3707 729 4460 729 3729 728 3728 728 4462 728 3754 730 4462 730 4463 730 3754 731 4463 731 4464 731 3754 730 3729 730 4462 730 3779 731 3754 731 4464 731 3780 732 4464 732 4465 732 3780 733 4465 733 4466 733 3780 732 3779 732 4464 732 3808 734 4466 734 4467 734 3808 735 3780 735 4466 735 3895 736 3808 736 4467 736 4467 737 4453 737 3864 737 4467 737 3864 737 3895 737 4468 738 3610 738 3618 738 4469 739 4468 739 3618 739 4470 740 4469 740 3618 740 4470 741 3618 741 3627 741 4471 742 4470 742 3642 742 4470 743 3627 743 3642 743 4472 744 4471 744 3658 744 4471 745 3642 745 3658 745 4473 746 4472 746 3665 746 4474 747 4473 747 3665 747 4472 748 3658 748 3665 748 4474 747 3665 747 3685 747 4475 749 4474 749 3704 749 4474 750 3685 750 3704 750 4476 751 4475 751 3726 751 4475 752 3704 752 3726 752 4477 753 4476 753 3752 753 4476 754 3726 754 3752 754 4478 755 4477 755 3778 755 4477 755 3752 755 3778 755 4479 756 4478 756 3807 756 4478 757 3778 757 3807 757 4480 758 4479 758 3947 758 4481 759 4480 759 3947 759 4479 758 3807 758 3947 758 4482 760 4481 760 3948 760 4481 759 3947 759 3948 759 4482 761 3948 761 3971 761 3624 762 3610 762 4468 762 3624 763 4468 763 4483 763 4482 764 3971 764 4015 764 4484 764 4482 764 4015 764 3641 765 3624 765 4483 765 3641 766 4483 766 4485 766 3657 767 4485 767 4486 767 3657 767 3641 767 4485 767 3875 768 4486 768 4487 768 3875 769 3657 769 4486 769 3899 770 4487 770 4488 770 3899 771 3875 771 4487 771 3900 772 4488 772 4489 772 3900 773 3899 773 4488 773 3932 774 4489 774 4490 774 3932 775 4490 775 4491 775 3932 774 3900 774 4489 774 3933 776 3932 776 4491 776 3954 777 4491 777 4492 777 3954 778 4492 778 4493 778 3954 779 3933 779 4491 779 3957 780 3954 780 4493 780 3977 781 4493 781 4494 781 3977 782 4494 782 4495 782 3977 783 3957 783 4493 783 4001 784 3977 784 4495 784 4002 785 4495 785 4496 785 4002 786 4496 786 4497 786 4002 787 4001 787 4495 787 4014 788 4497 788 4484 788 4014 789 4002 789 4497 789 4015 790 4014 790 4484 790 4498 791 3736 791 3768 791 4499 792 4498 792 3768 792 4500 793 4499 793 3793 793 4499 794 3768 794 3793 794 4501 795 4500 795 3825 795 4500 795 3793 795 3825 795 4502 796 4501 796 3886 796 4503 797 4502 797 3886 797 4501 796 3825 796 3886 796 4503 798 3886 798 3940 798 4504 799 4503 799 4077 799 4503 799 3940 799 4077 799 4505 800 4504 800 3508 800 4506 801 4505 801 3508 801 4504 802 4077 802 3508 802 4506 803 3508 803 3537 803 4507 804 4506 804 3562 804 4506 805 3537 805 3562 805 4508 806 4507 806 3573 806 4507 807 3562 807 3573 807 4509 808 4508 808 3496 808 4508 809 3573 809 3496 809 4510 810 4509 810 3495 810 4511 811 4510 811 3495 811 4509 812 3496 812 3495 812 4511 813 3495 813 3497 813 4512 814 4511 814 4070 814 4511 815 3497 815 4070 815 3708 816 3736 816 4498 816 3708 816 4498 816 4513 816 4512 817 4070 817 4042 817 4514 817 4512 817 4042 817 3730 818 3708 818 4513 818 3730 818 4513 818 4515 818 3762 819 4515 819 4516 819 3762 820 3730 820 4515 820 3784 821 4516 821 4517 821 3784 822 4517 822 4518 822 3784 821 3762 821 4516 821 3818 823 3784 823 4518 823 3883 824 4518 824 4519 824 3883 825 3818 825 4518 825 3926 826 4519 826 4520 826 3926 827 4520 827 4521 827 3926 828 3883 828 4519 828 3958 827 3926 827 4521 827 3981 829 4521 829 4522 829 3981 829 3958 829 4521 829 3998 830 4522 830 4523 830 3998 831 3981 831 4522 831 4011 832 4523 832 4524 832 4011 833 4524 833 4525 833 4011 834 3998 834 4523 834 4022 835 4011 835 4525 835 4029 836 4525 836 4526 836 4029 836 4022 836 4525 836 4034 837 4526 837 4527 837 4034 838 4029 838 4526 838 4042 839 4527 839 4514 839 4042 839 4034 839 4527 839 4528 840 4529 840 3967 840 4528 840 3967 840 3939 840 4530 841 3592 841 3606 841 4531 842 4530 842 3606 842 4532 843 4531 843 3606 843 4532 844 3606 844 3620 844 4533 845 4532 845 3648 845 4532 845 3620 845 3648 845 4534 846 4533 846 3664 846 4533 847 3648 847 3664 847 4535 848 4534 848 3680 848 4536 849 4535 849 3680 849 4534 848 3664 848 3680 848 4536 850 3680 850 3785 850 4537 851 4536 851 3884 851 4536 852 3785 852 3884 852 4538 853 4537 853 3959 853 4537 853 3884 853 3959 853 4539 854 4538 854 3999 854 4538 855 3959 855 3999 855 4540 856 4539 856 4012 856 4539 856 3999 856 4012 856 4541 857 4540 857 4019 857 4540 858 4012 858 4019 858 4542 859 4541 859 4018 859 4543 860 4542 860 4018 860 4541 859 4019 859 4018 859 4529 861 4543 861 3984 861 4543 862 4018 862 3984 862 4529 863 3984 863 3967 863 3601 864 3578 864 4544 864 3601 865 4544 865 4545 865 3631 866 4545 866 4546 866 3631 867 3601 867 4545 867 3638 868 4546 868 4547 868 3638 868 3631 868 4546 868 3654 869 4547 869 4548 869 3654 870 3638 870 4547 870 3674 871 4548 871 4549 871 3674 871 3654 871 4548 871 3697 872 4549 872 4550 872 3697 873 4550 873 4551 873 3697 872 3674 872 4549 872 3718 874 3697 874 4551 874 3746 875 4551 875 4552 875 3746 876 4552 876 4553 876 3746 877 3718 877 4551 877 3770 876 3746 876 4553 876 3791 878 4553 878 4554 878 3791 879 4554 879 4555 879 3791 880 3770 880 4553 880 3813 879 3791 879 4555 879 3867 881 4555 881 4556 881 3867 882 4556 882 4557 882 3867 881 3813 881 4555 881 3905 883 4557 883 4528 883 3905 882 3867 882 4557 882 3939 884 3905 884 4528 884 3592 885 4530 885 4544 885 3578 886 3592 886 4544 886 4558 887 4559 887 3634 887 4558 888 3634 888 3587 888 4560 889 4071 889 4081 889 4561 890 4560 890 4081 890 4562 891 4561 891 4081 891 4562 892 4081 892 3524 892 4563 893 4562 893 3526 893 4562 894 3524 894 3526 894 4564 895 4563 895 3577 895 4563 896 3526 896 3577 896 4565 897 4564 897 3615 897 4566 898 4565 898 3615 898 4564 899 3577 899 3615 899 4566 900 3615 900 3690 900 4567 901 4566 901 3737 901 4566 902 3690 902 3737 902 4568 903 4567 903 3760 903 4567 904 3737 904 3760 904 4569 905 4568 905 3756 905 4568 906 3760 906 3756 906 4570 907 4569 907 3722 907 4569 907 3756 907 3722 907 4571 908 4570 908 3659 908 4570 909 3722 909 3659 909 4572 910 4571 910 3636 910 4573 911 4572 911 3636 911 4571 910 3659 910 3636 910 4559 912 4573 912 3635 912 4573 913 3636 913 3635 913 4559 914 3635 914 3634 914 4050 915 4038 915 4574 915 4050 915 4574 915 4575 915 4073 916 4575 916 4576 916 4073 916 4050 916 4575 916 4076 917 4576 917 4577 917 4076 918 4073 918 4576 918 4084 919 4577 919 4578 919 4084 920 4076 920 4577 920 3509 921 4578 921 4579 921 3509 922 4084 922 4578 922 3507 923 4579 923 4580 923 3507 924 4580 924 4581 924 3507 925 3509 925 4579 925 3536 926 3507 926 4581 926 3558 927 4581 927 4582 927 3558 928 4582 928 4583 928 3558 929 3536 929 4581 929 3561 930 3558 930 4583 930 3572 931 4583 931 4584 931 3572 932 4584 932 4585 932 3572 931 3561 931 4583 931 3584 932 3572 932 4585 932 3591 933 4585 933 4586 933 3591 934 4586 934 4587 934 3591 933 3584 933 4585 933 3586 935 4587 935 4558 935 3586 936 3591 936 4587 936 3587 937 3586 937 4558 937 4071 938 4560 938 4574 938 4038 938 4071 938 4574 938 3662 939 3731 939 4588 939 3662 940 4588 940 4589 940 4588 941 3731 941 3734 941 4590 942 4588 942 3734 942 4591 943 4590 943 3734 943 4591 944 3734 944 3816 944 4592 945 4591 945 3862 945 4591 946 3816 946 3862 946 4593 947 4592 947 3881 947 4592 947 3862 947 3881 947 4594 948 4593 948 3892 948 4595 949 4594 949 3892 949 4593 948 3881 948 3892 948 4595 950 3892 950 4007 950 4596 951 4595 951 3990 951 4595 952 4007 952 3990 952 4597 953 4596 953 3969 953 4596 953 3990 953 3969 953 4598 954 4597 954 3956 954 4597 954 3969 954 3956 954 4599 955 4598 955 3912 955 4598 955 3956 955 3912 955 4600 956 4599 956 3856 956 4599 957 3912 957 3856 957 4601 958 4600 958 3830 958 4602 959 4601 959 3830 959 4600 960 3856 960 3830 960 4603 961 4602 961 3829 961 4602 962 3830 962 3829 962 4603 961 3829 961 3775 961 3666 963 3662 963 4589 963 3666 964 4589 964 4604 964 3675 965 4604 965 4605 965 3675 966 3666 966 4604 966 3689 967 4605 967 4606 967 3689 968 3675 968 4605 968 3720 969 4606 969 4607 969 3720 969 3689 969 4606 969 3735 970 4607 970 4608 970 3735 970 3720 970 4607 970 3747 971 4608 971 4609 971 3747 972 4609 972 4610 972 3747 973 3735 973 4608 973 3758 972 3747 972 4610 972 3765 974 4610 974 4611 974 3765 975 4611 975 4612 975 3765 974 3758 974 4610 974 3761 975 3765 975 4612 975 3755 976 4612 976 4613 976 3755 977 4613 977 4614 977 3755 976 3761 976 4612 976 3740 977 3755 977 4614 977 3721 978 4614 978 4615 978 3721 979 4615 979 4616 979 3721 978 3740 978 4614 978 3698 980 4616 980 4617 980 3698 981 3721 981 4616 981 3693 982 3698 982 4617 982 4603 983 3775 983 3693 983 4617 984 4603 984 3693 984 4618 985 4619 985 4620 985 4621 986 4622 986 4623 986 4624 987 4625 987 4623 987 4626 988 4627 988 4628 988 4622 989 4624 989 4623 989 4623 990 4625 990 4629 990 4630 991 4626 991 4628 991 4621 992 4623 992 4629 992 4625 993 4631 993 4629 993 4632 994 4630 994 4628 994 4633 995 4621 995 4629 995 4628 996 4627 996 4634 996 4631 997 4633 997 4629 997 4625 998 4624 998 4635 998 4636 999 4637 999 4635 999 4624 1000 4636 1000 4635 1000 4637 1001 4638 1001 4639 1001 4638 1002 4640 1002 4639 1002 3837 1003 3838 1003 4634 1003 4625 1004 4635 1004 4639 1004 4640 1005 4631 1005 4639 1005 4635 1006 4637 1006 4639 1006 4631 1007 4625 1007 4639 1007 4632 1008 4628 1008 4634 1008 4636 1009 4641 1009 4642 1009 3853 1010 3849 1011 4643 1012 4644 1013 4645 1013 4642 1013 3838 1014 4632 1014 4634 1014 4641 1015 4644 1015 4642 1015 4637 1016 4636 1016 4642 1016 4645 1017 4646 1017 4642 1017 4637 1018 4642 1018 4647 1018 4642 1019 4646 1019 4647 1019 4646 1020 4620 1020 4647 1020 4643 1021 3849 1021 4648 1021 4620 1022 4649 1022 4647 1022 3843 1023 3837 1023 4650 1023 4638 1024 4637 1024 4647 1024 3863 1025 3843 1025 4650 1025 4649 1026 4638 1026 4647 1026 3837 1027 4634 1027 4650 1027 4627 1028 4651 1028 4652 1028 3860 1029 3870 1029 4630 1029 4651 1030 4653 1030 4652 1030 3849 1031 3860 1031 4630 1031 4653 1032 4654 1032 4652 1032 4654 1033 4655 1033 4652 1033 4634 1034 4627 1034 4652 1034 3863 1035 4650 1035 4622 1035 3882 1036 3863 1036 4622 1036 4648 1037 3849 1037 4632 1037 3849 1038 4630 1038 4632 1038 4026 1039 4013 1039 4656 1039 3842 1040 4657 1040 3838 1040 4046 1041 4026 1041 4656 1041 4657 1042 4658 1042 3838 1042 4658 1043 4632 1044 3838 1045 4650 1046 4634 1046 4659 1046 4634 1047 4652 1047 4659 1047 3882 1048 4622 1048 4621 1048 3894 1049 3882 1049 4621 1049 3913 1050 3894 1050 4621 1050 4626 1051 4660 1051 4661 1051 4622 1052 4650 1052 4624 1052 4650 1053 4659 1053 4624 1053 4626 1054 4661 1054 4662 1054 4655 1055 4663 1055 4664 1055 4665 1056 4666 1056 4664 1056 4667 1057 4665 1057 4664 1057 4663 1058 4667 1058 4664 1058 4652 1059 4655 1059 4664 1059 4626 1060 4662 1060 4627 1060 4659 1061 4652 1061 4664 1061 3913 1062 4621 1062 4633 1062 3945 1063 3913 1063 4633 1063 3965 1064 3945 1064 4633 1064 3980 1065 3965 1065 4668 1065 3995 1066 3980 1066 4668 1066 4669 1067 4670 1067 4671 1067 3965 1068 4633 1068 4668 1068 4666 1069 4641 1069 4636 1069 4659 1070 4664 1070 4636 1070 4664 1071 4666 1071 4636 1071 4624 1072 4659 1072 4636 1072 4672 1073 4673 1073 4631 1073 4674 1074 4672 1074 4631 1074 4640 1075 4674 1075 4631 1075 4673 1076 4668 1076 4631 1076 4668 1077 4633 1077 4631 1077 3995 1078 4668 1078 4675 1078 4673 1079 4676 1079 4675 1079 4676 1080 4670 1080 4675 1080 4013 1081 3995 1081 4675 1081 4668 1082 4673 1082 4675 1082 4677 1083 4619 1083 4618 1083 4663 1084 4678 1084 4667 1084 4675 1085 4670 1085 4679 1085 4669 1086 4656 1086 4679 1086 4656 1087 4013 1087 4679 1087 4013 1088 4675 1088 4679 1088 4670 1089 4669 1089 4679 1089 4649 1090 4680 1090 4638 1090 4680 1091 4681 1091 4638 1091 4681 1092 4640 1092 4638 1092 4682 1093 4677 1093 4683 1093 4677 1094 4618 1094 4683 1094 4645 1095 4684 1095 4646 1095 4684 1096 4685 1096 4646 1096 4686 1097 4682 1097 4687 1097 4685 1098 4688 1098 4620 1098 4688 1099 4618 1099 4620 1099 4687 1100 4682 1100 4689 1100 4682 1101 4683 1101 4689 1101 4619 1102 4690 1102 4620 1102 4690 1103 4649 1103 4620 1103 4689 1104 4683 1104 4691 1104 4646 1105 4685 1105 4620 1105 4657 1106 3842 1106 4692 1106 4658 1107 4657 1107 4692 1107 4632 1107 4658 1107 4692 1107 3842 1108 3738 1108 4693 1108 4692 1109 3842 1109 4693 1109 4693 1110 3738 1110 3623 1110 4693 1111 3623 1111 4694 1111 3528 1112 4695 1112 4696 1112 3556 1113 4696 1113 4697 1113 3556 1114 4697 1114 4698 1114 3556 1115 3528 1115 4696 1115 3609 1116 4698 1116 4699 1116 3609 1117 3556 1117 4698 1117 4694 1118 4699 1118 4700 1118 4694 1119 4700 1119 4701 1119 4694 1120 3609 1120 4699 1120 3623 1121 3609 1121 4694 1121 4702 1122 4701 1122 4703 1122 4702 1123 4703 1123 4704 1123 4702 1124 4694 1124 4701 1124 4705 1125 4704 1125 4706 1125 4705 1126 4706 1126 4707 1126 4705 1127 4702 1127 4704 1127 4708 1128 4707 1128 4709 1128 4708 1129 4705 1129 4707 1129 4710 1130 4709 1130 4711 1130 4710 1131 4711 1131 4712 1131 4710 1132 4708 1132 4709 1132 4713 1133 4712 1133 4714 1133 4713 1134 4710 1134 4712 1134 3529 1135 4715 1135 4695 1135 3528 1135 3529 1135 4695 1135 4716 1136 4715 1136 3529 1136 4717 1137 4716 1137 3545 1137 4716 1138 3529 1138 3545 1138 4718 1139 4717 1139 3575 1139 4717 1140 3545 1140 3575 1140 4719 1141 4718 1141 4720 1141 4718 1142 3575 1142 4720 1142 4720 1143 3575 1143 3594 1143 4721 1144 4719 1144 4722 1144 4719 1145 4720 1145 4722 1145 4723 1146 4721 1146 4724 1146 4725 1147 4723 1147 4724 1147 4721 1148 4722 1148 4724 1148 4726 1149 4725 1149 4727 1149 4728 1150 4726 1150 4727 1150 4725 1151 4724 1151 4727 1151 4729 1152 4728 1152 4730 1152 4731 1153 4729 1153 4730 1153 4728 1154 4727 1154 4730 1154 4732 1155 4731 1155 4733 1155 4731 1156 4730 1156 4733 1156 4733 1157 3792 1157 3902 1157 4734 1158 4732 1158 3902 1158 4732 1159 4733 1159 3902 1159 4735 1160 4734 1160 3871 1160 4734 1161 3902 1161 3871 1161 4735 1162 3871 1162 3851 1162 4720 1163 3594 1163 3574 1163 4720 1164 3574 1164 4736 1164 3630 1165 4737 1165 3574 1165 4737 1166 4736 1166 3574 1166 3630 1167 3792 1167 4733 1167 4737 1168 3630 1168 4733 1168 4714 1169 4735 1169 4738 1169 4735 1170 3851 1170 4738 1170 4738 1171 3851 1171 3850 1171 4714 1172 4738 1172 4713 1172 4692 1173 3853 1174 4643 1175 4692 1176 4643 1177 4648 1178 4692 1179 4648 1179 4632 1179 4738 1180 3850 1180 3853 1180 4738 1181 3853 1181 4692 1181 4739 220 4740 220 4741 220 4739 220 4741 220 4742 220 4742 220 4741 220 4743 220 4744 220 4745 220 4746 220 3633 220 3656 220 4747 220 4742 220 4743 220 4748 220 4748 220 4743 220 4749 220 3870 220 3901 220 4750 220 4751 220 4752 220 4750 220 4744 220 4746 220 4753 220 4754 220 4751 220 4750 220 4755 220 4744 220 4753 220 3901 220 4754 220 4750 220 4748 220 4749 220 4756 220 4017 220 4757 220 4758 220 3983 220 4017 220 4758 220 4747 220 4759 220 4760 220 4759 220 4761 220 4760 220 4755 220 4753 220 4762 220 4761 220 4763 220 4760 220 4764 220 4755 220 4762 220 4750 220 4752 220 4765 220 4748 220 4756 220 4766 220 4764 220 4762 220 4767 220 4747 220 4760 220 4768 220 4765 220 4752 220 4769 220 4748 220 4766 220 4770 220 4771 220 4764 220 4767 220 4769 220 4752 220 4772 220 3633 220 4747 220 4773 220 4747 220 4768 220 4773 220 4748 220 4770 220 4774 220 4760 220 4763 220 4775 220 4752 220 4748 220 4774 220 4776 220 4771 220 4777 220 4772 220 4752 220 4778 220 4771 220 4767 220 4777 220 3595 220 3633 220 4779 220 4752 220 4774 220 4780 220 3983 220 4758 220 4781 220 3633 220 4773 220 4779 220 3595 220 4779 220 4782 220 4778 220 4752 220 4783 220 4752 220 4780 220 4783 220 3494 220 3595 220 4782 220 4784 220 4776 220 4785 220 4776 220 4777 220 4785 220 4760 220 4775 220 4786 220 4787 220 4784 220 4788 220 4784 220 4785 220 4788 220 3494 220 4782 220 4789 220 3494 220 4789 220 4790 220 3498 220 3494 220 4790 220 3949 220 3983 220 4791 220 4760 220 4786 220 4792 220 3983 220 4781 220 4791 220 4793 220 4787 220 4794 220 4044 220 3498 220 4795 220 4787 220 4788 220 4794 220 3498 220 4790 220 4795 220 3901 220 3949 220 4796 220 3949 220 4791 220 4796 220 4044 220 4795 220 4797 220 4798 220 4793 220 4799 220 4793 220 4794 220 4799 220 4760 220 4792 220 4744 220 4798 220 4799 220 4740 220 4792 220 4800 220 4744 220 4801 220 4798 220 4740 220 4800 220 4745 220 4744 220 3901 220 4796 220 4754 220 4801 220 4740 220 4739 220 4044 220 4797 220 4757 220 4017 220 4044 220 4757 220 4802 1182 4803 1182 4804 1182 4805 1183 4802 1183 4804 1183 4806 1184 4805 1184 4804 1184 3673 1185 3672 1185 4807 1185 4808 1186 4809 1186 4810 1186 4809 1187 4811 1187 4810 1187 3673 1188 4807 1188 3678 1188 4812 1189 4813 1189 4814 1189 3774 1190 3828 1190 4815 1190 3691 1191 3774 1191 4815 1191 3828 1192 4812 1192 4815 1192 4814 1193 4816 1193 4817 1193 4818 1194 4819 1194 4820 1194 4803 1195 4821 1195 4822 1195 4806 1196 4804 1196 4822 1196 4811 1197 4823 1197 4822 1197 4818 1198 4820 1198 4824 1198 4823 1199 4806 1199 4822 1199 4804 1200 4803 1200 4822 1200 4810 1201 4811 1201 4822 1201 4815 1202 4812 1202 4825 1202 4812 1203 4814 1203 4825 1203 4818 1204 4824 1204 4826 1204 3691 1205 4815 1205 4827 1205 4828 1206 4829 1206 4827 1206 4829 1207 3691 1207 4827 1207 4830 1208 4828 1208 4827 1208 4815 1209 4830 1209 4827 1209 4825 1210 4814 1210 4831 1210 4814 1211 4817 1211 4831 1211 4832 1212 4833 1212 4831 1212 4834 1213 4835 1213 4836 1213 4821 1214 4834 1214 4836 1214 4822 1215 4821 1215 4836 1215 4815 1216 4825 1216 4837 1216 4838 1217 4830 1217 4837 1217 4839 1218 4838 1218 4837 1218 4840 1219 4839 1219 4837 1219 4841 1220 4840 1220 4837 1220 4830 1221 4815 1221 4837 1221 4825 1222 4831 1222 4842 1222 4843 1223 4844 1223 4842 1223 4831 1224 4833 1224 4842 1224 4841 1225 4837 1225 4842 1225 4837 1226 4825 1226 4842 1226 4844 1227 4841 1227 4842 1227 4845 1228 4843 1228 4842 1228 4833 1229 4845 1229 4842 1229 4846 1230 4847 1230 4848 1230 4847 1231 4849 1231 4848 1231 4849 1232 4850 1232 4848 1232 4851 1233 4846 1233 4852 1233 4846 1234 4848 1234 4852 1234 4848 1235 4850 1235 4852 1235 4850 1236 4853 1236 4852 1236 4853 1237 4851 1237 4852 1237 4854 1238 4855 1238 4856 1238 4857 1239 4858 1239 4856 1239 4858 1240 4853 1240 4856 1240 4850 1241 4854 1241 4856 1241 4853 1242 4850 1242 4856 1242 4855 1243 4857 1243 4856 1243 4859 1244 4860 1244 4861 1244 4862 1245 4863 1245 4861 1245 4860 1246 4862 1246 4861 1246 4863 1247 4864 1247 4861 1247 4854 1248 4859 1248 4861 1248 4855 1249 4854 1249 4865 1249 4866 1250 4855 1250 4865 1250 4854 1251 4861 1251 4865 1251 4861 1252 4864 1252 4865 1252 4864 1253 4866 1253 4865 1253 4867 1254 4868 1254 4869 1254 4870 1255 4871 1255 4869 1255 4871 1256 4816 1256 4869 1256 4868 1257 4870 1257 4869 1257 4816 1258 4814 1258 4872 1258 4873 1259 4874 1259 4875 1259 4814 1260 4813 1260 4872 1260 4813 1261 4867 1261 4872 1261 4867 1262 4869 1262 4872 1262 4869 1263 4816 1263 4872 1263 4817 1264 4816 1264 4876 1264 4871 1265 4808 1265 4876 1265 4808 1266 4810 1266 4876 1266 4816 1267 4871 1267 4876 1267 4810 1268 4817 1268 4876 1268 4822 1269 4836 1269 4877 1269 4810 1270 4822 1270 4877 1270 4817 1271 4810 1271 4877 1271 4831 1272 4817 1272 4878 1272 4836 1273 4835 1273 4878 1273 4873 1274 4875 1274 4879 1274 4832 1275 4831 1275 4878 1275 4877 1276 4836 1276 4878 1276 4817 1277 4877 1277 4878 1277 4880 1278 4832 1278 4878 1278 4835 1279 4880 1279 4878 1279 4881 1280 4882 1280 4883 1280 4882 1281 4884 1281 4883 1281 4881 1282 4883 1282 4885 1282 4886 1283 4881 1283 4885 1283 4886 1284 4885 1284 4887 1284 4805 1285 4886 1285 4887 1285 3692 1286 3691 1286 4829 1286 3656 1287 3692 1287 4829 1287 4805 1288 4887 1288 4802 1288 4828 1289 4830 1289 4888 1289 4828 1290 4888 1290 4889 1290 4828 1291 4889 1291 4890 1291 4844 1292 4843 1292 4891 1292 4807 1293 4818 1293 4892 1293 3678 1294 4807 1294 4892 1294 4818 1295 4826 1295 4892 1295 3679 1296 3678 1296 4893 1296 3766 1297 3679 1297 4893 1297 4892 1298 4826 1298 4893 1298 3678 1299 4892 1299 4893 1299 3669 1300 3766 1300 4894 1300 3670 1301 3669 1301 4894 1301 3766 1302 4893 1302 4894 1302 4895 1303 4896 1303 4897 1303 4898 1304 4895 1304 4897 1304 4826 1305 4898 1305 4897 1305 4893 1306 4826 1306 4897 1306 4896 1307 4899 1307 4897 1307 3645 1308 3670 1308 4847 1308 3646 1309 3645 1309 4847 1309 3670 1310 4894 1310 4847 1310 4894 1311 4893 1311 4900 1311 4893 1312 4897 1312 4900 1312 3639 1313 3646 1313 4846 1313 3646 1314 4847 1314 4846 1314 4899 1315 4873 1315 4901 1315 4902 1316 4903 1316 4901 1316 4879 1317 4902 1317 4901 1317 4900 1318 4897 1318 4901 1318 4873 1319 4879 1319 4901 1319 4897 1320 4899 1320 4901 1320 4847 1321 4894 1321 4849 1321 4894 1322 4900 1322 4849 1322 3605 1323 3639 1323 4851 1323 3579 1324 3605 1324 4851 1324 3639 1325 4846 1325 4851 1325 4900 1326 4901 1326 4859 1326 4901 1327 4903 1327 4859 1327 4849 1328 4900 1328 4859 1328 4903 1329 4860 1329 4859 1329 3579 1330 4851 1330 4904 1330 3580 1331 3579 1331 4904 1331 3547 1332 3580 1332 4904 1332 4851 1333 4905 1333 4904 1333 4905 1334 4851 1334 4853 1334 4858 1335 4906 1335 4853 1335 4906 1336 4907 1336 4853 1336 4907 1337 4905 1337 4853 1337 4849 1338 4859 1338 4854 1338 4850 1339 4849 1339 4854 1339 3547 1340 4904 1340 4908 1340 3548 1341 3547 1341 4908 1341 3519 1342 3548 1342 4908 1342 4904 1343 4905 1343 4908 1343 4905 1344 4909 1344 4908 1344 4909 1345 4910 1345 4908 1345 3519 1346 4908 1346 4911 1346 4908 1347 4910 1347 4911 1347 4088 1348 3519 1348 4911 1348 4078 1349 4088 1349 4911 1349 4910 1350 4912 1350 4911 1350 4913 1351 4914 1351 4855 1351 4914 1352 4915 1352 4855 1352 4915 1353 4857 1353 4855 1353 4916 1354 4917 1354 4864 1354 4863 1355 4916 1355 4864 1355 4053 1356 4078 1356 4918 1356 4063 1357 4053 1357 4918 1357 4078 1358 4911 1358 4918 1358 4911 1359 4912 1359 4918 1359 4912 1360 4919 1360 4918 1360 4919 1361 4920 1361 4918 1361 4921 1362 4922 1362 4866 1362 4922 1363 4913 1363 4866 1363 4864 1364 4917 1364 4866 1364 4913 1365 4855 1365 4866 1365 4917 1366 4923 1366 4866 1366 4063 1367 4918 1367 4924 1367 4918 1368 4920 1368 4924 1368 4023 1369 4063 1369 4924 1369 3996 1370 4023 1370 4924 1370 4920 1371 4870 1371 4924 1371 4924 1372 4870 1372 4868 1372 3996 1373 4924 1373 4868 1373 3962 1374 3996 1374 4868 1374 3924 1375 3962 1375 4868 1375 4882 1376 4925 1376 4926 1376 4925 1377 4921 1377 4926 1377 4921 1378 4866 1378 4926 1378 4884 1379 4882 1379 4926 1379 4923 1380 4884 1380 4926 1380 4866 1381 4923 1381 4926 1381 3903 1382 3924 1382 4867 1382 3924 1383 4868 1383 4867 1383 4927 1384 4808 1384 4871 1384 4928 1385 4927 1385 4871 1385 4870 1386 4928 1386 4871 1386 3903 1387 4867 1387 4813 1387 3891 1388 3903 1388 4813 1388 3876 1389 3891 1389 4813 1389 3852 1390 3876 1390 4812 1390 3828 1391 3852 1391 4812 1391 3876 1392 4813 1392 4812 1392 4929 220 4930 220 4931 220 4932 220 4931 220 4933 220 4934 220 4935 220 3521 220 4935 220 3590 220 3521 220 4936 220 4937 220 4938 220 4933 220 4931 220 4939 220 4939 220 4931 220 4940 220 4940 220 4931 220 4941 220 4942 220 4943 220 4941 220 4944 220 4936 220 4945 220 4931 220 4942 220 4941 220 4946 220 4947 220 4948 220 4936 220 4938 220 4945 220 4947 220 4949 220 4948 220 4949 220 4950 220 4948 220 4951 220 4934 220 3525 220 4952 220 4951 220 3525 220 4934 220 3521 220 3525 220 4952 220 3525 220 4080 220 4953 220 4952 220 4080 220 4946 220 4948 220 4954 220 4954 220 4948 220 4955 220 4956 220 4944 220 4957 220 4944 220 4945 220 4957 220 4958 220 4953 220 4027 220 4959 220 4958 220 4027 220 4953 220 4080 220 4027 220 4960 220 4956 220 4930 220 4959 220 4027 220 3966 220 4961 220 4960 220 4930 220 4962 220 4961 220 4930 220 4954 220 4955 220 4963 220 4964 220 4959 220 3966 220 4956 220 4957 220 4930 220 4941 220 4943 220 3929 220 4950 220 4965 220 4966 220 4965 220 4967 220 4966 220 4967 220 4968 220 4966 220 4964 220 3966 220 3929 220 4968 220 4969 220 4966 220 4969 220 4970 220 4966 220 4970 220 4971 220 4966 220 4943 220 4964 220 3929 220 4948 220 4950 220 4966 220 4963 220 4955 220 4972 220 4941 220 3929 220 3928 220 4962 220 4930 220 4973 220 4963 220 4972 220 4974 220 4975 220 3616 220 3588 220 4976 220 4975 220 3588 220 4966 220 4971 220 4977 220 4974 220 4972 220 4978 220 4974 220 4978 220 4979 220 4973 220 4930 220 4929 220 4979 220 4978 220 4980 220 4977 220 4971 220 4981 220 4979 220 4980 220 4982 220 4982 220 4980 220 4983 220 4982 220 4983 220 4984 220 4976 220 3588 220 3590 220 4985 220 4976 220 3590 220 4935 220 4985 220 3590 220 4984 220 4983 220 4986 220 4984 220 4986 220 4987 220 4988 220 4987 220 4989 220 4987 220 4986 220 4989 220 4981 220 4971 220 3616 220 4971 220 3672 220 3616 220 4975 220 4981 220 3616 220 4932 220 4990 220 4931 220 4936 220 4988 220 4937 220 4990 220 4991 220 4931 220 4991 220 4929 220 4931 220 4988 220 4989 220 4937 220 4992 1393 4993 1393 4994 1393 4057 1394 4656 1394 4995 1394 4996 1395 4997 1395 4994 1395 4669 1396 4998 1396 4995 1396 4993 1397 4999 1397 4994 1397 4997 1398 4992 1398 4994 1398 5000 1399 5001 1399 5002 1399 4999 1400 4996 1400 4994 1400 3505 1401 4057 1401 5002 1401 4996 1402 5003 1402 5004 1402 3503 1403 3505 1403 5002 1403 5003 1404 5005 1404 5004 1404 5005 1405 5006 1405 5004 1405 4057 1406 4995 1406 5002 1406 4997 1407 4996 1407 5007 1407 4995 1408 5000 1408 5002 1408 5008 1409 3787 1409 5009 1409 4069 1410 4046 1410 4656 1410 5006 1411 5010 1411 5007 1411 5010 1412 4997 1412 5007 1412 4996 1413 5004 1413 5007 1413 5002 1414 5001 1414 5011 1414 5004 1415 5006 1415 5007 1415 3503 1416 5002 1416 5011 1416 5005 1417 5012 1417 5013 1417 3571 1418 3503 1418 5011 1418 4069 1419 4656 1419 4057 1419 5012 1420 5014 1420 5013 1420 5006 1421 5005 1421 5013 1421 5015 1422 5016 1422 4060 1422 5013 1423 5014 1423 5017 1423 4059 1424 5015 1424 4060 1424 5006 1425 5013 1425 5017 1425 5018 1426 5010 1426 5017 1426 5019 1427 5018 1427 5017 1427 5020 1428 5019 1428 5017 1428 5014 1429 5020 1429 5017 1429 5010 1430 5006 1430 5017 1430 3599 1431 3571 1431 5021 1431 3626 1432 3599 1432 5021 1432 5022 1433 5023 1433 5024 1433 4689 1434 4691 1434 5024 1434 5023 1435 4689 1435 5024 1435 3571 1436 5011 1436 5021 1436 5001 1437 5025 1437 5026 1437 5025 1438 5027 1438 5026 1438 3937 1439 4060 1439 5028 1439 5011 1440 5001 1440 5026 1440 3928 1441 3937 1441 5028 1441 5016 1442 5009 1442 5028 1442 4669 1443 4671 1443 4998 1443 4060 1444 5016 1444 5028 1444 3640 1445 3626 1445 4993 1445 3649 1446 3640 1446 4993 1446 5029 1447 5022 1447 5030 1447 5022 1448 5024 1448 5030 1448 3626 1449 5021 1449 4993 1449 5011 1450 5026 1450 5003 1450 5027 1451 5031 1451 5003 1451 5021 1452 5011 1452 5003 1452 5026 1453 5027 1453 5003 1453 3649 1454 4993 1454 4992 1454 3660 1455 3649 1455 4992 1455 3686 1456 3660 1456 4992 1456 5032 1457 5033 1457 5034 1457 5032 1458 5034 1458 5035 1458 3753 1459 3686 1459 5036 1459 5032 1460 5035 1460 5037 1460 3686 1461 4992 1461 5036 1461 5031 1462 5038 1462 5005 1462 5038 1463 5039 1463 5005 1463 5003 1464 5031 1464 5005 1464 5036 1465 4992 1465 4997 1465 5009 1466 3787 1466 5040 1466 3787 1467 3753 1467 5040 1467 3753 1468 5036 1468 5040 1468 4686 1469 4687 1469 5023 1469 5039 1470 5041 1470 5012 1470 5041 1471 5029 1471 5012 1471 5030 1472 5042 1472 5012 1472 5042 1473 5043 1473 5012 1473 5029 1474 5030 1474 5012 1474 5023 1475 4687 1475 4689 1475 5005 1476 5039 1476 5012 1476 5036 1477 4997 1477 5044 1477 5040 1478 5036 1478 5044 1478 5033 1479 5032 1479 5045 1479 5040 1480 5033 1480 5045 1480 5032 1481 5028 1481 5045 1481 5028 1482 5009 1482 5045 1482 5009 1483 5040 1483 5045 1483 5018 1484 5046 1484 5010 1484 5044 1485 4997 1485 5010 1485 3841 1486 3787 1486 5047 1486 5043 1487 5048 1487 5014 1487 5048 1488 5020 1488 5014 1488 5012 1489 5043 1489 5014 1489 5033 1490 5040 1490 5049 1490 5050 1491 5051 1491 5049 1491 5052 1492 5033 1492 5049 1492 5053 1493 5052 1493 5049 1493 5051 1494 5053 1494 5049 1494 5047 1495 3787 1495 5008 1495 5040 1496 5044 1496 5049 1496 5010 1497 5046 1497 5054 1497 5049 1498 5044 1498 5054 1498 5055 1499 5056 1499 5054 1499 5046 1500 5055 1500 5054 1500 5057 1501 5050 1501 5054 1501 5044 1502 5010 1502 5054 1502 5056 1503 5057 1503 5054 1503 5050 1504 5049 1504 5054 1504 5057 1505 5056 1505 5058 1505 4656 1506 4669 1506 4995 1506 4993 1507 5021 1507 4999 1507 4998 1508 5000 1508 4995 1508 5003 1509 4996 1509 4999 1509 5021 1510 5003 1510 4999 1510 4059 1511 4058 1511 5059 1511 5060 1512 5009 1512 5016 1512 5060 1513 5016 1513 5015 1513 5060 1514 5015 1514 4059 1514 5060 1515 4059 1515 5059 1515 5061 1516 5062 1516 4074 1516 5063 1517 5061 1517 4068 1517 5061 1518 4074 1518 4068 1518 5064 1519 5063 1519 4035 1519 5065 1520 5064 1520 4035 1520 5063 1521 4068 1521 4035 1521 5066 1522 5065 1522 5067 1522 5065 1523 4035 1523 5067 1523 5067 1524 4035 1524 4036 1524 5068 1525 5066 1525 5069 1525 5070 1526 5068 1526 5069 1526 5066 1527 5067 1527 5069 1527 5071 1528 5070 1528 5059 1528 5070 1529 5069 1529 5059 1529 5059 1530 4058 1530 4061 1530 5072 1531 5071 1531 4061 1531 5071 1532 5059 1532 4061 1532 5073 1533 5072 1533 4062 1533 5072 1534 4061 1534 4062 1534 5074 1535 5073 1535 3936 1535 5073 1536 4062 1536 3936 1536 5075 1537 5074 1537 3930 1537 5074 1538 3936 1538 3930 1538 5076 1539 5075 1539 3927 1539 5075 1540 3930 1540 3927 1540 5077 1541 5076 1541 3934 1541 5076 1542 3927 1542 3934 1542 5078 1543 5077 1543 3934 1543 5078 1544 3934 1544 4028 1544 3535 1545 3534 1545 5079 1545 3535 1545 5079 1545 5080 1545 3563 1546 5080 1546 5081 1546 3563 1546 3535 1546 5080 1546 3568 1547 5081 1547 5082 1547 3568 1548 3563 1548 5081 1548 3569 1549 5082 1549 5083 1549 3569 1550 3568 1550 5082 1550 3553 1551 5083 1551 5084 1551 3553 1552 3569 1552 5083 1552 3554 1553 5084 1553 5085 1553 3554 1554 5085 1554 5086 1554 3554 1555 3553 1555 5084 1555 3542 1556 3554 1556 5086 1556 3543 1557 5086 1557 5087 1557 3543 1558 5087 1558 5088 1558 3543 1559 3542 1559 5086 1559 3511 1560 3543 1560 5088 1560 3512 1561 5088 1561 5089 1561 3512 1562 5089 1562 5090 1562 3512 1561 3511 1561 5088 1561 4098 1562 3512 1562 5090 1562 4092 1563 5090 1563 5091 1563 4092 1564 5091 1564 5092 1564 4092 1563 4098 1563 5090 1563 4030 1565 5092 1565 5078 1565 4030 1566 4092 1566 5092 1566 4028 1567 4030 1567 5078 1567 4074 1568 5062 1568 5079 1568 3534 1568 4074 1568 5079 1568 5067 1569 4036 1569 3914 1569 5067 1570 3914 1570 5093 1570 3914 1571 4064 1571 5094 1571 5093 1572 3914 1572 5094 1572 3896 1573 5095 1573 5096 1573 3896 1574 3885 1574 5095 1574 3915 1575 5096 1575 5097 1575 3915 1576 3896 1576 5096 1576 3917 1577 5097 1577 5098 1577 3917 1578 3915 1578 5097 1578 3918 1579 5098 1579 5099 1579 3918 1580 3917 1580 5098 1580 3919 1581 5099 1581 5100 1581 3919 1582 3918 1582 5099 1582 3920 1583 5100 1583 5101 1583 3920 1584 3919 1584 5100 1584 4067 1585 5101 1585 5102 1585 4067 1586 3920 1586 5101 1586 4066 1587 5102 1587 5103 1587 4066 1588 4067 1588 5102 1588 4065 1589 5103 1589 5104 1589 4065 1590 4066 1590 5103 1590 5094 1591 5104 1591 5105 1591 5094 1592 4065 1592 5104 1592 4064 1593 4065 1593 5094 1593 5106 1594 5105 1594 5107 1594 5106 1595 5107 1595 5108 1595 5106 1596 5094 1596 5105 1596 5109 1597 5108 1597 5110 1597 5109 1598 5106 1598 5108 1598 5111 1599 5110 1599 5112 1599 5111 1600 5109 1600 5110 1600 3885 1601 3834 1601 5113 1601 3885 1602 5113 1602 5095 1602 5114 1603 5113 1603 3834 1603 5115 1604 5114 1604 3809 1604 5114 1605 3834 1605 3809 1605 5116 1606 5115 1606 3783 1606 5115 1607 3809 1607 3783 1607 5117 1608 5116 1608 3767 1608 5116 1609 3783 1609 3767 1609 5118 1610 5117 1610 3745 1610 5117 1611 3767 1611 3745 1611 5119 1612 5118 1612 3725 1612 5118 1613 3745 1613 3725 1613 5120 1614 5119 1614 3715 1614 5119 1615 3725 1615 3715 1615 5121 1616 5120 1616 3709 1616 5120 1617 3715 1617 3709 1617 5122 1618 5121 1618 3701 1618 5121 1619 3709 1619 3701 1619 5123 1620 5122 1620 3713 1620 5122 1621 3701 1621 3713 1621 5124 1622 5123 1622 5125 1622 5126 1623 5124 1623 5125 1623 5123 1624 3713 1624 5125 1624 5125 1625 3713 1625 3723 1625 5127 1626 5126 1626 5128 1626 5126 1627 5125 1627 5128 1627 5128 1628 3748 1628 3763 1628 5127 1629 5128 1629 3763 1629 5129 1630 5127 1630 3776 1630 5127 1631 3763 1631 3776 1631 5129 1632 3776 1632 3782 1632 5125 1633 3723 1633 5130 1633 3723 1634 3681 1634 5130 1634 3748 1635 5128 1635 3681 1635 5128 1636 5130 1636 3681 1636 5112 1637 5129 1637 5131 1637 5129 1638 3782 1638 5131 1638 5131 1639 3782 1639 3827 1639 5112 1640 5131 1640 5111 1640 5009 1641 5060 1641 5008 1641 5008 1642 5060 1642 5047 1642 5060 1643 5131 1643 3841 1643 5047 1644 5060 1644 3841 1644 3841 1645 5131 1645 3827 1645 5132 1646 4082 1646 3523 1646 5133 1646 5132 1646 3523 1646 5134 1647 3794 1647 3781 1647 5135 1648 5134 1648 3781 1648 5136 1649 5135 1649 3781 1649 5136 1650 3781 1650 3733 1650 5137 1651 5136 1651 3676 1651 5136 1651 3733 1651 3676 1651 5138 1652 5137 1652 3628 1652 5137 1652 3676 1652 3628 1652 5139 1653 5138 1653 3597 1653 5140 1654 5139 1654 3597 1654 5138 1655 3628 1655 3597 1655 5140 1654 3597 1654 3567 1654 5141 1656 5140 1656 3551 1656 5140 1657 3567 1657 3551 1657 5142 1658 5141 1658 3541 1658 5141 1659 3551 1659 3541 1659 5143 1660 5142 1660 3510 1660 5142 1661 3541 1661 3510 1661 5144 1662 5143 1662 3515 1662 5143 1663 3510 1663 3515 1663 5145 1664 5144 1664 4089 1664 5144 1665 3515 1665 4089 1665 5146 1666 5145 1666 4086 1666 5147 1667 5146 1667 4086 1667 5145 1668 4089 1668 4086 1668 5132 1669 5147 1669 4079 1669 5147 1670 4086 1670 4079 1670 5132 1671 4079 1671 4082 1671 3865 1672 3826 1672 5148 1672 3865 1672 5148 1672 5149 1672 3848 1673 5149 1673 5150 1673 3848 1674 3865 1674 5149 1674 3823 1675 5150 1675 5151 1675 3823 1675 3848 1675 5150 1675 3824 1676 5151 1676 5152 1676 3824 1677 3823 1677 5151 1677 3800 1678 5152 1678 5153 1678 3800 1679 3824 1679 5152 1679 3801 1680 5153 1680 5154 1680 3801 1681 5154 1681 5155 1681 3801 1682 3800 1682 5153 1682 3772 1681 3801 1681 5155 1681 3773 1683 5155 1683 5156 1683 3773 1684 5156 1684 5157 1684 3773 1683 3772 1683 5155 1683 3742 1685 3773 1685 5157 1685 3695 1686 5157 1686 5158 1686 3695 1687 5158 1687 5159 1687 3695 1688 3742 1688 5157 1688 3696 1689 3695 1689 5159 1689 3653 1690 5159 1690 5160 1690 3653 1691 5160 1691 5161 1691 3653 1690 3696 1690 5159 1690 3522 1692 5161 1692 5133 1692 3522 1693 3653 1693 5161 1693 3523 1692 3522 1692 5133 1692 3826 1694 3794 1694 5134 1694 3826 1694 5134 1694 5148 1694 5162 1695 3975 1695 3961 1695 5163 1696 5162 1696 3961 1696 5164 1697 5163 1697 3961 1697 5164 1698 3961 1698 3960 1698 5165 1699 5164 1699 3935 1699 5164 1699 3960 1699 3935 1699 5166 1700 5165 1700 3907 1700 5165 1701 3935 1701 3907 1701 5167 1702 5166 1702 3847 1702 5168 1703 5167 1703 3847 1703 5166 1702 3907 1702 3847 1702 5168 1704 3847 1704 3822 1704 5169 1705 5168 1705 3799 1705 5168 1706 3822 1706 3799 1706 5170 1707 5169 1707 3771 1707 5169 1707 3799 1707 3771 1707 5171 1708 5170 1708 3741 1708 5170 1709 3771 1709 3741 1709 5172 1710 5171 1710 3694 1710 5171 1710 3741 1710 3694 1710 5173 1711 5172 1711 3652 1711 5172 1712 3694 1712 3652 1712 5174 1713 5173 1713 3614 1713 5175 1714 5174 1714 3614 1714 5173 1713 3652 1713 3614 1713 5176 1715 5175 1715 3593 1715 5175 1716 3614 1716 3593 1716 5176 1717 3593 1717 3589 1717 3975 1718 5162 1718 5177 1718 3987 1719 3975 1719 5177 1719 5178 1720 5176 1720 3589 1720 5178 1720 3589 1720 3600 1720 4009 1721 3987 1721 5177 1721 4009 1722 5177 1722 5179 1722 3944 1723 5179 1723 5180 1723 3944 1724 4009 1724 5179 1724 3910 1725 5180 1725 5181 1725 3910 1725 3944 1725 5180 1725 3909 1726 5181 1726 5182 1726 3909 1727 3910 1727 5181 1727 3879 1728 5182 1728 5183 1728 3879 1728 3909 1728 5182 1728 3880 1729 5183 1729 5184 1729 3880 1730 5184 1730 5185 1730 3880 1729 3879 1729 5183 1729 3858 1731 3880 1731 5185 1731 3859 1732 5185 1732 5186 1732 3859 1733 5186 1733 5187 1733 3859 1734 3858 1734 5185 1734 3836 1733 3859 1733 5187 1733 3811 1735 5187 1735 5188 1735 3811 1736 5188 1736 5189 1736 3811 1737 3836 1737 5187 1737 3812 1736 3811 1736 5189 1736 3790 1738 5189 1738 5190 1738 3790 1739 5190 1739 5191 1739 3790 1738 3812 1738 5189 1738 3617 1740 5191 1740 5178 1740 3617 1739 3790 1739 5191 1739 3600 1741 3617 1741 5178 1741 5192 1742 4169 1742 4168 1742 5193 1743 5192 1743 4164 1743 5192 1744 4168 1744 4164 1744 5194 1745 5193 1745 4162 1745 5195 1746 5194 1746 4162 1746 5196 1747 5197 1747 4178 1747 5193 1745 4164 1745 4162 1745 5198 1748 5196 1748 4178 1748 5197 1747 4175 1747 4178 1747 5195 1749 4162 1749 4158 1749 5199 1750 5198 1750 4182 1750 5198 1751 4178 1751 4182 1751 5200 1752 5195 1752 4156 1752 5195 1753 4158 1753 4156 1753 5201 1754 5199 1754 4186 1754 5199 1755 4182 1755 4186 1755 5202 1756 5200 1756 4152 1756 5203 1757 5202 1757 4152 1757 5200 1758 4156 1758 4152 1758 5204 1759 5201 1759 4190 1759 5201 1760 4186 1760 4190 1760 5203 1761 4152 1761 4149 1761 5204 1762 4190 1762 4194 1762 5205 1763 5203 1763 4144 1763 5206 1764 5205 1764 4144 1764 5203 1765 4149 1765 4144 1765 5207 1766 5204 1766 4196 1766 5204 1767 4194 1767 4196 1767 5206 1768 4144 1768 4142 1768 5208 1769 5207 1769 4202 1769 5209 1770 5208 1770 4202 1770 5210 1771 5206 1771 4138 1771 5207 1769 4196 1769 4202 1769 5206 1772 4142 1772 4138 1772 5211 1773 5210 1773 4134 1773 5209 1774 4202 1774 4207 1774 5212 1775 5211 1775 4134 1775 5210 1776 4138 1776 4134 1776 5213 1777 5209 1777 4211 1777 5209 1778 4207 1778 4211 1778 5212 1779 4134 1779 4130 1779 5213 1780 4211 1780 4213 1780 5214 1781 5212 1781 4126 1781 5215 1782 5213 1782 4213 1782 5212 1783 4130 1783 4126 1783 5216 1784 5214 1784 4120 1784 5217 1785 5216 1785 4120 1785 5215 1786 4213 1786 4215 1786 5218 1786 5215 1786 4215 1786 5219 1787 5218 1787 4215 1787 5214 1788 4126 1788 4120 1788 5217 1789 4120 1789 4115 1789 5219 1790 4215 1790 4217 1790 5217 1791 4115 1791 4117 1791 5220 1791 5217 1791 4117 1791 5219 1792 4217 1792 4219 1792 5221 1793 5219 1793 4219 1793 5222 1794 5221 1794 4219 1794 5220 1795 4117 1795 4123 1795 5223 1795 5220 1795 4123 1795 5224 1796 5223 1796 4123 1796 5222 1797 4219 1797 4221 1797 5225 1798 5222 1798 4221 1798 5224 1799 4123 1799 4127 1799 5225 1798 4221 1798 4223 1798 5226 1800 5225 1800 4223 1800 5224 1801 4127 1801 4131 1801 5227 1802 5224 1802 4131 1802 5228 1803 5227 1803 4131 1803 5226 1800 4223 1800 4225 1800 5228 1804 4131 1804 4135 1804 5226 1805 4225 1805 4227 1805 5229 1806 5226 1806 4227 1806 5230 1807 5229 1807 4227 1807 5228 1808 4135 1808 4141 1808 5231 1808 5228 1808 4141 1808 5230 1809 4227 1809 4102 1809 5232 1810 5230 1810 4102 1810 5231 1811 4141 1811 4143 1811 5233 1812 5231 1812 4143 1812 5234 1813 5233 1813 4143 1813 5232 1814 4102 1814 4103 1814 5235 1815 5232 1815 4103 1815 5234 1816 4143 1816 4147 1816 5235 1817 4103 1817 4105 1817 5234 1818 4147 1818 4151 1818 5236 1819 5234 1819 4151 1819 5235 1820 4105 1820 4107 1820 5236 1821 4151 1821 4153 1821 5237 1822 5235 1822 4107 1822 5238 1821 5236 1821 4153 1821 5239 1823 5237 1823 4107 1823 5240 1824 5238 1824 4153 1824 5241 1825 5239 1825 4109 1825 5240 1826 4153 1826 4157 1826 5239 1827 4107 1827 4109 1827 5242 1828 5240 1828 4161 1828 5243 1829 5241 1829 4111 1829 5240 1830 4157 1830 4161 1830 5241 1831 4109 1831 4111 1831 5244 1832 5242 1832 4163 1832 5245 1833 5244 1833 4163 1833 5246 1834 5243 1834 4113 1834 5242 1835 4161 1835 4163 1835 5243 1836 4111 1836 4113 1836 5247 1837 5246 1837 4116 1837 5245 1838 4163 1838 4166 1838 5246 1839 4113 1839 4116 1839 5248 1840 5245 1840 4172 1840 5197 1841 5248 1841 4172 1841 5245 1842 4166 1842 4172 1842 5249 1843 5247 1843 4119 1843 5197 1841 4172 1841 4175 1841 5247 1844 4116 1844 4119 1844 5250 1845 5249 1845 4122 1845 5249 1846 4119 1846 4122 1846 5251 1847 5250 1847 4125 1847 5250 1848 4122 1848 4125 1848 5252 1849 5251 1849 4129 1849 5251 1847 4125 1847 4129 1847 5252 1850 4129 1850 4133 1850 5253 1851 5252 1851 4137 1851 5254 1852 5253 1852 4137 1852 5252 1853 4133 1853 4137 1853 5255 1854 5254 1854 4140 1854 5254 1852 4137 1852 4140 1852 5256 1855 5255 1855 4146 1855 5255 1854 4140 1854 4146 1854 5257 1856 5256 1856 4150 1856 5256 1857 4146 1857 4150 1857 5258 1858 5257 1858 4155 1858 5257 1859 4150 1859 4155 1859 5258 1858 4155 1858 4160 1858 5259 1860 5258 1860 4160 1860 5259 1861 4160 1861 4167 1861 5260 1862 5259 1862 4167 1862 5260 1863 4167 1863 4171 1863 5261 1864 5260 1864 4171 1864 5261 1865 4171 1865 4176 1865 5261 1866 4176 1866 4180 1866 5262 1867 5261 1867 4180 1867 5262 1868 4180 1868 4184 1868 5263 1869 5262 1869 4184 1869 5263 1870 4184 1870 4188 1870 5264 1871 5263 1871 4188 1871 5265 1872 5264 1872 4188 1872 5265 1873 4188 1873 4192 1873 5266 1874 5265 1874 4192 1874 5266 1875 4192 1875 4198 1875 5267 1876 5266 1876 4198 1876 5267 1877 4198 1877 4201 1877 5268 1878 5267 1878 4201 1878 5268 1879 4201 1879 4203 1879 5268 1880 4203 1880 4205 1880 5269 1881 5268 1881 4205 1881 5269 1882 4205 1882 4209 1882 5270 1883 5269 1883 4209 1883 5271 1884 5270 1884 4209 1884 5271 1884 4209 1884 4208 1884 5272 1885 5271 1885 4208 1885 5272 1885 4208 1885 4204 1885 5273 1886 5272 1886 4204 1886 5273 1887 4204 1887 4199 1887 5274 1888 5273 1888 4199 1888 5274 1889 4199 1889 4197 1889 5275 1890 5274 1890 4197 1890 5275 1891 4197 1891 4191 1891 5276 1892 5275 1892 4191 1892 5276 1892 4191 1892 4187 1892 5277 1893 5276 1893 4187 1893 5277 1894 4187 1894 4183 1894 5278 1895 5277 1895 4183 1895 5279 1896 5278 1896 4179 1896 5278 1897 4183 1897 4179 1897 5280 1898 5279 1898 4174 1898 5279 1899 4179 1899 4174 1899 5280 1898 4174 1898 4170 1898 5281 1900 5280 1900 4165 1900 5280 1901 4170 1901 4165 1901 5282 1902 5281 1902 4159 1902 5283 1903 5282 1903 4159 1903 5281 1904 4165 1904 4159 1904 5283 1905 4159 1905 4154 1905 5283 1906 4154 1906 4148 1906 5284 1907 5283 1907 4148 1907 5285 1908 5284 1908 4148 1908 5285 1909 4148 1909 4145 1909 5286 1910 5285 1910 4145 1910 5286 1910 4145 1910 4139 1910 5287 1911 5286 1911 4139 1911 5287 1911 4139 1911 4136 1911 5288 1912 5287 1912 4136 1912 5288 1913 4136 1913 4132 1913 5289 1914 5288 1914 4132 1914 5289 1915 4132 1915 4128 1915 5290 1916 5289 1916 4128 1916 5290 1917 4128 1917 4124 1917 5291 1918 5290 1918 4124 1918 5291 1919 4124 1919 4121 1919 5292 1920 5291 1920 4121 1920 5292 1921 4121 1921 4118 1921 5293 1922 5292 1922 4118 1922 5293 1922 4118 1922 4114 1922 5294 1923 5293 1923 4114 1923 5295 1924 5294 1924 4112 1924 5294 1925 4114 1925 4112 1925 5296 1926 5295 1926 4110 1926 5295 1927 4112 1927 4110 1927 5296 1928 4110 1928 4108 1928 5297 1929 5296 1929 4106 1929 5296 1929 4108 1929 4106 1929 5298 1930 5297 1930 4104 1930 5299 1931 5298 1931 4104 1931 5297 1932 4106 1932 4104 1932 5300 1933 5299 1933 4101 1933 5299 1934 4104 1934 4101 1934 5300 1935 4101 1935 4100 1935 5301 1936 5300 1936 4226 1936 5302 1937 5301 1937 4226 1937 5300 1936 4100 1936 4226 1936 5302 1937 4226 1937 4224 1937 5303 1938 5302 1938 4222 1938 5302 1939 4224 1939 4222 1939 5304 1940 5303 1940 4220 1940 5305 1941 5304 1941 4220 1941 5303 1942 4222 1942 4220 1942 5306 1943 5305 1943 4218 1943 5305 1944 4220 1944 4218 1944 5306 1945 4218 1945 4216 1945 5307 1946 5306 1946 4214 1946 5308 1947 5307 1947 4214 1947 5306 1948 4216 1948 4214 1948 5308 1949 4214 1949 4212 1949 5309 1950 5308 1950 4212 1950 5309 1951 4212 1951 4210 1951 5310 1952 5309 1952 4210 1952 5310 1953 4210 1953 4206 1953 5310 1954 4206 1954 4200 1954 5311 1955 5310 1955 4200 1955 5312 1956 5311 1956 4200 1956 5312 1957 4200 1957 4195 1957 5313 1958 5312 1958 4195 1958 5314 1959 5313 1959 4193 1959 5313 1960 4195 1960 4193 1960 5314 1961 4193 1961 4189 1961 5315 1962 5314 1962 4185 1962 5316 1963 5315 1963 4185 1963 5314 1962 4189 1962 4185 1962 5317 1964 5316 1964 4181 1964 5316 1965 4185 1965 4181 1965 5317 1966 4181 1966 4177 1966 5318 1967 5317 1967 4173 1967 5317 1967 4177 1967 4173 1967 5319 1968 5318 1968 4169 1968 5192 1969 5319 1969 4169 1969 5318 1968 4173 1968 4169 1968 4242 1970 4244 1970 4257 1970 4241 1971 4257 1971 4256 1971 4241 220 4242 220 4257 220 4240 1972 4256 1972 4255 1972 4240 220 4241 220 4256 220 4239 1973 4255 1973 4254 1973 4239 220 4240 220 4255 220 4238 1974 4254 1974 4253 1974 4238 1975 4239 1975 4254 1975 4237 1976 4253 1976 4252 1976 4237 1977 4238 1977 4253 1977 4236 1978 4252 1978 4251 1978 4236 1979 4237 1979 4252 1979 4235 220 4236 220 4251 220 4234 1980 4251 1980 4250 1980 4234 1981 4235 1981 4251 1981 4233 1982 4250 1982 4249 1982 4233 220 4234 220 4250 220 4232 1983 4249 1983 4248 1983 4232 220 4233 220 4249 220 4231 1984 4248 1984 4247 1984 4231 220 4232 220 4248 220 4230 220 4247 220 4246 220 4230 220 4231 220 4247 220 4229 1985 4246 1985 4245 1985 4229 220 4230 220 4246 220 4228 1986 4245 1986 4243 1986 4228 1987 4229 1987 4245 1987 4286 220 4273 220 4287 220 4272 220 4273 220 4286 220 4285 220 4272 220 4286 220 4271 220 4272 220 4285 220 4284 220 4271 220 4285 220 4270 220 4271 220 4284 220 4283 1988 4270 1988 4284 1988 4269 220 4270 220 4283 220 4282 220 4269 220 4283 220 4268 220 4269 220 4282 220 4281 1989 4268 1989 4282 1989 4267 220 4268 220 4281 220 4280 220 4267 220 4281 220 4266 220 4267 220 4280 220 4265 1990 4280 1990 4279 1990 4265 1991 4266 1991 4280 1991 4264 1992 4279 1992 4278 1992 4264 220 4265 220 4279 220 4263 1993 4278 1993 4277 1993 4263 220 4264 220 4278 220 4262 1994 4277 1994 4276 1994 4262 220 4263 220 4277 220 4261 1995 4276 1995 4275 1995 4261 220 4262 220 4276 220 4260 1996 4275 1996 4274 1996 4260 220 4261 220 4275 220 4258 1997 4274 1997 4259 1997 4258 220 4260 220 4274 220 4302 1998 4304 1998 4317 1998 4301 1999 4317 1999 4316 1999 4301 2000 4302 2000 4317 2000 4300 2001 4316 2001 4315 2001 4300 220 4301 220 4316 220 4299 2002 4315 2002 4314 2002 4299 2003 4300 2003 4315 2003 4298 2004 4314 2004 4313 2004 4298 220 4299 220 4314 220 4297 2005 4313 2005 4312 2005 4297 2006 4298 2006 4313 2006 4296 2007 4312 2007 4311 2007 4296 220 4297 220 4312 220 4295 220 4296 220 4311 220 4288 2008 4305 2008 4303 2008 4294 220 4311 220 4310 220 4294 220 4295 220 4311 220 4289 220 4306 220 4305 220 4289 2009 4305 2009 4288 2009 4293 220 4310 220 4309 220 4293 220 4294 220 4310 220 4290 2010 4307 2010 4306 2010 4290 2011 4306 2011 4289 2011 4292 220 4309 220 4308 220 4292 2012 4293 2012 4309 2012 4291 220 4308 220 4307 220 4291 220 4307 220 4290 220 4291 220 4292 220 4308 220 4347 220 4319 220 4318 220 4347 220 4333 220 4319 220 4346 220 4332 220 4333 220 4346 220 4333 220 4347 220 4345 2013 4331 2013 4332 2013 4345 2014 4332 2014 4346 2014 4344 220 4330 220 4331 220 4344 2015 4331 2015 4345 2015 4343 220 4329 220 4330 220 4343 220 4330 220 4344 220 4342 2016 4328 2016 4329 2016 4342 220 4329 220 4343 220 4341 220 4327 220 4328 220 4341 2017 4328 2017 4342 2017 4326 220 4327 220 4341 220 4340 220 4326 220 4341 220 4325 220 4326 220 4340 220 4339 2018 4325 2018 4340 2018 4324 2019 4325 2019 4339 2019 4338 220 4324 220 4339 220 4323 2020 4324 2020 4338 2020 4337 220 4323 220 4338 220 4322 220 4323 220 4337 220 4336 220 4322 220 4337 220 4321 220 4322 220 4336 220 4335 220 4321 220 4336 220 4320 220 4321 220 4335 220 4334 220 4320 220 4335 220 4376 220 4363 220 4377 220 4362 2021 4363 2021 4376 2021 4375 220 4362 220 4376 220 4361 2022 4362 2022 4375 2022 4374 220 4361 220 4375 220 4360 2023 4361 2023 4374 2023 4373 220 4360 220 4374 220 4359 220 4360 220 4373 220 4372 2024 4359 2024 4373 2024 4358 220 4359 220 4372 220 4371 220 4358 220 4372 220 4357 220 4358 220 4371 220 4370 220 4357 220 4371 220 4356 220 4357 220 4370 220 4355 220 4370 220 4369 220 4355 220 4356 220 4370 220 4354 2025 4369 2025 4368 2025 4354 2026 4355 2026 4369 2026 4353 2027 4368 2027 4367 2027 4353 220 4354 220 4368 220 4352 2028 4367 2028 4366 2028 4352 220 4353 220 4367 220 4351 2029 4366 2029 4365 2029 4351 2030 4352 2030 4366 2030 4350 2031 4365 2031 4364 2031 4350 220 4351 220 4365 220 4348 2032 4364 2032 4349 2032 4348 220 4350 220 4364 220 4397 2033 4382 2033 4383 2033 4396 220 4381 220 4382 220 4396 220 4382 220 4397 220 4398 2034 4383 2034 4384 2034 4398 220 4397 220 4383 220 4395 2035 4380 2035 4381 2035 4395 2036 4381 2036 4396 2036 4399 220 4384 220 4385 220 4399 220 4398 220 4384 220 4394 220 4378 220 4380 220 4394 220 4380 220 4395 220 4400 220 4385 220 4386 220 4400 220 4386 220 4387 220 4400 220 4399 220 4385 220 4379 2037 4378 2037 4394 2037 4401 2038 4387 2038 4388 2038 4401 220 4400 220 4387 220 4402 2039 4388 2039 4389 2039 4402 220 4401 220 4388 220 4403 220 4389 220 4390 220 4403 220 4402 220 4389 220 4404 2040 4390 2040 4391 2040 4404 220 4403 220 4390 220 4405 2041 4391 2041 4392 2041 4405 220 4404 220 4391 220 4406 2042 4392 2042 4393 2042 4406 220 4405 220 4392 220 4407 2043 4406 2043 4393 2043 4425 220 4424 220 4410 220 4425 2044 4410 2044 4411 2044 4426 220 4411 220 4412 220 4426 2045 4425 2045 4411 2045 4427 2046 4412 2046 4413 2046 4427 220 4426 220 4412 220 4428 220 4413 220 4414 220 4428 220 4427 220 4413 220 4429 2047 4414 2047 4415 2047 4429 220 4428 220 4414 220 4430 2048 4415 2048 4416 2048 4430 220 4429 220 4415 220 4431 2049 4416 2049 4417 2049 4431 2050 4417 2050 4418 2050 4431 220 4430 220 4416 220 4432 2051 4418 2051 4419 2051 4432 220 4431 220 4418 220 4433 2052 4419 2052 4420 2052 4433 2053 4432 2053 4419 2053 4434 2054 4420 2054 4421 2054 4434 2055 4433 2055 4420 2055 4435 2056 4421 2056 4422 2056 4435 220 4434 220 4421 220 4436 2057 4422 2057 4423 2057 4436 220 4435 220 4422 220 4437 220 4423 220 4408 220 4437 2058 4436 2058 4423 2058 4409 220 4437 220 4408 220 4454 220 4439 220 4438 220 4454 2059 4438 2059 4440 2059 4455 2060 4440 2060 4441 2060 4455 220 4454 220 4440 220 4456 2061 4441 2061 4442 2061 4456 220 4455 220 4441 220 4457 2062 4442 2062 4443 2062 4457 2063 4456 2063 4442 2063 4458 2064 4443 2064 4444 2064 4458 220 4457 220 4443 220 4459 2065 4444 2065 4445 2065 4459 220 4458 220 4444 220 4460 220 4445 220 4446 220 4460 220 4459 220 4445 220 4447 220 4460 220 4446 220 4461 2066 4460 2066 4447 2066 4448 220 4461 220 4447 220 4462 220 4461 220 4448 220 4449 220 4462 220 4448 220 4463 2067 4462 2067 4449 2067 4450 220 4463 220 4449 220 4464 220 4463 220 4450 220 4451 220 4464 220 4450 220 4465 220 4464 220 4451 220 4452 220 4465 220 4451 220 4466 2068 4465 2068 4452 2068 4453 220 4466 220 4452 220 4467 2069 4466 2069 4453 2069 4485 2070 4483 2070 4468 2070 4485 2071 4468 2071 4469 2071 4486 2072 4469 2072 4470 2072 4486 220 4485 220 4469 220 4487 2073 4470 2073 4471 2073 4487 220 4486 220 4470 220 4488 2074 4471 2074 4472 2074 4488 220 4487 220 4471 220 4489 2075 4472 2075 4473 2075 4489 220 4488 220 4472 220 4490 220 4473 220 4474 220 4490 220 4489 220 4473 220 4491 2076 4474 2076 4475 2076 4491 220 4490 220 4474 220 4476 220 4491 220 4475 220 4492 220 4491 220 4476 220 4477 220 4492 220 4476 220 4493 2077 4492 2077 4477 2077 4478 220 4493 220 4477 220 4494 220 4493 220 4478 220 4479 2078 4494 2078 4478 2078 4495 220 4494 220 4479 220 4480 2079 4495 2079 4479 2079 4496 220 4495 220 4480 220 4481 220 4496 220 4480 220 4497 220 4496 220 4481 220 4482 220 4497 220 4481 220 4484 220 4497 220 4482 220 4498 220 4515 220 4513 220 4499 220 4516 220 4515 220 4499 220 4515 220 4498 220 4500 220 4517 220 4516 220 4500 2080 4516 2080 4499 2080 4501 2081 4518 2081 4517 2081 4501 220 4517 220 4500 220 4502 2082 4519 2082 4518 2082 4502 2083 4518 2083 4501 2083 4503 220 4520 220 4519 220 4503 2084 4519 2084 4502 2084 4504 220 4521 220 4520 220 4504 220 4520 220 4503 220 4505 220 4521 220 4504 220 4506 220 4522 220 4521 220 4506 2085 4521 2085 4505 2085 4507 220 4523 220 4522 220 4507 2086 4522 2086 4506 2086 4508 220 4524 220 4523 220 4508 2087 4523 2087 4507 2087 4509 220 4525 220 4524 220 4509 2088 4524 2088 4508 2088 4510 2089 4526 2089 4525 2089 4510 2090 4525 2090 4509 2090 4511 220 4527 220 4526 220 4511 2091 4526 2091 4510 2091 4512 220 4514 220 4527 220 4512 2092 4527 2092 4511 2092 4545 220 4544 220 4530 220 4531 220 4545 220 4530 220 4546 2093 4545 2093 4531 2093 4532 2094 4546 2094 4531 2094 4547 220 4546 220 4532 220 4533 2095 4547 2095 4532 2095 4548 2096 4547 2096 4533 2096 4534 220 4548 220 4533 220 4549 2097 4548 2097 4534 2097 4535 220 4549 220 4534 220 4550 2098 4549 2098 4535 2098 4536 220 4550 220 4535 220 4551 2099 4550 2099 4536 2099 4537 2100 4551 2100 4536 2100 4538 220 4552 220 4551 220 4538 2101 4551 2101 4537 2101 4539 2102 4553 2102 4552 2102 4539 2103 4552 2103 4538 2103 4540 2104 4554 2104 4553 2104 4540 2105 4553 2105 4539 2105 4541 220 4555 220 4554 220 4541 220 4554 220 4540 220 4542 220 4556 220 4555 220 4542 220 4555 220 4541 220 4543 2106 4557 2106 4556 2106 4543 220 4556 220 4542 220 4529 220 4528 220 4557 220 4529 220 4557 220 4543 220 4560 220 4575 220 4574 220 4561 2107 4576 2107 4575 2107 4561 220 4575 220 4560 220 4562 220 4577 220 4576 220 4562 220 4576 220 4561 220 4563 2108 4578 2108 4577 2108 4563 2109 4577 2109 4562 2109 4564 2110 4579 2110 4578 2110 4564 220 4578 220 4563 220 4565 220 4580 220 4579 220 4565 2111 4579 2111 4564 2111 4566 220 4581 220 4580 220 4566 2112 4580 2112 4565 2112 4567 2113 4581 2113 4566 2113 4568 220 4582 220 4581 220 4568 2114 4581 2114 4567 2114 4569 2115 4583 2115 4582 2115 4569 220 4582 220 4568 220 4570 220 4584 220 4583 220 4570 2116 4583 2116 4569 2116 4571 2117 4585 2117 4584 2117 4571 220 4584 220 4570 220 4559 220 4558 220 4587 220 4572 220 4586 220 4585 220 4572 220 4585 220 4571 220 4573 2118 4587 2118 4586 2118 4573 220 4559 220 4587 220 4573 2119 4586 2119 4572 2119 4588 220 4604 220 4589 220 4590 220 4605 220 4604 220 4590 2120 4604 2120 4588 2120 4591 220 4606 220 4605 220 4591 2121 4605 2121 4590 2121 4603 2122 4617 2122 4616 2122 4592 2123 4607 2123 4606 2123 4592 2124 4606 2124 4591 2124 4602 220 4616 220 4615 220 4602 220 4603 220 4616 220 4593 220 4608 220 4607 220 4593 2125 4607 2125 4592 2125 4601 220 4615 220 4614 220 4601 220 4602 220 4615 220 4594 220 4609 220 4608 220 4594 220 4608 220 4593 220 4600 2126 4614 2126 4613 2126 4600 220 4601 220 4614 220 4595 220 4610 220 4609 220 4595 2127 4609 2127 4594 2127 4599 220 4613 220 4612 220 4599 220 4600 220 4613 220 4596 2128 4610 2128 4595 2128 4598 2129 4612 2129 4611 2129 4598 220 4599 220 4612 220 4597 220 4611 220 4610 220 4597 2130 4610 2130 4596 2130 4597 220 4598 220 4611 220 4661 2131 4660 2131 5320 2131 4662 2132 4661 2132 5320 2132 4627 2133 4662 2133 5320 2133 4627 2134 5320 2134 4651 2134 4651 2135 5320 2135 5321 2135 4651 2136 5321 2136 4653 2136 4653 2137 5321 2137 4654 2137 4750 2138 4654 2138 5321 2138 4750 2139 4678 2139 4663 2139 4750 2140 4663 2140 4655 2140 4750 2141 4655 2141 4654 2141 5320 2142 4750 2142 5321 2142 4660 2143 4750 2143 5320 2143 4626 2144 4750 2144 4660 2144 4630 2145 4750 2145 4626 2145 3870 2146 4750 2146 4630 2146 4756 2147 5322 2147 5323 2147 4766 2148 5323 2148 5324 2148 4766 2149 4756 2149 5323 2149 4770 2150 5324 2150 5325 2150 4770 2151 4766 2151 5324 2151 4774 2152 5325 2152 5326 2152 4774 2153 4770 2153 5325 2153 4780 2154 5326 2154 5327 2154 4780 2155 4774 2155 5326 2155 4783 2156 4645 2156 4644 2156 4783 2157 5327 2157 4645 2157 4783 2158 4780 2158 5327 2158 4778 2159 4644 2159 4641 2159 4778 2160 4783 2160 4644 2160 4772 2161 4641 2161 4666 2161 4772 2162 4778 2162 4641 2162 4769 2163 4666 2163 4665 2163 4769 2164 4772 2164 4666 2164 4765 2165 4665 2165 4667 2165 4765 2166 4769 2166 4665 2166 4750 2167 4667 2167 4678 2167 4750 2168 4765 2168 4667 2168 5328 2169 5329 2169 5330 2169 5329 2170 5331 2170 5330 2170 5332 2171 5333 2171 5334 2171 5335 2172 5332 2172 5334 2172 5336 2173 5335 2173 5334 2173 5333 2174 5337 2174 5338 2174 5337 2175 5330 2175 5338 2175 5330 2176 5331 2176 5338 2176 5331 2177 5339 2177 5338 2177 5334 2178 5333 2178 5340 2178 5338 2179 5339 2179 5340 2179 5339 2180 5341 2180 5340 2180 5333 2181 5338 2181 5340 2181 5340 2182 5341 2182 5342 2182 5336 2183 5334 2183 5342 2183 5334 2184 5340 2184 5342 2184 5341 2185 5343 2185 5342 2185 5336 2186 5342 2186 5344 2186 5342 2187 5343 2187 5344 2187 5343 2188 5345 2188 5344 2188 5344 2189 5345 2189 5346 2189 5345 2190 5347 2190 5346 2190 5346 2191 5347 2191 5348 2191 5347 2192 5349 2192 5348 2192 5348 2193 5349 2193 5350 2193 5349 2194 5351 2194 5350 2194 5350 2195 5351 2195 5352 2195 5351 2196 5353 2196 5352 2196 5020 2197 5048 2197 5354 2197 5352 2198 5353 2198 5355 2198 5353 2199 5356 2199 5355 2199 5355 2200 5356 2200 5357 2200 5356 2201 5358 2201 5357 2201 5354 2202 5048 2202 5359 2202 5048 2203 5043 2203 5359 2203 5357 2204 5358 2204 5360 2204 5358 2205 5361 2205 5360 2205 5362 2206 5363 2206 5364 2206 5360 2207 5361 2207 5364 2207 5361 2208 5365 2208 5364 2208 5366 2209 5362 2209 5367 2209 5368 2210 5366 2210 5367 2210 5362 2211 5364 2211 5367 2211 5364 2212 5365 2212 5367 2212 5365 2213 5369 2213 5367 2213 5370 2214 5368 2214 5371 2214 5367 2215 5369 2215 5371 2215 5368 2216 5367 2216 5371 2216 5369 2217 5372 2217 5371 2217 5371 2218 5372 2218 5373 2218 5374 2219 5375 2219 5373 2219 5375 2220 5370 2220 5373 2220 5376 2221 5374 2221 5373 2221 5370 2222 5371 2222 5373 2222 5372 2223 5377 2223 5373 2223 5377 2224 5376 2224 5373 2224 5322 2225 5378 2225 5379 2225 5378 2226 5380 2226 5379 2226 5381 2227 5382 2227 5379 2227 5382 2228 5383 2228 5379 2228 5380 2229 5381 2229 5379 2229 5322 2230 5379 2230 5384 2230 5383 2231 5385 2231 5384 2231 5323 2232 5322 2232 5384 2232 5379 2233 5383 2233 5384 2233 4688 2234 4685 2234 5386 2234 5326 2235 5325 2235 5386 2235 5325 2236 5387 2236 5386 2236 4685 2237 5326 2237 5386 2237 5388 2238 4688 2238 5386 2238 5385 2239 5389 2239 5390 2239 5387 2240 5323 2240 5390 2240 5384 2241 5385 2241 5390 2241 5323 2242 5384 2242 5390 2242 5389 2243 5391 2243 5392 2243 5390 2244 5389 2244 5392 2244 5386 2245 5387 2245 5392 2245 5387 2246 5390 2246 5392 2246 5391 2247 5393 2247 5394 2247 5388 2248 5386 2248 5394 2248 5392 2249 5391 2249 5394 2249 5386 2250 5392 2250 5394 2250 5393 2251 5395 2251 5396 2251 5388 2252 5394 2252 5396 2252 5394 2253 5393 2253 5396 2253 5397 2254 5398 2254 5399 2254 5396 2255 5395 2255 5399 2255 5395 2256 5400 2256 5401 2256 5400 2257 5402 2257 5401 2257 5402 2258 5397 2258 5401 2258 5397 2259 5399 2259 5401 2259 5399 2260 5395 2260 5401 2260 5403 2261 5404 2261 5405 2261 5404 2262 5406 2262 5405 2262 5407 2263 5408 2263 5405 2263 5408 2264 5403 2264 5405 2264 5406 2265 5407 2265 5405 2265 5346 2266 5348 2266 5409 2266 5344 2267 5346 2267 5409 2267 5410 2268 5336 2268 5409 2268 5336 2269 5344 2269 5409 2269 5348 2270 5410 2270 5409 2270 4883 2271 5410 2271 5411 2271 5350 2272 5352 2272 5411 2272 5348 2273 5350 2273 5411 2273 5352 2274 5412 2274 5411 2274 5412 2275 4883 2275 5411 2275 5410 2276 5348 2276 5411 2276 5357 2277 5413 2277 5414 2277 5413 2278 4887 2278 5414 2278 4887 2279 5412 2279 5414 2279 5412 2280 5352 2280 5414 2280 5352 2281 5355 2281 5414 2281 5355 2282 5357 2282 5414 2282 5360 2283 5364 2283 5415 2283 5413 2284 5357 2284 5415 2284 5357 2285 5360 2285 5415 2285 5416 2286 5417 2286 5418 2286 5364 2287 5363 2287 5415 2287 5363 2288 5413 2288 5415 2288 5399 2289 5398 2289 5419 2289 5420 2290 5388 2290 5419 2290 5396 2291 5399 2291 5419 2291 5398 2292 5420 2292 5419 2292 5388 2293 5396 2293 5419 2293 5421 2294 5416 2294 5422 2294 5416 2295 5418 2295 5422 2295 5423 2296 5421 2296 5424 2296 5421 2297 5422 2297 5424 2297 5425 2298 5423 2298 5426 2298 5423 2299 5424 2299 5426 2299 5425 2300 5426 2300 5427 2300 5428 2301 5425 2301 5427 2301 5428 2302 5427 2302 5429 2302 5430 2303 5428 2303 5429 2303 5430 2304 5429 2304 5431 2304 5432 2305 5430 2305 5431 2305 5433 2306 5434 2306 4916 2306 5435 2307 5433 2307 4916 2307 4863 2308 5435 2308 4916 2308 5432 2309 5431 2309 5328 2309 5436 2310 5432 2310 5328 2310 4835 2311 4834 2311 5437 2311 5437 2312 4834 2312 5438 2312 5439 2313 5374 2313 5376 2313 5440 2314 5439 2314 5441 2314 5439 2315 5376 2315 5441 2315 5442 2316 5440 2316 5443 2316 5440 2317 5441 2317 5443 2317 5444 2318 5442 2318 5445 2318 5442 2319 5443 2319 5445 2319 5446 2320 5444 2320 5447 2320 5444 2321 5445 2321 5447 2321 5448 2322 5446 2322 5449 2322 5446 2323 5447 2323 5449 2323 4645 2324 5327 2324 4684 2324 5450 2325 5448 2325 5451 2325 5448 2326 5449 2326 5451 2326 4684 2327 5327 2327 5326 2327 5380 2328 5450 2328 5381 2328 5450 2329 5451 2329 5381 2329 4684 2330 5326 2330 4685 2330 5024 2331 4691 2331 5407 2331 5030 2332 5024 2332 5407 2332 4691 2333 5398 2333 5407 2333 5030 2334 5407 2334 5406 2334 5042 2335 5030 2335 5406 2335 5452 2336 5453 2336 5454 2336 5455 2337 5452 2337 5454 2337 4916 2338 5434 2338 5336 2338 4917 2339 4916 2339 5336 2339 5434 2340 5335 2340 5336 2340 4917 2341 5336 2341 5410 2341 4883 2342 4884 2342 5410 2342 4884 2343 4923 2343 5410 2343 4923 2344 4917 2344 5410 2344 4887 2345 4885 2345 5412 2345 4885 2346 4883 2346 5412 2346 4821 2347 4803 2347 5413 2347 4803 2348 4802 2348 5413 2348 4802 2349 4887 2349 5413 2349 5456 2350 5438 2350 5363 2350 5362 2351 5456 2351 5363 2351 4834 2352 4821 2352 5363 2352 4821 2353 5413 2353 5363 2353 5438 2354 4834 2354 5363 2354 5324 2355 5323 2355 5387 2355 5325 2356 5324 2356 5387 2356 4618 2357 4688 2357 5388 2357 5398 2358 4691 2358 5420 2358 4683 2359 4618 2359 5420 2359 4691 2360 4683 2360 5420 2360 4618 2361 5388 2361 5420 2361 5407 2362 5398 2362 5408 2362 5398 2363 5397 2363 5408 2363 5408 2364 5397 2364 5457 2364 5458 2365 5408 2365 5457 2365 5397 2366 5402 2366 5457 2366 5402 2367 5459 2367 5457 2367 5459 2368 5458 2368 5457 2368 5454 2369 5453 2369 5460 2369 5453 2370 5359 2370 5460 2370 5359 2371 5043 2371 5460 2371 5043 2372 5042 2372 5460 2372 5042 2373 5406 2373 5460 2373 5408 2374 5458 2374 5403 2374 5458 2375 5461 2375 5403 2375 5460 2376 5406 2376 5404 2376 5461 2377 5462 2377 5404 2377 5403 2378 5461 2378 5404 2378 5460 2379 5404 2379 5463 2379 5404 2380 5462 2380 5463 2380 5454 2381 5460 2381 5463 2381 5462 2382 5464 2382 5463 2382 5455 2383 5454 2383 5465 2383 5454 2384 5463 2384 5465 2384 5463 2385 5464 2385 5465 2385 5466 2386 5455 2386 5465 2386 5466 2387 5465 2387 5467 2387 5465 2388 5464 2388 5467 2388 5464 2389 5468 2389 5467 2389 5467 2390 5468 2390 5469 2390 5466 2391 5467 2391 5469 2391 5470 2392 5466 2392 5469 2392 5468 2393 5471 2393 5469 2393 5469 2394 5471 2394 5472 2394 5417 2395 5473 2395 5472 2395 5473 2396 5470 2396 5472 2396 5470 2397 5469 2397 5472 2397 5471 2398 5474 2398 5472 2398 5474 2399 5418 2399 5472 2399 5418 2400 5417 2400 5472 2400 5436 2401 5328 2401 5330 2401 5337 2402 5475 2402 5330 2402 5475 2403 5436 2403 5330 2403 5038 2404 5031 2404 5476 2404 5031 2405 5477 2405 5476 2405 5039 2406 5038 2406 5478 2406 5041 2407 5039 2407 5478 2407 5038 2408 5476 2408 5478 2408 5029 2409 5041 2409 5479 2409 5041 2410 5478 2410 5479 2410 5022 2411 5029 2411 5480 2411 5029 2412 5479 2412 5480 2412 5023 2413 5022 2413 5481 2413 5022 2414 5480 2414 5481 2414 4682 2415 4686 2415 5482 2415 4686 2416 5023 2416 5482 2416 5023 2417 5481 2417 5482 2417 4677 2418 4682 2418 5483 2418 4682 2419 5482 2419 5483 2419 4619 2420 4677 2420 5484 2420 4677 2421 5483 2421 5484 2421 4690 2422 4619 2422 5485 2422 4619 2423 5484 2423 5485 2423 4649 2424 4690 2424 5486 2424 4690 2425 5485 2425 5486 2425 4649 2426 5486 2426 4680 2426 4681 2427 4680 2427 5487 2427 4680 2428 5486 2428 5487 2428 4640 2429 4681 2429 5488 2429 4681 2430 5487 2430 5488 2430 5488 2431 4672 2431 4674 2431 5488 2432 4674 2432 4640 2432 5488 2433 4673 2433 4672 2433 4676 2434 4673 2434 5488 2434 5001 2435 5489 2435 5477 2435 5490 2436 5491 2436 5477 2436 5492 2437 5490 2437 5477 2437 5489 2438 5492 2438 5477 2438 5493 2439 5483 2439 5482 2439 5494 2440 5493 2440 5482 2440 4670 2441 4676 2441 5495 2441 5477 2442 5491 2442 5476 2442 5491 2443 5496 2443 5476 2443 5495 2444 4676 2444 5497 2444 5498 2445 5494 2445 5481 2445 4670 2446 5495 2446 5499 2446 5494 2447 5482 2447 5481 2447 4676 2448 5488 2448 5500 2448 5476 2449 5496 2449 5478 2449 5497 2450 4676 2450 5500 2450 5496 2451 5501 2451 5478 2451 4671 2452 4670 2452 5502 2452 5498 2453 5481 2453 5480 2453 4670 2454 5499 2454 5502 2454 5503 2455 5498 2455 5480 2455 5478 2456 5501 2456 5479 2456 5501 2457 5503 2457 5479 2457 5503 2458 5480 2458 5479 2458 5500 2459 5488 2459 5504 2459 4671 2460 5502 2460 5505 2460 5487 2461 5486 2461 5506 2461 5488 2462 5487 2462 5506 2462 5504 2463 5488 2463 5506 2463 4998 2464 4671 2464 5507 2464 4671 2465 5505 2465 5507 2465 5506 2466 5486 2466 5508 2466 4998 2467 5507 2467 5509 2467 5508 2468 5486 2468 5485 2468 5508 2469 5485 2469 5510 2469 5000 2470 4998 2470 5511 2470 4998 2471 5509 2471 5511 2471 5000 2472 5511 2472 5489 2472 5000 2473 5489 2473 5001 2473 5512 2474 5510 2474 5484 2474 5510 2475 5485 2475 5484 2475 5512 2476 5484 2476 5483 2476 5513 2477 5512 2477 5483 2477 5493 2478 5513 2478 5483 2478 4738 2479 4692 2479 4713 2479 4710 2480 4713 2480 4693 2480 4713 2481 4692 2481 4693 2481 4710 2482 4693 2482 4708 2482 4708 2483 4693 2483 4705 2483 4705 2484 4693 2484 4702 2484 4702 2485 4693 2485 4694 2485 4696 220 4695 220 4715 220 4716 220 4696 220 4715 220 4697 220 4696 220 4716 220 4717 220 4697 220 4716 220 4698 220 4697 220 4717 220 4718 220 4698 220 4717 220 4699 220 4698 220 4718 220 4719 2486 4699 2486 4718 2486 4700 220 4699 220 4719 220 4721 2487 4700 2487 4719 2487 4701 220 4700 220 4721 220 4723 220 4701 220 4721 220 4703 220 4701 220 4723 220 4725 220 4703 220 4723 220 4726 2488 4704 2488 4703 2488 4726 220 4703 220 4725 220 4728 220 4706 220 4704 220 4728 2489 4704 2489 4726 2489 4729 220 4707 220 4706 220 4729 220 4706 220 4728 220 4731 2490 4709 2490 4707 2490 4731 220 4707 220 4729 220 4732 2491 4711 2491 4709 2491 4732 2492 4709 2492 4731 2492 4734 220 4712 220 4711 220 4734 220 4711 220 4732 220 4735 220 4714 220 4712 220 4735 220 4712 220 4734 220 4733 2493 4730 2493 4737 2493 4730 2494 4727 2494 4737 2494 4727 2495 4724 2495 4737 2495 4737 2496 4724 2496 4722 2496 4722 2497 4720 2497 4736 2497 4737 2498 4722 2498 4736 2498 5378 2499 5322 2499 4756 2499 5380 2500 5378 2500 4749 2500 5378 2499 4756 2499 4749 2499 5450 2501 5380 2501 4743 2501 5380 2500 4749 2500 4743 2500 5448 2502 5450 2502 4741 2502 5450 2503 4743 2503 4741 2503 5446 2504 5448 2504 4740 2504 5448 2502 4741 2502 4740 2502 5444 2505 5446 2505 4799 2505 5446 2506 4740 2506 4799 2506 5442 2507 5444 2507 4794 2507 5444 2505 4799 2505 4794 2505 5440 2508 5442 2508 4788 2508 5442 2507 4794 2507 4788 2507 5439 2509 5440 2509 4785 2509 5440 2510 4788 2510 4785 2510 5374 2511 5439 2511 4777 2511 5439 2509 4785 2509 4777 2509 5375 2512 5374 2512 4767 2512 5374 2513 4777 2513 4767 2513 5370 2514 5375 2514 4762 2514 5375 2512 4767 2512 4762 2512 5370 2514 4762 2514 4753 2514 4747 2515 4891 2515 4843 2515 4759 2516 4843 2516 4845 2516 4759 2517 4747 2517 4843 2517 4761 2518 4845 2518 4833 2518 4761 2519 4759 2519 4845 2519 4763 2520 4833 2520 4832 2520 4763 2521 4761 2521 4833 2521 4775 2522 4832 2522 4880 2522 4775 2523 4763 2523 4832 2523 4786 2524 4835 2524 5437 2524 4786 2525 4880 2525 4835 2525 4786 2526 4775 2526 4880 2526 4792 2527 5437 2527 5438 2527 4792 2528 4786 2528 5437 2528 4800 2529 5438 2529 5456 2529 4800 2530 4792 2530 5438 2530 4745 2531 5456 2531 5362 2531 4745 2532 4800 2532 5456 2532 4746 2533 5362 2533 5366 2533 4746 2534 5366 2534 5368 2534 4746 2535 4745 2535 5362 2535 4753 2536 5368 2536 5370 2536 4753 2537 4746 2537 5368 2537 5514 2538 4840 2538 4747 2538 4844 2539 4891 2539 4747 2539 4841 2540 4844 2540 4747 2540 4840 2541 4841 2541 4747 2541 5514 2542 4747 2542 5515 2542 5515 2543 4747 2543 4890 2543 4890 2544 4747 2544 4828 2544 4828 2545 4747 2545 4829 2545 4829 2546 4747 2546 3656 2546 4748 2547 5516 2547 5517 2547 4748 2548 4752 2548 5516 2548 4742 2549 5518 2549 5519 2549 4742 2550 5517 2550 5518 2550 4742 2551 4748 2551 5517 2551 4739 2552 4742 2552 5519 2552 4801 2553 5519 2553 5520 2553 4801 2554 4739 2554 5519 2554 4798 2555 5520 2555 5521 2555 4798 2556 4801 2556 5520 2556 4793 2557 4798 2557 5521 2557 4787 2558 5521 2558 5522 2558 4787 2559 4793 2559 5521 2559 4784 2560 4787 2560 5522 2560 4776 2561 5522 2561 5523 2561 4776 2562 4784 2562 5522 2562 4771 2563 5523 2563 5524 2563 4771 2564 4776 2564 5523 2564 4764 2565 5524 2565 5525 2565 4764 2566 4771 2566 5524 2566 4755 2567 5525 2567 5526 2567 4755 2568 4764 2568 5525 2568 4744 2569 4755 2569 5526 2569 5527 2570 4760 2570 4744 2570 5526 2571 5527 2571 4744 2571 5528 2572 5516 2572 4751 2572 5516 2573 4752 2573 4751 2573 5529 2574 5528 2574 4754 2574 5528 2575 4751 2575 4754 2575 5530 2576 5529 2576 4796 2576 5529 2577 4754 2577 4796 2577 5530 2578 4796 2578 4791 2578 5531 2579 5530 2579 4781 2579 5530 2580 4791 2580 4781 2580 5532 2581 5531 2581 4758 2581 5531 2582 4781 2582 4758 2582 5532 2583 4758 2583 4757 2583 5533 2584 5532 2584 4797 2584 5532 2585 4757 2585 4797 2585 5533 2586 4797 2586 4795 2586 5534 2587 5533 2587 4790 2587 5533 2588 4795 2588 4790 2588 5534 2589 4790 2589 4789 2589 5535 2590 5534 2590 4782 2590 5534 2591 4789 2591 4782 2591 5536 2592 5535 2592 4779 2592 5535 2593 4782 2593 4779 2593 5536 2594 4779 2594 4773 2594 5527 2595 5536 2595 4768 2595 5536 2596 4773 2596 4768 2596 5527 2597 4768 2597 4760 2597 4971 2598 4896 2598 5537 2598 4971 2599 4874 2599 4873 2599 4971 2600 4873 2600 4899 2600 4971 2601 4899 2601 4896 2601 5538 2602 4971 2602 5537 2602 4819 2603 4971 2603 5538 2603 4818 2604 4971 2604 4819 2604 4807 2605 4971 2605 4818 2605 3672 2606 4971 2606 4807 2606 4820 2607 4819 2607 5538 2607 4824 2608 4820 2608 5538 2608 4826 2609 4824 2609 5538 2609 4826 2610 5538 2610 4898 2610 4898 2611 5538 2611 5537 2611 4898 2612 5537 2612 4895 2612 4895 2613 5537 2613 4896 2613 4888 2614 4830 2614 5515 2614 4889 2615 4888 2615 5515 2615 4890 2616 4889 2616 5515 2616 4830 2617 4838 2617 5515 2617 4838 2618 4839 2618 5514 2618 5515 2619 4838 2619 5514 2619 5514 2620 4839 2620 4840 2620 4954 2621 5337 2621 5333 2621 4946 2622 5333 2622 5332 2622 4946 2623 4954 2623 5333 2623 4947 2624 5332 2624 5335 2624 4947 2625 4946 2625 5332 2625 4949 2626 5335 2626 5434 2626 4949 2627 4947 2627 5335 2627 4950 2628 5434 2628 5433 2628 4950 2629 5433 2629 5435 2629 4950 2630 4949 2630 5434 2630 4965 2631 4863 2631 4862 2631 4965 2632 5435 2632 4863 2632 4965 2633 4950 2633 5435 2633 4967 2634 4862 2634 4860 2634 4967 2635 4965 2635 4862 2635 4968 2636 4860 2636 4903 2636 4968 2637 4967 2637 4860 2637 4969 2638 4903 2638 4902 2638 4969 2639 4968 2639 4903 2639 4970 2640 4902 2640 4879 2640 4970 2641 4879 2641 4875 2641 4970 2642 4969 2642 4902 2642 4971 2643 4875 2643 4874 2643 4971 2644 4970 2644 4875 2644 4858 2645 5539 2645 4906 2645 4906 2646 5539 2646 4907 2646 4907 2647 5539 2647 4905 2647 5540 2648 4919 2648 4912 2648 5541 2649 5540 2649 4912 2649 5542 2650 5541 2650 4912 2650 5543 2651 5544 2651 5545 2651 5544 2652 5546 2652 5545 2652 5542 2653 4912 2653 4910 2653 5547 2654 5542 2654 4910 2654 5548 2655 5547 2655 4910 2655 5545 2656 5546 2656 5539 2656 5549 2657 5550 2657 5539 2657 5546 2658 5549 2658 5539 2658 5548 2659 4910 2659 4909 2659 5551 2660 5552 2660 5553 2660 5554 2661 5548 2661 4909 2661 5550 2662 5554 2662 4909 2662 5539 2663 5550 2663 4905 2663 5550 2664 4909 2664 4905 2664 5552 2665 5555 2665 5556 2665 5553 2666 5552 2666 5556 2666 5557 2667 5551 2667 5558 2667 5551 2668 5553 2668 5558 2668 5555 2669 5559 2669 5560 2669 5556 2670 5555 2670 5560 2670 5561 2671 5557 2671 5562 2671 5557 2672 5558 2672 5562 2672 5559 2673 5563 2673 5564 2673 5560 2674 5559 2674 5564 2674 5565 2675 5561 2675 5566 2675 5561 2676 5562 2676 5566 2676 5564 2677 5563 2677 5567 2677 5565 2678 5566 2678 5568 2678 5565 2679 5568 2679 5569 2679 5567 2680 5563 2680 5570 2680 5569 2681 5568 2681 5571 2681 5563 2682 4870 2682 4920 2682 5570 2683 5563 2683 4920 2683 5570 2684 4920 2684 5572 2684 5569 2685 5571 2685 5573 2685 5569 2686 5573 2686 5574 2686 5574 2687 5573 2687 5575 2687 5576 2688 5572 2688 4919 2688 5540 2689 5576 2689 4919 2689 5572 2690 4920 2690 4919 2690 5574 2691 5575 2691 5543 2691 5575 2692 5544 2692 5543 2692 4927 2693 5563 2693 4808 2693 4928 2694 5563 2694 4927 2694 4870 2695 5563 2695 4928 2695 4809 2696 4808 2696 5559 2696 4808 2697 5563 2697 5559 2697 4811 2698 4809 2698 5555 2698 4809 2699 5559 2699 5555 2699 4823 2700 4811 2700 5552 2700 4811 2701 5555 2701 5552 2701 4806 2702 4823 2702 5551 2702 4805 2703 4806 2703 5551 2703 4823 2704 5552 2704 5551 2704 4886 2705 4805 2705 5557 2705 4805 2706 5551 2706 5557 2706 4881 2707 4886 2707 5561 2707 4886 2708 5557 2708 5561 2708 4882 2709 4881 2709 5565 2709 4925 2710 4882 2710 5565 2710 4881 2711 5561 2711 5565 2711 4921 2712 4925 2712 5569 2712 4925 2713 5565 2713 5569 2713 4922 2714 4921 2714 5574 2714 4913 2715 4922 2715 5574 2715 4921 2716 5569 2716 5574 2716 4914 2717 4913 2717 5543 2717 4913 2718 5574 2718 5543 2718 4915 2719 4914 2719 5545 2719 4857 2720 4915 2720 5545 2720 4914 2721 5543 2721 5545 2721 4858 2722 4857 2722 5539 2722 4857 2723 5545 2723 5539 2723 5475 2724 5337 2724 4963 2724 5337 2724 4954 2724 4963 2724 5436 2725 5475 2725 4974 2725 5475 2725 4963 2725 4974 2725 5432 2726 5436 2726 4979 2726 5436 2727 4974 2727 4979 2727 5430 2728 5432 2728 4982 2728 5428 2729 5430 2729 4982 2729 5432 2728 4979 2728 4982 2728 5425 2730 5428 2730 4984 2730 5428 2731 4982 2731 4984 2731 5423 2732 5425 2732 4987 2732 5425 2730 4984 2730 4987 2730 5421 2733 5423 2733 4988 2733 5423 2732 4987 2732 4988 2732 5416 2734 5421 2734 4936 2734 5421 2735 4988 2735 4936 2735 5417 2736 5416 2736 4944 2736 5416 2734 4936 2734 4944 2734 5473 2737 5417 2737 4956 2737 5417 2738 4944 2738 4956 2738 5470 2739 5473 2739 4960 2739 5473 2737 4956 2737 4960 2737 5470 2739 4960 2739 4961 2739 4941 2740 5058 2740 5056 2740 4940 2741 5056 2741 5055 2741 4940 2742 4941 2742 5056 2742 4939 2743 5055 2743 5046 2743 4939 2744 4940 2744 5055 2744 4933 2745 5046 2745 5018 2745 4933 2746 4939 2746 5046 2746 4932 2747 5018 2747 5019 2747 4932 2748 4933 2748 5018 2748 4990 2749 5020 2749 5354 2749 4990 2750 5019 2750 5020 2750 4990 2751 4932 2751 5019 2751 4991 2752 5354 2752 5359 2752 4991 2753 4990 2753 5354 2753 4929 2754 5359 2754 5453 2754 4929 2755 4991 2755 5359 2755 4973 2756 5453 2756 5452 2756 4973 2757 4929 2757 5453 2757 4962 2758 5452 2758 5455 2758 4962 2759 5455 2759 5466 2759 4962 2760 4973 2760 5452 2760 4961 2761 5466 2761 5470 2761 4961 2762 4962 2762 5466 2762 5577 2763 5051 2763 4941 2763 5057 2764 5058 2764 4941 2764 5050 2765 5057 2765 4941 2765 5051 2766 5050 2766 4941 2766 5577 2767 4941 2767 5578 2767 5578 2768 4941 2768 5037 2768 5037 2769 4941 2769 5032 2769 5032 2770 4941 2770 5028 2770 5028 2771 4941 2771 3928 2771 5579 2772 4948 2772 5580 2772 5580 2773 4948 2773 4966 2773 4955 2774 5579 2774 5581 2774 4955 2775 4948 2775 5579 2775 4972 2776 5581 2776 5582 2776 4972 2777 4955 2777 5581 2777 4978 2778 5582 2778 5583 2778 4978 2779 4972 2779 5582 2779 4980 2780 4978 2780 5583 2780 4983 2781 5583 2781 5584 2781 4983 2782 4980 2782 5583 2782 4986 2783 4983 2783 5584 2783 4989 2784 5584 2784 5585 2784 4989 2785 4986 2785 5584 2785 4937 2786 4989 2786 5585 2786 4938 2787 5585 2787 5586 2787 4938 2788 4937 2788 5585 2788 4945 2789 5586 2789 5587 2789 4945 2790 4938 2790 5586 2790 4957 2791 5587 2791 5588 2791 4957 2792 4945 2792 5587 2792 4930 2793 5588 2793 5589 2793 4930 2794 4957 2794 5588 2794 4930 2795 5589 2795 5590 2795 4931 2796 4930 2796 5590 2796 5591 2797 5580 2797 4977 2797 5580 2798 4966 2798 4977 2798 5592 2799 5591 2799 4981 2799 5591 2800 4977 2800 4981 2800 5592 2801 4981 2801 4975 2801 5593 2802 5592 2802 4976 2802 5592 2803 4975 2803 4976 2803 5593 2804 4976 2804 4985 2804 5594 2805 5593 2805 4935 2805 5593 2806 4985 2806 4935 2806 5595 2807 5594 2807 4934 2807 5594 2808 4935 2808 4934 2808 5595 2809 4934 2809 4951 2809 5596 2810 5595 2810 4952 2810 5595 2811 4951 2811 4952 2811 5596 2812 4952 2812 4953 2812 5597 2813 5596 2813 4958 2813 5596 2814 4953 2814 4958 2814 5598 2815 5597 2815 4959 2815 5597 2816 4958 2816 4959 2816 5599 2817 5598 2817 4964 2817 5598 2818 4959 2818 4964 2818 5600 2819 5599 2819 4943 2819 5599 2820 4964 2820 4943 2820 5601 2821 5600 2821 4942 2821 5600 2822 4943 2822 4942 2822 5590 2823 5601 2823 4931 2823 5601 2824 4942 2824 4931 2824 5027 2825 5025 2825 5477 2825 5031 2826 5027 2826 5477 2826 5025 2827 5001 2827 5477 2827 5034 2828 5033 2828 5578 2828 5035 2829 5034 2829 5578 2829 5037 2830 5035 2830 5578 2830 5033 2831 5052 2831 5578 2831 5052 2832 5053 2832 5577 2832 5578 2833 5052 2833 5577 2833 5577 2834 5053 2834 5051 2834 5059 2835 5069 2835 5093 2835 5069 2836 5067 2836 5093 2836 5060 2837 5059 2837 5111 2837 5111 2838 5059 2838 5109 2838 5060 2839 5111 2839 5131 2839 5109 2840 5059 2840 5106 2840 5059 2841 5093 2841 5094 2841 5106 2842 5059 2842 5094 2842 5091 2843 5075 2843 5076 2843 5092 220 5076 220 5077 220 5092 2844 5091 2844 5076 2844 5090 220 5074 220 5075 220 5090 220 5075 220 5091 220 5078 220 5092 220 5077 220 5089 220 5073 220 5074 220 5089 2845 5074 2845 5090 2845 5088 220 5072 220 5073 220 5088 220 5073 220 5089 220 5087 220 5071 220 5072 220 5087 2846 5072 2846 5088 2846 5086 2847 5068 2847 5070 2847 5086 220 5070 220 5071 220 5086 220 5071 220 5087 220 5085 220 5066 220 5068 220 5085 220 5068 220 5086 220 5084 2848 5065 2848 5066 2848 5084 220 5066 220 5085 220 5083 220 5064 220 5065 220 5083 2849 5065 2849 5084 2849 5082 2850 5063 2850 5064 2850 5082 2851 5064 2851 5083 2851 5081 220 5061 220 5063 220 5081 220 5063 220 5082 220 5080 220 5062 220 5061 220 5080 2852 5061 2852 5081 2852 5079 220 5062 220 5080 220 5103 2853 5121 2853 5122 2853 5104 220 5122 220 5123 220 5104 220 5103 220 5122 220 5102 2854 5119 2854 5120 2854 5102 2855 5120 2855 5121 2855 5102 220 5121 220 5103 220 5105 220 5123 220 5124 220 5105 220 5104 220 5123 220 5101 220 5118 220 5119 220 5101 2856 5119 2856 5102 2856 5107 220 5124 220 5126 220 5107 220 5105 220 5124 220 5100 220 5117 220 5118 220 5100 2857 5118 2857 5101 2857 5108 220 5126 220 5127 220 5108 220 5107 220 5126 220 5099 2858 5116 2858 5117 2858 5099 220 5117 220 5100 220 5110 2859 5127 2859 5129 2859 5110 220 5108 220 5127 220 5098 220 5115 220 5116 220 5098 2860 5116 2860 5099 2860 5112 220 5110 220 5129 220 5097 220 5114 220 5115 220 5097 2861 5115 2861 5098 2861 5096 220 5113 220 5114 220 5096 2862 5114 2862 5097 2862 5095 2863 5113 2863 5096 2863 5128 2864 5125 2864 5130 2864 5161 2865 5132 2865 5133 2865 5161 220 5147 220 5132 220 5160 220 5146 220 5147 220 5160 2866 5147 2866 5161 2866 5159 2867 5145 2867 5146 2867 5159 2868 5146 2868 5160 2868 5158 220 5144 220 5145 220 5158 2869 5145 2869 5159 2869 5157 220 5143 220 5144 220 5157 2870 5144 2870 5158 2870 5156 220 5142 220 5143 220 5156 2871 5143 2871 5157 2871 5155 220 5140 220 5141 220 5155 220 5141 220 5142 220 5155 2872 5142 2872 5156 2872 5154 220 5139 220 5140 220 5154 220 5140 220 5155 220 5153 220 5138 220 5139 220 5153 220 5139 220 5154 220 5152 2873 5137 2873 5138 2873 5152 2874 5138 2874 5153 2874 5151 220 5136 220 5137 220 5151 2875 5137 2875 5152 2875 5150 2876 5135 2876 5136 2876 5150 220 5136 220 5151 220 5149 220 5134 220 5135 220 5149 220 5135 220 5150 220 5148 220 5134 220 5149 220 5191 220 5176 220 5178 220 5191 220 5175 220 5176 220 5190 220 5174 220 5175 220 5190 2877 5175 2877 5191 2877 5189 220 5173 220 5174 220 5189 220 5174 220 5190 220 5188 220 5172 220 5173 220 5188 220 5173 220 5189 220 5187 2878 5171 2878 5172 2878 5187 2879 5172 2879 5188 2879 5186 220 5170 220 5171 220 5186 2880 5171 2880 5187 2880 5185 220 5169 220 5170 220 5185 220 5170 220 5186 220 5168 2881 5169 2881 5185 2881 5184 220 5168 220 5185 220 5167 2882 5168 2882 5184 2882 5183 2883 5167 2883 5184 2883 5166 2884 5167 2884 5183 2884 5182 220 5166 220 5183 220 5165 2885 5166 2885 5182 2885 5181 220 5165 220 5182 220 5164 2886 5165 2886 5181 2886 5180 220 5164 220 5181 220 5163 2887 5164 2887 5180 2887 5179 2888 5163 2888 5180 2888 5162 220 5163 220 5179 220 5177 220 5162 220 5179 220 5602 2889 5603 2889 5285 2889 5286 221 5602 221 5285 221 5604 2890 5254 2890 5255 2890 5605 221 5604 221 5255 221 5603 2891 5606 2891 5284 2891 5285 221 5603 221 5284 221 5605 2892 5255 2892 5256 2892 5606 2893 5607 2893 5283 2893 5284 221 5606 221 5283 221 5608 221 5605 221 5257 221 5605 2894 5256 2894 5257 2894 5607 2895 5609 2895 5282 2895 5283 221 5607 221 5282 221 5608 2896 5257 2896 5258 2896 5609 2897 5610 2897 5281 2897 5282 221 5609 221 5281 221 5611 221 5608 221 5259 221 5216 221 5217 221 5612 221 5608 2898 5258 2898 5259 2898 5217 221 5220 221 5613 221 5281 2899 5610 2899 5280 2899 5610 2900 5614 2900 5280 2900 5611 2901 5259 2901 5260 2901 5612 221 5217 221 5613 221 5214 2902 5216 2902 5615 2902 5216 2903 5612 2903 5615 2903 5220 221 5223 221 5616 221 5280 221 5614 221 5279 221 5613 221 5220 221 5616 221 5614 2904 5617 2904 5279 2904 5611 221 5260 221 5261 221 5212 221 5214 221 5618 221 5619 2905 5611 2905 5261 2905 5214 2906 5615 2906 5618 2906 5223 221 5224 221 5620 221 5224 2907 5227 2907 5620 2907 5616 221 5223 221 5620 221 5210 2908 5211 2908 5621 2908 5211 221 5212 221 5621 221 5212 221 5618 221 5621 221 5227 2909 5228 2909 5622 2909 5620 221 5227 221 5622 221 5228 2910 5231 2910 5623 2910 5279 221 5617 221 5278 221 5622 221 5228 221 5623 221 5617 2911 5624 2911 5278 2911 5205 2912 5206 2912 5625 2912 5206 2913 5210 2913 5625 2913 5619 2914 5261 2914 5262 2914 5210 221 5621 221 5625 221 5278 221 5624 221 5277 221 5231 221 5233 221 5626 221 5624 221 5627 221 5277 221 5619 2915 5262 2915 5263 2915 5623 221 5231 221 5626 221 5628 2916 5619 2916 5263 2916 5233 2917 5234 2917 5629 2917 5277 221 5627 221 5276 221 5626 221 5233 221 5629 221 5627 2918 5630 2918 5276 2918 5628 2919 5263 2919 5264 2919 5202 2920 5203 2920 5631 2920 5203 2921 5205 2921 5631 2921 5205 2922 5625 2922 5631 2922 5276 221 5630 221 5275 221 5234 2923 5236 2923 5632 2923 5629 221 5234 221 5632 221 5630 221 5633 221 5275 221 5628 2924 5264 2924 5265 2924 5634 221 5628 221 5265 221 5236 2925 5238 2925 5635 2925 5275 2926 5633 2926 5274 2926 5632 221 5236 221 5635 221 5633 2927 5636 2927 5274 2927 5634 2928 5265 2928 5266 2928 5195 221 5200 221 5637 221 5200 221 5202 221 5637 221 5274 221 5636 221 5273 221 5202 2929 5631 2929 5637 2929 5634 2930 5266 2930 5267 2930 5638 221 5634 221 5267 221 5635 221 5238 221 5639 221 5638 221 5267 221 5268 221 5640 221 5638 221 5268 221 5238 2931 5240 2931 5639 2931 5273 221 5636 221 5272 221 5636 2932 5641 2932 5272 2932 5272 221 5641 221 5271 221 5639 221 5240 221 5642 221 5641 221 5643 221 5271 221 5240 2933 5242 2933 5642 2933 5640 2934 5268 2934 5269 2934 5644 2935 5640 2935 5269 2935 5194 221 5195 221 5645 221 5271 221 5643 221 5270 221 5644 2936 5269 2936 5270 2936 5195 221 5637 221 5645 221 5643 221 5644 221 5270 221 5193 221 5194 221 5645 221 5642 221 5242 221 5646 221 5242 2937 5244 2937 5646 2937 5646 221 5244 221 5647 221 5244 2938 5245 2938 5647 2938 5193 2939 5645 2939 5648 2939 5319 221 5192 221 5648 221 5192 2940 5193 2940 5648 2940 5245 2941 5248 2941 5649 2941 5647 221 5245 221 5649 221 5197 221 5196 221 5650 221 5248 221 5197 221 5650 221 5649 221 5248 221 5650 221 5319 2942 5648 2942 5651 2942 5317 2943 5318 2943 5651 2943 5318 2944 5319 2944 5651 2944 5196 221 5198 221 5652 221 5650 2945 5196 2945 5652 2945 5317 2946 5651 2946 5653 2946 5315 221 5316 221 5653 221 5316 221 5317 221 5653 221 5198 221 5199 221 5654 221 5652 2947 5198 2947 5654 2947 5199 221 5201 221 5655 221 5654 2948 5199 2948 5655 2948 5315 2949 5653 2949 5656 2949 5313 221 5314 221 5656 221 5314 221 5315 221 5656 221 5201 221 5204 221 5657 221 5655 2950 5201 2950 5657 2950 5204 2951 5207 2951 5658 2951 5657 2952 5204 2952 5658 2952 5313 221 5656 221 5659 221 5311 221 5312 221 5659 221 5312 221 5313 221 5659 221 5207 221 5208 221 5660 221 5658 2953 5207 2953 5660 2953 5208 221 5209 221 5661 221 5660 2954 5208 2954 5661 2954 5311 2955 5659 2955 5662 2955 5309 221 5310 221 5662 221 5310 2956 5311 2956 5662 2956 5209 221 5213 221 5663 221 5661 2957 5209 2957 5663 2957 5213 221 5215 221 5664 221 5663 221 5213 221 5664 221 5309 2958 5662 2958 5665 2958 5308 2959 5309 2959 5665 2959 5308 2960 5665 2960 5307 2960 5664 2961 5215 2961 5666 2961 5215 221 5218 221 5666 221 5666 221 5218 221 5667 221 5218 2909 5219 2909 5667 2909 5307 221 5665 221 5668 221 5306 2962 5307 2962 5668 2962 5306 221 5668 221 5305 221 5219 221 5221 221 5669 221 5667 2963 5219 2963 5669 2963 5305 221 5668 221 5670 221 5305 221 5670 221 5304 221 5669 2964 5221 2964 5222 2964 5669 2965 5222 2965 5671 2965 5304 2966 5670 2966 5672 2966 5304 2967 5672 2967 5303 2967 5671 221 5222 221 5225 221 5671 221 5225 221 5673 221 5303 2968 5672 2968 5674 2968 5303 221 5674 221 5302 221 5673 221 5225 221 5226 221 5673 221 5226 221 5675 221 5302 2969 5674 2969 5676 2969 5302 221 5676 221 5301 221 5675 2970 5226 2970 5229 2970 5675 2971 5229 2971 5677 2971 5301 221 5676 221 5678 221 5301 221 5678 221 5300 221 5677 2972 5229 2972 5230 2972 5677 221 5230 221 5679 221 5300 2973 5678 2973 5680 2973 5300 221 5680 221 5299 221 5679 221 5230 221 5232 221 5679 221 5232 221 5681 221 5680 221 5682 221 5298 221 5299 2974 5680 2974 5298 2974 5681 2975 5232 2975 5235 2975 5682 221 5683 221 5297 221 5298 2926 5682 2926 5297 2926 5681 2976 5235 2976 5237 2976 5681 221 5237 221 5684 221 5683 221 5685 221 5296 221 5297 2977 5683 2977 5296 2977 5684 2978 5237 2978 5239 2978 5685 221 5686 221 5295 221 5296 221 5685 221 5295 221 5687 2979 5684 2979 5241 2979 5684 2980 5239 2980 5241 2980 5686 221 5688 221 5294 221 5295 2981 5686 2981 5294 2981 5687 2982 5241 2982 5243 2982 5294 2983 5688 2983 5293 2983 5688 221 5689 221 5293 221 5690 221 5687 221 5246 221 5687 2984 5243 2984 5246 2984 5689 221 5691 221 5292 221 5293 2985 5689 2985 5292 2985 5690 221 5246 221 5247 221 5691 221 5692 221 5291 221 5292 2986 5691 2986 5291 2986 5690 2987 5247 2987 5249 2987 5693 221 5690 221 5249 221 5692 221 5694 221 5290 221 5291 2988 5692 2988 5290 2988 5693 2989 5249 2989 5250 2989 5694 221 5695 221 5289 221 5290 2990 5694 2990 5289 2990 5693 2991 5250 2991 5251 2991 5696 221 5693 221 5251 221 5695 221 5697 221 5288 221 5289 2992 5695 2992 5288 2992 5696 2993 5251 2993 5252 2993 5697 221 5602 221 5287 221 5288 2994 5697 2994 5287 2994 5696 2995 5252 2995 5253 2995 5604 221 5696 221 5253 221 5287 221 5602 221 5286 221 5604 2996 5253 2996 5254 2996 5402 2997 5698 2997 5699 2997 5459 2998 5402 2998 5699 2998 5459 2999 5699 2999 5700 2999 5458 3000 5459 3000 5700 3000 5458 3001 5700 3001 5701 3001 5461 3002 5458 3002 5701 3002 5461 3003 5701 3003 5702 3003 5462 3004 5461 3004 5702 3004 5462 3005 5702 3005 5703 3005 5464 3006 5462 3006 5703 3006 5464 3007 5703 3007 5704 3007 5468 3008 5464 3008 5704 3008 5468 3009 5704 3009 5705 3009 5471 3010 5468 3010 5705 3010 5471 3011 5705 3011 5706 3011 5474 3012 5471 3012 5706 3012 5474 3013 5706 3013 5707 3013 5418 3014 5474 3014 5707 3014 5418 3015 5707 3015 5708 3015 5422 3016 5418 3016 5708 3016 5422 3017 5708 3017 5709 3017 5424 3018 5422 3018 5709 3018 5424 3019 5709 3019 5710 3019 5426 3019 5424 3019 5710 3019 5426 3020 5710 3020 5711 3020 5427 3020 5426 3020 5711 3020 5427 3021 5711 3021 5712 3021 5429 3022 5427 3022 5712 3022 5429 3023 5712 3023 5713 3023 5431 3024 5429 3024 5713 3024 5328 3025 5431 3025 5714 3025 5431 3026 5713 3026 5714 3026 5329 3027 5328 3027 5715 3027 5328 3028 5714 3028 5715 3028 5331 3029 5329 3029 5716 3029 5329 3030 5715 3030 5716 3030 5339 3031 5331 3031 5717 3031 5331 3032 5716 3032 5717 3032 5341 3033 5339 3033 5718 3033 5343 3034 5341 3034 5718 3034 5339 3035 5717 3035 5718 3035 5343 3036 5718 3036 5719 3036 5345 3037 5343 3037 5719 3037 5347 3038 5345 3038 5720 3038 5345 3039 5719 3039 5720 3039 5349 3040 5347 3040 5721 3040 5347 3041 5720 3041 5721 3041 5349 3042 5721 3042 5722 3042 5351 3043 5349 3043 5722 3043 5351 3044 5722 3044 5723 3044 5353 3045 5351 3045 5723 3045 5353 3046 5723 3046 5724 3046 5356 3047 5353 3047 5724 3047 5356 3048 5724 3048 5725 3048 5358 3049 5356 3049 5725 3049 5358 3050 5725 3050 5726 3050 5361 3051 5358 3051 5726 3051 5361 3052 5726 3052 5727 3052 5365 3053 5361 3053 5727 3053 5365 3054 5727 3054 5728 3054 5369 3055 5365 3055 5728 3055 5369 3056 5728 3056 5729 3056 5372 3057 5369 3057 5729 3057 5372 3058 5729 3058 5730 3058 5377 3059 5372 3059 5730 3059 5377 3060 5730 3060 5731 3060 5376 3061 5377 3061 5731 3061 5376 3062 5731 3062 5732 3062 5441 3063 5376 3063 5732 3063 5441 3064 5732 3064 5733 3064 5443 3065 5441 3065 5733 3065 5443 3066 5733 3066 5734 3066 5445 3067 5443 3067 5734 3067 5445 3068 5734 3068 5735 3068 5447 1107 5445 1107 5735 1107 5447 1107 5735 1107 5736 1107 5449 3069 5447 3069 5736 3069 5449 3069 5736 3069 5737 3069 5451 3070 5449 3070 5737 3070 5451 3071 5737 3071 5738 3071 5381 3072 5451 3072 5738 3072 5381 3073 5738 3073 5739 3073 5382 3074 5381 3074 5739 3074 5382 3075 5739 3075 5740 3075 5383 3076 5382 3076 5740 3076 5383 3077 5740 3077 5741 3077 5385 3078 5383 3078 5741 3078 5385 3079 5741 3079 5742 3079 5389 3080 5385 3080 5742 3080 5389 3081 5742 3081 5743 3081 5391 3082 5389 3082 5743 3082 5391 3083 5743 3083 5744 3083 5393 3084 5391 3084 5744 3084 5393 3085 5744 3085 5745 3085 5395 3086 5393 3086 5745 3086 5400 3087 5395 3087 5746 3087 5395 3088 5745 3088 5746 3088 5402 3089 5400 3089 5747 3089 5400 3090 5746 3090 5747 3090 5402 3091 5747 3091 5698 3091 5748 3092 5492 3092 5489 3092 5749 3093 5748 3093 5489 3093 5749 3094 5489 3094 5511 3094 5750 3095 5749 3095 5511 3095 5751 3096 5752 3096 5505 3096 5750 3097 5511 3097 5509 3097 5753 3098 5750 3098 5509 3098 5754 3099 5751 3099 5502 3099 5751 3100 5505 3100 5502 3100 5752 3101 5753 3101 5507 3101 5753 3102 5509 3102 5507 3102 5755 3103 5754 3103 5499 3103 5754 3104 5502 3104 5499 3104 5752 3105 5507 3105 5505 3105 5756 3106 5755 3106 5495 3106 5755 3107 5499 3107 5495 3107 5757 3108 5756 3108 5497 3108 5756 3109 5495 3109 5497 3109 5758 3110 5757 3110 5500 3110 5757 3111 5497 3111 5500 3111 5759 3112 5758 3112 5504 3112 5758 3113 5500 3113 5504 3113 5760 3114 5759 3114 5506 3114 5759 3115 5504 3115 5506 3115 5761 3116 5760 3116 5508 3116 5760 3117 5506 3117 5508 3117 5762 3118 5761 3118 5510 3118 5761 3119 5508 3119 5510 3119 5763 3120 5762 3120 5512 3120 5762 3121 5510 3121 5512 3121 5764 3122 5763 3122 5513 3122 5763 3123 5512 3123 5513 3123 5764 3124 5513 3124 5493 3124 5765 3125 5764 3125 5493 3125 5765 3126 5493 3126 5494 3126 5766 3127 5765 3127 5494 3127 5766 3128 5494 3128 5498 3128 5767 3129 5766 3129 5498 3129 5767 3130 5498 3130 5503 3130 5768 3131 5767 3131 5503 3131 5768 3132 5503 3132 5501 3132 5769 3133 5768 3133 5501 3133 5769 3134 5501 3134 5496 3134 5770 3135 5769 3135 5496 3135 5770 3136 5496 3136 5491 3136 5771 3137 5770 3137 5491 3137 5771 3138 5491 3138 5490 3138 5772 3139 5771 3139 5490 3139 5772 3140 5490 3140 5492 3140 5748 3141 5772 3141 5492 3141 5533 3142 5534 3142 5522 3142 5534 3143 5523 3143 5522 3143 5532 3144 5533 3144 5521 3144 5533 3145 5522 3145 5521 3145 5531 3146 5532 3146 5520 3146 5532 3147 5521 3147 5520 3147 5530 3148 5531 3148 5519 3148 5531 3149 5520 3149 5519 3149 5530 3150 5519 3150 5518 3150 5529 3151 5530 3151 5517 3151 5528 3152 5529 3152 5517 3152 5530 3153 5518 3153 5517 3153 5528 3154 5517 3154 5516 3154 5523 3155 5534 3155 5535 3155 5524 220 5535 220 5536 220 5524 220 5523 220 5535 220 5525 220 5536 220 5527 220 5525 220 5524 220 5536 220 5526 220 5525 220 5527 220 5773 3156 5774 3156 5575 3156 5773 3157 5575 3157 5573 3157 5775 3158 5773 3158 5573 3158 5776 3159 5777 3159 5566 3159 5775 3160 5573 3160 5571 3160 5778 3161 5775 3161 5571 3161 5779 3162 5776 3162 5562 3162 5776 3163 5566 3163 5562 3163 5777 3164 5778 3164 5568 3164 5778 3165 5571 3165 5568 3165 5780 3166 5779 3166 5558 3166 5779 3167 5562 3167 5558 3167 5777 3168 5568 3168 5566 3168 5781 3169 5780 3169 5553 3169 5780 3170 5558 3170 5553 3170 5782 3171 5781 3171 5556 3171 5781 3172 5553 3172 5556 3172 5783 3173 5782 3173 5560 3173 5782 3174 5556 3174 5560 3174 5784 3175 5783 3175 5564 3175 5783 3176 5560 3176 5564 3176 5785 3177 5784 3177 5567 3177 5784 3178 5564 3178 5567 3178 5786 3179 5785 3179 5570 3179 5785 3180 5567 3180 5570 3180 5787 3181 5786 3181 5572 3181 5786 3182 5570 3182 5572 3182 5788 3183 5787 3183 5576 3183 5787 3184 5572 3184 5576 3184 5789 3185 5788 3185 5540 3185 5788 3186 5576 3186 5540 3186 5789 3187 5540 3187 5541 3187 5790 3188 5789 3188 5541 3188 5790 3189 5541 3189 5542 3189 5791 3190 5790 3190 5542 3190 5791 3191 5542 3191 5547 3191 5792 3192 5791 3192 5547 3192 5792 3193 5547 3193 5548 3193 5793 3194 5792 3194 5548 3194 5793 3195 5548 3195 5554 3195 5794 3196 5793 3196 5554 3196 5794 3197 5554 3197 5550 3197 5795 3198 5794 3198 5550 3198 5795 3199 5550 3199 5549 3199 5796 3200 5795 3200 5549 3200 5796 3201 5549 3201 5546 3201 5797 3202 5796 3202 5546 3202 5797 3203 5546 3203 5544 3203 5774 3204 5797 3204 5544 3204 5774 3205 5544 3205 5575 3205 5581 3206 5579 3206 5591 3206 5579 3207 5580 3207 5591 3207 5582 3208 5581 3208 5592 3208 5581 3209 5591 3209 5592 3209 5583 3210 5582 3210 5593 3210 5582 3211 5592 3211 5593 3211 5584 3212 5583 3212 5594 3212 5583 3213 5593 3213 5594 3213 5585 3214 5584 3214 5595 3214 5584 3215 5594 3215 5595 3215 5586 3216 5585 3216 5596 3216 5585 3217 5595 3217 5596 3217 5586 3218 5596 3218 5597 3218 5587 3219 5586 3219 5598 3219 5586 3220 5597 3220 5598 3220 5588 220 5587 220 5599 220 5587 3221 5598 3221 5599 3221 5589 220 5588 220 5600 220 5588 3222 5599 3222 5600 3222 5589 3223 5600 3223 5601 3223 5589 3224 5601 3224 5590 3224 5798 3225 5650 3225 5652 3225 5799 3226 5652 3226 5654 3226 5799 3225 5798 3225 5652 3225 5800 3227 5654 3227 5655 3227 5800 3226 5799 3226 5654 3226 5801 3228 5655 3228 5657 3228 5801 3229 5800 3229 5655 3229 5802 3230 5657 3230 5658 3230 5802 3231 5801 3231 5657 3231 5803 3230 5802 3230 5658 3230 5804 3232 5658 3232 5660 3232 5804 3233 5660 3233 5661 3233 5804 3234 5803 3234 5658 3234 5805 3235 5804 3235 5661 3235 5806 3236 5661 3236 5663 3236 5806 3237 5663 3237 5664 3237 5806 3238 5805 3238 5661 3238 5807 3239 5806 3239 5664 3239 5808 3240 5664 3240 5666 3240 5808 3241 5666 3241 5667 3241 5808 3242 5807 3242 5664 3242 5809 3243 5667 3243 5669 3243 5809 3244 5808 3244 5667 3244 5810 3245 5809 3245 5669 3245 5811 3246 5669 3246 5671 3246 5811 3247 5810 3247 5669 3247 5812 3248 5671 3248 5673 3248 5812 3249 5673 3249 5675 3249 5812 3250 5811 3250 5671 3250 5813 3251 5812 3251 5675 3251 5814 3252 5675 3252 5677 3252 5814 3253 5813 3253 5675 3253 5815 3254 5814 3254 5677 3254 5815 3255 5677 3255 5679 3255 5816 3256 5815 3256 5679 3256 5816 3257 5679 3257 5681 3257 5817 3258 5621 3258 5618 3258 5817 3259 5818 3259 5621 3259 5819 3260 5618 3260 5615 3260 5819 3261 5817 3261 5618 3261 5820 3262 5615 3262 5612 3262 5820 3263 5819 3263 5615 3263 5821 3264 5612 3264 5613 3264 5821 3265 5613 3265 5616 3265 5821 3266 5820 3266 5612 3266 5822 3267 5821 3267 5616 3267 5823 3268 5616 3268 5620 3268 5823 3269 5822 3269 5616 3269 5824 3270 5620 3270 5622 3270 5824 3271 5823 3271 5620 3271 5825 3272 5622 3272 5623 3272 5825 3273 5824 3273 5622 3273 5826 3274 5623 3274 5626 3274 5826 3275 5825 3275 5623 3275 5827 3276 5626 3276 5629 3276 5827 3277 5629 3277 5632 3277 5827 3278 5826 3278 5626 3278 5828 3279 5632 3279 5635 3279 5828 3280 5827 3280 5632 3280 5829 3281 5828 3281 5635 3281 5830 3282 5635 3282 5639 3282 5830 3283 5829 3283 5635 3283 5831 3284 5639 3284 5642 3284 5831 3284 5830 3284 5639 3284 5832 3285 5831 3285 5642 3285 5832 3286 5642 3286 5646 3286 5833 3287 5832 3287 5646 3287 5833 3288 5646 3288 5647 3288 5833 3289 5647 3289 5649 3289 5834 3289 5833 3289 5649 3289 5798 3290 5834 3290 5649 3290 5798 3290 5649 3290 5650 3290 5835 4405 5681 4405 5684 4405 5836 221 5735 221 5837 221 5668 221 5665 221 5837 221 5665 221 5662 221 5837 221 5835 4406 5684 4406 5687 4406 5662 221 5659 221 5837 221 5659 4407 5656 4407 5837 4407 5656 4408 5653 4408 5837 4408 5653 221 5651 221 5837 221 5835 4409 5687 4409 5690 4409 5733 221 5732 221 5837 221 5734 3356 5733 3356 5837 3356 5735 3357 5734 3357 5837 3357 5651 221 5836 221 5837 221 5651 221 5648 221 5836 221 5648 4410 5645 4410 5836 4410 5645 4411 5637 4411 5836 4411 5637 221 5631 221 5836 221 5631 221 5625 221 5836 221 5711 221 5710 221 5838 221 5625 221 5621 221 5836 221 5712 3357 5711 3357 5838 3357 5837 3360 5732 3360 5731 3360 5713 3356 5712 3356 5838 3356 5714 221 5713 221 5838 221 5715 221 5714 221 5838 221 5716 221 5715 221 5838 221 5717 221 5716 221 5838 221 5718 221 5717 221 5838 221 5719 221 5718 221 5838 221 5720 3380 5719 3380 5838 3380 5721 221 5720 221 5838 221 5837 3361 5731 3361 5730 3361 5722 221 5721 221 5838 221 5723 221 5722 221 5838 221 5837 221 5723 221 5838 221 5710 221 5835 221 5838 221 5835 4412 5690 4412 5693 4412 5837 3362 5730 3362 5729 3362 5835 4413 5693 4413 5696 4413 5836 3348 5742 3348 5741 3348 5838 221 5835 221 5604 221 5835 4414 5696 4414 5604 4414 5837 3363 5729 3363 5728 3363 5838 4415 5604 4415 5605 4415 5742 221 5836 221 5743 221 5838 4416 5605 4416 5608 4416 5836 3349 5741 3349 5740 3349 5838 4417 5608 4417 5611 4417 5837 3364 5728 3364 5727 3364 5838 4418 5611 4418 5619 4418 5699 221 5698 221 5835 221 5700 221 5699 221 5835 221 5701 221 5700 221 5835 221 5702 3351 5701 3351 5835 3351 5698 221 5836 221 5835 221 5838 4419 5619 4419 5628 4419 5703 221 5702 221 5835 221 5743 221 5836 221 5744 221 5704 221 5703 221 5835 221 5705 221 5704 221 5835 221 5706 221 5705 221 5835 221 5838 4420 5628 4420 5634 4420 5836 3350 5740 3350 5739 3350 5706 221 5835 221 5707 221 5837 3365 5727 3365 5726 3365 5744 3351 5836 3351 5745 3351 5707 221 5835 221 5708 221 5836 3352 5739 3352 5738 3352 5837 3366 5726 3366 5725 3366 5745 221 5836 221 5746 221 5708 3367 5835 3367 5709 3367 5837 3368 5725 3368 5724 3368 5836 3353 5738 3353 5737 3353 5709 3369 5835 3369 5710 3369 5746 221 5836 221 5747 221 5837 3370 5724 3370 5723 3370 5836 3354 5737 3354 5736 3354 5747 221 5836 221 5698 221 5836 221 5736 221 5735 221 5839 3381 5840 3381 5603 3381 5839 3381 5603 3381 5602 3381 5841 3382 5634 3382 5638 3382 5842 3383 5602 3383 5697 3383 5842 3383 5839 3383 5602 3383 5843 3384 5638 3384 5640 3384 5844 3385 5697 3385 5695 3385 5844 3385 5842 3385 5697 3385 5843 3386 5841 3386 5638 3386 5845 3387 5695 3387 5694 3387 5845 3388 5844 3388 5695 3388 5846 3389 5843 3389 5640 3389 5847 3390 5640 3390 5644 3390 5848 3391 5694 3391 5692 3391 5847 3392 5846 3392 5640 3392 5848 3393 5845 3393 5694 3393 5849 3394 5644 3394 5643 3394 5850 3395 5692 3395 5691 3395 5849 3396 5643 3396 5641 3396 5850 3397 5691 3397 5689 3397 5849 3398 5847 3398 5644 3398 5850 3395 5848 3395 5692 3395 5851 3399 5850 3399 5689 3399 5852 3400 5849 3400 5641 3400 5853 3401 5852 3401 5641 3401 5854 3402 5689 3402 5688 3402 5854 3403 5688 3403 5686 3403 5853 3404 5641 3404 5636 3404 5854 3405 5851 3405 5689 3405 5855 3406 5854 3406 5686 3406 5856 3407 5853 3407 5636 3407 5856 3408 5636 3408 5633 3408 5856 3409 5633 3409 5630 3409 5857 3410 5686 3410 5685 3410 5857 3411 5685 3411 5683 3411 5858 3412 5856 3412 5630 3412 5857 3413 5855 3413 5686 3413 5859 3414 5858 3414 5630 3414 5860 3415 5857 3415 5683 3415 5859 3416 5630 3416 5627 3416 5861 3417 5683 3417 5682 3417 5861 3418 5682 3418 5680 3418 5862 3419 5859 3419 5627 3419 5861 3420 5860 3420 5683 3420 5862 3421 5627 3421 5624 3421 5863 3422 5862 3422 5624 3422 5864 3423 5861 3423 5680 3423 5863 3424 5624 3424 5617 3424 5865 3425 5864 3425 5680 3425 5865 3426 5680 3426 5678 3426 5865 3427 5678 3427 5676 3427 5866 3428 5863 3428 5617 3428 5866 3429 5617 3429 5614 3429 5867 3430 5865 3430 5676 3430 5867 3431 5676 3431 5674 3431 5868 3432 5866 3432 5614 3432 5868 3433 5614 3433 5610 3433 5869 3434 5867 3434 5674 3434 5870 3435 5868 3435 5610 3435 5871 3436 5869 3436 5674 3436 5870 3435 5610 3435 5609 3435 5870 3437 5609 3437 5607 3437 5871 3438 5674 3438 5672 3438 5872 3439 5871 3439 5672 3439 5872 3440 5672 3440 5670 3440 5873 3441 5870 3441 5607 3441 5874 3442 5872 3442 5670 3442 5874 3443 5670 3443 5668 3443 5875 3444 5873 3444 5607 3444 5875 3445 5607 3445 5606 3445 5840 3446 5875 3446 5606 3446 5840 3446 5606 3446 5603 3446 5876 3447 5769 3447 5770 3447 5877 3448 5765 3448 5766 3448 5877 3449 5878 3449 5765 3449 5879 3450 5769 3450 5876 3450 5879 3451 5768 3451 5769 3451 5756 3452 5880 3452 5881 3452 5882 3453 5877 3453 5766 3453 5756 3454 5881 3454 5755 3454 5882 3455 5766 3455 5767 3455 5883 3456 5768 3456 5879 3456 5883 3457 5882 3457 5767 3457 5883 3458 5767 3458 5768 3458 5754 3459 5755 3459 5881 3459 5757 3460 5880 3460 5756 3460 5751 3461 5754 3461 5881 3461 5758 3462 5880 3462 5757 3462 5752 3463 5751 3463 5881 3463 5759 3464 5884 3464 5885 3464 5759 3465 5885 3465 5880 3465 5759 3466 5880 3466 5758 3466 5760 3467 5884 3467 5759 3467 5886 3468 5750 3468 5753 3468 5886 3469 5753 3469 5752 3469 5886 3470 5752 3470 5881 3470 5887 3471 5884 3471 5760 3471 5761 3472 5887 3472 5760 3472 5749 3473 5750 3473 5886 3473 5748 3474 5749 3474 5886 3474 5888 3475 5761 3475 5762 3475 5888 3476 5887 3476 5761 3476 5889 3477 5762 3477 5763 3477 5889 3478 5763 3478 5764 3478 5889 3479 5888 3479 5762 3479 5890 3480 5770 3480 5771 3480 5890 3481 5771 3481 5772 3481 5890 3482 5772 3482 5748 3482 5890 3483 5748 3483 5886 3483 5878 3484 5764 3484 5765 3484 5878 3485 5889 3485 5764 3485 5876 3486 5770 3486 5890 3486 5891 3487 5796 3487 5797 3487 5891 3488 5797 3488 5892 3488 5893 3489 5796 3489 5891 3489 5893 3490 5793 3490 5794 3490 5893 3491 5794 3491 5795 3491 5893 3492 5795 3492 5796 3492 5894 3493 5895 3493 5789 3493 5894 3494 5793 3494 5893 3494 5894 3495 5789 3495 5790 3495 5894 3496 5790 3496 5791 3496 5894 3497 5791 3497 5792 3497 5894 3498 5792 3498 5793 3498 5780 3499 5896 3499 5897 3499 5781 3500 5898 3500 5896 3500 5781 3501 5896 3501 5780 3501 5779 3502 5897 3502 5899 3502 5779 3503 5780 3503 5897 3503 5782 3504 5900 3504 5898 3504 5782 3505 5898 3505 5781 3505 5776 3506 5899 3506 5901 3506 5776 3507 5779 3507 5899 3507 5783 3508 5902 3508 5900 3508 5783 3509 5900 3509 5782 3509 5777 3510 5901 3510 5903 3510 5777 3511 5776 3511 5901 3511 5784 3512 5902 3512 5783 3512 5778 3513 5777 3513 5903 3513 5904 3514 5778 3514 5903 3514 5785 3515 5902 3515 5784 3515 5775 3516 5778 3516 5904 3516 5786 3517 5902 3517 5785 3517 5773 3518 5775 3518 5904 3518 5905 3519 5773 3519 5904 3519 5895 3520 5902 3520 5786 3520 5787 3521 5895 3521 5786 3521 5774 3522 5773 3522 5905 3522 5788 3523 5895 3523 5787 3523 5892 3524 5797 3524 5774 3524 5892 3525 5774 3525 5905 3525 5789 3526 5895 3526 5788 3526 5906 3527 5805 3527 5907 3527 5908 3528 5824 3528 5909 3528 5806 3529 5807 3529 5910 3529 5907 221 5806 221 5910 221 5826 3530 5827 3530 5911 3530 5807 221 5808 221 5912 221 5808 221 5809 221 5912 221 5910 221 5807 221 5912 221 5909 221 5826 221 5911 221 5911 221 5827 221 5913 221 5809 3531 5810 3531 5914 3531 5827 3532 5828 3532 5913 3532 5912 221 5809 221 5914 221 5810 221 5811 221 5915 221 5914 221 5810 221 5915 221 5828 221 5829 221 5916 221 5811 3533 5812 3533 5917 3533 5915 221 5811 221 5917 221 5913 3527 5828 3527 5916 3527 5916 3534 5829 3534 5918 3534 5812 221 5813 221 5919 221 5829 3535 5830 3535 5918 3535 5830 3536 5831 3536 5918 3536 5917 221 5812 221 5919 221 5918 221 5831 221 5920 221 5919 3537 5813 3537 5814 3537 5921 221 5919 221 5814 221 5831 3538 5832 3538 5920 3538 5922 221 5921 221 5815 221 5921 221 5814 221 5815 221 5922 3539 5815 3539 5816 3539 5832 3540 5833 3540 5923 3540 5920 3541 5832 3541 5923 3541 5923 3542 5833 3542 5924 3542 5833 3543 5834 3543 5924 3543 5819 221 5820 221 5925 221 5820 221 5821 221 5925 221 5798 221 5799 221 5926 221 5924 221 5834 221 5926 221 5834 221 5798 221 5926 221 5925 221 5821 221 5927 221 5799 3544 5800 3544 5928 3544 5821 3533 5822 3533 5927 3533 5926 221 5799 221 5928 221 5800 3545 5801 3545 5929 3545 5817 221 5819 221 5930 221 5819 221 5925 221 5930 221 5928 3546 5800 3546 5929 3546 5801 221 5802 221 5931 221 5822 221 5823 221 5932 221 5929 3547 5801 3547 5931 3547 5927 221 5822 221 5932 221 5802 3548 5803 3548 5933 3548 5803 221 5804 221 5933 221 5818 221 5817 221 5934 221 5931 221 5802 221 5933 221 5817 221 5930 221 5934 221 5932 221 5823 221 5908 221 5933 3534 5804 3534 5906 3534 5823 221 5824 221 5908 221 5804 3549 5805 3549 5906 3549 5805 221 5806 221 5907 221 5824 221 5825 221 5909 221 5825 221 5826 221 5909 221 5935 3550 5936 3551 5937 3552 5935 3553 5938 3553 5936 3553 5935 3554 5939 3555 5938 3556 5940 3557 5935 3557 5941 3557 5835 3558 5939 3558 5935 3558 5835 3559 5935 3559 5940 3559 5681 3560 5922 3560 5816 3560 5681 3561 5942 3561 5922 3561 5681 3562 5940 3562 5942 3562 5681 3563 5835 3563 5940 3563 5943 3564 5944 3565 5945 3566 5944 3567 5946 3567 5945 3567 5946 3568 5947 3569 5945 3570 5948 3571 5945 3571 5949 3571 5945 3572 5947 3572 5836 3572 5949 3573 5945 3573 5836 3573 5818 3574 5934 3574 5621 3574 5934 3575 5950 3575 5621 3575 5950 3576 5949 3576 5621 3576 5949 3577 5836 3577 5621 3577 5951 3578 5952 3578 5835 3578 5952 3578 5953 3578 5835 3578 5953 3578 5954 3578 5835 3578 5954 3578 5955 3578 5835 3578 5955 3578 5939 3578 5835 3578 5951 3578 5835 3578 5956 3578 5956 3579 5835 3579 5957 3579 5957 3578 5835 3578 5958 3578 5958 3578 5835 3578 5959 3578 5959 3578 5835 3578 5960 3578 5960 3578 5835 3578 5961 3578 5947 3578 5962 3578 5836 3578 5962 3578 5963 3578 5836 3578 5963 3578 5964 3578 5836 3578 5964 3578 5965 3578 5836 3578 5965 3578 5966 3578 5836 3578 5966 3578 5967 3578 5836 3578 5967 3580 5968 3580 5836 3580 5968 3578 5969 3578 5836 3578 5969 3578 5970 3578 5836 3578 5970 3578 5971 3578 5836 3578 5971 3578 5961 3578 5836 3578 5961 3578 5835 3578 5836 3578 5634 3581 5972 3581 5973 3581 5634 3582 5841 3582 5972 3582 5974 3583 5634 3583 5973 3583 5975 3584 5974 3584 5976 3584 5977 3585 5975 3586 5978 3587 5979 3588 5975 3588 5977 3588 5980 3589 5975 3590 5979 3591 5838 3592 5634 3592 5974 3592 5838 3593 5974 3593 5975 3593 5838 3594 5975 3594 5980 3594 5838 3595 5981 3595 5982 3595 5838 3596 5983 3596 5981 3596 5838 3597 5984 3597 5983 3597 5838 3598 5985 3598 5984 3598 5838 3599 5980 3599 5985 3599 5986 3600 5838 3600 5982 3600 5987 3601 5838 3601 5986 3601 5988 3600 5838 3600 5987 3600 5989 3600 5838 3600 5988 3600 5990 3600 5838 3600 5989 3600 5991 3600 5838 3600 5990 3600 5837 3602 5992 3602 5993 3602 5837 3603 5994 3603 5992 3603 5837 3604 5995 3604 5994 3604 5837 3605 5996 3605 5995 3605 5837 3606 5997 3606 5996 3606 5837 3607 5998 3607 5997 3607 5837 3608 5999 3608 5998 3608 5837 3609 6000 3609 5999 3609 5837 3610 6001 3610 6000 3610 5837 3611 6002 3611 6001 3611 5837 3612 5991 3612 6002 3612 5837 3600 5838 3600 5991 3600 6003 3613 6004 3614 6005 3615 6003 3616 6006 3616 6004 3616 6003 3617 5993 3618 6006 3619 6007 3620 6003 3620 6008 3620 5837 3621 5993 3621 6003 3621 5837 3622 6003 3622 6007 3622 5668 3623 6009 3623 5874 3623 5668 3624 6010 3624 6009 3624 5668 3625 6007 3625 6010 3625 5668 3626 5837 3626 6007 3626 6011 221 6012 221 5845 221 5866 3797 6013 3797 5863 3797 5872 221 5874 221 6009 221 6013 221 6014 221 5862 221 5845 3798 6012 3798 5844 3798 6012 3799 6015 3799 5844 3799 5871 221 5872 221 6016 221 5872 3800 6009 3800 6016 3800 5863 221 6013 221 5862 221 5862 221 6014 221 5859 221 5871 3801 6016 3801 6017 3801 6014 221 6018 221 5859 221 5871 3802 6017 3802 5869 3802 6018 221 6019 221 5858 221 5869 3803 6017 3803 6020 3803 5844 221 6015 221 5842 221 6015 221 6021 221 5842 221 5869 221 6020 221 5867 221 5859 221 6018 221 5858 221 6019 3804 6022 3804 5856 3804 6020 221 6023 221 5865 221 5867 221 6020 221 5865 221 5858 221 6019 221 5856 221 6023 221 6024 221 5864 221 5865 221 6023 221 5864 221 5856 221 6022 221 5853 221 6022 221 6025 221 5853 221 5842 221 6021 221 5839 221 6024 221 6026 221 5861 221 6027 221 5972 221 5843 221 5864 221 6024 221 5861 221 5972 3805 5841 3805 5843 3805 6025 221 6028 221 5852 221 5853 221 6025 221 5852 221 6029 221 6027 221 5846 221 6027 221 5843 221 5846 221 6026 221 6030 221 5860 221 5852 221 6028 221 5849 221 5861 221 6026 221 5860 221 6029 3806 5846 3806 5847 3806 5849 221 6028 221 5847 221 6028 221 6029 221 5847 221 5860 221 6030 221 5857 221 6030 221 6031 221 5857 221 5857 221 6031 221 5855 221 6031 221 6032 221 5855 221 5839 221 6021 221 5840 221 6021 221 6033 221 5840 221 5855 3807 6032 3807 5854 3807 5840 221 6033 221 5875 221 6033 3808 6034 3808 5875 3808 5854 3809 6032 3809 5851 3809 6034 3810 6035 3810 5873 3810 6032 221 6036 221 5851 221 5875 221 6034 221 5873 221 6035 3811 6037 3811 5870 3811 5851 3812 6036 3812 5850 3812 6036 221 6038 221 5850 221 5873 221 6035 221 5870 221 6037 221 6039 221 5868 221 5850 3813 6038 3813 5848 3813 6038 221 6011 221 5848 221 5870 221 6037 221 5868 221 6039 3814 6013 3814 5866 3814 5868 221 6039 221 5866 221 5848 3815 6011 3815 5845 3815 5881 3816 6040 3816 6041 3816 5881 3817 6041 3817 6042 3817 5886 3818 5881 3818 6043 3818 5881 3819 6042 3819 6043 3819 5886 3820 6043 3820 6044 3820 5886 3821 6044 3821 6045 3821 5886 3822 6045 3822 6046 3822 6047 3823 6040 3823 5881 3823 6048 3824 5881 3824 5880 3824 6048 3825 6047 3825 5881 3825 6049 3826 6048 3826 5880 3826 5886 3827 6046 3827 6050 3827 5890 3828 5886 3828 6051 3828 5886 3829 6050 3829 6051 3829 5890 3830 6051 3830 6052 3830 5876 3831 5890 3831 6053 3831 5890 3832 6052 3832 6053 3832 5879 3833 5876 3833 6054 3833 5876 3834 6053 3834 6054 3834 5883 3835 5879 3835 6055 3835 5879 3836 6054 3836 6055 3836 5882 3837 5883 3837 6056 3837 5883 3838 6055 3838 6056 3838 5877 3839 5882 3839 6057 3839 5882 3840 6056 3840 6057 3840 5877 3841 6057 3841 6058 3841 5878 3842 5877 3842 6059 3842 5877 3843 6058 3843 6059 3843 5878 3844 6059 3844 6060 3844 5889 3845 5878 3845 6061 3845 5878 3846 6060 3846 6061 3846 5888 3847 5889 3847 6062 3847 5889 3848 6061 3848 6062 3848 5887 3849 5888 3849 6063 3849 5888 3850 6062 3850 6063 3850 5884 3851 5887 3851 6064 3851 5887 3852 6063 3852 6064 3852 5885 3853 5884 3853 6065 3853 5884 3854 6064 3854 6065 3854 5880 3855 5885 3855 6066 3855 5885 3856 6065 3856 6066 3856 5880 3857 6066 3857 6049 3857 5900 3858 5902 3858 6067 3858 5902 3859 6068 3859 6067 3859 5898 3860 5900 3860 6069 3860 5900 3861 6067 3861 6069 3861 5896 3862 5898 3862 6070 3862 5898 3863 6069 3863 6070 3863 5897 3864 5896 3864 6071 3864 5896 3865 6070 3865 6071 3865 5899 3866 5897 3866 6072 3866 5897 3867 6071 3867 6072 3867 5901 3868 5899 3868 6073 3868 5899 3869 6072 3869 6073 3869 5901 3870 6073 3870 6074 3870 5901 3871 6074 3871 5903 3871 5903 3872 6074 3872 6075 3872 5904 3873 5903 3873 6076 3873 5903 3874 6075 3874 6076 3874 5905 3875 5904 3875 6077 3875 5904 3876 6076 3876 6077 3876 5905 3877 6077 3877 6078 3877 5892 3878 5905 3878 6079 3878 5905 3879 6078 3879 6079 3879 5891 3880 5892 3880 6080 3880 5892 3881 6079 3881 6080 3881 5891 3882 6080 3882 6081 3882 5893 3883 5891 3883 6082 3883 5891 3884 6081 3884 6082 3884 5893 3885 6082 3885 6083 3885 6084 3886 5902 3886 5895 3886 6084 3887 6068 3887 5902 3887 6085 3888 6084 3888 5895 3888 6086 3889 6085 3889 5895 3889 5894 3890 5893 3890 6087 3890 5893 3891 6083 3891 6087 3891 5894 3892 6087 3892 6088 3892 5894 3893 6088 3893 6089 3893 5894 3894 6089 3894 6090 3894 5894 3895 6090 3895 6091 3895 5895 3896 5894 3896 6092 3896 5894 3897 6091 3897 6092 3897 5895 3898 6092 3898 6093 3898 5895 3899 6093 3899 6094 3899 5895 3900 6094 3900 6086 3900 6095 3901 5939 3902 6096 3903 6097 3904 6095 3904 6096 3904 5939 3905 5955 3905 6096 3905 5907 3906 5910 3906 6098 3906 5906 3907 5907 3907 6098 3907 5910 3908 6099 3908 6098 3908 5921 3909 5922 3909 5942 3909 6099 3910 6100 3910 6101 3910 6100 3911 6102 3911 6101 3911 6103 3912 6097 3912 6104 3912 5954 3913 5953 3913 6104 3913 5955 3914 5954 3914 6104 3914 6097 3915 6096 3915 6104 3915 6096 3916 5955 3916 6104 3916 6102 3917 6103 3917 6104 3917 5906 3918 6098 3918 6105 3918 6050 3919 6046 3919 6105 3919 5933 3920 5906 3920 6105 3920 5931 3921 5933 3921 6105 3921 6099 3922 6101 3922 6106 3922 6098 3923 6099 3923 6106 3923 6101 3924 6102 3924 6107 3924 6104 3925 5953 3925 6107 3925 6102 3926 6104 3926 6107 3926 6046 3927 6045 3927 6108 3927 5929 3928 5931 3928 6108 3928 6105 3929 6046 3929 6108 3929 5931 3930 6105 3930 6108 3930 6105 3931 6098 3931 6109 3931 6051 3932 6050 3932 6109 3932 6052 3933 6051 3933 6109 3933 6050 3934 6105 3934 6109 3934 6098 3935 6106 3935 6109 3935 6057 3936 6056 3936 5959 3936 5937 3937 5936 3938 6110 3939 5952 3940 5951 3940 6111 3940 5936 3941 5938 3942 6110 3943 5953 3944 5952 3944 6111 3944 6107 3945 5953 3945 6111 3945 6112 3946 5928 3946 6113 3946 6108 3947 6045 3947 6113 3947 6044 3948 6043 3948 6113 3948 6110 3949 5938 3950 5939 3951 6045 3952 6044 3952 6113 3952 6114 3953 6112 3953 6113 3953 6043 3954 6114 3954 6113 3954 5928 3955 5929 3955 6113 3955 5929 3956 6108 3956 6113 3956 6053 3957 6052 3957 6115 3957 6110 3958 5939 3958 6116 3958 6054 3959 6053 3959 6115 3959 6116 3960 5939 3960 6095 3960 6058 3961 6057 3961 5960 3961 6111 3962 5951 3962 6117 3962 6057 3963 5959 3963 5960 3963 5956 3964 5957 3964 6117 3964 5951 3965 5956 3965 6117 3965 6059 3966 6058 3966 6118 3966 6060 3967 6059 3967 6118 3967 6058 3968 5960 3968 6118 3968 5958 3969 5959 3969 6119 3969 5957 3970 5958 3970 6119 3970 6055 3971 6054 3971 6119 3971 6118 3972 5960 3972 6120 3972 6056 3973 6055 3973 6119 3973 6117 3974 5957 3974 6119 3974 5959 3975 6056 3975 6119 3975 6120 3976 5960 3976 5961 3976 6107 3977 6121 3977 6122 3977 5942 3978 5940 3978 6123 3978 6101 3979 6107 3979 6122 3979 5919 3980 5921 3980 6123 3980 6106 3981 6101 3981 6122 3981 6121 3982 6115 3982 6124 3982 6122 3983 6121 3983 6124 3983 6109 3984 6106 3984 6124 3984 5921 3985 5942 3985 6123 3985 6052 3986 6109 3986 6124 3986 6106 3987 6122 3987 6124 3987 6115 3988 6052 3988 6124 3988 6121 3989 6107 3989 6125 3989 6107 3990 6111 3990 6125 3990 6111 3991 6117 3991 6125 3991 6054 3992 6115 3992 6126 3992 6115 3993 6121 3993 6126 3993 5917 3994 5919 3994 6127 3994 6117 3995 6119 3995 6126 3995 5915 3996 5917 3996 6127 3996 6119 3997 6054 3997 6126 3997 6121 3998 6125 3998 6126 3998 6125 3999 6117 3999 6126 3999 5919 4000 6123 4000 6127 4000 5914 4001 5915 4001 6100 4001 5915 4002 6127 4002 6100 4002 5940 4003 5941 4003 6103 4003 6128 4004 6097 4004 6103 4004 5941 4005 6128 4005 6103 4005 5926 4006 5928 4006 6112 4006 6127 4007 6123 4007 6103 4007 6123 4008 5940 4008 6103 4008 5912 4009 5914 4009 6099 4009 5910 4010 5912 4010 6099 4010 5914 4011 6100 4011 6099 4011 6127 4012 6103 4012 6102 4012 6100 4013 6127 4013 6102 4013 6129 4014 6130 4014 6131 4014 6130 4015 6132 4015 6131 4015 5924 4016 5926 4016 6112 4016 6066 4017 6065 4017 6133 4017 6049 4018 6066 4018 6133 4018 5927 4019 5932 4019 6134 4019 5925 4020 5927 4020 6134 4020 5932 4021 6135 4021 6134 4021 6129 4022 6131 4022 6136 4022 6135 4023 6129 4023 6136 4023 6064 4024 6063 4024 6137 4024 6065 4025 6064 4025 6137 4025 5969 4026 5968 4026 6137 4026 5970 4027 5969 4027 6137 4027 6063 4028 5970 4028 6137 4028 5918 4029 5920 4029 6040 4029 5950 4030 5930 4030 6138 4030 5949 4031 5950 4031 6138 4031 5930 4032 5925 4032 6138 4032 5925 4033 6134 4033 6138 4033 6134 4034 6135 4034 6139 4034 6135 4035 6136 4035 6139 4035 6139 4036 6136 4036 6140 4036 6141 4037 6142 4037 6143 4037 5943 4038 6144 4039 5944 4040 6142 4041 5948 4041 6143 4041 5948 4042 5949 4042 6143 4042 5949 4043 6138 4043 6143 4043 6138 4044 6134 4044 6143 4044 6134 4045 6139 4045 6143 4045 5967 4046 5966 4046 6145 4046 5968 4047 5967 4047 6145 4047 6137 4048 5968 4048 6145 4048 5944 4049 6144 4050 5946 4051 6144 4052 6146 4052 5947 4052 5963 4053 5962 4053 6147 4053 6146 4054 6148 4054 5947 4054 5964 4055 5963 4055 6147 4055 6141 4056 6143 4056 6147 4056 6139 4057 6140 4057 6147 4057 5946 4058 6144 4059 5947 4060 6140 4061 5964 4061 6147 4061 6143 4062 6139 4062 6147 4062 5965 4063 5964 4063 6149 4063 5966 4064 5965 4064 6149 4064 5964 4065 6140 4065 6149 4065 6145 4066 5966 4066 6149 4066 5962 4067 5947 4067 6150 4067 6148 4068 6141 4069 6150 4069 6141 4070 6147 4070 6150 4070 6147 4071 5962 4071 6150 4071 5947 4072 6148 4072 6150 4072 6049 4073 6133 4073 6151 4073 6133 4074 6152 4074 6151 4074 6132 4075 6049 4075 6151 4075 6112 4076 6114 4076 6153 4076 6114 4077 6043 4077 6153 4077 6131 4078 6132 4078 6151 4078 6042 4079 6041 4079 6153 4079 6136 4080 6131 4080 6154 4080 6043 4081 6042 4081 6153 4081 6152 4082 6140 4082 6154 4082 5923 4083 5924 4083 6153 4083 6140 4084 6136 4084 6154 4084 5924 4085 6112 4085 6153 4085 6151 4086 6152 4086 6154 4086 6131 4087 6151 4087 6154 4087 6041 4088 6040 4088 6155 4088 6137 4089 6145 4089 6156 4089 5923 4090 6153 4090 6155 4090 6152 4091 6133 4091 6156 4091 5920 4092 5923 4092 6155 4092 6060 4093 6118 4093 6061 4093 6040 4094 5920 4094 6155 4094 6133 4095 6065 4095 6156 4095 6153 4096 6041 4096 6155 4096 6065 4097 6137 4097 6156 4097 6040 4098 6047 4098 6157 4098 6140 4099 6152 4099 6158 4099 6149 4100 6140 4100 6158 4100 6156 4101 6145 4101 6158 4101 6145 4102 6149 4102 6158 4102 6152 4103 6156 4103 6158 4103 5916 4104 5918 4104 6157 4104 5918 4105 6040 4105 6157 4105 5916 4106 6157 4106 6130 4106 5913 4107 5916 4107 6130 4107 5911 4108 5913 4108 6130 4108 5909 4109 5911 4109 6129 4109 6062 4110 6061 4110 5971 4110 5908 4111 5909 4111 6129 4111 6061 4112 6118 4112 5971 4112 6118 4113 6120 4113 5971 4113 5911 4114 6130 4114 6129 4114 6047 4115 6048 4115 6132 4115 6120 4116 5961 4116 5971 4116 6048 4117 6049 4117 6132 4117 6157 4118 6047 4118 6132 4118 6130 4119 6157 4119 6132 4119 5934 4120 5930 4120 5950 4120 6063 4121 6062 4121 5970 4121 5932 4122 5908 4122 6135 4122 6062 4123 5971 4123 5970 4123 5908 4124 6129 4124 6135 4124 6095 4125 6097 4125 5935 4125 6097 4126 6128 4126 5935 4126 5935 4127 6128 4127 5941 4127 5935 4128 6116 4128 6095 4128 5935 4129 6110 4129 6116 4129 5935 4130 5937 4130 6110 4130 5945 4131 6141 4131 6148 4131 5945 4132 6142 4132 6141 4132 5948 4133 6142 4133 5945 4133 6144 221 5943 221 5945 221 6146 221 6144 221 5945 221 6148 221 6146 221 5945 221 6159 4134 5985 4134 6160 4134 6161 4135 6162 4135 6160 4135 6162 4136 6163 4136 6160 4136 5985 4137 5980 4137 6160 4138 6164 4139 6165 4139 6166 4139 6165 4140 6167 4140 6166 4140 6167 4141 6168 4141 6166 4141 6164 4142 6166 4142 6169 4142 6166 4143 6168 4143 6169 4143 6168 4144 6170 4144 6169 4144 6171 4145 6164 4145 6169 4145 6167 4146 5994 4146 6172 4146 5994 4147 5995 4147 6172 4147 6016 4148 6009 4148 6010 4148 6168 4149 6167 4149 6172 4149 5995 4150 6173 4150 6172 4150 6169 4151 6170 4151 6174 4151 6171 4152 6169 4152 6174 4152 6170 4153 6175 4153 6174 4153 6068 4154 6176 4154 6174 4154 6175 4155 6067 4155 6174 4155 6176 4156 6171 4156 6174 4156 6067 4157 6068 4157 6174 4157 6173 4158 6177 4158 6178 4158 6168 4159 6172 4159 6178 4159 6172 4160 6173 4160 6178 4160 6170 4161 6168 4161 6178 4161 6177 4162 6179 4162 6180 4162 6179 4163 6070 4163 6180 4163 6170 4164 6178 4164 6180 4164 6175 4165 6170 4165 6180 4165 6069 4166 6175 4166 6180 4166 6178 4167 6177 4167 6180 4167 6070 4168 6069 4168 6180 4168 6082 4169 6181 4169 6182 4169 6183 4170 6083 4170 6182 4170 6184 4171 6183 4171 6182 4171 6181 4172 6185 4172 6182 4172 6083 4173 6082 4173 6182 4173 6186 4174 6184 4174 6187 4174 6184 4175 6182 4175 6187 4175 6182 4176 6185 4176 6187 4176 6185 4177 6188 4177 6187 4177 6181 4178 6080 4178 6189 4178 6185 4179 6181 4179 6189 4179 6190 4180 6191 4180 6192 4180 6078 4181 6190 4181 6192 4181 6191 4182 6189 4182 6192 4182 6079 4183 6078 4183 6192 4183 6080 4184 6079 4184 6192 4184 6189 4185 6080 4185 6192 4185 6193 4186 6186 4186 6194 4186 6159 4187 6193 4187 6194 4187 6187 4188 6188 4188 6194 4188 6186 4189 6187 4189 6194 4189 6188 4190 6159 4190 6194 4190 6185 4191 6189 4191 6195 4191 6189 4192 6191 4192 6195 4192 6191 4193 6196 4193 6195 4193 6188 4194 6185 4194 6195 4194 6195 4195 6196 4195 6197 4195 5984 4196 6159 4196 6197 4196 6196 4197 5983 4197 6197 4197 5983 4198 5984 4198 6197 4198 6159 4199 6188 4199 6197 4199 6188 4200 6195 4200 6197 4200 6005 4201 6004 4202 6198 4203 6004 4204 6006 4205 6198 4206 6198 4207 6006 4208 5993 4209 6198 4210 5993 4210 6199 4210 6199 4211 5993 4211 6200 4211 6011 4212 6038 4212 6086 4212 6012 4213 6011 4213 6086 4213 6012 4214 6086 4214 6094 4214 6035 4215 6034 4215 6089 4215 6037 4216 6035 4216 6089 4216 6034 4217 6090 4217 6089 4217 6072 4218 6001 4218 6002 4218 6073 4219 6072 4219 6002 4219 6073 4220 6002 4220 5991 4220 6074 4221 6073 4221 5991 4221 6074 4222 5991 4222 5990 4222 6075 4223 6074 4223 5990 4223 5972 4224 6027 4224 5973 4224 6075 4225 5990 4225 5989 4225 6076 4226 6075 4226 5989 4226 5978 4227 6201 4228 5977 4229 5977 4230 6201 4231 5979 4232 5979 4233 6201 4234 5980 4235 6201 4236 6202 4236 5980 4236 6202 4237 6161 4237 5980 4237 6010 4238 6007 4238 6203 4238 6017 4239 6016 4239 6203 4239 6016 4240 6010 4240 6203 4240 6020 4241 6017 4241 6204 4241 6023 4242 6020 4242 6204 4242 6017 4243 6203 4243 6204 4243 6024 4244 6023 4244 6205 4244 6026 4245 6024 4245 6205 4245 6023 4246 6204 4246 6205 4246 6007 4247 6008 4247 6206 4247 6203 4248 6007 4248 6206 4248 6207 4249 6208 4249 6206 4249 6008 4250 6207 4250 6206 4250 6204 4251 6203 4251 6206 4251 6030 4252 6026 4252 6209 4252 6031 4253 6030 4253 6209 4253 6026 4254 6205 4254 6209 4254 6204 4255 6206 4255 6165 4255 6205 4256 6204 4256 6165 4256 6208 4257 6200 4257 6210 4257 6200 4258 5993 4258 6210 4258 5993 4259 5992 4259 6210 4259 6206 4260 6208 4260 6210 4260 6032 4261 6031 4261 6211 4261 6031 4262 6209 4262 6211 4262 6205 4263 6165 4263 6164 4263 6209 4264 6205 4264 6164 4264 6165 4265 6206 4265 6167 4265 6210 4266 5992 4266 6167 4266 5992 4267 5994 4267 6167 4267 6206 4268 6210 4268 6167 4268 6036 4269 6032 4269 6212 4269 6038 4270 6036 4270 6212 4270 6086 4271 6038 4271 6212 4271 6032 4272 6211 4272 6212 4272 6085 4273 6086 4273 6212 4273 6211 4274 6209 4274 6171 4274 6209 4275 6164 4275 6171 4275 6211 4276 6171 4276 6176 4276 6085 4277 6212 4277 6176 4277 6212 4278 6211 4278 6176 4278 6068 4279 6084 4279 6176 4279 6084 4280 6085 4280 6176 4280 5995 4281 5996 4281 6173 4281 5996 4282 5997 4282 6173 4282 6015 4283 6012 4283 6213 4283 6021 4284 6015 4284 6213 4284 6012 4285 6094 4285 6213 4285 6092 4286 6021 4286 6213 4286 6093 4287 6092 4288 6213 4289 6094 4290 6093 4290 6213 4290 6033 4291 6021 4291 6214 4291 6034 4292 6033 4292 6214 4292 6090 4293 6034 4293 6214 4293 6021 4294 6092 4294 6214 4294 6091 4295 6090 4295 6214 4295 6092 4296 6091 4296 6214 4296 6069 4297 6067 4297 6175 4297 6173 4298 5997 4298 6177 4298 5997 4299 5998 4299 6177 4299 5998 4300 5999 4300 6177 4300 6001 4301 6072 4301 6179 4301 6177 4302 5999 4302 6179 4302 5999 4303 6000 4303 6179 4303 6000 4304 6001 4304 6179 4304 6071 4305 6070 4305 6179 4305 6072 4306 6071 4306 6179 4306 6089 4307 6088 4307 6215 4307 6037 4308 6089 4308 6215 4308 6039 4309 6037 4309 6215 4309 6013 4310 6039 4310 6215 4310 6014 4311 6013 4311 6216 4311 6018 4312 6014 4312 6216 4312 6013 4313 6215 4313 6216 4313 6087 4314 6083 4314 6183 4314 6088 4315 6087 4315 6183 4315 6215 4316 6088 4316 6183 4316 6216 4317 6215 4317 6183 4317 6018 4318 6216 4318 6217 4318 6019 4319 6018 4319 6217 4319 6217 4320 6216 4320 6184 4320 6216 4321 6183 4321 6184 4321 6022 4322 6019 4322 6218 4322 6025 4323 6022 4323 6218 4323 6019 4324 6217 4324 6218 4324 6081 4325 6080 4325 6181 4325 6082 4326 6081 4326 6181 4326 6217 4327 6184 4327 6186 4327 6218 4328 6217 4328 6186 4328 6028 4329 6025 4329 6219 4329 6029 4330 6028 4330 6219 4330 6025 4331 6218 4331 6219 4331 5989 4332 5988 4332 6190 4332 5988 4333 5987 4333 6190 4333 6076 4334 5989 4334 6190 4334 6077 4335 6076 4335 6190 4335 6078 4336 6077 4336 6190 4336 6218 4337 6186 4337 6193 4337 6219 4338 6218 4338 6193 4338 6027 4339 6029 4339 6220 4339 6029 4340 6219 4340 6220 4340 5974 4341 5973 4341 6220 4341 5973 4342 6027 4342 6220 4342 6190 4343 5987 4343 6191 4343 5987 4344 5986 4344 6191 4344 5986 4345 5982 4345 6191 4345 6219 4346 6193 4346 6163 4346 5976 4347 5974 4347 6163 4347 6162 4348 6221 4348 6163 4348 6221 4349 5976 4349 6163 4349 5974 4350 6220 4350 6163 4350 6220 4351 6219 4351 6163 4351 6163 4352 6193 4352 6159 4352 5984 4353 5985 4353 6159 4353 6191 4354 5982 4354 6196 4354 5982 4355 5981 4355 6196 4355 5981 4356 5983 4356 6196 4356 5980 4357 6161 4357 6160 4357 6163 4358 6159 4358 6160 4358 5975 4359 6201 4359 5978 4359 5975 4360 6202 4360 6201 4360 5975 4361 6161 4361 6202 4361 5975 4362 6162 4362 6161 4362 5975 4363 6221 4363 6162 4363 5976 4364 6221 4364 5975 4364 6200 4365 6208 4365 6003 4365 6208 4366 6207 4366 6003 4366 6003 4367 6207 4367 6008 4367 6199 221 6200 221 6003 221 6198 221 6199 221 6003 221 6005 221 6198 221 6003 221 6222 0 6223 0 6224 0 6225 1 6222 1 6224 1 6223 0 6226 0 6224 0 6227 2 6228 2 6229 2 6225 3 6224 3 6230 3 6231 4 6225 4 6232 4 6233 5 6227 5 6234 5 6235 6 6231 6 6232 6 6227 7 6229 7 6234 7 6225 8 6230 8 6232 8 6236 9 6235 9 6237 9 6233 10 6234 10 6238 10 6235 6 6232 6 6237 6 6239 11 6233 11 6240 11 6236 9 6237 9 6241 9 6233 12 6238 12 6240 12 6242 13 6236 13 6243 13 6239 14 6240 14 6244 14 6245 15 6242 15 6243 15 6246 16 6239 16 6244 16 6236 13 6241 13 6243 13 6245 15 6243 15 6247 15 6246 17 6244 17 6248 17 6249 18 6246 18 6248 18 6250 19 6245 19 6251 19 6252 20 6250 20 6251 20 6249 21 6248 21 6253 21 6245 19 6247 19 6251 19 6254 22 6249 22 6253 22 6255 23 6254 23 6253 23 6252 24 6251 24 6256 24 6255 23 6253 23 6257 23 6258 25 6252 25 6259 25 6260 26 6258 26 6259 26 6255 27 6257 27 6261 27 6252 28 6256 28 6259 28 6262 27 6255 27 6261 27 6260 29 6259 29 6263 29 6262 30 6261 30 6264 30 6265 31 6262 31 6264 31 6260 32 6263 32 6266 32 6267 32 6260 32 6266 32 6268 33 6267 33 6266 33 6265 34 6264 34 6269 34 6270 35 6265 35 6269 35 6268 33 6266 33 6271 33 6272 36 6268 36 6271 36 6270 37 6269 37 6273 37 6274 38 6270 38 6273 38 6272 39 6271 39 6275 39 6274 40 6273 40 6276 40 6277 41 6274 41 6276 41 6272 42 6275 42 6278 42 6279 43 6272 43 6278 43 6280 44 6279 44 6278 44 6277 45 6276 45 6281 45 6280 46 6278 46 6282 46 6283 45 6277 45 6281 45 6284 47 6283 47 6281 47 6280 48 6282 48 6285 48 6284 49 6281 49 6286 49 6287 48 6280 48 6285 48 6288 50 6287 50 6285 50 6288 50 6285 50 6289 50 6284 51 6286 51 6290 51 6291 52 6284 52 6290 52 6292 53 6291 53 6290 53 6288 54 6289 54 6293 54 6294 54 6288 54 6293 54 6295 55 6294 55 6293 55 6292 53 6290 53 6296 53 6295 55 6293 55 6297 55 6292 56 6296 56 6298 56 6299 56 6292 56 6298 56 6295 57 6297 57 6300 57 6301 57 6295 57 6300 57 6302 58 6301 58 6300 58 6299 59 6298 59 6303 59 6304 60 6299 60 6303 60 6302 61 6300 61 6305 61 6306 62 6302 62 6305 62 6307 63 6304 63 6308 63 6304 64 6303 64 6308 64 6306 65 6305 65 6309 65 6310 66 6307 66 6311 66 6306 67 6309 67 6312 67 6313 68 6310 68 6311 68 6307 69 6308 69 6311 69 6314 67 6306 67 6312 67 6315 70 6314 70 6312 70 6315 70 6312 70 6316 70 6313 68 6311 68 6317 68 6318 71 6313 71 6319 71 6315 72 6316 72 6320 72 6321 72 6315 72 6320 72 6322 73 6321 73 6320 73 6313 71 6317 71 6319 71 6322 73 6320 73 6323 73 6324 74 6318 74 6325 74 6318 74 6319 74 6325 74 6326 75 6322 75 6327 75 6328 76 6326 76 6327 76 6329 77 6324 77 6330 77 6322 78 6323 78 6327 78 6324 77 6325 77 6330 77 6328 79 6327 79 6331 79 6332 80 6329 80 6333 80 6334 81 6332 81 6333 81 6329 82 6330 82 6333 82 6335 83 6328 83 6336 83 6337 84 6335 84 6336 84 6328 85 6331 85 6336 85 6334 86 6333 86 6338 86 6337 84 6336 84 6339 84 6340 87 6337 87 6339 87 6341 88 6334 88 6342 88 6343 89 6340 89 6344 89 6334 88 6338 88 6342 88 6340 87 6339 87 6344 87 6345 90 6341 90 6346 90 6341 90 6342 90 6346 90 6343 91 6344 91 6347 91 6348 92 6343 92 6349 92 6350 93 6348 93 6349 93 6351 94 6345 94 6352 94 6343 95 6347 95 6349 95 6345 94 6346 94 6352 94 6353 96 6350 96 6354 96 6350 93 6349 93 6354 93 6355 97 6351 97 6356 97 6357 98 6355 98 6356 98 6351 97 6352 97 6356 97 6358 99 6353 99 6359 99 6353 100 6354 100 6359 100 6357 98 6356 98 6360 98 6358 101 6359 101 6361 101 6362 102 6358 102 6361 102 6357 103 6360 103 6363 103 6364 104 6357 104 6363 104 6362 105 6361 105 6365 105 6364 106 6363 106 6366 106 6362 107 6365 107 6367 107 6368 108 6364 108 6366 108 6369 109 6362 109 6367 109 6370 110 6369 110 6367 110 6370 110 6367 110 6371 110 6368 111 6366 111 6372 111 6373 112 6368 112 6372 112 6374 113 6370 113 6371 113 6374 113 6371 113 6375 113 6376 114 6374 114 6375 114 6373 115 6372 115 6377 115 6378 115 6373 115 6377 115 6376 116 6375 116 6379 116 6378 117 6377 117 6380 117 6381 117 6378 117 6380 117 6376 118 6379 118 6382 118 6383 119 6376 119 6382 119 6384 120 6383 120 6382 120 6381 121 6380 121 6385 121 6386 122 6381 122 6385 122 6384 123 6382 123 6387 123 6388 124 6384 124 6387 124 6386 125 6385 125 6389 125 6390 126 6386 126 6389 126 6388 127 6387 127 6391 127 6392 128 6390 128 6389 128 6388 129 6391 129 6393 129 6394 130 6388 130 6393 130 6392 131 6389 131 6395 131 6394 132 6393 132 6229 132 6228 133 6394 133 6229 133 6392 134 6395 134 6396 134 6397 134 6392 134 6396 134 6397 135 6396 135 6398 135 6399 135 6397 135 6398 135 6399 136 6398 136 6400 136 6401 136 6399 136 6400 136 6401 137 6400 137 6402 137 6403 137 6401 137 6402 137 6403 138 6402 138 6404 138 6405 138 6403 138 6404 138 6405 139 6404 139 6406 139 6407 140 6405 140 6406 140 6407 141 6406 141 6408 141 6409 142 6407 142 6408 142 6409 143 6408 143 6410 143 6411 143 6409 143 6410 143 6411 144 6410 144 6412 144 6413 144 6411 144 6412 144 6414 145 6413 145 6412 145 6414 145 6412 145 6415 145 6414 146 6415 146 6416 146 6417 146 6414 146 6416 146 6417 147 6416 147 6418 147 6419 148 6417 148 6418 148 6420 149 6419 149 6421 149 6419 150 6418 150 6421 150 6422 151 6420 151 6423 151 6420 152 6421 152 6423 152 6424 153 6422 153 6425 153 6422 153 6423 153 6425 153 6424 154 6425 154 6426 154 6427 154 6424 154 6426 154 6427 155 6426 155 6428 155 6429 156 6427 156 6428 156 6429 157 6428 157 6430 157 6431 158 6429 158 6430 158 6432 159 6431 159 6430 159 6432 159 6430 159 6433 159 6432 160 6433 160 6434 160 6435 161 6432 161 6434 161 6436 162 6435 162 6437 162 6435 163 6434 163 6437 163 6438 164 6436 164 6439 164 6436 165 6437 165 6439 165 6440 166 6438 166 6441 166 6442 167 6440 167 6441 167 6438 168 6439 168 6441 168 6442 167 6441 167 6443 167 6444 169 6442 169 6445 169 6446 170 6444 170 6445 170 6442 169 6443 169 6445 169 6446 171 6445 171 6447 171 6448 172 6446 172 6449 172 6450 173 6448 173 6449 173 6446 174 6447 174 6449 174 6450 175 6449 175 6451 175 6452 176 6450 176 6453 176 6454 177 6452 177 6453 177 6450 178 6451 178 6453 178 6454 179 6453 179 6455 179 6456 180 6454 180 6457 180 6458 181 6456 181 6457 181 6454 182 6455 182 6457 182 6459 183 6458 183 6460 183 6458 184 6457 184 6460 184 6459 185 6460 185 6461 185 6462 186 6459 186 6463 186 6464 187 6462 187 6463 187 6459 188 6461 188 6463 188 6464 189 6463 189 6465 189 6466 190 6464 190 6467 190 6468 191 6466 191 6467 191 6464 192 6465 192 6467 192 6468 193 6467 193 6469 193 6470 194 6468 194 6471 194 6472 195 6470 195 6471 195 6468 194 6469 194 6471 194 6472 195 6471 195 6473 195 6474 196 6472 196 6475 196 6476 197 6474 197 6475 197 6472 198 6473 198 6475 198 6476 199 6475 199 6477 199 6478 200 6476 200 6477 200 6478 201 6477 201 6479 201 6478 202 6479 202 6480 202 6481 203 6478 203 6480 203 6482 204 6481 204 6480 204 6482 204 6480 204 6483 204 6482 205 6483 205 6484 205 6485 206 6482 206 6484 206 6486 207 6485 207 6484 207 6486 208 6484 208 6487 208 6486 209 6487 209 6488 209 6489 209 6486 209 6488 209 6490 210 6489 210 6488 210 6490 210 6488 210 6491 210 6492 211 6490 211 6493 211 6494 212 6492 212 6493 212 6490 213 6491 213 6493 213 6494 214 6493 214 6495 214 6496 215 6494 215 6497 215 6498 216 6496 216 6497 216 6494 217 6495 217 6497 217 6498 216 6497 216 6499 216 6500 218 6498 218 6501 218 6223 219 6500 219 6501 219 6498 218 6499 218 6501 218 6223 219 6501 219 6226 219 6502 220 6503 220 6504 220 6505 220 6342 220 6506 220 6502 220 6504 220 6507 220 6502 220 6508 220 6503 220 6509 220 6510 220 6511 220 6512 220 6513 220 6514 220 6512 220 6515 220 6516 220 6512 220 6514 220 6515 220 6517 220 6518 220 6519 220 6520 220 6521 220 6522 220 6517 220 6519 220 6523 220 6520 220 6522 220 6524 220 6517 220 6523 220 6525 220 6526 220 6510 220 6509 220 6527 220 6528 220 6529 220 6530 220 6502 220 6507 220 6530 220 6507 220 6531 220 6530 220 6531 220 6532 220 6533 220 6534 220 6535 220 6533 220 6535 220 6536 220 6224 220 6537 220 6230 220 6538 220 6327 220 6323 220 6224 220 6539 220 6537 220 6538 220 6331 220 6327 220 6273 220 6269 220 6540 220 6541 220 6323 220 6320 220 6541 220 6538 220 6323 220 6542 220 6543 220 6518 220 6542 220 6518 220 6517 220 6544 220 6532 220 6545 220 6544 220 6530 220 6532 220 6546 220 6354 220 6349 220 6547 220 6526 220 6509 220 6548 220 6549 220 6528 220 6550 220 6551 220 6552 220 6548 220 6528 220 6527 220 6550 220 6552 220 6553 220 6554 220 6359 220 6354 220 6554 220 6354 220 6546 220 6471 220 6555 220 6556 220 6361 220 6359 220 6554 220 6557 220 6320 220 6316 220 6471 220 6556 220 6473 220 6346 220 6505 220 6558 220 6346 220 6342 220 6505 220 6557 220 6541 220 6320 220 6559 220 6536 220 6560 220 6559 220 6533 220 6536 220 6561 220 6349 220 6347 220 6561 220 6546 220 6349 220 6562 220 6336 220 6331 220 6563 220 6564 220 6565 220 6563 220 6543 220 6542 220 6563 220 6565 220 6543 220 6562 220 6331 220 6538 220 6566 220 6544 220 6545 220 6566 220 6545 220 6567 220 6566 220 6567 220 6568 220 6569 220 6549 220 6548 220 6570 220 6361 220 6554 220 6571 220 6347 220 6344 220 6572 220 6573 220 6574 220 6571 220 6561 220 6347 220 6575 220 6559 220 6560 220 6576 220 6577 220 6578 220 6576 220 6578 220 6564 220 6576 220 6564 220 6563 220 6579 220 6580 220 6549 220 6579 220 6549 220 6569 220 6581 220 6361 220 6570 220 6582 220 6312 220 6309 220 6582 220 6316 220 6312 220 6582 220 6583 220 6557 220 6582 220 6557 220 6316 220 6469 220 6555 220 6471 220 6584 220 6568 220 6521 220 6584 220 6521 220 6520 220 6584 220 6566 220 6568 220 6584 220 6520 220 6585 220 6586 220 6587 220 6580 220 6586 220 6580 220 6579 220 6352 220 6558 220 6588 220 6589 220 6297 220 6293 220 6589 220 6300 220 6297 220 6352 220 6346 220 6558 220 6590 220 6560 220 6591 220 6592 220 6344 220 6339 220 6592 220 6571 220 6344 220 6590 220 6575 220 6560 220 6226 220 6593 220 6539 220 6226 220 6539 220 6224 220 6594 220 6595 220 6596 220 6594 220 6596 220 6577 220 6594 220 6577 220 6576 220 6276 220 6273 220 6597 220 6598 220 6587 220 6586 220 6599 220 6600 220 6512 220 6601 220 6572 220 6574 220 6599 220 6512 220 6516 220 6602 220 6293 220 6289 220 6603 220 6516 220 6587 220 6602 220 6589 220 6293 220 6603 220 6599 220 6516 220 6603 220 6587 220 6598 220 6601 220 6574 220 6526 220 6601 220 6526 220 6547 220 6604 220 6583 220 6582 220 6605 220 6606 220 6607 220 6608 220 6339 220 6336 220 6608 220 6592 220 6339 220 6609 220 6512 220 6600 220 6610 220 6300 220 6589 220 6611 220 6590 220 6591 220 6612 220 6584 220 6585 220 6613 220 6612 220 6585 220 6614 220 6615 220 6616 220 6617 220 6289 220 6285 220 6618 220 6550 220 6616 220 6617 220 6602 220 6289 220 6619 220 6608 220 6336 220 6618 220 6616 220 6615 220 6619 220 6562 220 6620 220 6621 220 6595 220 6594 220 6619 220 6336 220 6562 220 6621 220 6588 220 6595 220 6622 220 6379 220 6375 220 6623 220 6612 220 6613 220 6621 220 6352 220 6588 220 6624 220 6615 220 6614 220 6625 220 6591 220 6626 220 6625 220 6611 220 6591 220 6627 220 6605 220 6607 220 6627 220 6628 220 6605 220 6382 220 6379 220 6622 220 6356 220 6352 220 6621 220 6629 220 6622 220 6375 220 6630 220 6617 220 6285 220 6501 220 6631 220 6593 220 6632 220 6620 220 6633 220 6632 220 6619 220 6620 220 6501 220 6593 220 6226 220 6634 220 6601 220 6547 220 6281 220 6597 220 6635 220 6636 220 6382 220 6622 220 6281 220 6635 220 6637 220 6634 220 6547 220 6638 220 6639 220 6375 220 6371 220 6640 220 6625 220 6626 220 6639 220 6629 220 6375 220 6281 220 6276 220 6597 220 6641 220 6550 220 6618 220 6642 220 6305 220 6300 220 6642 220 6309 220 6305 220 6643 220 6623 220 6613 220 6642 220 6300 220 6610 220 6642 220 6610 220 6644 220 6645 220 6623 220 6643 220 6642 220 6582 220 6309 220 6646 220 6647 220 6624 220 6648 220 6609 220 6649 220 6646 220 6624 220 6614 220 6650 220 6642 220 6644 220 6648 220 6651 220 6652 220 6648 220 6649 220 6651 220 6387 220 6382 220 6636 220 6653 220 6626 220 6555 220 6654 220 6387 220 6636 220 6653 220 6640 220 6626 220 6655 220 6645 220 6643 220 6656 220 6639 220 6371 220 6656 220 6371 220 6367 220 6657 220 6356 220 6621 220 6658 220 6632 220 6633 220 6659 220 6285 220 6282 220 6660 220 6653 220 6555 220 6659 220 6630 220 6285 220 6660 220 6555 220 6469 220 6286 220 6281 220 6637 220 6661 220 6628 220 6627 220 6661 220 6662 220 6628 220 6663 220 6664 220 6655 220 6665 220 6642 220 6650 220 6391 220 6387 220 6654 220 6391 220 6654 220 6666 220 6667 220 6367 220 6365 220 6667 220 6656 220 6367 220 6668 220 6469 220 6467 220 6668 220 6660 220 6469 220 6669 220 6648 220 6652 220 6670 220 6671 220 6672 220 6669 220 6652 220 6673 220 6674 220 6664 220 6663 220 6675 220 6658 220 6633 220 6674 220 6676 220 6664 220 6677 220 6668 220 6467 220 6678 220 6282 220 6278 220 6678 220 6659 220 6282 220 6679 220 6680 220 6551 220 6681 220 6361 220 6581 220 6681 220 6365 220 6361 220 6682 220 6499 220 6497 220 6679 220 6551 220 6550 220 6679 220 6550 220 6641 220 6681 220 6581 220 6683 220 6681 220 6667 220 6365 220 6684 220 6499 220 6682 220 6685 220 6634 220 6638 220 6495 220 6682 220 6497 220 6686 220 6642 220 6665 220 6465 220 6677 220 6467 220 6360 220 6356 220 6657 220 6687 220 6499 220 6684 220 6688 220 6278 220 6275 220 6687 220 6631 220 6501 220 6688 220 6678 220 6278 220 6687 220 6501 220 6499 220 6689 220 6681 220 6683 220 6689 220 6683 220 6690 220 6689 220 6690 220 6691 220 6692 220 6693 220 6694 220 6692 220 6694 220 6671 220 6695 220 6696 220 6697 220 6698 220 6642 220 6686 220 6695 220 6697 220 6699 220 6695 220 6699 220 6676 220 6700 220 6701 220 6702 220 6695 220 6674 220 6703 220 6695 220 6676 220 6674 220 6704 220 6360 220 6657 220 6705 220 6706 220 6631 220 6705 220 6631 220 6687 220 6707 220 6702 220 6708 220 6707 220 6708 220 6709 220 6710 220 6711 220 6712 220 6713 220 6689 220 6691 220 6714 220 6711 220 6669 220 6713 220 6691 220 6715 220 6713 220 6715 220 6716 220 6714 220 6669 220 6673 220 6714 220 6712 220 6711 220 6717 220 6271 220 6266 220 6718 220 6719 220 6720 220 6718 220 6720 220 6696 220 6721 220 6722 220 6723 220 6721 220 6723 220 6680 220 6721 220 6680 220 6679 220 6724 220 6725 220 6726 220 6724 220 6726 220 6719 220 6727 220 6642 220 6698 220 6724 220 6719 220 6718 220 6728 220 6662 220 6661 220 6729 220 6718 220 6696 220 6730 220 6662 220 6728 220 6730 220 6670 220 6672 220 6729 220 6696 220 6695 220 6263 220 6717 220 6266 220 6731 220 6732 220 6733 220 6731 220 6733 220 6725 220 6730 220 6672 220 6662 220 6731 220 6725 220 6724 220 6734 220 6685 220 6638 220 6735 220 6713 220 6716 220 6734 220 6638 220 6736 220 6735 220 6716 220 6737 220 6738 220 6706 220 6705 220 6735 220 6737 220 6739 220 6740 220 6275 220 6271 220 6740 220 6271 220 6717 220 6741 220 6714 220 6673 220 6741 220 6673 220 6742 220 6743 220 6646 220 6701 220 6743 220 6701 220 6700 220 6744 220 6729 220 6695 220 6745 220 6637 220 6746 220 6745 220 6746 220 6732 220 6745 220 6732 220 6731 220 6747 220 6693 220 6692 220 6745 220 6286 220 6637 220 6748 220 6717 220 6263 220 6493 220 6749 220 6495 220 6750 220 6751 220 6675 220 6750 220 6752 220 6751 220 6750 220 6753 220 6752 220 6750 220 6675 220 6633 220 6754 220 6642 220 6727 220 6755 220 6749 220 6493 220 6756 220 6706 220 6738 220 6757 220 6707 220 6709 220 6756 220 6758 220 6706 220 6759 220 6741 220 6742 220 6760 220 6735 220 6739 220 6761 220 6290 220 6286 220 6760 220 6739 220 6762 220 6463 220 6763 220 6677 220 6761 220 6286 220 6745 220 6463 220 6677 220 6465 220 6363 220 6360 220 6704 220 6363 220 6704 220 6764 220 6259 220 6748 220 6263 220 6765 220 6758 220 6756 220 6766 220 6695 220 6703 220 6767 220 6768 220 6722 220 6769 220 6688 220 6275 220 6767 220 6722 220 6721 220 6766 220 6703 220 6770 220 6769 220 6275 220 6740 220 6771 220 6759 220 6742 220 6771 220 6742 220 6772 220 6773 220 6774 220 6758 220 6773 220 6758 220 6765 220 6775 220 6730 220 6728 220 6776 220 6748 220 6259 220 6777 220 6771 220 6772 220 6775 220 6728 220 6778 220 6779 220 6753 220 6750 220 6777 220 6772 220 6774 220 6780 220 6642 220 6754 220 6781 220 6736 220 6782 220 6783 220 6766 220 6770 220 6781 220 6734 220 6736 220 6784 220 6646 220 6743 220 6785 220 6774 220 6773 220 6785 220 6777 220 6774 220 6786 220 6296 220 6290 220 6786 220 6290 220 6761 220 6787 220 6762 220 6788 220 6787 220 6760 220 6762 220 6787 220 6788 220 6789 220 6790 220 6693 220 6747 220 6791 220 6710 220 6792 220 6790 220 6793 220 6693 220 6794 220 6795 220 6688 220 6796 220 6783 220 6770 220 6794 220 6688 220 6769 220 6797 220 6798 220 6799 220 6797 220 6799 220 6768 220 6800 220 6801 220 6642 220 6802 220 6796 220 6770 220 6797 220 6768 220 6767 220 6803 220 6298 220 6296 220 6803 220 6296 220 6786 220 6800 220 6642 220 6780 220 6461 220 6804 220 6763 220 6805 220 6259 220 6256 220 6461 220 6763 220 6463 220 6805 220 6776 220 6259 220 6806 220 6802 220 6770 220 6366 220 6363 220 6764 220 6366 220 6764 220 6807 220 6808 220 6240 220 6238 220 6809 220 6238 220 6234 220 6810 220 6781 220 6782 220 6809 220 6808 220 6238 220 6811 220 6775 220 6778 220 6812 220 6813 220 6647 220 6812 220 6646 220 6784 220 6812 220 6647 220 6646 220 6814 220 6809 220 6234 220 6815 220 6366 220 6807 220 6816 220 6787 220 6789 220 6816 220 6789 220 6817 220 6818 220 6819 220 6757 220 6818 220 6757 220 6709 220 6818 220 6709 220 6793 220 6818 220 6793 220 6790 220 6820 220 6821 220 6822 220 6820 220 6822 220 6798 220 6823 220 6801 220 6800 220 6824 220 6234 220 6229 220 6820 220 6798 220 6797 220 6824 220 6814 220 6234 220 6825 220 6810 220 6782 220 6826 220 6298 220 6803 220 6827 220 6795 220 6794 220 6825 220 6782 220 6828 220 6460 220 6829 220 6804 220 6460 220 6830 220 6829 220 6460 220 6804 220 6461 220 6491 220 6755 220 6493 220 6831 220 6805 220 6256 220 6491 220 6832 220 6755 220 6372 220 6366 220 6815 220 6303 220 6298 220 6826 220 6833 220 6834 220 6835 220 6833 220 6835 220 6813 220 6833 220 6813 220 6812 220 6836 220 6824 220 6229 220 6837 220 6811 220 6778 220 6837 220 6778 220 6838 220 6836 220 6229 220 6393 220 6839 220 6802 220 6806 220 6840 220 6841 220 6842 220 6840 220 6842 220 6819 220 6843 220 6750 220 6844 220 6845 220 6846 220 6847 220 6840 220 6819 220 6818 220 6845 220 6792 220 6846 220 6848 220 6849 220 6850 220 6848 220 6850 220 6821 220 6251 220 6831 220 6256 220 6845 220 6791 220 6792 220 6848 220 6821 220 6820 220 6851 220 6372 220 6815 220 6852 220 6844 220 6750 220 6853 220 6825 220 6828 220 6854 220 6855 220 6779 220 6854 220 6779 220 6750 220 6856 220 6303 220 6826 220 6854 220 6750 220 6843 220 6457 220 6857 220 6830 220 6457 220 6830 220 6460 220 6377 220 6372 220 6851 220 6858 220 6839 220 6806 220 6859 220 6860 220 6861 220 6859 220 6862 220 6860 220 6863 220 6864 220 6834 220 6863 220 6834 220 6833 220 6865 220 6837 220 6838 220 6865 220 6838 220 6866 220 6867 220 6859 220 6861 220 6868 220 6855 220 6854 220 6868 220 6869 220 6855 220 6870 220 6244 220 6240 220 6870 220 6240 220 6808 220 6871 220 6845 220 6847 220 6872 220 6841 220 6840 220 6872 220 6873 220 6841 220 6871 220 6847 220 6874 220 6875 220 6801 220 6823 220 6876 220 6877 220 6849 220 6876 220 6849 220 6848 220 6488 220 6832 220 6491 220 6488 220 6878 220 6832 220 6308 220 6303 220 6856 220 6879 220 6828 220 6880 220 6881 220 6867 220 6861 220 6879 220 6853 220 6828 220 6881 220 6861 220 6882 220 6883 220 6884 220 6885 220 6883 220 6885 220 6864 220 6883 220 6864 220 6863 220 6455 220 6886 220 6857 220 6887 220 6836 220 6393 220 6887 220 6393 220 6391 220 6455 220 6857 220 6457 220 6887 220 6666 220 6888 220 6887 220 6391 220 6666 220 6380 220 6377 220 6851 220 6380 220 6851 220 6889 220 6890 220 6865 220 6866 220 6891 220 6879 220 6880 220 6892 220 6869 220 6868 220 6893 220 6871 220 6874 220 6894 220 6895 220 6795 220 6894 220 6795 220 6827 220 6896 220 6831 220 6251 220 6897 220 6898 220 6873 220 6897 220 6873 220 6872 220 6899 220 6891 220 6880 220 6899 220 6880 220 6886 220 6487 220 6900 220 6878 220 6901 220 6902 220 6892 220 6903 220 6904 220 6905 220 6903 220 6905 220 6884 220 6487 220 6878 220 6488 220 6903 220 6884 220 6883 220 6906 220 6887 220 6888 220 6906 220 6888 220 6907 220 6311 220 6308 220 6908 220 6453 220 6886 220 6455 220 6906 220 6907 220 6909 220 6910 220 6881 220 6882 220 6385 220 6877 220 6876 220 6910 220 6911 220 6801 220 6910 220 6882 220 6911 220 6385 220 6380 220 6889 220 6385 220 6889 220 6877 220 6912 220 6801 220 6875 220 6912 220 6910 220 6801 220 6913 220 6890 220 6866 220 6914 220 6915 220 6893 220 6484 220 6916 220 6900 220 6913 220 6866 220 6917 220 6484 220 6900 220 6487 220 6317 220 6908 220 6918 220 6919 220 6898 220 6897 220 6920 220 6899 220 6886 220 6920 220 6886 220 6453 220 6921 220 6816 220 6817 220 6921 220 6817 220 6902 220 6317 220 6311 220 6908 220 6921 220 6902 220 6901 220 6922 220 6915 220 6914 220 6923 220 6919 220 6897 220 6247 220 6896 220 6251 220 6924 220 6914 220 6893 220 6248 220 6870 220 6925 220 6924 220 6893 220 6874 220 6926 220 6920 220 6453 220 6248 220 6244 220 6870 220 6927 220 6895 220 6894 220 6451 220 6926 220 6453 220 6389 220 6876 220 6928 220 6389 220 6385 220 6876 220 6929 220 6874 220 6930 220 6929 220 6924 220 6874 220 6931 220 6932 220 6904 220 6931 220 6904 220 6903 220 6933 220 6932 220 6931 220 6934 220 6317 220 6918 220 6934 220 6918 220 6935 220 6934 220 6935 220 6936 220 6937 220 6913 220 6917 220 6934 220 6936 220 6938 220 6939 220 6906 220 6909 220 6934 220 6938 220 6940 220 6939 220 6909 220 6941 220 6934 220 6940 220 6942 220 6939 220 6941 220 6943 220 6944 220 6922 220 6945 220 6946 220 6910 220 6912 220 6947 220 6919 220 6923 220 6948 220 6896 220 6247 220 6319 220 6317 220 6934 220 6949 220 6926 220 6451 220 6950 220 6951 220 6952 220 6953 220 6816 220 6921 220 6954 220 6951 220 6950 220 6953 220 6955 220 6816 220 6953 220 6956 220 6955 220 6957 220 6910 220 6946 220 6958 220 6950 220 6952 220 6959 220 6951 220 6954 220 6959 220 6960 220 6951 220 6449 220 6949 220 6451 220 6395 220 6389 220 6928 220 6961 220 6943 220 6962 220 6395 220 6928 220 6963 220 6961 220 6962 220 6964 220 6965 220 6929 220 6930 220 6961 220 6939 220 6943 220 6966 220 6937 220 6917 220 6966 220 6917 220 6967 220 6968 220 6969 220 6895 220 6968 220 6895 220 6927 220 6970 220 6944 220 6945 220 6971 220 6956 220 6953 220 6972 220 6933 220 6931 220 6973 220 6933 220 6972 220 6974 220 6949 220 6449 220 6975 220 6930 220 6976 220 6977 220 6957 220 6946 220 6975 220 6965 220 6930 220 6978 220 6923 220 6979 220 6978 220 6947 220 6923 220 6980 220 6956 220 6971 220 6981 220 6944 220 6970 220 6447 220 6974 220 6449 220 6396 220 6982 220 6983 220 6243 220 6948 220 6247 220 6396 220 6963 220 6982 220 6984 220 6981 220 6970 220 6396 220 6395 220 6963 220 6985 220 6958 220 6952 220 6253 220 6925 220 6986 220 6987 220 6966 220 6967 220 6253 220 6248 220 6925 220 6988 220 6975 220 6976 220 6989 220 6964 220 6990 220 6988 220 6976 220 6991 220 6989 220 6961 220 6964 220 6992 220 6980 220 6971 220 6993 220 6969 220 6968 220 6994 220 6978 220 6979 220 6995 220 6957 220 6977 220 6325 220 6319 220 6934 220 6445 220 6974 220 6447 220 6995 220 6977 220 6996 220 6445 220 6997 220 6974 220 6445 220 6998 220 6997 220 6398 220 6983 220 6999 220 6398 220 6396 220 6983 220 7000 220 6987 220 6967 220 7000 220 6967 220 7001 220 7002 220 6980 220 6992 220 7003 220 6988 220 6991 220 7004 220 7005 220 6969 220 7006 220 6483 220 6480 220 7004 220 6969 220 6993 220 7007 220 6990 220 7008 220 7007 220 7008 220 7009 220 7010 220 6991 220 7011 220 6443 220 6998 220 6445 220 6443 220 7012 220 6998 220 7007 220 6989 220 6990 220 7010 220 7003 220 6991 220 6400 220 6999 220 7013 220 6400 220 6398 220 6999 220 7014 220 6994 220 6979 220 7015 220 6483 220 7006 220 7014 220 6979 220 7016 220 7017 220 6984 220 7018 220 7017 220 6981 220 6984 220 7019 220 7000 220 7001 220 6441 220 7020 220 7012 220 6441 220 7012 220 6443 220 6402 220 6400 220 7013 220 7021 220 7005 220 7004 220 7021 220 7022 220 7005 220 7023 220 7010 220 7011 220 7024 220 7025 220 7026 220 7027 220 6483 220 7015 220 7024 220 7026 220 7002 220 7027 220 6916 220 6484 220 7027 220 6484 220 6483 220 7028 220 7011 220 7029 220 7028 220 7023 220 7011 220 7030 220 7014 220 7016 220 7031 220 7032 220 7033 220 7034 220 7029 220 6916 220 7031 220 6996 220 7032 220 7034 220 6916 220 7027 220 7031 220 6995 220 6996 220 7035 220 7029 220 7034 220 7035 220 7028 220 7029 220 7036 220 7009 220 7025 220 7036 220 7007 220 7009 220 6439 220 7001 220 7020 220 6439 220 7020 220 6441 220 6404 220 7013 220 7037 220 6404 220 6402 220 7013 220 7038 220 7022 220 7021 220 6479 220 7006 220 6480 220 6330 220 6325 220 6934 220 6437 220 7001 220 6439 220 7039 220 7025 220 7024 220 6437 220 7040 220 7019 220 7039 220 7036 220 7025 220 6437 220 7019 220 7001 220 6406 220 7037 220 6973 220 7041 220 7033 220 7022 220 6406 220 6973 220 6972 220 6406 220 6404 220 7037 220 7041 220 7022 220 7038 220 7042 220 7040 220 6437 220 7043 220 7017 220 7018 220 7044 220 7036 220 7039 220 7045 220 7031 220 7033 220 7045 220 7033 220 7041 220 7046 220 7047 220 6985 220 6434 220 7042 220 6437 220 6408 220 6406 220 6972 220 7046 220 7048 220 7047 220 6408 220 7049 220 7050 220 6408 220 6972 220 7049 220 6237 220 7051 220 6241 220 6433 220 7042 220 6434 220 6433 220 7052 220 7042 220 6410 220 6408 220 7050 220 6410 220 7050 220 7053 220 7054 220 6934 220 7055 220 7054 220 6330 220 6934 220 7056 220 7031 220 7045 220 6430 220 7052 220 6433 220 7057 220 7044 220 7039 220 6430 220 7058 220 7052 220 7059 220 7031 220 7056 220 6412 220 6410 220 7053 220 6412 220 7053 220 7060 220 6428 220 7058 220 6430 220 6428 220 7061 220 7058 220 6415 220 7060 220 7062 220 7063 220 7044 220 7057 220 6415 220 6412 220 7060 220 7064 220 6241 220 7051 220 6416 220 6415 220 7062 220 6426 220 7061 220 6428 220 6426 220 7065 220 7061 220 7064 220 6243 220 6241 220 6418 220 6416 220 7066 220 6425 220 7065 220 6426 220 6425 220 7067 220 7065 220 7068 220 7063 220 7057 220 6421 220 6418 220 7066 220 6421 220 7066 220 7069 220 6421 220 7069 220 7030 220 6477 220 7070 220 6479 220 6423 220 7030 220 7016 220 6477 220 7071 220 7070 220 6423 220 6421 220 7030 220 6423 220 7067 220 6425 220 6423 220 7016 220 7067 220 7072 220 7059 220 7056 220 7073 220 7074 220 7075 220 6572 220 6607 220 6606 220 6572 220 6606 220 6573 220 7070 220 7006 220 6479 220 6914 220 6945 220 6922 220 6707 220 6700 220 6702 220 7062 220 7066 220 6416 220 6670 220 6692 220 6671 220 6540 220 6597 220 6273 220 6664 220 6645 220 6655 220 6522 220 7076 220 7077 220 6902 220 6869 220 6892 220 7073 220 7078 220 7043 220 7026 220 6980 220 7002 220 6600 220 6649 220 6609 220 6749 220 6682 220 6495 220 7079 220 7051 220 6237 220 6712 220 6792 220 6710 220 7080 220 6333 220 6330 220 7081 220 7082 220 7083 220 7080 220 6330 220 7054 220 7081 220 7083 220 6960 220 7081 220 6960 220 7084 220 7084 220 6960 220 7085 220 7085 220 6960 220 6959 220 7047 220 6958 220 6985 220 7079 220 6237 220 6232 220 7086 220 6934 220 7087 220 7087 220 6934 220 7088 220 7088 220 6934 220 7089 220 7089 220 6934 220 6942 220 7076 220 7063 220 7068 220 6856 220 6908 220 6308 220 7090 220 6948 220 6243 220 7075 220 7078 220 7073 220 7090 220 6243 220 7064 220 6513 220 7072 220 6514 220 6513 220 7059 220 7072 220 7077 220 7076 220 7068 220 7091 220 7073 220 7043 220 7091 220 7043 220 7018 220 7092 220 7093 220 6948 220 6506 220 6333 220 7080 220 7092 220 6948 220 7090 220 6475 220 7094 220 7071 220 6475 220 7071 220 6477 220 6230 220 7079 220 6232 220 6338 220 6333 220 6506 220 6230 220 7095 220 7079 220 6537 220 7095 220 6230 220 7096 220 7075 220 7074 220 7097 220 7093 220 7092 220 7098 220 7046 220 7099 220 7098 220 7099 220 7100 220 6524 220 6522 220 7077 220 7101 220 7018 220 6535 220 7101 220 7091 220 7018 220 7102 220 6261 220 6257 220 6511 220 7096 220 7074 220 7103 220 7046 220 7098 220 7102 220 7104 220 6261 220 7105 220 6264 220 6261 220 7105 220 6261 220 7104 220 7106 220 6257 220 6253 220 7106 220 6986 220 7107 220 6553 220 7100 220 7099 220 7106 220 7102 220 6257 220 6510 220 7096 220 6511 220 7106 220 6253 220 6986 220 6525 220 7046 220 7103 220 7108 220 6269 220 6264 220 7108 220 6264 220 7105 220 6529 220 6528 220 7093 220 6525 220 6523 220 7048 220 6525 220 7048 220 7046 220 6552 220 7100 220 6553 220 6529 220 7093 220 7097 220 6508 220 7107 220 7109 220 6508 220 7109 220 6503 220 6534 220 7101 220 6535 220 6508 220 7106 220 7107 220 6473 220 7110 220 7094 220 6473 220 6556 220 7110 220 6473 220 7094 220 6475 220 6342 220 6338 220 6506 220 6540 220 6269 220 7108 220 6486 221 7111 221 7112 221 7113 222 6310 222 7114 222 6486 221 7112 221 6485 221 7114 223 6310 223 6313 223 6485 224 7112 224 7115 224 7114 221 6313 221 7116 221 6485 225 7115 225 6482 225 7116 226 6313 226 6318 226 6482 221 7115 221 7117 221 7116 221 6318 221 7118 221 6482 227 7117 227 6481 227 7118 228 6318 228 6324 228 7117 229 7119 229 6478 229 6481 230 7117 230 6478 230 7120 231 7118 231 6329 231 7118 232 6324 232 6329 232 7119 221 7121 221 6476 221 6478 233 7119 233 6476 233 7122 234 7120 234 6332 234 7120 221 6329 221 6332 221 7121 221 7123 221 6474 221 6476 235 7121 235 6474 235 7124 221 7122 221 6334 221 7122 236 6332 236 6334 236 7123 221 7125 221 6472 221 6328 221 6335 221 7126 221 6474 221 7123 221 6472 221 7124 237 6334 237 6341 237 7127 221 7124 221 6341 221 6335 221 6337 221 7128 221 6472 238 7125 238 6470 238 7125 221 7129 221 6470 221 7126 221 6335 221 7128 221 7127 221 6341 221 6345 221 7130 221 7127 221 6345 221 6326 239 6328 239 7131 239 6328 240 7126 240 7131 240 6470 241 7129 241 6468 241 7129 221 7132 221 6468 221 7130 242 6345 242 6351 242 7133 221 7130 221 6351 221 7128 221 6337 221 7134 221 6337 243 6340 243 7134 243 7132 221 7135 221 6466 221 6468 244 7132 244 6466 244 7133 245 6351 245 6355 245 7136 221 7133 221 6355 221 6322 221 6326 221 7137 221 6326 246 7131 246 7137 246 7134 221 6340 221 7138 221 6340 221 6343 221 7138 221 7135 247 7139 247 6464 247 6466 248 7135 248 6464 248 7136 249 6355 249 6357 249 7140 250 7136 250 6357 250 6321 223 6322 223 7141 223 6322 251 7137 251 7141 251 6343 252 6348 252 7142 252 7139 253 7143 253 6462 253 6464 254 7139 254 6462 254 7138 221 6343 221 7142 221 7140 255 6357 255 6364 255 7144 221 7140 221 6364 221 6315 221 6321 221 7145 221 6321 256 7141 256 7145 256 6348 257 6350 257 7146 257 6350 258 6353 258 7146 258 7143 221 7147 221 6459 221 6462 259 7143 259 6459 259 7142 221 6348 221 7146 221 7144 260 6364 260 6368 260 7148 261 7144 261 6368 261 6306 221 6314 221 7149 221 6314 221 6315 221 7149 221 6315 262 7145 262 7149 262 7147 221 7150 221 6458 221 6459 221 7147 221 6458 221 7148 263 6368 263 6373 263 7151 221 7148 221 6373 221 6353 264 6358 264 7152 264 7146 265 6353 265 7152 265 6306 266 7149 266 7153 266 6302 221 6306 221 7153 221 6458 221 7150 221 6456 221 6358 267 6362 267 7154 267 7151 268 6373 268 6378 268 7152 221 6358 221 7154 221 6301 221 6302 221 7155 221 6302 269 7153 269 7155 269 7150 221 7156 221 6454 221 6456 221 7150 221 6454 221 7157 221 7151 221 6381 221 6362 221 6369 221 7158 221 7151 270 6378 270 6381 270 7154 221 6362 221 7158 221 7156 271 7159 271 6452 271 6295 221 6301 221 7160 221 6454 221 7156 221 6452 221 6301 272 7155 272 7160 272 7161 273 7157 273 6386 273 6369 274 6370 274 7162 274 7158 221 6369 221 7162 221 7157 275 6381 275 6386 275 6294 221 6295 221 7163 221 6295 276 7160 276 7163 276 6370 277 6374 277 7164 277 7159 278 7165 278 6450 278 6452 221 7159 221 6450 221 7162 221 6370 221 7164 221 7166 221 7161 221 6390 221 6288 221 6294 221 7167 221 6294 279 7163 279 7167 279 7161 280 6386 280 6390 280 6374 281 6376 281 7168 281 7164 221 6374 221 7168 221 6287 221 6288 221 7169 221 6288 282 7167 282 7169 282 6450 221 7165 221 6448 221 7165 283 7170 283 6448 283 7171 284 7166 284 6392 284 7166 285 6390 285 6392 285 6376 286 6383 286 7172 286 7168 221 6376 221 7172 221 6280 287 6287 287 7173 287 6287 288 7169 288 7173 288 6383 289 6384 289 7174 289 7172 290 6383 290 7174 290 6279 221 6280 221 7175 221 6280 291 7173 291 7175 291 6448 292 7170 292 6446 292 7170 221 7176 221 6446 221 7171 293 6392 293 6397 293 6384 294 6388 294 7177 294 7178 221 7171 221 6397 221 7174 295 6384 295 7177 295 6272 221 6279 221 7179 221 6279 296 7175 296 7179 296 6446 221 7176 221 6444 221 6268 221 6272 221 7180 221 6272 297 7179 297 7180 297 7176 298 7181 298 6444 298 7178 299 6397 299 6399 299 7182 221 7178 221 6399 221 6388 221 6394 221 7183 221 7177 221 6388 221 7183 221 6444 221 7181 221 6442 221 6268 300 7180 300 7184 300 6260 221 6267 221 7184 221 6267 221 6268 221 7184 221 7181 301 7185 301 6442 301 6228 221 6227 221 7186 221 7182 302 6399 302 6401 302 7183 221 6394 221 7186 221 7187 221 7182 221 6401 221 6394 221 6228 221 7186 221 6258 221 6260 221 7188 221 6442 221 7185 221 6440 221 6260 303 7184 303 7188 303 6227 221 6233 221 7189 221 7186 221 6227 221 7189 221 7185 304 7190 304 6440 304 7187 221 6401 221 6403 221 7191 221 7187 221 6403 221 6252 305 6258 305 7192 305 6258 306 7188 306 7192 306 7189 307 6233 307 7193 307 6233 221 6239 221 7193 221 6440 221 7190 221 6438 221 7190 221 7194 221 6438 221 7191 308 6403 308 6405 308 7195 221 7191 221 6405 221 6250 221 6252 221 7196 221 6252 309 7192 309 7196 309 6239 221 6246 221 7197 221 6438 221 7194 221 6436 221 7193 310 6239 310 7197 310 7194 221 7198 221 6436 221 7195 311 6405 311 6407 311 7199 312 7195 312 6407 312 6245 313 6250 313 7200 313 6250 314 7196 314 7200 314 6246 315 6249 315 7201 315 6436 317 7198 317 6435 317 7197 316 6246 316 7201 316 7198 318 7202 318 6435 318 7199 221 6407 221 6409 221 7203 319 7199 319 6409 319 6245 320 7200 320 7204 320 6435 321 7202 321 6432 321 6242 221 6245 221 7204 221 6249 221 6254 221 7205 221 7201 221 6249 221 7205 221 7203 322 6409 322 6411 322 6432 221 7202 221 6431 221 6242 323 7204 323 7206 323 6236 221 6242 221 7206 221 7202 221 7207 221 6431 221 6254 221 6255 221 7208 221 7203 324 6411 324 6413 324 7205 325 6254 325 7208 325 7209 221 7203 221 6413 221 6431 326 7207 326 6429 326 7207 221 7210 221 6429 221 6236 327 7206 327 7211 327 7212 221 7209 221 6414 221 6235 221 6236 221 7211 221 6255 221 6262 221 7213 221 7209 328 6413 328 6414 328 7208 329 6255 329 7213 329 7214 330 7212 330 6417 330 7212 331 6414 331 6417 331 6429 221 7210 221 6427 221 7210 221 7215 221 6427 221 7216 332 7214 332 6419 332 6235 333 7211 333 7217 333 7214 221 6417 221 6419 221 6231 221 6235 221 7217 221 7215 221 7218 221 6424 221 6262 221 6265 221 7219 221 6427 334 7215 334 6424 334 7213 335 6262 335 7219 335 7220 336 7216 336 6420 336 7216 337 6419 337 6420 337 7218 221 7220 221 6422 221 6424 221 7218 221 6422 221 7220 338 6420 338 6422 338 6231 339 7217 339 7221 339 6225 221 6231 221 7221 221 6265 221 6270 221 7222 221 7219 221 6265 221 7222 221 6225 340 7221 340 7223 340 6222 221 6225 221 7223 221 7222 221 6270 221 7224 221 6270 341 6274 341 7224 341 6222 342 7223 342 7225 342 6223 221 6222 221 7225 221 6274 343 6277 343 7226 343 7224 344 6274 344 7226 344 6223 221 7225 221 6500 221 7226 345 6277 345 6283 345 6500 346 7225 346 7227 346 7226 221 6283 221 7228 221 6500 221 7227 221 6498 221 7228 347 6283 347 6284 347 6498 348 7227 348 7229 348 7228 221 6284 221 7230 221 6498 331 7229 331 6496 331 7230 349 6284 349 6291 349 6496 350 7229 350 7231 350 7230 221 6291 221 7232 221 6496 221 7231 221 6494 221 7232 351 6291 351 6292 351 6494 352 7231 352 7233 352 7232 221 6292 221 7234 221 6494 353 7233 353 6492 353 7234 354 6292 354 6299 354 6492 355 7233 355 7235 355 7234 221 6299 221 7236 221 6492 221 7235 221 6490 221 7236 356 6299 356 6304 356 6490 357 7235 357 7237 357 7236 358 6304 358 7238 358 6490 221 7237 221 6489 221 7238 359 6304 359 6307 359 6489 352 7237 352 7111 352 7238 360 6307 360 7113 360 6489 361 7111 361 6486 361 7113 221 6307 221 6310 221 7239 362 6763 362 6804 362 7240 362 7239 362 6804 362 7241 363 7240 363 6804 363 7241 364 6804 364 6829 364 7242 365 7241 365 6830 365 7241 366 6829 366 6830 366 7243 367 7242 367 6857 367 7242 367 6830 367 6857 367 7244 368 7243 368 6886 368 7245 369 7244 369 6886 369 7243 370 6857 370 6886 370 7245 371 6886 371 6880 371 7246 372 7245 372 6828 372 7245 372 6880 372 6828 372 7247 373 7246 373 6782 373 7246 374 6828 374 6782 374 7248 375 7247 375 6736 375 7247 376 6782 376 6736 376 7249 377 7248 377 6638 377 7248 377 6736 377 6638 377 7250 378 7249 378 6547 378 7249 379 6638 379 6547 379 7251 380 7250 380 6509 380 7252 381 7251 381 6509 381 7250 380 6547 380 6509 380 7253 382 7252 382 6511 382 7252 381 6509 381 6511 381 7253 382 6511 382 7074 382 6677 383 6763 383 7239 383 6677 383 7239 383 7254 383 7253 384 7074 384 7073 384 7255 385 7253 385 7073 385 6668 386 6677 386 7254 386 6668 386 7254 386 7256 386 6660 387 7256 387 7257 387 6660 387 6668 387 7256 387 6653 388 7257 388 7258 388 6653 388 6660 388 7257 388 6640 389 7258 389 7259 389 6640 390 6653 390 7258 390 6625 391 7259 391 7260 391 6625 392 6640 392 7259 392 6611 393 7260 393 7261 393 6611 394 7261 394 7262 394 6611 393 6625 393 7260 393 6590 394 6611 394 7262 394 6575 395 7262 395 7263 395 6575 396 7263 396 7264 396 6575 397 6590 397 7262 397 6559 398 6575 398 7264 398 6533 399 7264 399 7265 399 6533 400 7265 400 7266 400 6533 401 6559 401 7264 401 6534 402 6533 402 7266 402 7101 403 7266 403 7267 403 7101 404 7267 404 7268 404 7101 405 6534 405 7266 405 7091 406 7268 406 7255 406 7091 404 7101 404 7268 404 7073 407 7091 407 7255 407 6949 408 6974 408 7269 408 6949 409 7269 409 7270 409 7269 410 6974 410 6997 410 7271 411 7269 411 6997 411 7272 412 7271 412 6997 412 7272 413 6997 413 6998 413 7273 414 7272 414 7012 414 7272 415 6998 415 7012 415 7274 416 7273 416 7020 416 7273 417 7012 417 7020 417 7275 418 7274 418 7001 418 7276 419 7275 419 7001 419 7274 420 7020 420 7001 420 7276 419 7001 419 6967 419 7277 421 7276 421 6917 421 7276 422 6967 422 6917 422 7278 423 7277 423 6866 423 7277 424 6917 424 6866 424 7279 425 7278 425 6838 425 7278 426 6866 426 6838 426 7280 427 7279 427 6778 427 7279 427 6838 427 6778 427 7281 428 7280 428 6728 428 7280 429 6778 429 6728 429 7282 430 7281 430 6661 430 7283 431 7282 431 6661 431 7281 430 6728 430 6661 430 7284 432 7283 432 6627 432 7283 431 6661 431 6627 431 7284 433 6627 433 6607 433 6926 434 6949 434 7270 434 6926 435 7270 435 7285 435 6920 436 7285 436 7286 436 6920 436 6926 436 7285 436 6899 437 7286 437 7287 437 6899 438 6920 438 7286 438 6891 439 7287 439 7288 439 6891 440 6899 440 7287 440 6879 441 7288 441 7289 441 6879 442 6891 442 7288 442 6853 443 7289 443 7290 443 6853 444 7290 444 7291 444 6853 443 6879 443 7289 443 6825 445 6853 445 7291 445 6810 446 7291 446 7292 446 6810 447 7292 447 7293 447 6810 448 6825 448 7291 448 6781 449 6810 449 7293 449 6734 450 7293 450 7294 450 6734 451 7294 451 7295 451 6734 452 6781 452 7293 452 6685 453 6734 453 7295 453 6634 454 7295 454 7296 454 6634 455 7296 455 7297 455 6634 456 6685 456 7295 456 6601 457 7297 457 7298 457 6601 458 6634 458 7297 458 6572 459 6601 459 7298 459 7298 460 7284 460 6607 460 7298 460 6607 460 6572 460 7299 461 7070 461 7071 461 7300 462 7299 462 7071 462 7301 463 7300 463 7071 463 7301 464 7071 464 7094 464 7302 465 7301 465 7110 465 7301 465 7094 465 7110 465 7303 466 7302 466 6556 466 7302 466 7110 466 6556 466 7304 467 7303 467 6555 467 7305 468 7304 468 6555 468 7303 469 6556 469 6555 469 7305 470 6555 470 6626 470 7306 471 7305 471 6591 471 7305 471 6626 471 6591 471 7307 472 7306 472 6560 472 7306 472 6591 472 6560 472 7308 473 7307 473 6536 473 7307 474 6560 474 6536 474 7309 475 7308 475 6535 475 7308 476 6536 476 6535 476 7310 477 7309 477 7018 477 7309 478 6535 478 7018 478 7311 479 7310 479 6984 479 7312 480 7311 480 6984 480 7310 479 7018 479 6984 479 7313 481 7312 481 6970 481 7312 480 6984 480 6970 480 7313 481 6970 481 6945 481 7006 482 7070 482 7299 482 7006 482 7299 482 7314 482 7313 483 6945 483 6914 483 7315 484 7313 484 6914 484 7015 485 7006 485 7314 485 7015 485 7314 485 7316 485 7027 486 7316 486 7317 486 7027 486 7015 486 7316 486 7034 487 7317 487 7318 487 7034 487 7027 487 7317 487 7035 488 7318 488 7319 488 7035 488 7034 488 7318 488 7028 489 7319 489 7320 489 7028 490 7035 490 7319 490 7023 491 7320 491 7321 491 7023 492 7321 492 7322 492 7023 493 7028 493 7320 493 7010 494 7023 494 7322 494 7003 495 7322 495 7323 495 7003 496 7323 496 7324 496 7003 497 7010 497 7322 497 6988 496 7003 496 7324 496 6975 498 7324 498 7325 498 6975 499 7325 499 7326 499 6975 500 6988 500 7324 500 6965 501 6975 501 7326 501 6929 502 7326 502 7327 502 6929 503 7327 503 7328 503 6929 504 6965 504 7326 504 6924 505 7328 505 7315 505 6924 503 6929 503 7328 503 6914 506 6924 506 7315 506 7329 507 7330 507 6700 507 7329 508 6700 508 6707 508 7331 509 7062 509 7060 509 7332 509 7331 509 7060 509 7333 510 7332 510 7060 510 7333 511 7060 511 7053 511 7334 512 7333 512 7050 512 7333 512 7053 512 7050 512 7335 513 7334 513 7049 513 7334 514 7050 514 7049 514 7336 515 7335 515 6972 515 7337 516 7336 516 6972 516 7335 517 7049 517 6972 517 7337 518 6972 518 6931 518 7338 519 7337 519 6903 519 7337 519 6931 519 6903 519 7339 520 7338 520 6883 520 7338 521 6903 521 6883 521 7340 522 7339 522 6863 522 7339 523 6883 523 6863 523 7341 524 7340 524 6833 524 7340 524 6863 524 6833 524 7342 525 7341 525 6812 525 7341 526 6833 526 6812 526 7343 527 7342 527 6784 527 7344 528 7343 528 6784 528 7342 529 6812 529 6784 529 7330 530 7344 530 6743 530 7344 528 6784 528 6743 528 7330 531 6743 531 6700 531 7069 532 7066 532 7345 532 7069 532 7345 532 7346 532 7030 533 7346 533 7347 533 7030 534 7069 534 7346 534 7014 535 7347 535 7348 535 7014 535 7030 535 7347 535 6994 536 7348 536 7349 536 6994 536 7014 536 7348 536 6978 537 7349 537 7350 537 6978 537 6994 537 7349 537 6947 538 7350 538 7351 538 6947 539 7351 539 7352 539 6947 538 6978 538 7350 538 6919 540 6947 540 7352 540 6898 541 7352 541 7353 541 6898 542 7353 542 7354 542 6898 541 6919 541 7352 541 6873 543 6898 543 7354 543 6841 544 7354 544 7355 544 6841 545 7355 545 7356 545 6841 544 6873 544 7354 544 6842 546 6841 546 7356 546 6819 547 7356 547 7357 547 6819 548 7357 548 7358 548 6819 549 6842 549 7356 549 6757 550 7358 550 7329 550 6757 551 6819 551 7358 551 6707 552 6757 552 7329 552 7066 553 7062 553 7331 553 7066 553 7331 553 7345 553 7042 554 7052 554 7359 554 7042 555 7359 555 7360 555 7359 556 7052 556 7058 556 7361 556 7359 556 7058 556 7362 557 7361 557 7058 557 7362 558 7058 558 7061 558 7363 559 7362 559 7065 559 7362 560 7061 560 7065 560 7364 561 7363 561 7067 561 7363 562 7065 562 7067 562 7365 563 7364 563 7016 563 7366 564 7365 564 7016 564 7364 563 7067 563 7016 563 7366 565 7016 565 6979 565 7367 566 7366 566 6923 566 7366 567 6979 567 6923 567 7368 568 7367 568 6897 568 7367 568 6923 568 6897 568 7369 569 7368 569 6872 569 7368 570 6897 570 6872 570 7370 571 7369 571 6840 571 7369 572 6872 572 6840 572 7371 573 7370 573 6818 573 7370 574 6840 574 6818 574 7372 575 7371 575 6790 575 7373 576 7372 576 6790 576 7371 575 6818 575 6790 575 7374 577 7373 577 6747 577 7373 576 6790 576 6747 576 7374 578 6747 578 6692 578 7040 579 7042 579 7360 579 7040 579 7360 579 7375 579 7019 580 7375 580 7376 580 7019 580 7040 580 7375 580 7000 581 7376 581 7377 581 7000 581 7019 581 7376 581 6987 582 7377 582 7378 582 6987 583 7000 583 7377 583 6966 584 7378 584 7379 584 6966 584 6987 584 7378 584 6937 585 7379 585 7380 585 6937 586 7380 586 7381 586 6937 587 6966 587 7379 587 6913 588 6937 588 7381 588 6890 589 7381 589 7382 589 6890 590 7382 590 7383 590 6890 591 6913 591 7381 591 6865 590 6890 590 7383 590 6837 592 7383 592 7384 592 6837 593 7384 593 7385 593 6837 592 6865 592 7383 592 6811 593 6837 593 7385 593 6775 594 7385 594 7386 594 6775 595 7386 595 7387 595 6775 594 6811 594 7385 594 6730 596 7387 596 7388 596 6730 597 6775 597 7387 597 6670 598 6730 598 7388 598 7388 599 7374 599 6692 599 7388 599 6692 599 6670 599 6597 600 6540 600 7389 600 6597 600 7389 600 7390 600 7389 601 6540 601 7108 601 7391 602 7389 602 7108 602 7392 603 7391 603 7108 603 7392 604 7108 604 7105 604 7393 605 7392 605 7104 605 7392 605 7105 605 7104 605 7394 606 7393 606 7102 606 7393 606 7104 606 7102 606 7395 607 7394 607 7106 607 7396 608 7395 608 7106 608 7394 609 7102 609 7106 609 7396 610 7106 610 6508 610 7397 611 7396 611 6502 611 7396 611 6508 611 6502 611 7398 612 7397 612 6530 612 7397 612 6502 612 6530 612 7399 613 7398 613 6544 613 7398 614 6530 614 6544 614 7400 615 7399 615 6566 615 7399 616 6544 616 6566 616 7401 617 7400 617 6584 617 7400 618 6566 618 6584 618 7402 619 7401 619 6612 619 7403 620 7402 620 6612 620 7401 619 6584 619 6612 619 7404 621 7403 621 6623 621 7403 620 6612 620 6623 620 7404 621 6623 621 6645 621 6635 622 6597 622 7390 622 6635 622 7390 622 7405 622 6637 623 7405 623 7406 623 6637 623 6635 623 7405 623 6746 624 7406 624 7407 624 6746 624 6637 624 7406 624 6732 625 7407 625 7408 625 6732 625 6746 625 7407 625 6733 626 7408 626 7409 626 6733 627 6732 627 7408 627 6725 628 7409 628 7410 628 6725 629 7410 629 7411 629 6725 630 6733 630 7409 630 6726 631 6725 631 7411 631 6719 632 7411 632 7412 632 6719 633 7412 633 7413 633 6719 634 6726 634 7411 634 6720 633 6719 633 7413 633 6696 635 7413 635 7414 635 6696 636 7414 636 7415 636 6696 637 6720 637 7413 637 6697 638 6696 638 7415 638 6699 639 7415 639 7416 639 6699 640 7416 640 7417 640 6699 641 6697 641 7415 641 6676 642 7417 642 7418 642 6676 640 6699 640 7417 640 6664 643 6676 643 7418 643 7404 644 6645 644 6664 644 7418 645 7404 645 6664 645 7419 646 7420 646 7076 646 7419 647 7076 647 6522 647 7421 648 6808 648 6809 648 7422 648 7421 648 6809 648 7423 649 7422 649 6809 649 7423 650 6809 650 6814 650 7424 651 7423 651 6824 651 7423 652 6814 652 6824 652 7425 653 7424 653 6836 653 7424 653 6824 653 6836 653 7426 654 7425 654 6887 654 7427 655 7426 655 6887 655 7425 656 6836 656 6887 656 7427 657 6887 657 6906 657 7428 658 7427 658 6939 658 7427 658 6906 658 6939 658 7429 659 7428 659 6961 659 7428 660 6939 660 6961 660 7430 661 7429 661 6989 661 7429 662 6961 662 6989 662 7431 663 7430 663 7007 663 7430 663 6989 663 7007 663 7432 664 7431 664 7036 664 7431 665 7007 665 7036 665 7433 666 7432 666 7044 666 7434 667 7433 667 7044 667 7432 666 7036 666 7044 666 7420 668 7434 668 7063 668 7434 667 7044 667 7063 667 7420 668 7063 668 7076 668 6925 669 6870 669 7435 669 6925 669 7435 669 7436 669 6986 670 7436 670 7437 670 6986 670 6925 670 7436 670 7107 671 7437 671 7438 671 7107 671 6986 671 7437 671 7109 672 7438 672 7439 672 7109 673 7107 673 7438 673 6503 674 7439 674 7440 674 6503 675 7109 675 7439 675 6504 676 7440 676 7441 676 6504 677 7441 677 7442 677 6504 676 6503 676 7440 676 6507 677 6504 677 7442 677 6531 678 7442 678 7443 678 6531 679 7443 679 7444 679 6531 680 6507 680 7442 680 6532 681 6531 681 7444 681 6545 682 7444 682 7445 682 6545 683 7445 683 7446 683 6545 684 6532 684 7444 684 6567 685 6545 685 7446 685 6568 686 7446 686 7447 686 6568 687 7447 687 7448 687 6568 688 6567 688 7446 688 6521 689 7448 689 7419 689 6521 687 6568 687 7448 687 6522 690 6521 690 7419 690 6870 691 6808 691 7421 691 6870 691 7421 691 7435 691 6554 692 6546 692 7449 692 6554 693 7449 693 7450 693 7449 694 6546 694 6561 694 7451 694 7449 694 6561 694 7452 695 7451 695 6561 695 7452 696 6561 696 6571 696 7453 697 7452 697 6592 697 7452 698 6571 698 6592 698 7454 699 7453 699 6608 699 7453 700 6592 700 6608 700 7455 701 7454 701 6619 701 7456 702 7455 702 6619 702 7454 701 6608 701 6619 701 7456 703 6619 703 6632 703 7457 704 7456 704 6658 704 7456 705 6632 705 6658 705 7458 706 7457 706 6675 706 7457 706 6658 706 6675 706 7459 707 7458 707 6751 707 7458 708 6675 708 6751 708 7460 709 7459 709 6752 709 7459 710 6751 710 6752 710 7461 711 7460 711 6753 711 7460 712 6752 712 6753 712 7462 713 7461 713 6779 713 7463 714 7462 714 6779 714 7461 713 6753 713 6779 713 7464 715 7463 715 6855 715 7463 714 6779 714 6855 714 7464 716 6855 716 6869 716 6570 717 6554 717 7450 717 6570 717 7450 717 7465 717 6581 718 7465 718 7466 718 6581 718 6570 718 7465 718 6683 719 7466 719 7467 719 6683 719 6581 719 7466 719 6690 720 7467 720 7468 720 6690 721 6683 721 7467 721 6691 722 7468 722 7469 722 6691 722 6690 722 7468 722 6715 723 7469 723 7470 723 6715 724 7470 724 7471 724 6715 725 6691 725 7469 725 6716 726 6715 726 7471 726 6737 727 7471 727 7472 727 6737 728 7472 728 7473 728 6737 729 6716 729 7471 729 6739 728 6737 728 7473 728 6762 730 7473 730 7474 730 6762 731 7474 731 7475 731 6762 730 6739 730 7473 730 6788 731 6762 731 7475 731 6789 732 7475 732 7476 732 6789 733 7476 733 7477 733 6789 732 6788 732 7475 732 6817 734 7477 734 7478 734 6817 735 6789 735 7477 735 6902 736 6817 736 7478 736 7478 737 7464 737 6869 737 7478 737 6869 737 6902 737 7479 738 6622 738 6629 738 7480 739 7479 739 6629 739 7481 740 7480 740 6629 740 7481 741 6629 741 6639 741 7482 742 7481 742 6656 742 7481 743 6639 743 6656 743 7483 744 7482 744 6667 744 7482 745 6656 745 6667 745 7484 746 7483 746 6681 746 7485 747 7484 747 6681 747 7483 748 6667 748 6681 748 7485 747 6681 747 6689 747 7486 749 7485 749 6713 749 7485 750 6689 750 6713 750 7487 751 7486 751 6735 751 7486 752 6713 752 6735 752 7488 753 7487 753 6760 753 7487 754 6735 754 6760 754 7489 755 7488 755 6787 755 7488 755 6760 755 6787 755 7490 756 7489 756 6816 756 7489 757 6787 757 6816 757 7491 758 7490 758 6955 758 7492 759 7491 759 6955 759 7490 758 6816 758 6955 758 7493 760 7492 760 6956 760 7492 759 6955 759 6956 759 7493 761 6956 761 6980 761 6636 762 6622 762 7479 762 6636 763 7479 763 7494 763 7495 764 7493 764 6980 764 7495 764 6980 764 7026 764 6654 765 6636 765 7494 765 6654 766 7494 766 7496 766 6666 767 7496 767 7497 767 6666 767 6654 767 7496 767 6888 768 7497 768 7498 768 6888 769 6666 769 7497 769 6907 770 7498 770 7499 770 6907 771 6888 771 7498 771 6909 772 7499 772 7500 772 6909 773 6907 773 7499 773 6941 774 7500 774 7501 774 6941 775 7501 775 7502 775 6941 774 6909 774 7500 774 6943 776 6941 776 7502 776 6962 777 7502 777 7503 777 6962 778 7503 778 7504 778 6962 779 6943 779 7502 779 6964 780 6962 780 7504 780 6990 781 7504 781 7505 781 6990 782 7505 782 7506 782 6990 783 6964 783 7504 783 7008 784 6990 784 7506 784 7009 785 7506 785 7507 785 7009 786 7507 786 7508 786 7009 787 7008 787 7506 787 7025 788 7508 788 7495 788 7025 789 7009 789 7508 789 7026 790 7025 790 7495 790 7509 791 6748 791 6776 791 7510 792 7509 792 6776 792 7511 793 7510 793 6805 793 7510 794 6776 794 6805 794 7512 795 7511 795 6831 795 7511 795 6805 795 6831 795 7513 796 7512 796 6896 796 7514 797 7513 797 6896 797 7512 796 6831 796 6896 796 7514 798 6896 798 6948 798 7515 799 7514 799 7093 799 7514 799 6948 799 7093 799 7516 800 7515 800 6528 800 7517 801 7516 801 6528 801 7515 802 7093 802 6528 802 7517 803 6528 803 6549 803 7518 804 7517 804 6580 804 7517 805 6549 805 6580 805 7519 806 7518 806 6587 806 7518 807 6580 807 6587 807 7520 808 7519 808 6516 808 7519 809 6587 809 6516 809 7521 810 7520 810 6515 810 7522 811 7521 811 6515 811 7520 812 6516 812 6515 812 7522 813 6515 813 6514 813 7523 814 7522 814 7072 814 7522 815 6514 815 7072 815 6717 816 6748 816 7509 816 6717 816 7509 816 7524 816 7523 817 7072 817 7056 817 7525 817 7523 817 7056 817 6740 818 6717 818 7524 818 6740 818 7524 818 7526 818 6769 819 7526 819 7527 819 6769 820 6740 820 7526 820 6794 821 7527 821 7528 821 6794 822 7528 822 7529 822 6794 821 6769 821 7527 821 6827 823 6794 823 7529 823 6894 824 7529 824 7530 824 6894 825 6827 825 7529 825 6927 826 7530 826 7531 826 6927 827 7531 827 7532 827 6927 828 6894 828 7530 828 6968 827 6927 827 7532 827 6993 829 7532 829 7533 829 6993 829 6968 829 7532 829 7004 830 7533 830 7534 830 7004 831 6993 831 7533 831 7021 832 7534 832 7535 832 7021 833 7535 833 7536 833 7021 834 7004 834 7534 834 7038 835 7021 835 7536 835 7041 836 7536 836 7537 836 7041 836 7038 836 7536 836 7045 837 7537 837 7538 837 7045 838 7041 838 7537 838 7056 839 7538 839 7525 839 7056 839 7045 839 7538 839 7539 840 7540 840 6977 840 7539 840 6977 840 6946 840 7541 841 6602 841 6617 841 7542 842 7541 842 6617 842 7543 843 7542 843 6617 843 7543 844 6617 844 6630 844 7544 845 7543 845 6659 845 7543 845 6630 845 6659 845 7545 846 7544 846 6678 846 7544 847 6659 847 6678 847 7546 848 7545 848 6688 848 7547 849 7546 849 6688 849 7545 848 6678 848 6688 848 7547 850 6688 850 6795 850 7548 851 7547 851 6895 851 7547 852 6795 852 6895 852 7549 853 7548 853 6969 853 7548 853 6895 853 6969 853 7550 854 7549 854 7005 854 7549 855 6969 855 7005 855 7551 856 7550 856 7022 856 7550 856 7005 856 7022 856 7552 857 7551 857 7033 857 7551 858 7022 858 7033 858 7553 859 7552 859 7032 859 7554 860 7553 860 7032 860 7552 859 7033 859 7032 859 7540 861 7554 861 6996 861 7554 862 7032 862 6996 862 7540 863 6996 863 6977 863 6610 864 6589 864 7555 864 6610 865 7555 865 7556 865 6644 866 7556 866 7557 866 6644 867 6610 867 7556 867 6650 868 7557 868 7558 868 6650 868 6644 868 7557 868 6665 869 7558 869 7559 869 6665 870 6650 870 7558 870 6686 871 7559 871 7560 871 6686 871 6665 871 7559 871 6698 872 7560 872 7561 872 6698 873 7561 873 7562 873 6698 872 6686 872 7560 872 6727 874 6698 874 7562 874 6754 875 7562 875 7563 875 6754 876 7563 876 7564 876 6754 877 6727 877 7562 877 6780 876 6754 876 7564 876 6800 878 7564 878 7565 878 6800 879 7565 879 7566 879 6800 880 6780 880 7564 880 6823 879 6800 879 7566 879 6875 881 7566 881 7567 881 6875 882 7567 882 7568 882 6875 881 6823 881 7566 881 6912 883 7568 883 7539 883 6912 882 6875 882 7568 882 6946 884 6912 884 7539 884 6589 885 6602 885 7541 885 6589 886 7541 886 7555 886 7569 887 6649 887 6600 887 7570 888 7569 888 6600 888 7571 889 7079 889 7095 889 7572 890 7571 890 7095 890 7573 891 7572 891 7095 891 7573 892 7095 892 6537 892 7574 893 7573 893 6539 893 7573 894 6537 894 6539 894 7575 895 7574 895 6593 895 7574 896 6539 896 6593 896 7576 897 7575 897 6631 897 7577 898 7576 898 6631 898 7575 899 6593 899 6631 899 7577 900 6631 900 6706 900 7578 901 7577 901 6758 901 7577 902 6706 902 6758 902 7579 903 7578 903 6774 903 7578 904 6758 904 6774 904 7580 905 7579 905 6772 905 7579 906 6774 906 6772 906 7581 907 7580 907 6742 907 7580 907 6772 907 6742 907 7582 908 7581 908 6673 908 7581 909 6742 909 6673 909 7583 910 7582 910 6652 910 7584 911 7583 911 6652 911 7582 910 6673 910 6652 910 7569 912 7584 912 6651 912 7584 913 6652 913 6651 913 7569 914 6651 914 6649 914 7064 915 7051 915 7585 915 7064 915 7585 915 7586 915 7090 916 7586 916 7587 916 7090 916 7064 916 7586 916 7092 917 7587 917 7588 917 7092 918 7090 918 7587 918 7097 919 7588 919 7589 919 7097 920 7092 920 7588 920 6529 921 7589 921 7590 921 6529 922 7097 922 7589 922 6527 923 7590 923 7591 923 6527 924 7591 924 7592 924 6527 925 6529 925 7590 925 6548 926 6527 926 7592 926 6569 927 7592 927 7593 927 6569 928 7593 928 7594 928 6569 929 6548 929 7592 929 6579 930 6569 930 7594 930 6586 931 7594 931 7595 931 6586 932 7595 932 7596 932 6586 931 6579 931 7594 931 6598 932 6586 932 7596 932 6603 933 7596 933 7597 933 6603 934 7597 934 7598 934 6603 933 6598 933 7596 933 6599 935 7598 935 7570 935 6599 936 6603 936 7598 936 6600 937 6599 937 7570 937 7051 938 7079 938 7571 938 7051 938 7571 938 7585 938 6682 939 6749 939 7599 939 6682 940 7599 940 7600 940 7599 941 6749 941 6755 941 7601 942 7599 942 6755 942 7602 943 7601 943 6755 943 7602 944 6755 944 6832 944 7603 945 7602 945 6878 945 7602 946 6832 946 6878 946 7604 947 7603 947 6900 947 7603 947 6878 947 6900 947 7605 948 7604 948 6916 948 7606 949 7605 949 6916 949 7604 948 6900 948 6916 948 7606 950 6916 950 7029 950 7607 951 7606 951 7011 951 7606 952 7029 952 7011 952 7608 953 7607 953 6991 953 7607 953 7011 953 6991 953 7609 954 7608 954 6976 954 7608 954 6991 954 6976 954 7610 955 7609 955 6930 955 7609 955 6976 955 6930 955 7611 956 7610 956 6874 956 7610 957 6930 957 6874 957 7612 958 7611 958 6847 958 7613 959 7612 959 6847 959 7611 960 6874 960 6847 960 7614 961 7613 961 6846 961 7613 962 6847 962 6846 962 7614 961 6846 961 6792 961 6684 963 6682 963 7600 963 6684 964 7600 964 7615 964 6687 965 7615 965 7616 965 6687 966 6684 966 7615 966 6705 967 7616 967 7617 967 6705 968 6687 968 7616 968 6738 969 7617 969 7618 969 6738 969 6705 969 7617 969 6756 970 7618 970 7619 970 6756 970 6738 970 7618 970 6765 971 7619 971 7620 971 6765 972 7620 972 7621 972 6765 973 6756 973 7619 973 6773 972 6765 972 7621 972 6785 974 7621 974 7622 974 6785 975 7622 975 7623 975 6785 974 6773 974 7621 974 6777 975 6785 975 7623 975 6771 976 7623 976 7624 976 6771 977 7624 977 7625 977 6771 976 6777 976 7623 976 6759 977 6771 977 7625 977 6741 978 7625 978 7626 978 6741 979 7626 979 7627 979 6741 978 6759 978 7625 978 6714 980 7627 980 7628 980 6714 981 6741 981 7627 981 6712 982 6714 982 7628 982 7614 983 6792 983 6712 983 7628 984 7614 984 6712 984 7629 985 7630 985 7631 985 7632 986 7633 986 7634 986 7635 987 7636 987 7634 987 7637 988 7638 988 7639 988 7633 989 7635 989 7634 989 7634 990 7636 990 7640 990 7641 991 7637 991 7639 991 7632 992 7634 992 7640 992 7636 993 7642 993 7640 993 7643 994 7641 994 7639 994 7644 995 7632 995 7640 995 7639 996 7638 996 7645 996 7642 997 7644 997 7640 997 7636 998 7635 998 7646 998 7647 999 7648 999 7646 999 7635 1000 7647 1000 7646 1000 7648 1001 7649 1001 7650 1001 7649 1002 7651 1002 7650 1002 6843 1003 6844 1003 7645 1003 7636 1004 7646 1004 7650 1004 7651 1005 7642 1005 7650 1005 7646 1006 7648 1006 7650 1006 7642 1007 7636 1007 7650 1007 7643 1008 7639 1008 7645 1008 7647 1009 7652 1009 7653 1009 6862 1010 6859 1011 7654 1012 7655 1013 7656 1013 7653 1013 6844 1014 7643 1014 7645 1014 7652 1015 7655 1015 7653 1015 7648 1016 7647 1016 7653 1016 7656 1017 7657 1017 7653 1017 7648 1018 7653 1018 7658 1018 7653 1019 7657 1019 7658 1019 7657 1020 7631 1020 7658 1020 7654 1021 6859 1021 7659 1021 7631 1022 7660 1022 7658 1022 6854 1023 6843 1023 7661 1023 7649 1024 7648 1024 7658 1024 6868 1025 6854 1025 7661 1025 7660 1026 7649 1026 7658 1026 6843 1027 7645 1027 7661 1027 7638 1028 7662 1028 7663 1028 6867 1029 6881 1029 7641 1029 7662 1030 7664 1030 7663 1030 6859 1031 6867 1031 7641 1031 7664 1032 7665 1032 7663 1032 7665 1033 7666 1033 7663 1033 7645 1034 7638 1034 7663 1034 6868 1035 7661 1035 7633 1035 6892 1036 6868 1036 7633 1036 7659 1037 6859 1037 7643 1037 6859 1038 7641 1038 7643 1038 7039 1039 7024 1039 7667 1039 6852 1040 7668 1040 6844 1040 7057 1041 7039 1041 7667 1041 7668 1042 7669 1042 6844 1042 7669 1043 7643 1044 6844 1045 7661 1046 7645 1046 7670 1046 7645 1047 7663 1047 7670 1047 6892 1048 7633 1048 7632 1048 6901 1049 6892 1049 7632 1049 6921 1050 6901 1050 7632 1050 7637 1051 7671 1051 7672 1051 7633 1052 7661 1052 7635 1052 7661 1053 7670 1053 7635 1053 7637 1054 7672 1054 7673 1054 7666 1055 7674 1055 7675 1055 7676 1056 7677 1056 7675 1056 7678 1057 7676 1057 7675 1057 7674 1058 7678 1058 7675 1058 7663 1059 7666 1059 7675 1059 7637 1060 7673 1060 7638 1060 7670 1061 7663 1061 7675 1061 6921 1062 7632 1062 7644 1062 6953 1063 6921 1063 7644 1063 6971 1064 6953 1064 7644 1064 6992 1065 6971 1065 7679 1065 7002 1066 6992 1066 7679 1066 7680 1067 7681 1067 7682 1067 6971 1068 7644 1068 7679 1068 7677 1069 7652 1069 7647 1069 7670 1070 7675 1070 7647 1070 7675 1071 7677 1071 7647 1071 7635 1072 7670 1072 7647 1072 7683 1073 7684 1073 7642 1073 7685 1074 7683 1074 7642 1074 7651 1075 7685 1075 7642 1075 7684 1076 7679 1076 7642 1076 7679 1077 7644 1077 7642 1077 7002 1078 7679 1078 7686 1078 7684 1079 7687 1079 7686 1079 7687 1080 7681 1080 7686 1080 7024 1081 7002 1081 7686 1081 7679 1082 7684 1082 7686 1082 7688 1083 7630 1083 7629 1083 7674 1084 7689 1084 7678 1084 7686 1085 7681 1085 7690 1085 7680 1086 7667 1086 7690 1086 7667 1087 7024 1087 7690 1087 7024 1088 7686 1088 7690 1088 7681 1089 7680 1089 7690 1089 7660 1090 7691 1090 7649 1090 7691 1091 7692 1091 7649 1091 7692 1092 7651 1092 7649 1092 7693 1093 7688 1093 7694 1093 7688 1094 7629 1094 7694 1094 7656 1095 7695 1095 7657 1095 7695 1096 7696 1096 7657 1096 7697 1097 7693 1097 7698 1097 7696 1098 7699 1098 7631 1098 7699 1099 7629 1099 7631 1099 7698 1100 7693 1100 7700 1100 7693 1101 7694 1101 7700 1101 7630 1102 7701 1102 7631 1102 7701 1103 7660 1103 7631 1103 7700 1104 7694 1104 7702 1104 7657 1105 7696 1105 7631 1105 7668 1106 6852 1106 7703 1106 7669 1107 7668 1107 7703 1107 7643 1107 7669 1107 7703 1107 6852 1108 6750 1108 7704 1108 7703 1109 6852 1109 7704 1109 7704 1110 6750 1110 6633 1110 7704 1111 6633 1111 7705 1111 6538 1112 7706 1112 7707 1112 6562 1113 7707 1113 7708 1113 6562 1114 7708 1114 7709 1114 6562 1115 6538 1115 7707 1115 6620 1116 7709 1116 7710 1116 6620 1117 6562 1117 7709 1117 7705 1118 7710 1118 7711 1118 7705 1119 7711 1119 7712 1119 7705 1120 6620 1120 7710 1120 6633 1121 6620 1121 7705 1121 7713 1122 7712 1122 7714 1122 7713 1123 7714 1123 7715 1123 7713 1124 7705 1124 7712 1124 7716 1125 7715 1125 7717 1125 7716 1126 7717 1126 7718 1126 7716 1127 7713 1127 7715 1127 7719 1128 7718 1128 7720 1128 7719 1129 7716 1129 7718 1129 7721 1130 7720 1130 7722 1130 7721 1131 7722 1131 7723 1131 7721 1132 7719 1132 7720 1132 7724 1133 7723 1133 7725 1133 7724 1134 7721 1134 7723 1134 6538 1135 6541 1135 7726 1135 6538 1135 7726 1135 7706 1135 7727 1136 7726 1136 6541 1136 7728 1137 7727 1137 6557 1137 7727 1138 6541 1138 6557 1138 7729 1139 7728 1139 6583 1139 7728 1140 6557 1140 6583 1140 7730 1141 7729 1141 7731 1141 7729 1142 6583 1142 7731 1142 7731 1143 6583 1143 6604 1143 7732 1144 7730 1144 7733 1144 7730 1145 7731 1145 7733 1145 7734 1146 7732 1146 7735 1146 7736 1147 7734 1147 7735 1147 7732 1148 7733 1148 7735 1148 7737 1149 7736 1149 7738 1149 7739 1150 7737 1150 7738 1150 7736 1151 7735 1151 7738 1151 7740 1152 7739 1152 7741 1152 7742 1153 7740 1153 7741 1153 7739 1154 7738 1154 7741 1154 7743 1155 7742 1155 7744 1155 7742 1156 7741 1156 7744 1156 7744 1157 6801 1157 6911 1157 7745 1158 7743 1158 6911 1158 7743 1159 7744 1159 6911 1159 7746 1160 7745 1160 6882 1160 7745 1161 6911 1161 6882 1161 7746 1162 6882 1162 6861 1162 7731 1163 6604 1163 6582 1163 7731 1164 6582 1164 7747 1164 6642 1165 7748 1165 6582 1165 7748 1166 7747 1166 6582 1166 6642 1167 6801 1167 7744 1167 7748 1168 6642 1168 7744 1168 7725 1169 7746 1169 7749 1169 7746 1170 6861 1170 7749 1170 7749 1171 6861 1171 6860 1171 7725 1172 7749 1172 7724 1172 7703 1173 6862 1174 7654 1175 7703 1176 7654 1177 7659 1178 7703 1179 7659 1179 7643 1179 7749 1180 6860 1180 6862 1180 7749 1181 6862 1181 7703 1181 7750 220 7751 220 7752 220 7752 220 7751 220 7753 220 7752 220 7753 220 7754 220 6648 220 6669 220 7755 220 7756 220 7757 220 7758 220 7754 220 7753 220 7759 220 6881 220 6910 220 7760 220 7761 220 7762 220 7760 220 7763 220 7761 220 7760 220 6910 220 7763 220 7760 220 7754 220 7759 220 7764 220 7756 220 7758 220 7765 220 7766 220 7756 220 7765 220 7031 220 7767 220 7768 220 6995 220 7031 220 7768 220 7755 220 7769 220 7770 220 7760 220 7762 220 7771 220 7769 220 7772 220 7770 220 7766 220 7765 220 7773 220 7772 220 7774 220 7770 220 7754 220 7764 220 7775 220 7776 220 7766 220 7773 220 7771 220 7762 220 7777 220 7754 220 7775 220 7778 220 7777 220 7762 220 7779 220 7776 220 7773 220 7780 220 7755 220 7770 220 7781 220 7782 220 7776 220 7780 220 7754 220 7778 220 7783 220 6648 220 7755 220 7784 220 7755 220 7781 220 7784 220 7762 220 7754 220 7783 220 7779 220 7762 220 7785 220 7762 220 7783 220 7786 220 7770 220 7774 220 7787 220 7788 220 7782 220 7789 220 7782 220 7780 220 7789 220 6609 220 6648 220 7790 220 7785 220 7762 220 7791 220 7762 220 7786 220 7791 220 6995 220 7768 220 7792 220 6648 220 7784 220 7790 220 6609 220 7790 220 7793 220 6512 220 6609 220 7793 220 7794 220 7788 220 7795 220 7788 220 7789 220 7795 220 7770 220 7787 220 7796 220 7797 220 7794 220 7798 220 7794 220 7795 220 7798 220 6512 220 7793 220 7799 220 6512 220 7799 220 7800 220 6513 220 6512 220 7800 220 6957 220 6995 220 7801 220 7770 220 7796 220 7802 220 6995 220 7792 220 7801 220 7803 220 7797 220 7804 220 7797 220 7798 220 7804 220 7059 220 6513 220 7805 220 6513 220 7800 220 7805 220 6910 220 6957 220 7806 220 6957 220 7801 220 7806 220 7807 220 7803 220 7808 220 7803 220 7804 220 7808 220 7059 220 7805 220 7809 220 7810 220 7807 220 7811 220 7807 220 7808 220 7811 220 7770 220 7802 220 7756 220 7802 220 7812 220 7756 220 6910 220 7806 220 7763 220 7812 220 7757 220 7756 220 7810 220 7811 220 7750 220 7750 220 7811 220 7751 220 7059 220 7809 220 7767 220 7031 220 7059 220 7767 220 7813 1182 7814 1182 7815 1182 7816 1183 7813 1183 7815 1183 7817 1184 7816 1184 7815 1184 6702 1185 6701 1185 7818 1185 7819 1186 7820 1186 7821 1186 7820 1187 7822 1187 7821 1187 6702 1188 7818 1188 6708 1188 7823 1189 7824 1189 7825 1189 6791 1190 6845 1190 7826 1190 6710 1191 6791 1191 7826 1191 6845 1192 7823 1192 7826 1192 7825 1193 7827 1193 7828 1193 7829 1194 7830 1194 7831 1194 7814 1195 7832 1195 7833 1195 7817 1196 7815 1196 7833 1196 7822 1197 7834 1197 7833 1197 7829 1198 7831 1198 7835 1198 7834 1199 7817 1199 7833 1199 7815 1200 7814 1200 7833 1200 7821 1201 7822 1201 7833 1201 7826 1202 7823 1202 7836 1202 7823 1203 7825 1203 7836 1203 7829 1204 7835 1204 7837 1204 6710 1205 7826 1205 7838 1205 7839 1206 7840 1206 7838 1206 7840 1207 6710 1207 7838 1207 7841 1208 7839 1208 7838 1208 7826 1209 7841 1209 7838 1209 7836 1210 7825 1210 7842 1210 7825 1211 7828 1211 7842 1211 7843 1212 7844 1212 7842 1212 7845 1213 7846 1213 7847 1213 7832 1214 7845 1214 7847 1214 7833 1215 7832 1215 7847 1215 7826 1216 7836 1216 7848 1216 7849 1217 7841 1217 7848 1217 7850 1218 7849 1218 7848 1218 7851 1219 7850 1219 7848 1219 7852 1220 7851 1220 7848 1220 7841 1221 7826 1221 7848 1221 7836 1222 7842 1222 7853 1222 7854 1223 7855 1223 7853 1223 7842 1224 7844 1224 7853 1224 7852 1225 7848 1225 7853 1225 7848 1226 7836 1226 7853 1226 7855 1227 7852 1227 7853 1227 7856 1228 7854 1228 7853 1228 7844 1229 7856 1229 7853 1229 7857 1230 7858 1230 7859 1230 7858 1231 7860 1231 7859 1231 7860 1232 7861 1232 7859 1232 7862 1233 7857 1233 7863 1233 7857 1234 7859 1234 7863 1234 7859 1235 7861 1235 7863 1235 7861 1236 7864 1236 7863 1236 7864 1237 7862 1237 7863 1237 7865 1238 7866 1238 7867 1238 7868 1239 7869 1239 7867 1239 7869 1240 7864 1240 7867 1240 7861 1241 7865 1241 7867 1241 7864 1242 7861 1242 7867 1242 7866 1243 7868 1243 7867 1243 7870 1244 7871 1244 7872 1244 7873 1245 7874 1245 7872 1245 7871 1246 7873 1246 7872 1246 7874 1247 7875 1247 7872 1247 7865 1248 7870 1248 7872 1248 7866 1249 7865 1249 7876 1249 7877 1250 7866 1250 7876 1250 7865 1251 7872 1251 7876 1251 7872 1252 7875 1252 7876 1252 7875 1253 7877 1253 7876 1253 7878 1254 7879 1254 7880 1254 7881 1255 7882 1255 7880 1255 7882 1256 7827 1256 7880 1256 7879 1257 7881 1257 7880 1257 7827 1258 7825 1258 7883 1258 7884 1259 7885 1259 7886 1259 7825 1260 7824 1260 7883 1260 7824 1261 7878 1261 7883 1261 7878 1262 7880 1262 7883 1262 7880 1263 7827 1263 7883 1263 7828 1264 7827 1264 7887 1264 7882 1265 7819 1265 7887 1265 7819 1266 7821 1266 7887 1266 7827 1267 7882 1267 7887 1267 7821 1268 7828 1268 7887 1268 7833 1269 7847 1269 7888 1269 7821 1270 7833 1270 7888 1270 7828 1271 7821 1271 7888 1271 7842 1272 7828 1272 7889 1272 7847 1273 7846 1273 7889 1273 7884 1274 7886 1274 7890 1274 7843 1275 7842 1275 7889 1275 7888 1276 7847 1276 7889 1276 7828 1277 7888 1277 7889 1277 7891 1278 7843 1278 7889 1278 7846 1279 7891 1279 7889 1279 7892 1280 7893 1280 7894 1280 7893 1281 7895 1281 7894 1281 7892 1282 7894 1282 7896 1282 7897 1283 7892 1283 7896 1283 7897 1284 7896 1284 7898 1284 7816 1285 7897 1285 7898 1285 6711 1286 6710 1286 7840 1286 6669 1287 6711 1287 7840 1287 7816 1288 7898 1288 7813 1288 7839 1289 7841 1289 7899 1289 7839 1290 7899 1290 7900 1290 7839 1291 7900 1291 7901 1291 7855 1292 7854 1292 7902 1292 7818 1293 7829 1293 7903 1293 6708 1294 7818 1294 7903 1294 7829 1295 7837 1295 7903 1295 6709 1296 6708 1296 7904 1296 6793 1297 6709 1297 7904 1297 7903 1298 7837 1298 7904 1298 6708 1299 7903 1299 7904 1299 6693 1300 6793 1300 7905 1300 6694 1301 6693 1301 7905 1301 6793 1302 7904 1302 7905 1302 7906 1303 7907 1303 7908 1303 7909 1304 7906 1304 7908 1304 7837 1305 7909 1305 7908 1305 7904 1306 7837 1306 7908 1306 7907 1307 7910 1307 7908 1307 6671 1308 6694 1308 7858 1308 6672 1309 6671 1309 7858 1309 6694 1310 7905 1310 7858 1310 7905 1311 7904 1311 7911 1311 7904 1312 7908 1312 7911 1312 6662 1313 6672 1313 7857 1313 6672 1314 7858 1314 7857 1314 7910 1315 7884 1315 7912 1315 7913 1316 7914 1316 7912 1316 7890 1317 7913 1317 7912 1317 7911 1318 7908 1318 7912 1318 7884 1319 7890 1319 7912 1319 7908 1320 7910 1320 7912 1320 7858 1321 7905 1321 7860 1321 7905 1322 7911 1322 7860 1322 6628 1323 6662 1323 7862 1323 6605 1324 6628 1324 7862 1324 6662 1325 7857 1325 7862 1325 7911 1326 7912 1326 7870 1326 7912 1327 7914 1327 7870 1327 7860 1328 7911 1328 7870 1328 7914 1329 7871 1329 7870 1329 6605 1330 7862 1330 7915 1330 6606 1331 6605 1331 7915 1331 6573 1332 6606 1332 7915 1332 7862 1333 7916 1333 7915 1333 7916 1334 7862 1334 7864 1334 7869 1335 7917 1335 7864 1335 7917 1336 7918 1336 7864 1336 7918 1337 7916 1337 7864 1337 7860 1338 7870 1338 7865 1338 7861 1339 7860 1339 7865 1339 6573 1340 7915 1340 7919 1340 6574 1341 6573 1341 7919 1341 6526 1342 6574 1342 7919 1342 7915 1343 7916 1343 7919 1343 7916 1344 7920 1344 7919 1344 7920 1345 7921 1345 7919 1345 6526 1346 7919 1346 7922 1346 7919 1347 7921 1347 7922 1347 6510 1348 6526 1348 7922 1348 7096 1349 6510 1349 7922 1349 7921 1350 7923 1350 7922 1350 7924 1351 7925 1351 7866 1351 7925 1352 7926 1352 7866 1352 7926 1353 7868 1353 7866 1353 7927 1354 7928 1354 7875 1354 7874 1355 7927 1355 7875 1355 7075 1356 7096 1356 7929 1356 7078 1357 7075 1357 7929 1357 7096 1358 7922 1358 7929 1358 7922 1359 7923 1359 7929 1359 7923 1360 7930 1360 7929 1360 7930 1361 7931 1361 7929 1361 7932 1362 7933 1362 7877 1362 7933 1363 7924 1363 7877 1363 7875 1364 7928 1364 7877 1364 7924 1365 7866 1365 7877 1365 7928 1366 7934 1366 7877 1366 7078 1367 7929 1367 7935 1367 7929 1368 7931 1368 7935 1368 7043 1369 7078 1369 7935 1369 7017 1370 7043 1370 7935 1370 7931 1371 7881 1371 7935 1371 7935 1372 7881 1372 7879 1372 7017 1373 7935 1373 7879 1373 6981 1374 7017 1374 7879 1374 6944 1375 6981 1375 7879 1375 7893 1376 7936 1376 7937 1376 7936 1377 7932 1377 7937 1377 7932 1378 7877 1378 7937 1378 7895 1379 7893 1379 7937 1379 7934 1380 7895 1380 7937 1380 7877 1381 7934 1381 7937 1381 6922 1382 6944 1382 7878 1382 6944 1383 7879 1383 7878 1383 7938 1384 7819 1384 7882 1384 7939 1385 7938 1385 7882 1385 7881 1386 7939 1386 7882 1386 6922 1387 7878 1387 7824 1387 6915 1388 6922 1388 7824 1388 6893 1389 6915 1389 7824 1389 6871 1390 6893 1390 7823 1390 6845 1391 6871 1391 7823 1391 6893 1392 7824 1392 7823 1392 7940 220 7941 220 7942 220 7941 220 7943 220 7942 220 7944 220 7945 220 7946 220 7943 220 7947 220 7942 220 7947 220 7948 220 7942 220 7940 220 7942 220 7949 220 7950 220 7951 220 6550 220 7951 220 6616 220 6550 220 7952 220 7946 220 7953 220 7949 220 7942 220 7954 220 7954 220 7942 220 7955 220 7955 220 7942 220 7956 220 7957 220 7958 220 7956 220 7959 220 7952 220 7960 220 7961 220 7962 220 7963 220 7942 220 7957 220 7956 220 7962 220 7964 220 7963 220 7964 220 7965 220 7963 220 7952 220 7953 220 7960 220 7966 220 7950 220 6553 220 7967 220 7966 220 6553 220 7950 220 6550 220 6553 220 7961 220 7963 220 7968 220 7967 220 6553 220 7099 220 7969 220 7967 220 7099 220 7968 220 7963 220 7970 220 7971 220 7959 220 7972 220 7959 220 7960 220 7972 220 7973 220 7969 220 7046 220 7974 220 7973 220 7046 220 7969 220 7099 220 7046 220 7968 220 7970 220 7975 220 7974 220 7046 220 6985 220 7976 220 7971 220 7948 220 7977 220 7976 220 7948 220 7978 220 7974 220 6985 220 7979 220 7977 220 7948 220 7971 220 7972 220 7948 220 7965 220 7980 220 7981 220 7980 220 7982 220 7981 220 7956 220 7958 220 6952 220 7982 220 7983 220 7981 220 7983 220 7984 220 7981 220 7984 220 7985 220 7981 220 7978 220 6985 220 6952 220 7985 220 7986 220 7981 220 7963 220 7965 220 7981 220 7958 220 7978 220 6952 220 7975 220 7970 220 7987 220 7956 220 6952 220 6951 220 7979 220 7948 220 7988 220 7975 220 7987 220 7989 220 7990 220 6646 220 6614 220 7991 220 7990 220 6614 220 7981 220 7986 220 7992 220 7989 220 7987 220 7993 220 7989 220 7993 220 7994 220 7994 220 7993 220 7995 220 7988 220 7948 220 7947 220 7992 220 7986 220 7996 220 7994 220 7995 220 7997 220 7997 220 7995 220 7998 220 7997 220 7998 220 7999 220 7991 220 6614 220 6616 220 7999 220 7998 220 8000 220 8001 220 7991 220 6616 220 7951 220 8001 220 6616 220 7999 220 8000 220 8002 220 7944 220 8002 220 7945 220 8002 220 8000 220 7945 220 7996 220 7986 220 6646 220 7986 220 6701 220 6646 220 7990 220 7996 220 6646 220 7952 220 7944 220 7946 220 8003 1393 8004 1393 8005 1393 7077 1394 7667 1394 8006 1394 8007 1395 8008 1395 8005 1395 7680 1396 8009 1396 8006 1396 8004 1397 8010 1397 8005 1397 8008 1398 8003 1398 8005 1398 8011 1399 8012 1399 8013 1399 8010 1400 8007 1400 8005 1400 6524 1401 7077 1401 8013 1401 8007 1402 8014 1402 8015 1402 6520 1403 6524 1403 8013 1403 8014 1404 8016 1404 8015 1404 8016 1405 8017 1405 8015 1405 7077 1406 8006 1406 8013 1406 8008 1407 8007 1407 8018 1407 8006 1408 8011 1408 8013 1408 8019 1409 6806 1409 8020 1409 7068 1410 7057 1410 7667 1410 8017 1411 8021 1411 8018 1411 8021 1412 8008 1412 8018 1412 8007 1413 8015 1413 8018 1413 8013 1414 8012 1414 8022 1414 8015 1415 8017 1415 8018 1415 6520 1416 8013 1416 8022 1416 8016 1417 8023 1417 8024 1417 6585 1418 6520 1418 8022 1418 7068 1419 7667 1419 7077 1419 8023 1420 8025 1420 8024 1420 8017 1421 8016 1421 8024 1421 8026 1422 8027 1422 7083 1422 8024 1423 8025 1423 8028 1423 7082 1424 8026 1424 7083 1424 8017 1425 8024 1425 8028 1425 8029 1426 8021 1426 8028 1426 8030 1427 8029 1427 8028 1427 8031 1428 8030 1428 8028 1428 8025 1429 8031 1429 8028 1429 8021 1430 8017 1430 8028 1430 6613 1431 6585 1431 8032 1431 6643 1432 6613 1432 8032 1432 8033 1433 8034 1433 8035 1433 7700 1434 7702 1434 8035 1434 8034 1435 7700 1435 8035 1435 6585 1436 8022 1436 8032 1436 8012 1437 8036 1437 8037 1437 8036 1438 8038 1438 8037 1438 6960 1439 7083 1439 8039 1439 8022 1440 8012 1440 8037 1440 6951 1441 6960 1441 8039 1441 8027 1442 8020 1442 8039 1442 7680 1443 7682 1443 8009 1443 7083 1444 8027 1444 8039 1444 6655 1445 6643 1445 8004 1445 6663 1446 6655 1446 8004 1446 8040 1447 8033 1447 8041 1447 8033 1448 8035 1448 8041 1448 6643 1449 8032 1449 8004 1449 8022 1450 8037 1450 8014 1450 8038 1451 8042 1451 8014 1451 8032 1452 8022 1452 8014 1452 8037 1453 8038 1453 8014 1453 6663 1454 8004 1454 8003 1454 6674 1455 6663 1455 8003 1455 6703 1456 6674 1456 8003 1456 8043 1457 8044 1457 8045 1457 8043 1458 8045 1458 8046 1458 6770 1459 6703 1459 8047 1459 8043 1460 8046 1460 8048 1460 6703 1461 8003 1461 8047 1461 8042 1462 8049 1462 8016 1462 8049 1463 8050 1463 8016 1463 8014 1464 8042 1464 8016 1464 8047 1465 8003 1465 8008 1465 8020 1466 6806 1466 8051 1466 6806 1467 6770 1467 8051 1467 6770 1468 8047 1468 8051 1468 7697 1469 7698 1469 8034 1469 8050 1470 8052 1470 8023 1470 8052 1471 8040 1471 8023 1471 8041 1472 8053 1472 8023 1472 8053 1473 8054 1473 8023 1473 8040 1474 8041 1474 8023 1474 8034 1475 7698 1475 7700 1475 8016 1476 8050 1476 8023 1476 8047 1477 8008 1477 8055 1477 8051 1478 8047 1478 8055 1478 8044 1479 8043 1479 8056 1479 8051 1480 8044 1480 8056 1480 8043 1481 8039 1481 8056 1481 8039 1482 8020 1482 8056 1482 8020 1483 8051 1483 8056 1483 8029 1484 8057 1484 8021 1484 8055 1485 8008 1485 8021 1485 6858 1486 6806 1486 8058 1486 8054 1487 8059 1487 8025 1487 8059 1488 8031 1488 8025 1488 8023 1489 8054 1489 8025 1489 8044 1490 8051 1490 8060 1490 8061 1491 8062 1491 8060 1491 8063 1492 8044 1492 8060 1492 8064 1493 8063 1493 8060 1493 8062 1494 8064 1494 8060 1494 8058 1495 6806 1495 8019 1495 8051 1496 8055 1496 8060 1496 8021 1497 8057 1497 8065 1497 8060 1498 8055 1498 8065 1498 8066 1499 8067 1499 8065 1499 8057 1500 8066 1500 8065 1500 8068 1501 8061 1501 8065 1501 8055 1502 8021 1502 8065 1502 8067 1503 8068 1503 8065 1503 8061 1504 8060 1504 8065 1504 8068 1505 8067 1505 8069 1505 7667 1506 7680 1506 8006 1506 8004 1507 8032 1507 8010 1507 8009 1508 8011 1508 8006 1508 8014 1509 8007 1509 8010 1509 8032 1510 8014 1510 8010 1510 7082 1511 7081 1511 8070 1511 8071 1512 8020 1512 8027 1512 8071 1513 8027 1513 8026 1513 8071 1514 8026 1514 7082 1514 8071 1515 7082 1515 8070 1515 8072 1516 8073 1516 6506 1516 8074 1517 8072 1517 7080 1517 8072 1518 6506 1518 7080 1518 8075 1519 8074 1519 7054 1519 8076 1520 8075 1520 7054 1520 8074 1521 7080 1521 7054 1521 8077 1522 8076 1522 8078 1522 8076 1523 7054 1523 8078 1523 8078 1524 7054 1524 7055 1524 8079 1525 8077 1525 8080 1525 8081 1526 8079 1526 8080 1526 8077 1527 8078 1527 8080 1527 8082 1528 8081 1528 8070 1528 8081 1529 8080 1529 8070 1529 8070 1530 7081 1530 7084 1530 8083 1531 8082 1531 7084 1531 8082 1532 8070 1532 7084 1532 8084 1533 8083 1533 7085 1533 8083 1534 7084 1534 7085 1534 8085 1535 8084 1535 6959 1535 8084 1536 7085 1536 6959 1536 8086 1537 8085 1537 6954 1537 8085 1538 6959 1538 6954 1538 8087 1539 8086 1539 6950 1539 8086 1540 6954 1540 6950 1540 8088 1541 8087 1541 6958 1541 8087 1542 6950 1542 6958 1542 8089 1543 8088 1543 6958 1543 8089 1544 6958 1544 7047 1544 6558 1545 6505 1545 8090 1545 6558 1545 8090 1545 8091 1545 6588 1546 8091 1546 8092 1546 6588 1546 6558 1546 8091 1546 6595 1547 8092 1547 8093 1547 6595 1548 6588 1548 8092 1548 6596 1549 8093 1549 8094 1549 6596 1550 6595 1550 8093 1550 6577 1551 8094 1551 8095 1551 6577 1552 6596 1552 8094 1552 6578 1553 8095 1553 8096 1553 6578 1554 8096 1554 8097 1554 6578 1555 6577 1555 8095 1555 6564 1556 6578 1556 8097 1556 6565 1557 8097 1557 8098 1557 6565 1558 8098 1558 8099 1558 6565 1559 6564 1559 8097 1559 6543 1560 6565 1560 8099 1560 6518 1561 8099 1561 8100 1561 6518 1562 8100 1562 8101 1562 6518 1561 6543 1561 8099 1561 6519 1562 6518 1562 8101 1562 6523 1563 8101 1563 8102 1563 6523 1564 8102 1564 8103 1564 6523 1563 6519 1563 8101 1563 7048 1565 8103 1565 8089 1565 7048 1566 6523 1566 8103 1566 7047 1567 7048 1567 8089 1567 6506 1568 8073 1568 8090 1568 6505 1568 6506 1568 8090 1568 8078 1569 7055 1569 6934 1569 8078 1570 6934 1570 8104 1570 6934 1571 7086 1571 8105 1571 8104 1572 6934 1572 8105 1572 6918 1573 8106 1573 8107 1573 6918 1574 6908 1574 8106 1574 6935 1575 8107 1575 8108 1575 6935 1576 6918 1576 8107 1576 6936 1577 8108 1577 8109 1577 6936 1578 6935 1578 8108 1578 6938 1579 8109 1579 8110 1579 6938 1580 6936 1580 8109 1580 6940 1581 8110 1581 8111 1581 6940 1582 6938 1582 8110 1582 6942 1583 8111 1583 8112 1583 6942 1584 6940 1584 8111 1584 7089 1585 8112 1585 8113 1585 7089 1586 6942 1586 8112 1586 7088 1587 8113 1587 8114 1587 7088 1588 7089 1588 8113 1588 7087 1589 8114 1589 8115 1589 7087 1590 7088 1590 8114 1590 8105 1591 8115 1591 8116 1591 8105 1592 7087 1592 8115 1592 7086 1593 7087 1593 8105 1593 8117 1594 8116 1594 8118 1594 8117 1595 8118 1595 8119 1595 8117 1596 8105 1596 8116 1596 8120 1597 8119 1597 8121 1597 8120 1598 8117 1598 8119 1598 8122 1599 8121 1599 8123 1599 8122 1600 8120 1600 8121 1600 6908 1601 6856 1601 8124 1601 6908 1602 8124 1602 8106 1602 8125 1603 8124 1603 6856 1603 8126 1604 8125 1604 6826 1604 8125 1605 6856 1605 6826 1605 8127 1606 8126 1606 6803 1606 8126 1607 6826 1607 6803 1607 8128 1608 8127 1608 6786 1608 8127 1609 6803 1609 6786 1609 8129 1610 8128 1610 6761 1610 8128 1611 6786 1611 6761 1611 8130 1612 8129 1612 6745 1612 8129 1613 6761 1613 6745 1613 8131 1614 8130 1614 6731 1614 8130 1615 6745 1615 6731 1615 8132 1616 8131 1616 6724 1616 8131 1617 6731 1617 6724 1617 8133 1618 8132 1618 6718 1618 8132 1619 6724 1619 6718 1619 8134 1620 8133 1620 6729 1620 8133 1621 6718 1621 6729 1621 8135 1622 8134 1622 8136 1622 8137 1623 8135 1623 8136 1623 8134 1624 6729 1624 8136 1624 8136 1625 6729 1625 6744 1625 8138 1626 8137 1626 8139 1626 8137 1627 8136 1627 8139 1627 8139 1628 6766 1628 6783 1628 8138 1629 8139 1629 6783 1629 8140 1630 8138 1630 6796 1630 8138 1631 6783 1631 6796 1631 8140 1632 6796 1632 6802 1632 8136 1633 6744 1633 8141 1633 6744 1634 6695 1634 8141 1634 6766 1635 8139 1635 6695 1635 8139 1636 8141 1636 6695 1636 8123 1637 8140 1637 8142 1637 8140 1638 6802 1638 8142 1638 8142 1639 6802 1639 6839 1639 8123 1640 8142 1640 8122 1640 8020 1641 8071 1641 8019 1641 8019 1642 8071 1642 8058 1642 8071 1643 8142 1643 6858 1643 8058 1644 8071 1644 6858 1644 6858 1645 8142 1645 6839 1645 8143 1646 7100 1646 6552 1646 8144 1646 8143 1646 6552 1646 8145 1647 6815 1647 6807 1647 8146 1648 8145 1648 6807 1648 8147 1649 8146 1649 6807 1649 8147 1650 6807 1650 6764 1650 8148 1651 8147 1651 6704 1651 8147 1651 6764 1651 6704 1651 8149 1652 8148 1652 6657 1652 8148 1652 6704 1652 6657 1652 8150 1653 8149 1653 6621 1653 8151 1654 8150 1654 6621 1654 8149 1655 6657 1655 6621 1655 8151 1654 6621 1654 6594 1654 8152 1656 8151 1656 6576 1656 8151 1657 6594 1657 6576 1657 8153 1658 8152 1658 6563 1658 8152 1659 6576 1659 6563 1659 8154 1660 8153 1660 6542 1660 8153 1661 6563 1661 6542 1661 8155 1662 8154 1662 6517 1662 8154 1663 6542 1663 6517 1663 8156 1664 8155 1664 6525 1664 8155 1665 6517 1665 6525 1665 8157 1666 8156 1666 7103 1666 8158 1667 8157 1667 7103 1667 8156 1668 6525 1668 7103 1668 8143 1669 8158 1669 7098 1669 8158 1670 7103 1670 7098 1670 8143 1671 7098 1671 7100 1671 6889 1672 6851 1672 8159 1672 6889 1672 8159 1672 8160 1672 6877 1673 8160 1673 8161 1673 6877 1674 6889 1674 8160 1674 6849 1675 8161 1675 8162 1675 6849 1675 6877 1675 8161 1675 6850 1676 8162 1676 8163 1676 6850 1677 6849 1677 8162 1677 6821 1678 8163 1678 8164 1678 6821 1679 6850 1679 8163 1679 6822 1680 8164 1680 8165 1680 6822 1681 8165 1681 8166 1681 6822 1682 6821 1682 8164 1682 6798 1681 6822 1681 8166 1681 6799 1683 8166 1683 8167 1683 6799 1684 8167 1684 8168 1684 6799 1683 6798 1683 8166 1683 6768 1685 6799 1685 8168 1685 6722 1686 8168 1686 8169 1686 6722 1687 8169 1687 8170 1687 6722 1688 6768 1688 8168 1688 6723 1689 6722 1689 8170 1689 6680 1690 8170 1690 8171 1690 6680 1691 8171 1691 8172 1691 6680 1690 6723 1690 8170 1690 6551 1692 8172 1692 8144 1692 6551 1693 6680 1693 8172 1693 6552 1692 6551 1692 8144 1692 6851 1694 6815 1694 8145 1694 6851 1694 8145 1694 8159 1694 8173 1695 6999 1695 6983 1695 8174 1696 8173 1696 6983 1696 8175 1697 8174 1697 6983 1697 8175 1698 6983 1698 6982 1698 8176 1699 8175 1699 6963 1699 8175 1699 6982 1699 6963 1699 8177 1700 8176 1700 6928 1700 8176 1701 6963 1701 6928 1701 8178 1702 8177 1702 6876 1702 8179 1703 8178 1703 6876 1703 8177 1702 6928 1702 6876 1702 8179 1704 6876 1704 6848 1704 8180 1705 8179 1705 6820 1705 8179 1706 6848 1706 6820 1706 8181 1707 8180 1707 6797 1707 8180 1707 6820 1707 6797 1707 8182 1708 8181 1708 6767 1708 8181 1709 6797 1709 6767 1709 8183 1710 8182 1710 6721 1710 8182 1710 6767 1710 6721 1710 8184 1711 8183 1711 6679 1711 8183 1712 6721 1712 6679 1712 8185 1713 8184 1713 6641 1713 8186 1714 8185 1714 6641 1714 8184 1713 6679 1713 6641 1713 8187 1715 8186 1715 6618 1715 8186 1716 6641 1716 6618 1716 8187 1717 6618 1717 6615 1717 7013 1718 6999 1718 8173 1718 7013 1719 8173 1719 8188 1719 8187 1720 6615 1720 6624 1720 8189 1720 8187 1720 6624 1720 7037 1721 7013 1721 8188 1721 7037 1722 8188 1722 8190 1722 6973 1723 8190 1723 8191 1723 6973 1724 7037 1724 8190 1724 6933 1725 8191 1725 8192 1725 6933 1725 6973 1725 8191 1725 6932 1726 8192 1726 8193 1726 6932 1727 6933 1727 8192 1727 6904 1728 8193 1728 8194 1728 6904 1728 6932 1728 8193 1728 6905 1729 8194 1729 8195 1729 6905 1730 8195 1730 8196 1730 6905 1729 6904 1729 8194 1729 6884 1731 6905 1731 8196 1731 6885 1732 8196 1732 8197 1732 6885 1733 8197 1733 8198 1733 6885 1734 6884 1734 8196 1734 6864 1733 6885 1733 8198 1733 6834 1735 8198 1735 8199 1735 6834 1736 8199 1736 8200 1736 6834 1737 6864 1737 8198 1737 6835 1736 6834 1736 8200 1736 6813 1738 8200 1738 8201 1738 6813 1739 8201 1739 8202 1739 6813 1738 6835 1738 8200 1738 6647 1740 8202 1740 8189 1740 6647 1739 6813 1739 8202 1739 6624 1741 6647 1741 8189 1741 8203 1742 7180 1742 7179 1742 8204 1743 8203 1743 7175 1743 8203 1744 7179 1744 7175 1744 8205 1745 8204 1745 7173 1745 8206 1746 8205 1746 7173 1746 8207 1747 8208 1747 7189 1747 8204 1745 7175 1745 7173 1745 8209 1748 8207 1748 7189 1748 8208 1747 7186 1747 7189 1747 8206 1749 7173 1749 7169 1749 8210 1750 8209 1750 7193 1750 8209 1751 7189 1751 7193 1751 8211 1752 8206 1752 7167 1752 8206 1753 7169 1753 7167 1753 8212 1754 8210 1754 7197 1754 8210 1755 7193 1755 7197 1755 8213 1756 8211 1756 7163 1756 8214 1757 8213 1757 7163 1757 8211 1758 7167 1758 7163 1758 8215 1759 8212 1759 7201 1759 8212 1760 7197 1760 7201 1760 8214 1761 7163 1761 7160 1761 8215 1762 7201 1762 7205 1762 8216 1763 8214 1763 7155 1763 8217 1764 8216 1764 7155 1764 8214 1765 7160 1765 7155 1765 8218 1766 8215 1766 7208 1766 8215 1767 7205 1767 7208 1767 8217 1768 7155 1768 7153 1768 8219 1769 8218 1769 7213 1769 8220 1770 8219 1770 7213 1770 8221 1771 8217 1771 7149 1771 8218 1769 7208 1769 7213 1769 8217 1772 7153 1772 7149 1772 8222 1773 8221 1773 7145 1773 8220 1774 7213 1774 7219 1774 8223 1775 8222 1775 7145 1775 8221 1776 7149 1776 7145 1776 8224 1777 8220 1777 7222 1777 8220 1778 7219 1778 7222 1778 8223 1779 7145 1779 7141 1779 8224 1780 7222 1780 7224 1780 8225 1781 8223 1781 7137 1781 8226 1782 8224 1782 7224 1782 8223 1783 7141 1783 7137 1783 8227 1784 8225 1784 7131 1784 8228 1785 8227 1785 7131 1785 8226 1786 7224 1786 7226 1786 8229 1786 8226 1786 7226 1786 8230 1787 8229 1787 7226 1787 8225 1788 7137 1788 7131 1788 8228 1789 7131 1789 7126 1789 8230 1790 7226 1790 7228 1790 8228 1791 7126 1791 7128 1791 8231 1791 8228 1791 7128 1791 8230 1792 7228 1792 7230 1792 8232 1793 8230 1793 7230 1793 8233 1794 8232 1794 7230 1794 8231 1795 7128 1795 7134 1795 8234 1795 8231 1795 7134 1795 8235 1796 8234 1796 7134 1796 8233 1797 7230 1797 7232 1797 8236 1798 8233 1798 7232 1798 8235 1799 7134 1799 7138 1799 8236 1798 7232 1798 7234 1798 8237 1800 8236 1800 7234 1800 8235 1801 7138 1801 7142 1801 8238 1802 8235 1802 7142 1802 8239 1803 8238 1803 7142 1803 8237 1800 7234 1800 7236 1800 8239 1804 7142 1804 7146 1804 8237 1805 7236 1805 7238 1805 8240 1806 8237 1806 7238 1806 8241 1807 8240 1807 7238 1807 8239 1808 7146 1808 7152 1808 8242 1808 8239 1808 7152 1808 8241 1809 7238 1809 7113 1809 8243 1810 8241 1810 7113 1810 8242 1811 7152 1811 7154 1811 8244 1812 8242 1812 7154 1812 8245 1813 8244 1813 7154 1813 8243 1814 7113 1814 7114 1814 8246 1815 8243 1815 7114 1815 8245 1816 7154 1816 7158 1816 8246 1817 7114 1817 7116 1817 8245 1818 7158 1818 7162 1818 8247 1819 8245 1819 7162 1819 8246 1820 7116 1820 7118 1820 8247 1821 7162 1821 7164 1821 8248 1822 8246 1822 7118 1822 8249 1821 8247 1821 7164 1821 8250 1823 8248 1823 7118 1823 8251 1824 8249 1824 7164 1824 8252 1825 8250 1825 7120 1825 8251 1826 7164 1826 7168 1826 8250 1827 7118 1827 7120 1827 8253 1828 8251 1828 7172 1828 8254 1829 8252 1829 7122 1829 8251 1830 7168 1830 7172 1830 8252 1831 7120 1831 7122 1831 8255 1832 8253 1832 7174 1832 8256 1833 8255 1833 7174 1833 8257 1834 8254 1834 7124 1834 8253 1835 7172 1835 7174 1835 8254 1836 7122 1836 7124 1836 8258 1837 8257 1837 7127 1837 8256 1838 7174 1838 7177 1838 8257 1839 7124 1839 7127 1839 8259 1840 8256 1840 7183 1840 8208 1841 8259 1841 7183 1841 8256 1842 7177 1842 7183 1842 8260 1843 8258 1843 7130 1843 8208 1841 7183 1841 7186 1841 8258 1844 7127 1844 7130 1844 8261 1845 8260 1845 7133 1845 8260 1846 7130 1846 7133 1846 8262 1847 8261 1847 7136 1847 8261 1848 7133 1848 7136 1848 8263 1849 8262 1849 7140 1849 8262 1847 7136 1847 7140 1847 8263 1850 7140 1850 7144 1850 8264 1851 8263 1851 7148 1851 8265 1852 8264 1852 7148 1852 8263 1853 7144 1853 7148 1853 8266 1854 8265 1854 7151 1854 8265 1852 7148 1852 7151 1852 8267 1855 8266 1855 7157 1855 8266 1854 7151 1854 7157 1854 8268 1856 8267 1856 7161 1856 8267 1857 7157 1857 7161 1857 8269 1858 8268 1858 7166 1858 8268 1859 7161 1859 7166 1859 8269 1858 7166 1858 7171 1858 8270 1860 8269 1860 7171 1860 8270 1861 7171 1861 7178 1861 8271 1862 8270 1862 7178 1862 8271 1863 7178 1863 7182 1863 8272 1864 8271 1864 7182 1864 8272 1865 7182 1865 7187 1865 8272 1866 7187 1866 7191 1866 8273 1867 8272 1867 7191 1867 8273 1868 7191 1868 7195 1868 8274 1869 8273 1869 7195 1869 8274 1870 7195 1870 7199 1870 8275 1871 8274 1871 7199 1871 8276 1872 8275 1872 7199 1872 8276 1873 7199 1873 7203 1873 8277 1874 8276 1874 7203 1874 8277 1875 7203 1875 7209 1875 8278 1876 8277 1876 7209 1876 8278 1877 7209 1877 7212 1877 8279 1878 8278 1878 7212 1878 8279 1879 7212 1879 7214 1879 8279 1880 7214 1880 7216 1880 8280 1881 8279 1881 7216 1881 8280 1882 7216 1882 7220 1882 8281 1883 8280 1883 7220 1883 8282 1884 8281 1884 7220 1884 8282 1884 7220 1884 7218 1884 8283 1885 8282 1885 7218 1885 8283 1885 7218 1885 7215 1885 8284 1886 8283 1886 7215 1886 8284 1887 7215 1887 7210 1887 8285 1888 8284 1888 7210 1888 8285 1889 7210 1889 7207 1889 8286 1890 8285 1890 7207 1890 8286 1891 7207 1891 7202 1891 8287 1892 8286 1892 7202 1892 8287 1892 7202 1892 7198 1892 8288 1893 8287 1893 7198 1893 8288 1894 7198 1894 7194 1894 8289 1895 8288 1895 7194 1895 8290 1896 8289 1896 7190 1896 8289 1897 7194 1897 7190 1897 8291 1898 8290 1898 7185 1898 8290 1899 7190 1899 7185 1899 8291 1898 7185 1898 7181 1898 8292 1900 8291 1900 7176 1900 8291 1901 7181 1901 7176 1901 8293 1902 8292 1902 7170 1902 8294 1903 8293 1903 7170 1903 8292 1904 7176 1904 7170 1904 8294 1905 7170 1905 7165 1905 8294 1906 7165 1906 7159 1906 8295 1907 8294 1907 7159 1907 8296 1908 8295 1908 7159 1908 8296 1909 7159 1909 7156 1909 8297 1910 8296 1910 7156 1910 8297 1910 7156 1910 7150 1910 8298 1911 8297 1911 7150 1911 8298 1911 7150 1911 7147 1911 8299 1912 8298 1912 7147 1912 8299 1913 7147 1913 7143 1913 8300 1914 8299 1914 7143 1914 8300 1915 7143 1915 7139 1915 8301 1916 8300 1916 7139 1916 8301 1917 7139 1917 7135 1917 8302 1918 8301 1918 7135 1918 8302 1919 7135 1919 7132 1919 8303 1920 8302 1920 7132 1920 8303 1921 7132 1921 7129 1921 8304 1922 8303 1922 7129 1922 8304 1922 7129 1922 7125 1922 8305 1923 8304 1923 7125 1923 8306 1924 8305 1924 7123 1924 8305 1925 7125 1925 7123 1925 8307 1926 8306 1926 7121 1926 8306 1927 7123 1927 7121 1927 8307 1928 7121 1928 7119 1928 8308 1929 8307 1929 7117 1929 8307 1929 7119 1929 7117 1929 8309 1930 8308 1930 7115 1930 8310 1931 8309 1931 7115 1931 8308 1932 7117 1932 7115 1932 8311 1933 8310 1933 7112 1933 8310 1934 7115 1934 7112 1934 8311 1935 7112 1935 7111 1935 8312 1936 8311 1936 7237 1936 8313 1937 8312 1937 7237 1937 8311 1936 7111 1936 7237 1936 8313 1937 7237 1937 7235 1937 8314 1938 8313 1938 7233 1938 8313 1939 7235 1939 7233 1939 8315 1940 8314 1940 7231 1940 8316 1941 8315 1941 7231 1941 8314 1942 7233 1942 7231 1942 8317 1943 8316 1943 7229 1943 8316 1944 7231 1944 7229 1944 8317 1945 7229 1945 7227 1945 8318 1946 8317 1946 7225 1946 8319 1947 8318 1947 7225 1947 8317 1948 7227 1948 7225 1948 8319 1949 7225 1949 7223 1949 8320 1950 8319 1950 7223 1950 8320 1951 7223 1951 7221 1951 8321 1952 8320 1952 7221 1952 8321 1953 7221 1953 7217 1953 8321 1954 7217 1954 7211 1954 8322 1955 8321 1955 7211 1955 8323 1956 8322 1956 7211 1956 8323 1957 7211 1957 7206 1957 8324 1958 8323 1958 7206 1958 8325 1959 8324 1959 7204 1959 8324 1960 7206 1960 7204 1960 8325 1961 7204 1961 7200 1961 8326 1962 8325 1962 7196 1962 8327 1963 8326 1963 7196 1963 8325 1962 7200 1962 7196 1962 8328 1964 8327 1964 7192 1964 8327 1965 7196 1965 7192 1965 8328 1966 7192 1966 7188 1966 8329 1967 8328 1967 7184 1967 8328 1967 7188 1967 7184 1967 8330 1968 8329 1968 7180 1968 8203 1969 8330 1969 7180 1969 8329 1968 7184 1968 7180 1968 7253 1970 7255 1970 7268 1970 7252 1971 7268 1971 7267 1971 7252 220 7253 220 7268 220 7251 1972 7267 1972 7266 1972 7251 220 7252 220 7267 220 7250 1973 7266 1973 7265 1973 7250 220 7251 220 7266 220 7249 1974 7265 1974 7264 1974 7249 1975 7250 1975 7265 1975 7248 1976 7264 1976 7263 1976 7248 1977 7249 1977 7264 1977 7247 1978 7263 1978 7262 1978 7247 1979 7248 1979 7263 1979 7246 220 7247 220 7262 220 7245 1980 7262 1980 7261 1980 7245 1981 7246 1981 7262 1981 7244 1982 7261 1982 7260 1982 7244 220 7245 220 7261 220 7243 1983 7260 1983 7259 1983 7243 220 7244 220 7260 220 7242 1984 7259 1984 7258 1984 7242 220 7243 220 7259 220 7241 220 7258 220 7257 220 7241 220 7242 220 7258 220 7240 1985 7257 1985 7256 1985 7240 220 7241 220 7257 220 7239 1986 7256 1986 7254 1986 7239 1987 7240 1987 7256 1987 7297 220 7284 220 7298 220 7283 220 7284 220 7297 220 7296 220 7283 220 7297 220 7282 220 7283 220 7296 220 7295 220 7282 220 7296 220 7281 220 7282 220 7295 220 7294 1988 7281 1988 7295 1988 7280 220 7281 220 7294 220 7293 220 7280 220 7294 220 7279 220 7280 220 7293 220 7292 1989 7279 1989 7293 1989 7278 220 7279 220 7292 220 7291 220 7278 220 7292 220 7277 220 7278 220 7291 220 7276 1990 7291 1990 7290 1990 7276 1991 7277 1991 7291 1991 7275 1992 7290 1992 7289 1992 7275 220 7276 220 7290 220 7274 1993 7289 1993 7288 1993 7274 220 7275 220 7289 220 7273 1994 7288 1994 7287 1994 7273 220 7274 220 7288 220 7272 1995 7287 1995 7286 1995 7272 220 7273 220 7287 220 7271 1996 7286 1996 7285 1996 7271 220 7272 220 7286 220 7269 1997 7285 1997 7270 1997 7269 220 7271 220 7285 220 7313 1998 7315 1998 7328 1998 7312 1999 7328 1999 7327 1999 7312 2000 7313 2000 7328 2000 7311 2001 7327 2001 7326 2001 7311 220 7312 220 7327 220 7310 2002 7326 2002 7325 2002 7310 2003 7311 2003 7326 2003 7309 2004 7325 2004 7324 2004 7309 220 7310 220 7325 220 7308 2005 7324 2005 7323 2005 7308 2006 7309 2006 7324 2006 7307 2007 7323 2007 7322 2007 7307 220 7308 220 7323 220 7306 220 7307 220 7322 220 7299 2008 7316 2008 7314 2008 7305 220 7322 220 7321 220 7305 220 7306 220 7322 220 7300 220 7317 220 7316 220 7300 2009 7316 2009 7299 2009 7304 220 7321 220 7320 220 7304 220 7305 220 7321 220 7301 2010 7318 2010 7317 2010 7301 2011 7317 2011 7300 2011 7303 220 7320 220 7319 220 7303 2012 7304 2012 7320 2012 7302 220 7319 220 7318 220 7302 220 7318 220 7301 220 7302 220 7303 220 7319 220 7358 220 7330 220 7329 220 7358 220 7344 220 7330 220 7357 220 7343 220 7344 220 7357 220 7344 220 7358 220 7356 2013 7342 2013 7343 2013 7356 2014 7343 2014 7357 2014 7355 220 7341 220 7342 220 7355 2015 7342 2015 7356 2015 7354 220 7340 220 7341 220 7354 220 7341 220 7355 220 7353 2016 7339 2016 7340 2016 7353 220 7340 220 7354 220 7352 220 7338 220 7339 220 7352 2017 7339 2017 7353 2017 7337 220 7338 220 7352 220 7351 220 7337 220 7352 220 7336 220 7337 220 7351 220 7350 2018 7336 2018 7351 2018 7335 2019 7336 2019 7350 2019 7349 220 7335 220 7350 220 7334 2020 7335 2020 7349 2020 7348 220 7334 220 7349 220 7333 220 7334 220 7348 220 7347 220 7333 220 7348 220 7332 220 7333 220 7347 220 7346 220 7332 220 7347 220 7331 220 7332 220 7346 220 7345 220 7331 220 7346 220 7387 220 7374 220 7388 220 7373 2021 7374 2021 7387 2021 7386 220 7373 220 7387 220 7372 2022 7373 2022 7386 2022 7385 220 7372 220 7386 220 7371 2023 7372 2023 7385 2023 7384 220 7371 220 7385 220 7370 220 7371 220 7384 220 7383 2024 7370 2024 7384 2024 7369 220 7370 220 7383 220 7382 220 7369 220 7383 220 7368 220 7369 220 7382 220 7381 220 7368 220 7382 220 7367 220 7368 220 7381 220 7366 220 7381 220 7380 220 7366 220 7367 220 7381 220 7365 2025 7380 2025 7379 2025 7365 2026 7366 2026 7380 2026 7364 2027 7379 2027 7378 2027 7364 220 7365 220 7379 220 7363 2028 7378 2028 7377 2028 7363 220 7364 220 7378 220 7362 2029 7377 2029 7376 2029 7362 2030 7363 2030 7377 2030 7361 2031 7376 2031 7375 2031 7361 220 7362 220 7376 220 7359 2032 7375 2032 7360 2032 7359 220 7361 220 7375 220 7408 2033 7393 2033 7394 2033 7407 220 7392 220 7393 220 7407 220 7393 220 7408 220 7409 2034 7394 2034 7395 2034 7409 220 7408 220 7394 220 7406 2035 7391 2035 7392 2035 7406 2036 7392 2036 7407 2036 7410 220 7395 220 7396 220 7410 220 7409 220 7395 220 7405 220 7389 220 7391 220 7405 220 7391 220 7406 220 7411 220 7396 220 7397 220 7411 220 7397 220 7398 220 7411 220 7410 220 7396 220 7390 2037 7389 2037 7405 2037 7412 2038 7398 2038 7399 2038 7412 220 7411 220 7398 220 7413 2039 7399 2039 7400 2039 7413 220 7412 220 7399 220 7414 220 7400 220 7401 220 7414 220 7413 220 7400 220 7415 2040 7401 2040 7402 2040 7415 220 7414 220 7401 220 7416 2041 7402 2041 7403 2041 7416 220 7415 220 7402 220 7417 2042 7403 2042 7404 2042 7417 220 7416 220 7403 220 7418 2043 7417 2043 7404 2043 7436 220 7435 220 7421 220 7436 2044 7421 2044 7422 2044 7437 220 7422 220 7423 220 7437 2045 7436 2045 7422 2045 7438 2046 7423 2046 7424 2046 7438 220 7437 220 7423 220 7439 220 7424 220 7425 220 7439 220 7438 220 7424 220 7440 2047 7425 2047 7426 2047 7440 220 7439 220 7425 220 7441 2048 7426 2048 7427 2048 7441 220 7440 220 7426 220 7442 2049 7427 2049 7428 2049 7442 2050 7428 2050 7429 2050 7442 220 7441 220 7427 220 7443 2051 7429 2051 7430 2051 7443 220 7442 220 7429 220 7444 2052 7430 2052 7431 2052 7444 2053 7443 2053 7430 2053 7445 2054 7431 2054 7432 2054 7445 2055 7444 2055 7431 2055 7446 2056 7432 2056 7433 2056 7446 220 7445 220 7432 220 7447 2057 7433 2057 7434 2057 7447 220 7446 220 7433 220 7448 220 7434 220 7420 220 7448 2058 7447 2058 7434 2058 7419 220 7448 220 7420 220 7465 220 7450 220 7449 220 7465 2059 7449 2059 7451 2059 7466 2060 7451 2060 7452 2060 7466 220 7465 220 7451 220 7467 2061 7452 2061 7453 2061 7467 220 7466 220 7452 220 7468 2062 7453 2062 7454 2062 7468 2063 7467 2063 7453 2063 7469 2064 7454 2064 7455 2064 7469 220 7468 220 7454 220 7470 2065 7455 2065 7456 2065 7470 220 7469 220 7455 220 7471 220 7456 220 7457 220 7471 220 7470 220 7456 220 7458 220 7471 220 7457 220 7472 2066 7471 2066 7458 2066 7459 220 7472 220 7458 220 7473 220 7472 220 7459 220 7460 220 7473 220 7459 220 7474 2067 7473 2067 7460 2067 7461 220 7474 220 7460 220 7475 220 7474 220 7461 220 7462 220 7475 220 7461 220 7476 220 7475 220 7462 220 7463 220 7476 220 7462 220 7477 2068 7476 2068 7463 2068 7464 220 7477 220 7463 220 7478 2069 7477 2069 7464 2069 7496 2070 7494 2070 7479 2070 7496 2071 7479 2071 7480 2071 7497 2072 7480 2072 7481 2072 7497 220 7496 220 7480 220 7498 2073 7481 2073 7482 2073 7498 220 7497 220 7481 220 7499 2074 7482 2074 7483 2074 7499 220 7498 220 7482 220 7500 2075 7483 2075 7484 2075 7500 220 7499 220 7483 220 7501 220 7484 220 7485 220 7501 220 7500 220 7484 220 7502 2076 7485 2076 7486 2076 7502 220 7501 220 7485 220 7487 220 7502 220 7486 220 7503 220 7502 220 7487 220 7488 220 7503 220 7487 220 7504 2077 7503 2077 7488 2077 7489 220 7504 220 7488 220 7505 220 7504 220 7489 220 7490 2078 7505 2078 7489 2078 7506 220 7505 220 7490 220 7491 2079 7506 2079 7490 2079 7507 220 7506 220 7491 220 7492 220 7507 220 7491 220 7508 220 7507 220 7492 220 7493 220 7508 220 7492 220 7495 220 7508 220 7493 220 7509 220 7526 220 7524 220 7510 220 7527 220 7526 220 7510 220 7526 220 7509 220 7511 220 7528 220 7527 220 7511 2080 7527 2080 7510 2080 7512 2081 7529 2081 7528 2081 7512 220 7528 220 7511 220 7513 2082 7530 2082 7529 2082 7513 2083 7529 2083 7512 2083 7514 220 7531 220 7530 220 7514 2084 7530 2084 7513 2084 7515 220 7532 220 7531 220 7515 220 7531 220 7514 220 7516 220 7532 220 7515 220 7517 220 7533 220 7532 220 7517 2085 7532 2085 7516 2085 7518 220 7534 220 7533 220 7518 2086 7533 2086 7517 2086 7519 220 7535 220 7534 220 7519 2087 7534 2087 7518 2087 7520 220 7536 220 7535 220 7520 2088 7535 2088 7519 2088 7521 2089 7537 2089 7536 2089 7521 2090 7536 2090 7520 2090 7522 220 7538 220 7537 220 7522 2091 7537 2091 7521 2091 7523 220 7525 220 7538 220 7523 2092 7538 2092 7522 2092 7556 220 7555 220 7541 220 7542 220 7556 220 7541 220 7557 2093 7556 2093 7542 2093 7543 2094 7557 2094 7542 2094 7558 220 7557 220 7543 220 7544 2095 7558 2095 7543 2095 7559 2096 7558 2096 7544 2096 7545 220 7559 220 7544 220 7560 2097 7559 2097 7545 2097 7546 220 7560 220 7545 220 7561 2098 7560 2098 7546 2098 7547 220 7561 220 7546 220 7562 2099 7561 2099 7547 2099 7548 2100 7562 2100 7547 2100 7549 220 7563 220 7562 220 7549 2101 7562 2101 7548 2101 7550 2102 7564 2102 7563 2102 7550 2103 7563 2103 7549 2103 7551 2104 7565 2104 7564 2104 7551 2105 7564 2105 7550 2105 7552 220 7566 220 7565 220 7552 220 7565 220 7551 220 7553 220 7567 220 7566 220 7553 220 7566 220 7552 220 7554 2106 7568 2106 7567 2106 7554 220 7567 220 7553 220 7540 220 7539 220 7568 220 7540 220 7568 220 7554 220 7571 220 7586 220 7585 220 7572 2107 7587 2107 7586 2107 7572 220 7586 220 7571 220 7573 220 7588 220 7587 220 7573 220 7587 220 7572 220 7574 2108 7589 2108 7588 2108 7574 2109 7588 2109 7573 2109 7575 2110 7590 2110 7589 2110 7575 220 7589 220 7574 220 7576 220 7591 220 7590 220 7576 2111 7590 2111 7575 2111 7577 220 7592 220 7591 220 7577 2112 7591 2112 7576 2112 7578 2113 7592 2113 7577 2113 7579 220 7593 220 7592 220 7579 2114 7592 2114 7578 2114 7580 2115 7594 2115 7593 2115 7580 220 7593 220 7579 220 7581 220 7595 220 7594 220 7581 2116 7594 2116 7580 2116 7582 2117 7596 2117 7595 2117 7582 220 7595 220 7581 220 7569 220 7570 220 7598 220 7583 220 7597 220 7596 220 7583 220 7596 220 7582 220 7584 2118 7598 2118 7597 2118 7584 220 7569 220 7598 220 7584 2119 7597 2119 7583 2119 7599 220 7615 220 7600 220 7601 220 7616 220 7615 220 7601 2120 7615 2120 7599 2120 7602 220 7617 220 7616 220 7602 2121 7616 2121 7601 2121 7614 2122 7628 2122 7627 2122 7603 2123 7618 2123 7617 2123 7603 2124 7617 2124 7602 2124 7613 220 7627 220 7626 220 7613 220 7614 220 7627 220 7604 220 7619 220 7618 220 7604 2125 7618 2125 7603 2125 7612 220 7626 220 7625 220 7612 220 7613 220 7626 220 7605 220 7620 220 7619 220 7605 220 7619 220 7604 220 7611 2126 7625 2126 7624 2126 7611 220 7612 220 7625 220 7606 220 7621 220 7620 220 7606 2127 7620 2127 7605 2127 7610 220 7624 220 7623 220 7610 220 7611 220 7624 220 7607 2128 7621 2128 7606 2128 7609 2129 7623 2129 7622 2129 7609 220 7610 220 7623 220 7608 220 7622 220 7621 220 7608 2130 7621 2130 7607 2130 7608 220 7609 220 7622 220 7672 2131 7671 2131 8331 2131 7673 2132 7672 2132 8331 2132 7638 2133 7673 2133 8331 2133 7638 2134 8331 2134 7662 2134 7662 2135 8331 2135 8332 2135 7662 2136 8332 2136 7664 2136 7664 2137 8332 2137 7665 2137 7760 2138 7665 2138 8332 2138 7760 2139 7689 2139 7674 2139 7760 2140 7674 2140 7666 2140 7760 2141 7666 2141 7665 2141 8331 2142 7760 2142 8332 2142 7671 2143 7760 2143 8331 2143 7637 2144 7760 2144 7671 2144 7641 2145 7760 2145 7637 2145 6881 2146 7760 2146 7641 2146 7764 2147 8333 2147 8334 2147 7775 2148 8334 2148 8335 2148 7775 2149 7764 2149 8334 2149 7778 2150 8335 2150 8336 2150 7778 2151 7775 2151 8335 2151 7783 2152 8336 2152 8337 2152 7783 2153 7778 2153 8336 2153 7786 2154 8337 2154 8338 2154 7786 2155 7783 2155 8337 2155 7791 2156 7656 2156 7655 2156 7791 2157 8338 2157 7656 2157 7791 2158 7786 2158 8338 2158 7785 2159 7655 2159 7652 2159 7785 2160 7791 2160 7655 2160 7779 2161 7652 2161 7677 2161 7779 2162 7785 2162 7652 2162 7777 2163 7677 2163 7676 2163 7777 2164 7779 2164 7677 2164 7771 2165 7676 2165 7678 2165 7771 2166 7777 2166 7676 2166 7760 2167 7678 2167 7689 2167 7760 2168 7771 2168 7678 2168 8339 2169 8340 2169 8341 2169 8340 2170 8342 2170 8341 2170 8343 2171 8344 2171 8345 2171 8346 2172 8343 2172 8345 2172 8347 2173 8346 2173 8345 2173 8344 2174 8348 2174 8349 2174 8348 2175 8341 2175 8349 2175 8341 2176 8342 2176 8349 2176 8342 2177 8350 2177 8349 2177 8345 2178 8344 2178 8351 2178 8349 2179 8350 2179 8351 2179 8350 2180 8352 2180 8351 2180 8344 2181 8349 2181 8351 2181 8351 2182 8352 2182 8353 2182 8347 2183 8345 2183 8353 2183 8345 2184 8351 2184 8353 2184 8352 2185 8354 2185 8353 2185 8347 2186 8353 2186 8355 2186 8353 2187 8354 2187 8355 2187 8354 2188 8356 2188 8355 2188 8355 2189 8356 2189 8357 2189 8356 2190 8358 2190 8357 2190 8357 2191 8358 2191 8359 2191 8358 2192 8360 2192 8359 2192 8359 2193 8360 2193 8361 2193 8360 2194 8362 2194 8361 2194 8361 2195 8362 2195 8363 2195 8362 2196 8364 2196 8363 2196 8031 2197 8059 2197 8365 2197 8363 2198 8364 2198 8366 2198 8364 2199 8367 2199 8366 2199 8366 2200 8367 2200 8368 2200 8367 2201 8369 2201 8368 2201 8365 2202 8059 2202 8370 2202 8059 2203 8054 2203 8370 2203 8368 2204 8369 2204 8371 2204 8369 2205 8372 2205 8371 2205 8373 2206 8374 2206 8375 2206 8371 2207 8372 2207 8375 2207 8372 2208 8376 2208 8375 2208 8377 2209 8373 2209 8378 2209 8379 2210 8377 2210 8378 2210 8373 2211 8375 2211 8378 2211 8375 2212 8376 2212 8378 2212 8376 2213 8380 2213 8378 2213 8381 2214 8379 2214 8382 2214 8378 2215 8380 2215 8382 2215 8379 2216 8378 2216 8382 2216 8380 2217 8383 2217 8382 2217 8382 2218 8383 2218 8384 2218 8385 2219 8386 2219 8384 2219 8386 2220 8381 2220 8384 2220 8387 2221 8385 2221 8384 2221 8381 2222 8382 2222 8384 2222 8383 2223 8388 2223 8384 2223 8388 2224 8387 2224 8384 2224 8333 2225 8389 2225 8390 2225 8389 2226 8391 2226 8390 2226 8392 2227 8393 2227 8390 2227 8393 2228 8394 2228 8390 2228 8391 2229 8392 2229 8390 2229 8333 2230 8390 2230 8395 2230 8394 2231 8396 2231 8395 2231 8334 2232 8333 2232 8395 2232 8390 2233 8394 2233 8395 2233 7699 2234 7696 2234 8397 2234 8337 2235 8336 2235 8397 2235 8336 2236 8398 2236 8397 2236 7696 2237 8337 2237 8397 2237 8399 2238 7699 2238 8397 2238 8396 2239 8400 2239 8401 2239 8398 2240 8334 2240 8401 2240 8395 2241 8396 2241 8401 2241 8334 2242 8395 2242 8401 2242 8400 2243 8402 2243 8403 2243 8401 2244 8400 2244 8403 2244 8397 2245 8398 2245 8403 2245 8398 2246 8401 2246 8403 2246 8402 2247 8404 2247 8405 2247 8399 2248 8397 2248 8405 2248 8403 2249 8402 2249 8405 2249 8397 2250 8403 2250 8405 2250 8404 2251 8406 2251 8407 2251 8399 2252 8405 2252 8407 2252 8405 2253 8404 2253 8407 2253 8408 2254 8409 2254 8410 2254 8407 2255 8406 2255 8410 2255 8406 2256 8411 2256 8412 2256 8411 2257 8413 2257 8412 2257 8413 2258 8408 2258 8412 2258 8408 2259 8410 2259 8412 2259 8410 2260 8406 2260 8412 2260 8414 2261 8415 2261 8416 2261 8415 2262 8417 2262 8416 2262 8418 2263 8419 2263 8416 2263 8419 2264 8414 2264 8416 2264 8417 2265 8418 2265 8416 2265 8357 2266 8359 2266 8420 2266 8355 2267 8357 2267 8420 2267 8421 2268 8347 2268 8420 2268 8347 2269 8355 2269 8420 2269 8359 2270 8421 2270 8420 2270 7894 2271 8421 2271 8422 2271 8361 2272 8363 2272 8422 2272 8359 2273 8361 2273 8422 2273 8363 2274 8423 2274 8422 2274 8423 2275 7894 2275 8422 2275 8421 2276 8359 2276 8422 2276 8368 2277 8424 2277 8425 2277 8424 2278 7898 2278 8425 2278 7898 2279 8423 2279 8425 2279 8423 2280 8363 2280 8425 2280 8363 2281 8366 2281 8425 2281 8366 2282 8368 2282 8425 2282 8371 2283 8375 2283 8426 2283 8424 2284 8368 2284 8426 2284 8368 2285 8371 2285 8426 2285 8427 2286 8428 2286 8429 2286 8375 2287 8374 2287 8426 2287 8374 2288 8424 2288 8426 2288 8410 2289 8409 2289 8430 2289 8431 2290 8399 2290 8430 2290 8407 2291 8410 2291 8430 2291 8409 2292 8431 2292 8430 2292 8399 2293 8407 2293 8430 2293 8432 2294 8427 2294 8433 2294 8427 2295 8429 2295 8433 2295 8434 2296 8432 2296 8435 2296 8432 2297 8433 2297 8435 2297 8436 2298 8434 2298 8437 2298 8434 2299 8435 2299 8437 2299 8436 2300 8437 2300 8438 2300 8439 2301 8436 2301 8438 2301 8439 2302 8438 2302 8440 2302 8441 2303 8439 2303 8440 2303 8441 2304 8440 2304 8442 2304 8443 2305 8441 2305 8442 2305 8444 2306 8445 2306 7927 2306 8446 2307 8444 2307 7927 2307 7874 2308 8446 2308 7927 2308 8443 2309 8442 2309 8339 2309 8447 2310 8443 2310 8339 2310 7846 2311 7845 2311 8448 2311 8448 2312 7845 2312 8449 2312 8450 2313 8385 2313 8387 2313 8451 2314 8450 2314 8452 2314 8450 2315 8387 2315 8452 2315 8453 2316 8451 2316 8454 2316 8451 2317 8452 2317 8454 2317 8455 2318 8453 2318 8456 2318 8453 2319 8454 2319 8456 2319 8457 2320 8455 2320 8458 2320 8455 2321 8456 2321 8458 2321 8459 2322 8457 2322 8460 2322 8457 2323 8458 2323 8460 2323 7656 2324 8338 2324 7695 2324 8461 2325 8459 2325 8462 2325 8459 2326 8460 2326 8462 2326 7695 2327 8338 2327 8337 2327 8391 2328 8461 2328 8392 2328 8461 2329 8462 2329 8392 2329 7695 2330 8337 2330 7696 2330 8035 2331 7702 2331 8418 2331 8041 2332 8035 2332 8418 2332 7702 2333 8409 2333 8418 2333 8041 2334 8418 2334 8417 2334 8053 2335 8041 2335 8417 2335 8463 2336 8464 2336 8465 2336 8466 2337 8463 2337 8465 2337 7927 2338 8445 2338 8347 2338 7928 2339 7927 2339 8347 2339 8445 2340 8346 2340 8347 2340 7928 2341 8347 2341 8421 2341 7894 2342 7895 2342 8421 2342 7895 2343 7934 2343 8421 2343 7934 2344 7928 2344 8421 2344 7898 2345 7896 2345 8423 2345 7896 2346 7894 2346 8423 2346 7832 2347 7814 2347 8424 2347 7814 2348 7813 2348 8424 2348 7813 2349 7898 2349 8424 2349 8467 2350 8449 2350 8374 2350 8373 2351 8467 2351 8374 2351 7845 2352 7832 2352 8374 2352 7832 2353 8424 2353 8374 2353 8449 2354 7845 2354 8374 2354 8335 2355 8334 2355 8398 2355 8336 2356 8335 2356 8398 2356 7629 2357 7699 2357 8399 2357 8409 2358 7702 2358 8431 2358 7694 2359 7629 2359 8431 2359 7702 2360 7694 2360 8431 2360 7629 2361 8399 2361 8431 2361 8418 2362 8409 2362 8419 2362 8409 2363 8408 2363 8419 2363 8419 2364 8408 2364 8468 2364 8469 2365 8419 2365 8468 2365 8408 2366 8413 2366 8468 2366 8413 2367 8470 2367 8468 2367 8470 2368 8469 2368 8468 2368 8465 2369 8464 2369 8471 2369 8464 2370 8370 2370 8471 2370 8370 2371 8054 2371 8471 2371 8054 2372 8053 2372 8471 2372 8053 2373 8417 2373 8471 2373 8419 2374 8469 2374 8414 2374 8469 2375 8472 2375 8414 2375 8471 2376 8417 2376 8415 2376 8472 2377 8473 2377 8415 2377 8414 2378 8472 2378 8415 2378 8471 2379 8415 2379 8474 2379 8415 2380 8473 2380 8474 2380 8465 2381 8471 2381 8474 2381 8473 2382 8475 2382 8474 2382 8466 2383 8465 2383 8476 2383 8465 2384 8474 2384 8476 2384 8474 2385 8475 2385 8476 2385 8477 2386 8466 2386 8476 2386 8477 2387 8476 2387 8478 2387 8476 2388 8475 2388 8478 2388 8475 2389 8479 2389 8478 2389 8478 2390 8479 2390 8480 2390 8477 2391 8478 2391 8480 2391 8481 2392 8477 2392 8480 2392 8479 2393 8482 2393 8480 2393 8480 2394 8482 2394 8483 2394 8428 2395 8484 2395 8483 2395 8484 2396 8481 2396 8483 2396 8481 2397 8480 2397 8483 2397 8482 2398 8485 2398 8483 2398 8485 2399 8429 2399 8483 2399 8429 2400 8428 2400 8483 2400 8447 2401 8339 2401 8341 2401 8348 2402 8486 2402 8341 2402 8486 2403 8447 2403 8341 2403 8049 2404 8042 2404 8487 2404 8042 2405 8488 2405 8487 2405 8050 2406 8049 2406 8489 2406 8052 2407 8050 2407 8489 2407 8049 2408 8487 2408 8489 2408 8040 2409 8052 2409 8490 2409 8052 2410 8489 2410 8490 2410 8033 2411 8040 2411 8491 2411 8040 2412 8490 2412 8491 2412 8034 2413 8033 2413 8492 2413 8033 2414 8491 2414 8492 2414 7693 2415 7697 2415 8493 2415 7697 2416 8034 2416 8493 2416 8034 2417 8492 2417 8493 2417 7688 2418 7693 2418 8494 2418 7693 2419 8493 2419 8494 2419 7630 2420 7688 2420 8495 2420 7688 2421 8494 2421 8495 2421 7701 2422 7630 2422 8496 2422 7630 2423 8495 2423 8496 2423 7660 2424 7701 2424 8497 2424 7701 2425 8496 2425 8497 2425 7660 2426 8497 2426 7691 2426 7692 2427 7691 2427 8498 2427 7691 2428 8497 2428 8498 2428 7651 2429 7692 2429 8499 2429 7692 2430 8498 2430 8499 2430 8499 2431 7683 2431 7685 2431 8499 2432 7685 2432 7651 2432 8499 2433 7684 2433 7683 2433 8012 2435 8500 2435 8488 2435 8501 2436 8502 2436 8488 2436 8503 2437 8501 2437 8488 2437 7687 2434 7684 2434 8499 2434 8500 2438 8503 2438 8488 2438 8504 2439 8494 2439 8493 2439 8505 2440 8504 2440 8493 2440 8488 2442 8502 2442 8487 2442 8502 2443 8506 2443 8487 2443 7681 2441 7687 2441 8507 2441 8505 2447 8493 2447 8492 2447 8508 2445 8505 2445 8492 2445 8507 2444 7687 2444 8509 2444 8487 2449 8506 2449 8489 2449 7681 2446 8507 2446 8510 2446 8506 2451 8511 2451 8489 2451 8508 2453 8492 2453 8491 2453 7687 2448 8499 2448 8512 2448 8513 2455 8508 2455 8491 2455 8509 2450 7687 2450 8512 2450 8489 2456 8511 2456 8490 2456 7682 2452 7681 2452 8514 2452 8511 2457 8513 2457 8490 2457 8513 2458 8491 2458 8490 2458 7681 2454 8510 2454 8514 2454 8512 2459 8499 2459 8515 2459 7682 2460 8514 2460 8516 2460 8498 2461 8497 2461 8517 2461 8499 2462 8498 2462 8517 2462 8515 2463 8499 2463 8517 2463 8009 2464 7682 2464 8518 2464 7682 2465 8516 2465 8518 2465 8517 2466 8497 2466 8519 2466 8009 2467 8518 2467 8520 2467 8519 2468 8497 2468 8496 2468 8519 2469 8496 2469 8521 2469 8011 2470 8009 2470 8522 2470 8009 2471 8520 2471 8522 2471 8011 2472 8522 2472 8500 2472 8011 2473 8500 2473 8012 2473 8523 2474 8521 2474 8495 2474 8521 2475 8496 2475 8495 2475 8523 2476 8495 2476 8494 2476 8524 2477 8523 2477 8494 2477 8504 2478 8524 2478 8494 2478 7749 2479 7703 2479 7724 2479 7721 2480 7724 2480 7704 2480 7724 2481 7703 2481 7704 2481 7721 2482 7704 2482 7719 2482 7719 2483 7704 2483 7716 2483 7716 2484 7704 2484 7713 2484 7713 2485 7704 2485 7705 2485 7707 220 7706 220 7726 220 7727 220 7707 220 7726 220 7708 220 7707 220 7727 220 7728 220 7708 220 7727 220 7709 220 7708 220 7728 220 7729 220 7709 220 7728 220 7710 220 7709 220 7729 220 7730 2486 7710 2486 7729 2486 7711 220 7710 220 7730 220 7732 2487 7711 2487 7730 2487 7712 220 7711 220 7732 220 7734 220 7712 220 7732 220 7714 220 7712 220 7734 220 7736 220 7714 220 7734 220 7737 2488 7715 2488 7714 2488 7737 220 7714 220 7736 220 7739 220 7717 220 7715 220 7739 2489 7715 2489 7737 2489 7740 220 7718 220 7717 220 7740 220 7717 220 7739 220 7742 2490 7720 2490 7718 2490 7742 220 7718 220 7740 220 7743 2491 7722 2491 7720 2491 7743 2492 7720 2492 7742 2492 7745 220 7723 220 7722 220 7745 220 7722 220 7743 220 7746 220 7725 220 7723 220 7746 220 7723 220 7745 220 7744 2493 7741 2493 7748 2493 7741 2494 7738 2494 7748 2494 7738 2495 7735 2495 7748 2495 7748 2496 7735 2496 7733 2496 7733 2497 7731 2497 7747 2497 7748 2498 7733 2498 7747 2498 8389 2499 8333 2499 7764 2499 8391 2500 8389 2500 7759 2500 8389 2499 7764 2499 7759 2499 8461 2501 8391 2501 7753 2501 8391 2500 7759 2500 7753 2500 8459 2502 8461 2502 7751 2502 8461 2503 7753 2503 7751 2503 8457 2504 8459 2504 7811 2504 8459 2502 7751 2502 7811 2502 8455 2505 8457 2505 7808 2505 8457 2506 7811 2506 7808 2506 8453 2507 8455 2507 7804 2507 8455 2505 7808 2505 7804 2505 8451 2508 8453 2508 7798 2508 8453 2507 7804 2507 7798 2507 8450 2509 8451 2509 7795 2509 8451 2510 7798 2510 7795 2510 8385 2511 8450 2511 7789 2511 8450 2509 7795 2509 7789 2509 8386 2512 8385 2512 7780 2512 8385 2513 7789 2513 7780 2513 8381 2514 8386 2514 7773 2514 8386 2512 7780 2512 7773 2512 8381 2514 7773 2514 7765 2514 7755 2515 7902 2515 7854 2515 7769 2516 7854 2516 7856 2516 7769 2517 7755 2517 7854 2517 7772 2518 7856 2518 7844 2518 7772 2519 7769 2519 7856 2519 7774 2520 7844 2520 7843 2520 7774 2521 7772 2521 7844 2521 7787 2522 7843 2522 7891 2522 7787 2523 7774 2523 7843 2523 7796 2524 7846 2524 8448 2524 7796 2525 7891 2525 7846 2525 7796 2526 7787 2526 7891 2526 7802 2527 8448 2527 8449 2527 7802 2528 7796 2528 8448 2528 7812 2529 8449 2529 8467 2529 7812 2530 7802 2530 8449 2530 7757 2531 8467 2531 8373 2531 7757 2532 7812 2532 8467 2532 7758 2533 8373 2533 8377 2533 7758 2534 8377 2534 8379 2534 7758 2535 7757 2535 8373 2535 7765 2536 8379 2536 8381 2536 7765 2537 7758 2537 8379 2537 8525 2538 7851 2538 7755 2538 7855 2539 7902 2539 7755 2539 7852 2540 7855 2540 7755 2540 7851 2541 7852 2541 7755 2541 8525 2542 7755 2542 8526 2542 8526 2543 7755 2543 7901 2543 7901 2544 7755 2544 7839 2544 7839 2545 7755 2545 7840 2545 7840 2546 7755 2546 6669 2546 7754 2547 8527 2547 8528 2547 7754 2548 7762 2548 8527 2548 7752 2549 8529 2549 8530 2549 7752 2550 8528 2550 8529 2550 7752 2551 7754 2551 8528 2551 7750 2552 7752 2552 8530 2552 7810 2553 8530 2553 8531 2553 7810 2554 7750 2554 8530 2554 7807 2555 8531 2555 8532 2555 7807 2556 7810 2556 8531 2556 7803 2557 7807 2557 8532 2557 7797 2558 8532 2558 8533 2558 7797 2559 7803 2559 8532 2559 7794 2560 7797 2560 8533 2560 7788 2561 8533 2561 8534 2561 7788 2562 7794 2562 8533 2562 7782 2563 8534 2563 8535 2563 7782 2564 7788 2564 8534 2564 7776 2565 8535 2565 8536 2565 7776 2566 7782 2566 8535 2566 7766 2567 8536 2567 8537 2567 7766 2568 7776 2568 8536 2568 7756 2569 7766 2569 8537 2569 8537 2570 8538 2570 7770 2570 8537 2571 7770 2571 7756 2571 8539 2572 8527 2572 7761 2572 8527 2573 7762 2573 7761 2573 8540 2574 8539 2574 7763 2574 8539 2575 7761 2575 7763 2575 8541 2576 8540 2576 7806 2576 8540 2577 7763 2577 7806 2577 8541 2578 7806 2578 7801 2578 8542 2579 8541 2579 7792 2579 8541 2580 7801 2580 7792 2580 8543 2581 8542 2581 7768 2581 8542 2582 7792 2582 7768 2582 8543 2583 7768 2583 7767 2583 8544 2584 8543 2584 7809 2584 8543 2585 7767 2585 7809 2585 8544 2586 7809 2586 7805 2586 8545 2587 8544 2587 7800 2587 8544 2588 7805 2588 7800 2588 8545 2589 7800 2589 7799 2589 8546 2590 8545 2590 7793 2590 8545 2591 7799 2591 7793 2591 8547 2592 8546 2592 7790 2592 8546 2593 7793 2593 7790 2593 8547 2594 7790 2594 7784 2594 8538 2595 8547 2595 7781 2595 8547 2596 7784 2596 7781 2596 8538 2597 7781 2597 7770 2597 7986 2598 7907 2598 8548 2598 7986 2599 7885 2599 7884 2599 7986 2600 7884 2600 7910 2600 7986 2601 7910 2601 7907 2601 8549 2602 7986 2602 8548 2602 7830 2603 7986 2603 8549 2603 7829 2604 7986 2604 7830 2604 7818 2605 7986 2605 7829 2605 6701 2606 7986 2606 7818 2606 7831 2607 7830 2607 8549 2607 7835 2608 7831 2608 8549 2608 7837 2609 7835 2609 8549 2609 7837 2610 8549 2610 7909 2610 7909 2611 8549 2611 8548 2611 7909 2612 8548 2612 7906 2612 7906 2613 8548 2613 7907 2613 7899 2614 7841 2614 8526 2614 7900 2615 7899 2615 8526 2615 7901 2616 7900 2616 8526 2616 7841 2617 7849 2617 8526 2617 7849 2618 7850 2618 8525 2618 8526 2619 7849 2619 8525 2619 8525 2620 7850 2620 7851 2620 7968 2621 8348 2621 8344 2621 7961 2622 8344 2622 8343 2622 7961 2623 7968 2623 8344 2623 7962 2624 8343 2624 8346 2624 7962 2625 7961 2625 8343 2625 7964 2626 8346 2626 8445 2626 7964 2627 7962 2627 8346 2627 7965 2628 8445 2628 8444 2628 7965 2629 8444 2629 8446 2629 7965 2630 7964 2630 8445 2630 7980 2631 7874 2631 7873 2631 7980 2632 8446 2632 7874 2632 7980 2633 7965 2633 8446 2633 7982 2634 7873 2634 7871 2634 7982 2635 7980 2635 7873 2635 7983 2636 7871 2636 7914 2636 7983 2637 7982 2637 7871 2637 7984 2638 7914 2638 7913 2638 7984 2639 7983 2639 7914 2639 7985 2640 7913 2640 7890 2640 7985 2641 7890 2641 7886 2641 7985 2642 7984 2642 7913 2642 7986 2643 7886 2643 7885 2643 7986 2644 7985 2644 7886 2644 7869 2645 8550 2645 7917 2645 7917 2646 8550 2646 7918 2646 7918 2647 8550 2647 7916 2647 8551 2649 8552 2649 7923 2649 8553 2650 8551 2650 7923 2650 8552 2648 7930 2648 7923 2648 8554 2651 8555 2651 8556 2651 8555 2652 8557 2652 8556 2652 8553 2653 7923 2653 7921 2653 8558 2654 8553 2654 7921 2654 8559 2655 8558 2655 7921 2655 8556 2656 8557 2656 8550 2656 8560 2657 8561 2657 8550 2657 8562 2660 8563 2660 8564 2660 8557 2658 8560 2658 8550 2658 8559 2659 7921 2659 7920 2659 8565 2661 8559 2661 7920 2661 8563 2665 8566 2665 8567 2665 8561 2662 8565 2662 7920 2662 8564 2666 8563 2666 8567 2666 8550 2663 8561 2663 7916 2663 8568 2667 8562 2667 8569 2667 8561 2664 7920 2664 7916 2664 8562 2668 8564 2668 8569 2668 8566 2669 8570 2669 8571 2669 8567 2670 8566 2670 8571 2670 8572 2671 8568 2671 8573 2671 8568 2672 8569 2672 8573 2672 8570 2673 8574 2673 8575 2673 8571 2674 8570 2674 8575 2674 8576 2675 8572 2675 8577 2675 8572 2676 8573 2676 8577 2676 8575 2677 8574 2677 8578 2677 8576 2678 8577 2678 8579 2678 8576 2679 8579 2679 8580 2679 8578 2680 8574 2680 8581 2680 8580 2681 8579 2681 8582 2681 8574 2682 7881 2682 7931 2682 8581 2683 8574 2683 7931 2683 8581 2684 7931 2684 8583 2684 8580 2685 8582 2685 8584 2685 8580 2686 8584 2686 8585 2686 8585 2687 8584 2687 8586 2687 8587 2688 8583 2688 7930 2688 8552 2689 8587 2689 7930 2689 8583 2690 7931 2690 7930 2690 8585 2691 8586 2691 8554 2691 8586 2692 8555 2692 8554 2692 7938 2693 8574 2693 7819 2693 7939 2694 8574 2694 7938 2694 7881 2695 8574 2695 7939 2695 7820 2696 7819 2696 8570 2696 7819 2697 8574 2697 8570 2697 7822 2698 7820 2698 8566 2698 7820 2699 8570 2699 8566 2699 7834 2700 7822 2700 8563 2700 7822 2701 8566 2701 8563 2701 7817 2702 7834 2702 8562 2702 7816 2703 7817 2703 8562 2703 7834 2704 8563 2704 8562 2704 7897 2705 7816 2705 8568 2705 7816 2706 8562 2706 8568 2706 7892 2707 7897 2707 8572 2707 7897 2708 8568 2708 8572 2708 7893 2709 7892 2709 8576 2709 7936 2710 7893 2710 8576 2710 7892 2711 8572 2711 8576 2711 7932 2712 7936 2712 8580 2712 7936 2713 8576 2713 8580 2713 7933 2714 7932 2714 8585 2714 7924 2715 7933 2715 8585 2715 7932 2716 8580 2716 8585 2716 7925 2717 7924 2717 8554 2717 7924 2718 8585 2718 8554 2718 7926 2719 7925 2719 8556 2719 7868 2720 7926 2720 8556 2720 7925 2721 8554 2721 8556 2721 7869 2722 7868 2722 8550 2722 7868 2723 8556 2723 8550 2723 8486 2724 8348 2724 7975 2724 8348 2724 7968 2724 7975 2724 8447 2725 8486 2725 7989 2725 8486 2725 7975 2725 7989 2725 8443 2726 8447 2726 7994 2726 8447 2727 7989 2727 7994 2727 8441 2728 8443 2728 7997 2728 8439 2729 8441 2729 7997 2729 8443 2728 7994 2728 7997 2728 8436 2730 8439 2730 7999 2730 8439 2731 7997 2731 7999 2731 8434 2732 8436 2732 8002 2732 8436 2730 7999 2730 8002 2730 8432 2733 8434 2733 7944 2733 8434 2732 8002 2732 7944 2732 8427 2734 8432 2734 7952 2734 8432 2735 7944 2735 7952 2735 8428 2736 8427 2736 7959 2736 8427 2734 7952 2734 7959 2734 8484 2737 8428 2737 7971 2737 8428 2738 7959 2738 7971 2738 8481 2739 8484 2739 7976 2739 8484 2737 7971 2737 7976 2737 8481 2739 7976 2739 7977 2739 7956 2740 8069 2740 8067 2740 7955 2741 8067 2741 8066 2741 7955 2742 7956 2742 8067 2742 7954 2743 8066 2743 8057 2743 7954 2744 7955 2744 8066 2744 7949 2745 8057 2745 8029 2745 7949 2746 7954 2746 8057 2746 7940 2747 8029 2747 8030 2747 7940 2748 7949 2748 8029 2748 7941 2749 8031 2749 8365 2749 7941 2750 8030 2750 8031 2750 7941 2751 7940 2751 8030 2751 7943 2752 8365 2752 8370 2752 7943 2753 7941 2753 8365 2753 7947 2754 8370 2754 8464 2754 7947 2755 7943 2755 8370 2755 7988 2756 8464 2756 8463 2756 7988 2757 7947 2757 8464 2757 7979 2758 8463 2758 8466 2758 7979 2759 8466 2759 8477 2759 7979 2760 7988 2760 8463 2760 7977 2761 8477 2761 8481 2761 7977 2762 7979 2762 8477 2762 8588 2763 8062 2763 7956 2763 8068 2764 8069 2764 7956 2764 8061 2765 8068 2765 7956 2765 8062 2766 8061 2766 7956 2766 8588 2767 7956 2767 8589 2767 8589 2768 7956 2768 8048 2768 8048 2769 7956 2769 8043 2769 8043 2770 7956 2770 8039 2770 8039 2771 7956 2771 6951 2771 8590 2772 7963 2772 8591 2772 8591 2773 7963 2773 7981 2773 7970 2774 8590 2774 8592 2774 7970 2775 7963 2775 8590 2775 7987 2776 8592 2776 8593 2776 7987 2777 7970 2777 8592 2777 7993 2778 8593 2778 8594 2778 7993 2779 7987 2779 8593 2779 7995 2780 7993 2780 8594 2780 7998 2781 8594 2781 8595 2781 7998 2782 7995 2782 8594 2782 8000 2783 7998 2783 8595 2783 7945 2784 8595 2784 8596 2784 7945 2785 8000 2785 8595 2785 7946 2786 7945 2786 8596 2786 7953 2787 8596 2787 8597 2787 7953 2788 7946 2788 8596 2788 7960 2789 8597 2789 8598 2789 7960 2790 7953 2790 8597 2790 7972 2791 8598 2791 8599 2791 7972 2792 7960 2792 8598 2792 7948 2793 8599 2793 8600 2793 7948 2794 7972 2794 8599 2794 7942 2795 7948 2795 8600 2795 7942 2796 8600 2796 8601 2796 8602 2797 8591 2797 7992 2797 8591 2798 7981 2798 7992 2798 8603 2799 8602 2799 7996 2799 8602 2800 7992 2800 7996 2800 8603 2801 7996 2801 7990 2801 8604 2802 8603 2802 7991 2802 8603 2803 7990 2803 7991 2803 8604 2804 7991 2804 8001 2804 8605 2805 8604 2805 7951 2805 8604 2806 8001 2806 7951 2806 8606 2807 8605 2807 7950 2807 8605 2808 7951 2808 7950 2808 8606 2809 7950 2809 7966 2809 8607 2810 8606 2810 7967 2810 8606 2811 7966 2811 7967 2811 8607 2812 7967 2812 7969 2812 8608 2813 8607 2813 7973 2813 8607 2814 7969 2814 7973 2814 8609 2815 8608 2815 7974 2815 8608 2816 7973 2816 7974 2816 8610 2817 8609 2817 7978 2817 8609 2818 7974 2818 7978 2818 8611 2819 8610 2819 7958 2819 8610 2820 7978 2820 7958 2820 8612 2821 8611 2821 7957 2821 8611 2822 7958 2822 7957 2822 8601 2823 8612 2823 7942 2823 8612 2824 7957 2824 7942 2824 8038 2825 8036 2825 8488 2825 8042 2826 8038 2826 8488 2826 8036 2827 8012 2827 8488 2827 8045 2828 8044 2828 8589 2828 8046 2829 8045 2829 8589 2829 8048 2830 8046 2830 8589 2830 8044 2831 8063 2831 8589 2831 8063 2832 8064 2832 8588 2832 8589 2833 8063 2833 8588 2833 8588 2834 8064 2834 8062 2834 8070 2835 8080 2835 8104 2835 8080 2836 8078 2836 8104 2836 8071 2837 8070 2837 8122 2837 8122 2838 8070 2838 8120 2838 8071 2839 8122 2839 8142 2839 8120 2840 8070 2840 8117 2840 8070 2841 8104 2841 8105 2841 8117 2842 8070 2842 8105 2842 8102 2843 8086 2843 8087 2843 8103 220 8087 220 8088 220 8103 2844 8102 2844 8087 2844 8101 220 8085 220 8086 220 8101 220 8086 220 8102 220 8089 220 8103 220 8088 220 8100 220 8084 220 8085 220 8100 2845 8085 2845 8101 2845 8099 220 8083 220 8084 220 8099 220 8084 220 8100 220 8098 220 8082 220 8083 220 8098 2846 8083 2846 8099 2846 8097 2847 8079 2847 8081 2847 8097 220 8081 220 8082 220 8097 220 8082 220 8098 220 8096 220 8077 220 8079 220 8096 220 8079 220 8097 220 8095 2848 8076 2848 8077 2848 8095 220 8077 220 8096 220 8094 220 8075 220 8076 220 8094 2849 8076 2849 8095 2849 8093 2850 8074 2850 8075 2850 8093 2851 8075 2851 8094 2851 8092 220 8072 220 8074 220 8092 220 8074 220 8093 220 8091 220 8073 220 8072 220 8091 2852 8072 2852 8092 2852 8090 220 8073 220 8091 220 8114 2853 8132 2853 8133 2853 8115 220 8133 220 8134 220 8115 220 8114 220 8133 220 8113 2854 8130 2854 8131 2854 8113 2855 8131 2855 8132 2855 8113 220 8132 220 8114 220 8116 220 8134 220 8135 220 8116 220 8115 220 8134 220 8112 220 8129 220 8130 220 8112 2856 8130 2856 8113 2856 8118 220 8135 220 8137 220 8118 220 8116 220 8135 220 8111 220 8128 220 8129 220 8111 2857 8129 2857 8112 2857 8119 220 8137 220 8138 220 8119 220 8118 220 8137 220 8110 2858 8127 2858 8128 2858 8110 220 8128 220 8111 220 8121 2859 8138 2859 8140 2859 8121 220 8119 220 8138 220 8109 220 8126 220 8127 220 8109 2860 8127 2860 8110 2860 8123 220 8121 220 8140 220 8108 220 8125 220 8126 220 8108 2861 8126 2861 8109 2861 8107 220 8124 220 8125 220 8107 2862 8125 2862 8108 2862 8106 2863 8124 2863 8107 2863 8139 2864 8136 2864 8141 2864 8172 2865 8143 2865 8144 2865 8172 220 8158 220 8143 220 8171 220 8157 220 8158 220 8171 2866 8158 2866 8172 2866 8170 2867 8156 2867 8157 2867 8170 2868 8157 2868 8171 2868 8169 220 8155 220 8156 220 8169 2869 8156 2869 8170 2869 8168 220 8154 220 8155 220 8168 2870 8155 2870 8169 2870 8167 220 8153 220 8154 220 8167 2871 8154 2871 8168 2871 8166 220 8151 220 8152 220 8166 220 8152 220 8153 220 8166 2872 8153 2872 8167 2872 8165 220 8150 220 8151 220 8165 220 8151 220 8166 220 8164 220 8149 220 8150 220 8164 220 8150 220 8165 220 8163 2873 8148 2873 8149 2873 8163 2874 8149 2874 8164 2874 8162 220 8147 220 8148 220 8162 2875 8148 2875 8163 2875 8161 2876 8146 2876 8147 2876 8161 220 8147 220 8162 220 8160 220 8145 220 8146 220 8160 220 8146 220 8161 220 8159 220 8145 220 8160 220 8202 220 8187 220 8189 220 8202 220 8186 220 8187 220 8201 220 8185 220 8186 220 8201 2877 8186 2877 8202 2877 8200 220 8184 220 8185 220 8200 220 8185 220 8201 220 8199 220 8183 220 8184 220 8199 220 8184 220 8200 220 8198 2878 8182 2878 8183 2878 8198 2879 8183 2879 8199 2879 8197 220 8181 220 8182 220 8197 2880 8182 2880 8198 2880 8196 220 8180 220 8181 220 8196 220 8181 220 8197 220 8179 2881 8180 2881 8196 2881 8195 220 8179 220 8196 220 8178 2882 8179 2882 8195 2882 8194 2883 8178 2883 8195 2883 8177 2884 8178 2884 8194 2884 8193 220 8177 220 8194 220 8176 2885 8177 2885 8193 2885 8192 220 8176 220 8193 220 8175 2886 8176 2886 8192 2886 8191 220 8175 220 8192 220 8174 2887 8175 2887 8191 2887 8190 2888 8174 2888 8191 2888 8173 220 8174 220 8190 220 8188 220 8173 220 8190 220 8297 221 8613 221 8296 221 8614 2890 8265 2890 8266 2890 8615 221 8614 221 8266 221 8616 2891 8617 2891 8295 2891 8296 221 8616 221 8295 221 8615 2892 8266 2892 8267 2892 8617 2893 8618 2893 8294 2893 8295 221 8617 221 8294 221 8619 221 8615 221 8268 221 8615 2894 8267 2894 8268 2894 8618 2895 8620 2895 8293 2895 8294 221 8618 221 8293 221 8619 2896 8268 2896 8269 2896 8620 2897 8621 2897 8292 2897 8293 221 8620 221 8292 221 8622 221 8619 221 8270 221 8619 2898 8269 2898 8270 2898 8227 221 8228 221 8623 221 8228 221 8231 221 8624 221 8292 2899 8621 2899 8291 2899 8621 2900 8625 2900 8291 2900 8622 2901 8270 2901 8271 2901 8623 221 8228 221 8624 221 8225 2902 8227 2902 8626 2902 8227 2903 8623 2903 8626 2903 8231 221 8234 221 8627 221 8291 221 8625 221 8290 221 8624 221 8231 221 8627 221 8625 2904 8628 2904 8290 2904 8622 221 8271 221 8272 221 8629 2905 8622 2905 8272 2905 8223 221 8225 221 8630 221 8225 2906 8626 2906 8630 2906 8234 221 8235 221 8631 221 8235 2907 8238 2907 8631 2907 8627 221 8234 221 8631 221 8221 2908 8222 2908 8632 2908 8222 221 8223 221 8632 221 8223 221 8630 221 8632 221 8238 2909 8239 2909 8633 2909 8631 221 8238 221 8633 221 8290 221 8628 221 8289 221 8239 2910 8242 2910 8634 2910 8633 221 8239 221 8634 221 8628 2911 8635 2911 8289 2911 8629 2914 8272 2914 8273 2914 8216 2912 8217 2912 8636 2912 8217 2913 8221 2913 8636 2913 8221 221 8632 221 8636 221 8289 221 8635 221 8288 221 8635 221 8637 221 8288 221 8242 221 8244 221 8638 221 8629 2915 8273 2915 8274 2915 8639 2916 8629 2916 8274 2916 8634 221 8242 221 8638 221 8244 2917 8245 2917 8640 2917 8288 221 8637 221 8287 221 8638 221 8244 221 8640 221 8637 2918 8641 2918 8287 2918 8639 2919 8274 2919 8275 2919 8213 2920 8214 2920 8642 2920 8214 2921 8216 2921 8642 2921 8216 2922 8636 2922 8642 2922 8287 221 8641 221 8286 221 8245 2923 8247 2923 8643 2923 8641 221 8644 221 8286 221 8640 221 8245 221 8643 221 8639 2924 8275 2924 8276 2924 8645 221 8639 221 8276 221 8286 2926 8644 2926 8285 2926 8247 2925 8249 2925 8646 2925 8644 2927 8647 2927 8285 2927 8643 221 8247 221 8646 221 8645 2928 8276 2928 8277 2928 8206 221 8211 221 8648 221 8211 221 8213 221 8648 221 8285 221 8647 221 8284 221 8213 2929 8642 2929 8648 2929 8645 2930 8277 2930 8278 2930 8649 221 8645 221 8278 221 8646 221 8249 221 8650 221 8649 221 8278 221 8279 221 8651 221 8649 221 8279 221 8249 2931 8251 2931 8650 2931 8284 221 8647 221 8283 221 8647 2932 8652 2932 8283 2932 8283 221 8652 221 8282 221 8652 221 8653 221 8282 221 8650 221 8251 221 8654 221 8651 2934 8279 2934 8280 2934 8251 2933 8253 2933 8654 2933 8655 2935 8651 2935 8280 2935 8205 221 8206 221 8656 221 8282 221 8653 221 8281 221 8655 2936 8280 2936 8281 2936 8653 221 8655 221 8281 221 8206 221 8648 221 8656 221 8204 221 8205 221 8656 221 8654 221 8253 221 8657 221 8253 2937 8255 2937 8657 2937 8657 221 8255 221 8658 221 8255 2938 8256 2938 8658 2938 8204 2939 8656 2939 8659 2939 8330 221 8203 221 8659 221 8203 2940 8204 2940 8659 2940 8256 2941 8259 2941 8660 2941 8658 221 8256 221 8660 221 8208 221 8207 221 8661 221 8259 221 8208 221 8661 221 8660 221 8259 221 8661 221 8330 2942 8659 2942 8662 2942 8328 2943 8329 2943 8662 2943 8329 2944 8330 2944 8662 2944 8207 221 8209 221 8663 221 8661 2945 8207 2945 8663 2945 8328 2946 8662 2946 8664 2946 8326 221 8327 221 8664 221 8327 221 8328 221 8664 221 8209 221 8210 221 8665 221 8663 2947 8209 2947 8665 2947 8210 221 8212 221 8666 221 8665 2948 8210 2948 8666 2948 8326 2949 8664 2949 8667 2949 8324 221 8325 221 8667 221 8325 221 8326 221 8667 221 8212 221 8215 221 8668 221 8666 2950 8212 2950 8668 2950 8215 2951 8218 2951 8669 2951 8668 2952 8215 2952 8669 2952 8324 221 8667 221 8670 221 8322 221 8323 221 8670 221 8323 221 8324 221 8670 221 8218 221 8219 221 8671 221 8669 2953 8218 2953 8671 2953 8219 221 8220 221 8672 221 8671 2954 8219 2954 8672 2954 8322 2955 8670 2955 8673 2955 8320 221 8321 221 8673 221 8321 2956 8322 2956 8673 2956 8220 221 8224 221 8674 221 8672 2957 8220 2957 8674 2957 8224 221 8226 221 8675 221 8674 221 8224 221 8675 221 8320 2958 8673 2958 8676 2958 8319 2959 8320 2959 8676 2959 8319 2960 8676 2960 8318 2960 8675 2961 8226 2961 8677 2961 8226 221 8229 221 8677 221 8677 221 8229 221 8678 221 8229 2909 8230 2909 8678 2909 8318 221 8676 221 8679 221 8317 2962 8318 2962 8679 2962 8317 221 8679 221 8316 221 8230 221 8232 221 8680 221 8678 2963 8230 2963 8680 2963 8316 221 8679 221 8681 221 8316 221 8681 221 8315 221 8680 2964 8232 2964 8233 2964 8680 2965 8233 2965 8682 2965 8315 2966 8681 2966 8683 2966 8315 2967 8683 2967 8314 2967 8682 221 8233 221 8236 221 8682 221 8236 221 8684 221 8314 2968 8683 2968 8685 2968 8314 221 8685 221 8313 221 8684 221 8236 221 8237 221 8684 221 8237 221 8686 221 8313 2969 8685 2969 8687 2969 8313 221 8687 221 8312 221 8686 2970 8237 2970 8240 2970 8686 2971 8240 2971 8688 2971 8312 221 8687 221 8689 221 8312 221 8689 221 8311 221 8688 2972 8240 2972 8241 2972 8688 221 8241 221 8690 221 8311 2973 8689 2973 8691 2973 8311 221 8691 221 8310 221 8690 221 8241 221 8243 221 8690 221 8243 221 8692 221 8691 221 8693 221 8309 221 8310 2974 8691 2974 8309 2974 8692 2975 8243 2975 8246 2975 8693 221 8694 221 8308 221 8309 2926 8693 2926 8308 2926 8692 2976 8246 2976 8248 2976 8692 221 8248 221 8695 221 8694 221 8696 221 8307 221 8308 2977 8694 2977 8307 2977 8695 2978 8248 2978 8250 2978 8696 221 8697 221 8306 221 8307 221 8696 221 8306 221 8698 2979 8695 2979 8252 2979 8695 2980 8250 2980 8252 2980 8697 221 8699 221 8305 221 8306 2981 8697 2981 8305 2981 8698 2982 8252 2982 8254 2982 8305 2983 8699 2983 8304 2983 8699 221 8700 221 8304 221 8701 221 8698 221 8257 221 8698 2984 8254 2984 8257 2984 8700 221 8702 221 8303 221 8304 2985 8700 2985 8303 2985 8701 221 8257 221 8258 221 8702 221 8703 221 8302 221 8303 2986 8702 2986 8302 2986 8701 2987 8258 2987 8260 2987 8704 221 8701 221 8260 221 8703 221 8705 221 8301 221 8302 2988 8703 2988 8301 2988 8704 2989 8260 2989 8261 2989 8705 221 8706 221 8300 221 8301 2990 8705 2990 8300 2990 8704 2991 8261 2991 8262 2991 8707 221 8704 221 8262 221 8706 221 8708 221 8299 221 8300 2992 8706 2992 8299 2992 8707 2993 8262 2993 8263 2993 8708 221 8613 221 8298 221 8299 2994 8708 2994 8298 2994 8707 2995 8263 2995 8264 2995 8614 221 8707 221 8264 221 8298 221 8613 221 8297 221 8614 2996 8264 2996 8265 2996 8613 2889 8616 2889 8296 2889 8413 2997 8709 2997 8710 2997 8470 2998 8413 2998 8710 2998 8470 2999 8710 2999 8711 2999 8469 3000 8470 3000 8711 3000 8469 3001 8711 3001 8712 3001 8472 3002 8469 3002 8712 3002 8472 3003 8712 3003 8713 3003 8473 3004 8472 3004 8713 3004 8473 3005 8713 3005 8714 3005 8475 3006 8473 3006 8714 3006 8475 3007 8714 3007 8715 3007 8479 3008 8475 3008 8715 3008 8479 3009 8715 3009 8716 3009 8482 3010 8479 3010 8716 3010 8482 3011 8716 3011 8717 3011 8485 3012 8482 3012 8717 3012 8485 3013 8717 3013 8718 3013 8429 3014 8485 3014 8718 3014 8429 3015 8718 3015 8719 3015 8433 3016 8429 3016 8719 3016 8433 3017 8719 3017 8720 3017 8435 3018 8433 3018 8720 3018 8435 3019 8720 3019 8721 3019 8437 3019 8435 3019 8721 3019 8437 3020 8721 3020 8722 3020 8438 3020 8437 3020 8722 3020 8438 3021 8722 3021 8723 3021 8440 3022 8438 3022 8723 3022 8440 3023 8723 3023 8724 3023 8442 3024 8440 3024 8724 3024 8339 3025 8442 3025 8725 3025 8442 3026 8724 3026 8725 3026 8340 3027 8339 3027 8726 3027 8339 3028 8725 3028 8726 3028 8342 3029 8340 3029 8727 3029 8340 3030 8726 3030 8727 3030 8350 3031 8342 3031 8728 3031 8342 3032 8727 3032 8728 3032 8352 3033 8350 3033 8729 3033 8354 3034 8352 3034 8729 3034 8350 3035 8728 3035 8729 3035 8354 3036 8729 3036 8730 3036 8356 3037 8354 3037 8730 3037 8358 3038 8356 3038 8731 3038 8356 3039 8730 3039 8731 3039 8360 3040 8358 3040 8732 3040 8358 3041 8731 3041 8732 3041 8360 3042 8732 3042 8733 3042 8362 3043 8360 3043 8733 3043 8362 3044 8733 3044 8734 3044 8364 3045 8362 3045 8734 3045 8364 3046 8734 3046 8735 3046 8367 3047 8364 3047 8735 3047 8367 3048 8735 3048 8736 3048 8369 3049 8367 3049 8736 3049 8369 3050 8736 3050 8737 3050 8372 3051 8369 3051 8737 3051 8372 3052 8737 3052 8738 3052 8376 3053 8372 3053 8738 3053 8376 3054 8738 3054 8739 3054 8380 3055 8376 3055 8739 3055 8380 3056 8739 3056 8740 3056 8383 3057 8380 3057 8740 3057 8383 3058 8740 3058 8741 3058 8388 3059 8383 3059 8741 3059 8388 3060 8741 3060 8742 3060 8387 3061 8388 3061 8742 3061 8387 3062 8742 3062 8743 3062 8452 3063 8387 3063 8743 3063 8452 3064 8743 3064 8744 3064 8454 3065 8452 3065 8744 3065 8454 3066 8744 3066 8745 3066 8456 3067 8454 3067 8745 3067 8456 3068 8745 3068 8746 3068 8458 1107 8456 1107 8746 1107 8458 1107 8746 1107 8747 1107 8460 3069 8458 3069 8747 3069 8460 3069 8747 3069 8748 3069 8462 3070 8460 3070 8748 3070 8462 3071 8748 3071 8749 3071 8392 3072 8462 3072 8749 3072 8392 3073 8749 3073 8750 3073 8393 3074 8392 3074 8750 3074 8393 3075 8750 3075 8751 3075 8394 3076 8393 3076 8751 3076 8394 3077 8751 3077 8752 3077 8396 3078 8394 3078 8752 3078 8396 3079 8752 3079 8753 3079 8400 3080 8396 3080 8753 3080 8400 3081 8753 3081 8754 3081 8402 3082 8400 3082 8754 3082 8402 3083 8754 3083 8755 3083 8404 3084 8402 3084 8755 3084 8404 3085 8755 3085 8756 3085 8406 3086 8404 3086 8756 3086 8411 3087 8406 3087 8757 3087 8406 3088 8756 3088 8757 3088 8413 3089 8411 3089 8758 3089 8411 3090 8757 3090 8758 3090 8413 3091 8758 3091 8709 3091 8759 3092 8503 3092 8500 3092 8760 3093 8759 3093 8500 3093 8760 3094 8500 3094 8522 3094 8761 3095 8760 3095 8522 3095 8762 3096 8763 3096 8516 3096 8761 3097 8522 3097 8520 3097 8764 3098 8761 3098 8520 3098 8765 3099 8762 3099 8514 3099 8762 3100 8516 3100 8514 3100 8763 3101 8764 3101 8518 3101 8764 3102 8520 3102 8518 3102 8766 3103 8765 3103 8510 3103 8765 3104 8514 3104 8510 3104 8763 3105 8518 3105 8516 3105 8767 3106 8766 3106 8507 3106 8766 3107 8510 3107 8507 3107 8768 3108 8767 3108 8509 3108 8767 3109 8507 3109 8509 3109 8769 3110 8768 3110 8512 3110 8768 3111 8509 3111 8512 3111 8770 3112 8769 3112 8515 3112 8769 3113 8512 3113 8515 3113 8771 3114 8770 3114 8517 3114 8770 3115 8515 3115 8517 3115 8772 3116 8771 3116 8519 3116 8771 3117 8517 3117 8519 3117 8773 3118 8772 3118 8521 3118 8772 3119 8519 3119 8521 3119 8774 3120 8773 3120 8523 3120 8773 3121 8521 3121 8523 3121 8775 3122 8774 3122 8524 3122 8774 3123 8523 3123 8524 3123 8775 3124 8524 3124 8504 3124 8776 3125 8775 3125 8504 3125 8776 3126 8504 3126 8505 3126 8777 3127 8776 3127 8505 3127 8777 3128 8505 3128 8508 3128 8778 3129 8777 3129 8508 3129 8778 3130 8508 3130 8513 3130 8779 3131 8778 3131 8513 3131 8779 3132 8513 3132 8511 3132 8780 3133 8779 3133 8511 3133 8780 3134 8511 3134 8506 3134 8781 3135 8780 3135 8506 3135 8781 3136 8506 3136 8502 3136 8782 3137 8781 3137 8502 3137 8782 3138 8502 3138 8501 3138 8783 3139 8782 3139 8501 3139 8783 3140 8501 3140 8503 3140 8759 3141 8783 3141 8503 3141 8544 3142 8545 3142 8533 3142 8545 3143 8534 3143 8533 3143 8543 3144 8544 3144 8532 3144 8544 3145 8533 3145 8532 3145 8542 3146 8543 3146 8531 3146 8543 3147 8532 3147 8531 3147 8541 3148 8542 3148 8530 3148 8542 3149 8531 3149 8530 3149 8541 3150 8530 3150 8529 3150 8540 3151 8541 3151 8528 3151 8539 3152 8540 3152 8528 3152 8541 3153 8529 3153 8528 3153 8539 3154 8528 3154 8527 3154 8534 3155 8545 3155 8546 3155 8535 220 8546 220 8547 220 8535 220 8534 220 8546 220 8536 220 8547 220 8538 220 8536 220 8535 220 8547 220 8537 220 8536 220 8538 220 8784 3156 8785 3156 8586 3156 8784 3157 8586 3157 8584 3157 8786 3158 8784 3158 8584 3158 8787 3159 8788 3159 8577 3159 8786 3160 8584 3160 8582 3160 8789 3161 8786 3161 8582 3161 8790 3162 8787 3162 8573 3162 8787 3163 8577 3163 8573 3163 8788 3164 8789 3164 8579 3164 8789 3165 8582 3165 8579 3165 8791 3166 8790 3166 8569 3166 8790 3167 8573 3167 8569 3167 8788 3168 8579 3168 8577 3168 8792 3169 8791 3169 8564 3169 8791 3170 8569 3170 8564 3170 8793 3171 8792 3171 8567 3171 8792 3172 8564 3172 8567 3172 8794 3173 8793 3173 8571 3173 8793 3174 8567 3174 8571 3174 8795 3175 8794 3175 8575 3175 8794 3176 8571 3176 8575 3176 8796 3177 8795 3177 8578 3177 8795 3178 8575 3178 8578 3178 8797 3179 8796 3179 8581 3179 8796 3180 8578 3180 8581 3180 8798 3181 8797 3181 8583 3181 8797 3182 8581 3182 8583 3182 8799 3183 8798 3183 8587 3183 8798 3184 8583 3184 8587 3184 8800 3185 8799 3185 8552 3185 8799 3186 8587 3186 8552 3186 8800 3187 8552 3187 8551 3187 8801 3188 8800 3188 8551 3188 8801 3189 8551 3189 8553 3189 8802 3190 8801 3190 8553 3190 8802 3191 8553 3191 8558 3191 8803 3192 8802 3192 8558 3192 8803 3193 8558 3193 8559 3193 8804 3194 8803 3194 8559 3194 8804 3195 8559 3195 8565 3195 8805 3196 8804 3196 8565 3196 8805 3197 8565 3197 8561 3197 8806 3198 8805 3198 8561 3198 8806 3199 8561 3199 8560 3199 8807 3200 8806 3200 8560 3200 8807 3201 8560 3201 8557 3201 8808 3202 8807 3202 8557 3202 8808 3203 8557 3203 8555 3203 8785 3204 8808 3204 8555 3204 8785 3205 8555 3205 8586 3205 8592 3206 8590 3206 8602 3206 8590 3207 8591 3207 8602 3207 8593 3208 8592 3208 8603 3208 8592 3209 8602 3209 8603 3209 8594 3210 8593 3210 8604 3210 8593 3211 8603 3211 8604 3211 8595 3212 8594 3212 8605 3212 8594 3213 8604 3213 8605 3213 8596 3214 8595 3214 8606 3214 8595 3215 8605 3215 8606 3215 8597 3216 8596 3216 8607 3216 8596 3217 8606 3217 8607 3217 8597 3218 8607 3218 8608 3218 8598 3219 8597 3219 8609 3219 8597 3220 8608 3220 8609 3220 8599 220 8598 220 8610 220 8598 3221 8609 3221 8610 3221 8600 220 8599 220 8611 220 8599 3222 8610 3222 8611 3222 8600 3223 8611 3223 8612 3223 8600 3224 8612 3224 8601 3224 8809 3225 8661 3225 8663 3225 8810 3226 8663 3226 8665 3226 8810 3225 8809 3225 8663 3225 8811 3227 8665 3227 8666 3227 8811 3226 8810 3226 8665 3226 8812 3228 8666 3228 8668 3228 8812 3229 8811 3229 8666 3229 8813 3230 8668 3230 8669 3230 8813 3231 8812 3231 8668 3231 8814 3230 8813 3230 8669 3230 8815 3232 8669 3232 8671 3232 8815 3233 8671 3233 8672 3233 8815 3234 8814 3234 8669 3234 8816 3235 8815 3235 8672 3235 8817 3236 8672 3236 8674 3236 8817 3237 8674 3237 8675 3237 8817 3238 8816 3238 8672 3238 8818 3239 8817 3239 8675 3239 8819 3240 8675 3240 8677 3240 8819 3241 8677 3241 8678 3241 8819 3242 8818 3242 8675 3242 8820 3243 8678 3243 8680 3243 8820 3244 8819 3244 8678 3244 8821 3245 8820 3245 8680 3245 8822 3246 8680 3246 8682 3246 8822 3247 8821 3247 8680 3247 8823 3248 8682 3248 8684 3248 8823 3249 8684 3249 8686 3249 8823 3250 8822 3250 8682 3250 8824 3251 8823 3251 8686 3251 8825 3252 8686 3252 8688 3252 8825 3253 8824 3253 8686 3253 8826 3254 8825 3254 8688 3254 8826 3255 8688 3255 8690 3255 8827 3256 8826 3256 8690 3256 8827 3257 8690 3257 8692 3257 8828 3258 8632 3258 8630 3258 8828 3259 8829 3259 8632 3259 8830 3260 8630 3260 8626 3260 8830 3261 8828 3261 8630 3261 8831 3262 8626 3262 8623 3262 8831 3263 8830 3263 8626 3263 8832 3264 8623 3264 8624 3264 8832 3265 8624 3265 8627 3265 8832 3266 8831 3266 8623 3266 8833 3267 8832 3267 8627 3267 8834 3268 8627 3268 8631 3268 8834 3269 8833 3269 8627 3269 8835 3270 8631 3270 8633 3270 8835 3271 8834 3271 8631 3271 8836 3272 8633 3272 8634 3272 8836 3273 8835 3273 8633 3273 8837 3274 8634 3274 8638 3274 8837 3275 8836 3275 8634 3275 8838 3276 8638 3276 8640 3276 8838 3277 8640 3277 8643 3277 8838 3278 8837 3278 8638 3278 8839 3279 8643 3279 8646 3279 8839 3280 8838 3280 8643 3280 8840 3281 8839 3281 8646 3281 8841 3282 8646 3282 8650 3282 8841 3283 8840 3283 8646 3283 8842 3284 8650 3284 8654 3284 8842 3284 8841 3284 8650 3284 8843 3285 8842 3285 8654 3285 8843 3286 8654 3286 8657 3286 8844 3287 8843 3287 8657 3287 8844 3288 8657 3288 8658 3288 8844 3289 8658 3289 8660 3289 8845 3289 8844 3289 8660 3289 8809 3290 8845 3290 8660 3290 8809 3290 8660 3290 8661 3290 8846 221 8734 221 8847 221 8721 221 8848 221 8847 221 8849 221 8701 221 8704 221 8850 221 8849 221 8704 221 8851 3291 8850 3291 8704 3291 8852 3292 8851 3292 8704 3292 8853 221 8852 221 8707 221 8854 3293 8853 3293 8707 3293 8852 3294 8704 3294 8707 3294 8854 3295 8707 3295 8614 3295 8848 3296 8855 3296 8856 3296 8847 221 8848 221 8856 221 8855 3297 8857 3297 8856 3297 8648 3300 8642 3300 8858 3300 8642 3301 8859 3301 8858 3301 8847 3298 8856 3298 8860 3298 8856 3302 8857 3302 8861 3302 8859 221 8642 221 8862 221 8857 3299 8863 3299 8861 3299 8648 3305 8858 3305 8864 3305 8847 3303 8860 3303 8865 3303 8863 3304 8854 3304 8866 3304 8854 221 8614 221 8866 221 8862 221 8642 221 8867 221 8861 3306 8863 3306 8866 3306 8847 3307 8865 3307 8868 3307 8648 3309 8864 3309 8869 3309 8642 3310 8636 3310 8870 3310 8866 221 8614 221 8871 221 8867 221 8642 221 8870 221 8847 3308 8868 3308 8872 3308 8648 3312 8869 3312 8873 3312 8870 221 8636 221 8874 221 8648 3313 8873 3313 8875 3313 8847 3311 8872 3311 8876 3311 8656 221 8648 221 8875 221 8874 221 8636 221 8877 221 8636 3316 8632 3316 8877 3316 8847 3314 8876 3314 8878 3314 8879 221 8871 221 8615 221 8880 221 8879 221 8615 221 8656 3317 8875 3317 8881 3317 8871 3315 8614 3315 8615 3315 8877 221 8632 221 8882 221 8656 3318 8881 3318 8883 3318 8882 3319 8632 3319 8884 3319 8656 3320 8883 3320 8885 3320 8659 221 8656 221 8885 221 8659 3321 8885 3321 8886 3321 8659 3322 8886 3322 8887 3322 8880 3323 8615 3323 8619 3323 8659 221 8887 221 8662 221 8888 221 8880 221 8619 221 8889 221 8888 221 8619 221 8890 221 8889 221 8619 221 8890 3324 8619 3324 8622 3324 8891 221 8890 221 8622 221 8892 221 8891 221 8622 221 8893 221 8892 221 8622 221 8894 3325 8893 3325 8622 3325 8884 3329 8632 3329 8895 3329 8894 3326 8622 3326 8629 3326 8896 221 8884 221 8895 221 8897 221 8896 221 8895 221 8898 221 8894 221 8629 221 8899 221 8897 221 8895 221 8900 221 8898 221 8629 221 8901 3331 8899 3331 8895 3331 8902 3327 8900 3327 8629 3327 8903 221 8901 221 8895 221 8902 3328 8629 3328 8639 3328 8904 221 8902 221 8639 221 8905 3330 8904 3330 8639 3330 8905 221 8639 221 8645 221 8906 3332 8905 3332 8645 3332 8878 3333 8906 3333 8645 3333 8847 3334 8878 3334 8645 3334 8667 3335 8907 3335 8908 3335 8667 221 8664 221 8909 221 8907 221 8667 221 8909 221 8670 221 8667 221 8910 221 8667 3336 8908 3336 8910 3336 8909 221 8664 221 8911 221 8670 3337 8910 3337 8912 3337 8911 221 8664 221 8913 221 8664 221 8662 221 8913 221 8670 3338 8912 3338 8914 3338 8662 3339 8887 3339 8915 3339 8913 221 8662 221 8915 221 8887 3304 8916 3304 8915 3304 8670 3340 8914 3340 8917 3340 8916 3299 8918 3299 8919 3299 8915 3306 8916 3306 8919 3306 8670 3341 8917 3341 8920 3341 8903 3343 8895 3343 8921 3343 8918 3297 8903 3297 8921 3297 8919 3342 8918 3342 8921 3342 8670 3344 8920 3344 8673 3344 8920 221 8922 221 8673 221 8673 221 8922 221 8923 221 8673 3345 8923 3345 8924 3345 8673 3346 8924 3346 8676 3346 8925 221 8926 221 8676 221 8924 221 8925 221 8676 221 8676 3347 8926 3347 8679 3347 8927 3333 8928 3333 8679 3333 8926 221 8927 221 8679 221 8895 3348 8753 3348 8752 3348 8753 221 8895 221 8754 221 8895 3349 8752 3349 8751 3349 8754 221 8895 221 8755 221 8895 3350 8751 3350 8750 3350 8755 3351 8895 3351 8756 3351 8895 3352 8750 3352 8749 3352 8756 221 8895 221 8757 221 8895 3353 8749 3353 8748 3353 8757 221 8895 221 8758 221 8895 3354 8748 3354 8747 3354 8758 221 8895 221 8709 221 8895 221 8747 221 8746 221 8679 3355 8928 3355 8846 3355 8895 221 8746 221 8846 221 8744 221 8743 221 8846 221 8745 3356 8744 3356 8846 3356 8746 3357 8745 3357 8846 3357 8921 221 8895 221 8846 221 8929 3358 8921 3358 8846 3358 8930 221 8929 221 8846 221 8931 221 8930 221 8846 221 8932 221 8931 221 8846 221 8933 3359 8932 3359 8846 3359 8928 221 8933 221 8846 221 8846 3360 8743 3360 8742 3360 8846 3361 8742 3361 8741 3361 8846 3362 8741 3362 8740 3362 8846 3363 8740 3363 8739 3363 8846 3364 8739 3364 8738 3364 8710 221 8709 221 8848 221 8711 221 8710 221 8848 221 8712 221 8711 221 8848 221 8713 3351 8712 3351 8848 3351 8714 221 8713 221 8848 221 8715 221 8714 221 8848 221 8716 221 8715 221 8848 221 8717 221 8716 221 8848 221 8709 221 8895 221 8848 221 8717 221 8848 221 8718 221 8846 3365 8738 3365 8737 3365 8718 221 8848 221 8719 221 8846 3366 8737 3366 8736 3366 8719 3367 8848 3367 8720 3367 8846 3368 8736 3368 8735 3368 8720 3369 8848 3369 8721 3369 8846 3370 8735 3370 8734 3370 8848 3371 8692 3371 8934 3371 8692 3372 8935 3372 8934 3372 8692 221 8695 221 8936 221 8935 221 8692 221 8936 221 8848 3373 8934 3373 8937 3373 8936 221 8695 221 8938 221 8848 3374 8937 3374 8939 3374 8938 221 8695 221 8940 221 8848 3375 8939 3375 8941 3375 8848 3376 8941 3376 8942 3376 8940 3377 8695 3377 8698 3377 8943 221 8940 221 8698 221 8944 221 8943 221 8698 221 8848 3378 8942 3378 8855 3378 8944 221 8698 221 8945 221 8945 221 8698 221 8946 221 8946 3379 8698 3379 8701 3379 8947 221 8946 221 8701 221 8948 221 8947 221 8701 221 8949 221 8948 221 8701 221 8849 221 8949 221 8701 221 8722 221 8721 221 8847 221 8723 3357 8722 3357 8847 3357 8724 3356 8723 3356 8847 3356 8725 221 8724 221 8847 221 8726 221 8725 221 8847 221 8727 221 8726 221 8847 221 8728 221 8727 221 8847 221 8729 221 8728 221 8847 221 8730 221 8729 221 8847 221 8731 3380 8730 3380 8847 3380 8732 221 8731 221 8847 221 8733 221 8732 221 8847 221 8734 221 8733 221 8847 221 8950 3381 8951 3381 8616 3381 8950 3381 8616 3381 8613 3381 8952 3382 8645 3382 8649 3382 8953 3383 8613 3383 8708 3383 8953 3383 8950 3383 8613 3383 8954 3384 8649 3384 8651 3384 8955 3385 8708 3385 8706 3385 8955 3385 8953 3385 8708 3385 8954 3386 8952 3386 8649 3386 8956 3387 8706 3387 8705 3387 8956 3388 8955 3388 8706 3388 8957 3389 8954 3389 8651 3389 8958 3390 8651 3390 8655 3390 8959 3391 8705 3391 8703 3391 8958 3392 8957 3392 8651 3392 8959 3393 8956 3393 8705 3393 8960 3394 8655 3394 8653 3394 8961 3395 8703 3395 8702 3395 8960 3396 8653 3396 8652 3396 8961 3397 8702 3397 8700 3397 8960 3398 8958 3398 8655 3398 8961 3395 8959 3395 8703 3395 8962 3399 8961 3399 8700 3399 8963 3400 8960 3400 8652 3400 8964 3401 8963 3401 8652 3401 8965 3402 8700 3402 8699 3402 8965 3403 8699 3403 8697 3403 8964 3404 8652 3404 8647 3404 8965 3405 8962 3405 8700 3405 8966 3406 8965 3406 8697 3406 8967 3407 8964 3407 8647 3407 8967 3408 8647 3408 8644 3408 8967 3409 8644 3409 8641 3409 8968 3410 8697 3410 8696 3410 8968 3411 8696 3411 8694 3411 8969 3412 8967 3412 8641 3412 8968 3413 8966 3413 8697 3413 8970 3414 8969 3414 8641 3414 8971 3415 8968 3415 8694 3415 8970 3416 8641 3416 8637 3416 8972 3417 8694 3417 8693 3417 8972 3418 8693 3418 8691 3418 8973 3419 8970 3419 8637 3419 8972 3420 8971 3420 8694 3420 8973 3421 8637 3421 8635 3421 8974 3422 8973 3422 8635 3422 8975 3423 8972 3423 8691 3423 8974 3424 8635 3424 8628 3424 8976 3425 8975 3425 8691 3425 8976 3426 8691 3426 8689 3426 8976 3427 8689 3427 8687 3427 8977 3428 8974 3428 8628 3428 8977 3429 8628 3429 8625 3429 8978 3430 8976 3430 8687 3430 8978 3431 8687 3431 8685 3431 8979 3432 8977 3432 8625 3432 8979 3433 8625 3433 8621 3433 8980 3434 8978 3434 8685 3434 8981 3435 8979 3435 8621 3435 8982 3436 8980 3436 8685 3436 8981 3435 8621 3435 8620 3435 8981 3437 8620 3437 8618 3437 8982 3438 8685 3438 8683 3438 8983 3439 8982 3439 8683 3439 8983 3440 8683 3440 8681 3440 8984 3441 8981 3441 8618 3441 8985 3442 8983 3442 8681 3442 8985 3443 8681 3443 8679 3443 8986 3444 8984 3444 8618 3444 8986 3445 8618 3445 8617 3445 8951 3446 8986 3446 8617 3446 8951 3446 8617 3446 8616 3446 8987 3448 8776 3448 8777 3448 8987 3449 8988 3449 8776 3449 8989 3450 8780 3450 8990 3450 8989 3451 8779 3451 8780 3451 8991 3453 8987 3453 8777 3453 8991 3455 8777 3455 8778 3455 8992 3456 8779 3456 8989 3456 8767 3452 8993 3452 8994 3452 8992 3457 8991 3457 8778 3457 8992 3458 8778 3458 8779 3458 8767 3454 8994 3454 8766 3454 8765 3459 8766 3459 8994 3459 8768 3460 8993 3460 8767 3460 8762 3461 8765 3461 8994 3461 8769 3462 8993 3462 8768 3462 8763 3463 8762 3463 8994 3463 8770 3464 8995 3464 8996 3464 8770 3465 8996 3465 8993 3465 8770 3466 8993 3466 8769 3466 8771 3467 8995 3467 8770 3467 8997 3468 8761 3468 8764 3468 8997 3469 8764 3469 8763 3469 8997 3470 8763 3470 8994 3470 8998 3471 8995 3471 8771 3471 8772 3472 8998 3472 8771 3472 8760 3473 8761 3473 8997 3473 8759 3474 8760 3474 8997 3474 8999 3475 8772 3475 8773 3475 8999 3476 8998 3476 8772 3476 9000 3477 8773 3477 8774 3477 9000 3478 8774 3478 8775 3478 9000 3479 8999 3479 8773 3479 9001 3480 8781 3480 8782 3480 9001 3481 8782 3481 8783 3481 9001 3482 8783 3482 8759 3482 9001 3483 8759 3483 8997 3483 8988 3484 8775 3484 8776 3484 8988 3485 9000 3485 8775 3485 8990 3447 8780 3447 8781 3447 8990 3486 8781 3486 9001 3486 9002 3488 8808 3488 9003 3488 9002 3487 8807 3487 8808 3487 9004 3489 8807 3489 9002 3489 9004 3490 8804 3490 8805 3490 9004 3491 8805 3491 8806 3491 9004 3492 8806 3492 8807 3492 9005 3493 9006 3493 8800 3493 9005 3494 8804 3494 9004 3494 9005 3495 8800 3495 8801 3495 9005 3496 8801 3496 8802 3496 9005 3497 8802 3497 8803 3497 9005 3498 8803 3498 8804 3498 8791 3499 9007 3499 9008 3499 8792 3500 9009 3500 9007 3500 8792 3501 9007 3501 8791 3501 8790 3502 9008 3502 9010 3502 8790 3503 8791 3503 9008 3503 8793 3504 9011 3504 9009 3504 8793 3505 9009 3505 8792 3505 8787 3506 9010 3506 9012 3506 8787 3507 8790 3507 9010 3507 8794 3508 9013 3508 9011 3508 8794 3509 9011 3509 8793 3509 8788 3510 9012 3510 9014 3510 8788 3511 8787 3511 9012 3511 8795 3512 9013 3512 8794 3512 8789 3513 8788 3513 9014 3513 9015 3514 8789 3514 9014 3514 8796 3515 9013 3515 8795 3515 8786 3516 8789 3516 9015 3516 8797 3517 9013 3517 8796 3517 8784 3518 8786 3518 9015 3518 9016 3519 8784 3519 9015 3519 9006 3520 9013 3520 8797 3520 8798 3521 9006 3521 8797 3521 8785 3522 8784 3522 9016 3522 8799 3523 9006 3523 8798 3523 9003 3524 8808 3524 8785 3524 9003 3525 8785 3525 9016 3525 8800 3526 9006 3526 8799 3526 9017 221 8817 221 9018 221 9019 3528 8835 3528 9020 3528 8818 221 8819 221 9021 221 8819 221 8820 221 9021 221 9018 221 8818 221 9021 221 8837 3530 8838 3530 9022 3530 8820 3531 8821 3531 9023 3531 9020 221 8837 221 9022 221 9021 221 8820 221 9023 221 9022 221 8838 221 9024 221 8838 3532 8839 3532 9024 3532 8821 221 8822 221 9025 221 9023 221 8821 221 9025 221 8822 3533 8823 3533 9026 3533 9025 221 8822 221 9026 221 9024 3527 8839 3527 9027 3527 8839 221 8840 221 9027 221 8823 221 8824 221 9028 221 9026 221 8823 221 9028 221 8840 3535 8841 3535 9029 3535 9030 221 9028 221 8825 221 8841 3536 8842 3536 9029 3536 9028 3537 8824 3537 8825 3537 9027 3534 8840 3534 9029 3534 9031 221 9030 221 8826 221 9030 221 8825 221 8826 221 9029 221 8842 221 9032 221 9031 3539 8826 3539 8827 3539 8842 3538 8843 3538 9032 3538 9032 3541 8843 3541 9033 3541 8843 3540 8844 3540 9033 3540 9033 3542 8844 3542 9034 3542 8844 3543 8845 3543 9034 3543 8830 221 8831 221 9035 221 8809 221 8810 221 9036 221 8831 221 8832 221 9035 221 9034 221 8845 221 9036 221 8845 221 8809 221 9036 221 8810 3544 8811 3544 9037 3544 9035 221 8832 221 9038 221 8832 3533 8833 3533 9038 3533 9036 221 8810 221 9037 221 8811 3545 8812 3545 9039 3545 9037 3546 8811 3546 9039 3546 8828 221 8830 221 9040 221 8812 221 8813 221 9041 221 8830 221 9035 221 9040 221 8833 221 8834 221 9042 221 9039 3547 8812 3547 9041 3547 8813 3548 8814 3548 9043 3548 8814 221 8815 221 9043 221 9038 221 8833 221 9042 221 9041 221 8813 221 9043 221 8829 221 8828 221 9044 221 8828 221 9040 221 9044 221 8815 3549 8816 3549 9045 3549 9042 221 8834 221 9019 221 9043 3534 8815 3534 9045 3534 8834 221 8835 221 9019 221 8816 221 8817 221 9017 221 9045 3527 8816 3527 9017 3527 8835 221 8836 221 9020 221 8836 221 8837 221 9020 221 8817 3529 8818 3529 9018 3529 9046 3550 9047 3551 9048 3552 9046 3553 9049 3553 9047 3553 9046 3554 9050 3555 9049 3556 9051 3557 9046 3557 9052 3557 8848 3558 9050 3558 9046 3558 8848 3559 9046 3559 9051 3559 8692 3560 9031 3560 8827 3560 8692 3561 9053 3561 9031 3561 8692 3562 9051 3562 9053 3562 8692 3563 8848 3563 9051 3563 9054 3564 9055 3565 9056 3566 9055 3567 9057 3567 9056 3567 9057 3568 9058 3569 9056 3570 9059 3571 9056 3571 9060 3571 9056 3572 9058 3572 8895 3572 9060 3573 9056 3573 8895 3573 8829 3574 9044 3574 8632 3574 9044 3575 9061 3575 8632 3575 9061 3576 9060 3576 8632 3576 9060 3577 8895 3577 8632 3577 9062 3578 9063 3578 8848 3578 9063 3578 9064 3578 8848 3578 9064 3578 9065 3578 8848 3578 9065 3578 9066 3578 8848 3578 9066 3578 9050 3578 8848 3578 9062 3578 8848 3578 9067 3578 9067 3579 8848 3579 9068 3579 9068 3578 8848 3578 9069 3578 9069 3578 8848 3578 9070 3578 9070 3578 8848 3578 9071 3578 9071 3578 8848 3578 9072 3578 9058 3578 9073 3578 8895 3578 9073 3578 9074 3578 8895 3578 9074 3578 9075 3578 8895 3578 9075 3578 9076 3578 8895 3578 9076 3578 9077 3578 8895 3578 9077 3578 9078 3578 8895 3578 9078 3580 9079 3580 8895 3580 9079 3578 9080 3578 8895 3578 9080 3578 9081 3578 8895 3578 9081 3578 9082 3578 8895 3578 9082 3578 9072 3578 8895 3578 9072 3578 8848 3578 8895 3578 8645 3581 9083 3581 9084 3581 8645 3582 8952 3582 9083 3582 9085 3583 8645 3583 9084 3583 9086 3584 9085 3584 9087 3584 9088 3585 9086 3586 9089 3587 9090 3588 9086 3588 9088 3588 9091 3589 9086 3590 9090 3591 8847 3592 8645 3592 9085 3592 8847 3593 9085 3593 9086 3593 8847 3594 9086 3594 9091 3594 8847 3595 9092 3595 9093 3595 8847 3596 9094 3596 9092 3596 8847 3597 9095 3597 9094 3597 8847 3598 9096 3598 9095 3598 8847 3599 9091 3599 9096 3599 9097 3600 8847 3600 9093 3600 9098 3601 8847 3601 9097 3601 9099 3600 8847 3600 9098 3600 9100 3600 8847 3600 9099 3600 9101 3600 8847 3600 9100 3600 9102 3600 8847 3600 9101 3600 8846 3602 9103 3602 9104 3602 8846 3603 9105 3603 9103 3603 8846 3604 9106 3604 9105 3604 8846 3605 9107 3605 9106 3605 8846 3606 9108 3606 9107 3606 8846 3607 9109 3607 9108 3607 8846 3608 9110 3608 9109 3608 8846 3609 9111 3609 9110 3609 8846 3610 9112 3610 9111 3610 8846 3611 9113 3611 9112 3611 8846 3612 9102 3612 9113 3612 8846 3600 8847 3600 9102 3600 9114 3613 9115 3614 9116 3615 9114 3616 9117 3616 9115 3616 9114 3617 9104 3618 9117 3619 9118 3620 9114 3620 9119 3620 8846 3621 9104 3621 9114 3621 8846 3622 9114 3622 9118 3622 8679 3623 9120 3623 8985 3623 8679 3624 9121 3624 9120 3624 8679 3625 9118 3625 9121 3625 8679 3626 8846 3626 9118 3626 9122 3627 9123 3627 8869 3627 9122 3628 8869 3628 8864 3628 9124 3629 9125 3629 8870 3629 9122 3630 8864 3630 8858 3630 9126 3631 9122 3631 8858 3631 9127 3632 9126 3632 8858 3632 9128 3633 9124 3633 8874 3633 9124 3634 8870 3634 8874 3634 9127 3635 8858 3635 8859 3635 9129 3636 9128 3636 8877 3636 9127 3637 8859 3637 8862 3637 9128 3638 8874 3638 8877 3638 9130 3639 9127 3639 8862 3639 9130 3640 8862 3640 8867 3640 9129 3636 8877 3636 8882 3636 9131 3641 9130 3641 8867 3641 9125 3642 9131 3642 8867 3642 9125 3643 8867 3643 8870 3643 9132 3644 9129 3644 8884 3644 9129 3645 8882 3645 8884 3645 9133 3646 9132 3646 8896 3646 9132 3647 8884 3647 8896 3647 9134 3648 9133 3649 8897 3650 9133 3651 8896 3652 8897 3653 9135 3654 9134 3654 8899 3654 9134 3655 8897 3655 8899 3655 9136 3656 9135 3656 8901 3656 9135 3657 8899 3657 8901 3657 9137 3658 9136 3658 8903 3658 9136 3659 8901 3659 8903 3659 9138 3660 9137 3660 8918 3660 9139 3661 9138 3661 8918 3661 9137 3662 8903 3662 8918 3662 9140 3663 9139 3663 8916 3663 9139 3661 8918 3661 8916 3661 9140 3664 8916 3664 8887 3664 9140 3578 8887 3578 8886 3578 9141 3578 9140 3578 8886 3578 9141 3665 8886 3665 8885 3665 9142 3666 9141 3666 8885 3666 9142 3667 8885 3667 8883 3667 9143 3667 9142 3667 8883 3667 9143 3668 8883 3668 8881 3668 9144 3669 9143 3669 8881 3669 9145 3670 9144 3670 8881 3670 9145 3671 8881 3671 8875 3671 9145 3672 8875 3672 8873 3672 9146 3673 9145 3673 8873 3673 9146 3674 8873 3674 8869 3674 9123 3675 9146 3675 8869 3675 9147 3676 9148 3677 8939 3678 9147 3679 8939 3680 8937 3681 9149 3682 9150 3682 8940 3682 9147 3683 8937 3683 8934 3683 9151 3684 9147 3684 8934 3684 9152 3632 9151 3632 8934 3632 9153 3685 9149 3685 8943 3685 9149 3686 8940 3686 8943 3686 9152 3635 8934 3635 8935 3635 9154 3687 9153 3687 8944 3687 9152 3688 8935 3688 8936 3688 9153 3689 8943 3689 8944 3689 9155 3688 9152 3688 8936 3688 9155 3690 8936 3690 8938 3690 9154 3691 8944 3691 8945 3691 9156 3692 9155 3692 8938 3692 9150 3693 9156 3693 8938 3693 9150 3694 8938 3694 8940 3694 9157 3644 9154 3644 8946 3644 9154 3645 8945 3645 8946 3645 9158 3695 9157 3695 8947 3695 9157 3696 8946 3696 8947 3696 9159 3697 9158 3697 8948 3697 9158 3698 8947 3698 8948 3698 9160 3699 9159 3699 8949 3699 9159 3700 8948 3700 8949 3700 9161 3701 9160 3701 8849 3701 9160 3702 8949 3702 8849 3702 9162 3703 9161 3703 8850 3703 9161 3704 8849 3704 8850 3704 9163 3660 9162 3660 8851 3660 9164 3661 9163 3661 8851 3661 9162 3662 8850 3662 8851 3662 9165 3663 9164 3663 8852 3663 9164 3661 8851 3661 8852 3661 9165 3664 8852 3664 8853 3664 9165 3578 8853 3578 8854 3578 9166 3578 9165 3578 8854 3578 9166 3665 8854 3665 8863 3665 9167 3666 9166 3666 8863 3666 9167 3667 8863 3667 8857 3667 9168 3667 9167 3667 8857 3667 9168 3668 8857 3668 8855 3668 9169 3669 9168 3669 8855 3669 9170 3705 9169 3705 8855 3705 9170 3706 8855 3706 8942 3706 9170 3707 8942 3707 8941 3707 9171 3708 9170 3708 8941 3708 9171 3709 8941 3709 8939 3709 9148 3710 9171 3710 8939 3710 9172 3711 9173 3711 8912 3711 9172 3712 8912 3712 8910 3712 9174 3713 9175 3714 8913 3715 9172 3716 8910 3717 8908 3718 9176 3719 9172 3720 8908 3721 9177 3722 9176 3722 8908 3722 9178 3723 9174 3723 8915 3723 9174 3724 8913 3725 8915 3726 9177 3727 8908 3727 8907 3727 9179 3728 9178 3728 8919 3728 9177 3729 8907 3729 8909 3729 9178 3723 8915 3723 8919 3723 9180 3730 9177 3730 8909 3730 9180 3731 8909 3731 8911 3731 9179 3732 8919 3732 8921 3732 9181 3733 9180 3733 8911 3733 9175 3734 9181 3734 8911 3734 9175 3734 8911 3734 8913 3734 9182 3735 9179 3735 8929 3735 9179 3736 8921 3736 8929 3736 9183 3737 9182 3737 8930 3737 9182 3738 8929 3738 8930 3738 9184 3739 9183 3739 8931 3739 9183 3740 8930 3741 8931 3742 9185 3654 9184 3654 8932 3654 9184 3743 8931 3743 8932 3743 9186 3744 9185 3744 8933 3744 9185 3745 8932 3745 8933 3745 9187 3746 9186 3746 8928 3746 9186 3747 8933 3747 8928 3747 9188 3748 9187 3748 8927 3748 9189 3749 9188 3749 8927 3749 9187 3750 8928 3750 8927 3750 9190 3751 9189 3751 8926 3751 9189 3749 8927 3749 8926 3749 9190 3752 8926 3752 8925 3752 9190 3578 8925 3578 8924 3578 9191 3578 9190 3578 8924 3578 9191 3753 8924 3753 8923 3753 9192 3754 9191 3754 8923 3754 9192 3755 8923 3755 8922 3755 9193 3755 9192 3755 8922 3755 9193 3756 8922 3756 8920 3756 9194 3757 9193 3757 8920 3757 9195 3758 9194 3758 8920 3758 9195 3759 8920 3759 8917 3759 9195 3760 8917 3760 8914 3760 9196 3761 9195 3761 8914 3761 9196 3674 8914 3674 8912 3674 9173 3762 9196 3762 8912 3762 9197 3763 9198 3763 8868 3763 9197 3764 8868 3765 8865 3766 9199 3767 9200 3767 8871 3767 9197 3768 8865 3768 8860 3768 9201 3769 9197 3769 8860 3769 9202 3722 9201 3722 8860 3722 9203 3770 9199 3770 8879 3770 9199 3767 8871 3767 8879 3767 9202 3727 8860 3727 8856 3727 9204 3771 9203 3771 8880 3771 9202 3772 8856 3772 8861 3772 9203 3773 8879 3773 8880 3773 9205 3774 9202 3774 8861 3774 9205 3775 8861 3775 8866 3775 9204 3776 8880 3776 8888 3776 9206 3775 9205 3775 8866 3775 9200 3777 9206 3778 8866 3779 9200 3780 8866 3781 8871 3782 9207 3735 9204 3735 8889 3735 9204 3736 8888 3736 8889 3736 9208 3783 9207 3783 8890 3783 9207 3784 8889 3784 8890 3784 9209 3785 9208 3785 8891 3785 9208 3786 8890 3786 8891 3786 9210 3699 9209 3699 8892 3699 9209 3787 8891 3787 8892 3787 9211 3788 9210 3788 8893 3788 9210 3789 8892 3789 8893 3789 9212 3790 9211 3790 8894 3790 9211 3791 8893 3791 8894 3791 9213 3748 9212 3748 8898 3748 9214 3749 9213 3749 8898 3749 9212 3750 8894 3750 8898 3750 9215 3751 9214 3751 8900 3751 9214 3749 8898 3749 8900 3749 9215 3752 8900 3752 8902 3752 9215 3578 8902 3578 8904 3578 9216 3578 9215 3578 8904 3578 9216 3753 8904 3753 8905 3753 9217 3754 9216 3754 8905 3754 9217 3755 8905 3755 8906 3755 9218 3755 9217 3755 8906 3755 9218 3756 8906 3756 8878 3756 9219 3757 9218 3757 8878 3757 9220 3792 9219 3792 8878 3792 9220 3793 8878 3793 8876 3793 9220 3794 8876 3794 8872 3794 9221 3795 9220 3795 8872 3795 9221 3709 8872 3709 8868 3709 9198 3796 9221 3796 8868 3796 8973 221 9222 221 8970 221 9222 221 9223 221 8970 221 8983 221 8985 221 9120 221 9223 221 9224 221 8969 221 8955 221 9225 221 8953 221 9225 221 9226 221 8953 221 8982 221 8983 221 9227 221 8983 3800 9120 3800 9227 3800 8970 221 9223 221 8969 221 9224 3804 9228 3804 8967 3804 8982 3801 9227 3801 9229 3801 8969 221 9224 221 8967 221 8982 3802 9229 3802 8980 3802 8980 3803 9229 3803 9230 3803 9228 221 9231 221 8964 221 8980 221 9230 221 8978 221 8967 221 9228 221 8964 221 8953 221 9226 221 8950 221 9230 221 9232 221 8976 221 9233 221 9083 221 8954 221 9083 3805 8952 3805 8954 3805 8978 221 9230 221 8976 221 9231 221 9234 221 8963 221 8964 221 9231 221 8963 221 9232 221 9235 221 8975 221 9236 221 9233 221 8957 221 8976 221 9232 221 8975 221 9233 221 8954 221 8957 221 9235 221 9237 221 8972 221 8963 221 9234 221 8960 221 8975 221 9235 221 8972 221 9236 3806 8957 3806 8958 3806 8960 221 9234 221 8958 221 9234 221 9236 221 8958 221 9237 221 9238 221 8971 221 8972 221 9237 221 8971 221 8971 221 9238 221 8968 221 9238 221 9239 221 8968 221 8950 221 9226 221 8951 221 9226 221 9240 221 8951 221 8968 221 9239 221 8966 221 9239 221 9241 221 8966 221 9240 3808 9242 3808 8986 3808 8951 221 9240 221 8986 221 8966 3807 9241 3807 8965 3807 8986 221 9242 221 8984 221 9242 3810 9243 3810 8984 3810 8965 3809 9241 3809 8962 3809 9241 221 9244 221 8962 221 9243 3811 9245 3811 8981 3811 8962 3812 9244 3812 8961 3812 8984 221 9243 221 8981 221 9245 221 9246 221 8979 221 9244 221 9247 221 8961 221 8981 221 9245 221 8979 221 9246 3814 9248 3814 8977 3814 8961 3813 9247 3813 8959 3813 9247 221 9249 221 8959 221 8979 221 9246 221 8977 221 8959 3815 9249 3815 8956 3815 9249 221 9250 221 8956 221 8977 3797 9248 3797 8974 3797 9248 221 9222 221 8973 221 8956 3798 9250 3798 8955 3798 8974 221 9248 221 8973 221 9250 3799 9225 3799 8955 3799 8994 3816 9251 3816 9252 3816 8994 3817 9252 3817 9253 3817 8997 3818 8994 3818 9254 3818 8994 3819 9253 3819 9254 3819 8997 3820 9254 3820 9255 3820 8997 3821 9255 3821 9256 3821 8997 3822 9256 3822 9257 3822 9258 3823 9251 3823 8994 3823 9259 3824 8994 3824 8993 3824 9259 3825 9258 3825 8994 3825 9260 3826 9259 3826 8993 3826 8997 3827 9257 3827 9261 3827 9001 3828 8997 3828 9262 3828 8997 3829 9261 3829 9262 3829 9001 3830 9262 3830 9263 3830 8990 3831 9001 3831 9264 3831 9001 3832 9263 3832 9264 3832 8989 3833 8990 3833 9265 3833 8990 3834 9264 3834 9265 3834 8992 3835 8989 3835 9266 3835 8989 3836 9265 3836 9266 3836 8991 3837 8992 3837 9267 3837 8992 3838 9266 3838 9267 3838 8987 3839 8991 3839 9268 3839 8991 3840 9267 3840 9268 3840 8987 3841 9268 3841 9269 3841 8988 3842 8987 3842 9270 3842 8987 3843 9269 3843 9270 3843 8988 3844 9270 3844 9271 3844 9000 3845 8988 3845 9272 3845 8988 3846 9271 3846 9272 3846 8999 3847 9000 3847 9273 3847 9000 3848 9272 3848 9273 3848 8998 3849 8999 3849 9274 3849 8999 3850 9273 3850 9274 3850 8995 3851 8998 3851 9275 3851 8998 3852 9274 3852 9275 3852 8996 3853 8995 3853 9276 3853 8995 3854 9275 3854 9276 3854 8993 3855 8996 3855 9277 3855 8996 3856 9276 3856 9277 3856 8993 3857 9277 3857 9260 3857 9011 3858 9013 3858 9278 3858 9013 3859 9279 3859 9278 3859 9009 3860 9011 3860 9280 3860 9011 3861 9278 3861 9280 3861 9007 3862 9009 3862 9281 3862 9009 3863 9280 3863 9281 3863 9008 3864 9007 3864 9282 3864 9007 3865 9281 3865 9282 3865 9010 3866 9008 3866 9283 3866 9008 3867 9282 3867 9283 3867 9012 3868 9010 3868 9284 3868 9010 3869 9283 3869 9284 3869 9012 3870 9284 3870 9285 3870 9012 3871 9285 3871 9014 3871 9014 3872 9285 3872 9286 3872 9015 3873 9014 3873 9287 3873 9014 3874 9286 3874 9287 3874 9016 3875 9015 3875 9288 3875 9015 3876 9287 3876 9288 3876 9016 3877 9288 3877 9289 3877 9003 3878 9016 3878 9290 3878 9016 3879 9289 3879 9290 3879 9002 3880 9003 3880 9291 3880 9003 3881 9290 3881 9291 3881 9002 3882 9291 3882 9292 3882 9004 3883 9002 3883 9293 3883 9002 3884 9292 3884 9293 3884 9004 3885 9293 3885 9294 3885 9295 3886 9013 3886 9006 3886 9295 3887 9279 3887 9013 3887 9296 3888 9295 3888 9006 3888 9297 3889 9296 3889 9006 3889 9005 3890 9004 3890 9298 3890 9004 3891 9294 3891 9298 3891 9005 3892 9298 3892 9299 3892 9005 3893 9299 3893 9300 3893 9005 3894 9300 3894 9301 3894 9005 3895 9301 3895 9302 3895 9006 3896 9005 3896 9303 3896 9005 3897 9302 3897 9303 3897 9006 3898 9303 3898 9304 3898 9006 3899 9304 3899 9305 3899 9006 3900 9305 3900 9297 3900 9306 3901 9050 3902 9307 3903 9308 3904 9306 3904 9307 3904 9050 3905 9066 3905 9307 3905 9017 3906 9018 3906 9309 3906 9045 3907 9017 3907 9309 3907 9018 3908 9310 3908 9309 3908 9030 3909 9031 3909 9053 3909 9310 3910 9311 3910 9312 3910 9311 3911 9313 3911 9312 3911 9314 3912 9308 3912 9315 3912 9065 3913 9064 3913 9315 3913 9066 3914 9065 3914 9315 3914 9308 3915 9307 3915 9315 3915 9307 3916 9066 3916 9315 3916 9313 3917 9314 3917 9315 3917 9045 3918 9309 3918 9316 3918 9261 3919 9257 3919 9316 3919 9043 3920 9045 3920 9316 3920 9041 3921 9043 3921 9316 3921 9310 3922 9312 3922 9317 3922 9309 3923 9310 3923 9317 3923 9312 3924 9313 3924 9318 3924 9315 3925 9064 3925 9318 3925 9313 3926 9315 3926 9318 3926 9257 3927 9256 3927 9319 3927 9039 3928 9041 3928 9319 3928 9316 3929 9257 3929 9319 3929 9041 3930 9316 3930 9319 3930 9316 3931 9309 3931 9320 3931 9262 3932 9261 3932 9320 3932 9263 3933 9262 3933 9320 3933 9261 3934 9316 3934 9320 3934 9309 3935 9317 3935 9320 3935 9268 3936 9267 3936 9070 3936 9048 3937 9047 3938 9321 3939 9063 3940 9062 3940 9322 3940 9047 3941 9049 3942 9321 3943 9064 3944 9063 3944 9322 3944 9318 3945 9064 3945 9322 3945 9323 3946 9037 3946 9324 3946 9319 3947 9256 3947 9324 3947 9255 3948 9254 3948 9324 3948 9321 3949 9049 3950 9050 3951 9256 3952 9255 3952 9324 3952 9325 3953 9323 3953 9324 3953 9254 3954 9325 3954 9324 3954 9037 3955 9039 3955 9324 3955 9039 3956 9319 3956 9324 3956 9264 3957 9263 3957 9326 3957 9321 3958 9050 3958 9327 3958 9265 3959 9264 3959 9326 3959 9327 3960 9050 3960 9306 3960 9269 3961 9268 3961 9071 3961 9322 3962 9062 3962 9328 3962 9268 3963 9070 3963 9071 3963 9067 3964 9068 3964 9328 3964 9062 3965 9067 3965 9328 3965 9270 3966 9269 3966 9329 3966 9271 3967 9270 3967 9329 3967 9269 3968 9071 3968 9329 3968 9069 3969 9070 3969 9330 3969 9068 3970 9069 3970 9330 3970 9266 3971 9265 3971 9330 3971 9329 3972 9071 3972 9331 3972 9267 3973 9266 3973 9330 3973 9328 3974 9068 3974 9330 3974 9070 3975 9267 3975 9330 3975 9331 3976 9071 3976 9072 3976 9318 3977 9332 3977 9333 3977 9053 3978 9051 3978 9334 3978 9312 3979 9318 3979 9333 3979 9028 3980 9030 3980 9334 3980 9317 3981 9312 3981 9333 3981 9332 3982 9326 3982 9335 3982 9333 3983 9332 3983 9335 3983 9320 3984 9317 3984 9335 3984 9030 3985 9053 3985 9334 3985 9263 3986 9320 3986 9335 3986 9317 3987 9333 3987 9335 3987 9326 3988 9263 3988 9335 3988 9332 3989 9318 3989 9336 3989 9318 3990 9322 3990 9336 3990 9322 3991 9328 3991 9336 3991 9265 3992 9326 3992 9337 3992 9326 3993 9332 3993 9337 3993 9026 3994 9028 3994 9338 3994 9328 3995 9330 3995 9337 3995 9025 3996 9026 3996 9338 3996 9330 3997 9265 3997 9337 3997 9332 3998 9336 3998 9337 3998 9336 3999 9328 3999 9337 3999 9028 4000 9334 4000 9338 4000 9023 4001 9025 4001 9311 4001 9025 4002 9338 4002 9311 4002 9051 4003 9052 4003 9314 4003 9339 4004 9308 4004 9314 4004 9052 4005 9339 4005 9314 4005 9036 4006 9037 4006 9323 4006 9338 4007 9334 4007 9314 4007 9334 4008 9051 4008 9314 4008 9021 4009 9023 4009 9310 4009 9018 4010 9021 4010 9310 4010 9023 4011 9311 4011 9310 4011 9338 4012 9314 4012 9313 4012 9311 4013 9338 4013 9313 4013 9340 4014 9341 4014 9342 4014 9341 4015 9343 4015 9342 4015 9034 4016 9036 4016 9323 4016 9277 4017 9276 4017 9344 4017 9260 4018 9277 4018 9344 4018 9038 4019 9042 4019 9345 4019 9035 4020 9038 4020 9345 4020 9042 4021 9346 4021 9345 4021 9340 4022 9342 4022 9347 4022 9346 4023 9340 4023 9347 4023 9275 4024 9274 4024 9348 4024 9276 4025 9275 4025 9348 4025 9080 4026 9079 4026 9348 4026 9081 4027 9080 4027 9348 4027 9274 4028 9081 4028 9348 4028 9029 4029 9032 4029 9251 4029 9061 4030 9040 4030 9349 4030 9060 4031 9061 4031 9349 4031 9040 4032 9035 4032 9349 4032 9035 4033 9345 4033 9349 4033 9345 4034 9346 4034 9350 4034 9346 4035 9347 4035 9350 4035 9350 4036 9347 4036 9351 4036 9352 4037 9353 4037 9354 4037 9054 4038 9355 4039 9055 4040 9353 4041 9059 4041 9354 4041 9059 4042 9060 4042 9354 4042 9060 4043 9349 4043 9354 4043 9349 4044 9345 4044 9354 4044 9345 4045 9350 4045 9354 4045 9078 4046 9077 4046 9356 4046 9079 4047 9078 4047 9356 4047 9348 4048 9079 4048 9356 4048 9055 4049 9355 4050 9057 4051 9355 4052 9357 4052 9058 4052 9074 4053 9073 4053 9358 4053 9357 4054 9359 4054 9058 4054 9075 4055 9074 4055 9358 4055 9352 4056 9354 4056 9358 4056 9350 4057 9351 4057 9358 4057 9057 4058 9355 4059 9058 4060 9351 4061 9075 4061 9358 4061 9354 4062 9350 4062 9358 4062 9076 4063 9075 4063 9360 4063 9077 4064 9076 4064 9360 4064 9075 4065 9351 4065 9360 4065 9356 4066 9077 4066 9360 4066 9073 4067 9058 4067 9361 4067 9359 4068 9352 4069 9361 4069 9352 4070 9358 4070 9361 4070 9358 4071 9073 4071 9361 4071 9058 4072 9359 4072 9361 4072 9260 4073 9344 4073 9362 4073 9344 4074 9363 4074 9362 4074 9343 4075 9260 4075 9362 4075 9323 4076 9325 4076 9364 4076 9325 4077 9254 4077 9364 4077 9342 4078 9343 4078 9362 4078 9253 4079 9252 4079 9364 4079 9347 4080 9342 4080 9365 4080 9254 4081 9253 4081 9364 4081 9363 4082 9351 4082 9365 4082 9033 4083 9034 4083 9364 4083 9351 4084 9347 4084 9365 4084 9034 4085 9323 4085 9364 4085 9362 4086 9363 4086 9365 4086 9342 4087 9362 4087 9365 4087 9252 4088 9251 4088 9366 4088 9348 4089 9356 4089 9367 4089 9033 4090 9364 4090 9366 4090 9363 4091 9344 4091 9367 4091 9032 4092 9033 4092 9366 4092 9271 4093 9329 4093 9272 4093 9251 4094 9032 4094 9366 4094 9344 4095 9276 4095 9367 4095 9364 4096 9252 4096 9366 4096 9276 4097 9348 4097 9367 4097 9251 4098 9258 4098 9368 4098 9351 4099 9363 4099 9369 4099 9360 4100 9351 4100 9369 4100 9367 4101 9356 4101 9369 4101 9356 4102 9360 4102 9369 4102 9363 4103 9367 4103 9369 4103 9027 4104 9029 4104 9368 4104 9029 4105 9251 4105 9368 4105 9027 4106 9368 4106 9341 4106 9024 4107 9027 4107 9341 4107 9022 4108 9024 4108 9341 4108 9020 4109 9022 4109 9340 4109 9273 4110 9272 4110 9082 4110 9019 4111 9020 4111 9340 4111 9272 4112 9329 4112 9082 4112 9329 4113 9331 4113 9082 4113 9022 4114 9341 4114 9340 4114 9258 4115 9259 4115 9343 4115 9331 4116 9072 4116 9082 4116 9259 4117 9260 4117 9343 4117 9368 4118 9258 4118 9343 4118 9341 4119 9368 4119 9343 4119 9044 4120 9040 4120 9061 4120 9274 4121 9273 4121 9081 4121 9042 4122 9019 4122 9346 4122 9273 4123 9082 4123 9081 4123 9019 4124 9340 4124 9346 4124 9306 4125 9308 4125 9046 4125 9308 4126 9339 4126 9046 4126 9046 4127 9339 4127 9052 4127 9046 4128 9327 4128 9306 4128 9046 4129 9321 4129 9327 4129 9046 4130 9048 4130 9321 4130 9056 4131 9352 4131 9359 4131 9056 4132 9353 4132 9352 4132 9059 4133 9353 4133 9056 4133 9355 221 9054 221 9056 221 9357 221 9355 221 9056 221 9359 221 9357 221 9056 221 9370 4134 9096 4134 9371 4134 9372 4135 9373 4135 9371 4135 9373 4136 9374 4136 9371 4136 9096 4137 9091 4137 9371 4138 9375 4139 9376 4139 9377 4139 9376 4140 9378 4140 9377 4140 9378 4141 9379 4141 9377 4141 9375 4142 9377 4142 9380 4142 9377 4143 9379 4143 9380 4143 9379 4144 9381 4144 9380 4144 9382 4145 9375 4145 9380 4145 9378 4146 9105 4146 9383 4146 9105 4147 9106 4147 9383 4147 9227 4148 9120 4148 9121 4148 9379 4149 9378 4149 9383 4149 9106 4150 9384 4150 9383 4150 9380 4151 9381 4151 9385 4151 9382 4152 9380 4152 9385 4152 9381 4153 9386 4153 9385 4153 9279 4154 9387 4154 9385 4154 9386 4155 9278 4155 9385 4155 9387 4156 9382 4156 9385 4156 9278 4157 9279 4157 9385 4157 9384 4158 9388 4158 9389 4158 9379 4159 9383 4159 9389 4159 9383 4160 9384 4160 9389 4160 9381 4161 9379 4161 9389 4161 9388 4162 9390 4162 9391 4162 9390 4163 9281 4163 9391 4163 9381 4164 9389 4164 9391 4164 9386 4165 9381 4165 9391 4165 9280 4166 9386 4166 9391 4166 9389 4167 9388 4167 9391 4167 9281 4168 9280 4168 9391 4168 9293 4169 9392 4169 9393 4169 9394 4170 9294 4170 9393 4170 9395 4171 9394 4171 9393 4171 9392 4172 9396 4172 9393 4172 9294 4173 9293 4173 9393 4173 9397 4174 9395 4174 9398 4174 9395 4175 9393 4175 9398 4175 9393 4176 9396 4176 9398 4176 9396 4177 9399 4177 9398 4177 9392 4178 9291 4178 9400 4178 9396 4179 9392 4179 9400 4179 9401 4180 9402 4180 9403 4180 9289 4181 9401 4181 9403 4181 9402 4182 9400 4182 9403 4182 9290 4183 9289 4183 9403 4183 9291 4184 9290 4184 9403 4184 9400 4185 9291 4185 9403 4185 9404 4186 9397 4186 9405 4186 9370 4187 9404 4187 9405 4187 9398 4188 9399 4188 9405 4188 9397 4189 9398 4189 9405 4189 9399 4190 9370 4190 9405 4190 9396 4191 9400 4191 9406 4191 9400 4192 9402 4192 9406 4192 9402 4193 9407 4193 9406 4193 9399 4194 9396 4194 9406 4194 9406 4195 9407 4195 9408 4195 9095 4196 9370 4196 9408 4196 9407 4197 9094 4197 9408 4197 9094 4198 9095 4198 9408 4198 9370 4199 9399 4199 9408 4199 9399 4200 9406 4200 9408 4200 9116 4201 9115 4202 9409 4203 9115 4204 9117 4205 9409 4206 9409 4207 9117 4208 9104 4209 9409 4210 9104 4210 9410 4210 9410 4211 9104 4211 9411 4211 9249 4212 9247 4212 9297 4212 9250 4213 9249 4213 9297 4213 9250 4214 9297 4214 9305 4214 9243 4215 9242 4215 9300 4215 9245 4216 9243 4216 9300 4216 9242 4217 9301 4217 9300 4217 9283 4218 9112 4218 9113 4218 9284 4219 9283 4219 9113 4219 9284 4220 9113 4220 9102 4220 9285 4221 9284 4221 9102 4221 9285 4222 9102 4222 9101 4222 9286 4223 9285 4223 9101 4223 9083 4224 9233 4224 9084 4224 9286 4225 9101 4225 9100 4225 9287 4226 9286 4226 9100 4226 9089 4227 9412 4228 9088 4229 9088 4230 9412 4231 9090 4232 9090 4233 9412 4234 9091 4235 9412 4236 9413 4236 9091 4236 9413 4237 9372 4237 9091 4237 9121 4238 9118 4238 9414 4238 9229 4239 9227 4239 9414 4239 9227 4240 9121 4240 9414 4240 9230 4241 9229 4241 9415 4241 9232 4242 9230 4242 9415 4242 9229 4243 9414 4243 9415 4243 9235 4244 9232 4244 9416 4244 9237 4245 9235 4245 9416 4245 9232 4246 9415 4246 9416 4246 9118 4247 9119 4247 9417 4247 9414 4248 9118 4248 9417 4248 9418 4249 9419 4249 9417 4249 9119 4250 9418 4250 9417 4250 9415 4251 9414 4251 9417 4251 9238 4252 9237 4252 9420 4252 9239 4253 9238 4253 9420 4253 9237 4254 9416 4254 9420 4254 9415 4255 9417 4255 9376 4255 9416 4256 9415 4256 9376 4256 9419 4257 9411 4257 9421 4257 9411 4258 9104 4258 9421 4258 9104 4259 9103 4259 9421 4259 9417 4260 9419 4260 9421 4260 9241 4261 9239 4261 9422 4261 9239 4262 9420 4262 9422 4262 9416 4263 9376 4263 9375 4263 9420 4264 9416 4264 9375 4264 9376 4265 9417 4265 9378 4265 9421 4266 9103 4266 9378 4266 9103 4267 9105 4267 9378 4267 9417 4268 9421 4268 9378 4268 9244 4269 9241 4269 9423 4269 9247 4270 9244 4270 9423 4270 9297 4271 9247 4271 9423 4271 9241 4272 9422 4272 9423 4272 9296 4273 9297 4273 9423 4273 9422 4274 9420 4274 9382 4274 9420 4275 9375 4275 9382 4275 9422 4276 9382 4276 9387 4276 9296 4277 9423 4277 9387 4277 9423 4278 9422 4278 9387 4278 9279 4279 9295 4279 9387 4279 9295 4280 9296 4280 9387 4280 9106 4281 9107 4281 9384 4281 9107 4282 9108 4282 9384 4282 9225 4283 9250 4283 9424 4283 9226 4284 9225 4284 9424 4284 9250 4285 9305 4285 9424 4285 9303 4286 9226 4286 9424 4286 9304 4287 9303 4288 9424 4289 9305 4290 9304 4290 9424 4290 9240 4291 9226 4291 9425 4291 9242 4292 9240 4292 9425 4292 9301 4293 9242 4293 9425 4293 9226 4294 9303 4294 9425 4294 9302 4295 9301 4295 9425 4295 9303 4296 9302 4296 9425 4296 9280 4297 9278 4297 9386 4297 9384 4298 9108 4298 9388 4298 9108 4299 9109 4299 9388 4299 9109 4300 9110 4300 9388 4300 9112 4301 9283 4301 9390 4301 9388 4302 9110 4302 9390 4302 9110 4303 9111 4303 9390 4303 9111 4304 9112 4304 9390 4304 9282 4305 9281 4305 9390 4305 9283 4306 9282 4306 9390 4306 9300 4307 9299 4307 9426 4307 9245 4308 9300 4308 9426 4308 9246 4309 9245 4309 9426 4309 9248 4310 9246 4310 9426 4310 9222 4311 9248 4311 9427 4311 9223 4312 9222 4312 9427 4312 9248 4313 9426 4313 9427 4313 9298 4314 9294 4314 9394 4314 9299 4315 9298 4315 9394 4315 9426 4316 9299 4316 9394 4316 9427 4317 9426 4317 9394 4317 9223 4318 9427 4318 9428 4318 9224 4319 9223 4319 9428 4319 9428 4320 9427 4320 9395 4320 9427 4321 9394 4321 9395 4321 9228 4322 9224 4322 9429 4322 9231 4323 9228 4323 9429 4323 9224 4324 9428 4324 9429 4324 9292 4325 9291 4325 9392 4325 9293 4326 9292 4326 9392 4326 9428 4327 9395 4327 9397 4327 9429 4328 9428 4328 9397 4328 9234 4329 9231 4329 9430 4329 9236 4330 9234 4330 9430 4330 9231 4331 9429 4331 9430 4331 9100 4332 9099 4332 9401 4332 9099 4333 9098 4333 9401 4333 9287 4334 9100 4334 9401 4334 9288 4335 9287 4335 9401 4335 9289 4336 9288 4336 9401 4336 9429 4337 9397 4337 9404 4337 9430 4338 9429 4338 9404 4338 9233 4339 9236 4339 9431 4339 9236 4340 9430 4340 9431 4340 9085 4341 9084 4341 9431 4341 9084 4342 9233 4342 9431 4342 9401 4343 9098 4343 9402 4343 9098 4344 9097 4344 9402 4344 9097 4345 9093 4345 9402 4345 9430 4346 9404 4346 9374 4346 9087 4347 9085 4347 9374 4347 9373 4348 9432 4348 9374 4348 9432 4349 9087 4349 9374 4349 9085 4350 9431 4350 9374 4350 9431 4351 9430 4351 9374 4351 9374 4352 9404 4352 9370 4352 9095 4353 9096 4353 9370 4353 9402 4354 9093 4354 9407 4354 9093 4355 9092 4355 9407 4355 9092 4356 9094 4356 9407 4356 9091 4357 9372 4357 9371 4357 9374 4358 9370 4358 9371 4358 9086 4359 9412 4359 9089 4359 9086 4360 9413 4360 9412 4360 9086 4361 9372 4361 9413 4361 9086 4362 9373 4362 9372 4362 9086 4363 9432 4363 9373 4363 9087 4364 9432 4364 9086 4364 9411 4365 9419 4365 9114 4365 9419 4366 9418 4366 9114 4366 9114 4367 9418 4367 9119 4367 9410 221 9411 221 9114 221 9409 221 9410 221 9114 221 9116 221 9409 221 9114 221 9126 221 9127 221 9122 221 9127 221 9130 221 9131 221 9122 4368 9127 4368 9131 4368 9123 221 9122 221 9146 221 9122 221 9131 221 9146 221 9131 221 9125 221 9124 221 9146 4369 9131 4369 9124 4369 9146 221 9124 221 9145 221 9144 221 9145 221 9143 221 9145 221 9124 221 9143 221 9124 221 9128 221 9132 221 9128 4370 9129 4370 9132 4370 9142 221 9143 221 9133 221 9124 4371 9132 4371 9133 4371 9143 4372 9124 4372 9133 4372 9142 4373 9133 4373 9141 4373 9141 221 9133 221 9140 221 9133 4374 9134 4374 9135 4374 9140 221 9133 221 9139 221 9133 221 9135 221 9138 221 9139 4375 9133 4375 9138 4375 9135 4376 9136 4376 9137 4376 9138 221 9135 221 9137 221 9151 4377 9152 4377 9147 4377 9152 221 9155 221 9156 221 9147 221 9152 221 9156 221 9148 4378 9147 4378 9171 4378 9147 221 9156 221 9171 221 9156 221 9150 221 9149 221 9171 4379 9156 4379 9149 4379 9171 4380 9149 4380 9170 4380 9169 221 9170 221 9168 221 9170 221 9149 221 9168 221 9149 4381 9153 4381 9157 4381 9153 4382 9154 4382 9157 4382 9167 221 9168 221 9158 221 9149 4383 9157 4383 9158 4383 9168 221 9149 221 9158 221 9167 4373 9158 4373 9166 4373 9166 221 9158 221 9165 221 9158 221 9159 221 9160 221 9165 4384 9158 4384 9164 4384 9158 221 9160 221 9163 221 9164 4385 9158 4385 9163 4385 9160 221 9161 221 9162 221 9163 221 9160 221 9162 221 9176 221 9177 221 9172 221 9177 221 9180 221 9181 221 9172 4386 9177 4386 9181 4386 9173 221 9172 221 9196 221 9172 221 9181 221 9196 221 9181 221 9175 221 9174 221 9196 4387 9181 4387 9174 4387 9196 221 9174 221 9195 221 9194 221 9195 221 9193 221 9195 221 9174 221 9193 221 9174 221 9178 221 9182 221 9178 4388 9179 4388 9182 4388 9192 221 9193 221 9183 221 9174 4389 9182 4389 9183 4389 9193 4390 9174 4390 9183 4390 9192 4391 9183 4391 9191 4391 9191 221 9183 221 9190 221 9183 4392 9184 4392 9185 4392 9190 221 9183 221 9189 221 9183 221 9185 221 9188 221 9189 4393 9183 4393 9188 4393 9185 4394 9186 4394 9187 4394 9188 221 9185 221 9187 221 9201 4395 9202 4395 9197 4395 9202 221 9205 221 9206 221 9197 221 9202 221 9206 221 9198 4396 9197 4396 9221 4396 9197 221 9206 221 9221 221 9206 221 9200 221 9199 221 9221 4397 9206 4397 9199 4397 9221 4398 9199 4398 9220 4398 9219 221 9220 221 9218 221 9220 221 9199 221 9218 221 9199 4399 9203 4399 9207 4399 9203 4400 9204 4400 9207 4400 9217 221 9218 221 9208 221 9199 4401 9207 4401 9208 4401 9218 221 9199 221 9208 221 9217 4402 9208 4402 9216 4402 9216 221 9208 221 9215 221 9208 221 9209 221 9210 221 9215 4403 9208 4403 9214 4403 9208 221 9210 221 9213 221 9214 4404 9208 4404 9213 4404 9210 221 9211 221 9212 221 9213 221 9210 221 9212 221 9433 4421 9434 4421 9435 4421 9436 4422 9433 4422 9435 4422 9436 4423 9435 4423 9437 4423 9438 4424 9436 4424 9437 4424 9438 4425 9437 4425 9439 4425 9440 4425 9438 4425 9439 4425 9440 4426 9439 4426 9441 4426 9442 4427 9440 4427 9441 4427 9443 4428 9442 4428 9441 4428 9443 4429 9441 4429 9444 4429 9443 4430 9444 4430 9445 4430 9446 4431 9443 4431 9445 4431 9447 4432 9446 4432 9445 4432 9447 4432 9445 4432 9448 4432 9449 4433 9447 4433 9448 4433 9449 4434 9448 4434 9450 4434 9449 4435 9450 4435 9451 4435 9452 4436 9449 4436 9451 4436 9453 4437 9452 4437 9451 4437 9453 4437 9451 4437 9454 4437 9455 4438 9453 4438 9456 4438 9453 4439 9454 4439 9456 4439 9457 4440 9455 4440 9458 4440 9455 4441 9456 4441 9458 4441 9459 4442 9457 4442 9460 4442 9457 4443 9458 4443 9460 4443 9461 4444 9459 4444 9462 4444 9459 4445 9460 4445 9462 4445 9461 4446 9462 4446 9463 4446 9464 4446 9461 4446 9463 4446 9464 4447 9463 4447 9465 4447 9466 4448 9464 4448 9465 4448 9466 4449 9465 4449 9467 4449 9468 4450 9466 4450 9467 4450 9468 1107 9467 1107 9469 1107 9470 1107 9468 1107 9469 1107 9470 4451 9469 4451 9471 4451 9472 4452 9470 4452 9471 4452 9472 4453 9471 4453 9473 4453 9474 4454 9472 4454 9473 4454 9474 4455 9473 4455 9475 4455 9476 4455 9474 4455 9475 4455 9476 4456 9475 4456 9477 4456 9478 4457 9476 4457 9477 4457 9478 4458 9477 4458 9479 4458 9480 4459 9478 4459 9479 4459 9481 4460 9480 4460 9479 4460 9481 4461 9479 4461 9482 4461 9481 4462 9482 4462 9483 4462 9484 4463 9481 4463 9483 4463 9485 4464 9484 4464 9483 4464 9485 4464 9483 4464 9486 4464 9485 4465 9486 4465 9487 4465 9488 4466 9485 4466 9487 4466 9489 4467 9488 4467 9487 4467 9489 4468 9487 4468 9490 4468 9491 4469 9489 4469 9492 4469 9493 4470 9491 4470 9492 4470 9489 4469 9490 4469 9492 4469 9493 4471 9492 4471 9494 4471 9495 4472 9493 4472 9496 4472 9497 4473 9495 4473 9496 4473 9493 4474 9494 4474 9496 4474 9497 4475 9496 4475 9498 4475 9499 4476 9497 4476 9500 4476 9497 4476 9498 4476 9500 4476 9501 4477 9499 4477 9502 4477 9503 4478 9501 4478 9502 4478 9499 4479 9500 4479 9502 4479 9503 4480 9502 4480 9504 4480 9505 4481 9503 4481 9506 4481 9507 4482 9505 4482 9506 4482 9503 4483 9504 4483 9506 4483 9507 4484 9506 4484 9508 4484 9509 4485 9507 4485 9510 4485 9511 4486 9509 4486 9510 4486 9507 4485 9508 4485 9510 4485 9511 4487 9510 4487 9512 4487 9511 4488 9512 4488 9513 4488 9514 4489 9511 4489 9513 4489 9515 4490 9514 4490 9513 4490 9515 4491 9513 4491 9516 4491 9515 4492 9516 4492 9517 4492 9518 4492 9515 4492 9517 4492 9519 4493 9518 4493 9517 4493 9519 4494 9517 4494 9520 4494 9521 4495 9519 4495 9522 4495 9523 4496 9521 4496 9522 4496 9519 4497 9520 4497 9522 4497 9523 4496 9522 4496 9524 4496 9525 4498 9523 4498 9526 4498 9523 4499 9524 4499 9526 4499 9527 4500 9525 4500 9528 4500 9529 4501 9527 4501 9528 4501 9525 4502 9526 4502 9528 4502 9529 4503 9528 4503 9530 4503 9531 4504 9529 4504 9532 4504 9529 4505 9530 4505 9532 4505 9533 4506 9531 4506 9534 4506 9531 4506 9532 4506 9534 4506 9535 4507 9533 4507 9536 4507 9537 4508 9535 4508 9536 4508 9533 4509 9534 4509 9536 4509 9537 4510 9536 4510 9538 4510 9539 3020 9537 3020 9540 3020 9537 3020 9538 3020 9540 3020 9541 4511 9539 4511 9542 4511 9539 4512 9540 4512 9542 4512 9543 4513 9541 4513 9544 4513 9545 4514 9543 4514 9544 4514 9541 4515 9542 4515 9544 4515 9545 4514 9544 4514 9546 4514 9547 4516 9545 4516 9548 4516 9545 4517 9546 4517 9548 4517 9549 4518 9547 4518 9550 4518 9547 4519 9548 4519 9550 4519 9551 4520 9549 4520 9552 4520 9553 4521 9551 4521 9552 4521 9549 4522 9550 4522 9552 4522 9553 4523 9552 4523 9554 4523 9555 4524 9553 4524 9556 4524 9553 4524 9554 4524 9556 4524 9557 4525 9555 4525 9558 4525 9555 4526 9556 4526 9558 4526 9559 4527 9557 4527 9560 4527 9561 4528 9559 4528 9560 4528 9557 4529 9558 4529 9560 4529 9561 4528 9560 4528 9562 4528 9563 4530 9561 4530 9564 4530 9561 4531 9562 4531 9564 4531 9563 4532 9564 4532 9565 4532 9566 4533 9563 4533 9565 4533 9566 4534 9565 4534 9567 4534 9568 4535 9566 4535 9567 4535 9568 4536 9567 4536 9569 4536 9570 4536 9568 4536 9569 4536 9570 4537 9569 4537 9571 4537 9572 4538 9570 4538 9571 4538 9572 4539 9571 4539 9434 4539 9433 4540 9572 4540 9434 4540 9573 4541 9574 4541 9575 4541 9576 4542 9573 4542 9575 4542 9577 4543 9576 4543 9575 4543 9577 4544 9575 4544 9578 4544 9579 4545 9577 4545 9578 4545 9579 4546 9578 4546 9580 4546 9581 4547 9579 4547 9580 4547 9581 4548 9580 4548 9582 4548 9583 4549 9581 4549 9582 4549 9583 4549 9582 4549 9584 4549 9583 4550 9584 4550 9585 4550 9586 4551 9583 4551 9585 4551 9586 4552 9585 4552 9587 4552 9588 4553 9586 4553 9587 4553 9589 4554 9588 4554 9587 4554 9589 4555 9587 4555 9590 4555 9591 3014 9589 3014 9590 3014 9591 3014 9590 3014 9592 3014 9593 4556 9591 4556 9592 4556 9593 4557 9592 4557 9594 4557 9595 4558 9593 4558 9594 4558 9595 4559 9594 4559 9596 4559 9597 4560 9595 4560 9596 4560 9597 4561 9596 4561 9598 4561 9599 3020 9597 3020 9598 3020 9599 3020 9598 3020 9600 3020 9599 4562 9600 4562 9601 4562 9602 4563 9599 4563 9601 4563 9603 4564 9602 4564 9601 4564 9603 3024 9601 3024 9604 3024 9605 4565 9604 4565 9606 4565 9605 3026 9603 3026 9604 3026 9607 4566 9606 4566 9608 4566 9607 4566 9605 4566 9606 4566 9609 4567 9608 4567 9610 4567 9609 4568 9607 4568 9608 4568 9611 4569 9610 4569 9612 4569 9611 4570 9612 4570 9613 4570 9611 4571 9609 4571 9610 4571 9614 4572 9611 4572 9613 4572 9615 4573 9613 4573 9616 4573 9615 4573 9614 4573 9613 4573 9617 4574 9616 4574 9618 4574 9617 4575 9615 4575 9616 4575 9619 4576 9618 4576 9620 4576 9619 4577 9617 4577 9618 4577 9621 4578 9620 4578 9622 4578 9621 4579 9619 4579 9620 4579 9623 4580 9621 4580 9622 4580 9623 4581 9622 4581 9624 4581 9625 4582 9623 4582 9624 4582 9625 4583 9624 4583 9626 4583 9627 4584 9625 4584 9626 4584 9627 4585 9626 4585 9628 4585 9629 4586 9627 4586 9628 4586 9629 4587 9628 4587 9630 4587 9631 4588 9629 4588 9630 4588 9631 4589 9630 4589 9632 4589 9633 4590 9631 4590 9632 4590 9633 4590 9632 4590 9634 4590 9635 4591 9633 4591 9634 4591 9635 4592 9634 4592 9636 4592 9637 4593 9635 4593 9636 4593 9637 4594 9636 4594 9638 4594 9639 4595 9637 4595 9638 4595 9639 4596 9638 4596 9640 4596 9641 4597 9639 4597 9640 4597 9641 4597 9640 4597 9642 4597 9643 4598 9641 4598 9642 4598 9643 3064 9642 3064 9644 3064 9643 3065 9644 3065 9645 3065 9646 4599 9643 4599 9645 4599 9647 4600 9646 4600 9645 4600 9647 4601 9645 4601 9648 4601 9649 1107 9647 1107 9648 1107 9649 1107 9648 1107 9650 1107 9651 4602 9649 4602 9650 4602 9651 4603 9650 4603 9652 4603 9653 4604 9651 4604 9652 4604 9653 4605 9652 4605 9654 4605 9655 4606 9653 4606 9654 4606 9655 4607 9654 4607 9656 4607 9657 3074 9655 3074 9656 3074 9657 3074 9656 3074 9658 3074 9659 4608 9657 4608 9658 4608 9659 4609 9658 4609 9660 4609 9661 4610 9659 4610 9660 4610 9661 4611 9660 4611 9662 4611 9661 3080 9662 3080 9663 3080 9664 4612 9661 4612 9663 4612 9664 4613 9663 4613 9665 4613 9666 4613 9664 4613 9665 4613 9666 4614 9665 4614 9667 4614 9668 4615 9666 4615 9667 4615 9669 4616 9670 4616 9671 4616 9669 4617 9667 4617 9670 4617 9669 4618 9668 4618 9667 4618 9672 4619 9671 4619 9574 4619 9672 4620 9669 4620 9671 4620 9573 4621 9672 4621 9574 4621 9661 4622 9558 4622 9556 4622 9659 220 9661 220 9556 220 9659 4623 9556 4623 9554 4623 9664 220 9558 220 9661 220 9664 4624 9560 4624 9558 4624 9664 4625 9562 4625 9560 4625 9657 220 9552 220 9550 220 9657 4626 9554 4626 9552 4626 9657 220 9659 220 9554 220 9666 220 9562 220 9664 220 9666 4627 9564 4627 9562 4627 9655 220 9657 220 9550 220 9655 4628 9550 4628 9548 4628 9668 220 9564 220 9666 220 9668 220 9565 220 9564 220 9668 4629 9567 4629 9565 4629 9653 220 9655 220 9548 220 9653 4630 9546 4630 9544 4630 9653 4631 9548 4631 9546 4631 9669 4632 9567 4632 9668 4632 9669 220 9569 220 9567 220 9651 220 9653 220 9544 220 9651 4633 9544 4633 9542 4633 9672 4634 9571 4634 9569 4634 9672 4635 9569 4635 9669 4635 9649 4636 9542 4636 9540 4636 9649 4637 9651 4637 9542 4637 9573 220 9435 220 9434 220 9573 220 9434 220 9571 220 9573 220 9571 220 9672 220 9647 220 9649 220 9540 220 9647 4638 9538 4638 9536 4638 9647 220 9540 220 9538 220 9576 4634 9437 4634 9435 4634 9576 220 9435 220 9573 220 9646 4639 9647 4639 9536 4639 9646 4640 9536 4640 9534 4640 9577 220 9439 220 9437 220 9577 4635 9437 4635 9576 4635 9643 4641 9532 4641 9530 4641 9643 4642 9534 4642 9532 4642 9643 220 9646 220 9534 220 9579 4629 9441 4629 9439 4629 9579 220 9444 220 9441 220 9579 220 9439 220 9577 220 9641 4643 9530 4643 9528 4643 9641 220 9643 220 9530 220 9581 4627 9445 4627 9444 4627 9581 220 9444 220 9579 220 9639 220 9641 220 9528 220 9639 220 9528 220 9526 220 9583 4625 9448 4625 9445 4625 9583 220 9445 220 9581 220 9450 220 9448 220 9583 220 9637 4644 9639 4644 9526 4644 9637 4645 9526 4645 9524 4645 9522 4646 9637 4646 9524 4646 9586 220 9450 220 9583 220 9635 220 9637 220 9522 220 9451 220 9450 220 9586 220 9588 220 9451 220 9586 220 9520 220 9635 220 9522 220 9633 220 9635 220 9520 220 9454 4647 9451 4647 9588 4647 9589 220 9454 220 9588 220 9517 220 9633 220 9520 220 9456 220 9454 220 9589 220 9516 4648 9633 4648 9517 4648 9516 220 9631 220 9633 220 9458 220 9456 220 9589 220 9458 4649 9589 4649 9591 4649 9513 4650 9631 4650 9516 4650 9513 220 9629 220 9631 220 9460 4651 9458 4651 9591 4651 9460 4652 9591 4652 9593 4652 9512 220 9629 220 9513 220 9512 4653 9627 4653 9629 4653 9462 4654 9460 4654 9593 4654 9510 4655 9627 4655 9512 4655 9463 4656 9462 4656 9593 4656 9463 220 9593 220 9595 220 9508 220 9627 220 9510 220 9508 4657 9625 4657 9627 4657 9465 4658 9595 4658 9597 4658 9465 4659 9463 4659 9595 4659 9506 4660 9625 4660 9508 4660 9506 220 9623 220 9625 220 9467 220 9465 220 9597 220 9467 220 9597 220 9599 220 9504 220 9623 220 9506 220 9469 220 9467 220 9599 220 9502 220 9623 220 9504 220 9502 220 9621 220 9623 220 9471 4661 9599 4661 9602 4661 9471 220 9469 220 9599 220 9500 4660 9621 4660 9502 4660 9500 4657 9619 4657 9621 4657 9473 4662 9471 4662 9602 4662 9473 220 9602 220 9603 220 9498 4663 9619 4663 9500 4663 9498 4664 9617 4664 9619 4664 9475 4665 9473 4665 9603 4665 9496 4666 9617 4666 9498 4666 9477 4667 9475 4667 9603 4667 9477 4668 9603 4668 9605 4668 9494 220 9617 220 9496 220 9494 220 9615 220 9617 220 9479 220 9477 220 9605 220 9479 4669 9605 4669 9607 4669 9492 4650 9615 4650 9494 4650 9492 220 9614 220 9615 220 9482 220 9479 220 9607 220 9482 4670 9607 4670 9609 4670 9490 4671 9614 4671 9492 4671 9483 4672 9482 4672 9609 4672 9487 220 9614 220 9490 220 9487 4673 9611 4673 9614 4673 9486 4646 9483 4646 9609 4646 9486 220 9611 220 9487 220 9486 4674 9609 4674 9611 4674 9555 221 9557 221 9662 221 9555 4675 9662 4675 9660 4675 9553 221 9555 221 9660 221 9662 4676 9557 4676 9663 4676 9557 4677 9559 4677 9663 4677 9559 221 9561 221 9663 221 9549 221 9551 221 9658 221 9551 221 9553 221 9658 221 9553 4678 9660 4678 9658 4678 9663 221 9561 221 9665 221 9561 4679 9563 4679 9665 4679 9549 4680 9658 4680 9656 4680 9547 221 9549 221 9656 221 9665 221 9563 221 9667 221 9563 221 9566 221 9667 221 9566 4681 9568 4681 9667 4681 9547 4682 9656 4682 9654 4682 9543 4683 9545 4683 9654 4683 9545 4684 9547 4684 9654 4684 9667 221 9568 221 9670 221 9568 4685 9570 4685 9670 4685 9543 4686 9654 4686 9652 4686 9541 221 9543 221 9652 221 9570 4687 9572 4687 9671 4687 9670 221 9570 221 9671 221 9539 4688 9541 4688 9650 4688 9541 4689 9652 4689 9650 4689 9433 221 9436 221 9574 221 9572 221 9433 221 9574 221 9671 4690 9572 4690 9574 4690 9539 221 9650 221 9648 221 9535 4691 9537 4691 9648 4691 9537 221 9539 221 9648 221 9436 221 9438 221 9575 221 9574 4692 9436 4692 9575 4692 9535 4693 9648 4693 9645 4693 9533 221 9535 221 9645 221 9438 221 9440 221 9578 221 9575 4694 9438 4694 9578 4694 9529 221 9531 221 9644 221 9531 4695 9533 4695 9644 4695 9533 4696 9645 4696 9644 4696 9440 221 9442 221 9580 221 9442 221 9443 221 9580 221 9578 4697 9440 4697 9580 4697 9527 221 9529 221 9642 221 9529 4698 9644 4698 9642 4698 9443 221 9446 221 9582 221 9580 221 9443 221 9582 221 9527 4699 9642 4699 9640 4699 9525 4700 9527 4700 9640 4700 9446 221 9447 221 9584 221 9582 4701 9446 4701 9584 4701 9584 4702 9447 4702 9449 4702 9525 4703 9640 4703 9638 4703 9523 221 9525 221 9638 221 9523 221 9638 221 9521 221 9584 4676 9449 4676 9585 4676 9521 4704 9638 4704 9636 4704 9585 4705 9449 4705 9452 4705 9585 221 9452 221 9587 221 9521 221 9636 221 9519 221 9519 4706 9636 4706 9634 4706 9587 4707 9452 4707 9453 4707 9587 4708 9453 4708 9590 4708 9519 4709 9634 4709 9518 4709 9590 221 9453 221 9455 221 9518 221 9634 221 9515 221 9634 221 9632 221 9515 221 9590 4710 9455 4710 9457 4710 9592 4711 9590 4711 9457 4711 9515 4712 9632 4712 9514 4712 9632 221 9630 221 9514 221 9592 4713 9457 4713 9459 4713 9594 221 9592 221 9459 221 9514 221 9630 221 9511 221 9630 221 9628 221 9511 221 9594 4714 9459 4714 9461 4714 9511 221 9628 221 9509 221 9594 4715 9461 4715 9464 4715 9596 221 9594 221 9464 221 9509 4716 9628 4716 9507 4716 9628 221 9626 221 9507 221 9598 221 9596 221 9466 221 9596 4717 9464 4717 9466 4717 9507 4718 9626 4718 9505 4718 9626 4719 9624 4719 9505 4719 9598 4720 9466 4720 9468 4720 9600 221 9598 221 9468 221 9505 221 9624 221 9503 221 9600 221 9468 221 9470 221 9503 221 9624 221 9501 221 9624 4721 9622 4721 9501 4721 9601 221 9600 221 9472 221 9600 4722 9470 4722 9472 4722 9501 221 9622 221 9499 221 9622 4723 9620 4723 9499 4723 9601 4724 9472 4724 9474 4724 9604 221 9601 221 9474 221 9499 221 9620 221 9497 221 9620 4725 9618 4725 9497 4725 9604 4726 9474 4726 9476 4726 9497 221 9618 221 9495 221 9604 4727 9476 4727 9478 4727 9606 221 9604 221 9478 221 9495 221 9618 221 9493 221 9618 221 9616 221 9493 221 9606 4728 9478 4728 9480 4728 9608 4729 9606 4729 9480 4729 9493 221 9616 221 9491 221 9616 4730 9613 4730 9491 4730 9608 4731 9480 4731 9481 4731 9610 4732 9608 4732 9481 4732 9491 221 9613 221 9489 221 9610 221 9481 221 9484 221 9489 221 9613 221 9488 221 9613 4733 9612 4733 9488 4733 9610 4734 9484 4734 9485 4734 9488 221 9612 221 9485 221 9612 221 9610 221 9485 221 9673 4421 9674 4421 9675 4421 9676 4422 9673 4422 9675 4422 9676 4423 9675 4423 9677 4423 9678 4424 9676 4424 9677 4424 9678 4425 9677 4425 9679 4425 9680 4425 9678 4425 9679 4425 9680 4426 9679 4426 9681 4426 9682 4427 9680 4427 9681 4427 9683 4428 9682 4428 9681 4428 9683 4429 9681 4429 9684 4429 9683 4430 9684 4430 9685 4430 9686 4431 9683 4431 9685 4431 9687 4432 9686 4432 9685 4432 9687 4432 9685 4432 9688 4432 9689 4433 9687 4433 9688 4433 9689 4434 9688 4434 9690 4434 9689 4435 9690 4435 9691 4435 9692 4436 9689 4436 9691 4436 9693 4437 9692 4437 9691 4437 9693 4437 9691 4437 9694 4437 9695 4438 9693 4438 9696 4438 9693 4439 9694 4439 9696 4439 9697 4440 9695 4440 9698 4440 9695 4441 9696 4441 9698 4441 9699 4442 9697 4442 9700 4442 9697 4443 9698 4443 9700 4443 9701 4444 9699 4444 9702 4444 9699 4445 9700 4445 9702 4445 9701 4446 9702 4446 9703 4446 9704 4446 9701 4446 9703 4446 9704 4447 9703 4447 9705 4447 9706 4448 9704 4448 9705 4448 9706 4449 9705 4449 9707 4449 9708 4450 9706 4450 9707 4450 9708 1107 9707 1107 9709 1107 9710 1107 9708 1107 9709 1107 9710 4451 9709 4451 9711 4451 9712 4452 9710 4452 9711 4452 9712 4453 9711 4453 9713 4453 9714 4454 9712 4454 9713 4454 9714 4455 9713 4455 9715 4455 9716 4455 9714 4455 9715 4455 9716 4456 9715 4456 9717 4456 9718 4457 9716 4457 9717 4457 9718 4458 9717 4458 9719 4458 9720 4459 9718 4459 9719 4459 9721 4460 9720 4460 9719 4460 9721 4461 9719 4461 9722 4461 9721 4462 9722 4462 9723 4462 9724 4463 9721 4463 9723 4463 9725 4464 9724 4464 9723 4464 9725 4464 9723 4464 9726 4464 9725 4465 9726 4465 9727 4465 9728 4466 9725 4466 9727 4466 9729 4467 9728 4467 9727 4467 9729 4468 9727 4468 9730 4468 9731 4469 9729 4469 9732 4469 9733 4470 9731 4470 9732 4470 9729 4469 9730 4469 9732 4469 9733 4471 9732 4471 9734 4471 9735 4472 9733 4472 9736 4472 9737 4473 9735 4473 9736 4473 9733 4474 9734 4474 9736 4474 9737 4475 9736 4475 9738 4475 9739 4476 9737 4476 9740 4476 9737 4476 9738 4476 9740 4476 9741 4477 9739 4477 9742 4477 9743 4478 9741 4478 9742 4478 9739 4479 9740 4479 9742 4479 9743 4480 9742 4480 9744 4480 9745 4481 9743 4481 9746 4481 9747 4482 9745 4482 9746 4482 9743 4483 9744 4483 9746 4483 9747 4484 9746 4484 9748 4484 9749 4485 9747 4485 9750 4485 9751 4486 9749 4486 9750 4486 9747 4485 9748 4485 9750 4485 9751 4487 9750 4487 9752 4487 9751 4488 9752 4488 9753 4488 9754 4489 9751 4489 9753 4489 9755 4490 9754 4490 9753 4490 9755 4491 9753 4491 9756 4491 9755 4492 9756 4492 9757 4492 9758 4492 9755 4492 9757 4492 9759 4493 9758 4493 9757 4493 9759 4494 9757 4494 9760 4494 9761 4495 9759 4495 9762 4495 9763 4496 9761 4496 9762 4496 9759 4497 9760 4497 9762 4497 9763 4496 9762 4496 9764 4496 9765 4498 9763 4498 9766 4498 9763 4499 9764 4499 9766 4499 9767 4500 9765 4500 9768 4500 9769 4501 9767 4501 9768 4501 9765 4502 9766 4502 9768 4502 9769 4503 9768 4503 9770 4503 9771 4504 9769 4504 9772 4504 9769 4505 9770 4505 9772 4505 9773 4506 9771 4506 9774 4506 9771 4506 9772 4506 9774 4506 9775 4507 9773 4507 9776 4507 9777 4508 9775 4508 9776 4508 9773 4509 9774 4509 9776 4509 9777 4510 9776 4510 9778 4510 9779 3020 9777 3020 9780 3020 9777 3020 9778 3020 9780 3020 9781 4511 9779 4511 9782 4511 9779 4512 9780 4512 9782 4512 9783 4513 9781 4513 9784 4513 9785 4514 9783 4514 9784 4514 9781 4515 9782 4515 9784 4515 9785 4514 9784 4514 9786 4514 9787 4516 9785 4516 9788 4516 9785 4517 9786 4517 9788 4517 9789 4518 9787 4518 9790 4518 9787 4519 9788 4519 9790 4519 9791 4520 9789 4520 9792 4520 9793 4521 9791 4521 9792 4521 9789 4522 9790 4522 9792 4522 9793 4523 9792 4523 9794 4523 9795 4524 9793 4524 9796 4524 9793 4524 9794 4524 9796 4524 9797 4525 9795 4525 9798 4525 9795 4526 9796 4526 9798 4526 9799 4527 9797 4527 9800 4527 9801 4528 9799 4528 9800 4528 9797 4529 9798 4529 9800 4529 9801 4528 9800 4528 9802 4528 9803 4530 9801 4530 9804 4530 9801 4531 9802 4531 9804 4531 9803 4532 9804 4532 9805 4532 9806 4533 9803 4533 9805 4533 9806 4534 9805 4534 9807 4534 9808 4535 9806 4535 9807 4535 9808 4536 9807 4536 9809 4536 9810 4536 9808 4536 9809 4536 9810 4537 9809 4537 9811 4537 9812 4538 9810 4538 9811 4538 9812 4539 9811 4539 9674 4539 9673 4540 9812 4540 9674 4540 9813 4541 9814 4541 9815 4541 9816 4542 9813 4542 9815 4542 9817 4543 9816 4543 9815 4543 9817 4544 9815 4544 9818 4544 9819 4545 9817 4545 9818 4545 9819 4546 9818 4546 9820 4546 9821 4547 9819 4547 9820 4547 9821 4548 9820 4548 9822 4548 9823 4549 9821 4549 9822 4549 9823 4549 9822 4549 9824 4549 9823 4550 9824 4550 9825 4550 9826 4551 9823 4551 9825 4551 9826 4552 9825 4552 9827 4552 9828 4553 9826 4553 9827 4553 9829 4554 9828 4554 9827 4554 9829 4555 9827 4555 9830 4555 9831 3014 9829 3014 9830 3014 9831 3014 9830 3014 9832 3014 9833 4556 9831 4556 9832 4556 9833 4557 9832 4557 9834 4557 9835 4558 9833 4558 9834 4558 9835 4559 9834 4559 9836 4559 9837 4560 9835 4560 9836 4560 9837 4561 9836 4561 9838 4561 9839 3020 9837 3020 9838 3020 9839 3020 9838 3020 9840 3020 9839 4562 9840 4562 9841 4562 9842 4563 9839 4563 9841 4563 9843 4564 9842 4564 9841 4564 9843 3024 9841 3024 9844 3024 9845 4565 9844 4565 9846 4565 9845 3026 9843 3026 9844 3026 9847 4566 9846 4566 9848 4566 9847 4566 9845 4566 9846 4566 9849 4567 9848 4567 9850 4567 9849 4568 9847 4568 9848 4568 9851 4569 9850 4569 9852 4569 9851 4570 9852 4570 9853 4570 9851 4571 9849 4571 9850 4571 9854 4572 9851 4572 9853 4572 9855 4573 9853 4573 9856 4573 9855 4573 9854 4573 9853 4573 9857 4574 9856 4574 9858 4574 9857 4575 9855 4575 9856 4575 9859 4576 9858 4576 9860 4576 9859 4577 9857 4577 9858 4577 9861 4578 9860 4578 9862 4578 9861 4579 9859 4579 9860 4579 9863 4580 9861 4580 9862 4580 9863 4581 9862 4581 9864 4581 9865 4582 9863 4582 9864 4582 9865 4583 9864 4583 9866 4583 9867 4584 9865 4584 9866 4584 9867 4585 9866 4585 9868 4585 9869 4586 9867 4586 9868 4586 9869 4587 9868 4587 9870 4587 9871 4588 9869 4588 9870 4588 9871 4589 9870 4589 9872 4589 9873 4590 9871 4590 9872 4590 9873 4590 9872 4590 9874 4590 9875 4591 9873 4591 9874 4591 9875 4592 9874 4592 9876 4592 9877 4593 9875 4593 9876 4593 9877 4594 9876 4594 9878 4594 9879 4595 9877 4595 9878 4595 9879 4596 9878 4596 9880 4596 9881 4597 9879 4597 9880 4597 9881 4597 9880 4597 9882 4597 9883 4598 9881 4598 9882 4598 9883 3064 9882 3064 9884 3064 9883 3065 9884 3065 9885 3065 9886 4599 9883 4599 9885 4599 9887 4600 9886 4600 9885 4600 9887 4601 9885 4601 9888 4601 9889 1107 9887 1107 9888 1107 9889 1107 9888 1107 9890 1107 9891 4602 9889 4602 9890 4602 9891 4603 9890 4603 9892 4603 9893 4604 9891 4604 9892 4604 9893 4605 9892 4605 9894 4605 9895 4606 9893 4606 9894 4606 9895 4607 9894 4607 9896 4607 9897 3074 9895 3074 9896 3074 9897 3074 9896 3074 9898 3074 9899 4608 9897 4608 9898 4608 9899 4609 9898 4609 9900 4609 9901 4610 9899 4610 9900 4610 9901 4611 9900 4611 9902 4611 9901 3080 9902 3080 9903 3080 9904 4612 9901 4612 9903 4612 9904 4613 9903 4613 9905 4613 9906 4613 9904 4613 9905 4613 9906 4614 9905 4614 9907 4614 9908 4615 9906 4615 9907 4615 9909 4616 9910 4616 9911 4616 9909 4617 9907 4617 9910 4617 9909 4618 9908 4618 9907 4618 9912 4619 9911 4619 9814 4619 9912 4620 9909 4620 9911 4620 9813 4621 9912 4621 9814 4621 9901 4622 9798 4622 9796 4622 9899 220 9901 220 9796 220 9899 4623 9796 4623 9794 4623 9904 220 9798 220 9901 220 9904 4624 9800 4624 9798 4624 9904 4625 9802 4625 9800 4625 9897 220 9792 220 9790 220 9897 4626 9794 4626 9792 4626 9897 220 9899 220 9794 220 9906 220 9802 220 9904 220 9906 4627 9804 4627 9802 4627 9895 220 9897 220 9790 220 9895 4628 9790 4628 9788 4628 9908 220 9804 220 9906 220 9908 220 9805 220 9804 220 9908 4629 9807 4629 9805 4629 9893 220 9895 220 9788 220 9893 4630 9786 4630 9784 4630 9893 4631 9788 4631 9786 4631 9909 4632 9807 4632 9908 4632 9909 220 9809 220 9807 220 9891 220 9893 220 9784 220 9891 4633 9784 4633 9782 4633 9912 4634 9811 4634 9809 4634 9912 4635 9809 4635 9909 4635 9889 4636 9782 4636 9780 4636 9889 4637 9891 4637 9782 4637 9813 220 9675 220 9674 220 9813 220 9674 220 9811 220 9813 220 9811 220 9912 220 9887 220 9889 220 9780 220 9887 4638 9778 4638 9776 4638 9887 220 9780 220 9778 220 9816 4634 9677 4634 9675 4634 9816 220 9675 220 9813 220 9886 4639 9887 4639 9776 4639 9886 4640 9776 4640 9774 4640 9817 220 9679 220 9677 220 9817 4635 9677 4635 9816 4635 9883 4641 9772 4641 9770 4641 9883 4642 9774 4642 9772 4642 9883 220 9886 220 9774 220 9819 4629 9681 4629 9679 4629 9819 220 9684 220 9681 220 9819 220 9679 220 9817 220 9881 4643 9770 4643 9768 4643 9881 220 9883 220 9770 220 9821 4627 9685 4627 9684 4627 9821 220 9684 220 9819 220 9879 220 9881 220 9768 220 9879 220 9768 220 9766 220 9823 4625 9688 4625 9685 4625 9823 220 9685 220 9821 220 9690 220 9688 220 9823 220 9877 4644 9879 4644 9766 4644 9877 4645 9766 4645 9764 4645 9762 4646 9877 4646 9764 4646 9826 220 9690 220 9823 220 9875 220 9877 220 9762 220 9691 220 9690 220 9826 220 9828 220 9691 220 9826 220 9760 220 9875 220 9762 220 9873 220 9875 220 9760 220 9694 4647 9691 4647 9828 4647 9829 220 9694 220 9828 220 9757 220 9873 220 9760 220 9696 220 9694 220 9829 220 9756 4648 9873 4648 9757 4648 9756 220 9871 220 9873 220 9698 220 9696 220 9829 220 9698 4649 9829 4649 9831 4649 9753 4650 9871 4650 9756 4650 9753 220 9869 220 9871 220 9700 4651 9698 4651 9831 4651 9700 4652 9831 4652 9833 4652 9752 220 9869 220 9753 220 9752 4653 9867 4653 9869 4653 9702 4654 9700 4654 9833 4654 9750 4655 9867 4655 9752 4655 9703 4656 9702 4656 9833 4656 9703 220 9833 220 9835 220 9748 220 9867 220 9750 220 9748 4657 9865 4657 9867 4657 9705 4658 9835 4658 9837 4658 9705 4659 9703 4659 9835 4659 9746 4660 9865 4660 9748 4660 9746 220 9863 220 9865 220 9707 220 9705 220 9837 220 9707 220 9837 220 9839 220 9744 220 9863 220 9746 220 9709 220 9707 220 9839 220 9742 220 9863 220 9744 220 9742 220 9861 220 9863 220 9711 4661 9839 4661 9842 4661 9711 220 9709 220 9839 220 9740 4660 9861 4660 9742 4660 9740 4657 9859 4657 9861 4657 9713 4662 9711 4662 9842 4662 9713 220 9842 220 9843 220 9738 4663 9859 4663 9740 4663 9738 4664 9857 4664 9859 4664 9715 4665 9713 4665 9843 4665 9736 4666 9857 4666 9738 4666 9717 4667 9715 4667 9843 4667 9717 4668 9843 4668 9845 4668 9734 220 9857 220 9736 220 9734 220 9855 220 9857 220 9719 220 9717 220 9845 220 9719 4669 9845 4669 9847 4669 9732 4650 9855 4650 9734 4650 9732 220 9854 220 9855 220 9722 220 9719 220 9847 220 9722 4670 9847 4670 9849 4670 9730 4671 9854 4671 9732 4671 9723 4672 9722 4672 9849 4672 9727 220 9854 220 9730 220 9727 4673 9851 4673 9854 4673 9726 4646 9723 4646 9849 4646 9726 220 9851 220 9727 220 9726 4674 9849 4674 9851 4674 9795 221 9797 221 9902 221 9795 4675 9902 4675 9900 4675 9793 221 9795 221 9900 221 9902 4676 9797 4676 9903 4676 9797 4677 9799 4677 9903 4677 9799 221 9801 221 9903 221 9789 221 9791 221 9898 221 9791 221 9793 221 9898 221 9793 4678 9900 4678 9898 4678 9903 221 9801 221 9905 221 9801 4679 9803 4679 9905 4679 9789 4680 9898 4680 9896 4680 9787 221 9789 221 9896 221 9905 221 9803 221 9907 221 9803 221 9806 221 9907 221 9806 4681 9808 4681 9907 4681 9787 4682 9896 4682 9894 4682 9783 4683 9785 4683 9894 4683 9785 4684 9787 4684 9894 4684 9907 221 9808 221 9910 221 9808 4685 9810 4685 9910 4685 9783 4686 9894 4686 9892 4686 9781 221 9783 221 9892 221 9810 4687 9812 4687 9911 4687 9910 221 9810 221 9911 221 9779 4688 9781 4688 9890 4688 9781 4689 9892 4689 9890 4689 9673 221 9676 221 9814 221 9812 221 9673 221 9814 221 9911 4690 9812 4690 9814 4690 9779 221 9890 221 9888 221 9775 4691 9777 4691 9888 4691 9777 221 9779 221 9888 221 9676 221 9678 221 9815 221 9814 4692 9676 4692 9815 4692 9775 4693 9888 4693 9885 4693 9773 221 9775 221 9885 221 9678 221 9680 221 9818 221 9815 4694 9678 4694 9818 4694 9769 221 9771 221 9884 221 9771 4695 9773 4695 9884 4695 9773 4696 9885 4696 9884 4696 9680 221 9682 221 9820 221 9682 221 9683 221 9820 221 9818 4697 9680 4697 9820 4697 9767 221 9769 221 9882 221 9769 4698 9884 4698 9882 4698 9683 221 9686 221 9822 221 9820 221 9683 221 9822 221 9767 4699 9882 4699 9880 4699 9765 4700 9767 4700 9880 4700 9686 221 9687 221 9824 221 9822 4701 9686 4701 9824 4701 9824 4702 9687 4702 9689 4702 9765 4703 9880 4703 9878 4703 9763 221 9765 221 9878 221 9763 221 9878 221 9761 221 9824 4676 9689 4676 9825 4676 9761 4704 9878 4704 9876 4704 9825 4705 9689 4705 9692 4705 9825 221 9692 221 9827 221 9761 221 9876 221 9759 221 9759 4706 9876 4706 9874 4706 9827 4707 9692 4707 9693 4707 9827 4708 9693 4708 9830 4708 9759 4709 9874 4709 9758 4709 9830 221 9693 221 9695 221 9758 221 9874 221 9755 221 9874 221 9872 221 9755 221 9830 4710 9695 4710 9697 4710 9832 4711 9830 4711 9697 4711 9755 4712 9872 4712 9754 4712 9872 221 9870 221 9754 221 9832 4713 9697 4713 9699 4713 9834 221 9832 221 9699 221 9754 221 9870 221 9751 221 9870 221 9868 221 9751 221 9834 4714 9699 4714 9701 4714 9751 221 9868 221 9749 221 9834 4715 9701 4715 9704 4715 9836 221 9834 221 9704 221 9749 4716 9868 4716 9747 4716 9868 221 9866 221 9747 221 9838 221 9836 221 9706 221 9836 4717 9704 4717 9706 4717 9747 4718 9866 4718 9745 4718 9866 4719 9864 4719 9745 4719 9838 4720 9706 4720 9708 4720 9840 221 9838 221 9708 221 9745 221 9864 221 9743 221 9840 221 9708 221 9710 221 9743 221 9864 221 9741 221 9864 4721 9862 4721 9741 4721 9841 221 9840 221 9712 221 9840 4722 9710 4722 9712 4722 9741 221 9862 221 9739 221 9862 4723 9860 4723 9739 4723 9841 4724 9712 4724 9714 4724 9844 221 9841 221 9714 221 9739 221 9860 221 9737 221 9860 4725 9858 4725 9737 4725 9844 4726 9714 4726 9716 4726 9737 221 9858 221 9735 221 9844 4727 9716 4727 9718 4727 9846 221 9844 221 9718 221 9735 221 9858 221 9733 221 9858 221 9856 221 9733 221 9846 4728 9718 4728 9720 4728 9848 4729 9846 4729 9720 4729 9733 221 9856 221 9731 221 9856 4730 9853 4730 9731 4730 9848 4731 9720 4731 9721 4731 9850 4732 9848 4732 9721 4732 9731 221 9853 221 9729 221 9850 221 9721 221 9724 221 9729 221 9853 221 9728 221 9853 4733 9852 4733 9728 4733 9850 4734 9724 4734 9725 4734 9728 221 9852 221 9725 221 9852 221 9850 221 9725 221</p>
        </triangles>
      </mesh>
    </geometry>
  </library_geometries>
  <library_visual_scenes>
    <visual_scene id="Scene" name="Scene">
      <node id="node" name="node" type="NODE">
        <matrix sid="transform">1 0 0 0 0 1 0 0 0 0 1 0 0 0 0 1</matrix>
        <instance_geometry url="#shape0_021-mesh" name="node">
          <bind_material>
            <technique_common>
              <instance_material symbol="Material_010-material" target="#Material_010-material"/>
            </technique_common>
          </bind_material>
        </instance_geometry>
      </node>
    </visual_scene>
  </library_visual_scenes>
  <scene>
    <instance_visual_scene url="#Scene"/>
  </scene>
</COLLADA>