<?xml version="1.0" encoding="utf-8"?>
<COLLADA xmlns="http://www.collada.org/2005/11/COLLADASchema" version="1.4.1" xmlns:xsi="http://www.w3.org/2001/XMLSchema-instance">
  <asset>
    <contributor>
      <author>Blender User</author>
      <authoring_tool>Blender 4.0.2 commit date:2023-12-05, commit time:07:41, hash:9be62e85b727</authoring_tool>
    </contributor>
    <created>2024-02-21T11:04:12</created>
    <modified>2024-02-21T11:04:12</modified>
    <unit name="meter" meter="1"/>
    <up_axis>Z_UP</up_axis>
  </asset>
  <library_effects>
    <effect id="Material_013-effect">
      <profile_COMMON>
        <technique sid="common">
          <lambert>
            <emission>
              <color sid="emission">0 0 0 1</color>
            </emission>
            <diffuse>
              <color sid="diffuse">0.3 0.3 0.3 1</color>
            </diffuse>
            <reflectivity>
              <float sid="specular">1</float>
            </reflectivity>
            <index_of_refraction>
              <float sid="ior">1.45</float>
            </index_of_refraction>
          </lambert>
        </technique>
      </profile_COMMON>
    </effect>
  </library_effects>
  <library_images/>
  <library_materials>
    <material id="Material_013-material" name="Material.013">
      <instance_effect url="#Material_013-effect"/>
    </material>
  </library_materials>
  <library_geometries>
    <geometry id="shape0_024-mesh" name="shape0.024">
      <mesh>
        <source id="shape0_024-mesh-positions">
          <float_array id="shape0_024-mesh-positions-array" count="18096">0.007796645 -0.0366804 -0.02399992 0.005866289 -0.0370382 -0.02399992 0.007796645 -0.0366804 -0.02499997 0.005866289 -0.0370382 -0.02499997 0.009705662 -0.0362221 -0.02399992 0.009705662 -0.0362221 -0.02499997 0.03749996 0 -0.02399992 0.03749996 0 -0.02499997 0.03744858 0.001962602 -0.02499997 0.01158803 -0.03566449 -0.02399992 0.01158803 -0.03566449 -0.02499997 0.03744858 0.001962602 -0.02399992 0.0372945 0.00391978 -0.02399992 0.01343876 -0.03500926 -0.02399992 0.01343876 -0.03500926 -0.02499997 0.0372945 0.00391978 -0.02499997 0.01525259 -0.03425782 -0.02399992 0.01525259 -0.03425782 -0.02499997 0.0370382 0.005866289 -0.02399992 0.0370382 0.005866289 -0.02499997 0.01702451 -0.03341275 -0.02399992 0.0366804 0.007796645 -0.02399992 0.01702451 -0.03341275 -0.02499997 0.0366804 0.007796645 -0.02499997 0.01874995 -0.03247582 -0.02399992 0.01874995 -0.03247582 -0.02499997 0.02042388 -0.03145009 -0.02399992 0.0362221 0.009705662 -0.02399992 0.0362221 0.009705662 -0.02499997 0.03566449 0.01158803 -0.02399992 0.03566449 0.01158803 -0.02499997 0.02042388 -0.03145009 -0.02499997 0.02204191 -0.03033798 -0.02399992 0.02204191 -0.03033798 -0.02499997 0.03500926 0.01343876 -0.02399992 0.03500926 0.01343876 -0.02499997 0.03425782 0.01525259 -0.02399992 0.0235995 -0.02914297 -0.02399992 0.0235995 -0.02914297 -0.02499997 0.02509236 -0.02786785 -0.02399992 0.03425782 0.01525259 -0.02499997 0.02509236 -0.02786785 -0.02499997 0.03341275 0.01702451 -0.02399992 0.03341275 0.01702451 -0.02499997 0.02651643 -0.02651643 -0.02399992 0.02651643 -0.02651643 -0.02499997 0.03247582 0.01874995 -0.02399992 0.03247582 0.01874995 -0.02499997 0.02786785 -0.02509236 -0.02399992 0.02786785 -0.02509236 -0.02499997 0.03145009 0.02042394 -0.02399992 0.03145009 0.02042394 -0.02499997 0.02914297 -0.02359944 -0.02399992 0.02914297 -0.02359944 -0.02499997 0.03033798 -0.02204191 -0.02399992 0.03033798 0.02204191 -0.02399992 0.03033798 0.02204191 -0.02499997 0.03033798 -0.02204191 -0.02499997 0.03145009 -0.02042388 -0.02399992 0.03145009 -0.02042388 -0.02499997 0.02914297 0.0235995 -0.02399992 0.02914297 0.0235995 -0.02499997 0.03247582 -0.01874995 -0.02399992 0.03247582 -0.01874995 -0.02499997 0.03341275 -0.01702451 -0.02399992 0.02786785 0.02509236 -0.02499997 0.02786785 0.02509236 -0.02399992 0.03341275 -0.01702451 -0.02499997 0.02651643 0.02651643 -0.02499997 0.02651643 0.02651643 -0.02399992 0.03425782 -0.01525259 -0.02399992 0.03425782 -0.01525259 -0.02499997 0.03500926 -0.01343876 -0.02399992 0.02509236 0.02786785 -0.02499997 0.02509236 0.02786785 -0.02399992 0.03500926 -0.01343876 -0.02499997 0.0235995 0.02914297 -0.02499997 0.03566449 -0.01158803 -0.02399992 0.03566449 -0.01158803 -0.02499997 0.0235995 0.02914297 -0.02399992 0.02204191 0.03033804 -0.02499997 0.0362221 -0.009705662 -0.02399992 0.0362221 -0.009705662 -0.02499997 0.02204191 0.03033804 -0.02399992 0.0366804 -0.007796645 -0.02499997 0.02042388 0.03145009 -0.02499997 0.0366804 -0.007796645 -0.02399992 0.02042388 0.03145009 -0.02399992 0.0370382 -0.005866169 -0.02399992 0.01874995 0.03247582 -0.02399992 0.0370382 -0.005866169 -0.02499997 0.01874995 0.03247582 -0.02499997 0.0372945 -0.00391978 -0.02499997 0.0372945 -0.00391978 -0.02399992 0.03744858 -0.001962482 -0.02399992 0.01702451 0.03341275 -0.02499997 0.01702451 0.03341275 -0.02399992 0.03744858 -0.001962482 -0.02499997 0.01525259 0.03425782 -0.02499997 0.01525259 0.03425782 -0.02399992 0.01343876 0.03500926 -0.02499997 0.01343876 0.03500926 -0.02399992 0.01158803 0.03566449 -0.02499997 0.01158803 0.03566449 -0.02399992 0.009705662 0.0362221 -0.02399992 0.009705662 0.0362221 -0.02499997 0.007796645 0.0366804 -0.02399992 0.007796645 0.0366804 -0.02499997 0.005866289 0.0370382 -0.02399992 0.005866289 0.0370382 -0.02499997 0.00391978 0.0372945 -0.02399992 0.00391978 0.0372945 -0.02499997 0.001962482 0.03744858 -0.02399992 0.001962482 0.03744858 -0.02499997 0 0.03749996 -0.02399992 0 0.03749996 -0.02499997 -0.001962482 0.03744858 -0.02399992 -0.001962482 0.03744858 -0.02499997 -0.00391978 0.0372945 -0.02399992 -0.00391978 0.0372945 -0.02499997 -0.005866289 0.0370382 -0.02399992 -0.005866289 0.0370382 -0.02499997 -0.007796645 0.0366804 -0.02399992 -0.007796645 0.0366804 -0.02499997 -0.009705662 0.0362221 -0.02399992 -0.009705662 0.0362221 -0.02499997 -0.01158803 0.03566449 -0.02399992 -0.01158803 0.03566449 -0.02499997 -0.01343876 0.03500926 -0.02399992 -0.01343876 0.03500926 -0.02499997 -0.01525259 0.03425782 -0.02399992 -0.01525259 0.03425782 -0.02499997 -0.01702451 0.03341275 -0.02399992 -0.01702451 0.03341275 -0.02499997 -0.01874995 0.03247582 -0.02499997 -0.01874995 0.03247582 -0.02399992 -0.02042388 0.03145009 -0.02399992 -0.02042388 0.03145009 -0.02499997 -0.02204191 0.03033804 -0.02499997 -0.02204191 0.03033804 -0.02399992 -0.0235995 0.02914297 -0.02399992 -0.0235995 0.02914297 -0.02499997 -0.02509236 0.02786785 -0.02399992 -0.02509236 0.02786785 -0.02499997 -0.02651643 0.02651643 -0.02499997 -0.02651643 0.02651643 -0.02399992 -0.02786785 0.02509236 -0.02499997 -0.02786785 0.02509236 -0.02399992 -0.02914297 0.0235995 -0.02499997 -0.02914297 0.0235995 -0.02399992 -0.03033798 0.02204191 -0.02499997 -0.03033798 0.02204191 -0.02399992 -0.03145009 0.02042394 -0.02499997 -0.03145009 0.02042394 -0.02399992 -0.03247582 0.01874995 -0.02499997 -0.03247582 0.01874995 -0.02399992 -0.03341275 0.01702451 -0.02499997 -0.03341275 0.01702451 -0.02399992 -0.03425782 0.01525259 -0.02499997 -0.03425782 0.01525259 -0.02399992 -0.03500926 0.01343876 -0.02499997 -0.03500926 0.01343876 -0.02399992 -0.03566449 0.01158803 -0.02499997 -0.03566449 0.01158803 -0.02399992 -0.0362221 0.009705662 -0.02499997 -0.0362221 0.009705662 -0.02399992 -0.0366804 0.007796645 -0.02499997 -0.0366804 0.007796645 -0.02399992 -0.0370382 0.005866289 -0.02399992 -0.0370382 0.005866289 -0.02499997 -0.0372945 0.00391978 -0.02399992 -0.0372945 0.00391978 -0.02499997 -0.03744858 0.001962602 -0.02499997 -0.03744858 0.001962602 -0.02399992 -0.03749996 0 -0.02399992 -0.03749996 0 -0.02499997 -0.03744858 -0.001962482 -0.02399992 -0.03744858 -0.001962482 -0.02499997 -0.0372945 -0.00391978 -0.02399992 -0.0372945 -0.00391978 -0.02499997 -0.0370382 -0.005866169 -0.02399992 -0.0366804 -0.007796645 -0.02399992 -0.0370382 -0.005866169 -0.02499997 -0.0366804 -0.007796645 -0.02499997 -0.0362221 -0.009705662 -0.02499997 -0.0362221 -0.009705662 -0.02399992 -0.03566449 -0.01158803 -0.02499997 -0.03566449 -0.01158803 -0.02399992 -0.03500926 -0.01343876 -0.02499997 -0.03500926 -0.01343876 -0.02399992 -0.03425782 -0.01525259 -0.02499997 -0.03425782 -0.01525259 -0.02399992 -0.03341275 -0.01702451 -0.02499997 -0.03341275 -0.01702451 -0.02399992 -0.03247582 -0.01874995 -0.02499997 -0.03247582 -0.01874995 -0.02399992 -0.03145009 -0.02042388 -0.02499997 -0.03145009 -0.02042388 -0.02399992 -0.03033798 -0.02204191 -0.02499997 -0.03033798 -0.02204191 -0.02399992 -0.02914297 -0.02359944 -0.02399992 -0.02914297 -0.02359944 -0.02499997 -0.02786785 -0.02509236 -0.02399992 -0.02786785 -0.02509236 -0.02499997 -0.02651643 -0.02651643 -0.02499997 -0.02651643 -0.02651643 -0.02399992 -0.02509236 -0.02786785 -0.02499997 -0.02509236 -0.02786785 -0.02399992 -0.0235995 -0.02914297 -0.02399992 -0.0235995 -0.02914297 -0.02499997 -0.02204191 -0.03033798 -0.02399992 -0.02204191 -0.03033798 -0.02499997 -0.02042388 -0.03145009 -0.02499997 -0.02042388 -0.03145009 -0.02399992 -0.01874995 -0.03247582 -0.02399992 -0.01874995 -0.03247582 -0.02499997 -0.01702451 -0.03341275 -0.02399992 -0.01702451 -0.03341275 -0.02499997 -0.01525259 -0.03425782 -0.02399992 -0.01525259 -0.03425782 -0.02499997 -0.01343876 -0.03500926 -0.02399992 -0.01343876 -0.03500926 -0.02499997 -0.01158803 -0.03566449 -0.02399992 -0.01158803 -0.03566449 -0.02499997 -0.009705662 -0.0362221 -0.02399992 -0.009705662 -0.0362221 -0.02499997 -0.007796645 -0.0366804 -0.02399992 -0.007796645 -0.0366804 -0.02499997 -0.005866289 -0.0370382 -0.02399992 -0.00391978 -0.0372945 -0.02399992 -0.005866289 -0.0370382 -0.02499997 -0.00391978 -0.0372945 -0.02499997 -0.001962482 -0.03744858 -0.02399992 -0.001962482 -0.03744858 -0.02499997 0 -0.03749996 -0.02499997 0 -0.03749996 -0.02399992 0.001962482 -0.03744858 -0.02499997 0.001962482 -0.03744858 -0.02399992 0.00391978 -0.0372945 -0.02399992 0.00391978 -0.0372945 -0.02499997 0.00391978 -0.0372945 -0.02399992 0.001962482 -0.03744858 -0.02399992 0.00391978 -0.0372945 -0.02499997 0.001962482 -0.03744858 -0.02499997 0.005866289 -0.0370382 -0.02399992 0.005866289 -0.0370382 -0.02499997 0.007796645 -0.0366804 -0.02399992 0.007796645 -0.0366804 -0.02499997 0.03744858 0.001962602 -0.02399992 0.03749996 0 -0.02399992 0.03744858 0.001962602 -0.02499997 0.03749996 0 -0.02499997 0.009705662 -0.0362221 -0.02399992 0.009705662 -0.0362221 -0.02499997 0.0372945 0.00391978 -0.02399992 0.0372945 0.00391978 -0.02499997 0.0370382 0.005866289 -0.02399992 0.01158803 -0.03566449 -0.02399992 0.01158803 -0.03566449 -0.02499997 0.0366804 0.007796645 -0.02399992 0.0370382 0.005866289 -0.02499997 0.01343876 -0.03500926 -0.02399992 0.01343876 -0.03500926 -0.02499997 0.0362221 0.009705662 -0.02399992 0.0366804 0.007796645 -0.02499997 0.01525259 -0.03425782 -0.02399992 0.01525259 -0.03425782 -0.02499997 0.03566449 0.01158803 -0.02399992 0.0362221 0.009705662 -0.02499997 0.01702451 -0.03341275 -0.02399992 0.01702451 -0.03341275 -0.02499997 0.03500926 0.01343876 -0.02399992 0.03566449 0.01158803 -0.02499997 0.01874995 -0.03247582 -0.02399992 0.01874995 -0.03247582 -0.02499997 0.03425782 0.01525259 -0.02399992 0.03500926 0.01343876 -0.02499997 0.02042388 -0.03145009 -0.02399992 0.02042388 -0.03145009 -0.02499997 0.03341275 0.01702451 -0.02399992 0.03425782 0.01525259 -0.02499997 0.02204191 -0.03033798 -0.02399992 0.02204191 -0.03033798 -0.02499997 0.03247582 0.01874995 -0.02399992 0.03341275 0.01702451 -0.02499997 0.0235995 -0.02914297 -0.02399992 0.0235995 -0.02914297 -0.02499997 0.03247582 0.01874995 -0.02499997 0.02509236 -0.02786785 -0.02399992 0.02509236 -0.02786785 -0.02499997 0.03145009 0.02042394 -0.02399992 0.03145009 0.02042394 -0.02499997 0.02651643 -0.02651643 -0.02399992 0.02651643 -0.02651643 -0.02499997 0.03033798 0.02204191 -0.02399992 0.03033798 0.02204191 -0.02499997 0.02786785 -0.02509236 -0.02399992 0.02786785 -0.02509236 -0.02499997 0.02914297 -0.02359944 -0.02399992 0.02914297 -0.02359944 -0.02499997 0.02914297 0.0235995 -0.02399992 0.02914297 0.0235995 -0.02499997 0.03033798 -0.02204191 -0.02399992 0.03033798 -0.02204191 -0.02499997 0.03145009 -0.02042388 -0.02399992 0.02786785 0.02509236 -0.02499997 0.02786785 0.02509236 -0.02399992 0.03145009 -0.02042388 -0.02499997 0.02651643 0.02651643 -0.02499997 0.02651643 0.02651643 -0.02399992 0.03247582 -0.01874995 -0.02399992 0.03247582 -0.01874995 -0.02499997 0.03341275 -0.01702451 -0.02399992 0.02509236 0.02786785 -0.02499997 0.02509236 0.02786785 -0.02399992 0.03425782 -0.01525259 -0.02399992 0.03341275 -0.01702451 -0.02499997 0.0235995 0.02914297 -0.02499997 0.0235995 0.02914297 -0.02399992 0.03500926 -0.01343876 -0.02399992 0.03425782 -0.01525259 -0.02499997 0.03566449 -0.01158803 -0.02399992 0.03500926 -0.01343876 -0.02499997 0.02204191 0.03033804 -0.02499997 0.02204191 0.03033804 -0.02399992 0.0362221 -0.009705662 -0.02399992 0.03566449 -0.01158803 -0.02499997 0.02042388 0.03145009 -0.02499997 0.02042388 0.03145009 -0.02399992 0.0362221 -0.009705662 -0.02499997 0.0366804 -0.007796645 -0.02399992 0.01874995 0.03247582 -0.02499997 0.01874995 0.03247582 -0.02399992 0.0366804 -0.007796645 -0.02499997 0.0370382 -0.005866169 -0.02399992 0.01702451 0.03341275 -0.02499997 0.01702451 0.03341275 -0.02399992 0.0370382 -0.005866169 -0.02499997 0.0372945 -0.00391978 -0.02399992 0.01525259 0.03425782 -0.02499997 0.01525259 0.03425782 -0.02399992 0.0372945 -0.00391978 -0.02499997 0.03744858 -0.001962482 -0.02499997 0.03744858 -0.001962482 -0.02399992 0.01343876 0.03500926 -0.02499997 0.01343876 0.03500926 -0.02399992 0.01158803 0.03566449 -0.02499997 0.01158803 0.03566449 -0.02399992 0.009705662 0.0362221 -0.02399992 0.009705662 0.0362221 -0.02499997 0.007796645 0.0366804 -0.02399992 0.007796645 0.0366804 -0.02499997 0.005866289 0.0370382 -0.02399992 0.005866289 0.0370382 -0.02499997 0.00391978 0.0372945 -0.02399992 0.00391978 0.0372945 -0.02499997 0.001962482 0.03744858 -0.02399992 0.001962482 0.03744858 -0.02499997 0 0.03749996 -0.02399992 0 0.03749996 -0.02499997 -0.001962482 0.03744858 -0.02399992 -0.001962482 0.03744858 -0.02499997 -0.00391978 0.0372945 -0.02399992 -0.00391978 0.0372945 -0.02499997 -0.005866289 0.0370382 -0.02399992 -0.005866289 0.0370382 -0.02499997 -0.007796645 0.0366804 -0.02399992 -0.007796645 0.0366804 -0.02499997 -0.009705662 0.0362221 -0.02399992 -0.009705662 0.0362221 -0.02499997 -0.01158803 0.03566449 -0.02399992 -0.01158803 0.03566449 -0.02499997 -0.01343876 0.03500926 -0.02399992 -0.01343876 0.03500926 -0.02499997 -0.01525259 0.03425782 -0.02399992 -0.01525259 0.03425782 -0.02499997 -0.01702451 0.03341275 -0.02399992 -0.01702451 0.03341275 -0.02499997 -0.01874995 0.03247582 -0.02499997 -0.01874995 0.03247582 -0.02399992 -0.02042388 0.03145009 -0.02499997 -0.02042388 0.03145009 -0.02399992 -0.02204191 0.03033804 -0.02499997 -0.02204191 0.03033804 -0.02399992 -0.0235995 0.02914297 -0.02499997 -0.0235995 0.02914297 -0.02399992 -0.02509236 0.02786785 -0.02499997 -0.02509236 0.02786785 -0.02399992 -0.02651643 0.02651643 -0.02499997 -0.02651643 0.02651643 -0.02399992 -0.02786785 0.02509236 -0.02499997 -0.02786785 0.02509236 -0.02399992 -0.02914297 0.0235995 -0.02499997 -0.02914297 0.0235995 -0.02399992 -0.03033798 0.02204191 -0.02499997 -0.03033798 0.02204191 -0.02399992 -0.03145009 0.02042394 -0.02499997 -0.03145009 0.02042394 -0.02399992 -0.03247582 0.01874995 -0.02499997 -0.03247582 0.01874995 -0.02399992 -0.03341275 0.01702451 -0.02499997 -0.03341275 0.01702451 -0.02399992 -0.03425782 0.01525259 -0.02499997 -0.03425782 0.01525259 -0.02399992 -0.03500926 0.01343876 -0.02499997 -0.03500926 0.01343876 -0.02399992 -0.03566449 0.01158803 -0.02499997 -0.03566449 0.01158803 -0.02399992 -0.0362221 0.009705662 -0.02499997 -0.0362221 0.009705662 -0.02399992 -0.0366804 0.007796645 -0.02499997 -0.0366804 0.007796645 -0.02399992 -0.0370382 0.005866289 -0.02499997 -0.0370382 0.005866289 -0.02399992 -0.0372945 0.00391978 -0.02499997 -0.0372945 0.00391978 -0.02399992 -0.03744858 0.001962602 -0.02499997 -0.03744858 0.001962602 -0.02399992 -0.03749996 0 -0.02399992 -0.03749996 0 -0.02499997 -0.03744858 -0.001962482 -0.02399992 -0.03744858 -0.001962482 -0.02499997 -0.0372945 -0.00391978 -0.02399992 -0.0372945 -0.00391978 -0.02499997 -0.0370382 -0.005866169 -0.02399992 -0.0370382 -0.005866169 -0.02499997 -0.0366804 -0.007796645 -0.02399992 -0.0366804 -0.007796645 -0.02499997 -0.0362221 -0.009705662 -0.02499997 -0.0362221 -0.009705662 -0.02399992 -0.03566449 -0.01158803 -0.02499997 -0.03566449 -0.01158803 -0.02399992 -0.03500926 -0.01343876 -0.02499997 -0.03500926 -0.01343876 -0.02399992 -0.03425782 -0.01525259 -0.02499997 -0.03425782 -0.01525259 -0.02399992 -0.03341275 -0.01702451 -0.02499997 -0.03341275 -0.01702451 -0.02399992 -0.03247582 -0.01874995 -0.02499997 -0.03247582 -0.01874995 -0.02399992 -0.03145009 -0.02042388 -0.02499997 -0.03145009 -0.02042388 -0.02399992 -0.03033798 -0.02204191 -0.02499997 -0.03033798 -0.02204191 -0.02399992 -0.02914297 -0.02359944 -0.02499997 -0.02914297 -0.02359944 -0.02399992 -0.02786785 -0.02509236 -0.02499997 -0.02786785 -0.02509236 -0.02399992 -0.02651643 -0.02651643 -0.02499997 -0.02651643 -0.02651643 -0.02399992 -0.02509236 -0.02786785 -0.02499997 -0.02509236 -0.02786785 -0.02399992 -0.0235995 -0.02914297 -0.02499997 -0.0235995 -0.02914297 -0.02399992 -0.02204191 -0.03033798 -0.02499997 -0.02204191 -0.03033798 -0.02399992 -0.02042388 -0.03145009 -0.02499997 -0.02042388 -0.03145009 -0.02399992 -0.01874995 -0.03247582 -0.02499997 -0.01874995 -0.03247582 -0.02399992 -0.01702451 -0.03341275 -0.02399992 -0.01702451 -0.03341275 -0.02499997 -0.01525259 -0.03425782 -0.02399992 -0.01525259 -0.03425782 -0.02499997 -0.01343876 -0.03500926 -0.02399992 -0.01343876 -0.03500926 -0.02499997 -0.01158803 -0.03566449 -0.02399992 -0.01158803 -0.03566449 -0.02499997 -0.009705662 -0.0362221 -0.02399992 -0.009705662 -0.0362221 -0.02499997 -0.007796645 -0.0366804 -0.02399992 -0.007796645 -0.0366804 -0.02499997 -0.005866289 -0.0370382 -0.02399992 -0.005866289 -0.0370382 -0.02499997 -0.00391978 -0.0372945 -0.02399992 -0.00391978 -0.0372945 -0.02499997 -0.001962482 -0.03744858 -0.02399992 -0.001962482 -0.03744858 -0.02499997 0 -0.03749996 -0.02499997 0 -0.03749996 -0.02399992 0.007796645 0.0366804 -0.03099989 0.005866289 0.0370382 -0.03099989 0.009705662 0.0362221 -0.03099989 0.01158803 0.03566449 -0.03099989 0.03744858 -0.001962482 -0.03099989 0.03749996 0 -0.03099989 0.01343876 0.03500926 -0.03099989 0.01525259 0.03425782 -0.03099989 0.0372945 -0.00391978 -0.03099989 0.0370382 -0.005866169 -0.03099989 0.01702451 0.03341275 -0.03099989 0.01874995 0.03247582 -0.03099989 0.0366804 -0.007796645 -0.03099989 0.0362221 -0.009705662 -0.03099989 0.03566449 -0.01158803 -0.03099989 0.02042388 0.03145009 -0.03099989 0.03500926 -0.01343876 -0.03099989 0.02204191 0.03033804 -0.03099989 0.0235995 0.02914297 -0.03099989 0.02509236 0.02786785 -0.03099989 0.03425782 -0.01525259 -0.03099989 0.02651643 0.02651643 -0.03099989 0.02786785 0.02509236 -0.03099989 0.03341275 -0.01702451 -0.03099989 0.03247582 -0.01874995 -0.03099989 0.02914297 0.0235995 -0.03099989 0.03145009 -0.02042388 -0.03099989 0.03033798 -0.02204191 -0.03099989 0.03033798 0.02204191 -0.03099989 0.03145009 0.02042394 -0.03099989 0.02914297 -0.02359944 -0.03099989 0.03247582 0.01874995 -0.03099989 0.03341275 0.01702451 -0.03099989 0.02786785 -0.02509236 -0.03099989 0.03425782 0.01525259 -0.03099989 0.02651643 -0.02651643 -0.03099989 0.03500926 0.01343876 -0.03099989 0.03566449 0.01158803 -0.03099989 0.02509236 -0.02786785 -0.03099989 0.0362221 0.009705662 -0.03099989 0.0235995 -0.02914297 -0.03099989 0.02204191 -0.03033798 -0.03099989 0.0366804 0.007796645 -0.03099989 0.02042388 -0.03145009 -0.03099989 0.0370382 0.005866289 -0.03099989 0.0372945 0.00391978 -0.03099989 0.01874995 -0.03247582 -0.03099989 0.01702451 -0.03341275 -0.03099989 0.03744858 0.001962602 -0.03099989 0.01525259 -0.03425782 -0.03099989 0.01343876 -0.03500926 -0.03099989 0.01158803 -0.03566449 -0.03099989 0.009705662 -0.0362221 -0.03099989 0.007796645 -0.0366804 -0.03099989 0.005866289 -0.0370382 -0.03099989 0.00391978 -0.0372945 -0.03099989 0.001962482 -0.03744858 -0.03099989 0 -0.03749996 -0.03099989 -0.001962482 -0.03744858 -0.03099989 -0.00391978 -0.0372945 -0.03099989 -0.005866289 -0.0370382 -0.03099989 -0.007796645 -0.0366804 -0.03099989 -0.009705662 -0.0362221 -0.03099989 -0.01158803 -0.03566449 -0.03099989 -0.01343876 -0.03500926 -0.03099989 -0.01525259 -0.03425782 -0.03099989 -0.01702451 -0.03341275 -0.03099989 -0.01874995 -0.03247582 -0.03099989 -0.02042388 -0.03145009 -0.03099989 -0.02204191 -0.03033798 -0.03099989 -0.0235995 -0.02914297 -0.03099989 -0.02509236 -0.02786785 -0.03099989 -0.02651643 -0.02651643 -0.03099989 -0.02786785 -0.02509236 -0.03099989 -0.02914297 -0.02359944 -0.03099989 -0.03033798 -0.02204191 -0.03099989 -0.03145009 -0.02042388 -0.03099989 -0.03247582 -0.01874995 -0.03099989 -0.03341275 -0.01702451 -0.03099989 -0.03425782 -0.01525259 -0.03099989 -0.03500926 -0.01343876 -0.03099989 -0.03566449 -0.01158803 -0.03099989 -0.0362221 -0.009705662 -0.03099989 -0.0366804 -0.007796645 -0.03099989 -0.0370382 -0.005866169 -0.03099989 -0.0372945 -0.00391978 -0.03099989 -0.03744858 -0.001962482 -0.03099989 -0.03749996 0 -0.03099989 -0.03744858 0.001962602 -0.03099989 -0.0372945 0.00391978 -0.03099989 -0.0370382 0.005866289 -0.03099989 -0.0366804 0.007796645 -0.03099989 -0.0362221 0.009705662 -0.03099989 -0.03566449 0.01158803 -0.03099989 -0.03500926 0.01343876 -0.03099989 -0.03425782 0.01525259 -0.03099989 -0.03341275 0.01702451 -0.03099989 -0.03247582 0.01874995 -0.03099989 -0.03145009 0.02042394 -0.03099989 -0.03033798 0.02204191 -0.03099989 -0.02914297 0.0235995 -0.03099989 -0.02786785 0.02509236 -0.03099989 -0.02651643 0.02651643 -0.03099989 -0.02509236 0.02786785 -0.03099989 -0.0235995 0.02914297 -0.03099989 -0.02204191 0.03033804 -0.03099989 -0.02042388 0.03145009 -0.03099989 -0.01874995 0.03247582 -0.03099989 -0.01702451 0.03341275 -0.03099989 -0.01525259 0.03425782 -0.03099989 -0.01343876 0.03500926 -0.03099989 -0.01158803 0.03566449 -0.03099989 -0.009705662 0.0362221 -0.03099989 -0.007796645 0.0366804 -0.03099989 -0.005866289 0.0370382 -0.03099989 -0.00391978 0.0372945 -0.03099989 -0.001962482 0.03744858 -0.03099989 0 0.03749996 -0.03099989 0.001962482 0.03744858 -0.03099989 0.00391978 0.0372945 -0.03099989 -0.02821373 -0.008615672 -0.02399992 -0.02867466 -0.006929039 -0.02399992 0.007775723 0.02845662 -0.02399992 0.006076276 0.02886736 -0.02399992 -0.02903479 -0.005218148 -0.02399992 -0.02929288 -0.003488957 -0.02399992 0.00435549 0.02917665 -0.02399992 -0.02944815 -0.001747488 -0.02399992 0.002619445 0.02938348 -0.02399992 -0.02949988 0 -0.02399992 8.74183e-4 0.02948695 -0.02399992 0.0211665 -0.02054828 -0.02399992 -8.74183e-4 0.02948695 -0.02399992 0.019912 -0.021766 -0.02399992 0.02234655 -0.0192582 -0.02399992 0.01858752 -0.02290749 -0.02399992 -0.02944815 0.001747488 -0.02399992 -0.002619445 0.02938348 -0.02399992 0.0234481 -0.01790058 -0.02399992 0.01719778 -0.02396833 -0.02399992 0.0244674 -0.01648002 -0.02399992 -0.02929288 0.003488957 -0.02399992 -0.00435549 0.02917665 -0.02399992 0.01574778 -0.02494508 -0.02399992 0.02540069 -0.01500165 -0.02399992 0.01424235 -0.0258342 -0.02399992 0.02624481 -0.01347059 -0.02399992 -0.02903479 0.005218148 -0.02399992 -0.006076276 0.02886736 -0.02399992 0.01268678 -0.02663242 -0.02399992 -0.02867466 0.006929039 -0.02399992 0.02699679 -0.01189208 -0.02399992 0.01108688 -0.02733725 -0.02399992 -0.02821373 0.008615672 -0.02399992 -0.007775723 0.02845662 -0.02399992 0.02765387 -0.01027178 -0.02399992 0.009447932 -0.02794605 -0.02399992 -0.02765387 0.01027184 -0.02399992 -0.009447932 0.02794605 -0.02399992 0.02821373 -0.008615672 -0.02399992 0.007775723 -0.02845662 -0.02399992 -0.02699679 0.01189208 -0.02399992 -0.01108688 0.02733725 -0.02399992 0.02867466 -0.006929039 -0.02399992 0.006076276 -0.02886736 -0.02399992 -0.02624481 0.01347059 -0.02399992 -0.01268678 0.02663242 -0.02399992 0.02903479 -0.005218148 -0.02399992 0.00435549 -0.02917665 -0.02399992 -0.01424235 0.0258342 -0.02399992 0.02929288 -0.003488957 -0.02399992 -0.02540069 0.01500165 -0.02399992 0.002619445 -0.02938348 -0.02399992 -0.01574778 0.02494508 -0.02399992 0.02944815 -0.001747488 -0.02399992 -0.0244674 0.01648002 -0.02399992 -0.01719778 0.02396833 -0.02399992 8.74183e-4 -0.02948695 -0.02399992 -0.0234481 0.01790058 -0.02399992 0.02949988 0 -0.02399992 -0.01858752 0.02290749 -0.02399992 -0.02234655 0.0192582 -0.02399992 -8.74183e-4 -0.02948695 -0.02399992 -0.0211665 0.02054828 -0.02399992 0.02944815 0.001747488 -0.02399992 -0.019912 0.021766 -0.02399992 -0.002619445 -0.02938348 -0.02399992 0.02929288 0.003488957 -0.02399992 -0.00435549 -0.02917665 -0.02399992 0.02903479 0.005218148 -0.02399992 -0.006076276 -0.02886736 -0.02399992 0.02867466 0.006929039 -0.02399992 -0.007775723 -0.02845662 -0.02399992 0.02821373 0.008615672 -0.02399992 -0.009447932 -0.02794605 -0.02399992 0.02765387 0.01027184 -0.02399992 -0.01108688 -0.02733725 -0.02399992 0.02699679 0.01189208 -0.02399992 -0.01268678 -0.02663242 -0.02399992 0.02624481 0.01347059 -0.02399992 -0.01424235 -0.0258342 -0.02399992 0.02540069 0.01500165 -0.02399992 -0.01574778 -0.02494508 -0.02399992 0.0244674 0.01648002 -0.02399992 -0.01719778 -0.02396833 -0.02399992 0.0234481 0.01790058 -0.02399992 -0.01858752 -0.02290749 -0.02399992 0.02234655 0.0192582 -0.02399992 -0.019912 -0.021766 -0.02399992 0.0211665 0.02054828 -0.02399992 -0.0211665 -0.02054828 -0.02399992 0.019912 0.021766 -0.02399992 -0.02234655 -0.0192582 -0.02399992 0.01858752 0.02290749 -0.02399992 -0.0234481 -0.01790058 -0.02399992 -0.0244674 -0.01648002 -0.02399992 0.01719778 0.02396833 -0.02399992 -0.02540069 -0.01500165 -0.02399992 0.01574778 0.02494508 -0.02399992 -0.02624481 -0.01347059 -0.02399992 0.01424235 0.0258342 -0.02399992 0.01268678 0.02663242 -0.02399992 -0.02699679 -0.01189208 -0.02399992 0.01108688 0.02733725 -0.02399992 -0.02765387 -0.01027178 -0.02399992 0.009447932 0.02794605 -0.02399992 0.0363 -0.003815174 -0.03099989 0.0364499 -0.00191015 -0.03099989 -0.00191015 0.0364499 -0.03099989 -0.003815174 0.0363 -0.03099989 0.03649991 0 -0.03099989 0 0.03649991 -0.03099989 0.0364499 0.00191015 -0.03099989 -0.02580928 -0.02580928 -0.03099989 -0.0244233 -0.02712476 -0.03099989 0.00191015 0.0364499 -0.03099989 -0.02712476 -0.0244233 -0.03099989 -0.02297013 -0.02836579 -0.03099989 0.003815174 0.0363 -0.03099989 -0.02836579 -0.02297013 -0.03099989 0.0363 0.003815293 -0.03099989 0.03605049 0.005709767 -0.03099989 -0.02145415 -0.02952909 -0.03099989 -0.02952909 -0.02145415 -0.03099989 -0.01987928 -0.03061145 -0.03099989 0.005709767 0.03605049 -0.03099989 0.03570228 0.007588744 -0.03099989 -0.03061145 -0.01987928 -0.03099989 0.007588744 0.03570234 -0.03099989 -0.01824992 -0.03160989 -0.03099989 0.009446859 0.0352562 -0.03099989 -0.03160989 -0.01824992 -0.03099989 0.0352562 0.009446859 -0.03099989 -0.01657062 -0.03252166 -0.03099989 0.0347135 0.01127904 -0.03099989 -0.03252166 -0.01657062 -0.03099989 0.01127898 0.0347135 -0.03099989 -0.01484578 -0.03334432 -0.03099989 -0.03334432 -0.01484578 -0.03099989 0.03407561 0.01308029 -0.03099989 -0.01308029 -0.03407561 -0.03099989 0.01308029 0.03407561 -0.03099989 0.01484578 0.03334432 -0.03099989 -0.03407561 -0.01308029 -0.03099989 -0.01127898 -0.0347135 -0.03099989 0.03334432 0.01484584 -0.03099989 0.03252166 0.01657062 -0.03099989 -0.0347135 -0.01127898 -0.03099989 -0.009446859 -0.0352562 -0.03099989 -0.0352562 -0.009446859 -0.03099989 0.01657062 0.03252166 -0.03099989 0.01824992 0.03160989 -0.03099989 0.03160989 0.01824992 -0.03099989 -0.007588744 -0.03570228 -0.03099989 -0.03570228 -0.007588744 -0.03099989 0.03061145 0.01987928 -0.03099989 -0.005709767 -0.03605049 -0.03099989 -0.03605049 -0.005709767 -0.03099989 -0.003815174 -0.03629994 -0.03099989 -0.0363 -0.003815174 -0.03099989 0.02952909 0.02145415 -0.03099989 0.01987928 0.03061145 -0.03099989 0.02145415 0.02952909 -0.03099989 -0.00191015 -0.0364499 -0.03099989 -0.0364499 -0.00191015 -0.03099989 0.02836579 0.02297013 -0.03099989 0.02297013 0.02836579 -0.03099989 0.0244233 0.02712476 -0.03099989 0 -0.03649991 -0.03099989 -0.03649991 0 -0.03099989 0.02712476 0.0244233 -0.03099989 0.02580928 0.02580934 -0.03099989 0.00191015 -0.0364499 -0.03099989 -0.0364499 0.00191015 -0.03099989 0.003815174 -0.03629994 -0.03099989 -0.0363 0.003815293 -0.03099989 0.005709767 -0.03605049 -0.03099989 -0.03605049 0.005709767 -0.03099989 0.007588744 -0.03570228 -0.03099989 -0.03570228 0.007588744 -0.03099989 0.009446859 -0.0352562 -0.03099989 -0.0352562 0.009446859 -0.03099989 0.01127898 -0.0347135 -0.03099989 -0.0347135 0.01127904 -0.03099989 0.01308029 -0.03407561 -0.03099989 -0.03407561 0.01308029 -0.03099989 0.01484578 -0.03334432 -0.03099989 -0.03334432 0.01484584 -0.03099989 0.01657062 -0.03252166 -0.03099989 -0.03252166 0.01657062 -0.03099989 0.01824992 -0.03160989 -0.03099989 -0.03160989 0.01824992 -0.03099989 0.01987928 -0.03061145 -0.03099989 -0.03061145 0.01987928 -0.03099989 0.02145415 -0.02952909 -0.03099989 -0.02952909 0.02145415 -0.03099989 0.02297013 -0.02836579 -0.03099989 -0.02836579 0.02297013 -0.03099989 0.0244233 -0.02712476 -0.03099989 -0.02712476 0.0244233 -0.03099989 0.02580928 -0.02580928 -0.03099989 -0.02580928 0.02580934 -0.03099989 -0.0244233 0.02712476 -0.03099989 0.02712476 -0.0244233 -0.03099989 -0.02297013 0.02836579 -0.03099989 0.02836579 -0.02297013 -0.03099989 0.02952909 -0.02145415 -0.03099989 -0.02145415 0.02952909 -0.03099989 0.03061145 -0.01987928 -0.03099989 -0.01987928 0.03061145 -0.03099989 0.03160989 -0.01824992 -0.03099989 -0.01824992 0.03160989 -0.03099989 0.03252166 -0.01657062 -0.03099989 -0.01657062 0.03252166 -0.03099989 0.03334432 -0.01484578 -0.03099989 -0.01484578 0.03334432 -0.03099989 0.03407561 -0.01308029 -0.03099989 -0.01308029 0.03407561 -0.03099989 0.0347135 -0.01127898 -0.03099989 -0.01127898 0.0347135 -0.03099989 0.0352562 -0.009446859 -0.03099989 -0.009446859 0.0352562 -0.03099989 0.03570228 -0.007588744 -0.03099989 -0.007588744 0.03570234 -0.03099989 -0.005709767 0.03605049 -0.03099989 0.03605049 -0.005709767 -0.03099989 -0.006076276 -0.02886736 -9.99998e-4 -0.00435549 -0.02917665 -9.99998e-4 -0.002619445 -0.02938348 -9.99998e-4 0.02944815 0.001747488 -9.99998e-4 0.02949988 0 -9.99998e-4 -8.74183e-4 -0.02948695 -9.99998e-4 8.74183e-4 -0.02948695 -9.99998e-4 0.02929288 0.003488957 -9.99998e-4 0.02903479 0.005218148 -9.99998e-4 0.002619445 -0.02938348 -9.99998e-4 0.02867466 0.006929039 -9.99998e-4 0.00435549 -0.02917665 -9.99998e-4 0.02821373 0.008615672 -9.99998e-4 0.006076276 -0.02886736 -9.99998e-4 0.02765387 0.01027184 -9.99998e-4 0.02699679 0.01189208 -9.99998e-4 0.007775723 -0.02845662 -9.99998e-4 0.009447932 -0.02794605 -9.99998e-4 0.02624481 0.01347059 -9.99998e-4 0.02540069 0.01500165 -9.99998e-4 0.01108688 -0.02733725 -9.99998e-4 0.01268678 -0.02663242 -9.99998e-4 0.0244674 0.01648002 -9.99998e-4 0.0234481 0.01790058 -9.99998e-4 0.01424235 -0.0258342 -9.99998e-4 0.01574778 -0.02494508 -9.99998e-4 0.02234655 0.0192582 -9.99998e-4 0.01719778 -0.02396833 -9.99998e-4 0.0211665 0.02054828 -9.99998e-4 0.01858752 -0.02290749 -9.99998e-4 0.019912 -0.021766 -9.99998e-4 0.019912 0.021766 -9.99998e-4 0.01858752 0.02290749 -9.99998e-4 0.0211665 -0.02054828 -9.99998e-4 0.01719778 0.02396833 -9.99998e-4 0.02234655 -0.0192582 -9.99998e-4 0.0234481 -0.01790058 -9.99998e-4 0.01574778 0.02494508 -9.99998e-4 0.0244674 -0.01648002 -9.99998e-4 0.02540069 -0.01500165 -9.99998e-4 0.01424235 0.0258342 -9.99998e-4 0.02624481 -0.01347059 -9.99998e-4 0.01268678 0.02663242 -9.99998e-4 0.01108688 0.02733725 -9.99998e-4 0.009447932 0.02794605 -9.99998e-4 0.02699679 -0.01189208 -9.99998e-4 0.02765387 -0.01027178 -9.99998e-4 0.02821373 -0.008615672 -9.99998e-4 0.02867466 -0.006929039 -9.99998e-4 0.007775723 0.02845662 -9.99998e-4 0.006076276 0.02886736 -9.99998e-4 0.00435549 0.02917665 -9.99998e-4 0.02903479 -0.005218148 -9.99998e-4 0.02929288 -0.003488957 -9.99998e-4 0.02944815 -0.001747488 -9.99998e-4 0.002619445 0.02938348 -9.99998e-4 0.001325488 0.0294702 -0.01499992 0.001320302 0.02947038 -0.01495659 0.001304864 0.02947103 -0.01491415 8.74183e-4 0.02948695 -9.99998e-4 0.00127983 0.02947217 -0.01487278 0.001245439 0.02947366 -0.01483285 0.001185119 0.02947616 -0.01478123 0.00106287 0.02948075 -0.01470834 8.74667e-4 0.02948695 -0.01463341 0.001320302 0.02947038 -0.01504331 0.001304864 0.02947103 -0.01508569 4.9143e-4 0.02949589 -0.01454722 -8.74183e-4 0.02948695 -9.99998e-4 -3.45128e-4 0.02949798 -0.01452928 -8.34794e-4 0.0294882 -0.01462101 0.00127983 0.02947217 -0.01512706 0.001245439 0.02947366 -0.01516711 0.001185119 0.02947616 -0.01521861 0.00106287 0.02948075 -0.01529157 8.74667e-4 0.02948695 -0.01536649 4.9143e-4 0.02949589 -0.01545268 -3.45128e-4 0.02949798 -0.01547056 -0.001111388 0.0294789 -0.01473397 -0.001205205 0.02947539 -0.01479679 -0.001277804 0.02947229 -0.0148701 -0.002619445 0.02938348 -9.99998e-4 -0.001308441 0.02947098 -0.01492178 -0.001321256 0.02947038 -0.01496052 -0.001325488 0.0294702 -0.01499992 -0.00435549 0.02917665 -9.99998e-4 -8.34794e-4 0.0294882 -0.01537889 -0.001111388 0.0294789 -0.015266 -0.001205205 0.02947539 -0.01520311 -0.001277804 0.02947229 -0.0151298 -0.001308441 0.02947098 -0.01507812 -0.001321256 0.02947038 -0.01503938 -0.006076276 0.02886736 -9.99998e-4 -0.007775723 0.02845662 -9.99998e-4 -0.009447932 0.02794605 -9.99998e-4 -0.01108688 0.02733725 -9.99998e-4 -0.01268678 0.02663242 -9.99998e-4 -0.01424235 0.0258342 -9.99998e-4 -0.01574778 0.02494508 -9.99998e-4 -0.01719778 0.02396833 -9.99998e-4 -0.01858752 0.02290749 -9.99998e-4 -0.019912 0.021766 -9.99998e-4 -0.0211665 0.02054828 -9.99998e-4 -0.02234655 0.0192582 -9.99998e-4 -0.0234481 0.01790058 -9.99998e-4 -0.0244674 0.01648002 -9.99998e-4 -0.02540069 0.01500165 -9.99998e-4 -0.02624481 0.01347059 -9.99998e-4 -0.02699679 0.01189208 -9.99998e-4 -0.02765387 0.01027184 -9.99998e-4 -0.02821373 0.008615672 -9.99998e-4 -0.02867466 0.006929039 -9.99998e-4 -0.02903479 0.005218148 -9.99998e-4 -0.02929288 0.003488957 -9.99998e-4 -0.02944815 0.001747488 -9.99998e-4 -0.02949988 0 -9.99998e-4 -0.02944815 -0.001747488 -9.99998e-4 -0.02929288 -0.003488957 -9.99998e-4 -0.02903479 -0.005218148 -9.99998e-4 -0.02867466 -0.006929039 -9.99998e-4 -0.02821373 -0.008615672 -9.99998e-4 -0.02765387 -0.01027178 -9.99998e-4 -0.02699679 -0.01189208 -9.99998e-4 -0.02624481 -0.01347059 -9.99998e-4 -0.02540069 -0.01500165 -9.99998e-4 -0.0244674 -0.01648002 -9.99998e-4 -0.0234481 -0.01790058 -9.99998e-4 -0.02234655 -0.0192582 -9.99998e-4 -0.0211665 -0.02054828 -9.99998e-4 -0.019912 -0.021766 -9.99998e-4 -0.01858752 -0.02290749 -9.99998e-4 -0.01719778 -0.02396833 -9.99998e-4 -0.01574778 -0.02494508 -9.99998e-4 -0.01424235 -0.0258342 -9.99998e-4 -0.01268678 -0.02663242 -9.99998e-4 -0.01108688 -0.02733725 -9.99998e-4 -0.009447932 -0.02794605 -9.99998e-4 -0.007775723 -0.02845662 -9.99998e-4 0.007588744 0.03570234 -0.02499997 0.005709767 0.03605049 -0.02499997 0.009446859 0.0352562 -0.02499997 0.01127898 0.0347135 -0.02499997 0.0364499 -0.00191015 -0.02499997 0.03649991 0 -0.02499997 0.01308029 0.03407561 -0.02499997 0.0363 -0.003815174 -0.02499997 0.01484578 0.03334432 -0.02499997 0.03605049 -0.005709767 -0.02499997 0.01657062 0.03252166 -0.02499997 0.03570228 -0.007588744 -0.02499997 0.01824992 0.03160989 -0.02499997 0.0352562 -0.009446859 -0.02499997 0.01987928 0.03061145 -0.02499997 0.0347135 -0.01127898 -0.02499997 0.02145415 0.02952909 -0.02499997 0.03407561 -0.01308029 -0.02499997 0.02297013 0.02836579 -0.02499997 0.03334432 -0.01484578 -0.02499997 0.0244233 0.02712476 -0.02499997 0.03252166 -0.01657062 -0.02499997 0.02580928 0.02580934 -0.02499997 0.03160989 -0.01824992 -0.02499997 0.02712476 0.0244233 -0.02499997 0.03061145 -0.01987928 -0.02499997 0.02836579 0.02297013 -0.02499997 0.02952909 0.02145415 -0.02499997 0.02952909 -0.02145415 -0.02499997 0.03061145 0.01987928 -0.02499997 0.02836579 -0.02297013 -0.02499997 0.03160989 0.01824992 -0.02499997 0.02712476 -0.0244233 -0.02499997 0.03252166 0.01657062 -0.02499997 0.02580928 -0.02580928 -0.02499997 0.03334432 0.01484584 -0.02499997 0.0244233 -0.02712476 -0.02499997 0.03407561 0.01308029 -0.02499997 0.02297013 -0.02836579 -0.02499997 0.0347135 0.01127904 -0.02499997 0.02145415 -0.02952909 -0.02499997 0.0352562 0.009446859 -0.02499997 0.01987928 -0.03061145 -0.02499997 0.03570228 0.007588744 -0.02499997 0.01824992 -0.03160989 -0.02499997 0.03605049 0.005709767 -0.02499997 0.0363 0.003815293 -0.02499997 0.01657062 -0.03252166 -0.02499997 0.0364499 0.00191015 -0.02499997 0.01484578 -0.03334432 -0.02499997 0.01308029 -0.03407561 -0.02499997 0.01127898 -0.0347135 -0.02499997 0.009446859 -0.0352562 -0.02499997 0.007588744 -0.03570228 -0.02499997 0.005709767 -0.03605049 -0.02499997 0.003815174 -0.03629994 -0.02499997 0.00191015 -0.0364499 -0.02499997 0 -0.03649991 -0.02499997 -0.00191015 -0.0364499 -0.02499997 -0.003815174 -0.03629994 -0.02499997 -0.005709767 -0.03605049 -0.02499997 -0.007588744 -0.03570228 -0.02499997 -0.009446859 -0.0352562 -0.02499997 -0.01127898 -0.0347135 -0.02499997 -0.01308029 -0.03407561 -0.02499997 -0.01484578 -0.03334432 -0.02499997 -0.01657062 -0.03252166 -0.02499997 -0.01824992 -0.03160989 -0.02499997 -0.01987928 -0.03061145 -0.02499997 -0.02145415 -0.02952909 -0.02499997 -0.02297013 -0.02836579 -0.02499997 -0.0244233 -0.02712476 -0.02499997 -0.02580928 -0.02580928 -0.02499997 -0.02712476 -0.0244233 -0.02499997 -0.02836579 -0.02297013 -0.02499997 -0.02952909 -0.02145415 -0.02499997 -0.03061145 -0.01987928 -0.02499997 -0.03160989 -0.01824992 -0.02499997 -0.03252166 -0.01657062 -0.02499997 -0.03334432 -0.01484578 -0.02499997 -0.03407561 -0.01308029 -0.02499997 -0.0347135 -0.01127898 -0.02499997 -0.0352562 -0.009446859 -0.02499997 -0.03570228 -0.007588744 -0.02499997 -0.03605049 -0.005709767 -0.02499997 -0.0363 -0.003815174 -0.02499997 -0.0364499 -0.00191015 -0.02499997 -0.03649991 0 -0.02499997 -0.0364499 0.00191015 -0.02499997 -0.0363 0.003815293 -0.02499997 -0.03605049 0.005709767 -0.02499997 -0.03570228 0.007588744 -0.02499997 -0.0352562 0.009446859 -0.02499997 -0.0347135 0.01127904 -0.02499997 -0.03407561 0.01308029 -0.02499997 -0.03334432 0.01484584 -0.02499997 -0.03252166 0.01657062 -0.02499997 -0.03160989 0.01824992 -0.02499997 -0.03061145 0.01987928 -0.02499997 -0.02952909 0.02145415 -0.02499997 -0.02836579 0.02297013 -0.02499997 -0.02712476 0.0244233 -0.02499997 -0.02580928 0.02580934 -0.02499997 -0.0244233 0.02712476 -0.02499997 -0.02297013 0.02836579 -0.02499997 -0.02145415 0.02952909 -0.02499997 -0.01987928 0.03061145 -0.02499997 -0.01824992 0.03160989 -0.02499997 -0.01657062 0.03252166 -0.02499997 -0.01484578 0.03334432 -0.02499997 -0.01308029 0.03407561 -0.02499997 -0.01127898 0.0347135 -0.02499997 -0.009446859 0.0352562 -0.02499997 -0.007588744 0.03570234 -0.02499997 -0.005709767 0.03605049 -0.02499997 -0.003815174 0.0363 -0.02499997 -0.00191015 0.0364499 -0.02499997 0 0.03649991 -0.02499997 0.00191015 0.0364499 -0.02499997 0.003815174 0.0363 -0.02499997 0.003646492 0.02068096 -9.99998e-4 -0.02079558 -0.002922534 -9.99998e-4 -0.0209487 -0.001464784 -9.99998e-4 7.32889e-4 0.02098715 -9.99998e-4 0.00219506 0.02088499 -9.99998e-4 -0.0209999 0 -9.99998e-4 -7.32889e-4 0.02098715 -9.99998e-4 0.01510608 -0.0145877 -9.99998e-4 -0.0209487 0.001464784 -9.99998e-4 0.01405161 -0.01560592 -9.99998e-4 -0.00219506 0.02088499 -9.99998e-4 0.01608687 -0.01349842 -9.99998e-4 -0.02079558 0.002922534 -9.99998e-4 -0.003646492 0.02068096 -9.99998e-4 0.0129289 -0.01654809 -9.99998e-4 -0.02054107 0.00436604 -9.99998e-4 0.01698935 -0.0123434 -9.99998e-4 -0.005080342 0.0203762 -9.99998e-4 0.011743 -0.0174098 -9.99998e-4 -0.02018648 0.005788326 -9.99998e-4 -0.006489336 0.0199722 -9.99998e-4 0.01780897 -0.01112818 -9.99998e-4 0.01049995 -0.01818645 -9.99998e-4 -0.01973342 0.007182419 -9.99998e-4 -0.00786674 0.01947087 -9.99998e-4 0.01854187 -0.009858846 -9.99998e-4 -0.01918435 0.008541464 -9.99998e-4 0.009205758 -0.01887464 -9.99998e-4 -0.009205758 0.0188747 -9.99998e-4 0.01918435 -0.008541464 -9.99998e-4 -0.01854187 0.009858846 -9.99998e-4 0.00786674 -0.01947087 -9.99998e-4 -0.01049995 0.01818645 -9.99998e-4 0.01973342 -0.0071823 -9.99998e-4 -0.01780897 0.01112824 -9.99998e-4 -0.011743 0.0174098 -9.99998e-4 0.006489336 -0.01997214 -9.99998e-4 -0.01698935 0.0123434 -9.99998e-4 -0.0129289 0.01654809 -9.99998e-4 0.02018648 -0.005788326 -9.99998e-4 -0.01608687 0.01349842 -9.99998e-4 -0.01405161 0.01560592 -9.99998e-4 -0.01510608 0.0145877 -9.99998e-4 0.005080342 -0.02037614 -9.99998e-4 0.02054107 -0.00436604 -9.99998e-4 0.003646492 -0.02068096 -9.99998e-4 0.02079558 -0.002922534 -9.99998e-4 0.00219506 -0.02088499 -9.99998e-4 0.0209487 -0.001464784 -9.99998e-4 7.32889e-4 -0.02098715 -9.99998e-4 0.0209999 0 -9.99998e-4 -7.32889e-4 -0.02098715 -9.99998e-4 0.0209487 0.001464784 -9.99998e-4 -0.00219506 -0.02088499 -9.99998e-4 0.02079558 0.002922534 -9.99998e-4 -0.003646492 -0.02068096 -9.99998e-4 0.02054107 0.00436604 -9.99998e-4 -0.005080342 -0.02037614 -9.99998e-4 0.02018648 0.005788326 -9.99998e-4 -0.006489336 -0.01997214 -9.99998e-4 0.01973342 0.007182419 -9.99998e-4 -0.00786674 -0.01947087 -9.99998e-4 0.01918435 0.008541464 -9.99998e-4 -0.009205758 -0.01887464 -9.99998e-4 0.01854187 0.009858846 -9.99998e-4 -0.01049995 -0.01818645 -9.99998e-4 0.01780897 0.01112824 -9.99998e-4 -0.011743 -0.0174098 -9.99998e-4 0.01698935 0.0123434 -9.99998e-4 -0.0129289 -0.01654809 -9.99998e-4 0.01608687 0.01349842 -9.99998e-4 -0.01405161 -0.01560592 -9.99998e-4 0.01510608 0.0145877 -9.99998e-4 -0.01510608 -0.0145877 -9.99998e-4 0.01405161 0.01560592 -9.99998e-4 -0.01608687 -0.01349842 -9.99998e-4 0.0129289 0.01654809 -9.99998e-4 -0.01698935 -0.0123434 -9.99998e-4 0.011743 0.0174098 -9.99998e-4 -0.01780897 -0.01112818 -9.99998e-4 0.01049995 0.01818645 -9.99998e-4 -0.01854187 -0.009858846 -9.99998e-4 0.009205758 0.0188747 -9.99998e-4 -0.01918435 -0.008541464 -9.99998e-4 0.00786674 0.01947087 -9.99998e-4 -0.01973342 -0.0071823 -9.99998e-4 0.006489336 0.0199722 -9.99998e-4 -0.02018648 -0.005788326 -9.99998e-4 0.005080342 0.0203762 -9.99998e-4 -0.02054107 -0.00436604 -9.99998e-4 0.008999943 0.03272068 -0.01892918 0.008999943 0.03176707 -0.01861923 -0.008999943 0.03176707 -0.01861923 -0.008999943 0.03272068 -0.01892918 0.008999943 0.02950161 -0.01550126 0.008999943 0.03372132 -0.01899206 -0.008999943 0.03372132 -0.01899206 0.008999943 0.03734439 -0.01400518 0.008999943 0.03747016 -0.01499992 -0.008999943 0.03734439 -0.01400518 0.008999943 0.03470629 -0.01880419 -0.008999943 0.03747016 -0.01499992 -0.008999943 0.03470629 -0.01880419 0.008999943 0.03561341 -0.0183773 0.008999943 0.03697538 -0.0130729 -0.008999943 0.03697538 -0.0130729 -0.008999943 0.03561341 -0.0183773 0.008999943 0.03638607 -0.01226168 -0.008999943 0.03638607 -0.01226168 0.008999943 0.03561341 -0.0116226 -0.008999943 0.03638607 -0.01773816 0.008999943 0.03638607 -0.01773816 0.008999943 0.03697538 -0.016927 -0.008999943 0.03561341 -0.0116226 -0.008999943 0.03697538 -0.016927 0.008999943 0.03470629 -0.01119571 0.008999943 0.03734439 -0.01599472 -0.008999943 0.03470629 -0.01119571 -0.008999943 0.03734439 -0.01599472 0.008999943 0.03372132 -0.0110079 -0.008999943 0.03372132 -0.0110079 -0.008999943 0.03272068 -0.01107072 0.008999943 0.03272068 -0.01107072 0.008999943 0.03176707 -0.01138067 -0.008999943 0.03176707 -0.01138067 -0.008999943 0.0309205 -0.01191788 0.008999943 0.0309205 -0.01191788 0.008999943 0.03023403 -0.01264888 -0.008999943 0.03023403 -0.01264888 0.008999943 0.02975106 -0.01352745 -0.008999943 0.02975106 -0.01352745 -0.008999943 0.02950161 -0.01449865 0.008999943 0.02950161 -0.01449865 0.008999943 0.02975106 -0.01647239 -0.008999943 0.02950161 -0.01550126 -0.008999943 0.02975106 -0.01647239 0.008999943 0.03023403 -0.01735109 -0.008999943 0.03023403 -0.01735109 -0.008999943 0.0309205 -0.01808208 0.008999943 0.0309205 -0.01808208 0.01049995 0.01818645 -0.02499997 -0.01780897 -0.01112818 -0.02499997 -0.01854187 -0.009858846 -0.02499997 0.009205758 0.0188747 -0.02499997 -0.01918435 -0.008541464 -0.02499997 0.00786674 0.01947087 -0.02499997 0.006489336 0.0199722 -0.02499997 -0.01973342 -0.0071823 -0.02499997 -0.02018648 -0.005788326 -0.02499997 0.005080342 0.0203762 -0.02499997 -0.02054107 -0.00436604 -0.02499997 0.01510608 -0.0145877 -0.02499997 0.003646492 0.02068096 -0.02499997 0.01405161 -0.01560592 -0.02499997 0.01608687 -0.01349842 -0.02499997 0.0129289 -0.01654809 -0.02499997 0.00219506 0.02088499 -0.02499997 0.01698935 -0.0123434 -0.02499997 -0.02079558 -0.002922534 -0.02499997 0.011743 -0.0174098 -0.02499997 -0.0209487 -0.001464784 -0.02499997 7.32889e-4 0.02098715 -0.02499997 0.01780897 -0.01112818 -0.02499997 0.01049995 -0.01818645 -0.02499997 -0.0209999 0 -0.02499997 -7.32889e-4 0.02098715 -0.02499997 0.01854187 -0.009858846 -0.02499997 -0.00219506 0.02088499 -0.02499997 0.009205758 -0.01887464 -0.02499997 0.01918435 -0.008541464 -0.02499997 -0.0209487 0.001464784 -0.02499997 0.00786674 -0.01947087 -0.02499997 -0.02079558 0.002922534 -0.02499997 0.01973342 -0.0071823 -0.02499997 -0.003646492 0.02068096 -0.02499997 0.006489336 -0.01997214 -0.02499997 -0.02054107 0.00436604 -0.02499997 0.02018648 -0.005788326 -0.02499997 -0.005080342 0.0203762 -0.02499997 0.005080342 -0.02037614 -0.02499997 -0.006489336 0.0199722 -0.02499997 0.02054107 -0.00436604 -0.02499997 -0.02018648 0.005788326 -0.02499997 0.003646492 -0.02068096 -0.02499997 0.02079558 -0.002922534 -0.02499997 -0.01973342 0.007182419 -0.02499997 -0.00786674 0.01947087 -0.02499997 0.00219506 -0.02088499 -0.02499997 -0.01918435 0.008541464 -0.02499997 -0.009205758 0.0188747 -0.02499997 0.0209487 -0.001464784 -0.02499997 7.32889e-4 -0.02098715 -0.02499997 -0.01049995 0.01818645 -0.02499997 0.0209999 0 -0.02499997 -0.01854187 0.009858846 -0.02499997 -7.32889e-4 -0.02098715 -0.02499997 -0.01780897 0.01112824 -0.02499997 -0.011743 0.0174098 -0.02499997 0.0209487 0.001464784 -0.02499997 -0.01698935 0.0123434 -0.02499997 -0.00219506 -0.02088499 -0.02499997 -0.0129289 0.01654809 -0.02499997 -0.01405161 0.01560592 -0.02499997 0.02079558 0.002922534 -0.02499997 -0.01608687 0.01349842 -0.02499997 -0.003646492 -0.02068096 -0.02499997 -0.01510608 0.0145877 -0.02499997 0.02054107 0.00436604 -0.02499997 -0.005080342 -0.02037614 -0.02499997 0.02018648 0.005788326 -0.02499997 -0.006489336 -0.01997214 -0.02499997 0.01973342 0.007182419 -0.02499997 -0.00786674 -0.01947087 -0.02499997 0.01918435 0.008541464 -0.02499997 -0.009205758 -0.01887464 -0.02499997 0.01854187 0.009858846 -0.02499997 -0.01049995 -0.01818645 -0.02499997 0.01780897 0.01112824 -0.02499997 -0.011743 -0.0174098 -0.02499997 0.01698935 0.0123434 -0.02499997 -0.0129289 -0.01654809 -0.02499997 0.01608687 0.01349842 -0.02499997 -0.01405161 -0.01560592 -0.02499997 0.01510608 0.0145877 -0.02499997 -0.01510608 -0.0145877 -0.02499997 0.01405161 0.01560592 -0.02499997 -0.01608687 -0.01349842 -0.02499997 0.0129289 0.01654809 -0.02499997 -0.01698935 -0.0123434 -0.02499997 0.011743 0.0174098 -0.02499997 0.0209487 0.001464784 -0.02399992 0.0209999 0 -0.02399992 0.02079558 0.002922534 -0.02399992 0.02054107 0.00436604 -0.02399992 0.02018648 0.005788326 -0.02399992 0.01973342 0.007182419 -0.02399992 0.01918435 0.008541464 -0.02399992 0.01854187 0.009858846 -0.02399992 0.01780897 0.01112824 -0.02399992 0.01698935 0.0123434 -0.02399992 0.01608687 0.01349842 -0.02399992 0.01510608 0.0145877 -0.02399992 0.01405161 0.01560592 -0.02399992 0.0129289 0.01654809 -0.02399992 0.011743 0.0174098 -0.02399992 0.01049995 0.01818645 -0.02399992 0.009205758 0.0188747 -0.02399992 0.00786674 0.01947087 -0.02399992 0.006489336 0.0199722 -0.02399992 0.005080342 0.0203762 -0.02399992 0.003646492 0.02068096 -0.02399992 0.00219506 0.02088499 -0.02399992 7.32889e-4 0.02098715 -0.02399992 -7.32889e-4 0.02098715 -0.02399992 -0.00219506 0.02088499 -0.02399992 -0.003646492 0.02068096 -0.02399992 -0.005080342 0.0203762 -0.02399992 -0.006489336 0.0199722 -0.02399992 -0.00786674 0.01947087 -0.02399992 -0.009205758 0.0188747 -0.02399992 -0.01049995 0.01818645 -0.02399992 -0.011743 0.0174098 -0.02399992 -0.0129289 0.01654809 -0.02399992 -0.01405161 0.01560592 -0.02399992 -0.01510608 0.0145877 -0.02399992 -0.01608687 0.01349842 -0.02399992 -0.01698935 0.0123434 -0.02399992 -0.01780897 0.01112824 -0.02399992 -0.01854187 0.009858846 -0.02399992 -0.01918435 0.008541464 -0.02399992 -0.01973342 0.007182419 -0.02399992 -0.02018648 0.005788326 -0.02399992 -0.02054107 0.00436604 -0.02399992 -0.02079558 0.002922534 -0.02399992 -0.0209487 0.001464784 -0.02399992 -0.0209999 0 -0.02399992 -0.0209487 -0.001464784 -0.02399992 -0.02079558 -0.002922534 -0.02399992 -0.02054107 -0.00436604 -0.02399992 -0.02018648 -0.005788326 -0.02399992 -0.01973342 -0.0071823 -0.02399992 -0.01918435 -0.008541464 -0.02399992 -0.01854187 -0.009858846 -0.02399992 -0.01780897 -0.01112818 -0.02399992 -0.01698935 -0.0123434 -0.02399992 -0.01608687 -0.01349842 -0.02399992 -0.01510608 -0.0145877 -0.02399992 -0.01405161 -0.01560592 -0.02399992 -0.0129289 -0.01654809 -0.02399992 -0.011743 -0.0174098 -0.02399992 -0.01049995 -0.01818645 -0.02399992 -0.009205758 -0.01887464 -0.02399992 -0.00786674 -0.01947087 -0.02399992 -0.006489336 -0.01997214 -0.02399992 -0.005080342 -0.02037614 -0.02399992 -0.003646492 -0.02068096 -0.02399992 -0.00219506 -0.02088499 -0.02399992 -7.32889e-4 -0.02098715 -0.02399992 7.32889e-4 -0.02098715 -0.02399992 0.00219506 -0.02088499 -0.02399992 0.003646492 -0.02068096 -0.02399992 0.005080342 -0.02037614 -0.02399992 0.006489336 -0.01997214 -0.02399992 0.00786674 -0.01947087 -0.02399992 0.009205758 -0.01887464 -0.02399992 0.01049995 -0.01818645 -0.02399992 0.011743 -0.0174098 -0.02399992 0.0129289 -0.01654809 -0.02399992 0.01405161 -0.01560592 -0.02399992 0.01510608 -0.0145877 -0.02399992 0.01608687 -0.01349842 -0.02399992 0.01698935 -0.0123434 -0.02399992 0.01780897 -0.01112818 -0.02399992 0.01854187 -0.009858846 -0.02399992 0.01918435 -0.008541464 -0.02399992 0.01973342 -0.0071823 -0.02399992 0.02018648 -0.005788326 -0.02399992 0.02054107 -0.00436604 -0.02399992 0.02079558 -0.002922534 -0.02399992 0.0209487 -0.001464784 -0.02399992 0.02529889 -0.003195941 -0.04499989 0.02504825 -0.004778206 -0.04499989 0.02504825 -0.004778206 -0.05099993 0.02529889 -0.003195941 -0.05099993 0.02544969 -0.00160104 -0.05099993 0.02544969 -0.00160104 -0.04499989 0.02549993 0 -0.04499989 0.02549993 0 -0.05099993 0.02544969 0.001601099 -0.04499989 0.02544969 0.001601099 -0.05099993 0.02529889 0.003196001 -0.04499989 0.02529889 0.003196001 -0.05099993 0.02504825 0.004778206 -0.04499989 0.02504825 0.004778206 -0.05099993 0.02469885 0.006341516 -0.04499989 0.02469885 0.006341516 -0.05099993 0.02425181 0.007879912 -0.04499989 0.02425181 0.007879912 -0.05099993 0.02370923 0.009387135 -0.05099993 0.02370923 0.009387135 -0.04499989 0.02307301 0.0108574 -0.04499989 0.02307301 0.0108574 -0.05099993 0.02234578 0.01228463 -0.04499989 0.02234578 0.01228463 -0.05099993 0.02153033 0.01366353 -0.05099993 0.02153033 0.01366353 -0.04499989 0.02062988 0.01498848 -0.04499989 0.02062988 0.01498848 -0.05099993 0.01964807 0.0162543 -0.04499989 0.01964807 0.0162543 -0.05099993 0.01858866 0.01745599 -0.04499989 0.01858866 0.01745599 -0.05099993 0.01745599 0.01858866 -0.05099993 0.01745599 0.01858866 -0.04499989 0.0162543 0.01964807 -0.04499989 0.0162543 0.01964807 -0.05099993 0.01498848 0.02062988 -0.04499989 0.01498848 0.02062988 -0.05099993 0.01366353 0.02153033 -0.04499989 0.01366353 0.02153033 -0.05099993 0.01228463 0.02234578 -0.05099993 0.01228463 0.02234578 -0.04499989 0.0108574 0.02307301 -0.05099993 0.0108574 0.02307301 -0.04499989 0.009387135 0.02370923 -0.05099993 0.009387135 0.02370923 -0.04499989 0.007879912 0.02425181 -0.04499989 0.007879912 0.02425181 -0.05099993 0.006341516 0.02469885 -0.05099993 0.006341516 0.02469885 -0.04499989 0.004778206 0.02504825 -0.05099993 0.004778206 0.02504825 -0.04499989 0.003195941 0.02529889 -0.05099993 0.003195941 0.02529889 -0.04499989 0.001601099 0.02544969 -0.04499989 0.001601099 0.02544969 -0.05099993 0 0.02549993 -0.05099993 0 0.02549993 -0.04499989 -0.001601099 0.02544969 -0.05099993 -0.001601099 0.02544969 -0.04499989 -0.003195941 0.02529889 -0.05099993 -0.003195941 0.02529889 -0.04499989 -0.004778206 0.02504825 -0.04499989 -0.004778206 0.02504825 -0.05099993 -0.006341516 0.02469885 -0.05099993 -0.006341516 0.02469885 -0.04499989 -0.007879912 0.02425181 -0.05099993 -0.007879912 0.02425181 -0.04499989 -0.009387135 0.02370923 -0.05099993 -0.009387135 0.02370923 -0.04499989 -0.0108574 0.02307301 -0.05099993 -0.0108574 0.02307301 -0.04499989 -0.01228463 0.02234578 -0.05099993 -0.01228463 0.02234578 -0.04499989 -0.01366353 0.02153033 -0.05099993 -0.01366353 0.02153033 -0.04499989 -0.01498848 0.02062988 -0.05099993 -0.01498848 0.02062988 -0.04499989 -0.0162543 0.01964807 -0.05099993 -0.0162543 0.01964807 -0.04499989 -0.01745599 0.01858866 -0.04499989 -0.01745599 0.01858866 -0.05099993 -0.01858866 0.01745599 -0.05099993 -0.01858866 0.01745599 -0.04499989 -0.01964807 0.0162543 -0.05099993 -0.01964807 0.0162543 -0.04499989 -0.02062988 0.01498848 -0.05099993 -0.02062988 0.01498848 -0.04499989 -0.02153033 0.01366353 -0.05099993 -0.02153033 0.01366353 -0.04499989 -0.02234578 0.01228463 -0.05099993 -0.02234578 0.01228463 -0.04499989 -0.02307301 0.0108574 -0.05099993 -0.02307301 0.0108574 -0.04499989 -0.02370923 0.009387135 -0.04499989 -0.02370923 0.009387135 -0.05099993 -0.02425181 0.007879912 -0.05099993 -0.02425181 0.007879912 -0.04499989 -0.02469885 0.006341516 -0.05099993 -0.02469885 0.006341516 -0.04499989 -0.02504825 0.004778206 -0.05099993 -0.02504825 0.004778206 -0.04499989 -0.02529889 0.003196001 -0.05099993 -0.02529889 0.003196001 -0.04499989 -0.02544969 0.001601099 -0.05099993 -0.02544969 0.001601099 -0.04499989 -0.02549993 0 -0.05099993 -0.02549993 0 -0.04499989 -0.02544969 -0.00160104 -0.05099993 -0.02544969 -0.00160104 -0.04499989 -0.02529889 -0.003195941 -0.04499989 -0.02529889 -0.003195941 -0.05099993 -0.02504825 -0.004778206 -0.05099993 -0.02504825 -0.004778206 -0.04499989 -0.02469885 -0.006341516 -0.05099993 -0.02469885 -0.006341516 -0.04499989 -0.02425181 -0.007879912 -0.05099993 -0.02425181 -0.007879912 -0.04499989 -0.02370923 -0.009387135 -0.05099993 -0.02370923 -0.009387135 -0.04499989 -0.02307301 -0.01085734 -0.05099993 -0.02307301 -0.01085734 -0.04499989 -0.02234578 -0.01228463 -0.05099993 -0.02234578 -0.01228463 -0.04499989 -0.02153033 -0.01366353 -0.05099993 -0.02153033 -0.01366353 -0.04499989 -0.02062988 -0.01498848 -0.04499989 -0.02062988 -0.01498848 -0.05099993 -0.01964807 -0.01625424 -0.04499989 -0.01964807 -0.01625424 -0.05099993 -0.01858866 -0.01745599 -0.05099993 -0.01858866 -0.01745599 -0.04499989 -0.01745599 -0.01858866 -0.04499989 -0.01745599 -0.01858866 -0.05099993 -0.0162543 -0.01964807 -0.05099993 -0.0162543 -0.01964807 -0.04499989 -0.01498848 -0.02062988 -0.04499989 -0.01498848 -0.02062988 -0.05099993 -0.01366353 -0.02153033 -0.04499989 -0.01366353 -0.02153033 -0.05099993 -0.01228463 -0.02234578 -0.05099993 -0.01228463 -0.02234578 -0.04499989 -0.0108574 -0.02307301 -0.04499989 -0.0108574 -0.02307301 -0.05099993 -0.009387135 -0.02370923 -0.05099993 -0.009387135 -0.02370923 -0.04499989 -0.007879912 -0.02425181 -0.04499989 -0.007879912 -0.02425181 -0.05099993 -0.006341516 -0.02469885 -0.04499989 -0.006341516 -0.02469885 -0.05099993 -0.004778206 -0.02504825 -0.04499989 -0.004778206 -0.02504825 -0.05099993 -0.003195941 -0.02529889 -0.05099993 -0.003195941 -0.02529889 -0.04499989 -0.001601099 -0.02544969 -0.04499989 -0.001601099 -0.02544969 -0.05099993 0 -0.02549993 -0.04499989 0 -0.02549993 -0.05099993 0.001601099 -0.02544969 -0.05099993 0.001601099 -0.02544969 -0.04499989 0.003195941 -0.02529889 -0.04499989 0.003195941 -0.02529889 -0.05099993 0.004778206 -0.02504825 -0.05099993 0.004778206 -0.02504825 -0.04499989 0.006341516 -0.02469885 -0.04499989 0.006341516 -0.02469885 -0.05099993 0.007879912 -0.02425181 -0.04499989 0.007879912 -0.02425181 -0.05099993 0.009387135 -0.02370923 -0.04499989 0.009387135 -0.02370923 -0.05099993 0.0108574 -0.02307301 -0.04499989 0.0108574 -0.02307301 -0.05099993 0.01228463 -0.02234578 -0.05099993 0.01228463 -0.02234578 -0.04499989 0.01366353 -0.02153033 -0.04499989 0.01366353 -0.02153033 -0.05099993 0.01498848 -0.02062988 -0.05099993 0.01498848 -0.02062988 -0.04499989 0.0162543 -0.01964807 -0.04499989 0.0162543 -0.01964807 -0.05099993 0.01745599 -0.01858866 -0.04499989 0.01745599 -0.01858866 -0.05099993 0.01858866 -0.01745599 -0.05099993 0.01858866 -0.01745599 -0.04499989 0.01964807 -0.01625424 -0.04499989 0.01964807 -0.01625424 -0.05099993 0.02062988 -0.01498848 -0.04499989 0.02062988 -0.01498848 -0.05099993 0.02153033 -0.01366353 -0.04499989 0.02153033 -0.01366353 -0.05099993 0.02234578 -0.01228463 -0.05099993 0.02234578 -0.01228463 -0.04499989 0.02307301 -0.01085734 -0.04499989 0.02307301 -0.01085734 -0.05099993 0.02370923 -0.009387135 -0.05099993 0.02370923 -0.009387135 -0.04499989 0.02425181 -0.007879912 -0.04499989 0.02425181 -0.007879912 -0.05099993 0.02469885 -0.006341516 -0.04499989 0.02469885 -0.006341516 -0.05099993 0.00391978 -0.0372945 -0.02399992 0.001962482 -0.03744858 -0.02399992 0.00391978 -0.0372945 -0.02499997 0.001962482 -0.03744858 -0.02499997 0.005866289 -0.0370382 -0.02399992 0.005866289 -0.0370382 -0.02499997 0.007796645 -0.0366804 -0.02399992 0.007796645 -0.0366804 -0.02499997 0.03744858 0.001962602 -0.02399992 0.03749996 0 -0.02399992 0.03744858 0.001962602 -0.02499997 0.03749996 0 -0.02499997 0.009705662 -0.0362221 -0.02399992 0.009705662 -0.0362221 -0.02499997 0.0372945 0.00391978 -0.02399992 0.0372945 0.00391978 -0.02499997 0.0370382 0.005866289 -0.02399992 0.01158803 -0.03566449 -0.02399992 0.01158803 -0.03566449 -0.02499997 0.0366804 0.007796645 -0.02399992 0.0370382 0.005866289 -0.02499997 0.01343876 -0.03500926 -0.02399992 0.01343876 -0.03500926 -0.02499997 0.0362221 0.009705662 -0.02399992 0.0366804 0.007796645 -0.02499997 0.01525259 -0.03425782 -0.02399992 0.01525259 -0.03425782 -0.02499997 0.03566449 0.01158803 -0.02399992 0.0362221 0.009705662 -0.02499997 0.01702451 -0.03341275 -0.02399992 0.01702451 -0.03341275 -0.02499997 0.03500926 0.01343876 -0.02399992 0.03566449 0.01158803 -0.02499997 0.01874995 -0.03247582 -0.02399992 0.01874995 -0.03247582 -0.02499997 0.03425782 0.01525259 -0.02399992 0.03500926 0.01343876 -0.02499997 0.02042388 -0.03145009 -0.02399992 0.02042388 -0.03145009 -0.02499997 0.03341275 0.01702451 -0.02399992 0.03425782 0.01525259 -0.02499997 0.02204191 -0.03033798 -0.02399992 0.02204191 -0.03033798 -0.02499997 0.03247582 0.01874995 -0.02399992 0.03341275 0.01702451 -0.02499997 0.0235995 -0.02914297 -0.02399992 0.0235995 -0.02914297 -0.02499997 0.03247582 0.01874995 -0.02499997 0.02509236 -0.02786785 -0.02399992 0.02509236 -0.02786785 -0.02499997 0.03145009 0.02042394 -0.02399992 0.03145009 0.02042394 -0.02499997 0.02651643 -0.02651643 -0.02399992 0.02651643 -0.02651643 -0.02499997 0.03033798 0.02204191 -0.02399992 0.03033798 0.02204191 -0.02499997 0.02786785 -0.02509236 -0.02399992 0.02786785 -0.02509236 -0.02499997 0.02914297 -0.02359944 -0.02399992 0.02914297 -0.02359944 -0.02499997 0.02914297 0.0235995 -0.02399992 0.02914297 0.0235995 -0.02499997 0.03033798 -0.02204191 -0.02399992 0.03033798 -0.02204191 -0.02499997 0.03145009 -0.02042388 -0.02399992 0.02786785 0.02509236 -0.02499997 0.02786785 0.02509236 -0.02399992 0.03145009 -0.02042388 -0.02499997 0.02651643 0.02651643 -0.02499997 0.02651643 0.02651643 -0.02399992 0.03247582 -0.01874995 -0.02399992 0.03247582 -0.01874995 -0.02499997 0.03341275 -0.01702451 -0.02399992 0.02509236 0.02786785 -0.02499997 0.02509236 0.02786785 -0.02399992 0.03425782 -0.01525259 -0.02399992 0.03341275 -0.01702451 -0.02499997 0.0235995 0.02914297 -0.02499997 0.0235995 0.02914297 -0.02399992 0.03500926 -0.01343876 -0.02399992 0.03425782 -0.01525259 -0.02499997 0.03566449 -0.01158803 -0.02399992 0.03500926 -0.01343876 -0.02499997 0.02204191 0.03033804 -0.02499997 0.02204191 0.03033804 -0.02399992 0.0362221 -0.009705662 -0.02399992 0.03566449 -0.01158803 -0.02499997 0.02042388 0.03145009 -0.02499997 0.02042388 0.03145009 -0.02399992 0.0362221 -0.009705662 -0.02499997 0.0366804 -0.007796645 -0.02399992 0.01874995 0.03247582 -0.02499997 0.01874995 0.03247582 -0.02399992 0.0366804 -0.007796645 -0.02499997 0.0370382 -0.005866169 -0.02399992 0.01702451 0.03341275 -0.02499997 0.01702451 0.03341275 -0.02399992 0.0370382 -0.005866169 -0.02499997 0.0372945 -0.00391978 -0.02399992 0.01525259 0.03425782 -0.02499997 0.01525259 0.03425782 -0.02399992 0.0372945 -0.00391978 -0.02499997 0.03744858 -0.001962482 -0.02499997 0.03744858 -0.001962482 -0.02399992 0.01343876 0.03500926 -0.02499997 0.01343876 0.03500926 -0.02399992 0.01158803 0.03566449 -0.02499997 0.01158803 0.03566449 -0.02399992 0.009705662 0.0362221 -0.02399992 0.009705662 0.0362221 -0.02499997 0.007796645 0.0366804 -0.02399992 0.007796645 0.0366804 -0.02499997 0.005866289 0.0370382 -0.02399992 0.005866289 0.0370382 -0.02499997 0.00391978 0.0372945 -0.02399992 0.00391978 0.0372945 -0.02499997 0.001962482 0.03744858 -0.02399992 0.001962482 0.03744858 -0.02499997 0 0.03749996 -0.02399992 0 0.03749996 -0.02499997 -0.001962482 0.03744858 -0.02399992 -0.001962482 0.03744858 -0.02499997 -0.00391978 0.0372945 -0.02399992 -0.00391978 0.0372945 -0.02499997 -0.005866289 0.0370382 -0.02399992 -0.005866289 0.0370382 -0.02499997 -0.007796645 0.0366804 -0.02399992 -0.007796645 0.0366804 -0.02499997 -0.009705662 0.0362221 -0.02399992 -0.009705662 0.0362221 -0.02499997 -0.01158803 0.03566449 -0.02399992 -0.01158803 0.03566449 -0.02499997 -0.01343876 0.03500926 -0.02399992 -0.01343876 0.03500926 -0.02499997 -0.01525259 0.03425782 -0.02399992 -0.01525259 0.03425782 -0.02499997 -0.01702451 0.03341275 -0.02399992 -0.01702451 0.03341275 -0.02499997 -0.01874995 0.03247582 -0.02499997 -0.01874995 0.03247582 -0.02399992 -0.02042388 0.03145009 -0.02499997 -0.02042388 0.03145009 -0.02399992 -0.02204191 0.03033804 -0.02499997 -0.02204191 0.03033804 -0.02399992 -0.0235995 0.02914297 -0.02499997 -0.0235995 0.02914297 -0.02399992 -0.02509236 0.02786785 -0.02499997 -0.02509236 0.02786785 -0.02399992 -0.02651643 0.02651643 -0.02499997 -0.02651643 0.02651643 -0.02399992 -0.02786785 0.02509236 -0.02499997 -0.02786785 0.02509236 -0.02399992 -0.02914297 0.0235995 -0.02499997 -0.02914297 0.0235995 -0.02399992 -0.03033798 0.02204191 -0.02499997 -0.03033798 0.02204191 -0.02399992 -0.03145009 0.02042394 -0.02499997 -0.03145009 0.02042394 -0.02399992 -0.03247582 0.01874995 -0.02499997 -0.03247582 0.01874995 -0.02399992 -0.03341275 0.01702451 -0.02499997 -0.03341275 0.01702451 -0.02399992 -0.03425782 0.01525259 -0.02499997 -0.03425782 0.01525259 -0.02399992 -0.03500926 0.01343876 -0.02499997 -0.03500926 0.01343876 -0.02399992 -0.03566449 0.01158803 -0.02499997 -0.03566449 0.01158803 -0.02399992 -0.0362221 0.009705662 -0.02499997 -0.0362221 0.009705662 -0.02399992 -0.0366804 0.007796645 -0.02499997 -0.0366804 0.007796645 -0.02399992 -0.0370382 0.005866289 -0.02499997 -0.0370382 0.005866289 -0.02399992 -0.0372945 0.00391978 -0.02499997 -0.0372945 0.00391978 -0.02399992 -0.03744858 0.001962602 -0.02499997 -0.03744858 0.001962602 -0.02399992 -0.03749996 0 -0.02399992 -0.03749996 0 -0.02499997 -0.03744858 -0.001962482 -0.02399992 -0.03744858 -0.001962482 -0.02499997 -0.0372945 -0.00391978 -0.02399992 -0.0372945 -0.00391978 -0.02499997 -0.0370382 -0.005866169 -0.02399992 -0.0370382 -0.005866169 -0.02499997 -0.0366804 -0.007796645 -0.02399992 -0.0366804 -0.007796645 -0.02499997 -0.0362221 -0.009705662 -0.02499997 -0.0362221 -0.009705662 -0.02399992 -0.03566449 -0.01158803 -0.02499997 -0.03566449 -0.01158803 -0.02399992 -0.03500926 -0.01343876 -0.02499997 -0.03500926 -0.01343876 -0.02399992 -0.03425782 -0.01525259 -0.02499997 -0.03425782 -0.01525259 -0.02399992 -0.03341275 -0.01702451 -0.02499997 -0.03341275 -0.01702451 -0.02399992 -0.03247582 -0.01874995 -0.02499997 -0.03247582 -0.01874995 -0.02399992 -0.03145009 -0.02042388 -0.02499997 -0.03145009 -0.02042388 -0.02399992 -0.03033798 -0.02204191 -0.02499997 -0.03033798 -0.02204191 -0.02399992 -0.02914297 -0.02359944 -0.02499997 -0.02914297 -0.02359944 -0.02399992 -0.02786785 -0.02509236 -0.02499997 -0.02786785 -0.02509236 -0.02399992 -0.02651643 -0.02651643 -0.02499997 -0.02651643 -0.02651643 -0.02399992 -0.02509236 -0.02786785 -0.02499997 -0.02509236 -0.02786785 -0.02399992 -0.0235995 -0.02914297 -0.02499997 -0.0235995 -0.02914297 -0.02399992 -0.02204191 -0.03033798 -0.02499997 -0.02204191 -0.03033798 -0.02399992 -0.02042388 -0.03145009 -0.02499997 -0.02042388 -0.03145009 -0.02399992 -0.01874995 -0.03247582 -0.02499997 -0.01874995 -0.03247582 -0.02399992 -0.01702451 -0.03341275 -0.02399992 -0.01702451 -0.03341275 -0.02499997 -0.01525259 -0.03425782 -0.02399992 -0.01525259 -0.03425782 -0.02499997 -0.01343876 -0.03500926 -0.02399992 -0.01343876 -0.03500926 -0.02499997 -0.01158803 -0.03566449 -0.02399992 -0.01158803 -0.03566449 -0.02499997 -0.009705662 -0.0362221 -0.02399992 -0.009705662 -0.0362221 -0.02499997 -0.007796645 -0.0366804 -0.02399992 -0.007796645 -0.0366804 -0.02499997 -0.005866289 -0.0370382 -0.02399992 -0.005866289 -0.0370382 -0.02499997 -0.00391978 -0.0372945 -0.02399992 -0.00391978 -0.0372945 -0.02499997 -0.001962482 -0.03744858 -0.02399992 -0.001962482 -0.03744858 -0.02499997 0 -0.03749996 -0.02499997 0 -0.03749996 -0.02399992 0.007796645 0.0366804 -0.03099989 0.005866289 0.0370382 -0.03099989 0.009705662 0.0362221 -0.03099989 0.01158803 0.03566449 -0.03099989 0.03744858 -0.001962482 -0.03099989 0.03749996 0 -0.03099989 0.01343876 0.03500926 -0.03099989 0.01525259 0.03425782 -0.03099989 0.0372945 -0.00391978 -0.03099989 0.0370382 -0.005866169 -0.03099989 0.01702451 0.03341275 -0.03099989 0.01874995 0.03247582 -0.03099989 0.0366804 -0.007796645 -0.03099989 0.0362221 -0.009705662 -0.03099989 0.03566449 -0.01158803 -0.03099989 0.02042388 0.03145009 -0.03099989 0.03500926 -0.01343876 -0.03099989 0.02204191 0.03033804 -0.03099989 0.0235995 0.02914297 -0.03099989 0.02509236 0.02786785 -0.03099989 0.03425782 -0.01525259 -0.03099989 0.02651643 0.02651643 -0.03099989 0.02786785 0.02509236 -0.03099989 0.03341275 -0.01702451 -0.03099989 0.03247582 -0.01874995 -0.03099989 0.02914297 0.0235995 -0.03099989 0.03145009 -0.02042388 -0.03099989 0.03033798 -0.02204191 -0.03099989 0.03033798 0.02204191 -0.03099989 0.03145009 0.02042394 -0.03099989 0.02914297 -0.02359944 -0.03099989 0.03247582 0.01874995 -0.03099989 0.03341275 0.01702451 -0.03099989 0.02786785 -0.02509236 -0.03099989 0.03425782 0.01525259 -0.03099989 0.02651643 -0.02651643 -0.03099989 0.03500926 0.01343876 -0.03099989 0.03566449 0.01158803 -0.03099989 0.02509236 -0.02786785 -0.03099989 0.0362221 0.009705662 -0.03099989 0.0235995 -0.02914297 -0.03099989 0.02204191 -0.03033798 -0.03099989 0.0366804 0.007796645 -0.03099989 0.02042388 -0.03145009 -0.03099989 0.0370382 0.005866289 -0.03099989 0.0372945 0.00391978 -0.03099989 0.01874995 -0.03247582 -0.03099989 0.01702451 -0.03341275 -0.03099989 0.03744858 0.001962602 -0.03099989 0.01525259 -0.03425782 -0.03099989 0.01343876 -0.03500926 -0.03099989 0.01158803 -0.03566449 -0.03099989 0.009705662 -0.0362221 -0.03099989 0.007796645 -0.0366804 -0.03099989 0.005866289 -0.0370382 -0.03099989 0.00391978 -0.0372945 -0.03099989 0.001962482 -0.03744858 -0.03099989 0 -0.03749996 -0.03099989 -0.001962482 -0.03744858 -0.03099989 -0.00391978 -0.0372945 -0.03099989 -0.005866289 -0.0370382 -0.03099989 -0.007796645 -0.0366804 -0.03099989 -0.009705662 -0.0362221 -0.03099989 -0.01158803 -0.03566449 -0.03099989 -0.01343876 -0.03500926 -0.03099989 -0.01525259 -0.03425782 -0.03099989 -0.01702451 -0.03341275 -0.03099989 -0.01874995 -0.03247582 -0.03099989 -0.02042388 -0.03145009 -0.03099989 -0.02204191 -0.03033798 -0.03099989 -0.0235995 -0.02914297 -0.03099989 -0.02509236 -0.02786785 -0.03099989 -0.02651643 -0.02651643 -0.03099989 -0.02786785 -0.02509236 -0.03099989 -0.02914297 -0.02359944 -0.03099989 -0.03033798 -0.02204191 -0.03099989 -0.03145009 -0.02042388 -0.03099989 -0.03247582 -0.01874995 -0.03099989 -0.03341275 -0.01702451 -0.03099989 -0.03425782 -0.01525259 -0.03099989 -0.03500926 -0.01343876 -0.03099989 -0.03566449 -0.01158803 -0.03099989 -0.0362221 -0.009705662 -0.03099989 -0.0366804 -0.007796645 -0.03099989 -0.0370382 -0.005866169 -0.03099989 -0.0372945 -0.00391978 -0.03099989 -0.03744858 -0.001962482 -0.03099989 -0.03749996 0 -0.03099989 -0.03744858 0.001962602 -0.03099989 -0.0372945 0.00391978 -0.03099989 -0.0370382 0.005866289 -0.03099989 -0.0366804 0.007796645 -0.03099989 -0.0362221 0.009705662 -0.03099989 -0.03566449 0.01158803 -0.03099989 -0.03500926 0.01343876 -0.03099989 -0.03425782 0.01525259 -0.03099989 -0.03341275 0.01702451 -0.03099989 -0.03247582 0.01874995 -0.03099989 -0.03145009 0.02042394 -0.03099989 -0.03033798 0.02204191 -0.03099989 -0.02914297 0.0235995 -0.03099989 -0.02786785 0.02509236 -0.03099989 -0.02651643 0.02651643 -0.03099989 -0.02509236 0.02786785 -0.03099989 -0.0235995 0.02914297 -0.03099989 -0.02204191 0.03033804 -0.03099989 -0.02042388 0.03145009 -0.03099989 -0.01874995 0.03247582 -0.03099989 -0.01702451 0.03341275 -0.03099989 -0.01525259 0.03425782 -0.03099989 -0.01343876 0.03500926 -0.03099989 -0.01158803 0.03566449 -0.03099989 -0.009705662 0.0362221 -0.03099989 -0.007796645 0.0366804 -0.03099989 -0.005866289 0.0370382 -0.03099989 -0.00391978 0.0372945 -0.03099989 -0.001962482 0.03744858 -0.03099989 0 0.03749996 -0.03099989 0.001962482 0.03744858 -0.03099989 0.00391978 0.0372945 -0.03099989 -0.02821373 -0.008615672 -0.02399992 -0.02867466 -0.006929039 -0.02399992 0.007775723 0.02845662 -0.02399992 0.006076276 0.02886736 -0.02399992 -0.02903479 -0.005218148 -0.02399992 -0.02929288 -0.003488957 -0.02399992 0.00435549 0.02917665 -0.02399992 -0.02944815 -0.001747488 -0.02399992 0.002619445 0.02938348 -0.02399992 -0.02949988 0 -0.02399992 8.74183e-4 0.02948695 -0.02399992 0.0211665 -0.02054828 -0.02399992 -8.74183e-4 0.02948695 -0.02399992 0.019912 -0.021766 -0.02399992 0.02234655 -0.0192582 -0.02399992 0.01858752 -0.02290749 -0.02399992 -0.02944815 0.001747488 -0.02399992 -0.002619445 0.02938348 -0.02399992 0.0234481 -0.01790058 -0.02399992 0.01719778 -0.02396833 -0.02399992 0.0244674 -0.01648002 -0.02399992 -0.02929288 0.003488957 -0.02399992 -0.00435549 0.02917665 -0.02399992 0.01574778 -0.02494508 -0.02399992 0.02540069 -0.01500165 -0.02399992 0.01424235 -0.0258342 -0.02399992 0.02624481 -0.01347059 -0.02399992 -0.02903479 0.005218148 -0.02399992 -0.006076276 0.02886736 -0.02399992 0.01268678 -0.02663242 -0.02399992 -0.02867466 0.006929039 -0.02399992 0.02699679 -0.01189208 -0.02399992 0.01108688 -0.02733725 -0.02399992 -0.02821373 0.008615672 -0.02399992 -0.007775723 0.02845662 -0.02399992 0.02765387 -0.01027178 -0.02399992 0.009447932 -0.02794605 -0.02399992 -0.02765387 0.01027184 -0.02399992 -0.009447932 0.02794605 -0.02399992 0.02821373 -0.008615672 -0.02399992 0.007775723 -0.02845662 -0.02399992 -0.02699679 0.01189208 -0.02399992 -0.01108688 0.02733725 -0.02399992 0.02867466 -0.006929039 -0.02399992 0.006076276 -0.02886736 -0.02399992 -0.02624481 0.01347059 -0.02399992 -0.01268678 0.02663242 -0.02399992 0.02903479 -0.005218148 -0.02399992 0.00435549 -0.02917665 -0.02399992 -0.01424235 0.0258342 -0.02399992 0.02929288 -0.003488957 -0.02399992 -0.02540069 0.01500165 -0.02399992 0.002619445 -0.02938348 -0.02399992 -0.01574778 0.02494508 -0.02399992 0.02944815 -0.001747488 -0.02399992 -0.0244674 0.01648002 -0.02399992 -0.01719778 0.02396833 -0.02399992 8.74183e-4 -0.02948695 -0.02399992 -0.0234481 0.01790058 -0.02399992 0.02949988 0 -0.02399992 -0.01858752 0.02290749 -0.02399992 -0.02234655 0.0192582 -0.02399992 -8.74183e-4 -0.02948695 -0.02399992 -0.0211665 0.02054828 -0.02399992 0.02944815 0.001747488 -0.02399992 -0.019912 0.021766 -0.02399992 -0.002619445 -0.02938348 -0.02399992 0.02929288 0.003488957 -0.02399992 -0.00435549 -0.02917665 -0.02399992 0.02903479 0.005218148 -0.02399992 -0.006076276 -0.02886736 -0.02399992 0.02867466 0.006929039 -0.02399992 -0.007775723 -0.02845662 -0.02399992 0.02821373 0.008615672 -0.02399992 -0.009447932 -0.02794605 -0.02399992 0.02765387 0.01027184 -0.02399992 -0.01108688 -0.02733725 -0.02399992 0.02699679 0.01189208 -0.02399992 -0.01268678 -0.02663242 -0.02399992 0.02624481 0.01347059 -0.02399992 -0.01424235 -0.0258342 -0.02399992 0.02540069 0.01500165 -0.02399992 -0.01574778 -0.02494508 -0.02399992 0.0244674 0.01648002 -0.02399992 -0.01719778 -0.02396833 -0.02399992 0.0234481 0.01790058 -0.02399992 -0.01858752 -0.02290749 -0.02399992 0.02234655 0.0192582 -0.02399992 -0.019912 -0.021766 -0.02399992 0.0211665 0.02054828 -0.02399992 -0.0211665 -0.02054828 -0.02399992 0.019912 0.021766 -0.02399992 -0.02234655 -0.0192582 -0.02399992 0.01858752 0.02290749 -0.02399992 -0.0234481 -0.01790058 -0.02399992 -0.0244674 -0.01648002 -0.02399992 0.01719778 0.02396833 -0.02399992 -0.02540069 -0.01500165 -0.02399992 0.01574778 0.02494508 -0.02399992 -0.02624481 -0.01347059 -0.02399992 0.01424235 0.0258342 -0.02399992 0.01268678 0.02663242 -0.02399992 -0.02699679 -0.01189208 -0.02399992 0.01108688 0.02733725 -0.02399992 -0.02765387 -0.01027178 -0.02399992 0.009447932 0.02794605 -0.02399992 0.0363 -0.003815174 -0.03099989 0.0364499 -0.00191015 -0.03099989 -0.00191015 0.0364499 -0.03099989 -0.003815174 0.0363 -0.03099989 0.03649991 0 -0.03099989 0 0.03649991 -0.03099989 -0.02580928 -0.02580928 -0.03099989 0.00191015 0.0364499 -0.03099989 -0.0244233 -0.02712476 -0.03099989 0.0364499 0.00191015 -0.03099989 -0.02712476 -0.0244233 -0.03099989 -0.02297013 -0.02836579 -0.03099989 -0.02836579 -0.02297013 -0.03099989 0.003815174 0.0363 -0.03099989 0.0363 0.003815293 -0.03099989 0.03605049 0.005709767 -0.03099989 -0.02145415 -0.02952909 -0.03099989 -0.02952909 -0.02145415 -0.03099989 -0.01987928 -0.03061145 -0.03099989 0.005709767 0.03605049 -0.03099989 -0.03061145 -0.01987928 -0.03099989 0.03570228 0.007588744 -0.03099989 0.007588744 0.03570234 -0.03099989 -0.01824992 -0.03160989 -0.03099989 -0.03160989 -0.01824992 -0.03099989 0.009446859 0.0352562 -0.03099989 0.0352562 0.009446859 -0.03099989 -0.01657062 -0.03252166 -0.03099989 -0.03252166 -0.01657062 -0.03099989 0.0347135 0.01127904 -0.03099989 0.01127898 0.0347135 -0.03099989 -0.01484578 -0.03334432 -0.03099989 -0.03334432 -0.01484578 -0.03099989 -0.01308029 -0.03407561 -0.03099989 0.03407561 0.01308029 -0.03099989 0.01308029 0.03407561 -0.03099989 0.01484578 0.03334432 -0.03099989 -0.03407561 -0.01308029 -0.03099989 -0.01127898 -0.0347135 -0.03099989 0.03334432 0.01484584 -0.03099989 0.03252166 0.01657062 -0.03099989 -0.0347135 -0.01127898 -0.03099989 -0.009446859 -0.0352562 -0.03099989 -0.0352562 -0.009446859 -0.03099989 0.01657062 0.03252166 -0.03099989 0.01824992 0.03160989 -0.03099989 0.03160989 0.01824992 -0.03099989 -0.007588744 -0.03570228 -0.03099989 -0.03570228 -0.007588744 -0.03099989 0.03061145 0.01987928 -0.03099989 -0.005709767 -0.03605049 -0.03099989 -0.03605049 -0.005709767 -0.03099989 -0.003815174 -0.03629994 -0.03099989 -0.0363 -0.003815174 -0.03099989 0.02952909 0.02145415 -0.03099989 0.01987928 0.03061145 -0.03099989 0.02145415 0.02952909 -0.03099989 -0.00191015 -0.0364499 -0.03099989 -0.0364499 -0.00191015 -0.03099989 0.02836579 0.02297013 -0.03099989 0.02297013 0.02836579 -0.03099989 0.0244233 0.02712476 -0.03099989 0 -0.03649991 -0.03099989 -0.03649991 0 -0.03099989 0.02712476 0.0244233 -0.03099989 0.02580928 0.02580934 -0.03099989 0.00191015 -0.0364499 -0.03099989 -0.0364499 0.00191015 -0.03099989 0.003815174 -0.03629994 -0.03099989 -0.0363 0.003815293 -0.03099989 0.005709767 -0.03605049 -0.03099989 -0.03605049 0.005709767 -0.03099989 0.007588744 -0.03570228 -0.03099989 -0.03570228 0.007588744 -0.03099989 0.009446859 -0.0352562 -0.03099989 -0.0352562 0.009446859 -0.03099989 0.01127898 -0.0347135 -0.03099989 -0.0347135 0.01127904 -0.03099989 0.01308029 -0.03407561 -0.03099989 -0.03407561 0.01308029 -0.03099989 0.01484578 -0.03334432 -0.03099989 -0.03334432 0.01484584 -0.03099989 0.01657062 -0.03252166 -0.03099989 -0.03252166 0.01657062 -0.03099989 0.01824992 -0.03160989 -0.03099989 -0.03160989 0.01824992 -0.03099989 0.01987928 -0.03061145 -0.03099989 -0.03061145 0.01987928 -0.03099989 0.02145415 -0.02952909 -0.03099989 -0.02952909 0.02145415 -0.03099989 0.02297013 -0.02836579 -0.03099989 -0.02836579 0.02297013 -0.03099989 0.0244233 -0.02712476 -0.03099989 -0.02712476 0.0244233 -0.03099989 0.02580928 -0.02580928 -0.03099989 -0.02580928 0.02580934 -0.03099989 -0.0244233 0.02712476 -0.03099989 0.02712476 -0.0244233 -0.03099989 -0.02297013 0.02836579 -0.03099989 0.02836579 -0.02297013 -0.03099989 0.02952909 -0.02145415 -0.03099989 -0.02145415 0.02952909 -0.03099989 0.03061145 -0.01987928 -0.03099989 -0.01987928 0.03061145 -0.03099989 0.03160989 -0.01824992 -0.03099989 -0.01824992 0.03160989 -0.03099989 0.03252166 -0.01657062 -0.03099989 -0.01657062 0.03252166 -0.03099989 0.03334432 -0.01484578 -0.03099989 -0.01484578 0.03334432 -0.03099989 0.03407561 -0.01308029 -0.03099989 -0.01308029 0.03407561 -0.03099989 0.0347135 -0.01127898 -0.03099989 -0.01127898 0.0347135 -0.03099989 0.0352562 -0.009446859 -0.03099989 -0.009446859 0.0352562 -0.03099989 0.03570228 -0.007588744 -0.03099989 -0.007588744 0.03570234 -0.03099989 -0.005709767 0.03605049 -0.03099989 0.03605049 -0.005709767 -0.03099989 0.02234655 -0.0192582 -9.99998e-4 0.0244674 -0.01648002 -9.99998e-4 0.0234481 -0.01790058 -9.99998e-4 0.02540069 -0.01500165 -9.99998e-4 0.02624481 -0.01347059 -9.99998e-4 0.02944815 0.001747488 -9.99998e-4 0.02949988 0 -9.99998e-4 0.02929288 0.003488957 -9.99998e-4 0.02699679 -0.01189208 -9.99998e-4 0.02903479 0.005218148 -9.99998e-4 0.02765387 -0.01027178 -9.99998e-4 0.02821373 -0.008615672 -9.99998e-4 0.02867466 -0.006929039 -9.99998e-4 0.02867466 0.006929039 -9.99998e-4 0.02821373 0.008615672 -9.99998e-4 0.02903479 -0.005218148 -9.99998e-4 0.02929288 -0.003488957 -9.99998e-4 0.02765387 0.01027184 -9.99998e-4 0.02699679 0.01189208 -9.99998e-4 0.02944815 -0.001747488 -9.99998e-4 0.02624481 0.01347059 -9.99998e-4 0.02540069 0.01500165 -9.99998e-4 0.0244674 0.01648002 -9.99998e-4 0.0234481 0.01790058 -9.99998e-4 0.02234655 0.0192582 -9.99998e-4 0.0211665 0.02054828 -9.99998e-4 0.019912 0.021766 -9.99998e-4 0.01858752 0.02290749 -9.99998e-4 0.01719778 0.02396833 -9.99998e-4 0.01574778 0.02494508 -9.99998e-4 0.01424235 0.0258342 -9.99998e-4 0.01268678 0.02663242 -9.99998e-4 0.01108688 0.02733725 -9.99998e-4 0.009447932 0.02794605 -9.99998e-4 0.007775723 0.02845662 -9.99998e-4 0.006076276 0.02886736 -9.99998e-4 0.00435549 0.02917665 -9.99998e-4 0.002619445 0.02938348 -9.99998e-4 8.74183e-4 0.02948695 -9.99998e-4 -8.74183e-4 0.02948695 -9.99998e-4 -0.002619445 0.02938348 -9.99998e-4 -0.00435549 0.02917665 -9.99998e-4 -0.006076276 0.02886736 -9.99998e-4 -0.007775723 0.02845662 -9.99998e-4 -0.009447932 0.02794605 -9.99998e-4 -0.01108688 0.02733725 -9.99998e-4 -0.01268678 0.02663242 -9.99998e-4 -0.01424235 0.0258342 -9.99998e-4 -0.01574778 0.02494508 -9.99998e-4 -0.01719778 0.02396833 -9.99998e-4 -0.01858752 0.02290749 -9.99998e-4 -0.019912 0.021766 -9.99998e-4 -0.0211665 0.02054828 -9.99998e-4 -0.02234655 0.0192582 -9.99998e-4 -0.0234481 0.01790058 -9.99998e-4 -0.0244674 0.01648002 -9.99998e-4 -0.02540069 0.01500165 -9.99998e-4 -0.02624481 0.01347059 -9.99998e-4 -0.02699679 0.01189208 -9.99998e-4 -0.02765387 0.01027184 -9.99998e-4 -0.02821373 0.008615672 -9.99998e-4 -0.02867466 0.006929039 -9.99998e-4 -0.02903479 0.005218148 -9.99998e-4 -0.02929288 0.003488957 -9.99998e-4 -0.02944815 0.001747488 -9.99998e-4 -0.02949988 0 -9.99998e-4 -0.02944815 -0.001747488 -9.99998e-4 -0.02929288 -0.003488957 -9.99998e-4 -0.02903479 -0.005218148 -9.99998e-4 -0.02867466 -0.006929039 -9.99998e-4 -0.02821373 -0.008615672 -9.99998e-4 -0.02765387 -0.01027178 -9.99998e-4 -0.02699679 -0.01189208 -9.99998e-4 -0.02624481 -0.01347059 -9.99998e-4 -0.02540069 -0.01500165 -9.99998e-4 -0.0244674 -0.01648002 -9.99998e-4 -0.0234481 -0.01790058 -9.99998e-4 -0.02234655 -0.0192582 -9.99998e-4 -0.0211665 -0.02054828 -9.99998e-4 -0.019912 -0.021766 -9.99998e-4 -0.01858752 -0.02290749 -9.99998e-4 -0.01719778 -0.02396833 -9.99998e-4 -0.01574778 -0.02494508 -9.99998e-4 -0.01424235 -0.0258342 -9.99998e-4 -0.01268678 -0.02663242 -9.99998e-4 -0.01108688 -0.02733725 -9.99998e-4 -0.009447932 -0.02794605 -9.99998e-4 -0.007775723 -0.02845662 -9.99998e-4 -0.006076276 -0.02886736 -9.99998e-4 -0.00435549 -0.02917665 -9.99998e-4 -0.002619445 -0.02938348 -9.99998e-4 -8.74183e-4 -0.02948695 -9.99998e-4 8.74183e-4 -0.02948695 -9.99998e-4 0.002619445 -0.02938348 -9.99998e-4 0.00435549 -0.02917665 -9.99998e-4 0.006076276 -0.02886736 -9.99998e-4 0.007775723 -0.02845662 -9.99998e-4 0.009447932 -0.02794605 -9.99998e-4 0.01108688 -0.02733725 -9.99998e-4 0.01268678 -0.02663242 -9.99998e-4 0.01424235 -0.0258342 -9.99998e-4 0.01574778 -0.02494508 -9.99998e-4 0.01719778 -0.02396833 -9.99998e-4 0.01858752 -0.02290749 -9.99998e-4 0.019912 -0.021766 -9.99998e-4 0.0211665 -0.02054828 -9.99998e-4 0.007588744 0.03570234 -0.02499997 0.005709767 0.03605049 -0.02499997 0.009446859 0.0352562 -0.02499997 0.01127898 0.0347135 -0.02499997 0.0364499 -0.00191015 -0.02499997 0.03649991 0 -0.02499997 0.01308029 0.03407561 -0.02499997 0.0363 -0.003815174 -0.02499997 0.01484578 0.03334432 -0.02499997 0.03605049 -0.005709767 -0.02499997 0.01657062 0.03252166 -0.02499997 0.03570228 -0.007588744 -0.02499997 0.01824992 0.03160989 -0.02499997 0.0352562 -0.009446859 -0.02499997 0.01987928 0.03061145 -0.02499997 0.0347135 -0.01127898 -0.02499997 0.02145415 0.02952909 -0.02499997 0.03407561 -0.01308029 -0.02499997 0.02297013 0.02836579 -0.02499997 0.03334432 -0.01484578 -0.02499997 0.0244233 0.02712476 -0.02499997 0.03252166 -0.01657062 -0.02499997 0.02580928 0.02580934 -0.02499997 0.03160989 -0.01824992 -0.02499997 0.02712476 0.0244233 -0.02499997 0.03061145 -0.01987928 -0.02499997 0.02836579 0.02297013 -0.02499997 0.02952909 0.02145415 -0.02499997 0.02952909 -0.02145415 -0.02499997 0.03061145 0.01987928 -0.02499997 0.02836579 -0.02297013 -0.02499997 0.03160989 0.01824992 -0.02499997 0.02712476 -0.0244233 -0.02499997 0.03252166 0.01657062 -0.02499997 0.02580928 -0.02580928 -0.02499997 0.03334432 0.01484584 -0.02499997 0.0244233 -0.02712476 -0.02499997 0.03407561 0.01308029 -0.02499997 0.02297013 -0.02836579 -0.02499997 0.0347135 0.01127904 -0.02499997 0.02145415 -0.02952909 -0.02499997 0.0352562 0.009446859 -0.02499997 0.01987928 -0.03061145 -0.02499997 0.03570228 0.007588744 -0.02499997 0.01824992 -0.03160989 -0.02499997 0.03605049 0.005709767 -0.02499997 0.0363 0.003815293 -0.02499997 0.01657062 -0.03252166 -0.02499997 0.0364499 0.00191015 -0.02499997 0.01484578 -0.03334432 -0.02499997 0.01308029 -0.03407561 -0.02499997 0.01127898 -0.0347135 -0.02499997 0.009446859 -0.0352562 -0.02499997 0.007588744 -0.03570228 -0.02499997 0.005709767 -0.03605049 -0.02499997 0.003815174 -0.03629994 -0.02499997 0.00191015 -0.0364499 -0.02499997 0 -0.03649991 -0.02499997 -0.00191015 -0.0364499 -0.02499997 -0.003815174 -0.03629994 -0.02499997 -0.005709767 -0.03605049 -0.02499997 -0.007588744 -0.03570228 -0.02499997 -0.009446859 -0.0352562 -0.02499997 -0.01127898 -0.0347135 -0.02499997 -0.01308029 -0.03407561 -0.02499997 -0.01484578 -0.03334432 -0.02499997 -0.01657062 -0.03252166 -0.02499997 -0.01824992 -0.03160989 -0.02499997 -0.01987928 -0.03061145 -0.02499997 -0.02145415 -0.02952909 -0.02499997 -0.02297013 -0.02836579 -0.02499997 -0.0244233 -0.02712476 -0.02499997 -0.02580928 -0.02580928 -0.02499997 -0.02712476 -0.0244233 -0.02499997 -0.02836579 -0.02297013 -0.02499997 -0.02952909 -0.02145415 -0.02499997 -0.03061145 -0.01987928 -0.02499997 -0.03160989 -0.01824992 -0.02499997 -0.03252166 -0.01657062 -0.02499997 -0.03334432 -0.01484578 -0.02499997 -0.03407561 -0.01308029 -0.02499997 -0.0347135 -0.01127898 -0.02499997 -0.0352562 -0.009446859 -0.02499997 -0.03570228 -0.007588744 -0.02499997 -0.03605049 -0.005709767 -0.02499997 -0.0363 -0.003815174 -0.02499997 -0.0364499 -0.00191015 -0.02499997 -0.03649991 0 -0.02499997 -0.0364499 0.00191015 -0.02499997 -0.0363 0.003815293 -0.02499997 -0.03605049 0.005709767 -0.02499997 -0.03570228 0.007588744 -0.02499997 -0.0352562 0.009446859 -0.02499997 -0.0347135 0.01127904 -0.02499997 -0.03407561 0.01308029 -0.02499997 -0.03334432 0.01484584 -0.02499997 -0.03252166 0.01657062 -0.02499997 -0.03160989 0.01824992 -0.02499997 -0.03061145 0.01987928 -0.02499997 -0.02952909 0.02145415 -0.02499997 -0.02836579 0.02297013 -0.02499997 -0.02712476 0.0244233 -0.02499997 -0.02580928 0.02580934 -0.02499997 -0.0244233 0.02712476 -0.02499997 -0.02297013 0.02836579 -0.02499997 -0.02145415 0.02952909 -0.02499997 -0.01987928 0.03061145 -0.02499997 -0.01824992 0.03160989 -0.02499997 -0.01657062 0.03252166 -0.02499997 -0.01484578 0.03334432 -0.02499997 -0.01308029 0.03407561 -0.02499997 -0.01127898 0.0347135 -0.02499997 -0.009446859 0.0352562 -0.02499997 -0.007588744 0.03570234 -0.02499997 -0.005709767 0.03605049 -0.02499997 -0.003815174 0.0363 -0.02499997 -0.00191015 0.0364499 -0.02499997 0 0.03649991 -0.02499997 0.00191015 0.0364499 -0.02499997 0.003815174 0.0363 -0.02499997 -0.02079558 -0.002922534 -9.99998e-4 -0.0209487 -0.001464784 -9.99998e-4 7.32889e-4 0.02098715 -9.99998e-4 0.00219506 0.02088499 -9.99998e-4 -0.0209999 0 -9.99998e-4 -7.32889e-4 0.02098715 -9.99998e-4 0.01510608 -0.0145877 -9.99998e-4 -0.0209487 0.001464784 -9.99998e-4 0.01405161 -0.01560592 -9.99998e-4 -0.00219506 0.02088499 -9.99998e-4 0.01608687 -0.01349842 -9.99998e-4 -0.02079558 0.002922534 -9.99998e-4 -0.003646492 0.02068096 -9.99998e-4 0.0129289 -0.01654809 -9.99998e-4 -0.02054107 0.00436604 -9.99998e-4 0.01698935 -0.0123434 -9.99998e-4 -0.005080342 0.0203762 -9.99998e-4 0.011743 -0.0174098 -9.99998e-4 -0.02018648 0.005788326 -9.99998e-4 -0.006489336 0.0199722 -9.99998e-4 0.01780897 -0.01112818 -9.99998e-4 0.01049995 -0.01818645 -9.99998e-4 -0.01973342 0.007182419 -9.99998e-4 -0.00786674 0.01947087 -9.99998e-4 -0.01918435 0.008541464 -9.99998e-4 0.01854187 -0.009858846 -9.99998e-4 0.009205758 -0.01887464 -9.99998e-4 -0.009205758 0.0188747 -9.99998e-4 0.01918435 -0.008541464 -9.99998e-4 -0.01854187 0.009858846 -9.99998e-4 0.00786674 -0.01947087 -9.99998e-4 -0.01049995 0.01818645 -9.99998e-4 0.01973342 -0.0071823 -9.99998e-4 -0.01780897 0.01112824 -9.99998e-4 -0.011743 0.0174098 -9.99998e-4 0.006489336 -0.01997214 -9.99998e-4 -0.01698935 0.0123434 -9.99998e-4 -0.0129289 0.01654809 -9.99998e-4 0.02018648 -0.005788326 -9.99998e-4 -0.01608687 0.01349842 -9.99998e-4 -0.01405161 0.01560592 -9.99998e-4 -0.01510608 0.0145877 -9.99998e-4 0.005080342 -0.02037614 -9.99998e-4 0.02054107 -0.00436604 -9.99998e-4 0.003646492 -0.02068096 -9.99998e-4 0.02079558 -0.002922534 -9.99998e-4 0.00219506 -0.02088499 -9.99998e-4 0.0209487 -0.001464784 -9.99998e-4 7.32889e-4 -0.02098715 -9.99998e-4 0.0209999 0 -9.99998e-4 -7.32889e-4 -0.02098715 -9.99998e-4 0.0209487 0.001464784 -9.99998e-4 -0.00219506 -0.02088499 -9.99998e-4 0.02079558 0.002922534 -9.99998e-4 -0.003646492 -0.02068096 -9.99998e-4 0.02054107 0.00436604 -9.99998e-4 -0.005080342 -0.02037614 -9.99998e-4 0.02018648 0.005788326 -9.99998e-4 -0.006489336 -0.01997214 -9.99998e-4 0.01973342 0.007182419 -9.99998e-4 -0.00786674 -0.01947087 -9.99998e-4 0.01918435 0.008541464 -9.99998e-4 -0.009205758 -0.01887464 -9.99998e-4 0.01854187 0.009858846 -9.99998e-4 -0.01049995 -0.01818645 -9.99998e-4 0.01780897 0.01112824 -9.99998e-4 -0.011743 -0.0174098 -9.99998e-4 0.01698935 0.0123434 -9.99998e-4 -0.0129289 -0.01654809 -9.99998e-4 0.01608687 0.01349842 -9.99998e-4 -0.01405161 -0.01560592 -9.99998e-4 0.01510608 0.0145877 -9.99998e-4 -0.01510608 -0.0145877 -9.99998e-4 0.01405161 0.01560592 -9.99998e-4 -0.01608687 -0.01349842 -9.99998e-4 0.0129289 0.01654809 -9.99998e-4 -0.01698935 -0.0123434 -9.99998e-4 0.011743 0.0174098 -9.99998e-4 -0.01780897 -0.01112818 -9.99998e-4 0.01049995 0.01818645 -9.99998e-4 -0.01854187 -0.009858846 -9.99998e-4 0.009205758 0.0188747 -9.99998e-4 -0.01918435 -0.008541464 -9.99998e-4 0.00786674 0.01947087 -9.99998e-4 -0.01973342 -0.0071823 -9.99998e-4 0.006489336 0.0199722 -9.99998e-4 -0.02018648 -0.005788326 -9.99998e-4 0.005080342 0.0203762 -9.99998e-4 -0.02054107 -0.00436604 -9.99998e-4 0.003646492 0.02068096 -9.99998e-4 0.01049995 0.01818645 -0.02499997 -0.01780897 -0.01112818 -0.02499997 -0.01854187 -0.009858846 -0.02499997 0.009205758 0.0188747 -0.02499997 -0.01918435 -0.008541464 -0.02499997 0.00786674 0.01947087 -0.02499997 0.006489336 0.0199722 -0.02499997 -0.01973342 -0.0071823 -0.02499997 -0.02018648 -0.005788326 -0.02499997 0.005080342 0.0203762 -0.02499997 -0.02054107 -0.00436604 -0.02499997 0.01510608 -0.0145877 -0.02499997 0.003646492 0.02068096 -0.02499997 0.01405161 -0.01560592 -0.02499997 0.01608687 -0.01349842 -0.02499997 0.0129289 -0.01654809 -0.02499997 0.00219506 0.02088499 -0.02499997 0.01698935 -0.0123434 -0.02499997 -0.02079558 -0.002922534 -0.02499997 0.011743 -0.0174098 -0.02499997 -0.0209487 -0.001464784 -0.02499997 7.32889e-4 0.02098715 -0.02499997 0.01780897 -0.01112818 -0.02499997 0.01049995 -0.01818645 -0.02499997 -0.0209999 0 -0.02499997 -7.32889e-4 0.02098715 -0.02499997 0.01854187 -0.009858846 -0.02499997 -0.00219506 0.02088499 -0.02499997 0.009205758 -0.01887464 -0.02499997 0.01918435 -0.008541464 -0.02499997 -0.0209487 0.001464784 -0.02499997 0.00786674 -0.01947087 -0.02499997 -0.02079558 0.002922534 -0.02499997 0.01973342 -0.0071823 -0.02499997 -0.003646492 0.02068096 -0.02499997 0.006489336 -0.01997214 -0.02499997 -0.02054107 0.00436604 -0.02499997 0.02018648 -0.005788326 -0.02499997 -0.005080342 0.0203762 -0.02499997 0.005080342 -0.02037614 -0.02499997 -0.006489336 0.0199722 -0.02499997 0.02054107 -0.00436604 -0.02499997 -0.02018648 0.005788326 -0.02499997 0.003646492 -0.02068096 -0.02499997 0.02079558 -0.002922534 -0.02499997 -0.01973342 0.007182419 -0.02499997 -0.00786674 0.01947087 -0.02499997 0.00219506 -0.02088499 -0.02499997 -0.01918435 0.008541464 -0.02499997 -0.009205758 0.0188747 -0.02499997 0.0209487 -0.001464784 -0.02499997 7.32889e-4 -0.02098715 -0.02499997 -0.01049995 0.01818645 -0.02499997 0.0209999 0 -0.02499997 -0.01854187 0.009858846 -0.02499997 -7.32889e-4 -0.02098715 -0.02499997 -0.01780897 0.01112824 -0.02499997 -0.011743 0.0174098 -0.02499997 0.0209487 0.001464784 -0.02499997 -0.01698935 0.0123434 -0.02499997 -0.00219506 -0.02088499 -0.02499997 -0.0129289 0.01654809 -0.02499997 -0.01405161 0.01560592 -0.02499997 0.02079558 0.002922534 -0.02499997 -0.01608687 0.01349842 -0.02499997 -0.003646492 -0.02068096 -0.02499997 -0.01510608 0.0145877 -0.02499997 0.02054107 0.00436604 -0.02499997 -0.005080342 -0.02037614 -0.02499997 0.02018648 0.005788326 -0.02499997 -0.006489336 -0.01997214 -0.02499997 0.01973342 0.007182419 -0.02499997 -0.00786674 -0.01947087 -0.02499997 0.01918435 0.008541464 -0.02499997 -0.009205758 -0.01887464 -0.02499997 0.01854187 0.009858846 -0.02499997 -0.01049995 -0.01818645 -0.02499997 0.01780897 0.01112824 -0.02499997 -0.011743 -0.0174098 -0.02499997 0.01698935 0.0123434 -0.02499997 -0.0129289 -0.01654809 -0.02499997 0.01608687 0.01349842 -0.02499997 -0.01405161 -0.01560592 -0.02499997 0.01510608 0.0145877 -0.02499997 -0.01510608 -0.0145877 -0.02499997 0.01405161 0.01560592 -0.02499997 -0.01608687 -0.01349842 -0.02499997 0.0129289 0.01654809 -0.02499997 -0.01698935 -0.0123434 -0.02499997 0.011743 0.0174098 -0.02499997 0.0209487 0.001464784 -0.02399992 0.0209999 0 -0.02399992 0.02079558 0.002922534 -0.02399992 0.02054107 0.00436604 -0.02399992 0.02018648 0.005788326 -0.02399992 0.01973342 0.007182419 -0.02399992 0.01918435 0.008541464 -0.02399992 0.01854187 0.009858846 -0.02399992 0.01780897 0.01112824 -0.02399992 0.01698935 0.0123434 -0.02399992 0.01608687 0.01349842 -0.02399992 0.01510608 0.0145877 -0.02399992 0.01405161 0.01560592 -0.02399992 0.0129289 0.01654809 -0.02399992 0.011743 0.0174098 -0.02399992 0.01049995 0.01818645 -0.02399992 0.009205758 0.0188747 -0.02399992 0.00786674 0.01947087 -0.02399992 0.006489336 0.0199722 -0.02399992 0.005080342 0.0203762 -0.02399992 0.003646492 0.02068096 -0.02399992 0.00219506 0.02088499 -0.02399992 7.32889e-4 0.02098715 -0.02399992 -7.32889e-4 0.02098715 -0.02399992 -0.00219506 0.02088499 -0.02399992 -0.003646492 0.02068096 -0.02399992 -0.005080342 0.0203762 -0.02399992 -0.006489336 0.0199722 -0.02399992 -0.00786674 0.01947087 -0.02399992 -0.009205758 0.0188747 -0.02399992 -0.01049995 0.01818645 -0.02399992 -0.011743 0.0174098 -0.02399992 -0.0129289 0.01654809 -0.02399992 -0.01405161 0.01560592 -0.02399992 -0.01510608 0.0145877 -0.02399992 -0.01608687 0.01349842 -0.02399992 -0.01698935 0.0123434 -0.02399992 -0.01780897 0.01112824 -0.02399992 -0.01854187 0.009858846 -0.02399992 -0.01918435 0.008541464 -0.02399992 -0.01973342 0.007182419 -0.02399992 -0.02018648 0.005788326 -0.02399992 -0.02054107 0.00436604 -0.02399992 -0.02079558 0.002922534 -0.02399992 -0.0209487 0.001464784 -0.02399992 -0.0209999 0 -0.02399992 -0.0209487 -0.001464784 -0.02399992 -0.02079558 -0.002922534 -0.02399992 -0.02054107 -0.00436604 -0.02399992 -0.02018648 -0.005788326 -0.02399992 -0.01973342 -0.0071823 -0.02399992 -0.01918435 -0.008541464 -0.02399992 -0.01854187 -0.009858846 -0.02399992 -0.01780897 -0.01112818 -0.02399992 -0.01698935 -0.0123434 -0.02399992 -0.01608687 -0.01349842 -0.02399992 -0.01510608 -0.0145877 -0.02399992 -0.01405161 -0.01560592 -0.02399992 -0.0129289 -0.01654809 -0.02399992 -0.011743 -0.0174098 -0.02399992 -0.01049995 -0.01818645 -0.02399992 -0.009205758 -0.01887464 -0.02399992 -0.00786674 -0.01947087 -0.02399992 -0.006489336 -0.01997214 -0.02399992 -0.005080342 -0.02037614 -0.02399992 -0.003646492 -0.02068096 -0.02399992 -0.00219506 -0.02088499 -0.02399992 -7.32889e-4 -0.02098715 -0.02399992 7.32889e-4 -0.02098715 -0.02399992 0.00219506 -0.02088499 -0.02399992 0.003646492 -0.02068096 -0.02399992 0.005080342 -0.02037614 -0.02399992 0.006489336 -0.01997214 -0.02399992 0.00786674 -0.01947087 -0.02399992 0.009205758 -0.01887464 -0.02399992 0.01049995 -0.01818645 -0.02399992 0.011743 -0.0174098 -0.02399992 0.0129289 -0.01654809 -0.02399992 0.01405161 -0.01560592 -0.02399992 0.01510608 -0.0145877 -0.02399992 0.01608687 -0.01349842 -0.02399992 0.01698935 -0.0123434 -0.02399992 0.01780897 -0.01112818 -0.02399992 0.01854187 -0.009858846 -0.02399992 0.01918435 -0.008541464 -0.02399992 0.01973342 -0.0071823 -0.02399992 0.02018648 -0.005788326 -0.02399992 0.02054107 -0.00436604 -0.02399992 0.02079558 -0.002922534 -0.02399992 0.0209487 -0.001464784 -0.02399992 -0.02319508 -0.006330907 -0.04099988 -0.0235514 -0.008386254 -0.04499989 -0.01958262 -0.004064202 -0.04499989 -0.0239734 -0.007250845 -0.04099988 -0.02241688 -0.005410969 -0.04099988 -0.02674543 -0.008819699 -0.037 -0.02598279 -0.007844209 -0.037 -0.02522027 -0.00686872 -0.037 -0.02445769 -0.00589323 -0.037 -0.02986359 -0.006197929 -0.02499997 -0.02873939 -0.009468615 -0.03299999 -0.03344297 -0.01190847 -0.02499997 -0.02799218 -0.008437573 -0.03299999 -0.02724528 -0.007406473 -0.03299999 -0.02649819 -0.006375551 -0.03299999 -0.03073322 -0.01011747 -0.02899998 -0.03000169 -0.009030938 -0.02899998 -0.02927029 -0.007944405 -0.02899998 -0.02853888 -0.006857812 -0.02899998 -0.0237981 -0.003431797 -0.04099988 -0.02271842 -0.003961384 -0.04099988 -0.0248779 -0.002902269 -0.04099988 -0.0249421 -0.001700282 -0.04499989 -0.02595758 -0.002372682 -0.04099988 -0.02478241 -0.00433135 -0.037 -0.02586996 -0.003745079 -0.037 -0.02695745 -0.003158628 -0.037 -0.02804481 -0.002572298 -0.037 -0.0268464 -0.004701316 -0.03299999 -0.02794176 -0.004058182 -0.03299999 -0.02903693 -0.003415048 -0.03299999 -0.03013229 -0.002771914 -0.03299999 -0.03541779 -0.002414464 -0.02499997 -0.02891039 -0.005071282 -0.02899998 -0.0300135 -0.004371345 -0.02899998 -0.0311166 -0.003671467 -0.02899998 -0.03221952 -0.002971529 -0.02899998 -0.02504158 -5.00821e-4 -0.04099988 -0.01995307 0.001368999 -0.04499989 -0.02603936 -0.001172006 -0.04099988 -0.02404373 1.70373e-4 -0.04099988 -0.02304589 8.41568e-4 -0.04099988 -0.02813458 -0.001257479 -0.037 -0.02713668 -5.29022e-4 -0.037 -0.0261389 1.99488e-4 -0.037 -0.02514106 9.27998e-4 -0.037 -0.03022962 -0.001342952 -0.03299999 -0.02923172 -5.57223e-4 -0.03299999 -0.028234 2.28603e-4 -0.03299999 -0.02723616 0.001014411 -0.03299999 -0.0304284 0.002087712 -0.02499997 -0.03232479 -0.001428484 -0.02899998 -0.03132683 -5.85424e-4 -0.02899998 -0.03032898 2.57718e-4 -0.02899998 -0.02933108 0.001100838 -0.02899998 -0.02384161 0.003115057 -0.04099988 -0.02294492 0.002313852 -0.04099988 -0.02473849 0.003916323 -0.04099988 -0.02447605 0.005091011 -0.04499989 -0.0256353 0.004717469 -0.04099988 -0.02503216 0.002514362 -0.037 -0.02592116 0.003372371 -0.037 -0.0268101 0.00423038 -0.037 -0.02769917 0.005088329 -0.037 -0.02711939 0.002714931 -0.03299999 -0.02800059 0.003629744 -0.03299999 -0.02888172 0.004544377 -0.03299999 -0.02976298 0.005459189 -0.03299999 -0.03475606 0.007229208 -0.02499997 -0.02920669 0.002915441 -0.02899998 -0.03008008 0.003886938 -0.02899998 -0.03095328 0.004858553 -0.02899998 -0.03182679 0.005830109 -0.02899998 -0.02424836 0.006272912 -0.04099988 -0.018844 0.006700754 -0.04499989 -0.0253902 0.005895793 -0.04099988 -0.02310645 0.00665009 -0.04099988 -0.02196455 0.007027149 -0.04099988 -0.02743077 0.006378591 -0.037 -0.02627331 0.006810963 -0.037 -0.02511608 0.007243216 -0.037 -0.02395868 0.007675588 -0.037 -0.02947121 0.006861448 -0.03299999 -0.02829843 0.007349014 -0.03299999 -0.02712553 0.00783652 -0.03299999 -0.02595269 0.008324027 -0.03299999 -0.02873712 0.01021862 -0.02499997 -0.03151178 0.007344245 -0.02899998 -0.0303235 0.007887005 -0.02899998 -0.0291351 0.008429706 -0.02899998 -0.02794682 0.008972406 -0.02899998 -0.02211749 0.009431183 -0.04099988 -0.02219533 0.01150494 -0.04499989 -0.02276498 0.01044458 -0.04099988 -0.0234124 0.01145792 -0.04099988 -0.02342581 0.009173929 -0.037 -0.02405047 0.01023983 -0.037 -0.02467507 0.0113058 -0.037 -0.02529948 0.01237183 -0.037 -0.02538168 0.009930074 -0.03299999 -0.02598339 0.01104849 -0.03299999 -0.02658516 0.01216709 -0.03299999 -0.02718687 0.01328563 -0.03299999 -0.03151732 0.01633703 -0.02499997 -0.02733749 0.01068621 -0.02899998 -0.02791637 0.01185739 -0.02899998 -0.02849525 0.0130285 -0.02899998 -0.02907407 0.01419955 -0.02899998 -0.02045583 0.01263678 -0.04099988 -0.01633787 0.01153576 -0.04499989 -0.0216571 0.01258164 -0.04099988 -0.01925456 0.01269179 -0.04099988 -0.02469307 0.01354181 -0.037 -0.02346193 0.01364594 -0.037 -0.02223098 0.01375001 -0.037 -0.02099978 0.01385414 -0.037 -0.0265277 0.0145573 -0.03299999 -0.02526688 0.0147103 -0.03299999 -0.02400588 0.01486337 -0.03299999 -0.02274519 0.01501643 -0.03299999 -0.02491509 0.01759207 -0.02499997 -0.02836239 0.0155726 -0.02899998 -0.02707165 0.0157746 -0.02899998 -0.02578109 0.0159766 -0.02899998 -0.02449029 0.01617872 -0.02899998 -0.01875329 0.0150479 -0.04099988 -0.018269 0.01706588 -0.04499989 -0.01840335 0.01389741 -0.04099988 -0.0191034 0.01619845 -0.04099988 -0.01945346 0.017349 -0.04099988 -0.02008265 0.01515311 -0.037 -0.02039647 0.01634818 -0.037 -0.02071028 0.01754301 -0.037 -0.02102422 0.01873797 -0.037 -0.02176195 0.01640886 -0.03299999 -0.02203965 0.01764822 -0.03299999 -0.02231729 0.01888763 -0.03299999 -0.02259492 0.02012699 -0.03299999 -0.02594178 0.02423352 -0.02499997 -0.02344125 0.01766467 -0.02899998 -0.02368277 0.01894849 -0.02899998 -0.02392429 0.02023226 -0.02899998 -0.02416568 0.0215162 -0.02899998 -0.01628863 0.01768648 -0.04099988 -0.01262027 0.01551532 -0.04499989 -0.01746022 0.01795744 -0.04099988 -0.01511693 0.01741546 -0.04099988 -0.02012455 0.01970106 -0.037 -0.01891106 0.0194692 -0.037 -0.01769757 0.01923733 -0.037 -0.01648408 0.01900541 -0.037 -0.01924586 0.02366089 -0.02499997 -0.02161729 0.02117377 -0.03299999 -0.0203619 0.02098095 -0.03299999 -0.01910638 0.02078825 -0.03299999 -0.01785105 0.02059549 -0.03299999 -0.02310997 0.0226463 -0.02899998 -0.02181261 0.02249276 -0.02899998 -0.02051538 0.02233916 -0.02899998 -0.01921802 0.0221855 -0.02899998 -0.01399868 0.01954907 -0.04099988 -0.01298797 0.02136147 -0.04499989 -0.0140255 0.02075123 -0.04099988 -0.01405227 0.02195358 -0.04099988 -0.01525038 0.02000898 -0.037 -0.01523023 0.02124422 -0.037 -0.01521015 0.02247959 -0.037 -0.01519006 0.0237149 -0.037 -0.01652866 0.02167099 -0.03299999 -0.01646173 0.0229395 -0.03299999 -0.01639479 0.02420789 -0.03299999 -0.01632779 0.02547609 -0.03299999 -0.0184428 0.03033328 -0.02499997 -0.01780688 0.02333325 -0.02899998 -0.01769328 0.02463459 -0.02899998 -0.01757949 0.025936 -0.02899998 -0.01746565 0.02723747 -0.02899998 -0.01196879 0.0220018 -0.04099988 -0.01302385 0.02257877 -0.04099988 -0.01091367 0.02142482 -0.04099988 -0.007966935 0.0183447 -0.04499989 -0.009858548 0.02084779 -0.04099988 -0.01406395 0.02439951 -0.037 -0.01295799 0.02384889 -0.037 -0.0118519 0.02329826 -0.037 -0.010746 0.02274769 -0.037 -0.01214957 0.02797549 -0.02499997 -0.01510399 0.02622026 -0.03299999 -0.01394712 0.02569591 -0.03299999 -0.01279026 0.02517169 -0.03299999 -0.01163339 0.02464747 -0.03299999 -0.01614409 0.028041 -0.02899998 -0.01493632 0.027543 -0.02899998 -0.01372849 0.02704519 -0.02899998 -0.01252079 0.02654725 -0.02899998 -0.007907688 0.02376556 -0.04099988 -0.006743907 0.02407318 -0.04499989 -0.008206307 0.02260071 -0.04099988 -0.007609069 0.02493029 -0.04099988 -0.009287416 0.02338105 -0.037 -0.008934795 0.02456516 -0.037 -0.008582174 0.02574926 -0.037 -0.008229553 0.02693337 -0.037 -0.0100699 0.02532649 -0.03299999 -0.009663283 0.02652972 -0.03299999 -0.00925672 0.02773302 -0.03299999 -0.008850097 0.02893638 -0.03299999 -0.009576439 0.0341838 -0.02499997 -0.01085239 0.0272718 -0.02899998 -0.01039189 0.02849429 -0.02899998 -0.009931206 0.02971673 -0.02899998 -0.009470582 0.03093928 -0.02899998 -0.005589783 0.02441483 -0.04099988 -0.006450057 0.02525508 -0.04099988 -0.004729509 0.02357465 -0.04099988 -0.002722859 0.01981377 -0.04499989 -0.003869116 0.0227344 -0.04099988 -0.006960511 0.02728885 -0.037 -0.00604403 0.02646034 -0.037 -0.005127668 0.02563178 -0.037 -0.004211187 0.02480316 -0.037 -0.007470846 0.02932268 -0.03299999 -0.006498277 0.0285058 -0.03299999 -0.005525708 0.02768886 -0.03299999 -0.004553139 0.02687191 -0.03299999 -0.004152417 0.03021591 -0.02499997 -0.0079813 0.03135645 -0.02899998 -0.006952524 0.03055125 -0.02899998 -0.005923867 0.02974599 -0.02899998 -0.00489521 0.02894073 -0.02899998 -0.001805245 0.0239765 -0.04099988 0 0.02499997 -0.04499989 -0.002407014 0.02293539 -0.04099988 -0.001203477 0.02501761 -0.04099988 -6.01774e-4 0.02605879 -0.04099988 -0.002635717 0.0250197 -0.037 -0.001976788 0.02606475 -0.037 -0.001317799 0.02710986 -0.037 -6.58956e-4 0.02815485 -0.037 -0.00286448 0.02710402 -0.03299999 -0.00214833 0.02815306 -0.03299999 -0.00143224 0.02920198 -0.03299999 -7.16138e-4 0.0302509 -0.03299999 0 0.03549993 -0.02499997 -0.003093183 0.02918839 -0.02899998 -0.002319872 0.03024131 -0.02899998 -0.001546621 0.0312941 -0.02899998 -7.7332e-4 0.03234708 -0.02899998 0.001203477 0.02501761 -0.04099988 0.002722859 0.01981377 -0.04499989 6.01774e-4 0.02605879 -0.04099988 0.001805245 0.0239765 -0.04099988 0.002407014 0.02293539 -0.04099988 6.58956e-4 0.02815485 -0.037 0.001317799 0.02710986 -0.037 0.001976788 0.02606475 -0.037 0.002635717 0.0250197 -0.037 0.004152417 0.03021591 -0.02499997 7.16138e-4 0.0302509 -0.03299999 0.00143224 0.02920198 -0.03299999 0.00214833 0.02815306 -0.03299999 0.00286448 0.02710402 -0.03299999 7.7332e-4 0.03234708 -0.02899998 0.001546621 0.0312941 -0.02899998 0.002319872 0.03024131 -0.02899998 0.003093183 0.02918839 -0.02899998 0.004729509 0.02357465 -0.04099988 0.003869116 0.0227344 -0.04099988 0.005589783 0.02441483 -0.04099988 0.006743907 0.02407318 -0.04499989 0.006450057 0.02525508 -0.04099988 0.004211187 0.02480316 -0.037 0.005127668 0.02563178 -0.037 0.00604403 0.02646034 -0.037 0.006960511 0.02728885 -0.037 0.009576439 0.0341838 -0.02499997 0.004553139 0.02687191 -0.03299999 0.005525708 0.02768886 -0.03299999 0.006498277 0.0285058 -0.03299999 0.007470846 0.02932268 -0.03299999 0.00489521 0.02894073 -0.02899998 0.005923867 0.02974599 -0.02899998 0.006952524 0.03055125 -0.02899998 0.0079813 0.03135645 -0.02899998 0.007907688 0.02376556 -0.04099988 0.007609069 0.02493029 -0.04099988 0.008206307 0.02260071 -0.04099988 0.007966935 0.0183447 -0.04499989 0.008504867 0.02143573 -0.04099988 0.008229553 0.02693337 -0.037 0.008582174 0.02574926 -0.037 0.008934795 0.02456516 -0.037 0.009287416 0.02338105 -0.037 0.01214957 0.02797549 -0.02499997 0.008850097 0.02893638 -0.03299999 0.00925672 0.02773302 -0.03299999 0.009663283 0.02652972 -0.03299999 0.0100699 0.02532649 -0.03299999 0.009470582 0.03093928 -0.02899998 0.009931206 0.02971673 -0.02899998 0.01039189 0.02849429 -0.02899998 0.01085239 0.0272718 -0.02899998 0.01091367 0.02142482 -0.04099988 0.01298797 0.02136147 -0.04499989 0.01196879 0.0220018 -0.04099988 0.01302385 0.02257877 -0.04099988 0.010746 0.02274769 -0.037 0.0118519 0.02329826 -0.037 0.01295799 0.02384889 -0.037 0.01406395 0.02439951 -0.037 0.0184428 0.03033328 -0.02499997 0.01163339 0.02464747 -0.03299999 0.01279026 0.02517169 -0.03299999 0.01394712 0.02569591 -0.03299999 0.01510399 0.02622026 -0.03299999 0.01252079 0.02654725 -0.02899998 0.01372849 0.02704519 -0.02899998 0.01493632 0.027543 -0.02899998 0.01614409 0.028041 -0.02899998 0.0140255 0.02075123 -0.04099988 0.01262027 0.01551532 -0.04499989 0.01405227 0.02195358 -0.04099988 0.01399868 0.01954907 -0.04099988 0.0139721 0.01834672 -0.04099988 0.01519006 0.0237149 -0.037 0.01521015 0.02247959 -0.037 0.01523023 0.02124422 -0.037 0.01525038 0.02000898 -0.037 0.01632779 0.02547609 -0.03299999 0.01639479 0.02420789 -0.03299999 0.01646173 0.0229395 -0.03299999 0.01652866 0.02167099 -0.03299999 0.01924586 0.02366089 -0.02499997 0.01746565 0.02723747 -0.02899998 0.01757949 0.025936 -0.02899998 0.01769328 0.02463459 -0.02899998 0.01780688 0.02333325 -0.02899998 0.01746022 0.01795744 -0.04099988 0.018269 0.01706588 -0.04499989 0.01628863 0.01768648 -0.04099988 0.01863187 0.01822847 -0.04099988 0.01648408 0.01900541 -0.037 0.01769757 0.01923733 -0.037 0.01891106 0.0194692 -0.037 0.02012455 0.01970106 -0.037 0.01785105 0.02059549 -0.03299999 0.01910638 0.02078825 -0.03299999 0.0203619 0.02098095 -0.03299999 0.02161729 0.02117377 -0.03299999 0.02594178 0.02423352 -0.02499997 0.01921802 0.0221855 -0.02899998 0.02051538 0.02233916 -0.02899998 0.02181261 0.02249276 -0.02899998 0.02310997 0.0226463 -0.02899998 0.01875329 0.0150479 -0.04099988 0.01633787 0.01153576 -0.04499989 0.0191034 0.01619845 -0.04099988 0.01840335 0.01389741 -0.04099988 0.02102422 0.01873797 -0.037 0.02071028 0.01754301 -0.037 0.02039647 0.01634818 -0.037 0.02008265 0.01515311 -0.037 0.02491509 0.01759207 -0.02499997 0.02259492 0.02012699 -0.03299999 0.02231729 0.01888763 -0.03299999 0.02203965 0.01764822 -0.03299999 0.02176195 0.01640886 -0.03299999 0.02416568 0.0215162 -0.02899998 0.02392429 0.02023226 -0.02899998 0.02368277 0.01894849 -0.02899998 0.02344125 0.01766467 -0.02899998 0.02326738 0.01326197 -0.03833323 0.02219533 0.01150494 -0.04499989 0.03151732 0.01633703 -0.02499997 0.02374148 0.01424247 -0.0349999 0.02417409 0.01529091 -0.03166663 0.02276498 0.01044458 -0.04099988 0.0234124 0.01145792 -0.04099988 0.02211749 0.009431183 -0.04099988 0.018844 0.006700754 -0.04499989 0.02147001 0.008417785 -0.04099988 0.02529948 0.01237183 -0.037 0.02467507 0.0113058 -0.037 0.02405047 0.01023983 -0.037 0.02342581 0.009173929 -0.037 0.02718687 0.01328563 -0.03299999 0.02658516 0.01216709 -0.03299999 0.02598339 0.01104849 -0.03299999 0.02538168 0.009930074 -0.03299999 0.02873712 0.01021862 -0.02499997 0.02907407 0.01419955 -0.02899998 0.02849525 0.0130285 -0.02899998 0.02791637 0.01185739 -0.02899998 0.02733749 0.01068621 -0.02899998 0.02598243 0.006493628 -0.03833323 0.02447605 0.005091011 -0.04499989 0.03475606 0.007229208 -0.02499997 0.02670329 0.007309973 -0.0349999 0.02740269 0.00820291 -0.03166663 0.02473849 0.003916323 -0.04099988 0.0256353 0.004717469 -0.04099988 0.02384161 0.003115057 -0.04099988 0.01995307 0.001368999 -0.04499989 0.02294492 0.002313852 -0.04099988 0.02769917 0.005088329 -0.037 0.0268101 0.00423038 -0.037 0.02592116 0.003372371 -0.037 0.02503216 0.002514362 -0.037 0.02976298 0.005459189 -0.03299999 0.02888172 0.004544377 -0.03299999 0.02800059 0.003629744 -0.03299999 0.02711939 0.002714931 -0.03299999 0.0304284 0.002087712 -0.02499997 0.03182679 0.005830109 -0.02899998 0.03095328 0.004858553 -0.02899998 0.03008008 0.003886938 -0.02899998 0.02920669 0.002915441 -0.02899998 0.02504158 -5.00821e-4 -0.04099988 0.0249421 -0.001700282 -0.04499989 0.02404373 1.70373e-4 -0.04099988 0.02603936 -0.001172006 -0.04099988 0.02514106 9.27998e-4 -0.037 0.0261389 1.99488e-4 -0.037 0.02713668 -5.29022e-4 -0.037 0.02813458 -0.001257479 -0.037 0.02723616 0.001014411 -0.03299999 0.028234 2.28603e-4 -0.03299999 0.02923172 -5.57223e-4 -0.03299999 0.03022962 -0.001342952 -0.03299999 0.03541779 -0.002414464 -0.02499997 0.02933108 0.001100838 -0.02899998 0.03032898 2.57718e-4 -0.02899998 0.03132683 -5.85424e-4 -0.02899998 0.03232479 -0.001428484 -0.02899998 0.0248779 -0.002902269 -0.04099988 0.02595758 -0.002372682 -0.04099988 0.0237981 -0.003431797 -0.04099988 0.01958262 -0.004064202 -0.04499989 0.02271842 -0.003961384 -0.04099988 0.02804481 -0.002572298 -0.037 0.02695745 -0.003158628 -0.037 0.02586996 -0.003745079 -0.037 0.02478241 -0.00433135 -0.037 0.03013229 -0.002771914 -0.03299999 0.02903693 -0.003415048 -0.03299999 0.02794176 -0.004058182 -0.03299999 0.0268464 -0.004701316 -0.03299999 0.02986359 -0.006197929 -0.02499997 0.03221952 -0.002971529 -0.02899998 0.0311166 -0.003671467 -0.02899998 0.0300135 -0.004371345 -0.02899998 0.02891039 -0.005071282 -0.02899998 0.02319836 -0.006321907 -0.04099988 0.02355879 -0.00836569 -0.04499989 0.02241849 -0.005406439 -0.04099988 0.02397817 -0.007237434 -0.04099988 0.02475786 -0.008152961 -0.04099988 0.02445936 -0.005888462 -0.037 0.02522367 -0.006859064 -0.037 0.02598798 -0.007829785 -0.037 0.02675229 -0.008800446 -0.037 0.0265001 -0.006370306 -0.03299999 0.02724891 -0.007396221 -0.03299999 0.02799779 -0.008422136 -0.03299999 0.02874666 -0.009447991 -0.03299999 0.0334534 -0.0118792 -0.02499997 0.02854079 -0.006852269 -0.02899998 0.02927416 -0.007933378 -0.02899998 0.03000766 -0.009014487 -0.02899998 0.03074109 -0.01009541 -0.02899998 0.02199018 -0.009724438 -0.04099988 0.01776021 -0.009196221 -0.04499989 0.02317261 -0.009505748 -0.04099988 0.02080768 -0.009943127 -0.04099988 0.02631121 -0.0100423 -0.037 0.02510595 -0.01031363 -0.037 0.0239005 -0.01058495 -0.037 0.0226953 -0.01085615 -0.037 0.02708441 -0.01402419 -0.02499997 0.02826738 -0.01079761 -0.03299999 0.02703922 -0.01112157 -0.03299999 0.02581107 -0.01144534 -0.03299999 0.02458298 -0.01176911 -0.03299999 0.03022342 -0.01155292 -0.02899998 0.0289725 -0.01192939 -0.02899998 0.02772158 -0.01230579 -0.02899998 0.0264706 -0.01268219 -0.02899998 0.02063298 -0.01234555 -0.04099988 0.02012896 -0.01125365 -0.04099988 0.02113676 -0.01343739 -0.04099988 0.02042853 -0.01441079 -0.04499989 0.02164059 -0.01452928 -0.04099988 0.02196407 -0.01226818 -0.037 0.0224381 -0.01340913 -0.037 0.02291238 -0.01455003 -0.037 0.02338641 -0.01569098 -0.037 0.0290085 -0.02046322 -0.02499997 0.02379918 -0.01328283 -0.03299999 0.02424359 -0.01447278 -0.03299999 0.02468788 -0.01566255 -0.03299999 0.02513223 -0.01685243 -0.03299999 0.02563422 -0.01429742 -0.02899998 0.02604883 -0.01553618 -0.02899998 0.02646338 -0.01677519 -0.02899998 0.02687793 -0.01801395 -0.02899998 0.01974928 -0.01540446 -0.04099988 0.02094691 -0.01551288 -0.04099988 0.01855158 -0.0152961 -0.04099988 0.01462101 -0.01364636 -0.04499989 0.01735395 -0.01518756 -0.04099988 0.02262669 -0.01676779 -0.037 0.021393 -0.01670384 -0.037 0.02015918 -0.01663988 -0.037 0.0189253 -0.01657599 -0.037 0.0222972 -0.02081066 -0.02499997 0.02430665 -0.01802289 -0.03299999 0.02303659 -0.01800334 -0.03299999 0.02176666 -0.01798385 -0.03299999 0.02049678 -0.01796436 -0.03299999 0.02598649 -0.01927775 -0.02899998 0.02468037 -0.01930278 -0.02899998 0.02337419 -0.0193277 -0.02899998 0.02206808 -0.01935279 -0.02899998 0.01653766 -0.01745378 -0.04099988 0.01578372 -0.01938736 -0.04499989 0.01672828 -0.01864129 -0.04099988 0.01691889 -0.01982849 -0.04099988 0.01784026 -0.01773858 -0.037 0.01798903 -0.01896494 -0.037 0.01813787 -0.02019149 -0.037 0.0182867 -0.02141797 -0.037 0.01933366 -0.01921051 -0.03299999 0.01944059 -0.02047616 -0.03299999 0.01954746 -0.02174168 -0.03299999 0.01965439 -0.02300739 -0.03299999 0.02241295 -0.02753007 -0.02499997 0.02082699 -0.02068257 -0.02899998 0.02089208 -0.02198719 -0.02899998 0.02095705 -0.02329206 -0.02899998 0.02102208 -0.02459675 -0.02899998 0.01486158 -0.02016097 -0.04099988 0.01598548 -0.02058839 -0.04099988 0.01373749 -0.01973342 -0.04099988 0.01039779 -0.01708453 -0.04499989 0.01261359 -0.01930594 -0.04099988 0.01726466 -0.02225005 -0.037 0.01609385 -0.02185565 -0.037 0.01492291 -0.02146112 -0.037 0.01375216 -0.02106678 -0.037 0.01854366 -0.02391165 -0.03299999 0.01732599 -0.02355027 -0.03299999 0.01610839 -0.02318888 -0.03299999 0.01489073 -0.02282756 -0.03299999 0.01585668 -0.02605408 -0.02499997 0.01982259 -0.02557325 -0.02899998 0.01855826 -0.02524495 -0.02899998 0.01729375 -0.02491658 -0.02899998 0.01602929 -0.02458846 -0.02899998 0.01107949 -0.02246278 -0.04099988 0.009968698 -0.02292639 -0.04499989 0.01121616 -0.02126795 -0.04099988 0.01094269 -0.02365756 -0.04099988 0.01239377 -0.02189356 -0.037 0.01220613 -0.02311468 -0.037 0.01201856 -0.02433586 -0.037 0.01183092 -0.02555698 -0.037 0.0141555 -0.03255558 -0.02499997 0.01343458 -0.0237137 -0.03299999 0.01319617 -0.02496135 -0.03299999 0.01295775 -0.02620881 -0.03299999 0.01271927 -0.0274564 -0.03299999 0.01447558 -0.02553409 -0.02899998 0.01418626 -0.02680796 -0.02899998 0.01389688 -0.02808195 -0.02899998 0.01360756 -0.02935588 -0.02899998 0.007905006 -0.02270776 -0.04099988 0.005403578 -0.01925617 -0.04499989 0.008872032 -0.02342253 -0.04099988 0.00693798 -0.02199286 -0.04099988 0.0106225 -0.02608245 -0.037 0.009601414 -0.02538681 -0.037 0.008580386 -0.02469128 -0.037 0.007559359 -0.02399551 -0.037 0.008240461 -0.02936559 -0.02499997 0.0114057 -0.02802759 -0.03299999 0.01033073 -0.0273512 -0.03299999 0.009255766 -0.02667462 -0.03299999 0.008180737 -0.02599829 -0.03299999 0.01218909 -0.02997255 -0.02899998 0.01106011 -0.02931535 -0.02899998 0.009931147 -0.02865815 -0.02899998 0.008802115 -0.02800095 -0.02899998 0.005063116 -0.02350527 -0.04099988 0.005516946 -0.02239161 -0.04099988 0.004609107 -0.02461886 -0.04099988 0.003414452 -0.02476567 -0.04499989 0.004155158 -0.02573239 -0.04099988 0.006028234 -0.0244252 -0.037 0.005518198 -0.02555048 -0.037 0.005008161 -0.02667576 -0.037 0.004498124 -0.02780103 -0.037 0.006539583 -0.02645879 -0.03299999 0.005973339 -0.02759569 -0.03299999 0.005407214 -0.02873271 -0.03299999 0.004841089 -0.02986967 -0.03299999 0.00484848 -0.03516721 -0.02499997 0.007050812 -0.02849239 -0.02899998 0.00642848 -0.02964109 -0.02899998 0.005806267 -0.03078967 -0.02899998 0.005183935 -0.03193837 -0.02899998 0.002598345 -0.02665519 -0.03833323 8.727e-6 -0.01999998 -0.04499989 0.002071261 -0.02760827 -0.0349999 0.001464605 -0.02856659 -0.03166663 1.3308e-5 -0.03049999 -0.02499997 -0.001282393 -0.02507877 -0.03833323 -0.003392875 -0.02476865 -0.04499989 -0.002047181 -0.02761006 -0.0349999 -0.002891302 -0.03013592 -0.03166663 -0.004817843 -0.03517138 -0.02499997 -0.00458765 -0.02462279 -0.04099988 -0.004132688 -0.02573609 -0.04099988 -0.005042493 -0.02350968 -0.04099988 -0.00538671 -0.01926088 -0.04499989 -0.005497395 -0.02239644 -0.04099988 -0.004473865 -0.02780497 -0.037 -0.004984915 -0.02668017 -0.037 -0.005495965 -0.02555525 -0.037 -0.006006956 -0.02443045 -0.037 -0.008214831 -0.02937287 -0.02499997 -0.004815042 -0.02987378 -0.03299999 -0.00538218 -0.02873748 -0.03299999 -0.005949318 -0.02760094 -0.03299999 -0.006516396 -0.02646446 -0.03299999 -0.005156159 -0.03194284 -0.02899998 -0.005779325 -0.03079473 -0.02899998 -0.006402671 -0.02964669 -0.02899998 -0.007025957 -0.02849853 -0.02899998 -0.007885158 -0.02271467 -0.04099988 -0.006918728 -0.021999 -0.04099988 -0.008851587 -0.02343028 -0.04099988 -0.00994867 -0.02293515 -0.04499989 -0.009817957 -0.02414608 -0.04099988 -0.007538378 -0.02400219 -0.037 -0.008558809 -0.02469867 -0.037 -0.009579241 -0.02539527 -0.037 -0.01059967 -0.02609175 -0.037 -0.008158028 -0.02600532 -0.03299999 -0.009232461 -0.02668279 -0.03299999 -0.01030689 -0.0273602 -0.03299999 -0.01138132 -0.02803742 -0.03299999 -0.01412719 -0.03256791 -0.02499997 -0.008777678 -0.02800863 -0.02899998 -0.009906113 -0.02866685 -0.02899998 -0.01103448 -0.02932488 -0.02899998 -0.01216298 -0.02998316 -0.02899998 -0.01191371 -0.02210539 -0.03833323 -0.01038289 -0.01709359 -0.04499989 -0.01583397 -0.02606785 -0.02499997 -0.01257318 -0.02466619 -0.0349999 -0.01316183 -0.02726346 -0.03166663 -0.01412469 -0.02076244 -0.03833323 -0.01576679 -0.01940119 -0.04499989 -0.01609319 -0.02252805 -0.0349999 -0.0181266 -0.02424776 -0.03166663 -0.02238899 -0.02754968 -0.02499997 -0.01743525 -0.018072 -0.03833323 -0.01460909 -0.01365906 -0.04499989 -0.02227896 -0.02083009 -0.02499997 -0.01876091 -0.02035999 -0.0349999 -0.02002859 -0.02270221 -0.03166663 -0.01920199 -0.01618248 -0.03833323 -0.02041596 -0.01442849 -0.04499989 -0.02157378 -0.0173515 -0.0349999 -0.02399569 -0.01845896 -0.03166663 -0.0289908 -0.02048861 -0.02499997 -0.02166408 -0.01269865 -0.03833323 -0.01775223 -0.009211719 -0.04499989 -0.02707219 -0.01404786 -0.02499997 -0.02355778 -0.01454412 -0.0349999 -0.02541017 -0.01645761 -0.03166663 -0.02485203 -0.009981453 -0.03833323 -0.02545469 -0.01088851 -0.0349999 -0.02602565 -0.01186859 -0.03166663 0.02529889 -0.003195941 -0.04499989 0.02504825 -0.004778206 -0.04499989 0.02504825 -0.004778206 -0.05099993 0.02529889 -0.003195941 -0.05099993 0.02544969 -0.00160104 -0.05099993 0.02544969 -0.00160104 -0.04499989 0.02549993 0 -0.04499989 0.02549993 0 -0.05099993 0.02544969 0.001601099 -0.04499989 0.02544969 0.001601099 -0.05099993 0.02529889 0.003196001 -0.04499989 0.02529889 0.003196001 -0.05099993 0.02504825 0.004778206 -0.04499989 0.02504825 0.004778206 -0.05099993 0.02469885 0.006341516 -0.04499989 0.02469885 0.006341516 -0.05099993 0.02425181 0.007879912 -0.04499989 0.02425181 0.007879912 -0.05099993 0.02370923 0.009387135 -0.05099993 0.02370923 0.009387135 -0.04499989 0.02307301 0.0108574 -0.04499989 0.02307301 0.0108574 -0.05099993 0.02234578 0.01228463 -0.04499989 0.02234578 0.01228463 -0.05099993 0.02153033 0.01366353 -0.05099993 0.02153033 0.01366353 -0.04499989 0.02062988 0.01498848 -0.04499989 0.02062988 0.01498848 -0.05099993 0.01964807 0.0162543 -0.04499989 0.01964807 0.0162543 -0.05099993 0.01858866 0.01745599 -0.04499989 0.01858866 0.01745599 -0.05099993 0.01745599 0.01858866 -0.05099993 0.01745599 0.01858866 -0.04499989 0.0162543 0.01964807 -0.04499989 0.0162543 0.01964807 -0.05099993 0.01498848 0.02062988 -0.04499989 0.01498848 0.02062988 -0.05099993 0.01366353 0.02153033 -0.04499989 0.01366353 0.02153033 -0.05099993 0.01228463 0.02234578 -0.05099993 0.01228463 0.02234578 -0.04499989 0.0108574 0.02307301 -0.05099993 0.0108574 0.02307301 -0.04499989 0.009387135 0.02370923 -0.05099993 0.009387135 0.02370923 -0.04499989 0.007879912 0.02425181 -0.04499989 0.007879912 0.02425181 -0.05099993 0.006341516 0.02469885 -0.05099993 0.006341516 0.02469885 -0.04499989 0.004778206 0.02504825 -0.05099993 0.004778206 0.02504825 -0.04499989 0.003195941 0.02529889 -0.05099993 0.003195941 0.02529889 -0.04499989 0.001601099 0.02544969 -0.04499989 0.001601099 0.02544969 -0.05099993 0 0.02549993 -0.05099993 0 0.02549993 -0.04499989 -0.001601099 0.02544969 -0.05099993 -0.001601099 0.02544969 -0.04499989 -0.003195941 0.02529889 -0.05099993 -0.003195941 0.02529889 -0.04499989 -0.004778206 0.02504825 -0.04499989 -0.004778206 0.02504825 -0.05099993 -0.006341516 0.02469885 -0.05099993 -0.006341516 0.02469885 -0.04499989 -0.007879912 0.02425181 -0.05099993 -0.007879912 0.02425181 -0.04499989 -0.009387135 0.02370923 -0.05099993 -0.009387135 0.02370923 -0.04499989 -0.0108574 0.02307301 -0.05099993 -0.0108574 0.02307301 -0.04499989 -0.01228463 0.02234578 -0.05099993 -0.01228463 0.02234578 -0.04499989 -0.01366353 0.02153033 -0.05099993 -0.01366353 0.02153033 -0.04499989 -0.01498848 0.02062988 -0.05099993 -0.01498848 0.02062988 -0.04499989 -0.0162543 0.01964807 -0.05099993 -0.0162543 0.01964807 -0.04499989 -0.01745599 0.01858866 -0.04499989 -0.01745599 0.01858866 -0.05099993 -0.01858866 0.01745599 -0.05099993 -0.01858866 0.01745599 -0.04499989 -0.01964807 0.0162543 -0.05099993 -0.01964807 0.0162543 -0.04499989 -0.02062988 0.01498848 -0.05099993 -0.02062988 0.01498848 -0.04499989 -0.02153033 0.01366353 -0.05099993 -0.02153033 0.01366353 -0.04499989 -0.02234578 0.01228463 -0.05099993 -0.02234578 0.01228463 -0.04499989 -0.02307301 0.0108574 -0.05099993 -0.02307301 0.0108574 -0.04499989 -0.02370923 0.009387135 -0.04499989 -0.02370923 0.009387135 -0.05099993 -0.02425181 0.007879912 -0.05099993 -0.02425181 0.007879912 -0.04499989 -0.02469885 0.006341516 -0.05099993 -0.02469885 0.006341516 -0.04499989 -0.02504825 0.004778206 -0.05099993 -0.02504825 0.004778206 -0.04499989 -0.02529889 0.003196001 -0.05099993 -0.02529889 0.003196001 -0.04499989 -0.02544969 0.001601099 -0.05099993 -0.02544969 0.001601099 -0.04499989 -0.02549993 0 -0.05099993 -0.02549993 0 -0.04499989 -0.02544969 -0.00160104 -0.05099993 -0.02544969 -0.00160104 -0.04499989 -0.02529889 -0.003195941 -0.04499989 -0.02529889 -0.003195941 -0.05099993 -0.02504825 -0.004778206 -0.05099993 -0.02504825 -0.004778206 -0.04499989 -0.02469885 -0.006341516 -0.05099993 -0.02469885 -0.006341516 -0.04499989 -0.02425181 -0.007879912 -0.05099993 -0.02425181 -0.007879912 -0.04499989 -0.02370923 -0.009387135 -0.05099993 -0.02370923 -0.009387135 -0.04499989 -0.02307301 -0.01085734 -0.05099993 -0.02307301 -0.01085734 -0.04499989 -0.02234578 -0.01228463 -0.05099993 -0.02234578 -0.01228463 -0.04499989 -0.02153033 -0.01366353 -0.05099993 -0.02153033 -0.01366353 -0.04499989 -0.02062988 -0.01498848 -0.04499989 -0.02062988 -0.01498848 -0.05099993 -0.01964807 -0.01625424 -0.04499989 -0.01964807 -0.01625424 -0.05099993 -0.01858866 -0.01745599 -0.05099993 -0.01858866 -0.01745599 -0.04499989 -0.01745599 -0.01858866 -0.04499989 -0.01745599 -0.01858866 -0.05099993 -0.0162543 -0.01964807 -0.05099993 -0.0162543 -0.01964807 -0.04499989 -0.01498848 -0.02062988 -0.04499989 -0.01498848 -0.02062988 -0.05099993 -0.01366353 -0.02153033 -0.04499989 -0.01366353 -0.02153033 -0.05099993 -0.01228463 -0.02234578 -0.05099993 -0.01228463 -0.02234578 -0.04499989 -0.0108574 -0.02307301 -0.04499989 -0.0108574 -0.02307301 -0.05099993 -0.009387135 -0.02370923 -0.05099993 -0.009387135 -0.02370923 -0.04499989 -0.007879912 -0.02425181 -0.04499989 -0.007879912 -0.02425181 -0.05099993 -0.006341516 -0.02469885 -0.04499989 -0.006341516 -0.02469885 -0.05099993 -0.004778206 -0.02504825 -0.04499989 -0.004778206 -0.02504825 -0.05099993 -0.003195941 -0.02529889 -0.05099993 -0.003195941 -0.02529889 -0.04499989 -0.001601099 -0.02544969 -0.04499989 -0.001601099 -0.02544969 -0.05099993 0 -0.02549993 -0.04499989 0 -0.02549993 -0.05099993 0.001601099 -0.02544969 -0.05099993 0.001601099 -0.02544969 -0.04499989 0.003195941 -0.02529889 -0.04499989 0.003195941 -0.02529889 -0.05099993 0.004778206 -0.02504825 -0.05099993 0.004778206 -0.02504825 -0.04499989 0.006341516 -0.02469885 -0.04499989 0.006341516 -0.02469885 -0.05099993 0.007879912 -0.02425181 -0.04499989 0.007879912 -0.02425181 -0.05099993 0.009387135 -0.02370923 -0.04499989 0.009387135 -0.02370923 -0.05099993 0.0108574 -0.02307301 -0.04499989 0.0108574 -0.02307301 -0.05099993 0.01228463 -0.02234578 -0.05099993 0.01228463 -0.02234578 -0.04499989 0.01366353 -0.02153033 -0.04499989 0.01366353 -0.02153033 -0.05099993 0.01498848 -0.02062988 -0.05099993 0.01498848 -0.02062988 -0.04499989 0.0162543 -0.01964807 -0.04499989 0.0162543 -0.01964807 -0.05099993 0.01745599 -0.01858866 -0.04499989 0.01745599 -0.01858866 -0.05099993 0.01858866 -0.01745599 -0.05099993 0.01858866 -0.01745599 -0.04499989 0.01964807 -0.01625424 -0.04499989 0.01964807 -0.01625424 -0.05099993 0.02062988 -0.01498848 -0.04499989 0.02062988 -0.01498848 -0.05099993 0.02153033 -0.01366353 -0.04499989 0.02153033 -0.01366353 -0.05099993 0.02234578 -0.01228463 -0.05099993 0.02234578 -0.01228463 -0.04499989 0.02307301 -0.01085734 -0.04499989 0.02307301 -0.01085734 -0.05099993 0.02370923 -0.009387135 -0.05099993 0.02370923 -0.009387135 -0.04499989 0.02425181 -0.007879912 -0.04499989 0.02425181 -0.007879912 -0.05099993 0.02469885 -0.006341516 -0.04499989 0.02469885 -0.006341516 -0.05099993 0.02509236 -0.02786785 -0.02399992 0.02651643 -0.02651643 -0.02399992 0.02786785 -0.02509236 -0.02399992 0.0235995 -0.02914297 -0.02399992 0.02204191 -0.03033798 -0.02399992 0.02914297 -0.02359944 -0.02399992 0.03033798 -0.02204191 -0.02399992 0.03145009 -0.02042388 -0.02399992 0.02042388 -0.03145009 -0.02399992 0.01874995 -0.03247582 -0.02399992 0.03247582 -0.01874995 -0.02399992 0.01525259 -0.03425782 -0.02399992 0.01702451 -0.03341275 -0.02399992 0.01343876 -0.03500926 -0.02399992 0.03341275 -0.01702451 -0.02399992 0.03500926 -0.01343876 -0.02399992 0.03425782 -0.01525259 -0.02399992 0.03566449 -0.01158803 -0.02399992 0.0362221 -0.009705662 -0.02399992 0.0366804 -0.007796645 -0.02399992 0.007796645 -0.0366804 -0.02399992 0.009705662 -0.0362221 -0.02399992 0.005866289 -0.0370382 -0.02399992 0.01158803 -0.03566449 -0.02399992 0.00391978 -0.0372945 -0.02399992 0.0370382 -0.005866169 -0.02399992 0.0372945 -0.00391978 -0.02399992 0.001962482 -0.03744858 -0.02399992 0.03744858 -0.001962482 -0.02399992 0.03749996 0 -0.02399992 0 -0.03749996 -0.02399992 -0.001962482 -0.03744858 -0.02399992 0.03744858 0.001962602 -0.02399992 -0.005866289 -0.0370382 -0.02399992 -0.00391978 -0.0372945 -0.02399992 -0.007796645 -0.0366804 -0.02399992 0.0372945 0.00391978 -0.02399992 0.0366804 0.007796645 -0.02399992 0.0370382 0.005866289 -0.02399992 -0.009705662 -0.0362221 -0.02399992 0.0362221 0.009705662 -0.02399992 0.03566449 0.01158803 -0.02399992 -0.01158803 -0.03566449 -0.02399992 -0.01343876 -0.03500926 -0.02399992 0.03500926 0.01343876 -0.02399992 -0.01702451 -0.03341275 -0.02399992 -0.01525259 -0.03425782 -0.02399992 0.03425782 0.01525259 -0.02399992 0.03247582 0.01874995 -0.02399992 0.03341275 0.01702451 -0.02399992 0.03033798 0.02204191 -0.02399992 0.03145009 0.02042394 -0.02399992 -0.02204191 -0.03033798 -0.02399992 -0.02042388 -0.03145009 -0.02399992 -0.0235995 -0.02914297 -0.02399992 -0.01874995 -0.03247582 -0.02399992 0.02914297 0.0235995 -0.02399992 -0.02509236 -0.02786785 -0.02399992 0.02786785 0.02509236 -0.02399992 0.02651643 0.02651643 -0.02399992 0.02509236 0.02786785 -0.02399992 0.0235995 0.02914297 -0.02399992 -0.03033798 -0.02204191 -0.02399992 -0.02914297 -0.02359944 -0.02399992 -0.02786785 -0.02509236 -0.02399992 -0.02651643 -0.02651643 -0.02399992 0.02204191 0.03033804 -0.02399992 0.02042388 0.03145009 -0.02399992 -0.03247582 -0.01874995 -0.02399992 -0.03145009 -0.02042388 -0.02399992 0.01874995 0.03247582 -0.02399992 0.01702451 0.03341275 -0.02399992 -0.03341275 -0.01702451 -0.02399992 0.01525259 0.03425782 -0.02399992 0.01343876 0.03500926 -0.02399992 -0.03566449 -0.01158803 -0.02399992 -0.03500926 -0.01343876 -0.02399992 -0.0362221 -0.009705662 -0.02399992 -0.03425782 -0.01525259 -0.02399992 0.01158803 0.03566449 -0.02399992 0.009705662 0.0362221 -0.02399992 0.007796645 0.0366804 -0.02399992 -0.0366804 -0.007796645 -0.02399992 -0.0370382 -0.005866169 -0.02399992 0.005866289 0.0370382 -0.02399992 -0.0372945 -0.00391978 -0.02399992 0.00391978 0.0372945 -0.02399992 0.001962482 0.03744858 -0.02399992 0 0.03749996 -0.02399992 -0.03749996 0 -0.02399992 -0.03744858 -0.001962482 -0.02399992 -0.03744858 0.001962602 -0.02399992 -0.00391978 0.0372945 -0.02399992 -0.001962482 0.03744858 -0.02399992 -0.0370382 0.005866289 -0.02399992 -0.0372945 0.00391978 -0.02399992 -0.005866289 0.0370382 -0.02399992 -0.007796645 0.0366804 -0.02399992 -0.0362221 0.009705662 -0.02399992 -0.0366804 0.007796645 -0.02399992 -0.03500926 0.01343876 -0.02399992 -0.03566449 0.01158803 -0.02399992 -0.009705662 0.0362221 -0.02399992 -0.01158803 0.03566449 -0.02399992 -0.01343876 0.03500926 -0.02399992 -0.01525259 0.03425782 -0.02399992 -0.03425782 0.01525259 -0.02399992 -0.03341275 0.01702451 -0.02399992 -0.01874995 0.03247582 -0.02399992 -0.01702451 0.03341275 -0.02399992 -0.03247582 0.01874995 -0.02399992 -0.02042388 0.03145009 -0.02399992 -0.03145009 0.02042394 -0.02399992 -0.03033798 0.02204191 -0.02399992 -0.02914297 0.0235995 -0.02399992 -0.02204191 0.03033804 -0.02399992 -0.0235995 0.02914297 -0.02399992 -0.02509236 0.02786785 -0.02399992 -0.02651643 0.02651643 -0.02399992 -0.02786785 0.02509236 -0.02399992 0.00391978 -0.0372945 -0.02499997 0.001962482 -0.03744858 -0.02499997 0.005866289 -0.0370382 -0.02499997 0.007796645 -0.0366804 -0.02499997 0.03744858 0.001962602 -0.02499997 0.03749996 0 -0.02499997 0.009705662 -0.0362221 -0.02499997 0.0372945 0.00391978 -0.02499997 0.01158803 -0.03566449 -0.02499997 0.0370382 0.005866289 -0.02499997 0.01343876 -0.03500926 -0.02499997 0.0366804 0.007796645 -0.02499997 0.01525259 -0.03425782 -0.02499997 0.0362221 0.009705662 -0.02499997 0.01702451 -0.03341275 -0.02499997 0.03566449 0.01158803 -0.02499997 0.01874995 -0.03247582 -0.02499997 0.03500926 0.01343876 -0.02499997 0.02042388 -0.03145009 -0.02499997 0.03425782 0.01525259 -0.02499997 0.02204191 -0.03033798 -0.02499997 0.03341275 0.01702451 -0.02499997 0.0235995 -0.02914297 -0.02499997 0.03247582 0.01874995 -0.02499997 0.02509236 -0.02786785 -0.02499997 0.03145009 0.02042394 -0.02499997 0.02651643 -0.02651643 -0.02499997 0.03033798 0.02204191 -0.02499997 0.02786785 -0.02509236 -0.02499997 0.02914297 -0.02359944 -0.02499997 0.02914297 0.0235995 -0.02499997 0.03033798 -0.02204191 -0.02499997 0.02786785 0.02509236 -0.02499997 0.03145009 -0.02042388 -0.02499997 0.02651643 0.02651643 -0.02499997 0.03247582 -0.01874995 -0.02499997 0.02509236 0.02786785 -0.02499997 0.03341275 -0.01702451 -0.02499997 0.0235995 0.02914297 -0.02499997 0.03425782 -0.01525259 -0.02499997 0.03500926 -0.01343876 -0.02499997 0.02204191 0.03033804 -0.02499997 0.03566449 -0.01158803 -0.02499997 0.02042388 0.03145009 -0.02499997 0.0362221 -0.009705662 -0.02499997 0.01874995 0.03247582 -0.02499997 0.0366804 -0.007796645 -0.02499997 0.01702451 0.03341275 -0.02499997 0.0370382 -0.005866169 -0.02499997 0.01525259 0.03425782 -0.02499997 0.0372945 -0.00391978 -0.02499997 0.03744858 -0.001962482 -0.02499997 0.01343876 0.03500926 -0.02499997 0.01158803 0.03566449 -0.02499997 0.009705662 0.0362221 -0.02499997 0.007796645 0.0366804 -0.02499997 0.005866289 0.0370382 -0.02499997 0.00391978 0.0372945 -0.02499997 0.001962482 0.03744858 -0.02499997 0 0.03749996 -0.02499997 -0.001962482 0.03744858 -0.02499997 -0.00391978 0.0372945 -0.02499997 -0.005866289 0.0370382 -0.02499997 -0.007796645 0.0366804 -0.02499997 -0.009705662 0.0362221 -0.02499997 -0.01158803 0.03566449 -0.02499997 -0.01343876 0.03500926 -0.02499997 -0.01525259 0.03425782 -0.02499997 -0.01702451 0.03341275 -0.02499997 -0.01874995 0.03247582 -0.02499997 -0.02042388 0.03145009 -0.02499997 -0.02204191 0.03033804 -0.02499997 -0.0235995 0.02914297 -0.02499997 -0.02509236 0.02786785 -0.02499997 -0.02651643 0.02651643 -0.02499997 -0.02786785 0.02509236 -0.02499997 -0.02914297 0.0235995 -0.02499997 -0.03033798 0.02204191 -0.02499997 -0.03145009 0.02042394 -0.02499997 -0.03247582 0.01874995 -0.02499997 -0.03341275 0.01702451 -0.02499997 -0.03425782 0.01525259 -0.02499997 -0.03500926 0.01343876 -0.02499997 -0.03566449 0.01158803 -0.02499997 -0.0362221 0.009705662 -0.02499997 -0.0366804 0.007796645 -0.02499997 -0.0370382 0.005866289 -0.02499997 -0.0372945 0.00391978 -0.02499997 -0.03744858 0.001962602 -0.02499997 -0.03749996 0 -0.02499997 -0.03744858 -0.001962482 -0.02499997 -0.0372945 -0.00391978 -0.02499997 -0.0370382 -0.005866169 -0.02499997 -0.0366804 -0.007796645 -0.02499997 -0.0362221 -0.009705662 -0.02499997 -0.03566449 -0.01158803 -0.02499997 -0.03500926 -0.01343876 -0.02499997 -0.03425782 -0.01525259 -0.02499997 -0.03341275 -0.01702451 -0.02499997 -0.03247582 -0.01874995 -0.02499997 -0.03145009 -0.02042388 -0.02499997 -0.03033798 -0.02204191 -0.02499997 -0.02914297 -0.02359944 -0.02499997 -0.02786785 -0.02509236 -0.02499997 -0.02651643 -0.02651643 -0.02499997 -0.02509236 -0.02786785 -0.02499997 -0.0235995 -0.02914297 -0.02499997 -0.02204191 -0.03033798 -0.02499997 -0.02042388 -0.03145009 -0.02499997 -0.01874995 -0.03247582 -0.02499997 -0.01702451 -0.03341275 -0.02499997 -0.01525259 -0.03425782 -0.02499997 -0.01343876 -0.03500926 -0.02499997 -0.01158803 -0.03566449 -0.02499997 -0.009705662 -0.0362221 -0.02499997 -0.007796645 -0.0366804 -0.02499997 -0.005866289 -0.0370382 -0.02499997 -0.00391978 -0.0372945 -0.02499997 -0.001962482 -0.03744858 -0.02499997 0 -0.03749996 -0.02499997 0.007796645 0.0366804 -0.03099989 0.005866289 0.0370382 -0.03099989 0.009705662 0.0362221 -0.03099989 0.01158803 0.03566449 -0.03099989 0.03744858 -0.001962482 -0.03099989 0.03749996 0 -0.03099989 0.01343876 0.03500926 -0.03099989 0.01525259 0.03425782 -0.03099989 0.0372945 -0.00391978 -0.03099989 0.0370382 -0.005866169 -0.03099989 0.01702451 0.03341275 -0.03099989 0.01874995 0.03247582 -0.03099989 0.0366804 -0.007796645 -0.03099989 0.0362221 -0.009705662 -0.03099989 0.03566449 -0.01158803 -0.03099989 0.02042388 0.03145009 -0.03099989 0.03500926 -0.01343876 -0.03099989 0.02204191 0.03033804 -0.03099989 0.0235995 0.02914297 -0.03099989 0.02509236 0.02786785 -0.03099989 0.03425782 -0.01525259 -0.03099989 0.02651643 0.02651643 -0.03099989 0.02786785 0.02509236 -0.03099989 0.03341275 -0.01702451 -0.03099989 0.03247582 -0.01874995 -0.03099989 0.02914297 0.0235995 -0.03099989 0.03145009 -0.02042388 -0.03099989 0.03033798 -0.02204191 -0.03099989 0.03033798 0.02204191 -0.03099989 0.03145009 0.02042394 -0.03099989 0.02914297 -0.02359944 -0.03099989 0.03247582 0.01874995 -0.03099989 0.03341275 0.01702451 -0.03099989 0.02786785 -0.02509236 -0.03099989 0.03425782 0.01525259 -0.03099989 0.02651643 -0.02651643 -0.03099989 0.03500926 0.01343876 -0.03099989 0.03566449 0.01158803 -0.03099989 0.02509236 -0.02786785 -0.03099989 0.0362221 0.009705662 -0.03099989 0.0235995 -0.02914297 -0.03099989 0.02204191 -0.03033798 -0.03099989 0.0366804 0.007796645 -0.03099989 0.02042388 -0.03145009 -0.03099989 0.0370382 0.005866289 -0.03099989 0.0372945 0.00391978 -0.03099989 0.01874995 -0.03247582 -0.03099989 0.01702451 -0.03341275 -0.03099989 0.03744858 0.001962602 -0.03099989 0.01525259 -0.03425782 -0.03099989 0.01343876 -0.03500926 -0.03099989 0.01158803 -0.03566449 -0.03099989 0.009705662 -0.0362221 -0.03099989 0.007796645 -0.0366804 -0.03099989 0.005866289 -0.0370382 -0.03099989 0.00391978 -0.0372945 -0.03099989 0.001962482 -0.03744858 -0.03099989 0 -0.03749996 -0.03099989 -0.001962482 -0.03744858 -0.03099989 -0.00391978 -0.0372945 -0.03099989 -0.005866289 -0.0370382 -0.03099989 -0.007796645 -0.0366804 -0.03099989 -0.009705662 -0.0362221 -0.03099989 -0.01158803 -0.03566449 -0.03099989 -0.01343876 -0.03500926 -0.03099989 -0.01525259 -0.03425782 -0.03099989 -0.01702451 -0.03341275 -0.03099989 -0.01874995 -0.03247582 -0.03099989 -0.02042388 -0.03145009 -0.03099989 -0.02204191 -0.03033798 -0.03099989 -0.0235995 -0.02914297 -0.03099989 -0.02509236 -0.02786785 -0.03099989 -0.02651643 -0.02651643 -0.03099989 -0.02786785 -0.02509236 -0.03099989 -0.02914297 -0.02359944 -0.03099989 -0.03033798 -0.02204191 -0.03099989 -0.03145009 -0.02042388 -0.03099989 -0.03247582 -0.01874995 -0.03099989 -0.03341275 -0.01702451 -0.03099989 -0.03425782 -0.01525259 -0.03099989 -0.03500926 -0.01343876 -0.03099989 -0.03566449 -0.01158803 -0.03099989 -0.0362221 -0.009705662 -0.03099989 -0.0366804 -0.007796645 -0.03099989 -0.0370382 -0.005866169 -0.03099989 -0.0372945 -0.00391978 -0.03099989 -0.03744858 -0.001962482 -0.03099989 -0.03749996 0 -0.03099989 -0.03744858 0.001962602 -0.03099989 -0.0372945 0.00391978 -0.03099989 -0.0370382 0.005866289 -0.03099989 -0.0366804 0.007796645 -0.03099989 -0.0362221 0.009705662 -0.03099989 -0.03566449 0.01158803 -0.03099989 -0.03500926 0.01343876 -0.03099989 -0.03425782 0.01525259 -0.03099989 -0.03341275 0.01702451 -0.03099989 -0.03247582 0.01874995 -0.03099989 -0.03145009 0.02042394 -0.03099989 -0.03033798 0.02204191 -0.03099989 -0.02914297 0.0235995 -0.03099989 -0.02786785 0.02509236 -0.03099989 -0.02651643 0.02651643 -0.03099989 -0.02509236 0.02786785 -0.03099989 -0.0235995 0.02914297 -0.03099989 -0.02204191 0.03033804 -0.03099989 -0.02042388 0.03145009 -0.03099989 -0.01874995 0.03247582 -0.03099989 -0.01702451 0.03341275 -0.03099989 -0.01525259 0.03425782 -0.03099989 -0.01343876 0.03500926 -0.03099989 -0.01158803 0.03566449 -0.03099989 -0.009705662 0.0362221 -0.03099989 -0.007796645 0.0366804 -0.03099989 -0.005866289 0.0370382 -0.03099989 -0.00391978 0.0372945 -0.03099989 -0.001962482 0.03744858 -0.03099989 0 0.03749996 -0.03099989 0.001962482 0.03744858 -0.03099989 0.00391978 0.0372945 -0.03099989 0.0363 -0.003815174 -0.03099989 0.0364499 -0.00191015 -0.03099989 -0.00191015 0.0364499 -0.03099989 -0.003815174 0.0363 -0.03099989 0 0.03649991 -0.03099989 0.03649991 0 -0.03099989 -0.02580928 -0.02580928 -0.03099989 0.00191015 0.0364499 -0.03099989 -0.0244233 -0.02712476 -0.03099989 -0.02712476 -0.0244233 -0.03099989 0.0364499 0.00191015 -0.03099989 -0.02297013 -0.02836579 -0.03099989 -0.02836579 -0.02297013 -0.03099989 0.003815174 0.0363 -0.03099989 0.0363 0.003815293 -0.03099989 -0.02145415 -0.02952909 -0.03099989 0.03605049 0.005709767 -0.03099989 -0.02952909 -0.02145415 -0.03099989 -0.01987928 -0.03061145 -0.03099989 0.005709767 0.03605049 -0.03099989 -0.03061145 -0.01987928 -0.03099989 0.03570228 0.007588744 -0.03099989 0.007588744 0.03570234 -0.03099989 -0.01824992 -0.03160989 -0.03099989 -0.03160989 -0.01824992 -0.03099989 0.009446859 0.0352562 -0.03099989 0.0352562 0.009446859 -0.03099989 -0.01657062 -0.03252166 -0.03099989 -0.03252166 -0.01657062 -0.03099989 0.0347135 0.01127904 -0.03099989 0.01127898 0.0347135 -0.03099989 -0.01484578 -0.03334432 -0.03099989 -0.03334432 -0.01484578 -0.03099989 -0.01308029 -0.03407561 -0.03099989 0.03407561 0.01308029 -0.03099989 0.01308029 0.03407561 -0.03099989 0.01484578 0.03334432 -0.03099989 -0.03407561 -0.01308029 -0.03099989 -0.01127898 -0.0347135 -0.03099989 0.03334432 0.01484584 -0.03099989 0.03252166 0.01657062 -0.03099989 -0.0347135 -0.01127898 -0.03099989 -0.009446859 -0.0352562 -0.03099989 -0.0352562 -0.009446859 -0.03099989 0.01657062 0.03252166 -0.03099989 0.01824992 0.03160989 -0.03099989 0.03160989 0.01824992 -0.03099989 -0.007588744 -0.03570228 -0.03099989 -0.03570228 -0.007588744 -0.03099989 -0.005709767 -0.03605049 -0.03099989 0.03061145 0.01987928 -0.03099989 -0.03605049 -0.005709767 -0.03099989 -0.003815174 -0.03629994 -0.03099989 -0.0363 -0.003815174 -0.03099989 0.02952909 0.02145415 -0.03099989 0.01987928 0.03061145 -0.03099989 0.02145415 0.02952909 -0.03099989 -0.00191015 -0.0364499 -0.03099989 -0.0364499 -0.00191015 -0.03099989 0.02836579 0.02297013 -0.03099989 0.02297013 0.02836579 -0.03099989 0.0244233 0.02712476 -0.03099989 0 -0.03649991 -0.03099989 -0.03649991 0 -0.03099989 0.02712476 0.0244233 -0.03099989 0.02580928 0.02580934 -0.03099989 0.00191015 -0.0364499 -0.03099989 -0.0364499 0.00191015 -0.03099989 0.003815174 -0.03629994 -0.03099989 -0.0363 0.003815293 -0.03099989 0.005709767 -0.03605049 -0.03099989 -0.03605049 0.005709767 -0.03099989 0.007588744 -0.03570228 -0.03099989 -0.03570228 0.007588744 -0.03099989 0.009446859 -0.0352562 -0.03099989 -0.0352562 0.009446859 -0.03099989 0.01127898 -0.0347135 -0.03099989 -0.0347135 0.01127904 -0.03099989 0.01308029 -0.03407561 -0.03099989 -0.03407561 0.01308029 -0.03099989 0.01484578 -0.03334432 -0.03099989 -0.03334432 0.01484584 -0.03099989 0.01657062 -0.03252166 -0.03099989 -0.03252166 0.01657062 -0.03099989 0.01824992 -0.03160989 -0.03099989 -0.03160989 0.01824992 -0.03099989 0.01987928 -0.03061145 -0.03099989 -0.03061145 0.01987928 -0.03099989 0.02145415 -0.02952909 -0.03099989 -0.02952909 0.02145415 -0.03099989 0.02297013 -0.02836579 -0.03099989 -0.02836579 0.02297013 -0.03099989 0.0244233 -0.02712476 -0.03099989 -0.02712476 0.0244233 -0.03099989 0.02580928 -0.02580928 -0.03099989 -0.02580928 0.02580934 -0.03099989 -0.0244233 0.02712476 -0.03099989 0.02712476 -0.0244233 -0.03099989 -0.02297013 0.02836579 -0.03099989 0.02836579 -0.02297013 -0.03099989 0.02952909 -0.02145415 -0.03099989 -0.02145415 0.02952909 -0.03099989 0.03061145 -0.01987928 -0.03099989 -0.01987928 0.03061145 -0.03099989 0.03160989 -0.01824992 -0.03099989 -0.01824992 0.03160989 -0.03099989 0.03252166 -0.01657062 -0.03099989 -0.01657062 0.03252166 -0.03099989 0.03334432 -0.01484578 -0.03099989 -0.01484578 0.03334432 -0.03099989 0.03407561 -0.01308029 -0.03099989 -0.01308029 0.03407561 -0.03099989 0.0347135 -0.01127898 -0.03099989 -0.01127898 0.0347135 -0.03099989 0.0352562 -0.009446859 -0.03099989 -0.009446859 0.0352562 -0.03099989 0.03570228 -0.007588744 -0.03099989 -0.007588744 0.03570234 -0.03099989 -0.005709767 0.03605049 -0.03099989 0.03605049 -0.005709767 -0.03099989 0.007588744 0.03570234 -0.02499997 0.005709767 0.03605049 -0.02499997 0.009446859 0.0352562 -0.02499997 0.01127898 0.0347135 -0.02499997 0.0364499 -0.00191015 -0.02499997 0.03649991 0 -0.02499997 0.01308029 0.03407561 -0.02499997 0.0363 -0.003815174 -0.02499997 0.01484578 0.03334432 -0.02499997 0.03605049 -0.005709767 -0.02499997 0.01657062 0.03252166 -0.02499997 0.03570228 -0.007588744 -0.02499997 0.01824992 0.03160989 -0.02499997 0.0352562 -0.009446859 -0.02499997 0.01987928 0.03061145 -0.02499997 0.0347135 -0.01127898 -0.02499997 0.02145415 0.02952909 -0.02499997 0.03407561 -0.01308029 -0.02499997 0.02297013 0.02836579 -0.02499997 0.03334432 -0.01484578 -0.02499997 0.0244233 0.02712476 -0.02499997 0.03252166 -0.01657062 -0.02499997 0.02580928 0.02580934 -0.02499997 0.03160989 -0.01824992 -0.02499997 0.02712476 0.0244233 -0.02499997 0.03061145 -0.01987928 -0.02499997 0.02836579 0.02297013 -0.02499997 0.02952909 0.02145415 -0.02499997 0.02952909 -0.02145415 -0.02499997 0.03061145 0.01987928 -0.02499997 0.02836579 -0.02297013 -0.02499997 0.03160989 0.01824992 -0.02499997 0.02712476 -0.0244233 -0.02499997 0.03252166 0.01657062 -0.02499997 0.02580928 -0.02580928 -0.02499997 0.03334432 0.01484584 -0.02499997 0.0244233 -0.02712476 -0.02499997 0.03407561 0.01308029 -0.02499997 0.02297013 -0.02836579 -0.02499997 0.0347135 0.01127904 -0.02499997 0.02145415 -0.02952909 -0.02499997 0.0352562 0.009446859 -0.02499997 0.01987928 -0.03061145 -0.02499997 0.03570228 0.007588744 -0.02499997 0.01824992 -0.03160989 -0.02499997 0.03605049 0.005709767 -0.02499997 0.0363 0.003815293 -0.02499997 0.01657062 -0.03252166 -0.02499997 0.0364499 0.00191015 -0.02499997 0.01484578 -0.03334432 -0.02499997 0.01308029 -0.03407561 -0.02499997 0.01127898 -0.0347135 -0.02499997 0.009446859 -0.0352562 -0.02499997 0.007588744 -0.03570228 -0.02499997 0.005709767 -0.03605049 -0.02499997 0.003815174 -0.03629994 -0.02499997 0.00191015 -0.0364499 -0.02499997 0 -0.03649991 -0.02499997 -0.00191015 -0.0364499 -0.02499997 -0.003815174 -0.03629994 -0.02499997 -0.005709767 -0.03605049 -0.02499997 -0.007588744 -0.03570228 -0.02499997 -0.009446859 -0.0352562 -0.02499997 -0.01127898 -0.0347135 -0.02499997 -0.01308029 -0.03407561 -0.02499997 -0.01484578 -0.03334432 -0.02499997 -0.01657062 -0.03252166 -0.02499997 -0.01824992 -0.03160989 -0.02499997 -0.01987928 -0.03061145 -0.02499997 -0.02145415 -0.02952909 -0.02499997 -0.02297013 -0.02836579 -0.02499997 -0.0244233 -0.02712476 -0.02499997 -0.02580928 -0.02580928 -0.02499997 -0.02712476 -0.0244233 -0.02499997 -0.02836579 -0.02297013 -0.02499997 -0.02952909 -0.02145415 -0.02499997 -0.03061145 -0.01987928 -0.02499997 -0.03160989 -0.01824992 -0.02499997 -0.03252166 -0.01657062 -0.02499997 -0.03334432 -0.01484578 -0.02499997 -0.03407561 -0.01308029 -0.02499997 -0.0347135 -0.01127898 -0.02499997 -0.0352562 -0.009446859 -0.02499997 -0.03570228 -0.007588744 -0.02499997 -0.03605049 -0.005709767 -0.02499997 -0.0363 -0.003815174 -0.02499997 -0.0364499 -0.00191015 -0.02499997 -0.03649991 0 -0.02499997 -0.0364499 0.00191015 -0.02499997 -0.0363 0.003815293 -0.02499997 -0.03605049 0.005709767 -0.02499997 -0.03570228 0.007588744 -0.02499997 -0.0352562 0.009446859 -0.02499997 -0.0347135 0.01127904 -0.02499997 -0.03407561 0.01308029 -0.02499997 -0.03334432 0.01484584 -0.02499997 -0.03252166 0.01657062 -0.02499997 -0.03160989 0.01824992 -0.02499997 -0.03061145 0.01987928 -0.02499997 -0.02952909 0.02145415 -0.02499997 -0.02836579 0.02297013 -0.02499997 -0.02712476 0.0244233 -0.02499997 -0.02580928 0.02580934 -0.02499997 -0.0244233 0.02712476 -0.02499997 -0.02297013 0.02836579 -0.02499997 -0.02145415 0.02952909 -0.02499997 -0.01987928 0.03061145 -0.02499997 -0.01824992 0.03160989 -0.02499997 -0.01657062 0.03252166 -0.02499997 -0.01484578 0.03334432 -0.02499997 -0.01308029 0.03407561 -0.02499997 -0.01127898 0.0347135 -0.02499997 -0.009446859 0.0352562 -0.02499997 -0.007588744 0.03570234 -0.02499997 -0.005709767 0.03605049 -0.02499997 -0.003815174 0.0363 -0.02499997 -0.00191015 0.0364499 -0.02499997 0 0.03649991 -0.02499997 0.00191015 0.0364499 -0.02499997 0.003815174 0.0363 -0.02499997 -0.03033798 -0.02204191 -0.02399992 -0.01698935 -0.0123434 -0.02399992 -0.03145009 -0.02042388 -0.02399992 -0.01780897 -0.01112818 -0.02399992 0.01049995 0.01818645 -0.02399992 0.011743 0.0174098 -0.02399992 0.02042388 0.03145009 -0.02399992 0.02204191 0.03033804 -0.02399992 -0.03247582 -0.01874995 -0.02399992 -0.01854187 -0.009858846 -0.02399992 0.01874995 0.03247582 -0.02399992 -0.03341275 -0.01702451 -0.02399992 -0.01918435 -0.008541464 -0.02399992 0.009205758 0.0188747 -0.02399992 0.01702451 0.03341275 -0.02399992 -0.03425782 -0.01525259 -0.02399992 0.00786674 0.01947087 -0.02399992 0.01525259 0.03425782 -0.02399992 -0.01973342 -0.0071823 -0.02399992 -0.03500926 -0.01343876 -0.02399992 0.006489336 0.0199722 -0.02399992 0.01343876 0.03500926 -0.02399992 -0.02018648 -0.005788326 -0.02399992 -0.03566449 -0.01158803 -0.02399992 0.01158803 0.03566449 -0.02399992 -0.0362221 -0.009705662 -0.02399992 -0.02054107 -0.00436604 -0.02399992 0.005080342 0.0203762 -0.02399992 0.009705662 0.0362221 -0.02399992 0.02651643 -0.02651643 -0.02399992 0.02786785 -0.02509236 -0.02399992 0.01510608 -0.0145877 -0.02399992 0.0235995 -0.02914297 -0.02399992 0.02509236 -0.02786785 -0.02399992 0.01405161 -0.01560592 -0.02399992 -0.0366804 -0.007796645 -0.02399992 0.007796645 0.0366804 -0.02399992 0.02914297 -0.02359944 -0.02399992 0.01608687 -0.01349842 -0.02399992 0.003646492 0.02068096 -0.02399992 0.02204191 -0.03033798 -0.02399992 0.0129289 -0.01654809 -0.02399992 0.03033798 -0.02204191 -0.02399992 0.01698935 -0.0123434 -0.02399992 0.03145009 -0.02042388 -0.02399992 -0.0370382 -0.005866169 -0.02399992 -0.02079558 -0.002922534 -0.02399992 0.02042388 -0.03145009 -0.02399992 0.011743 -0.0174098 -0.02399992 0.00219506 0.02088499 -0.02399992 0.005866289 0.0370382 -0.02399992 -0.0372945 -0.00391978 -0.02399992 0.03247582 -0.01874995 -0.02399992 0.01780897 -0.01112818 -0.02399992 -0.0209487 -0.001464784 -0.02399992 0.00391978 0.0372945 -0.02399992 0.01874995 -0.03247582 -0.02399992 0.01049995 -0.01818645 -0.02399992 -0.03744858 -0.001962482 -0.02399992 -0.0209999 0 -0.02399992 0.001962482 0.03744858 -0.02399992 7.32889e-4 0.02098715 -0.02399992 0.01702451 -0.03341275 -0.02399992 0.03341275 -0.01702451 -0.02399992 0.01854187 -0.009858846 -0.02399992 -0.03749996 0 -0.02399992 0.009205758 -0.01887464 -0.02399992 -7.32889e-4 0.02098715 -0.02399992 0 0.03749996 -0.02399992 0.01525259 -0.03425782 -0.02399992 0.03425782 -0.01525259 -0.02399992 0.01918435 -0.008541464 -0.02399992 0.03500926 -0.01343876 -0.02399992 -0.0209487 0.001464784 -0.02399992 -0.03744858 0.001962602 -0.02399992 -0.00219506 0.02088499 -0.02399992 -0.001962482 0.03744858 -0.02399992 0.00786674 -0.01947087 -0.02399992 -0.0372945 0.00391978 -0.02399992 0.01343876 -0.03500926 -0.02399992 0.03566449 -0.01158803 -0.02399992 0.01973342 -0.0071823 -0.02399992 -0.02079558 0.002922534 -0.02399992 -0.00391978 0.0372945 -0.02399992 0.006489336 -0.01997214 -0.02399992 -0.02054107 0.00436604 -0.02399992 -0.0370382 0.005866289 -0.02399992 -0.003646492 0.02068096 -0.02399992 -0.005866289 0.0370382 -0.02399992 0.009705662 -0.0362221 -0.02399992 0.01158803 -0.03566449 -0.02399992 0.02018648 -0.005788326 -0.02399992 0.0362221 -0.009705662 -0.02399992 0.005080342 -0.02037614 -0.02399992 -0.0366804 0.007796645 -0.02399992 -0.005080342 0.0203762 -0.02399992 -0.007796645 0.0366804 -0.02399992 0.007796645 -0.0366804 -0.02399992 0.02054107 -0.00436604 -0.02399992 0.0366804 -0.007796645 -0.02399992 0.0370382 -0.005866169 -0.02399992 -0.02018648 0.005788326 -0.02399992 -0.0362221 0.009705662 -0.02399992 0.003646492 -0.02068096 -0.02399992 -0.006489336 0.0199722 -0.02399992 -0.009705662 0.0362221 -0.02399992 0.005866289 -0.0370382 -0.02399992 -0.01973342 0.007182419 -0.02399992 -0.03566449 0.01158803 -0.02399992 0.0372945 -0.00391978 -0.02399992 0.02079558 -0.002922534 -0.02399992 0.00219506 -0.02088499 -0.02399992 -0.01158803 0.03566449 -0.02399992 0.001962482 -0.03744858 -0.02399992 0.00391978 -0.0372945 -0.02399992 -0.01918435 0.008541464 -0.02399992 -0.03500926 0.01343876 -0.02399992 -0.01343876 0.03500926 -0.02399992 0.03744858 -0.001962482 -0.02399992 0.0209487 -0.001464784 -0.02399992 -0.00786674 0.01947087 -0.02399992 7.32889e-4 -0.02098715 -0.02399992 0 -0.03749996 -0.02399992 -0.03425782 0.01525259 -0.02399992 -0.01525259 0.03425782 -0.02399992 -0.009205758 0.0188747 -0.02399992 0.03749996 0 -0.02399992 0.03744858 0.001962602 -0.02399992 0.0209999 0 -0.02399992 -0.01854187 0.009858846 -0.02399992 -0.03341275 0.01702451 -0.02399992 -7.32889e-4 -0.02098715 -0.02399992 -0.01049995 0.01818645 -0.02399992 -0.01702451 0.03341275 -0.02399992 -0.001962482 -0.03744858 -0.02399992 0.0372945 0.00391978 -0.02399992 0.0209487 0.001464784 -0.02399992 -0.03247582 0.01874995 -0.02399992 -0.01780897 0.01112824 -0.02399992 -0.01874995 0.03247582 -0.02399992 -0.03145009 0.02042394 -0.02399992 -0.00219506 -0.02088499 -0.02399992 -0.01698935 0.0123434 -0.02399992 -0.011743 0.0174098 -0.02399992 -0.02042388 0.03145009 -0.02399992 -0.005866289 -0.0370382 -0.02399992 -0.00391978 -0.0372945 -0.02399992 0.0370382 0.005866289 -0.02399992 0.02079558 0.002922534 -0.02399992 -0.03033798 0.02204191 -0.02399992 -0.02204191 0.03033804 -0.02399992 -0.003646492 -0.02068096 -0.02399992 -0.0129289 0.01654809 -0.02399992 -0.02914297 0.0235995 -0.02399992 -0.007796645 -0.0366804 -0.02399992 -0.01608687 0.01349842 -0.02399992 -0.0235995 0.02914297 -0.02399992 -0.01405161 0.01560592 -0.02399992 0.0366804 0.007796645 -0.02399992 0.02054107 0.00436604 -0.02399992 0.0362221 0.009705662 -0.02399992 -0.02786785 0.02509236 -0.02399992 -0.01510608 0.0145877 -0.02399992 -0.02509236 0.02786785 -0.02399992 -0.005080342 -0.02037614 -0.02399992 -0.02651643 0.02651643 -0.02399992 -0.009705662 -0.0362221 -0.02399992 0.03566449 0.01158803 -0.02399992 0.02018648 0.005788326 -0.02399992 -0.006489336 -0.01997214 -0.02399992 -0.01343876 -0.03500926 -0.02399992 -0.01158803 -0.03566449 -0.02399992 0.03500926 0.01343876 -0.02399992 0.01973342 0.007182419 -0.02399992 -0.00786674 -0.01947087 -0.02399992 -0.01525259 -0.03425782 -0.02399992 0.03425782 0.01525259 -0.02399992 0.01918435 0.008541464 -0.02399992 0.03341275 0.01702451 -0.02399992 -0.01702451 -0.03341275 -0.02399992 -0.009205758 -0.01887464 -0.02399992 0.03247582 0.01874995 -0.02399992 0.01854187 0.009858846 -0.02399992 -0.02042388 -0.03145009 -0.02399992 -0.01874995 -0.03247582 -0.02399992 -0.01049995 -0.01818645 -0.02399992 0.03145009 0.02042394 -0.02399992 0.01780897 0.01112824 -0.02399992 -0.02204191 -0.03033798 -0.02399992 -0.011743 -0.0174098 -0.02399992 0.03033798 0.02204191 -0.02399992 0.01698935 0.0123434 -0.02399992 0.02914297 0.0235995 -0.02399992 -0.0235995 -0.02914297 -0.02399992 -0.0129289 -0.01654809 -0.02399992 0.01608687 0.01349842 -0.02399992 0.02786785 0.02509236 -0.02399992 -0.01405161 -0.01560592 -0.02399992 -0.02509236 -0.02786785 -0.02399992 0.01510608 0.0145877 -0.02399992 -0.02651643 -0.02651643 -0.02399992 0.02651643 0.02651643 -0.02399992 -0.01510608 -0.0145877 -0.02399992 0.01405161 0.01560592 -0.02399992 -0.02786785 -0.02509236 -0.02399992 -0.01608687 -0.01349842 -0.02399992 0.02509236 0.02786785 -0.02399992 -0.02914297 -0.02359944 -0.02399992 0.0129289 0.01654809 -0.02399992 0.0235995 0.02914297 -0.02399992 0.00391978 -0.0372945 -0.02499997 0.001962482 -0.03744858 -0.02499997 0.005866289 -0.0370382 -0.02499997 0.007796645 -0.0366804 -0.02499997 0.03744858 0.001962602 -0.02499997 0.03749996 0 -0.02499997 0.009705662 -0.0362221 -0.02499997 0.0372945 0.00391978 -0.02499997 0.01158803 -0.03566449 -0.02499997 0.0370382 0.005866289 -0.02499997 0.01343876 -0.03500926 -0.02499997 0.0366804 0.007796645 -0.02499997 0.01525259 -0.03425782 -0.02499997 0.0362221 0.009705662 -0.02499997 0.01702451 -0.03341275 -0.02499997 0.03566449 0.01158803 -0.02499997 0.01874995 -0.03247582 -0.02499997 0.03500926 0.01343876 -0.02499997 0.02042388 -0.03145009 -0.02499997 0.03425782 0.01525259 -0.02499997 0.02204191 -0.03033798 -0.02499997 0.03341275 0.01702451 -0.02499997 0.0235995 -0.02914297 -0.02499997 0.03247582 0.01874995 -0.02499997 0.02509236 -0.02786785 -0.02499997 0.03145009 0.02042394 -0.02499997 0.02651643 -0.02651643 -0.02499997 0.03033798 0.02204191 -0.02499997 0.02786785 -0.02509236 -0.02499997 0.02914297 -0.02359944 -0.02499997 0.02914297 0.0235995 -0.02499997 0.03033798 -0.02204191 -0.02499997 0.02786785 0.02509236 -0.02499997 0.03145009 -0.02042388 -0.02499997 0.02651643 0.02651643 -0.02499997 0.03247582 -0.01874995 -0.02499997 0.02509236 0.02786785 -0.02499997 0.03341275 -0.01702451 -0.02499997 0.0235995 0.02914297 -0.02499997 0.03425782 -0.01525259 -0.02499997 0.03500926 -0.01343876 -0.02499997 0.02204191 0.03033804 -0.02499997 0.03566449 -0.01158803 -0.02499997 0.02042388 0.03145009 -0.02499997 0.0362221 -0.009705662 -0.02499997 0.01874995 0.03247582 -0.02499997 0.0366804 -0.007796645 -0.02499997 0.01702451 0.03341275 -0.02499997 0.0370382 -0.005866169 -0.02499997 0.01525259 0.03425782 -0.02499997 0.0372945 -0.00391978 -0.02499997 0.03744858 -0.001962482 -0.02499997 0.01343876 0.03500926 -0.02499997 0.01158803 0.03566449 -0.02499997 0.009705662 0.0362221 -0.02499997 0.007796645 0.0366804 -0.02499997 0.005866289 0.0370382 -0.02499997 0.00391978 0.0372945 -0.02499997 0.001962482 0.03744858 -0.02499997 0 0.03749996 -0.02499997 -0.001962482 0.03744858 -0.02499997 -0.00391978 0.0372945 -0.02499997 -0.005866289 0.0370382 -0.02499997 -0.007796645 0.0366804 -0.02499997 -0.009705662 0.0362221 -0.02499997 -0.01158803 0.03566449 -0.02499997 -0.01343876 0.03500926 -0.02499997 -0.01525259 0.03425782 -0.02499997 -0.01702451 0.03341275 -0.02499997 -0.01874995 0.03247582 -0.02499997 -0.02042388 0.03145009 -0.02499997 -0.02204191 0.03033804 -0.02499997 -0.0235995 0.02914297 -0.02499997 -0.02509236 0.02786785 -0.02499997 -0.02651643 0.02651643 -0.02499997 -0.02786785 0.02509236 -0.02499997 -0.02914297 0.0235995 -0.02499997 -0.03033798 0.02204191 -0.02499997 -0.03145009 0.02042394 -0.02499997 -0.03247582 0.01874995 -0.02499997 -0.03341275 0.01702451 -0.02499997 -0.03425782 0.01525259 -0.02499997 -0.03500926 0.01343876 -0.02499997 -0.03566449 0.01158803 -0.02499997 -0.0362221 0.009705662 -0.02499997 -0.0366804 0.007796645 -0.02499997 -0.0370382 0.005866289 -0.02499997 -0.0372945 0.00391978 -0.02499997 -0.03744858 0.001962602 -0.02499997 -0.03749996 0 -0.02499997 -0.03744858 -0.001962482 -0.02499997 -0.0372945 -0.00391978 -0.02499997 -0.0370382 -0.005866169 -0.02499997 -0.0366804 -0.007796645 -0.02499997 -0.0362221 -0.009705662 -0.02499997 -0.03566449 -0.01158803 -0.02499997 -0.03500926 -0.01343876 -0.02499997 -0.03425782 -0.01525259 -0.02499997 -0.03341275 -0.01702451 -0.02499997 -0.03247582 -0.01874995 -0.02499997 -0.03145009 -0.02042388 -0.02499997 -0.03033798 -0.02204191 -0.02499997 -0.02914297 -0.02359944 -0.02499997 -0.02786785 -0.02509236 -0.02499997 -0.02651643 -0.02651643 -0.02499997 -0.02509236 -0.02786785 -0.02499997 -0.0235995 -0.02914297 -0.02499997 -0.02204191 -0.03033798 -0.02499997 -0.02042388 -0.03145009 -0.02499997 -0.01874995 -0.03247582 -0.02499997 -0.01702451 -0.03341275 -0.02499997 -0.01525259 -0.03425782 -0.02499997 -0.01343876 -0.03500926 -0.02499997 -0.01158803 -0.03566449 -0.02499997 -0.009705662 -0.0362221 -0.02499997 -0.007796645 -0.0366804 -0.02499997 -0.005866289 -0.0370382 -0.02499997 -0.00391978 -0.0372945 -0.02499997 -0.001962482 -0.03744858 -0.02499997 0 -0.03749996 -0.02499997 0.0209487 0.001464784 -0.02499997 0.0209999 0 -0.02499997 0.02079558 0.002922534 -0.02499997 0.02054107 0.00436604 -0.02499997 0.02018648 0.005788326 -0.02499997 0.01973342 0.007182419 -0.02499997 0.01918435 0.008541464 -0.02499997 0.01854187 0.009858846 -0.02499997 0.01780897 0.01112824 -0.02499997 0.01698935 0.0123434 -0.02499997 0.01608687 0.01349842 -0.02499997 0.01510608 0.0145877 -0.02499997 0.01405161 0.01560592 -0.02499997 0.0129289 0.01654809 -0.02499997 0.011743 0.0174098 -0.02499997 0.01049995 0.01818645 -0.02499997 0.009205758 0.0188747 -0.02499997 0.00786674 0.01947087 -0.02499997 0.006489336 0.0199722 -0.02499997 0.005080342 0.0203762 -0.02499997 0.003646492 0.02068096 -0.02499997 0.00219506 0.02088499 -0.02499997 7.32889e-4 0.02098715 -0.02499997 -7.32889e-4 0.02098715 -0.02499997 -0.00219506 0.02088499 -0.02499997 -0.003646492 0.02068096 -0.02499997 -0.005080342 0.0203762 -0.02499997 -0.006489336 0.0199722 -0.02499997 -0.00786674 0.01947087 -0.02499997 -0.009205758 0.0188747 -0.02499997 -0.01049995 0.01818645 -0.02499997 -0.011743 0.0174098 -0.02499997 -0.0129289 0.01654809 -0.02499997 -0.01405161 0.01560592 -0.02499997 -0.01510608 0.0145877 -0.02499997 -0.01608687 0.01349842 -0.02499997 -0.01698935 0.0123434 -0.02499997 -0.01780897 0.01112824 -0.02499997 -0.01854187 0.009858846 -0.02499997 -0.01918435 0.008541464 -0.02499997 -0.01973342 0.007182419 -0.02499997 -0.02018648 0.005788326 -0.02499997 -0.02054107 0.00436604 -0.02499997 -0.02079558 0.002922534 -0.02499997 -0.0209487 0.001464784 -0.02499997 -0.0209999 0 -0.02499997 -0.0209487 -0.001464784 -0.02499997 -0.02079558 -0.002922534 -0.02499997 -0.02054107 -0.00436604 -0.02499997 -0.02018648 -0.005788326 -0.02499997 -0.01973342 -0.0071823 -0.02499997 -0.01918435 -0.008541464 -0.02499997 -0.01854187 -0.009858846 -0.02499997 -0.01780897 -0.01112818 -0.02499997 -0.01698935 -0.0123434 -0.02499997 -0.01608687 -0.01349842 -0.02499997 -0.01510608 -0.0145877 -0.02499997 -0.01405161 -0.01560592 -0.02499997 -0.0129289 -0.01654809 -0.02499997 -0.011743 -0.0174098 -0.02499997 -0.01049995 -0.01818645 -0.02499997 -0.009205758 -0.01887464 -0.02499997 -0.00786674 -0.01947087 -0.02499997 -0.006489336 -0.01997214 -0.02499997 -0.005080342 -0.02037614 -0.02499997 -0.003646492 -0.02068096 -0.02499997 -0.00219506 -0.02088499 -0.02499997 -7.32889e-4 -0.02098715 -0.02499997 7.32889e-4 -0.02098715 -0.02499997 0.00219506 -0.02088499 -0.02499997 0.003646492 -0.02068096 -0.02499997 0.005080342 -0.02037614 -0.02499997 0.006489336 -0.01997214 -0.02499997 0.00786674 -0.01947087 -0.02499997 0.009205758 -0.01887464 -0.02499997 0.01049995 -0.01818645 -0.02499997 0.011743 -0.0174098 -0.02499997 0.0129289 -0.01654809 -0.02499997 0.01405161 -0.01560592 -0.02499997 0.01510608 -0.0145877 -0.02499997 0.01608687 -0.01349842 -0.02499997 0.01698935 -0.0123434 -0.02499997 0.01780897 -0.01112818 -0.02499997 0.01854187 -0.009858846 -0.02499997 0.01918435 -0.008541464 -0.02499997 0.01973342 -0.0071823 -0.02499997 0.02018648 -0.005788326 -0.02499997 0.02054107 -0.00436604 -0.02499997 0.02079558 -0.002922534 -0.02499997 0.0209487 -0.001464784 -0.02499997 0.007796645 0.0366804 -0.03099989 0.005866289 0.0370382 -0.03099989 0.009705662 0.0362221 -0.03099989 0.01158803 0.03566449 -0.03099989 0.03744858 -0.001962482 -0.03099989 0.03749996 0 -0.03099989 0.01343876 0.03500926 -0.03099989 0.01525259 0.03425782 -0.03099989 0.0372945 -0.00391978 -0.03099989 0.0370382 -0.005866169 -0.03099989 0.01702451 0.03341275 -0.03099989 0.01874995 0.03247582 -0.03099989 0.0366804 -0.007796645 -0.03099989 0.0362221 -0.009705662 -0.03099989 0.03566449 -0.01158803 -0.03099989 0.02042388 0.03145009 -0.03099989 0.03500926 -0.01343876 -0.03099989 0.02204191 0.03033804 -0.03099989 0.0235995 0.02914297 -0.03099989 0.02509236 0.02786785 -0.03099989 0.03425782 -0.01525259 -0.03099989 0.02651643 0.02651643 -0.03099989 0.02786785 0.02509236 -0.03099989 0.03341275 -0.01702451 -0.03099989 0.03247582 -0.01874995 -0.03099989 0.02914297 0.0235995 -0.03099989 0.03145009 -0.02042388 -0.03099989 0.03033798 -0.02204191 -0.03099989 0.03033798 0.02204191 -0.03099989 0.03145009 0.02042394 -0.03099989 0.02914297 -0.02359944 -0.03099989 0.03247582 0.01874995 -0.03099989 0.03341275 0.01702451 -0.03099989 0.02786785 -0.02509236 -0.03099989 0.03425782 0.01525259 -0.03099989 0.02651643 -0.02651643 -0.03099989 0.03500926 0.01343876 -0.03099989 0.03566449 0.01158803 -0.03099989 0.02509236 -0.02786785 -0.03099989 0.0362221 0.009705662 -0.03099989 0.0235995 -0.02914297 -0.03099989 0.02204191 -0.03033798 -0.03099989 0.0366804 0.007796645 -0.03099989 0.02042388 -0.03145009 -0.03099989 0.0370382 0.005866289 -0.03099989 0.0372945 0.00391978 -0.03099989 0.01874995 -0.03247582 -0.03099989 0.01702451 -0.03341275 -0.03099989 0.03744858 0.001962602 -0.03099989 0.01525259 -0.03425782 -0.03099989 0.01343876 -0.03500926 -0.03099989 0.01158803 -0.03566449 -0.03099989 0.009705662 -0.0362221 -0.03099989 0.007796645 -0.0366804 -0.03099989 0.005866289 -0.0370382 -0.03099989 0.00391978 -0.0372945 -0.03099989 0.001962482 -0.03744858 -0.03099989 0 -0.03749996 -0.03099989 -0.001962482 -0.03744858 -0.03099989 -0.00391978 -0.0372945 -0.03099989 -0.005866289 -0.0370382 -0.03099989 -0.007796645 -0.0366804 -0.03099989 -0.009705662 -0.0362221 -0.03099989 -0.01158803 -0.03566449 -0.03099989 -0.01343876 -0.03500926 -0.03099989 -0.01525259 -0.03425782 -0.03099989 -0.01702451 -0.03341275 -0.03099989 -0.01874995 -0.03247582 -0.03099989 -0.02042388 -0.03145009 -0.03099989 -0.02204191 -0.03033798 -0.03099989 -0.0235995 -0.02914297 -0.03099989 -0.02509236 -0.02786785 -0.03099989 -0.02651643 -0.02651643 -0.03099989 -0.02786785 -0.02509236 -0.03099989 -0.02914297 -0.02359944 -0.03099989 -0.03033798 -0.02204191 -0.03099989 -0.03145009 -0.02042388 -0.03099989 -0.03247582 -0.01874995 -0.03099989 -0.03341275 -0.01702451 -0.03099989 -0.03425782 -0.01525259 -0.03099989 -0.03500926 -0.01343876 -0.03099989 -0.03566449 -0.01158803 -0.03099989 -0.0362221 -0.009705662 -0.03099989 -0.0366804 -0.007796645 -0.03099989 -0.0370382 -0.005866169 -0.03099989 -0.0372945 -0.00391978 -0.03099989 -0.03744858 -0.001962482 -0.03099989 -0.03749996 0 -0.03099989 -0.03744858 0.001962602 -0.03099989 -0.0372945 0.00391978 -0.03099989 -0.0370382 0.005866289 -0.03099989 -0.0366804 0.007796645 -0.03099989 -0.0362221 0.009705662 -0.03099989 -0.03566449 0.01158803 -0.03099989 -0.03500926 0.01343876 -0.03099989 -0.03425782 0.01525259 -0.03099989 -0.03341275 0.01702451 -0.03099989 -0.03247582 0.01874995 -0.03099989 -0.03145009 0.02042394 -0.03099989 -0.03033798 0.02204191 -0.03099989 -0.02914297 0.0235995 -0.03099989 -0.02786785 0.02509236 -0.03099989 -0.02651643 0.02651643 -0.03099989 -0.02509236 0.02786785 -0.03099989 -0.0235995 0.02914297 -0.03099989 -0.02204191 0.03033804 -0.03099989 -0.02042388 0.03145009 -0.03099989 -0.01874995 0.03247582 -0.03099989 -0.01702451 0.03341275 -0.03099989 -0.01525259 0.03425782 -0.03099989 -0.01343876 0.03500926 -0.03099989 -0.01158803 0.03566449 -0.03099989 -0.009705662 0.0362221 -0.03099989 -0.007796645 0.0366804 -0.03099989 -0.005866289 0.0370382 -0.03099989 -0.00391978 0.0372945 -0.03099989 -0.001962482 0.03744858 -0.03099989 0 0.03749996 -0.03099989 0.001962482 0.03744858 -0.03099989 0.00391978 0.0372945 -0.03099989 0.01824992 0.03160989 -0.02499997 0.01987928 0.03061145 -0.02499997 -0.03160989 -0.01824992 -0.02499997 -0.03061145 -0.01987928 -0.02499997 0.01657062 0.03252166 -0.02499997 -0.03252166 -0.01657062 -0.02499997 0.01484578 0.03334432 -0.02499997 -0.03334432 -0.01484578 -0.02499997 0.01308029 0.03407561 -0.02499997 -0.03407561 -0.01308029 -0.02499997 0.01127898 0.0347135 -0.02499997 -0.0347135 -0.01127898 -0.02499997 0.009446859 0.0352562 -0.02499997 -0.0352562 -0.009446859 -0.02499997 0.02712476 -0.0244233 -0.02499997 0.02580928 -0.02580928 -0.02499997 0.007588744 0.03570234 -0.02499997 0.0244233 -0.02712476 -0.02499997 -0.03570228 -0.007588744 -0.02499997 0.02297013 -0.02836579 -0.02499997 0.02836579 -0.02297013 -0.02499997 0.02145415 -0.02952909 -0.02499997 0.005709767 0.03605049 -0.02499997 -0.03605049 -0.005709767 -0.02499997 0.03061145 -0.01987928 -0.02499997 0.02952909 -0.02145415 -0.02499997 0.003815174 0.0363 -0.02499997 0.01987928 -0.03061145 -0.02499997 -0.0363 -0.003815174 -0.02499997 0.00191015 0.0364499 -0.02499997 0.03160989 -0.01824992 -0.02499997 0.01824992 -0.03160989 -0.02499997 0.01657062 -0.03252166 -0.02499997 -0.0364499 -0.00191015 -0.02499997 0 0.03649991 -0.02499997 0.03252166 -0.01657062 -0.02499997 -0.03649991 0 -0.02499997 -0.00191015 0.0364499 -0.02499997 0.01484578 -0.03334432 -0.02499997 0.03407561 -0.01308029 -0.02499997 0.03334432 -0.01484578 -0.02499997 -0.0364499 0.00191015 -0.02499997 0.01308029 -0.03407561 -0.02499997 -0.003815174 0.0363 -0.02499997 -0.0363 0.003815293 -0.02499997 0.0347135 -0.01127898 -0.02499997 -0.005709767 0.03605049 -0.02499997 0.01127898 -0.0347135 -0.02499997 0.009446859 -0.0352562 -0.02499997 -0.03605049 0.005709767 -0.02499997 -0.007588744 0.03570234 -0.02499997 0.0352562 -0.009446859 -0.02499997 -0.03570228 0.007588744 -0.02499997 0.007588744 -0.03570228 -0.02499997 -0.009446859 0.0352562 -0.02499997 0.03605049 -0.005709767 -0.02499997 0.03570228 -0.007588744 -0.02499997 -0.0352562 0.009446859 -0.02499997 0.005709767 -0.03605049 -0.02499997 -0.01127898 0.0347135 -0.02499997 0.0363 -0.003815174 -0.02499997 -0.0347135 0.01127904 -0.02499997 -0.01308029 0.03407561 -0.02499997 0.003815174 -0.03629994 -0.02499997 0.00191015 -0.0364499 -0.02499997 -0.03407561 0.01308029 -0.02499997 -0.01484578 0.03334432 -0.02499997 0.0364499 -0.00191015 -0.02499997 0 -0.03649991 -0.02499997 -0.03334432 0.01484584 -0.02499997 -0.01657062 0.03252166 -0.02499997 0.03649991 0 -0.02499997 -0.03252166 0.01657062 -0.02499997 0.0364499 0.00191015 -0.02499997 -0.01824992 0.03160989 -0.02499997 -0.03160989 0.01824992 -0.02499997 -0.00191015 -0.0364499 -0.02499997 -0.01987928 0.03061145 -0.02499997 0.0363 0.003815293 -0.02499997 -0.03061145 0.01987928 -0.02499997 -0.003815174 -0.03629994 -0.02499997 -0.02145415 0.02952909 -0.02499997 -0.005709767 -0.03605049 -0.02499997 -0.02952909 0.02145415 -0.02499997 -0.02297013 0.02836579 -0.02499997 -0.02836579 0.02297013 -0.02499997 0.03605049 0.005709767 -0.02499997 -0.0244233 0.02712476 -0.02499997 -0.007588744 -0.03570228 -0.02499997 -0.02712476 0.0244233 -0.02499997 -0.02580928 0.02580934 -0.02499997 0.0352562 0.009446859 -0.02499997 0.03570228 0.007588744 -0.02499997 -0.009446859 -0.0352562 -0.02499997 0.0347135 0.01127904 -0.02499997 -0.01127898 -0.0347135 -0.02499997 -0.01308029 -0.03407561 -0.02499997 0.03407561 0.01308029 -0.02499997 -0.01484578 -0.03334432 -0.02499997 0.03252166 0.01657062 -0.02499997 0.03334432 0.01484584 -0.02499997 -0.01657062 -0.03252166 -0.02499997 0.03160989 0.01824992 -0.02499997 -0.01824992 -0.03160989 -0.02499997 -0.01987928 -0.03061145 -0.02499997 0.03061145 0.01987928 -0.02499997 -0.02145415 -0.02952909 -0.02499997 0.02836579 0.02297013 -0.02499997 0.02952909 0.02145415 -0.02499997 -0.02297013 -0.02836579 -0.02499997 0.02712476 0.0244233 -0.02499997 -0.0244233 -0.02712476 -0.02499997 0.02580928 0.02580934 -0.02499997 -0.02580928 -0.02580928 -0.02499997 0.0244233 0.02712476 -0.02499997 -0.02712476 -0.0244233 -0.02499997 0.02297013 0.02836579 -0.02499997 -0.02836579 -0.02297013 -0.02499997 0.02145415 0.02952909 -0.02499997 -0.02952909 -0.02145415 -0.02499997 0.0363 -0.003815174 -0.03099989 0.0364499 -0.00191015 -0.03099989 -0.00191015 0.0364499 -0.03099989 -0.003815174 0.0363 -0.03099989 0.03649991 0 -0.03099989 0 0.03649991 -0.03099989 0.0364499 0.00191015 -0.03099989 -0.02580928 -0.02580928 -0.03099989 -0.0244233 -0.02712476 -0.03099989 0.00191015 0.0364499 -0.03099989 -0.02712476 -0.0244233 -0.03099989 -0.02297013 -0.02836579 -0.03099989 0.003815174 0.0363 -0.03099989 -0.02836579 -0.02297013 -0.03099989 0.0363 0.003815293 -0.03099989 0.03605049 0.005709767 -0.03099989 -0.02145415 -0.02952909 -0.03099989 -0.02952909 -0.02145415 -0.03099989 -0.01987928 -0.03061145 -0.03099989 0.005709767 0.03605049 -0.03099989 0.03570228 0.007588744 -0.03099989 -0.03061145 -0.01987928 -0.03099989 0.007588744 0.03570234 -0.03099989 -0.01824992 -0.03160989 -0.03099989 0.009446859 0.0352562 -0.03099989 -0.03160989 -0.01824992 -0.03099989 0.0352562 0.009446859 -0.03099989 -0.01657062 -0.03252166 -0.03099989 0.0347135 0.01127904 -0.03099989 -0.03252166 -0.01657062 -0.03099989 0.01127898 0.0347135 -0.03099989 -0.01484578 -0.03334432 -0.03099989 -0.03334432 -0.01484578 -0.03099989 0.03407561 0.01308029 -0.03099989 -0.01308029 -0.03407561 -0.03099989 0.01308029 0.03407561 -0.03099989 0.01484578 0.03334432 -0.03099989 -0.03407561 -0.01308029 -0.03099989 -0.01127898 -0.0347135 -0.03099989 0.03334432 0.01484584 -0.03099989 0.03252166 0.01657062 -0.03099989 -0.0347135 -0.01127898 -0.03099989 -0.009446859 -0.0352562 -0.03099989 -0.0352562 -0.009446859 -0.03099989 0.01657062 0.03252166 -0.03099989 0.01824992 0.03160989 -0.03099989 0.03160989 0.01824992 -0.03099989 -0.007588744 -0.03570228 -0.03099989 -0.03570228 -0.007588744 -0.03099989 0.03061145 0.01987928 -0.03099989 -0.005709767 -0.03605049 -0.03099989 -0.03605049 -0.005709767 -0.03099989 -0.003815174 -0.03629994 -0.03099989 -0.0363 -0.003815174 -0.03099989 0.02952909 0.02145415 -0.03099989 0.01987928 0.03061145 -0.03099989 0.02145415 0.02952909 -0.03099989 -0.00191015 -0.0364499 -0.03099989 -0.0364499 -0.00191015 -0.03099989 0.02836579 0.02297013 -0.03099989 0.02297013 0.02836579 -0.03099989 0.0244233 0.02712476 -0.03099989 0 -0.03649991 -0.03099989 -0.03649991 0 -0.03099989 0.02712476 0.0244233 -0.03099989 0.02580928 0.02580934 -0.03099989 0.00191015 -0.0364499 -0.03099989 -0.0364499 0.00191015 -0.03099989 0.003815174 -0.03629994 -0.03099989 -0.0363 0.003815293 -0.03099989 0.005709767 -0.03605049 -0.03099989 -0.03605049 0.005709767 -0.03099989 0.007588744 -0.03570228 -0.03099989 -0.03570228 0.007588744 -0.03099989 0.009446859 -0.0352562 -0.03099989 -0.0352562 0.009446859 -0.03099989 0.01127898 -0.0347135 -0.03099989 -0.0347135 0.01127904 -0.03099989 0.01308029 -0.03407561 -0.03099989 -0.03407561 0.01308029 -0.03099989 0.01484578 -0.03334432 -0.03099989 -0.03334432 0.01484584 -0.03099989 0.01657062 -0.03252166 -0.03099989 -0.03252166 0.01657062 -0.03099989 0.01824992 -0.03160989 -0.03099989 -0.03160989 0.01824992 -0.03099989 0.01987928 -0.03061145 -0.03099989 -0.03061145 0.01987928 -0.03099989 0.02145415 -0.02952909 -0.03099989 -0.02952909 0.02145415 -0.03099989 0.02297013 -0.02836579 -0.03099989 -0.02836579 0.02297013 -0.03099989 0.0244233 -0.02712476 -0.03099989 -0.02712476 0.0244233 -0.03099989 0.02580928 -0.02580928 -0.03099989 -0.02580928 0.02580934 -0.03099989 -0.0244233 0.02712476 -0.03099989 0.02712476 -0.0244233 -0.03099989 -0.02297013 0.02836579 -0.03099989 0.02836579 -0.02297013 -0.03099989 0.02952909 -0.02145415 -0.03099989 -0.02145415 0.02952909 -0.03099989 0.03061145 -0.01987928 -0.03099989 -0.01987928 0.03061145 -0.03099989 0.03160989 -0.01824992 -0.03099989 -0.01824992 0.03160989 -0.03099989 0.03252166 -0.01657062 -0.03099989 -0.01657062 0.03252166 -0.03099989 0.03334432 -0.01484578 -0.03099989 -0.01484578 0.03334432 -0.03099989 0.03407561 -0.01308029 -0.03099989 -0.01308029 0.03407561 -0.03099989 0.0347135 -0.01127898 -0.03099989 -0.01127898 0.0347135 -0.03099989 0.0352562 -0.009446859 -0.03099989 -0.009446859 0.0352562 -0.03099989 0.03570228 -0.007588744 -0.03099989 -0.007588744 0.03570234 -0.03099989 -0.005709767 0.03605049 -0.03099989 0.03605049 -0.005709767 -0.03099989 0.00391978 -0.0372945 -0.02399992 0.001962482 -0.03744858 -0.02399992 0.00391978 -0.0372945 -0.02499997 0.001962482 -0.03744858 -0.02499997 0.005866289 -0.0370382 -0.02399992 0.005866289 -0.0370382 -0.02499997 0.007796645 -0.0366804 -0.02399992 0.007796645 -0.0366804 -0.02499997 0.03744858 0.001962602 -0.02399992 0.03749996 0 -0.02399992 0.03744858 0.001962602 -0.02499997 0.03749996 0 -0.02499997 0.009705662 -0.0362221 -0.02399992 0.009705662 -0.0362221 -0.02499997 0.0372945 0.00391978 -0.02399992 0.0372945 0.00391978 -0.02499997 0.0370382 0.005866289 -0.02399992 0.01158803 -0.03566449 -0.02399992 0.01158803 -0.03566449 -0.02499997 0.0366804 0.007796645 -0.02399992 0.0370382 0.005866289 -0.02499997 0.01343876 -0.03500926 -0.02399992 0.01343876 -0.03500926 -0.02499997 0.0362221 0.009705662 -0.02399992 0.0366804 0.007796645 -0.02499997 0.01525259 -0.03425782 -0.02399992 0.01525259 -0.03425782 -0.02499997 0.03566449 0.01158803 -0.02399992 0.0362221 0.009705662 -0.02499997 0.01702451 -0.03341275 -0.02399992 0.01702451 -0.03341275 -0.02499997 0.03500926 0.01343876 -0.02399992 0.03566449 0.01158803 -0.02499997 0.01874995 -0.03247582 -0.02399992 0.01874995 -0.03247582 -0.02499997 0.03425782 0.01525259 -0.02399992 0.03500926 0.01343876 -0.02499997 0.02042388 -0.03145009 -0.02399992 0.02042388 -0.03145009 -0.02499997 0.03341275 0.01702451 -0.02399992 0.03425782 0.01525259 -0.02499997 0.02204191 -0.03033798 -0.02399992 0.02204191 -0.03033798 -0.02499997 0.03247582 0.01874995 -0.02399992 0.03341275 0.01702451 -0.02499997 0.0235995 -0.02914297 -0.02399992 0.0235995 -0.02914297 -0.02499997 0.03247582 0.01874995 -0.02499997 0.02509236 -0.02786785 -0.02399992 0.02509236 -0.02786785 -0.02499997 0.03145009 0.02042394 -0.02399992 0.03145009 0.02042394 -0.02499997 0.02651643 -0.02651643 -0.02399992 0.02651643 -0.02651643 -0.02499997 0.03033798 0.02204191 -0.02399992 0.03033798 0.02204191 -0.02499997 0.02786785 -0.02509236 -0.02399992 0.02786785 -0.02509236 -0.02499997 0.02914297 -0.02359944 -0.02399992 0.02914297 -0.02359944 -0.02499997 0.02914297 0.0235995 -0.02399992 0.02914297 0.0235995 -0.02499997 0.03033798 -0.02204191 -0.02399992 0.03033798 -0.02204191 -0.02499997 0.03145009 -0.02042388 -0.02399992 0.02786785 0.02509236 -0.02499997 0.02786785 0.02509236 -0.02399992 0.03145009 -0.02042388 -0.02499997 0.02651643 0.02651643 -0.02499997 0.02651643 0.02651643 -0.02399992 0.03247582 -0.01874995 -0.02399992 0.03247582 -0.01874995 -0.02499997 0.03341275 -0.01702451 -0.02399992 0.02509236 0.02786785 -0.02499997 0.02509236 0.02786785 -0.02399992 0.03425782 -0.01525259 -0.02399992 0.03341275 -0.01702451 -0.02499997 0.0235995 0.02914297 -0.02499997 0.0235995 0.02914297 -0.02399992 0.03500926 -0.01343876 -0.02399992 0.03425782 -0.01525259 -0.02499997 0.03566449 -0.01158803 -0.02399992 0.03500926 -0.01343876 -0.02499997 0.02204191 0.03033804 -0.02499997 0.02204191 0.03033804 -0.02399992 0.0362221 -0.009705662 -0.02399992 0.03566449 -0.01158803 -0.02499997 0.02042388 0.03145009 -0.02499997 0.02042388 0.03145009 -0.02399992 0.0362221 -0.009705662 -0.02499997 0.0366804 -0.007796645 -0.02399992 0.01874995 0.03247582 -0.02499997 0.01874995 0.03247582 -0.02399992 0.0366804 -0.007796645 -0.02499997 0.0370382 -0.005866169 -0.02399992 0.01702451 0.03341275 -0.02499997 0.01702451 0.03341275 -0.02399992 0.0370382 -0.005866169 -0.02499997 0.0372945 -0.00391978 -0.02399992 0.01525259 0.03425782 -0.02499997 0.01525259 0.03425782 -0.02399992 0.0372945 -0.00391978 -0.02499997 0.03744858 -0.001962482 -0.02499997 0.03744858 -0.001962482 -0.02399992 0.01343876 0.03500926 -0.02499997 0.01343876 0.03500926 -0.02399992 0.01158803 0.03566449 -0.02499997 0.01158803 0.03566449 -0.02399992 0.009705662 0.0362221 -0.02399992 0.009705662 0.0362221 -0.02499997 0.007796645 0.0366804 -0.02399992 0.007796645 0.0366804 -0.02499997 0.005866289 0.0370382 -0.02399992 0.005866289 0.0370382 -0.02499997 0.00391978 0.0372945 -0.02399992 0.00391978 0.0372945 -0.02499997 0.001962482 0.03744858 -0.02399992 0.001962482 0.03744858 -0.02499997 0 0.03749996 -0.02399992 0 0.03749996 -0.02499997 -0.001962482 0.03744858 -0.02399992 -0.001962482 0.03744858 -0.02499997 -0.00391978 0.0372945 -0.02399992 -0.00391978 0.0372945 -0.02499997 -0.005866289 0.0370382 -0.02399992 -0.005866289 0.0370382 -0.02499997 -0.007796645 0.0366804 -0.02399992 -0.007796645 0.0366804 -0.02499997 -0.009705662 0.0362221 -0.02399992 -0.009705662 0.0362221 -0.02499997 -0.01158803 0.03566449 -0.02399992 -0.01158803 0.03566449 -0.02499997 -0.01343876 0.03500926 -0.02399992 -0.01343876 0.03500926 -0.02499997 -0.01525259 0.03425782 -0.02399992 -0.01525259 0.03425782 -0.02499997 -0.01702451 0.03341275 -0.02399992 -0.01702451 0.03341275 -0.02499997 -0.01874995 0.03247582 -0.02499997 -0.01874995 0.03247582 -0.02399992 -0.02042388 0.03145009 -0.02499997 -0.02042388 0.03145009 -0.02399992 -0.02204191 0.03033804 -0.02499997 -0.02204191 0.03033804 -0.02399992 -0.0235995 0.02914297 -0.02499997 -0.0235995 0.02914297 -0.02399992 -0.02509236 0.02786785 -0.02499997 -0.02509236 0.02786785 -0.02399992 -0.02651643 0.02651643 -0.02499997 -0.02651643 0.02651643 -0.02399992 -0.02786785 0.02509236 -0.02499997 -0.02786785 0.02509236 -0.02399992 -0.02914297 0.0235995 -0.02499997 -0.02914297 0.0235995 -0.02399992 -0.03033798 0.02204191 -0.02499997 -0.03033798 0.02204191 -0.02399992 -0.03145009 0.02042394 -0.02499997 -0.03145009 0.02042394 -0.02399992 -0.03247582 0.01874995 -0.02499997 -0.03247582 0.01874995 -0.02399992 -0.03341275 0.01702451 -0.02499997 -0.03341275 0.01702451 -0.02399992 -0.03425782 0.01525259 -0.02499997 -0.03425782 0.01525259 -0.02399992 -0.03500926 0.01343876 -0.02499997 -0.03500926 0.01343876 -0.02399992 -0.03566449 0.01158803 -0.02499997 -0.03566449 0.01158803 -0.02399992 -0.0362221 0.009705662 -0.02499997 -0.0362221 0.009705662 -0.02399992 -0.0366804 0.007796645 -0.02499997 -0.0366804 0.007796645 -0.02399992 -0.0370382 0.005866289 -0.02499997 -0.0370382 0.005866289 -0.02399992 -0.0372945 0.00391978 -0.02499997 -0.0372945 0.00391978 -0.02399992 -0.03744858 0.001962602 -0.02499997 -0.03744858 0.001962602 -0.02399992 -0.03749996 0 -0.02399992 -0.03749996 0 -0.02499997 -0.03744858 -0.001962482 -0.02399992 -0.03744858 -0.001962482 -0.02499997 -0.0372945 -0.00391978 -0.02399992 -0.0372945 -0.00391978 -0.02499997 -0.0370382 -0.005866169 -0.02399992 -0.0370382 -0.005866169 -0.02499997 -0.0366804 -0.007796645 -0.02399992 -0.0366804 -0.007796645 -0.02499997 -0.0362221 -0.009705662 -0.02499997 -0.0362221 -0.009705662 -0.02399992 -0.03566449 -0.01158803 -0.02499997 -0.03566449 -0.01158803 -0.02399992 -0.03500926 -0.01343876 -0.02499997 -0.03500926 -0.01343876 -0.02399992 -0.03425782 -0.01525259 -0.02499997 -0.03425782 -0.01525259 -0.02399992 -0.03341275 -0.01702451 -0.02499997 -0.03341275 -0.01702451 -0.02399992 -0.03247582 -0.01874995 -0.02499997 -0.03247582 -0.01874995 -0.02399992 -0.03145009 -0.02042388 -0.02499997 -0.03145009 -0.02042388 -0.02399992 -0.03033798 -0.02204191 -0.02499997 -0.03033798 -0.02204191 -0.02399992 -0.02914297 -0.02359944 -0.02499997 -0.02914297 -0.02359944 -0.02399992 -0.02786785 -0.02509236 -0.02499997 -0.02786785 -0.02509236 -0.02399992 -0.02651643 -0.02651643 -0.02499997 -0.02651643 -0.02651643 -0.02399992 -0.02509236 -0.02786785 -0.02499997 -0.02509236 -0.02786785 -0.02399992 -0.0235995 -0.02914297 -0.02499997 -0.0235995 -0.02914297 -0.02399992 -0.02204191 -0.03033798 -0.02499997 -0.02204191 -0.03033798 -0.02399992 -0.02042388 -0.03145009 -0.02499997 -0.02042388 -0.03145009 -0.02399992 -0.01874995 -0.03247582 -0.02499997 -0.01874995 -0.03247582 -0.02399992 -0.01702451 -0.03341275 -0.02399992 -0.01702451 -0.03341275 -0.02499997 -0.01525259 -0.03425782 -0.02399992 -0.01525259 -0.03425782 -0.02499997 -0.01343876 -0.03500926 -0.02399992 -0.01343876 -0.03500926 -0.02499997 -0.01158803 -0.03566449 -0.02399992 -0.01158803 -0.03566449 -0.02499997 -0.009705662 -0.0362221 -0.02399992 -0.009705662 -0.0362221 -0.02499997 -0.007796645 -0.0366804 -0.02399992 -0.007796645 -0.0366804 -0.02499997 -0.005866289 -0.0370382 -0.02399992 -0.005866289 -0.0370382 -0.02499997 -0.00391978 -0.0372945 -0.02399992 -0.00391978 -0.0372945 -0.02499997 -0.001962482 -0.03744858 -0.02399992 -0.001962482 -0.03744858 -0.02499997 0 -0.03749996 -0.02499997 0 -0.03749996 -0.02399992 0.007796645 0.0366804 -0.03099989 0.005866289 0.0370382 -0.03099989 0.009705662 0.0362221 -0.03099989 0.01158803 0.03566449 -0.03099989 0.03744858 -0.001962482 -0.03099989 0.03749996 0 -0.03099989 0.01343876 0.03500926 -0.03099989 0.01525259 0.03425782 -0.03099989 0.0372945 -0.00391978 -0.03099989 0.0370382 -0.005866169 -0.03099989 0.01702451 0.03341275 -0.03099989 0.01874995 0.03247582 -0.03099989 0.0366804 -0.007796645 -0.03099989 0.0362221 -0.009705662 -0.03099989 0.03566449 -0.01158803 -0.03099989 0.02042388 0.03145009 -0.03099989 0.03500926 -0.01343876 -0.03099989 0.02204191 0.03033804 -0.03099989 0.0235995 0.02914297 -0.03099989 0.02509236 0.02786785 -0.03099989 0.03425782 -0.01525259 -0.03099989 0.02651643 0.02651643 -0.03099989 0.02786785 0.02509236 -0.03099989 0.03341275 -0.01702451 -0.03099989 0.03247582 -0.01874995 -0.03099989 0.02914297 0.0235995 -0.03099989 0.03145009 -0.02042388 -0.03099989 0.03033798 -0.02204191 -0.03099989 0.03033798 0.02204191 -0.03099989 0.03145009 0.02042394 -0.03099989 0.02914297 -0.02359944 -0.03099989 0.03247582 0.01874995 -0.03099989 0.03341275 0.01702451 -0.03099989 0.02786785 -0.02509236 -0.03099989 0.03425782 0.01525259 -0.03099989 0.02651643 -0.02651643 -0.03099989 0.03500926 0.01343876 -0.03099989 0.03566449 0.01158803 -0.03099989 0.02509236 -0.02786785 -0.03099989 0.0362221 0.009705662 -0.03099989 0.0235995 -0.02914297 -0.03099989 0.02204191 -0.03033798 -0.03099989 0.0366804 0.007796645 -0.03099989 0.02042388 -0.03145009 -0.03099989 0.0370382 0.005866289 -0.03099989 0.0372945 0.00391978 -0.03099989 0.01874995 -0.03247582 -0.03099989 0.01702451 -0.03341275 -0.03099989 0.03744858 0.001962602 -0.03099989 0.01525259 -0.03425782 -0.03099989 0.01343876 -0.03500926 -0.03099989 0.01158803 -0.03566449 -0.03099989 0.009705662 -0.0362221 -0.03099989 0.007796645 -0.0366804 -0.03099989 0.005866289 -0.0370382 -0.03099989 0.00391978 -0.0372945 -0.03099989 0.001962482 -0.03744858 -0.03099989 0 -0.03749996 -0.03099989 -0.001962482 -0.03744858 -0.03099989 -0.00391978 -0.0372945 -0.03099989 -0.005866289 -0.0370382 -0.03099989 -0.007796645 -0.0366804 -0.03099989 -0.009705662 -0.0362221 -0.03099989 -0.01158803 -0.03566449 -0.03099989 -0.01343876 -0.03500926 -0.03099989 -0.01525259 -0.03425782 -0.03099989 -0.01702451 -0.03341275 -0.03099989 -0.01874995 -0.03247582 -0.03099989 -0.02042388 -0.03145009 -0.03099989 -0.02204191 -0.03033798 -0.03099989 -0.0235995 -0.02914297 -0.03099989 -0.02509236 -0.02786785 -0.03099989 -0.02651643 -0.02651643 -0.03099989 -0.02786785 -0.02509236 -0.03099989 -0.02914297 -0.02359944 -0.03099989 -0.03033798 -0.02204191 -0.03099989 -0.03145009 -0.02042388 -0.03099989 -0.03247582 -0.01874995 -0.03099989 -0.03341275 -0.01702451 -0.03099989 -0.03425782 -0.01525259 -0.03099989 -0.03500926 -0.01343876 -0.03099989 -0.03566449 -0.01158803 -0.03099989 -0.0362221 -0.009705662 -0.03099989 -0.0366804 -0.007796645 -0.03099989 -0.0370382 -0.005866169 -0.03099989 -0.0372945 -0.00391978 -0.03099989 -0.03744858 -0.001962482 -0.03099989 -0.03749996 0 -0.03099989 -0.03744858 0.001962602 -0.03099989 -0.0372945 0.00391978 -0.03099989 -0.0370382 0.005866289 -0.03099989 -0.0366804 0.007796645 -0.03099989 -0.0362221 0.009705662 -0.03099989 -0.03566449 0.01158803 -0.03099989 -0.03500926 0.01343876 -0.03099989 -0.03425782 0.01525259 -0.03099989 -0.03341275 0.01702451 -0.03099989 -0.03247582 0.01874995 -0.03099989 -0.03145009 0.02042394 -0.03099989 -0.03033798 0.02204191 -0.03099989 -0.02914297 0.0235995 -0.03099989 -0.02786785 0.02509236 -0.03099989 -0.02651643 0.02651643 -0.03099989 -0.02509236 0.02786785 -0.03099989 -0.0235995 0.02914297 -0.03099989 -0.02204191 0.03033804 -0.03099989 -0.02042388 0.03145009 -0.03099989 -0.01874995 0.03247582 -0.03099989 -0.01702451 0.03341275 -0.03099989 -0.01525259 0.03425782 -0.03099989 -0.01343876 0.03500926 -0.03099989 -0.01158803 0.03566449 -0.03099989 -0.009705662 0.0362221 -0.03099989 -0.007796645 0.0366804 -0.03099989 -0.005866289 0.0370382 -0.03099989 -0.00391978 0.0372945 -0.03099989 -0.001962482 0.03744858 -0.03099989 0 0.03749996 -0.03099989 0.001962482 0.03744858 -0.03099989 0.00391978 0.0372945 -0.03099989 -0.02821373 -0.008615672 -0.02399992 -0.02867466 -0.006929039 -0.02399992 0.007775723 0.02845662 -0.02399992 0.006076276 0.02886736 -0.02399992 -0.02903479 -0.005218148 -0.02399992 -0.02929288 -0.003488957 -0.02399992 0.00435549 0.02917665 -0.02399992 -0.02944815 -0.001747488 -0.02399992 0.002619445 0.02938348 -0.02399992 -0.02949988 0 -0.02399992 8.74183e-4 0.02948695 -0.02399992 0.0211665 -0.02054828 -0.02399992 -8.74183e-4 0.02948695 -0.02399992 0.019912 -0.021766 -0.02399992 0.02234655 -0.0192582 -0.02399992 0.01858752 -0.02290749 -0.02399992 -0.02944815 0.001747488 -0.02399992 -0.002619445 0.02938348 -0.02399992 0.0234481 -0.01790058 -0.02399992 0.01719778 -0.02396833 -0.02399992 0.0244674 -0.01648002 -0.02399992 -0.02929288 0.003488957 -0.02399992 -0.00435549 0.02917665 -0.02399992 0.01574778 -0.02494508 -0.02399992 0.02540069 -0.01500165 -0.02399992 0.01424235 -0.0258342 -0.02399992 0.02624481 -0.01347059 -0.02399992 -0.02903479 0.005218148 -0.02399992 -0.006076276 0.02886736 -0.02399992 0.01268678 -0.02663242 -0.02399992 -0.02867466 0.006929039 -0.02399992 0.02699679 -0.01189208 -0.02399992 0.01108688 -0.02733725 -0.02399992 -0.02821373 0.008615672 -0.02399992 -0.007775723 0.02845662 -0.02399992 0.02765387 -0.01027178 -0.02399992 0.009447932 -0.02794605 -0.02399992 -0.02765387 0.01027184 -0.02399992 -0.009447932 0.02794605 -0.02399992 0.02821373 -0.008615672 -0.02399992 0.007775723 -0.02845662 -0.02399992 -0.02699679 0.01189208 -0.02399992 -0.01108688 0.02733725 -0.02399992 0.02867466 -0.006929039 -0.02399992 0.006076276 -0.02886736 -0.02399992 -0.02624481 0.01347059 -0.02399992 -0.01268678 0.02663242 -0.02399992 0.02903479 -0.005218148 -0.02399992 0.00435549 -0.02917665 -0.02399992 -0.01424235 0.0258342 -0.02399992 0.02929288 -0.003488957 -0.02399992 -0.02540069 0.01500165 -0.02399992 0.002619445 -0.02938348 -0.02399992 -0.01574778 0.02494508 -0.02399992 0.02944815 -0.001747488 -0.02399992 -0.0244674 0.01648002 -0.02399992 -0.01719778 0.02396833 -0.02399992 8.74183e-4 -0.02948695 -0.02399992 -0.0234481 0.01790058 -0.02399992 0.02949988 0 -0.02399992 -0.01858752 0.02290749 -0.02399992 -0.02234655 0.0192582 -0.02399992 -8.74183e-4 -0.02948695 -0.02399992 -0.0211665 0.02054828 -0.02399992 0.02944815 0.001747488 -0.02399992 -0.019912 0.021766 -0.02399992 -0.002619445 -0.02938348 -0.02399992 0.02929288 0.003488957 -0.02399992 -0.00435549 -0.02917665 -0.02399992 0.02903479 0.005218148 -0.02399992 -0.006076276 -0.02886736 -0.02399992 0.02867466 0.006929039 -0.02399992 -0.007775723 -0.02845662 -0.02399992 0.02821373 0.008615672 -0.02399992 -0.009447932 -0.02794605 -0.02399992 0.02765387 0.01027184 -0.02399992 -0.01108688 -0.02733725 -0.02399992 0.02699679 0.01189208 -0.02399992 -0.01268678 -0.02663242 -0.02399992 0.02624481 0.01347059 -0.02399992 -0.01424235 -0.0258342 -0.02399992 0.02540069 0.01500165 -0.02399992 -0.01574778 -0.02494508 -0.02399992 0.0244674 0.01648002 -0.02399992 -0.01719778 -0.02396833 -0.02399992 0.0234481 0.01790058 -0.02399992 -0.01858752 -0.02290749 -0.02399992 0.02234655 0.0192582 -0.02399992 -0.019912 -0.021766 -0.02399992 0.0211665 0.02054828 -0.02399992 -0.0211665 -0.02054828 -0.02399992 0.019912 0.021766 -0.02399992 -0.02234655 -0.0192582 -0.02399992 0.01858752 0.02290749 -0.02399992 -0.0234481 -0.01790058 -0.02399992 -0.0244674 -0.01648002 -0.02399992 0.01719778 0.02396833 -0.02399992 -0.02540069 -0.01500165 -0.02399992 0.01574778 0.02494508 -0.02399992 -0.02624481 -0.01347059 -0.02399992 0.01424235 0.0258342 -0.02399992 0.01268678 0.02663242 -0.02399992 -0.02699679 -0.01189208 -0.02399992 0.01108688 0.02733725 -0.02399992 -0.02765387 -0.01027178 -0.02399992 0.009447932 0.02794605 -0.02399992 0.0363 -0.003815174 -0.03099989 0.0364499 -0.00191015 -0.03099989 -0.00191015 0.0364499 -0.03099989 -0.003815174 0.0363 -0.03099989 0.03649991 0 -0.03099989 0 0.03649991 -0.03099989 0.0364499 0.00191015 -0.03099989 -0.02580928 -0.02580928 -0.03099989 -0.0244233 -0.02712476 -0.03099989 0.00191015 0.0364499 -0.03099989 -0.02712476 -0.0244233 -0.03099989 -0.02297013 -0.02836579 -0.03099989 0.003815174 0.0363 -0.03099989 -0.02836579 -0.02297013 -0.03099989 0.0363 0.003815293 -0.03099989 0.03605049 0.005709767 -0.03099989 -0.02145415 -0.02952909 -0.03099989 -0.02952909 -0.02145415 -0.03099989 -0.01987928 -0.03061145 -0.03099989 0.005709767 0.03605049 -0.03099989 0.03570228 0.007588744 -0.03099989 -0.03061145 -0.01987928 -0.03099989 0.007588744 0.03570234 -0.03099989 -0.01824992 -0.03160989 -0.03099989 0.009446859 0.0352562 -0.03099989 -0.03160989 -0.01824992 -0.03099989 0.0352562 0.009446859 -0.03099989 -0.01657062 -0.03252166 -0.03099989 0.0347135 0.01127904 -0.03099989 -0.03252166 -0.01657062 -0.03099989 0.01127898 0.0347135 -0.03099989 -0.01484578 -0.03334432 -0.03099989 -0.03334432 -0.01484578 -0.03099989 0.03407561 0.01308029 -0.03099989 -0.01308029 -0.03407561 -0.03099989 0.01308029 0.03407561 -0.03099989 0.01484578 0.03334432 -0.03099989 -0.03407561 -0.01308029 -0.03099989 -0.01127898 -0.0347135 -0.03099989 0.03334432 0.01484584 -0.03099989 0.03252166 0.01657062 -0.03099989 -0.0347135 -0.01127898 -0.03099989 -0.009446859 -0.0352562 -0.03099989 -0.0352562 -0.009446859 -0.03099989 0.01657062 0.03252166 -0.03099989 0.01824992 0.03160989 -0.03099989 0.03160989 0.01824992 -0.03099989 -0.007588744 -0.03570228 -0.03099989 -0.03570228 -0.007588744 -0.03099989 0.03061145 0.01987928 -0.03099989 -0.005709767 -0.03605049 -0.03099989 -0.03605049 -0.005709767 -0.03099989 -0.003815174 -0.03629994 -0.03099989 -0.0363 -0.003815174 -0.03099989 0.02952909 0.02145415 -0.03099989 0.01987928 0.03061145 -0.03099989 0.02145415 0.02952909 -0.03099989 -0.00191015 -0.0364499 -0.03099989 -0.0364499 -0.00191015 -0.03099989 0.02836579 0.02297013 -0.03099989 0.02297013 0.02836579 -0.03099989 0.0244233 0.02712476 -0.03099989 0 -0.03649991 -0.03099989 -0.03649991 0 -0.03099989 0.02712476 0.0244233 -0.03099989 0.02580928 0.02580934 -0.03099989 0.00191015 -0.0364499 -0.03099989 -0.0364499 0.00191015 -0.03099989 0.003815174 -0.03629994 -0.03099989 -0.0363 0.003815293 -0.03099989 0.005709767 -0.03605049 -0.03099989 -0.03605049 0.005709767 -0.03099989 0.007588744 -0.03570228 -0.03099989 -0.03570228 0.007588744 -0.03099989 0.009446859 -0.0352562 -0.03099989 -0.0352562 0.009446859 -0.03099989 0.01127898 -0.0347135 -0.03099989 -0.0347135 0.01127904 -0.03099989 0.01308029 -0.03407561 -0.03099989 -0.03407561 0.01308029 -0.03099989 0.01484578 -0.03334432 -0.03099989 -0.03334432 0.01484584 -0.03099989 0.01657062 -0.03252166 -0.03099989 -0.03252166 0.01657062 -0.03099989 0.01824992 -0.03160989 -0.03099989 -0.03160989 0.01824992 -0.03099989 0.01987928 -0.03061145 -0.03099989 -0.03061145 0.01987928 -0.03099989 0.02145415 -0.02952909 -0.03099989 -0.02952909 0.02145415 -0.03099989 0.02297013 -0.02836579 -0.03099989 -0.02836579 0.02297013 -0.03099989 0.0244233 -0.02712476 -0.03099989 -0.02712476 0.0244233 -0.03099989 0.02580928 -0.02580928 -0.03099989 -0.02580928 0.02580934 -0.03099989 -0.0244233 0.02712476 -0.03099989 0.02712476 -0.0244233 -0.03099989 -0.02297013 0.02836579 -0.03099989 0.02836579 -0.02297013 -0.03099989 0.02952909 -0.02145415 -0.03099989 -0.02145415 0.02952909 -0.03099989 0.03061145 -0.01987928 -0.03099989 -0.01987928 0.03061145 -0.03099989 0.03160989 -0.01824992 -0.03099989 -0.01824992 0.03160989 -0.03099989 0.03252166 -0.01657062 -0.03099989 -0.01657062 0.03252166 -0.03099989 0.03334432 -0.01484578 -0.03099989 -0.01484578 0.03334432 -0.03099989 0.03407561 -0.01308029 -0.03099989 -0.01308029 0.03407561 -0.03099989 0.0347135 -0.01127898 -0.03099989 -0.01127898 0.0347135 -0.03099989 0.0352562 -0.009446859 -0.03099989 -0.009446859 0.0352562 -0.03099989 0.03570228 -0.007588744 -0.03099989 -0.007588744 0.03570234 -0.03099989 -0.005709767 0.03605049 -0.03099989 0.03605049 -0.005709767 -0.03099989 0.02234655 -0.0192582 -9.99998e-4 0.0244674 -0.01648002 -9.99998e-4 0.0234481 -0.01790058 -9.99998e-4 0.02540069 -0.01500165 -9.99998e-4 0.02624481 -0.01347059 -9.99998e-4 0.02944815 0.001747488 -9.99998e-4 0.02949988 0 -9.99998e-4 0.02929288 0.003488957 -9.99998e-4 0.02699679 -0.01189208 -9.99998e-4 0.02903479 0.005218148 -9.99998e-4 0.02765387 -0.01027178 -9.99998e-4 0.02821373 -0.008615672 -9.99998e-4 0.02867466 -0.006929039 -9.99998e-4 0.02867466 0.006929039 -9.99998e-4 0.02821373 0.008615672 -9.99998e-4 0.02903479 -0.005218148 -9.99998e-4 0.02929288 -0.003488957 -9.99998e-4 0.02765387 0.01027184 -9.99998e-4 0.02699679 0.01189208 -9.99998e-4 0.02944815 -0.001747488 -9.99998e-4 0.02624481 0.01347059 -9.99998e-4 0.02540069 0.01500165 -9.99998e-4 0.0244674 0.01648002 -9.99998e-4 0.0234481 0.01790058 -9.99998e-4 0.02234655 0.0192582 -9.99998e-4 0.0211665 0.02054828 -9.99998e-4 0.019912 0.021766 -9.99998e-4 0.01858752 0.02290749 -9.99998e-4 0.01719778 0.02396833 -9.99998e-4 0.01574778 0.02494508 -9.99998e-4 0.01424235 0.0258342 -9.99998e-4 0.01268678 0.02663242 -9.99998e-4 0.01108688 0.02733725 -9.99998e-4 0.009447932 0.02794605 -9.99998e-4 0.007775723 0.02845662 -9.99998e-4 0.006076276 0.02886736 -9.99998e-4 0.00435549 0.02917665 -9.99998e-4 0.002619445 0.02938348 -9.99998e-4 8.74183e-4 0.02948695 -9.99998e-4 -8.74183e-4 0.02948695 -9.99998e-4 -0.002619445 0.02938348 -9.99998e-4 -0.00435549 0.02917665 -9.99998e-4 -0.006076276 0.02886736 -9.99998e-4 -0.007775723 0.02845662 -9.99998e-4 -0.009447932 0.02794605 -9.99998e-4 -0.01108688 0.02733725 -9.99998e-4 -0.01268678 0.02663242 -9.99998e-4 -0.01424235 0.0258342 -9.99998e-4 -0.01574778 0.02494508 -9.99998e-4 -0.01719778 0.02396833 -9.99998e-4 -0.01858752 0.02290749 -9.99998e-4 -0.019912 0.021766 -9.99998e-4 -0.0211665 0.02054828 -9.99998e-4 -0.02234655 0.0192582 -9.99998e-4 -0.0234481 0.01790058 -9.99998e-4 -0.0244674 0.01648002 -9.99998e-4 -0.02540069 0.01500165 -9.99998e-4 -0.02624481 0.01347059 -9.99998e-4 -0.02699679 0.01189208 -9.99998e-4 -0.02765387 0.01027184 -9.99998e-4 -0.02821373 0.008615672 -9.99998e-4 -0.02867466 0.006929039 -9.99998e-4 -0.02903479 0.005218148 -9.99998e-4 -0.02929288 0.003488957 -9.99998e-4 -0.02944815 0.001747488 -9.99998e-4 -0.02949988 0 -9.99998e-4 -0.02944815 -0.001747488 -9.99998e-4 -0.02929288 -0.003488957 -9.99998e-4 -0.02903479 -0.005218148 -9.99998e-4 -0.02867466 -0.006929039 -9.99998e-4 -0.02821373 -0.008615672 -9.99998e-4 -0.02765387 -0.01027178 -9.99998e-4 -0.02699679 -0.01189208 -9.99998e-4 -0.02624481 -0.01347059 -9.99998e-4 -0.02540069 -0.01500165 -9.99998e-4 -0.0244674 -0.01648002 -9.99998e-4 -0.0234481 -0.01790058 -9.99998e-4 -0.02234655 -0.0192582 -9.99998e-4 -0.0211665 -0.02054828 -9.99998e-4 -0.019912 -0.021766 -9.99998e-4 -0.01858752 -0.02290749 -9.99998e-4 -0.01719778 -0.02396833 -9.99998e-4 -0.01574778 -0.02494508 -9.99998e-4 -0.01424235 -0.0258342 -9.99998e-4 -0.01268678 -0.02663242 -9.99998e-4 -0.01108688 -0.02733725 -9.99998e-4 -0.009447932 -0.02794605 -9.99998e-4 -0.007775723 -0.02845662 -9.99998e-4 -0.006076276 -0.02886736 -9.99998e-4 -0.00435549 -0.02917665 -9.99998e-4 -0.002619445 -0.02938348 -9.99998e-4 -8.74183e-4 -0.02948695 -9.99998e-4 8.74183e-4 -0.02948695 -9.99998e-4 0.002619445 -0.02938348 -9.99998e-4 0.00435549 -0.02917665 -9.99998e-4 0.006076276 -0.02886736 -9.99998e-4 0.007775723 -0.02845662 -9.99998e-4 0.009447932 -0.02794605 -9.99998e-4 0.01108688 -0.02733725 -9.99998e-4 0.01268678 -0.02663242 -9.99998e-4 0.01424235 -0.0258342 -9.99998e-4 0.01574778 -0.02494508 -9.99998e-4 0.01719778 -0.02396833 -9.99998e-4 0.01858752 -0.02290749 -9.99998e-4 0.019912 -0.021766 -9.99998e-4 0.0211665 -0.02054828 -9.99998e-4 0.007588744 0.03570234 -0.02499997 0.005709767 0.03605049 -0.02499997 0.009446859 0.0352562 -0.02499997 0.01127898 0.0347135 -0.02499997 0.0364499 -0.00191015 -0.02499997 0.03649991 0 -0.02499997 0.01308029 0.03407561 -0.02499997 0.0363 -0.003815174 -0.02499997 0.01484578 0.03334432 -0.02499997 0.03605049 -0.005709767 -0.02499997 0.01657062 0.03252166 -0.02499997 0.03570228 -0.007588744 -0.02499997 0.01824992 0.03160989 -0.02499997 0.0352562 -0.009446859 -0.02499997 0.01987928 0.03061145 -0.02499997 0.0347135 -0.01127898 -0.02499997 0.02145415 0.02952909 -0.02499997 0.03407561 -0.01308029 -0.02499997 0.02297013 0.02836579 -0.02499997 0.03334432 -0.01484578 -0.02499997 0.0244233 0.02712476 -0.02499997 0.03252166 -0.01657062 -0.02499997 0.02580928 0.02580934 -0.02499997 0.03160989 -0.01824992 -0.02499997 0.02712476 0.0244233 -0.02499997 0.03061145 -0.01987928 -0.02499997 0.02836579 0.02297013 -0.02499997 0.02952909 0.02145415 -0.02499997 0.02952909 -0.02145415 -0.02499997 0.03061145 0.01987928 -0.02499997 0.02836579 -0.02297013 -0.02499997 0.03160989 0.01824992 -0.02499997 0.02712476 -0.0244233 -0.02499997 0.03252166 0.01657062 -0.02499997 0.02580928 -0.02580928 -0.02499997 0.03334432 0.01484584 -0.02499997 0.0244233 -0.02712476 -0.02499997 0.03407561 0.01308029 -0.02499997 0.02297013 -0.02836579 -0.02499997 0.0347135 0.01127904 -0.02499997 0.02145415 -0.02952909 -0.02499997 0.0352562 0.009446859 -0.02499997 0.01987928 -0.03061145 -0.02499997 0.03570228 0.007588744 -0.02499997 0.01824992 -0.03160989 -0.02499997 0.03605049 0.005709767 -0.02499997 0.0363 0.003815293 -0.02499997 0.01657062 -0.03252166 -0.02499997 0.0364499 0.00191015 -0.02499997 0.01484578 -0.03334432 -0.02499997 0.01308029 -0.03407561 -0.02499997 0.01127898 -0.0347135 -0.02499997 0.009446859 -0.0352562 -0.02499997 0.007588744 -0.03570228 -0.02499997 0.005709767 -0.03605049 -0.02499997 0.003815174 -0.03629994 -0.02499997 0.00191015 -0.0364499 -0.02499997 0 -0.03649991 -0.02499997 -0.00191015 -0.0364499 -0.02499997 -0.003815174 -0.03629994 -0.02499997 -0.005709767 -0.03605049 -0.02499997 -0.007588744 -0.03570228 -0.02499997 -0.009446859 -0.0352562 -0.02499997 -0.01127898 -0.0347135 -0.02499997 -0.01308029 -0.03407561 -0.02499997 -0.01484578 -0.03334432 -0.02499997 -0.01657062 -0.03252166 -0.02499997 -0.01824992 -0.03160989 -0.02499997 -0.01987928 -0.03061145 -0.02499997 -0.02145415 -0.02952909 -0.02499997 -0.02297013 -0.02836579 -0.02499997 -0.0244233 -0.02712476 -0.02499997 -0.02580928 -0.02580928 -0.02499997 -0.02712476 -0.0244233 -0.02499997 -0.02836579 -0.02297013 -0.02499997 -0.02952909 -0.02145415 -0.02499997 -0.03061145 -0.01987928 -0.02499997 -0.03160989 -0.01824992 -0.02499997 -0.03252166 -0.01657062 -0.02499997 -0.03334432 -0.01484578 -0.02499997 -0.03407561 -0.01308029 -0.02499997 -0.0347135 -0.01127898 -0.02499997 -0.0352562 -0.009446859 -0.02499997 -0.03570228 -0.007588744 -0.02499997 -0.03605049 -0.005709767 -0.02499997 -0.0363 -0.003815174 -0.02499997 -0.0364499 -0.00191015 -0.02499997 -0.03649991 0 -0.02499997 -0.0364499 0.00191015 -0.02499997 -0.0363 0.003815293 -0.02499997 -0.03605049 0.005709767 -0.02499997 -0.03570228 0.007588744 -0.02499997 -0.0352562 0.009446859 -0.02499997 -0.0347135 0.01127904 -0.02499997 -0.03407561 0.01308029 -0.02499997 -0.03334432 0.01484584 -0.02499997 -0.03252166 0.01657062 -0.02499997 -0.03160989 0.01824992 -0.02499997 -0.03061145 0.01987928 -0.02499997 -0.02952909 0.02145415 -0.02499997 -0.02836579 0.02297013 -0.02499997 -0.02712476 0.0244233 -0.02499997 -0.02580928 0.02580934 -0.02499997 -0.0244233 0.02712476 -0.02499997 -0.02297013 0.02836579 -0.02499997 -0.02145415 0.02952909 -0.02499997 -0.01987928 0.03061145 -0.02499997 -0.01824992 0.03160989 -0.02499997 -0.01657062 0.03252166 -0.02499997 -0.01484578 0.03334432 -0.02499997 -0.01308029 0.03407561 -0.02499997 -0.01127898 0.0347135 -0.02499997 -0.009446859 0.0352562 -0.02499997 -0.007588744 0.03570234 -0.02499997 -0.005709767 0.03605049 -0.02499997 -0.003815174 0.0363 -0.02499997 -0.00191015 0.0364499 -0.02499997 0 0.03649991 -0.02499997 0.00191015 0.0364499 -0.02499997 0.003815174 0.0363 -0.02499997 0.003646492 0.02068096 -9.99998e-4 -0.02079558 -0.002922534 -9.99998e-4 -0.0209487 -0.001464784 -9.99998e-4 7.32889e-4 0.02098715 -9.99998e-4 0.00219506 0.02088499 -9.99998e-4 -0.0209999 0 -9.99998e-4 -7.32889e-4 0.02098715 -9.99998e-4 0.01510608 -0.0145877 -9.99998e-4 -0.0209487 0.001464784 -9.99998e-4 0.01405161 -0.01560592 -9.99998e-4 -0.00219506 0.02088499 -9.99998e-4 0.01608687 -0.01349842 -9.99998e-4 -0.02079558 0.002922534 -9.99998e-4 -0.003646492 0.02068096 -9.99998e-4 0.0129289 -0.01654809 -9.99998e-4 -0.02054107 0.00436604 -9.99998e-4 0.01698935 -0.0123434 -9.99998e-4 -0.005080342 0.0203762 -9.99998e-4 0.011743 -0.0174098 -9.99998e-4 -0.02018648 0.005788326 -9.99998e-4 -0.006489336 0.0199722 -9.99998e-4 0.01780897 -0.01112818 -9.99998e-4 0.01049995 -0.01818645 -9.99998e-4 -0.01973342 0.007182419 -9.99998e-4 -0.00786674 0.01947087 -9.99998e-4 0.01854187 -0.009858846 -9.99998e-4 -0.01918435 0.008541464 -9.99998e-4 0.009205758 -0.01887464 -9.99998e-4 -0.009205758 0.0188747 -9.99998e-4 0.01918435 -0.008541464 -9.99998e-4 -0.01854187 0.009858846 -9.99998e-4 0.00786674 -0.01947087 -9.99998e-4 -0.01049995 0.01818645 -9.99998e-4 0.01973342 -0.0071823 -9.99998e-4 -0.01780897 0.01112824 -9.99998e-4 -0.011743 0.0174098 -9.99998e-4 0.006489336 -0.01997214 -9.99998e-4 -0.01698935 0.0123434 -9.99998e-4 -0.0129289 0.01654809 -9.99998e-4 0.02018648 -0.005788326 -9.99998e-4 -0.01608687 0.01349842 -9.99998e-4 -0.01405161 0.01560592 -9.99998e-4 -0.01510608 0.0145877 -9.99998e-4 0.005080342 -0.02037614 -9.99998e-4 0.02054107 -0.00436604 -9.99998e-4 0.003646492 -0.02068096 -9.99998e-4 0.02079558 -0.002922534 -9.99998e-4 0.00219506 -0.02088499 -9.99998e-4 0.0209487 -0.001464784 -9.99998e-4 7.32889e-4 -0.02098715 -9.99998e-4 0.0209999 0 -9.99998e-4 -7.32889e-4 -0.02098715 -9.99998e-4 0.0209487 0.001464784 -9.99998e-4 -0.00219506 -0.02088499 -9.99998e-4 0.02079558 0.002922534 -9.99998e-4 -0.003646492 -0.02068096 -9.99998e-4 0.02054107 0.00436604 -9.99998e-4 -0.005080342 -0.02037614 -9.99998e-4 0.02018648 0.005788326 -9.99998e-4 -0.006489336 -0.01997214 -9.99998e-4 0.01973342 0.007182419 -9.99998e-4 -0.00786674 -0.01947087 -9.99998e-4 0.01918435 0.008541464 -9.99998e-4 -0.009205758 -0.01887464 -9.99998e-4 0.01854187 0.009858846 -9.99998e-4 -0.01049995 -0.01818645 -9.99998e-4 0.01780897 0.01112824 -9.99998e-4 -0.011743 -0.0174098 -9.99998e-4 0.01698935 0.0123434 -9.99998e-4 -0.0129289 -0.01654809 -9.99998e-4 0.01608687 0.01349842 -9.99998e-4 -0.01405161 -0.01560592 -9.99998e-4 0.01510608 0.0145877 -9.99998e-4 -0.01510608 -0.0145877 -9.99998e-4 0.01405161 0.01560592 -9.99998e-4 -0.01608687 -0.01349842 -9.99998e-4 0.0129289 0.01654809 -9.99998e-4 -0.01698935 -0.0123434 -9.99998e-4 0.011743 0.0174098 -9.99998e-4 -0.01780897 -0.01112818 -9.99998e-4 0.01049995 0.01818645 -9.99998e-4 -0.01854187 -0.009858846 -9.99998e-4 0.009205758 0.0188747 -9.99998e-4 -0.01918435 -0.008541464 -9.99998e-4 0.00786674 0.01947087 -9.99998e-4 -0.01973342 -0.0071823 -9.99998e-4 0.006489336 0.0199722 -9.99998e-4 -0.02018648 -0.005788326 -9.99998e-4 0.005080342 0.0203762 -9.99998e-4 -0.02054107 -0.00436604 -9.99998e-4 0.01049995 0.01818645 -0.02499997 -0.01780897 -0.01112818 -0.02499997 -0.01854187 -0.009858846 -0.02499997 0.009205758 0.0188747 -0.02499997 -0.01918435 -0.008541464 -0.02499997 0.00786674 0.01947087 -0.02499997 0.006489336 0.0199722 -0.02499997 -0.01973342 -0.0071823 -0.02499997 -0.02018648 -0.005788326 -0.02499997 0.005080342 0.0203762 -0.02499997 -0.02054107 -0.00436604 -0.02499997 0.01510608 -0.0145877 -0.02499997 0.003646492 0.02068096 -0.02499997 0.01405161 -0.01560592 -0.02499997 0.01608687 -0.01349842 -0.02499997 0.0129289 -0.01654809 -0.02499997 0.00219506 0.02088499 -0.02499997 0.01698935 -0.0123434 -0.02499997 -0.02079558 -0.002922534 -0.02499997 0.011743 -0.0174098 -0.02499997 -0.0209487 -0.001464784 -0.02499997 7.32889e-4 0.02098715 -0.02499997 0.01780897 -0.01112818 -0.02499997 0.01049995 -0.01818645 -0.02499997 -0.0209999 0 -0.02499997 -7.32889e-4 0.02098715 -0.02499997 0.01854187 -0.009858846 -0.02499997 -0.00219506 0.02088499 -0.02499997 0.009205758 -0.01887464 -0.02499997 0.01918435 -0.008541464 -0.02499997 -0.0209487 0.001464784 -0.02499997 0.00786674 -0.01947087 -0.02499997 -0.02079558 0.002922534 -0.02499997 0.01973342 -0.0071823 -0.02499997 -0.003646492 0.02068096 -0.02499997 0.006489336 -0.01997214 -0.02499997 -0.02054107 0.00436604 -0.02499997 0.02018648 -0.005788326 -0.02499997 -0.005080342 0.0203762 -0.02499997 0.005080342 -0.02037614 -0.02499997 -0.006489336 0.0199722 -0.02499997 0.02054107 -0.00436604 -0.02499997 -0.02018648 0.005788326 -0.02499997 0.003646492 -0.02068096 -0.02499997 0.02079558 -0.002922534 -0.02499997 -0.01973342 0.007182419 -0.02499997 -0.00786674 0.01947087 -0.02499997 0.00219506 -0.02088499 -0.02499997 -0.01918435 0.008541464 -0.02499997 -0.009205758 0.0188747 -0.02499997 0.0209487 -0.001464784 -0.02499997 7.32889e-4 -0.02098715 -0.02499997 -0.01049995 0.01818645 -0.02499997 0.0209999 0 -0.02499997 -0.01854187 0.009858846 -0.02499997 -7.32889e-4 -0.02098715 -0.02499997 -0.01780897 0.01112824 -0.02499997 -0.011743 0.0174098 -0.02499997 0.0209487 0.001464784 -0.02499997 -0.01698935 0.0123434 -0.02499997 -0.00219506 -0.02088499 -0.02499997 -0.0129289 0.01654809 -0.02499997 -0.01405161 0.01560592 -0.02499997 0.02079558 0.002922534 -0.02499997 -0.01608687 0.01349842 -0.02499997 -0.003646492 -0.02068096 -0.02499997 -0.01510608 0.0145877 -0.02499997 0.02054107 0.00436604 -0.02499997 -0.005080342 -0.02037614 -0.02499997 0.02018648 0.005788326 -0.02499997 -0.006489336 -0.01997214 -0.02499997 0.01973342 0.007182419 -0.02499997 -0.00786674 -0.01947087 -0.02499997 0.01918435 0.008541464 -0.02499997 -0.009205758 -0.01887464 -0.02499997 0.01854187 0.009858846 -0.02499997 -0.01049995 -0.01818645 -0.02499997 0.01780897 0.01112824 -0.02499997 -0.011743 -0.0174098 -0.02499997 0.01698935 0.0123434 -0.02499997 -0.0129289 -0.01654809 -0.02499997 0.01608687 0.01349842 -0.02499997 -0.01405161 -0.01560592 -0.02499997 0.01510608 0.0145877 -0.02499997 -0.01510608 -0.0145877 -0.02499997 0.01405161 0.01560592 -0.02499997 -0.01608687 -0.01349842 -0.02499997 0.0129289 0.01654809 -0.02499997 -0.01698935 -0.0123434 -0.02499997 0.011743 0.0174098 -0.02499997 0.0209487 0.001464784 -0.02399992 0.0209999 0 -0.02399992 0.02079558 0.002922534 -0.02399992 0.02054107 0.00436604 -0.02399992 0.02018648 0.005788326 -0.02399992 0.01973342 0.007182419 -0.02399992 0.01918435 0.008541464 -0.02399992 0.01854187 0.009858846 -0.02399992 0.01780897 0.01112824 -0.02399992 0.01698935 0.0123434 -0.02399992 0.01608687 0.01349842 -0.02399992 0.01510608 0.0145877 -0.02399992 0.01405161 0.01560592 -0.02399992 0.0129289 0.01654809 -0.02399992 0.011743 0.0174098 -0.02399992 0.01049995 0.01818645 -0.02399992 0.009205758 0.0188747 -0.02399992 0.00786674 0.01947087 -0.02399992 0.006489336 0.0199722 -0.02399992 0.005080342 0.0203762 -0.02399992 0.003646492 0.02068096 -0.02399992 0.00219506 0.02088499 -0.02399992 7.32889e-4 0.02098715 -0.02399992 -7.32889e-4 0.02098715 -0.02399992 -0.00219506 0.02088499 -0.02399992 -0.003646492 0.02068096 -0.02399992 -0.005080342 0.0203762 -0.02399992 -0.006489336 0.0199722 -0.02399992 -0.00786674 0.01947087 -0.02399992 -0.009205758 0.0188747 -0.02399992 -0.01049995 0.01818645 -0.02399992 -0.011743 0.0174098 -0.02399992 -0.0129289 0.01654809 -0.02399992 -0.01405161 0.01560592 -0.02399992 -0.01510608 0.0145877 -0.02399992 -0.01608687 0.01349842 -0.02399992 -0.01698935 0.0123434 -0.02399992 -0.01780897 0.01112824 -0.02399992 -0.01854187 0.009858846 -0.02399992 -0.01918435 0.008541464 -0.02399992 -0.01973342 0.007182419 -0.02399992 -0.02018648 0.005788326 -0.02399992 -0.02054107 0.00436604 -0.02399992 -0.02079558 0.002922534 -0.02399992 -0.0209487 0.001464784 -0.02399992 -0.0209999 0 -0.02399992 -0.0209487 -0.001464784 -0.02399992 -0.02079558 -0.002922534 -0.02399992 -0.02054107 -0.00436604 -0.02399992 -0.02018648 -0.005788326 -0.02399992 -0.01973342 -0.0071823 -0.02399992 -0.01918435 -0.008541464 -0.02399992 -0.01854187 -0.009858846 -0.02399992 -0.01780897 -0.01112818 -0.02399992 -0.01698935 -0.0123434 -0.02399992 -0.01608687 -0.01349842 -0.02399992 -0.01510608 -0.0145877 -0.02399992 -0.01405161 -0.01560592 -0.02399992 -0.0129289 -0.01654809 -0.02399992 -0.011743 -0.0174098 -0.02399992 -0.01049995 -0.01818645 -0.02399992 -0.009205758 -0.01887464 -0.02399992 -0.00786674 -0.01947087 -0.02399992 -0.006489336 -0.01997214 -0.02399992 -0.005080342 -0.02037614 -0.02399992 -0.003646492 -0.02068096 -0.02399992 -0.00219506 -0.02088499 -0.02399992 -7.32889e-4 -0.02098715 -0.02399992 7.32889e-4 -0.02098715 -0.02399992 0.00219506 -0.02088499 -0.02399992 0.003646492 -0.02068096 -0.02399992 0.005080342 -0.02037614 -0.02399992 0.006489336 -0.01997214 -0.02399992 0.00786674 -0.01947087 -0.02399992 0.009205758 -0.01887464 -0.02399992 0.01049995 -0.01818645 -0.02399992 0.011743 -0.0174098 -0.02399992 0.0129289 -0.01654809 -0.02399992 0.01405161 -0.01560592 -0.02399992 0.01510608 -0.0145877 -0.02399992 0.01608687 -0.01349842 -0.02399992 0.01698935 -0.0123434 -0.02399992 0.01780897 -0.01112818 -0.02399992 0.01854187 -0.009858846 -0.02399992 0.01918435 -0.008541464 -0.02399992 0.01973342 -0.0071823 -0.02399992 0.02018648 -0.005788326 -0.02399992 0.02054107 -0.00436604 -0.02399992 0.02079558 -0.002922534 -0.02399992 0.0209487 -0.001464784 -0.02399992</float_array>
          <technique_common>
            <accessor source="#shape0_024-mesh-positions-array" count="6032" stride="3">
              <param name="X" type="float"/>
              <param name="Y" type="float"/>
              <param name="Z" type="float"/>
            </accessor>
          </technique_common>
        </source>
        <source id="shape0_024-mesh-normals">
          <float_array id="shape0_024-mesh-normals-array" count="11019">-0.1822548 0.9832514 0 -0.1822556 0.9832513 0 -0.2334385 0.9723716 0 -0.2334387 0.9723715 0 -0.9996576 -0.02616846 0 -0.2840142 0.9588201 0 -0.9996575 -0.02617228 0 -0.9969179 -0.07845181 0 -0.284014 0.9588202 0 -0.3337766 0.9426522 0 -0.3337764 0.9426524 0 -0.3827114 0.9238681 0 -0.9914426 -0.1305437 0 -0.4304853 0.9025977 0 -0.9832517 -0.1822534 0 -0.3827126 0.9238675 0 -0.991442 -0.1305478 0 -0.4304871 0.9025968 0 -0.9832512 -0.1822564 0 -0.477184 0.8788034 0 -0.5224879 0.8526467 0 -0.9723714 -0.2334394 0 -0.4771839 0.8788036 0 -0.9588193 -0.2840172 0 -0.5224871 0.8526473 0 -0.9588212 -0.2840104 0 -0.5664096 0.8241239 0 -0.5664088 0.8241246 0 -0.9426529 -0.3337747 0 -0.9238676 -0.3827123 0 -0.9426518 -0.333778 0 -0.6087391 0.7933705 0 -0.6494781 0.7603805 0 -0.6087409 0.7933692 0 -0.9238684 -0.3827104 0 -0.9025986 -0.4304834 0 -0.6883314 0.7253964 0 -0.9025956 -0.4304894 0 -0.6883305 0.7253972 0 -0.8788049 -0.4771811 0 -0.725399 0.6883286 0 -0.8788027 -0.4771853 0 -0.7253964 0.6883314 0 -0.8526556 -0.5224733 0 -0.7603954 0.6494605 0 -0.7933581 0.6087552 0 -0.852655 -0.5224744 0 -0.760393 0.6494634 0 -0.8241145 -0.5664235 0 -0.8241136 -0.5664247 0 -0.8241231 0.5664109 0 -0.7933692 -0.6087409 0 -0.8241239 0.5664096 0 -0.7933705 -0.6087391 0 -0.8526459 0.5224893 0 -0.8788049 0.4771811 0 -0.7603814 -0.649477 0 -0.8526476 0.5224865 0 -0.7603805 -0.6494781 0 -0.8788027 0.4771853 0 -0.7253973 -0.6883304 0 -0.7253981 -0.6883295 0 -0.9025956 0.4304894 0 -0.9238689 0.3827091 0 -0.9025986 0.4304834 0 -0.6883314 -0.7253964 0 -0.6883305 -0.7253972 0 -0.9238671 0.3827136 0 -0.6494781 -0.7603805 0 -0.9426518 0.333778 0 -0.9426529 0.3337747 0 -0.6087589 -0.7933554 0 -0.9588212 0.2840104 0 -0.6087607 -0.7933539 0 -0.9588193 0.2840172 0 -0.9723714 0.2334394 0 -0.5663882 -0.8241386 0 -0.5663874 -0.8241393 0 -0.9832521 0.182251 0 -0.5224871 -0.8526473 0 -0.9832527 0.1822474 0 -0.5224879 -0.8526467 0 -0.9914422 0.1305475 0 -0.9914416 0.1305516 0 -0.9969182 0.07844918 0 -0.4771855 -0.8788027 0 -0.4771825 -0.8788043 0 -0.9969182 0.07844948 0 -0.9996575 0.02617305 0 -0.9996575 0.02616924 0 -0.4304871 -0.9025968 0 -0.4304853 -0.9025977 0 -0.382713 -0.9238674 0 -0.382711 -0.9238681 0 -0.3337766 -0.9426522 0 -0.3337764 -0.9426524 0 -0.2840142 -0.9588201 0 -0.284014 -0.9588202 0 -0.2334387 -0.9723715 0 -0.2334385 -0.9723716 0 -0.1822547 -0.9832514 0 -0.1822557 -0.9832513 0 -0.1305447 -0.9914425 0 -0.1305447 -0.9914425 0 -0.07845103 -0.9969181 0 -0.07845103 -0.996918 0 -0.0261709 -0.9996576 0 0.0261709 -0.9996576 0 0.07845103 -0.996918 0 0.1305447 -0.9914425 0 0.07845103 -0.9969181 0 0.1305447 -0.9914425 0 0.1822548 -0.9832514 0 0.1822556 -0.9832513 0 0.2334385 -0.9723716 0 0.2334387 -0.9723715 0 0.2840142 -0.9588201 0 0.284014 -0.9588202 0 0.3337766 -0.9426522 0 0.3337764 -0.9426524 0 0.3827114 -0.9238681 0 0.3827126 -0.9238675 0 0.4304856 -0.9025976 0 0.4304867 -0.9025969 0 0.4771839 -0.8788036 0 0.477184 -0.8788034 0 0.5224879 -0.8526467 0 0.5224871 -0.8526473 0 0.5663874 -0.8241393 0 0.5663882 -0.8241386 0 0.6087607 -0.7933539 0 0.6087589 -0.7933554 0 0.6494781 -0.7603805 0 0.6883305 -0.7253972 0 0.6883314 -0.7253964 0 0.7253964 -0.6883314 0 0.725399 -0.6883286 0 0.7603805 -0.6494781 0 0.7603814 -0.649477 0 0.7933705 -0.6087391 0 0.7933692 -0.6087409 0 0.8241145 -0.5664235 0 0.8241136 -0.5664247 0 0.8526566 -0.5224717 0 0.852654 -0.5224761 0 0.8788059 -0.4771797 0 0.8788019 -0.4771869 0 0.9025986 -0.4304834 0 0.9025956 -0.4304894 0 0.9238684 -0.3827104 0 0.9238676 -0.3827123 0 0.9426529 -0.3337747 0 0.9426518 -0.333778 0 0.9588193 -0.2840172 0 0.9588212 -0.2840104 0 0.9723714 -0.2334394 0 0.9832509 -0.1822569 0 0.9832518 -0.1822527 0 0.9914426 -0.1305437 0 0.991442 -0.1305478 0 0.9969179 -0.07845181 0 0.9996575 -0.02617228 0 0.9996576 -0.02616846 0 0.9996575 0.02617293 0 0.9996576 0.02616935 0 0.9969182 0.07844918 0 0.9914416 0.1305516 0 0.9969182 0.07844948 0 0.9832527 0.1822474 0 0.9914422 0.1305475 0 0.9832521 0.182251 0 0.9723714 0.2334394 0 0.9588212 0.2840104 0 0.9588193 0.2840172 0 0.9426518 0.333778 0 0.9426529 0.3337747 0 0.9238671 0.3827136 0 0.9238689 0.3827091 0 0.9025956 0.4304894 0 0.9025986 0.4304834 0 0.8788027 0.4771853 0 0.8788049 0.4771811 0 0.8526459 0.5224893 0 0.8526476 0.5224865 0 0.8241231 0.5664109 0 0.8241239 0.5664096 0 0.7933581 0.6087552 0 0.7603954 0.6494605 0 0.760393 0.6494634 0 0.7253973 0.6883304 0 0.7253981 0.6883295 0 0.6883314 0.7253964 0 0.6883305 0.7253972 0 0.6494781 0.7603805 0 0.6087391 0.7933705 0 0.6087409 0.7933692 0 0.5664096 0.8241239 0 0.5664088 0.8241246 0 0.5224879 0.8526467 0 0.5224871 0.8526473 0 0.4771825 0.8788043 0 0.4771855 0.8788027 0 0.4304853 0.9025977 0 0.4304871 0.9025968 0 0.382711 0.9238681 0 0.382713 0.9238674 0 0.3337764 0.9426524 0 0.2840142 0.9588201 0 0.3337766 0.9426522 0 0.284014 0.9588202 0 0.2334387 0.9723715 0 0.1822548 0.9832514 0 0.2334385 0.9723716 0 0.1305447 0.9914425 0 0.1822556 0.9832513 0 0.1305447 0.9914425 0 0.07845103 0.9969181 0 0.07845103 0.996918 0 0.0261709 0.9996576 0 -0.0261709 0.9996576 0 -0.07845103 0.9969181 0 -0.07845103 0.996918 0 -0.1305447 0.9914425 0 -0.1305447 0.9914425 0 0 0 1 -3.60776e-5 0 1 -3.60568e-5 0 1 -9.03473e-6 0 1 1.20327e-5 0 1 2.40587e-5 0 1 2.40709e-5 0 1 4.85973e-6 0 1 -1.44839e-5 0 1 -1.11675e-6 0 1 -2.40607e-5 0 1 -3.60677e-5 0 1 3.79617e-7 0 1 -1.29578e-6 0 1 2.40765e-5 0 1 -3.21594e-7 0 1 3.60308e-5 0 1 7.64797e-7 0 1 -2.12071e-7 0 1 3.60334e-5 0 1 -1.59495e-6 0 1 1.20557e-5 0 1 2.98012e-7 0 1 -2.40923e-5 0 1 -1.78876e-6 0 1 1.65392e-6 0 1 3.00886e-6 0 1 1.51141e-6 0 1 -3.01357e-6 0 1 -4.50645e-6 0 1 3.75999e-7 0 1 -7.21568e-5 0 1 3.01688e-7 0 1 3.24864e-6 0 1 0 0 1 1.80705e-5 0 1 -3.39329e-7 0 1 4.74382e-7 0 1 6.01352e-6 0 1 -6.02482e-6 0 1 -9.67403e-7 0 1 -2.08556e-6 0 1 1.63559e-6 0 1 6.04577e-6 0 1 3.60231e-5 0 -1 0 0 -1 -3.60776e-5 0 -1 1.80291e-5 0 -1 3.023e-6 0 -1 -4.51736e-6 0 -1 -6.02348e-6 0 -1 2.40654e-5 0 -1 -6.01446e-6 0 -1 1.20294e-5 0 -1 3.61105e-5 0 -1 2.40709e-5 0 -1 -6.01728e-6 0 -1 6.02613e-6 0 -1 -3.60743e-5 0 -1 -4.85973e-6 0 -1 -1.21032e-6 0 -1 -2.4072e-5 0 -1 4.50873e-6 0 -1 -1.50367e-6 0 -1 2.40607e-5 0 -1 -3.60677e-5 0 -1 0 0 -1 -2.5913e-7 0 -1 2.59156e-6 0 -1 3.01314e-6 0 -1 2.40765e-5 0 -1 1.52828e-7 0 -1 2.25856e-6 0 -1 2.40764e-5 0 -1 -7.64797e-7 0 -1 0 0 -1 2.4921e-7 0 -1 -5.43366e-6 0 -1 -1.20558e-5 0 -1 3.97349e-7 0 -1 -7.99098e-7 0 -1 3.60503e-5 0 -1 -1.20401e-5 0 -1 -1.20462e-5 0 -1 8.11289e-7 0 -1 -4.91165e-7 0 -1 1.68354e-6 0 -1 -1.70727e-6 0 -1 1.02954e-6 0 -1 -2.40527e-5 0 -1 -6.02695e-6 0 -1 6.01772e-6 0 -1 -3.60835e-5 0 -1 -3.60784e-5 0 -1 -6.03375e-7 0 -1 1.1271e-6 0 -1 8.1216e-7 0 -1 1.57975e-7 0 -1 -6.13225e-7 0 -1 -9.03524e-6 0 -1 6.0459e-6 0 -1 -2.08788e-7 0 -1 3.60882e-5 0 -1 1.50621e-6 0 -1 -3.61105e-5 0 -1 1.04278e-6 0 -1 2.0168e-6 0 -1 -2.03585e-6 0 -1 -3.61154e-5 0 -1 -4.51728e-6 0 -1 -0.9914422 -0.1305473 0 -0.9914426 -0.1305441 0 -0.4304856 0.9025976 0 -0.4304867 0.9025969 0 -0.8788019 -0.4771869 0 -0.8788059 -0.4771797 0 -0.7603945 0.6494616 0 -0.7603939 0.6494624 0 -0.991442 0.130548 0 -0.9914416 0.1305511 0 0.9832512 -0.1822564 0 0.9832517 -0.1822534 0 0.9914426 -0.1305441 0 0.9914422 -0.1305473 0 0.9996576 -0.02616858 0 0.9996575 -0.02617216 0 0.991442 0.130548 0 0.9914416 0.1305511 0 0.7603939 0.6494624 0 0.7603945 0.6494616 0 0.1822547 0.9832514 0 0.1822557 0.9832513 0 -0.1822552 -0.9832513 0 -0.2334386 -0.9723716 0 -0.2334383 -0.9723716 0 -0.2840142 -0.9588202 0 -0.2840137 -0.9588202 0 -0.9996575 0.02617287 0 -0.9996575 0.02617043 0 -0.3337768 -0.9426522 0 -0.3827121 -0.9238677 0 -0.3337764 -0.9426523 0 -0.9969182 0.07844901 0 -0.996918 0.07845139 0 -0.382713 -0.9238674 0 -0.9914417 0.1305506 0 -0.991442 0.1305483 0 -0.4304865 -0.9025971 0 -0.4771833 -0.8788038 0 -0.4304857 -0.9025975 0 -0.9832521 0.1822512 0 -0.9723718 0.2334381 0 -0.4771846 -0.8788031 0 -0.983253 0.1822466 0 -0.9588208 0.2840116 0 -0.5224874 -0.8526471 0 -0.9723711 0.2334406 0 -0.9426523 0.3337764 0 -0.566388 -0.8241387 0 -0.6087601 -0.7933544 0 -0.9588195 0.2840161 0 -0.5663884 -0.8241384 0 -0.9426523 0.3337767 0 -0.6494777 -0.7603808 0 -0.9238682 0.3827109 0 -0.9238673 0.3827131 0 -0.6494761 -0.7603821 0 -0.6883299 -0.7253978 0 -0.7253975 -0.6883303 0 -0.9025975 0.4304857 0 -0.8788035 0.4771841 0 -0.6883312 -0.7253966 0 -0.9025964 0.4304879 0 -0.7603803 -0.6494781 0 -0.8526458 0.5224894 0 -0.7253972 -0.6883305 0 -0.8788043 0.4771824 0 -0.7603825 -0.6494756 0 -0.8241237 0.56641 0 -0.852648 0.5224859 0 -0.7933694 -0.6087406 0 -0.8241248 0.5664083 0 -0.8241138 -0.5664244 0 -0.8241151 -0.5664224 0 -0.7933582 0.6087552 0 -0.852654 -0.522476 0 -0.8788045 -0.4771822 0 -0.8526563 -0.5224724 0 -0.7603952 0.6494607 0 -0.7603931 0.6494632 0 -0.8788033 -0.4771844 0 -0.7253972 0.6883305 0 -0.9025965 -0.4304877 0 -0.7253975 0.6883303 0 -0.9025974 -0.430486 0 -0.9238673 -0.3827131 0 -0.6883299 0.7253978 0 -0.9426523 -0.3337764 0 -0.6883312 0.7253966 0 -0.9238682 -0.3827109 0 -0.9588195 -0.2840161 0 -0.6494773 0.760381 0 -0.6494765 0.7603818 0 -0.9426523 -0.3337767 0 -0.9588208 -0.2840116 0 -0.6087405 0.7933695 0 -0.6087402 0.7933697 0 -0.9723711 -0.2334406 0 -0.9723718 -0.2334381 0 -0.5664094 0.8241241 0 -0.983251 -0.1822568 0 -0.9832519 -0.1822519 0 -0.9914422 -0.1305467 0 -0.5224874 0.8526471 0 -0.9914425 -0.1305442 0 -0.4771846 0.8788031 0 -0.996918 -0.07845139 0 -0.4771833 0.8788038 0 -0.9969179 -0.07845383 0 -0.9996575 -0.02617204 0 -0.9996576 -0.02616959 0 -0.4304862 0.9025972 0 -0.430486 0.9025974 0 -0.382713 0.9238674 0 -0.3827121 0.9238677 0 -0.3337768 0.9426522 0 -0.3337764 0.9426523 0 -0.2840139 0.9588202 0 -0.2334386 0.9723716 0 -0.2334383 0.9723716 0 -0.1822552 0.9832513 0 -0.1305447 0.9914425 0 -0.1305449 0.9914425 0 -0.07845103 0.996918 0 -0.07845103 0.996918 0 -0.02617096 0.9996576 0 0.02617096 0.9996576 0 0.07845103 0.996918 0 0.07845103 0.996918 0 0.1305448 0.9914425 0 0.1822552 0.9832513 0 0.2334384 0.9723716 0 0.2334384 0.9723716 0 0.2840142 0.9588202 0 0.3337764 0.9426523 0 0.2840137 0.9588202 0 0.3337768 0.9426522 0 0.382713 0.9238674 0 0.3827121 0.9238677 0 0.4304865 0.9025971 0 0.4304857 0.9025975 0 0.4771835 0.8788037 0 0.4771844 0.8788033 0 0.5224874 0.8526471 0 0.5664094 0.8241241 0 0.6087402 0.7933697 0 0.6087405 0.7933695 0 0.6494761 0.7603821 0 0.6494777 0.7603808 0 0.6883312 0.7253966 0 0.6883299 0.7253978 0 0.7253972 0.6883305 0 0.7253975 0.6883303 0 0.7603931 0.6494632 0 0.7603952 0.6494607 0 0.7933582 0.6087552 0 0.8241248 0.5664083 0 0.8241237 0.56641 0 0.852648 0.5224859 0 0.8526458 0.5224894 0 0.8788043 0.4771824 0 0.8788035 0.4771841 0 0.9025974 0.430486 0 0.9025965 0.4304877 0 0.9238682 0.3827109 0 0.9238673 0.3827131 0 0.9426523 0.3337767 0 0.9426523 0.3337764 0 0.9588195 0.2840161 0 0.9588208 0.2840116 0 0.9723711 0.2334405 0 0.9723717 0.2334383 0 0.9832521 0.1822513 0 0.983253 0.1822465 0 0.9914417 0.1305508 0 0.991442 0.1305482 0 0.9969182 0.07844895 0 0.996918 0.07845145 0 0.9996575 0.02617287 0 0.9996575 0.02617043 0 0.9996575 -0.02617204 0 0.9996576 -0.02616959 0 0.996918 -0.07845139 0 0.9969179 -0.07845383 0 0.9914422 -0.1305467 0 0.9914425 -0.1305442 0 0.983251 -0.1822568 0 0.9723718 -0.2334381 0 0.9832519 -0.1822519 0 0.9723711 -0.2334406 0 0.9588208 -0.2840116 0 0.9588195 -0.2840161 0 0.9426523 -0.3337767 0 0.9426523 -0.3337764 0 0.9238673 -0.3827131 0 0.9238682 -0.3827109 0 0.9025964 -0.4304879 0 0.9025975 -0.4304857 0 0.8788035 -0.4771841 0 0.8788043 -0.4771824 0 0.852654 -0.522476 0 0.8526563 -0.5224724 0 0.8241139 -0.5664241 0 0.8241149 -0.5664227 0 0.7933694 -0.6087406 0 0.7603827 -0.6494753 0 0.7603801 -0.6494785 0 0.7253972 -0.6883305 0 0.7253975 -0.6883303 0 0.6883299 -0.7253978 0 0.6883312 -0.7253966 0 0.6494773 -0.760381 0 0.6494765 -0.7603818 0 0.6087601 -0.7933544 0 0.566388 -0.8241387 0 0.5663884 -0.8241384 0 0.5224874 -0.8526471 0 0.4771833 -0.8788038 0 0.4304865 -0.9025971 0 0.4771846 -0.8788031 0 0.4304857 -0.9025975 0 0.3827121 -0.9238677 0 0.382713 -0.9238674 0 0.3337764 -0.9426523 0 0.3337768 -0.9426522 0 0.2334384 -0.9723716 0 0.2840139 -0.9588202 0 0.1822552 -0.9832513 0 0.2334384 -0.9723716 0 0.1305447 -0.9914425 0 0.1305449 -0.9914425 0 0.07845103 -0.996918 0 0.02617096 -0.9996576 0 0.07845103 -0.996918 0 -0.02617096 -0.9996576 0 -0.07845103 -0.996918 0 -0.07845103 -0.996918 0 -0.1305447 -0.9914425 0 -0.1305449 -0.9914425 0 2.60049e-7 0 -1 -9.28009e-7 0 -1 -1.85403e-6 0 -1 1.94956e-7 0 -1 -7.14429e-7 0 -1 -1.13624e-6 0 -1 1.85562e-6 0 -1 4.63901e-7 0 -1 -9.27448e-7 0 -1 4.63965e-7 0 -1 -1.03887e-6 0 -1 -6.95086e-7 0 -1 5.19998e-7 0 -1 1.13624e-6 0 -1 2.07968e-6 0 -1 -6.95457e-7 0 -1 -4.63914e-7 0 -1 1.73884e-7 0 -1 1.0388e-6 0 -1 7.14429e-7 0 -1 -4.63848e-7 0 -1 -1.85562e-6 0 -1 4.63772e-7 0 -1 0 0 -1 -2.31978e-7 0 -1 4.63527e-7 0 -1 -1.94956e-7 0 -1 -1.03969e-6 0 -1 -2.32007e-7 0 -1 1.85403e-6 0 -1 4.63573e-7 0 -1 -4.64005e-7 0 -1 1.15986e-6 0 -1 -2.60049e-7 0 -1 -4.63941e-7 0 -1 5.19545e-7 0 -1 9.09538e-7 0 -1 -2.31913e-7 0 -1 4.63941e-7 0 -1 -2.59747e-7 0 -1 4.64005e-7 0 -1 -4.63572e-7 0 -1 -1.85577e-6 0 -1 7.79088e-7 0 -1 -1.04289e-6 0 -1 3.47495e-7 0 -1 4.63972e-7 0 -1 2.89835e-7 0 -1 -2.5968e-7 0 -1 -2.5973e-7 0 -1 1.03969e-6 0 -1 -1.03895e-6 0 -1 9.858e-7 0 -1 1.29913e-7 0 -1 -5.19556e-7 0 -1 -7.79577e-7 0 -1 -2.07769e-6 0 -1 9.27849e-7 0 -1 0 0 -1 -1.0388e-6 0 -1 1.56009e-6 0 -1 0 0 -1 9.28029e-7 0 -1 0 0 -1 1.5583e-6 0 -1 -9.27948e-7 0 -1 -1.2998e-6 0 -1 -5.19998e-7 0 -1 2.07769e-6 0 -1 -2.59814e-7 0 -1 -9.27802e-7 0 -1 -9.858e-7 0 -1 -2.89835e-7 0 -1 -3.47495e-7 0 -1 1.04289e-6 0 -1 2.31913e-7 0 -1 -1.15986e-6 0 -1 2.32007e-7 0 -1 2.31978e-7 0 -1 4.63848e-7 0 -1 -9.27848e-7 0 -1 6.95457e-7 0 -1 2.0776e-6 0 -1 -9.28029e-7 0 -1 6.95086e-7 0 -1 9.27948e-7 0 -1 -1.03984e-6 0 -1 -2.07773e-6 0 -1 9.27802e-7 0 -1 -9.27449e-7 0 -1 1.03887e-6 0 -1 -1.56009e-6 0 -1 5.19558e-7 0 -1 7.79577e-7 0 -1 1.03895e-6 0 -1 2.5968e-7 0 -1 -7.79088e-7 0 -1 1.85577e-6 0 -1 2.59747e-7 0 -1 -9.09538e-7 0 -1 3.33264e-6 0 1 -7.41462e-6 0 1 -1.42834e-6 0 1 -3.70716e-6 0 1 0 0 1 3.70714e-6 0 1 -3.70749e-6 0 1 -3.7074e-6 0 1 -4.28669e-6 0 1 3.80863e-6 0 1 9.52206e-7 0 1 -1.90436e-6 0 1 -3.70708e-6 0 1 1.90448e-6 0 1 -9.52199e-7 0 1 -3.70725e-6 0 1 3.80895e-6 0 1 3.70729e-6 0 1 3.8091e-6 0 1 1.90461e-6 0 1 -3.70744e-6 0 1 9.52262e-7 0 1 1.9045e-6 0 1 -3.70749e-6 0 1 3.70748e-6 0 1 1.85355e-6 0 1 -1.90451e-6 0 1 3.70711e-6 0 1 -1.90456e-6 0 1 -1.90459e-6 0 1 3.70749e-6 0 1 3.70738e-6 0 1 3.80889e-6 0 1 -3.70759e-6 0 1 1.9044e-6 0 1 1.85376e-6 0 1 -3.80893e-6 0 1 9.26789e-7 0 1 4.76097e-6 0 1 -3.70751e-6 0 1 -1.85375e-6 0 1 3.80912e-6 0 1 1.9043e-6 0 1 -1.90445e-6 0 1 1.85375e-6 0 1 3.70733e-6 0 1 -3.80902e-6 0 1 1.90452e-6 0 1 -3.70748e-6 0 1 9.26852e-7 0 1 -3.80909e-6 0 1 3.70737e-6 0 1 -1.85365e-6 0 1 -1.85342e-6 0 1 3.80878e-6 0 1 -4.76095e-7 0 1 -1.85368e-6 0 1 -3.33264e-6 0 1 3.70731e-6 0 1 0 0 1 1.8537e-6 0 1 -3.80922e-6 0 1 1.85359e-6 0 1 -1.85385e-6 0 1 -1.73785e-6 0 1 3.70734e-6 0 1 -1.90424e-6 0 1 5.95122e-7 0 1 -1.90438e-6 0 1 -9.52206e-7 0 1 9.2682e-7 0 1 -1.85376e-6 0 1 3.80879e-6 0 1 -4.63435e-6 0 1 -1.85375e-6 0 1 3.80902e-6 0 1 -9.52294e-7 0 1 1.90451e-6 0 1 1.90453e-6 0 1 -1.85364e-6 0 1 2.85644e-6 0 1 -2.78075e-6 0 1 1.19019e-6 0 1 -1.85355e-6 0 1 1.85355e-6 0 1 -4.76151e-7 0 1 -4.76125e-7 0 1 1.90454e-6 0 1 -3.70714e-6 0 1 -1.85361e-6 0 1 -1.90443e-6 0 1 7.6179e-6 0 1 3.7074e-6 0 1 -3.70757e-6 0 1 1.90461e-6 0 1 -3.80929e-6 0 1 1.85357e-6 0 1 1.85385e-6 0 1 1.85374e-6 0 1 -1.85358e-6 0 1 -1.90446e-6 0 1 -1.90439e-6 0 1 7.41536e-6 0 1 -9.26839e-7 0 1 -3.80895e-6 0 1 9.26825e-7 0 1 -1.9045e-6 0 1 -4.63433e-7 0 1 1.90459e-6 0 1 1.90445e-6 0 1 -1.90429e-6 0 1 -1.9043e-6 0 1 -6.9517e-7 0 1 -2.85671e-6 0 1 -4.76097e-6 0 1 7.41503e-6 0 1 9.2688e-7 0 1 1.90456e-6 0 1 -1.90452e-6 0 1 7.41497e-6 0 1 -9.52308e-7 0 1 -9.26852e-7 0 1 4.76095e-7 0 1 3.80872e-6 0 1 1.85354e-6 0 1 0.2348936 0.9720212 0 0.176903 0.9842283 0 0.1769031 0.9842284 0 0.1182979 0.9929782 0 0.118298 0.9929782 0 -0.9995613 -0.02962261 0 0.05918228 0.9982472 0 -0.9995613 -0.02962261 0 0.05918222 0.9982472 0 0 1 0 -0.9960489 -0.0888068 0 -0.9960487 -0.08880966 0 -0.9890444 -0.1476184 0 -0.989044 -0.1476213 0 -0.05918222 0.9982472 0 -0.05918228 0.9982472 0 -0.9785566 -0.205978 0 -0.9785567 -0.205978 0 -0.118298 0.9929782 0 -0.1182979 0.9929782 0 -0.964634 -0.2635933 0 -0.1769031 0.9842284 0 -0.9646332 -0.2635959 0 -0.176903 0.9842283 0 -0.9473292 -0.3202615 0 -0.9266887 -0.3758301 0 -0.2348936 0.9720212 0 -0.9473283 -0.3202641 0 -0.2920598 0.9564001 0 -0.9266907 -0.3758251 0 -0.2920598 0.9564001 0 -0.9028049 -0.4300505 0 -0.8757252 -0.48281 0 -0.3482105 0.9374164 0 -0.9028049 -0.4300504 0 -0.3482103 0.9374165 0 -0.4031155 0.9151492 0 -0.8757228 -0.4828144 0 -0.845606 -0.5338076 0 -0.4565802 0.8896823 0 -0.8124722 -0.583 0 -0.5085383 0.8610395 0 -0.5085377 0.8610398 0 -0.5586482 0.8294048 0 -0.776522 -0.6300902 0 -0.5586476 0.8294053 0 -0.7378718 -0.674941 0 -0.6067842 0.7948667 0 -0.7378724 -0.6749402 0 -0.6067849 0.7948661 0 -0.6528384 0.7574973 0 -0.6965271 -0.7175305 0 -0.652837 0.7574985 0 -0.652837 -0.7574985 0 -0.6965271 0.7175305 0 -0.6528384 -0.7574973 0 -0.6067849 -0.7948661 0 -0.7378724 0.6749402 0 -0.7378718 0.674941 0 -0.6067842 -0.7948667 0 -0.776522 0.6300902 0 -0.5586482 -0.8294048 0 -0.5586476 -0.8294053 0 -0.8124722 0.583 0 -0.845606 0.5338076 0 -0.5085383 -0.8610395 0 -0.5085377 -0.8610398 0 -0.8757227 0.4828144 0 -0.4565802 -0.8896823 0 -0.8757252 0.48281 0 -0.4031155 -0.9151492 0 -0.3482103 -0.9374165 0 -0.9028049 0.4300504 0 -0.9028049 0.4300505 0 -0.9266936 0.375818 0 -0.9473257 0.320272 0 -0.3482105 -0.9374164 0 -0.9266956 0.375813 0 -0.964634 0.2635933 0 -0.2920598 -0.9564001 0 -0.2920598 -0.9564001 0 -0.9473248 0.3202746 0 -0.2348936 -0.9720212 0 -0.9646332 0.2635959 0 -0.176903 -0.9842283 0 -0.9785566 0.205978 0 -0.9890444 0.1476184 0 -0.9785567 0.205978 0 -0.1769031 -0.9842284 0 -0.9960489 0.0888068 0 -0.989044 0.1476213 0 -0.9960487 0.08880966 0 -0.1182967 -0.9929668 0.00478214 -0.09642934 -0.9953399 0 -0.9995613 0.02962261 0 -0.05489653 -0.9984915 -0.001111507 -0.05489706 -0.9984914 -0.001110494 -0.05489683 -0.9984914 -0.001111328 -0.9995613 0.02962261 0 -0.04875403 -0.9988094 -0.001713871 -0.04875403 -0.9988094 -0.00171405 -0.04875397 -0.9988094 -0.001713693 -0.05918222 -0.998247 -6.67171e-4 -0.04684454 -0.9989005 -0.001865744 -0.04684454 -0.9989005 -0.001865804 -0.04684454 -0.9989005 -0.001865804 -0.0434519 -0.9990555 -2.0467e-4 -0.04153662 -0.999137 -1.56048e-4 -0.03805226 -0.9992758 -7.22125e-5 -0.03805226 -0.9992758 -7.21866e-5 -0.03805226 -0.9992758 -7.21473e-5 -0.03291934 -0.9994581 -1.41665e-6 -0.0571987 -0.9983619 0.001397967 -0.05719816 -0.998362 0.001398086 -0.0571984 -0.9983619 0.001397907 -0.05077797 -0.9987072 0.002365767 -0.05077797 -0.9987072 0.002365708 -0.05077803 -0.9987072 0.002366006 -0.1182947 -0.9929507 -0.007438778 -0.0233184 -0.9997282 -7.74276e-7 0 -0.9999998 -8.1513e-4 -0.002510786 -0.9999967 -5.89488e-4 0.01997286 -0.9998005 -3.37924e-5 -0.0443322 -0.9990169 3.58984e-4 -0.0443322 -0.9990168 3.59054e-4 -0.0443322 -0.9990169 3.59063e-4 -0.04326111 -0.9990637 3.02076e-4 -0.04326111 -0.9990637 3.02107e-4 -0.04326111 -0.9990637 3.02093e-4 -0.04127943 -0.9991477 2.27027e-4 -0.04113608 -0.9991536 2.17353e-4 -0.04113608 -0.9991536 2.17365e-4 -0.03793108 -0.9992803 1.10481e-4 -0.03793108 -0.9992803 1.10498e-4 -0.03793108 -0.9992803 1.10484e-4 -0.03291964 -0.999458 2.2371e-6 -0.02331846 -0.9997282 1.09924e-6 -0.002518117 -0.9999965 9.33743e-4 -0.05918222 -0.9982466 0.001083552 0.03290879 -0.9994584 1.37218e-5 0.03290879 -0.9994584 1.37414e-5 0.03290879 -0.9994584 1.37612e-5 0.03901696 -0.9992386 -9.21567e-5 0.03901696 -0.9992386 -9.212e-5 0.03901696 -0.9992386 -9.21069e-5 0.04288274 -0.9990802 -1.91686e-4 0.05918222 -0.998247 -6.66999e-4 0.0468344 -0.998901 -0.001853168 0.0468344 -0.998901 -0.001853108 0.0468344 -0.998901 -0.001853227 0.04949504 -0.9987731 -0.001647949 0.04949504 -0.998773 -0.001648008 0.04949504 -0.9987731 -0.001648008 0.05580449 -0.9984412 -0.00104916 0.05580461 -0.9984412 -0.001049399 0.05580472 -0.9984412 -0.00104922 0.1182967 -0.9929668 0.00478214 0.01997655 -0.9998005 5.38047e-5 0.0333867 -0.9994425 -7.60981e-6 0.03938162 -0.9992243 1.54972e-4 0.03938162 -0.9992243 1.54941e-4 0.03938162 -0.9992243 1.55006e-4 0.04251909 -0.9990956 2.76418e-4 0.04251909 -0.9990956 2.76382e-4 0.04251909 -0.9990956 2.76383e-4 0.04433369 -0.9990168 3.5096e-4 0.04433369 -0.9990168 3.5084e-4 0.04433369 -0.9990168 3.50841e-4 0 -0.9999992 0.001292943 0.05918222 -0.9982466 0.001093685 0.05135893 -0.9986777 0.002292037 0.05140614 -0.9986753 0.002284109 0.05140614 -0.9986753 0.00228399 0.05809742 -0.9983102 0.001259565 0.0580973 -0.9983102 0.001259505 0.05809718 -0.9983102 0.001259326 0.1182947 -0.9929507 -0.007438778 0.09642934 -0.9953399 0 0.1769031 -0.9842284 0 0.176903 -0.9842283 0 0.2348936 -0.9720212 0 0.2920598 -0.9564001 0 0.2920598 -0.9564001 0 0.3482103 -0.9374165 0 0.3482105 -0.9374164 0 0.4031155 -0.9151492 0 0.4565802 -0.8896823 0 0.5085377 -0.8610398 0 0.5085383 -0.8610395 0 0.5586476 -0.8294053 0 0.6067842 -0.7948666 0 0.5586482 -0.8294048 0 0.6067849 -0.7948661 0 0.652837 -0.7574985 0 0.6528384 -0.7574973 0 0.6965271 -0.7175305 0 0.7378718 -0.674941 0 0.776522 -0.6300902 0 0.7378724 -0.6749402 0 0.8124722 -0.583 0 0.845606 -0.5338076 0 0.8757252 -0.48281 0 0.8757228 -0.4828144 0 0.9028049 -0.4300505 0 0.9266907 -0.3758251 0 0.9028049 -0.4300504 0 0.9266887 -0.3758301 0 0.9473292 -0.3202615 0 0.9473284 -0.3202641 0 0.964634 -0.2635932 0 0.9646333 -0.2635959 0 0.9785567 -0.205978 0 0.9785566 -0.205978 0 0.9890444 -0.1476184 0 0.989044 -0.1476213 0 0.9960489 -0.0888068 0 0.9960486 -0.08880966 0 0.9995613 -0.02962261 0 0.9995613 -0.02962261 0 0.9995613 0.02962261 0 0.9995613 0.02962261 0 0.9960486 0.08880966 0 0.9960489 0.0888068 0 0.989044 0.1476213 0 0.9890444 0.1476184 0 0.9785566 0.205978 0 0.9785567 0.205978 0 0.9646333 0.2635959 0 0.964634 0.2635932 0 0.9473248 0.3202746 0 0.9473257 0.320272 0 0.9266936 0.375818 0 0.9266956 0.375813 0 0.9028049 0.4300504 0 0.9028049 0.4300505 0 0.8757252 0.48281 0 0.8757228 0.4828144 0 0.845606 0.5338076 0 0.8124722 0.583 0 0.776522 0.6300902 0 0.7378718 0.674941 0 0.7378724 0.6749402 0 0.6965271 0.7175305 0 0.6528384 0.7574973 0 0.6067849 0.7948661 0 0.652837 0.7574985 0 0.5586476 0.8294053 0 0.6067842 0.7948667 0 0.5586482 0.8294048 0 0.5085383 0.8610395 0 0.4565802 0.8896823 0 0.5085377 0.8610398 0 0.4031155 0.9151492 0 0.3482103 0.9374165 0 0.3482106 0.9374164 0 0.2920598 0.9564001 0 0.2920598 0.9564001 0 0.1821921 0.983263 0 0.182192 0.9832631 0 0.2334685 0.9723644 0 0.2334684 0.9723644 0 0.2840073 0.9588222 0 0.9996575 -0.0261715 0 0.2840075 0.9588221 0 0.9996576 -0.026169 0 0.333812 0.9426397 0 0.9969161 -0.0784744 0 0.3338127 0.9426395 0 0.9914431 -0.1305399 0 0.9969159 -0.0784769 0 0.3826836 0.9238795 0 0.3826829 0.9238798 0 0.9832576 -0.1822214 0 0.9914437 -0.1305349 0 0.4305165 0.9025827 0 0.4771535 0.87882 0 0.430516 0.902583 0 0.9832571 -0.182224 0 0.9723715 -0.233439 0 0.9588221 -0.2840078 0 0.9723715 -0.2334389 0 0.5224995 0.8526396 0 0.5224999 0.8526394 0 0.9588228 -0.2840053 0 0.566401 0.8241299 0 0.5663996 0.8241308 0 0.9426394 -0.3338128 0 0.9238796 -0.3826835 0 0.6087624 0.7933527 0 0.6087611 0.7933536 0 0.6494355 0.7604169 0 0.6494342 0.7604178 0 0.9025836 -0.4305147 0 0.9025827 -0.4305166 0 0.6883716 0.7253583 0 0.688369 0.7253607 0 0.8788198 -0.4771538 0 0.8526396 -0.5224995 0 0.7253603 0.6883695 0 0.7253574 0.6883725 0 0.8241306 -0.5663998 0 0.7604182 0.6494337 0 0.8526394 -0.5224998 0 0.7933521 0.6087633 0 0.7604168 0.6494356 0 0.7933534 0.6087614 0 0.8241304 -0.5664002 0 0.8241306 0.5663998 0 0.7933521 -0.6087633 0 0.7933534 -0.6087614 0 0.8241304 0.5664002 0 0.8526396 0.5224995 0 0.760418 -0.6494341 0 0.7604169 -0.6494352 0 0.8526394 0.5224998 0 0.8788198 0.4771538 0 0.7253452 -0.6883853 0 0.7253427 -0.688388 0 0.9025767 0.4305291 0 0.9025778 0.4305268 0 0.6883879 -0.7253428 0 0.6883857 -0.7253448 0 0.9238842 0.3826722 0 0.6494355 -0.7604169 0 0.6494342 -0.7604178 0 0.9426359 0.3338229 0 0.6087624 -0.7933527 0 0.6087611 -0.7933536 0 0.9588246 0.283999 0 0.9723715 0.233439 0 0.9588253 0.2839968 0 0.5664008 -0.82413 0 0.5663998 -0.8241307 0 0.9723715 0.2334389 0 0.5224993 -0.8526397 0 0.9832571 0.182224 0 0.5225001 -0.8526393 0 0.9832576 0.1822214 0 0.9914433 0.130539 0 0.4771535 -0.87882 0 0.4305165 -0.9025827 0 0.9914426 0.130544 0 0.9969164 0.07847189 0 0.9969161 0.0784744 0 0.9996575 0.0261715 0 0.430516 -0.902583 0 0.9996576 0.026169 0 0.3826834 -0.9238796 0 0.3826832 -0.9238796 0 0.3338122 -0.9426396 0 0.3338124 -0.9426396 0 0.2840075 -0.9588221 0 0.2840073 -0.9588222 0 0.233439 -0.9723715 0 0.1822222 -0.9832574 0 0.182222 -0.9832575 0 0.1305064 -0.9914475 0 0.1305063 -0.9914475 0 0.07850718 -0.9969136 0 0.02617049 -0.9996576 0 0.07850724 -0.9969136 0 -0.02617049 -0.9996576 0 -0.07850718 -0.9969136 0 -0.07850724 -0.9969136 0 -0.1305063 -0.9914475 0 -0.1305064 -0.9914475 0 -0.1822222 -0.9832574 0 -0.182222 -0.9832575 0 -0.233439 -0.9723715 0 -0.2840073 -0.9588222 0 -0.2840075 -0.9588221 0 -0.333812 -0.9426397 0 -0.3338127 -0.9426395 0 -0.3826836 -0.9238795 0 -0.3826829 -0.9238798 0 -0.4305165 -0.9025827 0 -0.430516 -0.902583 0 -0.4771535 -0.87882 0 -0.5224999 -0.8526394 0 -0.5224995 -0.8526396 0 -0.5663996 -0.8241308 0 -0.566401 -0.8241299 0 -0.6087611 -0.7933536 0 -0.6087624 -0.7933527 0 -0.6494342 -0.7604178 0 -0.6494355 -0.7604169 0 -0.6883857 -0.7253448 0 -0.6883879 -0.7253428 0 -0.7253427 -0.688388 0 -0.7253452 -0.6883853 0 -0.7604168 -0.6494356 0 -0.7604182 -0.6494337 0 -0.7933521 -0.6087633 0 -0.7933534 -0.6087614 0 -0.8241304 -0.5664002 0 -0.8241306 -0.5663998 0 -0.8526394 -0.5224998 0 -0.8526396 -0.5224995 0 -0.8788198 -0.4771538 0 -0.9025836 -0.4305147 0 -0.9025827 -0.4305166 0 -0.9238796 -0.3826835 0 -0.9426394 -0.3338128 0 -0.9588228 -0.2840053 0 -0.9588221 -0.2840078 0 -0.9723715 -0.2334389 0 -0.9723715 -0.233439 0 -0.9832571 -0.182224 0 -0.9832576 -0.1822214 0 -0.9914437 -0.1305349 0 -0.9914431 -0.1305399 0 -0.9969161 -0.0784744 0 -0.9969159 -0.0784769 0 -0.9996576 -0.026169 0 -0.9996576 0.026169 0 -0.9996575 -0.0261715 0 -0.9996575 0.0261715 0 -0.9969161 0.0784744 0 -0.9969164 0.07847189 0 -0.9914433 0.1305391 0 -0.9914426 0.130544 0 -0.9832571 0.1822239 0 -0.9832575 0.1822215 0 -0.9723715 0.2334389 0 -0.9723715 0.233439 0 -0.9588246 0.283999 0 -0.9588253 0.2839968 0 -0.9426359 0.3338229 0 -0.9238842 0.3826722 0 -0.9025769 0.4305289 0 -0.9025778 0.4305271 0 -0.8788198 0.4771538 0 -0.8526394 0.5224998 0 -0.8526396 0.5224995 0 -0.8241306 0.5663998 0 -0.8241304 0.5664002 0 -0.7933534 0.6087614 0 -0.7933521 0.6087633 0 -0.760418 0.6494341 0 -0.7604169 0.6494352 0 -0.7253599 0.6883698 0 -0.7253577 0.6883721 0 -0.6883716 0.7253583 0 -0.688369 0.7253607 0 -0.6494355 0.7604169 0 -0.6494342 0.7604178 0 -0.6087624 0.7933527 0 -0.6087611 0.7933536 0 -0.5664008 0.82413 0 -0.5663998 0.8241307 0 -0.5224993 0.8526397 0 -0.5225001 0.8526393 0 -0.4771535 0.87882 0 -0.430516 0.902583 0 -0.4305165 0.9025827 0 -0.3826832 0.9238796 0 -0.3826834 0.9238796 0 -0.3338124 0.9426396 0 -0.2840073 0.9588222 0 -0.3338122 0.9426396 0 -0.2840075 0.9588221 0 -0.2334685 0.9723644 0 -0.2334684 0.9723644 0 -0.1821921 0.983263 0 -0.182192 0.9832631 0 -0.1305372 0.9914435 0 -0.130537 0.9914435 0 -0.07847619 0.996916 0 -0.07847619 0.996916 0 -0.02617049 0.9996576 0 0.02617049 0.9996576 0 0.07847619 0.996916 0 0.07847619 0.996916 0 0.1305372 0.9914435 0 0.130537 0.9914435 0 0 0 -1 0 0 -1 0 0 -1 0 0 -1 0 0 -1 0 0 -1 0 0 -1 1.22557e-7 0 -1 0 0 -1 0 0 -1 0 0 -1 0 0 -1 0 0 -1 0 0 -1 0 0 -1 0 0 -1 0 0 -1 0 0 -1 0 0 -1 1.22539e-7 0 -1 0 0 -1 0 0 -1 0 0 -1 0 0 -1 0 0 -1 -1.22466e-7 0 -1 0 0 -1 0 0 -1 0 0 -1 0 0 -1 -1.45946e-7 0 -1 0 0 -1 0 0 -1 0 0 -1 0 0 -1 0 0 -1 0 0 -1 0 0 -1 0 0 -1 -1.22569e-7 0 -1 -1.45912e-7 0 -1 0 0 -1 0 0 -1 0 0 -1 0 0 -1 0 0 -1 0 0 -1 0 0 -1 0 0 -1 0 0 -1 0 0 -1 0 0 -1 0 0 -1 0 0 -1 0 0 -1 -1.45773e-7 0 -1 0 0 -1 0 0 -1 0 0 -1 0 0 -1 0 0 -1 0 0 -1 0 0 -1 0 0 -1 1.45773e-7 0 -1 0 0 -1 0 0 -1 0 0 -1 0 0 -1 0 0 -1 0 0 -1 0 0 -1 0 0 -1 0 0 -1 0 0 -1 0 0 -1 0 0 -1 0 0 -1 0 0 -1 0 0 -1 0 0 -1 0 0 -1 0 0 -1 0 0 -1 0 0 -1 0 0 -1 0 0 -1 0 0 -1 0 0 -1 0 0 -1 0 0 -1 0 0 -1 1.22466e-7 0 -1 0 0 -1 0 0 -1 0 0 -1 -1.22539e-7 0 -1 0 0 -1 0 0 -1 0 0.3090564 0.9510437 -0.003010272 0.9998362 0.01785266 0 0.0627138 0.9980316 0 0.06271296 0.9980317 0 -0.992111 -0.1253636 0 -0.187371 0.9822892 0 -0.9921092 -0.1253763 -0.002463638 0.9996053 0.02798479 -0.002463638 0.9996053 0.02798479 -0.002463638 0.9996053 0.02798479 0 -0.1873698 0.9822895 0 -0.4257829 0.9048253 -0.001958668 0.9992592 0.03843581 -0.001938164 0.9992462 0.03877055 0 -0.9297858 -0.3681013 0 -0.9297836 -0.3681069 0 -0.4257804 0.9048265 0 -0.8090525 -0.5877364 0 -0.6373816 -0.7705484 0 -0.6374206 0.770516 0 -0.6374174 0.7705187 0 -0.8090317 0.587765 0 -0.6373848 -0.7705458 0 -0.4257804 -0.9048265 -0.00144571 0.9987434 0.05009633 0 -0.9297859 0.368101 0 -0.4257829 -0.9048253 0 -0.9297837 0.3681065 0 -0.1873689 -0.9822897 0 -0.9921109 0.1253637 0 -0.9921092 0.1253764 0 -0.1873701 -0.9822895 -9.08263e-4 0.9978798 0.06507867 -9.08267e-4 0.9978798 0.06507867 -9.08304e-4 0.9978798 0.06507867 0 0.06271111 -0.9980318 0 0.06271195 -0.9980317 0 0.3090564 -0.9510437 0 0.5358383 -0.8443207 -4.19664e-4 0.9965066 0.08351409 0 0.5358442 -0.8443169 0 0.72896 -0.6845563 0 0.7289633 -0.6845529 0 0.8762935 -0.4817777 -4.68987e-4 0.968577 -0.2487134 4.70935e-5 0.9943336 -0.1063054 7.63547e-4 0.9685755 -0.2487186 4.19202e-4 0.9966242 -0.08209896 4.19221e-4 0.9966242 -0.08209896 4.19192e-4 0.9966242 -0.08209896 0.001077353 0.9981904 -0.06012505 0.001076936 0.9981903 -0.06012505 0.001077055 0.9981904 -0.06012505 0.001713216 0.9990524 -0.04349166 0.001713156 0.9990524 -0.04349166 0.001713156 0.9990524 -0.04349166 0.002511382 0.999634 -0.02693617 0.003136098 0.9998719 -0.01570147 0.003136157 0.9998719 -0.01570147 0.003136098 0.9998719 -0.01570147 -9.74945e-5 0.9947132 -0.102692 -9.74415e-5 0.9947132 -0.102692 -9.74567e-5 0.9947132 -0.102692 0.003751218 0.9999783 -0.005429387 0.003751277 0.9999783 -0.005429387 0.003751337 0.9999783 -0.005429387 0 0.9695454 -0.2449117 -0.002326428 0.9744934 -0.2244045 -0.002326488 0.9744934 -0.2244045 -0.002326488 0.9744934 -0.2244045 -8.97512e-5 0.9946735 0.1030761 -8.97495e-5 0.9946736 0.1030761 -8.97621e-5 0.9946736 0.1030761 -4.19172e-4 0.9965066 -0.08351385 -9.13923e-4 0.9978922 -0.06488674 -9.1395e-4 0.9978922 -0.06488674 -9.13907e-4 0.9978923 -0.06488674 -0.002357006 0.9745442 0.2241834 7.62069e-4 0.9685748 0.2487211 4.68083e-5 0.9943264 0.1063718 4.06401e-4 0.9965839 0.08258551 0.001077413 0.9981909 0.06011575 0.001077413 0.9981909 0.06011575 0.001077473 0.9981909 0.06011575 0.001713156 0.9990524 0.04349243 0.001713097 0.9990524 0.04349243 0.001713097 0.9990523 0.04349243 0.00251168 0.999634 0.02693581 0.003128886 0.9998704 0.01579707 0.003128826 0.9998704 0.01579707 0.003128826 0.9998704 0.01579707 -0.001447618 0.9987463 -0.05003964 0.003746747 0.9999778 0.005525231 0.003746807 0.9999778 0.005525231 0.003746807 0.9999778 0.005525231 -0.001932621 0.999242 -0.03888219 0.004100501 0.9999916 0 0 0.9695462 0.2449088 -0.002479553 0.9996147 -0.02764916 -4.69243e-4 0.9685764 0.2487159 0 0.8763095 0.4817487 -0.003039479 0.9998424 -0.01749408 -0.003039538 0.9998424 -0.01749414 -0.003039479 0.9998424 -0.01749408 -0.004100501 0.9999916 0 -0.00371921 0.9999752 -0.005983769 -0.003719151 0.9999752 -0.005983769 -0.00371927 0.9999752 -0.005983769 0 0.7289876 0.684527 0 0.7289844 0.6845304 0 0.5358005 0.8443447 -0.003719031 0.9999752 0.005983829 -0.003719031 0.9999752 0.005983829 -0.003719151 0.9999752 0.005983829 0 0.5357946 0.8443484 -3.68606e-7 0 1 9.82967e-7 0 1 1.10621e-6 0 1 9.82888e-7 0 1 -2.56078e-6 0 1 1.22916e-7 0 1 -4.91457e-7 0 1 1.4744e-6 0 1 -1.10584e-6 0 1 1.96672e-6 0 1 1.10626e-6 0 1 -1.92058e-6 0 1 9.6035e-7 0 1 -3.07298e-7 0 1 -2.45735e-7 0 1 0 0 1 -3.19975e-7 0 1 2.45832e-7 0 1 -3.19987e-7 0 1 -2.91811e-7 0 1 1.96593e-6 0 1 1.22917e-7 0 1 -3.20109e-7 0 1 4.80154e-7 0 1 -4.91684e-7 0 1 2.56088e-6 0 1 1.9666e-6 0 1 4.91684e-7 0 1 -1.76054e-6 0 1 4.91457e-7 0 1 -9.82888e-7 0 1 -1.60054e-7 0 1 2.91811e-7 0 1 4.79986e-7 0 1 -4.7998e-7 0 1 2.45827e-7 0 1 1.96587e-6 0 1 -1.96592e-6 0 1 0 0 1 -1.76056e-6 0 1 4.9168e-7 0 1 3.07298e-7 0 1 -4.80154e-7 0 1 -1.10626e-6 0 1 2.45735e-7 0 1 -2.39981e-7 0 1 1.10584e-6 0 1 -2.45832e-7 0 1 6.39942e-7 0 1 2.56078e-6 0 1 -1.4744e-6 0 1 1.04035e-6 0 1 -1.22917e-7 0 1 -1.22916e-7 0 1 3.19987e-7 0 1 -1.28044e-6 0 1 -1.10621e-6 0 1 9.82915e-7 0 1 3.20109e-7 0 1 -9.82967e-7 0 1 3.68606e-7 0 1 -2.45827e-7 0 1 1.60054e-7 0 1 -9.83357e-7 0 1 6.14581e-7 0 1 1.28044e-6 0 1 4.7998e-7 0 1 -4.9168e-7 0 1 -1.04035e-6 0 1 -2.45743e-7 0 1 2.39981e-7 0 1 4.80154e-7 0 1 1.96592e-6 0 1 -1.96587e-6 0 1 -6.39942e-7 0 1 1.76056e-6 0 1 -9.82915e-7 0 1 -1.9666e-6 0 1 -4.79986e-7 0 1 1.76054e-6 0 1 9.83357e-7 0 1 -4.80154e-7 0 1 3.19975e-7 0 1 -9.6035e-7 0 1 -4.91669e-7 0 1 1.92058e-6 0 1 2.45743e-7 0 1 -1.96672e-6 0 1 -6.14581e-7 0 1 0.9993898 0.03493118 0 0.9945245 0.1045042 0 0.9945245 0.1045042 0 0.9848101 0.1736353 0 0.9848098 0.1736369 0 0.9702973 0.2419156 0 0.9702977 0.241914 0 0.9510497 0.3090383 0 0.9510507 0.3090351 0 0.927174 0.3746311 0 0.9271746 0.3746295 0 0.8988078 0.4383429 0 0.8988079 0.4383431 0 0.8660302 0.4999916 0 0.8660318 0.4999891 0 0.7879835 0.6156964 0 0.8290434 0.5591845 0 0.8290426 0.5591857 0 0.7879852 0.6156942 0 0.7431418 0.669134 0 0.6946578 0.7193405 0 0.7431427 0.6691331 0 0.6428089 0.7660267 0 0.6428097 0.766026 0 0.587825 0.8089883 0 0.5878241 0.8089888 0 0.5298796 0.848073 0 0.5298792 0.8480732 0 0.4695072 0.8829287 0 0.4695069 0.8829289 0 0.4067365 0.9135456 0 0.4067372 0.9135453 0 0.3420171 0.9396938 0 0.2756232 0.9612658 0 0.3420173 0.9396938 0 0.2756233 0.9612658 0 0.207911 0.9781478 0 0.1391975 0.9902647 0 0.1391975 0.9902647 0 0.06969785 0.9975683 0 0.06969785 0.9975683 0 -0.06969785 0.9975683 0 -0.06969785 0.9975683 0 -0.1391975 0.9902647 0 -0.1391975 0.9902647 0 -0.207911 0.9781478 0 -0.2756233 0.9612658 0 -0.2756232 0.9612658 0 -0.3420174 0.9396938 0 -0.4067365 0.9135456 0 -0.342017 0.9396938 0 -0.4067372 0.9135453 0 -0.4695072 0.8829287 0 -0.4695069 0.8829289 0 -0.5298796 0.848073 0 -0.5298792 0.8480732 0 -0.587825 0.8089883 0 -0.5878241 0.8089888 0 -0.6428089 0.7660267 0 -0.6428097 0.766026 0 -0.6946578 0.7193405 0 -0.7431427 0.669133 0 -0.7431418 0.669134 0 -0.7879835 0.6156964 0 -0.7879852 0.6156942 0 -0.8290426 0.5591857 0 -0.8290434 0.5591845 0 -0.8660302 0.4999916 0 -0.8660318 0.4999891 0 -0.8988079 0.4383431 0 -0.8988078 0.4383429 0 -0.927174 0.374631 0 -0.9271746 0.3746296 0 -0.9510496 0.3090382 0 -0.9510506 0.3090351 0 -0.9702973 0.2419156 0 -0.9848101 0.1736353 0 -0.9702977 0.241914 0 -0.9848098 0.1736369 0 -0.9945245 0.1045042 0 -0.9945245 0.1045042 0 -0.9993898 0.03493118 0 -0.9993898 -0.03493118 0 -0.9945245 -0.1045042 0 -0.9848098 -0.1736369 0 -0.9945245 -0.1045042 0 -0.9848101 -0.1736353 0 -0.9702977 -0.241914 0 -0.9702973 -0.2419156 0 -0.9510468 -0.3090472 0 -0.9510458 -0.3090503 0 -0.9271804 -0.3746153 0 -0.9271798 -0.3746168 0 -0.8988079 -0.4383431 0 -0.8660202 -0.5000093 0 -0.8988078 -0.4383429 0 -0.8660216 -0.5000067 0 -0.829056 -0.5591656 0 -0.8290553 -0.5591668 0 -0.7879836 -0.6156964 0 -0.7879852 -0.6156942 0 -0.7431427 -0.6691331 0 -0.7431418 -0.669134 0 -0.6946578 -0.7193405 0 -0.6428097 -0.766026 0 -0.6428089 -0.7660267 0 -0.5878241 -0.8089888 0 -0.587825 -0.8089883 0 -0.5298545 -0.8480886 0 -0.529855 -0.8480883 0 -0.4695009 -0.8829321 0 -0.4695013 -0.8829319 0 -0.4067722 -0.9135298 0 -0.4067716 -0.9135301 0 -0.3419815 -0.9397068 0 -0.3419811 -0.9397068 0 -0.2756232 -0.9612658 0 -0.2756233 -0.9612658 0 -0.2079499 -0.9781395 0 -0.1391975 -0.9902647 0 -0.1391975 -0.9902647 0 -0.06969785 -0.9975683 0 -0.06969785 -0.9975683 0 0 -1 0 0.06969785 -0.9975683 0 0.06969785 -0.9975683 0 0.1391975 -0.9902647 0 0.1391975 -0.9902647 0 0.2079499 -0.9781395 0 0.2756232 -0.9612658 0 0.2756233 -0.9612658 0 0.3419814 -0.9397068 0 0.3419812 -0.9397068 0 0.4067721 -0.9135298 0 0.4695013 -0.8829319 0 0.4067715 -0.9135299 0 0.4695009 -0.8829321 0 0.5298545 -0.8480886 0 0.529855 -0.8480883 0 0.5878241 -0.8089888 0 0.5878249 -0.8089883 0 0.6428097 -0.766026 0 0.6428089 -0.7660267 0 0.6946578 -0.7193405 0 0.7431418 -0.669134 0 0.7431427 -0.669133 0 0.7879852 -0.6156942 0 0.7879835 -0.6156964 0 0.8290552 -0.5591668 0 0.8290561 -0.5591656 0 0.8660216 -0.5000067 0 0.8660202 -0.5000093 0 0.8988078 -0.4383429 0 0.8988079 -0.4383431 0 0.9271804 -0.3746153 0 0.9271798 -0.3746168 0 0.9510468 -0.3090472 0 0.9510458 -0.3090503 0 0.9702977 -0.241914 0 0.9702973 -0.2419156 0 0.9848101 -0.1736353 0 0.9848098 -0.1736369 0 0.9945245 -0.1045042 0 0.9945245 -0.1045042 0 0.9993898 -0.03493118 0 1 0 0 1 4.95481e-6 0 1 -1.38618e-6 0 1 1.27857e-6 0 1 -7.27683e-6 0 1 -3.6388e-6 0 1 -1.60035e-7 0 1 9.28933e-7 0 1 2.87634e-7 0 1 1.23815e-6 0 1 -3.63795e-6 0 1 -3.06379e-7 0 -1 -3.6379e-6 0 -1 0 0 -1 4.95481e-6 0 -1 -6.75386e-7 0 -1 2.68702e-7 0 -1 -6.93092e-7 0 -1 2.55715e-6 0 -1 -7.27683e-6 0 -1 3.63668e-6 0 -1 -3.6388e-6 0 -1 5.75269e-7 0 -1 1.23815e-6 0 -1 -1.81898e-6 0 0.9993897 0.03493225 0 0.9945245 0.1045032 0 0.9993898 0.03493207 0 0.9848098 0.1736367 0 0.9945244 0.1045057 0 0.9848102 0.1736344 0 0.9702973 0.2419154 0 0.9510499 0.3090375 0 0.9702977 0.2419142 0 0.9510506 0.3090353 0 0.9271737 0.3746316 0 0.9271747 0.3746295 0 0.8988075 0.4383435 0 0.8988085 0.4383416 0 0.8660317 0.4999893 0 0.8290434 0.5591844 0 0.8660299 0.4999922 0 0.8290426 0.5591856 0 0.7879855 0.6156938 0 0.7879834 0.6156965 0 0.7431414 0.6691345 0 0.7431431 0.6691325 0 0.6946571 0.7193411 0 0.6428086 0.7660269 0 0.6428092 0.7660264 0 0.5878231 0.8089896 0 0.5878253 0.808988 0 0.5298798 0.8480729 0 0.4695081 0.8829282 0 0.4067378 0.9135451 0 0.4695062 0.8829293 0 0.4067358 0.9135459 0 0.3420169 0.9396939 0 0.3420184 0.9396933 0 0.2756228 0.9612659 0 0.2079107 0.9781479 0 0.275624 0.9612656 0 0.2079111 0.9781478 0 0.1391977 0.9902647 0 0.06969809 0.9975681 0 0.06969779 0.9975683 0 -0.06969809 0.9975681 0 -0.06969779 0.9975683 0 -0.1391977 0.9902647 0 -0.2079107 0.9781479 0 -0.2079111 0.9781478 0 -0.2756228 0.9612659 0 -0.275624 0.9612656 0 -0.3420172 0.9396937 0 -0.342018 0.9396935 0 -0.4067358 0.9135459 0 -0.4067378 0.9135451 0 -0.4695062 0.8829293 0 -0.4695081 0.8829282 0 -0.5298798 0.8480729 0 -0.5878247 0.8089884 0 -0.5878237 0.8089892 0 -0.6428086 0.7660269 0 -0.6428092 0.7660264 0 -0.6946571 0.7193411 0 -0.7431425 0.6691333 0 -0.743142 0.6691338 0 -0.7879846 0.615695 0 -0.7879843 0.6156954 0 -0.8290426 0.5591856 0 -0.8290434 0.5591844 0 -0.8660317 0.4999893 0 -0.8660299 0.4999922 0 -0.8988075 0.4383435 0 -0.8988085 0.4383416 0 -0.9271737 0.3746316 0 -0.9271747 0.3746295 0 -0.9510499 0.3090375 0 -0.9510506 0.3090353 0 -0.9702973 0.2419154 0 -0.9702977 0.2419142 0 -0.9848098 0.1736367 0 -0.9945244 0.1045057 0 -0.9848102 0.1736344 0 -0.9993897 0.03493225 0 -0.9945245 0.1045032 0 -0.9993898 0.03493207 0 -0.9993897 -0.03493225 0 -0.9993898 -0.03493207 0 -0.9945244 -0.1045057 0 -0.9945245 -0.1045032 0 -0.9848102 -0.1736344 0 -0.9848098 -0.1736367 0 -0.9702973 -0.2419154 0 -0.9702977 -0.2419142 0 -0.9510464 -0.3090484 0 -0.9510461 -0.3090491 0 -0.9271802 -0.3746157 0 -0.9271794 -0.3746178 0 -0.8988085 -0.4383416 0 -0.8660207 -0.5000084 0 -0.8988075 -0.4383435 0 -0.8660217 -0.5000065 0 -0.8290557 -0.559166 0 -0.7879834 -0.6156965 0 -0.7879855 -0.6156938 0 -0.7431431 -0.6691325 0 -0.7431414 -0.6691345 0 -0.6946571 -0.7193411 0 -0.6428092 -0.7660264 0 -0.6428086 -0.7660269 0 -0.5878253 -0.808988 0 -0.5878231 -0.8089896 0 -0.5298547 -0.8480885 0 -0.4695023 -0.8829313 0 -0.4695004 -0.8829324 0 -0.4067719 -0.9135298 0 -0.406772 -0.9135297 0 -0.3419811 -0.9397069 0 -0.3419807 -0.939707 0 -0.275624 -0.9612656 0 -0.2756228 -0.9612659 0 -0.2079499 -0.9781395 0 -0.2079498 -0.9781396 0 -0.1391977 -0.9902647 0 -0.06969779 -0.9975683 0 -0.06969809 -0.9975681 0 0.06969779 -0.9975681 0 0.06969809 -0.9975681 0 0.1391977 -0.9902647 0 0.2079498 -0.9781396 0 0.2079499 -0.9781395 0 0.275624 -0.9612656 0 0.2756228 -0.9612659 0 0.3419807 -0.939707 0 0.3419811 -0.9397069 0 0.4067729 -0.9135293 0 0.406771 -0.9135302 0 0.4695004 -0.8829324 0 0.4695023 -0.8829313 0 0.5298547 -0.8480885 0 0.5878237 -0.8089892 0 0.5878247 -0.8089884 0 0.6428092 -0.7660264 0 0.6428086 -0.7660269 0 0.6946571 -0.7193411 0 0.7431414 -0.6691345 0 0.7431431 -0.6691325 0 0.7879846 -0.615695 0 0.7879843 -0.6156954 0 0.8290557 -0.559166 0 0.8660217 -0.5000065 0 0.8660207 -0.5000084 0 0.8988085 -0.4383416 0 0.8988075 -0.4383435 0 0.9271802 -0.3746157 0 0.9271794 -0.3746178 0 0.9510469 -0.3090469 0 0.9510457 -0.3090506 0 0.9702977 -0.2419142 0 0.9702973 -0.2419154 0 0.9848102 -0.1736344 0 0.9848098 -0.1736367 0 0.9945244 -0.1045057 0 0.9945245 -0.1045032 0 0.9993897 -0.03493225 0 0.9993898 -0.03493207 0 -0.9876852 0.1564551 0 -0.9876856 0.1564526 0 -0.9955595 0.09413534 0 -0.9955595 0.09413516 0 -0.999507 0.03140091 0 -0.999507 0.03140085 0 -0.999507 -0.03139972 0 -0.9955595 -0.09413534 0 -0.9876841 -0.1564614 0 -0.9876846 -0.156458 0 -0.9759235 -0.2181133 0 -0.9759242 -0.2181101 0 -0.9602851 -0.2790207 0 -0.9408926 -0.3387054 0 -0.9602846 -0.2790226 0 -0.9408907 -0.3387103 0 -0.9177593 -0.3971372 0 -0.9177595 -0.3971366 0 -0.8909926 -0.4540179 0 -0.8607629 -0.5090062 0 -0.8909951 -0.4540131 0 -0.860762 -0.5090078 0 -0.8270517 -0.5621261 0 -0.8270519 -0.5621257 0 -0.7901725 -0.6128845 0 -0.7901746 -0.612882 0 -0.7501181 -0.6613039 0 -0.7071068 -0.7071068 0 -0.7501185 -0.6613035 0 -0.7071064 -0.7071072 0 -0.6613042 -0.7501179 0 -0.6613043 -0.7501178 0 -0.6128828 -0.7901739 0 -0.612883 -0.7901737 0 -0.5621253 -0.8270521 0 -0.5090073 -0.8607622 0 -0.5621265 -0.8270513 0 -0.4540149 -0.8909941 0 -0.3971363 -0.9177597 0 -0.4540161 -0.8909936 0 -0.3971369 -0.9177595 0 -0.3387075 -0.9408918 0 -0.2790217 -0.9602849 0 -0.3387081 -0.9408916 0 -0.2181108 -0.975924 0 -0.1564547 -0.9876852 0 -0.2181113 -0.9759239 0 -0.1564546 -0.9876852 0 -0.09413844 -0.9955592 0 -0.0941382 -0.9955592 0 -0.0313996 -0.999507 0 -0.03139972 -0.999507 0 0.0313996 -0.999507 0 0.03139972 -0.999507 0 0.0941382 -0.9955592 0 0.09413844 -0.9955592 0 0.1564546 -0.9876852 0 0.1564547 -0.9876852 0 0.2181109 -0.9759241 0 0.2181112 -0.975924 0 0.2790217 -0.9602849 0 0.3387075 -0.9408918 0 0.3387081 -0.9408916 0 0.3971363 -0.9177597 0 0.4540149 -0.8909941 0 0.3971369 -0.9177595 0 0.5090073 -0.8607622 0 0.4540161 -0.8909936 0 0.5621253 -0.8270521 0 0.6128828 -0.7901739 0 0.5621265 -0.8270513 0 0.612883 -0.7901737 0 0.6613035 -0.7501184 0 0.7071061 -0.7071076 0 0.6613051 -0.7501171 0 0.7501181 -0.6613039 0 0.7071072 -0.7071064 0 0.7901725 -0.6128845 0 0.7501185 -0.6613035 0 0.8270517 -0.5621261 0 0.7901746 -0.612882 0 0.8607615 -0.5090084 0 0.8270519 -0.5621257 0 0.8909926 -0.4540179 0 0.8607633 -0.5090056 0 0.8909951 -0.4540131 0 0.9177593 -0.3971372 0 0.9408907 -0.3387107 0 0.9177595 -0.3971366 0 0.9602851 -0.2790207 0 0.9408928 -0.3387049 0 0.9759235 -0.2181133 0 0.9602846 -0.2790226 0 0.9876841 -0.1564614 0 0.9759242 -0.2181101 0 0.9955595 -0.09413534 0 0.9876846 -0.156458 0 0.999507 -0.03139972 0 0.999507 0.03140091 0 0.999507 0.03140085 0 0.9955595 0.09413516 0 0.9955595 0.09413534 0 0.9876856 0.1564526 0 0.9876852 0.1564551 0 0.9759241 0.2181105 0 0.9759236 0.218113 0 0.9602843 0.2790235 0 0.9602854 0.2790198 0 0.9408926 0.3387054 0 0.9408907 0.3387103 0 0.9177533 0.397151 0 0.8910029 0.4539978 0 0.8910005 0.4540026 0 0.8607629 0.5090062 0 0.860762 0.5090078 0 0.8270519 0.5621257 0 0.8270517 0.5621261 0 0.7901609 0.6128996 0 0.7901589 0.6129022 0 0.7501341 0.6612859 0 0.7501344 0.6612855 0 0.7071072 0.7071064 0 0.7071061 0.7071076 0 0.6613035 0.7501184 0 0.6613051 0.7501171 0 0.612883 0.7901737 0 0.6128828 0.7901739 0 0.5621253 0.8270521 0 0.5090073 0.8607622 0 0.5621265 0.8270513 0 0.4540149 0.8909941 0 0.3971363 0.9177597 0 0.4540161 0.8909936 0 0.3971369 0.9177595 0 0.3387075 0.9408918 0 0.3387081 0.9408916 0 0.2790217 0.9602849 0 0.2181109 0.9759241 0 0.1564547 0.9876852 0 0.2181112 0.975924 0 0.1564546 0.9876852 0 0.0941382 0.9955592 0 0.09413844 0.9955592 0 0.03139972 0.999507 0 0.0313996 0.999507 0 -0.0313996 0.999507 0 -0.03139972 0.999507 0 -0.09413838 0.9955592 0 -0.0941382 0.9955592 0 -0.1564546 0.9876852 0 -0.1564547 0.9876852 0 -0.2181113 0.9759239 0 -0.2181108 0.975924 0 -0.2790217 0.9602849 0 -0.3387078 0.9408916 0 -0.3387078 0.9408918 0 -0.3971369 0.9177595 0 -0.3971363 0.9177597 0 -0.4540149 0.8909941 0 -0.4540161 0.8909936 0 -0.5090073 0.8607622 0 -0.5621253 0.8270521 0 -0.5621265 0.8270513 0 -0.6128837 0.7901731 0 -0.612882 0.7901744 0 -0.6613051 0.7501171 0 -0.6613035 0.7501184 0 -0.7071061 0.7071076 0 -0.7071072 0.7071064 0 -0.7501344 0.6612855 0 -0.7501341 0.6612859 0 -0.7901594 0.6129014 0 -0.7901604 0.6129003 0 -0.8270519 0.5621257 0 -0.8270517 0.5621261 0 -0.8607615 0.5090084 0 -0.8607633 0.5090056 0 -0.8910005 0.4540026 0 -0.8910029 0.4539978 0 -0.9177533 0.397151 0 -0.9408907 0.3387103 0 -0.9408926 0.3387054 0 -0.9602854 0.2790198 0 -0.9602843 0.2790235 0 -0.9759236 0.218113 0 -0.9759241 0.2181105 0 1.63359e-6 0 -1 1.74151e-6 0 -1 6.22773e-7 0 -1 0 0 -1 -7.60589e-7 0 -1 3.41491e-7 0 -1 9.03144e-5 0 -1 -3.01355e-5 0 -1 -1.85889e-6 0 -1 3.76727e-6 0 -1 -1.65138e-6 0 -1 3.02183e-5 0 -1 2.07338e-6 0 -1 6.2623e-7 0 -1 2.25703e-5 0 -1 1.74341e-6 0 -1 4.51972e-5 0 -1 -3.25755e-6 0 -1 3.18484e-6 0 -1 3.12046e-6 0 -1 -9.03954e-5 0 -1 5.65304e-7 0 -1 -3.06389e-6 0 -1 -3.01575e-5 0 -1 -2.25703e-5 0 -1 -7.55276e-6 0 -1 -3.77433e-6 0 -1 7.53977e-6 0 -1 3.01972e-5 0 -1 4.51477e-5 0 -1 2.27632e-5 0 -1 -2.26428e-5 0 -1 1.81739e-5 0 -1 1.13197e-5 0 -1 -4.51722e-5 0 -1 -1.50752e-5 0 -1 -4.52131e-5 0 -1 -7.58852e-6 0 -1 -3.01297e-5 0 -1 9.03834e-5 0 -1 -4.50887e-5 0 -1 1.30703e-5 0 -1 4.20482e-7 0 -1 1.12902e-5 0 -1 -4.51376e-5 0 -1 -1.50823e-5 0 -1 -8.05751e-7 0 -1 5.37791e-7 0 -1 5.26594e-7 0 -1 -1.34855e-5 0 -1 3.01344e-5 0 -1 -1.50725e-5 0 -1 -1.56833e-6 0 -1 6.50312e-7 0 -1 4.45827e-6 0 1 -6.22773e-7 0 1 -9.02975e-5 0 1 4.35478e-7 0 1 7.60589e-7 0 1 -1.36596e-6 0 1 -1.80629e-4 0 1 -9.02161e-5 0 1 1.39417e-6 0 1 -5.64079e-6 0 1 -1.36755e-6 0 1 3.02179e-5 0 1 4.51386e-5 0 1 -1.74341e-6 0 1 2.44317e-6 0 1 2.03348e-6 0 1 -5.93295e-6 0 1 -1.80803e-4 0 1 -4.51386e-5 0 1 9.02975e-5 0 1 -1.50798e-5 0 1 4.51406e-5 0 1 -3.01973e-5 0 1 4.51477e-5 0 1 -1.80499e-4 0 1 9.54427e-7 0 1 -1.81739e-5 0 1 -1.80685e-4 0 1 -4.50877e-5 0 1 -3.01482e-5 0 1 -4.34845e-6 0 1 2.26436e-5 0 1 -1.80554e-4 0 1 -2.26535e-5 0 1 4.92551e-6 0 1 -3.47529e-6 0 1 1.34855e-5 0 1 9.0342e-5 0 1 -1.50725e-5 0 1 1.04555e-6 0 1 2.26019e-5 0 1 -2.97285e-6 0 1 6.02652e-5 0 1 -0.1182979 -0.9929782 0 -0.118298 -0.9929782 0 -0.05918222 -0.9982472 0 -0.05918228 -0.9982472 0 0.05918222 -0.9982472 0 0.05918228 -0.9982472 0 0.118298 -0.9929782 0 0.1182979 -0.9929782 0 -0.7089318 0.6509843 -0.2713583 -0.7381791 0.6244958 -0.2551406 -0.7264009 0.6144827 -0.3078196 -0.7294679 0.6339381 -0.2569029 -0.7536682 0.5892192 -0.2912132 -0.7313126 0.6186861 -0.2870704 -0.7536888 0.5891857 -0.2912276 -0.7460383 0.5832778 -0.3212695 -0.7288939 0.6165916 -0.2975376 -0.7067197 0.6487095 -0.2823532 -0.7512083 0.5872495 -0.3013705 -0.7762472 0.5623959 -0.2848706 -0.7133283 0.6549826 -0.2493202 -0.7536706 0.5892235 -0.2911981 -0.7737735 0.5607163 -0.2947404 -0.751214 0.5872553 -0.3013449 -0.7713356 0.5588119 -0.304583 -0.795166 0.4982965 -0.3455601 -0.7486769 0.5852686 -0.3113577 -0.7687396 0.5570151 -0.3142831 -0.8031578 0.5033559 -0.3187014 -0.7893826 0.531468 -0.3072733 -0.7712749 0.5589074 -0.3045613 -0.7918961 0.5331612 -0.2977246 -0.7978419 0.5000935 -0.3366824 -0.7687742 0.5569573 -0.3143005 -0.7919104 0.533116 -0.2977675 -0.786835 0.5297027 -0.3167112 -0.7951013 0.498417 -0.3455352 -0.7661153 0.5551118 -0.323911 -0.7788185 0.5242405 -0.3444033 -0.7842412 0.5278871 -0.3260384 -0.4191647 -0.8545608 -0.3066381 -0.3897635 -0.8836616 -0.2592813 -0.419117 -0.854605 -0.3065801 -0.4259261 -0.868344 -0.2540978 -0.4496258 -0.8338925 -0.3200937 -0.3873308 -0.8780493 -0.281077 -0.4511653 -0.8367946 -0.3102009 -0.4219933 -0.8603242 -0.2859442 -0.4232954 -0.8631238 -0.2753877 -0.4527162 -0.8395881 -0.3002331 -0.3909413 -0.8863092 -0.2482357 -0.4246597 -0.865761 -0.2648061 -0.4541882 -0.8423451 -0.2901171 -0.5285164 -0.7758908 -0.3444764 -0.4526847 -0.8396166 -0.3002012 -0.4792409 -0.8161767 -0.3227754 -0.4541989 -0.8423354 -0.2901284 -0.4808911 -0.8189353 -0.3131915 -0.4855383 -0.8268527 -0.2838439 -0.3908926 -0.8863352 -0.2482195 -0.4556235 -0.84501 -0.2799382 -0.48246 -0.821659 -0.3034948 -0.5285167 -0.775891 -0.3444754 -0.5032247 -0.7930468 -0.3432807 -0.4808706 -0.8189533 -0.3131754 -0.5049827 -0.7958137 -0.3341754 -0.5320928 -0.7811222 -0.326689 -0.4824792 -0.821641 -0.3035129 -0.482456 -0.8216587 -0.3035015 -0.5031755 -0.7930725 -0.3432936 -0.506662 -0.7985672 -0.3249375 -0.5337896 -0.7836875 -0.3176519 -0.5100608 -0.8037635 -0.3062716 -0.5116637 -0.8062898 -0.2968118 -0.5060769 0.8225979 -0.2592664 -0.5398302 0.8025122 -0.2540817 -0.5312595 0.7897658 -0.3066486 -0.5312463 0.7897817 -0.3066306 -0.5074918 0.8251361 -0.2481988 -0.5382207 0.8001148 -0.2648298 -0.5642525 0.7729576 -0.2900961 -0.534846 0.7950991 -0.2859322 -0.5643165 0.7728983 -0.2901298 -0.5348321 0.7951112 -0.2859247 -0.5028951 0.8173713 -0.2810707 -0.560568 0.7678117 -0.3102078 -0.5932668 0.753304 -0.2838447 -0.5076661 0.8250101 -0.248261 -0.5660404 0.7754072 -0.2798964 -0.5643177 0.7728988 -0.2901257 -0.589483 0.7486063 -0.3034774 -0.5624585 0.7703996 -0.3002084 -0.5875952 0.7460829 -0.313197 -0.5835356 0.7410026 -0.3322671 -0.5028414 0.8174171 -0.2810335 -0.5855787 0.7435824 -0.3227737 -0.5913791 0.75101 -0.2936915 -0.6352289 0.7039697 -0.3176648 -0.6331757 0.7016781 -0.3267055 -0.6163041 0.729458 -0.2967497 -0.5895397 0.7485494 -0.3035075 -0.6123838 0.7248153 -0.3156405 -0.587569 0.7461124 -0.3131756 -0.6061932 0.7174162 -0.3432839 -0.6103868 0.7223803 -0.3249536 -0.6289982 0.6969122 -0.3444918 -0.6082884 0.7199541 -0.3341429 -0.6061608 0.7174393 -0.3432929 -0.6341797 -0.7097599 -0.3066872 -0.6136944 -0.7457593 -0.2592727 -0.6341429 -0.7098206 -0.3066228 -0.644347 -0.7212849 -0.2540969 -0.6579052 -0.6816895 -0.3200941 -0.6097719 -0.7410802 -0.2810311 -0.6363592 -0.7121955 -0.2963524 -0.6384207 -0.7146062 -0.2859318 -0.6624165 -0.6863452 -0.3002247 -0.640447 -0.7169205 -0.2754139 -0.6645591 -0.6886134 -0.2901256 -0.6155142 -0.7480112 -0.248237 -0.6666613 -0.6907973 -0.279932 -0.7182487 -0.6045236 -0.3444853 -0.6624188 -0.6863486 -0.3002115 -0.6816653 -0.6566152 -0.3227832 -0.6839473 -0.6588947 -0.3131678 -0.6645632 -0.6886144 -0.2901138 -0.6906244 -0.6651754 -0.2838658 -0.6155848 -0.7479436 -0.2482655 -0.6666635 -0.6908006 -0.2799185 -0.6862227 -0.6610515 -0.3034955 -0.718253 -0.604517 -0.344488 -0.6816646 -0.6566154 -0.3227841 -0.683941 -0.6588925 -0.3131859 -0.6984632 -0.6279349 -0.3432885 -0.7032979 -0.6322756 -0.3249612 -0.7230856 -0.6086121 -0.3267086 -0.6862263 -0.661056 -0.3034773 -0.6985376 -0.6278651 -0.3432648 -0.7057024 -0.634303 -0.3156642 -0.7254406 -0.6105907 -0.3176714 -0.710159 -0.6384517 -0.2967385 -0.707926 -0.6364421 -0.3062387 -0.2654269 0.9286115 -0.2592861 -0.3033462 0.9183753 -0.2541025 -0.2984884 0.9038235 -0.3066068 -0.2984916 0.9038211 -0.306611 -0.3370003 0.9020609 -0.269661 -0.2662056 0.9314037 -0.2482376 -0.3015092 0.9128189 -0.2754157 -0.3359174 0.8993331 -0.2799275 -0.3005026 0.9099177 -0.2859163 -0.3348895 0.8964826 -0.2901172 -0.2638304 0.9226974 -0.2811106 -0.2995098 0.9069056 -0.2963379 -0.3338067 0.8935544 -0.3002228 -0.4217275 0.8492657 -0.3176379 -0.3348571 0.8964933 -0.2901216 -0.3669493 0.8826518 -0.2937247 -0.3337963 0.8935608 -0.3002153 -0.365705 0.8798562 -0.3035013 -0.3620153 0.8709443 -0.3322666 -0.2636873 0.9227635 -0.2810277 -0.332688 0.8905569 -0.3102053 -0.3645173 0.8769503 -0.3131855 -0.4217935 0.8492171 -0.3176801 -0.4204192 0.8464747 -0.326693 -0.3657745 0.8798249 -0.3035081 -0.395471 0.8659117 -0.3062674 -0.3967179 0.8686391 -0.2967843 -0.3645007 0.8769618 -0.3131731 -0.3901744 0.8543547 -0.3432812 -0.3941806 0.8631285 -0.3156437 -0.4175882 0.8408097 -0.3444697 -0.363282 0.8739805 -0.3227759 -0.3901895 0.8543492 -0.3432777 -0.3928889 0.8602566 -0.3249567 -0.7896528 -0.5508489 -0.2702112 -0.8150204 -0.5207411 -0.2541074 -0.8150457 -0.5207044 -0.2541015 -0.7983273 -0.525077 -0.2949029 -0.8229927 -0.4822382 -0.3002155 -0.810096 -0.5175935 -0.2753937 -0.8229978 -0.4822278 -0.3002185 -0.8126304 -0.519161 -0.2647711 -0.7945592 -0.5541135 -0.2482621 -0.825733 -0.4837075 -0.2901587 -0.8306125 -0.4468558 -0.3322691 -0.7871192 -0.5490368 -0.2810733 -0.8229984 -0.4822353 -0.3002051 -0.8335129 -0.4484064 -0.3227817 -0.8363478 -0.4499287 -0.3131879 -0.8256912 -0.4838082 -0.2901098 -0.8444461 -0.4542482 -0.2838475 -0.794381 -0.5544149 -0.2481596 -0.8283427 -0.485238 -0.279987 -0.8391217 -0.4514001 -0.303501 -0.8546876 -0.3883875 -0.3444768 -0.8363487 -0.4499327 -0.3131795 -0.8419867 -0.4161918 -0.3432824 -0.8449268 -0.4176451 -0.3341724 -0.8604615 -0.3909922 -0.3266975 -0.8391152 -0.4514202 -0.3034891 -0.8478096 -0.4190707 -0.3249596 -0.8419862 -0.4161922 -0.3432832 -0.8632453 -0.3923097 -0.3176488 -0.8418193 -0.452852 -0.2937098 -0.8560775 -0.423134 -0.296798 -0.850638 -0.4204454 -0.3156594 -0.005055785 0.9627864 -0.2702164 -0.04429906 0.9661614 -0.2541059 -0.04358708 0.9508416 -0.3065951 -0.08109486 0.9595436 -0.2696288 -0.03149735 0.9662061 -0.2558398 -0.08065819 0.9535842 -0.2901232 -0.04388058 0.957253 -0.2859043 -0.04389131 0.9572516 -0.2859074 -0.08061617 0.9535933 -0.2901053 -0.005145788 0.9596606 -0.2811143 -0.08012205 0.9472793 -0.3102299 -0.177123 0.9315003 -0.3177024 -0.08065754 0.9535813 -0.2901328 -0.1151966 0.9489232 -0.2937257 -0.1147809 0.9458976 -0.3034852 -0.08035391 0.9504861 -0.3001994 -0.08039128 0.9504785 -0.3002133 -0.1136433 0.9363132 -0.3322694 -0.005007565 0.9596824 -0.2810422 -0.1141121 0.9395624 -0.3228015 -0.1770403 0.9315304 -0.3176602 -0.1764931 0.928498 -0.3267134 -0.1471887 0.9405036 -0.306249 -0.1148275 0.9458912 -0.3034874 -0.1476524 0.9434677 -0.2967614 -0.1144039 0.9427822 -0.3131669 -0.1144984 0.9427586 -0.3132037 -0.1452416 0.9279265 -0.3433033 -0.1467331 0.9374653 -0.3156395 -0.1753268 0.9222769 -0.3444794 -0.1458121 0.9311601 -0.3341854 -0.1453043 0.9279228 -0.3432872 -0.9089784 -0.317417 -0.2701939 -0.9106172 -0.2770196 -0.306654 -0.9252827 -0.2815854 -0.2540903 -0.9253177 -0.2814828 -0.2540764 -0.9060488 -0.3163377 -0.2810804 -0.9167661 -0.2788883 -0.2859393 -0.9194857 -0.241463 -0.3102286 -0.9196915 -0.279883 -0.2753781 -0.9225758 -0.2423403 -0.3002086 -0.9146432 -0.3189894 -0.2483416 -0.9146433 -0.3189894 -0.2483417 -0.9146433 -0.3189894 -0.2483417 -0.9225501 -0.2806424 -0.2648419 -0.9255885 -0.2431802 -0.290085 -0.9203634 -0.2062449 -0.3322564 -0.9060397 -0.3163856 -0.2810558 -0.9235765 -0.2069351 -0.3227762 -0.9225808 -0.2422749 -0.3002457 -0.9225717 -0.2423376 -0.3002234 -0.9297769 -0.2083176 -0.3035108 -0.9356755 -0.2096508 -0.2838276 -0.9145707 -0.319258 -0.2482635 -0.9285202 -0.2439523 -0.2798887 -0.9297803 -0.2082872 -0.303521 -0.9277738 -0.1434587 -0.344464 -0.9309406 -0.1439111 -0.335618 -0.9230453 -0.1736469 -0.3432697 -0.9267161 -0.207637 -0.3131842 -0.9262682 -0.1742532 -0.3341602 -0.92978 -0.2083156 -0.3035028 -0.9384923 -0.176563 -0.2967455 -0.9294255 -0.174857 -0.3249513 -0.9370705 -0.1448647 -0.3176684 -0.9327722 -0.2089574 -0.2937225 -0.9384848 -0.1764876 -0.296814 -0.9325203 -0.1753659 -0.3156785 0.2548488 0.9284577 -0.2702192 0.2179783 0.9422914 -0.254111 0.2144988 0.9273465 -0.3066251 0.1807281 0.9458487 -0.2696433 0.2303157 0.9388809 -0.2558465 0.2166614 0.9366002 -0.2753867 0.1796032 0.939989 -0.2901091 0.1789769 0.9369235 -0.3002362 0.2159453 0.9336028 -0.2859257 0.177802 0.930552 -0.3200929 0.2540166 0.9254618 -0.2810626 0.1784589 0.9337746 -0.3101893 0.0806961 0.9447453 -0.3177179 0.1801689 0.9429602 -0.2799384 0.1795636 0.9399913 -0.2901263 0.1446545 0.9417962 -0.3034719 0.1440794 0.9386947 -0.3131988 0.08003216 0.9353817 -0.3444649 0.1784599 0.9337741 -0.3101903 0.144134 0.938693 -0.3131787 0.08086097 0.9447596 -0.3176335 0.0805307 0.9416927 -0.3266955 0.1446515 0.9417915 -0.3034876 0.1119284 0.9453452 -0.3062592 0.1122795 0.9483144 -0.2968052 0.1115685 0.9422858 -0.3156739 0.1440792 0.9386921 -0.3132065 0.1104366 0.9327239 -0.3432638 0.08001285 0.9353805 -0.3444726 0.1436463 0.9355116 -0.3227754 0.111239 0.9391644 -0.3249557 0.1104754 0.9327152 -0.343275 -0.9609061 -0.06043803 -0.270198 -0.9669349 -0.02157032 -0.2541095 -0.9669399 -0.02148145 -0.2540981 -0.9472619 0.01541924 -0.3200892 -0.9549232 -0.03388321 -0.2949134 -0.9537426 0.01551175 -0.3002242 -0.9610998 -0.02143907 -0.2753682 -0.953738 0.01554805 -0.3002369 -0.9640656 -0.02141803 -0.2647995 -0.9667897 -0.06078344 -0.2482401 -0.9568691 0.01556104 -0.2901026 -0.9320611 0.1122168 -0.3444843 -0.9537479 0.015513 -0.3002074 -0.9451702 0.04983508 -0.3227535 -0.948365 0.05008465 -0.3132018 -0.9568618 0.01560294 -0.2901244 -0.957539 0.05054688 -0.2838385 -0.9667888 -0.06075876 -0.2482499 -0.9598981 0.0156129 -0.2799142 -0.9515084 0.05021762 -0.3034963 -0.9320631 0.1122007 -0.3444842 -0.9352512 0.1125552 -0.3356136 -0.9356706 0.08171921 -0.343282 -0.9483793 0.0500043 -0.3131716 -0.9389505 0.08200562 -0.3341364 -0.9514986 0.05025035 -0.3035218 -0.9513192 0.08317804 -0.2967715 -0.9421311 0.08237487 -0.324967 -0.9414108 0.1132856 -0.3176671 -0.9545662 0.05037909 -0.2937097 -0.9513036 0.08321702 -0.2968108 -0.9452546 0.08269035 -0.3156837 0.4640547 0.8485847 -0.2540817 0.4958568 0.8252916 -0.2702219 0.4640073 0.8486128 -0.2540741 0.4567088 0.835106 -0.3066188 0.4989956 0.8302997 -0.2482051 0.4612446 0.8434447 -0.2754171 0.4279039 0.8593825 -0.2799288 0.4597198 0.8407721 -0.285937 0.4264985 0.8566942 -0.2901276 0.4222499 0.8480866 -0.3200848 0.4942299 0.8226392 -0.2810725 0.4582694 0.837961 -0.2963286 0.4250943 0.8539119 -0.3002156 0.3958114 0.8733693 -0.2838301 0.4988305 0.8303834 -0.2482571 0.4279074 0.8593893 -0.2799023 0.4264993 0.8566955 -0.2901228 0.3933163 0.8678687 -0.3034902 0.4250913 0.8539086 -0.3002294 0.3919585 0.8650248 -0.3132103 0.3292899 0.8791451 -0.3444883 0.390703 0.8620783 -0.3227571 0.3326647 0.8879308 -0.3176684 0.3639863 0.8828609 -0.2967672 0.3628426 0.8800877 -0.3062532 0.3933156 0.8678689 -0.3034906 0.3304798 0.8821212 -0.3356267 0.3919609 0.8650272 -0.3132008 0.3639176 0.8828684 -0.296829 0.3616093 0.8772639 -0.3156688 0.3293132 0.8791384 -0.3444831 0.3907044 0.8620759 -0.3227621 0.3580101 0.8683223 -0.3432857 0.3604881 0.8743346 -0.3249421 -0.9445174 0.2016442 -0.2592806 -0.9220024 0.2363633 -0.306666 -0.9368804 0.2401898 -0.2540948 -0.9079912 0.2703678 -0.3200833 -0.9286857 0.2249139 -0.2948843 -0.9142007 0.2722427 -0.3002018 -0.9312121 0.2387244 -0.2754172 -0.9141994 0.2722458 -0.300203 -0.9340895 0.239474 -0.2648193 -0.9473582 0.2022287 -0.2482261 -0.917187 0.2731333 -0.2901143 -0.8673056 0.3593534 -0.3444503 -0.9111256 0.2713283 -0.3102117 -0.9141976 0.2722448 -0.3002093 -0.8996937 0.3040692 -0.3131985 -0.9171821 0.2731319 -0.2901309 -0.9027006 0.3049989 -0.3034921 -0.9083877 0.3070145 -0.2838553 -0.9473757 0.202167 -0.2482096 -0.9055824 0.3060164 -0.2937254 -0.8672596 0.3594468 -0.3444691 -0.896647 0.3030413 -0.3227853 -0.878931 0.3311272 -0.3432713 -0.8850058 0.3334161 -0.3249593 -0.8731097 0.3618742 -0.3266905 -0.9027064 0.3050009 -0.3034731 -0.8789043 0.331223 -0.3432471 -0.8849595 0.3335045 -0.3249949 -0.8759474 0.3630504 -0.3176643 -0.9055877 0.3060182 -0.2937071 -0.8936211 0.3367068 -0.2967656 -0.887939 0.3345649 -0.3156435 0.6757757 0.6919283 -0.2540913 0.7001097 0.6609299 -0.2702189 0.6757518 0.6919529 -0.2540879 0.6650743 0.6809343 -0.306602 0.7043902 0.6649919 -0.2482343 0.6716837 0.6877387 -0.2754207 0.6437914 0.7121534 -0.2799468 0.6695125 0.685565 -0.2859261 0.6418354 0.7098454 -0.2901152 0.6978147 0.6588253 -0.2810763 0.6673477 0.6832587 -0.2963184 0.639724 0.7075545 -0.3001998 0.6167187 0.7342308 -0.2838367 0.704414 0.66497 -0.2482256 0.6147875 0.7319586 -0.2937228 0.6417604 0.7099069 -0.2901306 0.6397469 0.7075367 -0.3001929 0.6128494 0.7295983 -0.3034834 0.6066281 0.7222171 -0.3322722 0.6977998 0.658836 -0.2810882 0.6375722 0.7051771 -0.3102048 0.6108039 0.7272076 -0.3131898 0.5598864 0.7652623 -0.3176491 0.5580285 0.7628071 -0.326695 0.6128172 0.7296162 -0.3035051 0.5885863 0.7519758 -0.2968142 0.5867448 0.7496194 -0.30627 0.5789536 0.7395697 -0.343292 0.6108291 0.7271909 -0.3131791 0.5849007 0.7471659 -0.315649 0.5542923 0.7576903 -0.3444785 0.6087334 0.7247444 -0.3227837 0.5789296 0.7395923 -0.3432838 0.5829324 0.744707 -0.3249635 -0.8524498 0.4475631 -0.270216 -0.8240684 0.4763166 -0.3066496 -0.837376 0.4839817 -0.2540933 -0.8373684 0.4839954 -0.2540917 -0.8013781 0.5053042 -0.320095 -0.8497209 0.4460878 -0.2810339 -0.8296473 0.4795151 -0.2859209 -0.8296329 0.4795344 -0.2859304 -0.8041664 0.5070464 -0.3101942 -0.809503 0.5104279 -0.2901179 -0.8576906 0.4502798 -0.2482236 -0.8348768 0.4825522 -0.26481 -0.8095198 0.5104067 -0.2901082 -0.7381842 0.5800262 -0.3444617 -0.8068732 0.508753 -0.3002102 -0.7816788 0.5336546 -0.3227867 -0.8095027 0.5104287 -0.2901175 -0.7843174 0.5354912 -0.3132022 -0.7919275 0.540637 -0.2838352 -0.8576495 0.4503453 -0.2482468 -0.812084 0.5120226 -0.2799156 -0.7869488 0.5372222 -0.3034861 -0.7381101 0.5801076 -0.3444831 -0.7406551 0.5820487 -0.3356329 -0.784338 0.5354706 -0.3131857 -0.7569991 0.5559729 -0.3432877 -0.7596503 0.5579188 -0.3341531 -0.7696419 0.5652995 -0.296796 -0.7869111 0.5372618 -0.3035141 -0.7622179 0.5598435 -0.3249603 -0.7455261 0.585892 -0.3176815 -0.789474 0.5389482 -0.2937101 -0.7696729 0.5652748 -0.2967625 -0.764776 0.561678 -0.3156509 0.8551093 0.4489595 -0.2592748 0.8373684 0.4839954 -0.2540917 0.8240863 0.4762991 -0.3066287 0.8240684 0.4763166 -0.3066496 0.8576906 0.4502799 -0.2482236 0.8348767 0.4825521 -0.26481 0.8323094 0.4810537 -0.2754058 0.8095198 0.5104067 -0.2901082 0.8068643 0.5087649 -0.3002137 0.8013783 0.5053041 -0.320095 0.849721 0.4460878 -0.2810338 0.826893 0.4779493 -0.2963317 0.8068739 0.5087532 -0.300208 0.7919275 0.540637 -0.2838352 0.8576503 0.4503442 -0.2482462 0.7894766 0.5389485 -0.2937025 0.8095207 0.5104067 -0.2901058 0.8068634 0.5087645 -0.3002173 0.786913 0.5372635 -0.303506 0.738184 0.5800262 -0.3444621 0.8041634 0.5070441 -0.3102058 0.7843365 0.5354692 -0.313192 0.7455261 0.585892 -0.3176814 0.7431193 0.5839856 -0.3267025 0.7869461 0.5372223 -0.3034934 0.7672526 0.5634981 -0.3062574 0.7696729 0.5652748 -0.2967625 0.7647519 0.5617038 -0.3156637 0.7843186 0.5354927 -0.3131964 0.7569834 0.5559996 -0.3432793 0.7381099 0.5801078 -0.3444834 0.7816825 0.5336586 -0.3227711 0.7622395 0.5598204 -0.3249498 0.7569991 0.5559731 -0.3432877 -0.6650743 0.6809343 -0.306602 -0.7022954 0.662993 -0.259271 -0.6650198 0.6809628 -0.3066571 -0.6757757 0.6919283 -0.2540913 -0.6353443 0.7027612 -0.3201007 -0.6978129 0.6588268 -0.2810775 -0.6695633 0.6855257 -0.2859016 -0.6375738 0.7051777 -0.3102002 -0.6716545 0.6877614 -0.2754352 -0.6397491 0.7075366 -0.3001884 -0.6458132 0.7142971 -0.2696388 -0.7043902 0.6649919 -0.2482343 -0.6737679 0.6898713 -0.2647917 -0.6417551 0.7099024 -0.2901536 -0.5543283 0.757668 -0.3444697 -0.6375731 0.7051765 -0.3102046 -0.6397477 0.7075361 -0.3001927 -0.6108039 0.7272076 -0.3131898 -0.6417613 0.7099063 -0.2901303 -0.6128494 0.7295983 -0.3034834 -0.559825 0.7652919 -0.3176859 -0.6147875 0.7319586 -0.2937228 -0.5542933 0.7576898 -0.344478 -0.6087334 0.7247444 -0.3227837 -0.5789296 0.7395923 -0.3432838 -0.5829324 0.744707 -0.3249635 -0.5580286 0.7628071 -0.326695 -0.6128486 0.7295958 -0.3034905 -0.6128172 0.7296162 -0.3035051 -0.5789536 0.7395697 -0.343292 -0.5829622 0.7446889 -0.3249519 -0.5598864 0.7652623 -0.3176491 -0.588588 0.7519747 -0.2968137 -0.5867448 0.7496194 -0.30627 0.9368804 0.2401898 -0.2540948 0.941578 0.2010166 -0.2702282 0.9368828 0.240178 -0.2540967 0.9220342 0.2363099 -0.3066115 0.9473582 0.2022287 -0.2482261 0.9200882 0.2739964 -0.2799353 0.9312086 0.2387361 -0.2754192 0.928236 0.2379625 -0.285923 0.9282587 0.2379038 -0.2858979 0.917186 0.2731342 -0.2901167 0.9079911 0.2703683 -0.3200832 0.9385373 0.2003776 -0.2810634 0.9111268 0.2713295 -0.310207 0.9083877 0.3070145 -0.2838553 0.947376 0.2021664 -0.2482081 0.9055824 0.3060164 -0.2937254 0.917182 0.2731319 -0.2901315 0.9141973 0.2722452 -0.3002097 0.9027006 0.3049989 -0.3034921 0.8673064 0.3593524 -0.3444499 0.9111256 0.2713282 -0.3102115 0.8996937 0.3040692 -0.3131985 0.8759474 0.3630504 -0.3176643 0.8731098 0.3618741 -0.3266902 0.9026879 0.3050392 -0.3034891 0.8936211 0.3367068 -0.2967656 0.890815 0.3356472 -0.3062511 0.8879112 0.3346174 -0.3156661 0.8997227 0.3039926 -0.3131894 0.8789041 0.3312227 -0.3432481 0.8672596 0.3594468 -0.3444691 0.8966467 0.3030414 -0.3227861 0.8850058 0.3334161 -0.3249593 0.878931 0.3311272 -0.3432713 -0.4958563 0.8252918 -0.270222 -0.4640073 0.8486128 -0.2540741 -0.4640547 0.8485847 -0.2540817 -0.4222496 0.8480867 -0.3200849 -0.4695745 0.8321886 -0.2948934 -0.4597198 0.840772 -0.2859374 -0.4250943 0.8539119 -0.3002156 -0.4612457 0.8434441 -0.2754172 -0.4264985 0.8566942 -0.2901276 -0.4291663 0.8620358 -0.2696494 -0.498995 0.8303003 -0.2482048 -0.4279039 0.8593825 -0.2799288 -0.3292903 0.8791449 -0.3444884 -0.4250914 0.8539087 -0.3002287 -0.390703 0.8620783 -0.3227571 -0.3919585 0.8650248 -0.3132103 -0.4264994 0.8566958 -0.2901222 -0.3327255 0.88792 -0.3176351 -0.4279074 0.8593893 -0.2799023 -0.3933163 0.8678687 -0.3034902 -0.3293132 0.8791384 -0.3444831 -0.3304798 0.8821212 -0.335627 -0.3592654 0.8713632 -0.3341477 -0.3920297 0.8650058 -0.3131738 -0.3580102 0.8683225 -0.3432855 -0.3932554 0.8678884 -0.3035129 -0.3933157 0.8678689 -0.3034908 -0.3639199 0.8828676 -0.2968287 -0.3604112 0.874356 -0.3249701 -0.3326646 0.8879303 -0.3176696 -0.3628426 0.8800877 -0.3062532 -0.3639863 0.8828609 -0.2967672 0.9638975 -0.06062579 -0.2592802 0.9669399 -0.02148145 -0.2540981 0.9516219 -0.02123028 -0.3065375 0.9515827 -0.02108407 -0.3066694 0.96283 0.01570361 -0.2696514 0.9667898 -0.06078195 -0.2482401 0.9640656 -0.02141803 -0.2647995 0.9610998 -0.02143907 -0.2753682 0.9568691 0.01556104 -0.2901026 0.9580044 -0.02122676 -0.2859667 0.953738 0.01554805 -0.3002369 0.9577991 -0.06023514 -0.2810565 0.9505474 0.01545977 -0.3101944 0.9414165 0.1132697 -0.3176556 0.9568672 0.01555794 -0.2901087 0.9545668 0.05038452 -0.2937068 0.9537431 0.01554644 -0.3002206 0.9515022 0.05025583 -0.3035096 0.941872 0.04971867 -0.3322728 0.9578008 -0.06025332 -0.2810466 0.9505488 0.0154609 -0.3101903 0.9483795 0.0500043 -0.3131707 0.9414108 0.1132856 -0.3176671 0.9515042 0.05022579 -0.3035084 0.9483218 0.08295065 -0.3062761 0.9513036 0.08321702 -0.2968108 0.9352513 0.1125552 -0.3356136 0.9483643 0.05008751 -0.3132035 0.9513189 0.08317822 -0.2967723 0.9452627 0.08264619 -0.3156709 0.9320634 0.1122007 -0.3444836 0.9451701 0.0498324 -0.3227544 0.9356706 0.08171921 -0.3432819 0.9421498 0.08228766 -0.324935 -0.2556433 0.9313517 -0.259289 -0.2145215 0.9273498 -0.3065993 -0.2179373 0.9423023 -0.2541059 -0.2276812 0.9280087 -0.2948921 -0.2159673 0.9335997 -0.2859194 -0.1790623 0.9369174 -0.3002042 -0.1795645 0.9399921 -0.2901233 -0.2172904 0.9395048 -0.2647936 -0.2563344 0.9341629 -0.2482588 -0.1796032 0.939989 -0.2901091 -0.1431539 0.9322591 -0.3322652 -0.2539881 0.9254634 -0.281083 -0.1784613 0.9337739 -0.3101902 -0.144134 0.938693 -0.3131787 -0.1795636 0.9399913 -0.2901263 -0.1440794 0.9386947 -0.3131988 -0.1454902 0.947767 -0.283849 -0.2564662 0.9341373 -0.2482192 -0.1801689 0.9429602 -0.2799384 -0.1446545 0.9417962 -0.3034719 -0.08001285 0.9353805 -0.3444726 -0.08026373 0.9385709 -0.3356227 -0.1104754 0.9327152 -0.343275 -0.144134 0.9386905 -0.3131865 -0.1108613 0.9359729 -0.3341628 -0.1122828 0.9483168 -0.2967961 -0.1445553 0.9417945 -0.3035242 -0.1111989 0.9391636 -0.3249717 -0.08086097 0.9447591 -0.3176346 -0.1451181 0.9448237 -0.293682 -0.1122796 0.9483151 -0.2968027 -0.1115655 0.9422861 -0.3156742 0.9089784 -0.3174172 -0.270194 0.9252827 -0.2815854 -0.2540903 0.9106172 -0.2770196 -0.306654 0.9313732 -0.2446088 -0.2696489 0.9210308 -0.2936899 -0.2558294 0.9196918 -0.279883 -0.2753775 0.9255885 -0.2431802 -0.290085 0.9225758 -0.2423403 -0.3002086 0.9163028 -0.2407041 -0.3200795 0.9137333 -0.2779687 -0.296353 0.9060485 -0.3163381 -0.2810809 0.9225851 -0.2422744 -0.3002333 0.9370701 -0.1449483 -0.3176314 0.9255816 -0.2431829 -0.2901049 0.9327759 -0.2089555 -0.2937118 0.9297769 -0.2083176 -0.3035108 0.9225716 -0.2423377 -0.3002236 0.9277723 -0.1434713 -0.3444628 0.919488 -0.2414628 -0.3102219 0.9267107 -0.2076376 -0.3131996 0.9370705 -0.1448647 -0.3176684 0.9340407 -0.1443904 -0.3266795 0.935543 -0.1759343 -0.3062787 0.9297831 -0.2082879 -0.303512 0.9384848 -0.1764876 -0.296814 0.9267174 -0.2076295 -0.3131852 0.9325148 -0.1754382 -0.3156546 0.9230428 -0.1736562 -0.3432717 0.9294266 -0.1748476 -0.3249534 0.9277738 -0.1434587 -0.3444641 0.9235782 -0.2069333 -0.3227726 0.9230453 -0.1736469 -0.3432698 0.005076467 0.9667682 -0.2556042 0.06912934 0.9618734 -0.2646144 0.1261817 0.9466879 -0.2964126 0.03757339 0.9572205 -0.2869098 0.1757104 0.9243811 -0.3385933 0.1244356 0.9335808 -0.3360696 0.1520124 0.9370162 -0.3144723 0.06821745 0.9491298 -0.3074069 0.8150457 -0.5207044 -0.2541015 0.7896525 -0.5508491 -0.2702114 0.8150204 -0.5207411 -0.2541074 0.8021115 -0.5124451 -0.3066226 0.8308277 -0.4868567 -0.2696217 0.7945592 -0.5541135 -0.2482621 0.8126299 -0.5191616 -0.2647714 0.8100956 -0.517594 -0.275394 0.825733 -0.4837075 -0.2901587 0.8075187 -0.5159041 -0.2859312 0.8229978 -0.4822278 -0.3002185 0.7871275 -0.5490165 -0.2810897 0.8202338 -0.4806132 -0.3102058 0.8632979 -0.3921072 -0.3177559 0.8257342 -0.4837086 -0.2901536 0.8418112 -0.4528476 -0.2937395 0.8229994 -0.4822324 -0.3002068 0.8391149 -0.4514166 -0.3034952 0.8306121 -0.4468567 -0.332269 0.7871184 -0.5490382 -0.2810725 0.8202344 -0.4806159 -0.3102001 0.8363474 -0.4499306 -0.3131864 0.8632445 -0.3923119 -0.3176485 0.8604615 -0.3909922 -0.3266974 0.8391232 -0.4513996 -0.3034974 0.8533935 -0.42181 -0.306261 0.8560778 -0.4231335 -0.2967976 0.8363499 -0.4499294 -0.3131811 0.8419862 -0.4161922 -0.3432832 0.85063 -0.4204668 -0.3156522 0.8546876 -0.3883875 -0.3444768 0.8335142 -0.448408 -0.3227763 0.8419867 -0.416192 -0.3432822 0.8478099 -0.4190702 -0.3249592 0.2656961 0.9295533 -0.2556099 0.3260517 0.9075605 -0.2646212 0.3768949 0.877545 -0.2964202 0.294417 0.9115893 -0.2869211 0.4185536 0.8427178 -0.3385847 0.3716477 0.8654149 -0.3360582 0.3991499 0.8612699 -0.3144735 0.3217289 0.8955389 -0.3074098 0.644347 -0.7212849 -0.2540969 0.6117861 -0.7434398 -0.2702131 0.6443666 -0.721269 -0.254092 0.6341797 -0.7097599 -0.3066872 0.6155155 -0.7480098 -0.2482379 0.6666613 -0.6907973 -0.279932 0.6404469 -0.7169204 -0.2754141 0.6384205 -0.7146064 -0.2859319 0.6645591 -0.6886134 -0.2901256 0.609773 -0.741079 -0.2810319 0.6363589 -0.7121956 -0.2963525 0.6624165 -0.6863452 -0.3002247 0.6906243 -0.6651755 -0.2838656 0.615582 -0.7479462 -0.2482647 0.6884279 -0.6631758 -0.2937089 0.6645588 -0.6886197 -0.2901114 0.6624013 -0.6863707 -0.3001998 0.6862055 -0.6610742 -0.3034849 0.6792904 -0.6543363 -0.3322781 0.6097811 -0.7410706 -0.2810364 0.6601958 -0.6840426 -0.3102053 0.6839822 -0.6588484 -0.3131889 0.7254406 -0.6105907 -0.3176711 0.6884279 -0.6631798 -0.2937 0.7230856 -0.6086121 -0.3267087 0.710159 -0.6384517 -0.2967385 0.6862107 -0.6610768 -0.3034674 0.7056433 -0.6343873 -0.3156269 0.6985376 -0.6278651 -0.3432648 0.7033547 -0.6321949 -0.3249952 0.7182531 -0.6045168 -0.3444879 0.6816644 -0.6566156 -0.3227841 0.6984635 -0.6279347 -0.3432883 0.7032979 -0.6322756 -0.3249612 0.5060769 0.8225979 -0.2592664 0.5312595 0.7897658 -0.3066486 0.5398302 0.8025122 -0.2540817 0.5586161 0.7651764 -0.3200834 0.522729 0.7998685 -0.2948982 0.5624591 0.7703964 -0.3002153 0.5348461 0.795099 -0.2859322 0.5365631 0.7976496 -0.2754185 0.5643165 0.7728983 -0.2901298 0.5074929 0.8251352 -0.2481994 0.5660348 0.7754002 -0.2799275 0.6289364 0.6969751 -0.3444776 0.5624583 0.7703997 -0.3002085 0.5855787 0.7435824 -0.3227737 0.5875952 0.7460829 -0.313197 0.5643178 0.7728987 -0.2901257 0.5932669 0.7533039 -0.2838446 0.5076672 0.8250092 -0.2482617 0.5660403 0.7754073 -0.2798964 0.589483 0.7486063 -0.3034774 0.6289982 0.6969123 -0.344492 0.6082884 0.7199541 -0.3341429 0.5875691 0.7461124 -0.3131756 0.6061608 0.7174393 -0.3432929 0.6331755 0.7016782 -0.3267055 0.5895398 0.7485494 -0.3035075 0.6061932 0.7174162 -0.3432839 0.6103868 0.7223803 -0.3249536 0.635229 0.7039697 -0.3176648 0.5913792 0.75101 -0.2936915 0.6163041 0.729458 -0.2967497 0.6123838 0.7248153 -0.3156405 0.4259261 -0.868344 -0.2540978 0.3885527 -0.8809164 -0.2702094 0.4258676 -0.86837 -0.2541068 0.4191647 -0.8545608 -0.3066381 0.3909423 -0.8863086 -0.2482364 0.455626 -0.8450115 -0.2799295 0.4233492 -0.8630892 -0.2754136 0.4219384 -0.8603597 -0.285918 0.4541999 -0.8423369 -0.2901226 0.3873321 -0.8780484 -0.2810781 0.4205985 -0.857484 -0.2963414 0.4526853 -0.8396096 -0.3002195 0.4855383 -0.8268526 -0.2838439 0.3908911 -0.886336 -0.2482191 0.4556236 -0.8450099 -0.2799382 0.4541989 -0.8423354 -0.2901284 0.48246 -0.821659 -0.3034948 0.4526847 -0.8396166 -0.3002012 0.4808911 -0.8189353 -0.3131915 0.4775828 -0.813333 -0.3322712 0.4792409 -0.8161767 -0.3227754 0.3873001 -0.8780683 -0.2810598 0.5337897 -0.7836874 -0.3176517 0.4840108 -0.824301 -0.2937028 0.5320928 -0.7811222 -0.326689 0.5116634 -0.8062899 -0.2968118 0.4824791 -0.8216409 -0.303513 0.5084088 -0.8011654 -0.315681 0.4808706 -0.8189533 -0.3131754 0.5031746 -0.7930731 -0.3432939 0.506662 -0.7985672 -0.3249375 0.5285162 -0.7758914 -0.3444755 0.5049827 -0.7958137 -0.3341754 0.5032247 -0.7930468 -0.3432809 0.7070146 0.6535429 -0.2702077 0.7245927 0.6172222 -0.3065978 0.7362712 0.6271685 -0.2540955 0.736342 0.6270911 -0.2540813 0.7443376 0.586089 -0.3200956 0.7047944 0.6513383 -0.2811108 0.7294778 0.6213814 -0.285915 0.7469098 0.5881258 -0.310216 0.7318208 0.6233747 -0.2753949 0.7494282 0.5901088 -0.3002151 0.7112592 0.6576576 -0.2481873 0.7341415 0.6252141 -0.2648465 0.7518799 0.5920392 -0.2901144 0.7936163 0.501511 -0.3444705 0.7494274 0.5901094 -0.3002158 0.7644571 0.5580478 -0.3227819 0.751881 0.5920397 -0.2901105 0.7670817 0.5598967 -0.3132115 0.7744622 0.5653771 -0.2838261 0.7113686 0.6575196 -0.2482393 0.7542613 0.5939139 -0.2799219 0.7695937 0.5618013 -0.3034883 0.7936662 0.5014187 -0.34449 0.7963362 0.5031788 -0.3356484 0.7772536 0.5272828 -0.3432923 0.7670617 0.5599502 -0.3131651 0.7799742 0.529125 -0.3341662 0.7670879 0.5599027 -0.3131855 0.7902398 0.5361549 -0.2967475 0.7852078 0.5327426 -0.3156486 0.8016137 0.5064327 -0.3177129 0.7720621 0.5636005 -0.2937254 0.7902367 0.5361627 -0.296742 0.7852053 0.5327473 -0.3156469 0.1365102 -0.9530738 -0.2702137 0.1758881 -0.9510543 -0.2540849 0.1730938 -0.9359548 -0.3066384 0.1631291 -0.9528584 -0.2558314 0.2101591 -0.9336189 -0.2901533 0.1742647 -0.9422686 -0.2859403 0.2101123 -0.9336353 -0.2901344 0.2080089 -0.9242676 -0.3200964 0.1736859 -0.9391586 -0.2963351 0.1360827 -0.949992 -0.2810637 0.2093983 -0.9306051 -0.3002109 0.24448 -0.9271817 -0.2838375 0.1373138 -0.9589228 -0.248218 0.2101593 -0.9336227 -0.290141 0.2437704 -0.9242798 -0.2937394 0.2094281 -0.9306026 -0.3001981 0.2428818 -0.9213612 -0.3034834 0.2996448 -0.8896874 -0.3444842 0.2086966 -0.9274846 -0.3101906 0.2421448 -0.9183054 -0.3131791 0.3026502 -0.8985996 -0.3176819 0.2751517 -0.9144499 -0.2967708 0.2429902 -0.9213257 -0.3035041 0.2742866 -0.9115752 -0.3062638 0.3006607 -0.8927256 -0.3356251 0.2420794 -0.9183225 -0.3131797 0.242142 -0.9182977 -0.3132036 0.275192 -0.9144233 -0.2968155 0.2734459 -0.9086187 -0.3156572 0.2995947 -0.8897085 -0.3444733 0.2706158 -0.8994032 -0.3432798 0.2715606 -0.9025423 -0.3341741 0.8642169 0.3989236 -0.3065765 0.8597782 0.439953 -0.259274 0.8642436 0.3987463 -0.3067316 0.8781809 0.4052611 -0.2540904 0.8543498 0.4371239 -0.2810859 0.8671658 0.4002799 -0.2963101 0.8701038 0.4014539 -0.2859269 0.8808574 0.3660163 -0.3002038 0.8728624 0.4028047 -0.2754263 0.8836954 0.3673135 -0.290109 0.8892292 0.3695453 -0.269644 0.8623487 0.4412927 -0.2482252 0.8865209 0.3683882 -0.2799483 0.8835693 0.3300098 -0.3322634 0.8543271 0.4371963 -0.281042 0.8866528 0.3311548 -0.3227745 0.8808438 0.3660092 -0.3002527 0.8836993 0.367316 -0.290094 0.8896719 0.3322293 -0.3132215 0.9085202 0.2713608 -0.3177334 0.8865196 0.3683857 -0.2799557 0.8926151 0.3333619 -0.3034934 0.8994802 0.2688475 -0.3444654 0.902565 0.2697034 -0.3356136 0.8896659 0.3322779 -0.3131871 0.8937807 0.2991479 -0.3341656 0.8906731 0.2981047 -0.3432711 0.8968463 0.3000833 -0.3249875 0.8926231 0.3333287 -0.3035061 0.9055836 0.3030073 -0.2968249 0.9085053 0.2714958 -0.3176604 0.8954827 0.3344389 -0.2937027 0.8998235 0.3011255 -0.3156602 0.905582 0.303053 -0.2967832 -0.08719533 -0.9632411 -0.2540935 -0.1256471 -0.9545623 -0.2702289 -0.08715188 -0.9632467 -0.2540876 -0.08590996 -0.9479686 -0.3065536 -0.04982352 -0.9616684 -0.2696505 -0.1264393 -0.9604142 -0.2482292 -0.08666944 -0.957415 -0.2753997 -0.04974168 -0.9587364 -0.2799113 -0.08634811 -0.9543533 -0.2859262 -0.04949569 -0.9557085 -0.2901233 -0.04901754 -0.9461151 -0.3200993 -0.1251335 -0.9514812 -0.2811139 -0.08620196 -0.9511947 -0.2963072 -0.04937446 -0.9525983 -0.300198 0.04916995 -0.9469012 -0.3177427 -0.04958444 -0.9557077 -0.2901105 -0.01471138 -0.9557822 -0.2937074 -0.01462167 -0.9527174 -0.3035057 -0.04933577 -0.9525925 -0.3002225 0.04857689 -0.9375315 -0.3444924 -0.04920673 -0.9493986 -0.3101951 -0.01457482 -0.949582 -0.3131797 0.04891115 -0.9469566 -0.3176178 -0.01471078 -0.9557945 -0.2936672 0.04885429 -0.9438645 -0.3267006 0.01829743 -0.9547655 -0.2967962 0.01818084 -0.9486968 -0.3156644 -0.01457452 -0.9495828 -0.3131777 0.0179519 -0.9390551 -0.3432978 0.01813751 -0.9487028 -0.3156485 0.04850506 -0.9375394 -0.344481 -0.01452499 -0.9463614 -0.3227835 0.01812613 -0.9455518 -0.3249667 0.01800239 -0.9390578 -0.3432877 0.9436382 0.1911124 -0.2702279 0.9549563 0.1533002 -0.2540819 0.9549443 0.1533605 -0.2540904 0.9413458 0.1640648 -0.2948741 0.9469312 0.1149175 -0.3001921 0.9491673 0.1523674 -0.2754374 0.9469314 0.1148629 -0.3002125 0.9521025 0.1529033 -0.2648048 0.9494186 0.1923232 -0.2482265 0.9500233 0.1152815 -0.2901139 0.9398351 0.07940089 -0.3322733 0.9406015 0.1903815 -0.2811112 0.9469288 0.1149183 -0.3001992 0.9431115 0.07968401 -0.3227866 0.9463181 0.0799123 -0.3132033 0.9500252 0.1152393 -0.2901244 0.9554689 0.08069097 -0.2838456 0.9494343 0.1922004 -0.2482614 0.9530345 0.1156508 -0.2799114 0.9494509 0.08021056 -0.3034952 0.9386526 0.01614511 -0.3444862 0.9463196 0.07995259 -0.313188 0.9380636 0.04679739 -0.3432881 0.941348 0.04696649 -0.3341529 0.9449867 0.01627892 -0.3267036 0.9494495 0.080177 -0.3035084 0.9380759 0.04670971 -0.3432664 0.9445497 0.04702937 -0.3249833 0.9480614 0.01635515 -0.3176667 0.9525024 0.08047145 -0.2937064 0.9537626 0.04753774 -0.2967778 0.9476971 0.04723781 -0.3156566 -0.3438215 -0.9040015 -0.2541025 -0.3784989 -0.8852775 -0.2702262 -0.3438113 -0.9040058 -0.254101 -0.3384103 -0.8896512 -0.3065931 -0.3074032 -0.9125742 -0.2696513 -0.3807519 -0.8907289 -0.2482541 -0.3427998 -0.9013176 -0.2647923 -0.3417314 -0.8985362 -0.2754135 -0.305505 -0.9069163 -0.29012 -0.3406929 -0.8956528 -0.2858923 -0.3045447 -0.9039565 -0.3001923 -0.37722 -0.8824366 -0.2810888 -0.3034867 -0.9009231 -0.3102151 -0.208262 -0.9250477 -0.3176695 -0.3055063 -0.9069195 -0.2901086 -0.2719779 -0.9163882 -0.2937017 -0.3045408 -0.9039553 -0.3001998 -0.2710647 -0.913464 -0.3034923 -0.2682855 -0.9042156 -0.3322906 -0.3773799 -0.8823944 -0.2810062 -0.303486 -0.9009304 -0.3101946 -0.2702149 -0.9104419 -0.3131766 -0.208258 -0.9250467 -0.3176751 -0.2719787 -0.9163884 -0.2937004 -0.2075773 -0.9220476 -0.3267106 -0.2399977 -0.9243035 -0.2967559 -0.2710611 -0.9134611 -0.3035043 -0.2384711 -0.9184218 -0.3156471 -0.2702167 -0.9104442 -0.3131684 -0.236028 -0.909084 -0.3433032 -0.2376645 -0.9153833 -0.3249446 -0.2062414 -0.9158599 -0.3444781 -0.2367833 -0.9122717 -0.3342065 -0.2359623 -0.9091075 -0.3432861 0.9632075 -0.07074916 -0.2592797 0.9456701 -0.1081702 -0.3066059 0.960907 -0.109974 -0.2540939 0.9364064 -0.143826 -0.3200895 0.9506918 -0.09600031 -0.2949051 0.9428109 -0.1448271 -0.3002212 0.952046 -0.1088991 -0.2859185 0.9550909 -0.1093087 -0.2754145 0.9458894 -0.1453325 -0.2901238 0.9518014 -0.1461872 -0.2696359 0.9661004 -0.07095265 -0.2482253 0.9488911 -0.1457608 -0.2799277 0.9081911 -0.2377169 -0.344499 0.9428161 -0.1448281 -0.3002042 0.9296464 -0.1776986 -0.3227705 0.9328148 -0.1782733 -0.3131698 0.9458834 -0.1453332 -0.2901431 0.9173041 -0.2400463 -0.3176964 0.9488879 -0.1457626 -0.2799378 0.935881 -0.1789041 -0.3035132 0.9082337 -0.2375866 -0.3444768 0.9327991 -0.1783004 -0.3132011 0.9159069 -0.2080213 -0.3432809 0.9191028 -0.208747 -0.3341779 0.9143487 -0.2392393 -0.3266974 0.9358967 -0.1788628 -0.303489 0.9222292 -0.2094801 -0.324979 0.9159041 -0.208043 -0.3432752 0.9172929 -0.2400729 -0.3177086 0.9388877 -0.1794794 -0.2937297 0.9312399 -0.2114906 -0.2967558 0.9253122 -0.2101464 -0.3156513 -0.6032747 -0.7503603 -0.2702209 -0.57492 -0.7777551 -0.2540945 -0.5658361 -0.7653907 -0.3066049 -0.5422263 -0.7957953 -0.2696306 -0.5849305 -0.7696779 -0.2558365 -0.5387827 -0.7909035 -0.2901463 -0.5696102 -0.7705731 -0.2859397 -0.5388003 -0.7908945 -0.2901384 -0.53342 -0.7829443 -0.3200957 -0.6012771 -0.747967 -0.2810895 -0.5677673 -0.7680044 -0.2963268 -0.53712 -0.7882761 -0.3002048 -0.4498277 -0.8346605 -0.3178002 -0.538782 -0.7909009 -0.290155 -0.5090683 -0.8090511 -0.2937448 -0.5074976 -0.8064371 -0.3034888 -0.5370469 -0.7883234 -0.3002116 -0.4456645 -0.8262721 -0.3444672 -0.535315 -0.7856333 -0.3101909 -0.5057528 -0.8038231 -0.3131816 -0.4501177 -0.8345634 -0.3176444 -0.5090755 -0.8090633 -0.2936984 -0.4804247 -0.825302 -0.296764 -0.5075009 -0.8064477 -0.3034553 -0.4773749 -0.8200559 -0.3156294 -0.4471285 -0.8291109 -0.3356357 -0.4804061 -0.8253052 -0.2967854 -0.4757727 -0.8173384 -0.324959 -0.4455912 -0.8263058 -0.3444812 -0.5040371 -0.8010984 -0.3227816 -0.4724984 -0.811727 -0.3432852 -0.4757665 -0.8173414 -0.3249605 0.8814322 -0.3592604 -0.3066096 0.9084097 -0.327968 -0.2592852 0.8814026 -0.3592977 -0.306651 0.8956215 -0.365095 -0.254102 0.8628983 -0.391092 -0.3200839 0.9026416 -0.3259289 -0.2810845 0.8844432 -0.3604872 -0.2963263 0.8873563 -0.3617263 -0.285925 0.8687882 -0.3938027 -0.3002108 0.8902018 -0.3628851 -0.2754185 0.8716366 -0.3950721 -0.2901169 0.9111263 -0.3289745 -0.2482432 0.8743826 -0.3963467 -0.2799364 0.8104869 -0.4737705 -0.34446 0.8687874 -0.393803 -0.3002129 0.8472213 -0.4219223 -0.3227969 0.8716385 -0.3950724 -0.2901105 0.8501257 -0.4233234 -0.3131833 0.8583281 -0.4274381 -0.2838482 0.9111367 -0.3289501 -0.2482374 0.8743827 -0.3963454 -0.2799377 0.8529375 -0.4247233 -0.3034929 0.8104268 -0.473859 -0.3444799 0.8472256 -0.4219259 -0.3227809 0.8132087 -0.4754427 -0.3356277 0.8258416 -0.4473733 -0.3432824 0.8501229 -0.4233233 -0.3131911 0.8315527 -0.4504682 -0.3249594 0.8529362 -0.4247241 -0.3034956 0.8396329 -0.4548915 -0.2968 0.8342972 -0.4520016 -0.3156624 0.8185452 -0.4785991 -0.3176895 0.8370229 -0.4534307 -0.3062568 0.8396643 -0.4548617 -0.296757 -0.7865728 -0.5621115 -0.2556052 -0.7456046 -0.6115978 -0.2646168 -0.760017 -0.5831416 -0.2869151 -0.7002713 -0.6494278 -0.2964181 -0.6905921 -0.640424 -0.3360651 -0.6534793 -0.6769945 -0.3385902 -0.7357318 -0.6034903 -0.3074056 -0.6774747 -0.6649334 -0.3144705 0.7829839 -0.5585204 -0.2738453 0.7341414 -0.6011126 -0.3157531 0.7645781 -0.5855852 -0.2692777 0.69316 -0.6416921 -0.3282691 0.7026379 -0.6505246 -0.2883017 0.657701 -0.6801859 -0.3236922 0.7442747 -0.6093909 -0.2733095 0.6743298 -0.6606552 -0.3298699 -0.895316 -0.3658525 -0.2540892 -0.9053042 -0.3277335 -0.2702129 -0.895309 -0.3658722 -0.2540854 -0.8811087 -0.3600462 -0.3066175 -0.9108538 -0.3297395 -0.2482286 -0.8926535 -0.3647664 -0.2647932 -0.8898856 -0.3636557 -0.2754236 -0.8712726 -0.3958585 -0.2901381 -0.8870521 -0.3624748 -0.2859212 -0.8684548 -0.3945382 -0.3002099 -0.8625356 -0.3918789 -0.3200991 -0.9023596 -0.3267141 -0.2810784 -0.8655411 -0.3932102 -0.3102009 -0.8579547 -0.4281886 -0.2838459 -0.9108753 -0.3296907 -0.2482143 -0.855287 -0.4268583 -0.2937283 -0.8712729 -0.3958613 -0.2901334 -0.8684563 -0.3945388 -0.3002046 -0.8525809 -0.4254404 -0.3034902 -0.8100146 -0.4745568 -0.3444883 -0.8655416 -0.3932118 -0.310197 -0.849761 -0.4240563 -0.3131813 -0.8181032 -0.4793432 -0.3177064 -0.8525505 -0.4254926 -0.3035025 -0.8366225 -0.4541656 -0.306262 -0.8392652 -0.4556009 -0.2967523 -0.8127894 -0.476158 -0.3356294 -0.8339115 -0.4527187 -0.3156539 -0.8497704 -0.4240385 -0.3131797 -0.8392508 -0.4556137 -0.2967733 -0.810058 -0.4744929 -0.3444744 -0.8468793 -0.4226175 -0.3227847 -0.8254393 -0.4481154 -0.3432819 -0.8311457 -0.451213 -0.3249676 0.5664708 -0.7649074 -0.3066392 0.6058177 -0.7521711 -0.2592753 0.5664433 -0.764917 -0.3066662 0.5756448 -0.7772175 -0.254099 0.5341027 -0.7824783 -0.320097 0.6020182 -0.7473909 -0.2810356 0.5359514 -0.7851945 -0.3102028 0.5702989 -0.7700732 -0.2859134 0.5720999 -0.7725525 -0.275435 0.537804 -0.7878159 -0.3001883 0.6075662 -0.7544747 -0.248257 0.5739376 -0.774914 -0.2647713 0.5394902 -0.7904219 -0.2901443 0.4462851 -0.8259266 -0.3444923 0.5359519 -0.7851937 -0.310204 0.5378024 -0.7878113 -0.3002036 0.5064987 -0.8033521 -0.3131848 0.5394926 -0.7904219 -0.2901398 0.5081752 -0.8060084 -0.303494 0.5113752 -0.8111311 -0.2838339 0.5097123 -0.8086469 -0.2937407 0.6076004 -0.7544512 -0.2482439 0.4463832 -0.8258815 -0.3444734 0.4478502 -0.8287223 -0.3356333 0.4732015 -0.8113193 -0.3432804 0.5064996 -0.8033556 -0.313174 0.4748509 -0.8141473 -0.3341867 0.5065029 -0.8033539 -0.313173 0.5080822 -0.8060652 -0.3034986 0.4810733 -0.8248947 -0.2968456 0.4780253 -0.8196694 -0.3156485 0.450823 -0.8341742 -0.3176667 0.4796404 -0.8222857 -0.306254 0.4811505 -0.824878 -0.2967666 -0.959128 -0.07129514 -0.273844 -0.9394632 -0.1330589 -0.3157599 -0.9254846 -0.1889891 -0.3282704 -0.9574339 -0.1039713 -0.2692775 -0.9151376 -0.2402935 -0.323701 -0.9381777 -0.1915988 -0.2882923 -0.9192174 -0.2149962 -0.3298729 -0.9524216 -0.1348824 -0.2733129 0.3788807 -0.8840059 -0.2738304 0.3149911 -0.8950296 -0.3157575 0.3491025 -0.8975657 -0.2692644 0.258909 -0.9084079 -0.32827 0.2624821 -0.9208694 -0.2882757 0.208625 -0.9228724 -0.3237007 0.3193684 -0.9073656 -0.2732976 0.2329497 -0.9148331 -0.329871 -0.9428033 0.1900836 -0.2738434 -0.94053 0.1253141 -0.3157531 -0.9421575 0.06766265 -0.3282698 -0.9499894 0.1581493 -0.2692748 -0.9460371 0.01549077 -0.3236882 -0.9550824 0.06856596 -0.2882992 -0.9431371 0.04098528 -0.3298678 -0.9534954 0.1270886 -0.2733038 0.1263453 -0.9534385 -0.2738467 0.0618785 -0.9468211 -0.3157545 0.09399229 -0.9584648 -0.2692781 0.004231512 -0.944573 -0.3282745 0.004325449 -0.9575351 -0.2882847 -0.04806709 -0.9449367 -0.3237042 0.06273925 -0.959878 -0.2733092 -0.02247864 -0.9437577 -0.329873 -0.856574 0.437361 -0.273855 -0.8718499 0.3744124 -0.3157424 -0.8889877 0.3192774 -0.3282728 -0.8721223 0.408522 -0.2692819 -0.9067832 0.2701158 -0.3237004 -0.9011713 0.3236985 -0.2882874 -0.8971276 0.2938477 -0.3298723 -0.8838785 0.3795527 -0.2733106 -0.1362415 -0.9571336 -0.2556043 -0.1990345 -0.9435911 -0.264615 -0.2535017 -0.920801 -0.296416 -0.1671453 -0.943262 -0.2869138 -0.299539 -0.8919821 -0.3385917 -0.2499866 -0.9080558 -0.3360677 -0.2777745 -0.9077169 -0.3144704 -0.1963987 -0.9310903 -0.3074062 0 0 1 3.80279e-5 0 1 3.80786e-5 0 1 -3.80793e-5 0 1 1.27007e-5 0 1 -3.80749e-5 0 1 -3.80628e-5 0 1 2.54042e-5 0 1 -4.38711e-6 0 1 1.24249e-6 0 1 8.74477e-7 0 1 -3.80896e-5 0 1 9.51583e-6 0 1 6.38178e-6 0 1 -5.03988e-7 0 1 -9.51583e-6 0 1 -3.80802e-5 0 1 9.53618e-6 0 1 -1.52905e-5 0 1 1.02192e-5 0 1 1.0819e-6 0 1 -2.54117e-5 0 1 4.51625e-7 0 1 -1.75487e-6 0 1 3.80648e-5 0 1 -2.13549e-7 0 1 -9.43048e-7 0 1 3.8046e-5 0 1 -2.08996e-7 0 1 -7.60572e-5 0 1 -7.61296e-5 0 1 8.49877e-7 0 1 2.17436e-7 0 1 -1.12639e-6 0 1 7.61586e-5 0 1 -9.23651e-7 0 1 -1.90375e-5 0 1 6.35033e-6 0 1 -2.54728e-6 0 1 9.5057e-6 0 1 7.14014e-6 0 1 -4.21628e-7 0 1 -2.3786e-6 0 1 0 0 1 4.69652e-7 0 1 -1.27248e-7 0 1 -3.82333e-6 0 1 3.80984e-7 0 1 4.7659e-6 0 1 -7.60934e-5 0 1 -1.36778e-6 0 1 5.08149e-5 0 1 -6.90584e-6 0 1 1.52917e-5 0 1 -3.8046e-5 0 1 -3.00711e-7 0 -1 -3.00609e-7 0 -1 9.02185e-7 0 -1 3.0071e-7 0 -1 0 0 -1 -1.79825e-6 0 -1 6.01394e-7 0 -1 -8.98726e-7 0 -1 1.20283e-6 0 -1 -3.00607e-7 0 -1 -8.99094e-7 0 -1 -1.7975e-6 0 -1 0 0 -1 6.74326e-7 0 -1 1.79749e-6 0 -1 1.34809e-6 0 -1 -4.49377e-7 0 -1 -1.12382e-6 0 -1 1.20241e-6 0 -1 5.61954e-7 0 -1 -2.40581e-6 0 -1 -4.49402e-7 0 -1 -2.24679e-7 0 -1 4.49366e-7 0 -1 1.20284e-6 0 -1 -1.23622e-6 0 -1 5.26254e-7 0 -1 -2.24771e-7 0 -1 6.01215e-7 0 -1 -2.24684e-7 0 -1 2.40571e-6 0 -1 -2.2477e-7 0 -1 -3.0072e-7 0 -1 -1.48481e-6 0 -1 -1.01105e-6 0 -1 2.24766e-7 0 -1 2.40568e-6 0 -1 -1.01151e-6 0 -1 2.24693e-7 0 -1 4.49363e-7 0 -1 -1.20291e-6 0 -1 1.48481e-6 0 -1 -2.24776e-7 0 -1 5.61925e-7 0 -1 4.49547e-7 0 -1 -6.01394e-7 0 -1 0 0 -1 -5.26254e-7 0 -1 8.98741e-7 0 -1 -1.01109e-6 0 -1 -4.49545e-7 0 -1 2.2469e-7 0 -1 -1.20241e-6 0 -1 -7.30516e-7 0 -1 4.49375e-7 0 -1 -2.24683e-7 0 -1 2.40479e-6 0 -1 -4.49375e-7 0 -1 0 0 -1 -5.05748e-7 0 -1 -3.00595e-7 0 -1 4.49545e-7 0 -1 -1.79749e-6 0 -1 4.77454e-7 0 -1 -7.583e-7 0 -1 9.02126e-7 0 -1 -4.49547e-7 0 -1 1.79751e-6 0 -1 4.49539e-7 0 -1 -1.20283e-6 0 -1 -4.50912e-7 0 -1 -2.40577e-6 0 -1 0 0 -1 -4.49363e-7 0 -1 0 0 -1 1.5036e-7 0 -1 -3.0071e-7 0 -1 0 0 -1 1.79825e-6 0 -1 2.24776e-7 0 -1 -7.51495e-7 0 -1 2.40577e-6 0 -1 7.583e-7 0 -1 -4.77454e-7 0 -1 -3.00608e-7 0 -1 1.65329e-6 0 -1 8.98782e-7 0 -1 5.05748e-7 0 -1 -1.05248e-6 0 -1 -1.79822e-6 0 -1 1.80436e-6 0 -1 -2.2469e-7 0 -1 8.99072e-7 0 -1 -4.50918e-7 0 -1 -1.79745e-6 0 -1 -2.40479e-6 0 -1 7.30516e-7 0 -1 1.01109e-6 0 -1 -8.98741e-7 0 -1 4.49547e-7 0 -1 -5.61925e-7 0 -1 -1.20284e-6 0 -1 1.01151e-6 0 -1 2.24684e-7 0 -1 1.01105e-6 0 -1 -2.40568e-6 0 -1 -4.49531e-7 0 -1 1.20239e-6 0 -1 1.23622e-6 0 -1 -2.40571e-6 0 -1 -6.74086e-7 0 -1 -5.61954e-7 0 -1 -8.99072e-7 0 -1 2.40581e-6 0 -1 -1.34809e-6 0 -1 1.79811e-6 0 -1 -1.05248e-6 0 -1 -1.80436e-6 0 -1 1.79745e-6 0 -1 -1.65329e-6 0 -1 1.79822e-6 0 -1</float_array>
          <technique_common>
            <accessor source="#shape0_024-mesh-normals-array" count="3673" stride="3">
              <param name="X" type="float"/>
              <param name="Y" type="float"/>
              <param name="Z" type="float"/>
            </accessor>
          </technique_common>
        </source>
        <vertices id="shape0_024-mesh-vertices">
          <input semantic="POSITION" source="#shape0_024-mesh-positions"/>
        </vertices>
        <triangles material="Material_013-material" count="11956">
          <input semantic="VERTEX" source="#shape0_024-mesh-vertices" offset="0"/>
          <input semantic="NORMAL" source="#shape0_024-mesh-normals" offset="1"/>
          <p>2 0 1 0 0 0 2 1 3 1 1 1 5 2 0 2 4 2 5 3 2 3 0 3 8 4 7 4 6 4 10 5 4 5 9 5 8 6 6 6 11 6 8 7 11 7 12 7 10 8 5 8 4 8 14 9 9 9 13 9 15 7 8 7 12 7 14 10 10 10 9 10 17 11 13 11 16 11 19 12 12 12 18 12 17 13 16 13 20 13 19 14 18 14 21 14 17 15 14 15 13 15 19 16 15 16 12 16 22 17 17 17 20 17 23 18 19 18 21 18 25 19 20 19 24 19 25 20 24 20 26 20 28 21 21 21 27 21 25 22 22 22 20 22 28 21 23 21 21 21 30 23 27 23 29 23 31 24 25 24 26 24 30 25 28 25 27 25 33 26 26 26 32 26 33 27 31 27 26 27 35 28 29 28 34 28 35 29 34 29 36 29 35 30 30 30 29 30 38 31 32 31 37 31 38 32 37 32 39 32 38 33 33 33 32 33 40 34 35 34 36 34 41 32 38 32 39 32 43 35 36 35 42 35 45 36 39 36 44 36 43 37 40 37 36 37 45 38 41 38 39 38 47 39 42 39 46 39 49 40 44 40 48 40 47 41 43 41 42 41 49 42 45 42 44 42 51 43 46 43 50 43 53 44 48 44 52 44 53 45 52 45 54 45 51 46 47 46 46 46 53 47 49 47 48 47 56 48 50 48 55 48 57 45 53 45 54 45 56 49 51 49 50 49 59 50 54 50 58 50 61 51 55 51 60 51 59 52 57 52 54 52 61 53 56 53 55 53 63 54 58 54 62 54 63 55 62 55 64 55 65 56 61 56 60 56 63 57 59 57 58 57 65 58 60 58 66 58 67 59 63 59 64 59 68 60 65 60 66 60 68 61 66 61 69 61 71 62 64 62 70 62 71 63 70 63 72 63 71 64 67 64 64 64 73 65 68 65 69 65 73 66 69 66 74 66 75 67 71 67 72 67 76 68 73 68 74 68 78 69 72 69 77 69 76 68 74 68 79 68 78 70 75 70 72 70 80 71 76 71 79 71 82 72 77 72 81 72 80 73 79 73 83 73 82 74 78 74 77 74 84 75 82 75 81 75 85 76 80 76 83 76 84 75 81 75 86 75 85 77 83 77 87 77 84 78 86 78 88 78 85 79 87 79 89 79 90 80 84 80 88 80 91 81 85 81 89 81 92 82 90 82 88 82 92 83 88 83 93 83 92 84 93 84 94 84 95 85 91 85 89 85 95 86 89 86 96 86 97 87 92 87 94 87 7 88 97 88 94 88 7 89 94 89 6 89 98 90 95 90 96 90 98 91 96 91 99 91 100 92 98 92 99 92 100 93 99 93 101 93 102 94 100 94 101 94 102 95 101 95 103 95 102 96 103 96 104 96 105 97 102 97 104 97 107 98 104 98 106 98 107 99 105 99 104 99 109 100 106 100 108 100 109 101 107 101 106 101 111 102 108 102 110 102 111 103 109 103 108 103 113 104 110 104 112 104 113 105 111 105 110 105 115 106 112 106 114 106 115 106 113 106 112 106 117 107 114 107 116 107 117 107 115 107 114 107 119 108 116 108 118 108 119 109 118 109 120 109 119 110 117 110 116 110 121 111 119 111 120 111 123 112 120 112 122 112 123 113 121 113 120 113 125 114 122 114 124 114 125 115 123 115 122 115 127 116 124 116 126 116 127 117 125 117 124 117 129 118 126 118 128 118 129 119 127 119 126 119 131 120 128 120 130 120 131 121 129 121 128 121 133 122 130 122 132 122 133 123 131 123 130 123 134 124 133 124 132 124 134 125 132 125 135 125 134 126 135 126 136 126 137 127 134 127 136 127 138 128 137 128 136 128 138 129 136 129 139 129 138 130 139 130 140 130 141 131 138 131 140 131 141 132 140 132 142 132 143 132 141 132 142 132 144 133 143 133 142 133 144 134 142 134 145 134 146 135 144 135 145 135 146 136 145 136 147 136 148 137 146 137 147 137 148 138 147 138 149 138 150 139 148 139 149 139 150 140 149 140 151 140 152 141 150 141 151 141 152 142 151 142 153 142 154 143 152 143 153 143 154 144 153 144 155 144 156 145 154 145 155 145 156 146 155 146 157 146 158 147 156 147 157 147 158 148 157 148 159 148 160 149 158 149 159 149 160 150 159 150 161 150 162 151 160 151 161 151 162 152 161 152 163 152 164 153 162 153 163 153 164 154 163 154 165 154 166 155 164 155 165 155 166 155 165 155 167 155 166 156 167 156 168 156 169 157 166 157 168 157 169 158 168 158 170 158 171 159 169 159 170 159 172 160 171 160 170 160 172 160 170 160 173 160 172 161 173 161 174 161 175 162 172 162 174 162 177 163 174 163 176 163 177 164 175 164 174 164 179 165 176 165 178 165 179 166 178 166 180 166 179 167 177 167 176 167 182 168 180 168 181 168 182 169 179 169 180 169 183 170 182 170 181 170 184 171 183 171 181 171 184 171 181 171 185 171 186 172 184 172 185 172 186 173 185 173 187 173 188 174 186 174 187 174 188 175 187 175 189 175 190 176 188 176 189 176 190 177 189 177 191 177 192 178 190 178 191 178 192 179 191 179 193 179 194 180 192 180 193 180 194 181 193 181 195 181 196 182 194 182 195 182 196 183 195 183 197 183 198 184 196 184 197 184 198 185 197 185 199 185 198 186 199 186 200 186 201 186 198 186 200 186 201 187 200 187 202 187 203 188 201 188 202 188 204 189 203 189 202 189 204 190 202 190 205 190 206 191 204 191 205 191 206 192 205 192 207 192 206 193 207 193 208 193 209 193 206 193 208 193 209 194 208 194 210 194 211 195 209 195 210 195 212 196 211 196 210 196 212 197 210 197 213 197 215 198 213 198 214 198 215 199 212 199 213 199 217 200 214 200 216 200 217 201 215 201 214 201 219 202 216 202 218 202 219 203 217 203 216 203 221 204 218 204 220 204 221 205 219 205 218 205 223 206 220 206 222 206 223 207 222 207 224 207 223 208 221 208 220 208 225 209 223 209 224 209 227 210 224 210 226 210 227 211 226 211 228 211 227 212 225 212 224 212 230 213 228 213 229 213 230 214 227 214 228 214 231 215 230 215 229 215 233 216 229 216 232 216 233 217 231 217 229 217 234 218 233 218 232 218 234 218 232 218 235 218 236 219 234 219 235 219 236 219 235 219 237 219 236 220 237 220 238 220 239 221 236 221 238 221 3 222 238 222 1 222 3 223 239 223 238 223 41 224 45 224 49 224 38 224 41 224 33 224 53 225 57 225 59 225 31 226 33 226 25 226 41 224 49 224 25 224 33 227 41 227 25 227 49 224 53 224 63 224 53 228 59 228 63 228 25 224 49 224 63 224 17 224 22 224 14 224 22 224 25 224 14 224 63 229 67 229 75 229 67 224 71 224 75 224 75 224 78 224 82 224 75 230 82 230 84 230 2 224 5 224 3 224 5 224 10 224 3 224 3 224 10 224 239 224 84 224 90 224 92 224 63 231 75 231 92 231 75 232 84 232 92 232 239 224 10 224 236 224 10 224 14 224 236 224 92 224 97 224 7 224 234 224 236 224 233 224 63 233 92 233 8 233 92 224 7 224 8 224 230 224 231 224 227 224 231 224 233 224 227 224 8 234 15 234 23 234 15 235 19 235 23 235 25 236 63 236 23 236 236 224 14 224 23 224 14 224 25 224 23 224 63 237 8 237 23 237 227 224 233 224 225 224 233 224 236 224 225 224 23 224 28 224 30 224 223 224 225 224 221 224 23 238 30 238 35 238 236 239 23 239 35 239 225 224 236 224 217 224 221 224 225 224 217 224 219 224 221 224 217 224 35 224 40 224 47 224 40 240 43 240 47 240 236 241 35 241 47 241 217 224 236 224 47 224 217 242 47 242 56 242 47 243 51 243 56 243 211 224 212 224 209 224 212 224 215 224 209 224 56 244 61 244 206 244 217 224 56 224 206 224 209 224 215 224 206 224 215 224 217 224 206 224 65 224 68 224 73 224 61 245 65 245 76 245 206 246 61 246 76 246 65 224 73 224 76 224 206 224 76 224 198 224 201 224 203 224 198 224 203 224 204 224 198 224 204 247 206 247 198 247 76 224 80 224 85 224 198 224 76 224 194 224 76 224 85 224 194 224 196 224 198 224 194 224 194 248 85 248 91 248 194 249 91 249 95 249 192 224 194 224 95 224 95 224 98 224 100 224 186 224 188 224 184 224 188 224 190 224 184 224 190 224 192 224 184 224 100 224 102 224 105 224 100 250 105 250 107 250 183 224 184 224 182 224 95 251 100 251 109 251 100 252 107 252 109 252 182 224 184 224 179 224 109 253 111 253 113 253 109 254 113 254 115 254 175 255 177 255 172 255 109 256 115 256 119 256 115 224 117 224 119 224 177 257 179 257 119 257 192 224 95 224 119 224 184 224 192 224 119 224 95 258 109 258 119 258 179 224 184 224 119 224 172 259 177 259 169 259 171 224 172 224 169 224 119 224 121 224 123 224 169 224 177 224 164 224 177 260 119 260 164 260 119 224 123 224 164 224 166 224 169 224 164 224 164 224 123 224 160 224 162 224 164 224 160 224 125 224 127 224 129 224 160 261 123 261 131 261 125 262 129 262 131 262 123 263 125 263 131 263 158 224 160 224 156 224 160 264 131 264 134 264 156 265 160 265 134 265 131 224 133 224 134 224 154 224 156 224 134 224 154 266 134 266 137 266 152 224 154 224 137 224 152 224 137 224 150 224 150 224 137 224 148 224 137 224 138 224 141 224 141 224 143 224 144 224 146 224 148 224 144 224 137 224 141 224 144 224 148 267 137 267 144 267 48 268 44 268 39 268 32 269 39 269 37 269 58 270 54 270 52 270 24 271 32 271 26 271 24 272 48 272 39 272 24 273 39 273 32 273 62 274 52 274 48 274 62 275 58 275 52 275 62 269 48 269 24 269 13 269 20 269 16 269 13 276 24 276 20 276 72 277 64 277 62 277 72 278 70 278 64 278 81 269 77 269 72 269 86 279 81 279 72 279 1 269 4 269 0 269 1 280 9 280 4 280 238 281 9 281 1 281 93 282 88 282 86 282 93 283 72 283 62 283 93 269 86 269 72 269 237 269 9 269 238 269 237 284 13 284 9 284 6 269 94 269 93 269 232 269 237 269 235 269 11 269 93 269 62 269 11 285 6 285 93 285 226 286 229 286 228 286 226 287 232 287 229 287 21 288 12 288 11 288 21 289 18 289 12 289 21 269 62 269 24 269 21 290 13 290 237 290 21 291 24 291 13 291 21 292 11 292 62 292 224 293 232 293 226 293 224 269 237 269 232 269 29 269 27 269 21 269 220 269 224 269 222 269 34 294 29 294 21 294 34 269 21 269 237 269 216 295 237 295 224 295 216 296 224 296 220 296 216 269 220 269 218 269 46 297 36 297 34 297 46 269 42 269 36 269 46 298 34 298 237 298 46 299 237 299 216 299 55 269 46 269 216 269 55 269 50 269 46 269 208 269 213 269 210 269 208 269 214 269 213 269 207 300 60 300 55 300 207 269 55 269 216 269 207 269 214 269 208 269 207 301 216 301 214 301 74 268 69 268 66 268 79 302 66 302 60 302 79 303 60 303 207 303 79 269 74 269 66 269 199 304 79 304 207 304 199 305 202 305 200 305 199 306 205 306 202 306 199 307 207 307 205 307 87 269 83 269 79 269 195 308 79 308 199 308 195 309 87 309 79 309 195 269 199 269 197 269 89 310 87 310 195 310 96 311 89 311 195 311 96 312 195 312 193 312 101 269 99 269 96 269 185 269 189 269 187 269 185 313 191 313 189 313 185 314 193 314 191 314 104 269 103 269 101 269 106 315 104 315 101 315 180 316 185 316 181 316 108 269 101 269 96 269 108 269 106 269 101 269 178 269 185 269 180 269 112 269 110 269 108 269 114 269 112 269 108 269 173 317 176 317 174 317 118 318 114 318 108 318 118 319 116 319 114 319 118 320 178 320 176 320 118 269 96 269 193 269 118 321 193 321 185 321 118 269 108 269 96 269 118 322 185 322 178 322 168 323 176 323 173 323 168 269 173 269 170 269 122 286 120 286 118 286 165 324 176 324 168 324 165 269 118 269 176 269 165 325 122 325 118 325 165 326 168 326 167 326 161 269 122 269 165 269 161 269 165 269 163 269 128 269 126 269 124 269 130 269 122 269 161 269 130 269 128 269 124 269 130 327 124 327 122 327 157 328 161 328 159 328 135 269 130 269 161 269 135 329 161 329 157 329 135 269 132 269 130 269 135 330 157 330 155 330 136 269 135 269 155 269 136 331 155 331 153 331 151 269 136 269 153 269 149 269 136 269 151 269 140 269 139 269 136 269 145 269 142 269 140 269 145 332 149 332 147 332 145 333 140 333 136 333 145 269 136 269 149 269 242 221 241 221 240 221 242 220 243 220 241 220 245 222 240 222 244 222 245 223 242 223 240 223 247 0 244 0 246 0 247 1 245 1 244 1 250 6 249 6 248 6 250 4 251 4 249 4 253 2 246 2 252 2 253 3 247 3 246 3 255 7 248 7 254 7 255 334 254 334 256 334 255 7 250 7 248 7 258 5 252 5 257 5 258 8 253 8 252 8 260 14 256 14 259 14 260 335 255 335 256 335 262 9 257 9 261 9 262 10 258 10 257 10 264 21 259 21 263 21 264 18 260 18 259 18 266 11 261 11 265 11 266 15 262 15 261 15 268 25 263 25 267 25 268 21 264 21 263 21 270 336 265 336 269 336 270 337 266 337 265 337 272 30 267 30 271 30 272 23 268 23 267 23 274 19 269 19 273 19 274 22 270 22 269 22 276 29 271 29 275 29 276 28 272 28 271 28 278 24 273 24 277 24 278 20 274 20 273 20 280 37 275 37 279 37 280 34 276 34 275 34 282 26 277 26 281 26 282 27 278 27 277 27 284 338 279 338 283 338 284 35 280 35 279 35 286 31 281 31 285 31 286 33 282 33 281 33 287 339 284 339 283 339 289 32 285 32 288 32 289 32 286 32 285 32 291 43 283 43 290 43 293 36 288 36 292 36 291 46 287 46 283 46 293 38 289 38 288 38 295 48 290 48 294 48 297 40 292 40 296 40 297 340 296 340 298 340 295 49 291 49 290 49 297 42 293 42 292 42 299 341 297 341 298 341 301 51 294 51 300 51 301 53 295 53 294 53 303 45 298 45 302 45 303 52 302 52 304 52 305 56 301 56 300 56 305 58 300 58 306 58 303 45 299 45 298 45 307 50 303 50 304 50 308 60 305 60 306 60 308 61 306 61 309 61 311 54 304 54 310 54 311 55 310 55 312 55 311 57 307 57 304 57 313 65 308 65 309 65 313 66 309 66 314 66 316 64 312 64 315 64 316 59 311 59 312 59 317 68 313 68 314 68 317 68 314 68 318 68 320 63 315 63 319 63 320 62 316 62 315 62 322 70 319 70 321 70 323 71 317 71 318 71 323 73 318 73 324 73 322 67 320 67 319 67 326 74 321 74 325 74 327 76 323 76 324 76 327 77 324 77 328 77 326 69 322 69 321 69 329 72 326 72 325 72 329 75 325 75 330 75 331 79 327 79 328 79 331 81 328 81 332 81 333 75 329 75 330 75 333 78 330 78 334 78 335 85 331 85 332 85 335 86 332 86 336 86 337 80 333 80 334 80 337 342 334 342 338 342 339 90 335 90 336 90 339 91 336 91 340 91 341 343 337 343 338 343 342 87 341 87 338 87 342 84 338 84 343 84 344 92 339 92 340 92 344 93 340 93 345 93 251 88 342 88 343 88 251 89 343 89 249 89 346 94 344 94 345 94 346 95 345 95 347 95 349 97 347 97 348 97 349 96 346 96 347 96 351 98 348 98 350 98 351 99 349 99 348 99 353 100 350 100 352 100 353 101 351 101 350 101 355 102 352 102 354 102 355 103 353 103 352 103 357 104 354 104 356 104 357 105 355 105 354 105 359 106 356 106 358 106 359 106 357 106 356 106 361 107 358 107 360 107 361 107 359 107 358 107 363 108 360 108 362 108 363 110 361 110 360 110 365 111 362 111 364 111 365 109 363 109 362 109 367 112 364 112 366 112 367 113 365 113 364 113 369 114 366 114 368 114 369 115 367 115 366 115 371 116 368 116 370 116 371 117 369 117 368 117 373 118 370 118 372 118 373 119 371 119 370 119 375 120 372 120 374 120 375 121 373 121 372 121 377 122 374 122 376 122 377 123 375 123 374 123 378 124 377 124 376 124 378 125 376 125 379 125 380 126 378 126 379 126 380 127 379 127 381 127 382 128 380 128 381 128 382 129 381 129 383 129 384 130 382 130 383 130 384 131 383 131 385 131 386 132 384 132 385 132 386 132 385 132 387 132 388 133 386 133 387 133 388 134 387 134 389 134 390 135 388 135 389 135 390 136 389 136 391 136 392 137 390 137 391 137 392 138 391 138 393 138 394 139 392 139 393 139 394 140 393 140 395 140 396 141 394 141 395 141 396 142 395 142 397 142 398 143 396 143 397 143 398 144 397 144 399 144 400 145 398 145 399 145 400 146 399 146 401 146 402 147 400 147 401 147 402 148 401 148 403 148 404 149 402 149 403 149 404 150 403 150 405 150 406 151 404 151 405 151 406 152 405 152 407 152 408 153 406 153 407 153 408 154 407 154 409 154 410 155 408 155 409 155 410 155 409 155 411 155 412 344 410 344 411 344 412 345 411 345 413 345 414 346 412 346 413 346 414 347 413 347 415 347 416 160 414 160 415 160 416 160 415 160 417 160 419 348 417 348 418 348 419 349 416 349 417 349 421 163 418 163 420 163 421 164 419 164 418 164 423 165 420 165 422 165 423 167 421 167 420 167 425 350 422 350 424 350 425 351 423 351 422 351 427 170 424 170 426 170 427 168 425 168 424 168 428 171 427 171 426 171 428 171 426 171 429 171 430 172 428 172 429 172 430 173 429 173 431 173 432 174 430 174 431 174 432 175 431 175 433 175 434 176 432 176 433 176 434 177 433 177 435 177 436 178 434 178 435 178 436 179 435 179 437 179 438 180 436 180 437 180 438 181 437 181 439 181 440 182 438 182 439 182 440 183 439 183 441 183 442 184 440 184 441 184 442 185 441 185 443 185 444 186 442 186 443 186 444 186 443 186 445 186 446 352 444 352 445 352 446 353 445 353 447 353 448 189 446 189 447 189 448 190 447 190 449 190 450 191 448 191 449 191 450 192 449 192 451 192 452 193 450 193 451 193 452 193 451 193 453 193 454 194 452 194 453 194 454 195 453 195 455 195 456 196 454 196 455 196 456 197 455 197 457 197 458 199 456 199 457 199 458 198 457 198 459 198 461 200 459 200 460 200 461 201 458 201 459 201 463 202 460 202 462 202 463 203 461 203 460 203 465 204 462 204 464 204 465 205 463 205 462 205 467 206 464 206 466 206 467 208 465 208 464 208 469 209 466 209 468 209 469 207 467 207 466 207 471 210 468 210 470 210 471 212 469 212 468 212 473 354 470 354 472 354 473 355 471 355 470 355 475 215 472 215 474 215 475 213 473 213 472 213 477 216 474 216 476 216 477 217 475 217 474 217 478 218 477 218 476 218 478 218 476 218 479 218 243 219 478 219 479 219 243 219 479 219 241 219 351 356 481 356 480 356 351 357 480 357 482 357 351 356 353 356 481 356 349 358 351 358 482 358 346 359 482 359 483 359 346 360 349 360 482 360 342 361 485 361 484 361 342 362 251 362 485 362 344 363 483 363 486 363 344 364 486 364 487 364 344 365 346 365 483 365 341 366 484 366 488 366 341 367 342 367 484 367 339 368 344 368 487 368 337 369 488 369 489 369 337 370 341 370 488 370 335 371 487 371 490 371 335 372 490 372 491 372 335 373 339 373 487 373 333 374 489 374 492 374 333 375 492 375 493 375 331 376 335 376 491 376 333 377 337 377 489 377 329 378 493 378 494 378 327 379 491 379 495 379 329 380 333 380 493 380 327 379 331 379 491 379 326 381 494 381 496 381 323 382 495 382 497 382 323 383 497 383 498 383 326 384 329 384 494 384 323 385 327 385 495 385 322 386 326 386 496 386 317 383 323 383 498 383 313 387 498 387 499 387 320 388 496 388 500 388 320 389 322 389 496 389 313 390 317 390 498 390 308 391 499 391 501 391 308 392 501 392 502 392 316 393 500 393 503 393 316 394 503 394 504 394 308 395 313 395 499 395 316 396 320 396 500 396 305 397 502 397 505 397 311 398 504 398 506 398 305 399 308 399 502 399 311 400 316 400 504 400 301 401 305 401 505 401 307 402 506 402 507 402 307 403 311 403 506 403 295 404 505 404 508 404 295 404 301 404 505 404 303 405 307 405 507 405 291 406 508 406 509 406 291 407 295 407 508 407 299 408 507 408 510 408 299 408 303 408 507 408 287 409 509 409 511 409 287 410 511 410 512 410 287 411 291 411 509 411 297 412 299 412 510 412 297 413 510 413 513 413 284 414 287 414 512 414 293 415 297 415 513 415 280 416 512 416 514 416 293 417 513 417 515 417 280 418 284 418 512 418 276 419 514 419 516 419 289 420 293 420 515 420 276 421 516 421 517 421 289 422 515 422 518 422 276 423 280 423 514 423 272 424 517 424 519 424 286 425 289 425 518 425 286 426 518 426 520 426 272 427 276 427 517 427 268 428 272 428 519 428 282 429 286 429 520 429 282 430 520 430 521 430 264 431 268 431 519 431 264 432 519 432 522 432 278 26 282 26 521 26 278 433 521 433 523 433 260 434 264 434 522 434 260 435 522 435 524 435 260 436 524 436 525 436 274 437 278 437 523 437 274 437 523 437 526 437 255 438 260 438 525 438 270 439 274 439 526 439 250 440 255 440 525 440 270 441 526 441 527 441 250 442 525 442 528 442 250 443 528 443 485 443 251 444 250 444 485 444 266 445 270 445 527 445 266 446 527 446 529 446 262 447 266 447 529 447 262 448 529 448 530 448 258 449 262 449 530 449 258 450 530 450 531 450 253 8 531 8 532 8 253 451 258 451 531 451 247 452 532 452 533 452 247 453 253 453 532 453 247 454 533 454 534 454 245 454 247 454 534 454 242 455 534 455 535 455 242 456 245 456 534 456 243 457 535 457 536 457 243 458 242 458 535 458 478 459 536 459 537 459 478 459 243 459 536 459 477 460 537 460 538 460 477 461 538 461 539 461 477 460 478 460 537 460 475 462 477 462 539 462 473 463 539 463 540 463 473 464 540 464 541 464 473 463 475 463 539 463 471 464 473 464 541 464 469 465 541 465 542 465 469 466 471 466 541 466 467 467 542 467 543 467 467 468 543 468 544 468 467 469 469 469 542 469 465 470 467 470 544 470 463 471 544 471 545 471 463 472 465 472 544 472 461 473 545 473 546 473 461 474 463 474 545 474 458 475 461 475 546 475 458 476 546 476 547 476 456 477 458 477 547 477 456 477 547 477 548 477 454 196 456 196 548 196 454 478 548 478 549 478 454 479 549 479 550 479 452 480 454 480 550 480 450 481 452 481 550 481 450 482 550 482 551 482 448 483 450 483 551 483 448 484 551 484 552 484 446 485 448 485 552 485 446 486 552 486 553 486 446 487 553 487 554 487 444 488 446 488 554 488 442 489 444 489 554 489 442 489 554 489 555 489 440 490 442 490 555 490 440 491 555 491 556 491 440 492 556 492 557 492 438 493 440 493 557 493 436 494 438 494 557 494 436 495 557 495 558 495 434 496 436 496 558 496 434 497 558 497 559 497 432 498 434 498 559 498 432 499 559 499 560 499 430 500 432 500 560 500 430 501 560 501 561 501 428 502 430 502 561 502 428 503 561 503 562 503 428 504 562 504 563 504 427 505 428 505 563 505 425 506 427 506 563 506 425 507 563 507 564 507 423 508 425 508 564 508 423 509 564 509 565 509 421 510 423 510 565 510 421 511 565 511 566 511 421 512 566 512 567 512 419 513 421 513 567 513 416 514 567 514 568 514 416 515 419 515 567 515 414 516 568 516 569 516 414 517 416 517 568 517 412 518 569 518 570 518 412 519 414 519 569 519 410 520 570 520 571 520 410 521 571 521 572 521 410 522 412 522 570 522 408 523 410 523 572 523 406 524 408 524 572 524 406 525 572 525 573 525 404 526 406 526 573 526 404 527 573 527 574 527 402 528 404 528 574 528 402 529 574 529 575 529 400 530 402 530 575 530 400 531 575 531 576 531 400 532 576 532 577 532 398 533 400 533 577 533 396 534 398 534 577 534 396 535 577 535 578 535 394 536 396 536 578 536 394 537 578 537 579 537 392 538 394 538 579 538 392 538 579 538 580 538 392 539 580 539 581 539 390 540 392 540 581 540 388 541 390 541 581 541 388 542 581 542 582 542 386 543 388 543 582 543 386 544 582 544 583 544 384 545 386 545 583 545 384 546 583 546 584 546 384 547 584 547 585 547 382 547 384 547 585 547 382 548 585 548 586 548 380 549 382 549 586 549 378 550 380 550 586 550 378 550 586 550 587 550 377 551 587 551 588 551 377 552 588 552 589 552 377 553 378 553 587 553 375 554 377 554 589 554 373 555 589 555 590 555 373 556 375 556 589 556 371 557 590 557 591 557 371 558 373 558 590 558 369 117 591 117 592 117 369 559 592 559 593 559 369 560 371 560 591 560 367 561 593 561 594 561 367 562 369 562 593 562 365 561 367 561 594 561 363 563 594 563 595 563 363 564 365 564 594 564 361 565 595 565 596 565 361 566 596 566 597 566 361 567 363 567 595 567 359 566 361 566 597 566 357 568 597 568 598 568 357 568 359 568 597 568 355 569 598 569 599 569 355 570 357 570 598 570 355 571 599 571 481 571 353 572 355 572 481 572 429 269 600 269 431 269 429 269 601 269 600 269 348 269 347 269 602 269 348 573 602 573 603 573 426 574 601 574 429 574 426 269 604 269 601 269 350 269 348 269 603 269 424 269 604 269 426 269 424 269 605 269 604 269 352 575 350 575 603 575 352 576 603 576 606 576 422 269 605 269 424 269 422 269 607 269 605 269 354 577 606 577 608 577 354 269 352 269 606 269 420 269 607 269 422 269 420 269 609 269 607 269 356 578 608 578 610 578 356 579 354 579 608 579 611 580 296 580 292 580 418 269 609 269 420 269 358 269 610 269 612 269 358 269 356 269 610 269 613 581 292 581 288 581 613 269 611 269 292 269 614 582 298 582 296 582 614 583 296 583 611 583 615 584 285 584 281 584 417 585 616 585 609 585 615 269 288 269 285 269 417 269 609 269 418 269 360 586 612 586 617 586 615 587 613 587 288 587 360 269 358 269 612 269 618 269 302 269 298 269 618 269 298 269 614 269 619 588 281 588 277 588 619 269 615 269 281 269 620 589 304 589 302 589 415 269 621 269 616 269 415 590 616 590 417 590 620 591 302 591 618 591 362 592 617 592 622 592 623 593 277 593 273 593 623 269 619 269 277 269 362 594 360 594 617 594 624 595 310 595 304 595 624 269 304 269 620 269 625 269 623 269 273 269 413 596 621 596 415 596 625 597 273 597 269 597 626 598 312 598 310 598 626 269 315 269 312 269 413 269 627 269 621 269 364 269 362 269 622 269 364 599 622 599 628 599 626 600 310 600 624 600 629 269 625 269 269 269 411 269 627 269 413 269 411 269 630 269 627 269 629 601 269 601 265 601 366 602 364 602 628 602 631 603 319 603 315 603 631 269 315 269 626 269 409 604 630 604 411 604 632 269 629 269 265 269 409 269 633 269 630 269 632 605 265 605 261 605 368 269 366 269 628 269 368 606 628 606 634 606 635 269 321 269 319 269 635 269 319 269 631 269 407 607 633 607 409 607 636 269 632 269 261 269 407 608 637 608 633 608 370 269 368 269 634 269 370 609 634 609 638 609 636 610 261 610 257 610 639 611 325 611 321 611 639 269 321 269 635 269 405 269 637 269 407 269 640 269 636 269 257 269 405 269 641 269 637 269 640 269 257 269 252 269 372 612 638 612 642 612 643 269 325 269 639 269 643 613 330 613 325 613 372 269 370 269 638 269 403 614 641 614 405 614 644 269 640 269 252 269 403 269 645 269 641 269 374 615 372 615 642 615 374 616 642 616 646 616 644 617 246 617 244 617 644 618 252 618 246 618 647 619 334 619 330 619 647 269 330 269 643 269 401 269 645 269 403 269 648 269 644 269 244 269 376 269 374 269 646 269 648 620 244 620 240 620 376 621 646 621 649 621 399 269 645 269 401 269 650 269 338 269 334 269 650 622 334 622 647 622 399 623 651 623 645 623 379 269 376 269 649 269 652 269 648 269 240 269 379 624 649 624 653 624 652 625 240 625 241 625 654 269 343 269 338 269 397 269 651 269 399 269 654 626 338 626 650 626 397 627 655 627 651 627 381 628 653 628 656 628 657 629 652 629 241 629 381 269 379 269 653 269 395 630 655 630 397 630 657 631 241 631 479 631 395 632 658 632 655 632 659 269 248 269 249 269 659 269 249 269 343 269 383 633 656 633 660 633 659 634 343 634 654 634 383 269 381 269 656 269 393 269 661 269 658 269 393 635 658 635 395 635 662 269 657 269 479 269 385 269 383 269 660 269 662 636 479 636 476 636 391 637 663 637 661 637 664 269 254 269 248 269 391 638 661 638 393 638 387 639 660 639 665 639 664 640 248 640 659 640 387 269 385 269 660 269 666 641 662 641 476 641 389 642 665 642 663 642 389 269 387 269 665 269 389 643 663 643 391 643 666 644 476 644 474 644 667 269 256 269 254 269 667 269 254 269 664 269 668 269 666 269 474 269 668 645 474 645 472 645 669 269 259 269 256 269 669 269 256 269 667 269 670 269 668 269 472 269 670 646 470 646 468 646 670 647 472 647 470 647 671 613 263 613 259 613 671 269 259 269 669 269 672 269 670 269 468 269 672 269 468 269 466 269 673 611 267 611 263 611 673 269 263 269 671 269 674 648 466 648 464 648 674 269 672 269 466 269 675 269 271 269 267 269 675 269 267 269 673 269 676 649 464 649 462 649 676 269 674 269 464 269 677 603 275 603 271 603 677 269 271 269 675 269 678 650 462 650 460 650 678 269 676 269 462 269 679 269 275 269 677 269 679 269 279 269 275 269 679 598 283 598 279 598 680 651 460 651 459 651 680 269 678 269 460 269 681 269 290 269 283 269 681 269 283 269 679 269 682 269 680 269 459 269 682 652 459 652 457 652 683 653 294 653 290 653 683 269 290 269 681 269 684 269 682 269 457 269 684 654 457 654 455 654 685 655 294 655 683 655 300 656 294 656 685 656 686 269 684 269 455 269 686 657 455 657 453 657 687 269 300 269 685 269 451 269 686 269 453 269 306 658 300 658 687 658 688 659 686 659 451 659 689 660 306 660 687 660 449 269 688 269 451 269 309 661 306 661 689 661 690 269 688 269 449 269 691 269 309 269 689 269 447 269 690 269 449 269 314 662 309 662 691 662 692 663 690 663 447 663 693 587 314 587 691 587 445 269 692 269 447 269 318 269 314 269 693 269 694 269 692 269 445 269 443 269 694 269 445 269 443 632 695 632 694 632 324 664 693 664 696 664 324 269 318 269 693 269 441 269 695 269 443 269 441 665 697 665 695 665 328 666 696 666 698 666 328 269 324 269 696 269 439 623 699 623 697 623 439 269 697 269 441 269 332 667 698 667 700 667 332 269 328 269 698 269 437 269 699 269 439 269 336 668 700 668 701 668 336 269 332 269 700 269 435 269 699 269 437 269 435 269 702 269 699 269 340 669 701 669 703 669 340 269 336 269 701 269 433 269 702 269 435 269 433 269 704 269 702 269 345 670 340 670 703 670 345 671 703 671 705 671 431 269 704 269 433 269 431 269 600 269 704 269 347 269 345 269 705 269 347 672 705 672 602 672 707 673 706 673 488 673 484 674 707 674 488 674 596 675 709 675 708 675 596 676 595 676 709 676 710 677 707 677 484 677 711 224 596 224 708 224 485 224 710 224 484 224 597 224 596 224 711 224 712 224 710 224 485 224 713 678 552 678 551 678 714 224 551 224 550 224 715 224 597 224 711 224 714 224 713 224 551 224 528 224 712 224 485 224 716 224 553 224 552 224 716 679 554 679 553 679 598 224 597 224 715 224 716 224 552 224 713 224 717 680 550 680 549 680 717 224 714 224 550 224 718 224 598 224 715 224 719 224 555 224 554 224 719 224 554 224 716 224 525 681 712 681 528 681 525 682 720 682 712 682 599 224 598 224 718 224 721 683 720 683 525 683 722 224 717 224 549 224 524 224 721 224 525 224 723 224 555 224 719 224 724 224 548 224 547 224 481 684 718 684 725 684 724 224 549 224 548 224 481 685 599 685 718 685 724 686 722 686 549 686 726 687 721 687 524 687 727 688 556 688 555 688 727 689 555 689 723 689 522 224 726 224 524 224 480 224 725 224 728 224 480 690 481 690 725 690 729 691 724 691 547 691 730 692 480 692 728 692 731 693 557 693 556 693 732 694 726 694 522 694 731 695 556 695 727 695 482 696 480 696 730 696 519 697 732 697 522 697 733 224 546 224 545 224 733 698 547 698 546 698 733 224 729 224 547 224 734 699 732 699 519 699 735 700 558 700 557 700 736 701 482 701 730 701 735 224 559 224 558 224 735 702 557 702 731 702 517 224 734 224 519 224 737 224 733 224 545 224 483 703 482 703 736 703 738 704 560 704 559 704 738 224 559 224 735 224 516 705 739 705 734 705 740 224 737 224 545 224 516 706 734 706 517 706 486 707 736 707 741 707 486 224 741 224 742 224 486 224 483 224 736 224 740 224 545 224 544 224 743 224 560 224 738 224 744 224 740 224 544 224 744 708 544 708 543 708 514 224 746 224 745 224 514 709 745 709 739 709 514 710 739 710 516 710 747 711 560 711 743 711 747 712 561 712 560 712 542 713 744 713 543 713 487 224 486 224 742 224 562 224 561 224 747 224 748 714 744 714 542 714 749 224 562 224 747 224 490 715 742 715 750 715 490 716 750 716 751 716 490 224 487 224 742 224 512 224 752 224 746 224 541 717 748 717 542 717 512 718 746 718 514 718 753 719 748 719 541 719 754 720 562 720 749 720 754 721 563 721 562 721 491 224 490 224 751 224 564 722 563 722 754 722 511 723 755 723 752 723 756 224 753 224 541 224 511 724 752 724 512 724 756 725 541 725 540 725 757 224 564 224 754 224 758 726 540 726 539 726 758 727 756 727 540 727 759 728 564 728 757 728 759 224 565 224 564 224 509 224 760 224 755 224 509 678 755 678 511 678 495 224 751 224 761 224 495 224 761 224 762 224 495 224 491 224 751 224 763 224 758 224 539 224 763 729 539 729 538 729 764 730 565 730 759 730 497 224 495 224 762 224 764 731 566 731 565 731 537 224 763 224 538 224 508 224 765 224 760 224 508 224 760 224 509 224 498 224 762 224 766 224 498 224 766 224 767 224 567 732 566 732 764 732 498 224 497 224 762 224 768 224 763 224 537 224 505 733 765 733 508 733 499 224 498 224 767 224 769 224 567 224 764 224 502 734 771 734 770 734 502 224 770 224 765 224 502 735 765 735 505 735 501 736 499 736 767 736 501 224 771 224 502 224 501 224 767 224 771 224 568 224 567 224 769 224 772 737 537 737 536 737 772 224 768 224 537 224 773 224 568 224 769 224 535 738 772 738 536 738 774 739 772 739 535 739 775 224 569 224 568 224 775 740 568 740 773 740 534 224 774 224 535 224 776 741 774 741 534 741 777 224 570 224 569 224 777 742 569 742 775 742 571 743 570 743 777 743 778 744 534 744 533 744 778 745 776 745 534 745 779 224 571 224 777 224 572 746 571 746 779 746 780 747 533 747 532 747 780 748 778 748 533 748 781 224 572 224 779 224 531 224 780 224 532 224 782 749 780 749 531 749 783 224 573 224 572 224 783 750 572 750 781 750 784 751 782 751 531 751 784 752 531 752 530 752 785 224 573 224 783 224 785 224 574 224 573 224 786 224 784 224 530 224 786 224 530 224 529 224 787 753 574 753 785 753 787 224 575 224 574 224 527 224 786 224 529 224 576 754 575 754 787 754 788 755 786 755 527 755 789 224 576 224 787 224 526 756 788 756 527 756 577 757 576 757 789 757 790 758 788 758 526 758 791 224 577 224 789 224 523 224 790 224 526 224 792 759 790 759 523 759 793 760 577 760 791 760 793 761 578 761 577 761 579 762 578 762 793 762 794 224 523 224 521 224 794 763 792 763 523 763 795 764 579 764 793 764 796 765 521 765 520 765 796 224 794 224 521 224 797 224 579 224 795 224 797 224 580 224 579 224 518 735 796 735 520 735 798 224 796 224 518 224 799 224 580 224 797 224 799 766 581 766 580 766 800 761 518 761 515 761 800 224 798 224 518 224 801 224 582 224 581 224 801 767 581 767 799 767 802 224 582 224 801 224 513 768 803 768 800 768 513 769 800 769 515 769 583 770 582 770 802 770 804 224 583 224 802 224 510 224 805 224 803 224 510 771 803 771 513 771 584 772 583 772 804 772 806 773 805 773 510 773 807 774 584 774 804 774 507 775 806 775 510 775 585 776 584 776 807 776 808 777 806 777 507 777 809 224 585 224 807 224 506 224 808 224 507 224 586 778 585 778 809 778 810 779 808 779 506 779 811 224 586 224 809 224 504 224 810 224 506 224 587 780 586 780 811 780 812 781 810 781 504 781 503 224 812 224 504 224 588 224 587 224 811 224 588 782 811 782 813 782 814 783 812 783 503 783 815 784 588 784 813 784 500 224 814 224 503 224 589 785 588 785 815 785 816 786 814 786 500 786 496 224 816 224 500 224 590 224 815 224 817 224 590 224 589 224 815 224 818 787 816 787 496 787 819 224 590 224 817 224 494 788 818 788 496 788 591 789 590 789 819 789 820 224 818 224 494 224 493 224 820 224 494 224 592 790 819 790 821 790 592 713 591 713 819 713 822 791 820 791 493 791 492 792 822 792 493 792 593 793 821 793 823 793 593 717 592 717 821 717 824 224 593 224 823 224 489 224 825 224 822 224 489 794 822 794 492 794 594 725 593 725 824 725 706 795 825 795 489 795 709 796 594 796 824 796 488 224 706 224 489 224 595 797 594 797 709 797 670 798 672 798 826 798 668 799 670 799 826 799 668 800 826 800 827 800 666 801 668 801 827 801 666 802 827 802 828 802 664 803 830 803 829 803 666 804 828 804 831 804 664 805 659 805 830 805 662 806 666 806 831 806 662 807 831 807 832 807 667 808 829 808 833 808 667 809 664 809 829 809 657 807 662 807 832 807 669 810 833 810 834 810 669 811 667 811 833 811 652 812 657 812 832 812 652 813 832 813 835 813 671 814 834 814 836 814 671 815 669 815 834 815 648 816 652 816 835 816 648 817 835 817 837 817 673 818 836 818 838 818 644 819 648 819 837 819 673 820 671 820 836 820 644 821 837 821 839 821 675 822 838 822 840 822 675 823 840 823 841 823 640 824 644 824 839 824 675 825 673 825 838 825 640 824 839 824 842 824 636 826 640 826 842 826 677 827 675 827 841 827 636 828 842 828 843 828 679 829 841 829 844 829 679 830 844 830 845 830 632 831 636 831 843 831 679 832 677 832 841 832 632 833 843 833 846 833 629 834 632 834 846 834 681 835 679 835 845 835 629 834 846 834 847 834 683 836 845 836 848 836 625 837 629 837 847 837 683 838 848 838 849 838 625 837 847 837 850 837 683 836 681 836 845 836 623 839 625 839 850 839 623 840 850 840 851 840 685 838 683 838 849 838 619 841 623 841 851 841 687 842 849 842 852 842 619 843 851 843 853 843 687 844 852 844 854 844 687 842 685 842 849 842 615 845 619 845 853 845 689 846 687 846 854 846 615 847 853 847 855 847 613 848 615 848 855 848 691 849 689 849 854 849 613 850 855 850 856 850 691 849 854 849 857 849 691 851 857 851 858 851 611 852 613 852 856 852 611 852 856 852 859 852 693 853 691 853 858 853 693 854 858 854 860 854 614 855 611 855 859 855 614 856 859 856 861 856 696 857 693 857 860 857 618 858 614 858 861 858 618 858 861 858 862 858 698 859 860 859 863 859 698 860 696 860 860 860 620 861 618 861 862 861 620 861 862 861 864 861 620 862 864 862 865 862 700 863 863 863 866 863 700 864 698 864 863 864 624 865 865 865 867 865 624 862 620 862 865 862 701 866 866 866 868 866 626 867 624 867 867 867 701 866 700 866 866 866 703 868 868 868 869 868 703 869 869 869 870 869 703 868 701 868 868 868 631 870 626 870 867 870 631 871 867 871 871 871 635 872 871 872 872 872 635 873 872 873 873 873 705 874 703 874 870 874 635 875 631 875 871 875 639 876 873 876 874 876 602 877 705 877 870 877 602 878 870 878 875 878 639 879 635 879 873 879 602 880 875 880 876 880 643 881 639 881 874 881 603 882 876 882 877 882 603 880 602 880 876 880 647 883 874 883 878 883 647 884 878 884 879 884 647 885 643 885 874 885 606 886 603 886 877 886 650 887 879 887 880 887 650 888 647 888 879 888 654 889 650 889 880 889 882 890 877 890 881 890 882 891 606 891 877 891 659 892 880 892 830 892 882 893 881 894 883 895 659 896 654 896 880 896 884 897 883 898 881 899 886 900 881 900 885 900 886 901 884 902 881 903 887 904 886 904 885 904 888 905 887 905 885 905 889 906 888 907 885 908 890 909 889 909 885 909 608 910 882 911 891 912 608 913 891 914 892 915 608 916 606 916 882 916 893 917 890 917 885 917 895 918 885 918 894 918 895 919 893 919 885 919 896 920 895 920 894 920 610 921 892 922 897 923 610 924 897 925 898 926 610 927 898 928 899 929 610 930 899 931 900 932 610 933 900 933 901 933 610 934 901 934 902 934 610 935 902 935 903 935 610 936 608 936 892 936 904 937 896 938 894 939 905 940 904 941 894 942 906 943 905 943 894 943 906 944 894 944 907 944 908 945 906 946 907 947 909 948 908 949 907 950 910 951 909 952 907 953 911 954 910 954 907 954 612 955 903 955 912 955 612 956 912 956 913 956 612 957 913 958 914 959 612 960 914 961 915 962 612 963 915 964 916 965 612 966 610 966 903 966 617 967 612 967 916 967 617 968 916 969 917 970 617 971 917 972 910 973 622 974 617 974 910 974 622 975 910 975 911 975 628 976 622 976 911 976 628 977 911 977 918 977 634 978 918 978 919 978 634 978 628 978 918 978 638 979 919 979 920 979 638 980 634 980 919 980 642 981 920 981 921 981 642 982 638 982 920 982 646 983 921 983 922 983 646 983 642 983 921 983 649 984 922 984 923 984 649 984 646 984 922 984 653 985 923 985 924 985 653 986 649 986 923 986 656 987 924 987 925 987 656 988 925 988 926 988 656 989 653 989 924 989 660 990 656 990 926 990 665 991 926 991 927 991 665 992 660 992 926 992 663 993 927 993 928 993 663 993 665 993 927 993 661 994 928 994 929 994 661 995 929 995 930 995 661 996 663 996 928 996 658 995 661 995 930 995 655 997 930 997 931 997 655 997 658 997 930 997 651 998 931 998 932 998 651 998 655 998 931 998 645 999 932 999 933 999 645 1000 651 1000 932 1000 641 1001 933 1001 934 1001 641 1002 934 1002 935 1002 641 1003 645 1003 933 1003 637 1004 641 1004 935 1004 633 1005 637 1005 935 1005 633 1006 935 1006 936 1006 630 1007 633 1007 936 1007 630 1008 936 1008 937 1008 627 1009 630 1009 937 1009 627 1010 937 1010 938 1010 627 1011 938 1011 939 1011 621 1012 627 1012 939 1012 616 1013 621 1013 939 1013 616 1014 939 1014 940 1014 609 1015 616 1015 940 1015 609 1016 940 1016 941 1016 607 1017 609 1017 941 1017 607 1018 941 1018 942 1018 607 1019 942 1019 943 1019 605 1020 607 1020 943 1020 604 1021 605 1021 943 1021 604 1022 943 1022 944 1022 604 1023 944 1023 945 1023 601 1024 604 1024 945 1024 601 1025 945 1025 946 1025 600 1026 601 1026 946 1026 704 1027 600 1027 946 1027 704 1028 946 1028 947 1028 702 1029 704 1029 947 1029 702 1030 947 1030 948 1030 699 1031 702 1031 948 1031 699 1032 948 1032 949 1032 699 1033 949 1033 950 1033 697 1034 699 1034 950 1034 697 1035 950 1035 951 1035 695 1036 951 1036 952 1036 695 1035 697 1035 951 1035 694 1036 695 1036 952 1036 692 1037 694 1037 952 1037 692 1037 952 1037 953 1037 692 1038 953 1038 954 1038 690 1039 692 1039 954 1039 688 1040 954 1040 955 1040 688 1040 690 1040 954 1040 686 1041 955 1041 956 1041 686 1042 956 1042 957 1042 686 1043 688 1043 955 1043 684 1044 957 1044 958 1044 684 1045 686 1045 957 1045 682 1046 684 1046 958 1046 680 1047 958 1047 959 1047 680 1048 959 1048 960 1048 680 1049 682 1049 958 1049 678 1048 680 1048 960 1048 676 1050 678 1050 960 1050 676 1050 960 1050 961 1050 674 1051 676 1051 961 1051 674 1052 961 1052 962 1052 674 1053 962 1053 963 1053 672 1054 674 1054 963 1054 672 798 963 798 826 798 728 1055 725 1055 964 1055 725 1056 965 1056 964 1056 730 1057 728 1057 966 1057 728 1058 964 1058 966 1058 736 1059 730 1059 967 1059 707 1060 710 1060 968 1060 730 1061 966 1061 967 1061 710 1062 969 1062 968 1062 741 1063 736 1063 970 1063 706 1064 707 1064 971 1064 736 1065 967 1065 970 1065 825 1066 706 1066 971 1066 707 1067 968 1067 971 1067 742 1068 741 1068 972 1068 741 1069 970 1069 972 1069 822 1070 825 1070 973 1070 825 1071 971 1071 973 1071 750 1072 742 1072 974 1072 751 1073 750 1073 974 1073 742 1074 972 1074 974 1074 822 1075 973 1075 975 1075 751 1073 974 1073 976 1073 820 1076 822 1076 977 1076 818 1077 820 1077 977 1077 822 1078 975 1078 977 1078 761 1079 751 1079 978 1079 751 1080 976 1080 978 1080 818 1081 977 1081 979 1081 762 1082 761 1082 980 1082 761 1083 978 1083 980 1083 816 1084 818 1084 981 1084 814 1085 816 1085 981 1085 818 1084 979 1084 981 1084 766 1086 762 1086 982 1086 762 1087 980 1087 982 1087 814 1085 981 1085 983 1085 767 1088 766 1088 984 1088 766 1089 982 1089 984 1089 812 1090 814 1090 985 1090 814 1091 983 1091 985 1091 771 1092 767 1092 986 1092 767 1093 984 1093 986 1093 810 1094 812 1094 987 1094 808 1095 810 1095 987 1095 770 1096 771 1096 988 1096 812 1094 985 1094 987 1094 771 1097 986 1097 988 1097 806 1098 808 1098 989 1098 765 1099 770 1099 990 1099 808 1100 987 1100 989 1100 760 1101 765 1101 990 1101 770 1102 988 1102 990 1102 760 1103 990 1103 991 1103 806 1104 989 1104 992 1104 755 1105 760 1105 993 1105 805 1106 806 1106 994 1106 806 1107 992 1107 994 1107 760 1108 991 1108 993 1108 752 1109 755 1109 995 1109 805 1110 994 1110 996 1110 803 1111 805 1111 996 1111 755 1112 993 1112 995 1112 746 1113 752 1113 997 1113 803 1114 996 1114 998 1114 752 1113 995 1113 997 1113 800 1115 803 1115 998 1115 745 1116 746 1116 999 1116 746 1117 997 1117 999 1117 800 1118 998 1118 1000 1118 798 1119 800 1119 1000 1119 739 1120 745 1120 1001 1120 745 1120 999 1120 1001 1120 798 1121 1000 1121 1002 1121 796 1122 798 1122 1002 1122 734 1123 739 1123 1003 1123 739 1123 1001 1123 1003 1123 796 1124 1002 1124 1004 1124 794 1125 796 1125 1004 1125 732 1126 734 1126 1005 1126 726 1127 732 1127 1005 1127 734 1128 1003 1128 1005 1128 794 1129 1004 1129 1006 1129 792 1130 794 1130 1006 1130 726 1131 1005 1131 1007 1131 792 1132 1006 1132 1008 1132 726 1133 1007 1133 1009 1133 790 1134 792 1134 1008 1134 721 1135 726 1135 1009 1135 721 1136 1009 1136 1010 1136 790 1137 1008 1137 1011 1137 788 1137 790 1137 1011 1137 786 1138 788 1138 1011 1138 720 1139 721 1139 1010 1139 720 1140 1010 1140 1012 1140 712 1141 720 1141 1012 1141 710 1142 712 1142 1012 1142 786 1143 1011 1143 1013 1143 710 1144 1012 1144 969 1144 786 1145 1013 1145 1014 1145 784 1146 786 1146 1014 1146 784 1147 1014 1147 1015 1147 782 1148 784 1148 1015 1148 780 1149 782 1149 1016 1149 782 1150 1015 1150 1016 1150 778 1151 780 1151 1017 1151 780 1151 1016 1151 1017 1151 776 1152 778 1152 1018 1152 778 1153 1017 1153 1018 1153 774 1154 776 1154 1019 1154 776 1155 1018 1155 1019 1155 772 1156 774 1156 1020 1156 768 1157 772 1157 1020 1157 774 1158 1019 1158 1020 1158 763 1159 768 1159 1021 1159 768 1157 1020 1157 1021 1157 758 1160 763 1160 1022 1160 763 1159 1021 1159 1022 1159 758 1161 1022 1161 1023 1161 756 1162 758 1162 1024 1162 758 1163 1023 1163 1024 1163 753 1164 756 1164 1025 1164 756 1165 1024 1165 1025 1165 748 1166 753 1166 1026 1166 753 1166 1025 1166 1026 1166 744 1167 748 1167 1027 1167 748 1168 1026 1168 1027 1168 740 1169 744 1169 1028 1169 744 1170 1027 1170 1028 1170 737 1171 740 1171 1029 1171 740 1172 1028 1172 1029 1172 733 1173 737 1173 1030 1173 737 1174 1029 1174 1030 1174 733 1175 1030 1175 1031 1175 729 1175 733 1175 1031 1175 729 1176 1031 1176 1032 1176 724 1177 729 1177 1032 1177 724 1178 1032 1178 1033 1178 722 1179 724 1179 1033 1179 722 1180 1033 1180 1034 1180 717 1181 722 1181 1034 1181 717 1182 1034 1182 1035 1182 714 1183 717 1183 1035 1183 713 1184 714 1184 1035 1184 713 1185 1035 1185 1036 1185 716 1186 713 1186 1036 1186 716 1187 1036 1187 1037 1187 716 1188 1037 1188 1038 1188 719 1189 716 1189 1038 1189 723 1190 719 1190 1038 1190 723 1191 1038 1191 1039 1191 723 1192 1039 1192 1040 1192 727 1193 723 1193 1040 1193 727 1194 1040 1194 1041 1194 731 1195 727 1195 1041 1195 735 1196 731 1196 1041 1196 735 1196 1041 1196 1042 1196 738 1197 735 1197 1042 1197 738 1198 1042 1198 1043 1198 738 1199 1043 1199 1044 1199 743 1199 738 1199 1044 1199 743 1200 1044 1200 1045 1200 747 1200 743 1200 1045 1200 747 1201 1045 1201 1046 1201 749 1202 747 1202 1046 1202 749 1203 1046 1203 1047 1203 754 1204 749 1204 1047 1204 754 1205 1047 1205 1048 1205 757 1206 754 1206 1048 1206 757 1207 1048 1207 1049 1207 759 1208 757 1208 1049 1208 759 1209 1049 1209 1050 1209 764 1210 759 1210 1050 1210 769 1211 764 1211 1051 1211 773 1212 769 1212 1051 1212 764 1213 1050 1213 1051 1213 773 1214 1051 1214 1052 1214 775 1215 773 1215 1052 1215 775 1216 1052 1216 1053 1216 777 1217 775 1217 1054 1217 775 1218 1053 1218 1054 1218 779 1219 777 1219 1055 1219 777 1220 1054 1220 1055 1220 779 1221 1055 1221 1056 1221 781 1222 779 1222 1056 1222 783 1223 781 1223 1056 1223 783 1224 1056 1224 1057 1224 783 1225 1057 1225 1058 1225 785 1225 783 1225 1058 1225 787 1226 785 1226 1058 1226 787 1226 1058 1226 1059 1226 787 1227 1059 1227 1060 1227 789 1228 787 1228 1060 1228 791 1229 789 1229 1060 1229 791 1229 1060 1229 1061 1229 791 1230 1061 1230 1062 1230 793 1231 791 1231 1062 1231 795 1232 793 1232 1062 1232 795 1233 1062 1233 1063 1233 795 1234 1063 1234 1064 1234 797 1235 795 1235 1064 1235 797 1236 1064 1236 1065 1236 799 1237 797 1237 1065 1237 799 1238 1065 1238 1066 1238 801 1239 799 1239 1066 1239 801 1240 1066 1240 1067 1240 802 1241 801 1241 1067 1241 804 1242 802 1242 1067 1242 804 1243 1067 1243 1068 1243 804 1244 1068 1244 1069 1244 807 1245 804 1245 1069 1245 807 1246 1069 1246 1070 1246 809 1247 807 1247 1070 1247 809 1248 1070 1248 1071 1248 811 1249 809 1249 1071 1249 813 1250 811 1250 1072 1250 811 1250 1071 1250 1072 1250 815 1251 813 1251 1073 1251 813 1252 1072 1252 1073 1252 817 1253 815 1253 1074 1253 815 1254 1073 1254 1074 1254 819 1255 817 1255 1075 1255 821 1256 819 1256 1075 1256 817 1257 1074 1257 1075 1257 821 1258 1075 1258 1076 1258 823 1259 821 1259 1077 1259 821 1260 1076 1260 1077 1260 824 1261 823 1261 1078 1261 823 1262 1077 1262 1078 1262 709 1263 824 1263 1079 1263 824 1264 1078 1264 1079 1264 708 1265 709 1265 1080 1265 709 1266 1079 1266 1080 1266 708 1267 1080 1267 1081 1267 711 1267 708 1267 1081 1267 711 1268 1081 1268 1082 1268 715 1268 711 1268 1082 1268 715 1269 1082 1269 1083 1269 718 1270 715 1270 1083 1270 725 1271 718 1271 1083 1271 725 1272 1083 1272 965 1272 877 269 876 269 1084 269 943 269 1086 269 1085 269 943 269 1085 269 944 269 881 1273 1088 1273 1087 1273 881 269 877 269 1088 269 942 269 1089 269 1086 269 942 269 1086 269 943 269 885 269 1087 269 1090 269 885 269 881 269 1087 269 941 269 1089 269 942 269 894 269 885 269 1090 269 940 269 1089 269 941 269 1091 1274 859 1274 856 1274 1091 1275 861 1275 859 1275 940 269 1092 269 1089 269 1093 1276 1091 1276 856 1276 907 269 894 269 1090 269 907 1277 1090 1277 1094 1277 1093 1278 856 1278 855 1278 939 1279 1092 1279 940 1279 1095 269 861 269 1091 269 1095 269 862 269 861 269 939 269 1096 269 1092 269 911 1280 907 1280 1094 1280 911 1281 1094 1281 1097 1281 1098 269 1093 269 855 269 1098 1282 855 1282 853 1282 938 1283 1096 1283 939 1283 938 1284 1099 1284 1096 1284 1100 269 862 269 1095 269 918 269 911 269 1097 269 1100 1285 864 1285 862 1285 918 1286 1097 1286 1101 1286 1102 269 1098 269 853 269 1102 1287 853 1287 851 1287 937 269 1099 269 938 269 937 1288 1103 1288 1099 1288 919 269 918 269 1101 269 919 1289 1101 1289 1104 1289 1105 1290 864 1290 1100 1290 1105 269 865 269 864 269 1106 1291 1102 1291 851 1291 936 269 1107 269 1103 269 936 269 1103 269 937 269 920 1292 919 1292 1104 1292 920 269 1104 269 1108 269 1106 1293 851 1293 850 1293 1109 1294 865 1294 1105 1294 935 1295 1110 1295 1107 1295 935 1296 1107 1296 936 1296 1109 1297 867 1297 865 1297 921 1298 920 1298 1108 1298 1111 269 1106 269 850 269 934 269 1110 269 935 269 1111 1299 850 1299 847 1299 922 1300 1108 1300 1112 1300 1113 269 867 269 1109 269 1113 1301 871 1301 867 1301 922 269 921 269 1108 269 1113 1302 872 1302 871 1302 933 269 1114 269 1110 269 1115 1303 1111 1303 847 1303 933 1304 1110 1304 934 1304 923 1305 1112 1305 1116 1305 1115 1306 846 1306 843 1306 1115 1307 847 1307 846 1307 1117 1308 873 1308 872 1308 923 269 922 269 1112 269 932 1309 1118 1309 1114 1309 1117 269 872 269 1113 269 932 1310 1114 1310 933 1310 924 1311 1116 1311 1119 1311 924 1312 923 1312 1116 1312 1120 1313 1115 1313 843 1313 931 1314 1121 1314 1118 1314 931 269 1118 269 932 269 1120 1315 843 1315 842 1315 925 1316 1119 1316 1122 1316 1123 269 874 269 873 269 925 1317 924 1317 1119 1317 930 269 1124 269 1121 269 1123 1318 873 1318 1117 1318 930 1319 1121 1319 931 1319 926 1320 1122 1320 1125 1320 926 1321 925 1321 1122 1321 929 1322 1126 1322 1124 1322 929 269 1124 269 930 269 927 269 926 269 1125 269 927 1323 1125 1323 1126 1323 1127 1324 842 1324 839 1324 1127 269 1120 269 842 269 928 269 927 269 1126 269 928 1325 1126 1325 929 1325 1128 269 878 269 874 269 1128 1326 874 1326 1123 1326 1129 1327 839 1327 837 1327 1129 1328 1127 1328 839 1328 1130 269 879 269 878 269 1130 1329 878 1329 1128 1329 1131 269 1129 269 837 269 1131 1330 837 1330 835 1330 1132 1331 880 1331 879 1331 1132 1332 879 1332 1130 1332 1133 269 1131 269 835 269 1133 1333 835 1333 832 1333 1134 269 829 269 830 269 1134 269 830 269 880 269 1134 269 880 269 1132 269 1135 269 1133 269 832 269 1135 1334 831 1334 828 1334 1135 269 832 269 831 269 1136 1331 833 1331 829 1331 1136 269 829 269 1134 269 1137 269 1135 269 828 269 1137 1335 828 1335 827 1335 1138 269 834 269 833 269 1138 269 833 269 1136 269 1139 269 1137 269 827 269 1139 1336 827 1336 826 1336 1140 269 836 269 834 269 1140 269 834 269 1138 269 1141 1337 1139 1337 826 1337 1141 1338 826 1338 963 1338 1142 269 838 269 836 269 1142 1339 836 1339 1140 1339 1143 269 1141 269 963 269 1143 1340 963 1340 962 1340 1144 1341 840 1341 838 1341 1144 269 838 269 1142 269 1145 269 1143 269 962 269 1145 1342 961 1342 960 1342 1145 1343 962 1343 961 1343 1146 269 841 269 840 269 1146 1301 844 1301 841 1301 1146 269 840 269 1144 269 1147 1344 1145 1344 960 1344 1147 1345 960 1345 959 1345 1148 1297 845 1297 844 1297 1148 269 844 269 1146 269 1149 269 1147 269 959 269 1149 1346 959 1346 958 1346 1150 269 848 269 845 269 1150 1347 845 1347 1148 1347 1151 1348 1149 1348 958 1348 1151 1349 958 1349 957 1349 1152 1285 849 1285 848 1285 1152 1350 848 1350 1150 1350 1153 1351 957 1351 956 1351 1153 269 1151 269 957 269 1154 269 852 269 849 269 1154 269 849 269 1152 269 1155 1352 956 1352 955 1352 1155 269 1153 269 956 269 1156 1275 854 1275 852 1275 1156 269 852 269 1154 269 1157 269 1155 269 955 269 954 269 1157 269 955 269 857 1353 1156 1353 1158 1353 857 269 854 269 1156 269 953 1322 1159 1322 1157 1322 953 1325 1157 1325 954 1325 858 269 857 269 1158 269 858 1354 1158 1354 1160 1354 952 269 1161 269 1159 269 952 269 1159 269 953 269 860 1355 858 1355 1160 1355 860 1356 1160 1356 1162 1356 951 1319 1161 1319 952 1319 951 1357 1163 1357 1161 1357 863 1358 1162 1358 1164 1358 863 1359 860 1359 1162 1359 950 269 1163 269 951 269 950 1360 1165 1360 1163 1360 866 1361 1164 1361 1166 1361 866 1362 863 1362 1164 1362 949 269 1165 269 950 269 949 269 1167 269 1165 269 868 1363 1166 1363 1168 1363 868 269 866 269 1166 269 948 269 1167 269 949 269 869 269 868 269 1168 269 947 1364 1167 1364 948 1364 947 269 1169 269 1167 269 870 269 1168 269 1170 269 870 1365 869 1365 1168 1365 946 1366 1171 1366 1169 1366 946 1367 1169 1367 947 1367 875 1368 1170 1368 1172 1368 875 1369 870 1369 1170 1369 945 1288 1173 1288 1171 1288 945 269 1171 269 946 269 876 1370 1172 1370 1084 1370 876 269 875 269 1172 269 944 269 1173 269 945 269 944 1284 1085 1284 1173 1284 877 1371 1084 1371 1088 1371 1176 1372 1175 1372 1174 1372 1177 1372 1176 1372 1174 1372 892 1373 891 1373 1178 1373 1177 1374 1174 1374 1179 1374 1180 1375 1177 1375 1179 1375 1183 1376 1182 1376 1181 1376 1180 1377 1179 1377 1184 1377 1183 1378 1185 1378 1182 1378 897 1379 892 1380 1178 1381 1186 1382 1180 1382 1184 1382 1186 1383 1184 1383 1187 1383 898 1384 897 1385 1178 1385 1189 1386 1181 1386 1188 1386 1189 1387 1183 1387 1181 1387 1190 1388 1186 1388 1187 1388 1192 1389 1188 1389 1191 1389 1192 1390 1191 1390 1193 1390 1194 1391 1190 1391 1187 1391 1192 1389 1189 1389 1188 1389 1194 1392 1187 1392 1195 1392 1194 1393 1195 1393 1196 1393 1197 1394 1192 1394 1193 1394 1198 1393 1194 1393 1196 1393 1197 1395 1193 1395 1199 1395 899 1396 898 1396 1178 1396 1198 1397 1196 1397 1200 1397 1201 1398 1197 1398 1199 1398 1202 1399 1198 1399 1200 1399 1201 1400 1199 1400 1203 1400 1185 1401 1202 1401 1200 1401 1185 1402 1200 1402 1182 1402 1204 1403 1201 1403 1203 1403 900 1404 899 1405 1178 1406 1205 1407 1204 1407 1203 1407 1205 1408 1203 1408 1206 1408 1205 1409 1206 1409 1207 1409 1208 1409 1205 1409 1207 1409 1209 1410 1208 1410 1207 1410 901 1411 900 1411 1178 1411 1209 1412 1207 1412 1210 1412 1209 1413 1210 1413 1211 1413 1212 1414 1209 1414 1211 1414 1212 1415 1211 1415 1213 1415 1214 1415 1212 1415 1213 1415 1215 1416 1214 1416 895 1416 1215 1417 895 1417 896 1417 893 1418 1213 1418 1216 1418 1215 1419 896 1420 904 1421 1215 1422 904 1423 905 1424 1215 1425 905 1426 906 1427 1215 1428 906 1428 908 1428 1215 1429 908 1430 909 1431 890 1432 893 1433 1216 1434 1215 1435 909 1436 910 1437 895 1438 1214 1438 1213 1438 895 1439 1213 1440 893 1441 902 1442 901 1443 1178 1444 889 1445 890 1445 1216 1445 888 1446 889 1447 1216 1448 1217 1449 903 1449 902 1449 1217 1450 902 1450 1178 1450 1218 1451 912 1451 903 1451 1218 1452 913 1452 912 1452 1218 1453 914 1454 913 1455 1218 1456 915 1457 914 1458 1218 1459 916 1459 915 1459 1218 1460 917 1461 916 1462 887 1463 888 1463 1216 1463 1218 1464 910 1465 917 1466 886 1467 887 1467 1216 1467 1218 1468 1215 1468 910 1468 1219 1469 903 1469 1217 1469 884 1470 886 1470 1216 1470 1219 1471 1218 1471 903 1471 1219 1472 1217 1472 1220 1472 883 1473 884 1474 1216 1475 1221 1472 1219 1472 1220 1472 882 1476 1216 1476 1178 1476 882 1477 883 1478 1216 1479 1222 1480 1221 1480 1220 1480 1222 1481 1220 1481 1223 1481 1222 1482 1223 1482 1175 1482 891 1483 882 1484 1178 1485 1176 1486 1222 1486 1175 1486 1224 1487 978 1487 976 1487 1040 224 1225 224 1041 224 1225 224 1226 224 1041 224 1227 224 1224 224 974 224 1224 1488 976 1488 974 1488 1041 224 1226 224 1042 224 1226 224 1228 224 1042 224 1229 224 1227 224 972 224 1227 1489 974 1489 972 1489 1042 1490 1228 1490 1043 1490 1230 1491 1229 1491 970 1491 1229 1492 972 1492 970 1492 1228 224 1231 224 1044 224 1043 1493 1228 1493 1044 1493 1230 1494 970 1494 967 1494 1231 224 1232 224 1045 224 1044 224 1231 224 1045 224 1230 1495 967 1495 966 1495 1233 224 1230 224 966 224 1045 224 1232 224 1046 224 1232 224 1234 224 1046 224 998 1496 996 1496 1235 1496 1236 224 1233 224 964 224 1233 1497 966 1497 964 1497 1000 224 998 224 1237 224 1046 224 1234 224 1047 224 1002 224 1000 224 1237 224 998 1498 1235 1498 1237 1498 996 224 994 224 1238 224 1235 224 996 224 1238 224 1004 224 1002 224 1239 224 1002 1499 1237 1499 1239 1499 1236 1500 964 1500 965 1500 1240 224 1236 224 965 224 1047 1501 1234 1501 1048 1501 992 224 989 224 1241 224 994 224 992 224 1241 224 1238 224 994 224 1241 224 1234 224 1242 224 1048 224 1240 1502 965 1502 1083 1502 1006 224 1004 224 1243 224 1004 1503 1239 1503 1243 1503 1048 1504 1242 1504 1049 1504 1242 1505 1244 1505 1049 1505 1245 224 1240 224 1082 224 989 224 987 224 1246 224 1241 224 989 224 1246 224 1240 1506 1083 1506 1082 1506 1008 224 1006 224 1247 224 1011 1507 1008 1507 1247 1507 1049 1508 1244 1508 1050 1508 1244 1509 1248 1509 1050 1509 1006 1510 1243 1510 1247 1510 1249 224 1245 224 1081 224 1245 1511 1082 1511 1081 1511 987 224 985 224 1250 224 1246 224 987 224 1250 224 1050 224 1248 224 1051 224 1251 1512 1249 1512 1080 1512 1013 1513 1011 1513 1252 1513 1249 1514 1081 1514 1080 1514 1011 1515 1247 1515 1252 1515 983 1516 981 1516 1253 1516 985 1517 983 1517 1253 1517 1248 1518 1254 1518 1052 1518 1051 224 1248 224 1052 224 1250 224 985 224 1253 224 1014 224 1013 224 1255 224 1251 1519 1080 1519 1079 1519 1013 1520 1252 1520 1255 1520 1254 1521 1256 1521 1053 1521 1052 1522 1254 1522 1053 1522 981 224 979 224 1257 224 1258 224 1251 224 1078 224 1253 224 981 224 1257 224 1015 1523 1014 1523 1259 1523 1016 1524 1015 1524 1259 1524 1251 1525 1079 1525 1078 1525 1014 1526 1255 1526 1259 1526 1053 1527 1256 1527 1054 1527 1256 224 1260 224 1054 224 1258 1528 1078 1528 1077 1528 979 224 977 224 1261 224 1262 224 1258 224 1077 224 1257 224 979 224 1261 224 1054 224 1260 224 1055 224 1017 224 1016 224 1263 224 1016 1529 1259 1529 1263 1529 1264 224 1262 224 1076 224 1262 1530 1077 1530 1076 1530 975 1531 973 1531 1265 1531 977 224 975 224 1265 224 1055 224 1260 224 1056 224 1260 224 1266 224 1056 224 1261 224 977 224 1265 224 1017 1532 1263 1532 1267 1532 1018 224 1017 224 1267 224 1264 1533 1076 1533 1075 1533 973 1534 971 1534 1268 1534 1265 224 973 224 1268 224 1266 1535 1269 1535 1057 1535 1056 224 1266 224 1057 224 1270 1536 1264 1536 1074 1536 1264 1537 1075 1537 1074 1537 1018 1538 1267 1538 1271 1538 1019 224 1018 224 1271 224 1020 224 1019 224 1271 224 1269 224 1272 224 1058 224 1057 224 1269 224 1058 224 1273 224 1270 224 1073 224 971 1539 968 1539 1274 1539 1270 1540 1074 1540 1073 1540 1268 1541 971 1541 1274 1541 1020 1542 1271 1542 1275 1542 1021 224 1020 224 1275 224 1058 224 1272 224 1059 224 1273 1543 1073 1543 1072 1543 1276 224 1273 224 1072 224 968 224 969 224 1277 224 1059 1544 1272 1544 1060 1544 969 224 1012 224 1277 224 1274 1545 968 1545 1277 1545 1272 224 1278 224 1060 224 1276 1546 1072 1546 1071 1546 1060 224 1278 224 1061 224 1022 224 1021 224 1279 224 1278 224 1280 224 1061 224 1021 224 1275 224 1279 224 1276 1547 1071 1547 1070 1547 1281 224 1276 224 1070 224 1012 1548 1010 1548 1282 1548 1277 1549 1012 1549 1282 1549 1061 1550 1280 1550 1062 1550 1280 224 1283 224 1062 224 1023 224 1022 224 1284 224 1285 224 1281 224 1069 224 1024 224 1023 224 1284 224 1281 1551 1070 1551 1069 1551 1022 1552 1279 1552 1284 1552 1062 224 1283 224 1063 224 1285 224 1069 224 1068 224 1286 224 1285 224 1068 224 1282 1553 1010 1553 1287 1553 1063 224 1283 224 1064 224 1283 224 1288 224 1064 224 1010 1554 1009 1554 1287 1554 1286 224 1068 224 1067 224 1025 224 1024 224 1289 224 1064 224 1288 224 1065 224 1024 1555 1284 1555 1289 1555 1288 224 1290 224 1065 224 1286 1556 1067 1556 1066 1556 1065 224 1290 224 1066 224 1290 224 1286 224 1066 224 1007 224 1005 224 1291 224 1009 224 1007 224 1291 224 1287 224 1009 224 1291 224 1026 224 1025 224 1292 224 1025 1557 1289 1557 1292 1557 1005 224 1003 224 1293 224 1291 224 1005 224 1293 224 1026 1558 1292 1558 1294 1558 1027 1559 1026 1559 1294 1559 1028 1560 1027 1560 1294 1560 1003 224 1001 224 1295 224 1293 1561 1003 1561 1295 1561 1029 224 1028 224 1296 224 1028 1562 1294 1562 1296 1562 999 1563 997 1563 1297 1563 1001 224 999 224 1297 224 1295 224 1001 224 1297 224 1030 1564 1029 1564 1298 1564 1029 1565 1296 1565 1298 1565 997 224 995 224 1299 224 1297 224 997 224 1299 224 1031 224 1030 224 1300 224 1032 224 1031 224 1300 224 1030 1566 1298 1566 1300 1566 995 1567 993 1567 1301 1567 1299 224 995 224 1301 224 1032 1568 1300 1568 1302 1568 1033 224 1032 224 1302 224 991 224 990 224 1303 224 993 224 991 224 1303 224 1301 224 993 224 1303 224 1033 1569 1302 1569 1304 1569 1034 224 1033 224 1304 224 1303 224 990 224 1305 224 990 224 988 224 1305 224 1034 1570 1304 1570 1306 1570 1035 224 1034 224 1306 224 1305 224 988 224 1307 224 1307 1571 988 1571 986 1571 1035 224 1306 224 1036 224 1036 1572 1306 1572 1308 1572 1307 224 986 224 1309 224 1309 1573 986 1573 984 1573 1036 1574 1308 1574 1037 1574 1308 224 1310 224 1037 224 1309 224 984 224 982 224 1311 224 1309 224 982 224 1037 224 1310 224 1038 224 1310 224 1312 224 1038 224 1313 224 1311 224 980 224 1311 224 982 224 980 224 1038 224 1312 224 1039 224 1224 224 1313 224 978 224 1313 1575 980 1575 978 1575 1039 224 1312 224 1040 224 1312 224 1225 224 1040 224 1134 1576 1315 1576 1314 1576 1136 1576 1134 1576 1314 1576 1138 1577 1136 1577 1316 1577 1136 1578 1314 1578 1316 1578 1140 1579 1138 1579 1317 1579 1138 1580 1316 1580 1317 1580 1140 1581 1317 1581 1318 1581 1142 1582 1140 1582 1318 1582 1142 1583 1318 1583 1319 1583 1144 1584 1142 1584 1319 1584 1144 1585 1319 1585 1320 1585 1146 1586 1144 1586 1320 1586 1146 1587 1320 1587 1321 1587 1148 1588 1146 1588 1321 1588 1150 1589 1148 1589 1321 1589 1150 1590 1321 1590 1322 1590 1154 1591 1152 1591 1323 1591 1150 1592 1322 1592 1323 1592 1152 1593 1150 1593 1323 1593 1154 1594 1323 1594 1324 1594 1156 1595 1154 1595 1325 1595 1158 1596 1156 1596 1325 1596 1154 1597 1324 1597 1325 1597 1158 1596 1325 1596 1326 1596 1160 1598 1158 1598 1327 1598 1158 1599 1326 1599 1327 1599 1162 1600 1160 1600 1328 1600 1160 1601 1327 1601 1328 1601 1164 1602 1162 1602 1329 1602 1162 1603 1328 1603 1329 1603 1166 1604 1164 1604 1330 1604 1164 1605 1329 1605 1330 1605 1168 1606 1166 1606 1331 1606 1166 1607 1330 1607 1331 1607 1170 1608 1168 1608 1332 1608 1172 1609 1170 1609 1332 1609 1168 1610 1331 1610 1332 1610 1172 1611 1332 1611 1333 1611 1084 1612 1172 1612 1334 1612 1088 1613 1084 1613 1334 1613 1172 1612 1333 1612 1334 1612 1088 1614 1334 1614 1335 1614 1087 1615 1088 1615 1336 1615 1088 1616 1335 1616 1336 1616 1090 807 1087 807 1337 807 1094 1617 1090 1617 1337 1617 1087 807 1336 807 1337 807 1094 1618 1337 1618 1338 1618 1097 1619 1094 1619 1339 1619 1094 1620 1338 1620 1339 1620 1101 1621 1097 1621 1340 1621 1104 1622 1101 1622 1340 1622 1097 1621 1339 1621 1340 1621 1104 1623 1340 1623 1341 1623 1108 1624 1104 1624 1342 1624 1112 1625 1108 1625 1342 1625 1104 1626 1341 1626 1342 1626 1112 1627 1342 1627 1343 1627 1112 1628 1343 1628 1344 1628 1116 1629 1112 1629 1344 1629 1116 1630 1344 1630 1345 1630 1119 1631 1116 1631 1345 1631 1122 1632 1119 1632 1345 1632 1122 1633 1345 1633 1346 1633 1122 1634 1346 1634 1347 1634 1125 1635 1122 1635 1347 1635 1125 1636 1347 1636 1348 1636 1126 1636 1125 1636 1348 1636 1124 1637 1126 1637 1349 1637 1126 1638 1348 1638 1349 1638 1121 1639 1124 1639 1350 1639 1124 1640 1349 1640 1350 1640 1118 1641 1121 1641 1350 1641 1118 1642 1350 1642 1351 1642 1114 1643 1118 1643 1352 1643 1118 1644 1351 1644 1352 1644 1110 1645 1114 1645 1353 1645 1114 1646 1352 1646 1353 1646 1107 1647 1110 1647 1354 1647 1110 1648 1353 1648 1354 1648 1103 1649 1107 1649 1355 1649 1107 1650 1354 1650 1355 1650 1099 1651 1103 1651 1356 1651 1096 1652 1099 1652 1356 1652 1103 1653 1355 1653 1356 1653 1096 1654 1356 1654 1357 1654 1092 1655 1096 1655 1358 1655 1096 1656 1357 1656 1358 1656 1089 1657 1092 1657 1359 1657 1092 1657 1358 1657 1359 1657 1086 1658 1089 1658 1360 1658 1089 1658 1359 1658 1360 1658 1085 1659 1086 1659 1361 1659 1173 1660 1085 1660 1361 1660 1086 1661 1360 1661 1361 1661 1173 1662 1361 1662 1362 1662 1171 1663 1173 1663 1363 1663 1173 1664 1362 1664 1363 1664 1169 1665 1171 1665 1364 1665 1171 1666 1363 1666 1364 1666 1167 1667 1169 1667 1365 1667 1169 1668 1364 1668 1365 1668 1165 1669 1167 1669 1366 1669 1163 1670 1165 1670 1366 1670 1167 1671 1365 1671 1366 1671 1163 1672 1366 1672 1367 1672 1163 1673 1367 1673 1368 1673 1161 1674 1163 1674 1368 1674 1161 1675 1368 1675 1369 1675 1159 1676 1161 1676 1369 1676 1159 1677 1369 1677 1370 1677 1157 1678 1159 1678 1370 1678 1157 1679 1370 1679 1371 1679 1155 1679 1157 1679 1371 1679 1153 1680 1155 1680 1371 1680 1153 1681 1371 1681 1372 1681 1153 1682 1372 1682 1373 1682 1151 1683 1153 1683 1373 1683 1151 1684 1373 1684 1374 1684 1149 1685 1151 1685 1374 1685 1149 1686 1374 1686 1375 1686 1147 1687 1149 1687 1375 1687 1147 1688 1375 1688 1376 1688 1145 1689 1147 1689 1376 1689 1145 1690 1376 1690 1377 1690 1143 1691 1145 1691 1377 1691 1143 1692 1377 1692 1378 1692 1141 1693 1143 1693 1378 1693 1139 1694 1141 1694 1378 1694 1139 1694 1378 1694 1379 1694 1139 1695 1379 1695 1380 1695 1137 1696 1139 1696 1380 1696 1137 1697 1380 1697 1381 1697 1135 1698 1137 1698 1381 1698 1135 1699 1381 1699 1382 1699 1133 1699 1135 1699 1382 1699 1133 1700 1382 1700 1383 1700 1131 1701 1133 1701 1383 1701 1129 1702 1131 1702 1384 1702 1131 1703 1383 1703 1384 1703 1127 1704 1129 1704 1385 1704 1129 1704 1384 1704 1385 1704 1120 1705 1127 1705 1386 1705 1127 1706 1385 1706 1386 1706 1115 1707 1120 1707 1387 1707 1120 1708 1386 1708 1387 1708 1111 1709 1115 1709 1388 1709 1106 1710 1111 1710 1388 1710 1115 1711 1387 1711 1388 1711 1106 1712 1388 1712 1389 1712 1102 1713 1106 1713 1390 1713 1106 1714 1389 1714 1390 1714 1098 1715 1102 1715 1391 1715 1102 1716 1390 1716 1391 1716 1093 1717 1098 1717 1392 1717 1098 1718 1391 1718 1392 1718 1091 1719 1093 1719 1393 1719 1093 1719 1392 1719 1393 1719 1091 1720 1393 1720 1394 1720 1095 1721 1091 1721 1394 1721 1095 1722 1394 1722 1395 1722 1100 1723 1095 1723 1395 1723 1100 1724 1395 1724 1396 1724 1105 1725 1100 1725 1396 1725 1105 1726 1396 1726 1397 1726 1109 1727 1105 1727 1397 1727 1109 1728 1397 1728 1398 1728 1113 1729 1109 1729 1398 1729 1117 1730 1113 1730 1398 1730 1117 1731 1398 1731 1399 1731 1117 1732 1399 1732 1400 1732 1123 1733 1117 1733 1400 1733 1123 1734 1400 1734 1401 1734 1128 1735 1123 1735 1401 1735 1128 1736 1401 1736 1402 1736 1130 1737 1128 1737 1402 1737 1130 1738 1402 1738 1403 1738 1132 1739 1130 1739 1403 1739 1132 1740 1403 1740 1315 1740 1134 1740 1132 1740 1315 1740 1190 1741 1194 1741 1186 1741 1194 1741 1198 1741 1202 1741 1194 1742 1202 1742 1185 1742 1177 1741 1180 1741 1183 1741 1180 1741 1186 1741 1183 1741 1186 1743 1194 1743 1183 1743 1194 1744 1185 1744 1183 1744 1177 1741 1183 1741 1176 1741 1183 1745 1189 1745 1192 1745 1176 1741 1183 1741 1192 1741 1222 1741 1176 1741 1221 1741 1221 1741 1176 1741 1219 1741 1192 1746 1197 1746 1201 1746 1176 1747 1192 1747 1204 1747 1192 1748 1201 1748 1204 1748 1218 1741 1219 1741 1215 1741 1219 1741 1176 1741 1215 1741 1176 1749 1204 1749 1215 1749 1214 1741 1215 1741 1212 1741 1204 1750 1205 1750 1209 1750 1205 1751 1208 1751 1209 1751 1215 1752 1204 1752 1209 1752 1212 1741 1215 1741 1209 1741 1184 1753 1195 1753 1187 1753 1200 1754 1196 1754 1195 1754 1182 1755 1200 1755 1195 1755 1181 1756 1179 1756 1174 1756 1181 1757 1184 1757 1179 1757 1181 1758 1195 1758 1184 1758 1181 1759 1182 1759 1195 1759 1175 1754 1181 1754 1174 1754 1191 1760 1188 1760 1181 1760 1191 1754 1181 1754 1175 1754 1220 1761 1175 1761 1223 1761 1217 1754 1175 1754 1220 1754 1199 1762 1193 1762 1191 1762 1203 1754 1191 1754 1175 1754 1203 1754 1199 1754 1191 1754 1216 1754 1217 1754 1178 1754 1216 1754 1175 1754 1217 1754 1216 1763 1203 1763 1175 1763 1211 1754 1216 1754 1213 1754 1210 1764 1206 1764 1203 1764 1210 1765 1207 1765 1206 1765 1210 1754 1203 1754 1216 1754 1210 1754 1216 1754 1211 1754 1315 1766 1277 1766 1282 1766 1314 1767 1282 1767 1287 1767 1314 1768 1315 1768 1282 1768 1316 1769 1287 1769 1291 1769 1316 1770 1314 1770 1287 1770 1317 1771 1316 1771 1291 1771 1318 1772 1291 1772 1293 1772 1318 1773 1293 1773 1295 1773 1318 1774 1317 1774 1291 1774 1319 1775 1318 1775 1295 1775 1320 1776 1319 1776 1295 1776 1320 1777 1295 1777 1297 1777 1321 1778 1320 1778 1297 1778 1321 1779 1297 1779 1299 1779 1322 1780 1299 1780 1301 1780 1322 1781 1301 1781 1303 1781 1322 1782 1321 1782 1299 1782 1323 1783 1322 1783 1303 1783 1324 1784 1303 1784 1305 1784 1324 1785 1323 1785 1303 1785 1325 1786 1305 1786 1307 1786 1325 1787 1324 1787 1305 1787 1326 1788 1307 1788 1309 1788 1326 1788 1325 1788 1307 1788 1327 1789 1309 1789 1311 1789 1327 1790 1326 1790 1309 1790 1328 1791 1311 1791 1313 1791 1328 1792 1327 1792 1311 1792 1329 1793 1313 1793 1224 1793 1329 1793 1328 1793 1313 1793 1330 1794 1224 1794 1227 1794 1330 1795 1227 1795 1229 1795 1330 1796 1329 1796 1224 1796 1331 1797 1330 1797 1229 1797 1332 1798 1229 1798 1230 1798 1332 1799 1331 1799 1229 1799 1333 1800 1230 1800 1233 1800 1333 1801 1233 1801 1236 1801 1333 1802 1332 1802 1230 1802 1334 1803 1333 1803 1236 1803 1335 1804 1236 1804 1240 1804 1335 1804 1334 1804 1236 1804 1336 1805 1240 1805 1245 1805 1336 1806 1335 1806 1240 1806 1337 807 1245 807 1249 807 1337 1807 1249 1807 1251 1807 1337 807 1336 807 1245 807 1338 1808 1337 1808 1251 1808 1339 1809 1251 1809 1258 1809 1339 1809 1338 1809 1251 1809 1340 1810 1258 1810 1262 1810 1340 1811 1339 1811 1258 1811 1341 1812 1262 1812 1264 1812 1341 1813 1340 1813 1262 1813 1342 1814 1264 1814 1270 1814 1342 1815 1341 1815 1264 1815 1343 1816 1342 1816 1270 1816 1343 1817 1270 1817 1273 1817 1344 1818 1343 1818 1273 1818 1344 1819 1273 1819 1276 1819 1344 1820 1276 1820 1281 1820 1345 1820 1344 1820 1281 1820 1346 1821 1345 1821 1281 1821 1346 1822 1281 1822 1285 1822 1347 1823 1346 1823 1285 1823 1347 1824 1285 1824 1286 1824 1348 1825 1347 1825 1286 1825 1348 1825 1286 1825 1290 1825 1349 1826 1348 1826 1290 1826 1349 1827 1290 1827 1288 1827 1350 1828 1349 1828 1288 1828 1350 1829 1288 1829 1283 1829 1351 1830 1350 1830 1283 1830 1351 1831 1283 1831 1280 1831 1351 1832 1280 1832 1278 1832 1352 1833 1351 1833 1278 1833 1353 1834 1278 1834 1272 1834 1353 1835 1352 1835 1278 1835 1354 1836 1272 1836 1269 1836 1354 1837 1353 1837 1272 1837 1355 1838 1269 1838 1266 1838 1355 1839 1354 1839 1269 1839 1356 1840 1266 1840 1260 1840 1356 1841 1355 1841 1266 1841 1357 1842 1260 1842 1256 1842 1357 1843 1256 1843 1254 1843 1357 1844 1356 1844 1260 1844 1358 1845 1254 1845 1248 1845 1358 1846 1357 1846 1254 1846 1359 1847 1358 1847 1248 1847 1360 1848 1248 1848 1244 1848 1360 1849 1359 1849 1248 1849 1361 1850 1244 1850 1242 1850 1361 1851 1360 1851 1244 1851 1362 1852 1242 1852 1234 1852 1362 1853 1361 1853 1242 1853 1363 1854 1234 1854 1232 1854 1363 1855 1362 1855 1234 1855 1364 1856 1232 1856 1231 1856 1364 1857 1363 1857 1232 1857 1365 1858 1231 1858 1228 1858 1365 1859 1364 1859 1231 1859 1366 1860 1228 1860 1226 1860 1366 1861 1226 1861 1225 1861 1366 1862 1365 1862 1228 1862 1367 1863 1366 1863 1225 1863 1368 1864 1367 1864 1225 1864 1368 1864 1225 1864 1312 1864 1369 1865 1368 1865 1312 1865 1369 1866 1312 1866 1310 1866 1370 1867 1369 1867 1310 1867 1370 1868 1310 1868 1308 1868 1371 1869 1370 1869 1308 1869 1371 1869 1308 1869 1306 1869 1372 1870 1371 1870 1306 1870 1372 1871 1306 1871 1304 1871 1373 1872 1372 1872 1304 1872 1373 1873 1304 1873 1302 1873 1374 1874 1373 1874 1302 1874 1374 1874 1302 1874 1300 1874 1375 1875 1374 1875 1300 1875 1375 1876 1300 1876 1298 1876 1376 1877 1375 1877 1298 1877 1376 1878 1298 1878 1296 1878 1377 1879 1376 1879 1296 1879 1377 1880 1296 1880 1294 1880 1378 1881 1377 1881 1294 1881 1378 1882 1294 1882 1292 1882 1379 1883 1378 1883 1292 1883 1379 1884 1292 1884 1289 1884 1379 1885 1289 1885 1284 1885 1380 1885 1379 1885 1284 1885 1381 1886 1380 1886 1284 1886 1381 1887 1284 1887 1279 1887 1382 1699 1381 1699 1279 1699 1382 1699 1279 1699 1275 1699 1383 1888 1382 1888 1275 1888 1383 1889 1275 1889 1271 1889 1384 1890 1383 1890 1271 1890 1384 1890 1271 1890 1267 1890 1385 1891 1384 1891 1267 1891 1385 1892 1267 1892 1263 1892 1386 1893 1385 1893 1263 1893 1386 1894 1263 1894 1259 1894 1387 1895 1386 1895 1259 1895 1387 1896 1259 1896 1255 1896 1388 1897 1255 1897 1252 1897 1388 1898 1387 1898 1255 1898 1389 1899 1252 1899 1247 1899 1389 1900 1388 1900 1252 1900 1390 1901 1247 1901 1243 1901 1390 1901 1389 1901 1247 1901 1391 1902 1243 1902 1239 1902 1391 1903 1390 1903 1243 1903 1392 1904 1239 1904 1237 1904 1392 1905 1391 1905 1239 1905 1393 1906 1237 1906 1235 1906 1393 1907 1235 1907 1238 1907 1393 1906 1392 1906 1237 1906 1394 1908 1393 1908 1238 1908 1395 1909 1394 1909 1238 1909 1395 1910 1238 1910 1241 1910 1396 1911 1395 1911 1241 1911 1396 1911 1241 1911 1246 1911 1397 1912 1396 1912 1246 1912 1397 1913 1246 1913 1250 1913 1398 1914 1397 1914 1250 1914 1398 1915 1250 1915 1253 1915 1399 1916 1398 1916 1253 1916 1399 1917 1253 1917 1257 1917 1400 1918 1399 1918 1257 1918 1400 1919 1257 1919 1261 1919 1401 1920 1400 1920 1261 1920 1401 1921 1261 1921 1265 1921 1402 1922 1401 1922 1265 1922 1402 1923 1265 1923 1268 1923 1402 1924 1268 1924 1274 1924 1403 1925 1402 1925 1274 1925 1403 1926 1274 1926 1277 1926 1315 1927 1403 1927 1277 1927 1406 1928 1405 1928 1404 1928 1407 1929 1406 1929 1404 1929 1408 1930 1407 1930 1404 1930 1408 1931 1404 1931 1409 1931 1411 1932 1408 1932 1410 1932 1408 1933 1409 1933 1410 1933 1411 1934 1410 1934 1412 1934 1413 1934 1411 1934 1412 1934 1415 1935 1413 1935 1414 1935 1413 1935 1412 1935 1414 1935 1417 1936 1415 1936 1416 1936 1415 1937 1414 1937 1416 1937 1419 1938 1417 1938 1418 1938 1417 1939 1416 1939 1418 1939 1421 1940 1419 1940 1420 1940 1422 1941 1421 1941 1420 1941 1419 1942 1418 1942 1420 1942 1422 1943 1420 1943 1423 1943 1425 1944 1422 1944 1424 1944 1422 1945 1423 1945 1424 1945 1427 1946 1425 1946 1426 1946 1428 1947 1427 1947 1426 1947 1425 1948 1424 1948 1426 1948 1428 1949 1426 1949 1429 1949 1431 1950 1428 1950 1430 1950 1428 1951 1429 1951 1430 1951 1433 1952 1431 1952 1432 1952 1431 1953 1430 1953 1432 1953 1435 1954 1433 1954 1434 1954 1436 1955 1435 1955 1434 1955 1433 1956 1432 1956 1434 1956 1436 1957 1434 1957 1437 1957 1439 1958 1436 1958 1438 1958 1436 1959 1437 1959 1438 1959 1441 1960 1439 1960 1440 1960 1439 1961 1438 1961 1440 1961 1443 1962 1441 1962 1442 1962 1444 1963 1443 1963 1442 1963 1441 1964 1440 1964 1442 1964 1446 1965 1444 1965 1445 1965 1444 1963 1442 1963 1445 1963 1448 1966 1446 1966 1447 1966 1446 1967 1445 1967 1447 1967 1448 1968 1447 1968 1449 1968 1451 1969 1448 1969 1450 1969 1452 1970 1451 1970 1450 1970 1448 1971 1449 1971 1450 1971 1454 1972 1452 1972 1453 1972 1452 1970 1450 1970 1453 1970 1456 1973 1454 1973 1455 1973 1454 1974 1453 1974 1455 1974 1456 1975 1455 1975 1457 1975 1456 1976 1457 1976 1458 1976 1459 1977 1456 1977 1458 1977 1460 1978 1459 1978 1458 1978 1460 1979 1458 1979 1461 1979 1462 1980 1460 1980 1461 1980 1462 1981 1461 1981 1463 1981 1464 1982 1462 1982 1463 1982 1464 1983 1463 1983 1465 1983 1464 1984 1465 1984 1466 1984 1467 1985 1464 1985 1466 1985 1468 1986 1467 1986 1466 1986 1468 1987 1466 1987 1469 1987 1470 1988 1468 1988 1469 1988 1470 1988 1469 1988 1471 1988 1472 1989 1470 1989 1471 1989 1472 1990 1471 1990 1473 1990 1474 1991 1472 1991 1473 1991 1476 1992 1474 1992 1475 1992 1474 1993 1473 1993 1475 1993 1478 1994 1476 1994 1477 1994 1476 1995 1475 1995 1477 1995 1480 1996 1478 1996 1479 1996 1478 1994 1477 1994 1479 1994 1482 1997 1480 1997 1481 1997 1480 1998 1479 1998 1481 1998 1482 1999 1481 1999 1483 1999 1485 2000 1482 2000 1484 2000 1486 2001 1485 2001 1484 2001 1482 2002 1483 2002 1484 2002 1488 2003 1486 2003 1487 2003 1486 2004 1484 2004 1487 2004 1490 2005 1488 2005 1489 2005 1488 2006 1487 2006 1489 2006 1492 2007 1490 2007 1491 2007 1490 2008 1489 2008 1491 2008 1494 2009 1492 2009 1493 2009 1492 2010 1491 2010 1493 2010 1496 2011 1494 2011 1495 2011 1494 2012 1493 2012 1495 2012 1496 2013 1495 2013 1497 2013 1499 2014 1496 2014 1498 2014 1500 2015 1499 2015 1498 2015 1496 2016 1497 2016 1498 2016 1502 2017 1500 2017 1501 2017 1500 2018 1498 2018 1501 2018 1504 2019 1502 2019 1503 2019 1502 2020 1501 2020 1503 2020 1506 2021 1504 2021 1505 2021 1504 2022 1503 2022 1505 2022 1508 2023 1506 2023 1507 2023 1506 2024 1505 2024 1507 2024 1510 2025 1508 2025 1509 2025 1508 2023 1507 2023 1509 2023 1510 2025 1509 2025 1511 2025 1512 2026 1510 2026 1511 2026 1512 2027 1511 2027 1513 2027 1512 2028 1513 2028 1514 2028 1515 2029 1512 2029 1514 2029 1516 2030 1515 2030 1514 2030 1516 2031 1514 2031 1517 2031 1518 2032 1516 2032 1517 2032 1518 2033 1517 2033 1519 2033 1520 2034 1518 2034 1519 2034 1520 2035 1519 2035 1521 2035 1522 2036 1520 2036 1521 2036 1522 2037 1521 2037 1523 2037 1524 2038 1522 2038 1523 2038 1524 2038 1523 2038 1525 2038 1526 2039 1524 2039 1525 2039 1526 2040 1525 2040 1527 2040 1528 2041 1526 2041 1527 2041 1528 2042 1527 2042 1529 2042 1528 2043 1529 2043 1530 2043 1531 2044 1528 2044 1530 2044 1531 2045 1530 2045 1532 2045 1533 2046 1531 2046 1532 2046 1534 2047 1533 2047 1532 2047 1534 2048 1532 2048 1535 2048 1534 2049 1535 2049 1536 2049 1537 2050 1534 2050 1536 2050 1538 2051 1537 2051 1536 2051 1538 2052 1536 2052 1539 2052 1538 2053 1539 2053 1540 2053 1541 2054 1538 2054 1540 2054 1543 2055 1541 2055 1542 2055 1544 2056 1543 2056 1542 2056 1541 2057 1540 2057 1542 2057 1544 2056 1542 2056 1545 2056 1547 2058 1544 2058 1546 2058 1548 2059 1547 2059 1546 2059 1544 2060 1545 2060 1546 2060 1548 2061 1546 2061 1549 2061 1551 2062 1548 2062 1550 2062 1548 2063 1549 2063 1550 2063 1553 2064 1551 2064 1552 2064 1551 2064 1550 2064 1552 2064 1555 2065 1553 2065 1554 2065 1556 2066 1555 2066 1554 2066 1553 2067 1552 2067 1554 2067 1556 2068 1554 2068 1557 2068 1559 2069 1556 2069 1558 2069 1556 2070 1557 2070 1558 2070 1559 2071 1558 2071 1560 2071 1561 2072 1559 2072 1560 2072 1562 2073 1561 2073 1560 2073 1562 2074 1560 2074 1563 2074 1562 2075 1563 2075 1564 2075 1565 2076 1562 2076 1564 2076 1566 2077 1565 2077 1564 2077 1566 2078 1564 2078 1567 2078 1566 2079 1567 2079 1568 2079 1569 2080 1566 2080 1568 2080 1569 2081 1568 2081 1570 2081 1571 2081 1569 2081 1570 2081 1571 2082 1570 2082 1572 2082 1573 2083 1571 2083 1572 2083 1573 2084 1572 2084 1574 2084 1575 2085 1573 2085 1574 2085 1576 2086 1575 2086 1574 2086 1576 2087 1574 2087 1577 2087 1576 2088 1577 2088 1578 2088 1579 2088 1576 2088 1578 2088 1580 2089 1579 2089 1578 2089 1580 2090 1578 2090 1581 2090 1580 2091 1581 2091 1582 2091 1583 2092 1580 2092 1582 2092 1583 2093 1582 2093 1584 2093 1585 2094 1583 2094 1584 2094 1586 2095 1585 2095 1584 2095 1586 2096 1584 2096 1587 2096 1586 2097 1587 2097 1588 2097 1589 2098 1586 2098 1588 2098 1589 2099 1588 2099 1590 2099 1591 2100 1589 2100 1590 2100 1591 2101 1590 2101 1592 2101 1593 2102 1591 2102 1592 2102 1594 2103 1593 2103 1592 2103 1594 2104 1592 2104 1595 2104 1594 2105 1595 2105 1596 2105 1597 2106 1594 2106 1596 2106 1598 2107 1597 2107 1596 2107 1598 2107 1596 2107 1599 2107 1598 2108 1599 2108 1600 2108 1601 2109 1598 2109 1600 2109 1601 2110 1600 2110 1602 2110 1603 2111 1601 2111 1602 2111 1603 2112 1602 2112 1405 2112 1406 2113 1603 2113 1405 2113 1416 269 1414 269 1412 269 1416 269 1412 269 1600 269 1552 2114 1600 2114 1557 2114 1513 2115 1455 2115 1453 2115 1552 2116 1416 2116 1600 2116 1552 269 1557 269 1554 269 1582 269 1587 269 1584 269 1513 2117 1447 2117 1430 2117 1513 2118 1430 2118 1517 2118 1513 2119 1453 2119 1447 2119 1513 2120 1517 2120 1514 2120 1550 269 1416 269 1552 269 1581 2121 1587 2121 1582 2121 1420 269 1418 269 1416 269 1420 2122 1416 2122 1550 2122 1461 2123 1457 2123 1455 2123 1461 269 1458 269 1457 269 1461 2124 1455 2124 1513 2124 1578 2125 1587 2125 1581 2125 1461 2126 1513 2126 1511 2126 1546 2127 1423 2127 1420 2127 1546 2128 1550 2128 1549 2128 1546 2129 1420 2129 1550 2129 1592 2130 1590 2130 1588 2130 1507 269 1511 269 1509 269 1424 2131 1423 2131 1546 2131 1507 269 1461 269 1511 269 1465 269 1463 269 1461 269 1545 2132 1424 2132 1546 2132 1465 269 1461 269 1507 269 1466 269 1465 269 1507 269 1542 2133 1424 2133 1545 2133 1503 2134 1507 2134 1505 2134 1540 2135 1426 2135 1424 2135 1540 2136 1424 2136 1542 2136 1498 269 1503 269 1501 269 1599 2137 1595 2137 1592 2137 1599 269 1596 269 1595 269 1570 2138 1574 2138 1572 2138 1570 269 1577 269 1574 269 1570 2139 1578 2139 1577 2139 1535 269 1539 269 1536 269 1475 2140 1469 2140 1466 2140 1475 2141 1471 2141 1469 2141 1475 2128 1473 2128 1471 2128 1437 269 1432 269 1430 269 1600 2142 1599 2142 1592 2142 1437 2143 1434 2143 1432 2143 1495 269 1498 269 1497 269 1495 269 1466 269 1507 269 1495 2144 1507 2144 1503 2144 1495 2145 1503 2145 1498 2145 1568 2146 1578 2146 1570 2146 1530 2147 1539 2147 1535 2147 1493 269 1466 269 1495 269 1530 2148 1535 2148 1532 2148 1567 269 1578 269 1568 269 1481 2149 1477 2149 1475 2149 1481 269 1479 269 1477 269 1442 269 1438 269 1437 269 1442 2150 1440 2150 1438 2150 1527 2151 1539 2151 1530 2151 1404 2152 1602 2152 1600 2152 1404 2153 1405 2153 1602 2153 1484 269 1483 269 1481 269 1527 2154 1530 2154 1529 2154 1527 2155 1540 2155 1539 2155 1527 2156 1426 2156 1540 2156 1484 269 1475 269 1466 269 1445 269 1437 269 1430 269 1484 269 1466 269 1493 269 1484 269 1481 269 1475 269 1445 269 1442 269 1437 269 1563 2157 1567 2157 1564 2157 1487 2158 1491 2158 1489 2158 1487 2159 1493 2159 1491 2159 1487 269 1484 269 1493 269 1447 269 1445 269 1430 269 1560 2160 1587 2160 1578 2160 1560 269 1592 269 1588 269 1523 2161 1429 2161 1426 2161 1560 269 1578 269 1567 269 1560 269 1567 269 1563 269 1560 2162 1588 2162 1587 2162 1523 269 1527 269 1525 269 1523 269 1426 269 1527 269 1412 2163 1404 2163 1600 2163 1412 2164 1409 2164 1404 2164 1412 269 1410 269 1409 269 1519 269 1523 269 1521 269 1453 2165 1449 2165 1447 2165 1557 2166 1600 2166 1592 2166 1453 269 1450 269 1449 269 1557 269 1592 269 1560 269 1557 269 1560 269 1558 269 1517 2167 1430 2167 1429 2167 1517 269 1429 269 1523 269 1517 269 1523 269 1519 269 1413 224 1415 224 1417 224 1601 224 1413 224 1417 224 1556 224 1601 224 1553 224 1452 2168 1454 2168 1512 2168 1601 2169 1417 2169 1553 2169 1555 224 1556 224 1553 224 1585 2170 1586 2170 1583 2170 1431 2171 1446 2171 1512 2171 1516 2172 1431 2172 1512 2172 1446 2173 1452 2173 1512 2173 1515 2174 1516 2174 1512 2174 1553 224 1417 224 1551 224 1583 224 1586 224 1580 224 1417 2175 1419 2175 1421 2175 1551 2176 1417 2176 1421 2176 1454 224 1456 224 1460 224 1456 2177 1459 2177 1460 2177 1512 2178 1454 2178 1460 2178 1580 2179 1586 2179 1579 2179 1510 224 1512 224 1460 224 1421 224 1422 224 1547 224 1548 2180 1551 2180 1547 2180 1551 2181 1421 2181 1547 2181 1589 224 1591 224 1593 224 1508 224 1510 224 1506 224 1547 2182 1422 2182 1425 2182 1510 224 1460 224 1506 224 1460 224 1462 224 1464 224 1547 224 1425 224 1544 224 1506 2183 1460 2183 1464 2183 1506 2184 1464 2184 1467 2184 1544 224 1425 224 1543 224 1504 224 1506 224 1502 224 1425 224 1427 224 1541 224 1543 224 1425 224 1541 224 1500 2185 1502 2185 1499 2185 1593 224 1594 224 1598 224 1594 224 1597 224 1598 224 1573 2186 1575 2186 1571 2186 1575 224 1576 224 1571 224 1576 224 1579 224 1571 224 1537 2187 1538 2187 1534 2187 1467 224 1468 224 1474 224 1468 2188 1470 2188 1474 2188 1470 2189 1472 2189 1474 2189 1431 224 1433 224 1436 224 1593 2190 1598 2190 1601 2190 1433 2191 1435 2191 1436 2191 1496 2192 1499 2192 1494 2192 1506 2193 1467 2193 1494 2193 1502 224 1506 224 1494 224 1499 224 1502 224 1494 224 1571 2194 1579 2194 1569 2194 1534 224 1538 224 1531 224 1494 224 1467 224 1492 224 1533 2195 1534 2195 1531 2195 1569 224 1579 224 1566 224 1474 224 1476 224 1480 224 1476 2196 1478 2196 1480 2196 1436 2197 1439 2197 1443 2197 1439 224 1441 224 1443 224 1531 224 1538 224 1526 224 1601 224 1603 224 1407 224 1603 224 1406 224 1407 224 1480 224 1482 224 1485 224 1528 224 1531 224 1526 224 1538 224 1541 224 1526 224 1541 224 1427 224 1526 224 1467 224 1474 224 1485 224 1431 2198 1436 2198 1444 2198 1492 224 1467 224 1485 224 1474 224 1480 224 1485 224 1436 2199 1443 2199 1444 2199 1565 224 1566 224 1562 224 1488 2200 1490 2200 1486 2200 1490 224 1492 224 1486 224 1492 2201 1485 2201 1486 2201 1431 2202 1444 2202 1446 2202 1579 224 1586 224 1561 224 1589 2203 1593 2203 1561 2203 1427 224 1428 224 1522 224 1566 224 1579 224 1561 224 1562 224 1566 224 1561 224 1586 224 1589 224 1561 224 1524 224 1526 224 1522 224 1526 224 1427 224 1522 224 1601 2204 1407 2204 1413 2204 1407 224 1408 224 1413 224 1408 2205 1411 2205 1413 2205 1520 2185 1522 2185 1518 2185 1446 2206 1448 2206 1452 2206 1593 2207 1601 2207 1556 2207 1448 2208 1451 2208 1452 2208 1561 224 1593 224 1556 224 1559 224 1561 224 1556 224 1428 2209 1431 2209 1516 2209 1522 224 1428 224 1516 224 1518 2210 1522 2210 1516 2210 1606 221 1605 221 1604 221 1606 220 1607 220 1605 220 1609 222 1604 222 1608 222 1609 223 1606 223 1604 223 1611 0 1608 0 1610 0 1611 1 1609 1 1608 1 1614 6 1613 6 1612 6 1614 4 1615 4 1613 4 1617 2 1610 2 1616 2 1617 3 1611 3 1610 3 1619 7 1612 7 1618 7 1619 334 1618 334 1620 334 1619 7 1614 7 1612 7 1622 5 1616 5 1621 5 1622 8 1617 8 1616 8 1624 14 1620 14 1623 14 1624 335 1619 335 1620 335 1626 9 1621 9 1625 9 1626 10 1622 10 1621 10 1628 21 1623 21 1627 21 1628 18 1624 18 1623 18 1630 11 1625 11 1629 11 1630 15 1626 15 1625 15 1632 25 1627 25 1631 25 1632 21 1628 21 1627 21 1634 336 1629 336 1633 336 1634 337 1630 337 1629 337 1636 30 1631 30 1635 30 1636 23 1632 23 1631 23 1638 19 1633 19 1637 19 1638 22 1634 22 1633 22 1640 29 1635 29 1639 29 1640 28 1636 28 1635 28 1642 24 1637 24 1641 24 1642 20 1638 20 1637 20 1644 37 1639 37 1643 37 1644 34 1640 34 1639 34 1646 26 1641 26 1645 26 1646 27 1642 27 1641 27 1648 338 1643 338 1647 338 1648 35 1644 35 1643 35 1650 31 1645 31 1649 31 1650 33 1646 33 1645 33 1651 339 1648 339 1647 339 1653 32 1649 32 1652 32 1653 32 1650 32 1649 32 1655 43 1647 43 1654 43 1657 36 1652 36 1656 36 1655 46 1651 46 1647 46 1657 38 1653 38 1652 38 1659 48 1654 48 1658 48 1661 40 1656 40 1660 40 1661 340 1660 340 1662 340 1659 49 1655 49 1654 49 1661 42 1657 42 1656 42 1663 341 1661 341 1662 341 1665 51 1658 51 1664 51 1665 53 1659 53 1658 53 1667 45 1662 45 1666 45 1667 52 1666 52 1668 52 1669 56 1665 56 1664 56 1669 58 1664 58 1670 58 1667 45 1663 45 1662 45 1671 50 1667 50 1668 50 1672 60 1669 60 1670 60 1672 61 1670 61 1673 61 1675 54 1668 54 1674 54 1675 55 1674 55 1676 55 1675 57 1671 57 1668 57 1677 65 1672 65 1673 65 1677 66 1673 66 1678 66 1680 64 1676 64 1679 64 1680 59 1675 59 1676 59 1681 68 1677 68 1678 68 1681 68 1678 68 1682 68 1684 63 1679 63 1683 63 1684 62 1680 62 1679 62 1686 70 1683 70 1685 70 1687 71 1681 71 1682 71 1687 73 1682 73 1688 73 1686 67 1684 67 1683 67 1690 74 1685 74 1689 74 1691 76 1687 76 1688 76 1691 77 1688 77 1692 77 1690 69 1686 69 1685 69 1693 72 1690 72 1689 72 1693 75 1689 75 1694 75 1695 79 1691 79 1692 79 1695 81 1692 81 1696 81 1697 75 1693 75 1694 75 1697 78 1694 78 1698 78 1699 85 1695 85 1696 85 1699 86 1696 86 1700 86 1701 80 1697 80 1698 80 1701 342 1698 342 1702 342 1703 90 1699 90 1700 90 1703 91 1700 91 1704 91 1705 343 1701 343 1702 343 1706 87 1705 87 1702 87 1706 84 1702 84 1707 84 1708 92 1703 92 1704 92 1708 93 1704 93 1709 93 1615 88 1706 88 1707 88 1615 89 1707 89 1613 89 1710 94 1708 94 1709 94 1710 95 1709 95 1711 95 1713 97 1711 97 1712 97 1713 96 1710 96 1711 96 1715 98 1712 98 1714 98 1715 99 1713 99 1712 99 1717 100 1714 100 1716 100 1717 101 1715 101 1714 101 1719 102 1716 102 1718 102 1719 103 1717 103 1716 103 1721 104 1718 104 1720 104 1721 105 1719 105 1718 105 1723 106 1720 106 1722 106 1723 106 1721 106 1720 106 1725 107 1722 107 1724 107 1725 107 1723 107 1722 107 1727 108 1724 108 1726 108 1727 110 1725 110 1724 110 1729 111 1726 111 1728 111 1729 109 1727 109 1726 109 1731 112 1728 112 1730 112 1731 113 1729 113 1728 113 1733 114 1730 114 1732 114 1733 115 1731 115 1730 115 1735 116 1732 116 1734 116 1735 117 1733 117 1732 117 1737 118 1734 118 1736 118 1737 119 1735 119 1734 119 1739 120 1736 120 1738 120 1739 121 1737 121 1736 121 1741 122 1738 122 1740 122 1741 123 1739 123 1738 123 1742 124 1741 124 1740 124 1742 125 1740 125 1743 125 1744 126 1742 126 1743 126 1744 127 1743 127 1745 127 1746 128 1744 128 1745 128 1746 129 1745 129 1747 129 1748 130 1746 130 1747 130 1748 131 1747 131 1749 131 1750 132 1748 132 1749 132 1750 132 1749 132 1751 132 1752 133 1750 133 1751 133 1752 134 1751 134 1753 134 1754 135 1752 135 1753 135 1754 136 1753 136 1755 136 1756 137 1754 137 1755 137 1756 138 1755 138 1757 138 1758 139 1756 139 1757 139 1758 140 1757 140 1759 140 1760 141 1758 141 1759 141 1760 142 1759 142 1761 142 1762 143 1760 143 1761 143 1762 144 1761 144 1763 144 1764 145 1762 145 1763 145 1764 146 1763 146 1765 146 1766 147 1764 147 1765 147 1766 148 1765 148 1767 148 1768 149 1766 149 1767 149 1768 150 1767 150 1769 150 1770 151 1768 151 1769 151 1770 152 1769 152 1771 152 1772 153 1770 153 1771 153 1772 154 1771 154 1773 154 1774 155 1772 155 1773 155 1774 155 1773 155 1775 155 1776 344 1774 344 1775 344 1776 345 1775 345 1777 345 1778 346 1776 346 1777 346 1778 347 1777 347 1779 347 1780 160 1778 160 1779 160 1780 160 1779 160 1781 160 1783 348 1781 348 1782 348 1783 349 1780 349 1781 349 1785 163 1782 163 1784 163 1785 164 1783 164 1782 164 1787 165 1784 165 1786 165 1787 167 1785 167 1784 167 1789 350 1786 350 1788 350 1789 351 1787 351 1786 351 1791 170 1788 170 1790 170 1791 168 1789 168 1788 168 1792 171 1791 171 1790 171 1792 171 1790 171 1793 171 1794 172 1792 172 1793 172 1794 173 1793 173 1795 173 1796 174 1794 174 1795 174 1796 175 1795 175 1797 175 1798 176 1796 176 1797 176 1798 177 1797 177 1799 177 1800 178 1798 178 1799 178 1800 179 1799 179 1801 179 1802 180 1800 180 1801 180 1802 181 1801 181 1803 181 1804 182 1802 182 1803 182 1804 183 1803 183 1805 183 1806 184 1804 184 1805 184 1806 185 1805 185 1807 185 1808 186 1806 186 1807 186 1808 186 1807 186 1809 186 1810 352 1808 352 1809 352 1810 353 1809 353 1811 353 1812 189 1810 189 1811 189 1812 190 1811 190 1813 190 1814 191 1812 191 1813 191 1814 192 1813 192 1815 192 1816 193 1814 193 1815 193 1816 193 1815 193 1817 193 1818 194 1816 194 1817 194 1818 195 1817 195 1819 195 1820 196 1818 196 1819 196 1820 197 1819 197 1821 197 1822 199 1820 199 1821 199 1822 198 1821 198 1823 198 1825 200 1823 200 1824 200 1825 201 1822 201 1823 201 1827 202 1824 202 1826 202 1827 203 1825 203 1824 203 1829 204 1826 204 1828 204 1829 205 1827 205 1826 205 1831 206 1828 206 1830 206 1831 208 1829 208 1828 208 1833 209 1830 209 1832 209 1833 207 1831 207 1830 207 1835 210 1832 210 1834 210 1835 212 1833 212 1832 212 1837 354 1834 354 1836 354 1837 355 1835 355 1834 355 1839 215 1836 215 1838 215 1839 213 1837 213 1836 213 1841 216 1838 216 1840 216 1841 217 1839 217 1838 217 1842 218 1841 218 1840 218 1842 218 1840 218 1843 218 1607 219 1842 219 1843 219 1607 219 1843 219 1605 219 1715 356 1845 356 1844 356 1715 357 1844 357 1846 357 1715 356 1717 356 1845 356 1713 358 1715 358 1846 358 1710 359 1846 359 1847 359 1710 360 1713 360 1846 360 1706 361 1849 361 1848 361 1706 362 1615 362 1849 362 1708 363 1847 363 1850 363 1708 364 1850 364 1851 364 1708 365 1710 365 1847 365 1705 366 1848 366 1852 366 1705 367 1706 367 1848 367 1703 368 1708 368 1851 368 1701 369 1852 369 1853 369 1701 370 1705 370 1852 370 1699 371 1851 371 1854 371 1699 372 1854 372 1855 372 1699 373 1703 373 1851 373 1697 374 1853 374 1856 374 1697 375 1856 375 1857 375 1695 376 1699 376 1855 376 1697 377 1701 377 1853 377 1693 378 1857 378 1858 378 1691 379 1855 379 1859 379 1693 380 1697 380 1857 380 1691 379 1695 379 1855 379 1690 381 1858 381 1860 381 1687 382 1859 382 1861 382 1687 383 1861 383 1862 383 1690 384 1693 384 1858 384 1687 385 1691 385 1859 385 1686 386 1690 386 1860 386 1681 383 1687 383 1862 383 1677 387 1862 387 1863 387 1684 388 1860 388 1864 388 1684 389 1686 389 1860 389 1677 390 1681 390 1862 390 1672 391 1863 391 1865 391 1672 392 1865 392 1866 392 1680 393 1864 393 1867 393 1680 394 1867 394 1868 394 1672 395 1677 395 1863 395 1680 396 1684 396 1864 396 1669 397 1866 397 1869 397 1675 398 1868 398 1870 398 1669 399 1672 399 1866 399 1675 400 1680 400 1868 400 1665 401 1669 401 1869 401 1671 402 1870 402 1871 402 1671 403 1675 403 1870 403 1659 404 1869 404 1872 404 1659 404 1665 404 1869 404 1667 405 1671 405 1871 405 1655 406 1872 406 1873 406 1655 407 1659 407 1872 407 1663 408 1871 408 1874 408 1663 408 1667 408 1871 408 1651 409 1873 409 1875 409 1651 410 1875 410 1876 410 1651 411 1655 411 1873 411 1661 412 1663 412 1874 412 1661 413 1874 413 1877 413 1648 414 1651 414 1876 414 1657 415 1661 415 1877 415 1644 416 1876 416 1878 416 1657 417 1877 417 1879 417 1644 418 1648 418 1876 418 1640 419 1878 419 1880 419 1653 420 1657 420 1879 420 1640 421 1880 421 1881 421 1653 422 1879 422 1882 422 1640 423 1644 423 1878 423 1636 424 1881 424 1883 424 1650 425 1653 425 1882 425 1650 426 1882 426 1884 426 1636 427 1640 427 1881 427 1632 428 1636 428 1883 428 1646 429 1650 429 1884 429 1646 430 1884 430 1885 430 1628 431 1632 431 1883 431 1628 432 1883 432 1886 432 1642 26 1646 26 1885 26 1642 433 1885 433 1887 433 1624 434 1628 434 1886 434 1624 435 1886 435 1888 435 1624 436 1888 436 1889 436 1638 437 1642 437 1887 437 1638 437 1887 437 1890 437 1619 438 1624 438 1889 438 1634 439 1638 439 1890 439 1614 440 1619 440 1889 440 1634 441 1890 441 1891 441 1614 442 1889 442 1892 442 1614 443 1892 443 1849 443 1615 444 1614 444 1849 444 1630 445 1634 445 1891 445 1630 446 1891 446 1893 446 1626 447 1630 447 1893 447 1626 448 1893 448 1894 448 1622 449 1626 449 1894 449 1622 450 1894 450 1895 450 1617 8 1895 8 1896 8 1617 451 1622 451 1895 451 1611 452 1896 452 1897 452 1611 453 1617 453 1896 453 1611 454 1897 454 1898 454 1609 454 1611 454 1898 454 1606 455 1898 455 1899 455 1606 456 1609 456 1898 456 1607 457 1899 457 1900 457 1607 458 1606 458 1899 458 1842 459 1900 459 1901 459 1842 459 1607 459 1900 459 1841 460 1901 460 1902 460 1841 461 1902 461 1903 461 1841 460 1842 460 1901 460 1839 462 1841 462 1903 462 1837 463 1903 463 1904 463 1837 464 1904 464 1905 464 1837 463 1839 463 1903 463 1835 464 1837 464 1905 464 1833 465 1905 465 1906 465 1833 466 1835 466 1905 466 1831 467 1906 467 1907 467 1831 468 1907 468 1908 468 1831 469 1833 469 1906 469 1829 470 1831 470 1908 470 1827 471 1908 471 1909 471 1827 472 1829 472 1908 472 1825 473 1909 473 1910 473 1825 474 1827 474 1909 474 1822 475 1825 475 1910 475 1822 476 1910 476 1911 476 1820 477 1822 477 1911 477 1820 477 1911 477 1912 477 1818 196 1820 196 1912 196 1818 478 1912 478 1913 478 1818 479 1913 479 1914 479 1816 480 1818 480 1914 480 1814 481 1816 481 1914 481 1814 482 1914 482 1915 482 1812 483 1814 483 1915 483 1812 484 1915 484 1916 484 1810 485 1812 485 1916 485 1810 486 1916 486 1917 486 1810 487 1917 487 1918 487 1808 488 1810 488 1918 488 1806 489 1808 489 1918 489 1806 489 1918 489 1919 489 1804 490 1806 490 1919 490 1804 491 1919 491 1920 491 1804 492 1920 492 1921 492 1802 493 1804 493 1921 493 1800 494 1802 494 1921 494 1800 495 1921 495 1922 495 1798 496 1800 496 1922 496 1798 497 1922 497 1923 497 1796 498 1798 498 1923 498 1796 499 1923 499 1924 499 1794 500 1796 500 1924 500 1794 501 1924 501 1925 501 1792 502 1794 502 1925 502 1792 503 1925 503 1926 503 1792 504 1926 504 1927 504 1791 505 1792 505 1927 505 1789 506 1791 506 1927 506 1789 507 1927 507 1928 507 1787 508 1789 508 1928 508 1787 509 1928 509 1929 509 1785 510 1787 510 1929 510 1785 511 1929 511 1930 511 1785 512 1930 512 1931 512 1783 513 1785 513 1931 513 1780 514 1931 514 1932 514 1780 515 1783 515 1931 515 1778 516 1932 516 1933 516 1778 517 1780 517 1932 517 1776 518 1933 518 1934 518 1776 519 1778 519 1933 519 1774 520 1934 520 1935 520 1774 521 1935 521 1936 521 1774 522 1776 522 1934 522 1772 523 1774 523 1936 523 1770 524 1772 524 1936 524 1770 525 1936 525 1937 525 1768 526 1770 526 1937 526 1768 527 1937 527 1938 527 1766 528 1768 528 1938 528 1766 529 1938 529 1939 529 1764 530 1766 530 1939 530 1764 531 1939 531 1940 531 1764 532 1940 532 1941 532 1762 533 1764 533 1941 533 1760 534 1762 534 1941 534 1760 535 1941 535 1942 535 1758 536 1760 536 1942 536 1758 537 1942 537 1943 537 1756 538 1758 538 1943 538 1756 538 1943 538 1944 538 1756 539 1944 539 1945 539 1754 540 1756 540 1945 540 1752 541 1754 541 1945 541 1752 542 1945 542 1946 542 1750 543 1752 543 1946 543 1750 544 1946 544 1947 544 1748 545 1750 545 1947 545 1748 546 1947 546 1948 546 1748 547 1948 547 1949 547 1746 547 1748 547 1949 547 1746 548 1949 548 1950 548 1744 549 1746 549 1950 549 1742 550 1744 550 1950 550 1742 550 1950 550 1951 550 1741 551 1951 551 1952 551 1741 552 1952 552 1953 552 1741 553 1742 553 1951 553 1739 554 1741 554 1953 554 1737 555 1953 555 1954 555 1737 556 1739 556 1953 556 1735 557 1954 557 1955 557 1735 558 1737 558 1954 558 1733 117 1955 117 1956 117 1733 559 1956 559 1957 559 1733 560 1735 560 1955 560 1731 561 1957 561 1958 561 1731 562 1733 562 1957 562 1729 561 1731 561 1958 561 1727 563 1958 563 1959 563 1727 564 1729 564 1958 564 1725 565 1959 565 1960 565 1725 566 1960 566 1961 566 1725 567 1727 567 1959 567 1723 566 1725 566 1961 566 1721 568 1961 568 1962 568 1721 568 1723 568 1961 568 1719 569 1962 569 1963 569 1719 570 1721 570 1962 570 1719 571 1963 571 1845 571 1717 572 1719 572 1845 572 1793 269 1964 269 1795 269 1793 269 1965 269 1964 269 1712 269 1711 269 1966 269 1712 573 1966 573 1967 573 1790 574 1965 574 1793 574 1790 269 1968 269 1965 269 1714 269 1712 269 1967 269 1788 269 1968 269 1790 269 1788 269 1969 269 1968 269 1716 575 1714 575 1967 575 1716 576 1967 576 1970 576 1786 269 1969 269 1788 269 1786 269 1971 269 1969 269 1718 577 1970 577 1972 577 1718 269 1716 269 1970 269 1784 269 1971 269 1786 269 1784 269 1973 269 1971 269 1720 578 1972 578 1974 578 1720 579 1718 579 1972 579 1975 580 1660 580 1656 580 1782 269 1973 269 1784 269 1722 269 1974 269 1976 269 1722 269 1720 269 1974 269 1977 581 1656 581 1652 581 1977 269 1975 269 1656 269 1978 582 1662 582 1660 582 1978 583 1660 583 1975 583 1979 584 1649 584 1645 584 1781 585 1980 585 1973 585 1979 269 1652 269 1649 269 1781 269 1973 269 1782 269 1724 586 1976 586 1981 586 1979 587 1977 587 1652 587 1724 269 1722 269 1976 269 1982 269 1666 269 1662 269 1982 269 1662 269 1978 269 1983 588 1645 588 1641 588 1983 269 1979 269 1645 269 1984 589 1668 589 1666 589 1779 269 1985 269 1980 269 1779 590 1980 590 1781 590 1984 591 1666 591 1982 591 1726 592 1981 592 1986 592 1987 593 1641 593 1637 593 1987 269 1983 269 1641 269 1726 594 1724 594 1981 594 1988 595 1674 595 1668 595 1988 269 1668 269 1984 269 1989 269 1987 269 1637 269 1777 596 1985 596 1779 596 1989 597 1637 597 1633 597 1990 598 1676 598 1674 598 1990 269 1679 269 1676 269 1777 269 1991 269 1985 269 1728 269 1726 269 1986 269 1728 599 1986 599 1992 599 1990 600 1674 600 1988 600 1993 269 1989 269 1633 269 1775 269 1991 269 1777 269 1775 269 1994 269 1991 269 1993 601 1633 601 1629 601 1730 602 1728 602 1992 602 1995 603 1683 603 1679 603 1995 269 1679 269 1990 269 1773 604 1994 604 1775 604 1996 269 1993 269 1629 269 1773 269 1997 269 1994 269 1996 605 1629 605 1625 605 1732 269 1730 269 1992 269 1732 606 1992 606 1998 606 1999 269 1685 269 1683 269 1999 269 1683 269 1995 269 1771 607 1997 607 1773 607 2000 269 1996 269 1625 269 1771 608 2001 608 1997 608 1734 269 1732 269 1998 269 1734 609 1998 609 2002 609 2000 610 1625 610 1621 610 2003 611 1689 611 1685 611 2003 269 1685 269 1999 269 1769 269 2001 269 1771 269 2004 269 2000 269 1621 269 1769 269 2005 269 2001 269 2004 269 1621 269 1616 269 1736 612 2002 612 2006 612 2007 269 1689 269 2003 269 2007 613 1694 613 1689 613 1736 269 1734 269 2002 269 1767 614 2005 614 1769 614 2008 269 2004 269 1616 269 1767 269 2009 269 2005 269 1738 615 1736 615 2006 615 1738 616 2006 616 2010 616 2008 617 1610 617 1608 617 2008 618 1616 618 1610 618 2011 619 1698 619 1694 619 2011 269 1694 269 2007 269 1765 269 2009 269 1767 269 2012 269 2008 269 1608 269 1740 269 1738 269 2010 269 2012 620 1608 620 1604 620 1740 621 2010 621 2013 621 1763 269 2009 269 1765 269 2014 269 1702 269 1698 269 2014 622 1698 622 2011 622 1763 623 2015 623 2009 623 1743 269 1740 269 2013 269 2016 269 2012 269 1604 269 1743 624 2013 624 2017 624 2016 625 1604 625 1605 625 2018 269 1707 269 1702 269 1761 269 2015 269 1763 269 2018 626 1702 626 2014 626 1761 627 2019 627 2015 627 1745 628 2017 628 2020 628 2021 629 2016 629 1605 629 1745 269 1743 269 2017 269 1759 630 2019 630 1761 630 2021 631 1605 631 1843 631 1759 632 2022 632 2019 632 2023 269 1612 269 1613 269 2023 269 1613 269 1707 269 1747 633 2020 633 2024 633 2023 634 1707 634 2018 634 1747 269 1745 269 2020 269 1757 269 2025 269 2022 269 1757 635 2022 635 1759 635 2026 269 2021 269 1843 269 1749 269 1747 269 2024 269 2026 636 1843 636 1840 636 1755 637 2027 637 2025 637 2028 269 1618 269 1612 269 1755 638 2025 638 1757 638 1751 639 2024 639 2029 639 2028 640 1612 640 2023 640 1751 269 1749 269 2024 269 2030 641 2026 641 1840 641 1753 642 2029 642 2027 642 1753 269 1751 269 2029 269 1753 643 2027 643 1755 643 2030 644 1840 644 1838 644 2031 269 1620 269 1618 269 2031 269 1618 269 2028 269 2032 269 2030 269 1838 269 2032 645 1838 645 1836 645 2033 269 1623 269 1620 269 2033 269 1620 269 2031 269 2034 269 2032 269 1836 269 2034 646 1834 646 1832 646 2034 647 1836 647 1834 647 2035 613 1627 613 1623 613 2035 269 1623 269 2033 269 2036 269 2034 269 1832 269 2036 269 1832 269 1830 269 2037 611 1631 611 1627 611 2037 269 1627 269 2035 269 2038 648 1830 648 1828 648 2038 269 2036 269 1830 269 2039 269 1635 269 1631 269 2039 269 1631 269 2037 269 2040 649 1828 649 1826 649 2040 269 2038 269 1828 269 2041 603 1639 603 1635 603 2041 269 1635 269 2039 269 2042 650 1826 650 1824 650 2042 269 2040 269 1826 269 2043 269 1639 269 2041 269 2043 269 1643 269 1639 269 2043 598 1647 598 1643 598 2044 651 1824 651 1823 651 2044 269 2042 269 1824 269 2045 269 1654 269 1647 269 2045 269 1647 269 2043 269 2046 269 2044 269 1823 269 2046 652 1823 652 1821 652 2047 653 1658 653 1654 653 2047 269 1654 269 2045 269 2048 269 2046 269 1821 269 2048 654 1821 654 1819 654 2049 655 1658 655 2047 655 1664 656 1658 656 2049 656 2050 269 2048 269 1819 269 2050 657 1819 657 1817 657 2051 269 1664 269 2049 269 1815 269 2050 269 1817 269 1670 658 1664 658 2051 658 2052 659 2050 659 1815 659 2053 660 1670 660 2051 660 1813 269 2052 269 1815 269 1673 661 1670 661 2053 661 2054 269 2052 269 1813 269 2055 269 1673 269 2053 269 1811 269 2054 269 1813 269 1678 662 1673 662 2055 662 2056 663 2054 663 1811 663 2057 587 1678 587 2055 587 1809 269 2056 269 1811 269 1682 269 1678 269 2057 269 2058 269 2056 269 1809 269 1807 269 2058 269 1809 269 1807 632 2059 632 2058 632 1688 664 2057 664 2060 664 1688 269 1682 269 2057 269 1805 269 2059 269 1807 269 1805 665 2061 665 2059 665 1692 666 2060 666 2062 666 1692 269 1688 269 2060 269 1803 623 2063 623 2061 623 1803 269 2061 269 1805 269 1696 667 2062 667 2064 667 1696 269 1692 269 2062 269 1801 269 2063 269 1803 269 1700 668 2064 668 2065 668 1700 269 1696 269 2064 269 1799 269 2063 269 1801 269 1799 269 2066 269 2063 269 1704 669 2065 669 2067 669 1704 269 1700 269 2065 269 1797 269 2066 269 1799 269 1797 269 2068 269 2066 269 1709 670 1704 670 2067 670 1709 671 2067 671 2069 671 1795 269 2068 269 1797 269 1795 269 1964 269 2068 269 1711 269 1709 269 2069 269 1711 672 2069 672 1966 672 2071 673 2070 673 1852 673 1848 674 2071 674 1852 674 1960 675 2073 675 2072 675 1960 676 1959 676 2073 676 2074 677 2071 677 1848 677 2075 224 1960 224 2072 224 1849 224 2074 224 1848 224 1961 224 1960 224 2075 224 2076 678 1916 678 1915 678 2077 224 1961 224 2075 224 2078 224 1915 224 1914 224 2078 224 2076 224 1915 224 1892 224 2074 224 1849 224 1892 224 2079 224 2074 224 2080 224 1917 224 1916 224 2080 679 1918 679 1917 679 1962 224 1961 224 2077 224 2080 224 1916 224 2076 224 2081 680 1914 680 1913 680 2081 224 2078 224 1914 224 2082 224 1919 224 1918 224 2083 224 1962 224 2077 224 2082 224 1918 224 2080 224 1889 682 2084 682 2079 682 1889 681 2079 681 1892 681 1963 224 1962 224 2083 224 2085 683 2084 683 1889 683 2086 224 2081 224 1913 224 2087 224 1919 224 2082 224 1888 224 2085 224 1889 224 2088 224 1912 224 1911 224 2088 224 1913 224 1912 224 1845 684 2083 684 2089 684 2088 686 2086 686 1913 686 1845 685 1963 685 2083 685 2090 688 1920 688 1919 688 2090 689 1919 689 2087 689 2091 687 2085 687 1888 687 1886 224 2091 224 1888 224 1844 224 2089 224 2092 224 1844 690 1845 690 2089 690 2093 691 2088 691 1911 691 2094 693 1921 693 1920 693 2095 692 1844 692 2092 692 2094 695 1920 695 2090 695 2096 694 2091 694 1886 694 1846 696 1844 696 2095 696 1883 697 2096 697 1886 697 2097 224 1910 224 1909 224 2097 698 1911 698 1910 698 2097 224 2093 224 1911 224 2098 700 1922 700 1921 700 2099 699 2096 699 1883 699 2098 224 1923 224 1922 224 2100 701 1846 701 2095 701 2098 702 1921 702 2094 702 1881 224 2099 224 1883 224 2101 224 2097 224 1909 224 1847 703 1846 703 2100 703 2102 704 1924 704 1923 704 2102 224 1923 224 2098 224 2103 224 2101 224 1909 224 1880 705 2104 705 2099 705 1880 706 2099 706 1881 706 1850 707 2100 707 2105 707 1850 224 2105 224 2106 224 2103 224 1909 224 1908 224 1850 224 1847 224 2100 224 2107 224 1924 224 2102 224 2108 224 2103 224 1908 224 2108 708 1908 708 1907 708 1878 224 2110 224 2109 224 1878 709 2109 709 2104 709 1878 710 2104 710 1880 710 2111 711 1924 711 2107 711 2111 712 1925 712 1924 712 1906 713 2108 713 1907 713 1851 224 1850 224 2106 224 1926 224 1925 224 2111 224 2112 714 2108 714 1906 714 2113 224 1926 224 2111 224 1854 715 2106 715 2114 715 1854 716 2114 716 2115 716 1854 224 1851 224 2106 224 1876 224 2116 224 2110 224 1905 717 2112 717 1906 717 1876 718 2110 718 1878 718 2117 719 2112 719 1905 719 2118 720 1926 720 2113 720 2118 721 1927 721 1926 721 1855 224 1854 224 2115 224 1928 722 1927 722 2118 722 1875 723 2119 723 2116 723 2120 224 2117 224 1905 224 2120 725 1905 725 1904 725 1875 724 2116 724 1876 724 2121 224 1928 224 2118 224 2122 726 1904 726 1903 726 2122 727 2120 727 1904 727 2123 728 1928 728 2121 728 2123 224 1929 224 1928 224 1873 224 2124 224 2119 224 1873 678 2119 678 1875 678 1859 224 2115 224 2125 224 1859 224 2125 224 2126 224 2127 224 2122 224 1903 224 1859 224 1855 224 2115 224 2127 729 1903 729 1902 729 2128 730 1929 730 2123 730 1861 224 1859 224 2126 224 2128 731 1930 731 1929 731 1901 224 2127 224 1902 224 1872 224 2129 224 2124 224 1872 224 2124 224 1873 224 1931 732 1930 732 2128 732 1862 224 2126 224 2130 224 1862 224 2130 224 2131 224 1862 224 1861 224 2126 224 2132 224 2127 224 1901 224 1869 733 2129 733 1872 733 1863 224 1862 224 2131 224 2133 224 1931 224 2128 224 1866 734 2135 734 2134 734 1866 224 2134 224 2129 224 1866 735 2129 735 1869 735 1865 736 1863 736 2131 736 1865 224 2135 224 1866 224 1932 224 1931 224 2133 224 1865 224 2131 224 2135 224 2136 737 1901 737 1900 737 2136 224 2132 224 1901 224 2137 224 1932 224 2133 224 1899 738 2136 738 1900 738 2138 739 2136 739 1899 739 2139 224 1933 224 1932 224 2139 740 1932 740 2137 740 1898 224 2138 224 1899 224 2140 741 2138 741 1898 741 2141 224 1934 224 1933 224 2141 742 1933 742 2139 742 1935 743 1934 743 2141 743 2142 744 1898 744 1897 744 2142 745 2140 745 1898 745 2143 224 1935 224 2141 224 1936 746 1935 746 2143 746 2144 747 1897 747 1896 747 2144 748 2142 748 1897 748 2145 224 1936 224 2143 224 1895 224 2144 224 1896 224 2146 749 2144 749 1895 749 2147 224 1937 224 1936 224 2147 750 1936 750 2145 750 2148 751 2146 751 1895 751 2148 752 1895 752 1894 752 2149 224 1937 224 2147 224 2149 224 1938 224 1937 224 2150 224 2148 224 1894 224 2150 224 1894 224 1893 224 2151 753 1938 753 2149 753 2151 224 1939 224 1938 224 1891 224 2150 224 1893 224 1940 754 1939 754 2151 754 2152 755 2150 755 1891 755 2153 224 1940 224 2151 224 1890 756 2152 756 1891 756 1941 757 1940 757 2153 757 2154 758 2152 758 1890 758 2155 224 1941 224 2153 224 1887 224 2154 224 1890 224 2156 759 2154 759 1887 759 2157 760 1941 760 2155 760 2157 761 1942 761 1941 761 1943 762 1942 762 2157 762 2158 224 1887 224 1885 224 2158 763 2156 763 1887 763 2159 764 1943 764 2157 764 2160 765 1885 765 1884 765 2160 224 2158 224 1885 224 2161 224 1943 224 2159 224 2161 224 1944 224 1943 224 1882 735 2160 735 1884 735 2162 224 2160 224 1882 224 2163 224 1944 224 2161 224 2163 766 1945 766 1944 766 2164 761 1882 761 1879 761 2164 224 2162 224 1882 224 2165 224 1946 224 1945 224 2165 767 1945 767 2163 767 2166 224 1946 224 2165 224 1877 768 2167 768 2164 768 1877 769 2164 769 1879 769 1947 770 1946 770 2166 770 2168 224 1947 224 2166 224 1874 224 2169 224 2167 224 1874 771 2167 771 1877 771 1948 772 1947 772 2168 772 2170 773 2169 773 1874 773 2171 774 1948 774 2168 774 1871 775 2170 775 1874 775 1949 776 1948 776 2171 776 2172 777 2170 777 1871 777 2173 224 1949 224 2171 224 1870 224 2172 224 1871 224 1950 778 1949 778 2173 778 2174 779 2172 779 1870 779 2175 224 1950 224 2173 224 1868 224 2174 224 1870 224 1951 780 1950 780 2175 780 2176 781 2174 781 1868 781 1867 224 2176 224 1868 224 1952 224 1951 224 2175 224 1952 782 2175 782 2177 782 2178 783 2176 783 1867 783 2179 784 1952 784 2177 784 1864 224 2178 224 1867 224 1953 785 1952 785 2179 785 2180 786 2178 786 1864 786 1860 224 2180 224 1864 224 1954 224 2179 224 2181 224 1954 224 1953 224 2179 224 2182 787 2180 787 1860 787 2183 224 1954 224 2181 224 1858 788 2182 788 1860 788 1955 789 1954 789 2183 789 2184 224 2182 224 1858 224 1857 224 2184 224 1858 224 1956 790 2183 790 2185 790 1956 713 1955 713 2183 713 2186 791 2184 791 1857 791 1856 792 2186 792 1857 792 1957 793 2185 793 2187 793 1957 717 1956 717 2185 717 2188 224 1957 224 2187 224 1853 224 2189 224 2186 224 1853 794 2186 794 1856 794 1958 725 1957 725 2188 725 2070 795 2189 795 1853 795 2073 796 1958 796 2188 796 1852 224 2070 224 1853 224 1959 797 1958 797 2073 797 1982 858 1978 858 2190 858 1984 861 2192 861 2191 861 1984 862 2191 862 2193 862 1984 861 1982 861 2192 861 1988 865 2193 865 2194 865 1988 862 1984 862 2193 862 2028 803 2196 803 2195 803 2028 805 2023 805 2196 805 1990 867 1988 867 2194 867 2031 808 2195 808 2197 808 1995 871 2194 871 2198 871 2031 809 2028 809 2195 809 1995 870 1990 870 2194 870 2033 810 2197 810 2199 810 1999 872 2198 872 2200 872 1999 873 2200 873 2201 873 2033 811 2031 811 2197 811 1999 875 1995 875 2198 875 2003 876 2201 876 2202 876 2035 814 2199 814 2203 814 2003 879 1999 879 2201 879 2035 815 2033 815 2199 815 2037 818 2203 818 2204 818 2007 881 2003 881 2202 881 2037 820 2035 820 2203 820 2011 883 2202 883 2205 883 2011 884 2205 884 2206 884 2011 885 2007 885 2202 885 2039 822 2204 822 2207 822 2039 823 2207 823 2208 823 2039 825 2037 825 2204 825 2014 888 2011 888 2206 888 2014 887 2206 887 2209 887 2041 827 2039 827 2208 827 2018 889 2014 889 2209 889 2023 892 2209 892 2196 892 2023 896 2018 896 2209 896 2043 829 2208 829 2210 829 2043 830 2210 830 2211 830 2043 832 2041 832 2208 832 2045 835 2043 835 2211 835 2047 836 2211 836 2212 836 2047 838 2212 838 2213 838 2047 836 2045 836 2211 836 2049 838 2047 838 2213 838 2051 842 2213 842 2214 842 2051 844 2214 844 2215 844 2051 842 2049 842 2213 842 2053 846 2051 846 2215 846 2055 849 2215 849 2216 849 2055 851 2216 851 2217 851 2055 849 2053 849 2215 849 2057 854 2217 854 2218 854 2057 853 2055 853 2217 853 2060 857 2057 857 2218 857 2062 859 2218 859 2219 859 2062 860 2060 860 2218 860 2064 863 2219 863 2220 863 2064 864 2062 864 2219 864 2065 866 2220 866 2221 866 2065 866 2064 866 2220 866 2067 868 2221 868 2222 868 2067 869 2222 869 2223 869 2067 868 2065 868 2221 868 2069 874 2067 874 2223 874 1966 877 2069 877 2223 877 1966 878 2223 878 2224 878 1966 880 2224 880 2225 880 1967 880 1966 880 2225 880 1967 882 2225 882 2226 882 1970 886 1967 886 2226 886 1972 2211 1970 2211 2226 2211 1972 2212 2226 2212 2227 2212 1974 2213 1972 2213 2227 2213 1974 2214 2227 2214 2228 2214 1976 1699 1974 1699 2228 1699 1976 1699 2228 1699 2229 1699 1981 2215 1976 2215 2229 2215 1981 2216 2229 2216 2230 2216 1981 2217 2230 2217 2231 2217 1986 2218 1981 2218 2231 2218 1992 976 1986 976 2231 976 1992 977 2231 977 2232 977 1998 978 2232 978 2233 978 1998 978 1992 978 2232 978 2002 979 2233 979 2234 979 2002 980 1998 980 2233 980 2006 981 2234 981 2235 981 2006 982 2002 982 2234 982 2010 983 2235 983 2236 983 2010 983 2006 983 2235 983 2013 984 2236 984 2237 984 2013 984 2010 984 2236 984 2017 985 2237 985 2238 985 2017 986 2013 986 2237 986 2020 987 2238 987 2239 987 2020 988 2239 988 2240 988 2020 989 2017 989 2238 989 2024 990 2020 990 2240 990 2029 991 2240 991 2241 991 2029 992 2024 992 2240 992 2027 993 2241 993 2242 993 2027 993 2029 993 2241 993 2025 994 2242 994 2243 994 2025 995 2243 995 2244 995 2025 996 2027 996 2242 996 2022 995 2025 995 2244 995 2019 997 2244 997 2245 997 2019 997 2022 997 2244 997 2015 998 2245 998 2246 998 2015 998 2019 998 2245 998 2009 999 2246 999 2247 999 2009 1000 2015 1000 2246 1000 2005 1001 2247 1001 2248 1001 2005 1002 2248 1002 2249 1002 2005 1003 2009 1003 2247 1003 2001 1004 2005 1004 2249 1004 1997 1005 2001 1005 2249 1005 1997 1006 2249 1006 2250 1006 1994 1007 1997 1007 2250 1007 1994 1008 2250 1008 2251 1008 1991 1009 1994 1009 2251 1009 1991 1010 2251 1010 2252 1010 1991 1011 2252 1011 2253 1011 1985 1012 1991 1012 2253 1012 1980 1013 1985 1013 2253 1013 1980 1014 2253 1014 2254 1014 1973 1015 1980 1015 2254 1015 1973 1016 2254 1016 2255 1016 1971 1017 1973 1017 2255 1017 1971 1018 2255 1018 2256 1018 1971 1019 2256 1019 2257 1019 1969 1020 1971 1020 2257 1020 1968 1021 1969 1021 2257 1021 1968 1022 2257 1022 2258 1022 1968 1023 2258 1023 2259 1023 1965 1024 1968 1024 2259 1024 1965 1025 2259 1025 2260 1025 1964 1026 1965 1026 2260 1026 2068 1027 1964 1027 2260 1027 2068 1028 2260 1028 2261 1028 2066 1029 2068 1029 2261 1029 2066 1030 2261 1030 2262 1030 2063 1031 2066 1031 2262 1031 2063 1032 2262 1032 2263 1032 2063 1033 2263 1033 2264 1033 2061 1034 2063 1034 2264 1034 2061 1035 2264 1035 2265 1035 2059 1036 2265 1036 2266 1036 2059 1035 2061 1035 2265 1035 2058 1036 2059 1036 2266 1036 2056 1037 2058 1037 2266 1037 2056 1037 2266 1037 2267 1037 2056 1038 2267 1038 2268 1038 2054 1039 2056 1039 2268 1039 2052 1040 2268 1040 2269 1040 2052 1040 2054 1040 2268 1040 2050 1041 2269 1041 2270 1041 2050 1042 2270 1042 2271 1042 2050 1043 2052 1043 2269 1043 2048 1044 2271 1044 2272 1044 2048 1045 2050 1045 2271 1045 2046 1046 2048 1046 2272 1046 2044 1047 2272 1047 2273 1047 2044 1048 2273 1048 2274 1048 2044 1049 2046 1049 2272 1049 2042 1048 2044 1048 2274 1048 2040 1050 2042 1050 2274 1050 2040 1050 2274 1050 2275 1050 2038 1051 2040 1051 2275 1051 2038 1052 2275 1052 2276 1052 2038 1053 2276 1053 2277 1053 2036 1054 2038 1054 2277 1054 2036 798 2277 798 2278 798 2034 798 2036 798 2278 798 2032 799 2034 799 2278 799 2032 800 2278 800 2279 800 2030 801 2032 801 2279 801 2030 802 2279 802 2280 802 2030 804 2280 804 2281 804 2026 806 2030 806 2281 806 2026 807 2281 807 2282 807 2021 807 2026 807 2282 807 2016 812 2021 812 2282 812 2016 813 2282 813 2283 813 2012 816 2016 816 2283 816 2012 817 2283 817 2284 817 2008 819 2012 819 2284 819 2008 821 2284 821 2285 821 2004 824 2008 824 2285 824 2004 824 2285 824 2286 824 2000 826 2004 826 2286 826 2000 828 2286 828 2287 828 1996 831 2000 831 2287 831 1996 833 2287 833 2288 833 1993 834 1996 834 2288 834 1993 834 2288 834 2289 834 1989 837 1993 837 2289 837 1989 837 2289 837 2290 837 1987 839 1989 839 2290 839 1987 840 2290 840 2291 840 1983 841 1987 841 2291 841 1983 843 2291 843 2292 843 1979 845 1983 845 2292 845 1979 847 2292 847 2293 847 1977 848 1979 848 2293 848 1977 850 2293 850 2294 850 1975 852 1977 852 2294 852 1975 852 2294 852 2295 852 1978 855 1975 855 2295 855 1978 856 2295 856 2190 856 1982 858 2190 858 2192 858 2092 1055 2089 1055 2296 1055 2089 1056 2297 1056 2296 1056 2095 1057 2092 1057 2298 1057 2092 1058 2296 1058 2298 1058 2100 1059 2095 1059 2299 1059 2071 1060 2074 1060 2300 1060 2095 1061 2298 1061 2299 1061 2074 1062 2301 1062 2300 1062 2105 1063 2100 1063 2302 1063 2070 1064 2071 1064 2303 1064 2100 1065 2299 1065 2302 1065 2189 1066 2070 1066 2303 1066 2071 1067 2300 1067 2303 1067 2106 1068 2105 1068 2304 1068 2105 1069 2302 1069 2304 1069 2186 1070 2189 1070 2305 1070 2189 1071 2303 1071 2305 1071 2114 1072 2106 1072 2306 1072 2115 1073 2114 1073 2306 1073 2106 1074 2304 1074 2306 1074 2186 1075 2305 1075 2307 1075 2115 1073 2306 1073 2308 1073 2184 1076 2186 1076 2309 1076 2182 1077 2184 1077 2309 1077 2186 1078 2307 1078 2309 1078 2125 1079 2115 1079 2310 1079 2115 1080 2308 1080 2310 1080 2182 1081 2309 1081 2311 1081 2126 1082 2125 1082 2312 1082 2125 1083 2310 1083 2312 1083 2180 1084 2182 1084 2313 1084 2178 1085 2180 1085 2313 1085 2182 1084 2311 1084 2313 1084 2130 1086 2126 1086 2314 1086 2126 1087 2312 1087 2314 1087 2178 1085 2313 1085 2315 1085 2131 1088 2130 1088 2316 1088 2130 1089 2314 1089 2316 1089 2176 1090 2178 1090 2317 1090 2178 1091 2315 1091 2317 1091 2135 1092 2131 1092 2318 1092 2131 1093 2316 1093 2318 1093 2174 1094 2176 1094 2319 1094 2172 1095 2174 1095 2319 1095 2134 1096 2135 1096 2320 1096 2176 1094 2317 1094 2319 1094 2135 1097 2318 1097 2320 1097 2170 1098 2172 1098 2321 1098 2129 1099 2134 1099 2322 1099 2172 1100 2319 1100 2321 1100 2124 1101 2129 1101 2322 1101 2134 1102 2320 1102 2322 1102 2124 1103 2322 1103 2323 1103 2170 1104 2321 1104 2324 1104 2119 1105 2124 1105 2325 1105 2169 1106 2170 1106 2326 1106 2170 1107 2324 1107 2326 1107 2124 1108 2323 1108 2325 1108 2116 1109 2119 1109 2327 1109 2169 1110 2326 1110 2328 1110 2167 1111 2169 1111 2328 1111 2119 1112 2325 1112 2327 1112 2110 1113 2116 1113 2329 1113 2167 1114 2328 1114 2330 1114 2116 1113 2327 1113 2329 1113 2164 1115 2167 1115 2330 1115 2109 1116 2110 1116 2331 1116 2110 1117 2329 1117 2331 1117 2164 1118 2330 1118 2332 1118 2162 1119 2164 1119 2332 1119 2104 1120 2109 1120 2333 1120 2109 1120 2331 1120 2333 1120 2162 1121 2332 1121 2334 1121 2160 1122 2162 1122 2334 1122 2099 1123 2104 1123 2335 1123 2104 1123 2333 1123 2335 1123 2160 1124 2334 1124 2336 1124 2158 1125 2160 1125 2336 1125 2096 1126 2099 1126 2337 1126 2091 1127 2096 1127 2337 1127 2099 1128 2335 1128 2337 1128 2158 1129 2336 1129 2338 1129 2156 1130 2158 1130 2338 1130 2091 1131 2337 1131 2339 1131 2156 1132 2338 1132 2340 1132 2091 1133 2339 1133 2341 1133 2154 1134 2156 1134 2340 1134 2085 1135 2091 1135 2341 1135 2085 1136 2341 1136 2342 1136 2154 1137 2340 1137 2343 1137 2152 1137 2154 1137 2343 1137 2150 1138 2152 1138 2343 1138 2084 1139 2085 1139 2342 1139 2084 1140 2342 1140 2344 1140 2079 1141 2084 1141 2344 1141 2074 1142 2079 1142 2344 1142 2150 1143 2343 1143 2345 1143 2074 1144 2344 1144 2301 1144 2150 1145 2345 1145 2346 1145 2148 1146 2150 1146 2346 1146 2148 1147 2346 1147 2347 1147 2146 1148 2148 1148 2347 1148 2144 1149 2146 1149 2348 1149 2146 1150 2347 1150 2348 1150 2142 1151 2144 1151 2349 1151 2144 1151 2348 1151 2349 1151 2140 1152 2142 1152 2350 1152 2142 1153 2349 1153 2350 1153 2138 1154 2140 1154 2351 1154 2140 1155 2350 1155 2351 1155 2136 1156 2138 1156 2352 1156 2132 1157 2136 1157 2352 1157 2138 1158 2351 1158 2352 1158 2127 1159 2132 1159 2353 1159 2132 1157 2352 1157 2353 1157 2122 1160 2127 1160 2354 1160 2127 1159 2353 1159 2354 1159 2122 1161 2354 1161 2355 1161 2120 1162 2122 1162 2356 1162 2122 1163 2355 1163 2356 1163 2117 1164 2120 1164 2357 1164 2120 1165 2356 1165 2357 1165 2112 1166 2117 1166 2358 1166 2117 1166 2357 1166 2358 1166 2108 1167 2112 1167 2359 1167 2112 1168 2358 1168 2359 1168 2103 1169 2108 1169 2360 1169 2108 1170 2359 1170 2360 1170 2101 1171 2103 1171 2361 1171 2103 1172 2360 1172 2361 1172 2097 1173 2101 1173 2362 1173 2101 1174 2361 1174 2362 1174 2097 1175 2362 1175 2363 1175 2093 1175 2097 1175 2363 1175 2093 1176 2363 1176 2364 1176 2088 1177 2093 1177 2364 1177 2088 1178 2364 1178 2365 1178 2086 1179 2088 1179 2365 1179 2086 1180 2365 1180 2366 1180 2081 1181 2086 1181 2366 1181 2081 1182 2366 1182 2367 1182 2078 1183 2081 1183 2367 1183 2076 1184 2078 1184 2367 1184 2076 1185 2367 1185 2368 1185 2080 1186 2076 1186 2368 1186 2080 1187 2368 1187 2369 1187 2080 1188 2369 1188 2370 1188 2082 1189 2080 1189 2370 1189 2087 1190 2082 1190 2370 1190 2087 1191 2370 1191 2371 1191 2087 1192 2371 1192 2372 1192 2090 1193 2087 1193 2372 1193 2090 1194 2372 1194 2373 1194 2094 1195 2090 1195 2373 1195 2098 1196 2094 1196 2373 1196 2098 1196 2373 1196 2374 1196 2102 1197 2098 1197 2374 1197 2102 1198 2374 1198 2375 1198 2102 1199 2375 1199 2376 1199 2107 1199 2102 1199 2376 1199 2107 1200 2376 1200 2377 1200 2111 1200 2107 1200 2377 1200 2111 1201 2377 1201 2378 1201 2113 1202 2111 1202 2378 1202 2113 1203 2378 1203 2379 1203 2118 1204 2113 1204 2379 1204 2118 1205 2379 1205 2380 1205 2121 1206 2118 1206 2380 1206 2121 1207 2380 1207 2381 1207 2123 1208 2121 1208 2381 1208 2123 1209 2381 1209 2382 1209 2128 1210 2123 1210 2382 1210 2133 1211 2128 1211 2383 1211 2137 1212 2133 1212 2383 1212 2128 1213 2382 1213 2383 1213 2137 1214 2383 1214 2384 1214 2139 1215 2137 1215 2384 1215 2139 1216 2384 1216 2385 1216 2141 1217 2139 1217 2386 1217 2139 1218 2385 1218 2386 1218 2143 1219 2141 1219 2387 1219 2141 1220 2386 1220 2387 1220 2143 1221 2387 1221 2388 1221 2145 1222 2143 1222 2388 1222 2147 1223 2145 1223 2388 1223 2147 1224 2388 1224 2389 1224 2147 1225 2389 1225 2390 1225 2149 1225 2147 1225 2390 1225 2151 1226 2149 1226 2390 1226 2151 1226 2390 1226 2391 1226 2151 1227 2391 1227 2392 1227 2153 1228 2151 1228 2392 1228 2155 1229 2153 1229 2392 1229 2155 1229 2392 1229 2393 1229 2155 1230 2393 1230 2394 1230 2157 1231 2155 1231 2394 1231 2159 1232 2157 1232 2394 1232 2159 1233 2394 1233 2395 1233 2159 1234 2395 1234 2396 1234 2161 1235 2159 1235 2396 1235 2161 1236 2396 1236 2397 1236 2163 1237 2161 1237 2397 1237 2163 1238 2397 1238 2398 1238 2165 1239 2163 1239 2398 1239 2165 1240 2398 1240 2399 1240 2166 1241 2165 1241 2399 1241 2168 1242 2166 1242 2399 1242 2168 1243 2399 1243 2400 1243 2168 1244 2400 1244 2401 1244 2171 1245 2168 1245 2401 1245 2171 1246 2401 1246 2402 1246 2173 1247 2171 1247 2402 1247 2173 1248 2402 1248 2403 1248 2175 1249 2173 1249 2403 1249 2177 1250 2175 1250 2404 1250 2175 1250 2403 1250 2404 1250 2179 1251 2177 1251 2405 1251 2177 1252 2404 1252 2405 1252 2181 1253 2179 1253 2406 1253 2179 1254 2405 1254 2406 1254 2183 1255 2181 1255 2407 1255 2185 1256 2183 1256 2407 1256 2181 1257 2406 1257 2407 1257 2185 1258 2407 1258 2408 1258 2187 1259 2185 1259 2409 1259 2185 1260 2408 1260 2409 1260 2188 1261 2187 1261 2410 1261 2187 1262 2409 1262 2410 1262 2073 1263 2188 1263 2411 1263 2188 1264 2410 1264 2411 1264 2072 1265 2073 1265 2412 1265 2073 1266 2411 1266 2412 1266 2072 1267 2412 1267 2413 1267 2075 1267 2072 1267 2413 1267 2075 1268 2413 1268 2414 1268 2077 1268 2075 1268 2414 1268 2077 1269 2414 1269 2415 1269 2083 1270 2077 1270 2415 1270 2089 1271 2083 1271 2415 1271 2089 1272 2415 1272 2297 1272 2257 269 2417 269 2416 269 2257 269 2416 269 2258 269 2227 1273 2419 1273 2418 1273 2227 269 2226 269 2419 269 2256 269 2420 269 2417 269 2256 269 2417 269 2257 269 2228 269 2418 269 2421 269 2228 269 2227 269 2418 269 2255 269 2420 269 2256 269 2229 269 2228 269 2421 269 2254 269 2420 269 2255 269 2422 1274 2295 1274 2294 1274 2422 1275 2190 1275 2295 1275 2254 269 2423 269 2420 269 2230 269 2229 269 2421 269 2424 1276 2422 1276 2294 1276 2230 1277 2421 1277 2425 1277 2424 1278 2294 1278 2293 1278 2253 1279 2423 1279 2254 1279 2426 269 2190 269 2422 269 2426 269 2192 269 2190 269 2253 269 2427 269 2423 269 2231 1280 2230 1280 2425 1280 2231 1281 2425 1281 2428 1281 2429 269 2424 269 2293 269 2252 1283 2427 1283 2253 1283 2429 1282 2293 1282 2292 1282 2252 1284 2430 1284 2427 1284 2232 269 2231 269 2428 269 2431 269 2192 269 2426 269 2232 1286 2428 1286 2432 1286 2431 1285 2191 1285 2192 1285 2433 269 2429 269 2292 269 2251 269 2430 269 2252 269 2251 1288 2434 1288 2430 1288 2433 1287 2292 1287 2291 1287 2233 269 2232 269 2432 269 2233 1289 2432 1289 2435 1289 2436 1290 2191 1290 2431 1290 2436 269 2193 269 2191 269 2437 1291 2433 1291 2291 1291 2250 269 2438 269 2434 269 2250 269 2434 269 2251 269 2234 1292 2233 1292 2435 1292 2234 269 2435 269 2439 269 2437 1293 2291 1293 2290 1293 2249 1295 2440 1295 2438 1295 2441 1294 2193 1294 2436 1294 2249 1296 2438 1296 2250 1296 2441 1297 2194 1297 2193 1297 2235 1298 2234 1298 2439 1298 2442 269 2437 269 2290 269 2248 269 2440 269 2249 269 2442 1299 2290 1299 2289 1299 2236 1300 2439 1300 2443 1300 2444 269 2194 269 2441 269 2236 269 2235 269 2439 269 2444 1301 2198 1301 2194 1301 2444 1302 2200 1302 2198 1302 2247 269 2445 269 2440 269 2247 1304 2440 1304 2248 1304 2446 1303 2442 1303 2289 1303 2237 1305 2443 1305 2447 1305 2446 1306 2288 1306 2287 1306 2446 1307 2289 1307 2288 1307 2448 1308 2201 1308 2200 1308 2237 269 2236 269 2443 269 2246 1309 2449 1309 2445 1309 2246 1310 2445 1310 2247 1310 2448 269 2200 269 2444 269 2238 1311 2447 1311 2450 1311 2238 1312 2237 1312 2447 1312 2451 1313 2446 1313 2287 1313 2245 1314 2452 1314 2449 1314 2245 269 2449 269 2246 269 2239 1316 2450 1316 2453 1316 2451 1315 2287 1315 2286 1315 2454 269 2202 269 2201 269 2239 1317 2238 1317 2450 1317 2244 269 2455 269 2452 269 2244 1319 2452 1319 2245 1319 2454 1318 2201 1318 2448 1318 2240 1320 2453 1320 2456 1320 2240 1321 2239 1321 2453 1321 2243 1322 2457 1322 2455 1322 2243 269 2455 269 2244 269 2241 269 2240 269 2456 269 2241 1323 2456 1323 2457 1323 2458 1324 2286 1324 2285 1324 2242 269 2241 269 2457 269 2458 269 2451 269 2286 269 2242 1325 2457 1325 2243 1325 2459 269 2205 269 2202 269 2459 1326 2202 1326 2454 1326 2460 1327 2285 1327 2284 1327 2460 1328 2458 1328 2285 1328 2461 269 2206 269 2205 269 2461 1329 2205 1329 2459 1329 2462 269 2460 269 2284 269 2462 1330 2284 1330 2283 1330 2463 1331 2209 1331 2206 1331 2463 1332 2206 1332 2461 1332 2464 269 2462 269 2283 269 2464 1333 2283 1333 2282 1333 2465 269 2195 269 2196 269 2465 269 2196 269 2209 269 2465 269 2209 269 2463 269 2466 269 2464 269 2282 269 2466 1334 2281 1334 2280 1334 2466 269 2282 269 2281 269 2467 1331 2197 1331 2195 1331 2467 269 2195 269 2465 269 2468 269 2466 269 2280 269 2468 1335 2280 1335 2279 1335 2469 269 2199 269 2197 269 2469 269 2197 269 2467 269 2470 269 2468 269 2279 269 2470 1336 2279 1336 2278 1336 2471 269 2203 269 2199 269 2471 269 2199 269 2469 269 2472 1337 2470 1337 2278 1337 2472 1338 2278 1338 2277 1338 2473 269 2204 269 2203 269 2473 1339 2203 1339 2471 1339 2474 269 2472 269 2277 269 2474 1340 2277 1340 2276 1340 2475 1341 2207 1341 2204 1341 2475 269 2204 269 2473 269 2476 269 2474 269 2276 269 2476 1342 2275 1342 2274 1342 2476 1343 2276 1343 2275 1343 2477 269 2208 269 2207 269 2477 1301 2210 1301 2208 1301 2477 269 2207 269 2475 269 2478 1344 2476 1344 2274 1344 2478 1345 2274 1345 2273 1345 2479 1297 2211 1297 2210 1297 2479 269 2210 269 2477 269 2480 269 2478 269 2273 269 2480 1346 2273 1346 2272 1346 2481 269 2212 269 2211 269 2481 1347 2211 1347 2479 1347 2482 1348 2480 1348 2272 1348 2482 1349 2272 1349 2271 1349 2483 1285 2213 1285 2212 1285 2483 1350 2212 1350 2481 1350 2484 1351 2271 1351 2270 1351 2484 269 2482 269 2271 269 2485 269 2214 269 2213 269 2485 269 2213 269 2483 269 2486 1352 2270 1352 2269 1352 2486 269 2484 269 2270 269 2487 1275 2215 1275 2214 1275 2487 269 2214 269 2485 269 2488 269 2486 269 2269 269 2268 269 2488 269 2269 269 2216 1353 2487 1353 2489 1353 2216 269 2215 269 2487 269 2267 1322 2490 1322 2488 1322 2267 1325 2488 1325 2268 1325 2217 269 2216 269 2489 269 2217 1354 2489 1354 2491 1354 2266 269 2492 269 2490 269 2266 269 2490 269 2267 269 2218 1355 2217 1355 2491 1355 2218 1356 2491 1356 2493 1356 2265 1319 2492 1319 2266 1319 2265 1357 2494 1357 2492 1357 2219 1358 2493 1358 2495 1358 2219 1359 2218 1359 2493 1359 2264 269 2494 269 2265 269 2264 1360 2496 1360 2494 1360 2220 1361 2495 1361 2497 1361 2220 1362 2219 1362 2495 1362 2263 269 2496 269 2264 269 2263 269 2498 269 2496 269 2221 1363 2497 1363 2499 1363 2221 269 2220 269 2497 269 2262 269 2498 269 2263 269 2222 269 2221 269 2499 269 2261 1364 2498 1364 2262 1364 2261 269 2500 269 2498 269 2223 269 2499 269 2501 269 2223 1365 2222 1365 2499 1365 2260 1366 2502 1366 2500 1366 2260 1367 2500 1367 2261 1367 2224 1368 2501 1368 2503 1368 2224 1369 2223 1369 2501 1369 2259 1288 2504 1288 2502 1288 2259 269 2502 269 2260 269 2225 1370 2503 1370 2505 1370 2225 269 2224 269 2503 269 2258 269 2504 269 2259 269 2258 1284 2416 1284 2504 1284 2226 1371 2505 1371 2419 1371 2226 269 2225 269 2505 269 2506 1487 2310 1487 2308 1487 2372 224 2507 224 2373 224 2507 224 2508 224 2373 224 2509 224 2506 224 2306 224 2506 1488 2308 1488 2306 1488 2373 224 2508 224 2374 224 2508 224 2510 224 2374 224 2511 224 2509 224 2304 224 2509 1489 2306 1489 2304 1489 2374 1490 2510 1490 2375 1490 2512 1491 2511 1491 2302 1491 2511 1492 2304 1492 2302 1492 2510 224 2513 224 2376 224 2375 1493 2510 1493 2376 1493 2512 1494 2302 1494 2299 1494 2513 224 2514 224 2377 224 2376 224 2513 224 2377 224 2512 1495 2299 1495 2298 1495 2515 224 2512 224 2298 224 2377 224 2514 224 2378 224 2514 224 2516 224 2378 224 2330 1496 2328 1496 2517 1496 2518 224 2515 224 2296 224 2515 1497 2298 1497 2296 1497 2332 224 2330 224 2519 224 2378 224 2516 224 2379 224 2334 224 2332 224 2519 224 2330 1498 2517 1498 2519 1498 2328 224 2326 224 2520 224 2517 224 2328 224 2520 224 2336 224 2334 224 2521 224 2334 1499 2519 1499 2521 1499 2518 1500 2296 1500 2297 1500 2522 224 2518 224 2297 224 2379 1501 2516 1501 2380 1501 2324 224 2321 224 2523 224 2326 224 2324 224 2523 224 2520 224 2326 224 2523 224 2516 224 2524 224 2380 224 2522 1502 2297 1502 2415 1502 2338 224 2336 224 2525 224 2336 1503 2521 1503 2525 1503 2380 1504 2524 1504 2381 1504 2524 1505 2526 1505 2381 1505 2527 224 2522 224 2414 224 2321 224 2319 224 2528 224 2523 224 2321 224 2528 224 2522 1506 2415 1506 2414 1506 2340 224 2338 224 2529 224 2343 1507 2340 1507 2529 1507 2381 1508 2526 1508 2382 1508 2526 1509 2530 1509 2382 1509 2338 1510 2525 1510 2529 1510 2531 224 2527 224 2413 224 2527 1511 2414 1511 2413 1511 2319 224 2317 224 2532 224 2528 224 2319 224 2532 224 2382 224 2530 224 2383 224 2533 1512 2531 1512 2412 1512 2345 1513 2343 1513 2534 1513 2531 1514 2413 1514 2412 1514 2343 1515 2529 1515 2534 1515 2315 1516 2313 1516 2535 1516 2317 1517 2315 1517 2535 1517 2530 1518 2536 1518 2384 1518 2383 224 2530 224 2384 224 2532 224 2317 224 2535 224 2346 224 2345 224 2537 224 2533 1519 2412 1519 2411 1519 2345 1520 2534 1520 2537 1520 2536 1521 2538 1521 2385 1521 2384 1522 2536 1522 2385 1522 2313 224 2311 224 2539 224 2540 224 2533 224 2410 224 2535 224 2313 224 2539 224 2347 1523 2346 1523 2541 1523 2348 1524 2347 1524 2541 1524 2533 1525 2411 1525 2410 1525 2346 1526 2537 1526 2541 1526 2385 1527 2538 1527 2386 1527 2538 224 2542 224 2386 224 2540 1528 2410 1528 2409 1528 2311 224 2309 224 2543 224 2544 224 2540 224 2409 224 2539 224 2311 224 2543 224 2386 224 2542 224 2387 224 2349 224 2348 224 2545 224 2348 1529 2541 1529 2545 1529 2546 224 2544 224 2408 224 2544 1530 2409 1530 2408 1530 2307 1531 2305 1531 2547 1531 2309 224 2307 224 2547 224 2387 224 2542 224 2388 224 2542 224 2548 224 2388 224 2543 224 2309 224 2547 224 2349 1532 2545 1532 2549 1532 2350 224 2349 224 2549 224 2546 1533 2408 1533 2407 1533 2305 1534 2303 1534 2550 1534 2547 224 2305 224 2550 224 2548 1535 2551 1535 2389 1535 2388 224 2548 224 2389 224 2552 1536 2546 1536 2406 1536 2546 1537 2407 1537 2406 1537 2350 1538 2549 1538 2553 1538 2351 224 2350 224 2553 224 2352 224 2351 224 2553 224 2551 224 2554 224 2390 224 2389 224 2551 224 2390 224 2555 224 2552 224 2405 224 2303 1539 2300 1539 2556 1539 2552 1540 2406 1540 2405 1540 2550 1541 2303 1541 2556 1541 2352 1542 2553 1542 2557 1542 2353 224 2352 224 2557 224 2390 224 2554 224 2391 224 2555 1543 2405 1543 2404 1543 2558 224 2555 224 2404 224 2300 224 2301 224 2559 224 2391 1544 2554 1544 2392 1544 2301 224 2344 224 2559 224 2556 1545 2300 1545 2559 1545 2554 224 2560 224 2392 224 2558 1546 2404 1546 2403 1546 2392 224 2560 224 2393 224 2354 224 2353 224 2561 224 2560 224 2562 224 2393 224 2353 224 2557 224 2561 224 2558 1547 2403 1547 2402 1547 2563 224 2558 224 2402 224 2344 1548 2342 1548 2564 1548 2559 1549 2344 1549 2564 1549 2393 1550 2562 1550 2394 1550 2562 224 2565 224 2394 224 2355 224 2354 224 2566 224 2567 224 2563 224 2401 224 2356 224 2355 224 2566 224 2563 1551 2402 1551 2401 1551 2354 1552 2561 1552 2566 1552 2394 224 2565 224 2395 224 2567 224 2401 224 2400 224 2568 224 2567 224 2400 224 2564 1553 2342 1553 2569 1553 2395 224 2565 224 2396 224 2565 224 2570 224 2396 224 2342 1554 2341 1554 2569 1554 2568 224 2400 224 2399 224 2357 224 2356 224 2571 224 2396 224 2570 224 2397 224 2356 1555 2566 1555 2571 1555 2570 224 2572 224 2397 224 2568 1556 2399 1556 2398 1556 2397 224 2572 224 2398 224 2572 224 2568 224 2398 224 2339 224 2337 224 2573 224 2341 224 2339 224 2573 224 2569 224 2341 224 2573 224 2358 224 2357 224 2574 224 2357 1557 2571 1557 2574 1557 2337 224 2335 224 2575 224 2573 224 2337 224 2575 224 2358 1558 2574 1558 2576 1558 2359 1559 2358 1559 2576 1559 2360 1560 2359 1560 2576 1560 2335 224 2333 224 2577 224 2575 1561 2335 1561 2577 1561 2361 224 2360 224 2578 224 2360 1562 2576 1562 2578 1562 2331 1563 2329 1563 2579 1563 2333 224 2331 224 2579 224 2577 224 2333 224 2579 224 2362 1564 2361 1564 2580 1564 2361 1565 2578 1565 2580 1565 2329 224 2327 224 2581 224 2579 224 2329 224 2581 224 2363 224 2362 224 2582 224 2364 224 2363 224 2582 224 2362 1566 2580 1566 2582 1566 2327 1567 2325 1567 2583 1567 2581 224 2327 224 2583 224 2364 1568 2582 1568 2584 1568 2365 224 2364 224 2584 224 2323 224 2322 224 2585 224 2325 224 2323 224 2585 224 2583 224 2325 224 2585 224 2365 1569 2584 1569 2586 1569 2366 224 2365 224 2586 224 2585 224 2322 224 2587 224 2322 224 2320 224 2587 224 2366 1570 2586 1570 2588 1570 2367 224 2366 224 2588 224 2587 224 2320 224 2589 224 2589 1571 2320 1571 2318 1571 2367 224 2588 224 2368 224 2368 1572 2588 1572 2590 1572 2589 224 2318 224 2591 224 2591 1573 2318 1573 2316 1573 2368 1574 2590 1574 2369 1574 2590 224 2592 224 2369 224 2591 224 2316 224 2314 224 2593 224 2591 224 2314 224 2369 224 2592 224 2370 224 2592 224 2594 224 2370 224 2595 224 2593 224 2312 224 2593 224 2314 224 2312 224 2370 224 2594 224 2371 224 2506 224 2595 224 2310 224 2595 1575 2312 1575 2310 1575 2371 224 2594 224 2372 224 2594 224 2507 224 2372 224 2465 1576 2597 1576 2596 1576 2467 1576 2465 1576 2596 1576 2469 1577 2467 1577 2598 1577 2467 1578 2596 1578 2598 1578 2471 1579 2469 1579 2599 1579 2469 1580 2598 1580 2599 1580 2471 1581 2599 1581 2600 1581 2473 1582 2471 1582 2600 1582 2473 1583 2600 1583 2601 1583 2475 1584 2473 1584 2601 1584 2475 1585 2601 1585 2602 1585 2477 1586 2475 1586 2602 1586 2477 1587 2602 1587 2603 1587 2479 1588 2477 1588 2603 1588 2481 1589 2479 1589 2603 1589 2481 1590 2603 1590 2604 1590 2485 1591 2483 1591 2605 1591 2481 1592 2604 1592 2605 1592 2483 1593 2481 1593 2605 1593 2485 1594 2605 1594 2606 1594 2487 1595 2485 1595 2607 1595 2489 1596 2487 1596 2607 1596 2485 1597 2606 1597 2607 1597 2489 1596 2607 1596 2608 1596 2491 1598 2489 1598 2609 1598 2489 1599 2608 1599 2609 1599 2493 1600 2491 1600 2610 1600 2491 1601 2609 1601 2610 1601 2495 1602 2493 1602 2611 1602 2493 1603 2610 1603 2611 1603 2497 1604 2495 1604 2612 1604 2495 1605 2611 1605 2612 1605 2499 1606 2497 1606 2613 1606 2497 1607 2612 1607 2613 1607 2501 1608 2499 1608 2614 1608 2503 1609 2501 1609 2614 1609 2499 1610 2613 1610 2614 1610 2503 1611 2614 1611 2615 1611 2505 1612 2503 1612 2616 1612 2419 1613 2505 1613 2616 1613 2503 1612 2615 1612 2616 1612 2419 1614 2616 1614 2617 1614 2418 1615 2419 1615 2618 1615 2419 1616 2617 1616 2618 1616 2421 807 2418 807 2619 807 2425 1617 2421 1617 2619 1617 2418 807 2618 807 2619 807 2425 1618 2619 1618 2620 1618 2428 1619 2425 1619 2621 1619 2425 1620 2620 1620 2621 1620 2432 1621 2428 1621 2622 1621 2435 1622 2432 1622 2622 1622 2428 1621 2621 1621 2622 1621 2435 1623 2622 1623 2623 1623 2439 1624 2435 1624 2624 1624 2443 1625 2439 1625 2624 1625 2435 1626 2623 1626 2624 1626 2443 1627 2624 1627 2625 1627 2443 1628 2625 1628 2626 1628 2447 1629 2443 1629 2626 1629 2447 1630 2626 1630 2627 1630 2450 1631 2447 1631 2627 1631 2453 1632 2450 1632 2627 1632 2453 1633 2627 1633 2628 1633 2453 1634 2628 1634 2629 1634 2456 1635 2453 1635 2629 1635 2456 1636 2629 1636 2630 1636 2457 1636 2456 1636 2630 1636 2455 1637 2457 1637 2631 1637 2457 1638 2630 1638 2631 1638 2452 1639 2455 1639 2632 1639 2455 1640 2631 1640 2632 1640 2449 1641 2452 1641 2632 1641 2449 1642 2632 1642 2633 1642 2445 1643 2449 1643 2634 1643 2449 1644 2633 1644 2634 1644 2440 1645 2445 1645 2635 1645 2445 1646 2634 1646 2635 1646 2438 1647 2440 1647 2636 1647 2440 1648 2635 1648 2636 1648 2434 1649 2438 1649 2637 1649 2438 1650 2636 1650 2637 1650 2430 1651 2434 1651 2638 1651 2427 1652 2430 1652 2638 1652 2434 1653 2637 1653 2638 1653 2427 1654 2638 1654 2639 1654 2423 1655 2427 1655 2640 1655 2427 1656 2639 1656 2640 1656 2420 1657 2423 1657 2641 1657 2423 1657 2640 1657 2641 1657 2417 1658 2420 1658 2642 1658 2420 1658 2641 1658 2642 1658 2416 1659 2417 1659 2643 1659 2504 1660 2416 1660 2643 1660 2417 1661 2642 1661 2643 1661 2504 1662 2643 1662 2644 1662 2502 1663 2504 1663 2645 1663 2504 1664 2644 1664 2645 1664 2500 1665 2502 1665 2646 1665 2502 1666 2645 1666 2646 1666 2498 1667 2500 1667 2647 1667 2500 1668 2646 1668 2647 1668 2496 1669 2498 1669 2648 1669 2494 1670 2496 1670 2648 1670 2498 1671 2647 1671 2648 1671 2494 1672 2648 1672 2649 1672 2494 1673 2649 1673 2650 1673 2492 1674 2494 1674 2650 1674 2492 1675 2650 1675 2651 1675 2490 1676 2492 1676 2651 1676 2490 1677 2651 1677 2652 1677 2488 1678 2490 1678 2652 1678 2488 1679 2652 1679 2653 1679 2486 1679 2488 1679 2653 1679 2484 1680 2486 1680 2653 1680 2484 1681 2653 1681 2654 1681 2484 1682 2654 1682 2655 1682 2482 1683 2484 1683 2655 1683 2482 1684 2655 1684 2656 1684 2480 1685 2482 1685 2656 1685 2480 1686 2656 1686 2657 1686 2478 1687 2480 1687 2657 1687 2478 1688 2657 1688 2658 1688 2476 1689 2478 1689 2658 1689 2476 1690 2658 1690 2659 1690 2474 1691 2476 1691 2659 1691 2474 1692 2659 1692 2660 1692 2472 1693 2474 1693 2660 1693 2470 1694 2472 1694 2660 1694 2470 1694 2660 1694 2661 1694 2470 1695 2661 1695 2662 1695 2468 1696 2470 1696 2662 1696 2468 1697 2662 1697 2663 1697 2466 1698 2468 1698 2663 1698 2466 1699 2663 1699 2664 1699 2464 1699 2466 1699 2664 1699 2464 1700 2664 1700 2665 1700 2462 1701 2464 1701 2665 1701 2460 1702 2462 1702 2666 1702 2462 1703 2665 1703 2666 1703 2458 1704 2460 1704 2667 1704 2460 1704 2666 1704 2667 1704 2451 1705 2458 1705 2668 1705 2458 1706 2667 1706 2668 1706 2446 1707 2451 1707 2669 1707 2451 1708 2668 1708 2669 1708 2442 1709 2446 1709 2670 1709 2437 1710 2442 1710 2670 1710 2446 1711 2669 1711 2670 1711 2437 1712 2670 1712 2671 1712 2433 1713 2437 1713 2672 1713 2437 1714 2671 1714 2672 1714 2429 1715 2433 1715 2673 1715 2433 1716 2672 1716 2673 1716 2424 1717 2429 1717 2674 1717 2429 1718 2673 1718 2674 1718 2422 1719 2424 1719 2675 1719 2424 1719 2674 1719 2675 1719 2422 1720 2675 1720 2676 1720 2426 1721 2422 1721 2676 1721 2426 1722 2676 1722 2677 1722 2431 1723 2426 1723 2677 1723 2431 1724 2677 1724 2678 1724 2436 1725 2431 1725 2678 1725 2436 1726 2678 1726 2679 1726 2441 1727 2436 1727 2679 1727 2441 1728 2679 1728 2680 1728 2444 1729 2441 1729 2680 1729 2448 1730 2444 1730 2680 1730 2448 1731 2680 1731 2681 1731 2448 1732 2681 1732 2682 1732 2454 1733 2448 1733 2682 1733 2454 1734 2682 1734 2683 1734 2459 1735 2454 1735 2683 1735 2459 1736 2683 1736 2684 1736 2461 1737 2459 1737 2684 1737 2461 1738 2684 1738 2685 1738 2463 1739 2461 1739 2685 1739 2463 1740 2685 1740 2597 1740 2465 1740 2463 1740 2597 1740 2597 1766 2559 1766 2564 1766 2596 1767 2564 1767 2569 1767 2596 1768 2597 1768 2564 1768 2598 1769 2569 1769 2573 1769 2598 1770 2596 1770 2569 1770 2599 1771 2598 1771 2573 1771 2600 1772 2573 1772 2575 1772 2600 1773 2575 1773 2577 1773 2600 1774 2599 1774 2573 1774 2601 1775 2600 1775 2577 1775 2602 1776 2601 1776 2577 1776 2602 1777 2577 1777 2579 1777 2603 1778 2602 1778 2579 1778 2603 1779 2579 1779 2581 1779 2604 1780 2581 1780 2583 1780 2604 1781 2583 1781 2585 1781 2604 1782 2603 1782 2581 1782 2605 1783 2604 1783 2585 1783 2606 1784 2585 1784 2587 1784 2606 1785 2605 1785 2585 1785 2607 1786 2587 1786 2589 1786 2607 1787 2606 1787 2587 1787 2608 1788 2589 1788 2591 1788 2608 1788 2607 1788 2589 1788 2609 1789 2591 1789 2593 1789 2609 1790 2608 1790 2591 1790 2610 1791 2593 1791 2595 1791 2610 1792 2609 1792 2593 1792 2611 1793 2595 1793 2506 1793 2611 1793 2610 1793 2595 1793 2612 1794 2506 1794 2509 1794 2612 1795 2509 1795 2511 1795 2612 1796 2611 1796 2506 1796 2613 1797 2612 1797 2511 1797 2614 1798 2511 1798 2512 1798 2614 1799 2613 1799 2511 1799 2615 1800 2512 1800 2515 1800 2615 1801 2515 1801 2518 1801 2615 1802 2614 1802 2512 1802 2616 1803 2615 1803 2518 1803 2617 1804 2518 1804 2522 1804 2617 1804 2616 1804 2518 1804 2618 1805 2522 1805 2527 1805 2618 1806 2617 1806 2522 1806 2619 807 2527 807 2531 807 2619 1807 2531 1807 2533 1807 2619 807 2618 807 2527 807 2620 1808 2619 1808 2533 1808 2621 1809 2533 1809 2540 1809 2621 1809 2620 1809 2533 1809 2622 1810 2540 1810 2544 1810 2622 1811 2621 1811 2540 1811 2623 1812 2544 1812 2546 1812 2623 1813 2622 1813 2544 1813 2624 1814 2546 1814 2552 1814 2624 1815 2623 1815 2546 1815 2625 1816 2624 1816 2552 1816 2625 1817 2552 1817 2555 1817 2626 1818 2625 1818 2555 1818 2626 1819 2555 1819 2558 1819 2626 1820 2558 1820 2563 1820 2627 1820 2626 1820 2563 1820 2628 1821 2627 1821 2563 1821 2628 1822 2563 1822 2567 1822 2629 1823 2628 1823 2567 1823 2629 1824 2567 1824 2568 1824 2630 1825 2629 1825 2568 1825 2630 1825 2568 1825 2572 1825 2631 1826 2630 1826 2572 1826 2631 1827 2572 1827 2570 1827 2632 1828 2631 1828 2570 1828 2632 1829 2570 1829 2565 1829 2633 1830 2632 1830 2565 1830 2633 1831 2565 1831 2562 1831 2633 1832 2562 1832 2560 1832 2634 1833 2633 1833 2560 1833 2635 1834 2560 1834 2554 1834 2635 1835 2634 1835 2560 1835 2636 1836 2554 1836 2551 1836 2636 1837 2635 1837 2554 1837 2637 1838 2551 1838 2548 1838 2637 1839 2636 1839 2551 1839 2638 1840 2548 1840 2542 1840 2638 1841 2637 1841 2548 1841 2639 1842 2542 1842 2538 1842 2639 1843 2538 1843 2536 1843 2639 1844 2638 1844 2542 1844 2640 1845 2536 1845 2530 1845 2640 1846 2639 1846 2536 1846 2641 1847 2640 1847 2530 1847 2642 1848 2530 1848 2526 1848 2642 1849 2641 1849 2530 1849 2643 1850 2526 1850 2524 1850 2643 1851 2642 1851 2526 1851 2644 1852 2524 1852 2516 1852 2644 1853 2643 1853 2524 1853 2645 1854 2516 1854 2514 1854 2645 1855 2644 1855 2516 1855 2646 1856 2514 1856 2513 1856 2646 1857 2645 1857 2514 1857 2647 1858 2513 1858 2510 1858 2647 1859 2646 1859 2513 1859 2648 1860 2510 1860 2508 1860 2648 1861 2508 1861 2507 1861 2648 1862 2647 1862 2510 1862 2649 1863 2648 1863 2507 1863 2650 1864 2649 1864 2507 1864 2650 1864 2507 1864 2594 1864 2651 1865 2650 1865 2594 1865 2651 1866 2594 1866 2592 1866 2652 1867 2651 1867 2592 1867 2652 1868 2592 1868 2590 1868 2653 1869 2652 1869 2590 1869 2653 1869 2590 1869 2588 1869 2654 1870 2653 1870 2588 1870 2654 1871 2588 1871 2586 1871 2655 1872 2654 1872 2586 1872 2655 1873 2586 1873 2584 1873 2656 1874 2655 1874 2584 1874 2656 1874 2584 1874 2582 1874 2657 1875 2656 1875 2582 1875 2657 1876 2582 1876 2580 1876 2658 1877 2657 1877 2580 1877 2658 1878 2580 1878 2578 1878 2659 1879 2658 1879 2578 1879 2659 1880 2578 1880 2576 1880 2660 1881 2659 1881 2576 1881 2660 1882 2576 1882 2574 1882 2661 1883 2660 1883 2574 1883 2661 1884 2574 1884 2571 1884 2661 1885 2571 1885 2566 1885 2662 1885 2661 1885 2566 1885 2663 1886 2662 1886 2566 1886 2663 1887 2566 1887 2561 1887 2664 1699 2663 1699 2561 1699 2664 1699 2561 1699 2557 1699 2665 1888 2664 1888 2557 1888 2665 1889 2557 1889 2553 1889 2666 1890 2665 1890 2553 1890 2666 1890 2553 1890 2549 1890 2667 1891 2666 1891 2549 1891 2667 1892 2549 1892 2545 1892 2668 1893 2667 1893 2545 1893 2668 1894 2545 1894 2541 1894 2669 1895 2668 1895 2541 1895 2669 1896 2541 1896 2537 1896 2670 1897 2537 1897 2534 1897 2670 1898 2669 1898 2537 1898 2671 1899 2534 1899 2529 1899 2671 1900 2670 1900 2534 1900 2672 1901 2529 1901 2525 1901 2672 1901 2671 1901 2529 1901 2673 1902 2525 1902 2521 1902 2673 1903 2672 1903 2525 1903 2674 1904 2521 1904 2519 1904 2674 1905 2673 1905 2521 1905 2675 1906 2519 1906 2517 1906 2675 1907 2517 1907 2520 1907 2675 1906 2674 1906 2519 1906 2676 1908 2675 1908 2520 1908 2677 1909 2676 1909 2520 1909 2677 1910 2520 1910 2523 1910 2678 1911 2677 1911 2523 1911 2678 1911 2523 1911 2528 1911 2679 1912 2678 1912 2528 1912 2679 1913 2528 1913 2532 1913 2680 1914 2679 1914 2532 1914 2680 1915 2532 1915 2535 1915 2681 1916 2680 1916 2535 1916 2681 1917 2535 1917 2539 1917 2682 1918 2681 1918 2539 1918 2682 1919 2539 1919 2543 1919 2683 1920 2682 1920 2543 1920 2683 1921 2543 1921 2547 1921 2684 1922 2683 1922 2547 1922 2684 1923 2547 1923 2550 1923 2684 1924 2550 1924 2556 1924 2685 1925 2684 1925 2556 1925 2685 1926 2556 1926 2559 1926 2597 1927 2685 1927 2559 1927 2688 2219 2687 2219 2686 2219 2687 2220 2689 2220 2686 2220 2688 2221 2686 2221 2690 2221 2689 2222 2687 2222 2691 2222 2689 2223 2691 2223 2692 2223 2686 2224 2689 2224 2693 2224 2689 2225 2692 2225 2693 2225 2695 2226 2688 2226 2694 2226 2690 2227 2686 2227 2694 2227 2688 2228 2690 2228 2694 2228 2686 2229 2693 2229 2694 2229 2687 2230 2697 2230 2696 2230 2691 2231 2687 2231 2696 2231 2692 2232 2691 2232 2698 2232 2691 2233 2696 2233 2698 2233 2693 2234 2692 2234 2699 2234 2692 2235 2698 2235 2699 2235 2695 2236 2694 2236 2700 2236 2694 2237 2693 2237 2700 2237 2693 2238 2699 2238 2700 2238 2696 2239 2697 2239 2701 2239 2696 2240 2701 2240 2702 2240 2698 2241 2696 2241 2702 2241 2701 2242 2697 2242 2702 2242 2697 2243 2695 2243 2703 2243 2699 2244 2698 2244 2703 2244 2702 2245 2697 2245 2703 2245 2698 2246 2702 2246 2703 2246 2695 2247 2700 2247 2704 2247 2700 2248 2699 2248 2704 2248 2703 2249 2695 2249 2704 2249 2699 2250 2703 2250 2704 2250 2688 2251 2706 2251 2705 2251 2708 2252 2688 2252 2707 2252 2688 2253 2705 2253 2707 2253 2708 2254 2707 2254 2709 2254 2688 2255 2695 2255 2710 2255 2706 2256 2688 2256 2710 2256 2706 2257 2710 2257 2711 2257 2705 2258 2706 2258 2711 2258 2707 2259 2705 2259 2712 2259 2705 2260 2711 2260 2712 2260 2708 2261 2709 2261 2713 2261 2709 2262 2707 2262 2713 2262 2707 2263 2712 2263 2713 2263 2710 2264 2695 2264 2714 2264 2711 2265 2710 2265 2715 2265 2710 2266 2714 2266 2715 2266 2712 2267 2711 2267 2716 2267 2711 2268 2715 2268 2716 2268 2718 2269 2708 2269 2717 2269 2708 2270 2713 2270 2717 2270 2713 2271 2712 2271 2717 2271 2712 2272 2716 2272 2717 2272 2714 2273 2695 2273 2719 2273 2719 2274 2695 2274 2720 2274 2715 2275 2714 2275 2720 2275 2714 2276 2719 2276 2720 2276 2695 2277 2718 2277 2721 2277 2716 2278 2715 2278 2721 2278 2717 2279 2716 2279 2721 2279 2720 2280 2695 2280 2721 2280 2715 2281 2720 2281 2721 2281 2718 2282 2717 2282 2722 2282 2717 2283 2721 2283 2722 2283 2721 2284 2718 2284 2722 2284 2724 2285 2708 2285 2723 2285 2708 2286 2725 2286 2723 2286 2724 2287 2723 2287 2726 2287 2724 2288 2726 2288 2727 2288 2725 2289 2708 2289 2728 2289 2723 2290 2725 2290 2728 2290 2723 2291 2728 2291 2729 2291 2726 2292 2723 2292 2730 2292 2723 2293 2729 2293 2730 2293 2727 2294 2726 2294 2730 2294 2724 2295 2727 2295 2731 2295 2727 2296 2730 2296 2731 2296 2708 2297 2718 2297 2732 2297 2728 2298 2708 2298 2732 2298 2729 2299 2728 2299 2732 2299 2730 2300 2729 2300 2733 2300 2729 2301 2732 2301 2733 2301 2731 2302 2730 2302 2734 2302 2730 2303 2733 2303 2734 2303 2736 2304 2724 2304 2735 2304 2724 2305 2731 2305 2735 2305 2731 2306 2734 2306 2735 2306 2733 2307 2732 2307 2737 2307 2732 2308 2718 2308 2737 2308 2718 2309 2736 2309 2738 2309 2737 2310 2718 2310 2738 2310 2734 2311 2733 2311 2738 2311 2733 2312 2737 2312 2738 2312 2735 2313 2734 2313 2739 2313 2738 2314 2736 2314 2739 2314 2734 2315 2738 2315 2739 2315 2736 2316 2735 2316 2740 2316 2735 2317 2739 2317 2740 2317 2739 2318 2736 2318 2740 2318 2724 2319 2742 2319 2741 2319 2744 2320 2724 2320 2743 2320 2724 2321 2741 2321 2743 2321 2744 2322 2743 2322 2745 2322 2724 2323 2736 2323 2746 2323 2742 2324 2724 2324 2746 2324 2741 2325 2742 2325 2746 2325 2743 2326 2741 2326 2747 2326 2741 2327 2746 2327 2747 2327 2745 2328 2743 2328 2748 2328 2743 2329 2747 2329 2748 2329 2744 2330 2745 2330 2749 2330 2745 2331 2748 2331 2749 2331 2746 2332 2736 2332 2750 2332 2747 2333 2746 2333 2751 2333 2746 2334 2750 2334 2751 2334 2747 2335 2751 2335 2752 2335 2748 2336 2747 2336 2752 2336 2754 2337 2744 2337 2753 2337 2744 2338 2749 2338 2753 2338 2749 2339 2748 2339 2753 2339 2748 2340 2752 2340 2753 2340 2750 2341 2736 2341 2755 2341 2751 2342 2750 2342 2755 2342 2752 2343 2751 2343 2756 2343 2755 2344 2736 2344 2756 2344 2751 2345 2755 2345 2756 2345 2736 2346 2754 2346 2757 2346 2753 2347 2752 2347 2757 2347 2756 2348 2736 2348 2757 2348 2752 2349 2756 2349 2757 2349 2754 2350 2753 2350 2758 2350 2757 2351 2754 2351 2758 2351 2753 2352 2757 2352 2758 2352 2760 2353 2744 2353 2759 2353 2744 2354 2761 2354 2759 2354 2760 2355 2759 2355 2762 2355 2760 2356 2762 2356 2763 2356 2744 2357 2754 2357 2764 2357 2761 2358 2744 2358 2764 2358 2759 2359 2761 2359 2765 2359 2761 2360 2764 2360 2765 2360 2762 2361 2759 2361 2766 2361 2759 2362 2765 2362 2766 2362 2760 2363 2763 2363 2767 2363 2763 2364 2762 2364 2767 2364 2762 2365 2766 2365 2767 2365 2764 2366 2754 2366 2768 2366 2765 2367 2764 2367 2769 2367 2764 2368 2768 2368 2769 2368 2766 2369 2765 2369 2770 2369 2765 2370 2769 2370 2770 2370 2772 2371 2760 2371 2771 2371 2760 2372 2767 2372 2771 2372 2767 2373 2766 2373 2771 2373 2766 2374 2770 2374 2771 2374 2768 2375 2754 2375 2773 2375 2754 2376 2772 2376 2774 2376 2769 2377 2768 2377 2774 2377 2768 2378 2773 2378 2774 2378 2773 2379 2754 2379 2774 2379 2770 2380 2769 2380 2775 2380 2774 2381 2772 2381 2775 2381 2769 2382 2774 2382 2775 2382 2772 2383 2771 2383 2776 2383 2771 2384 2770 2384 2776 2384 2775 2385 2772 2385 2776 2385 2770 2386 2775 2386 2776 2386 2778 2387 2760 2387 2777 2387 2778 2388 2777 2388 2779 2388 2778 2389 2779 2389 2780 2389 2777 2390 2760 2390 2781 2390 2777 2391 2781 2391 2782 2391 2779 2392 2777 2392 2783 2392 2777 2393 2782 2393 2783 2393 2780 2394 2779 2394 2784 2394 2778 2395 2780 2395 2784 2395 2779 2396 2783 2396 2784 2396 2760 2397 2772 2397 2785 2397 2781 2398 2760 2398 2785 2398 2782 2399 2781 2399 2786 2399 2781 2400 2785 2400 2786 2400 2782 2401 2786 2401 2787 2401 2783 2402 2782 2402 2787 2402 2789 2403 2778 2403 2788 2403 2778 2404 2784 2404 2788 2404 2784 2405 2783 2405 2788 2405 2783 2406 2787 2406 2788 2406 2785 2407 2772 2407 2790 2407 2786 2408 2785 2408 2791 2408 2790 2409 2772 2409 2791 2409 2785 2410 2790 2410 2791 2410 2772 2411 2789 2411 2792 2411 2787 2412 2786 2412 2792 2412 2786 2413 2791 2413 2792 2413 2791 2414 2772 2414 2792 2414 2789 2415 2788 2415 2793 2415 2788 2416 2787 2416 2793 2416 2792 2417 2789 2417 2793 2417 2787 2418 2792 2418 2793 2418 2795 2419 2778 2419 2794 2419 2778 2420 2796 2420 2794 2420 2795 2421 2794 2421 2797 2421 2778 2422 2789 2422 2798 2422 2796 2423 2778 2423 2798 2423 2796 2424 2798 2424 2799 2424 2797 2425 2794 2425 2800 2425 2794 2426 2796 2426 2800 2426 2796 2427 2799 2427 2800 2427 2795 2428 2797 2428 2801 2428 2797 2429 2800 2429 2801 2429 2798 2430 2789 2430 2802 2430 2799 2431 2798 2431 2803 2431 2798 2432 2802 2432 2803 2432 2799 2433 2803 2433 2804 2433 2800 2434 2799 2434 2804 2434 2801 2435 2800 2435 2804 2435 2806 2436 2795 2436 2805 2436 2795 2437 2801 2437 2805 2437 2801 2438 2804 2438 2805 2438 2802 2439 2789 2439 2807 2439 2789 2440 2806 2440 2808 2440 2802 2441 2807 2441 2808 2441 2803 2442 2802 2442 2808 2442 2807 2443 2789 2443 2808 2443 2804 2444 2803 2444 2809 2444 2805 2445 2804 2445 2809 2445 2808 2446 2806 2446 2809 2446 2803 2447 2808 2447 2809 2447 2806 2448 2805 2448 2810 2448 2805 2449 2809 2449 2810 2449 2809 2450 2806 2450 2810 2450 2812 2451 2795 2451 2811 2451 2795 2452 2813 2452 2811 2452 2812 2453 2811 2453 2814 2453 2812 2454 2814 2454 2815 2454 2813 2455 2795 2455 2816 2455 2811 2456 2813 2456 2817 2456 2813 2457 2816 2457 2817 2457 2814 2458 2811 2458 2818 2458 2811 2459 2817 2459 2818 2459 2812 2460 2815 2461 2819 2462 2815 2463 2814 2463 2819 2463 2814 2464 2818 2464 2819 2464 2795 2465 2806 2465 2820 2465 2816 2466 2795 2466 2820 2466 2816 2467 2820 2467 2821 2467 2817 2468 2816 2468 2821 2468 2818 2469 2817 2469 2821 2469 2818 2470 2821 2470 2822 2470 2824 2471 2812 2471 2823 2471 2812 2472 2819 2472 2823 2472 2819 2473 2818 2473 2823 2473 2818 2474 2822 2474 2823 2474 2820 2475 2806 2475 2825 2475 2806 2476 2824 2476 2826 2476 2825 2477 2806 2477 2826 2477 2821 2478 2820 2478 2826 2478 2820 2479 2825 2479 2826 2479 2822 2480 2821 2480 2827 2480 2826 2481 2824 2481 2827 2481 2821 2482 2826 2482 2827 2482 2824 2483 2823 2483 2828 2483 2823 2484 2822 2484 2828 2484 2827 2485 2824 2485 2828 2485 2822 2486 2827 2486 2828 2486 2830 2487 2812 2487 2829 2487 2812 2488 2831 2488 2829 2488 2830 2489 2829 2489 2832 2489 2812 2490 2824 2490 2833 2490 2831 2491 2812 2491 2833 2491 2829 2492 2831 2492 2834 2492 2831 2493 2833 2493 2834 2493 2829 2494 2834 2494 2835 2494 2832 2495 2829 2495 2835 2495 2837 2496 2830 2496 2836 2496 2830 2497 2832 2497 2836 2497 2832 2498 2835 2498 2836 2498 2833 2499 2824 2499 2838 2499 2834 2500 2833 2500 2838 2500 2835 2501 2834 2501 2839 2501 2834 2502 2838 2502 2839 2502 2835 2503 2839 2503 2840 2503 2837 2504 2836 2504 2841 2504 2836 2505 2835 2505 2841 2505 2835 2506 2840 2506 2841 2506 2838 2507 2824 2507 2842 2507 2824 2508 2837 2508 2843 2508 2839 2509 2838 2509 2843 2509 2838 2510 2842 2510 2843 2510 2842 2511 2824 2511 2843 2511 2839 2512 2843 2512 2844 2512 2840 2513 2839 2513 2844 2513 2843 2514 2837 2514 2844 2514 2837 2515 2841 2515 2845 2515 2841 2516 2840 2516 2845 2516 2840 2517 2844 2517 2845 2517 2844 2518 2837 2518 2845 2518 2847 2519 2830 2519 2846 2519 2847 2520 2846 2520 2848 2520 2847 2521 2848 2521 2849 2521 2830 2522 2837 2522 2850 2522 2846 2523 2830 2523 2850 2523 2846 2524 2850 2524 2851 2524 2848 2525 2846 2525 2852 2525 2846 2526 2851 2526 2852 2526 2849 2527 2848 2527 2853 2527 2847 2528 2849 2528 2853 2528 2848 2529 2852 2529 2853 2529 2850 2530 2837 2530 2854 2530 2851 2531 2850 2531 2855 2531 2850 2532 2854 2532 2855 2532 2851 2533 2855 2533 2856 2533 2852 2534 2851 2534 2856 2534 2858 2535 2847 2535 2857 2535 2847 2536 2853 2536 2857 2536 2853 2537 2852 2537 2857 2537 2852 2538 2856 2538 2857 2538 2854 2539 2837 2539 2859 2539 2837 2540 2858 2540 2860 2540 2859 2541 2837 2541 2860 2541 2855 2542 2854 2542 2860 2542 2854 2543 2859 2543 2860 2543 2856 2544 2855 2544 2861 2544 2860 2545 2858 2545 2861 2545 2855 2546 2860 2546 2861 2546 2858 2547 2857 2547 2862 2547 2857 2548 2856 2548 2862 2548 2861 2549 2858 2549 2862 2549 2856 2550 2861 2550 2862 2550 2847 2551 2864 2551 2863 2551 2866 2552 2847 2552 2865 2552 2847 2553 2863 2553 2865 2553 2866 2554 2865 2554 2867 2554 2864 2555 2847 2555 2868 2555 2863 2556 2864 2556 2869 2556 2864 2557 2868 2557 2869 2557 2865 2558 2863 2558 2870 2558 2863 2559 2869 2559 2870 2559 2872 2560 2866 2560 2871 2560 2866 2561 2867 2561 2871 2561 2867 2562 2865 2562 2871 2562 2865 2563 2870 2563 2871 2563 2847 2564 2858 2564 2873 2564 2868 2565 2847 2565 2873 2565 2869 2566 2868 2566 2873 2566 2870 2567 2869 2567 2874 2567 2869 2568 2873 2568 2874 2568 2871 2569 2870 2569 2875 2569 2870 2570 2874 2570 2875 2570 2872 2571 2871 2571 2876 2571 2871 2572 2875 2572 2876 2572 2873 2573 2858 2573 2877 2573 2877 2574 2858 2574 2878 2574 2873 2575 2877 2575 2878 2575 2874 2576 2873 2576 2878 2576 2858 2577 2872 2577 2879 2577 2875 2578 2874 2578 2879 2578 2878 2579 2858 2579 2879 2579 2874 2580 2878 2580 2879 2580 2872 2581 2876 2581 2880 2581 2876 2582 2875 2582 2880 2582 2879 2583 2872 2583 2880 2583 2875 2584 2879 2584 2880 2584 2882 2585 2866 2585 2881 2585 2866 2586 2883 2586 2881 2586 2882 2587 2881 2587 2884 2587 2866 2588 2872 2588 2885 2588 2883 2589 2866 2589 2885 2589 2883 2590 2885 2590 2886 2590 2881 2591 2883 2591 2887 2591 2883 2592 2886 2592 2887 2592 2884 2593 2881 2593 2888 2593 2882 2594 2884 2594 2888 2594 2881 2595 2887 2595 2888 2595 2885 2596 2872 2596 2889 2596 2886 2597 2885 2597 2889 2597 2887 2598 2886 2598 2890 2598 2886 2599 2889 2599 2890 2599 2888 2600 2887 2600 2891 2600 2887 2601 2890 2601 2891 2601 2893 2602 2882 2602 2892 2602 2882 2603 2888 2603 2892 2603 2888 2604 2891 2604 2892 2604 2889 2605 2872 2605 2894 2605 2890 2606 2889 2606 2894 2606 2894 2607 2872 2607 2895 2607 2890 2608 2894 2608 2895 2608 2872 2609 2893 2609 2896 2609 2891 2610 2890 2610 2896 2610 2895 2611 2872 2611 2896 2611 2890 2612 2895 2612 2896 2612 2893 2613 2892 2613 2897 2613 2892 2614 2891 2614 2897 2614 2896 2615 2893 2615 2897 2615 2891 2616 2896 2616 2897 2616 2882 2617 2899 2617 2898 2617 2901 2618 2882 2618 2900 2618 2882 2619 2898 2619 2900 2619 2901 2620 2900 2620 2902 2620 2899 2621 2882 2621 2903 2621 2898 2622 2899 2622 2904 2622 2899 2623 2903 2623 2904 2623 2900 2624 2898 2624 2905 2624 2898 2625 2904 2625 2905 2625 2901 2626 2902 2626 2906 2626 2902 2627 2900 2627 2906 2627 2900 2628 2905 2628 2906 2628 2882 2629 2893 2629 2907 2629 2903 2630 2882 2630 2907 2630 2903 2631 2907 2631 2908 2631 2904 2632 2903 2632 2908 2632 2905 2633 2904 2633 2909 2633 2904 2634 2908 2634 2909 2634 2911 2635 2901 2635 2910 2635 2901 2636 2906 2636 2910 2636 2906 2637 2905 2637 2910 2637 2905 2638 2909 2638 2910 2638 2907 2639 2893 2639 2912 2639 2893 2640 2911 2640 2913 2640 2908 2641 2907 2641 2913 2641 2912 2642 2893 2642 2913 2642 2907 2643 2912 2643 2913 2643 2913 2644 2911 2644 2914 2644 2909 2645 2908 2645 2914 2645 2908 2646 2913 2646 2914 2646 2911 2647 2910 2647 2915 2647 2910 2648 2909 2648 2915 2648 2914 2649 2911 2649 2915 2649 2909 2650 2914 2650 2915 2650 2917 2651 2901 2651 2916 2651 2901 2652 2918 2652 2916 2652 2917 2653 2916 2653 2919 2653 2917 2654 2919 2654 2920 2654 2901 2655 2911 2655 2921 2655 2918 2656 2901 2656 2921 2656 2919 2657 2916 2657 2922 2657 2916 2658 2918 2658 2922 2658 2918 2659 2921 2659 2922 2659 2919 2660 2922 2660 2923 2660 2917 2661 2920 2661 2924 2661 2920 2662 2919 2662 2924 2662 2919 2663 2923 2663 2924 2663 2921 2664 2911 2664 2925 2664 2922 2665 2921 2665 2926 2665 2921 2666 2925 2666 2926 2666 2923 2667 2922 2667 2927 2667 2922 2668 2926 2668 2927 2668 2929 2669 2917 2669 2928 2669 2917 2670 2924 2670 2928 2670 2924 2671 2923 2671 2928 2671 2923 2672 2927 2672 2928 2672 2925 2673 2911 2673 2930 2673 2911 2674 2929 2674 2931 2674 2926 2675 2925 2675 2931 2675 2930 2676 2911 2676 2931 2676 2925 2677 2930 2677 2931 2677 2931 2678 2929 2678 2932 2678 2927 2679 2926 2679 2932 2679 2926 2680 2931 2680 2932 2680 2929 2681 2928 2681 2933 2681 2928 2682 2927 2682 2933 2682 2932 2683 2929 2683 2933 2683 2927 2684 2932 2684 2933 2684 2935 2685 2917 2685 2934 2685 2917 2686 2936 2686 2934 2686 2935 2687 2934 2687 2937 2687 2935 2688 2937 2688 2938 2688 2936 2689 2917 2689 2939 2689 2934 2690 2936 2690 2939 2690 2937 2691 2934 2691 2940 2691 2934 2692 2939 2692 2940 2692 2937 2693 2940 2693 2941 2693 2943 2694 2935 2694 2942 2694 2935 2695 2938 2695 2942 2695 2938 2696 2937 2696 2942 2696 2937 2697 2941 2697 2942 2697 2917 2698 2929 2698 2944 2698 2939 2699 2917 2699 2944 2699 2939 2700 2944 2700 2945 2700 2940 2701 2939 2701 2945 2701 2941 2702 2940 2702 2946 2702 2940 2703 2945 2703 2946 2703 2943 2704 2942 2704 2947 2704 2942 2705 2941 2705 2947 2705 2941 2706 2946 2706 2947 2706 2944 2707 2929 2707 2948 2707 2929 2708 2943 2708 2949 2708 2945 2709 2944 2709 2949 2709 2944 2710 2948 2710 2949 2710 2948 2711 2929 2711 2949 2711 2945 2712 2949 2712 2950 2712 2946 2713 2945 2713 2950 2713 2949 2714 2943 2714 2950 2714 2943 2715 2947 2715 2951 2715 2947 2716 2946 2716 2951 2716 2946 2717 2950 2717 2951 2717 2950 2718 2943 2718 2951 2718 2935 2719 2953 2719 2952 2719 2955 2720 2935 2720 2954 2720 2935 2721 2952 2721 2954 2721 2955 2722 2954 2722 2956 2722 2935 2723 2943 2723 2957 2723 2953 2724 2935 2724 2957 2724 2952 2725 2953 2725 2958 2725 2953 2726 2957 2726 2958 2726 2954 2727 2952 2727 2959 2727 2952 2728 2958 2728 2959 2728 2961 2729 2955 2729 2960 2729 2955 2730 2956 2730 2960 2730 2956 2731 2954 2731 2960 2731 2954 2732 2959 2732 2960 2732 2957 2733 2943 2733 2962 2733 2958 2734 2957 2734 2962 2734 2959 2735 2958 2735 2963 2735 2958 2736 2962 2736 2963 2736 2960 2737 2959 2737 2964 2737 2959 2738 2963 2738 2964 2738 2961 2739 2960 2739 2965 2739 2960 2740 2964 2740 2965 2740 2962 2741 2943 2741 2966 2741 2963 2742 2962 2742 2966 2742 2966 2743 2943 2743 2967 2743 2963 2744 2966 2744 2967 2744 2943 2745 2961 2745 2968 2745 2964 2746 2963 2746 2968 2746 2965 2747 2964 2747 2968 2747 2967 2748 2943 2748 2968 2748 2963 2749 2967 2749 2968 2749 2961 2750 2965 2750 2969 2750 2968 2751 2961 2751 2969 2751 2965 2752 2968 2752 2969 2752 2955 2753 2971 2753 2970 2753 2973 2754 2955 2754 2972 2754 2955 2755 2970 2755 2972 2755 2973 2756 2972 2756 2974 2756 2971 2757 2955 2757 2975 2757 2971 2758 2975 2758 2976 2758 2970 2759 2971 2759 2976 2759 2972 2760 2970 2760 2977 2760 2974 2761 2972 2761 2977 2761 2970 2762 2976 2762 2977 2762 2979 2763 2973 2763 2978 2763 2973 2764 2974 2764 2978 2764 2974 2765 2977 2765 2978 2765 2955 2766 2961 2766 2980 2766 2975 2767 2955 2767 2980 2767 2975 2768 2980 2768 2981 2768 2976 2769 2975 2769 2981 2769 2977 2770 2976 2770 2982 2770 2976 2771 2981 2771 2982 2771 2979 2772 2978 2772 2983 2772 2978 2773 2977 2773 2983 2773 2977 2774 2982 2774 2983 2774 2980 2775 2961 2775 2984 2775 2961 2776 2979 2776 2985 2776 2981 2777 2980 2777 2985 2777 2984 2778 2961 2778 2985 2778 2980 2779 2984 2779 2985 2779 2981 2780 2985 2780 2986 2780 2982 2781 2981 2781 2986 2781 2985 2782 2979 2782 2986 2782 2979 2783 2983 2783 2987 2783 2983 2784 2982 2784 2987 2784 2982 2785 2986 2785 2987 2785 2986 2786 2979 2786 2987 2786 2989 2787 2973 2787 2988 2787 2989 2788 2988 2788 2990 2788 2989 2789 2990 2789 2991 2789 2973 2790 2979 2790 2992 2790 2988 2791 2973 2791 2992 2791 2990 2792 2988 2792 2993 2792 2988 2793 2992 2793 2993 2793 2991 2794 2990 2794 2994 2794 2990 2795 2993 2795 2994 2795 2996 2796 2989 2796 2995 2796 2989 2797 2991 2797 2995 2797 2991 2798 2994 2798 2995 2798 2992 2799 2979 2799 2997 2799 2993 2800 2992 2800 2998 2800 2992 2801 2997 2801 2998 2801 2993 2802 2998 2802 2999 2802 2994 2803 2993 2803 2999 2803 2996 2804 2995 2804 3000 2804 2995 2805 2994 2805 3000 2805 2994 2806 2999 2806 3000 2806 2997 2807 2979 2807 3001 2807 2979 2808 2996 2808 3002 2808 2997 2809 3001 2809 3002 2809 2998 2810 2997 2810 3002 2810 3001 2811 2979 2811 3002 2811 2999 2812 2998 2812 3003 2812 3000 2813 2999 2813 3003 2813 3002 2814 2996 2814 3003 2814 2998 2815 3002 2815 3003 2815 2996 2816 3000 2816 3004 2816 3000 2817 3003 2817 3004 2817 3003 2818 2996 2818 3004 2818 3006 2819 2989 2819 3005 2819 2989 2820 3007 2820 3005 2820 3006 2821 3005 2821 3008 2821 3006 2822 3008 2822 3009 2822 2989 2823 2996 2823 3010 2823 3007 2824 2989 2824 3010 2824 3005 2825 3007 2825 3010 2825 3008 2826 3005 2826 3011 2826 3005 2827 3010 2827 3011 2827 3009 2828 3008 2828 3012 2828 3008 2829 3011 2829 3012 2829 3006 2830 3009 2830 3013 2830 3009 2831 3012 2831 3013 2831 3010 2832 2996 2832 3014 2832 3011 2833 3010 2833 3015 2833 3010 2834 3014 2834 3015 2834 3012 2835 3011 2835 3016 2835 3011 2836 3015 2836 3016 2836 3018 2837 3006 2837 3017 2837 3006 2838 3013 2838 3017 2838 3013 2839 3012 2839 3017 2839 3012 2840 3016 2840 3017 2840 3014 2841 2996 2841 3019 2841 3015 2842 3014 2842 3020 2842 3014 2843 3019 2843 3020 2843 3019 2844 2996 2844 3020 2844 2996 2845 3018 2845 3021 2845 3016 2846 3015 2846 3021 2846 3020 2847 2996 2847 3021 2847 3015 2848 3020 2848 3021 2848 3018 2849 3017 2849 3022 2849 3017 2850 3016 2850 3022 2850 3021 2851 3018 2851 3022 2851 3016 2852 3021 2852 3022 2852 3024 2853 3006 2853 3023 2853 3006 2854 3025 2854 3023 2854 3024 2855 3023 2855 3026 2855 3025 2856 3006 2856 3027 2856 3023 2857 3025 2857 3028 2857 3025 2858 3027 2858 3028 2858 3023 2859 3028 2859 3029 2859 3026 2860 3023 2860 3030 2860 3024 2861 3026 2861 3030 2861 3023 2862 3029 2862 3030 2862 3006 2863 3018 2863 3031 2863 3027 2864 3006 2864 3031 2864 3028 2865 3027 2865 3031 2865 3028 2866 3031 2866 3032 2866 3029 2867 3028 2867 3033 2867 3028 2868 3032 2868 3033 2868 3035 2869 3024 2869 3034 2869 3024 2870 3030 2870 3034 2870 3030 2871 3029 2871 3034 2871 3029 2872 3033 2872 3034 2872 3031 2873 3018 2873 3036 2873 3018 2874 3035 2874 3037 2874 3036 2875 3018 2875 3037 2875 3032 2876 3031 2876 3037 2876 3031 2877 3036 2877 3037 2877 3037 2878 3035 2878 3038 2878 3033 2879 3032 2879 3038 2879 3032 2880 3037 2880 3038 2880 3035 2881 3034 2881 3039 2881 3034 2882 3033 2882 3039 2882 3038 2883 3035 2883 3039 2883 3033 2884 3038 2884 3039 2884 3041 2885 3024 2885 3040 2885 3024 2886 3042 2886 3040 2886 3041 2887 3040 2887 3043 2887 3024 2888 3035 2888 3044 2888 3042 2889 3024 2889 3044 2889 3040 2890 3042 2890 3045 2890 3042 2891 3044 2891 3045 2891 3040 2892 3045 2892 3046 2892 3048 2893 3041 2893 3047 2893 3043 2894 3040 2894 3047 2894 3041 2895 3043 2895 3047 2895 3040 2896 3046 2896 3047 2896 3044 2897 3035 2897 3049 2897 3045 2898 3044 2898 3050 2898 3044 2899 3049 2899 3050 2899 3045 2900 3050 2900 3051 2900 3046 2901 3045 2901 3051 2901 3048 2902 3047 2902 3052 2902 3047 2903 3046 2903 3052 2903 3046 2904 3051 2904 3052 2904 3049 2905 3035 2905 3053 2905 3035 2906 3048 2906 3054 2906 3049 2907 3053 2907 3054 2907 3050 2908 3049 2908 3054 2908 3053 2909 3035 2909 3054 2909 3051 2910 3050 2910 3055 2910 3050 2911 3054 2911 3055 2911 3054 2912 3048 2912 3055 2912 3051 2913 3055 2913 3056 2913 3048 2914 3052 2914 3056 2914 3052 2915 3051 2915 3056 2915 3055 2916 3048 2916 3056 2916 3058 2917 3041 2917 3057 2917 3059 2918 3058 2918 3057 2918 3059 2919 3057 2919 3060 2919 3057 2920 3041 2920 3060 2920 3048 2921 3059 2921 3061 2921 3041 2922 3048 2922 3061 2922 3059 2923 3060 2923 3061 2923 3060 2924 3041 2924 3061 2924 3058 2925 3063 2925 3062 2925 3065 2926 3058 2926 3064 2926 3058 2927 3062 2927 3064 2927 3065 2928 3064 2928 3066 2928 3058 2929 3059 2929 3067 2929 3063 2930 3058 2930 3067 2930 3062 2931 3063 2931 3067 2931 3064 2932 3062 2932 3068 2932 3062 2933 3067 2933 3068 2933 3066 2934 3064 2934 3069 2934 3064 2935 3068 2935 3069 2935 3065 2936 3066 2936 3070 2936 3066 2937 3069 2937 3070 2937 3067 2938 3059 2938 3071 2938 3068 2939 3067 2939 3072 2939 3067 2940 3071 2940 3072 2940 3069 2941 3068 2941 3073 2941 3068 2942 3072 2942 3073 2942 3075 2943 3065 2943 3074 2943 3065 2944 3070 2944 3074 2944 3070 2945 3069 2945 3074 2945 3069 2946 3073 2946 3074 2946 3071 2947 3059 2947 3076 2947 3059 2948 3075 2948 3077 2948 3072 2949 3071 2949 3077 2949 3071 2950 3076 2950 3077 2950 3076 2951 3059 2951 3077 2951 3073 2952 3072 2952 3078 2952 3077 2953 3075 2953 3078 2953 3072 2954 3077 2954 3078 2954 3075 2955 3074 2955 3079 2955 3074 2956 3073 2956 3079 2956 3078 2957 3075 2957 3079 2957 3073 2958 3078 2958 3079 2958 3081 2959 3065 2959 3080 2959 3082 2960 3081 2960 3080 2960 3082 2961 3080 2961 3083 2961 3080 2962 3065 2962 3083 2962 3075 2963 3082 2963 3084 2963 3065 2964 3075 2964 3084 2964 3082 2965 3083 2965 3084 2965 3083 2966 3065 2966 3084 2966 3081 2967 3086 2967 3085 2967 3088 2968 3081 2968 3087 2968 3081 2969 3085 2969 3087 2969 3088 2970 3087 2970 3089 2970 3086 2971 3081 2971 3090 2971 3086 2972 3090 2972 3091 2972 3085 2973 3086 2973 3091 2973 3087 2974 3085 2974 3092 2974 3085 2975 3091 2975 3092 2975 3088 2976 3089 2976 3093 2976 3089 2977 3087 2977 3093 2977 3087 2978 3092 2978 3093 2978 3081 2979 3082 2979 3094 2979 3090 2980 3081 2980 3094 2980 3090 2981 3094 2981 3095 2981 3091 2982 3090 2982 3095 2982 3092 2983 3091 2983 3096 2983 3091 2984 3095 2984 3096 2984 3098 2985 3088 2985 3097 2985 3088 2986 3093 2986 3097 2986 3093 2987 3092 2987 3097 2987 3092 2988 3096 2988 3097 2988 3094 2989 3082 2989 3099 2989 3095 2990 3094 2990 3099 2990 3082 2991 3098 2991 3100 2991 3099 2992 3082 2992 3100 2992 3096 2993 3095 2993 3100 2993 3095 2994 3099 2994 3100 2994 3100 2995 3098 2995 3101 2995 3096 2996 3100 2996 3101 2996 3098 2997 3097 2997 3102 2997 3097 2998 3096 2998 3102 2998 3101 2999 3098 2999 3102 2999 3096 3000 3101 3000 3102 3000 3104 3001 3088 3001 3103 3001 3088 3002 3105 3002 3103 3002 3104 3003 3103 3003 3106 3003 3088 3004 3098 3004 3107 3004 3105 3005 3088 3005 3107 3005 3105 3006 3107 3006 3108 3006 3103 3007 3105 3007 3108 3007 3106 3008 3103 3008 3109 3008 3103 3009 3108 3009 3109 3009 3104 3010 3106 3010 3110 3010 3106 3011 3109 3011 3110 3011 3107 3012 3098 3012 3111 3012 3108 3013 3107 3013 3112 3013 3107 3014 3111 3014 3112 3014 3108 3015 3112 3015 3113 3015 3109 3016 3108 3016 3113 3016 3115 3017 3104 3017 3114 3017 3104 3018 3110 3018 3114 3018 3110 3019 3109 3019 3114 3019 3109 3020 3113 3020 3114 3020 3111 3021 3098 3021 3116 3021 3111 3022 3116 3022 3117 3022 3112 3023 3111 3023 3117 3023 3116 3024 3098 3024 3117 3024 3098 3025 3115 3025 3118 3025 3113 3026 3112 3026 3118 3026 3117 3027 3098 3027 3118 3027 3112 3028 3117 3028 3118 3028 3115 3029 3114 3029 3119 3029 3114 3030 3113 3030 3119 3030 3118 3031 3115 3031 3119 3031 3113 3032 3118 3032 3119 3032 3104 3033 3121 3033 3120 3033 3123 3034 3104 3034 3122 3034 3104 3035 3120 3035 3122 3035 3123 3036 3122 3036 3124 3036 3121 3037 3104 3037 3125 3037 3121 3038 3125 3038 3126 3038 3120 3039 3121 3039 3126 3039 3122 3040 3120 3040 3127 3040 3120 3041 3126 3041 3127 3041 3123 3042 3124 3042 3128 3042 3124 3043 3122 3043 3128 3043 3122 3044 3127 3044 3128 3044 3104 3045 3115 3045 3129 3045 3125 3046 3104 3046 3129 3046 3126 3047 3125 3047 3129 3047 3127 3048 3126 3048 3130 3048 3126 3049 3129 3049 3130 3049 3128 3050 3127 3050 3131 3050 3127 3051 3130 3051 3131 3051 3133 3052 3123 3052 3132 3052 3128 3053 3131 3053 3132 3053 3123 3054 3128 3054 3132 3054 3129 3055 3115 3055 3134 3055 3130 3056 3129 3056 3134 3056 3115 3057 3133 3057 3135 3057 3134 3058 3115 3058 3135 3058 3131 3059 3130 3059 3135 3059 3130 3060 3134 3060 3135 3060 3132 3061 3131 3061 3136 3061 3135 3062 3133 3062 3136 3062 3131 3063 3135 3063 3136 3063 3133 3064 3132 3064 3137 3064 3132 3065 3136 3065 3137 3065 3136 3066 3133 3066 3137 3066 3139 3067 3123 3067 3138 3067 3123 3068 3140 3068 3138 3068 3139 3069 3138 3069 3141 3069 3139 3070 3141 3070 3142 3070 3123 3071 3133 3071 3143 3071 3140 3072 3123 3072 3143 3072 3138 3073 3140 3073 3144 3073 3140 3074 3143 3074 3144 3074 3141 3075 3138 3075 3145 3075 3138 3076 3144 3076 3145 3076 3139 3077 3142 3077 3146 3077 3142 3078 3141 3078 3146 3078 3141 3079 3145 3079 3146 3079 3143 3080 3133 3080 3147 3080 3144 3081 3143 3081 3148 3081 3143 3082 3147 3082 3148 3082 3145 3083 3144 3083 3149 3083 3144 3084 3148 3084 3149 3084 3151 3085 3139 3085 3150 3085 3139 3086 3146 3086 3150 3086 3146 3087 3145 3087 3150 3087 3145 3088 3149 3088 3150 3088 3147 3089 3133 3089 3152 3089 3133 3090 3151 3090 3153 3090 3152 3091 3133 3091 3153 3091 3148 3092 3147 3092 3153 3092 3147 3093 3152 3093 3153 3093 3149 3094 3148 3094 3153 3094 3153 3095 3151 3095 3154 3095 3149 3096 3153 3096 3154 3096 3151 3097 3150 3097 3155 3097 3150 3098 3149 3098 3155 3098 3154 3099 3151 3099 3155 3099 3149 3100 3154 3100 3155 3100 3157 3101 3139 3101 3156 3101 3139 3102 3158 3102 3156 3102 3157 3103 3156 3103 3159 3103 3158 3104 3139 3104 3160 3104 3158 3105 3160 3105 3161 3105 3156 3106 3158 3106 3162 3106 3158 3107 3161 3107 3162 3107 3164 3108 3157 3108 3163 3108 3159 3109 3156 3109 3163 3109 3157 3110 3159 3110 3163 3110 3156 3111 3162 3111 3163 3111 3139 3112 3151 3112 3165 3112 3160 3113 3139 3113 3165 3113 3161 3114 3160 3114 3166 3114 3160 3115 3165 3115 3166 3115 3162 3116 3161 3116 3167 3116 3161 3117 3166 3117 3167 3117 3164 3118 3163 3118 3168 3118 3163 3119 3162 3119 3168 3119 3162 3120 3167 3120 3168 3120 3165 3121 3151 3121 3169 3121 3169 3122 3151 3122 3170 3122 3166 3123 3165 3123 3170 3123 3165 3124 3169 3124 3170 3124 3151 3125 3164 3125 3171 3125 3167 3126 3166 3126 3171 3126 3168 3127 3167 3127 3171 3127 3170 3128 3151 3128 3171 3128 3166 3129 3170 3129 3171 3129 3164 3130 3168 3130 3172 3130 3171 3131 3164 3131 3172 3131 3168 3132 3171 3132 3172 3132 3157 3133 3174 3133 3173 3133 3176 3134 3157 3134 3175 3134 3157 3135 3173 3135 3175 3135 3176 3136 3175 3136 3177 3136 3174 3137 3157 3137 3178 3137 3173 3138 3174 3138 3178 3138 3175 3139 3173 3139 3179 3139 3173 3140 3178 3140 3179 3140 3177 3141 3175 3141 3180 3141 3175 3142 3179 3142 3180 3142 3182 3143 3176 3143 3181 3143 3176 3144 3177 3144 3181 3144 3177 3145 3180 3145 3181 3145 3157 3146 3164 3146 3183 3146 3178 3147 3157 3147 3183 3147 3178 3148 3183 3148 3184 3148 3179 3149 3178 3149 3184 3149 3180 3150 3179 3150 3185 3150 3179 3151 3184 3151 3185 3151 3182 3152 3181 3152 3186 3152 3181 3153 3180 3153 3186 3153 3180 3154 3185 3154 3186 3154 3183 3155 3164 3155 3187 3155 3164 3156 3182 3156 3188 3156 3184 3157 3183 3157 3188 3157 3183 3158 3187 3158 3188 3158 3187 3159 3164 3159 3188 3159 3184 3160 3188 3160 3189 3160 3185 3161 3184 3161 3189 3161 3188 3162 3182 3162 3189 3162 3182 3163 3186 3163 3190 3163 3186 3164 3185 3164 3190 3164 3185 3165 3189 3165 3190 3165 3189 3166 3182 3166 3190 3166 3176 3167 3192 3167 3191 3167 3194 3168 3176 3168 3193 3168 3176 3169 3191 3169 3193 3169 3194 3170 3193 3170 3195 3170 3176 3171 3182 3171 3196 3171 3192 3172 3176 3172 3196 3172 3191 3173 3192 3173 3197 3173 3192 3174 3196 3174 3197 3174 3193 3175 3191 3175 3198 3175 3191 3176 3197 3176 3198 3176 3200 3177 3194 3177 3199 3177 3194 3178 3195 3178 3199 3178 3195 3179 3193 3179 3199 3179 3193 3180 3198 3180 3199 3180 3196 3181 3182 3181 3201 3181 3197 3182 3196 3182 3202 3182 3196 3183 3201 3183 3202 3183 3197 3184 3202 3184 3203 3184 3198 3185 3197 3185 3203 3185 3200 3186 3199 3186 3204 3186 3199 3187 3198 3187 3204 3187 3198 3188 3203 3188 3204 3188 3201 3189 3182 3189 3205 3189 3202 3190 3201 3190 3205 3190 3182 3191 3200 3191 3206 3191 3205 3192 3182 3192 3206 3192 3202 3193 3205 3193 3206 3193 3203 3194 3202 3194 3207 3194 3206 3195 3200 3195 3207 3195 3202 3196 3206 3196 3207 3196 3200 3197 3204 3197 3208 3197 3204 3198 3203 3198 3208 3198 3203 3199 3207 3199 3208 3199 3207 3200 3200 3200 3208 3200 3210 3201 3194 3201 3209 3201 3210 3202 3209 3202 3211 3202 3210 3203 3211 3203 3212 3203 3209 3204 3194 3204 3213 3204 3209 3205 3213 3205 3214 3205 3211 3206 3209 3206 3215 3206 3209 3207 3214 3207 3215 3207 3212 3208 3211 3208 3216 3208 3210 3209 3212 3209 3216 3209 3211 3210 3215 3210 3216 3210 3194 3211 3200 3211 3217 3211 3213 3212 3194 3212 3217 3212 3214 3213 3213 3213 3218 3213 3213 3214 3217 3214 3218 3214 3214 3215 3218 3215 3219 3215 3215 3216 3214 3216 3219 3216 3221 3217 3210 3217 3220 3217 3210 3218 3216 3218 3220 3218 3216 3219 3215 3219 3220 3219 3215 3220 3219 3220 3220 3220 3217 3221 3200 3221 3222 3221 3218 3222 3217 3222 3223 3222 3222 3223 3200 3223 3223 3223 3217 3224 3222 3224 3223 3224 3200 3225 3221 3225 3224 3225 3219 3226 3218 3226 3224 3226 3223 3227 3200 3227 3224 3227 3218 3228 3223 3228 3224 3228 3221 3229 3220 3229 3225 3229 3220 3230 3219 3230 3225 3230 3224 3231 3221 3231 3225 3231 3219 3232 3224 3232 3225 3232 3210 3233 3227 3233 3226 3233 3229 3234 3210 3234 3228 3234 3210 3235 3226 3235 3228 3235 3229 3236 3228 3236 3230 3236 3210 3237 3221 3237 3231 3237 3227 3238 3210 3238 3231 3238 3226 3239 3227 3239 3231 3239 3228 3240 3226 3240 3232 3240 3226 3241 3231 3241 3232 3241 3230 3242 3228 3242 3233 3242 3228 3243 3232 3243 3233 3243 3229 3244 3230 3244 3234 3244 3230 3245 3233 3245 3234 3245 3231 3246 3221 3246 3235 3246 3232 3247 3231 3247 3236 3247 3231 3248 3235 3248 3236 3248 3233 3249 3232 3249 3237 3249 3232 3250 3236 3250 3237 3250 3239 3251 3229 3251 3238 3251 3229 3252 3234 3252 3238 3252 3234 3253 3233 3253 3238 3253 3233 3254 3237 3254 3238 3254 3235 3255 3221 3255 3240 3255 3236 3256 3235 3256 3240 3256 3221 3257 3239 3257 3241 3257 3240 3258 3221 3258 3241 3258 3237 3259 3236 3259 3241 3259 3236 3260 3240 3260 3241 3260 3238 3261 3237 3261 3242 3261 3241 3262 3239 3262 3242 3262 3237 3263 3241 3263 3242 3263 3239 3264 3238 3264 3243 3264 3238 3265 3242 3265 3243 3265 3242 3266 3239 3266 3243 3266 3245 3267 3229 3267 3244 3267 3229 3268 3246 3268 3244 3268 3245 3269 3244 3269 3247 3269 3229 3270 3239 3270 3248 3270 3246 3271 3229 3271 3248 3271 3246 3272 3248 3272 3249 3272 3244 3273 3246 3273 3249 3273 3247 3274 3244 3274 3250 3274 3244 3275 3249 3275 3250 3275 3252 3276 3245 3276 3251 3276 3245 3277 3247 3277 3251 3277 3247 3278 3250 3278 3251 3278 3248 3279 3239 3279 3253 3279 3249 3280 3248 3280 3254 3280 3248 3281 3253 3281 3254 3281 3249 3282 3254 3282 3255 3282 3250 3283 3249 3283 3255 3283 3252 3284 3251 3284 3256 3284 3251 3285 3250 3285 3256 3285 3250 3286 3255 3286 3256 3286 3253 3287 3239 3287 3257 3287 3254 3288 3253 3288 3258 3288 3257 3289 3239 3289 3258 3289 3253 3290 3257 3290 3258 3290 3239 3291 3252 3291 3259 3291 3255 3292 3254 3292 3259 3292 3254 3293 3258 3293 3259 3293 3258 3294 3239 3294 3259 3294 3252 3295 3256 3295 3260 3295 3256 3296 3255 3296 3260 3296 3259 3297 3252 3297 3260 3297 3255 3298 3259 3298 3260 3298 3262 3299 3245 3299 3261 3299 3245 3300 3263 3300 3261 3300 3262 3301 3261 3301 3264 3301 3245 3302 3252 3302 3265 3302 3263 3303 3245 3303 3265 3303 3263 3304 3265 3304 3266 3304 3261 3305 3263 3305 3267 3305 3263 3306 3266 3306 3267 3306 3269 3307 3262 3307 3268 3307 3262 3308 3264 3308 3268 3308 3264 3309 3261 3309 3268 3309 3261 3310 3267 3310 3268 3310 3265 3311 3252 3311 3270 3311 3266 3312 3265 3312 3271 3312 3265 3313 3270 3313 3271 3313 3266 3314 3271 3314 3272 3314 3267 3315 3266 3315 3272 3315 3269 3316 3268 3316 3273 3316 3268 3317 3267 3317 3273 3317 3267 3318 3272 3318 3273 3318 3270 3319 3252 3319 3274 3319 3271 3320 3270 3320 3274 3320 3274 3321 3252 3321 3275 3321 3272 3322 3271 3322 3275 3322 3271 3323 3274 3323 3275 3323 3252 3324 3269 3324 3276 3324 3275 3325 3252 3325 3276 3325 3272 3326 3275 3326 3276 3326 3269 3327 3273 3327 3277 3327 3273 3328 3272 3328 3277 3328 3276 3329 3269 3329 3277 3329 3272 3330 3276 3330 3277 3330 3262 3331 3279 3331 3278 3331 3281 3332 3262 3332 3280 3332 3262 3333 3278 3333 3280 3333 3281 3334 3280 3334 3282 3334 3262 3335 3269 3335 3283 3335 3279 3336 3262 3336 3283 3336 3278 3337 3279 3337 3283 3337 3280 3338 3278 3338 3284 3338 3278 3339 3283 3339 3284 3339 3282 3340 3280 3340 3285 3340 3280 3341 3284 3341 3285 3341 3281 3342 3282 3342 3286 3342 3282 3343 3285 3343 3286 3343 3283 3344 3269 3344 3287 3344 3284 3345 3283 3345 3288 3345 3283 3346 3287 3346 3288 3346 3285 3347 3284 3347 3289 3347 3284 3348 3288 3348 3289 3348 3291 3349 3281 3349 3290 3349 3281 3350 3286 3350 3290 3350 3286 3351 3285 3351 3290 3351 3285 3352 3289 3352 3290 3352 3287 3353 3269 3353 3292 3353 3288 3354 3287 3354 3292 3354 3269 3355 3291 3355 3293 3355 3292 3356 3269 3356 3293 3356 3289 3357 3288 3357 3293 3357 3288 3358 3292 3358 3293 3358 3290 3359 3289 3359 3294 3359 3293 3360 3291 3360 3294 3360 3289 3361 3293 3361 3294 3361 3291 3362 3290 3362 3295 3362 3290 3363 3294 3363 3295 3363 3294 3364 3291 3364 3295 3364 3297 3365 3281 3365 3296 3365 3281 3366 3291 3366 3296 3366 3297 3367 3296 3367 3298 3367 3296 3368 3291 3368 3298 3368 3300 3369 3297 3369 3299 3369 3291 3370 3300 3370 3299 3370 3297 3371 3298 3371 3299 3371 3298 3372 3291 3372 3299 3372 3302 3373 3297 3373 3301 3373 3297 3374 3300 3374 3301 3374 3302 3375 3301 3375 3303 3375 3301 3376 3300 3376 3303 3376 3305 3377 3302 3377 3304 3377 3300 3378 3305 3378 3304 3378 3302 3379 3303 3379 3304 3379 3303 3380 3300 3380 3304 3380 3302 3381 3307 3381 3306 3381 3309 3382 3302 3382 3308 3382 3302 3383 3306 3383 3308 3383 3309 3384 3308 3384 3310 3384 3307 3385 3302 3385 3311 3385 3306 3386 3307 3386 3311 3386 3308 3387 3306 3387 3312 3387 3306 3388 3311 3388 3312 3388 3310 3389 3308 3389 3313 3389 3308 3390 3312 3390 3313 3390 3315 3391 3309 3391 3314 3391 3309 3392 3310 3392 3314 3392 3310 3393 3313 3393 3314 3393 3302 3394 3305 3394 3316 3394 3311 3395 3302 3395 3316 3395 3311 3396 3316 3396 3317 3396 3312 3397 3311 3397 3317 3397 3313 3398 3312 3398 3318 3398 3312 3399 3317 3399 3318 3399 3315 3400 3314 3400 3319 3400 3314 3401 3313 3401 3319 3401 3313 3402 3318 3402 3319 3402 3316 3403 3305 3403 3320 3403 3317 3404 3316 3404 3321 3404 3316 3405 3320 3405 3321 3405 3320 3406 3305 3406 3321 3406 3305 3407 3315 3407 3322 3407 3317 3408 3321 3408 3322 3408 3318 3409 3317 3409 3322 3409 3321 3410 3305 3410 3322 3410 3315 3411 3319 3411 3323 3411 3319 3412 3318 3412 3323 3412 3322 3413 3315 3413 3323 3413 3318 3414 3322 3414 3323 3414 3309 3415 3325 3415 3324 3415 3327 3416 3309 3416 3326 3416 3309 3417 3324 3417 3326 3417 3327 3418 3326 3418 3328 3418 3309 3419 3315 3419 3329 3419 3325 3420 3309 3420 3329 3420 3325 3421 3329 3421 3330 3421 3324 3422 3325 3422 3330 3422 3326 3423 3324 3423 3331 3423 3324 3424 3330 3424 3331 3424 3327 3425 3328 3425 3332 3425 3328 3426 3326 3426 3332 3426 3326 3427 3331 3427 3332 3427 3329 3428 3315 3428 3333 3428 3330 3429 3329 3429 3333 3429 3331 3430 3330 3430 3334 3430 3330 3431 3333 3431 3334 3431 3332 3432 3331 3432 3335 3432 3331 3433 3334 3433 3335 3433 3337 3434 3327 3434 3336 3434 3332 3435 3335 3435 3336 3435 3327 3436 3332 3436 3336 3436 3333 3437 3315 3437 3338 3437 3315 3438 3337 3438 3339 3438 3338 3439 3315 3439 3339 3439 3334 3440 3333 3440 3339 3440 3333 3441 3338 3441 3339 3441 3335 3442 3334 3442 3339 3442 3336 3443 3335 3443 3340 3443 3339 3444 3337 3444 3340 3444 3335 3445 3339 3445 3340 3445 3337 3446 3336 3446 3341 3446 3336 3447 3340 3447 3341 3447 3340 3448 3337 3448 3341 3448 3343 3449 3327 3449 3342 3449 3344 3450 3343 3450 3342 3450 3344 3451 3342 3451 3345 3451 3342 3452 3327 3452 3345 3452 3337 3453 3344 3453 3346 3453 3327 3454 3337 3454 3346 3454 3344 3455 3345 3455 3346 3455 3345 3456 3327 3456 3346 3456 3348 3457 3343 3457 3347 3457 3343 3458 3344 3458 3347 3458 3348 3459 3347 3459 3349 3459 3347 3460 3344 3460 3349 3460 3351 3461 3348 3461 3350 3461 3344 3462 3351 3462 3350 3462 3348 3463 3349 3463 3350 3463 3349 3464 3344 3464 3350 3464 3353 3465 3348 3465 3352 3465 3354 3466 3353 3466 3352 3466 3354 3467 3352 3467 3355 3467 3352 3468 3348 3468 3355 3468 3351 3469 3354 3469 3356 3469 3348 3470 3351 3470 3356 3470 3354 3471 3355 3471 3356 3471 3355 3472 3348 3472 3356 3472 3358 3473 3353 3473 3357 3473 3353 3474 3354 3474 3357 3474 3358 3475 3357 3475 3359 3475 3357 3476 3354 3476 3359 3476 3361 3477 3358 3477 3360 3477 3354 3478 3361 3478 3360 3478 3358 3479 3359 3479 3360 3479 3359 3480 3354 3480 3360 3480 3363 3481 3358 3481 3362 3481 3364 3482 3363 3482 3362 3482 3364 3483 3362 3483 3365 3483 3362 3484 3358 3484 3365 3484 3361 3485 3364 3485 3366 3485 3358 3486 3361 3486 3366 3486 3364 3487 3365 3487 3366 3487 3365 3488 3358 3488 3366 3488 2687 3489 3363 3489 3367 3489 2697 3490 2687 3490 3367 3490 2697 3491 3367 3491 3368 3491 3367 3492 3363 3492 3368 3492 3364 3493 2697 3493 3369 3493 3363 3494 3364 3494 3369 3494 2697 3495 3368 3495 3369 3495 3368 3496 3363 3496 3369 3496 3372 1928 3371 1928 3370 1928 3373 1929 3372 1929 3370 1929 3374 1930 3373 1930 3370 1930 3374 1931 3370 1931 3375 1931 3377 1932 3374 1932 3376 1932 3374 1933 3375 1933 3376 1933 3377 1934 3376 1934 3378 1934 3379 1934 3377 1934 3378 1934 3381 1935 3379 1935 3380 1935 3379 1935 3378 1935 3380 1935 3383 1936 3381 1936 3382 1936 3381 1937 3380 1937 3382 1937 3385 1938 3383 1938 3384 1938 3383 1939 3382 1939 3384 1939 3387 1940 3385 1940 3386 1940 3388 1941 3387 1941 3386 1941 3385 1942 3384 1942 3386 1942 3388 1943 3386 1943 3389 1943 3391 1944 3388 1944 3390 1944 3388 1945 3389 1945 3390 1945 3393 1946 3391 1946 3392 1946 3394 1947 3393 1947 3392 1947 3391 1948 3390 1948 3392 1948 3394 1949 3392 1949 3395 1949 3397 1950 3394 1950 3396 1950 3394 1951 3395 1951 3396 1951 3399 1952 3397 1952 3398 1952 3397 1953 3396 1953 3398 1953 3401 1954 3399 1954 3400 1954 3402 1955 3401 1955 3400 1955 3399 1956 3398 1956 3400 1956 3402 1957 3400 1957 3403 1957 3405 1958 3402 1958 3404 1958 3402 1959 3403 1959 3404 1959 3407 1960 3405 1960 3406 1960 3405 1961 3404 1961 3406 1961 3409 1962 3407 1962 3408 1962 3410 1963 3409 1963 3408 1963 3407 1964 3406 1964 3408 1964 3412 1965 3410 1965 3411 1965 3410 1963 3408 1963 3411 1963 3414 1966 3412 1966 3413 1966 3412 1967 3411 1967 3413 1967 3414 1968 3413 1968 3415 1968 3417 1969 3414 1969 3416 1969 3418 1970 3417 1970 3416 1970 3414 1971 3415 1971 3416 1971 3420 1972 3418 1972 3419 1972 3418 1970 3416 1970 3419 1970 3422 1973 3420 1973 3421 1973 3420 1974 3419 1974 3421 1974 3422 1975 3421 1975 3423 1975 3422 1976 3423 1976 3424 1976 3425 1977 3422 1977 3424 1977 3426 1978 3425 1978 3424 1978 3426 1979 3424 1979 3427 1979 3428 1980 3426 1980 3427 1980 3428 1981 3427 1981 3429 1981 3430 1982 3428 1982 3429 1982 3430 1983 3429 1983 3431 1983 3430 1984 3431 1984 3432 1984 3433 1985 3430 1985 3432 1985 3434 1986 3433 1986 3432 1986 3434 1987 3432 1987 3435 1987 3436 1988 3434 1988 3435 1988 3436 1988 3435 1988 3437 1988 3438 1989 3436 1989 3437 1989 3438 1990 3437 1990 3439 1990 3440 1991 3438 1991 3439 1991 3442 1992 3440 1992 3441 1992 3440 1993 3439 1993 3441 1993 3444 1994 3442 1994 3443 1994 3442 1995 3441 1995 3443 1995 3446 1996 3444 1996 3445 1996 3444 1994 3443 1994 3445 1994 3448 1997 3446 1997 3447 1997 3446 1998 3445 1998 3447 1998 3448 1999 3447 1999 3449 1999 3451 2000 3448 2000 3450 2000 3452 2001 3451 2001 3450 2001 3448 2002 3449 2002 3450 2002 3454 2003 3452 2003 3453 2003 3452 2004 3450 2004 3453 2004 3456 2005 3454 2005 3455 2005 3454 2006 3453 2006 3455 2006 3458 2007 3456 2007 3457 2007 3456 2008 3455 2008 3457 2008 3460 2009 3458 2009 3459 2009 3458 2010 3457 2010 3459 2010 3462 2011 3460 2011 3461 2011 3460 2012 3459 2012 3461 2012 3462 2013 3461 2013 3463 2013 3465 2014 3462 2014 3464 2014 3466 2015 3465 2015 3464 2015 3462 2016 3463 2016 3464 2016 3468 2017 3466 2017 3467 2017 3466 2018 3464 2018 3467 2018 3470 2019 3468 2019 3469 2019 3468 2020 3467 2020 3469 2020 3472 2021 3470 2021 3471 2021 3470 2022 3469 2022 3471 2022 3474 2023 3472 2023 3473 2023 3472 2024 3471 2024 3473 2024 3476 2025 3474 2025 3475 2025 3474 2023 3473 2023 3475 2023 3476 2025 3475 2025 3477 2025 3478 2026 3476 2026 3477 2026 3478 2027 3477 2027 3479 2027 3478 2028 3479 2028 3480 2028 3481 2029 3478 2029 3480 2029 3482 2030 3481 2030 3480 2030 3482 2031 3480 2031 3483 2031 3484 2032 3482 2032 3483 2032 3484 2033 3483 2033 3485 2033 3486 2034 3484 2034 3485 2034 3486 2035 3485 2035 3487 2035 3488 2036 3486 2036 3487 2036 3488 2037 3487 2037 3489 2037 3490 2038 3488 2038 3489 2038 3490 2038 3489 2038 3491 2038 3492 2039 3490 2039 3491 2039 3492 2040 3491 2040 3493 2040 3494 2041 3492 2041 3493 2041 3494 2042 3493 2042 3495 2042 3494 2043 3495 2043 3496 2043 3497 2044 3494 2044 3496 2044 3497 2045 3496 2045 3498 2045 3499 2046 3497 2046 3498 2046 3500 2047 3499 2047 3498 2047 3500 2048 3498 2048 3501 2048 3500 2049 3501 2049 3502 2049 3503 2050 3500 2050 3502 2050 3504 2051 3503 2051 3502 2051 3504 2052 3502 2052 3505 2052 3504 2053 3505 2053 3506 2053 3507 2054 3504 2054 3506 2054 3509 2055 3507 2055 3508 2055 3510 2056 3509 2056 3508 2056 3507 2057 3506 2057 3508 2057 3510 2056 3508 2056 3511 2056 3513 2058 3510 2058 3512 2058 3514 2059 3513 2059 3512 2059 3510 2060 3511 2060 3512 2060 3514 2061 3512 2061 3515 2061 3517 2062 3514 2062 3516 2062 3514 2063 3515 2063 3516 2063 3519 2064 3517 2064 3518 2064 3517 2064 3516 2064 3518 2064 3521 2065 3519 2065 3520 2065 3522 2066 3521 2066 3520 2066 3519 2067 3518 2067 3520 2067 3522 2068 3520 2068 3523 2068 3525 2069 3522 2069 3524 2069 3522 2070 3523 2070 3524 2070 3525 2071 3524 2071 3526 2071 3527 2072 3525 2072 3526 2072 3528 2073 3527 2073 3526 2073 3528 2074 3526 2074 3529 2074 3528 2075 3529 2075 3530 2075 3531 2076 3528 2076 3530 2076 3532 2077 3531 2077 3530 2077 3532 2078 3530 2078 3533 2078 3532 2079 3533 2079 3534 2079 3535 2080 3532 2080 3534 2080 3535 2081 3534 2081 3536 2081 3537 2081 3535 2081 3536 2081 3537 2082 3536 2082 3538 2082 3539 2083 3537 2083 3538 2083 3539 2084 3538 2084 3540 2084 3541 2085 3539 2085 3540 2085 3542 2086 3541 2086 3540 2086 3542 2087 3540 2087 3543 2087 3542 2088 3543 2088 3544 2088 3545 2088 3542 2088 3544 2088 3546 2089 3545 2089 3544 2089 3546 2090 3544 2090 3547 2090 3546 2091 3547 2091 3548 2091 3549 2092 3546 2092 3548 2092 3549 2093 3548 2093 3550 2093 3551 2094 3549 2094 3550 2094 3552 2095 3551 2095 3550 2095 3552 2096 3550 2096 3553 2096 3552 2097 3553 2097 3554 2097 3555 2098 3552 2098 3554 2098 3555 2099 3554 2099 3556 2099 3557 2100 3555 2100 3556 2100 3557 2101 3556 2101 3558 2101 3559 2102 3557 2102 3558 2102 3560 2103 3559 2103 3558 2103 3560 2104 3558 2104 3561 2104 3560 2105 3561 2105 3562 2105 3563 2106 3560 2106 3562 2106 3564 2107 3563 2107 3562 2107 3564 2107 3562 2107 3565 2107 3564 2108 3565 2108 3566 2108 3567 2109 3564 2109 3566 2109 3567 2110 3566 2110 3568 2110 3569 2111 3567 2111 3568 2111 3569 2112 3568 2112 3371 2112 3372 2113 3569 2113 3371 2113 3382 269 3380 269 3378 269 3382 269 3378 269 3566 269 3518 2114 3566 2114 3523 2114 3479 2115 3421 2115 3419 2115 3518 2116 3382 2116 3566 2116 3518 269 3523 269 3520 269 3548 269 3553 269 3550 269 3479 2117 3413 2117 3396 2117 3479 2118 3396 2118 3483 2118 3479 2119 3419 2119 3413 2119 3479 2120 3483 2120 3480 2120 3516 269 3382 269 3518 269 3547 2121 3553 2121 3548 2121 3386 269 3384 269 3382 269 3386 2122 3382 2122 3516 2122 3427 2123 3423 2123 3421 2123 3427 269 3424 269 3423 269 3427 2124 3421 2124 3479 2124 3544 2125 3553 2125 3547 2125 3427 2126 3479 2126 3477 2126 3512 2127 3389 2127 3386 2127 3512 2128 3516 2128 3515 2128 3512 2129 3386 2129 3516 2129 3558 2130 3556 2130 3554 2130 3473 269 3477 269 3475 269 3390 2131 3389 2131 3512 2131 3473 269 3427 269 3477 269 3431 269 3429 269 3427 269 3511 2132 3390 2132 3512 2132 3431 269 3427 269 3473 269 3432 269 3431 269 3473 269 3508 2133 3390 2133 3511 2133 3469 2134 3473 2134 3471 2134 3506 2135 3392 2135 3390 2135 3506 2136 3390 2136 3508 2136 3464 269 3469 269 3467 269 3565 2137 3561 2137 3558 2137 3565 269 3562 269 3561 269 3536 2138 3540 2138 3538 2138 3536 269 3543 269 3540 269 3536 2139 3544 2139 3543 2139 3501 269 3505 269 3502 269 3441 2140 3435 2140 3432 2140 3441 2141 3437 2141 3435 2141 3441 2128 3439 2128 3437 2128 3403 269 3398 269 3396 269 3566 2142 3565 2142 3558 2142 3403 2143 3400 2143 3398 2143 3461 269 3464 269 3463 269 3461 269 3432 269 3473 269 3461 2144 3473 2144 3469 2144 3461 2145 3469 2145 3464 2145 3534 2146 3544 2146 3536 2146 3496 2147 3505 2147 3501 2147 3459 269 3432 269 3461 269 3496 2148 3501 2148 3498 2148 3533 269 3544 269 3534 269 3447 2149 3443 2149 3441 2149 3447 269 3445 269 3443 269 3408 269 3404 269 3403 269 3408 2150 3406 2150 3404 2150 3493 2151 3505 2151 3496 2151 3370 2152 3568 2152 3566 2152 3370 2153 3371 2153 3568 2153 3450 269 3449 269 3447 269 3493 2154 3496 2154 3495 2154 3493 2155 3506 2155 3505 2155 3493 2156 3392 2156 3506 2156 3450 269 3441 269 3432 269 3411 269 3403 269 3396 269 3450 269 3432 269 3459 269 3450 269 3447 269 3441 269 3411 269 3408 269 3403 269 3529 2157 3533 2157 3530 2157 3453 2158 3457 2158 3455 2158 3453 2159 3459 2159 3457 2159 3453 269 3450 269 3459 269 3413 269 3411 269 3396 269 3526 2160 3553 2160 3544 2160 3526 269 3558 269 3554 269 3489 2161 3395 2161 3392 2161 3526 269 3544 269 3533 269 3526 269 3533 269 3529 269 3526 2162 3554 2162 3553 2162 3489 269 3493 269 3491 269 3489 269 3392 269 3493 269 3378 2163 3370 2163 3566 2163 3378 2164 3375 2164 3370 2164 3378 269 3376 269 3375 269 3485 269 3489 269 3487 269 3419 2165 3415 2165 3413 2165 3523 2166 3566 2166 3558 2166 3419 269 3416 269 3415 269 3523 269 3558 269 3526 269 3523 269 3526 269 3524 269 3483 2167 3396 2167 3395 2167 3483 269 3395 269 3489 269 3483 269 3489 269 3485 269 3379 224 3381 224 3383 224 3567 224 3379 224 3383 224 3522 224 3567 224 3519 224 3418 2168 3420 2168 3478 2168 3567 2169 3383 2169 3519 2169 3521 224 3522 224 3519 224 3551 2170 3552 2170 3549 2170 3397 2171 3412 2171 3478 2171 3482 2172 3397 2172 3478 2172 3412 2173 3418 2173 3478 2173 3481 2174 3482 2174 3478 2174 3519 224 3383 224 3517 224 3549 224 3552 224 3546 224 3383 2175 3385 2175 3387 2175 3517 2176 3383 2176 3387 2176 3420 224 3422 224 3426 224 3422 2177 3425 2177 3426 2177 3478 2178 3420 2178 3426 2178 3546 2179 3552 2179 3545 2179 3476 224 3478 224 3426 224 3387 224 3388 224 3513 224 3514 2180 3517 2180 3513 2180 3517 2181 3387 2181 3513 2181 3555 224 3557 224 3559 224 3474 224 3476 224 3472 224 3513 2182 3388 2182 3391 2182 3476 224 3426 224 3472 224 3426 224 3428 224 3430 224 3513 224 3391 224 3510 224 3472 2183 3426 2183 3430 2183 3472 2184 3430 2184 3433 2184 3510 224 3391 224 3509 224 3470 224 3472 224 3468 224 3391 224 3393 224 3507 224 3509 224 3391 224 3507 224 3466 2185 3468 2185 3465 2185 3559 224 3560 224 3564 224 3560 224 3563 224 3564 224 3539 2186 3541 2186 3537 2186 3541 224 3542 224 3537 224 3542 224 3545 224 3537 224 3503 2187 3504 2187 3500 2187 3433 224 3434 224 3440 224 3434 2188 3436 2188 3440 2188 3436 2189 3438 2189 3440 2189 3397 224 3399 224 3402 224 3559 2190 3564 2190 3567 2190 3399 2191 3401 2191 3402 2191 3462 2192 3465 2192 3460 2192 3472 2193 3433 2193 3460 2193 3468 224 3472 224 3460 224 3465 224 3468 224 3460 224 3537 2194 3545 2194 3535 2194 3500 224 3504 224 3497 224 3460 224 3433 224 3458 224 3499 2195 3500 2195 3497 2195 3535 224 3545 224 3532 224 3440 224 3442 224 3446 224 3442 2196 3444 2196 3446 2196 3402 2197 3405 2197 3409 2197 3405 224 3407 224 3409 224 3497 224 3504 224 3492 224 3567 224 3569 224 3373 224 3569 224 3372 224 3373 224 3446 224 3448 224 3451 224 3494 224 3497 224 3492 224 3504 224 3507 224 3492 224 3507 224 3393 224 3492 224 3433 224 3440 224 3451 224 3397 2198 3402 2198 3410 2198 3458 224 3433 224 3451 224 3440 224 3446 224 3451 224 3402 2199 3409 2199 3410 2199 3531 224 3532 224 3528 224 3454 2200 3456 2200 3452 2200 3456 224 3458 224 3452 224 3458 2201 3451 2201 3452 2201 3397 2202 3410 2202 3412 2202 3545 224 3552 224 3527 224 3555 2203 3559 2203 3527 2203 3393 224 3394 224 3488 224 3532 224 3545 224 3527 224 3528 224 3532 224 3527 224 3552 224 3555 224 3527 224 3490 224 3492 224 3488 224 3492 224 3393 224 3488 224 3567 2204 3373 2204 3379 2204 3373 224 3374 224 3379 224 3374 2205 3377 2205 3379 2205 3486 2185 3488 2185 3484 2185 3412 2206 3414 2206 3418 2206 3559 2207 3567 2207 3522 2207 3414 2208 3417 2208 3418 2208 3527 224 3559 224 3522 224 3525 224 3527 224 3522 224 3394 2209 3397 2209 3482 2209 3488 224 3394 224 3482 224 3484 2210 3488 2210 3482 2210 3572 268 3571 268 3570 268 3574 269 3570 269 3573 269 3577 270 3576 270 3575 270 3579 271 3574 271 3578 271 3579 272 3572 272 3570 272 3579 273 3570 273 3574 273 3580 274 3575 274 3572 274 3580 275 3577 275 3575 275 3580 269 3572 269 3579 269 3583 269 3582 269 3581 269 3583 276 3579 276 3582 276 3585 277 3584 277 3580 277 3585 278 3586 278 3584 278 3588 269 3587 269 3585 269 3589 279 3588 279 3585 279 3592 269 3591 269 3590 269 3592 280 3593 280 3591 280 3594 281 3593 281 3592 281 3596 282 3595 282 3589 282 3596 283 3585 283 3580 283 3596 269 3589 269 3585 269 3597 269 3593 269 3594 269 3597 284 3583 284 3593 284 3599 269 3598 269 3596 269 3601 269 3597 269 3600 269 3602 269 3596 269 3580 269 3602 285 3599 285 3596 285 3605 286 3604 286 3603 286 3605 287 3601 287 3604 287 3607 288 3606 288 3602 288 3607 289 3608 289 3606 289 3607 269 3580 269 3579 269 3607 290 3583 290 3597 290 3607 291 3579 291 3583 291 3607 292 3602 292 3580 292 3609 293 3601 293 3605 293 3609 269 3597 269 3601 269 3611 269 3610 269 3607 269 3613 269 3609 269 3612 269 3614 294 3611 294 3607 294 3614 269 3607 269 3597 269 3615 295 3597 295 3609 295 3615 296 3609 296 3613 296 3615 269 3613 269 3616 269 3618 297 3617 297 3614 297 3618 269 3619 269 3617 269 3618 298 3614 298 3597 298 3618 299 3597 299 3615 299 3620 269 3618 269 3615 269 3620 269 3621 269 3618 269 3624 269 3623 269 3622 269 3624 269 3625 269 3623 269 3627 300 3626 300 3620 300 3627 269 3620 269 3615 269 3627 269 3625 269 3624 269 3627 301 3615 301 3625 301 3630 268 3629 268 3628 268 3631 302 3628 302 3626 302 3631 303 3626 303 3627 303 3631 269 3630 269 3628 269 3632 304 3631 304 3627 304 3632 305 3634 305 3633 305 3632 306 3635 306 3634 306 3632 307 3627 307 3635 307 3637 269 3636 269 3631 269 3638 308 3631 308 3632 308 3638 309 3637 309 3631 309 3638 269 3632 269 3639 269 3640 310 3637 310 3638 310 3641 311 3640 311 3638 311 3641 312 3638 312 3642 312 3644 269 3643 269 3641 269 3647 269 3646 269 3645 269 3647 313 3648 313 3646 313 3647 314 3642 314 3648 314 3650 269 3649 269 3644 269 3651 315 3650 315 3644 315 3653 316 3647 316 3652 316 3654 269 3644 269 3641 269 3654 269 3651 269 3644 269 3655 269 3647 269 3653 269 3657 269 3656 269 3654 269 3658 269 3657 269 3654 269 3661 317 3660 317 3659 317 3662 318 3658 318 3654 318 3662 319 3663 319 3658 319 3662 320 3655 320 3660 320 3662 269 3641 269 3642 269 3662 321 3642 321 3647 321 3662 269 3654 269 3641 269 3662 322 3647 322 3655 322 3664 323 3660 323 3661 323 3664 269 3661 269 3665 269 3667 286 3666 286 3662 286 3668 324 3660 324 3664 324 3668 269 3662 269 3660 269 3668 325 3667 325 3662 325 3668 326 3664 326 3669 326 3670 269 3667 269 3668 269 3670 269 3668 269 3671 269 3674 269 3673 269 3672 269 3675 269 3667 269 3670 269 3675 269 3674 269 3672 269 3675 327 3672 327 3667 327 3677 328 3670 328 3676 328 3678 269 3675 269 3670 269 3678 329 3670 329 3677 329 3678 269 3679 269 3675 269 3678 330 3677 330 3680 330 3681 269 3678 269 3680 269 3681 331 3680 331 3682 331 3683 269 3681 269 3682 269 3684 269 3681 269 3683 269 3686 269 3685 269 3681 269 3688 269 3687 269 3686 269 3688 332 3684 332 3689 332 3688 333 3686 333 3681 333 3688 269 3681 269 3684 269 3690 221 3597 221 3594 221 3690 220 3691 220 3597 220 3692 222 3594 222 3592 222 3692 223 3690 223 3594 223 3693 0 3592 0 3590 0 3693 1 3692 1 3592 1 3694 6 3599 6 3602 6 3694 4 3695 4 3599 4 3696 2 3590 2 3591 2 3696 3 3693 3 3590 3 3697 7 3602 7 3606 7 3697 334 3606 334 3608 334 3697 7 3694 7 3602 7 3698 5 3591 5 3593 5 3698 8 3696 8 3591 8 3699 14 3608 14 3607 14 3699 335 3697 335 3608 335 3700 9 3593 9 3583 9 3700 10 3698 10 3593 10 3701 21 3607 21 3610 21 3701 18 3699 18 3607 18 3702 11 3583 11 3581 11 3702 15 3700 15 3583 15 3703 25 3610 25 3611 25 3703 21 3701 21 3610 21 3704 336 3581 336 3582 336 3704 337 3702 337 3581 337 3705 30 3611 30 3614 30 3705 23 3703 23 3611 23 3706 19 3582 19 3579 19 3706 22 3704 22 3582 22 3707 29 3614 29 3617 29 3707 28 3705 28 3614 28 3708 24 3579 24 3578 24 3708 20 3706 20 3579 20 3709 37 3617 37 3619 37 3709 34 3707 34 3617 34 3710 26 3578 26 3574 26 3710 27 3708 27 3578 27 3711 338 3619 338 3618 338 3711 35 3709 35 3619 35 3712 31 3574 31 3573 31 3712 33 3710 33 3574 33 3713 339 3711 339 3618 339 3714 32 3573 32 3570 32 3714 32 3712 32 3573 32 3715 43 3618 43 3621 43 3716 36 3570 36 3571 36 3715 46 3713 46 3618 46 3716 38 3714 38 3570 38 3717 48 3621 48 3620 48 3718 40 3571 40 3572 40 3718 340 3572 340 3575 340 3717 49 3715 49 3621 49 3718 42 3716 42 3571 42 3719 341 3718 341 3575 341 3720 51 3620 51 3626 51 3720 53 3717 53 3620 53 3721 45 3575 45 3576 45 3721 52 3576 52 3577 52 3722 56 3720 56 3626 56 3722 58 3626 58 3628 58 3721 45 3719 45 3575 45 3723 50 3721 50 3577 50 3724 60 3722 60 3628 60 3724 61 3628 61 3629 61 3725 54 3577 54 3580 54 3725 55 3580 55 3584 55 3725 57 3723 57 3577 57 3726 65 3724 65 3629 65 3726 66 3629 66 3630 66 3727 64 3584 64 3586 64 3727 59 3725 59 3584 59 3728 68 3726 68 3630 68 3728 68 3630 68 3631 68 3729 63 3586 63 3585 63 3729 62 3727 62 3586 62 3730 70 3585 70 3587 70 3731 71 3728 71 3631 71 3731 73 3631 73 3636 73 3730 67 3729 67 3585 67 3732 74 3587 74 3588 74 3733 76 3731 76 3636 76 3733 77 3636 77 3637 77 3732 69 3730 69 3587 69 3734 72 3732 72 3588 72 3734 75 3588 75 3589 75 3735 79 3733 79 3637 79 3735 81 3637 81 3640 81 3736 75 3734 75 3589 75 3736 78 3589 78 3595 78 3737 85 3735 85 3640 85 3737 86 3640 86 3641 86 3738 80 3736 80 3595 80 3738 342 3595 342 3596 342 3739 90 3737 90 3641 90 3739 91 3641 91 3643 91 3740 343 3738 343 3596 343 3741 87 3740 87 3596 87 3741 84 3596 84 3598 84 3742 92 3739 92 3643 92 3742 93 3643 93 3644 93 3695 88 3741 88 3598 88 3695 89 3598 89 3599 89 3743 94 3742 94 3644 94 3743 95 3644 95 3649 95 3744 97 3649 97 3650 97 3744 96 3743 96 3649 96 3745 98 3650 98 3651 98 3745 99 3744 99 3650 99 3746 100 3651 100 3654 100 3746 101 3745 101 3651 101 3747 102 3654 102 3656 102 3747 103 3746 103 3654 103 3748 104 3656 104 3657 104 3748 105 3747 105 3656 105 3749 106 3657 106 3658 106 3749 106 3748 106 3657 106 3750 107 3658 107 3663 107 3750 107 3749 107 3658 107 3751 108 3663 108 3662 108 3751 110 3750 110 3663 110 3752 111 3662 111 3666 111 3752 109 3751 109 3662 109 3753 112 3666 112 3667 112 3753 113 3752 113 3666 113 3754 114 3667 114 3672 114 3754 115 3753 115 3667 115 3755 116 3672 116 3673 116 3755 117 3754 117 3672 117 3756 118 3673 118 3674 118 3756 119 3755 119 3673 119 3757 120 3674 120 3675 120 3757 121 3756 121 3674 121 3758 122 3675 122 3679 122 3758 123 3757 123 3675 123 3759 124 3758 124 3679 124 3759 125 3679 125 3678 125 3760 126 3759 126 3678 126 3760 127 3678 127 3681 127 3761 128 3760 128 3681 128 3761 129 3681 129 3685 129 3762 130 3761 130 3685 130 3762 131 3685 131 3686 131 3763 132 3762 132 3686 132 3763 132 3686 132 3687 132 3764 133 3763 133 3687 133 3764 134 3687 134 3688 134 3765 135 3764 135 3688 135 3765 136 3688 136 3689 136 3766 137 3765 137 3689 137 3766 138 3689 138 3684 138 3767 139 3766 139 3684 139 3767 140 3684 140 3683 140 3768 141 3767 141 3683 141 3768 142 3683 142 3682 142 3769 143 3768 143 3682 143 3769 144 3682 144 3680 144 3770 145 3769 145 3680 145 3770 146 3680 146 3677 146 3771 147 3770 147 3677 147 3771 148 3677 148 3676 148 3772 149 3771 149 3676 149 3772 150 3676 150 3670 150 3773 151 3772 151 3670 151 3773 152 3670 152 3671 152 3774 153 3773 153 3671 153 3774 154 3671 154 3668 154 3775 155 3774 155 3668 155 3775 155 3668 155 3669 155 3776 344 3775 344 3669 344 3776 345 3669 345 3664 345 3777 346 3776 346 3664 346 3777 347 3664 347 3665 347 3778 160 3777 160 3665 160 3778 160 3665 160 3661 160 3779 348 3661 348 3659 348 3779 349 3778 349 3661 349 3780 163 3659 163 3660 163 3780 164 3779 164 3659 164 3781 165 3660 165 3655 165 3781 167 3780 167 3660 167 3782 350 3655 350 3653 350 3782 351 3781 351 3655 351 3783 170 3653 170 3652 170 3783 168 3782 168 3653 168 3784 171 3783 171 3652 171 3784 171 3652 171 3647 171 3785 172 3784 172 3647 172 3785 173 3647 173 3645 173 3786 174 3785 174 3645 174 3786 175 3645 175 3646 175 3787 176 3786 176 3646 176 3787 177 3646 177 3648 177 3788 178 3787 178 3648 178 3788 179 3648 179 3642 179 3789 180 3788 180 3642 180 3789 181 3642 181 3638 181 3790 182 3789 182 3638 182 3790 183 3638 183 3639 183 3791 184 3790 184 3639 184 3791 185 3639 185 3632 185 3792 186 3791 186 3632 186 3792 186 3632 186 3633 186 3793 352 3792 352 3633 352 3793 353 3633 353 3634 353 3794 189 3793 189 3634 189 3794 190 3634 190 3635 190 3795 191 3794 191 3635 191 3795 192 3635 192 3627 192 3796 193 3795 193 3627 193 3796 193 3627 193 3624 193 3797 194 3796 194 3624 194 3797 195 3624 195 3622 195 3798 196 3797 196 3622 196 3798 197 3622 197 3623 197 3799 199 3798 199 3623 199 3799 198 3623 198 3625 198 3800 200 3625 200 3615 200 3800 201 3799 201 3625 201 3801 202 3615 202 3616 202 3801 203 3800 203 3615 203 3802 204 3616 204 3613 204 3802 205 3801 205 3616 205 3803 206 3613 206 3612 206 3803 208 3802 208 3613 208 3804 209 3612 209 3609 209 3804 207 3803 207 3612 207 3805 210 3609 210 3605 210 3805 212 3804 212 3609 212 3806 354 3605 354 3603 354 3806 355 3805 355 3605 355 3807 215 3603 215 3604 215 3807 213 3806 213 3603 213 3808 216 3604 216 3601 216 3808 217 3807 217 3604 217 3809 218 3808 218 3601 218 3809 218 3601 218 3600 218 3691 219 3809 219 3600 219 3691 219 3600 219 3597 219 3745 356 3811 356 3810 356 3745 357 3810 357 3812 357 3745 356 3746 356 3811 356 3744 358 3745 358 3812 358 3743 359 3812 359 3813 359 3743 360 3744 360 3812 360 3741 361 3815 361 3814 361 3741 362 3695 362 3815 362 3742 363 3813 363 3816 363 3742 364 3816 364 3817 364 3742 365 3743 365 3813 365 3740 366 3814 366 3818 366 3740 367 3741 367 3814 367 3739 368 3742 368 3817 368 3738 369 3818 369 3819 369 3738 370 3740 370 3818 370 3737 371 3817 371 3820 371 3737 372 3820 372 3821 372 3737 373 3739 373 3817 373 3736 374 3819 374 3822 374 3736 375 3822 375 3823 375 3735 376 3737 376 3821 376 3736 377 3738 377 3819 377 3734 378 3823 378 3824 378 3733 379 3821 379 3825 379 3734 380 3736 380 3823 380 3733 379 3735 379 3821 379 3732 381 3824 381 3826 381 3731 382 3825 382 3827 382 3731 383 3827 383 3828 383 3732 384 3734 384 3824 384 3731 385 3733 385 3825 385 3730 386 3732 386 3826 386 3728 383 3731 383 3828 383 3726 387 3828 387 3829 387 3729 388 3826 388 3830 388 3729 389 3730 389 3826 389 3726 390 3728 390 3828 390 3724 391 3829 391 3831 391 3724 392 3831 392 3832 392 3727 393 3830 393 3833 393 3727 394 3833 394 3834 394 3724 395 3726 395 3829 395 3727 396 3729 396 3830 396 3722 397 3832 397 3835 397 3725 398 3834 398 3836 398 3722 399 3724 399 3832 399 3725 400 3727 400 3834 400 3720 401 3722 401 3835 401 3723 402 3836 402 3837 402 3723 403 3725 403 3836 403 3717 404 3835 404 3838 404 3717 404 3720 404 3835 404 3721 405 3723 405 3837 405 3715 406 3838 406 3839 406 3715 407 3717 407 3838 407 3719 408 3837 408 3840 408 3719 408 3721 408 3837 408 3713 409 3839 409 3841 409 3713 410 3841 410 3842 410 3713 411 3715 411 3839 411 3718 412 3719 412 3840 412 3718 413 3840 413 3843 413 3711 414 3713 414 3842 414 3716 415 3718 415 3843 415 3709 416 3842 416 3844 416 3716 417 3843 417 3845 417 3709 418 3711 418 3842 418 3707 419 3844 419 3846 419 3714 420 3716 420 3845 420 3707 421 3846 421 3847 421 3714 422 3845 422 3848 422 3707 423 3709 423 3844 423 3705 424 3847 424 3849 424 3712 425 3714 425 3848 425 3712 426 3848 426 3850 426 3705 427 3707 427 3847 427 3703 428 3705 428 3849 428 3710 429 3712 429 3850 429 3710 430 3850 430 3851 430 3701 431 3703 431 3849 431 3701 432 3849 432 3852 432 3708 26 3710 26 3851 26 3708 433 3851 433 3853 433 3699 434 3701 434 3852 434 3699 435 3852 435 3854 435 3699 436 3854 436 3855 436 3706 437 3708 437 3853 437 3706 437 3853 437 3856 437 3697 438 3699 438 3855 438 3704 439 3706 439 3856 439 3694 440 3697 440 3855 440 3704 441 3856 441 3857 441 3694 442 3855 442 3858 442 3694 443 3858 443 3815 443 3695 444 3694 444 3815 444 3702 445 3704 445 3857 445 3702 446 3857 446 3859 446 3700 447 3702 447 3859 447 3700 448 3859 448 3860 448 3698 449 3700 449 3860 449 3698 450 3860 450 3861 450 3696 8 3861 8 3862 8 3696 451 3698 451 3861 451 3693 452 3862 452 3863 452 3693 453 3696 453 3862 453 3693 454 3863 454 3864 454 3692 454 3693 454 3864 454 3690 455 3864 455 3865 455 3690 456 3692 456 3864 456 3691 457 3865 457 3866 457 3691 458 3690 458 3865 458 3809 459 3866 459 3867 459 3809 459 3691 459 3866 459 3808 460 3867 460 3868 460 3808 461 3868 461 3869 461 3808 460 3809 460 3867 460 3807 462 3808 462 3869 462 3806 463 3869 463 3870 463 3806 464 3870 464 3871 464 3806 463 3807 463 3869 463 3805 464 3806 464 3871 464 3804 465 3871 465 3872 465 3804 466 3805 466 3871 466 3803 467 3872 467 3873 467 3803 468 3873 468 3874 468 3803 469 3804 469 3872 469 3802 470 3803 470 3874 470 3801 471 3874 471 3875 471 3801 472 3802 472 3874 472 3800 473 3875 473 3876 473 3800 474 3801 474 3875 474 3799 475 3800 475 3876 475 3799 476 3876 476 3877 476 3798 477 3799 477 3877 477 3798 477 3877 477 3878 477 3797 196 3798 196 3878 196 3797 478 3878 478 3879 478 3797 479 3879 479 3880 479 3796 480 3797 480 3880 480 3795 481 3796 481 3880 481 3795 482 3880 482 3881 482 3794 483 3795 483 3881 483 3794 484 3881 484 3882 484 3793 485 3794 485 3882 485 3793 486 3882 486 3883 486 3793 487 3883 487 3884 487 3792 488 3793 488 3884 488 3791 489 3792 489 3884 489 3791 489 3884 489 3885 489 3790 490 3791 490 3885 490 3790 491 3885 491 3886 491 3790 492 3886 492 3887 492 3789 493 3790 493 3887 493 3788 494 3789 494 3887 494 3788 495 3887 495 3888 495 3787 496 3788 496 3888 496 3787 497 3888 497 3889 497 3786 498 3787 498 3889 498 3786 499 3889 499 3890 499 3785 500 3786 500 3890 500 3785 501 3890 501 3891 501 3784 502 3785 502 3891 502 3784 503 3891 503 3892 503 3784 504 3892 504 3893 504 3783 505 3784 505 3893 505 3782 506 3783 506 3893 506 3782 507 3893 507 3894 507 3781 508 3782 508 3894 508 3781 509 3894 509 3895 509 3780 510 3781 510 3895 510 3780 511 3895 511 3896 511 3780 512 3896 512 3897 512 3779 513 3780 513 3897 513 3778 514 3897 514 3898 514 3778 515 3779 515 3897 515 3777 516 3898 516 3899 516 3777 517 3778 517 3898 517 3776 518 3899 518 3900 518 3776 519 3777 519 3899 519 3775 520 3900 520 3901 520 3775 521 3901 521 3902 521 3775 522 3776 522 3900 522 3774 523 3775 523 3902 523 3773 524 3774 524 3902 524 3773 525 3902 525 3903 525 3772 526 3773 526 3903 526 3772 527 3903 527 3904 527 3771 528 3772 528 3904 528 3771 529 3904 529 3905 529 3770 530 3771 530 3905 530 3770 531 3905 531 3906 531 3770 532 3906 532 3907 532 3769 533 3770 533 3907 533 3768 534 3769 534 3907 534 3768 535 3907 535 3908 535 3767 536 3768 536 3908 536 3767 537 3908 537 3909 537 3766 538 3767 538 3909 538 3766 538 3909 538 3910 538 3766 539 3910 539 3911 539 3765 540 3766 540 3911 540 3764 541 3765 541 3911 541 3764 542 3911 542 3912 542 3763 543 3764 543 3912 543 3763 544 3912 544 3913 544 3762 545 3763 545 3913 545 3762 546 3913 546 3914 546 3762 547 3914 547 3915 547 3761 547 3762 547 3915 547 3761 548 3915 548 3916 548 3760 549 3761 549 3916 549 3759 550 3760 550 3916 550 3759 550 3916 550 3917 550 3758 551 3917 551 3918 551 3758 552 3918 552 3919 552 3758 553 3759 553 3917 553 3757 554 3758 554 3919 554 3756 555 3919 555 3920 555 3756 556 3757 556 3919 556 3755 557 3920 557 3921 557 3755 558 3756 558 3920 558 3754 117 3921 117 3922 117 3754 559 3922 559 3923 559 3754 560 3755 560 3921 560 3753 561 3923 561 3924 561 3753 562 3754 562 3923 562 3752 561 3753 561 3924 561 3751 563 3924 563 3925 563 3751 564 3752 564 3924 564 3750 565 3925 565 3926 565 3750 566 3926 566 3927 566 3750 567 3751 567 3925 567 3749 566 3750 566 3927 566 3748 568 3927 568 3928 568 3748 568 3749 568 3927 568 3747 569 3928 569 3929 569 3747 570 3748 570 3928 570 3747 571 3929 571 3811 571 3746 572 3747 572 3811 572 3931 673 3930 673 3818 673 3814 674 3931 674 3818 674 3926 675 3933 675 3932 675 3926 676 3925 676 3933 676 3934 224 3926 224 3932 224 3815 224 3935 224 3931 224 3815 3497 3931 3497 3814 3497 3927 224 3926 224 3934 224 3936 678 3882 678 3881 678 3937 224 3927 224 3934 224 3938 224 3881 224 3880 224 3938 224 3936 224 3881 224 3939 224 3883 224 3882 224 3858 224 3940 224 3935 224 3939 679 3884 679 3883 679 3858 224 3935 224 3815 224 3939 224 3882 224 3936 224 3928 224 3927 224 3937 224 3941 680 3880 680 3879 680 3941 224 3938 224 3880 224 3942 224 3885 224 3884 224 3942 224 3884 224 3939 224 3943 224 3928 224 3937 224 3855 682 3944 682 3940 682 3855 681 3940 681 3858 681 3929 224 3928 224 3943 224 3945 224 3941 224 3879 224 3946 683 3944 683 3855 683 3947 224 3885 224 3942 224 3854 224 3946 224 3855 224 3948 224 3878 224 3877 224 3948 224 3879 224 3878 224 3948 686 3945 686 3879 686 3811 685 3929 685 3943 685 3811 684 3943 684 3949 684 3950 688 3886 688 3885 688 3951 687 3946 687 3854 687 3950 689 3885 689 3947 689 3852 224 3951 224 3854 224 3810 224 3949 224 3952 224 3810 690 3811 690 3949 690 3953 691 3948 691 3877 691 3954 693 3887 693 3886 693 3955 692 3810 692 3952 692 3954 695 3886 695 3950 695 3956 694 3951 694 3852 694 3812 696 3810 696 3955 696 3849 697 3956 697 3852 697 3957 224 3876 224 3875 224 3957 698 3877 698 3876 698 3957 224 3953 224 3877 224 3958 700 3888 700 3887 700 3958 224 3889 224 3888 224 3959 699 3956 699 3849 699 3960 701 3812 701 3955 701 3958 702 3887 702 3954 702 3961 224 3957 224 3875 224 3847 224 3959 224 3849 224 3962 704 3890 704 3889 704 3813 703 3812 703 3960 703 3962 224 3889 224 3958 224 3963 224 3961 224 3875 224 3846 705 3964 705 3959 705 3846 706 3959 706 3847 706 3816 707 3960 707 3965 707 3963 224 3875 224 3874 224 3816 224 3965 224 3966 224 3816 224 3813 224 3960 224 3967 224 3890 224 3962 224 3968 224 3963 224 3874 224 3968 708 3874 708 3873 708 3844 224 3970 224 3969 224 3844 709 3969 709 3964 709 3971 711 3890 711 3967 711 3971 712 3891 712 3890 712 3844 710 3964 710 3846 710 3872 713 3968 713 3873 713 3817 224 3816 224 3966 224 3892 224 3891 224 3971 224 3972 714 3968 714 3872 714 3973 224 3892 224 3971 224 3820 715 3966 715 3974 715 3820 716 3974 716 3975 716 3820 224 3817 224 3966 224 3842 224 3976 224 3970 224 3871 717 3972 717 3872 717 3842 718 3970 718 3844 718 3977 719 3972 719 3871 719 3978 720 3892 720 3973 720 3978 721 3893 721 3892 721 3821 224 3820 224 3975 224 3894 722 3893 722 3978 722 3979 224 3977 224 3871 224 3841 723 3980 723 3976 723 3979 725 3871 725 3870 725 3841 724 3976 724 3842 724 3981 224 3894 224 3978 224 3982 726 3870 726 3869 726 3982 727 3979 727 3870 727 3983 728 3894 728 3981 728 3983 224 3895 224 3894 224 3839 224 3984 224 3980 224 3839 678 3980 678 3841 678 3825 224 3975 224 3985 224 3825 224 3985 224 3986 224 3987 224 3982 224 3869 224 3987 729 3869 729 3868 729 3825 224 3821 224 3975 224 3988 730 3895 730 3983 730 3988 731 3896 731 3895 731 3827 224 3825 224 3986 224 3867 224 3987 224 3868 224 3838 224 3989 224 3984 224 3838 224 3984 224 3839 224 3897 732 3896 732 3988 732 3828 224 3986 224 3990 224 3828 224 3990 224 3991 224 3992 224 3987 224 3867 224 3828 224 3827 224 3986 224 3835 733 3989 733 3838 733 3829 224 3828 224 3991 224 3993 224 3897 224 3988 224 3832 734 3995 734 3994 734 3832 224 3994 224 3989 224 3832 735 3989 735 3835 735 3831 736 3829 736 3991 736 3831 224 3995 224 3832 224 3898 224 3897 224 3993 224 3831 224 3991 224 3995 224 3996 737 3867 737 3866 737 3996 224 3992 224 3867 224 3997 224 3898 224 3993 224 3865 738 3996 738 3866 738 3998 739 3996 739 3865 739 3999 224 3899 224 3898 224 3999 740 3898 740 3997 740 3864 224 3998 224 3865 224 4000 741 3998 741 3864 741 4001 224 3900 224 3899 224 4001 742 3899 742 3999 742 3901 743 3900 743 4001 743 4002 744 3864 744 3863 744 4002 745 4000 745 3864 745 4003 224 3901 224 4001 224 3902 746 3901 746 4003 746 4004 747 3863 747 3862 747 4004 748 4002 748 3863 748 4005 224 3902 224 4003 224 3861 224 4004 224 3862 224 4006 749 4004 749 3861 749 4007 224 3903 224 3902 224 4007 750 3902 750 4005 750 4008 751 4006 751 3861 751 4008 752 3861 752 3860 752 4009 224 3903 224 4007 224 4009 224 3904 224 3903 224 4010 224 4008 224 3860 224 4010 224 3860 224 3859 224 4011 753 3904 753 4009 753 4011 224 3905 224 3904 224 3857 224 4010 224 3859 224 3906 754 3905 754 4011 754 4012 755 4010 755 3857 755 4013 224 3906 224 4011 224 3856 756 4012 756 3857 756 3907 757 3906 757 4013 757 4014 758 4012 758 3856 758 4015 224 3907 224 4013 224 3853 224 4014 224 3856 224 4016 759 4014 759 3853 759 4017 760 3907 760 4015 760 4017 761 3908 761 3907 761 3909 762 3908 762 4017 762 4018 224 3853 224 3851 224 4018 763 4016 763 3853 763 4019 764 3909 764 4017 764 4020 765 3851 765 3850 765 4020 224 4018 224 3851 224 4021 224 3909 224 4019 224 4021 224 3910 224 3909 224 3848 735 4020 735 3850 735 4022 224 4020 224 3848 224 4023 224 3910 224 4021 224 4023 766 3911 766 3910 766 4024 761 3848 761 3845 761 4024 224 4022 224 3848 224 4025 224 3912 224 3911 224 4025 767 3911 767 4023 767 4026 224 3912 224 4025 224 3843 768 4027 768 4024 768 3843 769 4024 769 3845 769 3913 770 3912 770 4026 770 4028 224 3913 224 4026 224 3840 224 4029 224 4027 224 3840 771 4027 771 3843 771 3914 772 3913 772 4028 772 4030 773 4029 773 3840 773 4031 774 3914 774 4028 774 3837 775 4030 775 3840 775 3915 776 3914 776 4031 776 4032 777 4030 777 3837 777 4033 224 3915 224 4031 224 3836 224 4032 224 3837 224 3916 778 3915 778 4033 778 4034 779 4032 779 3836 779 4035 224 3916 224 4033 224 3834 224 4034 224 3836 224 3917 780 3916 780 4035 780 4036 781 4034 781 3834 781 3833 224 4036 224 3834 224 3918 224 3917 224 4035 224 3918 782 4035 782 4037 782 4038 783 4036 783 3833 783 4039 784 3918 784 4037 784 3830 224 4038 224 3833 224 3919 785 3918 785 4039 785 4040 786 4038 786 3830 786 3826 224 4040 224 3830 224 3920 224 4039 224 4041 224 3920 224 3919 224 4039 224 4042 787 4040 787 3826 787 4043 224 3920 224 4041 224 3824 788 4042 788 3826 788 3921 789 3920 789 4043 789 4044 224 4042 224 3824 224 3823 224 4044 224 3824 224 3922 790 4043 790 4045 790 3922 713 3921 713 4043 713 4046 791 4044 791 3823 791 3822 792 4046 792 3823 792 3923 793 4045 793 4047 793 3923 717 3922 717 4045 717 4048 224 3923 224 4047 224 3819 224 4049 224 4046 224 3819 794 4046 794 3822 794 3924 725 3923 725 4048 725 3930 795 4049 795 3819 795 3933 796 3924 796 4048 796 3818 224 3930 224 3819 224 3925 797 3924 797 3933 797 3952 1055 3949 1055 4050 1055 3949 1056 4051 1056 4050 1056 3955 1057 3952 1057 4052 1057 3952 1058 4050 1058 4052 1058 3960 1059 3955 1059 4053 1059 3931 1060 3935 1060 4054 1060 3955 1061 4052 1061 4053 1061 3935 1062 4055 1062 4054 1062 3965 1063 3960 1063 4056 1063 3930 1064 3931 1064 4057 1064 3960 1065 4053 1065 4056 1065 4049 1066 3930 1066 4057 1066 3931 1067 4054 1067 4057 1067 3966 1068 3965 1068 4058 1068 3965 1069 4056 1069 4058 1069 4046 1070 4049 1070 4059 1070 4049 1071 4057 1071 4059 1071 3974 1072 3966 1072 4060 1072 3975 1073 3974 1073 4060 1073 3966 1074 4058 1074 4060 1074 4046 1075 4059 1075 4061 1075 3975 1073 4060 1073 4062 1073 4044 1076 4046 1076 4063 1076 4042 1077 4044 1077 4063 1077 4046 1078 4061 1078 4063 1078 3985 1079 3975 1079 4064 1079 3975 1080 4062 1080 4064 1080 4042 1081 4063 1081 4065 1081 3986 1082 3985 1082 4066 1082 3985 1083 4064 1083 4066 1083 4040 1084 4042 1084 4067 1084 4038 1085 4040 1085 4067 1085 4042 1084 4065 1084 4067 1084 3990 1086 3986 1086 4068 1086 3986 1087 4066 1087 4068 1087 4038 1085 4067 1085 4069 1085 3991 1088 3990 1088 4070 1088 3990 1089 4068 1089 4070 1089 4036 1090 4038 1090 4071 1090 4038 1091 4069 1091 4071 1091 3995 1092 3991 1092 4072 1092 3991 1093 4070 1093 4072 1093 4034 1094 4036 1094 4073 1094 4032 1095 4034 1095 4073 1095 3994 1096 3995 1096 4074 1096 4036 1094 4071 1094 4073 1094 3995 1097 4072 1097 4074 1097 4030 1098 4032 1098 4075 1098 3989 1099 3994 1099 4076 1099 4032 1100 4073 1100 4075 1100 3984 1101 3989 1101 4076 1101 3994 1102 4074 1102 4076 1102 3984 1103 4076 1103 4077 1103 4030 1104 4075 1104 4078 1104 3980 1105 3984 1105 4079 1105 4029 1106 4030 1106 4080 1106 4030 1107 4078 1107 4080 1107 3984 1108 4077 1108 4079 1108 3976 1109 3980 1109 4081 1109 4029 1110 4080 1110 4082 1110 4027 1111 4029 1111 4082 1111 3980 1112 4079 1112 4081 1112 3970 1113 3976 1113 4083 1113 4027 1114 4082 1114 4084 1114 3976 1113 4081 1113 4083 1113 4024 1115 4027 1115 4084 1115 3969 1116 3970 1116 4085 1116 3970 1117 4083 1117 4085 1117 4024 1118 4084 1118 4086 1118 4022 1119 4024 1119 4086 1119 3964 1120 3969 1120 4087 1120 3969 1120 4085 1120 4087 1120 4022 1121 4086 1121 4088 1121 4020 1122 4022 1122 4088 1122 3959 1123 3964 1123 4089 1123 3964 1123 4087 1123 4089 1123 4020 1124 4088 1124 4090 1124 4018 1125 4020 1125 4090 1125 3956 1126 3959 1126 4091 1126 3951 1127 3956 1127 4091 1127 3959 1128 4089 1128 4091 1128 4018 1129 4090 1129 4092 1129 4016 1130 4018 1130 4092 1130 3951 1131 4091 1131 4093 1131 4016 1132 4092 1132 4094 1132 3951 1133 4093 1133 4095 1133 4014 1134 4016 1134 4094 1134 3946 1135 3951 1135 4095 1135 3946 1136 4095 1136 4096 1136 4014 1137 4094 1137 4097 1137 4012 1137 4014 1137 4097 1137 4010 1138 4012 1138 4097 1138 3944 1139 3946 1139 4096 1139 3944 1140 4096 1140 4098 1140 3940 1141 3944 1141 4098 1141 3935 1142 3940 1142 4098 1142 4010 1143 4097 1143 4099 1143 3935 1144 4098 1144 4055 1144 4010 1145 4099 1145 4100 1145 4008 1146 4010 1146 4100 1146 4008 1147 4100 1147 4101 1147 4006 1148 4008 1148 4101 1148 4004 1149 4006 1149 4102 1149 4006 1150 4101 1150 4102 1150 4002 1151 4004 1151 4103 1151 4004 1151 4102 1151 4103 1151 4000 1152 4002 1152 4104 1152 4002 1153 4103 1153 4104 1153 3998 1154 4000 1154 4105 1154 4000 1155 4104 1155 4105 1155 3996 1156 3998 1156 4106 1156 3992 1157 3996 1157 4106 1157 3998 1158 4105 1158 4106 1158 3987 1159 3992 1159 4107 1159 3992 1157 4106 1157 4107 1157 3982 1160 3987 1160 4108 1160 3987 1159 4107 1159 4108 1159 3982 1161 4108 1161 4109 1161 3979 1162 3982 1162 4110 1162 3982 1163 4109 1163 4110 1163 3977 1164 3979 1164 4111 1164 3979 1165 4110 1165 4111 1165 3972 1166 3977 1166 4112 1166 3977 1166 4111 1166 4112 1166 3968 1167 3972 1167 4113 1167 3972 1168 4112 1168 4113 1168 3963 1169 3968 1169 4114 1169 3968 1170 4113 1170 4114 1170 3961 1171 3963 1171 4115 1171 3963 1172 4114 1172 4115 1172 3957 1173 3961 1173 4116 1173 3961 1174 4115 1174 4116 1174 3957 1175 4116 1175 4117 1175 3953 1175 3957 1175 4117 1175 3953 1176 4117 1176 4118 1176 3948 1177 3953 1177 4118 1177 3948 1178 4118 1178 4119 1178 3945 1179 3948 1179 4119 1179 3945 1180 4119 1180 4120 1180 3941 1181 3945 1181 4120 1181 3941 1182 4120 1182 4121 1182 3938 1183 3941 1183 4121 1183 3936 1184 3938 1184 4121 1184 3936 1185 4121 1185 4122 1185 3939 1186 3936 1186 4122 1186 3939 1187 4122 1187 4123 1187 3939 1188 4123 1188 4124 1188 3942 1189 3939 1189 4124 1189 3947 1190 3942 1190 4124 1190 3947 1191 4124 1191 4125 1191 3947 1192 4125 1192 4126 1192 3950 1193 3947 1193 4126 1193 3950 1194 4126 1194 4127 1194 3954 1195 3950 1195 4127 1195 3958 1196 3954 1196 4127 1196 3958 1196 4127 1196 4128 1196 3962 1197 3958 1197 4128 1197 3962 1198 4128 1198 4129 1198 3962 1199 4129 1199 4130 1199 3967 1199 3962 1199 4130 1199 3967 1200 4130 1200 4131 1200 3971 1200 3967 1200 4131 1200 3971 1201 4131 1201 4132 1201 3973 1202 3971 1202 4132 1202 3973 1203 4132 1203 4133 1203 3978 1204 3973 1204 4133 1204 3978 1205 4133 1205 4134 1205 3981 1206 3978 1206 4134 1206 3981 1207 4134 1207 4135 1207 3983 1208 3981 1208 4135 1208 3983 1209 4135 1209 4136 1209 3988 1210 3983 1210 4136 1210 3993 1211 3988 1211 4137 1211 3997 1212 3993 1212 4137 1212 3988 1213 4136 1213 4137 1213 3997 1214 4137 1214 4138 1214 3999 1215 3997 1215 4138 1215 3999 1216 4138 1216 4139 1216 4001 1217 3999 1217 4140 1217 3999 1218 4139 1218 4140 1218 4003 1219 4001 1219 4141 1219 4001 1220 4140 1220 4141 1220 4003 1221 4141 1221 4142 1221 4005 1222 4003 1222 4142 1222 4007 1223 4005 1223 4142 1223 4007 1224 4142 1224 4143 1224 4007 1225 4143 1225 4144 1225 4009 1225 4007 1225 4144 1225 4011 1226 4009 1226 4144 1226 4011 1226 4144 1226 4145 1226 4011 1227 4145 1227 4146 1227 4013 1228 4011 1228 4146 1228 4015 1229 4013 1229 4146 1229 4015 1229 4146 1229 4147 1229 4015 1230 4147 1230 4148 1230 4017 1231 4015 1231 4148 1231 4019 1232 4017 1232 4148 1232 4019 1233 4148 1233 4149 1233 4019 1234 4149 1234 4150 1234 4021 1235 4019 1235 4150 1235 4021 1236 4150 1236 4151 1236 4023 1237 4021 1237 4151 1237 4023 1238 4151 1238 4152 1238 4025 1239 4023 1239 4152 1239 4025 1240 4152 1240 4153 1240 4026 1241 4025 1241 4153 1241 4028 1242 4026 1242 4153 1242 4028 1243 4153 1243 4154 1243 4028 1244 4154 1244 4155 1244 4031 1245 4028 1245 4155 1245 4031 1246 4155 1246 4156 1246 4033 1247 4031 1247 4156 1247 4033 1248 4156 1248 4157 1248 4035 1249 4033 1249 4157 1249 4037 1250 4035 1250 4158 1250 4035 1250 4157 1250 4158 1250 4039 1251 4037 1251 4159 1251 4037 1252 4158 1252 4159 1252 4041 1253 4039 1253 4160 1253 4039 1254 4159 1254 4160 1254 4043 1255 4041 1255 4161 1255 4045 1256 4043 1256 4161 1256 4041 1257 4160 1257 4161 1257 4045 1258 4161 1258 4162 1258 4047 1259 4045 1259 4163 1259 4045 1260 4162 1260 4163 1260 4048 1261 4047 1261 4164 1261 4047 1262 4163 1262 4164 1262 3933 1263 4048 1263 4165 1263 4048 1264 4164 1264 4165 1264 3932 1265 3933 1265 4166 1265 3933 1266 4165 1266 4166 1266 3932 1267 4166 1267 4167 1267 3934 1267 3932 1267 4167 1267 3934 1268 4167 1268 4168 1268 3937 1268 3934 1268 4168 1268 3937 1269 4168 1269 4169 1269 3943 1270 3937 1270 4169 1270 3949 1271 3943 1271 4169 1271 3949 1272 4169 1272 4051 1272 4084 3498 4082 3498 4080 3498 4086 224 4084 224 4080 224 4088 224 4086 224 4080 224 4090 224 4088 224 4092 224 4078 3499 4075 3499 4073 3499 4088 224 4080 224 4094 224 4092 224 4088 224 4094 224 4094 224 4080 224 4097 224 4073 3500 4071 3500 4069 3500 4099 3501 4097 3501 4101 3501 4100 3502 4099 3502 4101 3502 4067 3503 4065 3503 4063 3503 4069 3504 4067 3504 4063 3504 4080 224 4078 224 4063 224 4073 224 4069 224 4063 224 4078 3505 4073 3505 4063 3505 4097 3506 4080 3506 4063 3506 4101 224 4097 224 4063 224 4102 224 4101 224 4061 224 4101 3507 4063 3507 4061 3507 4061 3508 4059 3508 4057 3508 4103 224 4102 224 4105 224 4104 3509 4103 3509 4105 3509 4102 224 4061 224 4105 224 4057 224 4054 224 4055 224 4106 224 4105 224 4107 224 4108 224 4107 224 4109 224 4107 224 4105 224 4109 224 4055 224 4098 224 4096 224 4061 3510 4057 3510 4096 3510 4057 224 4055 224 4096 224 4105 3511 4061 3511 4096 3511 4109 224 4105 224 4096 224 4110 3512 4109 3512 4111 3512 4093 3513 4091 3513 4089 3513 4113 224 4112 224 4114 224 4093 3514 4089 3514 4085 3514 4114 224 4112 224 4085 224 4089 224 4087 224 4085 224 4095 3515 4093 3515 4085 3515 4096 3516 4095 3516 4085 3516 4112 224 4111 224 4085 224 4109 224 4096 224 4085 224 4111 3517 4109 3517 4085 3517 4114 224 4085 224 4117 224 4115 224 4114 224 4117 224 4116 224 4115 224 4117 224 4083 224 4081 224 4079 224 4085 3518 4083 3518 4079 3518 4117 3519 4085 3519 4079 3519 4117 3520 4079 3520 4118 3520 4118 224 4079 224 4119 224 4079 3521 4077 3521 4076 3521 4079 224 4076 224 4074 224 4119 3522 4079 3522 4074 3522 4120 224 4119 224 4074 224 4120 3523 4074 3523 4072 3523 4120 224 4072 224 4122 224 4121 224 4120 224 4122 224 4072 3524 4070 3524 4068 3524 4122 3525 4072 3525 4068 3525 4123 3526 4122 3526 4124 3526 4122 224 4068 224 4124 224 4125 3527 4124 3527 4126 3527 4124 3528 4068 3528 4126 3528 4066 224 4064 224 4062 224 4068 224 4066 224 4062 224 4126 3529 4068 3529 4062 3529 4126 224 4062 224 4127 224 4127 3530 4062 3530 4060 3530 4128 3531 4127 3531 4129 3531 4127 3532 4060 3532 4129 3532 4060 224 4058 224 4129 224 4058 3533 4056 3533 4053 3533 4058 3534 4053 3534 4052 3534 4130 224 4129 224 4132 224 4131 224 4130 224 4132 224 4058 3535 4052 3535 4051 3535 4052 3536 4050 3536 4051 3536 4133 224 4132 224 4135 224 4134 224 4133 224 4135 224 4129 224 4058 224 4135 224 4132 224 4129 224 4135 224 4058 224 4051 224 4135 224 4051 3537 4169 3537 4168 3537 4135 3538 4051 3538 4168 3538 4136 224 4135 224 4137 224 4167 3539 4166 3539 4165 3539 4168 224 4167 224 4165 224 4135 3540 4168 3540 4165 3540 4137 224 4135 224 4139 224 4135 3541 4165 3541 4139 3541 4138 224 4137 224 4139 224 4140 224 4139 224 4141 224 4163 224 4162 224 4161 224 4139 3542 4165 3542 4160 3542 4141 224 4139 224 4160 224 4163 224 4161 224 4160 224 4164 224 4163 224 4160 224 4165 3543 4164 3543 4160 3543 4143 224 4142 224 4144 224 4141 3544 4160 3544 4158 3544 4144 224 4142 224 4158 224 4142 3545 4141 3545 4158 3545 4160 224 4159 224 4158 224 4145 3546 4144 3546 4146 3546 4144 3547 4158 3547 4147 3547 4146 3548 4144 3548 4147 3548 4147 224 4158 224 4148 224 4157 224 4156 224 4155 224 4158 224 4157 224 4155 224 4148 3549 4158 3549 4149 3549 4149 224 4158 224 4154 224 4158 224 4155 224 4154 224 4149 3550 4154 3550 4150 3550 4150 224 4154 224 4152 224 4151 224 4150 224 4152 224 4154 3551 4153 3551 4152 3551 4172 269 4171 269 4170 269 4172 3552 4173 3552 4171 3552 4176 269 4175 269 4174 269 4176 269 4177 269 4175 269 4178 269 4173 269 4172 269 4178 3553 4179 3553 4173 3553 4180 269 4176 269 4174 269 4181 269 4179 269 4178 269 4181 3554 4182 3554 4179 3554 4184 3555 4174 3555 4183 3555 4184 269 4180 269 4174 269 4185 269 4182 269 4181 269 4187 3556 4183 3556 4186 3556 4187 3557 4184 3557 4183 3557 4189 3558 4188 3558 4182 3558 4189 3559 4182 3559 4185 3559 4191 3560 4186 3560 4190 3560 4191 269 4187 269 4186 269 4193 3561 4192 3561 4188 3561 4193 3562 4188 3562 4189 3562 4194 3563 4191 3563 4190 3563 4195 269 4192 269 4193 269 4195 269 4196 269 4192 269 4198 3564 4190 3564 4197 3564 4201 3565 4200 3565 4199 3565 4198 3566 4194 3566 4190 3566 4204 3567 4203 3567 4202 3567 4204 3568 4199 3568 4203 3568 4204 269 4201 269 4199 269 4205 269 4196 269 4195 269 4206 269 4198 269 4197 269 4208 3569 4207 3569 4200 3569 4206 3570 4197 3570 4209 3570 4208 269 4200 269 4201 269 4211 3571 4202 3571 4210 3571 4211 3572 4204 3572 4202 3572 4213 3573 4212 3573 4207 3573 4213 3574 4214 3574 4212 3574 4215 3575 4196 3575 4205 3575 4213 3576 4207 3576 4208 3576 4215 269 4216 269 4196 269 4218 3577 4210 3577 4217 3577 4220 3578 4209 3578 4219 3578 4218 269 4211 269 4210 269 4220 269 4206 269 4209 269 4221 269 4216 269 4215 269 4223 3579 4222 3579 4214 3579 4221 3580 4224 3580 4216 3580 4225 269 4220 269 4219 269 4223 269 4214 269 4213 269 4227 3581 4217 3581 4226 3581 4227 3582 4218 3582 4217 3582 4228 3583 4224 3583 4221 3583 4228 3584 4229 3584 4224 3584 4230 269 4225 269 4219 269 4230 3585 4219 3585 4231 3585 4227 3586 4226 3586 4232 3586 4234 3587 4233 3587 4222 3587 4234 269 4222 269 4223 269 4235 269 4229 269 4228 269 4236 3588 4227 3588 4232 3588 4238 269 4231 269 4237 269 4238 269 4230 269 4231 269 4236 3589 4232 3589 4239 3589 4241 3590 4240 3590 4233 3590 4241 3591 4242 3591 4240 3591 4244 269 4243 269 4229 269 4244 269 4229 269 4235 269 4241 3592 4233 3592 4234 3592 4246 3593 4237 3593 4245 3593 4246 269 4238 269 4237 269 4247 269 4236 269 4239 269 4248 3594 4243 3594 4244 3594 4247 3595 4239 3595 4249 3595 4251 3596 4250 3596 4242 3596 4251 3597 4242 3597 4241 3597 4248 3580 4252 3580 4243 3580 4253 269 4246 269 4245 269 4254 269 4247 269 4249 269 4256 269 4255 269 4252 269 4256 3598 4252 3598 4248 3598 4258 3599 4245 3599 4257 3599 4254 3600 4260 3600 4259 3600 4254 3601 4249 3601 4260 3601 4258 269 4253 269 4245 269 4261 269 4250 269 4251 269 4261 3602 4262 3602 4250 3602 4263 269 4254 269 4259 269 4264 3603 4255 3603 4256 3603 4266 3604 4257 3604 4265 3604 4263 3605 4259 3605 4267 3605 4266 269 4258 269 4257 269 4268 269 4262 269 4261 269 4268 3606 4269 3606 4262 3606 4268 3607 4270 3607 4269 3607 4272 269 4271 269 4255 269 4273 3608 4263 3608 4267 3608 4272 3609 4255 3609 4264 3609 4275 3610 4265 3610 4274 3610 4275 269 4266 269 4265 269 4273 3611 4267 3611 4276 3611 4278 3612 4277 3612 4271 3612 4278 3613 4271 3613 4272 3613 4280 269 4279 269 4270 269 4280 269 4270 269 4268 269 4281 269 4273 269 4276 269 4282 3614 4275 3614 4274 3614 4281 3615 4284 3615 4283 3615 4281 3616 4276 3616 4284 3616 4286 3617 4285 3617 4277 3617 4286 3618 4277 3618 4278 3618 4287 3619 4282 3619 4274 3619 4289 3620 4288 3620 4279 3620 4287 3621 4274 3621 4290 3621 4289 3622 4279 3622 4280 3622 4291 3623 4281 3623 4283 3623 4291 3624 4283 3624 4292 3624 4293 3625 4285 3625 4286 3625 4294 269 4287 269 4290 269 4294 3626 4290 3626 4295 3626 4298 269 4297 269 4296 269 4298 269 4296 269 4288 269 4298 3627 4288 3627 4289 3627 4300 3554 4299 3554 4285 3554 4301 269 4291 269 4292 269 4300 269 4285 269 4293 269 4303 3628 4295 3628 4302 3628 4301 3629 4292 3629 4304 3629 4303 3630 4294 3630 4295 3630 4306 3631 4305 3631 4297 3631 4307 269 4299 269 4300 269 4307 3632 4308 3632 4299 3632 4306 269 4297 269 4298 269 4309 269 4303 269 4302 269 4310 269 4308 269 4307 269 4311 3633 4301 3633 4304 3633 4310 269 4312 269 4308 269 4314 269 4302 269 4313 269 4311 3634 4316 3634 4315 3634 4311 3635 4304 3635 4316 3635 4318 269 4317 269 4305 269 4314 269 4309 269 4302 269 4319 269 4312 269 4310 269 4320 269 4314 269 4313 269 4318 3636 4305 3636 4306 3636 4321 269 4311 269 4315 269 4320 3637 4313 3637 4322 3637 4323 3638 4312 3638 4319 3638 4321 3639 4315 3639 4324 3639 4323 3640 4325 3640 4312 3640 4326 3641 4320 3641 4322 3641 4326 3642 4322 3642 4327 3642 4329 3643 4328 3643 4317 3643 4329 3606 4330 3606 4328 3606 4331 3644 4325 3644 4323 3644 4331 3645 4332 3645 4325 3645 4329 269 4317 269 4318 269 4333 3646 4326 3646 4327 3646 4334 3647 4321 3647 4324 3647 4335 269 4332 269 4331 269 4335 269 4333 269 4327 269 4335 269 4327 269 4332 269 4334 3648 4324 3648 4336 3648 4338 3602 4337 3602 4330 3602 4338 269 4330 269 4329 269 4339 269 4334 269 4336 269 4339 3649 4341 3649 4340 3649 4339 3650 4336 3650 4341 3650 4343 3651 4342 3651 4337 3651 4343 269 4337 269 4338 269 4344 269 4339 269 4340 269 4344 3652 4340 3652 4345 3652 4347 3591 4346 3591 4342 3591 4347 3590 4348 3590 4346 3590 4347 3653 4342 3653 4343 3653 4350 3654 4345 3654 4349 3654 4350 269 4344 269 4345 269 4352 3587 4351 3587 4348 3587 4352 3592 4348 3592 4347 3592 4355 3655 4354 3655 4353 3655 4355 3656 4349 3656 4354 3656 4355 3657 4350 3657 4349 3657 4357 3658 4356 3658 4351 3658 4357 3659 4351 3659 4352 3659 4359 3660 4353 3660 4358 3660 4359 3661 4355 3661 4353 3661 4361 269 4360 269 4356 269 4361 3662 4362 3662 4360 3662 4361 269 4356 269 4357 269 4364 3663 4358 3663 4363 3663 4364 269 4359 269 4358 269 4365 269 4362 269 4361 269 4365 3664 4366 3664 4362 3664 4367 3665 4364 3665 4363 3665 4367 3666 4363 3666 4368 3666 4369 269 4366 269 4365 269 4370 269 4367 269 4368 269 4371 269 4366 269 4369 269 4372 269 4367 269 4370 269 4373 269 4371 269 4369 269 4374 269 4372 269 4370 269 4374 3645 4375 3645 4372 3645 4376 269 4371 269 4373 269 4377 3667 4375 3667 4374 3667 4377 3668 4171 3668 4375 3668 4379 3669 4373 3669 4378 3669 4379 3670 4376 3670 4373 3670 4170 269 4171 269 4377 269 4177 3671 4378 3671 4175 3671 4177 3672 4379 3672 4378 3672 4380 221 4283 221 4284 221 4380 220 4381 220 4283 220 4382 222 4284 222 4276 222 4382 223 4380 223 4284 223 4383 0 4276 0 4267 0 4383 1 4382 1 4276 1 4384 6 4296 6 4297 6 4384 4 4385 4 4296 4 4386 2 4267 2 4259 2 4386 3 4383 3 4267 3 4387 7 4297 7 4305 7 4387 334 4305 334 4317 334 4387 7 4384 7 4297 7 4388 5 4259 5 4260 5 4388 8 4386 8 4259 8 4389 14 4317 14 4328 14 4389 335 4387 335 4317 335 4390 9 4260 9 4249 9 4390 10 4388 10 4260 10 4391 21 4328 21 4330 21 4391 18 4389 18 4328 18 4392 11 4249 11 4239 11 4392 15 4390 15 4249 15 4393 25 4330 25 4337 25 4393 21 4391 21 4330 21 4394 336 4239 336 4232 336 4394 337 4392 337 4239 337 4395 30 4337 30 4342 30 4395 23 4393 23 4337 23 4396 19 4232 19 4226 19 4396 22 4394 22 4232 22 4397 29 4342 29 4346 29 4397 28 4395 28 4342 28 4398 24 4226 24 4217 24 4398 20 4396 20 4226 20 4399 37 4346 37 4348 37 4399 34 4397 34 4346 34 4400 26 4217 26 4210 26 4400 27 4398 27 4217 27 4401 338 4348 338 4351 338 4401 35 4399 35 4348 35 4402 31 4210 31 4202 31 4402 33 4400 33 4210 33 4403 339 4401 339 4351 339 4404 32 4202 32 4203 32 4404 32 4402 32 4202 32 4405 43 4351 43 4356 43 4406 36 4203 36 4199 36 4405 46 4403 46 4351 46 4406 38 4404 38 4203 38 4407 48 4356 48 4360 48 4408 40 4199 40 4200 40 4408 340 4200 340 4207 340 4407 49 4405 49 4356 49 4408 42 4406 42 4199 42 4409 341 4408 341 4207 341 4410 51 4360 51 4362 51 4410 53 4407 53 4360 53 4411 45 4207 45 4212 45 4411 52 4212 52 4214 52 4412 56 4410 56 4362 56 4412 58 4362 58 4366 58 4411 45 4409 45 4207 45 4413 50 4411 50 4214 50 4414 60 4412 60 4366 60 4414 61 4366 61 4371 61 4415 54 4214 54 4222 54 4415 55 4222 55 4233 55 4415 57 4413 57 4214 57 4416 65 4414 65 4371 65 4416 66 4371 66 4376 66 4417 64 4233 64 4240 64 4417 59 4415 59 4233 59 4418 68 4416 68 4376 68 4418 68 4376 68 4379 68 4419 63 4240 63 4242 63 4419 62 4417 62 4240 62 4420 70 4242 70 4250 70 4421 71 4418 71 4379 71 4421 73 4379 73 4177 73 4420 67 4419 67 4242 67 4422 74 4250 74 4262 74 4423 76 4421 76 4177 76 4423 77 4177 77 4176 77 4422 69 4420 69 4250 69 4424 72 4422 72 4262 72 4424 75 4262 75 4269 75 4425 79 4423 79 4176 79 4425 81 4176 81 4180 81 4426 75 4424 75 4269 75 4426 78 4269 78 4270 78 4427 85 4425 85 4180 85 4427 86 4180 86 4184 86 4428 80 4426 80 4270 80 4428 342 4270 342 4279 342 4429 90 4427 90 4184 90 4429 91 4184 91 4187 91 4430 343 4428 343 4279 343 4431 87 4430 87 4279 87 4431 84 4279 84 4288 84 4432 92 4429 92 4187 92 4432 93 4187 93 4191 93 4385 88 4431 88 4288 88 4385 89 4288 89 4296 89 4433 94 4432 94 4191 94 4433 95 4191 95 4194 95 4434 97 4194 97 4198 97 4434 96 4433 96 4194 96 4435 98 4198 98 4206 98 4435 99 4434 99 4198 99 4436 100 4206 100 4220 100 4436 101 4435 101 4206 101 4437 102 4220 102 4225 102 4437 103 4436 103 4220 103 4438 104 4225 104 4230 104 4438 105 4437 105 4225 105 4439 106 4230 106 4238 106 4439 106 4438 106 4230 106 4440 107 4238 107 4246 107 4440 107 4439 107 4238 107 4441 108 4246 108 4253 108 4441 110 4440 110 4246 110 4442 111 4253 111 4258 111 4442 109 4441 109 4253 109 4443 112 4258 112 4266 112 4443 113 4442 113 4258 113 4444 114 4266 114 4275 114 4444 115 4443 115 4266 115 4445 116 4275 116 4282 116 4445 117 4444 117 4275 117 4446 118 4282 118 4287 118 4446 119 4445 119 4282 119 4447 120 4287 120 4294 120 4447 121 4446 121 4287 121 4448 122 4294 122 4303 122 4448 123 4447 123 4294 123 4449 124 4448 124 4303 124 4449 125 4303 125 4309 125 4450 126 4449 126 4309 126 4450 127 4309 127 4314 127 4451 128 4450 128 4314 128 4451 129 4314 129 4320 129 4452 130 4451 130 4320 130 4452 131 4320 131 4326 131 4453 132 4452 132 4326 132 4453 132 4326 132 4333 132 4454 133 4453 133 4333 133 4454 134 4333 134 4335 134 4455 135 4454 135 4335 135 4455 136 4335 136 4331 136 4456 137 4455 137 4331 137 4456 138 4331 138 4323 138 4457 139 4456 139 4323 139 4457 140 4323 140 4319 140 4458 141 4457 141 4319 141 4458 142 4319 142 4310 142 4459 143 4458 143 4310 143 4459 144 4310 144 4307 144 4460 145 4459 145 4307 145 4460 146 4307 146 4300 146 4461 147 4460 147 4300 147 4461 148 4300 148 4293 148 4462 149 4461 149 4293 149 4462 150 4293 150 4286 150 4463 151 4462 151 4286 151 4463 152 4286 152 4278 152 4464 153 4463 153 4278 153 4464 154 4278 154 4272 154 4465 155 4464 155 4272 155 4465 155 4272 155 4264 155 4466 344 4465 344 4264 344 4466 345 4264 345 4256 345 4467 346 4466 346 4256 346 4467 347 4256 347 4248 347 4468 160 4467 160 4248 160 4468 160 4248 160 4244 160 4469 348 4244 348 4235 348 4469 349 4468 349 4244 349 4470 163 4235 163 4228 163 4470 164 4469 164 4235 164 4471 165 4228 165 4221 165 4471 167 4470 167 4228 167 4472 350 4221 350 4215 350 4472 351 4471 351 4221 351 4473 170 4215 170 4205 170 4473 168 4472 168 4215 168 4474 171 4473 171 4205 171 4474 171 4205 171 4195 171 4475 172 4474 172 4195 172 4475 173 4195 173 4193 173 4476 174 4475 174 4193 174 4476 175 4193 175 4189 175 4477 176 4476 176 4189 176 4477 177 4189 177 4185 177 4478 178 4477 178 4185 178 4478 179 4185 179 4181 179 4479 180 4478 180 4181 180 4479 181 4181 181 4178 181 4480 182 4479 182 4178 182 4480 183 4178 183 4172 183 4481 184 4480 184 4172 184 4481 185 4172 185 4170 185 4482 186 4481 186 4170 186 4482 186 4170 186 4377 186 4483 352 4482 352 4377 352 4483 353 4377 353 4374 353 4484 189 4483 189 4374 189 4484 190 4374 190 4370 190 4485 191 4484 191 4370 191 4485 192 4370 192 4368 192 4486 193 4485 193 4368 193 4486 193 4368 193 4363 193 4487 194 4486 194 4363 194 4487 195 4363 195 4358 195 4488 196 4487 196 4358 196 4488 197 4358 197 4353 197 4489 199 4488 199 4353 199 4489 198 4353 198 4354 198 4490 200 4354 200 4349 200 4490 201 4489 201 4354 201 4491 202 4349 202 4345 202 4491 203 4490 203 4349 203 4492 204 4345 204 4340 204 4492 205 4491 205 4345 205 4493 206 4340 206 4341 206 4493 208 4492 208 4340 208 4494 209 4341 209 4336 209 4494 207 4493 207 4341 207 4495 210 4336 210 4324 210 4495 212 4494 212 4336 212 4496 354 4324 354 4315 354 4496 355 4495 355 4324 355 4497 215 4315 215 4316 215 4497 213 4496 213 4315 213 4498 216 4316 216 4304 216 4498 217 4497 217 4316 217 4499 218 4498 218 4304 218 4499 218 4304 218 4292 218 4381 219 4499 219 4292 219 4381 219 4292 219 4283 219 4298 1766 4501 1766 4500 1766 4306 1767 4500 1767 4502 1767 4306 1768 4298 1768 4500 1768 4318 1769 4502 1769 4503 1769 4318 1770 4306 1770 4502 1770 4329 1771 4318 1771 4503 1771 4338 1772 4503 1772 4504 1772 4338 1773 4504 1773 4505 1773 4338 1774 4329 1774 4503 1774 4343 1775 4338 1775 4505 1775 4347 1776 4343 1776 4505 1776 4347 1777 4505 1777 4506 1777 4352 1778 4347 1778 4506 1778 4352 1779 4506 1779 4507 1779 4357 1782 4352 1782 4507 1782 4357 1780 4507 1780 4508 1780 4357 1781 4508 1781 4509 1781 4361 1783 4357 1783 4509 1783 4365 1784 4509 1784 4510 1784 4365 1785 4361 1785 4509 1785 4369 1786 4510 1786 4511 1786 4369 1787 4365 1787 4510 1787 4373 1788 4511 1788 4512 1788 4373 1788 4369 1788 4511 1788 4378 1789 4512 1789 4513 1789 4378 1790 4373 1790 4512 1790 4175 1791 4513 1791 4514 1791 4175 1792 4378 1792 4513 1792 4174 1793 4514 1793 4515 1793 4174 1793 4175 1793 4514 1793 4183 1794 4515 1794 4516 1794 4183 1795 4516 1795 4517 1795 4183 1796 4174 1796 4515 1796 4186 1797 4183 1797 4517 1797 4190 1798 4517 1798 4518 1798 4190 1799 4186 1799 4517 1799 4197 1800 4518 1800 4519 1800 4197 1801 4519 1801 4520 1801 4197 1802 4190 1802 4518 1802 4209 1803 4197 1803 4520 1803 4219 1804 4520 1804 4521 1804 4219 1804 4209 1804 4520 1804 4231 1805 4521 1805 4522 1805 4231 1806 4219 1806 4521 1806 4237 807 4522 807 4523 807 4237 1807 4523 1807 4524 1807 4237 807 4231 807 4522 807 4245 1808 4237 1808 4524 1808 4257 1809 4524 1809 4525 1809 4257 1809 4245 1809 4524 1809 4265 1810 4525 1810 4526 1810 4265 1811 4257 1811 4525 1811 4274 1812 4526 1812 4527 1812 4274 1813 4265 1813 4526 1813 4290 1814 4527 1814 4528 1814 4290 1815 4274 1815 4527 1815 4295 1816 4290 1816 4528 1816 4295 1817 4528 1817 4529 1817 4302 1818 4295 1818 4529 1818 4302 1819 4529 1819 4530 1819 4302 1820 4530 1820 4531 1820 4313 1820 4302 1820 4531 1820 4322 1821 4313 1821 4531 1821 4322 1822 4531 1822 4532 1822 4327 1823 4322 1823 4532 1823 4327 1824 4532 1824 4533 1824 4332 1825 4327 1825 4533 1825 4332 1825 4533 1825 4534 1825 4325 1827 4534 1827 4535 1827 4325 1826 4332 1826 4534 1826 4312 1829 4535 1829 4536 1829 4312 1828 4325 1828 4535 1828 4308 1831 4536 1831 4537 1831 4308 1832 4537 1832 4538 1832 4308 1830 4312 1830 4536 1830 4299 1833 4308 1833 4538 1833 4285 1834 4538 1834 4539 1834 4285 1835 4299 1835 4538 1835 4277 1836 4539 1836 4540 1836 4277 1837 4285 1837 4539 1837 4271 1838 4540 1838 4541 1838 4271 1839 4277 1839 4540 1839 4255 1840 4541 1840 4542 1840 4255 1841 4271 1841 4541 1841 4252 1842 4542 1842 4543 1842 4252 1843 4543 1843 4544 1843 4252 1844 4255 1844 4542 1844 4243 1845 4544 1845 4545 1845 4243 1846 4252 1846 4544 1846 4229 1847 4243 1847 4545 1847 4224 1848 4545 1848 4546 1848 4224 1849 4229 1849 4545 1849 4216 1850 4546 1850 4547 1850 4216 1851 4224 1851 4546 1851 4196 1852 4547 1852 4548 1852 4196 1853 4216 1853 4547 1853 4192 1854 4548 1854 4549 1854 4192 1855 4196 1855 4548 1855 4188 1856 4549 1856 4550 1856 4188 1857 4192 1857 4549 1857 4182 1858 4550 1858 4551 1858 4182 1859 4188 1859 4550 1859 4179 1860 4551 1860 4552 1860 4179 1861 4552 1861 4553 1861 4179 1862 4182 1862 4551 1862 4173 1863 4179 1863 4553 1863 4171 1864 4173 1864 4553 1864 4171 1864 4553 1864 4554 1864 4375 1865 4171 1865 4554 1865 4375 1866 4554 1866 4555 1866 4372 1867 4375 1867 4555 1867 4372 1868 4555 1868 4556 1868 4367 1869 4372 1869 4556 1869 4367 1869 4556 1869 4557 1869 4364 1870 4367 1870 4557 1870 4364 1871 4557 1871 4558 1871 4359 1872 4364 1872 4558 1872 4359 1873 4558 1873 4559 1873 4355 1874 4359 1874 4559 1874 4355 1874 4559 1874 4560 1874 4350 1875 4355 1875 4560 1875 4350 1876 4560 1876 4561 1876 4344 1877 4350 1877 4561 1877 4344 1878 4561 1878 4562 1878 4339 1879 4344 1879 4562 1879 4339 1880 4562 1880 4563 1880 4334 1881 4339 1881 4563 1881 4334 1882 4563 1882 4564 1882 4321 1883 4334 1883 4564 1883 4321 1884 4564 1884 4565 1884 4321 1885 4565 1885 4566 1885 4311 1885 4321 1885 4566 1885 4301 1886 4311 1886 4566 1886 4301 1887 4566 1887 4567 1887 4291 1699 4301 1699 4567 1699 4291 1699 4567 1699 4568 1699 4281 1888 4291 1888 4568 1888 4281 1889 4568 1889 4569 1889 4273 1890 4569 1890 4570 1890 4273 1890 4281 1890 4569 1890 4263 1892 4570 1892 4571 1892 4263 1891 4273 1891 4570 1891 4254 1894 4571 1894 4572 1894 4254 1893 4263 1893 4571 1893 4247 1896 4572 1896 4573 1896 4247 1895 4254 1895 4572 1895 4236 1897 4573 1897 4574 1897 4236 1898 4247 1898 4573 1898 4227 1899 4574 1899 4575 1899 4227 1900 4236 1900 4574 1900 4218 1901 4575 1901 4576 1901 4218 1901 4227 1901 4575 1901 4211 1902 4576 1902 4577 1902 4211 1903 4218 1903 4576 1903 4204 1904 4577 1904 4578 1904 4204 1905 4211 1905 4577 1905 4201 1906 4578 1906 4579 1906 4201 1907 4579 1907 4580 1907 4201 1906 4204 1906 4578 1906 4208 1908 4201 1908 4580 1908 4213 1909 4208 1909 4580 1909 4213 1910 4580 1910 4581 1910 4223 1911 4213 1911 4581 1911 4223 1911 4581 1911 4582 1911 4234 1912 4223 1912 4582 1912 4234 1913 4582 1913 4583 1913 4241 1914 4234 1914 4583 1914 4241 1915 4583 1915 4584 1915 4251 1916 4241 1916 4584 1916 4251 1917 4584 1917 4585 1917 4261 1918 4251 1918 4585 1918 4261 1919 4585 1919 4586 1919 4268 1920 4261 1920 4586 1920 4268 1921 4586 1921 4587 1921 4280 1922 4268 1922 4587 1922 4280 1923 4587 1923 4588 1923 4280 1924 4588 1924 4589 1924 4289 1925 4280 1925 4589 1925 4289 1926 4589 1926 4501 1926 4298 1927 4289 1927 4501 1927 4435 356 4591 356 4590 356 4435 357 4590 357 4592 357 4435 356 4436 356 4591 356 4434 358 4435 358 4592 358 4433 359 4592 359 4593 359 4433 360 4434 360 4592 360 4431 361 4595 361 4594 361 4431 362 4385 362 4595 362 4432 363 4593 363 4596 363 4432 364 4596 364 4597 364 4432 365 4433 365 4593 365 4430 366 4594 366 4598 366 4430 367 4431 367 4594 367 4429 368 4432 368 4597 368 4428 369 4598 369 4599 369 4428 370 4430 370 4598 370 4427 371 4597 371 4600 371 4427 372 4600 372 4601 372 4427 373 4429 373 4597 373 4426 374 4599 374 4602 374 4426 375 4602 375 4603 375 4425 376 4427 376 4601 376 4426 377 4428 377 4599 377 4424 378 4603 378 4604 378 4423 379 4601 379 4605 379 4424 380 4426 380 4603 380 4423 379 4425 379 4601 379 4422 381 4604 381 4606 381 4421 382 4605 382 4607 382 4421 383 4607 383 4608 383 4422 384 4424 384 4604 384 4421 385 4423 385 4605 385 4420 386 4422 386 4606 386 4418 383 4421 383 4608 383 4416 387 4608 387 4609 387 4419 388 4606 388 4610 388 4419 389 4420 389 4606 389 4416 390 4418 390 4608 390 4414 391 4609 391 4611 391 4414 392 4611 392 4612 392 4417 393 4610 393 4613 393 4417 394 4613 394 4614 394 4414 395 4416 395 4609 395 4417 396 4419 396 4610 396 4412 397 4612 397 4615 397 4415 398 4614 398 4616 398 4412 399 4414 399 4612 399 4415 400 4417 400 4614 400 4410 401 4412 401 4615 401 4413 402 4616 402 4617 402 4413 403 4415 403 4616 403 4407 404 4615 404 4618 404 4407 404 4410 404 4615 404 4411 405 4413 405 4617 405 4405 406 4618 406 4619 406 4405 407 4407 407 4618 407 4409 408 4617 408 4620 408 4409 408 4411 408 4617 408 4403 409 4619 409 4621 409 4403 410 4621 410 4622 410 4403 411 4405 411 4619 411 4408 412 4409 412 4620 412 4408 413 4620 413 4623 413 4401 414 4403 414 4622 414 4406 415 4408 415 4623 415 4399 416 4622 416 4624 416 4406 417 4623 417 4625 417 4399 418 4401 418 4622 418 4397 419 4624 419 4626 419 4404 420 4406 420 4625 420 4397 421 4626 421 4627 421 4404 422 4625 422 4628 422 4397 423 4399 423 4624 423 4395 424 4627 424 4629 424 4402 425 4404 425 4628 425 4402 426 4628 426 4630 426 4395 427 4397 427 4627 427 4393 428 4395 428 4629 428 4400 429 4402 429 4630 429 4400 430 4630 430 4631 430 4391 431 4393 431 4629 431 4391 432 4629 432 4632 432 4398 26 4400 26 4631 26 4398 433 4631 433 4633 433 4389 434 4391 434 4632 434 4389 435 4632 435 4634 435 4389 436 4634 436 4635 436 4396 437 4398 437 4633 437 4396 437 4633 437 4636 437 4387 438 4389 438 4635 438 4394 439 4396 439 4636 439 4384 440 4387 440 4635 440 4394 441 4636 441 4637 441 4384 442 4635 442 4638 442 4384 443 4638 443 4595 443 4385 444 4384 444 4595 444 4392 445 4394 445 4637 445 4392 446 4637 446 4639 446 4390 447 4392 447 4639 447 4390 448 4639 448 4640 448 4388 449 4390 449 4640 449 4388 450 4640 450 4641 450 4386 8 4641 8 4642 8 4386 451 4388 451 4641 451 4383 452 4642 452 4643 452 4383 453 4386 453 4642 453 4383 454 4643 454 4644 454 4382 454 4383 454 4644 454 4380 455 4644 455 4645 455 4380 456 4382 456 4644 456 4381 457 4645 457 4646 457 4381 458 4380 458 4645 458 4499 459 4646 459 4647 459 4499 459 4381 459 4646 459 4498 460 4647 460 4648 460 4498 461 4648 461 4649 461 4498 460 4499 460 4647 460 4497 462 4498 462 4649 462 4496 463 4649 463 4650 463 4496 464 4650 464 4651 464 4496 463 4497 463 4649 463 4495 464 4496 464 4651 464 4494 465 4651 465 4652 465 4494 466 4495 466 4651 466 4493 467 4652 467 4653 467 4493 468 4653 468 4654 468 4493 469 4494 469 4652 469 4492 470 4493 470 4654 470 4491 471 4654 471 4655 471 4491 472 4492 472 4654 472 4490 473 4655 473 4656 473 4490 474 4491 474 4655 474 4489 475 4490 475 4656 475 4489 476 4656 476 4657 476 4488 477 4489 477 4657 477 4488 477 4657 477 4658 477 4487 196 4488 196 4658 196 4487 478 4658 478 4659 478 4487 479 4659 479 4660 479 4486 480 4487 480 4660 480 4485 481 4486 481 4660 481 4485 482 4660 482 4661 482 4484 483 4485 483 4661 483 4484 484 4661 484 4662 484 4483 485 4484 485 4662 485 4483 486 4662 486 4663 486 4483 487 4663 487 4664 487 4482 488 4483 488 4664 488 4481 489 4482 489 4664 489 4481 489 4664 489 4665 489 4480 490 4481 490 4665 490 4480 491 4665 491 4666 491 4480 492 4666 492 4667 492 4479 493 4480 493 4667 493 4478 494 4479 494 4667 494 4478 495 4667 495 4668 495 4477 496 4478 496 4668 496 4477 497 4668 497 4669 497 4476 498 4477 498 4669 498 4476 499 4669 499 4670 499 4475 500 4476 500 4670 500 4475 501 4670 501 4671 501 4474 502 4475 502 4671 502 4474 503 4671 503 4672 503 4474 504 4672 504 4673 504 4473 505 4474 505 4673 505 4472 506 4473 506 4673 506 4472 507 4673 507 4674 507 4471 508 4472 508 4674 508 4471 509 4674 509 4675 509 4470 510 4471 510 4675 510 4470 511 4675 511 4676 511 4470 512 4676 512 4677 512 4469 513 4470 513 4677 513 4468 514 4677 514 4678 514 4468 515 4469 515 4677 515 4467 516 4678 516 4679 516 4467 517 4468 517 4678 517 4466 518 4679 518 4680 518 4466 519 4467 519 4679 519 4465 520 4680 520 4681 520 4465 521 4681 521 4682 521 4465 522 4466 522 4680 522 4464 523 4465 523 4682 523 4463 524 4464 524 4682 524 4463 525 4682 525 4683 525 4462 526 4463 526 4683 526 4462 527 4683 527 4684 527 4461 528 4462 528 4684 528 4461 529 4684 529 4685 529 4460 530 4461 530 4685 530 4460 531 4685 531 4686 531 4460 532 4686 532 4687 532 4459 533 4460 533 4687 533 4458 534 4459 534 4687 534 4458 535 4687 535 4688 535 4457 536 4458 536 4688 536 4457 537 4688 537 4689 537 4456 538 4457 538 4689 538 4456 538 4689 538 4690 538 4456 539 4690 539 4691 539 4455 540 4456 540 4691 540 4454 541 4455 541 4691 541 4454 542 4691 542 4692 542 4453 543 4454 543 4692 543 4453 544 4692 544 4693 544 4452 545 4453 545 4693 545 4452 546 4693 546 4694 546 4452 547 4694 547 4695 547 4451 547 4452 547 4695 547 4451 548 4695 548 4696 548 4450 549 4451 549 4696 549 4449 550 4450 550 4696 550 4449 550 4696 550 4697 550 4448 551 4697 551 4698 551 4448 552 4698 552 4699 552 4448 553 4449 553 4697 553 4447 554 4448 554 4699 554 4446 555 4699 555 4700 555 4446 556 4447 556 4699 556 4445 557 4700 557 4701 557 4445 558 4446 558 4700 558 4444 117 4701 117 4702 117 4444 559 4702 559 4703 559 4444 560 4445 560 4701 560 4443 561 4703 561 4704 561 4443 562 4444 562 4703 562 4442 561 4443 561 4704 561 4441 563 4704 563 4705 563 4441 564 4442 564 4704 564 4440 565 4705 565 4706 565 4440 566 4706 566 4707 566 4440 567 4441 567 4705 567 4439 566 4440 566 4707 566 4438 568 4707 568 4708 568 4438 568 4439 568 4707 568 4437 569 4708 569 4709 569 4437 570 4438 570 4708 570 4437 571 4709 571 4591 571 4436 572 4437 572 4591 572 4515 1487 4711 1487 4710 1487 4713 224 4553 224 4712 224 4553 224 4552 224 4712 224 4516 224 4515 224 4714 224 4515 1488 4710 1488 4714 1488 4712 224 4552 224 4715 224 4552 224 4551 224 4715 224 4517 224 4516 224 4716 224 4516 1489 4714 1489 4716 1489 4715 1490 4551 1490 4717 1490 4518 1491 4517 1491 4718 1491 4517 1492 4716 1492 4718 1492 4551 224 4550 224 4719 224 4717 1493 4551 1493 4719 1493 4518 1494 4718 1494 4720 1494 4550 224 4549 224 4721 224 4719 224 4550 224 4721 224 4518 1495 4720 1495 4722 1495 4519 224 4518 224 4722 224 4721 224 4549 224 4723 224 4549 224 4548 224 4723 224 4725 1496 4724 1496 4579 1496 4520 224 4519 224 4726 224 4519 1497 4722 1497 4726 1497 4727 224 4725 224 4578 224 4723 224 4548 224 4728 224 4729 224 4727 224 4578 224 4725 1498 4579 1498 4578 1498 4724 224 4730 224 4580 224 4579 224 4724 224 4580 224 4731 224 4729 224 4577 224 4729 1499 4578 1499 4577 1499 4520 1500 4726 1500 4732 1500 4521 224 4520 224 4732 224 4728 1501 4548 1501 4733 1501 4735 224 4734 224 4581 224 4730 224 4735 224 4581 224 4580 224 4730 224 4581 224 4548 224 4547 224 4733 224 4521 1502 4732 1502 4736 1502 4737 224 4731 224 4576 224 4731 1503 4577 1503 4576 1503 4733 1504 4547 1504 4738 1504 4547 1505 4546 1505 4738 1505 4522 224 4521 224 4739 224 4734 224 4740 224 4582 224 4581 224 4734 224 4582 224 4521 1506 4736 1506 4739 1506 4741 224 4737 224 4575 224 4742 1507 4741 1507 4575 1507 4738 1508 4546 1508 4743 1508 4546 1509 4545 1509 4743 1509 4737 1510 4576 1510 4575 1510 4523 224 4522 224 4744 224 4522 1511 4739 1511 4744 1511 4740 224 4745 224 4583 224 4582 224 4740 224 4583 224 4743 224 4545 224 4746 224 4524 1512 4523 1512 4747 1512 4748 1513 4742 1513 4574 1513 4523 1514 4744 1514 4747 1514 4742 1515 4575 1515 4574 1515 4750 1516 4749 1516 4584 1516 4745 1517 4750 1517 4584 1517 4545 1518 4544 1518 4751 1518 4746 224 4545 224 4751 224 4583 224 4745 224 4584 224 4752 224 4748 224 4573 224 4524 1519 4747 1519 4753 1519 4748 1520 4574 1520 4573 1520 4544 1521 4543 1521 4754 1521 4751 1522 4544 1522 4754 1522 4749 224 4755 224 4585 224 4525 224 4524 224 4756 224 4584 224 4749 224 4585 224 4757 1523 4752 1523 4572 1523 4758 1524 4757 1524 4572 1524 4524 1525 4753 1525 4756 1525 4752 1526 4573 1526 4572 1526 4754 1527 4543 1527 4759 1527 4543 224 4542 224 4759 224 4525 1528 4756 1528 4760 1528 4755 224 4761 224 4586 224 4526 224 4525 224 4760 224 4585 224 4755 224 4586 224 4759 224 4542 224 4762 224 4763 224 4758 224 4571 224 4758 1529 4572 1529 4571 1529 4527 224 4526 224 4764 224 4526 1530 4760 1530 4764 1530 4766 1531 4765 1531 4587 1531 4761 224 4766 224 4587 224 4762 224 4542 224 4767 224 4542 224 4541 224 4767 224 4586 224 4761 224 4587 224 4763 1532 4571 1532 4570 1532 4768 224 4763 224 4570 224 4527 1533 4764 1533 4769 1533 4765 1534 4770 1534 4588 1534 4587 224 4765 224 4588 224 4541 1535 4540 1535 4771 1535 4767 224 4541 224 4771 224 4528 1536 4527 1536 4772 1536 4527 1537 4769 1537 4772 1537 4768 1538 4570 1538 4569 1538 4773 224 4768 224 4569 224 4774 224 4773 224 4569 224 4540 224 4539 224 4775 224 4771 224 4540 224 4775 224 4529 224 4528 224 4776 224 4770 1539 4777 1539 4589 1539 4528 1540 4772 1540 4776 1540 4588 1541 4770 1541 4589 1541 4774 1542 4569 1542 4568 1542 4778 224 4774 224 4568 224 4775 224 4539 224 4779 224 4529 1543 4776 1543 4780 1543 4530 224 4529 224 4780 224 4777 224 4781 224 4501 224 4779 1544 4539 1544 4782 1544 4781 224 4783 224 4501 224 4589 1545 4777 1545 4501 1545 4539 224 4538 224 4782 224 4530 1546 4780 1546 4784 1546 4782 224 4538 224 4785 224 4786 224 4778 224 4567 224 4538 224 4537 224 4785 224 4778 224 4568 224 4567 224 4530 1547 4784 1547 4787 1547 4531 224 4530 224 4787 224 4783 1548 4788 1548 4500 1548 4501 1549 4783 1549 4500 1549 4785 1550 4537 1550 4789 1550 4537 224 4536 224 4789 224 4790 224 4786 224 4566 224 4532 224 4531 224 4791 224 4792 224 4790 224 4566 224 4531 1551 4787 1551 4791 1551 4786 1552 4567 1552 4566 1552 4789 224 4536 224 4793 224 4532 224 4791 224 4794 224 4533 224 4532 224 4794 224 4500 1553 4788 1553 4502 1553 4793 224 4536 224 4795 224 4536 224 4535 224 4795 224 4788 1554 4796 1554 4502 1554 4533 224 4794 224 4797 224 4798 224 4792 224 4565 224 4795 224 4535 224 4799 224 4792 1555 4566 1555 4565 1555 4535 224 4534 224 4799 224 4533 1556 4797 1556 4800 1556 4799 224 4534 224 4800 224 4534 224 4533 224 4800 224 4802 224 4801 224 4503 224 4796 224 4802 224 4503 224 4502 224 4796 224 4503 224 4803 224 4798 224 4564 224 4798 1557 4565 1557 4564 1557 4801 224 4804 224 4504 224 4503 224 4801 224 4504 224 4803 1558 4564 1558 4563 1558 4805 1559 4803 1559 4563 1559 4806 1560 4805 1560 4563 1560 4804 224 4807 224 4505 224 4504 1561 4804 1561 4505 1561 4808 224 4806 224 4562 224 4806 1562 4563 1562 4562 1562 4810 1563 4809 1563 4506 1563 4807 224 4810 224 4506 224 4505 224 4807 224 4506 224 4811 1564 4808 1564 4561 1564 4808 1565 4562 1565 4561 1565 4809 224 4812 224 4507 224 4506 224 4809 224 4507 224 4813 224 4811 224 4560 224 4814 224 4813 224 4560 224 4811 1566 4561 1566 4560 1566 4812 1567 4815 1567 4508 1567 4507 224 4812 224 4508 224 4814 1568 4560 1568 4559 1568 4816 224 4814 224 4559 224 4818 224 4817 224 4509 224 4815 224 4818 224 4509 224 4508 224 4815 224 4509 224 4816 1569 4559 1569 4558 1569 4819 224 4816 224 4558 224 4509 224 4817 224 4510 224 4817 224 4820 224 4510 224 4819 1570 4558 1570 4557 1570 4821 224 4819 224 4557 224 4510 224 4820 224 4511 224 4511 1571 4820 1571 4822 1571 4821 224 4557 224 4823 224 4823 1572 4557 1572 4556 1572 4511 224 4822 224 4512 224 4512 1573 4822 1573 4824 1573 4823 1574 4556 1574 4825 1574 4556 224 4555 224 4825 224 4512 224 4824 224 4826 224 4513 224 4512 224 4826 224 4825 224 4555 224 4827 224 4555 224 4554 224 4827 224 4514 224 4513 224 4828 224 4513 224 4826 224 4828 224 4827 224 4554 224 4829 224 4515 224 4514 224 4711 224 4514 1575 4828 1575 4711 1575 4829 224 4554 224 4713 224 4554 224 4553 224 4713 224 4831 673 4830 673 4598 673 4594 674 4831 674 4598 674 4706 675 4833 675 4832 675 4706 676 4705 676 4833 676 4834 677 4831 677 4594 677 4835 224 4706 224 4832 224 4595 224 4834 224 4594 224 4707 224 4706 224 4835 224 4836 224 4834 224 4595 224 4837 678 4662 678 4661 678 4838 224 4661 224 4660 224 4839 224 4707 224 4835 224 4838 224 4837 224 4661 224 4638 224 4836 224 4595 224 4840 224 4663 224 4662 224 4840 679 4664 679 4663 679 4708 224 4707 224 4839 224 4840 224 4662 224 4837 224 4841 680 4660 680 4659 680 4841 224 4838 224 4660 224 4842 224 4708 224 4839 224 4843 224 4665 224 4664 224 4843 224 4664 224 4840 224 4635 681 4836 681 4638 681 4635 682 4844 682 4836 682 4709 224 4708 224 4842 224 4845 683 4844 683 4635 683 4846 224 4841 224 4659 224 4634 224 4845 224 4635 224 4847 224 4665 224 4843 224 4848 224 4658 224 4657 224 4591 684 4842 684 4849 684 4848 224 4659 224 4658 224 4591 685 4709 685 4842 685 4848 686 4846 686 4659 686 4850 687 4845 687 4634 687 4851 688 4666 688 4665 688 4851 689 4665 689 4847 689 4632 224 4850 224 4634 224 4590 224 4849 224 4852 224 4590 690 4591 690 4849 690 4853 691 4848 691 4657 691 4854 692 4590 692 4852 692 4855 693 4667 693 4666 693 4856 694 4850 694 4632 694 4855 695 4666 695 4851 695 4592 696 4590 696 4854 696 4629 697 4856 697 4632 697 4857 224 4656 224 4655 224 4857 698 4657 698 4656 698 4857 224 4853 224 4657 224 4858 699 4856 699 4629 699 4859 700 4668 700 4667 700 4860 701 4592 701 4854 701 4859 224 4669 224 4668 224 4859 702 4667 702 4855 702 4627 224 4858 224 4629 224 4861 224 4857 224 4655 224 4593 703 4592 703 4860 703 4862 704 4670 704 4669 704 4862 224 4669 224 4859 224 4626 705 4863 705 4858 705 4864 224 4861 224 4655 224 4626 706 4858 706 4627 706 4596 707 4860 707 4865 707 4596 224 4865 224 4866 224 4596 224 4593 224 4860 224 4864 224 4655 224 4654 224 4867 224 4670 224 4862 224 4868 224 4864 224 4654 224 4868 708 4654 708 4653 708 4624 224 4870 224 4869 224 4624 709 4869 709 4863 709 4624 710 4863 710 4626 710 4871 711 4670 711 4867 711 4871 712 4671 712 4670 712 4652 713 4868 713 4653 713 4597 224 4596 224 4866 224 4672 224 4671 224 4871 224 4872 714 4868 714 4652 714 4873 224 4672 224 4871 224 4600 715 4866 715 4874 715 4600 716 4874 716 4875 716 4600 224 4597 224 4866 224 4622 224 4876 224 4870 224 4651 717 4872 717 4652 717 4622 718 4870 718 4624 718 4877 719 4872 719 4651 719 4878 720 4672 720 4873 720 4878 721 4673 721 4672 721 4601 224 4600 224 4875 224 4674 722 4673 722 4878 722 4621 723 4879 723 4876 723 4880 224 4877 224 4651 224 4621 724 4876 724 4622 724 4880 725 4651 725 4650 725 4881 224 4674 224 4878 224 4882 726 4650 726 4649 726 4882 727 4880 727 4650 727 4883 728 4674 728 4881 728 4883 224 4675 224 4674 224 4619 224 4884 224 4879 224 4619 678 4879 678 4621 678 4605 224 4875 224 4885 224 4605 224 4885 224 4886 224 4605 224 4601 224 4875 224 4887 224 4882 224 4649 224 4887 729 4649 729 4648 729 4888 730 4675 730 4883 730 4607 224 4605 224 4886 224 4888 731 4676 731 4675 731 4647 224 4887 224 4648 224 4618 224 4889 224 4884 224 4618 224 4884 224 4619 224 4608 224 4886 224 4890 224 4608 224 4890 224 4891 224 4677 732 4676 732 4888 732 4608 224 4607 224 4886 224 4892 224 4887 224 4647 224 4615 733 4889 733 4618 733 4609 224 4608 224 4891 224 4893 224 4677 224 4888 224 4612 734 4895 734 4894 734 4612 224 4894 224 4889 224 4612 735 4889 735 4615 735 4611 736 4609 736 4891 736 4611 224 4895 224 4612 224 4611 224 4891 224 4895 224 4678 224 4677 224 4893 224 4896 737 4647 737 4646 737 4896 224 4892 224 4647 224 4897 224 4678 224 4893 224 4645 738 4896 738 4646 738 4898 739 4896 739 4645 739 4899 224 4679 224 4678 224 4899 740 4678 740 4897 740 4644 224 4898 224 4645 224 4900 741 4898 741 4644 741 4901 224 4680 224 4679 224 4901 742 4679 742 4899 742 4681 743 4680 743 4901 743 4902 744 4644 744 4643 744 4902 745 4900 745 4644 745 4903 224 4681 224 4901 224 4682 746 4681 746 4903 746 4904 747 4643 747 4642 747 4904 748 4902 748 4643 748 4905 224 4682 224 4903 224 4641 224 4904 224 4642 224 4906 749 4904 749 4641 749 4907 224 4683 224 4682 224 4907 750 4682 750 4905 750 4908 751 4906 751 4641 751 4908 752 4641 752 4640 752 4909 224 4683 224 4907 224 4909 224 4684 224 4683 224 4910 224 4908 224 4640 224 4910 224 4640 224 4639 224 4911 753 4684 753 4909 753 4911 224 4685 224 4684 224 4637 224 4910 224 4639 224 4686 754 4685 754 4911 754 4912 755 4910 755 4637 755 4913 224 4686 224 4911 224 4636 756 4912 756 4637 756 4687 757 4686 757 4913 757 4914 758 4912 758 4636 758 4915 224 4687 224 4913 224 4633 224 4914 224 4636 224 4916 759 4914 759 4633 759 4917 760 4687 760 4915 760 4917 761 4688 761 4687 761 4689 762 4688 762 4917 762 4918 224 4633 224 4631 224 4918 763 4916 763 4633 763 4919 764 4689 764 4917 764 4920 765 4631 765 4630 765 4920 224 4918 224 4631 224 4921 224 4689 224 4919 224 4921 224 4690 224 4689 224 4628 735 4920 735 4630 735 4922 224 4920 224 4628 224 4923 224 4690 224 4921 224 4923 766 4691 766 4690 766 4924 761 4628 761 4625 761 4924 224 4922 224 4628 224 4925 224 4692 224 4691 224 4925 767 4691 767 4923 767 4926 224 4692 224 4925 224 4623 768 4927 768 4924 768 4623 769 4924 769 4625 769 4693 770 4692 770 4926 770 4928 224 4693 224 4926 224 4620 224 4929 224 4927 224 4620 771 4927 771 4623 771 4694 772 4693 772 4928 772 4930 773 4929 773 4620 773 4931 774 4694 774 4928 774 4617 775 4930 775 4620 775 4695 776 4694 776 4931 776 4932 777 4930 777 4617 777 4933 224 4695 224 4931 224 4616 224 4932 224 4617 224 4696 778 4695 778 4933 778 4934 779 4932 779 4616 779 4935 224 4696 224 4933 224 4614 224 4934 224 4616 224 4697 780 4696 780 4935 780 4936 781 4934 781 4614 781 4613 224 4936 224 4614 224 4698 224 4697 224 4935 224 4698 782 4935 782 4937 782 4938 783 4936 783 4613 783 4939 784 4698 784 4937 784 4610 224 4938 224 4613 224 4699 785 4698 785 4939 785 4940 786 4938 786 4610 786 4606 224 4940 224 4610 224 4700 224 4939 224 4941 224 4700 224 4699 224 4939 224 4942 787 4940 787 4606 787 4943 224 4700 224 4941 224 4604 788 4942 788 4606 788 4701 789 4700 789 4943 789 4944 224 4942 224 4604 224 4603 224 4944 224 4604 224 4702 790 4943 790 4945 790 4702 713 4701 713 4943 713 4946 791 4944 791 4603 791 4602 792 4946 792 4603 792 4703 793 4945 793 4947 793 4703 717 4702 717 4945 717 4948 224 4703 224 4947 224 4599 224 4949 224 4946 224 4599 794 4946 794 4602 794 4704 725 4703 725 4948 725 4830 795 4949 795 4599 795 4833 796 4704 796 4948 796 4598 224 4830 224 4599 224 4705 797 4704 797 4833 797 4852 1055 4849 1055 4726 1055 4849 1056 4732 1056 4726 1056 4854 1057 4852 1057 4722 1057 4852 1058 4726 1058 4722 1058 4860 1059 4854 1059 4720 1059 4831 1060 4834 1060 4777 1060 4854 1061 4722 1061 4720 1061 4834 1062 4781 1062 4777 1062 4865 1063 4860 1063 4718 1063 4830 1064 4831 1064 4770 1064 4860 1065 4720 1065 4718 1065 4949 1066 4830 1066 4770 1066 4831 1067 4777 1067 4770 1067 4866 1068 4865 1068 4716 1068 4865 1069 4718 1069 4716 1069 4946 1070 4949 1070 4765 1070 4949 1071 4770 1071 4765 1071 4874 1072 4866 1072 4714 1072 4875 1073 4874 1073 4714 1073 4866 1074 4716 1074 4714 1074 4946 1075 4765 1075 4766 1075 4875 1073 4714 1073 4710 1073 4944 1076 4946 1076 4761 1076 4942 1077 4944 1077 4761 1077 4946 1078 4766 1078 4761 1078 4885 1079 4875 1079 4711 1079 4875 1080 4710 1080 4711 1080 4942 1081 4761 1081 4755 1081 4886 1082 4885 1082 4828 1082 4885 1083 4711 1083 4828 1083 4940 1084 4942 1084 4749 1084 4938 1085 4940 1085 4749 1085 4942 1084 4755 1084 4749 1084 4890 1086 4886 1086 4826 1086 4886 1087 4828 1087 4826 1087 4938 1085 4749 1085 4750 1085 4891 1088 4890 1088 4824 1088 4890 1089 4826 1089 4824 1089 4936 1090 4938 1090 4745 1090 4938 1091 4750 1091 4745 1091 4895 1092 4891 1092 4822 1092 4891 1093 4824 1093 4822 1093 4934 1094 4936 1094 4740 1094 4932 1095 4934 1095 4740 1095 4894 1096 4895 1096 4820 1096 4936 1094 4745 1094 4740 1094 4895 1097 4822 1097 4820 1097 4930 1098 4932 1098 4734 1098 4889 1099 4894 1099 4817 1099 4932 1100 4740 1100 4734 1100 4884 1101 4889 1101 4817 1101 4894 1102 4820 1102 4817 1102 4884 1103 4817 1103 4818 1103 4930 1104 4734 1104 4735 1104 4879 1105 4884 1105 4815 1105 4929 1106 4930 1106 4730 1106 4930 1107 4735 1107 4730 1107 4884 1108 4818 1108 4815 1108 4876 1109 4879 1109 4812 1109 4929 1110 4730 1110 4724 1110 4927 1111 4929 1111 4724 1111 4879 1112 4815 1112 4812 1112 4870 1113 4876 1113 4809 1113 4927 1114 4724 1114 4725 1114 4876 1113 4812 1113 4809 1113 4924 1115 4927 1115 4725 1115 4869 1116 4870 1116 4810 1116 4870 1117 4809 1117 4810 1117 4924 1118 4725 1118 4727 1118 4922 1119 4924 1119 4727 1119 4863 1120 4869 1120 4807 1120 4869 1120 4810 1120 4807 1120 4922 1121 4727 1121 4729 1121 4920 1122 4922 1122 4729 1122 4858 1123 4863 1123 4804 1123 4863 1123 4807 1123 4804 1123 4920 1124 4729 1124 4731 1124 4918 1125 4920 1125 4731 1125 4856 1126 4858 1126 4801 1126 4850 1127 4856 1127 4801 1127 4858 1128 4804 1128 4801 1128 4918 1129 4731 1129 4737 1129 4916 1130 4918 1130 4737 1130 4850 1131 4801 1131 4802 1131 4916 1132 4737 1132 4741 1132 4850 1133 4802 1133 4796 1133 4914 1134 4916 1134 4741 1134 4845 1135 4850 1135 4796 1135 4845 1136 4796 1136 4788 1136 4914 1137 4741 1137 4742 1137 4912 1137 4914 1137 4742 1137 4910 1138 4912 1138 4742 1138 4844 1139 4845 1139 4788 1139 4844 1140 4788 1140 4783 1140 4836 1141 4844 1141 4783 1141 4834 1142 4836 1142 4783 1142 4910 1143 4742 1143 4748 1143 4834 1144 4783 1144 4781 1144 4910 1145 4748 1145 4752 1145 4908 1146 4910 1146 4752 1146 4908 1147 4752 1147 4757 1147 4906 1148 4908 1148 4757 1148 4904 1149 4906 1149 4758 1149 4906 1150 4757 1150 4758 1150 4902 1151 4904 1151 4763 1151 4904 1151 4758 1151 4763 1151 4900 1152 4902 1152 4768 1152 4902 1153 4763 1153 4768 1153 4898 1154 4900 1154 4773 1154 4900 1155 4768 1155 4773 1155 4896 1156 4898 1156 4774 1156 4892 1157 4896 1157 4774 1157 4898 1158 4773 1158 4774 1158 4887 1159 4892 1159 4778 1159 4892 1157 4774 1157 4778 1157 4882 1160 4887 1160 4786 1160 4887 1159 4778 1159 4786 1159 4882 1161 4786 1161 4790 1161 4880 1162 4882 1162 4792 1162 4882 1163 4790 1163 4792 1163 4877 1164 4880 1164 4798 1164 4880 1165 4792 1165 4798 1165 4872 1166 4877 1166 4803 1166 4877 1166 4798 1166 4803 1166 4868 1167 4872 1167 4805 1167 4872 1168 4803 1168 4805 1168 4864 1169 4868 1169 4806 1169 4868 1170 4805 1170 4806 1170 4861 1171 4864 1171 4808 1171 4864 1172 4806 1172 4808 1172 4857 1173 4861 1173 4811 1173 4861 1174 4808 1174 4811 1174 4857 1175 4811 1175 4813 1175 4853 1175 4857 1175 4813 1175 4853 1176 4813 1176 4814 1176 4848 1177 4853 1177 4814 1177 4848 1178 4814 1178 4816 1178 4846 1179 4848 1179 4816 1179 4846 1180 4816 1180 4819 1180 4841 1181 4846 1181 4819 1181 4841 1182 4819 1182 4821 1182 4838 1183 4841 1183 4821 1183 4837 1184 4838 1184 4821 1184 4837 1185 4821 1185 4823 1185 4840 1186 4837 1186 4823 1186 4840 1187 4823 1187 4825 1187 4840 1188 4825 1188 4827 1188 4843 1189 4840 1189 4827 1189 4847 1190 4843 1190 4827 1190 4847 1191 4827 1191 4829 1191 4847 1192 4829 1192 4713 1192 4851 1193 4847 1193 4713 1193 4851 1194 4713 1194 4712 1194 4855 1195 4851 1195 4712 1195 4859 1196 4855 1196 4712 1196 4859 1196 4712 1196 4715 1196 4862 1197 4859 1197 4715 1197 4862 1198 4715 1198 4717 1198 4862 1199 4717 1199 4719 1199 4867 1199 4862 1199 4719 1199 4867 1200 4719 1200 4721 1200 4871 1200 4867 1200 4721 1200 4871 1201 4721 1201 4723 1201 4873 1202 4871 1202 4723 1202 4873 1203 4723 1203 4728 1203 4878 1204 4873 1204 4728 1204 4878 1205 4728 1205 4733 1205 4881 1206 4878 1206 4733 1206 4881 1207 4733 1207 4738 1207 4883 1208 4881 1208 4738 1208 4883 1209 4738 1209 4743 1209 4888 1210 4883 1210 4743 1210 4893 1211 4888 1211 4746 1211 4897 1212 4893 1212 4746 1212 4888 1213 4743 1213 4746 1213 4897 1214 4746 1214 4751 1214 4899 1215 4897 1215 4751 1215 4899 1216 4751 1216 4754 1216 4901 1217 4899 1217 4759 1217 4899 1218 4754 1218 4759 1218 4903 1219 4901 1219 4762 1219 4901 1220 4759 1220 4762 1220 4903 1221 4762 1221 4767 1221 4905 1222 4903 1222 4767 1222 4907 1223 4905 1223 4767 1223 4907 1224 4767 1224 4771 1224 4907 1225 4771 1225 4775 1225 4909 1225 4907 1225 4775 1225 4911 1226 4909 1226 4775 1226 4911 1226 4775 1226 4779 1226 4911 1227 4779 1227 4782 1227 4913 1228 4911 1228 4782 1228 4915 1229 4913 1229 4782 1229 4915 1229 4782 1229 4785 1229 4915 1230 4785 1230 4789 1230 4917 1231 4915 1231 4789 1231 4919 1232 4917 1232 4789 1232 4919 1233 4789 1233 4793 1233 4919 1234 4793 1234 4795 1234 4921 1235 4919 1235 4795 1235 4921 1236 4795 1236 4799 1236 4923 1237 4921 1237 4799 1237 4923 1238 4799 1238 4800 1238 4925 1239 4923 1239 4800 1239 4925 1240 4800 1240 4797 1240 4926 1241 4925 1241 4797 1241 4928 1242 4926 1242 4797 1242 4928 1243 4797 1243 4794 1243 4928 1244 4794 1244 4791 1244 4931 1245 4928 1245 4791 1245 4931 1246 4791 1246 4787 1246 4933 1247 4931 1247 4787 1247 4933 1248 4787 1248 4784 1248 4935 1249 4933 1249 4784 1249 4937 1250 4935 1250 4780 1250 4935 1250 4784 1250 4780 1250 4939 1251 4937 1251 4776 1251 4937 1252 4780 1252 4776 1252 4941 1253 4939 1253 4772 1253 4939 1254 4776 1254 4772 1254 4943 1255 4941 1255 4769 1255 4945 1256 4943 1256 4769 1256 4941 1257 4772 1257 4769 1257 4945 1258 4769 1258 4764 1258 4947 1259 4945 1259 4760 1259 4945 1260 4764 1260 4760 1260 4948 1261 4947 1261 4756 1261 4947 1262 4760 1262 4756 1262 4833 1263 4948 1263 4753 1263 4948 1264 4756 1264 4753 1264 4832 1265 4833 1265 4747 1265 4833 1266 4753 1266 4747 1266 4832 1267 4747 1267 4744 1267 4835 1267 4832 1267 4744 1267 4835 1268 4744 1268 4739 1268 4839 1268 4835 1268 4739 1268 4839 1269 4739 1269 4736 1269 4842 1270 4839 1270 4736 1270 4849 1271 4842 1271 4736 1271 4849 1272 4736 1272 4732 1272 4952 221 4951 221 4950 221 4952 220 4953 220 4951 220 4955 222 4950 222 4954 222 4955 223 4952 223 4950 223 4957 0 4954 0 4956 0 4957 1 4955 1 4954 1 4960 6 4959 6 4958 6 4960 4 4961 4 4959 4 4963 2 4956 2 4962 2 4963 3 4957 3 4956 3 4965 7 4958 7 4964 7 4965 334 4964 334 4966 334 4965 7 4960 7 4958 7 4968 5 4962 5 4967 5 4968 8 4963 8 4962 8 4970 14 4966 14 4969 14 4970 335 4965 335 4966 335 4972 9 4967 9 4971 9 4972 10 4968 10 4967 10 4974 21 4969 21 4973 21 4974 18 4970 18 4969 18 4976 11 4971 11 4975 11 4976 15 4972 15 4971 15 4978 25 4973 25 4977 25 4978 21 4974 21 4973 21 4980 336 4975 336 4979 336 4980 337 4976 337 4975 337 4982 30 4977 30 4981 30 4982 23 4978 23 4977 23 4984 19 4979 19 4983 19 4984 22 4980 22 4979 22 4986 29 4981 29 4985 29 4986 28 4982 28 4981 28 4988 24 4983 24 4987 24 4988 20 4984 20 4983 20 4990 37 4985 37 4989 37 4990 34 4986 34 4985 34 4992 26 4987 26 4991 26 4992 27 4988 27 4987 27 4994 338 4989 338 4993 338 4994 35 4990 35 4989 35 4996 31 4991 31 4995 31 4996 33 4992 33 4991 33 4997 339 4994 339 4993 339 4999 32 4995 32 4998 32 4999 32 4996 32 4995 32 5001 43 4993 43 5000 43 5003 36 4998 36 5002 36 5001 46 4997 46 4993 46 5003 38 4999 38 4998 38 5005 48 5000 48 5004 48 5007 40 5002 40 5006 40 5007 340 5006 340 5008 340 5005 49 5001 49 5000 49 5007 42 5003 42 5002 42 5009 341 5007 341 5008 341 5011 51 5004 51 5010 51 5011 53 5005 53 5004 53 5013 45 5008 45 5012 45 5013 52 5012 52 5014 52 5015 56 5011 56 5010 56 5015 58 5010 58 5016 58 5013 45 5009 45 5008 45 5017 50 5013 50 5014 50 5018 60 5015 60 5016 60 5018 61 5016 61 5019 61 5021 54 5014 54 5020 54 5021 55 5020 55 5022 55 5021 57 5017 57 5014 57 5023 65 5018 65 5019 65 5023 66 5019 66 5024 66 5026 64 5022 64 5025 64 5026 59 5021 59 5022 59 5027 68 5023 68 5024 68 5027 68 5024 68 5028 68 5030 63 5025 63 5029 63 5030 62 5026 62 5025 62 5032 70 5029 70 5031 70 5033 71 5027 71 5028 71 5033 73 5028 73 5034 73 5032 67 5030 67 5029 67 5036 74 5031 74 5035 74 5037 76 5033 76 5034 76 5037 77 5034 77 5038 77 5036 69 5032 69 5031 69 5039 72 5036 72 5035 72 5039 75 5035 75 5040 75 5041 79 5037 79 5038 79 5041 81 5038 81 5042 81 5043 75 5039 75 5040 75 5043 78 5040 78 5044 78 5045 85 5041 85 5042 85 5045 86 5042 86 5046 86 5047 80 5043 80 5044 80 5047 342 5044 342 5048 342 5049 90 5045 90 5046 90 5049 91 5046 91 5050 91 5051 343 5047 343 5048 343 5052 87 5051 87 5048 87 5052 84 5048 84 5053 84 5054 92 5049 92 5050 92 5054 93 5050 93 5055 93 4961 88 5052 88 5053 88 4961 89 5053 89 4959 89 5056 94 5054 94 5055 94 5056 95 5055 95 5057 95 5059 97 5057 97 5058 97 5059 96 5056 96 5057 96 5061 98 5058 98 5060 98 5061 99 5059 99 5058 99 5063 100 5060 100 5062 100 5063 101 5061 101 5060 101 5065 102 5062 102 5064 102 5065 103 5063 103 5062 103 5067 104 5064 104 5066 104 5067 105 5065 105 5064 105 5069 106 5066 106 5068 106 5069 106 5067 106 5066 106 5071 107 5068 107 5070 107 5071 107 5069 107 5068 107 5073 108 5070 108 5072 108 5073 110 5071 110 5070 110 5075 111 5072 111 5074 111 5075 109 5073 109 5072 109 5077 112 5074 112 5076 112 5077 113 5075 113 5074 113 5079 114 5076 114 5078 114 5079 115 5077 115 5076 115 5081 116 5078 116 5080 116 5081 117 5079 117 5078 117 5083 118 5080 118 5082 118 5083 119 5081 119 5080 119 5085 120 5082 120 5084 120 5085 121 5083 121 5082 121 5087 122 5084 122 5086 122 5087 123 5085 123 5084 123 5088 124 5087 124 5086 124 5088 125 5086 125 5089 125 5090 126 5088 126 5089 126 5090 127 5089 127 5091 127 5092 128 5090 128 5091 128 5092 129 5091 129 5093 129 5094 130 5092 130 5093 130 5094 131 5093 131 5095 131 5096 132 5094 132 5095 132 5096 132 5095 132 5097 132 5098 133 5096 133 5097 133 5098 134 5097 134 5099 134 5100 135 5098 135 5099 135 5100 136 5099 136 5101 136 5102 137 5100 137 5101 137 5102 138 5101 138 5103 138 5104 139 5102 139 5103 139 5104 140 5103 140 5105 140 5106 141 5104 141 5105 141 5106 142 5105 142 5107 142 5108 143 5106 143 5107 143 5108 144 5107 144 5109 144 5110 145 5108 145 5109 145 5110 146 5109 146 5111 146 5112 147 5110 147 5111 147 5112 148 5111 148 5113 148 5114 149 5112 149 5113 149 5114 150 5113 150 5115 150 5116 151 5114 151 5115 151 5116 152 5115 152 5117 152 5118 153 5116 153 5117 153 5118 154 5117 154 5119 154 5120 155 5118 155 5119 155 5120 155 5119 155 5121 155 5122 344 5120 344 5121 344 5122 345 5121 345 5123 345 5124 346 5122 346 5123 346 5124 347 5123 347 5125 347 5126 160 5124 160 5125 160 5126 160 5125 160 5127 160 5129 348 5127 348 5128 348 5129 349 5126 349 5127 349 5131 163 5128 163 5130 163 5131 164 5129 164 5128 164 5133 165 5130 165 5132 165 5133 167 5131 167 5130 167 5135 350 5132 350 5134 350 5135 351 5133 351 5132 351 5137 170 5134 170 5136 170 5137 168 5135 168 5134 168 5138 171 5137 171 5136 171 5138 171 5136 171 5139 171 5140 172 5138 172 5139 172 5140 173 5139 173 5141 173 5142 174 5140 174 5141 174 5142 175 5141 175 5143 175 5144 176 5142 176 5143 176 5144 177 5143 177 5145 177 5146 178 5144 178 5145 178 5146 179 5145 179 5147 179 5148 180 5146 180 5147 180 5148 181 5147 181 5149 181 5150 182 5148 182 5149 182 5150 183 5149 183 5151 183 5152 184 5150 184 5151 184 5152 185 5151 185 5153 185 5154 186 5152 186 5153 186 5154 186 5153 186 5155 186 5156 352 5154 352 5155 352 5156 353 5155 353 5157 353 5158 189 5156 189 5157 189 5158 190 5157 190 5159 190 5160 191 5158 191 5159 191 5160 192 5159 192 5161 192 5162 193 5160 193 5161 193 5162 193 5161 193 5163 193 5164 194 5162 194 5163 194 5164 195 5163 195 5165 195 5166 196 5164 196 5165 196 5166 197 5165 197 5167 197 5168 199 5166 199 5167 199 5168 198 5167 198 5169 198 5171 200 5169 200 5170 200 5171 201 5168 201 5169 201 5173 202 5170 202 5172 202 5173 203 5171 203 5170 203 5175 204 5172 204 5174 204 5175 205 5173 205 5172 205 5177 206 5174 206 5176 206 5177 208 5175 208 5174 208 5179 209 5176 209 5178 209 5179 207 5177 207 5176 207 5181 210 5178 210 5180 210 5181 212 5179 212 5178 212 5183 354 5180 354 5182 354 5183 355 5181 355 5180 355 5185 215 5182 215 5184 215 5185 213 5183 213 5182 213 5187 216 5184 216 5186 216 5187 217 5185 217 5184 217 5188 218 5187 218 5186 218 5188 218 5186 218 5189 218 4953 219 5188 219 5189 219 4953 219 5189 219 4951 219 5061 356 5191 356 5190 356 5061 357 5190 357 5192 357 5061 356 5063 356 5191 356 5059 358 5061 358 5192 358 5056 359 5192 359 5193 359 5056 360 5059 360 5192 360 5052 361 5195 361 5194 361 5052 362 4961 362 5195 362 5054 363 5193 363 5196 363 5054 364 5196 364 5197 364 5054 365 5056 365 5193 365 5051 366 5194 366 5198 366 5051 367 5052 367 5194 367 5049 368 5054 368 5197 368 5047 369 5198 369 5199 369 5047 370 5051 370 5198 370 5045 371 5197 371 5200 371 5045 372 5200 372 5201 372 5045 373 5049 373 5197 373 5043 374 5199 374 5202 374 5043 375 5202 375 5203 375 5041 376 5045 376 5201 376 5043 377 5047 377 5199 377 5039 378 5203 378 5204 378 5037 379 5201 379 5205 379 5039 380 5043 380 5203 380 5037 379 5041 379 5201 379 5036 381 5204 381 5206 381 5033 382 5205 382 5207 382 5033 383 5207 383 5208 383 5036 384 5039 384 5204 384 5033 385 5037 385 5205 385 5032 386 5036 386 5206 386 5027 383 5033 383 5208 383 5023 387 5208 387 5209 387 5030 388 5206 388 5210 388 5030 389 5032 389 5206 389 5023 390 5027 390 5208 390 5018 391 5209 391 5211 391 5018 392 5211 392 5212 392 5026 393 5210 393 5213 393 5026 394 5213 394 5214 394 5018 395 5023 395 5209 395 5026 396 5030 396 5210 396 5015 397 5212 397 5215 397 5021 398 5214 398 5216 398 5015 399 5018 399 5212 399 5021 400 5026 400 5214 400 5011 401 5015 401 5215 401 5017 402 5216 402 5217 402 5017 403 5021 403 5216 403 5005 404 5215 404 5218 404 5005 404 5011 404 5215 404 5013 405 5017 405 5217 405 5001 406 5218 406 5219 406 5001 407 5005 407 5218 407 5009 408 5217 408 5220 408 5009 408 5013 408 5217 408 4997 409 5219 409 5221 409 4997 410 5221 410 5222 410 4997 411 5001 411 5219 411 5007 412 5009 412 5220 412 5007 413 5220 413 5223 413 4994 414 4997 414 5222 414 5003 415 5007 415 5223 415 4990 416 5222 416 5224 416 5003 417 5223 417 5225 417 4990 418 4994 418 5222 418 4986 419 5224 419 5226 419 4999 420 5003 420 5225 420 4986 421 5226 421 5227 421 4999 422 5225 422 5228 422 4986 423 4990 423 5224 423 4982 424 5227 424 5229 424 4996 425 4999 425 5228 425 4996 426 5228 426 5230 426 4982 427 4986 427 5227 427 4978 428 4982 428 5229 428 4992 429 4996 429 5230 429 4992 430 5230 430 5231 430 4974 431 4978 431 5229 431 4974 432 5229 432 5232 432 4988 26 4992 26 5231 26 4988 433 5231 433 5233 433 4970 434 4974 434 5232 434 4970 435 5232 435 5234 435 4970 436 5234 436 5235 436 4984 437 4988 437 5233 437 4984 437 5233 437 5236 437 4965 438 4970 438 5235 438 4980 439 4984 439 5236 439 4960 440 4965 440 5235 440 4980 441 5236 441 5237 441 4960 442 5235 442 5238 442 4960 443 5238 443 5195 443 4961 444 4960 444 5195 444 4976 445 4980 445 5237 445 4976 446 5237 446 5239 446 4972 447 4976 447 5239 447 4972 448 5239 448 5240 448 4968 449 4972 449 5240 449 4968 450 5240 450 5241 450 4963 8 5241 8 5242 8 4963 451 4968 451 5241 451 4957 452 5242 452 5243 452 4957 453 4963 453 5242 453 4957 454 5243 454 5244 454 4955 454 4957 454 5244 454 4952 455 5244 455 5245 455 4952 456 4955 456 5244 456 4953 457 5245 457 5246 457 4953 458 4952 458 5245 458 5188 459 5246 459 5247 459 5188 459 4953 459 5246 459 5187 460 5247 460 5248 460 5187 461 5248 461 5249 461 5187 460 5188 460 5247 460 5185 462 5187 462 5249 462 5183 463 5249 463 5250 463 5183 464 5250 464 5251 464 5183 463 5185 463 5249 463 5181 464 5183 464 5251 464 5179 465 5251 465 5252 465 5179 466 5181 466 5251 466 5177 467 5252 467 5253 467 5177 468 5253 468 5254 468 5177 469 5179 469 5252 469 5175 470 5177 470 5254 470 5173 471 5254 471 5255 471 5173 472 5175 472 5254 472 5171 473 5255 473 5256 473 5171 474 5173 474 5255 474 5168 475 5171 475 5256 475 5168 476 5256 476 5257 476 5166 477 5168 477 5257 477 5166 477 5257 477 5258 477 5164 196 5166 196 5258 196 5164 478 5258 478 5259 478 5164 479 5259 479 5260 479 5162 480 5164 480 5260 480 5160 481 5162 481 5260 481 5160 482 5260 482 5261 482 5158 483 5160 483 5261 483 5158 484 5261 484 5262 484 5156 485 5158 485 5262 485 5156 486 5262 486 5263 486 5156 487 5263 487 5264 487 5154 488 5156 488 5264 488 5152 489 5154 489 5264 489 5152 489 5264 489 5265 489 5150 490 5152 490 5265 490 5150 491 5265 491 5266 491 5150 492 5266 492 5267 492 5148 493 5150 493 5267 493 5146 494 5148 494 5267 494 5146 495 5267 495 5268 495 5144 496 5146 496 5268 496 5144 497 5268 497 5269 497 5142 498 5144 498 5269 498 5142 499 5269 499 5270 499 5140 500 5142 500 5270 500 5140 501 5270 501 5271 501 5138 502 5140 502 5271 502 5138 503 5271 503 5272 503 5138 504 5272 504 5273 504 5137 505 5138 505 5273 505 5135 506 5137 506 5273 506 5135 507 5273 507 5274 507 5133 508 5135 508 5274 508 5133 509 5274 509 5275 509 5131 510 5133 510 5275 510 5131 511 5275 511 5276 511 5131 512 5276 512 5277 512 5129 513 5131 513 5277 513 5126 514 5277 514 5278 514 5126 515 5129 515 5277 515 5124 516 5278 516 5279 516 5124 517 5126 517 5278 517 5122 518 5279 518 5280 518 5122 519 5124 519 5279 519 5120 520 5280 520 5281 520 5120 521 5281 521 5282 521 5120 522 5122 522 5280 522 5118 523 5120 523 5282 523 5116 524 5118 524 5282 524 5116 525 5282 525 5283 525 5114 526 5116 526 5283 526 5114 527 5283 527 5284 527 5112 528 5114 528 5284 528 5112 529 5284 529 5285 529 5110 530 5112 530 5285 530 5110 531 5285 531 5286 531 5110 532 5286 532 5287 532 5108 533 5110 533 5287 533 5106 534 5108 534 5287 534 5106 535 5287 535 5288 535 5104 536 5106 536 5288 536 5104 537 5288 537 5289 537 5102 538 5104 538 5289 538 5102 538 5289 538 5290 538 5102 539 5290 539 5291 539 5100 540 5102 540 5291 540 5098 541 5100 541 5291 541 5098 542 5291 542 5292 542 5096 543 5098 543 5292 543 5096 544 5292 544 5293 544 5094 545 5096 545 5293 545 5094 546 5293 546 5294 546 5094 547 5294 547 5295 547 5092 547 5094 547 5295 547 5092 548 5295 548 5296 548 5090 549 5092 549 5296 549 5088 550 5090 550 5296 550 5088 550 5296 550 5297 550 5087 551 5297 551 5298 551 5087 552 5298 552 5299 552 5087 553 5088 553 5297 553 5085 554 5087 554 5299 554 5083 555 5299 555 5300 555 5083 556 5085 556 5299 556 5081 557 5300 557 5301 557 5081 558 5083 558 5300 558 5079 117 5301 117 5302 117 5079 559 5302 559 5303 559 5079 560 5081 560 5301 560 5077 561 5303 561 5304 561 5077 562 5079 562 5303 562 5075 561 5077 561 5304 561 5073 563 5304 563 5305 563 5073 564 5075 564 5304 564 5071 565 5305 565 5306 565 5071 566 5306 566 5307 566 5071 567 5073 567 5305 567 5069 566 5071 566 5307 566 5067 568 5307 568 5308 568 5067 568 5069 568 5307 568 5065 569 5308 569 5309 569 5065 570 5067 570 5308 570 5065 571 5309 571 5191 571 5063 572 5065 572 5191 572 5139 269 5310 269 5141 269 5139 269 5311 269 5310 269 5058 269 5057 269 5312 269 5058 573 5312 573 5313 573 5136 574 5311 574 5139 574 5136 269 5314 269 5311 269 5060 269 5058 269 5313 269 5134 269 5314 269 5136 269 5134 269 5315 269 5314 269 5062 575 5060 575 5313 575 5062 576 5313 576 5316 576 5132 269 5315 269 5134 269 5132 269 5317 269 5315 269 5064 577 5316 577 5318 577 5064 269 5062 269 5316 269 5130 269 5317 269 5132 269 5130 269 5319 269 5317 269 5066 578 5318 578 5320 578 5066 579 5064 579 5318 579 5321 580 5006 580 5002 580 5128 269 5319 269 5130 269 5068 269 5320 269 5322 269 5068 269 5066 269 5320 269 5323 581 5002 581 4998 581 5323 269 5321 269 5002 269 5324 582 5008 582 5006 582 5324 583 5006 583 5321 583 5325 584 4995 584 4991 584 5127 585 5326 585 5319 585 5325 269 4998 269 4995 269 5127 269 5319 269 5128 269 5070 586 5322 586 5327 586 5325 587 5323 587 4998 587 5070 269 5068 269 5322 269 5328 269 5012 269 5008 269 5328 269 5008 269 5324 269 5329 588 4991 588 4987 588 5329 269 5325 269 4991 269 5330 589 5014 589 5012 589 5125 269 5331 269 5326 269 5125 590 5326 590 5127 590 5330 591 5012 591 5328 591 5072 592 5327 592 5332 592 5333 593 4987 593 4983 593 5333 269 5329 269 4987 269 5072 594 5070 594 5327 594 5334 595 5020 595 5014 595 5334 269 5014 269 5330 269 5335 269 5333 269 4983 269 5123 596 5331 596 5125 596 5335 597 4983 597 4979 597 5336 598 5022 598 5020 598 5336 269 5025 269 5022 269 5123 269 5337 269 5331 269 5074 269 5072 269 5332 269 5074 599 5332 599 5338 599 5336 600 5020 600 5334 600 5339 269 5335 269 4979 269 5121 269 5337 269 5123 269 5121 269 5340 269 5337 269 5339 601 4979 601 4975 601 5076 602 5074 602 5338 602 5341 603 5029 603 5025 603 5341 269 5025 269 5336 269 5119 604 5340 604 5121 604 5342 269 5339 269 4975 269 5119 269 5343 269 5340 269 5342 605 4975 605 4971 605 5078 269 5076 269 5338 269 5078 606 5338 606 5344 606 5345 269 5031 269 5029 269 5345 269 5029 269 5341 269 5117 607 5343 607 5119 607 5346 269 5342 269 4971 269 5117 608 5347 608 5343 608 5080 269 5078 269 5344 269 5080 609 5344 609 5348 609 5346 610 4971 610 4967 610 5349 611 5035 611 5031 611 5349 269 5031 269 5345 269 5115 269 5347 269 5117 269 5350 269 5346 269 4967 269 5115 269 5351 269 5347 269 5350 269 4967 269 4962 269 5082 612 5348 612 5352 612 5353 269 5035 269 5349 269 5353 613 5040 613 5035 613 5082 269 5080 269 5348 269 5113 614 5351 614 5115 614 5354 269 5350 269 4962 269 5113 269 5355 269 5351 269 5084 615 5082 615 5352 615 5084 616 5352 616 5356 616 5354 617 4956 617 4954 617 5354 618 4962 618 4956 618 5357 619 5044 619 5040 619 5357 269 5040 269 5353 269 5111 269 5355 269 5113 269 5358 269 5354 269 4954 269 5086 269 5084 269 5356 269 5358 620 4954 620 4950 620 5086 621 5356 621 5359 621 5109 269 5355 269 5111 269 5360 269 5048 269 5044 269 5360 622 5044 622 5357 622 5109 623 5361 623 5355 623 5089 269 5086 269 5359 269 5362 269 5358 269 4950 269 5089 624 5359 624 5363 624 5362 625 4950 625 4951 625 5364 269 5053 269 5048 269 5107 269 5361 269 5109 269 5364 626 5048 626 5360 626 5107 627 5365 627 5361 627 5091 628 5363 628 5366 628 5367 629 5362 629 4951 629 5091 269 5089 269 5363 269 5105 630 5365 630 5107 630 5367 631 4951 631 5189 631 5105 632 5368 632 5365 632 5369 269 4958 269 4959 269 5369 269 4959 269 5053 269 5093 633 5366 633 5370 633 5369 634 5053 634 5364 634 5093 269 5091 269 5366 269 5103 269 5371 269 5368 269 5103 635 5368 635 5105 635 5372 269 5367 269 5189 269 5095 269 5093 269 5370 269 5372 636 5189 636 5186 636 5101 637 5373 637 5371 637 5374 269 4964 269 4958 269 5101 638 5371 638 5103 638 5097 639 5370 639 5375 639 5374 640 4958 640 5369 640 5097 269 5095 269 5370 269 5376 641 5372 641 5186 641 5099 642 5375 642 5373 642 5099 269 5097 269 5375 269 5099 643 5373 643 5101 643 5376 644 5186 644 5184 644 5377 269 4966 269 4964 269 5377 269 4964 269 5374 269 5378 269 5376 269 5184 269 5378 645 5184 645 5182 645 5379 269 4969 269 4966 269 5379 269 4966 269 5377 269 5380 269 5378 269 5182 269 5380 646 5180 646 5178 646 5380 647 5182 647 5180 647 5381 613 4973 613 4969 613 5381 269 4969 269 5379 269 5382 269 5380 269 5178 269 5382 269 5178 269 5176 269 5383 611 4977 611 4973 611 5383 269 4973 269 5381 269 5384 648 5176 648 5174 648 5384 269 5382 269 5176 269 5385 269 4981 269 4977 269 5385 269 4977 269 5383 269 5386 649 5174 649 5172 649 5386 269 5384 269 5174 269 5387 603 4985 603 4981 603 5387 269 4981 269 5385 269 5388 650 5172 650 5170 650 5388 269 5386 269 5172 269 5389 269 4985 269 5387 269 5389 269 4989 269 4985 269 5389 598 4993 598 4989 598 5390 651 5170 651 5169 651 5390 269 5388 269 5170 269 5391 269 5000 269 4993 269 5391 269 4993 269 5389 269 5392 269 5390 269 5169 269 5392 652 5169 652 5167 652 5393 653 5004 653 5000 653 5393 269 5000 269 5391 269 5394 269 5392 269 5167 269 5394 654 5167 654 5165 654 5395 655 5004 655 5393 655 5010 656 5004 656 5395 656 5396 269 5394 269 5165 269 5396 657 5165 657 5163 657 5397 269 5010 269 5395 269 5161 269 5396 269 5163 269 5016 658 5010 658 5397 658 5398 659 5396 659 5161 659 5399 660 5016 660 5397 660 5159 269 5398 269 5161 269 5019 661 5016 661 5399 661 5400 269 5398 269 5159 269 5401 269 5019 269 5399 269 5157 269 5400 269 5159 269 5024 662 5019 662 5401 662 5402 663 5400 663 5157 663 5403 587 5024 587 5401 587 5155 269 5402 269 5157 269 5028 269 5024 269 5403 269 5404 269 5402 269 5155 269 5153 269 5404 269 5155 269 5153 632 5405 632 5404 632 5034 664 5403 664 5406 664 5034 269 5028 269 5403 269 5151 269 5405 269 5153 269 5151 665 5407 665 5405 665 5038 666 5406 666 5408 666 5038 269 5034 269 5406 269 5149 623 5409 623 5407 623 5149 269 5407 269 5151 269 5042 667 5408 667 5410 667 5042 269 5038 269 5408 269 5147 269 5409 269 5149 269 5046 668 5410 668 5411 668 5046 269 5042 269 5410 269 5145 269 5409 269 5147 269 5145 269 5412 269 5409 269 5050 669 5411 669 5413 669 5050 269 5046 269 5411 269 5143 269 5412 269 5145 269 5143 269 5414 269 5412 269 5055 670 5050 670 5413 670 5055 671 5413 671 5415 671 5141 269 5414 269 5143 269 5141 269 5310 269 5414 269 5057 269 5055 269 5415 269 5057 672 5415 672 5312 672 5417 673 5416 673 5198 673 5194 674 5417 674 5198 674 5306 675 5419 675 5418 675 5306 676 5305 676 5419 676 5420 677 5417 677 5194 677 5421 224 5306 224 5418 224 5195 224 5420 224 5194 224 5307 224 5306 224 5421 224 5422 224 5420 224 5195 224 5423 678 5262 678 5261 678 5424 224 5261 224 5260 224 5425 224 5307 224 5421 224 5424 224 5423 224 5261 224 5238 224 5422 224 5195 224 5426 224 5263 224 5262 224 5426 679 5264 679 5263 679 5308 224 5307 224 5425 224 5426 224 5262 224 5423 224 5427 680 5260 680 5259 680 5427 224 5424 224 5260 224 5428 224 5308 224 5425 224 5429 224 5265 224 5264 224 5429 224 5264 224 5426 224 5235 681 5422 681 5238 681 5235 682 5430 682 5422 682 5309 224 5308 224 5428 224 5431 683 5430 683 5235 683 5432 224 5427 224 5259 224 5234 224 5431 224 5235 224 5433 224 5265 224 5429 224 5434 224 5258 224 5257 224 5191 684 5428 684 5435 684 5434 224 5259 224 5258 224 5191 685 5309 685 5428 685 5434 686 5432 686 5259 686 5436 687 5431 687 5234 687 5437 688 5266 688 5265 688 5437 689 5265 689 5433 689 5232 224 5436 224 5234 224 5190 224 5435 224 5438 224 5190 690 5191 690 5435 690 5439 691 5434 691 5257 691 5440 692 5190 692 5438 692 5441 693 5267 693 5266 693 5442 694 5436 694 5232 694 5441 695 5266 695 5437 695 5192 696 5190 696 5440 696 5229 697 5442 697 5232 697 5443 224 5256 224 5255 224 5443 698 5257 698 5256 698 5443 224 5439 224 5257 224 5444 699 5442 699 5229 699 5445 700 5268 700 5267 700 5446 701 5192 701 5440 701 5445 224 5269 224 5268 224 5445 702 5267 702 5441 702 5227 224 5444 224 5229 224 5447 224 5443 224 5255 224 5193 703 5192 703 5446 703 5448 704 5270 704 5269 704 5448 224 5269 224 5445 224 5226 705 5449 705 5444 705 5450 224 5447 224 5255 224 5226 706 5444 706 5227 706 5196 707 5446 707 5451 707 5196 224 5451 224 5452 224 5196 224 5193 224 5446 224 5450 224 5255 224 5254 224 5453 224 5270 224 5448 224 5454 224 5450 224 5254 224 5454 708 5254 708 5253 708 5224 224 5456 224 5455 224 5224 709 5455 709 5449 709 5224 710 5449 710 5226 710 5457 711 5270 711 5453 711 5457 712 5271 712 5270 712 5252 713 5454 713 5253 713 5197 224 5196 224 5452 224 5272 224 5271 224 5457 224 5458 714 5454 714 5252 714 5459 224 5272 224 5457 224 5200 715 5452 715 5460 715 5200 716 5460 716 5461 716 5200 224 5197 224 5452 224 5222 224 5462 224 5456 224 5251 717 5458 717 5252 717 5222 718 5456 718 5224 718 5463 719 5458 719 5251 719 5464 720 5272 720 5459 720 5464 721 5273 721 5272 721 5201 224 5200 224 5461 224 5274 722 5273 722 5464 722 5221 723 5465 723 5462 723 5466 224 5463 224 5251 224 5221 724 5462 724 5222 724 5466 725 5251 725 5250 725 5467 224 5274 224 5464 224 5468 726 5250 726 5249 726 5468 727 5466 727 5250 727 5469 728 5274 728 5467 728 5469 224 5275 224 5274 224 5219 224 5470 224 5465 224 5219 678 5465 678 5221 678 5205 224 5461 224 5471 224 5205 224 5471 224 5472 224 5205 224 5201 224 5461 224 5473 224 5468 224 5249 224 5473 729 5249 729 5248 729 5474 730 5275 730 5469 730 5207 224 5205 224 5472 224 5474 731 5276 731 5275 731 5247 224 5473 224 5248 224 5218 224 5475 224 5470 224 5218 224 5470 224 5219 224 5208 224 5472 224 5476 224 5208 224 5476 224 5477 224 5277 732 5276 732 5474 732 5208 224 5207 224 5472 224 5478 224 5473 224 5247 224 5215 733 5475 733 5218 733 5209 224 5208 224 5477 224 5479 224 5277 224 5474 224 5212 734 5481 734 5480 734 5212 224 5480 224 5475 224 5212 735 5475 735 5215 735 5211 736 5209 736 5477 736 5211 224 5481 224 5212 224 5211 224 5477 224 5481 224 5278 224 5277 224 5479 224 5482 737 5247 737 5246 737 5482 224 5478 224 5247 224 5483 224 5278 224 5479 224 5245 738 5482 738 5246 738 5484 739 5482 739 5245 739 5485 224 5279 224 5278 224 5485 740 5278 740 5483 740 5244 224 5484 224 5245 224 5486 741 5484 741 5244 741 5487 224 5280 224 5279 224 5487 742 5279 742 5485 742 5281 743 5280 743 5487 743 5488 744 5244 744 5243 744 5488 745 5486 745 5244 745 5489 224 5281 224 5487 224 5282 746 5281 746 5489 746 5490 747 5243 747 5242 747 5490 748 5488 748 5243 748 5491 224 5282 224 5489 224 5241 224 5490 224 5242 224 5492 749 5490 749 5241 749 5493 224 5283 224 5282 224 5493 750 5282 750 5491 750 5494 751 5492 751 5241 751 5494 752 5241 752 5240 752 5495 224 5283 224 5493 224 5495 224 5284 224 5283 224 5496 224 5494 224 5240 224 5496 224 5240 224 5239 224 5497 753 5284 753 5495 753 5497 224 5285 224 5284 224 5237 224 5496 224 5239 224 5286 754 5285 754 5497 754 5498 755 5496 755 5237 755 5499 224 5286 224 5497 224 5236 756 5498 756 5237 756 5287 757 5286 757 5499 757 5500 758 5498 758 5236 758 5501 224 5287 224 5499 224 5233 224 5500 224 5236 224 5502 759 5500 759 5233 759 5503 760 5287 760 5501 760 5503 761 5288 761 5287 761 5289 762 5288 762 5503 762 5504 224 5233 224 5231 224 5504 763 5502 763 5233 763 5505 764 5289 764 5503 764 5506 765 5231 765 5230 765 5506 224 5504 224 5231 224 5507 224 5289 224 5505 224 5507 224 5290 224 5289 224 5228 735 5506 735 5230 735 5508 224 5506 224 5228 224 5509 224 5290 224 5507 224 5509 766 5291 766 5290 766 5510 761 5228 761 5225 761 5510 224 5508 224 5228 224 5511 224 5292 224 5291 224 5511 767 5291 767 5509 767 5512 224 5292 224 5511 224 5223 768 5513 768 5510 768 5223 769 5510 769 5225 769 5293 770 5292 770 5512 770 5514 224 5293 224 5512 224 5220 224 5515 224 5513 224 5220 771 5513 771 5223 771 5294 772 5293 772 5514 772 5516 773 5515 773 5220 773 5517 774 5294 774 5514 774 5217 775 5516 775 5220 775 5295 776 5294 776 5517 776 5518 777 5516 777 5217 777 5519 224 5295 224 5517 224 5216 224 5518 224 5217 224 5296 778 5295 778 5519 778 5520 779 5518 779 5216 779 5521 224 5296 224 5519 224 5214 224 5520 224 5216 224 5297 780 5296 780 5521 780 5522 781 5520 781 5214 781 5213 224 5522 224 5214 224 5298 224 5297 224 5521 224 5298 782 5521 782 5523 782 5524 783 5522 783 5213 783 5525 784 5298 784 5523 784 5210 224 5524 224 5213 224 5299 785 5298 785 5525 785 5526 786 5524 786 5210 786 5206 224 5526 224 5210 224 5300 224 5525 224 5527 224 5300 224 5299 224 5525 224 5528 787 5526 787 5206 787 5529 224 5300 224 5527 224 5204 788 5528 788 5206 788 5301 789 5300 789 5529 789 5530 224 5528 224 5204 224 5203 224 5530 224 5204 224 5302 790 5529 790 5531 790 5302 713 5301 713 5529 713 5532 791 5530 791 5203 791 5202 792 5532 792 5203 792 5303 793 5531 793 5533 793 5303 717 5302 717 5531 717 5534 224 5303 224 5533 224 5199 224 5535 224 5532 224 5199 794 5532 794 5202 794 5304 725 5303 725 5534 725 5416 795 5535 795 5199 795 5419 796 5304 796 5534 796 5198 224 5416 224 5199 224 5305 797 5304 797 5419 797 5328 858 5324 858 5536 858 5330 861 5538 861 5537 861 5330 862 5537 862 5539 862 5330 861 5328 861 5538 861 5334 865 5539 865 5540 865 5334 862 5330 862 5539 862 5374 803 5542 803 5541 803 5374 805 5369 805 5542 805 5336 867 5334 867 5540 867 5377 808 5541 808 5543 808 5341 871 5540 871 5544 871 5377 809 5374 809 5541 809 5341 870 5336 870 5540 870 5379 810 5543 810 5545 810 5345 872 5544 872 5546 872 5345 873 5546 873 5547 873 5379 811 5377 811 5543 811 5345 875 5341 875 5544 875 5349 876 5547 876 5548 876 5381 814 5545 814 5549 814 5349 879 5345 879 5547 879 5381 815 5379 815 5545 815 5383 818 5549 818 5550 818 5353 881 5349 881 5548 881 5383 820 5381 820 5549 820 5357 883 5548 883 5551 883 5357 884 5551 884 5552 884 5357 885 5353 885 5548 885 5385 822 5550 822 5553 822 5385 823 5553 823 5554 823 5385 825 5383 825 5550 825 5360 888 5357 888 5552 888 5360 887 5552 887 5555 887 5387 827 5385 827 5554 827 5364 889 5360 889 5555 889 5369 892 5555 892 5542 892 5369 896 5364 896 5555 896 5389 829 5554 829 5556 829 5389 830 5556 830 5557 830 5389 832 5387 832 5554 832 5391 835 5389 835 5557 835 5393 836 5557 836 5558 836 5393 838 5558 838 5559 838 5393 836 5391 836 5557 836 5395 838 5393 838 5559 838 5397 842 5559 842 5560 842 5397 844 5560 844 5561 844 5397 842 5395 842 5559 842 5399 846 5397 846 5561 846 5401 849 5561 849 5562 849 5401 851 5562 851 5563 851 5401 849 5399 849 5561 849 5403 854 5563 854 5564 854 5403 853 5401 853 5563 853 5406 857 5403 857 5564 857 5408 859 5564 859 5565 859 5408 860 5406 860 5564 860 5410 863 5565 863 5566 863 5410 864 5408 864 5565 864 5411 866 5566 866 5567 866 5411 866 5410 866 5566 866 5413 868 5567 868 5568 868 5413 869 5568 869 5569 869 5413 868 5411 868 5567 868 5415 874 5413 874 5569 874 5312 877 5415 877 5569 877 5312 878 5569 878 5570 878 5312 880 5570 880 5571 880 5313 880 5312 880 5571 880 5313 882 5571 882 5572 882 5316 886 5313 886 5572 886 5318 2211 5316 2211 5572 2211 5318 2212 5572 2212 5573 2212 5320 2213 5318 2213 5573 2213 5320 2214 5573 2214 5574 2214 5322 1699 5320 1699 5574 1699 5322 1699 5574 1699 5575 1699 5327 2215 5322 2215 5575 2215 5327 2216 5575 2216 5576 2216 5327 2217 5576 2217 5577 2217 5332 2218 5327 2218 5577 2218 5338 976 5332 976 5577 976 5338 977 5577 977 5578 977 5344 978 5578 978 5579 978 5344 978 5338 978 5578 978 5348 979 5579 979 5580 979 5348 980 5344 980 5579 980 5352 981 5580 981 5581 981 5352 982 5348 982 5580 982 5356 983 5581 983 5582 983 5356 983 5352 983 5581 983 5359 984 5582 984 5583 984 5359 984 5356 984 5582 984 5363 985 5583 985 5584 985 5363 986 5359 986 5583 986 5366 987 5584 987 5585 987 5366 988 5585 988 5586 988 5366 989 5363 989 5584 989 5370 990 5366 990 5586 990 5375 991 5586 991 5587 991 5375 992 5370 992 5586 992 5373 993 5587 993 5588 993 5373 993 5375 993 5587 993 5371 994 5588 994 5589 994 5371 995 5589 995 5590 995 5371 996 5373 996 5588 996 5368 995 5371 995 5590 995 5365 997 5590 997 5591 997 5365 997 5368 997 5590 997 5361 998 5591 998 5592 998 5361 998 5365 998 5591 998 5355 999 5592 999 5593 999 5355 1000 5361 1000 5592 1000 5351 1001 5593 1001 5594 1001 5351 1002 5594 1002 5595 1002 5351 1003 5355 1003 5593 1003 5347 1004 5351 1004 5595 1004 5343 1005 5347 1005 5595 1005 5343 1006 5595 1006 5596 1006 5340 1007 5343 1007 5596 1007 5340 1008 5596 1008 5597 1008 5337 1009 5340 1009 5597 1009 5337 1010 5597 1010 5598 1010 5337 1011 5598 1011 5599 1011 5331 1012 5337 1012 5599 1012 5326 1013 5331 1013 5599 1013 5326 1014 5599 1014 5600 1014 5319 1015 5326 1015 5600 1015 5319 1016 5600 1016 5601 1016 5317 1017 5319 1017 5601 1017 5317 1018 5601 1018 5602 1018 5317 1019 5602 1019 5603 1019 5315 1020 5317 1020 5603 1020 5314 1021 5315 1021 5603 1021 5314 1022 5603 1022 5604 1022 5314 1023 5604 1023 5605 1023 5311 1024 5314 1024 5605 1024 5311 1025 5605 1025 5606 1025 5310 1026 5311 1026 5606 1026 5414 1027 5310 1027 5606 1027 5414 1028 5606 1028 5607 1028 5412 1029 5414 1029 5607 1029 5412 1030 5607 1030 5608 1030 5409 1031 5412 1031 5608 1031 5409 1032 5608 1032 5609 1032 5409 1033 5609 1033 5610 1033 5407 1034 5409 1034 5610 1034 5407 1035 5610 1035 5611 1035 5405 1036 5611 1036 5612 1036 5405 1035 5407 1035 5611 1035 5404 1036 5405 1036 5612 1036 5402 1037 5404 1037 5612 1037 5402 1037 5612 1037 5613 1037 5402 1038 5613 1038 5614 1038 5400 1039 5402 1039 5614 1039 5398 1040 5614 1040 5615 1040 5398 1040 5400 1040 5614 1040 5396 1041 5615 1041 5616 1041 5396 1042 5616 1042 5617 1042 5396 1043 5398 1043 5615 1043 5394 1044 5617 1044 5618 1044 5394 1045 5396 1045 5617 1045 5392 1046 5394 1046 5618 1046 5390 1047 5618 1047 5619 1047 5390 1048 5619 1048 5620 1048 5390 1049 5392 1049 5618 1049 5388 1048 5390 1048 5620 1048 5386 1050 5388 1050 5620 1050 5386 1050 5620 1050 5621 1050 5384 1051 5386 1051 5621 1051 5384 1052 5621 1052 5622 1052 5384 1053 5622 1053 5623 1053 5382 1054 5384 1054 5623 1054 5382 798 5623 798 5624 798 5380 798 5382 798 5624 798 5378 799 5380 799 5624 799 5378 800 5624 800 5625 800 5376 801 5378 801 5625 801 5376 802 5625 802 5626 802 5376 804 5626 804 5627 804 5372 806 5376 806 5627 806 5372 807 5627 807 5628 807 5367 807 5372 807 5628 807 5362 812 5367 812 5628 812 5362 813 5628 813 5629 813 5358 816 5362 816 5629 816 5358 817 5629 817 5630 817 5354 819 5358 819 5630 819 5354 821 5630 821 5631 821 5350 824 5354 824 5631 824 5350 824 5631 824 5632 824 5346 826 5350 826 5632 826 5346 828 5632 828 5633 828 5342 831 5346 831 5633 831 5342 833 5633 833 5634 833 5339 834 5342 834 5634 834 5339 834 5634 834 5635 834 5335 837 5339 837 5635 837 5335 837 5635 837 5636 837 5333 839 5335 839 5636 839 5333 840 5636 840 5637 840 5329 841 5333 841 5637 841 5329 843 5637 843 5638 843 5325 845 5329 845 5638 845 5325 847 5638 847 5639 847 5323 848 5325 848 5639 848 5323 850 5639 850 5640 850 5321 852 5323 852 5640 852 5321 852 5640 852 5641 852 5324 855 5321 855 5641 855 5324 856 5641 856 5536 856 5328 858 5536 858 5538 858 5438 1055 5435 1055 5642 1055 5435 1056 5643 1056 5642 1056 5440 1057 5438 1057 5644 1057 5438 1058 5642 1058 5644 1058 5446 1059 5440 1059 5645 1059 5417 1060 5420 1060 5646 1060 5440 1061 5644 1061 5645 1061 5420 1062 5647 1062 5646 1062 5451 1063 5446 1063 5648 1063 5416 1064 5417 1064 5649 1064 5446 1065 5645 1065 5648 1065 5535 1066 5416 1066 5649 1066 5417 1067 5646 1067 5649 1067 5452 1068 5451 1068 5650 1068 5451 1069 5648 1069 5650 1069 5532 1070 5535 1070 5651 1070 5535 1071 5649 1071 5651 1071 5460 1072 5452 1072 5652 1072 5461 1073 5460 1073 5652 1073 5452 1074 5650 1074 5652 1074 5532 1075 5651 1075 5653 1075 5461 1073 5652 1073 5654 1073 5530 1076 5532 1076 5655 1076 5528 1077 5530 1077 5655 1077 5532 1078 5653 1078 5655 1078 5471 1079 5461 1079 5656 1079 5461 1080 5654 1080 5656 1080 5528 1081 5655 1081 5657 1081 5472 1082 5471 1082 5658 1082 5471 1083 5656 1083 5658 1083 5526 1084 5528 1084 5659 1084 5524 1085 5526 1085 5659 1085 5528 1084 5657 1084 5659 1084 5476 1086 5472 1086 5660 1086 5472 1087 5658 1087 5660 1087 5524 1085 5659 1085 5661 1085 5477 1088 5476 1088 5662 1088 5476 1089 5660 1089 5662 1089 5522 1090 5524 1090 5663 1090 5524 1091 5661 1091 5663 1091 5481 1092 5477 1092 5664 1092 5477 1093 5662 1093 5664 1093 5520 1094 5522 1094 5665 1094 5518 1095 5520 1095 5665 1095 5480 1096 5481 1096 5666 1096 5522 1094 5663 1094 5665 1094 5481 1097 5664 1097 5666 1097 5516 1098 5518 1098 5667 1098 5475 1099 5480 1099 5668 1099 5518 1100 5665 1100 5667 1100 5470 1101 5475 1101 5668 1101 5480 1102 5666 1102 5668 1102 5470 1103 5668 1103 5669 1103 5516 1104 5667 1104 5670 1104 5465 1105 5470 1105 5671 1105 5515 1106 5516 1106 5672 1106 5516 1107 5670 1107 5672 1107 5470 1108 5669 1108 5671 1108 5462 1109 5465 1109 5673 1109 5515 1110 5672 1110 5674 1110 5513 1111 5515 1111 5674 1111 5465 1112 5671 1112 5673 1112 5456 1113 5462 1113 5675 1113 5513 1114 5674 1114 5676 1114 5462 1113 5673 1113 5675 1113 5510 1115 5513 1115 5676 1115 5455 1116 5456 1116 5677 1116 5456 1117 5675 1117 5677 1117 5510 1118 5676 1118 5678 1118 5508 1119 5510 1119 5678 1119 5449 1120 5455 1120 5679 1120 5455 1120 5677 1120 5679 1120 5508 1121 5678 1121 5680 1121 5506 1122 5508 1122 5680 1122 5444 1123 5449 1123 5681 1123 5449 1123 5679 1123 5681 1123 5506 1124 5680 1124 5682 1124 5504 1125 5506 1125 5682 1125 5442 1126 5444 1126 5683 1126 5436 1127 5442 1127 5683 1127 5444 1128 5681 1128 5683 1128 5504 1129 5682 1129 5684 1129 5502 1130 5504 1130 5684 1130 5436 1131 5683 1131 5685 1131 5502 1132 5684 1132 5686 1132 5436 1133 5685 1133 5687 1133 5500 1134 5502 1134 5686 1134 5431 1135 5436 1135 5687 1135 5431 1136 5687 1136 5688 1136 5500 1137 5686 1137 5689 1137 5498 1137 5500 1137 5689 1137 5496 1138 5498 1138 5689 1138 5430 1139 5431 1139 5688 1139 5430 1140 5688 1140 5690 1140 5422 1141 5430 1141 5690 1141 5420 1142 5422 1142 5690 1142 5496 1143 5689 1143 5691 1143 5420 1144 5690 1144 5647 1144 5496 1145 5691 1145 5692 1145 5494 1146 5496 1146 5692 1146 5494 1147 5692 1147 5693 1147 5492 1148 5494 1148 5693 1148 5490 1149 5492 1149 5694 1149 5492 1150 5693 1150 5694 1150 5488 1151 5490 1151 5695 1151 5490 1151 5694 1151 5695 1151 5486 1152 5488 1152 5696 1152 5488 1153 5695 1153 5696 1153 5484 1154 5486 1154 5697 1154 5486 1155 5696 1155 5697 1155 5482 1156 5484 1156 5698 1156 5478 1157 5482 1157 5698 1157 5484 1158 5697 1158 5698 1158 5473 1159 5478 1159 5699 1159 5478 1157 5698 1157 5699 1157 5468 1160 5473 1160 5700 1160 5473 1159 5699 1159 5700 1159 5468 1161 5700 1161 5701 1161 5466 1162 5468 1162 5702 1162 5468 1163 5701 1163 5702 1163 5463 1164 5466 1164 5703 1164 5466 1165 5702 1165 5703 1165 5458 1166 5463 1166 5704 1166 5463 1166 5703 1166 5704 1166 5454 1167 5458 1167 5705 1167 5458 1168 5704 1168 5705 1168 5450 1169 5454 1169 5706 1169 5454 1170 5705 1170 5706 1170 5447 1171 5450 1171 5707 1171 5450 1172 5706 1172 5707 1172 5443 1173 5447 1173 5708 1173 5447 1174 5707 1174 5708 1174 5443 1175 5708 1175 5709 1175 5439 1175 5443 1175 5709 1175 5439 1176 5709 1176 5710 1176 5434 1177 5439 1177 5710 1177 5434 1178 5710 1178 5711 1178 5432 1179 5434 1179 5711 1179 5432 1180 5711 1180 5712 1180 5427 1181 5432 1181 5712 1181 5427 1182 5712 1182 5713 1182 5424 1183 5427 1183 5713 1183 5423 1184 5424 1184 5713 1184 5423 1185 5713 1185 5714 1185 5426 1186 5423 1186 5714 1186 5426 1187 5714 1187 5715 1187 5426 1188 5715 1188 5716 1188 5429 1189 5426 1189 5716 1189 5433 1190 5429 1190 5716 1190 5433 1191 5716 1191 5717 1191 5433 1192 5717 1192 5718 1192 5437 1193 5433 1193 5718 1193 5437 1194 5718 1194 5719 1194 5441 1195 5437 1195 5719 1195 5445 1196 5441 1196 5719 1196 5445 1196 5719 1196 5720 1196 5448 1197 5445 1197 5720 1197 5448 1198 5720 1198 5721 1198 5448 1199 5721 1199 5722 1199 5453 1199 5448 1199 5722 1199 5453 1200 5722 1200 5723 1200 5457 1200 5453 1200 5723 1200 5457 1201 5723 1201 5724 1201 5459 1202 5457 1202 5724 1202 5459 1203 5724 1203 5725 1203 5464 1204 5459 1204 5725 1204 5464 1205 5725 1205 5726 1205 5467 1206 5464 1206 5726 1206 5467 1207 5726 1207 5727 1207 5469 1208 5467 1208 5727 1208 5469 1209 5727 1209 5728 1209 5474 1210 5469 1210 5728 1210 5479 1211 5474 1211 5729 1211 5483 1212 5479 1212 5729 1212 5474 1213 5728 1213 5729 1213 5483 1214 5729 1214 5730 1214 5485 1215 5483 1215 5730 1215 5485 1216 5730 1216 5731 1216 5487 1217 5485 1217 5732 1217 5485 1218 5731 1218 5732 1218 5489 1219 5487 1219 5733 1219 5487 1220 5732 1220 5733 1220 5489 1221 5733 1221 5734 1221 5491 1222 5489 1222 5734 1222 5493 1223 5491 1223 5734 1223 5493 1224 5734 1224 5735 1224 5493 1225 5735 1225 5736 1225 5495 1225 5493 1225 5736 1225 5497 1226 5495 1226 5736 1226 5497 1226 5736 1226 5737 1226 5497 1227 5737 1227 5738 1227 5499 1228 5497 1228 5738 1228 5501 1229 5499 1229 5738 1229 5501 1229 5738 1229 5739 1229 5501 1230 5739 1230 5740 1230 5503 1231 5501 1231 5740 1231 5505 1232 5503 1232 5740 1232 5505 1233 5740 1233 5741 1233 5505 1234 5741 1234 5742 1234 5507 1235 5505 1235 5742 1235 5507 1236 5742 1236 5743 1236 5509 1237 5507 1237 5743 1237 5509 1238 5743 1238 5744 1238 5511 1239 5509 1239 5744 1239 5511 1240 5744 1240 5745 1240 5512 1241 5511 1241 5745 1241 5514 1242 5512 1242 5745 1242 5514 1243 5745 1243 5746 1243 5514 1244 5746 1244 5747 1244 5517 1245 5514 1245 5747 1245 5517 1246 5747 1246 5748 1246 5519 1247 5517 1247 5748 1247 5519 1248 5748 1248 5749 1248 5521 1249 5519 1249 5749 1249 5523 1250 5521 1250 5750 1250 5521 1250 5749 1250 5750 1250 5525 1251 5523 1251 5751 1251 5523 1252 5750 1252 5751 1252 5527 1253 5525 1253 5752 1253 5525 1254 5751 1254 5752 1254 5529 1255 5527 1255 5753 1255 5531 1256 5529 1256 5753 1256 5527 1257 5752 1257 5753 1257 5531 1258 5753 1258 5754 1258 5533 1259 5531 1259 5755 1259 5531 1260 5754 1260 5755 1260 5534 1261 5533 1261 5756 1261 5533 1262 5755 1262 5756 1262 5419 1263 5534 1263 5757 1263 5534 1264 5756 1264 5757 1264 5418 1265 5419 1265 5758 1265 5419 1266 5757 1266 5758 1266 5418 1267 5758 1267 5759 1267 5421 1267 5418 1267 5759 1267 5421 1268 5759 1268 5760 1268 5425 1268 5421 1268 5760 1268 5425 1269 5760 1269 5761 1269 5428 1270 5425 1270 5761 1270 5435 1271 5428 1271 5761 1271 5435 1272 5761 1272 5643 1272 5572 269 5571 269 5762 269 5603 269 5764 269 5763 269 5603 269 5763 269 5604 269 5573 1273 5766 1273 5765 1273 5573 269 5572 269 5766 269 5602 269 5767 269 5764 269 5602 269 5764 269 5603 269 5574 269 5765 269 5768 269 5574 269 5573 269 5765 269 5601 269 5767 269 5602 269 5575 269 5574 269 5768 269 5600 269 5767 269 5601 269 5769 1274 5641 1274 5640 1274 5769 1275 5536 1275 5641 1275 5600 269 5770 269 5767 269 5771 1276 5769 1276 5640 1276 5576 269 5575 269 5768 269 5576 1277 5768 1277 5772 1277 5771 1278 5640 1278 5639 1278 5599 1279 5770 1279 5600 1279 5773 269 5536 269 5769 269 5773 269 5538 269 5536 269 5599 269 5774 269 5770 269 5577 1280 5576 1280 5772 1280 5577 1281 5772 1281 5775 1281 5776 269 5771 269 5639 269 5776 1282 5639 1282 5638 1282 5598 1283 5774 1283 5599 1283 5598 1284 5777 1284 5774 1284 5778 269 5538 269 5773 269 5578 269 5577 269 5775 269 5778 1285 5537 1285 5538 1285 5578 1286 5775 1286 5779 1286 5780 269 5776 269 5638 269 5780 1287 5638 1287 5637 1287 5597 269 5777 269 5598 269 5597 1288 5781 1288 5777 1288 5579 269 5578 269 5779 269 5579 1289 5779 1289 5782 1289 5783 1290 5537 1290 5778 1290 5783 269 5539 269 5537 269 5784 1291 5780 1291 5637 1291 5596 269 5785 269 5781 269 5596 269 5781 269 5597 269 5580 1292 5579 1292 5782 1292 5580 269 5782 269 5786 269 5784 1293 5637 1293 5636 1293 5787 1294 5539 1294 5783 1294 5595 1295 5788 1295 5785 1295 5595 1296 5785 1296 5596 1296 5787 1297 5540 1297 5539 1297 5581 1298 5580 1298 5786 1298 5789 269 5784 269 5636 269 5594 269 5788 269 5595 269 5789 1299 5636 1299 5635 1299 5582 1300 5786 1300 5790 1300 5791 269 5540 269 5787 269 5791 1301 5544 1301 5540 1301 5582 269 5581 269 5786 269 5791 1302 5546 1302 5544 1302 5593 269 5792 269 5788 269 5793 1303 5789 1303 5635 1303 5593 1304 5788 1304 5594 1304 5583 1305 5790 1305 5794 1305 5793 1306 5634 1306 5633 1306 5793 1307 5635 1307 5634 1307 5795 1308 5547 1308 5546 1308 5583 269 5582 269 5790 269 5592 1309 5796 1309 5792 1309 5795 269 5546 269 5791 269 5592 1310 5792 1310 5593 1310 5584 1311 5794 1311 5797 1311 5584 1312 5583 1312 5794 1312 5798 1313 5793 1313 5633 1313 5591 1314 5799 1314 5796 1314 5591 269 5796 269 5592 269 5798 1315 5633 1315 5632 1315 5585 1316 5797 1316 5800 1316 5801 269 5548 269 5547 269 5585 1317 5584 1317 5797 1317 5590 269 5802 269 5799 269 5801 1318 5547 1318 5795 1318 5590 1319 5799 1319 5591 1319 5586 1320 5800 1320 5803 1320 5586 1321 5585 1321 5800 1321 5589 1322 5804 1322 5802 1322 5589 269 5802 269 5590 269 5587 269 5586 269 5803 269 5587 1323 5803 1323 5804 1323 5805 1324 5632 1324 5631 1324 5805 269 5798 269 5632 269 5588 269 5587 269 5804 269 5588 1325 5804 1325 5589 1325 5806 269 5551 269 5548 269 5806 1326 5548 1326 5801 1326 5807 1327 5631 1327 5630 1327 5807 1328 5805 1328 5631 1328 5808 269 5552 269 5551 269 5808 1329 5551 1329 5806 1329 5809 269 5807 269 5630 269 5809 1330 5630 1330 5629 1330 5810 1331 5555 1331 5552 1331 5810 1332 5552 1332 5808 1332 5811 269 5809 269 5629 269 5811 1333 5629 1333 5628 1333 5812 269 5541 269 5542 269 5812 269 5542 269 5555 269 5812 269 5555 269 5810 269 5813 269 5811 269 5628 269 5813 1334 5627 1334 5626 1334 5813 269 5628 269 5627 269 5814 1331 5543 1331 5541 1331 5814 269 5541 269 5812 269 5815 269 5813 269 5626 269 5815 1335 5626 1335 5625 1335 5816 269 5545 269 5543 269 5816 269 5543 269 5814 269 5817 269 5815 269 5625 269 5817 1336 5625 1336 5624 1336 5818 269 5549 269 5545 269 5818 269 5545 269 5816 269 5819 1337 5817 1337 5624 1337 5819 1338 5624 1338 5623 1338 5820 269 5550 269 5549 269 5820 1339 5549 1339 5818 1339 5821 269 5819 269 5623 269 5821 1340 5623 1340 5622 1340 5822 1341 5553 1341 5550 1341 5822 269 5550 269 5820 269 5823 269 5821 269 5622 269 5823 1342 5621 1342 5620 1342 5823 1343 5622 1343 5621 1343 5824 269 5554 269 5553 269 5824 1301 5556 1301 5554 1301 5824 269 5553 269 5822 269 5825 1344 5823 1344 5620 1344 5825 1345 5620 1345 5619 1345 5826 1297 5557 1297 5556 1297 5826 269 5556 269 5824 269 5827 269 5825 269 5619 269 5827 1346 5619 1346 5618 1346 5828 269 5558 269 5557 269 5828 1347 5557 1347 5826 1347 5829 1348 5827 1348 5618 1348 5829 1349 5618 1349 5617 1349 5830 1285 5559 1285 5558 1285 5830 1350 5558 1350 5828 1350 5831 1351 5617 1351 5616 1351 5831 269 5829 269 5617 269 5832 269 5560 269 5559 269 5832 269 5559 269 5830 269 5833 1352 5616 1352 5615 1352 5833 269 5831 269 5616 269 5834 1275 5561 1275 5560 1275 5834 269 5560 269 5832 269 5835 269 5833 269 5615 269 5614 269 5835 269 5615 269 5562 1353 5834 1353 5836 1353 5562 269 5561 269 5834 269 5613 1322 5837 1322 5835 1322 5613 1325 5835 1325 5614 1325 5563 269 5562 269 5836 269 5563 1354 5836 1354 5838 1354 5612 269 5839 269 5837 269 5612 269 5837 269 5613 269 5564 1355 5563 1355 5838 1355 5564 1356 5838 1356 5840 1356 5611 1319 5839 1319 5612 1319 5611 1357 5841 1357 5839 1357 5565 1358 5840 1358 5842 1358 5565 1359 5564 1359 5840 1359 5610 269 5841 269 5611 269 5610 1360 5843 1360 5841 1360 5566 1361 5842 1361 5844 1361 5566 1362 5565 1362 5842 1362 5609 269 5843 269 5610 269 5609 269 5845 269 5843 269 5567 1363 5844 1363 5846 1363 5567 269 5566 269 5844 269 5608 269 5845 269 5609 269 5568 269 5567 269 5846 269 5607 1364 5845 1364 5608 1364 5607 269 5847 269 5845 269 5569 269 5846 269 5848 269 5569 1365 5568 1365 5846 1365 5606 1366 5849 1366 5847 1366 5606 1367 5847 1367 5607 1367 5570 1368 5848 1368 5850 1368 5570 1369 5569 1369 5848 1369 5605 1288 5851 1288 5849 1288 5605 269 5849 269 5606 269 5571 1370 5850 1370 5762 1370 5571 269 5570 269 5850 269 5604 269 5851 269 5605 269 5604 1284 5763 1284 5851 1284 5572 1371 5762 1371 5766 1371 5852 1487 5656 1487 5654 1487 5718 224 5853 224 5719 224 5853 224 5854 224 5719 224 5855 224 5852 224 5652 224 5852 1488 5654 1488 5652 1488 5719 224 5854 224 5720 224 5854 224 5856 224 5720 224 5857 224 5855 224 5650 224 5855 1489 5652 1489 5650 1489 5720 1490 5856 1490 5721 1490 5858 1491 5857 1491 5648 1491 5857 1492 5650 1492 5648 1492 5856 224 5859 224 5722 224 5721 1493 5856 1493 5722 1493 5858 1494 5648 1494 5645 1494 5859 224 5860 224 5723 224 5722 224 5859 224 5723 224 5858 1495 5645 1495 5644 1495 5861 224 5858 224 5644 224 5723 224 5860 224 5724 224 5860 224 5862 224 5724 224 5676 1496 5674 1496 5863 1496 5864 224 5861 224 5642 224 5861 1497 5644 1497 5642 1497 5678 224 5676 224 5865 224 5724 224 5862 224 5725 224 5680 224 5678 224 5865 224 5676 1498 5863 1498 5865 1498 5674 224 5672 224 5866 224 5863 224 5674 224 5866 224 5682 224 5680 224 5867 224 5680 1499 5865 1499 5867 1499 5864 1500 5642 1500 5643 1500 5868 224 5864 224 5643 224 5725 1501 5862 1501 5726 1501 5670 224 5667 224 5869 224 5672 224 5670 224 5869 224 5866 224 5672 224 5869 224 5862 224 5870 224 5726 224 5868 1502 5643 1502 5761 1502 5684 224 5682 224 5871 224 5682 1503 5867 1503 5871 1503 5726 1504 5870 1504 5727 1504 5870 1505 5872 1505 5727 1505 5873 224 5868 224 5760 224 5667 224 5665 224 5874 224 5869 224 5667 224 5874 224 5868 1506 5761 1506 5760 1506 5686 224 5684 224 5875 224 5689 1507 5686 1507 5875 1507 5727 1508 5872 1508 5728 1508 5872 1509 5876 1509 5728 1509 5684 1510 5871 1510 5875 1510 5877 224 5873 224 5759 224 5873 1511 5760 1511 5759 1511 5665 224 5663 224 5878 224 5874 224 5665 224 5878 224 5728 224 5876 224 5729 224 5879 1512 5877 1512 5758 1512 5691 1513 5689 1513 5880 1513 5877 1514 5759 1514 5758 1514 5689 1515 5875 1515 5880 1515 5661 1516 5659 1516 5881 1516 5663 1517 5661 1517 5881 1517 5876 1518 5882 1518 5730 1518 5729 224 5876 224 5730 224 5878 224 5663 224 5881 224 5692 224 5691 224 5883 224 5879 1519 5758 1519 5757 1519 5691 1520 5880 1520 5883 1520 5882 1521 5884 1521 5731 1521 5730 1522 5882 1522 5731 1522 5659 224 5657 224 5885 224 5886 224 5879 224 5756 224 5881 224 5659 224 5885 224 5693 1523 5692 1523 5887 1523 5694 1524 5693 1524 5887 1524 5879 1525 5757 1525 5756 1525 5692 1526 5883 1526 5887 1526 5731 1527 5884 1527 5732 1527 5884 224 5888 224 5732 224 5886 1528 5756 1528 5755 1528 5657 224 5655 224 5889 224 5890 224 5886 224 5755 224 5885 224 5657 224 5889 224 5732 224 5888 224 5733 224 5695 224 5694 224 5891 224 5694 1529 5887 1529 5891 1529 5892 224 5890 224 5754 224 5890 1530 5755 1530 5754 1530 5653 1531 5651 1531 5893 1531 5655 224 5653 224 5893 224 5733 224 5888 224 5734 224 5888 224 5894 224 5734 224 5889 224 5655 224 5893 224 5695 1532 5891 1532 5895 1532 5696 224 5695 224 5895 224 5892 1533 5754 1533 5753 1533 5651 1534 5649 1534 5896 1534 5893 224 5651 224 5896 224 5894 1535 5897 1535 5735 1535 5734 224 5894 224 5735 224 5898 1536 5892 1536 5752 1536 5892 1537 5753 1537 5752 1537 5696 1538 5895 1538 5899 1538 5697 224 5696 224 5899 224 5698 224 5697 224 5899 224 5897 224 5900 224 5736 224 5735 224 5897 224 5736 224 5901 224 5898 224 5751 224 5649 1539 5646 1539 5902 1539 5898 1540 5752 1540 5751 1540 5896 1541 5649 1541 5902 1541 5698 1542 5899 1542 5903 1542 5699 224 5698 224 5903 224 5736 224 5900 224 5737 224 5901 1543 5751 1543 5750 1543 5904 224 5901 224 5750 224 5646 224 5647 224 5905 224 5737 1544 5900 1544 5738 1544 5647 224 5690 224 5905 224 5902 1545 5646 1545 5905 1545 5900 224 5906 224 5738 224 5904 1546 5750 1546 5749 1546 5738 224 5906 224 5739 224 5700 224 5699 224 5907 224 5906 224 5908 224 5739 224 5699 224 5903 224 5907 224 5904 1547 5749 1547 5748 1547 5909 224 5904 224 5748 224 5690 1548 5688 1548 5910 1548 5905 1549 5690 1549 5910 1549 5739 1550 5908 1550 5740 1550 5908 224 5911 224 5740 224 5701 224 5700 224 5912 224 5913 224 5909 224 5747 224 5702 224 5701 224 5912 224 5909 1551 5748 1551 5747 1551 5700 1552 5907 1552 5912 1552 5740 224 5911 224 5741 224 5913 224 5747 224 5746 224 5914 224 5913 224 5746 224 5910 1553 5688 1553 5915 1553 5741 224 5911 224 5742 224 5911 224 5916 224 5742 224 5688 1554 5687 1554 5915 1554 5914 224 5746 224 5745 224 5703 224 5702 224 5917 224 5742 224 5916 224 5743 224 5702 1555 5912 1555 5917 1555 5916 224 5918 224 5743 224 5914 1556 5745 1556 5744 1556 5743 224 5918 224 5744 224 5918 224 5914 224 5744 224 5685 224 5683 224 5919 224 5687 224 5685 224 5919 224 5915 224 5687 224 5919 224 5704 224 5703 224 5920 224 5703 1557 5917 1557 5920 1557 5683 224 5681 224 5921 224 5919 224 5683 224 5921 224 5704 1558 5920 1558 5922 1558 5705 1559 5704 1559 5922 1559 5706 1560 5705 1560 5922 1560 5681 224 5679 224 5923 224 5921 1561 5681 1561 5923 1561 5707 224 5706 224 5924 224 5706 1562 5922 1562 5924 1562 5677 1563 5675 1563 5925 1563 5679 224 5677 224 5925 224 5923 224 5679 224 5925 224 5708 1564 5707 1564 5926 1564 5707 1565 5924 1565 5926 1565 5675 224 5673 224 5927 224 5925 224 5675 224 5927 224 5709 224 5708 224 5928 224 5710 224 5709 224 5928 224 5708 1566 5926 1566 5928 1566 5673 1567 5671 1567 5929 1567 5927 224 5673 224 5929 224 5710 1568 5928 1568 5930 1568 5711 224 5710 224 5930 224 5669 224 5668 224 5931 224 5671 224 5669 224 5931 224 5929 224 5671 224 5931 224 5711 1569 5930 1569 5932 1569 5712 224 5711 224 5932 224 5931 224 5668 224 5933 224 5668 224 5666 224 5933 224 5712 1570 5932 1570 5934 1570 5713 224 5712 224 5934 224 5933 224 5666 224 5935 224 5935 1571 5666 1571 5664 1571 5713 224 5934 224 5714 224 5714 1572 5934 1572 5936 1572 5935 224 5664 224 5937 224 5937 1573 5664 1573 5662 1573 5714 1574 5936 1574 5715 1574 5936 224 5938 224 5715 224 5937 224 5662 224 5660 224 5939 224 5937 224 5660 224 5715 224 5938 224 5716 224 5938 224 5940 224 5716 224 5941 224 5939 224 5658 224 5939 224 5660 224 5658 224 5716 224 5940 224 5717 224 5852 224 5941 224 5656 224 5941 1575 5658 1575 5656 1575 5717 224 5940 224 5718 224 5940 224 5853 224 5718 224 5812 1576 5943 1576 5942 1576 5814 1576 5812 1576 5942 1576 5816 1577 5814 1577 5944 1577 5814 1578 5942 1578 5944 1578 5818 1579 5816 1579 5945 1579 5816 1580 5944 1580 5945 1580 5818 1581 5945 1581 5946 1581 5820 1582 5818 1582 5946 1582 5820 1583 5946 1583 5947 1583 5822 1584 5820 1584 5947 1584 5822 1585 5947 1585 5948 1585 5824 1586 5822 1586 5948 1586 5824 1587 5948 1587 5949 1587 5826 1588 5824 1588 5949 1588 5828 1589 5826 1589 5949 1589 5828 1590 5949 1590 5950 1590 5832 1591 5830 1591 5951 1591 5828 1592 5950 1592 5951 1592 5830 1593 5828 1593 5951 1593 5832 1594 5951 1594 5952 1594 5834 1595 5832 1595 5953 1595 5836 1596 5834 1596 5953 1596 5832 1597 5952 1597 5953 1597 5836 1596 5953 1596 5954 1596 5838 1598 5836 1598 5955 1598 5836 1599 5954 1599 5955 1599 5840 1600 5838 1600 5956 1600 5838 1601 5955 1601 5956 1601 5842 1602 5840 1602 5957 1602 5840 1603 5956 1603 5957 1603 5844 1604 5842 1604 5958 1604 5842 1605 5957 1605 5958 1605 5846 1606 5844 1606 5959 1606 5844 1607 5958 1607 5959 1607 5848 1608 5846 1608 5960 1608 5850 1609 5848 1609 5960 1609 5846 1610 5959 1610 5960 1610 5850 1611 5960 1611 5961 1611 5762 1612 5850 1612 5962 1612 5766 1613 5762 1613 5962 1613 5850 1612 5961 1612 5962 1612 5766 1614 5962 1614 5963 1614 5765 1615 5766 1615 5964 1615 5766 1616 5963 1616 5964 1616 5768 807 5765 807 5965 807 5772 1617 5768 1617 5965 1617 5765 807 5964 807 5965 807 5772 1618 5965 1618 5966 1618 5775 1619 5772 1619 5967 1619 5772 1620 5966 1620 5967 1620 5779 1621 5775 1621 5968 1621 5782 1622 5779 1622 5968 1622 5775 1621 5967 1621 5968 1621 5782 1623 5968 1623 5969 1623 5786 1624 5782 1624 5970 1624 5790 1625 5786 1625 5970 1625 5782 1626 5969 1626 5970 1626 5790 1627 5970 1627 5971 1627 5790 1628 5971 1628 5972 1628 5794 1629 5790 1629 5972 1629 5794 1630 5972 1630 5973 1630 5797 1631 5794 1631 5973 1631 5800 1632 5797 1632 5973 1632 5800 1633 5973 1633 5974 1633 5800 1634 5974 1634 5975 1634 5803 1635 5800 1635 5975 1635 5803 1636 5975 1636 5976 1636 5804 1636 5803 1636 5976 1636 5802 1637 5804 1637 5977 1637 5804 1638 5976 1638 5977 1638 5799 1639 5802 1639 5978 1639 5802 1640 5977 1640 5978 1640 5796 1641 5799 1641 5978 1641 5796 1642 5978 1642 5979 1642 5792 1643 5796 1643 5980 1643 5796 1644 5979 1644 5980 1644 5788 1645 5792 1645 5981 1645 5792 1646 5980 1646 5981 1646 5785 1647 5788 1647 5982 1647 5788 1648 5981 1648 5982 1648 5781 1649 5785 1649 5983 1649 5785 1650 5982 1650 5983 1650 5777 1651 5781 1651 5984 1651 5774 1652 5777 1652 5984 1652 5781 1653 5983 1653 5984 1653 5774 1654 5984 1654 5985 1654 5770 1655 5774 1655 5986 1655 5774 1656 5985 1656 5986 1656 5767 1657 5770 1657 5987 1657 5770 1657 5986 1657 5987 1657 5764 1658 5767 1658 5988 1658 5767 1658 5987 1658 5988 1658 5763 1659 5764 1659 5989 1659 5851 1660 5763 1660 5989 1660 5764 1661 5988 1661 5989 1661 5851 1662 5989 1662 5990 1662 5849 1663 5851 1663 5991 1663 5851 1664 5990 1664 5991 1664 5847 1665 5849 1665 5992 1665 5849 1666 5991 1666 5992 1666 5845 1667 5847 1667 5993 1667 5847 1668 5992 1668 5993 1668 5843 1669 5845 1669 5994 1669 5841 1670 5843 1670 5994 1670 5845 1671 5993 1671 5994 1671 5841 1672 5994 1672 5995 1672 5841 1673 5995 1673 5996 1673 5839 1674 5841 1674 5996 1674 5839 1675 5996 1675 5997 1675 5837 1676 5839 1676 5997 1676 5837 1677 5997 1677 5998 1677 5835 1678 5837 1678 5998 1678 5835 1679 5998 1679 5999 1679 5833 1679 5835 1679 5999 1679 5831 1680 5833 1680 5999 1680 5831 1681 5999 1681 6000 1681 5831 1682 6000 1682 6001 1682 5829 1683 5831 1683 6001 1683 5829 1684 6001 1684 6002 1684 5827 1685 5829 1685 6002 1685 5827 1686 6002 1686 6003 1686 5825 1687 5827 1687 6003 1687 5825 1688 6003 1688 6004 1688 5823 1689 5825 1689 6004 1689 5823 1690 6004 1690 6005 1690 5821 1691 5823 1691 6005 1691 5821 1692 6005 1692 6006 1692 5819 1693 5821 1693 6006 1693 5817 1694 5819 1694 6006 1694 5817 1694 6006 1694 6007 1694 5817 1695 6007 1695 6008 1695 5815 1696 5817 1696 6008 1696 5815 1697 6008 1697 6009 1697 5813 1698 5815 1698 6009 1698 5813 1699 6009 1699 6010 1699 5811 1699 5813 1699 6010 1699 5811 1700 6010 1700 6011 1700 5809 1701 5811 1701 6011 1701 5807 1702 5809 1702 6012 1702 5809 1703 6011 1703 6012 1703 5805 1704 5807 1704 6013 1704 5807 1704 6012 1704 6013 1704 5798 1705 5805 1705 6014 1705 5805 1706 6013 1706 6014 1706 5793 1707 5798 1707 6015 1707 5798 1708 6014 1708 6015 1708 5789 1709 5793 1709 6016 1709 5784 1710 5789 1710 6016 1710 5793 1711 6015 1711 6016 1711 5784 1712 6016 1712 6017 1712 5780 1713 5784 1713 6018 1713 5784 1714 6017 1714 6018 1714 5776 1715 5780 1715 6019 1715 5780 1716 6018 1716 6019 1716 5771 1717 5776 1717 6020 1717 5776 1718 6019 1718 6020 1718 5769 1719 5771 1719 6021 1719 5771 1719 6020 1719 6021 1719 5769 1720 6021 1720 6022 1720 5773 1721 5769 1721 6022 1721 5773 1722 6022 1722 6023 1722 5778 1723 5773 1723 6023 1723 5778 1724 6023 1724 6024 1724 5783 1725 5778 1725 6024 1725 5783 1726 6024 1726 6025 1726 5787 1727 5783 1727 6025 1727 5787 1728 6025 1728 6026 1728 5791 1729 5787 1729 6026 1729 5795 1730 5791 1730 6026 1730 5795 1731 6026 1731 6027 1731 5795 1732 6027 1732 6028 1732 5801 1733 5795 1733 6028 1733 5801 1734 6028 1734 6029 1734 5806 1735 5801 1735 6029 1735 5806 1736 6029 1736 6030 1736 5808 1737 5806 1737 6030 1737 5808 1738 6030 1738 6031 1738 5810 1739 5808 1739 6031 1739 5810 1740 6031 1740 5943 1740 5812 1740 5810 1740 5943 1740 5943 1766 5905 1766 5910 1766 5942 1767 5910 1767 5915 1767 5942 1768 5943 1768 5910 1768 5944 1769 5915 1769 5919 1769 5944 1770 5942 1770 5915 1770 5945 1771 5944 1771 5919 1771 5946 1772 5919 1772 5921 1772 5946 1773 5921 1773 5923 1773 5946 1774 5945 1774 5919 1774 5947 1775 5946 1775 5923 1775 5948 1776 5947 1776 5923 1776 5948 1777 5923 1777 5925 1777 5949 1778 5948 1778 5925 1778 5949 1779 5925 1779 5927 1779 5950 1780 5927 1780 5929 1780 5950 1781 5929 1781 5931 1781 5950 1782 5949 1782 5927 1782 5951 1783 5950 1783 5931 1783 5952 1784 5931 1784 5933 1784 5952 1785 5951 1785 5931 1785 5953 1786 5933 1786 5935 1786 5953 1787 5952 1787 5933 1787 5954 1788 5935 1788 5937 1788 5954 1788 5953 1788 5935 1788 5955 1789 5937 1789 5939 1789 5955 1790 5954 1790 5937 1790 5956 1791 5939 1791 5941 1791 5956 1792 5955 1792 5939 1792 5957 1793 5941 1793 5852 1793 5957 1793 5956 1793 5941 1793 5958 1794 5852 1794 5855 1794 5958 1795 5855 1795 5857 1795 5958 1796 5957 1796 5852 1796 5959 1797 5958 1797 5857 1797 5960 1798 5857 1798 5858 1798 5960 1799 5959 1799 5857 1799 5961 1800 5858 1800 5861 1800 5961 1801 5861 1801 5864 1801 5961 1802 5960 1802 5858 1802 5962 1803 5961 1803 5864 1803 5963 1804 5864 1804 5868 1804 5963 1804 5962 1804 5864 1804 5964 1805 5868 1805 5873 1805 5964 1806 5963 1806 5868 1806 5965 807 5873 807 5877 807 5965 1807 5877 1807 5879 1807 5965 807 5964 807 5873 807 5966 1808 5965 1808 5879 1808 5967 1809 5879 1809 5886 1809 5967 1809 5966 1809 5879 1809 5968 1810 5886 1810 5890 1810 5968 1811 5967 1811 5886 1811 5969 1812 5890 1812 5892 1812 5969 1813 5968 1813 5890 1813 5970 1814 5892 1814 5898 1814 5970 1815 5969 1815 5892 1815 5971 1816 5970 1816 5898 1816 5971 1817 5898 1817 5901 1817 5972 1818 5971 1818 5901 1818 5972 1819 5901 1819 5904 1819 5972 1820 5904 1820 5909 1820 5973 1820 5972 1820 5909 1820 5974 1821 5973 1821 5909 1821 5974 1822 5909 1822 5913 1822 5975 1823 5974 1823 5913 1823 5975 1824 5913 1824 5914 1824 5976 1825 5975 1825 5914 1825 5976 1825 5914 1825 5918 1825 5977 1826 5976 1826 5918 1826 5977 1827 5918 1827 5916 1827 5978 1828 5977 1828 5916 1828 5978 1829 5916 1829 5911 1829 5979 1830 5978 1830 5911 1830 5979 1831 5911 1831 5908 1831 5979 1832 5908 1832 5906 1832 5980 1833 5979 1833 5906 1833 5981 1834 5906 1834 5900 1834 5981 1835 5980 1835 5906 1835 5982 1836 5900 1836 5897 1836 5982 1837 5981 1837 5900 1837 5983 1838 5897 1838 5894 1838 5983 1839 5982 1839 5897 1839 5984 1840 5894 1840 5888 1840 5984 1841 5983 1841 5894 1841 5985 1842 5888 1842 5884 1842 5985 1843 5884 1843 5882 1843 5985 1844 5984 1844 5888 1844 5986 1845 5882 1845 5876 1845 5986 1846 5985 1846 5882 1846 5987 1847 5986 1847 5876 1847 5988 1848 5876 1848 5872 1848 5988 1849 5987 1849 5876 1849 5989 1850 5872 1850 5870 1850 5989 1851 5988 1851 5872 1851 5990 1852 5870 1852 5862 1852 5990 1853 5989 1853 5870 1853 5991 1854 5862 1854 5860 1854 5991 1855 5990 1855 5862 1855 5992 1856 5860 1856 5859 1856 5992 1857 5991 1857 5860 1857 5993 1858 5859 1858 5856 1858 5993 1859 5992 1859 5859 1859 5994 1860 5856 1860 5854 1860 5994 1861 5854 1861 5853 1861 5994 1862 5993 1862 5856 1862 5995 1863 5994 1863 5853 1863 5996 1864 5995 1864 5853 1864 5996 1864 5853 1864 5940 1864 5997 1865 5996 1865 5940 1865 5997 1866 5940 1866 5938 1866 5998 1867 5997 1867 5938 1867 5998 1868 5938 1868 5936 1868 5999 1869 5998 1869 5936 1869 5999 1869 5936 1869 5934 1869 6000 1870 5999 1870 5934 1870 6000 1871 5934 1871 5932 1871 6001 1872 6000 1872 5932 1872 6001 1873 5932 1873 5930 1873 6002 1874 6001 1874 5930 1874 6002 1874 5930 1874 5928 1874 6003 1875 6002 1875 5928 1875 6003 1876 5928 1876 5926 1876 6004 1877 6003 1877 5926 1877 6004 1878 5926 1878 5924 1878 6005 1879 6004 1879 5924 1879 6005 1880 5924 1880 5922 1880 6006 1881 6005 1881 5922 1881 6006 1882 5922 1882 5920 1882 6007 1883 6006 1883 5920 1883 6007 1884 5920 1884 5917 1884 6007 1885 5917 1885 5912 1885 6008 1885 6007 1885 5912 1885 6009 1886 6008 1886 5912 1886 6009 1887 5912 1887 5907 1887 6010 1699 6009 1699 5907 1699 6010 1699 5907 1699 5903 1699 6011 1888 6010 1888 5903 1888 6011 1889 5903 1889 5899 1889 6012 1890 6011 1890 5899 1890 6012 1890 5899 1890 5895 1890 6013 1891 6012 1891 5895 1891 6013 1892 5895 1892 5891 1892 6014 1893 6013 1893 5891 1893 6014 1894 5891 1894 5887 1894 6015 1895 6014 1895 5887 1895 6015 1896 5887 1896 5883 1896 6016 1897 5883 1897 5880 1897 6016 1898 6015 1898 5883 1898 6017 1899 5880 1899 5875 1899 6017 1900 6016 1900 5880 1900 6018 1901 5875 1901 5871 1901 6018 1901 6017 1901 5875 1901 6019 1902 5871 1902 5867 1902 6019 1903 6018 1903 5871 1903 6020 1904 5867 1904 5865 1904 6020 1905 6019 1905 5867 1905 6021 1906 5865 1906 5863 1906 6021 1907 5863 1907 5866 1907 6021 1906 6020 1906 5865 1906 6022 1908 6021 1908 5866 1908 6023 1909 6022 1909 5866 1909 6023 1910 5866 1910 5869 1910 6024 1911 6023 1911 5869 1911 6024 1911 5869 1911 5874 1911 6025 1912 6024 1912 5874 1912 6025 1913 5874 1913 5878 1913 6026 1914 6025 1914 5878 1914 6026 1915 5878 1915 5881 1915 6027 1916 6026 1916 5881 1916 6027 1917 5881 1917 5885 1917 6028 1918 6027 1918 5885 1918 6028 1919 5885 1919 5889 1919 6029 1920 6028 1920 5889 1920 6029 1921 5889 1921 5893 1921 6030 1922 6029 1922 5893 1922 6030 1923 5893 1923 5896 1923 6030 1924 5896 1924 5902 1924 6031 1925 6030 1925 5902 1925 6031 1926 5902 1926 5905 1926 5943 1927 6031 1927 5905 1927</p>
        </triangles>
      </mesh>
    </geometry>
  </library_geometries>
  <library_visual_scenes>
    <visual_scene id="Scene" name="Scene">
      <node id="node" name="node" type="NODE">
        <matrix sid="transform">1 0 0 0 0 -1 -1.50996e-7 0 0 1.50996e-7 -1 0 0 0 0 1</matrix>
        <instance_geometry url="#shape0_024-mesh" name="node">
          <bind_material>
            <technique_common>
              <instance_material symbol="Material_013-material" target="#Material_013-material"/>
            </technique_common>
          </bind_material>
        </instance_geometry>
      </node>
    </visual_scene>
  </library_visual_scenes>
  <scene>
    <instance_visual_scene url="#Scene"/>
  </scene>
</COLLADA>