<?xml version="1.0" encoding="utf-8"?>
<COLLADA xmlns="http://www.collada.org/2005/11/COLLADASchema" version="1.4.1" xmlns:xsi="http://www.w3.org/2001/XMLSchema-instance">
  <asset>
    <contributor>
      <author>Blender User</author>
      <authoring_tool>Blender 4.0.2 commit date:2023-12-05, commit time:07:41, hash:9be62e85b727</authoring_tool>
    </contributor>
    <created>2024-02-21T11:10:17</created>
    <modified>2024-02-21T11:10:17</modified>
    <unit name="meter" meter="1"/>
    <up_axis>Z_UP</up_axis>
  </asset>
  <library_effects>
    <effect id="Material_018-effect">
      <profile_COMMON>
        <technique sid="common">
          <lambert>
            <emission>
              <color sid="emission">0 0 0 1</color>
            </emission>
            <diffuse>
              <color sid="diffuse">0.3 0.3 0.3 1</color>
            </diffuse>
            <reflectivity>
              <float sid="specular">1</float>
            </reflectivity>
            <index_of_refraction>
              <float sid="ior">1.45</float>
            </index_of_refraction>
          </lambert>
        </technique>
      </profile_COMMON>
    </effect>
  </library_effects>
  <library_images/>
  <library_materials>
    <material id="Material_018-material" name="Material.018">
      <instance_effect url="#Material_018-effect"/>
    </material>
  </library_materials>
  <library_geometries>
    <geometry id="shape0_030-mesh" name="shape0.030">
      <mesh>
        <source id="shape0_030-mesh-positions">
          <float_array id="shape0_030-mesh-positions-array" count="5718">0.001081526 -0.003328621 0.02899992 2.19767e-4 -0.00349301 0.02899992 2.19767e-4 -0.00349301 -0.00999999 0.001081526 -0.003328621 -0.00999999 0.001875281 -0.002955079 0.02899992 0.001875281 -0.002955079 -0.00999999 0.002551317 -0.002395808 0.02899992 0.003390014 8.70416e-4 0.02899992 0.003499925 0 -0.00999999 0.003390014 8.70416e-4 -0.00999999 0.002551317 -0.002395808 -0.00999999 0.003499925 0 0.02899992 0.003066956 -0.001686036 -0.00999999 0.003066956 -0.001686036 0.02899992 0.003066956 0.001686096 0.02899992 0.003066956 0.001686096 -0.00999999 0.003390014 -8.70414e-4 0.02899992 0.003390014 -8.70414e-4 -0.00999999 0.002551317 0.002395868 0.02899992 0.002551317 0.002395868 -0.00999999 0.001875281 0.002955138 0.02899992 0.001875281 0.002955138 -0.00999999 0.001081526 0.00332868 -0.00999999 0.001081526 0.00332868 0.02899992 2.19767e-4 0.00349307 -0.00999999 2.19767e-4 0.00349307 0.02899992 -6.55835e-4 0.003437995 -0.00999999 -6.55835e-4 0.003437995 0.02899992 -0.001490116 0.003166854 -0.00999999 -0.001490116 0.003166854 0.02899992 -0.002230942 0.002696752 0.02899992 -0.002230942 0.002696752 -0.00999999 -0.002831459 0.002057194 -0.00999999 -0.002831459 0.002057194 0.02899992 -0.003254175 0.001288414 -0.00999999 -0.003254175 0.001288414 0.02899992 -0.003472328 4.38667e-4 -0.00999999 -0.003472328 4.38667e-4 0.02899992 -0.003472328 -4.38665e-4 -0.00999999 -0.003472328 -4.38665e-4 0.02899992 -0.003254175 -0.001288354 -0.00999999 -0.003254175 -0.001288354 0.02899992 -0.002831459 -0.002057135 0.02899992 -0.002831459 -0.002057135 -0.00999999 -0.002230942 -0.002696692 -0.00999999 -0.002230942 -0.002696692 0.02899992 -0.001490116 -0.003166794 0.02899992 -0.001490116 -0.003166794 -0.00999999 -6.55835e-4 -0.003437936 0.02899992 -6.55835e-4 -0.003437936 -0.00999999 0.001710236 -0.001363813 0.03106242 0.001091063 -0.001368105 0.0317499 9.49121e-4 -0.001970767 0.03106242 0 -0.001312434 0.03243744 -3.89412e-4 -0.001706004 0.0317499 3.89412e-4 -0.001706004 0.0317499 -5.69472e-4 -0.001182436 0.03243744 1.94706e-4 -8.53061e-4 0.03312492 -1.94706e-4 -8.53061e-4 0.03312492 -2.13116e-4 -5.43009e-4 0.03358322 -5.45554e-4 -6.84102e-4 0.03312492 5.69472e-4 -0.001182436 0.03243744 5.45554e-4 -6.84102e-4 0.03312492 -4.3593e-5 -5.81701e-4 0.03358322 0.001026034 -8.18329e-4 0.03243744 0.001576662 -7.59296e-4 0.0317499 7.88348e-4 -3.79647e-4 0.03312492 0 -4.37499e-4 0.0338124 9.7353e-5 -4.2653e-4 0.0338124 1.89824e-4 -3.94173e-4 0.0338124 2.72777e-4 -3.4205e-4 0.0338124 8.36126e-4 -2.5791e-4 0.03312492 8.53062e-4 -1.94705e-4 0.03312492 3.42051e-4 -2.72776e-4 0.0338124 3.94174e-4 -1.89823e-4 0.0338124 0 0 0.03449994 0.002930045 0.001476883 0.0293436 0.00342828 7.04546e-4 0.02899992 0.003339469 0.00104773 0.02899992 0.003216326 0.001380205 0.02899992 0.003060162 0.001698553 0.02899992 0.002872586 0.001999437 0.02899992 0.002655625 0.002279758 0.02899992 0.002985656 6.81471e-4 0.0296874 0.002407789 0.001512944 0.0300312 0.002399504 0.00138539 0.0301457 0.001636624 0.002052307 0.03037494 0.002364993 0.001138925 0.03037494 0.002559185 5.84118e-4 0.03037494 0.001304209 1.46954e-4 0.03243744 0.003499925 0 0.02899992 0.001576662 7.59298e-4 0.0317499 0.001026034 8.18331e-4 0.03243744 0.001153588 1.73884e-4 0.03266662 7.88348e-4 3.79649e-4 0.03312492 8.36126e-4 2.57912e-4 0.03312492 8.53062e-4 1.94707e-4 0.03312492 1.85221e-4 1.16383e-4 0.03415614 3.94174e-4 1.89825e-4 0.0338124 3.42051e-4 2.72778e-4 0.0338124 1.71026e-4 1.36389e-4 0.03415614 1.5468e-4 1.54681e-4 0.03415614 2.72777e-4 3.42052e-4 0.0338124 1.89824e-4 3.94175e-4 0.0338124 -6.02466e-4 4.10755e-4 0.0333541 -2.13116e-4 5.43011e-4 0.03358322 -5.45554e-4 6.84104e-4 0.03312492 -7.88348e-4 3.79649e-4 0.03312492 -4.4794e-4 1.88823e-4 0.03373605 0.002930045 -0.001476824 0.0293436 0.00342828 -7.04544e-4 0.02899992 0.002985656 -6.81469e-4 0.0296874 0.002655625 -0.002279698 0.02899992 0.002872586 -0.001999378 0.02899992 0.003060162 -0.001698493 0.02899992 0.003216326 -0.001380145 0.02899992 0.003339469 -0.00104767 0.02899992 -6.80556e-4 0 0.03343051 -8.75e-4 0 0.03312492 -7.88348e-4 -3.79647e-4 0.03312492 -5.83333e-4 0 0.03358322 -4.375e-4 0 0.0338124 0.002407789 -0.001512885 0.0300312 -5.01518e-4 -9.48912e-5 0.03369784 0.002399504 -0.001385331 0.0301457 0.001636624 -0.002052247 0.03037494 0.002364993 -0.001138865 0.03037494 0.002559185 -5.84116e-4 0.03037494 -6.02466e-4 -4.10753e-4 0.0333541 -4.63083e-4 -2.6736e-4 0.03365963 0.002173662 -2.44921e-4 0.03106242 -1.45833e-4 -2.5259e-4 0.03404164 -1.5468e-4 -1.54679e-4 0.03415614 1.5468e-4 -1.54679e-4 0.03415614 1.71026e-4 -1.36387e-4 0.03415614 1.85221e-4 -1.16381e-4 0.03415614 0.00223875 0.002246856 0.0295155 0.002411365 0.002536773 0.02899992 0.00214231 0.002767682 0.02899992 -6.7678e-5 3.45872e-4 0.03394609 0 4.37501e-4 0.0338124 -4.3593e-5 5.81703e-4 0.03358322 0 1.45834e-4 0.0342707 9.7353e-5 4.26532e-4 0.0338124 -4.1856e-5 1.0105e-4 0.03432804 0.00223875 -0.002246797 0.0295155 0.00214231 -0.002767622 0.02899992 0.002411365 -0.002536714 0.02899992 -1.5468e-4 1.54681e-4 0.03415614 -2.4386e-4 1.87928e-4 0.03401613 4.1856e-5 -1.01048e-4 0.03432804 0.001399636 0.002538025 0.02994525 5.84117e-4 0.002559185 0.03037494 0.001399636 -0.002537965 0.02994525 5.84117e-4 -0.002559125 0.03037494 -1.01049e-4 -4.18552e-5 0.03432804 8.75917e-4 0.00307691 0.02947264 0.001541376 0.003142297 0.02899992 0.001215457 0.003282129 0.02899992 8.77284e-4 0.003388226 0.02899992 5.29997e-4 0.003459632 0.02899992 1.77272e-4 0.003495454 0.02899992 8.75917e-4 -0.003076851 0.02947264 1.77272e-4 -0.003495395 0.02899992 5.29997e-4 -0.003459572 0.02899992 8.77284e-4 -0.003388166 0.02899992 0.001215457 -0.00328207 0.02899992 0.001541376 -0.003142237 0.02899992 0.00161159 0.002747714 0.02949404 0.00185132 0.002970218 0.02899992 7.7064e-5 0.002911031 0.02992373 -5.84117e-4 0.002559185 0.03037494 7.7064e-5 -0.002910971 0.02992373 -5.84117e-4 -0.002559125 0.03037494 0.00161159 -0.002747654 0.02949404 0.00185132 -0.002970159 0.02899992 -6.83332e-4 0.003132343 0.0294618 -1.77272e-4 0.003495454 0.02899992 -5.29997e-4 0.003459632 0.02899992 -8.77284e-4 0.003388226 0.02899992 -0.001215457 0.003282129 0.02899992 -0.001541376 0.003142297 0.02899992 -0.00185132 0.002970218 0.02899992 -0.00214231 0.002767682 0.02899992 -8.79736e-4 0.002625048 0.03014934 -0.001636624 0.002052307 0.03037494 -7.78974e-4 0.002606749 0.0302245 -6.83332e-4 -0.003132283 0.0294618 -0.00214231 -0.002767622 0.02899992 -0.00185132 -0.002970159 0.02899992 -0.001541376 -0.003142237 0.02899992 -0.001215457 -0.00328207 0.02899992 -0.002411365 0.002536773 0.02899992 -8.77284e-4 -0.003388166 0.02899992 -0.002655625 0.002279758 0.02899992 -5.29997e-4 -0.003459572 0.02899992 -1.77272e-4 -0.003495395 0.02899992 -8.79736e-4 -0.002624988 0.03014934 -0.001636624 -0.002052247 0.03037494 -7.78974e-4 -0.002606689 0.0302245 -0.002364993 0.001138925 0.03037494 -0.002872586 0.001999437 0.02899992 -0.003060162 0.001698553 0.02899992 -0.003216326 0.001380205 0.02899992 -0.003339469 0.00104773 0.02899992 -0.00342828 7.04546e-4 0.02899992 -0.002624928 0 0.03037494 -0.003481984 3.5409e-4 0.02899992 -0.003499925 0 0.02899992 -0.003481984 -3.54088e-4 0.02899992 -0.00342828 -7.04544e-4 0.02899992 -0.002364993 -0.001138865 0.03037494 -0.003339469 -0.00104767 0.02899992 -0.003216326 -0.001380145 0.02899992 -0.003060162 -0.001698493 0.02899992 -0.002872586 -0.001999378 0.02899992 -0.002655625 -0.002279698 0.02899992 -0.002411365 -0.002536714 0.02899992 0.003481984 3.5409e-4 0.02899992 0.001710236 0.001363873 0.03106242 0.001091063 0.001368165 0.0317499 9.49121e-4 0.001970827 0.03106242 3.89412e-4 0.001706063 0.0317499 0 0.00218749 0.03106242 -3.89412e-4 0.001706063 0.0317499 5.45554e-4 6.84104e-4 0.03312492 -9.49121e-4 0.001970827 0.03106242 -0.001091063 0.001368165 0.0317499 5.69472e-4 0.001182496 0.03243744 1.94706e-4 8.53063e-4 0.03312492 -0.001710236 0.001363873 0.03106242 -0.001576662 7.59298e-4 0.0317499 0 0.001312494 0.03243744 -1.94706e-4 8.53063e-4 0.03312492 -0.002132534 4.86766e-4 0.03106242 -0.001749992 0 0.0317499 -5.69472e-4 0.001182496 0.03243744 -0.002132534 -4.86764e-4 0.03106242 -0.001576662 -7.59296e-4 0.0317499 -0.001026034 8.18331e-4 0.03243744 -0.001710236 -0.001363813 0.03106242 -0.001091063 -0.001368105 0.0317499 -0.001279473 2.9206e-4 0.03243744 -9.49121e-4 -0.001970767 0.03106242 -0.001279473 -2.92058e-4 0.03243744 0 -0.00218743 0.03106242 -0.001026034 -8.18329e-4 0.03243744 0.003481984 -3.54088e-4 0.02899992 0 -0.004999935 -0.007000029 -8.17057e-4 -0.003403186 -0.008150041 0 -0.003499925 -0.008000016 -0.001167178 -0.004861772 -0.007149994 0.001167178 -0.004861772 -0.006850004 8.17061e-4 -0.003403186 -0.007849991 0.001588881 -0.003118455 -0.007700026 0.004861772 0.001167178 -0.009849965 0.003499925 0 -0.01099997 0.003403246 8.17059e-4 -0.01084995 0.004999995 0 -0.00999999 0.002269864 -0.00445497 -0.006700038 0.00445497 0.002269923 -0.0097 0.003118515 0.00158894 -0.01069998 0.003247201 -0.003801941 -0.006550014 0.002273023 -0.002661347 -0.007550001 0.003801941 0.003247201 -0.009549975 0.002661347 0.002273023 -0.01054996 0.004045069 -0.002938866 -0.006400048 0.002831459 -0.002057135 -0.007400035 0.002057135 0.002831518 -0.01039999 0.003233492 -0.001339316 -0.00725001 0.002938807 0.004045069 -0.00939995 0.0046193 -0.001913309 -0.006250023 0.003432691 -6.82814e-4 -0.00712502 0.001913309 0.004619359 -0.009249985 0.001339316 0.003233551 -0.01024997 0.004903912 -9.7545e-4 -0.006125032 0.004999995 0 -0.006000041 0.003499925 0 -0.007000029 7.82177e-4 0.004938423 -0.00909996 5.47524e-4 0.00345689 -0.01009994 -3.9229e-4 0.004984557 -0.008949995 -2.74603e-4 0.003489196 -0.009949982 -0.001081526 0.00332868 -0.009799957 -0.001545011 0.004755258 -0.008800029 -0.002612411 0.004263162 -0.008650004 -0.00182873 0.002984225 -0.009649991 -0.002474844 0.002474844 -0.009499967 -0.003535509 0.003535509 -0.008500039 -0.004263103 0.002612471 -0.008350014 -0.002984166 0.00182873 -0.009349942 -0.004755258 0.001545071 -0.008200049 -0.003328621 0.001081526 -0.009199976 -0.003489196 2.74608e-4 -0.009049952 -0.004984498 3.92296e-4 -0.008050024 -0.004938364 -7.82171e-4 -0.007899999 -0.00345683 -5.47519e-4 -0.008900046 -0.0046193 -0.001913309 -0.007750034 -0.003233492 -0.001339316 -0.008750021 -0.004045069 -0.002938866 -0.007600009 -0.002831459 -0.002057135 -0.008599996 -0.003247201 -0.003801941 -0.007450044 -0.002273023 -0.002661347 -0.008450031 -0.001588881 -0.003118455 -0.008300006 -0.002269864 -0.00445497 -0.007300019 0 -0.004999935 -0.00300002 -0.001167178 -0.004861772 -0.003150045 0 -0.003499925 -0.004000008 0.001167178 -0.004861772 -0.002849996 8.17061e-4 -0.003403186 -0.003850042 0.001588881 -0.003118455 -0.003700017 0.004861772 0.001167178 -0.005850017 0.003403246 8.17059e-4 -0.006850004 0.002269864 -0.00445497 -0.00270003 0.00445497 0.002269923 -0.005699992 0.003118515 0.00158894 -0.006700038 0.002661347 0.002273023 -0.006550014 0.003247201 -0.003801941 -0.002550005 0.002273023 -0.002661347 -0.003549993 0.002831459 -0.002057135 -0.003400027 0.003801941 0.003247201 -0.005550026 0.004045069 -0.002938866 -0.00240004 0.002938807 0.004045069 -0.005400002 0.002057135 0.002831518 -0.006400048 0.001339316 0.003233551 -0.006250023 0.0046193 -0.001913309 -0.002250015 0.003233492 -0.001339316 -0.003250002 0.001913309 0.004619359 -0.005250036 0.004903912 -9.7545e-4 -0.002125024 0.003432691 -6.82814e-4 -0.003125011 0.003499925 0 -0.00300002 7.82177e-4 0.004938423 -0.005100011 5.47524e-4 0.00345689 -0.006099998 0.004999995 0 -0.002000033 -3.9229e-4 0.004984557 -0.004950046 -2.74603e-4 0.003489196 -0.005950033 -0.001545011 0.004755258 -0.004800021 -0.001081526 0.00332868 -0.005800008 -0.002612411 0.004263162 -0.004649996 -0.00182873 0.002984225 -0.005650043 -0.003535509 0.003535509 -0.004500031 -0.002474844 0.002474844 -0.005500018 -0.004263103 0.002612471 -0.004350006 -0.002984166 0.00182873 -0.005349993 -0.004755258 0.001545071 -0.004200041 -0.003328621 0.001081526 -0.005200028 -0.004984498 3.92296e-4 -0.004050016 -0.003489196 2.74608e-4 -0.005050003 -0.004938364 -7.82171e-4 -0.003899991 -0.00345683 -5.47519e-4 -0.004900038 -0.0046193 -0.001913309 -0.003750026 -0.003233492 -0.001339316 -0.004750013 -0.004045069 -0.002938866 -0.003600001 -0.002831459 -0.002057135 -0.004600048 -0.003247201 -0.003801941 -0.003450036 -0.002273023 -0.002661347 -0.004450023 -0.001588881 -0.003118455 -0.004299998 -0.002269864 -0.00445497 -0.003300011 -8.17057e-4 -0.003403186 -0.004150032 0 -0.004999935 9.9997e-4 -8.17057e-4 -0.003403186 -1.50035e-4 0 -0.003499925 0 -0.001167178 -0.004861772 8.4995e-4 0.001167178 -0.004861772 0.001149952 8.17061e-4 -0.003403186 1.4995e-4 0.004861772 0.001167178 -0.001850008 0.003403246 8.17059e-4 -0.002849996 0.003118515 0.00158894 -0.00270003 0.002269864 -0.00445497 0.001299917 0.001588881 -0.003118455 2.9998e-4 0.00445497 0.002269923 -0.001700043 0.003247201 -0.003801941 0.001449942 0.002273023 -0.002661347 4.49941e-4 0.002831459 -0.002057135 5.9997e-4 0.003801941 0.003247201 -0.001550018 0.002661347 0.002273023 -0.002550005 0.004045069 -0.002938866 0.001599907 0.002938807 0.004045069 -0.001399993 0.002057135 0.002831518 -0.00240004 0.0046193 -0.001913309 0.001749932 0.003233492 -0.001339316 7.4999e-4 0.003432691 -6.82814e-4 8.7498e-4 0.001913309 0.004619359 -0.001250028 0.001339316 0.003233551 -0.002250015 0.004903912 -9.7545e-4 0.001874923 0.004999995 0 0.001999914 0.003499925 0 9.9997e-4 7.82177e-4 0.004938423 -0.001100003 5.47524e-4 0.00345689 -0.00209999 -3.9229e-4 0.004984557 -9.50048e-4 -2.74603e-4 0.003489196 -0.001950025 -0.001545011 0.004755258 -8.00024e-4 -0.001081526 0.00332868 -0.0018 -0.00182873 0.002984225 -0.001650035 -0.002612411 0.004263162 -6.50058e-4 -0.003535509 0.003535509 -5.00033e-4 -0.002474844 0.002474844 -0.00150001 -0.004263103 0.002612471 -3.50009e-4 -0.002984166 0.00182873 -0.001350045 -0.004755258 0.001545071 -2.00043e-4 -0.003328621 0.001081526 -0.00120002 -0.003489196 2.74608e-4 -0.001049995 -0.004984498 3.92296e-4 -5.00176e-5 -0.004938364 -7.82171e-4 9.99402e-5 -0.00345683 -5.47519e-4 -9.00039e-4 -0.003233492 -0.001339316 -7.50015e-4 -0.0046193 -0.001913309 2.4997e-4 -0.004045069 -0.002938866 3.9999e-4 -0.002831459 -0.002057135 -6.0005e-4 -0.003247201 -0.003801941 5.4996e-4 -0.002273023 -0.002661347 -4.50025e-4 -0.002269864 -0.00445497 6.9998e-4 -0.001588881 -0.003118455 -3e-4 0 -0.004999935 0.004999935 -8.17057e-4 -0.003403186 0.003849923 0 -0.003499925 0.003999948 -0.001167178 -0.004861772 0.00484991 0.001167178 -0.004861772 0.0051499 8.17061e-4 -0.003403186 0.004149913 0.001588881 -0.003118455 0.004299938 0.004861772 0.001167178 0.002149939 0.003403246 8.17059e-4 0.001149952 0.002269864 -0.00445497 0.005299925 0.003247201 -0.003801941 0.00544995 0.002273023 -0.002661347 0.004449903 0.00445497 0.002269923 0.002299904 0.003118515 0.00158894 0.001299917 0.004045069 -0.002938866 0.005599915 0.002831459 -0.002057135 0.004599928 0.003801941 0.003247201 0.002449929 0.002661347 0.002273023 0.001449942 0.002057135 0.002831518 0.001599907 0.002938807 0.004045069 0.002599954 0.001339316 0.003233551 0.001749932 0.0046193 -0.001913309 0.00574994 0.003233492 -0.001339316 0.004749953 0.004903912 -9.7545e-4 0.005874931 0.003432691 -6.82814e-4 0.004874944 0.003499925 0 0.004999935 0.001913309 0.004619359 0.002749919 0.004999995 0 0.005999922 7.82177e-4 0.004938423 0.002899944 5.47524e-4 0.00345689 0.001899898 -3.9229e-4 0.004984557 0.00304991 -2.74603e-4 0.003489196 0.002049922 -0.001081526 0.00332868 0.002199947 -0.001545011 0.004755258 0.003199934 -0.00182873 0.002984225 0.002349913 -0.002612411 0.004263162 0.0033499 -0.003535509 0.003535509 0.003499925 -0.002474844 0.002474844 0.002499938 -0.004263103 0.002612471 0.00364995 -0.002984166 0.00182873 0.002649903 -0.003328621 0.001081526 0.002799928 -0.004755258 0.001545071 0.003799915 -0.004984498 3.92296e-4 0.00394994 -0.003489196 2.74608e-4 0.002949953 -0.00345683 -5.47519e-4 0.003099918 -0.004938364 -7.82171e-4 0.004099905 -0.0046193 -0.001913309 0.00424993 -0.003233492 -0.001339316 0.003249943 -0.002831459 -0.002057135 0.003399908 -0.004045069 -0.002938866 0.004399895 -0.003247201 -0.003801941 0.00454992 -0.002273023 -0.002661347 0.003549933 -0.001588881 -0.003118455 0.003699898 -0.002269864 -0.00445497 0.004699945 0 -0.004999935 0.008999943 -8.17057e-4 -0.003403186 0.007849931 0 -0.003499925 0.007999956 8.17061e-4 -0.003403186 0.008149921 -0.001167178 -0.004861772 0.008849918 0.001167178 -0.004861772 0.009149909 0.004861772 0.001167178 0.006149947 0.003403246 8.17059e-4 0.0051499 0.002269864 -0.00445497 0.009299933 0.001588881 -0.003118455 0.008299946 0.00445497 0.002269923 0.006299912 0.003118515 0.00158894 0.005299925 0.003247201 -0.003801941 0.009449899 0.002273023 -0.002661347 0.008449912 0.002831459 -0.002057135 0.008599936 0.003801941 0.003247201 0.006449937 0.002661347 0.002273023 0.00544995 0.004045069 -0.002938866 0.009599924 0.002938807 0.004045069 0.006599903 0.002057135 0.002831518 0.005599915 0.001339316 0.003233551 0.00574994 0.0046193 -0.001913309 0.009749948 0.003233492 -0.001339316 0.008749902 0.003432691 -6.82814e-4 0.008874952 0.001913309 0.004619359 0.006749927 0.004903912 -9.7545e-4 0.009874939 0.004999995 0 0.00999993 0.003499925 0 0.008999943 7.82177e-4 0.004938423 0.006899952 5.47524e-4 0.00345689 0.005899906 -2.74603e-4 0.003489196 0.006049931 -3.9229e-4 0.004984557 0.007049918 -0.001545011 0.004755258 0.007199943 -0.001081526 0.00332868 0.006199955 -0.00182873 0.002984225 0.006349921 -0.002612411 0.004263162 0.007349908 -0.003535509 0.003535509 0.007499933 -0.002474844 0.002474844 0.006499946 -0.002984166 0.00182873 0.006649911 -0.004263103 0.002612471 0.007649898 -0.004755258 0.001545071 0.007799923 -0.003328621 0.001081526 0.006799936 -0.003489196 2.74608e-4 0.006949901 -0.004984498 3.92296e-4 0.007949948 -0.004938364 -7.82171e-4 0.008099913 -0.00345683 -5.47519e-4 0.007099926 -0.0046193 -0.001913309 0.008249938 -0.003233492 -0.001339316 0.007249951 -0.004045069 -0.002938866 0.008399903 -0.002831459 -0.002057135 0.007399916 -0.003247201 -0.003801941 0.008549928 -0.002273023 -0.002661347 0.007549941 -0.001588881 -0.003118455 0.007699906 -0.002269864 -0.00445497 0.008699953 0 -0.004999935 0.01299995 -8.17057e-4 -0.003403186 0.01184993 0 -0.003499925 0.0119999 -0.001167178 -0.004861772 0.01284992 0.001167178 -0.004861772 0.01314991 8.17061e-4 -0.003403186 0.01214993 0.004861772 0.001167178 0.01014995 0.003403246 8.17059e-4 0.009149909 0.002269864 -0.00445497 0.01329994 0.001588881 -0.003118455 0.01229995 0.00445497 0.002269923 0.01029992 0.003118515 0.00158894 0.009299933 0.003247201 -0.003801941 0.0134499 0.002273023 -0.002661347 0.01244992 0.002831459 -0.002057135 0.01259994 0.003801941 0.003247201 0.01044994 0.002661347 0.002273023 0.009449899 0.004045069 -0.002938866 0.01359993 0.002938807 0.004045069 0.01059991 0.002057135 0.002831518 0.009599924 0.0046193 -0.001913309 0.01374989 0.003233492 -0.001339316 0.01274991 0.003432691 -6.82814e-4 0.0128749 0.004903912 -9.7545e-4 0.01387494 0.003499925 0 0.01299995 0.001913309 0.004619359 0.01074993 0.001339316 0.003233551 0.009749948 5.47524e-4 0.00345689 0.009899914 0.004999995 0 0.01399993 7.82177e-4 0.004938423 0.0108999 -3.9229e-4 0.004984557 0.01104992 -2.74603e-4 0.003489196 0.01004993 -0.001081526 0.00332868 0.0101999 -0.001545011 0.004755258 0.01119995 -0.002612411 0.004263162 0.01134991 -0.00182873 0.002984225 0.01034992 -0.002474844 0.002474844 0.01049995 -0.003535509 0.003535509 0.01149994 -0.004263103 0.002612471 0.0116499 -0.002984166 0.00182873 0.01064991 -0.003328621 0.001081526 0.01079994 -0.004755258 0.001545071 0.01179993 -0.003489196 2.74608e-4 0.0109499 -0.004984498 3.92296e-4 0.01194989 -0.004938364 -7.82171e-4 0.01209992 -0.00345683 -5.47519e-4 0.01109993 -0.0046193 -0.001913309 0.01224994 -0.003233492 -0.001339316 0.01124989 -0.004045069 -0.002938866 0.01239991 -0.002831459 -0.002057135 0.01139992 -0.003247201 -0.003801941 0.01254993 -0.002273023 -0.002661347 0.01154994 -0.001588881 -0.003118455 0.01169991 -0.002269864 -0.00445497 0.0126999 0 -0.004999935 0.0169999 -8.17057e-4 -0.003403186 0.01584994 0 -0.003499925 0.01599991 -0.001167178 -0.004861772 0.01684993 0.001167178 -0.004861772 0.01714992 8.17061e-4 -0.003403186 0.01614993 0.004861772 0.001167178 0.0141499 0.003403246 8.17059e-4 0.01314991 0.002269864 -0.00445497 0.01729995 0.001588881 -0.003118455 0.0162999 0.002273023 -0.002661347 0.01644992 0.00445497 0.002269923 0.01429992 0.003118515 0.00158894 0.01329994 0.003247201 -0.003801941 0.01744991 0.003801941 0.003247201 0.01444995 0.002661347 0.002273023 0.0134499 0.004045069 -0.002938866 0.01759994 0.002831459 -0.002057135 0.01659995 0.002938807 0.004045069 0.01459991 0.002057135 0.002831518 0.01359993 0.001339316 0.003233551 0.01374989 0.0046193 -0.001913309 0.0177499 0.003233492 -0.001339316 0.01674991 0.003432691 -6.82814e-4 0.0168749 0.001913309 0.004619359 0.01474994 0.004903912 -9.7545e-4 0.01787495 0.004999995 0 0.01799994 0.003499925 0 0.0169999 7.82177e-4 0.004938423 0.0148999 5.47524e-4 0.00345689 0.01389992 -3.9229e-4 0.004984557 0.01504993 -2.74603e-4 0.003489196 0.01404994 -0.001545011 0.004755258 0.01519989 -0.001081526 0.00332868 0.01419991 -0.00182873 0.002984225 0.01434993 -0.002612411 0.004263162 0.01534992 -0.003535509 0.003535509 0.01549994 -0.002474844 0.002474844 0.0144999 -0.004263103 0.002612471 0.01564991 -0.002984166 0.00182873 0.01464992 -0.004755258 0.001545071 0.01579993 -0.003328621 0.001081526 0.01479995 -0.003489196 2.74608e-4 0.01494991 -0.004984498 3.92296e-4 0.0159499 -0.004938364 -7.82171e-4 0.01609992 -0.00345683 -5.47519e-4 0.01509994 -0.0046193 -0.001913309 0.01624995 -0.003233492 -0.001339316 0.0152499 -0.002831459 -0.002057135 0.01539993 -0.004045069 -0.002938866 0.01639991 -0.003247201 -0.003801941 0.01654994 -0.002273023 -0.002661347 0.01554989 -0.001588881 -0.003118455 0.01569992 -0.002269864 -0.00445497 0.01669991 0 -0.004999935 0.0209999 0 -0.003499925 0.01999992 8.17061e-4 -0.003403186 0.02014994 -0.001167178 -0.004861772 0.02084994 0.001167178 -0.004861772 0.02114993 0.001588881 -0.003118455 0.02029991 0.003403246 8.17059e-4 0.01714992 0.002269864 -0.00445497 0.02129989 0.002273023 -0.002661347 0.02044993 0.004861772 0.001167178 0.01814991 0.003247201 -0.003801941 0.02144992 0.002831459 -0.002057135 0.0205999 0.00445497 0.002269923 0.01829993 0.003118515 0.00158894 0.01729995 0.004045069 -0.002938866 0.02159994 0.003233492 -0.001339316 0.02074992 0.003801941 0.003247201 0.0184499 0.002661347 0.002273023 0.01744991 0.002057135 0.002831518 0.01759994 0.0046193 -0.001913309 0.02174991 0.002938807 0.004045069 0.01859992 0.004903912 -9.7545e-4 0.0218749 0.003432691 -6.82814e-4 0.02087491 0.003499925 0 0.0209999 0.001913309 0.004619359 0.01874995 0.001339316 0.003233551 0.0177499 5.47524e-4 0.00345689 0.01789993 0.004999995 0 0.02199995 7.82177e-4 0.004938423 0.01889991 -3.9229e-4 0.004984557 0.01904994 -2.74603e-4 0.003489196 0.01804995 -0.001545011 0.004755258 0.0191999 -0.001081526 0.00332868 0.01819992 -0.00182873 0.002984225 0.01834994 -0.002612411 0.004263162 0.01934993 -0.003535509 0.003535509 0.01949989 -0.002474844 0.002474844 0.01849991 -0.004263103 0.002612471 0.01964992 -0.002984166 0.00182873 0.01864993 -0.004755258 0.001545071 0.01979994 -0.003328621 0.001081526 0.0187999 -0.004984498 3.92296e-4 0.01994991 -0.003489196 2.74608e-4 0.01894992 -0.004938364 -7.82171e-4 0.02009993 -0.00345683 -5.47519e-4 0.01909995 -0.003233492 -0.001339316 0.01924991 -0.0046193 -0.001913309 0.0202499 -0.002831459 -0.002057135 0.01939994 -0.004045069 -0.002938866 0.02039992 -0.002273023 -0.002661347 0.0195499 -0.003247201 -0.003801941 0.02054995 -0.002269864 -0.00445497 0.02069991 -0.001588881 -0.003118455 0.01969993 -8.17057e-4 -0.003403186 0.01984989 0 -0.004999935 0.02499991 -8.17057e-4 -0.003403186 0.0238499 0 -0.003499925 0.02399992 -0.001167178 -0.004861772 0.02484995 0.001167178 -0.004861772 0.02514994 8.17061e-4 -0.003403186 0.02414995 0.004861772 0.001167178 0.02214992 0.003403246 8.17059e-4 0.02114993 0.002269864 -0.00445497 0.0252999 0.001588881 -0.003118455 0.02429991 0.00445497 0.002269923 0.02229994 0.003118515 0.00158894 0.02129989 0.002661347 0.002273023 0.02144992 0.003247201 -0.003801941 0.02544993 0.002273023 -0.002661347 0.02444994 0.003801941 0.003247201 0.02244991 0.004045069 -0.002938866 0.02559989 0.002831459 -0.002057135 0.0245999 0.002938807 0.004045069 0.02259993 0.002057135 0.002831518 0.02159994 0.0046193 -0.001913309 0.02574992 0.003233492 -0.001339316 0.02474993 0.001913309 0.004619359 0.0227499 0.001339316 0.003233551 0.02174991 0.004903912 -9.7545e-4 0.02587491 0.003432691 -6.82814e-4 0.02487492 0.004999995 0 0.0259999 0.003499925 0 0.02499991 7.82177e-4 0.004938423 0.02289992 5.47524e-4 0.00345689 0.02189993 -2.74603e-4 0.003489196 0.0220499 -3.9229e-4 0.004984557 0.02304995 -0.001545011 0.004755258 0.02319991 -0.001081526 0.00332868 0.02219992 -0.002612411 0.004263162 0.02334994 -0.00182873 0.002984225 0.02234995 -0.003535509 0.003535509 0.0234999 -0.002474844 0.002474844 0.02249991 -0.002984166 0.00182873 0.02264994 -0.004263103 0.002612471 0.02364993 -0.004755258 0.001545071 0.02379989 -0.003328621 0.001081526 0.0227999 -0.004984498 3.92296e-4 0.02394992 -0.003489196 2.74608e-4 0.02294993 -0.00345683 -5.47519e-4 0.02309989 -0.004938364 -7.82171e-4 0.02409994 -0.0046193 -0.001913309 0.02424991 -0.003233492 -0.001339316 0.02324992 -0.004045069 -0.002938866 0.02439993 -0.002831459 -0.002057135 0.02339994 -0.003247201 -0.003801941 0.0245499 -0.002273023 -0.002661347 0.02354991 -0.001588881 -0.003118455 0.02369993 -0.002269864 -0.00445497 0.02469992 -0.001913309 -0.0046193 0.02874994 -0.001707315 -0.003055214 0.0276755 -9.07764e-4 -0.003380119 0.02783292 -0.002777755 -0.004157245 0.02862495 -9.75453e-4 -0.004903852 0.02887493 -4.57815e-4 -0.003469824 0.02791643 0 -0.004999935 0.02899992 0 -0.003499925 0.02799993 0.004903912 9.75454e-4 0.02612495 0.00339359 8.56498e-4 0.02515733 0.0046193 0.001913368 0.02624994 0.003080785 0.001660883 0.02531474 0.004157245 0.002777814 0.02637493 0.002580583 0.002364277 0.0254721 0.003535509 0.003535509 0.02649992 0.001923561 0.002923965 0.02562952 0.002777755 0.004157304 0.02662491 0.001913309 0.004619359 0.0267499 0.001149535 0.003305792 0.02578681 9.75453e-4 0.004903912 0.02687489 3.05698e-4 0.003486573 0.02594423 0 0.004999995 0.02699995 -5.56821e-4 0.0034554 0.02610164 -9.75452e-4 0.004903912 0.02712494 -0.00138545 0.003214061 0.026259 -0.001913309 0.004619359 0.02724993 -0.002777755 0.004157304 0.02737492 -0.002129793 0.002777278 0.02641642 -0.003535509 0.003535509 0.02749991 -0.002744734 0.002171635 0.02657383 -0.004157245 0.002777814 0.0276249 -0.003192663 0.001433968 0.02673125 -0.0046193 0.001913368 0.02774989 -0.003446519 6.09058e-4 0.0268886 -0.004903912 9.75453e-4 0.02787494 -0.004999995 0 0.02799993 -0.003490746 -2.52889e-4 0.0270459 -0.004903912 -9.75452e-4 0.02812492 -0.00332278 -0.001099348 0.02720332 -0.0046193 -0.001913309 0.02824991 -0.002952635 -0.001879096 0.02736073 -0.004157245 -0.002777755 0.02837491 -0.003535509 -0.003535449 0.0284999 -0.00240308 -0.002544522 0.02751815 -8.17057e-4 -0.003403186 -0.008150041 -0.001588881 -0.003118455 -0.008300006 -8.17057e-4 -0.003403186 -0.006150007 0.003499925 0 -0.01099997 0.003499925 0 -0.009000003 0.003403246 8.17059e-4 -0.008850038 0 -0.003499925 -0.008000016 0 -0.003499925 -0.006000041 0.003403246 8.17059e-4 -0.01084995 0.003118515 0.00158894 -0.008700013 8.17061e-4 -0.003403186 -0.007849991 8.17061e-4 -0.003403186 -0.005850017 0.001588881 -0.003118455 -0.005699992 0.003118515 0.00158894 -0.01069998 0.001588881 -0.003118455 -0.007700026 0.002661347 0.002273023 -0.01054996 0.002661347 0.002273023 -0.008550047 0.002273023 -0.002661347 -0.007550001 0.002273023 -0.002661347 -0.005550026 0.002057135 0.002831518 -0.01039999 0.002057135 0.002831518 -0.008400022 0.001339316 0.003233551 -0.008249998 0.002831459 -0.002057135 -0.007400035 0.002831459 -0.002057135 -0.005400002 0.003233492 -0.001339316 -0.005250036 0.001339316 0.003233551 -0.01024997 5.47524e-4 0.00345689 -0.008100032 0.003233492 -0.001339316 -0.00725001 0.003432691 -6.82814e-4 -0.00712502 0.003432691 -6.82814e-4 -0.005125045 5.47524e-4 0.00345689 -0.01009994 0.003499925 0 -0.007000029 0.003499925 0 -0.004999995 -2.74603e-4 0.003489196 -0.009949982 -2.74603e-4 0.003489196 -0.007950007 -0.001081526 0.00332868 -0.007800042 -0.001081526 0.00332868 -0.009799957 -0.00182873 0.002984225 -0.009649991 -0.00182873 0.002984225 -0.007650017 -0.002474844 0.002474844 -0.009499967 -0.002474844 0.002474844 -0.007499992 -0.002984166 0.00182873 -0.009349942 -0.002984166 0.00182873 -0.007350027 -0.003328621 0.001081526 -0.007200002 -0.003328621 0.001081526 -0.009199976 -0.003489196 2.74608e-4 -0.007050037 -0.003489196 2.74608e-4 -0.009049952 -0.00345683 -5.47519e-4 -0.008900046 -0.00345683 -5.47519e-4 -0.006900012 -0.003233492 -0.001339316 -0.006750047 -0.003233492 -0.001339316 -0.008750021 -0.002831459 -0.002057135 -0.006600022 -0.002831459 -0.002057135 -0.008599996 -0.002273023 -0.002661347 -0.008450031 -0.002273023 -0.002661347 -0.006449997 -0.001588881 -0.003118455 -0.006300032 -8.17057e-4 -0.003403186 -0.004150032 -0.001588881 -0.003118455 -0.002300024 -8.17057e-4 -0.003403186 -0.002149999 0 -0.003499925 -0.002000033 -0.001588881 -0.003118455 -0.004299998 0.003403246 8.17059e-4 -0.004850029 0 -0.003499925 -0.004000008 8.17061e-4 -0.003403186 -0.003850042 8.17061e-4 -0.003403186 -0.001850008 0.003403246 8.17059e-4 -0.006850004 0.003118515 0.00158894 -0.006700038 0.003118515 0.00158894 -0.004700005 0.001588881 -0.003118455 -0.003700017 0.001588881 -0.003118455 -0.001700043 0.002661347 0.002273023 -0.004550039 0.002273023 -0.002661347 -0.001550018 0.002661347 0.002273023 -0.006550014 0.002273023 -0.002661347 -0.003549993 0.002831459 -0.002057135 -0.003400027 0.002831459 -0.002057135 -0.001399993 0.002057135 0.002831518 -0.006400048 0.002057135 0.002831518 -0.004400014 0.001339316 0.003233551 -0.004249989 0.003233492 -0.001339316 -0.003250002 0.003233492 -0.001339316 -0.001250028 0.003432691 -6.82814e-4 -0.001125037 0.001339316 0.003233551 -0.006250023 5.47524e-4 0.00345689 -0.004100024 0.003432691 -6.82814e-4 -0.003125011 5.47524e-4 0.00345689 -0.006099998 -2.74603e-4 0.003489196 -0.003949999 0.003499925 0 -0.00300002 0.003499925 0 -0.001000046 -2.74603e-4 0.003489196 -0.005950033 -0.001081526 0.00332868 -0.003800034 -0.001081526 0.00332868 -0.005800008 -0.00182873 0.002984225 -0.005650043 -0.00182873 0.002984225 -0.003650009 -0.002474844 0.002474844 -0.003500044 -0.002474844 0.002474844 -0.005500018 -0.002984166 0.00182873 -0.003350019 -0.002984166 0.00182873 -0.005349993 -0.003328621 0.001081526 -0.005200028 -0.003328621 0.001081526 -0.003199994 -0.003489196 2.74608e-4 -0.003050029 -0.003489196 2.74608e-4 -0.005050003 -0.00345683 -5.47519e-4 -0.002900004 -0.00345683 -5.47519e-4 -0.004900038 -0.003233492 -0.001339316 -0.002750039 -0.003233492 -0.001339316 -0.004750013 -0.002831459 -0.002057135 -0.002600014 -0.002831459 -0.002057135 -0.004600048 -0.002273023 -0.002661347 -0.004450023 -0.002273023 -0.002661347 -0.002450048 -0.001588881 -0.003118455 -3e-4 -0.001588881 -0.003118455 0.001699924 -8.17057e-4 -0.003403186 0.001849949 -0.002273023 -0.002661347 -4.50025e-4 -8.17057e-4 -0.003403186 -1.50035e-4 0.003403246 8.17059e-4 -8.50032e-4 0 -0.003499925 0 0 -0.003499925 0.001999914 8.17061e-4 -0.003403186 0.002149939 0.003403246 8.17059e-4 -0.002849996 0.003118515 0.00158894 -7.00007e-4 8.17061e-4 -0.003403186 1.4995e-4 0.003118515 0.00158894 -0.00270003 0.001588881 -0.003118455 2.9998e-4 0.001588881 -0.003118455 0.002299904 0.002273023 -0.002661347 0.002449929 0.002661347 0.002273023 -0.002550005 0.002661347 0.002273023 -5.50042e-4 0.002273023 -0.002661347 4.49941e-4 0.002057135 0.002831518 -0.00240004 0.002057135 0.002831518 -4.00017e-4 0.002831459 -0.002057135 5.9997e-4 0.002831459 -0.002057135 0.002599954 0.003233492 -0.001339316 0.002749919 0.001339316 0.003233551 -0.002250015 0.001339316 0.003233551 -2.50052e-4 0.003233492 -0.001339316 7.4999e-4 0.003432691 -6.82814e-4 8.7498e-4 0.003432691 -6.82814e-4 0.00287491 5.47524e-4 0.00345689 -0.00209999 5.47524e-4 0.00345689 -1.00027e-4 0.003499925 0 0.002999901 0.003499925 0 9.9997e-4 -2.74603e-4 0.003489196 -0.001950025 -2.74603e-4 0.003489196 4.99906e-5 -0.001081526 0.00332868 -0.0018 -0.001081526 0.00332868 1.99961e-4 -0.00182873 0.002984225 3.4998e-4 -0.00182873 0.002984225 -0.001650035 -0.002474844 0.002474844 -0.00150001 -0.002474844 0.002474844 4.9995e-4 -0.002984166 0.00182873 -0.001350045 -0.002984166 0.00182873 6.4997e-4 -0.003328621 0.001081526 -0.00120002 -0.003328621 0.001081526 8e-4 -0.003489196 2.74608e-4 9.4996e-4 -0.003489196 2.74608e-4 -0.001049995 -0.00345683 -5.47519e-4 -9.00039e-4 -0.00345683 -5.47519e-4 0.001099944 -0.003233492 -0.001339316 -7.50015e-4 -0.003233492 -0.001339316 0.001249909 -0.002831459 -0.002057135 -6.0005e-4 -0.002831459 -0.002057135 0.001399934 -0.002273023 -0.002661347 0.001549899 -0.001588881 -0.003118455 0.003699898 -0.002273023 -0.002661347 0.003549933 -0.001588881 -0.003118455 0.005699932 -8.17057e-4 -0.003403186 0.003849923 -8.17057e-4 -0.003403186 0.005849897 0 -0.003499925 0.003999948 0 -0.003499925 0.005999922 0.003403246 8.17059e-4 0.001149952 0.003403246 8.17059e-4 0.003149926 8.17061e-4 -0.003403186 0.004149913 8.17061e-4 -0.003403186 0.006149947 0.003118515 0.00158894 0.001299917 0.003118515 0.00158894 0.003299951 0.001588881 -0.003118455 0.004299938 0.001588881 -0.003118455 0.006299912 0.002273023 -0.002661347 0.006449937 0.002661347 0.002273023 0.001449942 0.002661347 0.002273023 0.003449916 0.002273023 -0.002661347 0.004449903 0.002057135 0.002831518 0.001599907 0.002057135 0.002831518 0.003599941 0.002831459 -0.002057135 0.004599928 0.002831459 -0.002057135 0.006599903 0.003233492 -0.001339316 0.006749927 0.001339316 0.003233551 0.001749932 0.001339316 0.003233551 0.003749907 0.003233492 -0.001339316 0.004749953 0.003432691 -6.82814e-4 0.004874944 0.003432691 -6.82814e-4 0.006874918 5.47524e-4 0.00345689 0.001899898 5.47524e-4 0.00345689 0.003899931 0.003499925 0 0.006999909 0.003499925 0 0.004999935 -2.74603e-4 0.003489196 0.002049922 -2.74603e-4 0.003489196 0.004049897 -0.001081526 0.00332868 0.002199947 -0.001081526 0.00332868 0.004199922 -0.00182873 0.002984225 0.002349913 -0.00182873 0.002984225 0.004349946 -0.002474844 0.002474844 0.002499938 -0.002474844 0.002474844 0.004499912 -0.002984166 0.00182873 0.004649937 -0.002984166 0.00182873 0.002649903 -0.003328621 0.001081526 0.002799928 -0.003328621 0.001081526 0.004799902 -0.003489196 2.74608e-4 0.004949927 -0.003489196 2.74608e-4 0.002949953 -0.00345683 -5.47519e-4 0.003099918 -0.00345683 -5.47519e-4 0.005099952 -0.003233492 -0.001339316 0.005249917 -0.003233492 -0.001339316 0.003249943 -0.002831459 -0.002057135 0.005399942 -0.002831459 -0.002057135 0.003399908 -0.002273023 -0.002661347 0.005549907 -8.17057e-4 -0.003403186 0.007849931 -0.001588881 -0.003118455 0.00969994 -8.17057e-4 -0.003403186 0.009849905 -0.001588881 -0.003118455 0.007699906 0 -0.003499925 0.007999956 0 -0.003499925 0.00999993 0.003403246 8.17059e-4 0.0051499 0.003403246 8.17059e-4 0.007149934 8.17061e-4 -0.003403186 0.008149921 8.17061e-4 -0.003403186 0.01014995 0.003118515 0.00158894 0.005299925 0.003118515 0.00158894 0.0072999 0.002661347 0.002273023 0.007449924 0.001588881 -0.003118455 0.008299946 0.001588881 -0.003118455 0.01029992 0.002273023 -0.002661347 0.01044994 0.002661347 0.002273023 0.00544995 0.002057135 0.002831518 0.007599949 0.002273023 -0.002661347 0.008449912 0.002057135 0.002831518 0.005599915 0.002831459 -0.002057135 0.008599936 0.002831459 -0.002057135 0.01059991 0.001339316 0.003233551 0.00574994 0.001339316 0.003233551 0.007749915 0.003233492 -0.001339316 0.008749902 0.003233492 -0.001339316 0.01074993 5.47524e-4 0.00345689 0.005899906 5.47524e-4 0.00345689 0.00789994 0.003432691 -6.82814e-4 0.008874952 0.003432691 -6.82814e-4 0.01087492 0.003499925 0 0.008999943 0.003499925 0 0.01099991 -2.74603e-4 0.003489196 0.006049931 -2.74603e-4 0.003489196 0.008049905 -0.001081526 0.00332868 0.00819993 -0.001081526 0.00332868 0.006199955 -0.00182873 0.002984225 0.006349921 -0.00182873 0.002984225 0.008349955 -0.002474844 0.002474844 0.006499946 -0.002474844 0.002474844 0.00849992 -0.002984166 0.00182873 0.008649945 -0.002984166 0.00182873 0.006649911 -0.003328621 0.001081526 0.00879991 -0.003328621 0.001081526 0.006799936 -0.003489196 2.74608e-4 0.006949901 -0.003489196 2.74608e-4 0.008949935 -0.00345683 -5.47519e-4 0.0090999 -0.00345683 -5.47519e-4 0.007099926 -0.003233492 -0.001339316 0.007249951 -0.003233492 -0.001339316 0.009249925 -0.002831459 -0.002057135 0.007399916 -0.002831459 -0.002057135 0.00939995 -0.002273023 -0.002661347 0.009549915 -0.002273023 -0.002661347 0.007549941 -0.001588881 -0.003118455 0.01169991 -0.002273023 -0.002661347 0.01154994 -0.002273023 -0.002661347 0.01354992 -8.17057e-4 -0.003403186 0.01184993 -8.17057e-4 -0.003403186 0.01384991 0 -0.003499925 0.01399993 0 -0.003499925 0.0119999 0.003403246 8.17059e-4 0.009149909 0.003403246 8.17059e-4 0.01114994 8.17061e-4 -0.003403186 0.01214993 8.17061e-4 -0.003403186 0.0141499 0.001588881 -0.003118455 0.01429992 0.003118515 0.00158894 0.009299933 0.003118515 0.00158894 0.0112999 0.001588881 -0.003118455 0.01229995 0.002661347 0.002273023 0.009449899 0.002661347 0.002273023 0.01144993 0.002273023 -0.002661347 0.01244992 0.002273023 -0.002661347 0.01444995 0.002057135 0.002831518 0.009599924 0.002057135 0.002831518 0.01159989 0.002831459 -0.002057135 0.01259994 0.002831459 -0.002057135 0.01459991 0.003233492 -0.001339316 0.01474994 0.001339316 0.003233551 0.009749948 0.001339316 0.003233551 0.01174992 5.47524e-4 0.00345689 0.01189994 0.003233492 -0.001339316 0.01274991 0.003432691 -6.82814e-4 0.0128749 0.003432691 -6.82814e-4 0.01487493 5.47524e-4 0.00345689 0.009899914 0.003499925 0 0.01299995 0.003499925 0 0.01499992 -2.74603e-4 0.003489196 0.01004993 -2.74603e-4 0.003489196 0.01204991 -0.001081526 0.00332868 0.0101999 -0.001081526 0.00332868 0.01219993 -0.00182873 0.002984225 0.01034992 -0.00182873 0.002984225 0.0123499 -0.002474844 0.002474844 0.01249992 -0.002474844 0.002474844 0.01049995 -0.002984166 0.00182873 0.01264995 -0.002984166 0.00182873 0.01064991 -0.003328621 0.001081526 0.01079994 -0.003328621 0.001081526 0.01279991 -0.003489196 2.74608e-4 0.01294994 -0.003489196 2.74608e-4 0.0109499 -0.00345683 -5.47519e-4 0.01109993 -0.00345683 -5.47519e-4 0.0130999 -0.003233492 -0.001339316 0.01324993 -0.003233492 -0.001339316 0.01124989 -0.002831459 -0.002057135 0.01339989 -0.002831459 -0.002057135 0.01139992 -0.001588881 -0.003118455 0.01369994 -0.001588881 -0.003118455 0.01569992 -0.001588881 -0.003118455 0.01769989 -8.17057e-4 -0.003403186 0.01784992 -0.002273023 -0.002661347 0.01554989 -8.17057e-4 -0.003403186 0.01584994 0 -0.003499925 0.01599991 0 -0.003499925 0.01799994 8.17061e-4 -0.003403186 0.01814991 0.003403246 8.17059e-4 0.01314991 0.003403246 8.17059e-4 0.01514995 8.17061e-4 -0.003403186 0.01614993 0.003118515 0.00158894 0.01329994 0.003118515 0.00158894 0.01529991 0.001588881 -0.003118455 0.0162999 0.001588881 -0.003118455 0.01829993 0.002661347 0.002273023 0.0134499 0.002661347 0.002273023 0.01544994 0.002273023 -0.002661347 0.01644992 0.002273023 -0.002661347 0.0184499 0.002831459 -0.002057135 0.01859992 0.002057135 0.002831518 0.01359993 0.002057135 0.002831518 0.0155999 0.002831459 -0.002057135 0.01659995 0.001339316 0.003233551 0.01374989 0.001339316 0.003233551 0.01574993 5.47524e-4 0.00345689 0.01589989 0.003233492 -0.001339316 0.01674991 0.003233492 -0.001339316 0.01874995 0.003432691 -6.82814e-4 0.0168749 0.003432691 -6.82814e-4 0.01887494 0.003499925 0 0.01899993 5.47524e-4 0.00345689 0.01389992 0.003499925 0 0.0169999 -2.74603e-4 0.003489196 0.01404994 -2.74603e-4 0.003489196 0.01604992 -0.001081526 0.00332868 0.01419991 -0.001081526 0.00332868 0.01619994 -0.00182873 0.002984225 0.01434993 -0.00182873 0.002984225 0.01634991 -0.002474844 0.002474844 0.0144999 -0.002474844 0.002474844 0.01649993 -0.002984166 0.00182873 0.01464992 -0.002984166 0.00182873 0.0166499 -0.003328621 0.001081526 0.01479995 -0.003328621 0.001081526 0.01679992 -0.003489196 2.74608e-4 0.01494991 -0.003489196 2.74608e-4 0.01694995 -0.00345683 -5.47519e-4 0.01709991 -0.00345683 -5.47519e-4 0.01509994 -0.003233492 -0.001339316 0.01724994 -0.003233492 -0.001339316 0.0152499 -0.002831459 -0.002057135 0.0173999 -0.002831459 -0.002057135 0.01539993 -0.002273023 -0.002661347 0.01754993 -8.17057e-4 -0.003403186 0.01984989 -8.17057e-4 -0.003403186 0.02184993 0 -0.003499925 0.02199995 -0.001588881 -0.003118455 0.01969993 0.003403246 8.17059e-4 0.01914989 0 -0.003499925 0.01999992 0.003403246 8.17059e-4 0.01714992 0.003118515 0.00158894 0.01929992 8.17061e-4 -0.003403186 0.02014994 8.17061e-4 -0.003403186 0.02214992 0.001588881 -0.003118455 0.02229994 0.003118515 0.00158894 0.01729995 0.002661347 0.002273023 0.01944994 0.001588881 -0.003118455 0.02029991 0.002661347 0.002273023 0.01744991 0.002273023 -0.002661347 0.02044993 0.002273023 -0.002661347 0.02244991 0.002831459 -0.002057135 0.02259993 0.002057135 0.002831518 0.01759994 0.002057135 0.002831518 0.01959991 0.002831459 -0.002057135 0.0205999 0.001339316 0.003233551 0.0177499 0.001339316 0.003233551 0.01974993 0.003233492 -0.001339316 0.02074992 0.003233492 -0.001339316 0.0227499 0.003432691 -6.82814e-4 0.02287495 0.003432691 -6.82814e-4 0.02087491 5.47524e-4 0.00345689 0.01789993 5.47524e-4 0.00345689 0.0198999 0.003499925 0 0.0209999 0.003499925 0 0.02299994 -2.74603e-4 0.003489196 0.01804995 -2.74603e-4 0.003489196 0.02004992 -0.001081526 0.00332868 0.02019995 -0.001081526 0.00332868 0.01819992 -0.00182873 0.002984225 0.02034991 -0.00182873 0.002984225 0.01834994 -0.002474844 0.002474844 0.01849991 -0.002474844 0.002474844 0.02049994 -0.002984166 0.00182873 0.01864993 -0.002984166 0.00182873 0.0206499 -0.003328621 0.001081526 0.02079993 -0.003328621 0.001081526 0.0187999 -0.003489196 2.74608e-4 0.01894992 -0.003489196 2.74608e-4 0.0209499 -0.00345683 -5.47519e-4 0.01909995 -0.00345683 -5.47519e-4 0.02109992 -0.003233492 -0.001339316 0.02124994 -0.003233492 -0.001339316 0.01924991 -0.002831459 -0.002057135 0.02139991 -0.002831459 -0.002057135 0.01939994 -0.002273023 -0.002661347 0.0195499 -0.002273023 -0.002661347 0.02154994 -0.001588881 -0.003118455 0.0216999 -0.001588881 -0.003118455 0.02369993 -0.002273023 -0.002661347 0.02354991 -0.002273023 -0.002661347 0.02554994 -8.17057e-4 -0.003403186 0.0238499 -0.001588881 -0.003118455 0.02569991 -8.17057e-4 -0.003403186 0.02584993 0 -0.003499925 0.02399992 0 -0.003499925 0.0259999 0.003403246 8.17059e-4 0.02114993 0.003403246 8.17059e-4 0.0231499 8.17061e-4 -0.003403186 0.02414995 8.17061e-4 -0.003403186 0.02614992 0.003118515 0.00158894 0.02129989 0.003118515 0.00158894 0.02329993 0.001588881 -0.003118455 0.02429991 0.001588881 -0.003118455 0.02629995 0.002661347 0.002273023 0.02144992 0.002661347 0.002273023 0.02344989 0.002273023 -0.002661347 0.02444994 0.002273023 -0.002661347 0.02644991 0.002057135 0.002831518 0.02159994 0.002057135 0.002831518 0.02359992 0.001339316 0.003233551 0.02374994 0.002831459 -0.002057135 0.0245999 0.002831459 -0.002057135 0.02659994 0.001339316 0.003233551 0.02174991 0.003233492 -0.001339316 0.02474993 0.003233492 -0.001339316 0.0267499 5.47524e-4 0.00345689 0.02189993 5.47524e-4 0.00345689 0.02389991 0.003432691 -6.82814e-4 0.02487492 0.003432691 -6.82814e-4 0.02687489 0.003499925 0 0.02499991 0.003499925 0 0.02699995 -2.74603e-4 0.003489196 0.0220499 -2.74603e-4 0.003489196 0.02404993 -0.001081526 0.00332868 0.02219992 -0.001081526 0.00332868 0.0241999 -0.00182873 0.002984225 0.02434992 -0.00182873 0.002984225 0.02234995 -0.002474844 0.002474844 0.02249991 -0.002474844 0.002474844 0.02449995 -0.002984166 0.00182873 0.02464991 -0.002984166 0.00182873 0.02264994 -0.003328621 0.001081526 0.0227999 -0.003328621 0.001081526 0.02479994 -0.003489196 2.74608e-4 0.0249499 -0.003489196 2.74608e-4 0.02294993 -0.00345683 -5.47519e-4 0.02509993 -0.00345683 -5.47519e-4 0.02309989 -0.003233492 -0.001339316 0.02324992 -0.003233492 -0.001339316 0.02524989 -0.002831459 -0.002057135 0.02539992 -0.002831459 -0.002057135 0.02339994 -9.54359e-4 -0.003367304 0.0278241 -0.001747012 -0.003032684 0.02966719 -9.54359e-4 -0.003367304 0.02982413 -0.001747012 -0.003032684 0.02766722 -4.81765e-4 -0.003466606 0.02791202 -4.81765e-4 -0.003466606 0.02991205 0 -0.003499925 0.02799993 0 -0.003499925 0.02999991 0.003394126 8.53894e-4 0.02515685 0.003394126 8.53894e-4 0.02715682 0.003083348 0.001656174 0.02531373 0.003083348 0.001656174 0.0273137 0.002586126 0.002358376 0.02547061 0.002586126 0.002358376 0.02747064 0.001932561 0.002918004 0.02562755 0.001932561 0.002918004 0.02762752 0.00116223 0.003301322 0.0277844 0.00116223 0.003301322 0.02578443 3.21745e-4 0.003485143 0.02594131 3.21745e-4 0.003485143 0.02794134 -5.38254e-4 0.003458321 0.02809822 -5.38254e-4 0.003458321 0.02609825 -0.001365602 0.003222525 0.02625513 -0.001365602 0.003222525 0.0282551 -0.00211066 0.002791941 0.02641201 -0.00211066 0.002791941 0.02841204 -0.002727985 0.002192616 0.02656894 -0.002727985 0.002192616 0.02856892 -0.003180444 0.00146085 0.0287258 -0.003180444 0.00146085 0.02672582 -0.003440797 6.40766e-4 0.0268827 -0.003440797 6.40766e-4 0.02888274 -0.00349313 -2.18058e-4 0.02703964 -0.00349313 -2.18058e-4 0.02903962 -0.003334403 -0.001063585 0.0291965 -0.003334403 -0.001063585 0.02719652 -0.002974092 -0.001844942 0.0273534 -0.002974092 -0.001844942 0.02935343 -0.002434134 -0.002514839 0.02951031 -0.002434134 -0.002514839 0.02751034 0 -0.003499925 -0.006000041 -0.001167178 -0.004861772 -0.007149994 0 -0.004999935 -0.007000029 -8.17057e-4 -0.003403186 -0.006150007 8.17061e-4 -0.003403186 -0.005850017 0.001167178 -0.004861772 -0.006850004 0.002269864 -0.00445497 -0.006700038 0.003403246 8.17059e-4 -0.008850038 0.004999995 0 -0.00999999 0.004861772 0.001167178 -0.009849965 0.003499925 0 -0.009000003 0.001588881 -0.003118455 -0.005699992 0.003118515 0.00158894 -0.008700013 0.00445497 0.002269923 -0.0097 0.002273023 -0.002661347 -0.005550026 0.003247201 -0.003801941 -0.006550014 0.002661347 0.002273023 -0.008550047 0.003801941 0.003247201 -0.009549975 0.002831459 -0.002057135 -0.005400002 0.004045069 -0.002938866 -0.006400048 0.002938807 0.004045069 -0.00939995 0.0046193 -0.001913309 -0.006250023 0.002057135 0.002831518 -0.008400022 0.003233492 -0.001339316 -0.005250036 0.004903912 -9.7545e-4 -0.006125032 0.001339316 0.003233551 -0.008249998 0.001913309 0.004619359 -0.009249985 0.003432691 -6.82814e-4 -0.005125045 0.003499925 0 -0.004999995 0.004999995 0 -0.006000041 5.47524e-4 0.00345689 -0.008100032 7.82177e-4 0.004938423 -0.00909996 -2.74603e-4 0.003489196 -0.007950007 -3.9229e-4 0.004984557 -0.008949995 -0.001545011 0.004755258 -0.008800029 -0.001081526 0.00332868 -0.007800042 -0.00182873 0.002984225 -0.007650017 -0.002612411 0.004263162 -0.008650004 -0.003535509 0.003535509 -0.008500039 -0.002474844 0.002474844 -0.007499992 -0.002984166 0.00182873 -0.007350027 -0.004263103 0.002612471 -0.008350014 -0.003328621 0.001081526 -0.007200002 -0.004755258 0.001545071 -0.008200049 -0.004984498 3.92296e-4 -0.008050024 -0.003489196 2.74608e-4 -0.007050037 -0.00345683 -5.47519e-4 -0.006900012 -0.004938364 -7.82171e-4 -0.007899999 -0.003233492 -0.001339316 -0.006750047 -0.0046193 -0.001913309 -0.007750034 -0.002831459 -0.002057135 -0.006600022 -0.004045069 -0.002938866 -0.007600009 -0.002273023 -0.002661347 -0.006449997 -0.003247201 -0.003801941 -0.007450044 -0.002269864 -0.00445497 -0.007300019 -0.001588881 -0.003118455 -0.006300032 8.17061e-4 -0.003403186 -0.001850008 0 -0.004999935 -0.00300002 0.001167178 -0.004861772 -0.002849996 0.002269864 -0.00445497 -0.00270003 0 -0.003499925 -0.002000033 0.001588881 -0.003118455 -0.001700043 0.003403246 8.17059e-4 -0.004850029 0.004861772 0.001167178 -0.005850017 0.002273023 -0.002661347 -0.001550018 0.003247201 -0.003801941 -0.002550005 0.004045069 -0.002938866 -0.00240004 0.003118515 0.00158894 -0.004700005 0.00445497 0.002269923 -0.005699992 0.003801941 0.003247201 -0.005550026 0.002831459 -0.002057135 -0.001399993 0.002661347 0.002273023 -0.004550039 0.002938807 0.004045069 -0.005400002 0.003233492 -0.001339316 -0.001250028 0.0046193 -0.001913309 -0.002250015 0.002057135 0.002831518 -0.004400014 0.001913309 0.004619359 -0.005250036 0.003432691 -6.82814e-4 -0.001125037 0.004903912 -9.7545e-4 -0.002125024 0.004999995 0 -0.002000033 0.001339316 0.003233551 -0.004249989 7.82177e-4 0.004938423 -0.005100011 0.003499925 0 -0.001000046 5.47524e-4 0.00345689 -0.004100024 -2.74603e-4 0.003489196 -0.003949999 -3.9229e-4 0.004984557 -0.004950046 -0.001545011 0.004755258 -0.004800021 -0.001081526 0.00332868 -0.003800034 -0.002612411 0.004263162 -0.004649996 -0.00182873 0.002984225 -0.003650009 -0.003535509 0.003535509 -0.004500031 -0.002474844 0.002474844 -0.003500044 -0.002984166 0.00182873 -0.003350019 -0.004263103 0.002612471 -0.004350006 -0.004755258 0.001545071 -0.004200041 -0.003328621 0.001081526 -0.003199994 -0.004984498 3.92296e-4 -0.004050016 -0.003489196 2.74608e-4 -0.003050029 -0.004938364 -7.82171e-4 -0.003899991 -0.00345683 -5.47519e-4 -0.002900004 -0.0046193 -0.001913309 -0.003750026 -0.003233492 -0.001339316 -0.002750039 -0.004045069 -0.002938866 -0.003600001 -0.002831459 -0.002057135 -0.002600014 -0.002273023 -0.002661347 -0.002450048 -0.003247201 -0.003801941 -0.003450036 -0.002269864 -0.00445497 -0.003300011 -0.001588881 -0.003118455 -0.002300024 -8.17057e-4 -0.003403186 -0.002149999 -0.001167178 -0.004861772 -0.003150045 0 -0.003499925 0.001999914 -0.001167178 -0.004861772 8.4995e-4 0 -0.004999935 9.9997e-4 -8.17057e-4 -0.003403186 0.001849949 8.17061e-4 -0.003403186 0.002149939 0.001167178 -0.004861772 0.001149952 0.003403246 8.17059e-4 -8.50032e-4 0.004861772 0.001167178 -0.001850008 0.00445497 0.002269923 -0.001700043 0.001588881 -0.003118455 0.002299904 0.002269864 -0.00445497 0.001299917 0.003118515 0.00158894 -7.00007e-4 0.002273023 -0.002661347 0.002449929 0.003247201 -0.003801941 0.001449942 0.004045069 -0.002938866 0.001599907 0.002661347 0.002273023 -5.50042e-4 0.003801941 0.003247201 -0.001550018 0.002831459 -0.002057135 0.002599954 0.002057135 0.002831518 -4.00017e-4 0.002938807 0.004045069 -0.001399993 0.003233492 -0.001339316 0.002749919 0.0046193 -0.001913309 0.001749932 0.004903912 -9.7545e-4 0.001874923 0.001339316 0.003233551 -2.50052e-4 0.001913309 0.004619359 -0.001250028 0.003432691 -6.82814e-4 0.00287491 0.003499925 0 0.002999901 0.004999995 0 0.001999914 5.47524e-4 0.00345689 -1.00027e-4 7.82177e-4 0.004938423 -0.001100003 -2.74603e-4 0.003489196 4.99906e-5 -3.9229e-4 0.004984557 -9.50048e-4 -0.001081526 0.00332868 1.99961e-4 -0.001545011 0.004755258 -8.00024e-4 -0.002612411 0.004263162 -6.50058e-4 -0.00182873 0.002984225 3.4998e-4 -0.002474844 0.002474844 4.9995e-4 -0.003535509 0.003535509 -5.00033e-4 -0.002984166 0.00182873 6.4997e-4 -0.004263103 0.002612471 -3.50009e-4 -0.003328621 0.001081526 8e-4 -0.004755258 0.001545071 -2.00043e-4 -0.004984498 3.92296e-4 -5.00176e-5 -0.003489196 2.74608e-4 9.4996e-4 -0.00345683 -5.47519e-4 0.001099944 -0.004938364 -7.82171e-4 9.99402e-5 -0.0046193 -0.001913309 2.4997e-4 -0.003233492 -0.001339316 0.001249909 -0.002831459 -0.002057135 0.001399934 -0.004045069 -0.002938866 3.9999e-4 -0.002273023 -0.002661347 0.001549899 -0.003247201 -0.003801941 5.4996e-4 -0.001588881 -0.003118455 0.001699924 -0.002269864 -0.00445497 6.9998e-4 0 -0.003499925 0.005999922 -0.001167178 -0.004861772 0.00484991 0 -0.004999935 0.004999935 -8.17057e-4 -0.003403186 0.005849897 8.17061e-4 -0.003403186 0.006149947 0.001167178 -0.004861772 0.0051499 0.002269864 -0.00445497 0.005299925 0.003403246 8.17059e-4 0.003149926 0.004861772 0.001167178 0.002149939 0.001588881 -0.003118455 0.006299912 0.002273023 -0.002661347 0.006449937 0.003247201 -0.003801941 0.00544995 0.003118515 0.00158894 0.003299951 0.00445497 0.002269923 0.002299904 0.002831459 -0.002057135 0.006599903 0.004045069 -0.002938866 0.005599915 0.002661347 0.002273023 0.003449916 0.003801941 0.003247201 0.002449929 0.002938807 0.004045069 0.002599954 0.002057135 0.002831518 0.003599941 0.001913309 0.004619359 0.002749919 0.003233492 -0.001339316 0.006749927 0.0046193 -0.001913309 0.00574994 0.004903912 -9.7545e-4 0.005874931 0.003432691 -6.82814e-4 0.006874918 0.004999995 0 0.005999922 0.001339316 0.003233551 0.003749907 0.003499925 0 0.006999909 5.47524e-4 0.00345689 0.003899931 7.82177e-4 0.004938423 0.002899944 -2.74603e-4 0.003489196 0.004049897 -3.9229e-4 0.004984557 0.00304991 -0.001545011 0.004755258 0.003199934 -0.001081526 0.00332868 0.004199922 -0.002612411 0.004263162 0.0033499 -0.00182873 0.002984225 0.004349946 -0.002474844 0.002474844 0.004499912 -0.003535509 0.003535509 0.003499925 -0.002984166 0.00182873 0.004649937 -0.004263103 0.002612471 0.00364995 -0.004755258 0.001545071 0.003799915 -0.003328621 0.001081526 0.004799902 -0.003489196 2.74608e-4 0.004949927 -0.004984498 3.92296e-4 0.00394994 -0.004938364 -7.82171e-4 0.004099905 -0.00345683 -5.47519e-4 0.005099952 -0.003233492 -0.001339316 0.005249917 -0.0046193 -0.001913309 0.00424993 -0.004045069 -0.002938866 0.004399895 -0.002831459 -0.002057135 0.005399942 -0.002273023 -0.002661347 0.005549907 -0.003247201 -0.003801941 0.00454992 -0.002269864 -0.00445497 0.004699945 -0.001588881 -0.003118455 0.005699932 0 -0.003499925 0.00999993 -0.001167178 -0.004861772 0.008849918 0 -0.004999935 0.008999943 0.001167178 -0.004861772 0.009149909 -8.17057e-4 -0.003403186 0.009849905 8.17061e-4 -0.003403186 0.01014995 0.003403246 8.17059e-4 0.007149934 0.004861772 0.001167178 0.006149947 0.001588881 -0.003118455 0.01029992 0.002269864 -0.00445497 0.009299933 0.002273023 -0.002661347 0.01044994 0.003247201 -0.003801941 0.009449899 0.003118515 0.00158894 0.0072999 0.00445497 0.002269923 0.006299912 0.004045069 -0.002938866 0.009599924 0.002831459 -0.002057135 0.01059991 0.002661347 0.002273023 0.007449924 0.003801941 0.003247201 0.006449937 0.002057135 0.002831518 0.007599949 0.002938807 0.004045069 0.006599903 0.003233492 -0.001339316 0.01074993 0.0046193 -0.001913309 0.009749948 0.001913309 0.004619359 0.006749927 0.004903912 -9.7545e-4 0.009874939 0.003432691 -6.82814e-4 0.01087492 0.001339316 0.003233551 0.007749915 0.003499925 0 0.01099991 0.004999995 0 0.00999993 5.47524e-4 0.00345689 0.00789994 7.82177e-4 0.004938423 0.006899952 -3.9229e-4 0.004984557 0.007049918 -2.74603e-4 0.003489196 0.008049905 -0.001545011 0.004755258 0.007199943 -0.001081526 0.00332868 0.00819993 -0.002612411 0.004263162 0.007349908 -0.00182873 0.002984225 0.008349955 -0.002474844 0.002474844 0.00849992 -0.003535509 0.003535509 0.007499933 -0.004263103 0.002612471 0.007649898 -0.002984166 0.00182873 0.008649945 -0.003328621 0.001081526 0.00879991 -0.004755258 0.001545071 0.007799923 -0.004984498 3.92296e-4 0.007949948 -0.003489196 2.74608e-4 0.008949935 -0.00345683 -5.47519e-4 0.0090999 -0.004938364 -7.82171e-4 0.008099913 -0.003233492 -0.001339316 0.009249925 -0.0046193 -0.001913309 0.008249938 -0.002831459 -0.002057135 0.00939995 -0.004045069 -0.002938866 0.008399903 -0.002273023 -0.002661347 0.009549915 -0.003247201 -0.003801941 0.008549928 -0.002269864 -0.00445497 0.008699953 -0.001588881 -0.003118455 0.00969994 0 -0.003499925 0.01399993 -0.001167178 -0.004861772 0.01284992 0 -0.004999935 0.01299995 -8.17057e-4 -0.003403186 0.01384991 8.17061e-4 -0.003403186 0.0141499 0.001167178 -0.004861772 0.01314991 0.003403246 8.17059e-4 0.01114994 0.004861772 0.001167178 0.01014995 0.001588881 -0.003118455 0.01429992 0.002269864 -0.00445497 0.01329994 0.003118515 0.00158894 0.0112999 0.00445497 0.002269923 0.01029992 0.002273023 -0.002661347 0.01444995 0.003247201 -0.003801941 0.0134499 0.004045069 -0.002938866 0.01359993 0.002661347 0.002273023 0.01144993 0.003801941 0.003247201 0.01044994 0.002831459 -0.002057135 0.01459991 0.002057135 0.002831518 0.01159989 0.002938807 0.004045069 0.01059991 0.003233492 -0.001339316 0.01474994 0.0046193 -0.001913309 0.01374989 0.004903912 -9.7545e-4 0.01387494 0.003432691 -6.82814e-4 0.01487493 0.004999995 0 0.01399993 0.001339316 0.003233551 0.01174992 0.001913309 0.004619359 0.01074993 7.82177e-4 0.004938423 0.0108999 0.003499925 0 0.01499992 5.47524e-4 0.00345689 0.01189994 -2.74603e-4 0.003489196 0.01204991 -3.9229e-4 0.004984557 0.01104992 -0.001545011 0.004755258 0.01119995 -0.001081526 0.00332868 0.01219993 -0.00182873 0.002984225 0.0123499 -0.002612411 0.004263162 0.01134991 -0.003535509 0.003535509 0.01149994 -0.002474844 0.002474844 0.01249992 -0.002984166 0.00182873 0.01264995 -0.004263103 0.002612471 0.0116499 -0.004755258 0.001545071 0.01179993 -0.003328621 0.001081526 0.01279991 -0.004984498 3.92296e-4 0.01194989 -0.003489196 2.74608e-4 0.01294994 -0.00345683 -5.47519e-4 0.0130999 -0.004938364 -7.82171e-4 0.01209992 -0.003233492 -0.001339316 0.01324993 -0.0046193 -0.001913309 0.01224994 -0.002831459 -0.002057135 0.01339989 -0.004045069 -0.002938866 0.01239991 -0.002273023 -0.002661347 0.01354992 -0.003247201 -0.003801941 0.01254993 -0.002269864 -0.00445497 0.0126999 -0.001588881 -0.003118455 0.01369994 0 -0.003499925 0.01799994 0 -0.004999935 0.0169999 0.001167178 -0.004861772 0.01714992 -8.17057e-4 -0.003403186 0.01784992 -0.001167178 -0.004861772 0.01684993 8.17061e-4 -0.003403186 0.01814991 0.002269864 -0.00445497 0.01729995 0.004861772 0.001167178 0.0141499 0.001588881 -0.003118455 0.01829993 0.003247201 -0.003801941 0.01744991 0.003403246 8.17059e-4 0.01514995 0.00445497 0.002269923 0.01429992 0.002273023 -0.002661347 0.0184499 0.004045069 -0.002938866 0.01759994 0.003118515 0.00158894 0.01529991 0.002831459 -0.002057135 0.01859992 0.002661347 0.002273023 0.01544994 0.003801941 0.003247201 0.01444995 0.003233492 -0.001339316 0.01874995 0.0046193 -0.001913309 0.0177499 0.004903912 -9.7545e-4 0.01787495 0.002057135 0.002831518 0.0155999 0.002938807 0.004045069 0.01459991 0.001913309 0.004619359 0.01474994 0.003432691 -6.82814e-4 0.01887494 0.003499925 0 0.01899993 0.004999995 0 0.01799994 0.001339316 0.003233551 0.01574993 5.47524e-4 0.00345689 0.01589989 7.82177e-4 0.004938423 0.0148999 -2.74603e-4 0.003489196 0.01604992 -3.9229e-4 0.004984557 0.01504993 -0.001081526 0.00332868 0.01619994 -0.001545011 0.004755258 0.01519989 -0.002612411 0.004263162 0.01534992 -0.00182873 0.002984225 0.01634991 -0.002474844 0.002474844 0.01649993 -0.003535509 0.003535509 0.01549994 -0.002984166 0.00182873 0.0166499 -0.004263103 0.002612471 0.01564991 -0.003328621 0.001081526 0.01679992 -0.004755258 0.001545071 0.01579993 -0.004984498 3.92296e-4 0.0159499 -0.003489196 2.74608e-4 0.01694995 -0.00345683 -5.47519e-4 0.01709991 -0.004938364 -7.82171e-4 0.01609992 -0.003233492 -0.001339316 0.01724994 -0.0046193 -0.001913309 0.01624995 -0.004045069 -0.002938866 0.01639991 -0.002831459 -0.002057135 0.0173999 -0.003247201 -0.003801941 0.01654994 -0.002273023 -0.002661347 0.01754993 -0.002269864 -0.00445497 0.01669991 -0.001588881 -0.003118455 0.01769989 0 -0.003499925 0.02199995 0 -0.004999935 0.0209999 0.001167178 -0.004861772 0.02114993 -8.17057e-4 -0.003403186 0.02184993 8.17061e-4 -0.003403186 0.02214992 0.002269864 -0.00445497 0.02129989 0.004861772 0.001167178 0.01814991 0.001588881 -0.003118455 0.02229994 0.003247201 -0.003801941 0.02144992 0.003403246 8.17059e-4 0.01914989 0.002273023 -0.002661347 0.02244991 0.004045069 -0.002938866 0.02159994 0.003118515 0.00158894 0.01929992 0.00445497 0.002269923 0.01829993 0.002831459 -0.002057135 0.02259993 0.0046193 -0.001913309 0.02174991 0.002661347 0.002273023 0.01944994 0.003801941 0.003247201 0.0184499 0.002938807 0.004045069 0.01859992 0.003233492 -0.001339316 0.0227499 0.002057135 0.002831518 0.01959991 0.003432691 -6.82814e-4 0.02287495 0.004903912 -9.7545e-4 0.0218749 0.004999995 0 0.02199995 0.001339316 0.003233551 0.01974993 0.001913309 0.004619359 0.01874995 7.82177e-4 0.004938423 0.01889991 0.003499925 0 0.02299994 5.47524e-4 0.00345689 0.0198999 -2.74603e-4 0.003489196 0.02004992 -3.9229e-4 0.004984557 0.01904994 -0.001081526 0.00332868 0.02019995 -0.001545011 0.004755258 0.0191999 -0.002612411 0.004263162 0.01934993 -0.00182873 0.002984225 0.02034991 -0.002474844 0.002474844 0.02049994 -0.003535509 0.003535509 0.01949989 -0.002984166 0.00182873 0.0206499 -0.004263103 0.002612471 0.01964992 -0.003328621 0.001081526 0.02079993 -0.004755258 0.001545071 0.01979994 -0.003489196 2.74608e-4 0.0209499 -0.004984498 3.92296e-4 0.01994991 -0.00345683 -5.47519e-4 0.02109992 -0.004938364 -7.82171e-4 0.02009993 -0.0046193 -0.001913309 0.0202499 -0.003233492 -0.001339316 0.02124994 -0.004045069 -0.002938866 0.02039992 -0.002831459 -0.002057135 0.02139991 -0.003247201 -0.003801941 0.02054995 -0.002273023 -0.002661347 0.02154994 -0.001588881 -0.003118455 0.0216999 -0.002269864 -0.00445497 0.02069991 -0.001167178 -0.004861772 0.02084994 0 -0.003499925 0.0259999 0 -0.004999935 0.02499991 0.001167178 -0.004861772 0.02514994 -8.17057e-4 -0.003403186 0.02584993 8.17061e-4 -0.003403186 0.02614992 0.001588881 -0.003118455 0.02629995 0.002269864 -0.00445497 0.0252999 0.003247201 -0.003801941 0.02544993 0.003403246 8.17059e-4 0.0231499 0.004861772 0.001167178 0.02214992 0.002273023 -0.002661347 0.02644991 0.004045069 -0.002938866 0.02559989 0.003118515 0.00158894 0.02329993 0.00445497 0.002269923 0.02229994 0.003801941 0.003247201 0.02244991 0.002831459 -0.002057135 0.02659994 0.0046193 -0.001913309 0.02574992 0.002661347 0.002273023 0.02344989 0.003233492 -0.001339316 0.0267499 0.002057135 0.002831518 0.02359992 0.002938807 0.004045069 0.02259993 0.003432691 -6.82814e-4 0.02687489 0.004903912 -9.7545e-4 0.02587491 0.003499925 0 0.02699995 0.004999995 0 0.0259999 0.001339316 0.003233551 0.02374994 0.001913309 0.004619359 0.0227499 5.47524e-4 0.00345689 0.02389991 7.82177e-4 0.004938423 0.02289992 -3.9229e-4 0.004984557 0.02304995 -2.74603e-4 0.003489196 0.02404993 -0.001081526 0.00332868 0.0241999 -0.001545011 0.004755258 0.02319991 -0.00182873 0.002984225 0.02434992 -0.002612411 0.004263162 0.02334994 -0.002474844 0.002474844 0.02449995 -0.003535509 0.003535509 0.0234999 -0.004263103 0.002612471 0.02364993 -0.002984166 0.00182873 0.02464991 -0.003328621 0.001081526 0.02479994 -0.004755258 0.001545071 0.02379989 -0.003489196 2.74608e-4 0.0249499 -0.004984498 3.92296e-4 0.02394992 -0.004938364 -7.82171e-4 0.02409994 -0.00345683 -5.47519e-4 0.02509993 -0.0046193 -0.001913309 0.02424991 -0.003233492 -0.001339316 0.02524989 -0.004045069 -0.002938866 0.02439993 -0.002831459 -0.002057135 0.02539992 -0.003247201 -0.003801941 0.0245499 -0.002273023 -0.002661347 0.02554994 -0.002269864 -0.00445497 0.02469992 -0.001588881 -0.003118455 0.02569991 -0.001167178 -0.004861772 0.02484995 -0.003233492 -0.001339316 0.0292499 -0.004903912 -9.75452e-4 0.02812492 -0.0046193 -0.001913309 0.02824991 -0.004157245 -0.002777755 0.02837491 -0.003432691 -6.82816e-4 0.02912491 -0.002910137 -0.001944422 0.02937489 -0.002474844 -0.002474784 0.02949994 -0.003535509 -0.003535449 0.0284999 0.003432691 6.82818e-4 0.02712494 0.004903912 9.75454e-4 0.02612495 -0.001944482 -0.002910077 0.02962493 -0.002777755 -0.004157245 0.02862495 0.003233492 0.001339375 0.02724993 0.0046193 0.001913368 0.02624994 -0.001339316 -0.003233492 0.02974992 -0.001913309 -0.0046193 0.02874994 0.002910137 0.001944482 0.02737492 0.004157245 0.002777814 0.02637493 -6.82817e-4 -0.003432631 0.02987492 -9.75453e-4 -0.004903852 0.02887493 0 -0.003499925 0.02999991 0 -0.004999935 0.02899992 0.002474844 0.002474844 0.02749991 0.003535509 0.003535509 0.02649992 0.002777755 0.004157304 0.02662491 0.001944482 0.002910137 0.0276249 0.001339316 0.003233551 0.02774989 0.001913309 0.004619359 0.0267499 6.82817e-4 0.003432691 0.02787494 9.75453e-4 0.004903912 0.02687489 0 0.003499984 0.02799993 0 0.004999995 0.02699995 -6.82817e-4 0.003432691 0.02812492 -9.75452e-4 0.004903912 0.02712494 -0.001913309 0.004619359 0.02724993 -0.001339316 0.003233551 0.02824991 -0.001944482 0.002910137 0.02837491 -0.002777755 0.004157304 0.02737492 -0.002474844 0.002474844 0.0284999 -0.003535509 0.003535509 0.02749991 -0.002910137 0.001944482 0.02862495 -0.004157245 0.002777814 0.0276249 -0.003233492 0.001339375 0.02874994 -0.0046193 0.001913368 0.02774989 -0.003432691 6.82818e-4 0.02887493 -0.004903912 9.75453e-4 0.02787494 -0.004999995 0 0.02799993 -0.003499925 0 0.02899992 2.69999e-4 -0.004291415 -0.00999999 -0.001830816 -0.003890693 -0.00999999 -8.0574e-4 -0.004223763 -0.00999999 -0.004266083 5.38934e-4 -0.00999999 -0.004266083 -5.38932e-4 -0.00999999 -0.003997981 -0.00158286 -0.00999999 -0.003478705 -0.002527415 -0.00999999 -0.002740859 -0.003313124 -0.00999999 0.001328766 -0.004089474 -0.00999999 -0.003997981 0.00158292 -0.00999999 -0.001830816 0.003890752 -0.00999999 -0.002740859 0.003313183 -0.00999999 -0.003478705 0.002527475 -0.00999999 0.002303957 -0.003630518 -0.00999999 0.004164874 -0.001069307 -0.00999999 0.003134489 -0.002943456 -0.00999999 0.003768086 -0.00207144 -0.00999999 0.004164874 0.001069366 -0.00999999 0.004299998 0 -0.00999999 0.001328766 0.004089534 -0.00999999 2.69999e-4 0.004291474 -0.00999999 -8.0574e-4 0.004223823 -0.00999999 0.003134489 0.002943515 -0.00999999 0.003768086 0.002071499 -0.00999999 0.002303957 0.003630578 -0.00999999 2.69999e-4 -0.004291415 -0.01499998 0.001328766 -0.004089474 -0.01499998 0.002303957 -0.003630518 -0.01499998 0.004299998 0 -0.01499998 0.004164874 0.001069366 -0.01499998 0.003134489 -0.002943456 -0.01499998 0.003768086 0.002071499 -0.01499998 0.003768086 -0.00207144 -0.01499998 0.004164874 -0.001069307 -0.01499998 0.003134489 0.002943515 -0.01499998 0.002303957 0.003630578 -0.01499998 0.001328766 0.004089534 -0.01499998 2.69999e-4 0.004291474 -0.01499998 -8.0574e-4 0.004223823 -0.01499998 -0.001830816 0.003890752 -0.01499998 -0.002740859 0.003313183 -0.01499998 -0.003478705 0.002527475 -0.01499998 -0.003997981 0.00158292 -0.01499998 -0.004266083 5.38934e-4 -0.01499998 -0.004266083 -5.38932e-4 -0.01499998 -0.003997981 -0.00158286 -0.01499998 -0.003478705 -0.002527415 -0.01499998 -0.002740859 -0.003313124 -0.01499998 -0.001830816 -0.003890693 -0.01499998 -8.0574e-4 -0.004223763 -0.01499998 -0.009699463 0 -0.01499998 -0.004849672 -0.008399903 -0.01499998 0.004849672 -0.008399903 -0.01499998 -0.004849672 0.008399963 -0.01499998 0.009699463 0 -0.01499998 0.004849672 0.008399963 -0.01499998 0.004849672 0.008399963 -0.02159994 0.009699463 0 -0.02159994 -0.004849672 0.008399963 -0.02159994 0.004849672 -0.008399903 -0.02159994 -0.009699463 0 -0.02159994 -0.004849672 -0.008399903 -0.02159994</float_array>
          <technique_common>
            <accessor source="#shape0_030-mesh-positions-array" count="1906" stride="3">
              <param name="X" type="float"/>
              <param name="Y" type="float"/>
              <param name="Z" type="float"/>
            </accessor>
          </technique_common>
        </source>
        <source id="shape0_030-mesh-normals">
          <float_array id="shape0_030-mesh-normals-array" count="6129">0.1873819 -0.9822872 0 0.4257808 -0.9048264 0 0.4257807 -0.9048264 0 0.637427 -0.7705109 0 0.9921131 0.1253456 0 0.6374272 -0.7705107 0 0.9921132 0.1253448 0 0.8090386 -0.5877556 0 0.8090382 -0.5877562 0 0.9297583 0.3681709 0 0.9297581 0.3681712 0 0.9297582 -0.3681708 0 0.9297581 -0.3681712 0 0.8090386 0.5877556 0 0.9921132 -0.1253448 0 0.8090382 0.5877562 0 0.9921132 -0.1253456 0 0.637427 0.7705109 0 0.4257807 0.9048264 0 0.6374272 0.7705107 0 0.1873819 0.9822872 0 0.4257808 0.9048264 0 -0.06277543 0.9980277 0 -0.3090661 0.9510406 0 -0.06277543 0.9980277 0 -0.3090661 0.9510407 0 -0.5358244 0.8443294 0 -0.7289737 0.6845418 0 -0.5358242 0.8443295 0 -0.8762986 0.4817686 0 -0.9685738 0.2487266 0 -0.8762989 0.4817678 0 -0.9685741 0.2487258 0 -1 0 0 -0.9685741 -0.2487257 0 -0.9685738 -0.2487266 0 -0.8762989 -0.4817678 0 -0.8762986 -0.4817686 0 -0.7289737 -0.6845418 0 -0.5358244 -0.8443294 0 -0.5358242 -0.8443295 0 -0.3090661 -0.9510407 0 -0.3090661 -0.9510406 0 -0.06277543 -0.9980277 0 -0.06277543 -0.9980277 0 -1.90077e-5 0 1 3.23551e-6 0 1 -9.50056e-6 0 1 -1.90028e-5 0 1 8.36808e-6 0 1 -2.52014e-6 0 1 0 0 1 4.06403e-7 0 1 6.47107e-6 0 1 -5.35269e-6 0 1 1.20845e-6 0 1 5.07306e-6 0 1 -1.9003e-5 0 1 1.18794e-6 0 1 -2.20186e-6 0 1 1.9003e-5 0 1 -1.29405e-5 0 1 -9.50385e-6 0 -1 3.23551e-6 0 -1 0 0 -1 4.75102e-6 0 -1 1.26826e-6 0 -1 -4.46682e-7 0 -1 1.18794e-6 0 -1 -9.28912e-7 0 -1 1.63005e-6 0 -1 4.75108e-6 0 -1 -3.23512e-6 0 -1 0.5447673 -0.6831312 0.4863748 0 -0.8678681 0.4967948 -0.1836801 -0.8046413 0.5646362 0 -0.831429 0.5556311 -0.1918035 -0.8402229 0.5071853 -0.3733443 -0.7752643 0.5094892 0.3765507 -0.7819101 0.4968162 0.3607475 -0.7491009 0.555616 0.1918036 -0.8402229 0.5071855 0.1836801 -0.8046413 0.5646362 0 -0.8604772 0.5094892 -0.186505 -0.8171906 0.5453583 0.678479 -0.5411151 0.4968509 0.5146058 -0.6452547 0.5646479 0.537369 -0.6738026 0.5071733 0.650058 -0.5184005 0.5555949 -0.1860713 -0.8152712 0.5483706 0.06319522 -0.8440088 0.5325935 0.09580516 -0.8506163 0.5169849 0.3713123 -0.771051 0.5173079 0.2791419 -0.797755 0.5344782 0.4496711 -0.7156333 0.5344763 0.8139026 -0.3194385 0.4853056 0.8715351 -0.2335113 0.4311601 0.7306362 -0.4040269 0.5503935 0.6690936 -0.5335805 0.5173062 0.5976216 -0.5976415 0.5344841 0.7977151 -0.2793053 0.5344522 0.785969 -0.308469 0.535817 0.7156331 -0.4496674 0.5344797 0.8111388 -0.2173452 0.5429688 0.7411715 0.1919326 0.6432936 0.7742162 0.2867508 0.5642368 0.7616856 0.3736405 0.5293656 0.7075148 0.4409382 0.5522648 0.617841 0.4783225 0.6240834 0.8019701 0.2834166 0.525851 0.7674613 0.2988614 0.567173 0.6140216 0.4896535 0.6190452 0.6197888 0.5015534 0.6035777 0.7878511 0.3093104 0.5325579 0.845043 0.2957794 0.4454402 0.8051493 0.3666723 0.4661395 0.8051494 0.3666723 0.4661395 0.8051494 0.3666723 0.4661395 0.8404549 0.09995961 0.5325821 0.8427118 0.04748606 0.5362668 0.7543889 0.3125033 0.5772686 0.8024311 0.2508969 0.541438 0.8044983 0.3338562 0.4912459 0.8053176 0.3336039 0.4900734 0.805994 0.3163278 0.5003103 0.8203411 0.2198133 0.5279419 0.8290665 0.157141 0.5366148 0.8290665 0.157141 0.5366148 0.8364792 0.1102281 0.5367982 0.7169207 0.4504833 0.5320615 0.7386682 0.4084224 0.5362467 0.7386031 0.4085503 0.5362389 0.7386682 0.4084224 0.5362467 0.6883741 0.4884593 0.5362358 0.6884031 0.4883946 0.5362574 0.6294159 0.5624217 0.5362067 0.5987169 0.5987137 0.5320527 0.6293407 0.5624197 0.536297 0.4472404 0.7117651 0.5416333 -0.5469055 0.6018164 0.5819894 -0.6852064 0.5464208 0.4815774 -0.7332631 0.4154841 0.5382363 -0.7332631 0.4154841 0.5382363 -0.733263 0.4154841 0.5382364 0.80197 -0.2834165 0.5258511 0.6178413 -0.4783228 0.624083 0.7075148 -0.4409382 0.5522648 0.7616857 -0.3736405 0.5293655 0.7742162 -0.2867508 0.5642368 0.7411768 -0.191931 0.6432881 -0.8284733 -0.1890916 0.5271398 -0.8284734 0.1890916 0.5271398 -0.8334465 0.1830556 0.5213997 -0.8316476 0.1680318 0.5292708 -0.8316701 0.1681531 0.5291968 -0.8316476 0.1680318 0.5292708 -0.8316884 0.1679944 0.5292187 0.7674613 -0.2988614 0.5671729 -0.8410598 -0.07870203 0.5351865 -0.8409992 -0.07866221 0.5352874 -0.8409993 -0.07866221 0.5352876 -0.8409993 -0.07866227 0.5352876 -0.8455984 -0.1678192 0.5067546 0.6197878 -0.5015525 0.6035794 0.8051494 -0.3666723 0.4661395 0.8051493 -0.3666723 0.4661395 0.8051493 -0.3666723 0.4661395 0.6140219 -0.4896537 0.6190448 0.787851 -0.3093104 0.532558 0.845043 -0.2957794 0.4454404 -0.5469055 -0.6018164 0.5819894 -0.6852064 -0.5464208 0.4815772 -0.7874487 -0.295334 0.5410199 -0.7295094 -0.4278769 0.533608 0.8427155 -0.04739063 0.5362693 0.8417637 -0.1132346 0.5278369 0.7374404 -0.3054586 0.6023926 0.7760656 -0.2716352 0.5691543 0.8210074 -0.3400726 0.458582 0.8321236 -0.1413688 0.5362698 0.8147367 -0.2406145 0.52755 -0.5774347 -0.6420091 0.5043744 -0.5296823 -0.6792141 0.5080403 -0.6322012 -0.5494554 0.5462787 -0.1809765 -0.8185733 0.545147 0.4472404 -0.7117651 0.5416333 0.5987169 -0.5987137 0.5320526 0.6293404 -0.5624195 0.5362975 0.6883741 -0.4884593 0.5362358 0.6884031 -0.4883946 0.5362574 0.7386029 -0.4085503 0.5362392 0.738668 -0.4084223 0.536247 0.738668 -0.4084223 0.5362469 0.7169208 -0.4504834 0.5320615 0.6132887 0.5828492 0.5330702 0.5474252 0.6377245 0.5418792 0.6698088 0.4737049 0.5718041 0.696297 0.5131 0.5018954 -0.06762629 0.8386075 0.540522 -0.1892119 0.8290272 0.5262253 0.3694854 0.7442875 0.5563422 -0.08129072 0.8408516 0.5351268 0.3297547 0.7965462 0.5067309 0.09458577 0.8398612 0.5344967 0.2771258 0.7920237 0.5439667 -0.2381104 0.8102528 0.5355314 -0.2381104 0.8102528 0.5355314 -0.1651702 0.8321506 0.5293809 -0.1454532 0.8284441 0.5408546 0.6962969 -0.5131 0.5018954 0.5474254 -0.6377248 0.5418789 0.6132887 -0.5828492 0.5330702 0.6698088 -0.4737049 0.5718041 -0.4677156 0.7087604 0.5281106 -0.5313431 0.6731204 0.5143766 -0.735585 0.4125657 0.5373122 -0.7931796 0.1900757 0.5785651 -0.5478156 0.6655015 0.5069575 -0.3252708 -0.7309557 0.599919 -0.1757318 -0.8178668 0.5479163 -0.1762036 -0.8177897 0.5478798 0.5119628 -0.6802615 0.5245365 0.6116251 -0.5465838 0.5719799 0.09433269 -0.8372411 0.538636 0.2792927 -0.7981235 0.5338488 0.4824018 -0.6948058 0.5334169 0.6382046 0.660784 0.3950438 0.5227546 0.5674648 0.6361693 0.3422639 0.7106882 0.6146362 0.6382046 -0.660784 0.3950438 0.5227546 -0.5674648 0.6361693 0.3422639 -0.7106882 0.6146362 -0.6845539 -0.4928842 0.5370765 -0.3097087 -0.7477101 0.5873757 -0.8375571 -0.08626776 0.5394961 -0.8425443 0.3489776 0.410285 -0.7951297 -0.2946181 0.5300653 -0.747702 0.3097146 0.5873829 -0.3489928 -0.8425325 0.4102963 -0.8042753 0.2388005 0.544165 -0.778635 0.2790119 0.5620319 -0.7787134 0.2789047 0.5619766 -0.778635 0.2790119 0.562032 0.3257501 0.7591232 0.563577 0.2533215 0.8075821 0.5325783 0.1691966 0.8228929 0.5424203 0.08154392 0.8029642 0.5904229 0.08154392 -0.8029637 0.5904236 0.1691966 -0.8228929 0.5424203 0.2533215 -0.8075821 0.5325783 0.3257501 -0.7591232 0.563577 0.4796413 0.6892533 0.5430232 0.4108543 0.7400171 0.5325161 0.502511 0.653429 0.566139 0.3242285 0.7611529 0.5617135 0.5105673 0.66273 0.547823 0.3356482 0.784091 0.5220552 0 0.7885859 0.6149248 0.2408443 0.8778818 0.4139053 0.2009665 0.7490214 0.6313315 0 -0.7885861 0.6149244 0.2009666 -0.7490215 0.6313313 0.2408443 -0.8778817 0.4139059 0.510567 -0.6627296 0.5478238 0.4108543 -0.7400171 0.5325161 0.4796416 -0.6892538 0.5430224 0.3356481 -0.7840906 0.522056 0.502511 -0.653429 0.566139 0.3242285 -0.7611529 0.5617135 0.02997887 0.9197684 0.3913149 0 0.7861494 0.6180365 -0.08388411 0.8259705 0.5574373 -0.1706098 0.8297933 0.5313525 -0.2504546 0.7984402 0.5475087 -0.3151151 0.7343281 0.6012194 -0.3571183 0.6432325 0.6772876 -0.373634 0.536928 0.756377 0.02272003 0.7649408 0.6436998 -0.3538637 0.798049 0.4877483 -0.1090918 0.8145027 0.5698108 -0.4027956 0.7428986 0.5346564 -0.1465684 0.8726957 0.4657467 -0.3419445 0.6991628 0.6278898 -0.3419445 0.6991627 0.6278898 -0.3419445 0.6991627 0.6278898 -0.1627696 0.8863985 0.4333631 -0.1627696 0.8863986 0.4333632 -0.1627696 0.8863985 0.4333632 -0.3311164 0.687548 0.6462505 -0.3736335 -0.5369273 0.7563778 -0.3571181 -0.6432322 0.6772879 -0.3151151 -0.7343281 0.6012194 -0.5500196 0.6407413 0.5356576 -0.2504547 -0.7984408 0.5475079 -0.6074424 0.577296 0.5456583 -0.1706097 -0.8297927 0.5313534 -0.08388417 -0.8259711 0.5574365 0 -0.7861489 0.6180372 0.02997887 -0.9197684 0.3913149 0.02272009 -0.7649411 0.6436995 -0.1090918 -0.8145027 0.5698108 -0.4027956 -0.7428987 0.5346563 -0.3538638 -0.7980492 0.4877477 -0.3311164 -0.687548 0.6462505 -0.3419445 -0.6991627 0.6278898 -0.3419445 -0.6991627 0.6278898 -0.3419445 -0.6991627 0.6278898 -0.1627696 -0.8863985 0.4333631 -0.1627696 -0.8863986 0.4333632 -0.1627696 -0.8863986 0.4333632 -0.1465685 -0.8726965 0.465745 -0.6553815 0.5073862 0.5594947 -0.7134119 0.4446094 0.5416327 -0.75854 0.3720991 0.5349386 -0.7892822 0.2923355 0.5399756 -0.8044488 0.2083172 0.5562969 -0.645762 0.5149585 0.5637456 -0.8048272 0.1837266 0.564356 -0.8268776 0.1265712 0.5479537 -0.8428906 0.04284769 0.5363763 -0.8428906 -0.04284769 0.5363762 -0.8268776 -0.1265712 0.5479537 -0.8048259 -0.1837271 0.5643578 -0.8044499 -0.2083166 0.5562955 -0.7892823 -0.2923355 0.5399755 -0.75854 -0.372099 0.5349389 -0.7134121 -0.4446095 0.5416324 -0.6553815 -0.5073862 0.5594948 -0.6457626 -0.5149583 0.5637453 -0.6074424 -0.577296 0.5456583 -0.5500197 -0.6407414 0.5356575 0.8194199 0.04165339 0.5716782 0.8320073 0.127357 0.5399483 0.8398849 0.09465944 0.5344465 0.6404076 0.5107544 0.5735923 0.68777 0.548455 0.4755731 0.7403264 0.2591264 0.6202988 0.7697051 0.3977574 0.4993428 0.5447659 0.683132 0.4863753 0.3554112 0.7380229 0.5735896 0.3816758 0.7925333 0.47562 0.5068961 0.6356432 0.5822491 0 0.8191242 0.5736162 0.1809328 0.7926092 0.5822662 0 0.8796614 0.4756006 0.1944557 0.8518361 0.4863768 0.678479 0.5411152 0.4968508 0.6500579 0.5184004 0.5555949 -0.1944557 0.8518361 0.4863769 -0.1809349 0.7926089 0.5822661 -0.3554112 0.7380229 0.5735896 -0.3816758 0.7925333 0.47562 0.5373718 0.6738013 0.507172 0.5146085 0.6452535 0.5646469 0.3607475 0.7491008 0.555616 0.3765507 0.7819101 0.4968161 0.785969 0.308469 0.535817 0.8111387 0.2173452 0.5429688 0.7977151 0.2793053 0.5344523 -0.6404076 0.5107544 0.5735923 -0.5447673 0.6831313 0.4863748 -0.506897 0.6356429 0.5822488 -0.68777 0.548455 0.4755731 0 0.8678683 0.4967945 0 0.8314291 0.5556309 0.1918035 0.8402229 0.5071853 0.1836801 0.8046413 0.5646362 0.715633 0.4496674 0.5344798 0.6690936 0.5335805 0.5173062 0.5976362 0.5976334 0.5344768 -0.7325168 0.3527333 0.5822357 -0.8575903 0.1957718 0.4756178 -0.7986319 0.1823084 0.5735424 -0.787253 0.3790904 0.4863365 -0.3607475 0.7491008 0.555616 -0.1836801 0.8046413 0.5646362 -0.3765507 0.7819101 0.4968161 -0.1918035 0.8402229 0.5071853 0.4496893 0.715626 0.5344708 0.3713123 0.7710511 0.5173079 0.279163 0.7977499 0.5344747 0 0.860477 0.5094894 0.06319522 0.8440086 0.5325936 -0.7986318 -0.1823084 0.5735425 -0.8129859 0 0.5822834 -0.8737952 0 0.4862942 -0.8575924 -0.1957705 0.4756146 -0.678479 0.5411152 0.4968508 -0.6500579 0.5184004 0.5555949 -0.537369 0.6738027 0.5071731 -0.5146058 0.6452547 0.5646479 0.09580516 0.8506165 0.5169847 -0.186505 0.8171906 0.5453583 -0.3733444 0.7752644 0.5094891 -0.6404076 -0.5107544 0.5735923 -0.68777 -0.548455 0.4755731 -0.7325162 -0.3527336 0.5822362 -0.787253 -0.3790904 0.4863365 -0.8106117 0.1850168 0.5555877 -0.7435694 0.3580861 0.5646938 -0.7765076 0.3739467 0.5071488 -0.8460527 0.1931342 0.4968842 -0.3816758 -0.7925332 0.4756204 -0.5068961 -0.6356432 0.5822491 -0.3554113 -0.7380231 0.5735894 -0.5447658 -0.6831319 0.4863754 -0.8106117 -0.1850168 0.5555875 -0.8618628 0 0.5071416 -0.8252856 0 0.5647156 -0.8460527 -0.1931342 0.4968842 -0.1944557 -0.851836 0.486377 0 -0.8191244 0.573616 -0.1809328 -0.7926092 0.5822663 0 -0.8796614 0.4756006 -0.7765079 -0.3739464 0.5071485 -0.650058 -0.5184005 0.5555949 -0.7435687 -0.3580865 0.5646943 -0.678479 -0.5411151 0.4968509 0.8320073 -0.127357 0.5399483 0.8194199 -0.04165339 0.5716783 0.1944557 -0.8518361 0.4863769 0.3554113 -0.7380231 0.5735894 0.1809349 -0.7926089 0.5822661 0.3816758 -0.7925332 0.4756204 -0.3765507 -0.7819101 0.4968162 -0.5146085 -0.6452535 0.5646468 -0.5373718 -0.6738012 0.5071722 -0.3607475 -0.7491009 0.555616 0.8398849 -0.09465944 0.5344465 0.68777 -0.548455 0.4755731 0.506897 -0.6356429 0.5822488 0.6404076 -0.5107544 0.5735923 -7.65097e-4 0 -0.9999998 -7.65152e-4 0 -0.9999997 -7.65052e-4 0 -0.9999997 4.93474e-7 0 -1 -2.39517e-5 0 -1 -3.34768e-6 0 -1 1.42858e-4 0 -1 3.5823e-5 0 -1 -2.64897e-6 0 -1 5.64691e-6 0 -1 -2.13267e-5 0 -1 4.78603e-4 0 -1 4.78589e-4 0 -1 4.78579e-4 0 -1 1.17406e-5 0 -1 -9.5793e-5 0 -1 -1.42837e-4 0 -1 5.06017e-7 0 -1 -4.78965e-5 0 -1 -1.87368e-5 0 -1 -7.65094e-4 0 -0.9999997 -7.6505e-4 0 -0.9999997 -7.6515e-4 0 -0.9999998 7.20768e-5 0 -1 7.14764e-5 0 -1 1.63481e-6 0 -1 -7.19971e-6 0 -1 4.15634e-6 0 -1 8.88347e-7 0 -1 1.42852e-4 0 -1 -4.096e-6 0 -1 6.02446e-6 0 -1 -7.85232e-7 0 -1 -7.14764e-5 0 -1 0.08677625 -0.5526 -0.8289169 0.03772974 -0.5712226 -0.8199277 0.2134203 -0.5170633 -0.8289133 0.3339464 -0.4771529 -0.8128991 0.1700956 -0.5466092 -0.8199305 0.5170769 0.2133852 -0.8289139 0.5466113 0.1700781 -0.8199328 0.2883247 -0.4751108 -0.8313475 0.4529915 0.3281806 -0.8289126 0.4248976 -0.3638235 -0.8289116 0.4918178 0.2929623 -0.819932 0.3997118 -0.4098135 -0.8199289 0.3638441 0.424881 -0.8289111 0.4980459 -0.2546242 -0.8289251 0.2735 0.5142121 -0.8128861 0.5638376 -0.1458947 -0.8128973 0.4098282 0.3996994 -0.8199276 0.4842886 -0.3052303 -0.8199385 0.2924022 0.4726148 -0.831346 0.5793988 -0.02062362 -0.8147834 0.5278348 -0.1739624 -0.8313409 0.1313225 0.5437479 -0.8289106 0.1837002 0.5421863 -0.819932 0.5534172 -0.05716538 -0.8309403 0.5520668 0.09718209 -0.8281172 0.5681444 0.04929536 -0.8214511 7.48626e-4 0.5593778 -0.8289125 0.05207574 0.5700919 -0.819929 -0.1298571 0.544099 -0.828911 -0.2552471 0.5235136 -0.8128852 -0.08246374 0.5664944 -0.8199292 -0.2104597 0.5143522 -0.8313535 -0.3627125 0.425843 -0.8289135 -0.4650996 0.3505699 -0.8128858 -0.3306733 0.4672878 -0.8199374 -0.4210267 0.3627411 -0.8313577 -0.516505 0.2147616 -0.8289151 -0.5067718 0.2662326 -0.8199407 -0.554913 0.1406295 -0.8199359 -0.5523572 0.08822643 -0.8289256 -0.5813201 -0.03547358 -0.8129015 -0.555748 0.002350628 -0.8313476 -0.5322592 -0.1720955 -0.8289049 -0.5582681 -0.1266666 -0.8199344 -0.4773234 -0.2916716 -0.828909 -0.513305 -0.2534809 -0.8199179 -0.3960177 -0.395044 -0.8289211 -0.4399349 -0.3662984 -0.8199286 -0.2929491 -0.4765244 -0.8289182 -0.1896877 -0.5506663 -0.8128869 -0.3422517 -0.4588636 -0.819944 -0.2148631 -0.5125406 -0.8313459 -0.04464417 -0.5576044 -0.8289054 -0.09660404 -0.5642543 -0.8199297 0.04125332 -0.5542204 -0.8313471 0.2133625 -0.5171045 -0.8289027 0.3340056 -0.4771549 -0.8128736 0.1700955 -0.5466094 -0.8199303 0.5170621 0.2134217 -0.8289138 0.5466096 0.170095 -0.8199303 0.288325 -0.4751109 -0.8313474 0.4530257 0.3281548 -0.8289042 0.3859835 0.4361867 -0.8128703 0.4918088 0.2929765 -0.8199324 0.424897 -0.3638231 -0.8289121 0.5141857 -0.273521 -0.8128957 0.3997118 -0.4098138 -0.8199289 0.3946617 0.3912892 -0.8313452 0.4725837 -0.2924252 -0.8313557 0.2546476 0.4980666 -0.8289055 0.1459112 0.5638592 -0.8128792 0.3051901 0.4843279 -0.8199303 0.543752 -0.1312993 -0.8289115 0.5421913 -0.1836701 -0.8199353 0.1740101 0.5278157 -0.8313431 0.5604186 -0.01232892 -0.8281179 0.5722698 0.09275418 -0.814803 0.5668554 -0.0625081 -0.8214426 7.22637e-4 0.5593758 -0.8289139 0.5539445 0.05190908 -0.8309338 0.05205619 0.5700925 -0.8199297 -0.1298235 0.5441001 -0.8289155 -0.08244311 0.5664883 -0.8199356 -0.2533225 0.498729 -0.8289132 -0.2124441 0.5315881 -0.8199278 -0.3626925 0.4258861 -0.8289 -0.3306773 0.4672974 -0.8199304 -0.4521316 0.3293624 -0.8289135 -0.430604 0.3772463 -0.819918 -0.5067824 0.2662422 -0.8199309 -0.5165205 0.2147428 -0.8289102 -0.5549165 0.140632 -0.8199332 -0.5523636 0.08826875 -0.8289169 -0.5577127 -0.04317003 -0.8289108 -0.5724206 0.007152557 -0.8199291 -0.5582772 -0.1266657 -0.8199284 -0.5322553 -0.1721165 -0.828903 -0.4773244 -0.2916715 -0.8289086 -0.5133044 -0.253481 -0.8199183 -0.3960764 -0.395007 -0.8289108 -0.2929041 -0.4765602 -0.8289135 -0.1896868 -0.5506666 -0.812887 -0.3422685 -0.4588776 -0.819929 -0.2148627 -0.5125406 -0.8313461 -0.04463344 -0.5575831 -0.8289204 0.08097523 -0.5767498 -0.8128978 -0.09664267 -0.5642392 -0.8199356 0.08677643 -0.5525977 -0.8289184 0.03777253 -0.5712052 -0.8199378 0.2133581 -0.5171065 -0.8289024 0.1700986 -0.5466066 -0.8199315 0.5170624 0.2134211 -0.8289138 0.477153 0.3339452 -0.8128996 0.5466092 0.1700955 -0.8199304 0.3282063 -0.4529669 -0.828916 0.2929417 -0.4918463 -0.8199223 0.4751108 0.288325 -0.8313475 0.4248611 -0.3638901 -0.8289011 0.5142428 -0.2734934 -0.8128688 0.3997132 -0.4098099 -0.8199301 0.3638238 0.4248969 -0.8289119 0.4098135 0.3997118 -0.8199291 0.4725794 -0.2924264 -0.8313577 0.2546467 0.4980668 -0.8289057 0.3051897 0.4843279 -0.8199303 0.5437515 -0.1313042 -0.8289111 0.579399 -0.02062523 -0.814783 0.542191 -0.1836654 -0.8199366 0.1312987 0.5437521 -0.8289116 0.1837291 0.5421888 -0.8199238 0.5534189 -0.05716657 -0.8309389 0.5520681 0.09717988 -0.8281165 7.23175e-4 0.5593758 -0.8289139 0.5681453 0.04929429 -0.8214505 0.05205661 0.5700925 -0.8199297 -0.1298227 0.5441005 -0.8289154 -0.08244436 0.5664882 -0.8199354 -0.2533222 0.4987291 -0.8289133 -0.3703567 0.4494761 -0.8129006 -0.2124441 0.5315885 -0.8199276 -0.324731 0.4510201 -0.8313426 -0.4521313 0.3293633 -0.8289133 -0.4306244 0.3772021 -0.8199276 -0.5067822 0.2662431 -0.8199308 -0.5165084 0.2148122 -0.8288998 -0.5549361 0.1406432 -0.819918 -0.552379 0.08821088 -0.8289127 -0.58134 -0.03549164 -0.8128864 -0.5557556 0.002351641 -0.8313425 -0.532229 -0.1721184 -0.8289196 -0.5582775 -0.1266202 -0.8199352 -0.5018575 -0.2955553 -0.8128876 -0.4962436 -0.2502297 -0.8313408 -0.3960741 -0.3950059 -0.8289124 -0.4399358 -0.3662952 -0.8199295 -0.2929036 -0.4765599 -0.8289139 -0.3422643 -0.4588788 -0.8199302 -0.1735451 -0.5317708 -0.8289162 -0.2256797 -0.5261001 -0.8199313 -0.04463332 -0.5575826 -0.8289208 -0.09663802 -0.5642383 -0.8199368 0.08677124 -0.5526015 -0.8289164 0.03777194 -0.5712068 -0.8199366 0.2133667 -0.5170803 -0.8289166 0.3339964 -0.4771356 -0.8128888 0.1700581 -0.546614 -0.819935 0.5170589 0.2134259 -0.8289147 0.2883601 -0.4750933 -0.8313452 0.5466106 0.1700921 -0.8199302 0.4248676 -0.3638837 -0.8289006 0.453006 0.3281457 -0.8289186 0.399715 -0.4098129 -0.8199276 0.4918186 0.2929403 -0.8199394 0.4980767 -0.254579 -0.8289206 0.4843024 -0.3052504 -0.8199228 0.3638182 0.4248989 -0.8289134 0.2735224 0.5141812 -0.812898 0.4098163 0.399709 -0.819929 0.1459073 0.5638629 -0.8128775 0.5437545 -0.1312944 -0.8289107 0.2923989 0.4726408 -0.8313325 0.5421937 -0.1836681 -0.8199341 0.5604196 -0.01232975 -0.8281171 0.5722707 0.09275174 -0.8148027 0.1740121 0.527812 -0.831345 0.5668561 -0.0625081 -0.8214421 0.5539454 0.05190724 -0.8309333 7.9802e-4 0.5593919 -0.828903 0.05205202 0.570091 -0.819931 -0.1298879 0.544093 -0.8289102 -0.255265 0.5235079 -0.8128834 -0.08244401 0.5665121 -0.8199189 -0.3703606 0.4494759 -0.8128989 -0.2104985 0.5143511 -0.8313443 -0.3247343 0.45102 -0.8313416 -0.452129 0.3293668 -0.8289131 -0.4306219 0.3772063 -0.819927 -0.5067857 0.2662399 -0.8199297 -0.5165116 0.2148094 -0.8288985 -0.5735871 0.1012154 -0.8128674 -0.5398326 0.1320787 -0.8313459 -0.5724225 0.007149577 -0.8199276 -0.5577136 -0.04317551 -0.8289098 -0.5569983 -0.1701642 -0.8128943 -0.5409559 -0.1273978 -0.8313462 -0.4773234 -0.2916764 -0.8289074 -0.4190293 -0.4045099 -0.8128877 -0.5132722 -0.2535189 -0.8199267 -0.4241554 -0.3590813 -0.831356 -0.2929013 -0.4765638 -0.8289124 -0.1897393 -0.5506329 -0.8128975 -0.3422223 -0.4588974 -0.8199373 -0.2148814 -0.5125586 -0.83133 -0.04456979 -0.5575966 -0.8289148 -0.09664922 -0.564262 -0.8199191 0.08677214 -0.552601 -0.8289166 0.213366 -0.54192 -0.8128947 0.03778052 -0.571204 -0.8199382 0.1694662 -0.5292807 -0.8313502 0.5170993 0.2133682 -0.8289044 0.3281986 -0.452976 -0.8289141 0.5466104 0.1700925 -0.8199303 0.2929797 -0.4918054 -0.8199332 0.4529759 0.3281979 -0.8289144 0.4248566 -0.3638582 -0.8289175 0.5142188 -0.2734807 -0.8128884 0.4918404 0.2929459 -0.8199242 0.3996744 -0.4098389 -0.8199344 0.3638186 0.4248991 -0.8289132 0.4726114 -0.2923882 -0.8313529 0.4098153 0.3997099 -0.8199291 0.2546337 0.4980491 -0.8289203 0.1458949 0.563844 -0.8128927 0.5437507 -0.1313623 -0.8289024 0.3052157 0.4842997 -0.8199374 0.579434 -0.02056789 -0.8147596 0.542191 -0.1836743 -0.8199346 0.1739712 0.5278283 -0.8313431 0.5534158 -0.05716466 -0.8309412 0.5520678 0.09718126 -0.8281165 0.568143 0.0493015 -0.8214517 7.95521e-4 0.5593914 -0.8289034 -0.125993 0.5686516 -0.8128722 0.05205368 0.5700913 -0.8199307 -0.08457392 0.5492835 -0.8313453 -0.2533178 0.4987311 -0.8289133 -0.3703601 0.4494755 -0.8128994 -0.2124478 0.5315854 -0.8199287 -0.3247272 0.4510198 -0.8313443 -0.4521297 0.3293659 -0.8289131 -0.5340481 0.2323494 -0.8129 -0.4306254 0.3771983 -0.8199289 -0.4940909 0.2544411 -0.8313447 -0.5549334 0.1405908 -0.8199289 -0.5523791 0.08821558 -0.8289122 -0.5813315 -0.03543883 -0.8128947 -0.5557742 0.002362012 -0.83133 -0.5322225 -0.1721714 -0.8289127 -0.5582967 -0.1266283 -0.8199208 -0.4773194 -0.2916767 -0.8289095 -0.5132738 -0.2535125 -0.8199277 -0.396059 -0.394994 -0.8289253 -0.4399498 -0.3662643 -0.8199357 -0.2928975 -0.476562 -0.8289148 -0.1897372 -0.5506298 -0.8129001 -0.3422271 -0.4588925 -0.819938 -0.2148749 -0.5125619 -0.8313298 -0.04456764 -0.5575929 -0.8289174 -0.09665578 -0.5642594 -0.8199202 0.08671188 -0.5526282 -0.8289048 0.03778207 -0.5712077 -0.8199356 0.2134256 -0.517059 -0.8289148 0.1700525 -0.5466382 -0.8199201 0.5171075 0.2133582 -0.8289018 0.5466098 0.1700925 -0.8199306 0.292979 -0.4918055 -0.8199335 0.4529706 0.3282066 -0.8289138 0.4248561 -0.3638583 -0.8289177 0.4918441 0.2929471 -0.8199216 0.3996759 -0.4098386 -0.819934 0.3638918 0.4248603 -0.8289008 0.2545732 0.498088 -0.8289156 0.3052355 0.4843174 -0.8199195 0.543731 -0.1313487 -0.8289175 0.5793939 -0.02062511 -0.8147867 0.5421696 -0.1837092 -0.819941 0.5722954 0.09281969 -0.8147777 0.1313047 0.5437515 -0.828911 0.01028525 0.58232 -0.8128946 0.1836842 0.5421901 -0.8199329 0.5534471 -0.05712366 -0.8309231 0.5539411 0.05190819 -0.8309361 0.04600203 0.5538471 -0.8313466 -0.1298747 0.5440949 -0.828911 -0.2552211 0.5235172 -0.8128911 -0.08248251 0.5664913 -0.8199295 -0.2105056 0.5143718 -0.8313297 -0.3627297 0.4258339 -0.8289106 -0.4651206 0.3505546 -0.8128803 -0.3306454 0.4673367 -0.8199208 -0.4210687 0.3627206 -0.8313453 -0.5164904 0.2147991 -0.8289144 -0.5735714 0.1011942 -0.8128811 -0.5067548 0.2662779 -0.8199365 -0.5398465 0.1320306 -0.8313446 -0.5813301 -0.03543001 -0.8128961 -0.5557526 0.002398729 -0.8313443 -0.5322203 -0.1721805 -0.8289122 -0.5582773 -0.1266698 -0.8199276 -0.4773769 -0.2916176 -0.8288972 -0.5132731 -0.2535126 -0.8199281 -0.396016 -0.3950479 -0.8289201 -0.4399735 -0.3662756 -0.819918 -0.2929075 -0.4765585 -0.8289133 -0.1897321 -0.5506374 -0.8128962 -0.2148978 -0.512525 -0.8313466 -0.04457801 -0.5575945 -0.8289157 -0.09661 -0.5642541 -0.8199293 0.08671933 -0.5526043 -0.82892 0.03773808 -0.5712018 -0.8199418 0.2134197 -0.5170651 -0.8289124 0.1700904 -0.5466113 -0.8199301 0.5170838 0.2133561 -0.8289171 0.5466089 0.1700584 -0.8199383 0.3281587 -0.4530243 -0.8289035 0.4361798 -0.3859888 -0.8128713 0.2929798 -0.4918088 -0.8199311 0.4529665 0.3282061 -0.8289163 0.4918112 0.2929734 -0.819932 0.3912878 -0.3946655 -0.8313441 0.3638924 0.42486 -0.8289006 0.4980831 -0.2545698 -0.8289195 0.4098092 0.3997125 -0.8199306 0.4843221 -0.3051989 -0.8199303 0.254572 0.4980851 -0.8289176 0.1459497 0.5638087 -0.8129073 0.3052378 0.4843134 -0.819921 0.54373 -0.1313623 -0.828916 0.5793978 -0.02062439 -0.8147841 0.5421708 -0.183709 -0.8199402 0.1739817 0.527853 -0.8313252 0.55345 -0.05712485 -0.8309212 0.5520862 0.09718859 -0.8281034 0.5681689 0.04928922 -0.8214346 7.16026e-4 0.5593736 -0.8289155 0.05210751 0.5701019 -0.81992 -0.1298764 0.5440948 -0.8289108 -0.08248782 0.5664883 -0.8199311 -0.2532703 0.4987455 -0.8289192 -0.3704019 0.4494521 -0.8128932 -0.212402 0.5315971 -0.819933 -0.3247682 0.4509969 -0.8313409 -0.4521055 0.3294223 -0.8289039 -0.4306228 0.3772049 -0.8199272 -0.5067727 0.2662858 -0.8199229 -0.5165191 0.2147468 -0.8289101 -0.5549333 0.1405984 -0.8199276 -0.5523782 0.08820635 -0.8289137 -0.5813269 -0.03543227 -0.8128984 -0.5557532 0.002392053 -0.8313439 -0.5322168 -0.172181 -0.8289144 -0.5582769 -0.1266636 -0.8199288 -0.477374 -0.2916181 -0.8288986 -0.5132696 -0.2535179 -0.8199288 -0.4190185 -0.4045747 -0.8128608 -0.4241529 -0.3590871 -0.8313549 -0.2929688 -0.4765364 -0.8289042 -0.1897025 -0.5506857 -0.8128704 -0.3422294 -0.4588921 -0.8199373 -0.2148987 -0.5125249 -0.8313464 -0.04457432 -0.5575946 -0.8289158 0.213418 -0.5419102 -0.8128875 0.04120385 -0.5542187 -0.8313507 0.333952 -0.4771519 -0.8128973 0.5419329 0.2134143 -0.8128734 0.1695146 -0.5292717 -0.8313462 0.4361724 -0.3859648 -0.8128868 0.2883201 -0.4751104 -0.8313494 0.5292831 0.1694739 -0.8313472 0.5141934 -0.2735174 -0.812892 0.391322 -0.3946332 -0.8313434 0.4529684 0.3282057 -0.8289154 0.4918096 0.2929737 -0.8199329 0.5638537 -0.1459115 -0.812883 0.4726201 -0.2924084 -0.8313409 0.3638686 0.4248499 -0.8289164 0.273475 0.5142297 -0.8128833 0.4098314 0.3996791 -0.8199359 0.5278207 -0.1740003 -0.8313419 0.2923841 0.4726176 -0.8313509 0.560419 -0.01232963 -0.8281174 0.5722729 0.0927509 -0.8148013 0.5668572 -0.06250804 -0.8214414 0.1313775 0.5437495 -0.8289008 0.01023757 0.5823554 -0.8128699 0.183677 0.5421901 -0.8199345 0.5539684 0.05195492 -0.8309151 0.04600477 0.5538431 -0.8313492 -0.1298782 0.5440946 -0.8289105 -0.08248609 0.5664883 -0.8199312 -0.2532706 0.4987455 -0.8289191 -0.370404 0.4494517 -0.8128925 -0.3247666 0.4509972 -0.8313413 -0.4520909 0.3294025 -0.8289198 -0.4305915 0.3772293 -0.8199324 -0.5067845 0.2662383 -0.8199309 -0.5165182 0.214747 -0.8289107 -0.5549339 0.1405984 -0.8199271 -0.5523825 0.08827674 -0.8289034 -0.557713 -0.04316747 -0.8289107 -0.5724314 0.007195949 -0.819921 -0.5582766 -0.1266636 -0.8199291 -0.5322177 -0.1721808 -0.8289139 -0.501875 -0.2954977 -0.8128977 -0.4189954 -0.4045667 -0.8128768 -0.4962623 -0.2501905 -0.8313414 -0.313028 -0.4911046 -0.8129143 -0.4241264 -0.3591142 -0.8313567 -0.3285741 -0.4482575 -0.8313268 -0.1735427 -0.5317719 -0.8289159 -0.05591762 -0.5797176 -0.8128966 -0.2257259 -0.5260954 -0.8199216 0.08097803 -0.5767735 -0.8128807 -0.08926063 -0.5485612 -0.8313322 0.08676785 -0.5526019 -0.8289164 0.03772723 -0.5712223 -0.819928 0.213426 -0.5170631 -0.8289121 0.170102 -0.5466102 -0.8199285 0.5170624 0.2134266 -0.8289123 0.5466385 0.1700581 -0.8199187 0.3281422 -0.4530072 -0.8289194 0.2929328 -0.4918257 -0.8199378 0.4530267 0.3281516 -0.8289049 0.3859816 0.4361891 -0.8128699 0.4918119 0.2929725 -0.8199318 0.4249036 -0.3638184 -0.8289108 0.3997167 -0.4098131 -0.8199267 0.3946592 0.3912939 -0.8313441 0.4980432 -0.2546309 -0.8289247 0.4842864 -0.3052322 -0.8199391 0.2545815 0.4980819 -0.8289166 0.3051936 0.4843255 -0.8199304 0.5437549 -0.1312922 -0.8289108 0.542194 -0.1836686 -0.8199339 0.1313514 0.5437343 -0.8289149 0.1837135 0.5421728 -0.8199379 0.5604211 -0.01233381 -0.8281161 0.5668544 -0.06250816 -0.8214433 0.5520684 0.09718126 -0.8281162 0.5681449 0.0492953 -0.8214508 7.27097e-4 0.5593754 -0.8289142 -0.1259371 0.5686269 -0.8128981 0.05206042 0.5700924 -0.8199295 -0.08462119 0.5493052 -0.8313261 -0.2533167 0.4987307 -0.8289141 -0.2124032 0.5316197 -0.819918 -0.3627378 0.4258292 -0.8289095 -0.3306829 0.4672951 -0.8199294 -0.4520896 0.3294094 -0.8289176 -0.5340819 0.2323044 -0.8128907 -0.4305884 0.3772317 -0.819933 -0.4941201 0.2543993 -0.8313401 -0.5549156 0.1406376 -0.8199328 -0.552362 0.08827728 -0.828917 -0.5577144 -0.04317861 -0.8289092 -0.5724236 0.007148742 -0.8199269 -0.5569973 -0.1701616 -0.8128955 -0.5409721 -0.1274376 -0.8313297 -0.4773232 -0.2916789 -0.8289065 -0.5133024 -0.2534857 -0.8199182 -0.3960247 -0.395039 -0.8289203 -0.4399382 -0.3662945 -0.8199284 -0.292945 -0.4765294 -0.8289168 -0.1896938 -0.5506637 -0.8128874 -0.3422493 -0.4588682 -0.8199422 -0.2148665 -0.5125396 -0.8313457 -0.04463893 -0.5576059 -0.8289049 -0.09660136 -0.5642566 -0.8199285 -0.06453287 -0.5592482 -0.8264847 -0.1710321 -0.5424683 -0.8224818 0.04024022 -0.5652443 -0.8239416 -0.0604217 -0.5616225 -0.8251845 0.1145297 -0.5510439 -0.8265795 0.04945248 -0.5672925 -0.8220303 0.5145301 0.2164115 -0.8297138 0.5476154 0.1592463 -0.8214367 0.4482184 0.3363783 -0.828221 0.505709 0.2629249 -0.8216624 0.3572223 0.438496 -0.82469 0.4422119 0.3554309 -0.8234788 0.2455168 0.5185755 -0.8190244 0.3601703 0.4319694 -0.8268494 0.2637444 0.4885767 -0.8317042 0.102167 0.5488739 -0.8296381 0.1719266 0.5438431 -0.8213867 -0.03448909 0.559885 -0.8278523 0.06230187 0.5663264 -0.821823 -0.1699225 0.5404874 -0.8240143 -0.05000853 0.5645942 -0.8238524 -0.2985356 0.4916225 -0.8180367 -0.1590706 0.5385652 -0.8274322 -0.2594586 0.4895449 -0.8324826 -0.4025613 0.3871206 -0.8295071 -0.3567022 0.4451575 -0.8213395 -0.4870673 0.2794427 -0.8274523 -0.4361024 0.3661773 -0.8220275 -0.5457835 0.1557568 -0.8233227 -0.4967489 0.2716762 -0.824277 -0.5353389 0.1664156 -0.828081 -0.5761716 0.02145725 -0.8170472 -0.5499783 0.05575275 -0.833316 -0.5682868 -0.04926854 -0.8213543 -0.5449452 -0.1233851 -0.8293436 -0.5464436 -0.1591829 -0.8222289 -0.5018895 -0.2534093 -0.8269768 -0.5012352 -0.2619695 -0.8247032 -0.4312312 -0.3707231 -0.8225595 -0.4348902 -0.3522888 -0.8287118 -0.3178474 -0.458818 -0.8297344 -0.3664335 -0.4362783 -0.8218198 -0.1966208 -0.5233384 -0.8291304 -0.2746691 -0.4998862 -0.8213834 0.3460832 0.9382039 0 -0.9930639 -0.1175764 0 0.1175767 0.9930639 0 0.1175767 0.9930639 0 -0.9382036 -0.3460838 0 -0.9930639 -0.1175766 0 -0.1175761 0.993064 0 -0.3460846 0.9382034 0 -0.1175762 0.9930639 0 -0.9382041 -0.3460828 0 -0.3460847 0.9382033 0 -0.8314586 -0.5555868 0 -0.8314585 -0.5555869 0 -0.5555866 0.8314586 0 -0.5555867 0.8314587 0 -0.6787794 -0.7343423 0 -0.4886535 -0.872478 0 -0.7343424 0.6787792 0 -0.6787798 -0.7343419 0 -0.8724777 0.4886541 0 -0.7343423 0.6787794 0 -0.2714563 -0.9624509 0 -0.4886537 -0.8724778 0 -0.8724783 0.4886528 0 -0.9569506 0.290251 0 -0.9569506 0.2902512 0 -0.2714561 -0.9624509 0 -0.9951788 0.09807789 0 -0.9951789 0.09807664 0 -0.03926521 -0.9992288 0 0.1951005 -0.9807833 0 -0.03926527 -0.9992289 0 0.1951006 -0.9807832 0 0.4186493 -0.9081481 0 0.4186492 -0.9081481 0 0.6191135 -0.7853015 0 0.6191132 -0.7853018 0 0.7853016 -0.6191135 0 0.7853018 -0.6191131 0 0.908148 -0.4186491 0 0.9081481 -0.418649 0 0.9807831 -0.1951012 0 0.9807831 -0.1951019 0 0.9992289 0.03926563 0 0.9624512 0.2714551 0 0.9992288 0.03926479 0 0.872478 0.4886536 0 0.9624513 0.2714547 0 0.8724778 0.4886537 0 0.7343425 0.6787791 0 0.5555866 0.8314588 0 0.734342 0.6787796 0 0.5555871 0.8314585 0 0.3460831 0.9382039 0 0.1175767 0.9930638 0 0.3460831 0.938204 0 -0.9930638 -0.1175767 0 0.1175767 0.9930639 0 -0.1175761 0.9930639 0 -0.9930639 -0.1175765 0 -0.1175761 0.9930639 0 -0.9382037 -0.3460837 0 -0.3460847 0.9382033 0 -0.8314587 -0.5555866 0 -0.5555868 0.8314586 0 -0.9382039 -0.3460832 0 -0.3460847 0.9382034 0 -0.8314587 -0.5555868 0 -0.5555866 0.8314587 0 -0.7343424 0.6787793 0 -0.6787792 -0.7343424 0 -0.4886534 -0.872478 0 -0.7343421 0.6787796 0 -0.6787796 -0.734342 0 -0.872478 0.4886537 0 -0.9569506 0.2902511 0 -0.2714561 -0.9624509 0 -0.4886535 -0.872478 0 -0.8724779 0.4886537 0 -0.9569507 0.290251 0 -0.03926527 -0.9992289 0 -0.9951789 0.09807687 0 -0.2714562 -0.9624508 0 -0.9951788 0.09807717 0 0.1951006 -0.9807833 0 -0.03926521 -0.9992288 0 0.1951006 -0.9807832 0 0.4186491 -0.9081481 0 0.6191132 -0.7853019 0 0.4186491 -0.9081481 0 0.6191134 -0.7853018 0 0.7853018 -0.6191133 0 0.7853017 -0.6191134 0 0.9081483 -0.4186488 0 0.9081481 -0.4186493 0 0.9807831 -0.1951016 0 0.9992289 0.03926515 0 0.980783 -0.1951018 0 0.9624512 0.271455 0 0.9992288 0.03926539 0 0.872478 0.4886534 0 0.9624513 0.2714546 0 0.8724779 0.4886537 0 0.7343422 0.6787796 0 0.5555868 0.8314586 0 0.7343424 0.6787792 0 0.5555867 0.8314586 0 0.3460831 0.9382039 0 0.5555866 0.8314587 0 0.3460831 0.9382039 0 0.1175767 0.9930639 0 -0.1175761 0.9930639 0 0.1175767 0.9930639 0 -0.9930639 -0.1175765 0 -0.1175761 0.9930639 0 -0.9382037 -0.3460837 0 -0.3460847 0.9382033 0 -0.5555868 0.8314587 0 -0.3460847 0.9382034 0 -0.8314586 -0.5555868 0 -0.8314589 -0.5555865 0 -0.5555868 0.8314585 0 -0.6787794 -0.7343423 0 -0.6787793 -0.7343423 0 -0.8724781 0.4886534 0 -0.7343422 0.6787795 0 -0.4886536 -0.872478 0 -0.8724778 0.4886538 0 -0.9569507 0.2902508 0 -0.9951788 0.09807729 0 -0.2714563 -0.9624509 0 -0.995179 0.09807628 0 0.1951006 -0.9807832 0 0.4186491 -0.9081481 0 0.1951006 -0.9807833 0 0.6191129 -0.785302 0 0.6191132 -0.7853018 0 0.7853021 -0.6191129 0 0.7853018 -0.6191134 0 0.9081482 -0.4186488 0 0.9081481 -0.4186491 0 0.9807831 -0.1951015 0 0.980783 -0.1951022 0 0.9992289 0.03926604 0 0.9992289 0.03926509 0 0.9624513 0.2714545 0 0.9624511 0.2714552 0 0.7343422 0.6787795 0 0.8724781 0.4886533 0 0.5555868 0.8314586 0 0.7343425 0.6787792 0 0.5555869 0.8314586 0 0.3460832 0.9382039 0 0.346083 0.9382039 0 0.1175767 0.9930639 0 0.1175767 0.9930638 0 -0.9930638 -0.1175765 0 -0.9930639 -0.1175762 0 -0.1175761 0.9930639 0 -0.9382039 -0.3460831 0 -0.9382037 -0.3460837 0 -0.5555868 0.8314585 0 -0.8314587 -0.5555867 0 -0.8314585 -0.5555869 0 -0.6787795 -0.7343422 0 -0.6787793 -0.7343424 0 -0.7343423 0.6787794 0 -0.872478 0.4886536 0 -0.7343422 0.6787794 0 -0.4886535 -0.872478 0 -0.4886534 -0.8724781 0 -0.8724781 0.4886531 0 -0.9569504 0.2902516 0 -0.2714563 -0.9624508 0 -0.9951789 0.09807711 0 -0.9569507 0.2902508 0 -0.9951789 0.0980767 0 -0.03926521 -0.9992289 0 -0.03926527 -0.9992288 0 0.1951006 -0.9807832 0 0.4186492 -0.9081481 0 0.4186491 -0.9081481 0 0.6191132 -0.7853019 0 0.7853018 -0.6191132 0 0.7853019 -0.6191132 0 0.9081481 -0.418649 0 0.908148 -0.4186493 0 0.9807831 -0.1951015 0 0.9807831 -0.1951017 0 0.9992289 0.03926587 0 0.9624513 0.2714547 0 0.9992289 0.03926444 0 0.8724782 0.4886532 0 0.9624512 0.2714552 0 0.8724778 0.4886539 0 0.5555866 0.8314586 0 0.7343421 0.6787796 0 0.3460831 0.9382039 0 0.1175767 0.9930638 0 0.1175767 0.9930638 0 -0.9930638 -0.1175768 0 -0.9930639 -0.1175767 0 -0.1175761 0.9930639 0 -0.9382039 -0.3460831 0 -0.9382037 -0.3460835 0 -0.3460847 0.9382033 0 -0.5555869 0.8314585 0 -0.3460847 0.9382033 0 -0.6787791 -0.7343425 0 -0.8314585 -0.5555871 0 -0.6787792 -0.7343425 0 -0.734342 0.6787796 0 -0.7343423 0.6787793 0 -0.4886536 -0.872478 0 -0.4886535 -0.8724781 0 -0.872478 0.4886534 0 -0.8724779 0.4886536 0 -0.9569505 0.2902512 0 -0.2714561 -0.9624508 0 -0.9569507 0.290251 0 -0.9951789 0.09807705 0 -0.9951789 0.0980767 0 -0.03926527 -0.9992289 0 -0.03926521 -0.9992288 0 0.1951006 -0.9807833 0 0.619113 -0.785302 0 0.7853015 -0.6191135 0 0.7853021 -0.6191128 0 0.9081481 -0.418649 0 0.9081479 -0.4186493 0 0.9807831 -0.1951016 0 0.9992288 0.03926485 0 0.9992288 0.03926587 0 0.9624512 0.2714549 0 0.9624512 0.2714549 0 0.8724781 0.4886534 0 0.7343424 0.6787793 0 0.8724778 0.4886538 0 0.7343423 0.6787794 0 0.5555866 0.8314587 0 0.1175767 0.9930638 0 0.3460833 0.9382039 0 0.1175767 0.9930639 0 -0.9930638 -0.1175768 0 -0.9930638 -0.1175767 0 -0.1175761 0.9930639 0 -0.3460845 0.9382034 0 -0.9382038 -0.3460835 0 -0.9382038 -0.3460837 0 -0.8314582 -0.5555872 0 -0.8314586 -0.5555868 0 -0.5555866 0.8314587 0 -0.5555868 0.8314586 0 -0.7343422 0.6787795 0 -0.872478 0.4886534 0 -0.7343426 0.678779 0 -0.4886534 -0.8724781 0 -0.271456 -0.9624509 0 -0.872478 0.4886537 0 -0.9569505 0.2902514 0 -0.2714564 -0.9624508 0 -0.9951789 0.09807652 0 -0.9951789 0.09807699 0 -0.03926527 -0.9992288 0 -0.03926521 -0.9992288 0 0.1951006 -0.9807832 0 0.1951007 -0.9807832 0 0.418649 -0.9081482 0 0.619113 -0.7853019 0 0.4186492 -0.9081481 0 0.7853019 -0.6191131 0 0.7853018 -0.6191133 0 0.9081481 -0.4186491 0 0.9081482 -0.4186489 0 0.9807831 -0.1951016 0 0.9807831 -0.1951017 0 0.9992288 0.03926473 0 0.9992289 0.03926581 0 0.9624513 0.2714545 0 0.8724781 0.4886532 0 0.9624511 0.2714552 0 0.7343425 0.6787791 0 0.8724779 0.4886536 0 0.7343422 0.6787794 0 0.5555869 0.8314586 0 0.3460828 0.9382039 0 0.3460827 0.938204 0 0.5555869 0.8314585 0 0.1175765 0.9930639 0 -0.117576 0.9930639 0 -0.9930639 -0.1175763 0 -0.1175762 0.9930639 0 -0.9382036 -0.3460838 0 -0.346084 0.9382036 0 -0.3460853 0.938203 0 -0.8314585 -0.5555871 0 -0.5555872 0.8314583 0 -0.5555858 0.8314594 0 -0.7343419 0.6787799 0 -0.4886531 -0.8724781 0 -0.4886536 -0.8724779 0 -0.8724783 0.4886531 0 -0.8724777 0.4886541 0 -0.9569505 0.2902511 0 -0.9951788 0.09807771 0 -0.9569506 0.2902513 0 -0.9951789 0.09807568 0 -0.03926521 -0.9992289 0 0.1951004 -0.9807834 0 0.4186485 -0.9081484 0 0.6191135 -0.7853016 0 0.6191127 -0.7853022 0 0.7853021 -0.6191129 0 0.7853017 -0.6191133 0 0.9081484 -0.4186487 0 0.9081477 -0.4186499 0 0.980783 -0.1951018 0 0.9807832 -0.1951014 0 0.9992288 0.03926503 0 0.9624513 0.2714548 0 0.9992289 0.03926551 0 0.872478 0.4886537 0 0.7343419 0.6787799 0 0.5555859 0.8314592 0 0.7343423 0.6787793 0 0.1175768 0.9930638 0 0.3460832 0.9382039 0 -0.9930639 -0.117576 0 0.1175768 0.9930638 0 -0.938204 -0.3460829 0 -0.9930639 -0.1175769 0 -0.1175763 0.9930639 0 -0.3460844 0.9382035 0 -0.117576 0.993064 0 -0.8314592 -0.555586 0 -0.9382036 -0.3460839 0 -0.3460853 0.9382032 0 -0.8314579 -0.5555879 0 -0.5555865 0.8314588 0 -0.7343418 0.67878 0 -0.5555876 0.831458 0 -0.6787797 -0.7343419 0 -0.6787787 -0.7343429 0 -0.8724781 0.4886533 0 -0.9569507 0.2902507 0 -0.4886532 -0.8724781 0 -0.8724781 0.4886533 0 -0.2714567 -0.9624508 0 -0.9951789 0.09807652 0 -0.2714556 -0.962451 0 -0.03926527 -0.9992288 0 0.1951008 -0.9807832 0 -0.03926521 -0.9992288 0 0.4186497 -0.9081478 0 0.4186487 -0.9081484 0 0.6191135 -0.7853017 0 0.7853017 -0.6191135 0 0.7853025 -0.6191123 0 0.9081481 -0.4186492 0 0.9081482 -0.4186489 0 0.9807831 -0.195102 0 0.9807831 -0.1951014 0 0.9992289 0.03926587 0 0.9624515 0.2714536 0 0.9992288 0.03926485 0 0.872478 0.4886533 0 0.962451 0.2714555 0 0.734343 0.6787786 0 0.7343418 0.6787799 0 0.3460835 0.9382038 0 0.5555863 0.8314589 0 0.3460829 0.9382039 0 0.3460829 0.938204 0 0.1175765 0.9930639 0 -0.9930638 -0.1175769 0 -0.117576 0.993064 0 -0.1175762 0.9930639 0 -0.9382037 -0.3460836 0 -0.3460842 0.9382035 0 -0.8314581 -0.5555875 0 -0.5555871 0.8314584 0 -0.6787796 -0.7343421 0 -0.7343425 0.6787792 0 -0.7343421 0.6787796 0 -0.4886541 -0.8724777 0 -0.8724779 0.4886538 0 -0.8724783 0.488653 0 -0.2714565 -0.9624508 0 -0.9569504 0.2902514 0 -0.9951789 0.09807658 0 -0.03926527 -0.9992288 0 0.1951006 -0.9807833 0 0.4186489 -0.9081482 0 0.1951007 -0.9807833 0 0.4186491 -0.9081481 0 0.7853015 -0.6191136 0 0.7853019 -0.6191131 0 0.9081482 -0.418649 0 0.9081481 -0.4186493 0 0.9807831 -0.1951013 0 0.9992288 0.03926485 0 0.9807831 -0.1951016 0 0.9992288 0.03926581 0 0.9624512 0.2714549 0 0.9624511 0.2714554 0 0.7343422 0.6787795 0 0.5555867 0.8314587 0 0.3889188 0.9212721 0 0.3889179 0.9212725 0 0.2056288 0.9786301 0 0.2056283 0.9786301 0 0.06899547 0.9976171 0 0.06899535 0.9976171 0 -0.9924116 -0.1229602 0 -0.9924116 -0.1229606 0 -0.9324594 -0.3612749 0 -0.9324598 -0.361274 0 -0.8161186 -0.5778845 0 -0.8161182 -0.5778849 0 -0.6504096 -0.7595838 0 -0.4455226 -0.8952708 0 -0.6504086 -0.7595846 0 -0.4455233 -0.8952705 0 -0.2136434 -0.9769117 0 0.03117328 -0.9995141 0 -0.2136431 -0.9769119 0 0.0311734 -0.9995141 0 0.2740698 -0.9617099 0 0.5003994 -0.8657947 0 0.5004003 -0.8657943 0 0.6965687 -0.7174901 0 0.8505148 -0.5259512 0 0.6965689 -0.71749 0 0.8505145 -0.5259516 0 0.9531413 -0.3025258 0 0.9531411 -0.3025261 0 0.9981445 -0.06089115 0 0.982822 0.1845564 0 0.9981445 -0.0608915 0 0.9828217 0.1845577 0 0.9081258 0.4186974 0 0.9081253 0.4186986 0 0.7785388 0.6275966 0 0.7785384 0.627597 0 0.6018602 0.7986015 0 0.6018612 0.7986008 0 -0.1700537 -0.5466134 0.8199365 -0.2133641 -0.5170797 0.8289176 -0.03777515 -0.5712061 0.819937 0.08929449 -0.548529 0.8313498 -0.08677548 -0.5526003 0.8289169 0.5711913 -0.03776085 0.8199481 0.5526033 -0.08671587 0.828921 0.0558713 -0.5797616 0.8128683 0.5642452 0.09661769 0.8199344 0.2256764 -0.5261027 0.8199306 0.5575826 0.04456806 0.8289242 0.1736177 -0.5317662 0.8289038 0.5260787 0.2256811 0.8199448 0.3422694 -0.4588775 0.8199288 0.4482046 0.3285725 0.831356 0.4241478 -0.3591271 0.8313401 0.5317443 0.1735993 0.8289219 0.2929044 -0.4765603 0.8289134 0.4911535 0.3129943 0.8128978 0.4919102 -0.2599725 0.8309265 0.419026 -0.404513 0.8128878 0.3663002 0.4399363 0.819927 0.3950465 0.3960193 0.8289191 0.493209 -0.3047096 0.8147988 0.5476406 -0.1591982 0.8214291 0.5224584 -0.2031499 0.8281108 0.2534993 0.5132641 0.8199378 0.2916184 0.477352 0.8289114 0.1266462 0.5582767 0.8199316 -0.002396166 0.5557531 0.831344 0.1721779 0.5322073 0.8289211 0.03543555 0.5813291 0.8128966 -0.1405956 0.5549345 0.8199273 -0.2544394 0.4940954 0.8313425 -0.08821207 0.5523787 0.8289128 -0.2323231 0.5340963 0.8128758 -0.3772037 0.4306239 0.8199272 -0.329427 0.4521037 0.828903 -0.4258299 0.3627342 0.8289107 -0.4673337 0.3306483 0.8199213 -0.5143706 0.2105041 0.8313308 -0.5235168 0.2552165 0.8128928 -0.5664905 0.08248478 0.8199298 -0.5440933 0.1298814 0.828911 -0.5700806 -0.05209481 0.8199355 -0.5593694 -7.81845e-4 0.8289182 -0.5421909 -0.1836702 0.8199357 -0.543752 -0.1312993 0.8289115 -0.4843042 -0.305247 0.8199231 -0.3913323 -0.394654 0.8313286 -0.4980798 -0.2545735 0.8289203 -0.4361287 -0.3859958 0.8128954 -0.2929772 -0.4918087 0.8199321 -0.3282012 -0.4529721 0.8289151 -0.03777539 -0.5712059 0.8199371 0.08929461 -0.5485289 0.83135 -0.08677577 -0.5526 0.8289169 0.0559141 -0.5797219 0.8128936 0.5712062 -0.03777515 0.8199371 0.5526261 -0.08671069 0.8289063 0.2256774 -0.5261025 0.8199305 0.3285878 -0.4482144 0.8313447 0.1735467 -0.5317728 0.8289145 0.5642544 0.0966041 0.8199297 0.5125217 0.2149012 0.8313478 0.5575944 0.04457378 0.828916 0.3130077 -0.4911631 0.8128869 0.4482268 0.3285725 0.8313441 0.550635 0.1897345 0.8128974 0.4399349 -0.3662984 0.8199286 0.3960766 -0.3950071 0.8289107 0.3591025 0.4241504 0.8313494 0.4911569 0.3130007 0.8128933 0.5060253 -0.2629914 0.8214462 0.5331634 -0.1589905 0.8309385 0.4728552 -0.3010699 0.8281093 0.2502326 0.4962681 0.8313252 0.5431799 -0.2026799 0.8147862 0.4045714 0.4190186 0.8128626 0.2955027 0.5018752 0.8128957 0.1266246 0.5583001 0.8199191 -0.002359151 0.5557786 0.8313271 0.172177 0.5322194 0.8289136 -0.1320342 0.5398449 0.831345 0.03543555 0.5813291 0.8128967 -0.2544396 0.4940954 0.8313425 -0.1011983 0.5735685 0.8128827 -0.2323517 0.5340458 0.8129009 -0.3772034 0.4306243 0.819927 -0.4510207 0.3247314 0.8313421 -0.3293616 0.4521322 0.8289135 -0.4494743 0.3704136 0.8128756 -0.5143709 0.2105051 0.8313305 -0.5235165 0.2552161 0.8128932 -0.5492808 0.08461773 0.8313425 -0.5538463 -0.04600322 0.8313471 -0.5686289 0.1259942 0.8128879 -0.5278344 -0.1739625 0.831341 -0.5823174 -0.01028913 0.8128964 -0.5638375 -0.1458952 0.8128972 -0.4842889 -0.30523 0.8199384 -0.3913206 -0.3946334 0.831344 -0.4980461 -0.2546241 0.828925 -0.4361768 -0.3859636 0.8128849 -0.2929439 -0.4918439 0.8199229 -0.169512 -0.529295 0.8313319 -0.3282009 -0.4529726 0.8289149 -0.2133633 -0.5419195 0.8128958 -0.1700925 -0.5466107 0.8199301 -0.2133677 -0.5170994 0.8289044 -0.03777939 -0.5712042 0.8199382 -0.08677017 -0.5526016 0.8289166 0.5712061 -0.03777515 0.8199371 0.5485289 0.08929389 0.83135 0.5526001 -0.08677637 0.8289169 0.09664553 -0.564239 0.8199354 0.04462808 -0.5575817 0.8289216 0.5797616 0.05587023 0.8128685 0.2256732 -0.5261021 0.8199319 0.3285885 -0.4482101 0.8313467 0.1735526 -0.5317712 0.8289144 0.5261023 0.2256779 0.8199304 0.5317659 0.1736165 0.8289044 0.313005 -0.4911679 0.8128849 0.4588848 0.3422485 0.8199333 0.4765604 0.2929044 0.8289134 0.4399306 -0.3663004 0.81993 0.4919076 -0.2599713 0.8309283 0.3960816 -0.3950028 0.8289102 0.3662784 0.4399454 0.8199318 0.3950023 0.3960653 0.8289182 0.4932067 -0.3047199 0.8147963 0.5476194 -0.1591973 0.8214435 0.2535167 0.5132715 0.8199279 0.5224775 -0.2030791 0.828116 0.2916735 0.4773238 0.8289081 0.1266251 0.5582968 0.8199213 0.1721698 0.532221 0.8289141 -0.007153034 0.57242 0.8199295 -0.1320742 0.5398318 0.8313472 0.04310941 0.5577297 0.8289024 -0.1012138 0.5735824 0.8128709 -0.2662407 0.5067815 0.8199319 -0.2148057 0.5165085 0.8289014 -0.329364 0.4521272 0.8289151 -0.3772009 0.4306219 0.8199295 -0.4258245 0.362737 0.8289123 -0.4673333 0.3306472 0.819922 -0.5143695 0.2105053 0.8313312 -0.5235143 0.2552107 0.8128963 -0.566511 0.08243584 0.8199205 -0.5440885 0.1298879 0.8289131 -0.5538755 -0.04596686 0.8313297 -0.5823138 -0.01029306 0.8128991 -0.5421906 -0.1836736 0.819935 -0.5437516 -0.1312927 0.8289128 -0.4842897 -0.3052259 0.8199395 -0.4980444 -0.2546287 0.8289247 -0.3997097 -0.4098164 0.8199286 -0.4248991 -0.3638183 0.8289132 -0.2929468 -0.4918404 0.819924 -0.3281976 -0.4529759 0.8289145 -0.1700922 -0.5466104 0.8199303 -0.2134237 -0.5170593 0.8289151 -0.03773409 -0.5712205 0.8199288 0.08926486 -0.5485561 0.8313351 -0.08677172 -0.5526011 0.8289166 0.5712066 -0.03777194 0.8199368 0.055911 -0.5797238 0.8128925 0.5526015 -0.08677077 0.8289164 0.2256733 -0.5261024 0.8199318 0.5642617 0.09664905 0.8199194 0.173551 -0.5317718 0.8289143 0.5575964 0.04457062 0.8289148 0.3422544 -0.4588617 0.8199439 0.2929465 -0.4765242 0.8289192 0.5261011 0.2256816 0.8199303 0.44823 0.3285705 0.8313432 0.5317645 0.1736223 0.828904 0.3591 0.4241538 0.8313488 0.4399315 -0.3663006 0.8199294 0.4911623 0.3129978 0.8128912 0.491908 -0.2599719 0.830928 0.3960206 -0.395042 0.8289207 0.533161 -0.1589891 0.8309404 0.4045087 0.4190294 0.8128881 0.4932067 -0.3047069 0.8148011 0.5431777 -0.2026802 0.8147876 0.2535208 0.5132715 0.8199266 0.2916789 0.4773224 0.828907 0.1266287 0.5582746 0.8199358 -0.00235486 0.5557529 0.8313443 0.172112 0.532234 0.8289178 -0.1320722 0.5398347 0.8313457 0.03549659 0.5813421 0.8128846 -0.1012137 0.5735827 0.8128707 -0.2662461 0.5067808 0.8199307 -0.2148062 0.5165087 0.8289012 -0.3293665 0.452129 0.8289133 -0.3771984 0.4306257 0.8199287 -0.4510196 0.3247267 0.8313447 -0.4494758 0.3703604 0.8128991 -0.4987311 0.2533193 0.828913 -0.5315844 0.2124486 0.819929 -0.5492827 0.08457243 0.831346 -0.5686521 0.1259953 0.8128716 -0.5700914 -0.05205249 0.8199308 -0.5278158 -0.1740034 0.8313444 -0.5593918 -7.97209e-4 0.828903 -0.5638583 -0.1459053 0.812881 -0.4843181 -0.3051967 0.8199337 -0.3913172 -0.3946336 0.8313455 -0.4980601 -0.2546463 0.8289099 -0.4361814 -0.3859622 0.8128833 -0.292941 -0.4918186 0.8199391 -0.3281448 -0.4530066 0.8289185 -0.1700993 -0.5466097 0.8199293 -0.041206 -0.5542222 0.8313482 -0.2134253 -0.5170632 0.828912 -0.08096581 -0.5767725 0.8128826 0.5712059 -0.03777247 0.8199374 0.09660053 -0.5642562 0.8199288 0.5525977 -0.08678078 0.828918 0.04464101 -0.5576065 0.8289043 0.2257282 -0.5260955 0.8199209 0.5642411 0.09664022 0.8199347 0.3285716 -0.4482589 0.8313271 0.5575851 0.04462808 0.8289193 0.3130267 -0.4911112 0.8129109 0.5261017 0.2256802 0.8199303 0.5317713 0.1735524 0.8289142 0.4588687 0.34229 0.819925 0.4399374 -0.3662956 0.8199284 0.3591431 0.4241456 0.8313343 0.4919117 -0.2599726 0.8309256 0.4765582 0.2929081 0.8289134 0.3960201 -0.3950421 0.828921 0.4932106 -0.304708 0.8147984 0.404517 0.4190246 0.8128866 0.5476157 -0.1592038 0.8214446 0.5224766 -0.2030799 0.8281164 0.2535188 0.5132723 0.8199267 0.1274002 0.5409559 0.8313459 0.2916784 0.4773222 0.8289074 -0.002349495 0.5557567 0.8313417 0.1701626 0.5569973 0.8128953 -0.1320794 0.5398329 0.8313456 0.0354954 0.5813425 0.8128845 -0.1012157 0.5735864 0.8128678 -0.26624 0.5067859 0.8199295 -0.3627569 0.4210336 0.8313472 -0.2148092 0.5165119 0.8288984 -0.35058 0.4651258 0.8128663 -0.4258847 0.362697 0.8288988 -0.4672971 0.3306812 0.8199288 -0.5143506 0.2104988 0.8313445 -0.523508 0.2552662 0.8128829 -0.5664899 0.08244752 0.8199339 -0.5441015 0.1298277 0.8289139 -0.5700926 -0.05206036 0.8199294 -0.5593765 -7.29554e-4 0.8289135 -0.5421916 -0.1837151 0.8199252 -0.5437545 -0.1312966 0.8289103 -0.4843158 -0.3052046 0.8199319 -0.3913236 -0.3946323 0.831343 -0.4980602 -0.2546451 0.8289101 -0.2929351 -0.4918246 0.8199377 -0.1701002 -0.5466054 0.8199321 -0.2134169 -0.5170658 0.8289127 -0.03772884 -0.571201 0.8199426 -0.0867232 -0.5525992 0.8289229 0.09660083 -0.564253 0.8199311 0.04457885 -0.5575948 0.8289155 0.5642383 0.09663856 0.8199368 0.2257291 -0.5260948 0.8199211 0.5575832 0.04463738 0.8289201 0.3285701 -0.4482586 0.8313278 0.1735404 -0.5317721 0.8289163 0.5261011 0.2256803 0.8199307 0.3130281 -0.4911041 0.8129147 0.531772 0.1735417 0.8289161 0.4588542 0.3422718 0.8199409 0.4765206 0.2929569 0.8289176 0.4399781 -0.3662688 0.8199186 0.4919131 -0.2600237 0.8309087 0.3960111 -0.3950478 0.8289226 0.5331653 -0.1589889 0.8309376 0.3663121 0.4399281 0.819926 0.2501918 0.4962618 0.8313413 0.3950532 0.3960214 0.8289151 0.4932095 -0.3047083 0.814799 0.5431813 -0.2026793 0.8147855 0.2955571 0.5018805 0.8128727 0.1266641 0.5582774 0.8199284 -0.002350807 0.5557567 0.8313417 0.1721203 0.5322524 0.8289042 0.03548711 0.5813364 0.8128892 -0.1406362 0.554916 0.8199328 -0.2544006 0.4941197 0.83134 -0.0882619 0.552362 0.8289186 -0.2323089 0.5340757 0.8128935 -0.3772495 0.4306016 0.8199177 -0.4510188 0.3247784 0.8313249 -0.3293555 0.4521337 0.8289151 -0.4494766 0.3703502 0.8129032 -0.5143596 0.2104582 0.8313493 -0.5235293 0.2552782 0.8128654 -0.566488 0.08248871 0.8199311 -0.5441264 0.1298139 0.8288998 -0.5700932 -0.05206036 0.8199291 -0.5593736 -7.16638e-4 0.8289154 -0.5421699 -0.1837003 0.8199427 -0.5437313 -0.131362 0.8289152 -0.4843162 -0.3052045 0.8199319 -0.3912923 -0.3946605 0.8313445 -0.4980808 -0.2545663 0.828922 -0.4361807 -0.3859845 0.812873 -0.2929731 -0.4918115 0.8199319 -0.3281605 -0.4530195 0.8289054 -0.04124617 -0.5542406 0.8313341 0.08925104 -0.54854 0.8313472 0.5542232 -0.0412144 0.8313472 -0.0809223 -0.5767453 0.8129062 0.2149029 -0.5125182 0.8313495 0.0558623 -0.5797374 0.8128863 0.5485589 0.08926683 0.8313331 0.5767711 -0.08097296 0.8128829 0.3285526 -0.4482447 0.8313423 0.1897318 -0.5506387 0.8128954 0.5797218 0.05591756 0.8128937 0.31299 -0.4911447 0.8129049 0.5261051 0.2256766 0.819929 0.5317743 0.1735441 0.8289141 0.4399775 -0.3662685 0.8199191 0.4919131 -0.2600235 0.8309087 0.4588537 0.3422777 0.8199386 0.3591385 0.4241233 0.8313478 0.3960113 -0.3950465 0.8289231 0.4765205 0.2929575 0.8289175 0.4932097 -0.3047098 0.8147982 0.5476178 -0.1591964 0.8214447 0.4045684 0.4189956 0.8128759 0.5224777 -0.2030798 0.8281158 0.2534744 0.5132832 0.8199336 0.2916116 0.477353 0.8289131 0.126671 0.5582773 0.8199275 0.1721811 0.5322192 0.8289128 -0.007203161 0.5724336 0.8199194 -0.1320412 0.5398669 0.8313297 0.04316407 0.5577126 0.8289111 -0.1012482 0.5735478 0.812891 -0.2662466 0.5067812 0.8199303 -0.2147447 0.5165192 0.8289106 -0.3294031 0.4520954 0.828917 -0.3772264 0.4305945 0.8199322 -0.425834 0.3627303 0.8289103 -0.4673002 0.330675 0.8199297 -0.5143626 0.2104645 0.8313457 -0.5235276 0.2552785 0.8128664 -0.5664924 0.08248186 0.8199288 -0.5441243 0.129814 0.8289011 -0.5700956 -0.05205434 0.8199276 -0.5593765 -7.17866e-4 0.8289135 -0.5278195 -0.1739993 0.8313428 -0.4726051 -0.2923912 0.8313554 -0.5638051 -0.1459482 0.8129103 -0.3912908 -0.3946607 0.831345 -0.5142272 -0.2734763 0.8128845 -0.2883588 -0.4750897 0.8313478 -0.436126 -0.3859957 0.812897 -0.3340029 -0.4771327 0.8128879 -0.1700583 -0.5466327 0.8199225 -0.04125165 -0.5542455 0.8313305 -0.2134184 -0.5419374 0.8128693 0.08929699 -0.5485298 0.831349 -0.08091998 -0.5767452 0.8129066 0.2148748 -0.5125601 0.8313309 0.05587565 -0.5797591 0.8128699 0.5767386 -0.08091402 0.8129119 0.3285586 -0.4482403 0.8313423 0.1897305 -0.5506399 0.8128949 0.564255 0.09660792 0.8199288 0.5575934 0.0445677 0.828917 0.4241524 -0.3590852 0.831356 0.3129925 -0.4911453 0.8129035 0.5260967 0.2257202 0.8199224 0.4482352 0.3285923 0.8313317 0.5317718 0.1735523 0.828914 0.4190244 -0.4045201 0.8128851 0.4911252 0.3130363 0.8128988 0.5060464 -0.2629965 0.8214316 0.5331763 -0.1590406 0.8309208 0.472828 -0.3011347 0.8281013 0.3663182 0.4399227 0.8199263 0.2501834 0.4962614 0.8313441 0.3950433 0.3960312 0.828915 0.5431797 -0.2026755 0.8147874 0.2955116 0.501874 0.8128934 0.1266714 0.5582738 0.8199298 0.1721714 0.5322211 0.8289136 -0.132045 0.5398666 0.8313292 0.04317641 0.5577092 0.8289127 -0.1012523 0.5735414 0.8128951 -0.2662899 0.506772 0.8199219 -0.2147423 0.5165201 0.8289106 -0.329424 0.452108 0.8289018 -0.3772038 0.4306266 0.8199256 -0.425837 0.3627297 0.8289089 -0.4672976 0.3306756 0.819931 -0.5315977 0.2124074 0.8199312 -0.4987485 0.2532725 0.8289169 -0.5440965 0.1298763 0.8289098 -0.5664901 0.08248203 0.8199304 -0.553848 -0.04600113 0.8313462 -0.5278548 -0.1739789 0.8313247 -0.5823576 -0.0102384 0.8128682 -0.4726099 -0.2923893 0.8313533 -0.5638082 -0.145949 0.8129079 -0.514227 -0.2734774 0.8128842 -0.3996732 -0.4098386 0.8199353 -0.2883678 -0.4750893 0.8313449 -0.4248494 -0.3638713 0.8289155 -0.1694646 -0.5292851 0.8313478 -0.3340094 -0.477131 0.812886 -0.04126036 -0.5542217 0.8313459 -0.2133625 -0.5419211 0.8128949 -0.08097243 -0.5767466 0.8129003 0.09665662 -0.5642589 0.8199204 0.2148762 -0.5125614 0.8313298 0.04457157 -0.5575925 0.8289175 0.5711969 -0.03773808 0.8199452 0.5526043 -0.08671218 0.8289207 0.3285893 -0.4482117 0.8313456 0.1897351 -0.5506321 0.8128991 0.5642538 0.09660935 0.8199295 0.5125259 0.2148972 0.8313462 0.557592 0.04456955 0.8289179 0.4241474 -0.3591296 0.8313393 0.3130071 -0.4911665 0.8128851 0.5506274 0.1897358 0.8129021 0.4190264 -0.40451 0.812889 0.4588821 0.3422531 0.8199329 0.4765618 0.2928992 0.8289144 0.506022 -0.2629907 0.8214486 0.4728566 -0.3010651 0.8281102 0.5476431 -0.1591978 0.8214276 0.3662914 0.439961 0.8199177 0.3950474 0.396031 0.8289133 0.5224517 -0.2031626 0.8281118 0.2535121 0.5132741 0.8199276 0.1274492 0.5409469 0.8313443 0.2916241 0.4773685 0.8288998 0.17022 0.5569915 0.8128873 -0.007196068 0.5724124 0.8199344 0.04311513 0.5577075 0.8289172 -0.1405878 0.5549344 0.8199287 -0.0882169 0.552379 0.8289121 -0.266294 0.5067706 0.8199214 -0.3627392 0.4210822 0.8313303 -0.2147376 0.5165202 0.8289117 -0.3505915 0.4650686 0.8128941 -0.4258241 0.3627368 0.8289125 -0.4673392 0.3306432 0.8199203 -0.5315842 0.2124499 0.8199288 -0.4987773 0.2532659 0.8289015 -0.5492793 0.08461332 0.8313441 -0.5538493 -0.04599857 0.8313454 -0.5686296 0.1259977 0.8128868 -0.5278289 -0.1739656 0.831344 -0.5823143 -0.01029217 0.8128988 -0.4725881 -0.2924219 0.8313544 -0.5638422 -0.1458929 0.8128944 -0.391328 -0.3946549 0.8313304 -0.5142345 -0.2734963 0.8128732 -0.2883651 -0.4750908 0.8313449 -0.4361298 -0.3859956 0.812895 -0.1694675 -0.5292817 0.8313493 -0.3339967 -0.4771326 0.8128904 -0.5668544 -0.06251162 0.821443 -0.5316579 -0.16402 0.8309257 -0.560419 -0.01232904 0.8281176 -0.5642426 -0.1332721 0.8147816 -0.4998155 -0.2746632 0.8214284 0.5681511 -0.04934382 0.8214436 -0.5130671 -0.2258464 0.8281037 0.5520919 -0.09717589 0.8281011 -0.4366375 -0.3668749 0.821432 0.5668559 0.06250798 0.8214422 -0.4591347 -0.3216304 0.8280998 0.5604181 0.01233416 0.828118 -0.3566405 -0.4450213 0.8214399 0.5437821 0.1718887 0.8214349 -0.3875324 -0.4050388 0.8281077 0.5472553 0.1214403 0.8281087 -0.262993 -0.5060265 0.8214451 -0.3010854 -0.4728454 0.8281093 -0.1592002 -0.5476183 0.8214436 0.4998009 0.2746507 0.8214415 -0.2030727 -0.5224786 0.8281169 0.4284003 0.3549999 0.8309321 0.5130358 0.2259109 0.8281055 0.4702958 0.3390543 0.8147786 0.3566426 0.4450237 0.8214378 0.3875316 0.4050417 0.8281067 0.2629914 0.5060497 0.8214312 0.3011363 0.4728236 0.8281032 0.1592528 0.5476105 0.8214386 0.2030806 0.5225007 0.828101 0.04929769 0.5681415 0.821453 -0.05716764 0.5534147 0.8309417 0.09718382 0.5520638 0.828119 -0.02062422 0.5793945 0.8147863 -0.1718862 0.5437835 0.8214345 -0.1214292 0.5472577 0.8281087 -0.2259106 0.5130346 0.8281063 -0.2746493 0.4998014 0.8214416 -0.3215651 0.4591706 0.8281053 -0.3669245 0.4366153 0.8214216 -0.4050591 0.3875446 0.828092 -0.4450471 0.356649 0.8214223 -0.5060111 0.2630392 0.8214398 -0.4728829 0.3010748 0.8280918 -0.5331656 0.1589903 0.8309371 -0.5431823 0.2026786 0.814785 -0.5681442 0.04929518 0.8214514 -0.5520674 0.09717702 0.8281173 -1.57378e-6 0 1 6.29457e-6 0 1 2.14386e-6 0 1 -2.21297e-6 0 1 1.03945e-6 0 1 1.95066e-6 0 1 -2.14316e-6 0 1 -2.95935e-7 0 1 -4.31454e-7 0 1 -2.14342e-6 0 1 3.93571e-7 0 1 5.91874e-7 0 1 3.59972e-7 0 1 -1.65093e-6 0 1 0.187354 -0.9822925 0 0.4258079 -0.9048136 0 0.1873539 -0.9822925 0 0.4258078 -0.9048137 0 0.9921112 0.1253615 0 0.9921111 0.1253622 0 0.6374171 -0.770519 0 0.6374173 -0.7705188 0 0.9297715 0.3681372 0 0.8090254 -0.5877739 0 0.9297716 0.3681371 0 0.9297715 -0.3681372 0 0.8090252 -0.587774 0 0.8090254 0.5877739 0 0.9921112 -0.1253615 0 0.6374171 0.770519 0 0.9297716 -0.3681371 0 0.8090252 0.587774 0 0.9921111 -0.1253622 0 0.6374173 0.7705188 0 0.4258081 0.9048135 0 0.4258082 0.9048135 0 0.187354 0.9822925 0 0.1873539 0.9822925 0 -0.06276375 0.9980285 0 -0.3090205 0.9510554 0 -0.06276375 0.9980285 0 -0.3090204 0.9510554 0 -0.5358267 0.8443281 0 -0.7289608 0.6845555 0 -0.5358268 0.8443279 0 -0.8763294 0.4817125 0 -0.9685717 0.2487347 0 -0.876329 0.4817131 0 -0.9685717 -0.2487347 0 -0.8763293 -0.4817126 0 -0.8763291 -0.4817129 0 -0.7289608 -0.6845555 0 -0.5358267 -0.8443281 0 -0.5358268 -0.8443279 0 -0.30902 -0.9510556 0 -0.3090201 -0.9510556 0 -0.06276375 -0.9980285 0 -0.06276375 -0.9980285 0 2.68973e-6 0 1 2.48858e-6 0 1 -2.58572e-6 0 1 6.58113e-7 0 1 3.05326e-6 0 1 3.29057e-7 0 1 -7.97193e-7 0 1 -9.69647e-7 0 1 1.86643e-6 0 1 -3.69838e-6 0 1 7.27668e-7 0 1 3.05326e-6 0 1 -7.10254e-7 0 1 -3.65836e-7 0 1 7.34569e-7 0 1 -1.91131e-6 0 1 9.37669e-7 0 1 -9.4833e-7 0 1 -3.65836e-7 0 1 0.866025 0.5000008 0 0 1 0 0.866025 -0.5000008 0 -0.866025 0.5000008 0 0 -1 0 -0.866025 -0.5000008 0</float_array>
          <technique_common>
            <accessor source="#shape0_030-mesh-normals-array" count="2043" stride="3">
              <param name="X" type="float"/>
              <param name="Y" type="float"/>
              <param name="Z" type="float"/>
            </accessor>
          </technique_common>
        </source>
        <vertices id="shape0_030-mesh-vertices">
          <input semantic="POSITION" source="#shape0_030-mesh-positions"/>
        </vertices>
        <triangles material="Material_018-material" count="2198">
          <input semantic="VERTEX" source="#shape0_030-mesh-vertices" offset="0"/>
          <input semantic="NORMAL" source="#shape0_030-mesh-normals" offset="1"/>
          <p>0 0 1 0 2 0 0 0 2 0 3 0 4 1 0 1 3 1 4 2 3 2 5 2 6 3 4 3 5 3 7 4 8 4 9 4 6 5 5 5 10 5 7 6 11 6 8 6 6 7 10 7 12 7 13 8 6 8 12 8 14 9 9 9 15 9 14 10 7 10 9 10 16 11 13 11 12 11 16 12 12 12 17 12 18 13 15 13 19 13 11 14 17 14 8 14 18 15 14 15 15 15 11 16 16 16 17 16 20 17 19 17 21 17 20 18 21 18 22 18 20 19 18 19 19 19 23 20 22 20 24 20 23 21 20 21 22 21 25 22 24 22 26 22 25 20 23 20 24 20 27 23 26 23 28 23 27 24 25 24 26 24 29 25 27 25 28 25 30 26 28 26 31 26 30 27 31 27 32 27 30 28 29 28 28 28 33 29 32 29 34 29 33 27 30 27 32 27 35 30 34 30 36 30 35 31 33 31 34 31 37 32 35 32 36 32 37 33 36 33 38 33 39 33 37 33 38 33 39 34 38 34 40 34 41 35 39 35 40 35 42 36 41 36 40 36 42 37 40 37 43 37 42 38 43 38 44 38 45 38 42 38 44 38 46 39 45 39 44 39 46 40 44 40 47 40 48 41 46 41 47 41 48 42 47 42 49 42 1 43 48 43 49 43 1 44 49 44 2 44 39 45 41 45 42 45 1 46 45 46 46 46 1 47 46 47 48 47 35 48 37 48 39 48 35 49 42 49 45 49 35 50 1 50 0 50 35 51 39 51 42 51 35 52 45 52 1 52 29 51 30 51 33 51 29 53 33 53 35 53 29 54 0 54 4 54 29 55 4 55 6 55 29 56 6 56 13 56 29 51 35 51 0 51 11 57 13 57 16 57 23 58 25 58 27 58 23 51 27 51 29 51 23 59 29 59 13 59 14 60 11 60 7 60 14 51 13 51 11 51 14 51 23 51 13 51 18 51 20 51 23 51 18 61 23 61 14 61 43 62 40 62 38 62 47 63 44 63 2 63 49 64 47 64 2 64 38 64 36 64 34 64 44 64 43 64 34 64 3 64 2 64 34 64 43 64 38 64 34 64 2 64 44 64 34 64 32 65 31 65 28 65 34 64 32 64 28 64 5 64 3 64 28 64 10 64 5 64 28 64 12 66 10 66 28 66 3 67 34 67 28 67 17 64 12 64 8 64 26 68 24 68 22 68 28 64 26 64 22 64 12 69 28 69 22 69 9 64 8 64 15 64 8 64 12 64 15 64 12 70 22 70 15 70 22 71 21 71 19 71 15 72 22 72 19 72 50 73 51 73 52 73 53 74 54 74 55 74 53 75 56 75 54 75 53 76 57 76 58 76 53 77 58 77 56 77 59 78 60 78 58 78 61 79 55 79 51 79 61 80 62 80 57 80 61 81 57 81 53 81 61 82 53 82 55 82 63 83 58 83 57 83 63 84 59 84 58 84 64 85 51 85 65 85 64 86 61 86 51 86 64 87 62 87 61 87 64 88 66 88 62 88 67 89 59 89 63 89 68 90 63 90 57 90 68 91 67 91 63 91 69 92 57 92 62 92 69 93 68 93 57 93 70 94 69 94 62 94 71 95 66 95 64 95 72 96 71 96 64 96 72 97 64 97 65 97 73 98 62 98 66 98 73 99 70 99 62 99 74 100 72 100 75 100 74 101 66 101 71 101 74 102 73 102 66 102 74 103 71 103 72 103 76 104 77 104 78 104 76 105 78 105 79 105 76 106 79 106 80 106 76 107 80 107 81 107 76 108 81 108 82 108 76 109 83 109 77 109 84 110 83 110 76 110 85 111 86 111 87 111 85 112 84 112 86 112 85 113 88 113 83 113 85 114 87 114 88 114 85 115 83 116 84 117 89 118 90 118 88 118 89 119 75 119 90 119 89 120 91 120 92 120 89 121 88 121 91 121 93 122 92 122 94 122 93 123 89 123 92 123 93 124 94 124 95 124 93 125 95 125 96 125 93 126 96 126 75 127 93 128 75 128 89 128 97 129 98 129 99 129 97 130 75 131 98 132 100 133 75 133 97 133 100 134 97 134 99 134 101 135 75 135 100 135 101 136 99 136 102 136 101 137 100 137 99 137 101 138 102 138 103 138 104 139 105 139 106 139 104 140 106 140 107 140 108 141 104 142 107 143 109 144 110 144 111 144 109 145 112 145 113 145 109 146 113 146 114 146 109 147 114 147 115 147 109 148 115 148 116 148 109 149 116 149 110 149 117 150 118 150 119 150 117 151 107 151 118 151 117 152 108 152 107 152 120 153 108 154 117 155 121 156 108 156 120 156 122 157 109 157 111 157 123 158 121 158 120 158 123 159 120 160 117 161 123 162 117 162 119 162 124 163 125 163 122 163 124 164 122 165 111 166 124 167 126 167 125 167 124 168 111 168 127 168 124 169 127 169 126 169 128 170 60 170 59 170 128 171 119 171 60 171 129 172 123 172 119 172 129 173 119 173 128 173 130 174 90 174 75 174 130 175 127 175 90 175 130 176 50 176 126 176 130 177 126 177 127 177 130 178 65 178 50 178 130 179 75 179 72 179 130 180 72 180 65 180 131 181 132 181 129 181 131 182 128 182 59 182 131 183 129 183 128 183 131 184 59 184 67 184 133 185 69 185 70 185 133 186 70 186 73 186 134 187 133 187 73 187 135 188 75 188 134 188 135 189 134 189 73 189 135 190 74 191 75 192 135 193 73 193 74 193 136 194 82 194 137 194 136 195 137 195 138 195 136 196 76 196 82 196 136 197 84 197 76 197 139 198 140 198 141 198 139 199 141 199 105 199 142 200 101 200 103 200 142 201 140 201 139 201 142 202 75 202 101 202 142 203 143 203 140 203 142 204 103 204 143 204 144 205 139 206 105 206 144 207 75 207 142 207 144 208 142 208 139 208 145 209 109 209 122 209 145 210 146 210 147 210 145 211 147 211 112 211 145 212 112 212 109 212 148 213 144 213 105 213 149 214 105 214 104 214 149 215 104 215 108 215 149 216 108 216 121 216 149 217 148 217 105 217 150 218 132 218 131 218 150 219 131 220 67 219 150 221 134 221 75 221 150 222 133 222 134 222 150 223 67 223 68 223 150 224 68 224 69 224 150 225 69 225 133 225 151 226 86 226 84 226 151 227 84 227 136 227 151 228 152 228 86 228 153 229 122 229 125 229 153 230 145 230 122 230 153 231 125 231 154 231 155 232 129 232 132 232 155 233 132 233 150 233 155 234 121 234 123 234 155 235 75 235 144 235 155 236 123 236 129 236 155 237 144 237 148 237 155 238 150 238 75 238 155 239 149 239 121 239 155 240 148 241 149 242 156 243 157 243 158 243 156 244 158 244 159 244 156 245 159 245 160 245 156 246 160 246 161 246 162 247 163 247 164 247 162 248 164 248 165 248 162 249 165 249 166 249 162 250 166 250 167 250 168 251 138 251 169 251 168 252 169 252 157 252 168 253 136 253 138 253 168 254 157 254 156 254 168 255 151 255 136 255 168 256 156 256 151 256 170 257 171 257 152 257 170 258 152 258 151 258 170 259 151 259 156 259 172 260 154 260 173 260 172 261 162 261 153 261 172 262 153 262 154 262 174 263 145 263 153 263 174 264 167 264 175 264 174 265 175 265 146 265 174 266 153 266 162 266 174 267 146 267 145 267 174 268 162 268 167 268 176 269 170 269 156 269 176 270 161 270 177 270 176 271 177 271 178 271 176 272 178 272 179 272 176 273 179 273 180 273 176 274 180 274 181 274 176 275 181 275 182 275 176 276 182 276 183 276 176 277 156 277 161 277 184 278 176 278 183 278 184 279 170 279 176 279 184 280 183 280 185 280 186 281 171 281 170 281 186 282 184 283 185 284 186 285 170 286 184 287 186 288 185 288 171 288 187 289 188 289 189 289 187 290 189 290 190 290 187 291 190 291 191 291 185 292 183 292 192 292 187 293 191 293 193 293 185 294 192 294 194 294 187 295 193 295 195 295 187 296 195 296 196 296 187 297 196 297 163 297 187 298 162 298 172 298 187 299 163 299 162 299 197 300 187 300 172 300 197 301 198 301 188 301 197 302 188 302 187 302 199 303 173 303 198 303 199 304 198 305 197 306 199 307 197 308 172 309 199 310 172 310 173 310 200 311 194 311 201 311 200 312 201 312 202 312 200 313 202 313 203 313 200 314 203 314 204 314 200 315 204 315 205 315 200 316 185 316 194 316 206 317 200 317 205 317 206 318 205 318 207 318 206 319 207 319 208 319 206 320 208 320 209 320 206 321 209 321 210 321 211 322 206 322 210 322 211 323 210 323 212 323 211 324 212 324 213 324 211 325 213 325 214 325 211 326 214 326 215 326 211 327 215 327 216 327 198 328 211 328 216 328 198 329 216 329 217 329 198 330 217 330 188 330 83 331 90 331 218 331 83 332 218 332 77 332 88 333 90 333 83 333 219 334 220 334 91 334 219 335 87 335 86 335 219 336 88 336 87 336 219 337 91 337 88 337 221 338 220 338 219 338 221 339 222 339 220 339 221 340 86 340 152 340 221 341 219 341 86 341 223 342 224 342 222 342 223 343 221 343 152 343 223 344 152 344 171 344 223 345 222 345 221 345 92 346 91 346 220 346 92 347 225 347 94 347 226 348 224 348 223 348 226 349 223 349 171 349 226 350 227 350 224 350 226 351 171 351 185 351 228 352 225 352 92 352 228 353 92 353 220 353 228 354 229 354 225 354 228 355 220 355 222 355 98 356 95 356 94 356 98 357 96 357 95 357 98 358 75 358 96 358 230 359 231 359 227 359 230 360 227 360 226 360 230 361 226 361 185 361 230 362 185 362 200 362 232 363 222 363 224 363 232 364 233 364 229 364 232 365 229 365 228 365 232 366 228 366 222 366 99 367 98 367 94 367 99 368 94 368 225 368 102 369 99 369 225 369 234 370 230 370 200 370 234 371 200 371 206 371 234 372 235 372 231 372 234 373 231 373 230 373 236 374 106 374 233 374 236 375 232 375 224 375 236 376 224 376 227 376 236 377 233 377 232 377 103 378 102 378 225 378 103 379 225 379 229 379 143 380 103 380 229 380 141 381 229 381 233 381 141 382 143 382 229 382 237 383 238 383 235 383 237 384 234 384 206 384 237 385 235 385 234 385 237 386 206 386 211 386 239 387 227 387 231 387 239 388 107 388 106 388 239 389 106 389 236 389 239 390 236 390 227 390 140 391 143 391 141 391 105 392 141 392 233 392 105 393 233 393 106 393 240 394 241 394 238 394 240 395 211 395 198 395 240 396 237 396 211 396 240 397 238 397 237 397 242 398 118 398 107 398 242 399 239 399 231 399 242 400 107 400 239 400 242 401 231 401 235 401 243 402 198 402 173 402 243 403 240 403 198 403 243 404 54 404 241 404 243 405 241 405 240 405 244 406 119 406 118 406 244 407 118 407 242 407 244 408 242 408 235 408 244 409 235 409 238 409 245 410 54 410 243 410 245 411 55 411 54 411 245 412 243 412 173 412 245 413 173 413 154 413 246 414 119 414 244 414 246 415 60 415 119 415 246 416 244 416 238 416 246 417 238 417 241 417 111 418 110 418 247 418 111 419 247 419 90 419 52 420 55 420 245 420 52 421 51 421 55 421 52 422 245 422 154 422 52 423 154 423 125 423 56 424 241 424 54 424 56 425 246 425 241 425 56 426 60 426 246 426 56 427 58 427 60 427 127 428 111 428 90 428 50 429 125 429 126 429 50 430 52 430 125 430 50 431 65 431 51 431 113 432 112 433 114 434 175 435 192 435 181 435 192 436 182 436 181 436 114 64 175 64 181 64 181 64 180 64 116 64 114 437 181 437 116 437 115 64 114 64 116 64 188 64 217 64 189 64 216 438 215 438 214 438 217 64 216 64 214 64 180 439 179 439 178 439 116 440 180 440 178 440 110 64 116 64 178 64 189 64 217 64 190 64 110 441 178 441 177 441 110 64 177 64 161 64 217 64 214 64 191 64 190 64 217 64 191 64 247 442 110 442 161 442 214 443 213 444 212 445 90 446 247 446 161 446 191 64 214 64 212 64 161 64 160 64 159 64 218 447 90 447 78 447 77 64 218 64 78 64 212 448 210 448 209 448 193 64 191 64 196 64 195 64 193 64 196 64 159 64 158 64 157 64 90 449 161 449 157 449 161 64 159 64 157 64 78 64 90 64 157 64 79 64 78 64 80 64 212 450 209 450 208 450 78 451 157 451 169 451 81 452 80 453 82 454 163 64 196 64 164 64 80 455 78 455 82 455 78 64 169 64 82 64 169 456 138 456 137 456 82 64 169 64 137 64 164 64 196 64 165 64 207 64 205 64 204 64 208 64 207 64 204 64 191 457 212 457 204 457 196 458 191 458 204 458 212 64 208 64 204 64 196 459 204 459 166 459 165 64 196 64 166 64 166 460 204 460 203 460 166 64 203 64 202 64 167 461 166 461 175 461 166 462 202 462 201 462 146 64 175 64 147 64 175 463 166 463 192 463 166 464 201 464 192 464 201 64 194 64 192 64 147 64 175 64 112 64 192 465 183 465 182 465 112 64 175 64 114 64 248 466 249 466 250 466 248 467 251 467 249 467 252 468 250 468 253 468 252 469 253 469 254 469 252 470 248 470 250 470 255 471 256 471 257 471 255 472 258 472 256 472 259 473 252 473 254 473 260 474 257 474 261 474 262 475 254 475 263 475 260 476 255 476 257 476 262 477 259 477 254 477 264 478 261 478 265 478 266 479 263 479 267 479 264 480 265 480 268 480 266 481 267 481 269 481 264 482 260 482 261 482 266 483 262 483 263 483 270 484 264 484 268 484 271 485 269 485 272 485 271 486 266 486 269 486 273 487 268 487 274 487 273 488 270 488 268 488 275 489 271 489 272 489 276 490 272 490 277 490 276 491 275 491 272 491 278 492 274 492 279 492 278 493 273 493 274 493 280 494 279 494 281 494 280 495 281 495 282 495 280 496 278 496 279 496 283 497 280 497 282 497 284 498 282 498 285 498 284 499 285 499 286 499 284 500 283 500 282 500 287 501 284 501 286 501 288 502 286 502 289 502 288 503 287 503 286 503 290 504 288 504 289 504 290 505 289 505 291 505 290 506 291 506 292 506 293 507 290 507 292 507 294 508 292 508 295 508 294 509 293 509 292 509 296 510 295 510 297 510 296 511 294 511 295 511 298 512 297 512 299 512 298 513 296 513 297 513 300 514 299 514 301 514 300 515 301 515 302 515 300 516 298 516 299 516 303 517 300 517 302 517 251 518 302 518 249 518 251 519 303 519 302 519 304 520 305 520 306 520 307 521 306 521 308 521 307 522 308 522 309 522 307 523 304 523 306 523 310 524 277 524 311 524 310 525 276 525 277 525 312 526 307 526 309 526 313 527 311 527 314 527 313 528 314 528 315 528 313 529 310 529 311 529 316 530 309 530 317 530 316 531 317 531 318 531 316 532 312 532 309 532 319 533 313 533 315 533 320 534 316 534 318 534 321 535 315 535 322 535 321 536 322 536 323 536 321 537 319 537 315 537 324 538 318 538 325 538 324 539 320 539 318 539 326 540 321 540 323 540 327 541 325 541 328 541 327 542 328 542 329 542 327 543 324 543 325 543 330 544 323 544 331 544 332 545 327 545 329 545 330 546 326 546 323 546 333 547 331 547 334 547 333 548 330 548 331 548 335 549 334 549 336 549 335 550 333 550 334 550 337 551 336 551 338 551 337 552 335 552 336 552 339 553 338 553 340 553 339 554 337 554 338 554 341 555 339 555 340 555 341 556 340 556 342 556 343 557 341 557 342 557 343 558 342 558 344 558 345 559 344 559 346 559 345 560 343 560 344 560 347 561 345 561 346 561 347 562 346 562 348 562 349 563 348 563 350 563 349 564 347 564 348 564 351 565 350 565 352 565 351 513 349 513 350 513 353 566 352 566 354 566 353 567 354 567 355 567 353 568 351 568 352 568 356 569 353 569 355 569 305 570 355 570 357 570 305 571 357 571 306 571 305 572 356 572 355 572 358 573 359 573 360 573 358 574 361 574 359 574 362 575 360 575 363 575 362 576 358 576 360 576 364 577 329 577 365 577 364 578 365 578 366 578 364 579 332 579 329 579 367 580 363 580 368 580 367 581 362 581 363 581 369 582 364 582 366 582 370 583 368 583 371 583 370 584 371 584 372 584 370 585 367 585 368 585 373 586 366 586 374 586 373 587 369 587 366 587 375 588 370 588 372 588 376 589 374 589 377 589 376 590 373 590 374 590 378 591 372 591 379 591 378 592 379 592 380 592 378 593 375 593 372 593 381 594 377 594 382 594 381 595 376 595 377 595 383 596 378 596 380 596 384 597 380 597 385 597 386 598 382 598 387 598 384 599 383 599 380 599 386 600 381 600 382 600 388 601 387 601 389 601 388 602 386 602 387 602 390 603 389 603 391 603 390 604 391 604 392 604 390 605 388 605 389 605 393 606 390 606 392 606 394 607 392 607 395 607 394 608 393 608 392 608 396 609 394 609 395 609 396 610 395 610 397 610 398 611 396 611 397 611 398 612 397 612 399 612 398 613 399 613 400 613 401 614 398 614 400 614 402 615 400 615 403 615 402 616 401 616 400 616 402 617 403 617 404 617 405 618 402 618 404 618 406 619 404 619 407 619 406 620 405 620 404 620 408 621 407 621 409 621 408 622 406 622 407 622 410 623 409 623 411 623 410 624 408 624 409 624 361 625 411 625 359 625 361 626 410 626 411 626 412 627 413 627 414 627 412 628 415 628 413 628 416 629 414 629 417 629 416 630 417 630 418 630 416 631 412 631 414 631 419 632 385 632 420 632 421 633 416 633 418 633 419 634 384 634 385 634 422 635 418 635 423 635 424 636 420 636 425 636 422 637 421 637 418 637 424 638 419 638 420 638 426 639 423 639 427 639 426 640 422 640 423 640 428 641 425 641 429 641 428 642 429 642 430 642 428 643 424 643 425 643 431 644 430 644 432 644 433 645 427 645 434 645 431 646 428 646 430 646 433 647 426 647 427 647 435 648 434 648 436 648 435 649 436 649 437 649 438 650 431 650 432 650 435 651 433 651 434 651 439 652 435 652 437 652 440 653 432 653 441 653 440 654 438 654 432 654 442 655 441 655 443 655 442 656 443 656 444 656 442 657 440 657 441 657 445 658 444 658 446 658 445 659 442 659 444 659 447 660 445 660 446 660 448 661 446 661 449 661 448 662 447 662 446 662 450 663 448 663 449 663 450 664 449 664 451 664 450 665 451 665 452 665 453 666 450 666 452 666 454 667 453 667 452 667 454 668 452 668 455 668 454 669 455 669 456 669 457 670 454 670 456 670 458 671 456 671 459 671 458 672 459 672 460 672 458 673 457 673 456 673 461 674 458 674 460 674 462 675 460 675 463 675 462 676 463 676 464 676 462 677 461 677 460 677 465 678 462 678 464 678 415 679 464 679 413 679 415 680 465 680 464 680 466 681 467 681 468 681 466 682 468 682 469 682 466 683 470 683 467 683 471 684 466 684 469 684 472 685 437 685 473 685 474 686 469 686 475 686 472 687 439 687 437 687 474 688 471 688 469 688 476 689 473 689 477 689 478 690 475 690 479 690 478 691 479 691 480 691 476 692 472 692 473 692 478 693 474 693 475 693 481 694 477 694 482 694 483 695 478 695 480 695 481 696 476 696 477 696 484 697 482 697 485 697 484 698 485 698 486 698 487 699 480 699 488 699 484 700 481 700 482 700 487 701 488 701 489 701 487 702 483 702 480 702 490 703 484 703 486 703 491 704 487 704 489 704 492 705 489 705 493 705 492 706 491 706 489 706 494 707 486 707 495 707 494 708 495 708 496 708 494 709 490 709 486 709 497 710 494 710 496 710 498 711 496 711 499 711 498 712 499 712 500 712 498 713 497 713 496 713 501 714 498 714 500 714 502 715 500 715 503 715 502 716 503 716 504 716 502 717 501 717 500 717 505 718 502 718 504 718 506 719 505 719 504 719 506 720 504 720 507 720 506 721 507 721 508 721 509 722 506 722 508 722 510 723 508 723 511 723 510 724 509 724 508 724 512 725 511 725 513 725 512 726 510 726 511 726 514 727 513 727 515 727 514 728 512 728 513 728 516 729 515 729 517 729 516 730 517 730 518 730 516 731 514 731 515 731 519 732 516 732 518 732 470 733 518 733 467 733 470 734 519 734 518 734 520 735 521 735 522 735 520 736 523 736 521 736 524 737 522 737 525 737 524 738 520 738 522 738 526 739 493 739 527 739 526 740 492 740 493 740 528 686 525 686 529 686 528 741 524 741 525 741 530 742 527 742 531 742 532 743 529 743 533 743 530 744 526 744 527 744 532 691 533 691 534 691 532 745 528 745 529 745 535 746 531 746 536 746 537 695 532 695 534 695 535 696 530 696 531 696 538 747 536 747 539 747 538 748 535 748 536 748 540 749 534 749 541 749 540 750 541 750 542 750 540 751 537 751 534 751 543 752 542 752 544 752 545 753 539 753 546 753 545 754 546 754 547 754 545 755 538 755 539 755 543 756 540 756 542 756 548 757 543 757 544 757 549 758 545 758 547 758 550 759 547 759 551 759 550 760 551 760 552 760 550 761 549 761 547 761 553 762 550 762 552 762 554 763 552 763 555 763 554 764 555 764 556 764 554 765 553 765 552 765 557 766 554 766 556 766 558 767 556 767 559 767 558 768 559 768 560 768 558 769 557 769 556 769 561 770 558 770 560 770 561 771 560 771 562 771 563 772 561 772 562 772 564 773 562 773 565 773 564 774 563 774 562 774 566 775 565 775 567 775 566 776 564 776 565 776 568 777 567 777 569 777 568 778 566 778 567 778 570 779 569 779 571 779 570 780 571 780 572 780 570 731 568 731 569 731 573 781 570 781 572 781 523 782 572 782 521 782 523 783 573 783 572 783 574 784 575 784 576 784 574 785 577 785 575 785 578 786 576 786 579 786 578 787 574 787 576 787 580 788 544 788 581 788 580 789 548 789 544 789 582 790 579 790 583 790 582 791 583 791 584 791 582 792 578 792 579 792 585 793 581 793 586 793 585 794 580 794 581 794 587 795 582 795 584 795 588 796 586 796 589 796 590 797 584 797 591 797 588 798 585 798 586 798 590 799 587 799 584 799 592 800 589 800 593 800 592 801 593 801 594 801 592 802 588 802 589 802 595 803 591 803 596 803 595 804 596 804 597 804 595 805 590 805 591 805 598 806 592 806 594 806 599 807 595 807 597 807 600 808 597 808 601 808 600 809 599 809 597 809 602 810 594 810 603 810 602 811 598 811 594 811 604 812 603 812 605 812 604 813 602 813 603 813 606 814 605 814 607 814 606 815 607 815 608 815 606 816 604 816 605 816 609 817 606 817 608 817 610 818 608 818 611 818 610 819 609 819 608 819 612 820 610 820 611 820 612 821 611 821 613 821 614 822 612 822 613 822 614 823 613 823 615 823 614 824 615 824 616 824 617 825 614 825 616 825 618 826 616 826 619 826 618 827 617 827 616 827 620 828 619 828 621 828 620 829 618 829 619 829 620 830 621 830 622 830 623 831 620 831 622 831 624 832 622 832 625 832 624 833 625 833 626 833 624 834 623 834 622 834 627 835 624 835 626 835 577 836 626 836 575 836 577 783 627 783 626 783 628 837 629 837 630 837 628 838 631 838 629 838 632 839 630 839 633 839 600 840 601 840 634 840 632 841 628 841 630 841 635 842 633 842 636 842 635 843 632 843 633 843 637 844 600 844 634 844 638 845 636 845 639 845 638 846 635 846 636 846 640 847 634 847 641 847 640 848 637 848 634 848 642 849 639 849 643 849 642 850 638 850 639 850 644 851 641 851 645 851 644 852 645 852 646 852 644 853 640 853 641 853 647 854 642 854 643 854 648 855 644 855 646 855 649 856 643 856 650 856 649 857 650 857 651 857 649 858 647 858 643 858 652 859 646 859 653 859 652 860 653 860 654 860 652 861 648 861 646 861 655 862 649 862 651 862 656 863 652 863 654 863 657 864 654 864 658 864 657 865 656 865 654 865 659 866 658 866 660 866 659 867 660 867 661 867 659 816 657 816 658 816 662 868 659 868 661 868 663 869 661 869 664 869 663 870 662 870 661 870 665 871 663 871 664 871 665 872 664 872 666 872 667 873 665 873 666 873 667 874 666 874 668 874 669 875 668 875 670 875 669 876 667 876 668 876 671 877 669 877 670 877 671 878 670 878 672 878 671 879 672 879 673 879 674 880 673 880 675 880 674 881 671 881 673 881 676 882 675 882 677 882 676 883 674 883 675 883 678 884 676 884 677 884 679 885 677 885 680 885 679 886 680 886 681 886 679 887 678 887 677 887 631 888 681 888 629 888 631 889 679 889 681 889 682 890 683 890 684 890 682 891 685 891 683 891 686 892 684 892 687 892 686 893 682 893 684 893 688 894 651 894 689 894 688 895 655 895 651 895 690 896 687 896 691 896 690 897 686 897 687 897 692 898 689 898 693 898 692 899 693 899 694 899 692 900 688 900 689 900 695 901 691 901 696 901 695 902 690 902 691 902 697 903 692 903 694 903 698 904 696 904 699 904 698 905 695 905 696 905 700 906 694 906 701 906 700 907 697 907 694 907 702 908 699 908 703 908 702 909 698 909 699 909 704 910 701 910 705 910 704 911 700 911 701 911 706 912 703 912 707 912 706 913 702 913 703 913 708 914 707 914 709 914 708 915 706 915 707 915 710 916 705 916 711 916 710 917 711 917 712 917 710 918 704 918 705 918 713 919 710 919 712 919 714 920 712 920 715 920 714 921 713 921 712 921 716 922 715 922 717 922 716 923 714 923 715 923 718 924 717 924 719 924 718 925 719 925 720 925 718 926 716 926 717 926 721 927 718 927 720 927 722 928 721 928 720 928 722 929 720 929 723 929 724 930 723 930 725 930 724 931 722 931 723 931 724 932 725 932 726 932 727 933 724 933 726 933 728 934 726 934 729 934 728 935 727 935 726 935 730 936 729 936 731 936 730 937 728 937 729 937 732 938 731 938 733 938 732 939 733 939 734 939 732 940 730 940 731 940 735 941 732 941 734 941 685 942 734 942 683 942 685 943 735 943 734 943 736 944 737 944 738 944 736 945 739 945 737 945 740 946 738 946 741 946 740 947 736 947 738 947 742 948 741 948 743 948 742 949 740 949 741 949 744 950 709 950 745 950 744 951 708 951 709 951 746 952 745 952 747 952 746 953 744 953 745 953 748 954 747 954 749 954 748 955 746 955 747 955 750 956 749 956 751 956 750 957 748 957 749 957 752 958 750 958 751 958 753 959 751 959 754 959 753 960 752 960 751 960 755 961 754 961 756 961 755 962 753 962 754 962 757 963 756 963 758 963 757 964 755 964 756 964 759 965 758 965 760 965 759 966 757 966 758 966 761 967 759 967 760 967 762 968 760 968 763 968 762 969 761 969 760 969 764 970 763 970 765 970 764 971 762 971 763 971 766 972 765 972 767 972 766 973 764 973 765 973 768 974 766 974 767 974 768 975 767 975 769 975 770 976 768 976 769 976 771 977 770 977 769 977 771 978 769 978 772 978 773 979 771 979 772 979 773 980 772 980 774 980 775 981 773 981 774 981 775 982 774 982 776 982 777 983 775 983 776 983 778 984 776 984 779 984 778 985 777 985 776 985 739 986 779 986 737 986 739 987 778 987 779 987 780 988 781 988 782 988 783 989 784 989 785 989 786 990 782 990 787 990 786 991 780 991 782 991 788 992 785 992 789 992 788 993 783 993 785 993 790 994 787 994 791 994 790 995 791 995 792 995 790 996 786 996 787 996 793 997 788 997 789 997 794 998 790 998 792 998 795 999 789 999 796 999 795 1000 793 1000 789 1000 797 1001 792 1001 798 1001 797 1002 794 1002 792 1002 799 1003 796 1003 800 1003 799 1004 800 1004 801 1004 802 1005 798 1005 803 1005 799 1006 795 1006 796 1006 802 1007 803 1007 804 1007 802 1008 797 1008 798 1008 805 1009 801 1009 806 1009 805 1010 799 1010 801 1010 807 1011 802 1011 804 1011 808 1012 804 1012 809 1012 808 1013 807 1013 804 1013 810 1014 805 1014 806 1014 811 1015 808 1015 809 1015 811 1016 809 1016 812 1016 813 1017 806 1017 814 1017 813 1018 814 1018 815 1018 813 1019 810 1019 806 1019 816 1020 813 1020 815 1020 817 1021 815 1021 818 1021 817 1022 816 1022 815 1022 819 1023 817 1023 818 1023 819 1024 818 1024 820 1024 821 1025 819 1025 820 1025 821 1026 820 1026 822 1026 821 1027 822 1027 823 1027 824 1028 821 1028 823 1028 824 1029 823 1029 825 1029 826 1030 824 1030 825 1030 827 1031 825 1031 828 1031 827 1032 828 1032 829 1032 827 1033 826 1033 825 1033 830 1034 829 1034 831 1034 830 1035 827 1035 829 1035 832 1036 830 1036 831 1036 833 1037 831 1037 834 1037 833 1038 834 1038 835 1038 833 1039 832 1039 831 1039 781 988 835 988 782 988 781 1040 833 1040 835 1040 836 1041 837 1041 838 1041 836 1042 838 1042 839 1042 836 1043 840 1043 837 1043 811 1044 812 1044 841 1044 842 1045 836 1045 839 1045 843 1046 839 1046 844 1046 845 1047 811 1047 841 1047 843 1048 842 1048 839 1048 846 1049 841 1049 847 1049 848 1050 844 1050 849 1050 846 1051 847 1051 850 1051 848 1052 849 1052 851 1052 846 1053 845 1053 841 1053 848 1054 843 1054 844 1054 852 1055 846 1055 850 1055 853 1056 848 1056 851 1056 854 1057 851 1057 855 1057 856 1058 850 1058 857 1058 856 1059 857 1059 858 1059 854 1060 853 1060 851 1060 856 1061 852 1061 850 1061 859 1062 855 1062 860 1062 859 1063 860 1063 861 1063 862 1064 858 1064 863 1064 862 1065 856 1065 858 1065 859 1066 854 1066 855 1066 864 1067 859 1067 861 1067 865 1068 863 1068 866 1068 867 1069 861 1069 868 1069 865 1070 862 1070 863 1070 867 1071 864 1071 861 1071 869 1072 866 1072 870 1072 869 1073 865 1073 866 1073 871 1074 869 1074 870 1074 872 1075 870 1075 873 1075 872 1076 873 1076 874 1076 872 1077 871 1077 870 1077 875 1078 872 1078 874 1078 875 1079 874 1079 876 1079 877 1080 875 1080 876 1080 878 1081 877 1081 876 1081 878 1082 876 1082 879 1082 878 1083 879 1083 880 1083 881 1084 880 1084 882 1084 881 1085 878 1085 880 1085 883 1086 882 1086 884 1086 883 1087 881 1087 882 1087 885 1088 884 1088 886 1088 885 1089 883 1089 884 1089 887 1090 885 1090 886 1090 888 1091 886 1091 889 1091 888 1092 889 1092 837 1092 888 1093 887 1093 886 1093 840 1094 888 1094 837 1094 890 1095 891 1095 892 1095 890 1096 893 1096 891 1096 894 1097 890 1097 892 1097 867 993 868 993 895 993 896 1098 892 1098 897 1098 896 1099 897 1099 898 1099 896 1100 894 1100 892 1100 899 992 895 992 900 992 899 1101 867 1101 895 1101 901 1102 896 1102 898 1102 902 1103 899 1103 900 1103 903 1104 898 1104 904 1104 903 1105 904 1105 905 1105 903 1106 901 1106 898 1106 906 1107 900 1107 907 1107 906 1108 902 1108 900 1108 908 1109 903 1109 905 1109 909 1110 907 1110 910 1110 909 1111 906 1111 907 1111 911 1057 905 1057 912 1057 911 1112 912 1112 913 1112 911 1113 908 1113 905 1113 914 1114 910 1114 915 1114 914 1114 909 1114 910 1114 916 1115 911 1115 913 1115 917 1116 913 1116 918 1116 919 1070 915 1070 920 1070 917 1117 918 1117 921 1117 917 1012 916 1012 913 1012 919 1118 914 1118 915 1118 922 1119 917 1119 921 1119 923 1073 920 1073 924 1073 923 1068 919 1068 920 1068 925 1120 924 1120 926 1120 925 1121 926 1121 927 1121 925 1122 923 1122 924 1122 928 1021 925 1021 927 1021 929 1123 928 1123 927 1123 929 1124 927 1124 930 1124 931 1125 929 1125 930 1125 931 1126 930 1126 932 1126 933 1127 931 1127 932 1127 933 1128 932 1128 934 1128 933 1129 934 1129 935 1129 936 1130 933 1130 935 1130 937 1131 935 1131 938 1131 937 1132 936 1132 935 1132 939 1133 937 1133 938 1133 939 1134 938 1134 940 1134 941 1034 940 1034 942 1034 941 1135 942 1135 943 1135 941 1136 939 1136 940 1136 893 1137 943 1137 891 1137 893 1138 941 1138 943 1138 944 1139 945 1139 946 1139 947 1140 946 1140 948 1140 947 1141 944 1141 946 1141 949 1142 948 1142 950 1142 949 1143 947 1143 948 1143 951 1144 921 1144 952 1144 951 1145 922 1145 921 1145 953 1146 950 1146 954 1146 953 1046 949 1046 950 1046 955 1147 952 1147 956 1147 955 1148 951 1148 952 1148 957 1106 954 1106 958 1106 957 1149 958 1149 959 1149 957 995 953 995 954 995 960 1150 956 1150 961 1150 960 1151 955 1151 956 1151 962 1105 957 1105 959 1105 963 1152 961 1152 964 1152 963 1153 960 1153 961 1153 965 1154 959 1154 966 1154 965 1155 966 1155 967 1155 965 1156 962 1156 959 1156 968 1157 964 1157 969 1157 968 1158 963 1158 964 1158 970 1159 965 1159 967 1159 971 1160 967 1160 972 1160 973 1161 969 1161 974 1161 971 1162 972 1162 975 1162 971 1163 970 1163 967 1163 973 1161 968 1161 969 1161 976 1164 971 1164 975 1164 977 1165 974 1165 978 1165 977 1166 973 1166 974 1166 979 1167 978 1167 980 1167 979 1167 977 1167 978 1167 981 1168 980 1168 982 1168 981 1169 979 1169 980 1169 983 1170 981 1170 982 1170 983 1078 982 1078 984 1078 983 1171 984 1171 985 1171 986 1172 983 1172 985 1172 987 1173 986 1173 985 1173 987 1174 985 1174 988 1174 987 1175 988 1175 989 1175 990 1176 987 1176 989 1176 991 1177 989 1177 992 1177 991 1178 992 1178 993 1178 991 1179 990 1179 989 1179 994 1180 993 1180 995 1180 994 1181 991 1181 993 1181 996 1093 995 1093 997 1093 996 1182 994 1182 995 1182 945 1183 997 1183 946 1183 945 1184 996 1184 997 1184 998 1185 999 1185 1000 1185 998 1041 1001 1041 999 1041 1002 1186 1000 1186 1003 1186 1002 1187 998 1187 1000 1187 1004 1188 975 1188 1005 1188 1004 1189 976 1189 975 1189 1006 1146 1003 1146 1007 1146 1006 1190 1002 1190 1003 1190 1008 1191 1005 1191 1009 1191 1008 1051 1009 1051 1010 1051 1008 1192 1004 1192 1005 1192 1011 1193 1007 1193 1012 1193 1011 1194 1012 1194 1013 1194 1011 1195 1006 1195 1007 1195 1014 1196 1010 1196 1015 1196 1014 1197 1008 1197 1010 1197 1016 1105 1011 1105 1013 1105 1017 1198 1014 1198 1015 1198 1018 1199 1013 1199 1019 1199 1018 1200 1016 1200 1013 1200 1020 1201 1015 1201 1021 1201 1020 1202 1017 1202 1015 1202 1022 1203 1019 1203 1023 1203 1022 1204 1018 1204 1019 1204 1024 1118 1021 1118 1025 1118 1026 1205 1023 1205 1027 1205 1024 1206 1020 1206 1021 1206 1026 1207 1022 1207 1023 1207 1028 1208 1027 1208 1029 1208 1028 1209 1026 1209 1027 1209 1030 1210 1025 1210 1031 1210 1030 1120 1031 1120 1032 1120 1030 1211 1024 1211 1025 1211 1033 1212 1030 1212 1032 1212 1034 1168 1032 1168 1035 1168 1034 1168 1033 1168 1032 1168 1036 1076 1034 1076 1035 1076 1036 1213 1035 1213 1037 1213 1036 1214 1037 1214 1038 1214 1039 1215 1036 1215 1038 1215 1039 1216 1038 1216 1040 1216 1041 1217 1039 1217 1040 1217 1042 1030 1041 1030 1040 1030 1042 1218 1040 1218 1043 1218 1042 1219 1043 1219 1044 1219 1045 1220 1042 1220 1044 1220 1046 1221 1044 1221 1047 1221 1046 1222 1045 1222 1044 1222 1048 1223 1047 1223 1049 1223 1048 1224 1049 1224 1050 1224 1048 1225 1046 1225 1047 1225 1051 1226 1048 1226 1050 1226 1001 1092 1051 1092 1050 1092 1001 1227 1050 1227 999 1227 1052 1183 1053 1183 1054 1183 1055 1228 1056 1228 1057 1228 1055 1229 1052 1229 1056 1229 1058 1230 1055 1230 1057 1230 1059 1231 1029 1231 1060 1231 1059 1232 1028 1232 1029 1232 1061 1233 1057 1233 1062 1233 1061 1234 1062 1234 1063 1234 1061 1146 1058 1146 1057 1146 1064 1235 1060 1235 1065 1235 1064 1236 1059 1236 1060 1236 1066 1106 1061 1106 1063 1106 1067 1237 1065 1237 1068 1237 1067 1238 1064 1238 1065 1238 1069 1239 1063 1239 1070 1239 1069 1240 1066 1240 1063 1240 1071 1058 1068 1058 1072 1058 1073 1241 1070 1241 1074 1241 1071 1152 1067 1152 1068 1152 1073 1242 1074 1242 1075 1242 1073 1243 1069 1243 1070 1243 1076 1244 1072 1244 1077 1244 1076 1245 1077 1245 1078 1245 1076 1157 1071 1157 1072 1157 1079 1246 1073 1246 1075 1246 1080 1247 1075 1247 1081 1247 1080 1207 1079 1207 1075 1207 1082 1248 1076 1248 1078 1248 1083 1249 1081 1249 1084 1249 1083 1250 1080 1250 1081 1250 1085 1251 1078 1251 1086 1251 1085 1252 1082 1252 1078 1252 1087 1253 1086 1253 1088 1253 1087 1254 1085 1254 1086 1254 1089 1255 1088 1255 1090 1255 1089 1256 1090 1256 1091 1256 1089 1257 1087 1257 1088 1257 1092 1076 1089 1076 1091 1076 1092 1258 1091 1258 1093 1258 1094 1259 1092 1259 1093 1259 1095 1260 1094 1260 1093 1260 1095 1261 1093 1261 1096 1261 1095 1262 1096 1262 1097 1262 1098 1263 1095 1263 1097 1263 1099 1264 1098 1264 1097 1264 1099 1265 1097 1265 1100 1265 1099 1266 1100 1266 1101 1266 1102 1267 1101 1267 1103 1267 1102 1268 1099 1268 1101 1268 1104 1269 1103 1269 1054 1269 1104 1270 1102 1270 1103 1270 1053 1271 1104 1271 1054 1271 1052 1272 1054 1272 1105 1272 1052 1273 1105 1273 1056 1273 1106 1274 1107 1274 1108 1274 1106 1275 1109 1275 1107 1275 1110 1229 1106 1229 1108 1229 1111 1276 1108 1276 1112 1276 1111 1277 1112 1277 1113 1277 1111 1228 1110 1228 1108 1228 1114 1231 1084 1231 1115 1231 1114 1278 1083 1278 1084 1278 1116 1279 1111 1279 1113 1279 1117 1147 1115 1147 1118 1147 1117 1280 1114 1280 1115 1280 1119 1281 1113 1281 1120 1281 1119 1282 1116 1282 1113 1282 1121 1283 1118 1283 1122 1283 1121 1238 1117 1238 1118 1238 1123 1284 1120 1284 1124 1284 1123 1057 1124 1057 1125 1057 1123 1285 1119 1285 1120 1285 1126 1058 1122 1058 1127 1058 1126 1152 1121 1152 1122 1152 1128 1286 1123 1286 1125 1286 1129 1287 1127 1287 1130 1287 1129 1118 1130 1118 1131 1118 1129 1288 1126 1288 1127 1288 1132 1289 1125 1289 1133 1289 1132 1290 1128 1290 1125 1290 1134 1291 1133 1291 1135 1291 1134 1292 1135 1292 1136 1292 1137 1014 1129 1014 1131 1014 1134 1293 1132 1293 1133 1293 1138 1294 1134 1294 1136 1294 1139 1295 1131 1295 1140 1295 1139 1166 1137 1166 1131 1166 1141 1296 1140 1296 1142 1296 1141 1254 1139 1254 1140 1254 1143 1297 1142 1297 1144 1297 1143 1257 1141 1257 1142 1257 1145 1298 1143 1298 1144 1298 1145 1299 1144 1299 1146 1299 1147 1300 1145 1300 1146 1300 1147 1301 1146 1301 1148 1301 1149 1302 1147 1302 1148 1302 1149 1303 1148 1303 1150 1303 1151 1304 1149 1304 1150 1304 1151 1305 1150 1305 1152 1305 1151 1306 1152 1306 1153 1306 1154 1307 1153 1307 1155 1307 1154 1308 1151 1308 1153 1308 1156 1268 1154 1268 1155 1268 1156 1309 1155 1309 1157 1309 1158 1270 1156 1270 1157 1270 1109 1310 1157 1310 1159 1310 1109 1311 1159 1311 1107 1311 1109 1312 1158 1312 1157 1312 1160 1313 1161 1313 1162 1313 1160 1314 1163 1314 1161 1314 1138 1315 1136 1315 1164 1315 1165 1316 1160 1316 1162 1316 1166 1317 1164 1317 1167 1317 1166 1318 1138 1318 1164 1318 1168 1319 1162 1319 1169 1319 1168 1320 1169 1320 1170 1320 1168 1321 1165 1321 1162 1321 1171 1322 1167 1322 1172 1322 1171 1323 1166 1323 1167 1323 1173 1324 1168 1324 1170 1324 1174 1325 1171 1325 1172 1325 1175 1326 1170 1326 1176 1326 1175 1327 1176 1327 1177 1327 1175 1328 1173 1328 1170 1328 1178 1329 1172 1329 1179 1329 1178 1330 1174 1330 1172 1330 1180 1243 1175 1243 1177 1243 1181 1114 1179 1114 1182 1114 1183 1331 1177 1331 1184 1331 1183 1332 1184 1332 1185 1332 1181 1333 1178 1333 1179 1333 1183 1334 1180 1334 1177 1334 1186 1293 1183 1293 1185 1293 1187 1335 1182 1335 1188 1335 1189 1336 1185 1336 1190 1336 1187 1337 1181 1337 1182 1337 1189 1117 1186 1117 1185 1117 1191 1338 1188 1338 1192 1338 1191 1339 1192 1339 1193 1339 1191 1340 1187 1340 1188 1340 1194 1341 1193 1341 1195 1341 1194 1296 1191 1296 1193 1296 1196 1342 1194 1342 1195 1342 1197 1076 1196 1076 1195 1076 1197 1343 1195 1343 1198 1343 1199 1344 1197 1344 1198 1344 1199 1345 1198 1345 1200 1345 1199 1346 1200 1346 1201 1346 1202 1347 1199 1347 1201 1347 1203 1348 1202 1348 1201 1348 1203 1349 1201 1349 1204 1349 1205 1350 1204 1350 1206 1350 1205 1351 1206 1351 1207 1351 1205 1352 1203 1352 1204 1352 1208 1353 1207 1353 1209 1353 1208 1354 1205 1354 1207 1354 1210 1270 1208 1270 1209 1270 1211 1355 1209 1355 1212 1355 1211 1038 1212 1038 1213 1038 1211 1356 1210 1356 1209 1356 1163 1357 1213 1357 1161 1357 1163 1275 1211 1275 1213 1275 1214 1358 1215 1358 1216 1358 1217 1359 1218 1359 1219 1359 1217 1360 1214 1360 1218 1360 1220 1361 1219 1361 1221 1361 1220 1230 1217 1230 1219 1230 1222 1362 1190 1362 1223 1362 1222 993 1189 993 1190 993 1224 1363 1221 1363 1225 1363 1224 1364 1220 1364 1221 1364 1226 1365 1223 1365 1227 1365 1226 1053 1222 1053 1223 1053 1228 1195 1225 1195 1229 1195 1228 1366 1224 1366 1225 1366 1230 1000 1227 1000 1231 1000 1230 1367 1226 1367 1227 1367 1232 1368 1229 1368 1233 1368 1232 1105 1228 1105 1229 1105 1234 1058 1231 1058 1235 1058 1234 1114 1235 1114 1236 1114 1234 1369 1230 1369 1231 1369 1237 1370 1233 1370 1238 1370 1237 1371 1232 1371 1233 1371 1239 1372 1234 1372 1236 1372 1240 1373 1238 1373 1241 1373 1240 1374 1237 1374 1238 1374 1242 1375 1236 1375 1243 1375 1244 1376 1241 1376 1245 1376 1242 1064 1239 1064 1236 1064 1244 1012 1240 1012 1241 1012 1246 1209 1244 1209 1245 1209 1246 1377 1245 1377 1247 1377 1248 1378 1243 1378 1249 1378 1248 1251 1242 1251 1243 1251 1250 1379 1249 1379 1251 1379 1250 1380 1251 1380 1252 1380 1250 1381 1248 1381 1249 1381 1253 1382 1250 1382 1252 1382 1254 1076 1253 1076 1252 1076 1254 1298 1252 1298 1255 1298 1254 1383 1255 1383 1256 1383 1257 1384 1254 1384 1256 1384 1258 1385 1257 1385 1256 1385 1258 1386 1256 1386 1259 1386 1258 1387 1259 1387 1260 1387 1261 1388 1260 1388 1262 1388 1261 1389 1258 1389 1260 1389 1263 1390 1261 1390 1262 1390 1264 1391 1263 1391 1262 1391 1264 1392 1262 1392 1265 1392 1264 1034 1265 1034 1266 1034 1267 1353 1264 1353 1266 1353 1215 1226 1266 1226 1216 1226 1215 1393 1267 1393 1266 1393 1214 1394 1216 1394 1218 1394 1268 1395 1269 1395 1270 1395 1268 1396 1271 1396 1269 1396 1272 1397 1270 1397 1273 1397 1272 1398 1268 1398 1270 1398 1274 1399 1273 1399 1275 1399 1274 1400 1272 1400 1273 1400 1276 1401 1247 1401 1277 1401 1276 1402 1246 1402 1247 1402 1278 1403 1277 1403 1279 1403 1278 1404 1276 1404 1277 1404 1280 1405 1279 1405 1281 1405 1280 1406 1278 1406 1279 1406 1282 1407 1281 1407 1283 1407 1282 1408 1283 1408 1284 1408 1282 1409 1280 1409 1281 1409 1285 1410 1282 1410 1284 1410 1286 1411 1284 1411 1287 1411 1286 1412 1287 1412 1288 1412 1286 1413 1285 1413 1284 1413 1289 1414 1286 1414 1288 1414 1290 1415 1288 1415 1291 1415 1290 1415 1289 1415 1288 1415 1292 1416 1291 1416 1293 1416 1292 1417 1290 1417 1291 1417 1294 1418 1293 1418 1295 1418 1294 1419 1295 1419 1296 1419 1294 1420 1292 1420 1293 1420 1297 1421 1294 1421 1296 1421 1298 1422 1296 1422 1299 1422 1298 1423 1297 1423 1296 1423 1300 1424 1299 1424 1301 1424 1300 1425 1301 1425 1302 1425 1300 1426 1298 1426 1299 1426 1303 1427 1300 1427 1302 1427 1304 1428 1303 1428 1302 1428 1304 1429 1302 1429 1305 1429 1304 1430 1305 1430 1306 1430 1307 1431 1304 1431 1306 1431 1271 1432 1307 1432 1306 1432 1271 1433 1306 1433 1269 1433 1308 1434 1309 1434 1310 1434 1308 1435 1311 1435 1309 1435 1312 1436 1310 1436 1313 1436 1312 1437 1313 1437 1314 1437 1312 1438 1308 1438 1310 1438 1315 1439 1316 1439 1317 1439 1315 1440 1318 1440 1316 1440 1319 1441 1312 1441 1314 1441 1320 1442 1317 1442 1321 1442 1322 1443 1314 1443 1323 1443 1320 1444 1315 1444 1317 1444 1322 1445 1319 1445 1314 1445 1324 1446 1321 1446 1325 1446 1326 1447 1323 1447 1327 1447 1324 1448 1325 1448 1328 1448 1326 1449 1327 1449 1329 1449 1324 1450 1320 1450 1321 1450 1326 1451 1322 1451 1323 1451 1330 1452 1324 1452 1328 1452 1331 1453 1329 1453 1332 1453 1331 1454 1326 1454 1329 1454 1333 1455 1328 1455 1334 1455 1333 1456 1330 1456 1328 1456 1335 1457 1331 1457 1332 1457 1336 1458 1332 1458 1337 1458 1336 1459 1335 1459 1332 1459 1338 1460 1334 1460 1339 1460 1338 1461 1333 1461 1334 1461 1340 1462 1339 1462 1341 1462 1340 1463 1341 1463 1342 1463 1340 1464 1338 1464 1339 1464 1343 1465 1340 1465 1342 1465 1344 1466 1342 1466 1345 1466 1344 1467 1345 1467 1346 1467 1344 1468 1343 1468 1342 1468 1347 1469 1344 1469 1346 1469 1348 1470 1346 1470 1349 1470 1348 1471 1347 1471 1346 1471 1350 1472 1348 1472 1349 1472 1350 1473 1349 1473 1351 1473 1350 1474 1351 1474 1352 1474 1353 1475 1350 1475 1352 1475 1354 1476 1352 1476 1355 1476 1354 1477 1353 1477 1352 1477 1356 1478 1355 1478 1357 1478 1356 1479 1354 1479 1355 1479 1358 1480 1357 1480 1359 1480 1358 1481 1356 1481 1357 1481 1360 1482 1359 1482 1361 1482 1360 1483 1361 1483 1362 1483 1360 1484 1358 1484 1359 1484 1363 1485 1360 1485 1362 1485 1311 1486 1362 1486 1309 1486 1311 1487 1363 1487 1362 1487 1364 1488 1365 1488 1366 1488 1364 1489 1366 1489 1367 1489 1364 1490 1368 1490 1365 1490 1369 1491 1364 1491 1367 1491 1370 1492 1337 1492 1371 1492 1370 1493 1336 1493 1337 1493 1372 1494 1367 1494 1373 1494 1372 1495 1373 1495 1374 1495 1372 1496 1369 1496 1367 1496 1375 1497 1371 1497 1376 1497 1375 1498 1376 1498 1377 1498 1375 1499 1370 1499 1371 1499 1378 1500 1372 1500 1374 1500 1379 1501 1377 1501 1380 1501 1379 1502 1375 1502 1377 1502 1381 1503 1374 1503 1382 1503 1381 1504 1378 1504 1374 1504 1383 1505 1380 1505 1384 1505 1383 1506 1379 1506 1380 1506 1385 1507 1382 1507 1386 1507 1385 1508 1386 1508 1387 1508 1385 1509 1381 1509 1382 1509 1388 1510 1384 1510 1389 1510 1390 1511 1385 1511 1387 1511 1388 1512 1383 1512 1384 1512 1391 1513 1388 1513 1389 1513 1392 1514 1389 1514 1393 1514 1392 1515 1393 1515 1394 1515 1392 1516 1391 1516 1389 1516 1395 1517 1394 1517 1396 1517 1395 1518 1392 1518 1394 1518 1397 1519 1396 1519 1398 1519 1397 1520 1395 1520 1396 1520 1399 1521 1397 1521 1398 1521 1400 1522 1398 1522 1401 1522 1400 1523 1401 1523 1402 1523 1400 1524 1399 1524 1398 1524 1403 1525 1400 1525 1402 1525 1403 1526 1402 1526 1404 1526 1405 1527 1403 1527 1404 1527 1405 1528 1404 1528 1406 1528 1407 1529 1406 1529 1408 1529 1407 1530 1405 1530 1406 1530 1409 1531 1408 1531 1410 1531 1409 1532 1407 1532 1408 1532 1411 1533 1409 1533 1410 1533 1412 1534 1410 1534 1413 1534 1412 1535 1413 1535 1414 1535 1412 1536 1411 1536 1410 1536 1415 1537 1412 1537 1414 1537 1416 1538 1414 1538 1417 1538 1416 1539 1417 1539 1365 1539 1416 1540 1415 1540 1414 1540 1368 1541 1416 1541 1365 1541 1418 1542 1419 1542 1420 1542 1418 1543 1421 1543 1419 1543 1422 1544 1420 1544 1423 1544 1422 1545 1418 1545 1420 1545 1424 1546 1387 1546 1425 1546 1424 1547 1425 1547 1426 1547 1424 1548 1390 1548 1387 1548 1427 1549 1423 1549 1428 1549 1427 1550 1422 1550 1423 1550 1429 1551 1424 1551 1426 1551 1430 1552 1428 1552 1431 1552 1430 1553 1431 1553 1432 1553 1430 1554 1427 1554 1428 1554 1433 1555 1426 1555 1434 1555 1433 1556 1429 1556 1426 1556 1435 1557 1430 1557 1432 1557 1436 1558 1434 1558 1437 1558 1436 1559 1433 1559 1434 1559 1438 1560 1432 1560 1439 1560 1438 1561 1439 1561 1440 1561 1438 1562 1435 1562 1432 1562 1441 1563 1437 1563 1442 1563 1441 1564 1436 1564 1437 1564 1443 1565 1438 1565 1440 1565 1444 1566 1440 1566 1445 1566 1446 1567 1442 1567 1447 1567 1444 1568 1443 1568 1440 1568 1446 1569 1441 1569 1442 1569 1448 1570 1447 1570 1449 1570 1448 1571 1446 1571 1447 1571 1450 1572 1449 1572 1451 1572 1450 1573 1451 1573 1452 1573 1450 1574 1448 1574 1449 1574 1453 1575 1450 1575 1452 1575 1454 1576 1452 1576 1455 1576 1454 1577 1453 1577 1452 1577 1456 1578 1454 1578 1455 1578 1456 1579 1455 1579 1457 1579 1458 1580 1456 1580 1457 1580 1458 1581 1457 1581 1459 1581 1458 1582 1459 1582 1460 1582 1461 1583 1458 1583 1460 1583 1462 1584 1460 1584 1463 1584 1462 1585 1461 1585 1460 1585 1462 1586 1463 1586 1464 1586 1465 1587 1462 1587 1464 1587 1466 1588 1464 1588 1467 1588 1466 1589 1465 1589 1464 1589 1468 1590 1467 1590 1469 1590 1468 1591 1466 1591 1467 1591 1470 1592 1469 1592 1471 1592 1470 1593 1468 1593 1469 1593 1421 1594 1471 1594 1419 1594 1421 1595 1470 1595 1471 1595 1472 1596 1473 1596 1474 1596 1472 1597 1475 1597 1473 1597 1476 1598 1474 1598 1477 1598 1476 1599 1477 1599 1478 1599 1476 1600 1472 1600 1474 1600 1479 1601 1445 1601 1480 1601 1481 1602 1476 1602 1478 1602 1479 1603 1444 1603 1445 1603 1482 1604 1478 1604 1483 1604 1484 1605 1480 1605 1485 1605 1482 1606 1481 1606 1478 1606 1484 1607 1479 1607 1480 1607 1486 1608 1483 1608 1487 1608 1486 1609 1482 1609 1483 1609 1488 1610 1485 1610 1489 1610 1488 1611 1489 1611 1490 1611 1488 1612 1484 1612 1485 1612 1491 1613 1490 1613 1492 1613 1493 1614 1487 1614 1494 1614 1491 1615 1488 1615 1490 1615 1493 1616 1494 1616 1495 1616 1493 1617 1486 1617 1487 1617 1496 1618 1495 1618 1497 1618 1498 1619 1491 1619 1492 1619 1496 1620 1493 1620 1495 1620 1499 1621 1496 1621 1497 1621 1500 1622 1492 1622 1501 1622 1500 1623 1498 1623 1492 1623 1502 1624 1501 1624 1503 1624 1502 1625 1503 1625 1504 1625 1502 1626 1500 1626 1501 1626 1505 1627 1504 1627 1506 1627 1505 1628 1502 1628 1504 1628 1507 1629 1505 1629 1506 1629 1508 1630 1506 1630 1509 1630 1508 1631 1507 1631 1506 1631 1510 1632 1508 1632 1509 1632 1510 1633 1509 1633 1511 1633 1510 1634 1511 1634 1512 1634 1513 1635 1510 1635 1512 1635 1514 1636 1513 1636 1512 1636 1514 1637 1512 1637 1515 1637 1514 1638 1515 1638 1516 1638 1517 1639 1514 1639 1516 1639 1518 1640 1516 1640 1519 1640 1518 1641 1519 1641 1520 1641 1518 1642 1517 1642 1516 1642 1521 1643 1518 1643 1520 1643 1522 1644 1520 1644 1523 1644 1522 1645 1523 1645 1524 1645 1522 1646 1521 1646 1520 1646 1525 1647 1522 1647 1524 1647 1475 1648 1524 1648 1473 1648 1475 1649 1525 1649 1524 1649 1526 1650 1527 1650 1528 1650 1526 1651 1528 1651 1529 1651 1526 1652 1530 1652 1527 1652 1531 1653 1526 1653 1529 1653 1532 1654 1497 1654 1533 1654 1534 1655 1529 1655 1535 1655 1532 1656 1499 1656 1497 1656 1534 1657 1531 1657 1529 1657 1536 1658 1535 1658 1537 1658 1538 1659 1533 1659 1539 1659 1536 1660 1537 1660 1540 1660 1536 1606 1534 1606 1535 1606 1538 1661 1532 1661 1533 1661 1541 1662 1536 1662 1540 1662 1542 1663 1539 1663 1543 1663 1542 1664 1538 1664 1539 1664 1544 1665 1543 1665 1545 1665 1546 1666 1540 1666 1547 1666 1544 1667 1545 1667 1548 1667 1546 1668 1547 1668 1549 1668 1544 1669 1542 1669 1543 1669 1546 1670 1541 1670 1540 1670 1550 1671 1546 1671 1549 1671 1551 1672 1544 1672 1548 1672 1552 1673 1549 1673 1553 1673 1552 1674 1550 1674 1549 1674 1554 1675 1548 1675 1555 1675 1554 1676 1555 1676 1556 1676 1554 1677 1551 1677 1548 1677 1557 1678 1556 1678 1558 1678 1557 1679 1554 1679 1556 1679 1559 1680 1558 1680 1560 1680 1559 1681 1557 1681 1558 1681 1561 1682 1559 1682 1560 1682 1562 1683 1560 1683 1563 1683 1562 1684 1563 1684 1564 1684 1562 1685 1561 1685 1560 1685 1565 1686 1562 1686 1564 1686 1566 1687 1565 1687 1564 1687 1566 1688 1564 1688 1567 1688 1566 1689 1567 1689 1568 1689 1569 1690 1566 1690 1568 1690 1570 1691 1568 1691 1571 1691 1570 1692 1569 1692 1568 1692 1572 1693 1571 1693 1573 1693 1572 1694 1570 1694 1571 1694 1574 1695 1573 1695 1575 1695 1574 1696 1572 1696 1573 1696 1576 1697 1575 1697 1577 1697 1576 1698 1577 1698 1578 1698 1576 1699 1574 1699 1575 1699 1579 1647 1576 1647 1578 1647 1530 1700 1578 1700 1527 1700 1530 1649 1579 1649 1578 1649 1580 1701 1581 1701 1582 1701 1580 1702 1583 1702 1581 1702 1584 1703 1582 1703 1585 1703 1584 1704 1580 1704 1582 1704 1586 1654 1553 1654 1587 1654 1586 1656 1552 1656 1553 1656 1588 1705 1585 1705 1589 1705 1588 1706 1584 1706 1585 1706 1590 1707 1587 1707 1591 1707 1592 1708 1589 1708 1593 1708 1590 1709 1586 1709 1587 1709 1592 1710 1593 1710 1594 1710 1592 1711 1588 1711 1589 1711 1595 1712 1591 1712 1596 1712 1597 1713 1592 1713 1594 1713 1595 1714 1590 1714 1591 1714 1598 1715 1596 1715 1599 1715 1598 1716 1595 1716 1596 1716 1600 1717 1594 1717 1601 1717 1600 1718 1601 1718 1602 1718 1600 1719 1597 1719 1594 1719 1603 1720 1602 1720 1604 1720 1605 1721 1599 1721 1606 1721 1605 1722 1606 1722 1607 1722 1605 1723 1598 1723 1599 1723 1603 1724 1600 1724 1602 1724 1608 1725 1603 1725 1604 1725 1609 1726 1605 1726 1607 1726 1610 1727 1607 1727 1611 1727 1610 1728 1611 1728 1612 1728 1610 1729 1609 1729 1607 1729 1613 1730 1610 1730 1612 1730 1614 1731 1612 1731 1615 1731 1614 1732 1615 1732 1616 1732 1614 1733 1613 1733 1612 1733 1617 1734 1614 1734 1616 1734 1618 1735 1616 1735 1619 1735 1618 1736 1619 1736 1620 1736 1618 1737 1617 1737 1616 1737 1621 1738 1618 1738 1620 1738 1621 1739 1620 1739 1622 1739 1623 1740 1621 1740 1622 1740 1624 1741 1622 1741 1625 1741 1624 1742 1623 1742 1622 1742 1626 1743 1625 1743 1627 1743 1626 1744 1624 1744 1625 1744 1628 1745 1627 1745 1629 1745 1628 1746 1626 1746 1627 1746 1630 1747 1629 1747 1631 1747 1630 1748 1631 1748 1632 1748 1630 1749 1628 1749 1629 1749 1633 1750 1630 1750 1632 1750 1583 1751 1632 1751 1581 1751 1583 1752 1633 1752 1632 1752 1634 1753 1635 1753 1636 1753 1634 1702 1637 1702 1638 1702 1639 1754 1636 1754 1640 1754 1608 1755 1604 1755 1641 1755 1639 1756 1634 1756 1636 1756 1642 1757 1640 1757 1643 1757 1642 1758 1639 1758 1640 1758 1644 1759 1641 1759 1645 1759 1644 1760 1608 1760 1641 1760 1646 1761 1643 1761 1647 1761 1646 1762 1642 1762 1643 1762 1648 1763 1644 1763 1645 1763 1649 1764 1646 1764 1647 1764 1650 1765 1645 1765 1651 1765 1650 1766 1648 1766 1645 1766 1652 1767 1647 1767 1653 1767 1652 1768 1653 1768 1654 1768 1655 1769 1651 1769 1656 1769 1655 1770 1656 1770 1657 1770 1652 1771 1649 1771 1647 1771 1655 1772 1650 1772 1651 1772 1658 1773 1652 1773 1654 1773 1659 1774 1654 1774 1660 1774 1661 1775 1655 1775 1657 1775 1659 1776 1658 1776 1654 1776 1662 1777 1657 1777 1663 1777 1662 1778 1661 1778 1657 1778 1664 1779 1663 1779 1665 1779 1664 1780 1662 1780 1663 1780 1666 1781 1665 1781 1667 1781 1666 1782 1667 1782 1668 1782 1666 1783 1664 1783 1665 1783 1669 1784 1666 1784 1668 1784 1670 1785 1668 1785 1671 1785 1670 1786 1669 1786 1668 1786 1672 1787 1670 1787 1671 1787 1672 1788 1671 1788 1673 1788 1674 1789 1672 1789 1673 1789 1674 1790 1673 1790 1675 1790 1674 1791 1675 1791 1676 1791 1677 1792 1674 1792 1676 1792 1678 1793 1676 1793 1679 1793 1678 1794 1677 1794 1676 1794 1680 1795 1679 1795 1681 1795 1680 1796 1678 1796 1679 1796 1680 1797 1681 1797 1682 1797 1683 1798 1682 1798 1684 1798 1683 1799 1680 1799 1682 1799 1685 1800 1684 1800 1686 1800 1685 1801 1683 1801 1684 1801 1687 1802 1686 1802 1638 1802 1687 1803 1685 1803 1686 1803 1637 1804 1687 1804 1638 1804 1634 1805 1638 1805 1635 1805 1688 1806 1689 1806 1690 1806 1688 1807 1691 1807 1689 1807 1692 1808 1690 1808 1693 1808 1659 1755 1660 1755 1694 1755 1692 1809 1688 1809 1690 1809 1695 1810 1693 1810 1696 1810 1695 1811 1692 1811 1693 1811 1697 1812 1659 1812 1694 1812 1698 1813 1696 1813 1699 1813 1698 1814 1695 1814 1696 1814 1700 1815 1694 1815 1701 1815 1700 1816 1697 1816 1694 1816 1702 1817 1699 1817 1703 1817 1702 1818 1698 1818 1699 1818 1704 1819 1701 1819 1705 1819 1704 1820 1705 1820 1706 1820 1704 1821 1700 1821 1701 1821 1707 1822 1702 1822 1703 1822 1708 1823 1704 1823 1706 1823 1709 1824 1703 1824 1710 1824 1709 1825 1710 1825 1711 1825 1709 1826 1707 1826 1703 1826 1712 1827 1706 1827 1713 1827 1712 1828 1713 1828 1714 1828 1712 1829 1708 1829 1706 1829 1715 1830 1709 1830 1711 1830 1716 1831 1712 1831 1714 1831 1717 1832 1714 1832 1718 1832 1717 1833 1716 1833 1714 1833 1719 1781 1718 1781 1720 1781 1719 1834 1720 1834 1721 1834 1719 1835 1717 1835 1718 1835 1722 1836 1719 1836 1721 1836 1723 1837 1721 1837 1724 1837 1723 1838 1722 1838 1721 1838 1725 1839 1723 1839 1724 1839 1725 1840 1724 1840 1726 1840 1727 1841 1725 1841 1726 1841 1727 1842 1726 1842 1728 1842 1729 1843 1728 1843 1730 1843 1729 1844 1727 1844 1728 1844 1731 1845 1729 1845 1730 1845 1731 1846 1730 1846 1732 1846 1731 1847 1732 1847 1733 1847 1734 1848 1733 1848 1735 1848 1734 1849 1731 1849 1733 1849 1736 1850 1735 1850 1737 1850 1736 1851 1734 1851 1735 1851 1738 1852 1736 1852 1737 1852 1739 1853 1737 1853 1740 1853 1739 1854 1740 1854 1741 1854 1739 1855 1738 1855 1737 1855 1691 1856 1741 1856 1689 1856 1691 1857 1739 1857 1741 1857 1742 1858 1743 1858 1744 1858 1742 1859 1745 1859 1743 1859 1746 1860 1742 1860 1744 1860 1747 1861 1744 1861 1748 1861 1747 1862 1748 1862 1749 1862 1747 1863 1746 1863 1744 1863 1750 1864 1711 1864 1751 1864 1750 1865 1715 1865 1711 1865 1752 1866 1749 1866 1753 1866 1752 1867 1747 1867 1749 1867 1754 1868 1751 1868 1755 1868 1754 1869 1755 1869 1756 1869 1754 1870 1750 1870 1751 1870 1757 1871 1753 1871 1758 1871 1757 1872 1752 1872 1753 1872 1759 1873 1754 1873 1756 1873 1760 1874 1757 1874 1758 1874 1761 1875 1756 1875 1762 1875 1761 1876 1759 1876 1756 1876 1763 1877 1758 1877 1764 1877 1763 1878 1760 1878 1758 1878 1765 1879 1764 1879 1766 1879 1767 1880 1762 1880 1768 1880 1767 1881 1761 1881 1762 1881 1765 1882 1763 1882 1764 1882 1769 1883 1768 1883 1770 1883 1769 1884 1770 1884 1771 1884 1769 1885 1767 1885 1768 1885 1772 1886 1769 1886 1771 1886 1773 1887 1771 1887 1774 1887 1773 1888 1772 1888 1771 1888 1775 1889 1774 1889 1776 1889 1775 1890 1773 1890 1774 1890 1777 1891 1776 1891 1778 1891 1777 1892 1778 1892 1779 1892 1777 1893 1775 1893 1776 1893 1780 1894 1777 1894 1779 1894 1781 1895 1780 1895 1779 1895 1781 1896 1779 1896 1782 1896 1783 1897 1782 1897 1784 1897 1783 1898 1781 1898 1782 1898 1783 1899 1784 1899 1785 1899 1786 1900 1785 1900 1787 1900 1786 1901 1783 1901 1785 1901 1788 1902 1787 1902 1789 1902 1788 1903 1786 1903 1787 1903 1790 1904 1789 1904 1791 1904 1790 1905 1788 1905 1789 1905 1792 1906 1791 1906 1793 1906 1792 1907 1790 1907 1791 1907 1794 1908 1793 1908 1795 1908 1794 1909 1792 1909 1793 1909 1745 1910 1795 1910 1743 1910 1745 1911 1794 1911 1795 1911 1796 1912 1797 1912 1798 1912 1796 1913 1798 1913 1799 1913 1796 1914 1800 1914 1797 1914 1801 1915 1796 1915 1799 1915 1802 1916 1799 1916 1803 1916 1804 1917 1766 1917 1805 1917 1802 1918 1801 1918 1799 1918 1804 1919 1765 1919 1766 1919 1806 1920 1803 1920 1807 1920 1808 1921 1805 1921 1809 1921 1806 1922 1802 1922 1803 1922 1808 1923 1804 1923 1805 1923 1810 1924 1807 1924 1811 1924 1812 1925 1809 1925 1813 1925 1810 1926 1806 1926 1807 1926 1812 1927 1808 1927 1809 1927 1814 1928 1811 1928 1815 1928 1814 1929 1810 1929 1811 1929 1816 1930 1815 1930 1817 1930 1818 1931 1813 1931 1819 1931 1816 1932 1814 1932 1815 1932 1818 1933 1819 1933 1820 1933 1818 1934 1812 1934 1813 1934 1821 1935 1818 1935 1820 1935 1822 1936 1820 1936 1823 1936 1822 1937 1821 1937 1820 1937 1824 1938 1823 1938 1825 1938 1824 1939 1822 1939 1823 1939 1826 1940 1825 1940 1827 1940 1826 1941 1824 1941 1825 1941 1828 1942 1827 1942 1829 1942 1828 1943 1829 1943 1830 1943 1828 1944 1826 1944 1827 1944 1831 1945 1828 1945 1830 1945 1832 1946 1830 1946 1833 1946 1832 1947 1831 1947 1830 1947 1834 1948 1832 1948 1833 1948 1834 1949 1833 1949 1835 1949 1836 1950 1834 1950 1835 1950 1836 1951 1835 1951 1837 1951 1838 1952 1836 1952 1837 1952 1838 1953 1837 1953 1839 1953 1840 1954 1839 1954 1841 1954 1840 1955 1838 1955 1839 1955 1840 1956 1841 1956 1842 1956 1843 1957 1840 1957 1842 1957 1800 1958 1842 1958 1797 1958 1800 1959 1843 1959 1842 1959 1844 1960 1845 1960 1846 1960 1847 1961 1848 1961 1849 1961 1847 1962 1849 1962 1850 1962 1847 1963 1850 1963 1851 1963 1847 1964 1851 1964 1845 1964 1852 51 1845 51 1844 51 1853 1965 1847 1965 1845 1965 1854 51 1855 51 1856 51 1854 1966 1856 1966 1853 1966 1854 51 1852 51 1857 51 1854 1967 1845 1967 1852 1967 1854 1968 1853 1968 1845 1968 1858 1969 1857 1969 1859 1969 1858 51 1859 51 1860 51 1861 51 1858 51 1862 51 1863 1970 1864 1970 1865 1970 1863 51 1865 51 1854 51 1863 1971 1854 1971 1857 1971 1866 51 1861 51 1867 51 1866 51 1868 51 1863 51 1866 1972 1857 1972 1858 1972 1866 51 1863 51 1857 51 1866 1973 1858 1973 1861 1973 1852 1974 1869 1974 1870 1974 1852 1975 1870 1975 1871 1975 1852 1976 1844 1976 1869 1976 1857 1977 1852 1977 1871 1977 1861 1978 1872 1978 1873 1978 1861 1979 1862 1979 1872 1979 1859 1980 1871 1980 1874 1980 1859 1981 1857 1981 1871 1981 1867 1982 1873 1982 1875 1982 1860 1983 1874 1983 1876 1983 1867 1984 1861 1984 1873 1984 1860 1985 1876 1985 1877 1985 1860 1986 1859 1986 1874 1986 1866 1987 1875 1987 1878 1987 1858 1988 1877 1988 1872 1988 1866 1989 1878 1989 1879 1989 1858 1990 1860 1990 1877 1990 1866 1991 1867 1991 1875 1991 1862 1992 1858 1992 1872 1992 1868 1993 1866 1993 1879 1993 1863 1994 1879 1994 1880 1994 1863 1995 1868 1995 1879 1995 1864 1996 1880 1996 1881 1996 1864 1997 1863 1997 1880 1997 1865 1998 1881 1998 1882 1998 1865 1999 1882 1999 1883 1999 1865 2000 1864 2000 1881 2000 1854 2001 1865 2001 1883 2001 1855 2002 1883 2002 1884 2002 1855 2003 1884 2003 1885 2003 1855 2004 1854 2004 1883 2004 1856 2003 1855 2003 1885 2003 1853 2005 1885 2005 1886 2005 1853 2006 1886 2006 1887 2006 1853 2007 1856 2007 1885 2007 1847 2006 1853 2006 1887 2006 1848 33 1847 33 1887 33 1848 33 1887 33 1888 33 1849 2008 1848 2008 1888 2008 1849 2008 1888 2008 1889 2008 1850 2009 1849 2009 1889 2009 1850 2010 1889 2010 1890 2010 1851 2011 1850 2011 1890 2011 1851 2011 1890 2011 1891 2011 1845 2012 1891 2012 1892 2012 1845 2013 1851 2013 1891 2013 1846 2014 1892 2014 1893 2014 1846 2015 1845 2015 1892 2015 1844 2016 1893 2016 1869 2016 1844 2017 1846 2017 1893 2017 1890 51 1894 51 1895 51 1890 2018 1895 2018 1891 2018 1892 2019 1891 2019 1895 2019 1889 51 1894 51 1890 51 1893 2020 1892 2020 1895 2020 1888 2021 1894 2021 1889 2021 1869 2022 1893 2022 1895 2022 1887 51 1894 51 1888 51 1896 51 1869 51 1895 51 1870 51 1869 51 1896 51 1886 2023 1894 2023 1887 2023 1871 51 1870 51 1896 51 1885 2024 1894 2024 1886 2024 1874 51 1871 51 1896 51 1876 51 1874 51 1896 51 1897 2025 1883 2025 1882 2025 1897 2026 1884 2026 1883 2026 1897 2027 1885 2027 1884 2027 1897 2028 1894 2028 1885 2028 1881 2029 1897 2029 1882 2029 1898 51 1873 51 1872 51 1898 2030 1875 2030 1873 2030 1898 2030 1877 2030 1876 2030 1898 51 1872 51 1877 51 1898 2031 1876 2031 1896 2031 1899 2032 1878 2032 1875 2032 1899 2033 1879 2033 1878 2033 1899 2034 1880 2034 1879 2034 1899 2035 1881 2035 1880 2035 1899 51 1897 51 1881 51 1899 2036 1875 2036 1898 2036 1900 2037 1899 2037 1898 2037 1901 2037 1900 2037 1898 2037 1902 2038 1897 2038 1899 2038 1900 2038 1902 2038 1899 2038 1901 2039 1898 2039 1896 2039 1903 2039 1901 2039 1896 2039 1904 2040 1894 2040 1897 2040 1902 2040 1904 2040 1897 2040 1903 2041 1896 2041 1895 2041 1905 2041 1903 2041 1895 2041 1905 2042 1895 2042 1894 2042 1904 2042 1905 2042 1894 2042 1905 64 1904 64 1902 64 1901 64 1903 64 1900 64 1903 64 1905 64 1900 64 1905 64 1902 64 1900 64</p>
        </triangles>
      </mesh>
    </geometry>
  </library_geometries>
  <library_visual_scenes>
    <visual_scene id="Scene" name="Scene">
      <node id="node" name="node" type="NODE">
        <matrix sid="transform">1 0 0 0 0 7.54979e-8 -1 0 0 1 7.54979e-8 0 0 0 0 1</matrix>
        <instance_geometry url="#shape0_030-mesh" name="node">
          <bind_material>
            <technique_common>
              <instance_material symbol="Material_018-material" target="#Material_018-material"/>
            </technique_common>
          </bind_material>
        </instance_geometry>
      </node>
    </visual_scene>
  </library_visual_scenes>
  <scene>
    <instance_visual_scene url="#Scene"/>
  </scene>
</COLLADA>