<?xml version="1.0" encoding="utf-8"?>
<COLLADA xmlns="http://www.collada.org/2005/11/COLLADASchema" version="1.4.1" xmlns:xsi="http://www.w3.org/2001/XMLSchema-instance">
  <asset>
    <contributor>
      <author>Blender User</author>
      <authoring_tool>Blender 4.1.1 commit date:2024-04-15, commit time:15:11, hash:e1743a0317bc</authoring_tool>
    </contributor>
    <created>2024-07-11T21:45:15</created>
    <modified>2024-07-11T21:45:15</modified>
    <unit name="meter" meter="1"/>
    <up_axis>Z_UP</up_axis>
  </asset>
  <library_effects>
    <effect id="FIXTURE_BD-effect">
      <profile_COMMON>
        <technique sid="common">
          <lambert>
            <emission>
              <color sid="emission">0 0 0 1</color>
            </emission>
            <diffuse>
              <color sid="diffuse">0.07064161 0.03756492 0.1651612 1</color>
            </diffuse>
            <reflectivity>
              <float sid="specular">0.5</float>
            </reflectivity>
          </lambert>
        </technique>
      </profile_COMMON>
    </effect>
  </library_effects>
  <library_images/>
  <library_materials>
    <material id="FIXTURE_BD-material" name="FIXTURE_BD">
      <instance_effect url="#FIXTURE_BD-effect"/>
    </material>
  </library_materials>
  <library_geometries>
    <geometry id="shape0_007-mesh" name="shape0.007">
      <mesh>
        <source id="shape0_007-mesh-positions">
          <float_array id="shape0_007-mesh-positions-array" count="4722">-123.9009 350.45 416.5 -123.9009 337.45 416.5 -125.8518 350.45 416.308 -125.8518 337.45 416.308 -127.7277 350.45 415.739 -127.7277 337.45 415.739 -129.4566 350.45 414.815 -129.4566 337.45 414.815 -130.972 350.45 413.571 -130.972 337.45 413.571 -140.9009 350.45 418.5 -140.9009 337.45 418.5 -140.8508 343.95 419.5 -140.848 343.539 419.528 -138.5037 345.615 424.996 -138.43 345.479 425.081 -137.972 350.45 425.571 -138.29 345.175 425.238 -138.1409 344.727 425.398 -138.0584 344.266 425.484 -138.0423 343.95 425.5 -137.972 337.45 425.571 -138.0748 343.502 425.467 -138.1711 343.063 425.366 -138.3272 342.636 425.197 -140.625 341.455 420.833 -140.6805 341.638 420.588 -140.8119 337.45 419.831 -140.7039 341.737 420.475 -140.7678 342.115 420.126 -140.7998 342.423 419.918 -140.8099 342.552 419.846 -140.8351 343.027 419.645 -140.1573 340.958 422.284 -140.3498 341.04 421.774 -140.4355 337.45 421.515 -140.445 341.127 421.485 -140.5077 341.211 421.277 -140.0653 340.95 422.502 -139.775 337.45 423.11 -139.9223 340.966 422.814 -138.9662 341.638 424.412 -139.0614 341.535 424.28 -138.8504 337.45 424.567 -138.4298 342.421 425.082 -138.5256 342.247 424.97 -138.786 341.858 424.65 -139.3625 341.261 423.829 -139.5511 341.128 423.517 -139.6581 341.066 423.328 -139.5513 346.772 423.517 -139.3376 346.62 423.869 -138.8504 350.45 424.567 -139.0434 346.347 424.305 -138.9661 346.262 424.412 -138.7486 345.992 424.698 -140.4355 350.45 421.515 -140.3053 346.89 421.9 -140.1102 346.948 422.397 -139.775 350.45 423.11 -140.0656 346.95 422.501 -139.8818 346.924 422.898 -139.6247 346.816 423.388 -140.8461 344.477 419.546 -140.8308 344.98 419.682 -140.8119 350.45 419.831 -140.8026 345.445 419.899 -140.7561 345.872 420.196 -140.6863 346.239 420.561 -140.5919 346.529 420.967 -140.4629 346.751 421.427 -130.9009 343.95 421.25 -122.9009 343.95 421.25 -130.9009 344.575 421.417 -122.9009 344.575 421.417 -130.9009 345.033 421.875 -122.9009 345.033 421.875 -130.9009 345.2 422.5 -122.9009 345.2 422.5 -130.9009 345.033 423.125 -122.9009 345.033 423.125 -130.9009 344.575 423.583 -122.9009 344.575 423.583 -130.9009 343.95 423.75 -122.9009 343.95 423.75 -130.9009 343.95 419.5 -130.9009 344.512 419.553 -130.9009 345.477 419.918 -130.9009 346.262 420.588 -130.9009 346.773 421.484 -130.9009 346.95 422.5 -130.9009 346.773 423.516 -130.9009 345.477 425.082 -130.9009 346.262 424.412 -130.9009 344.512 425.447 -130.9009 343.95 425.5 -130.9009 343.388 425.447 -130.9009 342.423 425.082 -130.9009 341.638 424.412 -130.9009 341.127 423.516 -130.9009 340.95 422.5 -130.9009 341.127 421.484 -130.9009 341.638 420.588 -130.9009 342.423 419.918 -130.9009 343.388 419.553 -130.9009 342.7 422.5 -130.9009 342.867 421.875 -130.9009 343.325 423.583 -130.9009 342.867 423.125 -130.9009 343.325 421.417 -122.9009 343.325 423.583 -122.9009 342.867 423.125 -122.9009 342.7 422.5 -122.9009 342.867 421.875 -122.9009 343.325 421.417 -122.9009 350.45 428.5 -122.9009 350.45 416.5 -122.9009 337.45 416.5 -122.9009 337.45 428.5 -136.4566 337.45 426.815 -136.4566 350.45 426.815 -134.7277 337.45 427.739 -134.7277 350.45 427.739 -132.8518 337.45 428.308 -132.8518 350.45 428.308 -130.9009 337.45 428.5 -130.9009 350.45 428.5 -132.2156 350.45 412.056 -132.2156 337.45 412.056 -133.1397 350.45 410.327 -133.1397 337.45 410.327 -133.7088 350.45 408.451 -133.7088 337.45 408.451 -133.9009 350.45 406.5 -133.9009 337.45 406.5 -133.9009 350.45 391.5 -140.9009 350.45 391.5 -140.9009 337.45 391.5 -133.9009 337.45 391.5 -103.0009 337.95 416 -103.0009 337.95 429 -104.9518 337.758 416 -104.9518 337.758 429 -106.8277 337.189 416 -106.8277 337.189 429 -108.5566 336.265 416 -108.5566 336.265 429 -110.072 335.021 416 -110.072 335.021 429 -120.0009 339.95 416 -120.0009 339.95 429 -119.9508 340.95 422.5 -119.9479 340.978 422.911 -117.6037 346.446 420.835 -117.53 346.531 420.971 -117.072 347.021 416 -117.39 346.688 421.275 -117.2408 346.848 421.723 -117.1584 346.934 422.184 -117.1423 346.95 422.5 -117.072 347.021 429 -117.1748 346.917 422.948 -117.2711 346.816 423.387 -117.4272 346.647 423.814 -119.725 342.283 424.995 -119.7805 342.038 424.812 -119.9119 341.281 429 -119.8039 341.925 424.713 -119.8677 341.576 424.335 -119.8998 341.368 424.027 -119.9098 341.296 423.898 -119.9351 341.095 423.423 -119.2573 343.734 425.492 -119.4498 343.224 425.41 -119.5354 342.965 429 -119.5449 342.935 425.323 -119.6077 342.727 425.239 -119.1653 343.952 425.5 -118.875 344.56 429 -119.0223 344.264 425.484 -118.0662 345.862 424.812 -118.1613 345.73 424.915 -117.9503 346.017 429 -117.5298 346.531 424.029 -117.6256 346.42 424.203 -117.886 346.1 424.592 -118.4625 345.279 425.189 -118.6511 344.967 425.323 -118.7581 344.778 425.384 -118.6513 344.967 419.678 -118.4376 345.319 419.83 -117.9503 346.017 416 -118.1434 345.755 420.103 -118.0661 345.862 420.188 -117.8486 346.148 420.458 -119.5354 342.965 416 -119.4053 343.35 419.56 -119.2102 343.847 419.502 -118.875 344.56 416 -119.1656 343.951 419.5 -118.9817 344.348 419.526 -118.7247 344.838 419.634 -119.946 340.996 421.973 -119.9308 341.132 421.47 -119.9119 341.281 416 -119.9026 341.349 421.005 -119.8561 341.646 420.578 -119.7863 342.01 420.211 -119.6919 342.417 419.921 -119.5629 342.877 419.699 -110.0009 342.7 422.5 -102.0009 342.7 422.5 -110.0009 342.867 421.875 -102.0009 342.867 421.875 -110.0009 343.325 421.417 -102.0009 343.325 421.417 -110.0009 343.95 421.25 -102.0009 343.95 421.25 -110.0009 344.575 421.417 -102.0009 344.575 421.417 -110.0009 345.033 421.875 -102.0009 345.033 421.875 -110.0009 345.2 422.5 -102.0009 345.2 422.5 -110.0009 340.95 422.5 -110.0009 341.003 421.938 -110.0009 341.368 420.973 -110.0009 342.038 420.188 -110.0009 342.934 419.677 -110.0009 343.95 419.5 -110.0009 344.966 419.677 -110.0009 346.532 420.973 -110.0009 345.862 420.188 -110.0009 346.897 421.938 -110.0009 346.95 422.5 -110.0009 346.897 423.062 -110.0009 346.532 424.027 -110.0009 345.862 424.812 -110.0009 344.966 425.323 -110.0009 343.95 425.5 -110.0009 342.934 425.323 -110.0009 342.038 424.812 -110.0009 341.368 424.027 -110.0009 341.003 423.062 -110.0009 345.033 423.125 -110.0009 343.95 423.75 -110.0009 344.575 423.583 -110.0009 343.325 423.583 -110.0009 342.867 423.125 -102.0009 345.033 423.125 -102.0009 344.575 423.583 -102.0009 343.95 423.75 -102.0009 343.325 423.583 -102.0009 342.867 423.125 -102.0009 337.95 416 -102.0009 349.95 416 -102.0009 337.95 429 -102.0009 349.95 429 -115.5566 348.265 429 -115.5566 348.265 416 -113.8277 349.189 429 -113.8277 349.189 416 -111.9518 349.758 429 -111.9518 349.758 416 -110.0009 349.95 429 -110.0009 349.95 416 -111.3156 333.506 416 -111.3156 333.506 429 -112.2397 331.777 416 -112.2397 331.777 429 -112.8087 329.901 416 -112.8087 329.901 429 -113.0009 327.95 416 -113.0009 327.95 429 -113.0009 312.95 416 -120.0009 312.95 416 -120.0009 312.95 429 -113.0009 312.95 429 -59.70093 343.95 426.1 -77.80093 343.95 426.1 -77.80093 342.66 425.861 -59.70093 342.66 425.861 -77.80093 341.541 425.175 -59.70093 341.541 425.175 -77.80093 340.742 424.134 -59.70093 340.742 424.134 -77.80093 340.37 422.876 -59.70093 340.37 422.876 -77.80093 340.473 421.568 -59.70093 340.473 421.568 -109.391 343.95 422.5 -110.1009 342.885 421.885 -110.1009 342.72 422.5 -110.1009 343.335 421.435 -110.1009 343.95 421.271 -110.1009 343.335 423.565 -110.1009 343.95 423.73 -110.1009 342.885 423.115 -122.6304 343.95 421.271 -122.6304 343.335 421.435 -122.6304 342.885 421.885 -122.6304 342.72 422.5 -122.6304 342.885 423.115 -122.6304 343.335 423.565 -122.6304 343.95 423.73 -122.9009 343.95 421 -122.9009 343.2 421.201 -122.9009 342.651 421.75 -122.9009 342.45 422.5 -122.9009 342.651 423.25 -122.9009 343.2 423.799 -122.9009 343.95 424 -59.70093 338.154 420.947 -77.80093 338.154 420.947 -77.80093 338.754 419.5 -59.70093 338.754 419.5 -77.80093 339.707 418.257 -59.70093 339.707 418.257 -77.80093 340.95 417.304 -59.70093 340.95 417.304 -77.80093 342.397 416.704 -59.70093 342.397 416.704 -77.80093 343.95 416.5 -59.70093 343.95 416.5 -122.9009 343.95 419.744 -118.0009 343.95 419.5 -118.0009 342.648 419.797 -122.9009 342.754 420.017 -118.0009 341.604 420.63 -122.9009 341.796 420.782 -118.0009 341.025 421.832 -122.9009 341.263 421.887 -118.0009 341.025 423.168 -122.9009 341.263 423.113 -118.0009 341.604 424.37 -122.9009 341.796 424.218 -118.0009 342.648 425.203 -122.9009 342.754 424.983 -118.0009 343.95 425.5 -122.9009 343.95 425.256 -114.0009 341.034 421.797 -117.0009 341.034 421.797 -77.80093 341.604 420.63 -113.9818 341.026 421.831 -77.80093 341.025 421.832 -113.5982 340.963 422.781 -113.5246 341.024 423.164 -77.80093 341.025 423.168 -113.5063 341.197 423.693 -77.80093 341.604 424.37 -113.6583 341.607 424.373 -113.7061 341.697 424.481 -77.80093 342.648 425.203 -114.0009 342.168 424.913 -117.4955 341.075 423.355 -117.4036 341.482 424.205 -117.3418 341.61 424.378 -117.0009 342.168 424.913 -117.0203 341.025 421.831 -117.2956 340.951 422.431 -117.477 341.024 423.163 -77.80093 343.95 425.5 -77.80093 342.648 419.797 -77.80093 343.95 419.5 -114.0009 346.866 423.203 -117.0009 346.866 423.203 -118.0009 346.296 424.37 -77.80093 346.296 424.37 -113.9818 346.874 423.169 -77.80093 346.875 423.168 -113.5982 346.937 422.219 -118.0009 346.875 423.168 -113.5246 346.876 421.836 -77.80093 346.875 421.832 -113.5063 346.703 421.307 -77.80093 346.296 420.63 -113.6583 346.293 420.627 -113.7061 346.203 420.519 -77.80093 345.252 419.797 -114.0009 345.732 420.087 -118.0009 346.296 420.63 -118.0009 346.875 421.832 -117.4955 346.826 421.645 -117.4036 346.418 420.795 -117.3418 346.29 420.622 -118.0009 345.252 419.797 -117.0009 345.732 420.087 -117.0203 346.875 423.169 -117.2956 346.949 422.569 -117.477 346.876 421.837 -118.0009 345.252 425.203 -77.80093 345.252 425.203 -122.9009 345.45 422.5 -122.9009 346.637 421.887 -122.9009 345.249 421.75 -122.9009 346.104 420.782 -122.9009 344.7 421.201 -122.9009 345.146 420.017 -122.9009 344.7 423.799 -122.9009 345.146 424.983 -122.9009 345.249 423.25 -122.9009 346.104 424.218 -122.9009 346.637 423.113 -77.80093 345.503 416.704 -77.80093 346.95 417.304 -77.80093 348.193 418.257 -77.80093 349.146 419.5 -77.80093 345.24 425.861 -77.80093 346.359 425.175 -77.80093 347.158 424.134 -77.80093 347.53 422.876 -77.80093 347.427 421.568 -77.80093 349.746 420.947 -59.70093 345.503 416.704 -59.70093 346.95 417.304 -59.70093 348.193 418.257 -59.70093 349.146 419.5 -59.70093 349.746 420.947 -59.70093 345.24 425.861 -59.70093 346.359 425.175 -59.70093 347.158 424.134 -59.70093 347.53 422.876 -59.70093 347.427 421.568 -122.6304 344.565 423.565 -122.6304 345.015 423.115 -122.6304 345.18 422.5 -122.6304 345.015 421.885 -122.6304 344.565 421.435 -110.1009 344.565 423.565 -110.1009 345.015 423.115 -110.1009 345.18 422.5 -110.1009 345.015 421.885 -110.1009 344.565 421.435 -59.70093 201.05 426.1 -77.80093 201.05 426.1 -77.80093 199.76 425.861 -59.70093 199.76 425.861 -77.80093 198.641 425.175 -59.70093 198.641 425.175 -77.80093 197.842 424.134 -59.70093 197.842 424.134 -77.80093 197.47 422.876 -59.70093 197.47 422.876 -77.80093 197.573 421.568 -59.70093 197.573 421.568 -109.391 201.05 422.5 -110.1009 199.985 421.885 -110.1009 199.82 422.5 -110.1009 200.435 421.435 -110.1009 201.05 421.271 -110.1009 200.435 423.565 -110.1009 201.05 423.73 -110.1009 199.985 423.115 -122.6304 201.05 421.271 -122.6304 200.435 421.435 -122.6304 199.985 421.885 -122.6304 199.82 422.5 -122.6304 199.985 423.115 -122.6304 200.435 423.565 -122.6304 201.05 423.73 -122.9009 201.05 421 -122.9009 200.3 421.201 -122.9009 199.751 421.75 -122.9009 199.55 422.5 -122.9009 199.751 423.25 -122.9009 200.3 423.799 -122.9009 201.05 424 -59.70093 195.254 420.947 -77.80093 195.254 420.947 -77.80093 195.854 419.5 -59.70093 195.854 419.5 -77.80093 196.807 418.257 -59.70093 196.807 418.257 -77.80093 198.05 417.304 -59.70093 198.05 417.304 -77.80093 199.497 416.704 -59.70093 199.497 416.704 -77.80093 201.05 416.5 -59.70093 201.05 416.5 -122.9009 201.05 419.744 -118.0009 201.05 419.5 -118.0009 199.748 419.797 -122.9009 199.854 420.017 -118.0009 198.705 420.63 -122.9009 198.896 420.782 -118.0009 198.125 421.832 -122.9009 198.363 421.887 -118.0009 198.125 423.168 -122.9009 198.363 423.113 -118.0009 198.705 424.37 -122.9009 198.896 424.218 -118.0009 199.748 425.203 -122.9009 199.854 424.983 -118.0009 201.05 425.5 -122.9009 201.05 425.256 -117.5009 201.05 425.5 -117.3732 200.184 425.372 -117.0009 199.392 425 -117.1993 199.739 425.198 -77.80093 199.748 425.203 -77.80093 201.05 425.5 -113.5009 201.05 425.5 -114.0009 199.392 425 -77.80093 198.705 424.37 -113.8025 199.739 425.198 -113.6286 200.184 425.372 -113.5009 201.05 419.5 -77.80093 201.05 419.5 -113.6286 200.184 419.628 -77.80093 199.748 419.797 -113.8025 199.739 419.802 -117.5009 201.05 419.5 -117.3732 200.184 419.628 -117.1993 199.739 419.802 -117.0009 199.392 420 -114.0009 199.392 420 -77.80093 198.705 420.63 -77.80093 198.125 421.832 -77.80093 198.125 423.168 -117.3732 201.916 419.628 -118.0009 202.352 419.797 -118.0009 203.395 420.63 -117.0009 202.708 420 -117.1993 202.361 419.802 -77.80093 202.352 419.797 -114.0009 202.708 420 -77.80093 203.395 420.63 -113.8025 202.361 419.802 -113.6286 201.916 419.628 -113.6286 201.916 425.372 -77.80093 202.352 425.203 -113.8025 202.361 425.198 -118.0009 202.352 425.203 -117.3732 201.916 425.372 -117.1993 202.361 425.198 -118.0009 203.395 424.37 -117.0009 202.708 425 -114.0009 202.708 425 -77.80093 203.395 424.37 -77.80093 203.975 423.168 -118.0009 203.975 423.168 -77.80093 203.975 421.832 -118.0009 203.975 421.832 -122.9009 202.55 422.5 -122.9009 203.737 421.887 -122.9009 202.349 421.75 -122.9009 203.204 420.782 -122.9009 201.8 421.201 -122.9009 202.246 420.017 -122.9009 201.8 423.799 -122.9009 202.246 424.983 -122.9009 202.349 423.25 -122.9009 203.204 424.218 -122.9009 203.737 423.113 -77.80093 202.603 416.704 -77.80093 204.05 417.304 -77.80093 205.293 418.257 -77.80093 206.246 419.5 -77.80093 202.34 425.861 -77.80093 203.459 425.175 -77.80093 204.258 424.134 -77.80093 204.63 422.876 -77.80093 204.527 421.568 -77.80093 206.846 420.947 -59.70093 202.603 416.704 -59.70093 204.05 417.304 -59.70093 205.293 418.257 -59.70093 206.246 419.5 -59.70093 206.846 420.947 -59.70093 204.527 421.568 -59.70093 204.63 422.876 -59.70093 204.258 424.134 -59.70093 203.459 425.175 -59.70093 202.34 425.861 -122.6304 201.665 423.565 -122.6304 202.115 423.115 -122.6304 202.28 422.5 -122.6304 202.115 421.885 -122.6304 201.665 421.435 -110.1009 201.665 423.565 -110.1009 202.115 423.115 -110.1009 202.28 422.5 -110.1009 202.115 421.885 -110.1009 201.665 421.435 -103.0009 207.05 429 -103.0009 207.05 416 -104.9518 207.242 429 -104.9518 207.242 416 -106.8277 207.811 429 -106.8277 207.811 416 -108.5566 208.735 429 -108.5566 208.735 416 -110.072 209.979 429 -110.072 209.979 416 -120.0009 205.05 429 -120.0009 205.05 416 -119.9508 204.05 422.5 -119.9479 204.022 422.089 -117.6037 198.554 424.165 -117.53 198.469 424.029 -117.072 197.979 429 -117.39 198.312 423.725 -117.2408 198.152 423.277 -117.1584 198.066 422.816 -117.1423 198.05 422.5 -117.072 197.979 416 -117.1748 198.083 422.052 -117.2711 198.184 421.613 -117.4272 198.353 421.186 -119.725 202.717 420.005 -119.7805 202.962 420.188 -119.9119 203.719 416 -119.8039 203.075 420.287 -119.8677 203.424 420.665 -119.8998 203.632 420.973 -119.9098 203.704 421.102 -119.9351 203.905 421.578 -119.2573 201.266 419.508 -119.4498 201.776 419.59 -119.5354 202.035 416 -119.5449 202.065 419.677 -119.6077 202.273 419.761 -119.1653 201.048 419.5 -118.875 200.44 416 -119.0223 200.736 419.516 -118.0662 199.138 420.188 -118.1613 199.27 420.085 -117.9503 198.983 416 -117.5298 198.469 420.971 -117.6256 198.58 420.797 -117.886 198.9 420.408 -118.4625 199.721 419.811 -118.6511 200.033 419.678 -118.7581 200.222 419.616 -118.6513 200.033 425.322 -118.4376 199.681 425.17 -117.9503 198.983 429 -118.1434 199.245 424.897 -118.0661 199.138 424.812 -117.8486 198.852 424.542 -119.5354 202.035 429 -119.4053 201.65 425.44 -119.2102 201.153 425.499 -118.875 200.44 429 -119.1656 201.049 425.5 -118.9817 200.652 425.474 -118.7247 200.162 425.366 -119.946 204.004 423.027 -119.9308 203.868 423.53 -119.9119 203.719 429 -119.9026 203.651 423.995 -119.8561 203.354 424.422 -119.7863 202.99 424.789 -119.6919 202.583 425.079 -119.5629 202.123 425.301 -110.0009 202.3 422.5 -102.0009 202.3 422.5 -110.0009 202.133 423.125 -102.0009 202.133 423.125 -110.0009 201.675 423.583 -102.0009 201.675 423.583 -110.0009 201.05 423.75 -102.0009 201.05 423.75 -110.0009 200.425 423.583 -102.0009 200.425 423.583 -110.0009 199.967 423.125 -102.0009 199.967 423.125 -110.0009 199.8 422.5 -102.0009 199.8 422.5 -110.0009 204.05 422.5 -110.0009 203.997 423.062 -110.0009 203.632 424.027 -110.0009 202.962 424.812 -110.0009 202.066 425.323 -110.0009 201.05 425.5 -110.0009 200.034 425.323 -110.0009 198.468 424.027 -110.0009 199.138 424.812 -110.0009 198.103 423.062 -110.0009 198.05 422.5 -110.0009 198.103 421.938 -110.0009 198.468 420.973 -110.0009 199.138 420.188 -110.0009 200.034 419.677 -110.0009 201.05 419.5 -110.0009 202.066 419.677 -110.0009 202.962 420.188 -110.0009 203.632 420.973 -110.0009 203.997 421.938 -110.0009 199.967 421.875 -110.0009 201.05 421.25 -110.0009 200.425 421.417 -110.0009 201.675 421.417 -110.0009 202.133 421.875 -102.0009 199.967 421.875 -102.0009 200.425 421.417 -102.0009 201.05 421.25 -102.0009 201.675 421.417 -102.0009 202.133 421.875 -102.0009 207.05 416 -102.0009 195.05 416 -102.0009 195.05 429 -102.0009 207.05 429 -115.5566 196.735 416 -115.5566 196.735 429 -113.8277 195.811 416 -113.8277 195.811 429 -111.9518 195.242 416 -111.9518 195.242 429 -110.0009 195.05 416 -110.0009 195.05 429 -111.3156 211.494 429 -111.3156 211.494 416 -112.2397 213.223 429 -112.2397 213.223 416 -112.8087 215.099 429 -112.8087 215.099 416 -113.0009 217.05 429 -113.0009 217.05 416 -113.0009 232.05 429 -120.0009 232.05 429 -120.0009 232.05 416 -113.0009 232.05 416 -90.00093 95.4 593.863 -90.00093 93.8627 595.4 -90.00093 97.5 601.7 -90.00093 97.5 593.3 -90.00093 99.6 601.137 -90.00093 101.137 599.6 -90.00093 93.30001 597.5 -90.00093 93.8627 599.6 -90.00093 95.4 601.137 -90.00093 101.7 597.5 -90.00093 101.137 595.4 -90.00093 99.6 593.863 -90.00093 101.137 249.6 -90.00093 95.4 243.863 -90.00093 99.6 251.137 -90.00093 93.8627 245.4 -90.00093 99.6 243.863 -90.00093 97.5 243.3 -90.00093 101.137 245.4 -90.00093 101.7 247.5 -90.00093 95.4 251.137 -90.00093 97.5 251.7 -90.00093 93.8627 249.6 -90.00093 93.30001 247.5 -90.00093 85 620 -90.00093 80 618.66 -90.00093 75 620 -90.00093 76.3398 615 -90.00093 75 610 -90.00093 75 45 -90.00093 75 235 -90.00093 76.3398 230 -90.00093 120 225 -90.00093 120 45 -90.00093 85 225 -90.00093 80 226.34 -0.001223921 120 620 -0.001223921 120 45 -45.00093 120 620 -45.00093 120 45 -90.00093 120 262.625 -90.00093 120 360.55 -90.00093 120 417.825 -90.00093 120 427.175 -90.00093 120 484.45 -90.00093 120 620 -45.00093 75 45 -45.00093 0 0 -0.001223921 0 0 -45.00093 0 45 -0.001223921 0 45 -0.001223921 470 0 -45.00093 470 0 -45.00093 425 45 -45.00093 470 45 -0.001223921 425 45 -0.001223921 0 665 -45.00093 0 665 -0.001223921 0 620 -45.00093 0 620 -45.00093 75 620 -45.00093 470 665 -45.00093 470 620 -45.00093 425 620 -0.001223921 470 665 -0.001223921 425 620 -0.001223921 75 45 -0.001223921 75 620 -90.00093 468.66 230 -90.00093 470 235 -90.00093 470 45 -90.00093 465 226.34 -90.00093 425 45 -90.00093 425 225 -90.00093 460 225 -90.00093 425 427.175 -90.00093 425 484.45 -90.00093 425 620 -90.00093 425 417.825 -90.00093 425 360.55 -90.00093 425 262.625 -90.00093 470 610 -90.00093 468.66 615 -90.00093 470 620 -90.00093 465 618.66 -90.00093 460 620 -90.00093 445.4 593.863 -90.00093 443.863 595.4 -90.00093 447.5 601.7 -90.00093 447.5 593.3 -90.00093 449.6 601.137 -90.00093 451.137 599.6 -90.00093 443.3 597.5 -90.00093 443.863 599.6 -90.00093 445.4 601.137 -90.00093 451.7 597.5 -90.00093 451.137 595.4 -90.00093 449.6 593.863 -90.00093 445.4 243.863 -90.00093 443.863 245.4 -90.00093 443.3 247.5 -90.00093 449.6 251.137 -90.00093 451.137 249.6 -90.00093 447.5 251.7 -90.00093 451.7 247.5 -90.00093 447.5 243.3 -90.00093 445.4 251.137 -90.00093 443.863 249.6 -90.00093 451.137 245.4 -90.00093 449.6 243.863 -100.0009 97.5 243.3 -100.0009 99.6 243.863 -100.0009 101.137 245.4 -100.0009 101.7 247.5 -100.0009 101.137 249.6 -100.0009 99.6 251.137 -100.0009 97.5 251.7 -100.0009 447.5 243.3 -100.0009 449.6 243.863 -100.0009 451.137 245.4 -100.0009 451.7 247.5 -100.0009 451.137 249.6 -100.0009 449.6 251.137 -100.0009 447.5 251.7 -100.0009 447.5 593.3 -100.0009 449.6 593.863 -100.0009 451.137 595.4 -100.0009 451.7 597.5 -100.0009 451.137 599.6 -100.0009 449.6 601.137 -100.0009 447.5 601.7 -100.0009 97.5 593.3 -100.0009 99.6 593.863 -100.0009 101.137 595.4 -100.0009 101.7 597.5 -100.0009 101.137 599.6 -100.0009 99.6 601.137 -100.0009 97.5 601.7 -100.0009 252.5 536.25 -90.00093 252.5 536.25 -100.0009 254.625 536.819 -90.00093 254.625 536.819 -100.0009 256.181 538.375 -90.00093 256.181 538.375 -100.0009 256.75 540.5 -90.00093 256.75 540.5 -100.0009 256.181 542.625 -90.00093 256.181 542.625 -100.0009 254.625 544.181 -90.00093 254.625 544.181 -100.0009 252.5 544.75 -90.00093 252.5 544.75 -100.0009 292.5 536.25 -90.00093 292.5 536.25 -100.0009 294.625 536.819 -90.00093 294.625 536.819 -100.0009 296.181 538.375 -90.00093 296.181 538.375 -100.0009 296.75 540.5 -90.00093 296.75 540.5 -100.0009 296.181 542.625 -90.00093 296.181 542.625 -100.0009 294.625 544.181 -90.00093 294.625 544.181 -100.0009 292.5 544.75 -90.00093 292.5 544.75 -100.0009 292.5 300.25 -90.00093 292.5 300.25 -100.0009 294.625 300.819 -90.00093 294.625 300.819 -100.0009 296.181 302.375 -90.00093 296.181 302.375 -100.0009 296.75 304.5 -90.00093 296.75 304.5 -100.0009 296.181 306.625 -90.00093 296.181 306.625 -100.0009 294.625 308.181 -90.00093 294.625 308.181 -100.0009 292.5 308.75 -90.00093 292.5 308.75 -100.0009 252.5 300.25 -90.00093 252.5 300.25 -100.0009 254.625 300.819 -90.00093 254.625 300.819 -100.0009 256.181 302.375 -90.00093 256.181 302.375 -100.0009 256.75 304.5 -90.00093 256.75 304.5 -100.0009 256.181 306.625 -90.00093 256.181 306.625 -100.0009 254.625 308.181 -90.00093 254.625 308.181 -100.0009 252.5 308.75 -90.00093 252.5 308.75 -100.0009 250.375 308.181 -90.00093 250.375 308.181 -100.0009 248.819 306.625 -90.00093 248.819 306.625 -100.0009 248.25 304.5 -90.00093 248.25 304.5 -100.0009 248.819 302.375 -90.00093 248.819 302.375 -100.0009 250.375 300.819 -90.00093 250.375 300.819 -100.0009 290.375 308.181 -90.00093 290.375 308.181 -100.0009 288.819 306.625 -90.00093 288.819 306.625 -100.0009 288.25 304.5 -90.00093 288.25 304.5 -100.0009 288.819 302.375 -90.00093 288.819 302.375 -100.0009 290.375 300.819 -90.00093 290.375 300.819 -100.0009 290.375 544.181 -90.00093 290.375 544.181 -100.0009 288.819 542.625 -90.00093 288.819 542.625 -100.0009 288.25 540.5 -90.00093 288.25 540.5 -100.0009 288.819 538.375 -90.00093 288.819 538.375 -100.0009 290.375 536.819 -90.00093 290.375 536.819 -100.0009 250.375 544.181 -90.00093 250.375 544.181 -100.0009 248.819 542.625 -90.00093 248.819 542.625 -100.0009 248.25 540.5 -90.00093 248.25 540.5 -100.0009 248.819 538.375 -90.00093 248.819 538.375 -100.0009 250.375 536.819 -90.00093 250.375 536.819 -100.0009 95.4 601.137 -100.0009 93.8627 599.6 -100.0009 93.30001 597.5 -100.0009 93.8627 595.4 -100.0009 95.4 593.863 -100.0009 445.4 601.137 -100.0009 443.863 599.6 -100.0009 443.3 597.5 -100.0009 443.863 595.4 -100.0009 445.4 593.863 -100.0009 445.4 251.137 -100.0009 443.863 249.6 -100.0009 443.3 247.5 -100.0009 443.863 245.4 -100.0009 445.4 243.863 -100.0009 95.4 251.137 -100.0009 93.8627 249.6 -100.0009 93.30001 247.5 -100.0009 93.8627 245.4 -100.0009 95.4 243.863 -100.0009 195.975 432.362 -100.0009 194.9 432.65 -100.0009 201.05 484.45 -100.0009 272.5 360.55 -100.0009 272.5 620 -100.0009 338.875 432.362 -100.0009 337.8 432.65 -100.0009 343.95 484.45 -100.0009 198.55 419 -100.0009 201.05 419 -100.0009 201.05 417.825 -100.0009 75 610 -100.0009 76.3398 615 -100.0009 80 618.66 -100.0009 460 620 -100.0009 470 275.975 -100.0009 399.625 275.975 -100.0009 399.625 225 -100.0009 460 225 -100.0009 465 226.34 -100.0009 470 235 -100.0009 468.66 230 -100.0009 399.625 620 -100.0009 470 484.45 -100.0009 470 610 -100.0009 399.625 484.45 -100.0009 468.66 615 -100.0009 465 618.66 -100.0009 145.375 484.45 -100.0009 85 620 -100.0009 84.15 484.45 -100.0009 145.375 620 -100.0009 75 484.45 -100.0009 75 275.975 -100.0009 84.15 275.975 -100.0009 75 235 -100.0009 80 226.34 -100.0009 76.3398 230 -100.0009 85 225 -100.0009 145.375 225 -100.0009 145.375 275.975 -100.0009 205.3 419.469 -100.0009 206.581 420.75 -100.0009 210.05 417.825 -100.0009 203.55 419 -100.0009 207.05 422.5 -100.0009 206.581 424.25 -100.0009 210.05 427.175 -100.0009 205.3 425.531 -100.0009 203.55 426 -100.0009 201.05 427.175 -100.0009 145.375 417.825 -100.0009 195.519 420.75 -100.0009 196.8 419.469 -100.0009 201.05 426 -100.0009 198.55 426 -100.0009 145.375 427.175 -100.0009 196.8 425.531 -100.0009 195.519 424.25 -100.0009 195.05 422.5 -100.0009 352.95 484.45 -100.0009 352.95 432.65 -100.0009 350.1 432.65 -100.0009 349.025 432.362 -100.0009 348.238 431.575 -100.0009 343.95 427.175 -100.0009 347.95 430.5 -100.0009 348.238 429.425 -100.0009 352.95 428.35 -100.0009 352.95 427.175 -100.0009 350.1 428.35 -100.0009 349.025 428.638 -100.0009 355.95 430.5 -100.0009 355.662 431.575 -100.0009 354.875 432.362 -100.0009 353.8 432.65 -100.0009 353.8 428.35 -100.0009 354.875 428.638 -100.0009 399.625 427.175 -100.0009 355.662 429.425 -100.0009 343.95 360.55 -100.0009 349.025 412.638 -100.0009 350.1 412.35 -100.0009 352.95 360.55 -100.0009 349.025 416.362 -100.0009 348.238 415.575 -100.0009 343.95 417.825 -100.0009 347.95 414.5 -100.0009 348.238 413.425 -100.0009 350.1 416.65 -100.0009 352.95 417.825 -100.0009 352.95 416.65 -100.0009 355.662 413.425 -100.0009 355.95 414.5 -100.0009 399.625 417.825 -100.0009 354.875 412.638 -100.0009 399.625 360.55 -100.0009 353.8 412.35 -100.0009 352.95 412.35 -100.0009 355.662 415.575 -100.0009 354.875 416.362 -100.0009 353.8 416.65 -100.0009 337.95 422.5 -100.0009 338.419 420.75 -100.0009 314.35 417.825 -100.0009 341.45 426 -100.0009 314.35 427.175 -100.0009 339.7 425.531 -100.0009 338.419 424.25 -100.0009 339.7 419.469 -100.0009 341.45 419 -100.0009 349.95 422.5 -100.0009 349.481 424.25 -100.0009 343.95 419 -100.0009 346.45 419 -100.0009 348.2 419.469 -100.0009 349.481 420.75 -100.0009 348.2 425.531 -100.0009 346.45 426 -100.0009 343.95 426 -100.0009 210.9 428.35 -100.0009 230.65 427.175 -100.0009 211.975 428.638 -100.0009 212.762 429.425 -100.0009 213.05 430.5 -100.0009 212.762 431.575 -100.0009 230.65 484.45 -100.0009 211.975 432.362 -100.0009 210.05 484.45 -100.0009 210.9 432.65 -100.0009 210.05 432.65 -100.0009 207.2 432.65 -100.0009 206.125 432.362 -100.0009 205.338 431.575 -100.0009 205.05 430.5 -100.0009 205.338 429.425 -100.0009 206.125 428.638 -100.0009 207.2 428.35 -100.0009 210.05 428.35 -100.0009 211.975 412.638 -100.0009 230.65 360.55 -100.0009 210.9 412.35 -100.0009 210.05 360.55 -100.0009 212.762 413.425 -100.0009 213.05 414.5 -100.0009 230.65 417.825 -100.0009 212.762 415.575 -100.0009 211.975 416.362 -100.0009 210.9 416.65 -100.0009 210.05 416.65 -100.0009 207.2 416.65 -100.0009 206.125 416.362 -100.0009 205.338 413.425 -100.0009 201.05 360.55 -100.0009 205.05 414.5 -100.0009 205.338 415.575 -100.0009 206.125 412.638 -100.0009 207.2 412.35 -100.0009 210.05 412.35 -100.0009 470 427.175 -100.0009 470 417.825 -100.0009 470 360.55 -100.0009 332.238 431.575 -100.0009 331.95 430.5 -100.0009 332.238 429.425 -100.0009 314.35 484.45 -100.0009 334.1 432.65 -100.0009 333.025 432.362 -100.0009 338.875 428.638 -100.0009 339.662 429.425 -100.0009 339.95 430.5 -100.0009 339.662 431.575 -100.0009 333.025 428.638 -100.0009 334.1 428.35 -100.0009 337.8 428.35 -100.0009 339.95 414.5 -100.0009 339.662 415.575 -100.0009 338.875 416.362 -100.0009 331.95 414.5 -100.0009 332.238 413.425 -100.0009 314.35 360.55 -100.0009 339.662 413.425 -100.0009 338.875 412.638 -100.0009 337.8 416.65 -100.0009 334.1 416.65 -100.0009 333.025 416.362 -100.0009 332.238 415.575 -100.0009 333.025 412.638 -100.0009 334.1 412.35 -100.0009 337.8 412.35 -100.0009 314.35 620 -100.0009 272.5 484.45 -100.0009 343.95 620 -100.0009 352.95 620 -100.0009 272.5 275.975 -100.0009 314.35 275.975 -100.0009 343.95 275.975 -100.0009 352.95 275.975 -100.0009 230.65 620 -100.0009 272.5 427.175 -100.0009 272.5 417.825 -100.0009 230.65 275.975 -100.0009 210.05 620 -100.0009 201.05 620 -100.0009 195.975 428.638 -100.0009 196.762 429.425 -100.0009 197.05 430.5 -100.0009 196.762 431.575 -100.0009 191.2 432.65 -100.0009 190.125 432.362 -100.0009 189.338 431.575 -100.0009 189.05 430.5 -100.0009 189.338 429.425 -100.0009 190.125 428.638 -100.0009 191.2 428.35 -100.0009 194.9 428.35 -100.0009 191.2 416.65 -100.0009 190.125 416.362 -100.0009 194.9 416.65 -100.0009 195.975 416.362 -100.0009 196.762 415.575 -100.0009 189.338 415.575 -100.0009 189.05 414.5 -100.0009 145.375 360.55 -100.0009 194.9 412.35 -100.0009 195.975 412.638 -100.0009 196.762 413.425 -100.0009 197.05 414.5 -100.0009 189.338 413.425 -100.0009 190.125 412.638 -100.0009 191.2 412.35 -100.0009 352.95 225 -100.0009 343.95 225 -100.0009 314.35 225 -100.0009 272.5 225 -100.0009 230.65 225 -100.0009 210.05 275.975 -100.0009 210.05 225 -100.0009 201.05 275.975 -100.0009 201.05 225 -100.0009 84.15 427.175 -100.0009 84.15 417.825 -100.0009 84.15 360.55 -100.0009 75 427.175 -100.0009 75 417.825 -100.0009 75 360.55 -90.00093 338.875 412.638 -90.00093 337.8 412.35 -90.00093 343.95 360.55 -90.00093 272.5 262.625 -90.00093 272.5 484.45 -90.00093 192.05 225 -90.00093 192.05 262.625 -90.00093 192.05 484.45 -90.00093 341.45 426 -90.00093 343.95 426 -90.00093 343.95 427.175 -90.00093 353.8 428.35 -90.00093 352.95 428.35 -90.00093 352.95 427.175 -90.00093 191.2 416.65 -90.00093 192.05 416.65 -90.00093 192.05 417.825 -90.00093 203.55 419 -90.00093 201.05 419 -90.00093 201.05 417.825 -90.00093 198.55 419 -90.00093 196.8 419.469 -90.00093 195.519 424.25 -90.00093 192.05 427.175 -90.00093 195.05 422.5 -90.00093 195.519 420.75 -90.00093 201.05 426 -90.00093 201.05 427.175 -90.00093 198.55 426 -90.00093 196.8 425.531 -90.00093 210.05 417.825 -90.00093 206.581 420.75 -90.00093 205.3 419.469 -90.00093 203.55 426 -90.00093 205.3 425.531 -90.00093 210.05 427.175 -90.00093 206.581 424.25 -90.00093 207.05 422.5 -90.00093 207.2 428.35 -90.00093 206.125 428.638 -90.00093 210.05 428.35 -90.00093 205.338 431.575 -90.00093 201.05 484.45 -90.00093 205.05 430.5 -90.00093 205.338 429.425 -90.00093 206.125 432.362 -90.00093 207.2 432.65 -90.00093 210.05 484.45 -90.00093 210.05 432.65 -90.00093 210.9 432.65 -90.00093 230.65 484.45 -90.00093 211.975 432.362 -90.00093 212.762 431.575 -90.00093 213.05 430.5 -90.00093 230.65 427.175 -90.00093 212.762 429.425 -90.00093 211.975 428.638 -90.00093 210.9 428.35 -90.00093 192.05 360.55 -90.00093 191.2 412.35 -90.00093 190.125 412.638 -90.00093 189.338 413.425 -90.00093 189.05 414.5 -90.00093 189.338 415.575 -90.00093 190.125 416.362 -90.00093 194.9 416.65 -90.00093 195.975 416.362 -90.00093 196.762 413.425 -90.00093 201.05 360.55 -90.00093 197.05 414.5 -90.00093 196.762 415.575 -90.00093 195.975 412.638 -90.00093 194.9 412.35 -90.00093 192.05 412.35 -90.00093 352.95 484.45 -90.00093 352.95 432.65 -90.00093 353.8 432.65 -90.00093 354.875 428.638 -90.00093 354.875 432.362 -90.00093 355.662 431.575 -90.00093 355.95 430.5 -90.00093 355.662 429.425 -90.00093 350.1 428.35 -90.00093 349.025 428.638 -90.00093 350.1 432.65 -90.00093 343.95 484.45 -90.00093 349.025 432.362 -90.00093 348.238 429.425 -90.00093 347.95 430.5 -90.00093 348.238 431.575 -90.00093 352.95 360.55 -90.00093 354.875 412.638 -90.00093 350.1 416.65 -90.00093 352.95 416.65 -90.00093 352.95 417.825 -90.00093 353.8 416.65 -90.00093 354.875 416.362 -90.00093 355.662 415.575 -90.00093 355.95 414.5 -90.00093 355.662 413.425 -90.00093 353.8 412.35 -90.00093 352.95 412.35 -90.00093 350.1 412.35 -90.00093 349.025 412.638 -90.00093 348.238 413.425 -90.00093 343.95 417.825 -90.00093 347.95 414.5 -90.00093 348.238 415.575 -90.00093 349.025 416.362 -90.00093 346.45 426 -90.00093 348.2 425.531 -90.00093 349.481 424.25 -90.00093 349.95 422.5 -90.00093 349.481 420.75 -90.00093 348.2 419.469 -90.00093 346.45 419 -90.00093 343.95 419 -90.00093 341.45 419 -90.00093 314.35 417.825 -90.00093 339.7 419.469 -90.00093 338.419 420.75 -90.00093 337.95 422.5 -90.00093 314.35 427.175 -90.00093 338.419 424.25 -90.00093 339.7 425.531 -90.00093 190.125 428.638 -90.00093 189.338 429.425 -90.00093 189.05 430.5 -90.00093 189.338 431.575 -90.00093 190.125 432.362 -90.00093 191.2 432.65 -90.00093 192.05 432.65 -90.00093 194.9 432.65 -90.00093 195.975 432.362 -90.00093 196.762 431.575 -90.00093 197.05 430.5 -90.00093 196.762 429.425 -90.00093 195.975 428.638 -90.00093 194.9 428.35 -90.00093 192.05 428.35 -90.00093 191.2 428.35 -90.00093 210.05 360.55 -90.00093 210.05 412.35 -90.00093 207.2 412.35 -90.00093 205.338 415.575 -90.00093 206.125 416.362 -90.00093 206.125 412.638 -90.00093 205.338 413.425 -90.00093 205.05 414.5 -90.00093 207.2 416.65 -90.00093 230.65 417.825 -90.00093 212.762 415.575 -90.00093 213.05 414.5 -90.00093 210.05 416.65 -90.00093 210.9 416.65 -90.00093 211.975 416.362 -90.00093 212.762 413.425 -90.00093 230.65 360.55 -90.00093 211.975 412.638 -90.00093 210.9 412.35 -90.00093 272.5 620 -90.00093 230.65 620 -90.00093 192.05 620 -90.00093 201.05 620 -90.00093 210.05 620 -90.00093 230.65 262.625 -90.00093 272.5 360.55 -90.00093 201.05 262.625 -90.00093 210.05 262.625 -90.00093 314.35 484.45 -90.00093 314.35 620 -90.00093 272.5 427.175 -90.00093 272.5 417.825 -90.00093 314.35 360.55 -90.00093 314.35 262.625 -90.00093 334.1 428.35 -90.00093 333.025 428.638 -90.00093 332.238 429.425 -90.00093 331.95 430.5 -90.00093 339.95 430.5 -90.00093 339.662 429.425 -90.00093 338.875 428.638 -90.00093 337.8 428.35 -90.00093 332.238 431.575 -90.00093 339.662 431.575 -90.00093 338.875 432.362 -90.00093 333.025 432.362 -90.00093 334.1 432.65 -90.00093 337.8 432.65 -90.00093 333.025 412.638 -90.00093 332.238 413.425 -90.00093 331.95 414.5 -90.00093 332.238 415.575 -90.00093 334.1 412.35 -90.00093 338.875 416.362 -90.00093 339.662 415.575 -90.00093 339.95 414.5 -90.00093 339.662 413.425 -90.00093 333.025 416.362 -90.00093 334.1 416.65 -90.00093 337.8 416.65 -90.00093 343.95 620 -90.00093 352.95 620 -90.00093 343.95 262.625 -90.00093 352.95 262.625 -90.00093 201.05 225 -90.00093 210.05 225 -90.00093 230.65 225 -90.00093 272.5 225 -90.00093 314.35 225 -90.00093 343.95 225 -90.00093 352.95 225 -123.9009 207.55 416.5 -123.9009 194.55 416.5 -125.8518 207.55 416.308 -125.8518 194.55 416.308 -127.7277 207.55 415.739 -127.7277 194.55 415.739 -129.4566 207.55 414.815 -129.4566 194.55 414.815 -130.972 207.55 413.571 -130.972 194.55 413.571 -140.9009 207.55 418.5 -140.9009 194.55 418.5 -140.8508 201.05 419.5 -140.848 200.639 419.528 -138.5037 202.715 424.996 -138.43 202.579 425.081 -137.972 207.55 425.571 -138.29 202.275 425.238 -138.1409 201.827 425.398 -138.0584 201.366 425.484 -138.0423 201.05 425.5 -137.972 194.55 425.571 -138.0748 200.602 425.467 -138.1711 200.163 425.366 -138.3272 199.736 425.197 -140.625 198.555 420.833 -140.6805 198.738 420.588 -140.8119 194.55 419.831 -140.7039 198.837 420.475 -140.7678 199.215 420.126 -140.7998 199.523 419.918 -140.8099 199.652 419.846 -140.8351 200.128 419.645 -140.1573 198.058 422.284 -140.3498 198.14 421.774 -140.4355 194.55 421.515 -140.445 198.227 421.485 -140.5077 198.311 421.277 -140.0653 198.05 422.502 -139.775 194.55 423.11 -139.9223 198.066 422.814 -138.9662 198.738 424.412 -139.0614 198.635 424.28 -138.8504 194.55 424.567 -138.4298 199.521 425.082 -138.5256 199.347 424.97 -138.786 198.958 424.65 -139.3625 198.361 423.829 -139.5511 198.227 423.517 -139.6581 198.166 423.328 -139.5513 203.872 423.517 -139.3376 203.72 423.869 -138.8504 207.55 424.567 -139.0434 203.447 424.305 -138.9661 203.362 424.412 -138.7486 203.092 424.698 -140.4355 207.55 421.515 -140.3053 203.99 421.9 -140.1102 204.048 422.397 -139.775 207.55 423.11 -140.0656 204.05 422.501 -139.8818 204.024 422.898 -139.6247 203.916 423.388 -140.8461 201.577 419.546 -140.8308 202.08 419.682 -140.8119 207.55 419.831 -140.8026 202.545 419.899 -140.7561 202.972 420.196 -140.6863 203.339 420.561 -140.5919 203.629 420.967 -140.4629 203.851 421.427 -130.9009 201.05 421.25 -122.9009 201.05 421.25 -130.9009 201.675 421.417 -122.9009 201.675 421.417 -130.9009 202.133 421.875 -122.9009 202.133 421.875 -130.9009 202.3 422.5 -122.9009 202.3 422.5 -130.9009 202.133 423.125 -122.9009 202.133 423.125 -130.9009 201.675 423.583 -122.9009 201.675 423.583 -130.9009 201.05 423.75 -122.9009 201.05 423.75 -130.9009 201.05 419.5 -130.9009 201.612 419.553 -130.9009 202.577 419.918 -130.9009 203.362 420.588 -130.9009 203.873 421.484 -130.9009 204.05 422.5 -130.9009 203.873 423.516 -130.9009 202.577 425.082 -130.9009 203.362 424.412 -130.9009 201.612 425.447 -130.9009 201.05 425.5 -130.9009 200.488 425.447 -130.9009 199.523 425.082 -130.9009 198.738 424.412 -130.9009 198.227 423.516 -130.9009 198.05 422.5 -130.9009 198.227 421.484 -130.9009 198.738 420.588 -130.9009 199.523 419.918 -130.9009 200.488 419.553 -130.9009 200.425 423.583 -130.9009 199.8 422.5 -130.9009 199.967 423.125 -130.9009 199.967 421.875 -130.9009 200.425 421.417 -122.9009 200.425 423.583 -122.9009 199.967 423.125 -122.9009 199.8 422.5 -122.9009 199.967 421.875 -122.9009 200.425 421.417 -122.9009 194.55 428.5 -122.9009 194.55 416.5 -122.9009 207.55 428.5 -122.9009 207.55 416.5 -136.4566 194.55 426.815 -136.4566 207.55 426.815 -134.7277 194.55 427.739 -134.7277 207.55 427.739 -132.8518 194.55 428.308 -132.8518 207.55 428.308 -130.9009 194.55 428.5 -130.9009 207.55 428.5 -132.2156 207.55 412.056 -132.2156 194.55 412.056 -133.1397 207.55 410.327 -133.1397 194.55 410.327 -133.7088 207.55 408.451 -133.7088 194.55 408.451 -133.9009 207.55 406.5 -133.9009 194.55 406.5 -133.9009 207.55 391.5 -140.9009 207.55 391.5 -140.9009 194.55 391.5 -133.9009 194.55 391.5</float_array>
          <technique_common>
            <accessor source="#shape0_007-mesh-positions-array" count="1574" stride="3">
              <param name="X" type="float"/>
              <param name="Y" type="float"/>
              <param name="Z" type="float"/>
            </accessor>
          </technique_common>
        </source>
        <source id="shape0_007-mesh-normals">
          <float_array id="shape0_007-mesh-normals-array" count="8562">0.09794658 0 -0.9951918 0.09790861 0 -0.9951955 0.2902786 0 -0.9569423 0.2902435 0 -0.9569529 0.4713419 0 -0.8819506 0.4713737 0 -0.8819336 0.6345022 0 -0.7729212 0.6345045 0 -0.7729192 -0.9987461 0 0.05006223 -0.9978455 -0.002414464 0.0655632 -0.7529081 0.004508912 0.6581104 -0.7529082 0.004509091 0.6581102 -0.7529082 0.004508912 0.6581102 -0.7437474 0.002640783 0.6684556 -0.7301553 9.00464e-4 0.6832807 -0.7192621 2.24766e-4 0.6947388 -0.7192623 2.2509e-4 0.6947387 -0.7192623 2.24889e-4 0.6947387 -0.7142732 7.97969e-5 0.6998671 -0.7142736 7.89792e-5 0.6998666 -0.714273 7.94296e-5 0.6998672 -0.7103292 0 0.7038696 -0.7152438 -1.0326e-4 0.698875 -0.7152439 -1.03251e-4 0.6988749 -0.7152439 -1.02949e-4 0.698875 -0.7215101 -3.21033e-4 0.6924039 -0.7215101 -3.2083e-4 0.6924038 -0.7215101 -3.20958e-4 0.692404 -0.7332887 -0.001193463 0.6799163 -0.7332887 -0.001193404 0.6799163 -0.7332887 -0.001193404 0.6799165 -0.9765533 -0.008253097 0.2151181 -0.9800277 -0.005218982 0.1987926 -0.9840521 -0.001933395 0.17787 -0.9883843 -2.62959e-4 0.1519751 -0.9904167 -5.11642e-6 0.1381114 -0.9977718 2.01771e-4 0.06671899 -0.9946608 -0.009369909 0.1027721 -0.996389 -0.005617201 0.08472025 -0.9357207 -0.00313723 0.3527279 -0.9497439 1.2441e-4 0.3130282 -0.9497438 1.24388e-4 0.3130283 -0.9497439 1.24441e-4 0.3130283 -0.975911 -7.40726e-4 0.2181678 -0.9602902 -0.02896523 0.2774955 -0.9602903 -0.02896529 0.2774955 -0.9602903 -0.02896529 0.2774955 -0.968927 -0.01651972 0.2467948 -0.9214195 -0.0120759 0.3883818 -0.9237623 -0.01009672 0.3828334 -0.9237623 -0.01009672 0.3828334 -0.9237623 -0.01009672 0.3828334 -0.9093029 -0.003124594 0.4161232 -0.9093028 -0.003124654 0.4161232 -0.909303 -0.003124594 0.4161232 -0.8108225 -7.7244e-4 0.5852918 -0.7450545 -0.002926826 0.6669972 -0.7450547 -0.002926945 0.6669971 -0.7450546 -0.002926886 0.6669972 -0.7539706 -0.004756629 0.6568909 -0.7539707 -0.004756867 0.6568908 -0.7539706 -0.004756569 0.6568909 -0.7526109 -0.004369497 0.6584511 -0.775293 -5.70851e-4 0.6316016 -0.797472 2.77351e-4 0.603356 -0.8303889 -0.003751695 0.5571718 -0.8303888 -0.003751754 0.5571718 -0.8303889 -0.003751695 0.5571718 -0.8530174 -0.01360845 0.521705 -0.8442867 -0.007901966 0.5358335 -0.8702626 -0.001666247 0.4925853 -0.8702626 -0.001666307 0.4925853 -0.8702626 -0.001666247 0.4925853 -0.8894796 0.001211702 0.4569736 -0.8520242 0.01300662 0.523341 -0.8520241 0.01300668 0.523341 -0.8520243 0.01300662 0.523341 -0.8282381 0.003222882 0.5603672 -0.8282381 0.003222823 0.5603672 -0.8282381 0.003222882 0.5603672 -0.8101757 7.1729e-4 0.5861868 -0.7526288 -0.003561437 0.6584355 -0.7880653 0.01680058 0.6153624 -0.7675558 0.008191823 0.6409298 -0.9311382 0.005338132 0.3646277 -0.9311382 0.005338132 0.3646277 -0.9311381 0.005338132 0.3646277 -0.9238816 0.0105344 0.3825337 -0.9187406 0.007608652 0.3947887 -0.9187405 0.007608532 0.3947888 -0.9187405 0.007608652 0.3947888 -0.9075017 0.002342164 0.4200421 -0.9075017 0.002342164 0.4200421 -0.9075017 0.002342164 0.4200421 -0.8443101 -0.006660401 0.5358137 -0.8817731 0.035308 0.4703505 -0.8654435 0.02206498 0.5005205 -0.8654436 0.02206498 0.5005205 -0.8654435 0.02206498 0.5005205 -0.9976188 0.002948045 0.06890594 -0.9960731 0.00629574 0.08831 -0.9977708 0.001632988 0.06671535 -0.991622 -9.14206e-5 0.1291739 -0.9880278 2.58615e-4 0.1542761 -0.9827192 0.002782702 0.1850821 -0.9753849 0.009121894 0.2203209 -0.9758776 0.008445739 0.218155 -0.9630154 7.16457e-4 0.2694455 -0.9630154 7.16466e-4 0.2694455 -0.9630154 7.16487e-4 0.2694455 -0.9487115 -4.83227e-4 0.3161427 0 -0.2588939 0.9659059 0 -0.2588939 0.9659059 0 -0.2588939 0.9659059 0 -0.2588248 0.9659244 0 -0.2588248 0.9659244 0 -0.2588248 0.9659244 0 -0.7071068 0.7071068 0 -0.9659826 0.2586073 0 -0.9659826 0.2586073 0 -0.9659826 0.2586073 0 -0.9659826 0.2586073 0 -0.9659826 0.2586073 0 -0.9659826 0.2586073 0 -0.9659145 -0.2588616 0 -0.9659145 -0.2588616 0 -0.9659145 -0.2588616 0 -0.9659393 -0.258769 0 -0.9659394 -0.258769 0 -0.9659394 -0.258769 0 -0.7070833 -0.7071304 0 -0.2585955 -0.9659857 0 -0.2585955 -0.9659857 0 -0.2585955 -0.9659857 0 -0.258572 -0.965992 0 -0.258572 -0.965992 0 -0.258572 -0.965992 0 -0.08698481 0.9962098 -3.64231e-4 -0.09391057 0.9955806 2.41477e-4 -0.2609831 0.9653434 -0.004495084 -0.3533384 0.9354849 -0.004495084 -0.3533384 0.9354849 -0.004495084 -0.3533384 0.9354849 -0.004610121 -0.6495162 0.7603339 -0.004610121 -0.6495161 0.7603339 -0.00461018 -0.6495162 0.7603339 2.72679e-4 -0.5710505 0.8209149 -3.86776e-4 -0.421888 0.9066479 -3.86734e-4 -0.421888 0.9066479 -3.86761e-4 -0.421888 0.9066479 5.28348e-4 -0.9595255 0.2816213 -5.66698e-4 -0.90028 0.4353111 -5.66633e-4 -0.90028 0.4353111 -5.66661e-4 -0.90028 0.4353111 -0.004558145 -0.8686695 0.4953711 2.69431e-4 -0.8140806 0.5807518 2.69405e-4 -0.8140806 0.5807519 2.69489e-4 -0.8140806 0.5807519 -2.95371e-4 -0.705162 0.7090463 -0.01693695 -0.9504172 -0.310516 -0.01693725 -0.9504172 -0.3105161 -0.01693665 -0.9504171 -0.3105166 2.76147e-5 -0.9851221 -0.1718561 2.76452e-5 -0.9851222 -0.1718561 2.76279e-5 -0.9851222 -0.1718561 -2.78575e-6 -0.9172862 -0.3982286 -2.87224e-6 -0.9172863 -0.3982285 -2.92476e-6 -0.9172863 -0.3982284 -0.006566166 -0.9772622 -0.2119332 -1.72978e-5 -0.9977922 -0.06641381 -1.72326e-5 -0.9977922 -0.06641381 -1.72175e-5 -0.9977922 -0.06641381 1.77589e-5 -0.9851719 0.1715706 -0.01682096 -0.9995939 0.0230056 -0.01682126 -0.9995939 0.0230056 -0.0168212 -0.9995939 0.02300566 -0.007076382 -0.9927965 0.1196038 -0.007076382 -0.9927965 0.1196038 -0.007076382 -0.9927965 0.1196038 -7.06942e-5 -0.6492125 -0.760607 -0.0189315 -0.5383957 -0.8424796 -0.01893156 -0.5383956 -0.8424796 -0.01893156 -0.5383957 -0.8424796 -0.007076621 -0.6230288 -0.782167 0 -0.7271308 -0.6864991 0 -0.8686714 -0.4953889 -0.01797181 -0.7905608 -0.6121198 -0.01797169 -0.7905609 -0.6121197 -0.01797199 -0.7905609 -0.6121199 -0.006592333 -0.8499058 -0.5268936 -0.006592333 -0.8499058 -0.5268936 -0.006592392 -0.8499058 -0.5268936 0 -0.09416973 -0.9955562 0 -0.09416973 -0.9955562 0 -0.09416973 -0.9955562 -0.003318548 -0.05228197 -0.9986268 -0.003318488 -0.05228197 -0.9986268 -0.003318607 -0.05228197 -0.9986268 0.001232206 -0.1821579 -0.9832686 0.001232087 -0.1821579 -0.9832686 0.001232266 -0.1821579 -0.9832686 -0.004175245 -0.353756 -0.9353285 -0.006048083 -0.3376988 -0.9412349 -0.006048023 -0.3376987 -0.9412348 -0.006048083 -0.3376988 -0.9412349 0 -0.4587536 -0.8885635 0 0.07421761 -0.9972422 0 0.07421761 -0.9972421 0 0.07421761 -0.9972422 -0.001288473 0.09383988 -0.9955865 8.53584e-4 0.2232947 -0.9747506 8.53704e-4 0.2232947 -0.9747506 8.53538e-4 0.2232947 -0.9747506 -0.006183326 0.3699617 -0.9290266 -0.004333436 0.3537613 -0.9353258 -4.20557e-5 0.4729411 -0.8810941 -4.20544e-5 0.4729412 -0.8810941 -4.21727e-5 0.4729412 -0.8810941 -6.47149e-5 0.5384556 -0.8426539 -6.43753e-5 0.5384557 -0.8426539 -6.49799e-5 0.5384559 -0.8426538 -0.003808259 0.6492009 -0.7606076 -0.005491554 0.6378463 -0.7701442 -0.005491554 0.6378463 -0.7701441 -0.005491554 0.6378464 -0.7701442 -1.81571e-5 0.9196723 -0.392687 -1.81356e-5 0.9196722 -0.3926869 -1.81309e-5 0.9196723 -0.392687 -0.00554347 0.8563084 -0.5164352 -0.002952039 0.8686335 -0.4954465 -2.60598e-5 0.7878357 -0.6158856 -2.61553e-5 0.7878357 -0.6158856 -2.60771e-5 0.7878357 -0.6158857 -1.88543e-5 0.7346731 -0.6784213 -1.89384e-5 0.7346731 -0.6784213 -1.88533e-5 0.7346731 -0.6784214 -2.14714e-5 0.951024 -0.3091171 -2.17499e-5 0.951024 -0.309117 -2.17513e-5 0.951024 -0.309117 -0.00320667 0.9851042 -0.171929 -0.00320667 0.9851041 -0.171929 -0.003206729 0.9851042 -0.171929 -0.004770398 0.9821221 -0.1881843 -0.004770398 0.9821221 -0.1881843 -0.004770338 0.9821223 -0.1881843 3.90234e-5 0.9567692 0.2908481 3.88211e-5 0.9567692 0.2908481 3.88301e-5 0.9567692 0.2908481 -0.004173994 0.987071 0.1602296 -0.003149807 0.985143 0.1717075 -2.08878e-6 0.999367 0.03557568 -2.19437e-6 0.999367 0.03557562 -2.10749e-6 0.9993671 0.03557574 -1.97787e-5 0.9986017 -0.05286407 -1.97918e-5 0.9986017 -0.05286407 -1.98296e-5 0.9986017 -0.05286407 5.04145e-5 0.9284215 0.3715286 5.03237e-5 0.9284216 0.3715286 5.02588e-5 0.9284216 0.3715286 -0.003079593 0.8686299 0.4954519 -0.004293322 0.8753156 0.4835333 -0.004293262 0.8753155 0.4835333 -0.004293322 0.8753155 0.4835333 2.61895e-5 0.5600172 0.828481 2.62186e-5 0.5600173 0.828481 2.62006e-5 0.5600172 0.828481 -0.005568742 0.6770572 0.7359094 -0.005568623 0.6770572 0.7359094 -0.005568623 0.6770572 0.7359094 -0.002207279 0.6491854 0.760627 -7.75218e-6 0.7539184 0.6569681 -7.55981e-6 0.7539184 0.6569681 -7.49573e-6 0.7539184 0.6569681 -7.99796e-6 0.8013217 0.5982339 -7.99774e-6 0.8013216 0.5982339 -8.00145e-6 0.8013217 0.5982339 3.46403e-5 0.4861007 0.8739029 3.45198e-5 0.4861006 0.8739029 3.46976e-5 0.4861006 0.8739029 -0.002196788 0.3537668 0.9353311 -0.005624413 0.3894463 0.921032 9.22414e-4 0.2237427 0.9746479 9.22553e-4 0.2237427 0.9746478 9.22451e-4 0.2237427 0.9746478 -0.001123011 0.0942344 0.9955495 -0.001122951 0.0942344 0.9955495 -0.001122951 0.0942344 0.9955495 0 0.06767928 0.9977071 0 0.06767928 0.9977071 2.29951e-6 0.06767928 0.9977071 -1 0 0 -1 -8.67604e-6 0 -1 6.60886e-6 0 -1 6.61726e-6 0 -1 -8.67589e-6 0 -1 2.64859e-5 0 -1 -8.56722e-6 0 -1 -2.64327e-5 0 -1 -5.81864e-6 0 -1 2.64348e-5 0 -1 -1.66434e-5 0 -1 8.67574e-6 0 -1 8.67589e-6 0 0 0.2587116 -0.9659547 0 0.2587116 -0.9659546 0 0.2587116 -0.9659547 0 0.2585955 -0.9659857 0 0.2585955 -0.9659857 0 0.2585955 -0.9659857 0 0.7070833 -0.7071304 0 0.9659394 -0.258769 0 0.9659393 -0.258769 0 0.9659394 -0.258769 0 0.9659393 -0.258769 0 0.9659394 -0.258769 0 0.9659394 -0.258769 0 0.965933 0.2587925 0 0.965933 0.2587925 0 0.965933 0.2587925 0 0.965933 0.2587925 0 0.965933 0.2587925 0 0.965933 0.2587925 0 0.7071068 0.7071068 0 0.2588248 0.9659244 0 0.2588248 0.9659244 0 0.2588248 0.9659244 0 0.2588483 0.965918 0 0.2588483 0.965918 0 0.2588483 0.965918 1 -1.87789e-6 0 1 6.69559e-6 0 1 0 0 1 -2.46962e-5 0 1 -1.12906e-5 0 1 1.38917e-5 0 1 1.87789e-6 0 1 -5.35533e-5 0 1 2.49366e-5 0 1 2.82286e-5 0 1 -2.82252e-5 0 1 2.31553e-5 0 -0.6345045 0 0.7729192 -0.6345022 0 0.7729212 -0.4713796 0 0.8819305 -0.4713478 0 0.8819474 -0.2902368 0 0.9569549 -0.2902733 0 0.9569438 -0.09790956 0 0.9951954 -0.09794753 0 0.9951916 0.77314 0 -0.6342355 0.77314 0 -0.6342354 0.77314 0 -0.6342354 0.7729414 0 -0.6344775 0.8819398 0 -0.4713624 0.8819321 0 -0.4713764 0.9569419 0 -0.29028 0.9569451 0 -0.2902694 0.9951858 0 -0.0980069 0 0 -1 0 1 0 0 1 4.48554e-6 0 1 4.60738e-6 0 1 -3.57599e-5 0 1 8.6485e-6 0 1 -3.00069e-6 0 1 1.61295e-5 0 1 -1.01741e-5 0 -1 0 0 -1 -4.48544e-6 0 -1 -3.82358e-6 0 -1 -8.73102e-6 0 -1 2.15172e-5 0 -1 -6.78276e-6 0 -1 1.69173e-5 0 -1 -1.65038e-5 0 -1 4.74167e-6 0 -1 -1.25154e-6 0 0 1 0.09792006 -0.9951944 0 0.09825396 -0.9951614 0 0.09825396 -0.9951614 -3.80937e-7 0.09825396 -0.9951614 0 0.2902622 -0.9569473 0 0.4713569 -0.8819426 0 0.6344951 -0.772927 0 -0.9987481 0.05002367 0 -0.9977961 0.0663076 0.002514719 -0.7530505 0.6579471 -0.004543721 -0.7530505 0.6579472 -0.0045439 -0.7530504 0.6579471 -0.00454384 -0.7434908 0.6687411 -0.002611279 -0.7434908 0.6687411 -0.002611279 -0.7434908 0.6687411 -0.002611339 -0.7301537 0.6832824 -8.74946e-4 -0.719279 0.6947213 -2.24459e-4 -0.7192791 0.6947213 -2.24449e-4 -0.719279 0.6947213 -2.24689e-4 -0.7146971 0.6994341 -8.63235e-5 -0.7146974 0.6994338 -8.46487e-5 -0.7146974 0.6994339 -8.43854e-5 -0.710761 0.7034336 0 -0.7155573 0.698554 1.03875e-4 -0.7155575 0.6985539 1.04083e-4 -0.7155574 0.698554 1.04182e-4 -0.7215394 0.6923734 3.06307e-4 -0.7215393 0.6923734 3.06364e-4 -0.7215393 0.6923734 3.06266e-4 -0.7334717 0.679719 0.001229882 -0.7334717 0.6797189 0.001229882 -0.7334717 0.6797189 0.001229882 -0.9765558 0.2151073 0.008239865 -0.9800875 0.1985007 0.005122005 -0.9840655 0.1777957 0.001918375 -0.9883961 0.1518985 2.56028e-4 -0.9883961 0.1518985 2.56042e-4 -0.9883961 0.1518985 2.56034e-4 -0.9904107 0.1381547 1.00704e-5 -0.9904107 0.1381547 1.01021e-5 -0.9904107 0.1381547 1.00859e-5 -0.997773 0.0667023 -2.15787e-4 -0.9946721 0.1026655 0.009342193 -0.9946721 0.1026655 0.009342253 -0.9946721 0.1026655 0.009342253 -0.9963991 0.08460336 0.005597233 -0.9357289 0.3527061 0.003135621 -0.949887 0.3125937 -9.5712e-5 -0.9759067 0.218187 7.45503e-4 -0.9603189 0.2773973 0.02895647 -0.9603189 0.2773972 0.02895653 -0.9689118 0.2468528 0.01654052 -0.9214087 0.388407 0.01209211 -0.9238845 0.382536 0.01017701 -0.9093456 0.4160299 0.003148019 -0.9093456 0.4160299 0.0031479 -0.9093456 0.4160299 0.003147959 -0.8111709 0.5848087 7.83109e-4 -0.7450646 0.666986 0.002935469 -0.7450646 0.6669859 0.002935349 -0.7450646 0.666986 0.002935349 -0.7539315 0.656936 0.004747688 -0.7539315 0.656936 0.004747688 -0.7539315 0.656936 0.004747688 -0.7526381 0.65842 0.004356503 -0.7752746 0.6316242 5.83701e-4 -0.7977266 0.6030192 -2.28162e-4 -0.7977266 0.6030192 -2.28226e-4 -0.7977266 0.6030192 -2.28171e-4 -0.830328 0.5572625 0.003760695 -0.830328 0.5572624 0.003760755 -0.830328 0.5572625 0.003760755 -0.8530951 0.5215762 0.01367515 -0.8442886 0.5358309 0.007892012 -0.8701829 0.4927262 0.001632452 -0.8701829 0.4927263 0.001632392 -0.8701829 0.4927263 0.001632392 -0.8894922 0.4569491 -0.00119698 -0.8519504 0.5234618 -0.01297807 -0.8519504 0.5234618 -0.01297813 -0.8519504 0.5234618 -0.01297807 -0.8282841 0.5602992 -0.003237009 -0.828284 0.5602991 -0.003236949 -0.828284 0.5602992 -0.003237009 -0.8102191 0.5861267 -7.30159e-4 -0.8102191 0.5861268 -7.30162e-4 -0.8102191 0.5861268 -7.30132e-4 -0.752641 0.6584215 0.003561615 -0.788127 0.6152825 -0.01683741 -0.7674612 0.6410439 -0.008138358 -0.9311658 0.3645573 -0.005324006 -0.9311658 0.3645573 -0.005324065 -0.9311658 0.3645573 -0.005324065 -0.9238845 0.3825265 -0.01054215 -0.9187232 0.3948286 -0.007617115 -0.9187232 0.3948286 -0.007616996 -0.9187232 0.3948287 -0.007616937 -0.9073162 0.4204435 -0.002186954 -0.8442919 0.5358423 0.006660282 -0.8818202 0.4702616 -0.03531563 -0.8654372 0.5005323 -0.02204573 -0.8654372 0.5005323 -0.02204567 -0.8654372 0.5005323 -0.02204567 -0.9975953 0.06924527 -0.002954602 -0.9975954 0.06924527 -0.002954602 -0.9975954 0.06924527 -0.002954602 -0.9960953 0.08806139 -0.006273746 -0.9977696 0.06673192 -0.001630663 -0.991641 0.1290281 8.79906e-5 -0.988025 0.1542937 -2.6237e-4 -0.9827079 0.1851425 -0.002755105 -0.9827079 0.1851425 -0.002755045 -0.9827079 0.1851425 -0.002755105 -0.9753949 0.2202787 -0.009065151 -0.9753949 0.2202787 -0.009065151 -0.9753949 0.2202787 -0.009065151 -0.9758727 0.2181766 -0.008459985 -0.9630693 0.269253 -6.92762e-4 -0.9630693 0.269253 -6.92726e-4 -0.9630693 0.269253 -6.92761e-4 -0.9486702 0.3162671 4.7491e-4 0 0.9659331 0.2587921 0 0.9659331 0.2587921 0 0.9659331 0.2587921 0 -0.9659827 0.2586069 0 -0.9659827 0.2586069 0 -0.9659827 0.2586069 0 0.9962439 0.08659201 0 0.9962439 0.08659201 0 0.9962439 0.08659201 -3.71696e-4 0.99557 0.09402352 2.12433e-4 0.9652691 0.2612577 2.12456e-4 0.9652691 0.2612577 2.12418e-4 0.9652691 0.2612577 -0.004524707 0.9353166 0.3537833 -0.004602551 0.7603747 0.6494686 -0.004602491 0.7603746 0.6494686 -0.004602551 0.7603747 0.6494686 2.69719e-4 0.8209285 0.5710309 -3.87723e-4 0.9065623 0.4220719 -3.87581e-4 0.9065623 0.4220719 -3.87691e-4 0.9065623 0.4220719 4.86558e-4 0.2813512 0.9596048 4.86586e-4 0.2813512 0.9596048 4.86634e-4 0.2813512 0.9596048 -5.64816e-4 0.4353385 0.9002667 -5.64787e-4 0.4353385 0.9002667 -5.64816e-4 0.4353385 0.9002667 -0.004561126 0.4953935 0.8686567 2.64134e-4 0.5806725 0.8141372 2.64183e-4 0.5806725 0.8141373 2.64068e-4 0.5806725 0.8141372 -3.45246e-4 0.7090041 0.7052044 -3.45389e-4 0.709004 0.7052044 -3.4522e-4 0.7090042 0.7052043 -0.01691293 -0.3099364 0.950607 -0.01691287 -0.3099362 0.9506069 -0.01691281 -0.3099364 0.9506069 9.57792e-5 -0.1716534 0.9851574 2.17467e-7 -0.3982353 0.9172833 0 -0.3982353 0.9172833 0 -0.3982353 0.9172833 -0.0065701 -0.2119553 0.9772573 -2.01216e-5 -0.06648254 0.9977876 -2.01448e-5 -0.06648254 0.9977876 -2.01894e-5 -0.06648254 0.9977876 1.93725e-5 0.1716546 0.9851572 -0.01682901 0.02287739 0.9995967 -0.01682901 0.02287745 0.9995967 -0.01682853 0.02287745 0.9995967 -0.007070422 0.1197766 0.9927757 -0.007070422 0.1197767 0.9927757 -0.007070362 0.1197766 0.9927757 -6.28414e-5 -0.7606593 0.6491513 -0.01890188 -0.8424642 0.5384207 -0.01890182 -0.8424642 0.5384209 -0.01890194 -0.8424642 0.5384207 -0.007079303 -0.7822555 0.6229175 0 -0.6865202 0.7271109 0 -0.4953654 0.8686848 -0.01799899 -0.612442 0.7903108 -0.01799893 -0.612442 0.7903107 -0.01799893 -0.6124417 0.7903108 -0.006589472 -0.5267835 0.8499739 -0.006589531 -0.5267835 0.8499739 -0.006589472 -0.5267835 0.8499739 0 -0.9955842 0.09387373 -0.003316164 -0.9986245 0.05232745 -0.003316223 -0.9986245 0.05232781 -0.003316104 -0.9986246 0.05232763 0.001230895 -0.9832587 0.1822112 0.001230955 -0.9832587 0.1822111 0.001231074 -0.9832587 0.1822112 -0.004175424 -0.9353201 0.3537778 -0.00605148 -0.9410991 0.338077 -4.92731e-6 -0.8887553 0.4583821 -4.91869e-6 -0.8887553 0.4583821 -4.93032e-6 -0.8887553 0.4583821 0 -0.9972419 -0.07422012 0 -0.9972419 -0.07422012 0 -0.9972419 -0.07422012 -0.001286685 -0.9955785 -0.09392505 8.54481e-4 -0.9748325 -0.2229375 8.5455e-4 -0.9748324 -0.2229375 8.54563e-4 -0.9748325 -0.2229375 -0.006188273 -0.9290494 -0.3699039 -0.004341483 -0.9353269 -0.3537583 -4.2817e-5 -0.8810741 -0.4729784 -4.25754e-5 -0.8810741 -0.4729784 -4.29119e-5 -0.8810741 -0.4729785 -6.40757e-5 -0.8426669 -0.5384352 -6.41502e-5 -0.8426669 -0.5384353 -6.41518e-5 -0.8426668 -0.5384355 -0.0038082 -0.7605983 -0.6492118 -0.005488574 -0.7701073 -0.6378908 -0.005488574 -0.7701073 -0.6378908 -0.005488634 -0.7701074 -0.6378908 -3.43164e-5 -0.3930347 -0.9195237 -3.42736e-5 -0.3930346 -0.9195237 -3.43428e-5 -0.3930346 -0.9195237 -0.005539655 -0.516543 -0.8562434 -0.002954721 -0.4954029 -0.8686584 -2.60908e-5 -0.6158449 -0.7878675 -2.62372e-5 -0.615845 -0.7878674 -2.61564e-5 -0.6158449 -0.7878675 -1.51634e-5 -0.678424 -0.7346706 -1.52355e-5 -0.678424 -0.7346706 -1.52093e-5 -0.678424 -0.7346707 -2.23812e-5 -0.3088706 -0.9511042 -2.22662e-5 -0.3088707 -0.9511041 -2.22537e-5 -0.3088707 -0.9511041 -0.003183007 -0.1715971 -0.9851621 -0.004778802 -0.1881805 -0.9821228 -0.004778802 -0.1881805 -0.9821228 -0.004778742 -0.1881805 -0.9821228 3.88077e-5 0.290745 -0.9568006 3.87343e-5 0.290745 -0.9568006 3.86096e-5 0.290745 -0.9568006 -0.004165232 0.1603519 -0.9870512 -0.003196477 0.1719407 -0.9851022 -0.003196418 0.1719407 -0.9851021 -0.003196418 0.1719407 -0.9851021 0 0.03545415 -0.9993714 -3.13128e-7 0.03545415 -0.9993713 -2.12319e-7 0.03545409 -0.9993713 -1.65789e-5 -0.05266457 -0.9986124 -1.65089e-5 -0.05266457 -0.9986124 -1.65141e-5 -0.05266457 -0.9986124 5.03676e-5 0.3715084 -0.9284297 5.03708e-5 0.3715084 -0.9284297 5.04224e-5 0.3715084 -0.9284297 -0.003079712 0.4954294 -0.8686429 -0.004297673 0.483482 -0.8753438 -0.004297792 0.483482 -0.8753438 -0.004297733 0.483482 -0.8753439 2.99679e-5 0.8282844 -0.5603081 2.99773e-5 0.8282844 -0.560308 3.00364e-5 0.8282843 -0.560308 -0.005567252 0.7359859 -0.6769741 -0.005567133 0.7359859 -0.676974 -0.005567073 0.7359859 -0.676974 -0.002211809 0.7606529 -0.6491551 -9.84909e-6 0.6568389 -0.754031 -9.97036e-6 0.6568387 -0.7540312 -9.70897e-6 0.6568391 -0.7540308 -1.59053e-5 0.5980711 -0.8014432 -1.59287e-5 0.5980711 -0.8014431 -1.58943e-5 0.5980711 -0.8014432 3.25214e-5 0.8739654 -0.4859884 3.24248e-5 0.8739653 -0.4859885 3.25243e-5 0.8739652 -0.4859886 -0.002191066 0.9353283 -0.3537744 -0.005627095 0.9209979 -0.3895271 9.22067e-4 0.9746363 -0.2237929 9.2214e-4 0.9746364 -0.2237928 9.22098e-4 0.9746364 -0.2237927 -0.001075387 0.9955635 -0.09408676 0 0.9977295 -0.06734901 0 0.9977295 -0.06734907 4.72285e-6 0.9977295 -0.06734907 -1 4.95665e-6 0 -1 -4.29126e-6 0 -1 4.29096e-6 0 -1 -4.95665e-6 0 -1 8.32057e-6 0 0 -0.9659394 -0.258769 0 -0.9659393 -0.258769 0 -0.9659394 -0.258769 0 -0.9659394 -0.2587686 0 -0.9659394 -0.2587686 0 -0.9659394 -0.2587686 0 0.9659394 -0.2587686 0 0.9659394 -0.2587686 0 0.9659394 -0.2587686 1 1.31733e-5 0 1 -1.54353e-6 0 1 -2.51058e-5 0 1 1.54353e-6 0 1 -1.90972e-6 0 1 3.6462e-5 0 1 -1.31733e-5 0 -0.6344951 0.772927 0 -0.4713569 0.8819426 0 -0.2902622 0.9569473 0 -0.09792006 0.9951944 0 0.7729418 -0.634477 0 0.7729465 -0.6344712 0 0.8819344 -0.4713721 0 0.8819384 -0.4713647 0 0.956952 -0.2902464 0 0.9951829 -0.09803539 0 4.48543e-6 0 1 -2.37086e-6 0 1 1.57721e-5 0 1 -4.02414e-5 0 1 1.07589e-5 0 1 0 -0.1821613 0.9832687 0 -0.1821615 0.9832687 0 -0.5226721 0.8525339 0 -0.5222449 0.8527956 0 -0.5222449 0.8527956 0 -0.5222449 0.8527956 0 -0.7935624 0.608489 0 -0.7935624 0.608489 0 -0.7935624 0.608489 0 -0.793455 0.6086289 0 -0.793455 0.6086289 -3.05569e-7 -0.793455 0.6086289 0 -0.9588671 0.2838555 0 -0.9588671 0.2838555 0 -0.9588671 0.2838555 0 -0.9589511 0.2835716 0 -0.9969139 -0.07850241 0 -0.9969108 -0.07854324 -0.8584086 0.4954469 0.132918 -0.8583732 0.362738 0.36279 -0.8583454 0.1326881 0.495618 -0.8583454 0.1326881 0.495618 -0.8583453 0.1326881 0.495618 -0.8584025 0.1329131 -0.4954587 -0.8584226 0.3626884 -0.362723 -0.8583967 0.4954673 -0.1329188 0 0.2587938 0.9659326 0 0.2587938 0.9659326 0 0.2587938 0.9659326 0 0.2588864 0.9659079 3.46603e-7 0.2588864 0.9659078 0 0.2588864 0.9659078 0 0.7070676 0.7071461 0 0.9659655 0.2586712 0 0.9659655 0.2586712 0 0.9659655 0.2586712 0 0.9659655 0.2586712 0 0.9659655 0.2586712 0 0.9659655 0.2586712 0 0.9658448 -0.2591217 0 0.9658446 -0.2591222 0 0.7070915 -0.7071221 0 0.2587454 -0.9659456 0 0.2587454 -0.9659456 0 0.2587454 -0.9659456 0 0.2586061 -0.9659829 0 0.2586061 -0.965983 0 0.2586061 -0.965983 -0.6946722 0.1861969 0.6948103 -0.6946721 0.1861968 0.6948105 -0.6946722 0.1861968 0.6948103 -0.6945722 0.1862414 0.6948983 -0.6945722 0.1862414 0.6948983 -0.6948537 0.5084983 0.5085352 -0.6948537 0.5084982 0.5085351 -0.6948537 0.5084982 0.5085352 -0.6946691 0.5086457 0.5086398 -0.6946691 0.5086457 0.5086398 -0.694707 0.6947747 0.1861997 -0.694707 0.6947747 0.1861997 -0.6947425 0.6947445 0.1861799 -0.6947425 0.6947445 0.1861799 -0.6947425 0.6947446 0.1861798 -0.6947587 0.6947289 -0.1861779 -0.6947587 0.6947288 -0.1861779 -0.6947587 0.6947289 -0.1861779 -0.6946896 0.694796 -0.1861851 -0.6946896 0.694796 -0.186185 -0.6946896 0.694796 -0.186185 -0.6946455 0.5086585 -0.5086593 -0.6946455 0.5086585 -0.5086593 -0.6946455 0.5086585 -0.5086593 -0.694663 0.5086249 -0.5086689 -0.694663 0.508625 -0.508669 -0.694589 0.1862187 -0.6948876 -0.694589 0.1862187 -0.6948876 -0.694589 0.1862187 -0.6948876 -0.6948081 0.1861742 -0.6946805 -0.6948081 0.1861742 -0.6946805 -0.694808 0.1861743 -0.6946805 0 -0.9238627 -0.3827243 0 -0.9238627 -0.3827243 0 -0.9238627 -0.3827243 0 -0.9237343 -0.3830339 0 -0.7935961 -0.6084449 0 -0.7935963 -0.6084447 0 -0.6084669 -0.7935793 0 -0.6084502 -0.793592 0 -0.3830227 -0.923739 0 -0.3830349 -0.9237339 0 -0.1302457 -0.9914818 0 -0.1302502 -0.9914812 -0.0485019 -0.2221612 -0.9738029 -0.04852968 -0.2222838 -0.9737735 -0.04853379 -0.6229538 -0.7807516 -0.0485875 -0.6228705 -0.7808148 -0.04858744 -0.6228705 -0.7808148 -0.0485875 -0.6228705 -0.7808148 -0.04870468 -0.8998711 -0.4334279 -0.0485689 -0.8997871 -0.4336176 -0.0485689 -0.8997871 -0.4336176 -0.0485689 -0.8997872 -0.4336177 -0.04851579 -0.9988225 0 -0.04851323 -0.9988226 0 -0.04857158 -0.8998691 0.4334471 -0.04860132 -0.899842 0.4335004 -0.04860132 -0.899842 0.4335004 -0.04860138 -0.899842 0.4335004 -0.04862391 -0.6229614 0.78074 -0.04855501 -0.6229058 0.7807886 -0.04855507 -0.6229058 0.7807886 -0.04855501 -0.6229059 0.7807886 -0.04852098 -0.2221179 0.9738119 -0.04849833 -0.2222606 0.9737803 0 -0.8985413 -0.438889 0.007812857 -0.9723824 -0.2332625 0.007812798 -0.9723823 -0.2332629 0.007812738 -0.9723822 -0.2332634 -1.20118e-5 -0.9009414 -0.4339409 -4.47458e-6 -0.9978588 -0.06540441 -4.44661e-6 -0.9978588 -0.06540447 -4.46186e-6 -0.9978588 -0.06540447 -0.007959067 -0.9009439 -0.4338624 -0.007959067 -0.9009439 -0.4338625 -0.007959067 -0.9009439 -0.4338625 0.005851507 -0.9876833 0.1563569 2.81895e-5 -1 0 -8.44231e-6 -0.9504996 0.3107261 0.002041041 -0.9009157 0.4339896 -1.29007e-5 -0.8568732 0.5155273 -1.29197e-5 -0.8568732 0.5155273 -1.27845e-5 -0.8568732 0.5155273 2.3453e-6 -0.7659977 0.6428434 2.37026e-6 -0.7659977 0.6428433 2.26859e-6 -0.7659978 0.6428433 8.03106e-4 -0.623714 0.7816522 0.00305742 -0.6752661 0.7375678 0.00305742 -0.6752662 0.7375679 0.003057479 -0.6752662 0.7375679 -0.07303756 -0.8985814 0.4326857 -0.07303762 -0.8985815 0.4326857 -0.07303756 -0.8985813 0.4326858 -0.06359428 -0.8973429 0.4367283 -0.06359428 -0.8973429 0.4367283 -0.06359434 -0.8973429 0.4367283 4.81043e-4 -0.801945 0.5973976 4.81126e-4 -0.8019448 0.597398 4.80733e-4 -0.801945 0.5973978 -0.003062784 -0.6235003 0.7818172 -0.003062784 -0.6235002 0.7818172 -0.003062844 -0.6235002 0.7818173 -0.09932935 -0.6570909 0.7472385 -0.09932923 -0.6570909 0.7472384 -0.09932923 -0.657091 0.7472384 0 -0.5161982 0.8564692 0 -0.5161982 0.8564692 0 -0.5161982 0.8564692 -4.21889e-7 -0.9734367 -0.2289565 9.27055e-7 -0.9734343 -0.2289664 2.39792e-6 -0.9734354 -0.2289621 1.29311e-4 -0.9923401 -0.1235365 1.29254e-4 -0.9923401 -0.1235366 1.29187e-4 -0.99234 -0.1235367 -0.1046893 -0.9945051 0 -0.1046893 -0.994505 0 -0.1046893 -0.9945051 0 -0.001200497 -0.9950407 0.0994628 -0.001200497 -0.9950406 0.0994628 -0.001200497 -0.9950407 0.0994628 2.86422e-4 -0.9673486 0.2534499 2.86005e-4 -0.9673485 0.2534499 2.85964e-4 -0.9673484 0.2534501 0 -0.5162886 0.8564146 0 -0.5162886 0.8564146 0 -0.5162886 0.8564146 0 -0.2223762 0.9749609 0 -0.2223842 0.9749591 0 -0.8983684 -0.439243 0 -0.8983684 -0.439243 0 -0.8983684 -0.439243 0 -0.6236625 -0.7816938 0 -0.6234179 -0.7818889 0 -0.6234179 -0.7818889 0 -0.6234179 -0.7818889 0 -0.2224197 -0.9749511 0 -0.2224275 -0.9749493 0 0.8982735 0.439437 0 0.8982735 0.439437 0 0.8982735 0.439437 0.007905066 0.9728053 0.23149 0.007905125 0.9728053 0.2314899 0.007905185 0.9728053 0.2314898 -1.32765e-5 0.9009169 0.4339917 -2.59139e-5 0.9978084 0.0661695 -0.007812559 0.9009348 0.4338842 -0.007812559 0.9009348 0.4338843 -0.007812559 0.9009348 0.4338842 0.005862712 0.9876347 -0.1566637 0.005862712 0.9876346 -0.1566636 0.005862712 0.9876347 -0.1566636 2.73353e-5 1 0 -8.44135e-6 0.9504469 -0.3108873 0.002040326 0.9009402 -0.4339384 -1.26899e-5 0.8568237 -0.5156095 -1.27655e-5 0.8568238 -0.5156095 -1.2682e-5 0.8568238 -0.5156095 2.2812e-6 0.7664906 -0.6422556 2.35167e-6 0.7664907 -0.6422554 1.99181e-6 0.7664908 -0.6422553 7.95646e-4 0.6234041 -0.7818995 7.95615e-4 0.6234041 -0.7818995 7.95631e-4 0.6234041 -0.7818996 0.003067195 0.6754072 -0.7374387 0.003067195 0.6754072 -0.7374387 0.003067314 0.6754071 -0.7374387 -0.07302659 0.8985384 -0.4327771 -0.06360203 0.8973124 -0.4367897 -0.06360197 0.8973125 -0.4367897 -0.06360203 0.8973125 -0.4367898 4.77875e-4 0.8019086 -0.5974467 4.78242e-4 0.8019087 -0.5974465 4.78225e-4 0.8019086 -0.5974466 -0.003226041 0.6235362 -0.7817879 -0.003226041 0.6235362 -0.7817879 -0.003226041 0.6235362 -0.7817879 -0.09938317 0.6571404 -0.7471878 -0.09938311 0.6571404 -0.7471878 -0.09938317 0.6571403 -0.7471879 0 0.5161584 -0.8564932 0 0.5161584 -0.8564932 0 0.5161584 -0.8564932 -5.25825e-6 0.9734376 0.2289527 -5.79538e-6 0.9734414 0.2289365 -3.23559e-6 0.9734396 0.2289439 1.11931e-4 0.992348 0.1234735 1.12023e-4 0.992348 0.1234734 1.11861e-4 0.992348 0.1234735 -0.1048838 0.9944846 0 -0.1048838 0.9944846 0 -0.1048838 0.9944846 0 -0.001092255 0.9950585 -0.09928488 -0.001092255 0.9950585 -0.09928494 -0.001092255 0.9950585 -0.09928488 2.95509e-4 0.9673747 -0.2533499 2.95615e-4 0.9673748 -0.2533499 2.95419e-4 0.9673747 -0.25335 0 0.5162051 -0.8564651 0 0.5162051 -0.8564651 1.19282e-7 0.5162051 -0.8564651 0 0.2224196 -0.9749511 0 0.2224039 -0.9749546 0 0.898315 0.4393521 0 0.898315 0.4393521 0 0.898315 0.4393522 0 0.6237082 0.7816574 0 0.623708 0.7816575 0 0.2223762 0.9749609 0 0.2223604 0.9749646 -1 -7.52831e-6 0 -1 -1.03417e-5 0 -1 1.56074e-5 0 -1 5.07862e-6 0 -1 -1.48839e-5 0 -1 -1.52458e-5 0 -1 1.03417e-5 0 -1 -1.01585e-5 0 -1 9.92221e-6 0 -1 3.41012e-5 0 -1 -9.64878e-6 0 -1 -3.6515e-5 0 -1 1.86261e-5 0 -0.04848033 0.2221021 0.9738174 -0.04853689 0.2222514 0.9737805 -0.0485748 0.6227399 0.7809197 -0.0485748 0.6227398 0.7809197 -0.04857486 0.6227398 0.7809197 -0.04856729 0.6227362 0.780923 -0.04856735 0.6227363 0.7809231 -0.04856723 0.6227362 0.780923 -0.04871135 0.8998621 0.433446 -0.04857051 0.8998596 0.4334672 -0.04857045 0.8998596 0.4334672 -0.04857051 0.8998596 0.4334672 -0.04851347 0.9988226 0 -0.04851573 0.9988225 0 -0.04856967 0.9000081 -0.4331587 -0.04856961 0.9000081 -0.4331587 -0.04856961 0.9000081 -0.4331587 -0.04861307 0.8998267 -0.4335306 -0.04861307 0.8998267 -0.4335306 -0.04861313 0.8998267 -0.4335306 -0.04855012 0.6226827 -0.7809668 -0.04855012 0.6226827 -0.7809668 -0.04855012 0.6226827 -0.7809668 -0.04855912 0.6229081 -0.7807865 -0.04855912 0.6229082 -0.7807865 -0.04862475 0.2224591 -0.9737287 -0.04862475 0.2224591 -0.9737288 -0.04862481 0.2224591 -0.9737288 -0.04848605 0.2222755 -0.9737777 -1 -1.86902e-5 0 -1 7.59694e-6 0 -1 9.3006e-7 0 -1 -9.30004e-7 0 -1 -8.5435e-6 0 -1 -4.50938e-6 0 -1 3.8619e-6 0 -1 8.08198e-6 0 -1 1.86916e-5 0 0 0.1302412 -0.9914824 0 0.1302413 -0.9914823 0 0.3830472 -0.9237289 0 0.3830349 -0.9237339 0 0.6086999 -0.7934006 0 0.6086999 -0.7934006 0 0.6086999 -0.7934006 0 0.6084336 -0.7936048 0 0.7935961 -0.6084449 0 0.7935963 -0.6084447 0 0.9237343 -0.3830343 0 0.9237465 -0.3830045 1 2.39335e-6 0 1 -2.65991e-6 0 1 4.09276e-6 0 1 -7.42997e-6 0 1 3.14901e-6 0 1 -5.18672e-6 0 1 -2.00064e-6 0 1 3.03464e-6 0 1 -4.09286e-6 0 0.7072404 0.6642872 -0.2419374 0.7072408 0.6642867 -0.2419375 0.7072399 0.6642875 -0.2419381 0.7071089 0.6644609 -0.2418444 0.7071088 0.6644613 -0.2418439 0.7071085 0.6644617 -0.2418437 0.7068731 0.6647414 -0.2417628 0.7068743 0.6647406 -0.2417618 0.7068729 0.6647416 -0.2417627 0.7070216 0.6645581 -0.2418326 0.7070215 0.6645581 -0.2418326 0.7070216 0.6645581 -0.2418326 0.7071622 0.6644037 -0.2418459 0.7071622 0.6644037 -0.2418457 0.7071622 0.6644037 -0.2418457 0.707358 0.6642516 -0.2416908 0.7073581 0.6642517 -0.2416908 0.707358 0.6642516 -0.2416908 0 0.9397111 -0.3419697 0 0.9396953 -0.342013 -0.7071944 0.6643679 -0.2418501 -0.7071944 0.6643679 -0.2418501 -0.7071943 0.6643679 -0.2418501 -0.7071147 0.6644679 -0.2418083 -0.7079465 0.6635885 -0.2417893 -0.7079464 0.6635887 -0.2417893 -0.7079467 0.6635883 -0.2417893 -0.7069084 0.6646803 -0.2418281 -0.7069084 0.6646802 -0.2418281 -0.7069084 0.6646803 -0.241828 -0.7072094 0.6643582 -0.2418328 -0.7072094 0.6643583 -0.2418329 -0.7072094 0.6643583 -0.2418327 -0.7070948 0.6644725 -0.2418538 -0.7070948 0.6644726 -0.2418537 -0.7070947 0.6644726 -0.2418538 0.7068794 -0.6646346 0.2420383 0.7068794 -0.6646347 0.2420378 0.7068802 -0.6646339 0.2420377 0.707171 -0.6643744 0.2419006 0.707171 -0.6643745 0.2419005 0.7071712 -0.664374 0.2419009 0.7069763 -0.6646252 0.2417808 0.7069759 -0.6646257 0.2417804 0.7069728 -0.6646285 0.2417818 0.7071209 -0.6644498 0.2418398 0.7071209 -0.6644498 0.2418398 0.7071209 -0.6644498 0.2418398 0.7070961 -0.6644711 0.241854 0.7070961 -0.6644711 0.241854 0.7070961 -0.6644712 0.241854 0.7072623 -0.6643325 0.2417486 0.7072622 -0.6643325 0.2417486 0.7072622 -0.6643325 0.2417486 -0.7069125 -0.6645995 0.2420376 -0.7069125 -0.6645995 0.2420377 -0.7069125 -0.6645996 0.2420377 -0.7072016 -0.664381 0.2417927 -0.7072444 -0.6642946 0.2419052 -0.7072446 -0.6642944 0.2419053 -0.7072443 -0.6642946 0.2419053 -0.707157 -0.6644486 0.2417376 -0.7071571 -0.6644484 0.2417376 -0.7071571 -0.6644485 0.2417376 -0.7070397 -0.6645411 0.2418267 -0.7070397 -0.6645411 0.2418268 -0.7070397 -0.6645411 0.2418267 -0.7070765 -0.6644956 0.2418439 -0.7070765 -0.6644957 0.2418438 -0.7070764 -0.6644957 0.2418438 0 -0.9396946 0.342015 0 -0.9397096 0.3419736 -0.6947453 -0.1861668 -0.6947454 -0.6947451 -0.1861668 -0.6947455 -0.6947451 -0.1861667 -0.6947454 -0.6946563 -0.1861952 -0.6948266 -0.6946563 -0.1861951 -0.6948266 -0.6946563 -0.1861951 -0.6948266 -0.6945802 -0.5087571 -0.5086498 -0.6945802 -0.5087571 -0.5086498 -0.6947005 -0.508598 -0.5086446 -0.6947006 -0.508598 -0.5086446 -0.6947005 -0.5085979 -0.5086447 -0.6947481 -0.6947525 -0.1861294 -0.6947481 -0.6947524 -0.1861294 -0.6947481 -0.6947525 -0.1861293 -0.6946195 -0.6948627 -0.1861981 -0.6946195 -0.6948626 -0.1861982 -0.6947575 -0.6947463 0.1861175 -0.6947575 -0.6947463 0.1861174 -0.6945853 -0.6948962 0.1862003 -0.6945853 -0.6948962 0.1862003 -0.6945853 -0.6948963 0.1862003 -0.694647 -0.5086225 0.5086933 -0.694647 -0.5086225 0.5086932 -0.694647 -0.5086225 0.5086932 -0.694791 -0.5085932 0.5085259 -0.694791 -0.5085932 0.5085259 -0.694791 -0.5085933 0.5085258 -0.6947066 -0.1861926 0.694777 -0.6947065 -0.1861927 0.6947771 -0.6947066 -0.1861925 0.694777 -0.6947672 -0.1861704 0.6947223 -0.6947673 -0.1861704 0.6947222 -0.6947673 -0.1861703 0.6947224 0 -0.2587148 -0.9659538 0 -0.2587147 -0.9659538 0 -0.2587148 -0.9659538 0 -0.2586061 -0.9659829 0 -0.2586061 -0.965983 0 -0.2586061 -0.965983 0 -0.7070915 -0.7071221 0 -0.9658448 -0.2591217 0 -0.9658752 -0.2590081 0 -0.9659961 0.258557 0 -0.9659961 0.258557 0 -0.9659961 0.258557 0 -0.9659655 0.2586712 0 -0.9659655 0.2586712 0 -0.9659655 0.2586712 0 -0.7070676 0.7071461 0 -0.2588401 0.9659202 0 -0.2588401 0.9659202 0 -0.2588401 0.9659202 0 -0.2588096 0.9659284 0 -0.2588096 0.9659284 0 -0.2588096 0.9659284 -0.8584155 -0.4954282 -0.1329429 -0.8584441 -0.3626975 -0.3626628 -0.8584095 -0.1328927 -0.495452 -0.8583534 -0.132842 0.4955629 -0.8583534 -0.132842 0.4955629 -0.8583535 -0.132842 0.4955628 -0.8583949 -0.3627471 0.3627299 -0.8584001 -0.4954519 0.132954 0 0.2586761 0.9659641 0 0.2589943 0.9658789 0 0.2589943 0.9658789 0 0.2589943 0.9658789 0 -0.2586758 0.9659643 0 -0.2586705 0.9659656 0 0.9969108 -0.0785433 0 0.9969172 -0.07846152 0 0.9588559 0.2838934 0 0.9588559 0.2838934 0 0.9588559 0.2838933 0 0.9588671 0.2838555 0 0.9588671 0.2838555 0 0.9588671 0.2838555 0 0.7934749 0.6086031 3.05572e-7 0.7934749 0.6086031 0 0.7934749 0.6086031 0 0.7934749 0.6086031 0 0.7934749 0.6086031 0 0.7934749 0.6086031 0 0.5226537 0.8525451 0 0.5222266 0.8528068 0 0.5222266 0.8528068 -3.67613e-7 0.5222266 0.8528068 0 0.182154 0.9832701 0 0.1821615 0.9832687 0 -0.1821576 0.9832693 0 -0.1821578 0.9832693 0 -0.5226628 0.8525394 0 -0.7932805 0.6088564 0 -0.7932707 0.6088693 0 -0.9588559 0.2838934 0 -0.9588559 0.2838934 0 -0.9588559 0.2838933 0 -0.9588559 0.2838933 0 -0.9588559 0.2838934 0 -0.9588559 0.2838934 0 -0.9969124 -0.07852286 0 -0.996914 -0.07850235 -0.8584001 0.4954519 0.132954 -0.8583949 0.3627471 0.3627299 -0.8583567 0.132952 0.4955275 -0.8583567 0.132952 0.4955275 -0.8583567 0.132952 0.4955275 -0.8582742 0.132569 -0.495773 -0.8582742 0.132569 -0.495773 -0.8582742 0.132569 -0.495773 -0.8584441 0.3626975 -0.3626628 -0.8584292 0.4954061 -0.132937 0 0.2588249 0.9659243 0 0.2588249 0.9659243 0 0.2588249 0.9659243 0 0.2588249 0.9659243 0 0.2588249 0.9659243 0 0.2588249 0.9659243 0 0.7070982 0.7071154 0 0.9659502 0.2587282 0 0.9659503 0.2587283 0 0.9659502 0.2587282 0 0.9659655 0.2586712 0 0.9659655 0.2586712 0 0.9659655 0.2586712 0 0.9658293 -0.2591793 0 0.7071221 -0.7070915 0 0.2587301 -0.9659497 0 0.2587301 -0.9659497 0 0.2587301 -0.9659497 0 0.2590538 -0.965863 -0.694725 0.1861469 0.6947709 -0.6947251 0.1861468 0.6947708 -0.6947251 0.1861469 0.6947708 -0.6947689 0.1861489 0.6947265 -0.694769 0.1861489 0.6947264 -0.6947689 0.1861488 0.6947264 -0.6947405 0.5085651 0.5086229 -0.6947405 0.5085652 0.5086229 -0.6946596 0.5086511 0.5086473 -0.6946597 0.5086511 0.5086474 -0.6943522 0.6950376 0.1865419 -0.6946194 0.6948657 0.1861872 -0.6946194 0.6948657 0.1861872 -0.6947706 0.6947291 -0.1861321 -0.6947707 0.6947292 -0.186132 -0.6947706 0.6947293 -0.186132 -0.6943114 0.6951479 -0.1862825 -0.6947959 0.508526 -0.5085862 -0.694796 0.508526 -0.5085862 -0.6946109 0.5086883 -0.5086767 -0.6946108 0.5086884 -0.5086768 -0.6946108 0.5086883 -0.5086767 -0.6945883 0.1862159 -0.6948891 -0.6945883 0.1862159 -0.6948891 -0.6947139 0.1861894 -0.6947706 -0.6947138 0.1861895 -0.6947706 -0.6947138 0.1861894 -0.6947706 0 -0.9237403 -0.3830196 0 -0.923869 -0.3827092 0 -0.923869 -0.3827092 0 -0.923869 -0.3827092 0 -0.7933838 -0.6087218 0 -0.7933838 -0.6087219 0 -0.7933838 -0.6087219 0 -0.6088307 -0.7933003 0 -0.6088307 -0.7933003 0 -0.6088306 -0.7933003 0 -0.6088222 -0.7933067 0 -0.6088224 -0.7933067 0 -0.6088224 -0.7933067 0 -0.3827189 -0.9238649 0 -0.3827189 -0.9238649 0 -0.3827189 -0.9238649 0 -0.1302479 -0.9914816 0 -0.1302458 -0.9914818 -0.04852873 -0.2222794 -0.9737746 -0.04856055 -0.6228583 -0.7808262 -0.04856055 -0.6228582 -0.7808262 -0.04856055 -0.6228582 -0.7808262 -0.04856824 -0.622731 -0.7809273 -0.04856818 -0.622731 -0.7809273 -0.04856818 -0.622731 -0.7809273 -0.04856514 -0.8999108 -0.4333612 -0.0485652 -0.8999108 -0.4333612 -0.04856526 -0.8999108 -0.4333612 -0.04856967 -0.8998417 -0.4335044 -0.04856973 -0.8998416 -0.4335044 -0.04856973 -0.8998416 -0.4335044 -0.04851347 -0.9988226 0 -0.04851073 -0.9988227 0 -0.04856723 -0.899869 0.433448 -0.04856729 -0.899869 0.433448 -0.04856556 -0.8999161 0.4333504 -0.04856556 -0.8999161 0.4333504 -0.04856556 -0.8999161 0.4333504 -0.04856127 -0.6228036 0.7808699 -0.04856121 -0.6228036 0.7808698 -0.04856127 -0.6228036 0.7808699 -0.04855984 -0.6228308 0.7808481 -0.04855978 -0.6228308 0.7808481 -0.04855984 -0.6228308 0.7808482 -0.04849737 -0.2222563 0.9737814 0 -0.1458755 0.9893029 0 -0.1458755 0.989303 0 -0.1458755 0.9893029 -0.1074285 -0.2210918 0.9693181 -0.06361615 -0.622236 0.7802406 -0.06361615 -0.622236 0.7802406 -0.06361615 -0.622236 0.7802406 -9.12145e-4 -0.4963792 0.8681054 -9.12037e-4 -0.4963794 0.8681052 -9.12133e-4 -0.4963793 0.8681053 9.05518e-4 -0.3636624 0.9315305 9.05496e-4 -0.3636624 0.9315305 9.0552e-4 -0.3636625 0.9315304 0 -0.2223781 0.9749605 0.005639135 -0.4980595 0.8671245 6.24608e-5 -0.623547 0.7817859 6.24575e-5 -0.623547 0.7817859 6.24698e-5 -0.623547 0.7817859 -3.90378e-5 -0.3641455 0.9313421 0.002899706 -0.1462837 0.9892385 0.002899765 -0.1462838 0.9892385 0.002899706 -0.1462837 0.9892385 0 -0.14591 -0.9892979 0 -0.14591 -0.9892979 0 -0.14591 -0.9892979 0.00189048 -0.2224134 -0.9749506 -3.77615e-5 -0.3642008 -0.9313205 0 -0.2224221 -0.9749505 -0.1480094 -0.1656628 -0.9750124 -0.1480094 -0.1656629 -0.9750124 -0.1480094 -0.1656629 -0.9750124 0.001202046 -0.3636292 -0.9315431 0.001202106 -0.3636292 -0.9315431 0.001202106 -0.3636292 -0.9315431 -0.002800047 -0.623523 -0.7818 -0.002799987 -0.6235229 -0.7818001 -0.002800047 -0.623523 -0.7818 -0.1402394 -0.5501919 -0.8231779 -0.1402395 -0.550192 -0.8231779 -0.1402394 -0.5501919 -0.8231779 0 -0.675867 -0.7370237 1.91259e-5 -0.4960258 -0.8683078 1.91382e-5 -0.4960258 -0.8683078 1.9151e-5 -0.4960258 -0.8683078 0.001758813 -0.623667 -0.7816882 0.001758873 -0.623667 -0.7816882 0.001758813 -0.623667 -0.7816882 0 -0.6758759 -0.7370155 0 -0.9009318 -0.4339607 0 -0.9009318 -0.4339607 0 -0.9009318 -0.4339607 0 -0.9009736 -0.4338741 0 -0.9009736 -0.4338741 0 -0.9009736 -0.4338741 0 -0.9009649 0.4338922 0 -0.9009649 0.4338922 0 -0.9009649 0.4338922 0 -0.900965 0.433892 0 -0.900965 0.433892 0 -0.900965 0.433892 0 -0.6758759 0.7370155 0 -0.6756196 0.7372505 0 -0.6756196 0.7372504 0 -0.6756196 0.7372504 0 0.1457724 -0.9893183 0 0.1457724 -0.9893183 0 0.1457724 -0.9893183 -0.107754 0.2211803 -0.9692618 -0.107754 0.2211803 -0.9692618 -0.107754 0.2211803 -0.9692618 -0.06353729 0.6224117 -0.780107 -0.06353729 0.6224117 -0.780107 -0.06353729 0.6224116 -0.780107 -8.98775e-4 0.4964025 -0.8680921 -8.98647e-4 0.4964028 -0.868092 -8.98662e-4 0.4964026 -0.8680921 0.001013994 0.36366 -0.9315313 0.001014053 0.36366 -0.9315313 0.001013994 0.36366 -0.9315313 0 0.2224172 -0.9749517 0.005608022 0.4984985 -0.8668725 0.005607962 0.4984985 -0.8668725 0.005607962 0.4984985 -0.8668725 6.72103e-5 0.6233694 -0.7819275 6.71274e-5 0.6233694 -0.7819275 6.71413e-5 0.6233694 -0.7819275 -3.72605e-5 0.3641815 -0.931328 0.002897143 0.1463222 -0.9892328 0.002897143 0.1463222 -0.9892328 0.002897143 0.1463222 -0.9892328 0 0.1462079 0.9892539 0.001893043 0.2223701 0.9749605 -3.95902e-5 0.3641263 0.9313496 0 0.2223737 0.9749615 -0.1478901 0.1657117 0.9750222 -0.1478901 0.1657117 0.9750222 -0.1478902 0.1657117 0.9750222 9.13309e-4 0.363688 0.9315205 9.13284e-4 0.3636879 0.9315205 9.13256e-4 0.3636878 0.9315205 -0.002798914 0.6235482 0.7817799 -0.002798855 0.6235482 0.78178 -0.002798914 0.6235483 0.7817799 -0.139986 0.5502815 0.8231611 -0.139986 0.5502816 0.8231611 -0.139986 0.5502816 0.823161 0 0.675867 0.7370237 1.72057e-5 0.4959328 0.8683609 1.71924e-5 0.4959328 0.8683609 1.72054e-5 0.4959328 0.868361 0.001759767 0.6236099 0.7817338 0.001759707 0.6236099 0.7817338 0.001759767 0.6236099 0.7817338 0 0.6758889 0.7370036 0 0.9009649 0.4338922 0 0.9009649 0.4338922 0 0.9009649 0.4338921 0 0.9009507 0.4339215 0 0.9009507 0.4339215 0 0.9009507 0.4339215 0 0.9009177 -0.4339902 0 0.9009177 -0.4339902 0 0.9009177 -0.4339902 0 0.900932 -0.4339604 0 0.900932 -0.4339604 0 0.900932 -0.4339604 0 0.6755355 -0.7373275 0 0.6755355 -0.7373275 0 0.6755355 -0.7373275 0 0.6755136 -0.7373476 0 0.6755136 -0.7373476 0 0.6755136 -0.7373476 -1 1.56084e-5 0 -1 5.07903e-6 0 -1 -1.48833e-5 0 -1 1.03421e-5 0 -1 -1.01581e-5 0 -1 3.41023e-5 0 -1 -9.64841e-6 0 -1 -3.65123e-5 0 -1 1.86265e-5 0 -0.04848295 0.2221142 0.9738145 -0.04853153 0.2222559 0.9737799 -0.04856157 0.6228212 0.7808556 -0.04856163 0.6228212 0.7808557 -0.04856163 0.6228212 0.7808556 -0.04858839 0.622597 0.7810328 -0.04858827 0.622597 0.7810328 -0.04858839 0.622597 0.7810328 -0.04856526 0.8998875 0.4334099 -0.04856526 0.8998875 0.4334099 -0.04856532 0.8998875 0.4334099 -0.04856872 0.8998834 0.4334178 -0.04856878 0.8998835 0.4334178 -0.04856872 0.8998834 0.4334177 -0.04851114 0.9988227 0 -0.04851323 0.9988226 0 -0.04856914 0.8999454 -0.433289 -0.04856902 0.8999454 -0.433289 -0.04856908 0.8999454 -0.4332889 -0.04857301 0.8999583 -0.433262 -0.04857289 0.8999583 -0.433262 -0.04857295 0.8999583 -0.433262 -0.0485711 0.6227287 -0.7809289 -0.04857105 0.6227287 -0.7809289 -0.04857105 0.6227287 -0.7809289 -0.0485621 0.6227936 -0.7808776 -0.04856204 0.6227936 -0.7808776 -0.0485621 0.6227936 -0.7808777 -0.04862773 0.2224711 -0.9737258 -0.04862761 0.2224711 -0.9737258 -0.04862767 0.2224711 -0.9737258 -0.04849708 0.2222797 -0.9737761 -1 7.60179e-6 0 -1 -6.17406e-6 0 -1 -1.86839e-5 0 -1 -9.30032e-7 0 -1 -8.54409e-6 0 -1 3.85975e-6 0 -1 8.07617e-6 0 -1 1.86846e-5 0 0 0.1302457 -0.9914818 0 0.1302435 -0.9914821 0 0.608442 -0.7935985 0 0.6087082 -0.7933943 0 0.6087082 -0.7933943 0 0.6087082 -0.7933943 0 0.7936045 -0.6084342 0 0.793588 -0.6084555 0 0.9238627 -0.3827243 0 0.9238627 -0.3827243 0 0.9238627 -0.3827243 0 0.923869 -0.3827092 0 0.923869 -0.3827092 0 0.923869 -0.3827092 1 4.09289e-6 0 1 2.39344e-6 0 1 -4.09272e-6 0 1 -7.42975e-6 0 1 -5.18661e-6 0 1 -2.00067e-6 0 1 3.03468e-6 0 0.7070974 0 0.7071163 0.7070974 0 0.7071163 0.7070974 0 0.7071163 0.707089 0 0.7071247 0.707089 0 0.7071246 0.707089 0 0.7071247 0.7073433 0 0.7068702 0.7072053 0 0.7070083 0.7071312 0 0.7070825 0.7071312 0 0.7070825 0.7071312 0 0.7070825 -0.7071312 0 0.7070825 -0.7071312 0 0.7070825 -0.7071312 0 0.7070825 -0.7071516 0 0.707062 -0.7070398 0 0.7071737 -0.7070398 0 0.7071737 -0.7070398 0 0.7071738 -0.707089 0 0.7071246 -0.707089 0 0.7071247 -0.707089 0 0.7071246 -0.7070296 0 0.707184 -0.7070295 0 0.707184 -0.7070295 0 0.707184 0.7070254 0 -0.7071881 0.7070254 0 -0.7071881 0.7070254 0 -0.7071881 0.7070766 0 -0.707137 0.7070766 0 -0.707137 0.7070766 0 -0.707137 0.7072724 0 -0.7069412 0.7074559 0 -0.7067576 0.7071312 0 -0.7070825 0.7071312 0 -0.7070825 0.7071312 0 -0.7070825 -0.7071312 0 -0.7070825 -0.7071312 0 -0.7070825 -0.7071312 0 -0.7070825 -0.7074559 0 -0.7067576 -0.7071778 0 -0.7070358 -0.7070427 0 -0.7071709 -0.7070427 0 -0.7071709 -0.7070427 0 -0.7071709 -0.7069915 0 -0.7072221 -0.7069916 0 -0.7072221 -0.7069916 0 -0.7072221 -0.6947952 -0.1861597 -0.6946972 -0.6947951 -0.1861596 -0.6946974 -0.6947951 -0.1861596 -0.6946973 -0.6946563 -0.1862016 -0.6948249 -0.6946563 -0.1862015 -0.6948249 -0.6946563 -0.1862016 -0.6948249 -0.6947184 -0.5086199 -0.5085984 -0.6947184 -0.5086199 -0.5085984 -0.6946413 -0.5086657 -0.5086578 -0.6946414 -0.5086657 -0.5086578 -0.6946414 -0.5086657 -0.5086578 -0.6947895 -0.6947126 -0.1861234 -0.6947895 -0.6947126 -0.1861233 -0.6947895 -0.6947126 -0.1861233 -0.6946191 -0.6948692 -0.1861751 -0.6946191 -0.6948692 -0.1861751 -0.6946191 -0.6948692 -0.1861751 -0.6946572 -0.6948235 0.1862035 -0.6946572 -0.6948235 0.1862035 -0.6946572 -0.6948236 0.1862035 -0.6947938 -0.6947054 0.1861345 -0.6947938 -0.6947054 0.1861345 -0.6947938 -0.6947054 0.1861345 -0.6945657 -0.5086995 0.5087273 -0.6945657 -0.5086995 0.5087273 -0.6945656 -0.5086995 0.5087272 -0.6943001 -0.5088815 0.5089077 -0.6947438 -0.1862034 0.6947369 -0.6947438 -0.1862035 0.6947369 -0.6947438 -0.1862035 0.6947369 -0.69478 -0.1861685 0.69471 -0.6947801 -0.1861684 0.69471 -0.6947801 -0.1861684 0.69471 0 -0.2590543 -0.9658629 0 -0.2590538 -0.965863 0 -0.7071221 -0.7070915 0 -0.9659467 -0.258741 0 -0.9659469 -0.258741 0 -0.9659468 -0.258741 0 -0.9659808 0.2586141 0 -0.9659808 0.2586141 0 -0.9659808 0.2586141 0 -0.9659655 0.2586712 0 -0.9659655 0.2586712 0 -0.7070982 0.7071154 0 -0.2588249 0.9659243 0 -0.2588249 0.9659243 0 -0.2588249 0.9659243 0 -0.2588249 0.9659243 0 -0.2588249 0.9659243 0 -0.2588249 0.9659243 -0.8583882 -0.4954724 -0.1329548 -0.858353 -0.1328423 0.4955636 -0.8583529 -0.1328423 0.4955637 -0.8583529 -0.1328423 0.4955637 -0.8584183 -0.4954224 0.1329461 0 0.2586733 0.965965 0 0.2586758 0.9659643 0 -0.258673 0.965965 0 -0.2586761 0.9659641 0 0.9969155 -0.07848197 0 0.996914 -0.07850235 0 0.9588615 0.2838745 0 0.9588615 0.2838745 0 0.9588615 0.2838744 0 0.9588615 0.2838744 0 0.9588615 0.2838745 0 0.9588615 0.2838745 0 0.7932805 0.6088564 0 0.7932707 0.6088693 0 0.5226446 0.8525508 0 0.1821613 0.9832687 0 0.1821578 0.9832693 0.09795087 0.9951913 0 0.2902622 0.9569473 0 0.4713569 0.8819426 0 0.6344951 0.772927 0 -0.9987481 -0.05002439 0 -0.9977934 -0.06634837 -0.002516269 -0.7528944 -0.6581258 0.004532814 -0.7528944 -0.6581258 0.004532992 -0.7528944 -0.6581258 0.004533052 -0.7435589 -0.6686654 0.002616286 -0.7435589 -0.6686654 0.002616345 -0.7435589 -0.6686654 0.002616286 -0.7303761 -0.6830446 9.1643e-4 -0.7303762 -0.6830446 9.16445e-4 -0.7303762 -0.6830446 9.16446e-4 -0.7192742 -0.6947264 2.24162e-4 -0.7192742 -0.6947264 2.24178e-4 -0.7192742 -0.6947264 2.2429e-4 -0.7148094 -0.6993194 8.91047e-5 -0.7148095 -0.6993193 8.85787e-5 -0.7148092 -0.6993196 8.90903e-5 -0.7105343 -0.7036626 0 -0.7155452 -0.6985665 -1.15124e-4 -0.7155452 -0.6985664 -1.14942e-4 -0.7155452 -0.6985664 -1.14827e-4 -0.7214489 -0.6924676 -3.20333e-4 -0.7214489 -0.6924676 -3.20092e-4 -0.721449 -0.6924676 -3.20292e-4 -0.7331398 -0.680077 -0.001168668 -0.9765557 -0.2151073 -0.008236646 -0.9800879 -0.1984981 -0.005128741 -0.9840655 -0.1777957 -0.001919448 -0.9883947 -0.151907 -2.5681e-4 -0.9883947 -0.151907 -2.56827e-4 -0.9883947 -0.151907 -2.56818e-4 -0.9904283 -0.138029 -7.48232e-6 -0.9904283 -0.138029 -7.44937e-6 -0.9904283 -0.138029 -7.4642e-6 -0.9977728 -0.06670469 2.15795e-4 -0.9946434 -0.1029384 -0.009395658 -0.9963935 -0.08466911 -0.005604684 -0.9357392 -0.3526791 -0.003133773 -0.9497341 -0.3130578 1.22148e-4 -0.9497341 -0.3130578 1.22126e-4 -0.9497341 -0.3130578 1.22164e-4 -0.9759067 -0.218187 -7.43098e-4 -0.9603332 -0.2773524 -0.02891325 -0.9603332 -0.2773523 -0.02891331 -0.9603332 -0.2773524 -0.02891325 -0.9689118 -0.2468528 -0.01654237 -0.9212092 -0.3888776 -0.01216405 -0.9212092 -0.3888776 -0.01216405 -0.9212092 -0.3888776 -0.01216393 -0.9238875 -0.3825289 -0.01017683 -0.9093033 -0.4161224 -0.003134369 -0.9093033 -0.4161224 -0.00313431 -0.9093033 -0.4161224 -0.003134369 -0.8109732 -0.5850827 -7.9424e-4 -0.7450981 -0.6669484 -0.002929329 -0.7450981 -0.6669484 -0.002929329 -0.7450982 -0.6669484 -0.00292927 -0.7539054 -0.6569661 -0.004735827 -0.7539054 -0.6569661 -0.004735827 -0.7539054 -0.6569661 -0.004735887 -0.7526443 -0.6584129 -0.004373192 -0.7753199 -0.6315686 -5.83657e-4 -0.7976623 -0.6031045 2.3518e-4 -0.7976623 -0.6031045 2.35139e-4 -0.7976623 -0.6031045 2.35161e-4 -0.8305597 -0.556917 -0.00377345 -0.8529626 -0.5217914 -0.01373714 -0.8529626 -0.5217914 -0.01373708 -0.8529626 -0.5217914 -0.01373714 -0.8442754 -0.5358512 -0.007902085 -0.8700335 -0.4929901 -0.001604914 -0.8894902 -0.4569529 0.001204371 -0.8519406 -0.523478 0.01296162 -0.8519406 -0.5234781 0.01296162 -0.8519406 -0.523478 0.01296156 -0.8280251 -0.5606823 0.003168046 -0.8101411 -0.5862346 7.34426e-4 -0.8101411 -0.5862347 7.34469e-4 -0.8101411 -0.5862346 7.34435e-4 -0.7526559 -0.6584046 -0.003550648 -0.7881848 -0.6152089 0.01681238 -0.7674291 -0.6410821 0.008156538 -0.9312214 -0.3644155 0.005291521 -0.9312214 -0.3644155 0.005291461 -0.9312215 -0.3644155 0.005291461 -0.9238802 -0.3825365 0.01054775 -0.9187719 -0.3947156 0.007610857 -0.9187719 -0.3947156 0.007610797 -0.9187719 -0.3947157 0.007610857 -0.9074652 -0.4201212 0.00227046 -0.9074653 -0.4201212 0.00227046 -0.9074653 -0.4201212 0.00227046 -0.8442861 -0.5358513 -0.006665408 -0.8818185 -0.4702627 0.03534603 -0.865387 -0.5006207 0.02200847 -0.865387 -0.5006206 0.02200824 -0.865387 -0.5006207 0.02200859 -0.9976103 -0.0690301 0.002921581 -0.9976103 -0.0690301 0.002921581 -0.9976103 -0.0690301 0.002921581 -0.996095 -0.0880652 0.006271958 -0.9977695 -0.06673371 0.001629471 -0.9916387 -0.1290451 -8.96899e-5 -0.9880247 -0.1542955 2.61122e-4 -0.9827135 -0.1851129 0.002748787 -0.9827135 -0.1851129 0.002748727 -0.9827135 -0.1851129 0.002748847 -0.975386 -0.2203175 0.009074032 -0.975386 -0.2203174 0.009074091 -0.9753862 -0.2203175 0.009074151 -0.9758727 -0.2181766 0.008458316 -0.96304 -0.2693578 7.16111e-4 -0.96304 -0.2693578 7.16068e-4 -0.96304 -0.2693578 7.16121e-4 -0.9485629 -0.3165885 -5.07497e-4 -0.9485629 -0.3165885 -5.07525e-4 -0.9485629 -0.3165885 -5.07526e-4 -1.86312e-7 -0.9659394 -0.2587686 0 -0.2586881 -0.9659609 0 -0.2586881 -0.9659609 0 -0.2586881 -0.9659609 0 -0.2586881 -0.9659609 0 -0.2586881 -0.9659609 0 -0.2586881 -0.9659609 0 0.2587807 -0.9659362 0 0.2587807 -0.9659362 0 0.2587807 -0.9659362 0 0.2587807 -0.9659362 0 0.2587807 -0.9659362 0 0.2587807 -0.9659362 0 0.7071068 -0.7071068 0 0.9659392 -0.258769 0 0.9659393 -0.258769 0 0.9659394 -0.258769 0 0.9659524 -0.25872 0 0.9659525 -0.25872 0 0.9659525 -0.25872 0 -0.9962153 -0.08692133 -3.70323e-4 -0.9955867 -0.09384602 2.4001e-4 -0.9653288 -0.2610369 -0.004495739 -0.9354858 -0.3533356 -0.004495739 -0.9354858 -0.3533356 -0.004495739 -0.9354858 -0.3533356 -0.004565 -0.7606027 -0.6492016 2.66742e-4 -0.8209462 -0.5710056 -3.87711e-4 -0.9066098 -0.42197 -3.87731e-4 -0.9066098 -0.42197 -3.87769e-4 -0.9066098 -0.42197 4.82388e-4 -0.2812657 -0.9596298 4.82448e-4 -0.2812657 -0.9596298 4.82409e-4 -0.2812657 -0.9596298 -5.46011e-4 -0.4350981 -0.9003829 -5.46019e-4 -0.4350981 -0.9003829 -5.45999e-4 -0.4350981 -0.9003829 -0.004557967 -0.495416 -0.8686439 2.6205e-4 -0.5807026 -0.8141158 2.61983e-4 -0.5807026 -0.8141158 2.62005e-4 -0.5807026 -0.8141158 -3.47771e-4 -0.7089906 -0.7052179 -3.479e-4 -0.7089906 -0.7052179 -3.47818e-4 -0.7089906 -0.7052179 -0.01692044 0.3099895 -0.9505895 -0.01692092 0.3099894 -0.9505895 -0.0169208 0.3099895 -0.9505894 9.57828e-5 0.1716004 -0.9851667 -4.11245e-6 0.3982483 -0.9172778 -3.98479e-6 0.3982482 -0.9172777 -4.13193e-6 0.3982482 -0.9172777 -0.006563186 0.2119414 -0.9772604 -2.14713e-5 0.06666302 -0.9977756 -2.15662e-5 0.06666302 -0.9977756 -2.15453e-5 0.06666302 -0.9977756 7.22197e-6 -0.1719278 -0.9851096 7.18904e-6 -0.1719278 -0.9851096 7.20062e-6 -0.1719278 -0.9851096 -0.01679664 -0.02311104 -0.9995919 -0.01679652 -0.0231111 -0.9995919 -0.01679748 -0.02311116 -0.9995918 -0.007066965 -0.1198822 -0.9927631 -0.007066965 -0.1198822 -0.992763 -0.007066905 -0.1198822 -0.992763 -7.85469e-5 0.7606129 -0.6492058 -0.01891088 0.8424845 -0.5383886 -0.01891106 0.8424845 -0.5383886 -0.01891088 0.8424845 -0.5383886 -0.007075369 0.7822557 -0.6229175 0 0.6864361 -0.7271902 0 0.4954254 -0.8686505 -0.01797038 0.6121995 -0.7904992 -0.0179702 0.6121995 -0.7904992 -0.01797038 0.6121994 -0.7904992 -0.006607353 0.5269656 -0.849861 -0.006607353 0.5269656 -0.849861 -0.006607413 0.5269656 -0.849861 0 0.9955847 -0.09386879 -0.003320634 0.9986305 -0.05221366 -0.003320693 0.9986305 -0.05221378 -0.003320813 0.9986305 -0.05221372 0.001231908 0.9832456 -0.1822816 0.001231849 0.9832456 -0.1822816 0.001231849 0.9832456 -0.1822816 -0.004175484 0.9353311 -0.3537492 -0.006046414 0.9411748 -0.3378664 -0.006046473 0.9411748 -0.3378664 -0.006046473 0.9411748 -0.3378664 -5.93082e-6 0.8887456 -0.4584007 -5.94885e-6 0.8887456 -0.4584007 -5.90073e-6 0.8887456 -0.4584007 0 0.9972802 0.07370412 0 0.9972802 0.07370412 0 0.9972802 0.07370418 -0.001236259 0.9955411 0.09432077 -0.001236319 0.9955411 0.09432077 -0.001236319 0.9955411 0.09432077 8.55928e-4 0.9747989 0.2230842 8.56063e-4 0.9747989 0.2230842 8.55901e-4 0.9747989 0.2230842 -0.006183803 0.929015 0.3699904 -0.004337489 0.9353269 0.3537583 -4.10912e-5 0.8810213 0.4730768 -4.12651e-5 0.8810212 0.4730768 -4.12965e-5 0.8810212 0.4730768 -6.24167e-5 0.8426624 0.5384423 -6.24363e-5 0.8426624 0.5384423 -6.24226e-5 0.8426624 0.5384423 -0.003808259 0.7606136 0.6491938 -0.005474388 0.770469 0.6374541 -3.44535e-5 0.3930029 0.9195373 -3.44036e-5 0.3930029 0.9195373 -3.44117e-5 0.3930029 0.9195373 -0.005553305 0.5165131 0.8562613 -0.002947568 0.4953928 0.8686642 -2.00394e-5 0.6157021 0.787979 -2.00108e-5 0.6157021 0.787979 -2.00402e-5 0.6157022 0.7879791 -2.00772e-5 0.6782933 0.7347913 -2.01723e-5 0.6782933 0.7347913 -2.00822e-5 0.6782933 0.7347913 -2.09742e-5 0.3088726 0.9511035 -2.11492e-5 0.3088726 0.9511035 -2.11701e-5 0.3088726 0.9511035 -0.003220796 0.1721293 0.9850692 -0.003220796 0.1721293 0.9850692 -0.003220796 0.1721293 0.9850692 -0.004771947 0.188124 0.9821338 -0.004772007 0.188124 0.9821337 -0.004771947 0.188124 0.9821338 3.87607e-5 -0.290679 0.9568206 3.88562e-5 -0.290679 0.9568206 3.8955e-5 -0.290679 0.9568206 -0.004171073 -0.1602246 0.9870719 -0.003210186 -0.171977 0.9850957 -0.003210186 -0.171977 0.9850958 -0.003210127 -0.171977 0.9850958 -3.0892e-6 -0.03549718 0.9993698 -3.1378e-6 -0.03549718 0.9993698 -3.02667e-6 -0.03549718 0.9993698 -1.99734e-5 0.05276411 0.998607 -1.99928e-5 0.05276411 0.998607 -1.98772e-5 0.05276411 0.998607 5.02913e-5 -0.3715239 0.9284235 5.05229e-5 -0.3715239 0.9284235 5.04442e-5 -0.3715238 0.9284235 -0.003079712 -0.4953967 0.8686615 -0.004294037 -0.4835239 0.8753206 -0.004294157 -0.483524 0.8753207 -0.004293978 -0.4835239 0.8753206 3.26165e-5 -0.8284078 0.5601257 3.26285e-5 -0.8284078 0.5601257 3.25923e-5 -0.8284078 0.5601257 -0.005579888 -0.7358391 0.6771335 -0.005579829 -0.7358391 0.6771335 -0.005579829 -0.7358391 0.6771335 -0.002213954 -0.7606052 0.6492109 -5.31491e-6 -0.6568541 0.7540178 -5.50321e-6 -0.6568541 0.7540177 -5.2978e-6 -0.656854 0.7540178 0 -0.5984431 0.8011654 3.50521e-5 -0.8737749 0.4863306 3.50929e-5 -0.873775 0.4863305 3.49638e-5 -0.873775 0.4863305 -0.002139866 -0.9354379 0.3534848 -0.002139806 -0.9354379 0.3534848 -0.002139866 -0.9354379 0.3534848 -0.005568683 -0.9211879 0.3890782 -0.005568623 -0.9211879 0.3890782 -0.005568623 -0.9211879 0.3890782 9.27343e-4 -0.9746782 0.2236106 9.27384e-4 -0.9746782 0.2236105 9.27422e-4 -0.9746782 0.2236105 -0.001076817 -0.9955793 0.09391945 0 -0.9977145 0.06757032 0 -0.9977146 0.06757032 2.36161e-6 -0.9977146 0.06757032 -1 -4.29096e-6 0 -1 4.95717e-6 0 -1 -8.32141e-6 0 0 0.9659708 0.2586513 0 0.9659708 0.2586513 0 0.9659708 0.2586513 0 0.9659827 0.2586069 -2.00969e-7 0.9659827 0.2586069 0 0.9659827 0.2586069 0 0.7071304 0.7070833 0 0.2588248 0.9659244 0 0.2588248 0.9659244 0 0.2588248 0.9659244 0 0.2588248 0.9659244 0 0.2588248 0.9659244 0 0.2588248 0.9659244 0 -0.2587321 0.9659492 0 -0.2587321 0.9659492 0 -0.2587321 0.9659492 0 -0.2587321 0.9659492 0 -0.2587321 0.9659492 0 -0.2587321 0.9659492 0 -0.965933 0.2587925 0 -0.965933 0.2587925 0 -0.965933 0.2587925 0 -0.9659331 0.2587921 0 -0.9659331 0.2587921 0 -0.9659331 0.2587921 1 2.51058e-5 0 1 -1.33596e-5 0 1 1.3172e-5 0 1 -1.31726e-5 0 1 1.54352e-6 0 1 -1.54346e-6 0 1 -2.51004e-5 0 1 1.33596e-5 0 -0.6344951 -0.772927 0 -0.4713569 -0.8819426 0 -0.2902622 -0.9569473 0 -0.09794312 -0.995192 0 0.7729399 0.6344793 0 0.7729427 0.634476 0 0.8819344 0.4713721 0 0.8819384 0.4713647 0 0.956952 0.2902464 0 0.9951827 0.09803771 0 -2.54178e-5 0 1 -4.48544e-6 0 1 2.30377e-6 0 1 -6.16391e-6 0 1 5.76565e-6 0 1 -1.20028e-5 0 1 1.07532e-5 0 1 -6.78301e-6 0 1 -1 -7.99105e-6 0 -1 6.92022e-6 0 -1 -3.46002e-6 0 -1 5.99434e-6 0 -1 5.4578e-6 0 -1 -5.45709e-6 0 -1 -1.73025e-6 0 -1 -2.63025e-6 0 -1 9.8304e-6 0 -1 -1.53427e-5 0 -1 7.0163e-7 0 0 -1 -1.2808e-6 0 -1 9.64513e-7 -1 2.63031e-6 0 -1 -7.99233e-6 0 -1 5.99429e-6 0 -1 5.45756e-6 0 -1 1.9981e-6 0 0 -0.2589522 0.9658902 0 -0.7071075 0.7071061 0 -0.9659758 0.258633 0 -0.9659758 0.258633 0 -0.9659758 0.258633 0 -0.9660143 0.2584888 -4.05328e-7 -0.9660143 0.2584888 0 -0.9660143 0.2584888 0 -0.9658907 -0.2589502 0 -0.9658893 -0.2589554 0 -0.7071075 -0.7071061 0 -0.2589456 -0.9658919 0 -0.7070823 0.7071314 0 -0.7071272 0.7070865 0 -0.9658917 0.2589467 0 -0.9658921 -0.2589449 0 -0.7071272 -0.7070865 0 -0.7070823 -0.7071314 0 -0.2589718 0.9658849 0 -0.7070787 0.7071349 0 -0.7071236 0.70709 0 -0.9658913 0.2589485 0 -0.9658931 -0.2589414 0 -0.7071236 -0.70709 0 -0.7070787 -0.7071349 0 -0.2586477 0.9659718 0 -0.2586477 0.9659718 1.83243e-7 -0.2586477 0.9659718 0 -0.2586477 0.9659718 0 -0.2586477 0.9659718 0 -0.2586477 0.9659718 0 -0.707104 0.7071096 0 -0.9658884 0.2589589 0 -0.9658898 0.2589536 0 -0.9658917 -0.2589467 0 -0.9658903 -0.2589519 0 -0.707104 -0.7071096 0 -0.2586215 -0.9659788 0 -0.2586215 -0.9659788 0 -0.2586215 -0.9659788 0 -0.2586215 -0.9659788 -1.32359e-7 -0.2586215 -0.9659788 0 -0.2586215 -0.9659788 0 -0.2586658 0.9659669 0 -0.2586603 0.9659684 0 -0.7070985 0.7071151 0 -0.7071096 0.707104 0 -0.9659655 0.258671 0 -0.9659766 0.2586296 0 -0.9659766 -0.2586296 0 -0.9659655 -0.258671 0 -0.7071235 -0.7070901 0 -0.7071124 -0.7071013 0 -0.2586344 -0.9659754 0 -0.2586399 -0.9659739 0 -0.7070873 0.7071262 0 -0.7071013 -0.7071124 0 -0.2586529 0.9659703 0 -0.7070943 0.7071193 0 -0.7071166 0.7070971 0 -0.7071166 -0.7070971 0 -0.7070943 -0.7071193 0 -0.2586529 -0.9659703 0 -0.2586473 0.9659718 0 -0.7071054 0.7071082 0 -0.7071054 -0.7071082 0 -0.2586473 -0.9659718 0 0.2586529 -0.9659703 0 0.2586584 -0.9659689 0 0.7071054 -0.7071082 0 0.9659711 -0.2586503 0 0.9659655 -0.258671 0 0.9659655 0.258671 0 0.9659711 0.2586503 0 0.7071054 0.7071082 0 0.2586584 0.9659689 0 0.2586529 0.9659703 0 0.7070943 -0.7071193 0 0.7071166 -0.7070971 0 0.9659766 -0.2586296 0 0.9659766 0.2586296 0 0.7071166 0.7070971 0 0.7070943 0.7071193 0 0.2586399 -0.9659739 0 0.7071013 -0.7071124 0 0.7071235 -0.7070901 0 0.7071096 0.707104 0 0.7070873 0.7071262 0 0.2586658 0.9659669 0 0.2586455 -0.9659724 0 0.7071124 -0.7071013 0 0.7070985 0.7071151 0 0.2586714 0.9659654 0 0.2586215 -0.9659788 0 0.2586215 -0.9659788 1.32359e-7 0.2586215 -0.9659788 0 0.2586215 -0.9659788 0 0.2586215 -0.9659788 0 0.2586215 -0.9659788 0 0.7070338 -0.7071798 0 0.7070366 -0.707177 0 0.9659268 -0.2588157 0 0.9659253 -0.2588209 0 0.9659234 0.2588279 0 0.9659249 0.2588227 0 0.7070366 0.707177 0 0.7070338 0.7071798 0 0.2586477 0.9659718 0 0.2586477 0.9659718 0 0.2586477 0.9659718 0 0.2586477 0.9659718 -1.83243e-7 0.2586477 0.9659718 0 0.2586477 0.9659718 0 0.2589456 -0.9658919 0 0.7071012 -0.7071124 0 0.9658931 -0.2589414 0 0.9658913 0.2589485 0 0.7071012 0.7071124 0 0.2589718 0.9658849 0 0.7071048 -0.7071089 0 0.9658921 -0.2589449 0 0.9658917 0.2589467 0 0.7071048 0.7071089 0 0.2589522 0.9658902 0 0.7070373 -0.7071763 0 0.7070401 -0.7071735 0 0.9659259 -0.2588192 0 0.9659245 -0.2588245 0 0.965924 0.2588262 0 0.9659254 0.258821 0 0.7070401 0.7071735 0 0.7070373 0.7071763 -1 -8.04039e-6 0 -1 -5.36965e-6 0 -1 9.58999e-7 0 -1 -7.83207e-7 0 -1 6.1768e-6 0 -1 -3.07177e-7 0 -1 -1.34238e-6 0 -1 6.03082e-7 0 -1 5.63828e-7 0 -1 5.06522e-7 0 -1 2.80052e-6 0 -1 -1.53599e-6 0 -1 -4.58856e-7 0 -1 -6.18535e-7 0 -1 1.25713e-5 0 -1 3.83832e-7 0 -1 -7.06691e-6 0 -1 6.32481e-6 0 -1 7.7775e-6 0 -1 -6.71151e-7 0 -1 -2.25534e-6 0 -1 3.01546e-6 0 -1 7.64327e-6 0 -1 -3.83828e-7 0 -1 -3.01517e-6 0 -1 2.35805e-5 0 -1 4.93568e-7 0 -1 -6.46281e-6 0 -1 1.53597e-6 0 -1 -5.83276e-6 0 -1 4.02723e-6 0 -1 -9.33468e-7 0 -1 3.07172e-7 0 -1 -6.06225e-6 0 -1 3.83036e-6 0 -1 -6.78419e-7 0 -1 1.34239e-6 0 -1 2.81185e-7 0 -1 1.40435e-6 0 -1 -1.04345e-6 0 -1 2.98871e-6 0 -1 3.72578e-6 0 -1 1.4945e-6 0 -1 -4.4891e-7 0 -1 5.76593e-6 0 -1 -2.48518e-7 0 -1 -9.13142e-6 0 -1 5.80435e-6 0 -1 1.00579e-5 0 -1 1.56279e-5 0 -1 -3.40376e-6 0 -1 -8.05038e-6 0 -1 -1.87316e-5 0 -1 4.19536e-7 0 -1 1.20173e-5 0 -1 5.80423e-6 0 -1 -1.38444e-5 0 -1 -1.05144e-5 0 -1 5.02897e-6 0 -1 1.32696e-6 0 -1 -1.41764e-5 0 -1 -6.36975e-7 0 -1 4.1959e-7 0 -1 -1.87305e-5 0 -1 -5.16666e-7 0 -1 -8.82525e-7 0 -1 -1.03325e-6 0 -1 2.98907e-6 0 -1 3.72589e-6 0 -1 1.49454e-6 0 -1 -2.74363e-6 0 -1 9.62786e-7 0 -1 2.83415e-5 0 -1 -4.65786e-6 0 -1 5.76606e-6 0 -1 -2.48519e-7 0 -1 -9.13075e-6 0 -1 -5.93148e-6 0 -1 6.28545e-6 0 -1 -1.59119e-5 0 -1 3.39785e-6 0 -1 -1.53525e-6 0 -1 9.62798e-7 0 -1 -1.87294e-5 0 -1 1.20173e-5 0 -1 -1.70797e-7 0 -1 -3.39803e-6 0 -1 1.53531e-6 0 -1 7.27236e-6 0 -1 -5.80461e-6 0 -1 2.61543e-5 0 -1 -5.76615e-6 0 -1 -1.92557e-6 0 -1 2.74378e-6 0 -1 -6.28596e-6 0 -1 -5.8045e-6 0 -1 2.96546e-6 0 -1 1.82588e-5 0 -1 -5.02897e-6 0 -1 2.74431e-6 0 -1 -9.62798e-7 0 -1 1.12503e-5 0 -1 -1.2017e-5 0 -1 -4.10546e-7 0 -1 5.13669e-7 0 -1 -4.45421e-7 0 -1 -3.87754e-7 0 -1 -4.66904e-7 0 -1 8.93479e-6 0 -1 -4.64842e-6 0 -1 4.6084e-6 0 -1 -4.89694e-6 0 -1 0 0 -1 5.98499e-6 0 -1 -6.64807e-6 0 -1 5.40218e-6 0 -1 -8.93479e-6 0 -1 -4.66904e-7 0 -1 3.66562e-7 0 -1 -6.14051e-7 0 -1 2.66576e-6 0 -1 -2.62188e-6 0 -1 2.64039e-6 0 -1 -6.56062e-7 0 -1 -4.42702e-7 0 -1 4.10546e-7 0 -1 4.89685e-6 0 -1 -5.72053e-6 0 -1 4.64839e-6 0 -1 -8.93495e-6 0 -1 4.66904e-7 0 -1 3.87754e-7 0 -1 -4.18656e-7 0 -1 0 0 -1 -4.23839e-7 0 -1 3.07035e-6 0 -1 5.35582e-6 0 -1 -5.98505e-6 0 -1 -2.64039e-6 0 -1 4.1749e-6 0 -1 -2.66574e-6 0 -1 6.14051e-7 0 -1 -7.33124e-7 0 -1 4.66904e-7 0 -1 6.14271e-6 0 -1 -5.80449e-6 0 -1 2.61523e-5 0 -1 -5.76603e-6 0 -1 -3.86043e-7 0 -1 3.40365e-6 0 -1 0 0 -1 -6.63549e-7 0 -1 6.36992e-7 0 -1 -8.39151e-7 0 -1 1.31858e-6 0 -1 -6.2857e-6 0 -1 2.11092e-6 0 -1 -1.00579e-5 0 -1 -5.6514e-7 0 -1 6.36966e-7 0 -1 -1.69966e-5 0 -1 1.05146e-5 0 -1 2.4852e-7 0 -1 9.13004e-6 0 -1 -5.8043e-6 0 -1 -6.20672e-6 0 -1 1.30653e-5 0 -1 -2.19321e-7 0 -1 3.28031e-7 0 1 5.34611e-6 0 1 5.97829e-6 0 1 3.72589e-6 0 1 -1.863e-6 0 1 -1.86289e-6 0 1 -1.00563e-5 0 1 -4.92241e-5 0 1 -5.80423e-6 0 1 5.93148e-6 0 1 2.17075e-5 0 1 7.30339e-7 0 1 -6.83721e-7 0 1 -1.06857e-5 0 1 -3.39803e-6 0 1 1.53525e-6 0 1 -9.62786e-7 0 1 1.87316e-5 0 1 -1.58648e-7 0 1 0 0 1 4.16504e-7 0 1 -4.05883e-7 0 1 -2.99688e-5 0 1 1.00579e-5 0 1 -4.92283e-5 0 1 5.80423e-6 0 1 -5.93148e-6 0 1 1.39425e-6 0 1 2.99688e-5 0 1 -6.18738e-6 0 1 1.99796e-7 0 1 -4.16513e-7 0 1 4.05895e-7 0 1 -1.00579e-5 0 1 -5.80435e-6 0 1 -3.53794e-5 0 1 1.32277e-5 0 1 4.05888e-7 0 1 -7.13948e-6 0 1 1.58649e-7 0 1 -3.39173e-7 0 1 7.45553e-7 0 1 1.82602e-5 0 1 2.9656e-6 0 1 -2.989e-6 0 1 1.03325e-6 0 1 4.41294e-7 0 1 4.41263e-7 0 1 -4.05893e-7 0 1 -1.08781e-5 0 1 6.18722e-6 0 1 -1.32279e-5 0 1 3.23075e-6 0 1 -9.13092e-6 0 1 5.80449e-6 0 1 -5.93092e-6 0 1 6.2857e-6 0 1 -3.39179e-7 0 1 7.45556e-7 0 1 9.13038e-6 0 1 -5.02897e-6 0 1 -5.97772e-6 0 1 1.53528e-6 0 1 2.74472e-6 0 1 -9.62798e-7 0 1 -2.83415e-5 0 1 2.73996e-7 0 1 1.44496e-6 0 1 5.41707e-7 0 1 -1.49853e-5 0 1 -1.3701e-6 0 1 1.63228e-6 0 1 2.40526e-6 0 1 -4.09343e-7 0 1 3.693e-7 0 1 -3.87754e-7 0 1 4.57425e-7 0 1 -4.66904e-7 0 1 -1.67529e-6 0 1 -3.13816e-6 0 1 3.38624e-6 0 1 2.00991e-6 0 1 -1.63321e-6 0 1 -4.66904e-7 0 1 -6.33178e-7 0 1 -5.32636e-7 0 1 -3.49799e-6 0 1 5.66622e-7 0 1 4.4041e-7 0 1 -1.63231e-6 0 1 1.70068e-6 0 1 -1.38196e-6 0 1 4.66904e-7 0 1 -4.57425e-7 0 1 3.87754e-7 0 1 2.93057e-6 0 1 -2.87382e-6 0 1 -3.69305e-7 0 1 1.26636e-6 0 1 5.59672e-6 0 1 1.63322e-6 0 1 1.63227e-6 0 1 -4.40419e-7 0 1 -3.38624e-6 0 1 4.22784e-6 0 1 -3.17431e-6 0 1 -4.39028e-6 0 1 9.62761e-7 0 1 -1.53531e-6 0 1 5.80461e-6 0 1 6.28596e-6 0 1 9.53177e-7 0 1 0 0 1 -2.03688e-5 0 1 -1.82615e-5 0 1 3.97634e-6 0 1 -2.1708e-5 0 1 1.75352e-5 0 1 6.83726e-7 0 1 -7.30321e-7 0 1 -2.73991e-7 0 1 -1.53519e-6 0 1 -1.30529e-6 0 1 1.699e-6 0 1 5.80464e-6 0 1 -3.23086e-5 0 1 3.39187e-7 0 1 1.92557e-6 0 1 -2.74431e-6 0 1 6.28634e-6 0 1 -1.13324e-6 0 0 1 -1.66935e-7 0 -0.2588275 0.9659237 0 -0.7070959 0.7071178 0 -0.7071177 0.7070958 0 -0.9659376 0.2587753 0 -0.9659485 0.2587344 0 -0.9659504 -0.2587275 0 -0.9659395 -0.2587684 0 -0.7071315 -0.7070821 0 -0.7071096 -0.7071041 0 -0.2587507 -0.9659442 0 0.2587507 -0.9659442 0 0.2587617 -0.9659412 0 0.7071315 -0.7070821 0 0.7070876 -0.707126 0 0.9659284 -0.2588093 0 0.9659266 0.2588162 0 0.7070739 0.7071397 0 0.7071177 0.7070958 0 0.2588384 0.9659206 0 0.2588275 0.9659237 0 -0.2588708 0.9659121 0 -0.2588775 0.9659102 0 -0.7070845 0.7071291 0 -0.7071119 0.7071018 0 -0.9659077 0.2588869 0 -0.9659278 0.2588115 0 -0.9659278 -0.2588115 0 -0.9659077 -0.2588869 0 -0.7071207 -0.7070929 0 -0.7070934 -0.7071203 0 -0.2588618 -0.9659144 0 -0.2588551 -0.9659163 0 0.2588686 -0.9659126 0 0.2588618 -0.9659144 0 0.7071207 -0.7070929 0 0.7070934 -0.7071203 0 0.9659211 -0.2588366 0 0.965901 -0.2589121 0 0.965901 0.2589121 0 0.9659211 0.2588366 0 0.7070845 0.7071291 0 0.7071119 0.7071018 0 0.2588775 0.9659102 0 0.2588843 0.9659084 0 0.2587562 -0.9659427 0 0.7071096 -0.7071041 0 0.7071205 -0.7070931 0 0.9659395 -0.2587684 0 0.9659376 0.2587753 0 0.7070959 0.7071178 0 0.2588329 0.9659221 0 -0.2588329 0.9659221 0 -0.2587562 -0.9659427 0 0.9659144 -0.2588618 0 0.9659077 -0.2588869 0 0.9659077 0.2588869 0 0.9659144 0.2588618 0 0.707098 0.7071156 0 -0.707098 0.7071156 0 -0.7070984 0.7071152 0 -0.9659211 0.2588366 0 -0.9659211 -0.2588366 0 -0.7071073 -0.7071064 0 -0.7071068 -0.7071068 0 -0.9659236 -0.2588279 0 -0.7070873 -0.7071263 0 -0.2588642 -0.9659138 0 0.2588642 -0.9659138 0 0.7071015 -0.7071121 0 0.707111 -0.7071027 0 0.9659118 -0.2588719 0 0.9659165 -0.2588543 0 0.9659165 0.2588543 0 0.9659118 0.2588719 0 0.707108 0.7071056 0 0.7070986 0.7071151 0 0.2588697 0.9659123 0 -0.2588697 0.9659123 0 -0.7070844 0.7071292 0 -0.9659236 0.2588279 0.09794682 0 -0.9951917 0.09790885 0 -0.9951954 0.2902442 0 -0.9569527 0.6341339 0 -0.7732233 0.6341339 0 -0.7732232 0.6341339 0 -0.7732232 -0.9987462 0 0.05006211 -0.9978269 -0.002457976 0.06584441 -0.9978269 -0.002457916 0.06584441 -0.997827 -0.002457916 0.06584441 -0.7529578 0.004518866 0.6580533 -0.7529578 0.004518806 0.6580533 -0.7529578 0.004518806 0.6580534 -0.7438223 0.002640426 0.6683723 -0.7301539 9.00462e-4 0.6832821 -0.7192907 2.26587e-4 0.6947093 -0.7192907 2.26387e-4 0.6947093 -0.7192907 2.26715e-4 0.6947093 -0.7142864 8.03371e-5 0.6998535 -0.7142864 7.98083e-5 0.6998536 -0.7142865 8.02256e-5 0.6998535 -0.7104811 0 0.7037163 -0.7104811 0 0.7037163 -0.7104812 0 0.7037162 -0.7152274 -1.02645e-4 0.6988918 -0.7152275 -1.02926e-4 0.6988918 -0.7152274 -1.02948e-4 0.6988918 -0.7215143 -3.21034e-4 0.6923995 -0.7215143 -3.21216e-4 0.6923995 -0.7215142 -3.2114e-4 0.6923996 -0.7329966 -0.001165986 0.6802313 -0.9765627 -0.008251428 0.2150751 -0.9800273 -0.005218982 0.1987943 -0.9840509 -0.001933515 0.1778769 -0.9883842 -2.62959e-4 0.151976 -0.9904414 -5.10979e-6 0.137935 -0.9977715 2.01786e-4 0.0667243 -0.9946653 -0.009361207 0.1027306 -0.9963857 -0.005622863 0.08475911 -0.9357239 -0.00313723 0.3527195 -0.9497821 1.18678e-4 0.3129119 -0.9497822 1.18681e-4 0.312912 -0.9497822 1.18672e-4 0.3129119 -0.9759116 -7.40726e-4 0.2181655 -0.9603457 -0.02887779 0.2773128 -0.9603456 -0.02887773 0.2773128 -0.9603456 -0.02887773 0.2773128 -0.9689235 -0.01652038 0.2468087 -0.9212841 -0.01213866 0.3887007 -0.9212841 -0.01213866 0.3887007 -0.9212841 -0.01213866 0.3887007 -0.923762 -0.01009941 0.382834 -0.923762 -0.01009941 0.382834 -0.923762 -0.01009935 0.382834 -0.909224 -0.003087103 0.4162961 -0.909224 -0.003086984 0.4162961 -0.909224 -0.003087043 0.4162961 -0.7451124 -0.002937078 0.6669325 -0.7451124 -0.002937376 0.6669325 -0.7451124 -0.002937376 0.6669325 -0.7539991 -0.004768073 0.6568583 -0.753999 -0.004768252 0.6568583 -0.7539989 -0.004768073 0.6568585 -0.7526133 -0.004369497 0.6584483 -0.7752888 -5.70848e-4 0.6316068 -0.7977541 2.31577e-4 0.602983 -0.797754 2.3156e-4 0.602983 -0.7977541 2.31615e-4 0.602983 -0.8303858 -0.003751873 0.5571764 -0.8303858 -0.003751873 0.5571764 -0.8303858 -0.003751873 0.5571764 -0.8529797 -0.01360088 0.5217669 -0.8443032 -0.007903873 0.5358074 -0.8702109 -0.001636862 0.4926768 -0.8702109 -0.001636862 0.4926768 -0.8702109 -0.001636862 0.4926769 -0.8894548 0.001211822 0.4570215 -0.8520161 0.01300668 0.523354 -0.8520162 0.01300668 0.523354 -0.8520162 0.01300668 0.523354 -0.8282303 0.003221511 0.5603787 -0.8282304 0.003221452 0.5603786 -0.8282304 0.003221571 0.5603787 -0.8101693 7.17284e-4 0.5861956 -0.7526261 -0.003561437 0.6584386 -0.7878276 0.0165894 0.6156725 -0.7878276 0.0165894 0.6156725 -0.7878276 0.0165894 0.6156725 -0.7674966 0.008192539 0.6410007 -0.9311485 0.00533533 0.3646013 -0.9311485 0.00533533 0.3646013 -0.9311484 0.00533533 0.3646013 -0.9238747 0.01053482 0.3825501 -0.9187545 0.007607936 0.3947561 -0.9187545 0.007607936 0.3947561 -0.9187545 0.007607877 0.3947561 -0.9073819 0.002196729 0.4203014 -0.8443033 -0.006660342 0.5358244 -0.8817752 0.03530848 0.4703466 -0.8654391 0.02204656 0.5005289 -0.8654391 0.02204662 0.500529 -0.8654391 0.02204656 0.5005289 -0.9976187 0.002948045 0.06890827 -0.9960741 0.006294727 0.08829993 -0.9977705 0.001633107 0.06671935 -0.9916276 -9.13911e-5 0.1291314 -0.9879764 2.14586e-4 0.1546047 -0.9879764 2.14626e-4 0.1546048 -0.9879764 2.14587e-4 0.1546048 -0.9827188 0.002782702 0.1850842 -0.9753836 0.009121894 0.2203264 -0.9758793 0.008445441 0.2181473 -0.9630498 7.13415e-4 0.2693227 -0.9630498 7.13411e-4 0.2693227 -0.9630498 7.13439e-4 0.2693227 -0.9487103 -4.83226e-4 0.3161465 0 -0.2586395 0.9659739 0 -0.2586395 0.9659739 0 -0.2586395 0.9659739 0 -0.9659578 0.2586998 0 -0.9659578 0.2586998 0 -0.9659578 0.2586998 0 -0.965933 0.2587925 0 -0.965933 0.2587925 0 -0.965933 0.2587925 -1.86312e-7 -0.9659394 -0.258769 0 -0.08699285 0.996209 -3.642e-4 -0.0939024 0.9955813 2.35598e-4 -0.260995 0.9653402 -0.004504203 -0.3534805 0.9354311 -0.004504203 -0.3534805 0.9354311 -0.004504203 -0.3534805 0.9354311 -0.00456047 -0.6491537 0.7606437 2.72669e-4 -0.5710292 0.8209298 -3.85148e-4 -0.4220573 0.9065691 -3.85023e-4 -0.4220573 0.9065691 -3.85074e-4 -0.4220573 0.9065691 4.74684e-4 -0.9596587 0.2811673 4.74729e-4 -0.9596587 0.2811673 4.74692e-4 -0.9596587 0.2811673 -5.5298e-4 -0.9003271 0.4352137 -5.52989e-4 -0.900327 0.4352136 -5.52985e-4 -0.9003271 0.4352136 -0.004556536 -0.8686591 0.4953896 2.67941e-4 -0.8141438 0.5806634 2.67946e-4 -0.8141438 0.5806635 2.67989e-4 -0.8141438 0.5806635 -3.0141e-4 -0.7051878 0.7090206 -0.01690304 -0.9506957 -0.3096646 -0.01690357 -0.9506956 -0.3096644 -0.01690316 -0.9506957 -0.3096643 -6.14479e-6 -0.9850842 -0.1720736 -6.11966e-6 -0.9850842 -0.1720736 -6.12776e-6 -0.9850842 -0.1720736 -7.0468e-7 -0.9173287 -0.3981306 -7.11334e-7 -0.9173287 -0.3981306 -7.86502e-7 -0.9173287 -0.3981306 -0.006560802 -0.9772622 -0.2119332 -2.14544e-5 -0.9977833 -0.06654703 -2.14452e-5 -0.9977833 -0.06654703 -2.14407e-5 -0.9977833 -0.06654703 1.77588e-5 -0.9851632 0.1716207 -0.01679682 -0.999595 0.02297359 -0.01679694 -0.999595 0.02297365 -0.01679652 -0.999595 0.02297359 -0.007074952 -0.9927894 0.1196632 -0.007074952 -0.9927893 0.1196633 -0.007074952 -0.9927893 0.1196632 -7.85454e-5 -0.6491816 -0.7606336 -0.01892554 -0.538355 -0.8425056 -0.01892566 -0.538355 -0.8425056 -0.0189256 -0.538355 -0.8425056 -0.007079541 -0.6229364 -0.7822405 0 -0.7271824 -0.6864444 0 -0.8686461 -0.4954332 -0.01798635 -0.7905306 -0.6121583 -0.01798623 -0.7905307 -0.6121582 -0.01798635 -0.7905306 -0.6121583 -0.0066275 -0.8497273 -0.5271807 -0.0066275 -0.8497273 -0.5271807 -0.0066275 -0.8497273 -0.5271808 0 -0.09432989 -0.995541 0 -0.09432989 -0.995541 0 -0.09432989 -0.995541 -0.003317594 -0.05228734 -0.9986266 -0.003317475 -0.05228734 -0.9986266 -0.003317475 -0.05228734 -0.9986266 0.00122863 -0.1823173 -0.9832391 0.00122869 -0.1823173 -0.9832391 0.00122869 -0.1823173 -0.9832391 -0.004157245 -0.3533296 -0.9354897 -0.004157245 -0.3533296 -0.9354897 -0.004157304 -0.3533296 -0.9354897 -0.006043136 -0.3377888 -0.9412027 -0.006043076 -0.3377888 -0.9412027 -0.006043076 -0.3377888 -0.9412027 -6.388e-6 -0.4584309 -0.8887301 -6.36349e-6 -0.4584308 -0.8887301 -6.35778e-6 -0.4584308 -0.8887301 0 0.07420092 -0.9972434 0 0.07420092 -0.9972434 0 0.07420092 -0.9972434 -0.001288712 0.09385681 -0.995585 8.5317e-4 0.2232289 -0.9747657 8.53308e-4 0.2232289 -0.9747657 8.53172e-4 0.2232289 -0.9747657 -0.006183743 0.3699872 -0.9290163 -0.004304349 0.3533243 -0.935491 -0.004304289 0.3533243 -0.935491 -0.004304349 0.3533242 -0.935491 -4.8219e-5 0.4729411 -0.8810941 -4.81571e-5 0.4729411 -0.8810942 -4.81957e-5 0.4729411 -0.8810942 -6.62816e-5 0.5385364 -0.8426023 -6.63157e-5 0.5385365 -0.8426023 -6.6377e-5 0.5385366 -0.8426023 -0.003849089 0.6495645 -0.7602969 -0.003849089 0.6495645 -0.7602969 -0.003849148 0.6495645 -0.7602969 -0.005462944 0.6374479 -0.7704742 -3.36966e-5 0.9195713 -0.3929232 -3.36437e-5 0.9195713 -0.3929233 -3.36974e-5 0.9195713 -0.3929233 -0.005654096 0.8560336 -0.5168893 -0.005654036 0.8560337 -0.5168893 -0.005654036 0.8560336 -0.5168893 -0.002949357 0.868646 -0.4954246 -2.49513e-5 0.7880018 -0.6156731 -2.49905e-5 0.7880018 -0.6156731 -2.50413e-5 0.7880018 -0.6156731 -1.56196e-5 0.734627 -0.6784712 -1.56406e-5 0.734627 -0.6784713 -1.56538e-5 0.734627 -0.6784712 -2.26836e-5 0.9511044 -0.3088695 -2.27692e-5 0.9511044 -0.3088696 -2.2664e-5 0.9511045 -0.3088697 -0.003209531 0.9850748 -0.1720973 -0.003209531 0.9850748 -0.1720973 -0.003209531 0.9850748 -0.1720973 -0.00478357 0.9821233 -0.1881781 -0.00478357 0.9821233 -0.1881781 -0.00478357 0.9821233 -0.1881781 3.90736e-5 0.9568208 0.2906787 3.88204e-5 0.9568208 0.2906787 3.89603e-5 0.9568208 0.2906787 -0.004169404 0.9870707 0.1602311 -0.003199517 0.9850988 0.1719603 -0.003199458 0.9850988 0.1719603 -0.003199458 0.9850988 0.1719603 0 0.9993697 0.03549945 1.65368e-7 0.9993697 0.03549951 1.55167e-7 0.9993697 0.03549945 -1.59949e-5 0.9986159 -0.05259543 -1.59494e-5 0.9986159 -0.05259543 -1.59919e-5 0.9986159 -0.05259537 5.06309e-5 0.9284573 0.3714396 5.0484e-5 0.9284572 0.3714395 5.06608e-5 0.9284572 0.3714396 -0.003082811 0.8686617 0.4953961 -0.004292488 0.8752993 0.4835625 -0.004292488 0.8752993 0.4835625 -0.004292428 0.8752993 0.4835624 2.61902e-5 0.5600172 0.828481 2.62196e-5 0.5600173 0.828481 2.62005e-5 0.5600172 0.828481 -0.005575478 0.677107 0.7358635 -0.005575299 0.677107 0.7358635 -0.005575358 0.677107 0.7358635 -0.002245843 0.6494389 0.7604106 -0.002245783 0.6494388 0.7604106 -0.002245843 0.6494389 0.7604106 -6.3084e-6 0.754021 0.6568503 -6.5738e-6 0.7540209 0.6568503 -6.55135e-6 0.7540211 0.6568503 0 0.8012077 0.5983864 3.40789e-5 0.4862098 0.8738422 3.40378e-5 0.4862097 0.8738422 3.40702e-5 0.4862097 0.8738422 -0.002191007 0.3537905 0.9353221 -0.005566596 0.3887311 0.9213346 9.27039e-4 0.2236822 0.9746618 9.27072e-4 0.2236822 0.9746618 9.27052e-4 0.2236822 0.9746618 -0.001126825 0.09423297 0.9955496 -0.001126825 0.09423297 0.9955496 -0.001126825 0.09423297 0.9955496 0 0.06767523 0.9977074 0 0.06767523 0.9977074 2.29943e-6 0.06767523 0.9977074 -1 6.60851e-6 0 -1 6.61796e-6 0 -1 -8.67528e-6 0 -1 -8.67559e-6 0 -1 -2.6434e-5 0 -1 8.32141e-6 0 -1 8.67528e-6 0 -1 -5.8181e-6 0 -1 2.64338e-5 0 -1 -1.66423e-5 0 -1 8.67559e-6 0 0 0.9659145 -0.2588616 0 0.9659145 -0.2588616 0 0.9659145 -0.2588616 0 0.9659523 -0.2587203 0 0.9659523 -0.2587203 0 0.9659523 -0.2587203 0 0.9659212 0.2588365 0 0.9659212 0.2588365 0 0.9659212 0.2588365 0 0.9659826 0.2586073 -2.00969e-7 0.9659826 0.2586073 0 0.9659826 0.2586073 1 2.84998e-5 0 1 2.46962e-5 0 1 -2.49366e-5 0 1 -1.38917e-5 0 1 -2.4308e-5 0 1 1.12914e-5 0 1 -2.82286e-5 0 1 2.3153e-5 0 -0.6345274 0 0.7729004 -0.4713191 0 0.8819628 -0.2902375 0 0.9569547 -0.2902726 0 0.956944 -0.0979098 0 0.9951953 -0.09798544 0 0.9951878 0.772926 0 -0.6344963 0.7729426 0 -0.634476 0.8819403 0 -0.4713614 0.9569453 0 -0.2902683 0.9951854 0 -0.09801065 0.9951862 0 -0.09800291 0 1 -4.48554e-6 0 1 -2.30369e-6 0 1 -9.21498e-6 0 1 9.86256e-6 0 1 3.57599e-5 0 1 -5.76567e-6 0 1 -8.73102e-6 0 1 -4.50103e-6 0 1 9.40887e-6 0 1 1.69569e-6 0 -1 2.37083e-6 0 -1 4.30153e-6 0 -1 1.27084e-5 0 -1 -1.45517e-6 0 -1 -2.01207e-5 0 -1 2.68965e-6 0 -1 -9.07845e-6 0 -1 -1.69569e-6 0 -1 -8.45867e-6 0 -1 1.05024e-5</float_array>
          <technique_common>
            <accessor source="#shape0_007-mesh-normals-array" count="2854" stride="3">
              <param name="X" type="float"/>
              <param name="Y" type="float"/>
              <param name="Z" type="float"/>
            </accessor>
          </technique_common>
        </source>
        <vertices id="shape0_007-mesh-vertices">
          <input semantic="POSITION" source="#shape0_007-mesh-positions"/>
        </vertices>
        <triangles material="FIXTURE_BD-material" count="3200">
          <input semantic="VERTEX" source="#shape0_007-mesh-vertices" offset="0"/>
          <input semantic="NORMAL" source="#shape0_007-mesh-normals" offset="1"/>
          <p>0 0 1 0 2 0 2 1 1 1 3 1 2 2 3 2 4 2 4 3 3 3 5 3 4 4 5 4 6 4 6 5 5 5 7 5 6 6 7 6 8 6 8 7 7 7 9 7 10 8 11 8 12 8 12 9 11 9 13 9 14 10 15 11 16 12 16 13 15 13 17 13 16 14 17 14 18 14 18 15 19 16 16 17 16 18 19 19 20 20 16 21 20 21 21 21 20 22 22 23 21 24 21 25 22 26 23 27 21 28 23 29 24 30 25 31 26 31 27 31 27 32 26 32 28 32 27 33 28 33 29 33 29 34 30 34 27 34 27 35 30 35 31 35 27 36 31 36 11 36 11 37 31 37 32 37 11 38 32 38 13 38 33 39 34 39 35 39 35 40 34 41 36 42 35 43 36 43 27 43 27 44 36 45 37 46 27 47 37 47 25 47 33 48 35 48 38 48 38 49 35 50 39 51 38 52 39 53 40 54 41 55 42 55 43 55 24 56 44 57 21 58 21 59 44 60 45 61 21 62 45 62 43 62 43 63 45 63 46 63 43 64 46 64 41 64 42 65 47 66 43 67 43 68 47 68 48 68 43 69 48 69 39 69 39 70 48 71 49 72 39 73 49 73 40 73 50 74 51 75 52 76 51 77 53 78 52 79 52 80 53 80 54 80 52 81 54 81 16 81 16 82 54 82 55 82 16 83 55 83 14 83 56 84 57 85 58 86 56 87 58 87 59 87 58 88 60 89 59 90 59 91 60 92 61 93 59 94 61 94 52 94 52 95 61 95 62 95 52 96 62 97 50 98 12 99 63 99 10 99 10 100 63 100 64 100 10 101 64 101 65 101 65 102 64 102 66 102 65 103 66 103 67 103 67 104 68 104 65 104 65 105 68 105 69 105 65 106 69 106 56 106 56 107 69 108 70 109 56 110 70 110 57 110 71 111 72 112 73 113 73 114 72 115 74 116 73 117 74 117 75 117 75 117 74 117 76 117 75 118 76 119 77 120 77 121 76 122 78 123 77 124 78 125 79 126 79 127 78 128 80 129 79 130 80 130 81 130 81 130 80 130 82 130 81 131 82 132 83 133 83 134 82 135 84 136 12 137 85 137 63 137 63 138 85 138 86 138 63 139 86 139 64 139 64 140 86 141 87 142 88 143 67 144 87 145 87 146 67 146 66 146 87 147 66 148 64 149 57 150 70 150 89 150 89 151 70 152 69 153 89 154 69 154 88 154 88 155 69 156 68 157 88 158 68 158 67 158 62 159 90 160 50 161 50 162 90 163 91 164 50 165 91 166 51 167 62 168 61 168 90 168 90 169 61 170 60 171 90 172 60 172 89 172 89 173 60 174 58 175 89 176 58 177 57 178 92 179 15 179 93 179 93 180 15 181 14 182 14 183 55 183 93 183 93 184 55 184 54 184 93 185 54 185 91 185 91 186 54 187 53 188 91 189 53 190 51 191 94 192 95 193 20 194 20 195 19 196 94 197 94 198 19 199 18 200 94 201 18 201 92 201 92 202 18 203 17 204 92 205 17 205 15 205 20 206 95 207 22 208 22 209 95 209 96 209 22 210 96 211 23 212 23 213 96 213 24 213 24 214 96 214 97 214 24 215 97 216 44 217 44 218 97 219 45 220 45 221 97 221 98 221 45 222 98 223 46 224 48 225 47 226 99 227 99 228 47 228 42 228 99 229 42 229 98 229 98 230 42 231 41 232 98 233 41 234 46 235 48 236 99 237 49 238 49 239 99 240 100 241 49 242 100 243 40 244 36 245 34 246 101 247 101 248 34 248 33 248 101 249 33 249 100 249 100 250 33 251 38 252 100 253 38 254 40 255 36 256 101 257 37 258 37 259 101 259 102 259 37 260 102 261 25 262 30 263 29 264 103 265 103 266 29 267 28 268 103 269 28 269 102 269 102 270 28 271 26 272 102 273 26 274 25 275 30 276 103 277 31 278 31 279 103 279 104 279 31 280 104 280 32 280 32 281 104 282 13 283 13 284 104 285 85 286 13 287 85 288 12 289 105 290 106 290 101 290 77 290 89 290 75 290 75 291 89 291 88 291 75 290 88 290 73 290 96 292 83 292 107 292 101 290 100 290 105 290 105 290 100 290 99 290 105 293 99 293 108 293 108 294 99 294 98 294 108 295 98 295 107 295 107 296 98 296 97 296 107 290 97 290 96 290 88 290 87 290 73 290 73 290 87 290 86 290 73 297 86 297 71 297 96 290 95 290 83 290 83 290 95 290 94 290 83 290 94 290 81 290 81 290 94 290 92 290 81 290 92 290 79 290 86 290 85 290 71 290 71 298 85 298 104 298 71 299 104 299 109 299 109 290 104 290 103 290 109 290 103 290 106 290 106 300 103 300 102 300 106 301 102 301 101 301 92 290 93 290 79 290 79 302 93 302 91 302 79 290 91 290 77 290 77 290 91 290 90 290 77 290 90 290 89 290 83 303 84 304 107 305 107 306 84 307 110 308 107 309 110 309 108 309 108 309 110 309 111 309 108 310 111 311 105 312 105 313 111 314 112 315 105 316 112 317 106 318 106 319 112 320 113 321 106 322 113 322 109 322 109 322 113 322 114 322 109 323 114 324 71 325 71 326 114 327 72 328 115 329 80 329 116 329 116 330 80 330 78 330 116 331 78 331 76 331 76 332 74 332 116 332 116 333 74 333 72 333 116 331 72 331 117 331 72 331 114 331 117 331 117 334 114 334 113 334 117 335 113 335 118 335 118 336 113 336 112 336 118 337 112 337 111 337 111 332 110 332 118 332 118 338 110 338 84 338 118 331 84 331 115 331 115 339 84 339 82 339 115 340 82 340 80 340 16 341 21 341 119 341 16 342 119 342 120 342 120 343 119 343 121 343 120 344 121 344 122 344 122 345 121 345 123 345 122 346 123 346 124 346 124 347 123 347 125 347 124 348 125 348 126 348 8 349 9 350 127 351 127 352 9 352 128 352 127 353 128 353 129 353 129 354 128 354 130 354 129 355 130 355 131 355 131 356 130 356 132 356 131 357 132 357 133 357 133 357 132 357 134 357 116 358 117 358 0 358 0 358 117 358 1 358 135 359 136 359 133 359 133 359 136 359 10 359 133 359 10 359 131 359 131 359 10 359 129 359 16 359 120 359 6 359 6 360 120 360 122 360 6 359 122 359 4 359 4 361 122 361 124 361 4 359 124 359 2 359 2 359 124 359 126 359 2 359 126 359 0 359 0 359 126 359 115 359 0 359 115 359 116 359 65 362 8 362 10 362 10 363 8 363 127 363 10 359 127 359 129 359 65 359 56 359 8 359 8 364 56 364 59 364 8 359 59 359 6 359 6 365 59 365 52 365 6 366 52 366 16 366 119 367 7 367 121 367 121 368 7 368 5 368 121 367 5 367 123 367 137 367 138 367 11 367 11 367 138 367 134 367 11 369 134 369 132 369 132 367 130 367 11 367 11 370 130 370 128 370 11 367 128 367 27 367 27 371 128 371 9 371 27 367 9 367 35 367 119 367 21 367 7 367 7 372 21 372 43 372 7 367 43 367 9 367 9 373 43 373 39 373 9 374 39 374 35 374 123 367 5 367 125 367 125 375 5 375 3 375 125 376 3 376 118 376 118 367 3 367 1 367 118 367 1 367 117 367 138 331 135 331 134 331 134 331 135 331 133 331 118 377 115 377 125 377 125 377 115 377 126 377 136 290 137 290 10 290 10 290 137 290 11 290 137 358 136 358 138 358 138 358 136 358 135 358 139 378 140 378 141 378 141 379 140 380 142 381 141 382 142 382 143 382 143 382 142 382 144 382 143 383 144 383 145 383 145 383 144 383 146 383 145 384 146 384 147 384 147 384 146 384 148 384 149 385 150 385 151 385 151 386 150 386 152 386 153 387 154 388 155 389 155 390 154 391 156 392 155 393 156 393 157 393 157 394 158 395 155 396 155 397 158 398 159 399 155 400 159 400 160 400 159 401 161 402 160 403 160 404 161 405 162 406 160 407 162 408 163 409 164 410 165 410 166 410 166 411 165 411 167 411 166 412 167 412 168 412 168 413 169 414 166 415 166 416 169 417 170 418 166 419 170 419 150 419 150 420 170 421 171 422 150 423 171 423 152 423 172 424 173 424 174 424 174 425 173 425 175 425 174 426 175 426 166 426 166 427 175 427 176 428 166 429 176 429 164 429 172 430 174 430 177 430 177 431 174 431 178 431 177 432 178 433 179 434 180 435 181 435 182 435 163 436 183 437 160 438 160 439 183 440 184 441 160 442 184 442 182 442 182 443 184 443 185 443 182 444 185 445 180 446 181 447 186 448 182 449 182 450 186 450 187 450 182 451 187 451 178 451 178 452 187 453 188 454 178 455 188 455 179 455 189 456 190 457 191 458 190 459 192 460 191 461 191 462 192 463 193 464 191 465 193 465 155 465 155 466 193 466 194 466 155 467 194 467 153 467 195 468 196 469 197 470 195 471 197 471 198 471 197 472 199 473 198 474 198 475 199 475 200 475 198 476 200 476 191 476 191 477 200 477 201 477 191 478 201 479 189 480 151 481 202 482 149 483 149 484 202 484 203 484 149 485 203 485 204 485 204 486 203 486 205 486 204 487 205 487 206 487 206 488 207 489 204 490 204 491 207 492 208 493 204 494 208 494 195 494 195 495 208 496 209 497 195 498 209 498 196 498 210 316 211 317 212 318 212 499 211 500 213 501 212 322 213 322 214 322 214 322 213 322 215 322 214 323 215 324 216 325 216 326 215 327 217 328 216 111 217 112 218 113 218 114 217 115 219 116 218 117 219 117 220 117 220 117 219 117 221 117 220 118 221 119 222 120 222 502 221 503 223 504 151 505 224 506 202 507 202 508 224 508 225 508 202 509 225 510 203 511 203 512 225 512 226 512 227 513 206 514 226 515 226 516 206 516 205 516 226 517 205 518 203 519 196 520 209 521 228 522 228 523 209 524 208 525 228 526 208 526 227 526 227 527 208 528 207 529 227 530 207 531 206 532 201 533 229 534 189 535 189 536 229 536 230 536 189 537 230 538 190 539 201 540 200 540 229 540 229 541 200 542 199 543 229 544 199 544 228 544 228 545 199 546 197 547 228 548 197 549 196 550 231 551 154 551 232 551 232 552 154 553 153 554 153 555 194 555 232 555 232 556 194 556 193 556 232 557 193 557 230 557 230 558 193 559 192 560 230 561 192 562 190 563 233 564 234 564 159 564 159 565 158 566 233 567 233 568 158 569 157 570 233 571 157 571 231 571 231 572 157 572 156 572 231 573 156 574 154 575 159 576 234 577 161 578 161 579 234 579 235 579 161 580 235 581 162 582 162 583 235 583 163 583 163 584 235 584 236 584 163 585 236 586 183 587 183 588 236 589 184 590 184 591 236 591 237 591 184 592 237 593 185 594 187 595 186 596 238 597 238 598 186 598 181 598 238 599 181 599 237 599 237 600 181 601 180 602 237 603 180 604 185 605 187 606 238 607 188 608 188 609 238 609 239 609 188 610 239 611 179 612 175 613 173 614 240 615 240 616 173 616 172 616 240 617 172 618 239 619 239 620 172 621 177 622 239 623 177 624 179 625 175 626 240 627 176 628 176 629 240 629 241 629 176 630 241 631 164 632 169 633 168 634 242 635 242 636 168 637 167 638 242 639 167 639 241 639 241 640 167 641 165 642 241 643 165 644 164 645 169 646 242 647 170 648 170 649 242 649 243 649 170 650 243 650 171 650 171 651 243 652 152 653 152 654 243 654 224 654 152 655 224 656 151 657 235 290 222 290 244 290 225 290 210 290 212 290 235 290 234 290 222 290 222 290 234 290 233 290 222 658 233 658 220 658 220 290 233 290 231 290 220 290 231 290 218 290 216 290 228 290 214 290 214 290 228 290 227 290 214 290 227 290 212 290 212 290 227 290 226 290 212 290 226 290 225 290 245 290 238 290 246 290 246 290 238 290 237 290 246 290 237 290 244 290 244 290 237 290 236 290 244 290 236 290 235 290 247 290 240 290 245 290 245 659 240 659 239 659 245 660 239 660 238 660 225 290 224 290 210 290 210 290 224 290 243 290 210 661 243 661 248 661 248 290 243 290 242 290 248 290 242 290 247 290 247 662 242 662 241 662 247 290 241 290 240 290 231 290 232 290 218 290 218 290 232 290 230 290 218 290 230 290 216 290 216 660 230 660 229 660 216 659 229 659 228 659 222 663 223 664 244 665 244 666 223 667 249 668 244 130 249 130 246 130 246 130 249 130 250 130 246 131 250 132 245 133 245 134 250 135 251 136 245 303 251 304 247 305 247 306 251 307 252 308 247 309 252 309 248 309 248 309 252 309 253 309 248 310 253 311 210 312 210 669 253 670 211 671 215 331 254 331 217 331 217 331 254 331 255 331 217 331 255 331 219 331 219 331 255 331 221 331 215 331 213 331 254 331 254 672 213 672 211 672 254 331 211 331 256 331 211 331 253 331 256 331 256 673 253 673 252 673 256 331 252 331 257 331 257 674 252 674 251 674 251 331 250 331 257 331 257 675 250 675 249 675 257 676 249 676 255 676 255 677 249 677 223 677 255 678 223 678 221 678 155 679 160 679 258 679 155 679 258 679 259 679 259 680 258 680 260 680 259 680 260 680 261 680 261 681 260 681 262 681 261 681 262 681 263 681 263 682 262 682 264 682 263 682 264 682 265 682 147 683 148 683 266 683 266 684 148 684 267 684 266 685 267 685 268 685 268 686 267 686 269 686 268 687 269 687 270 687 270 687 269 687 271 687 270 688 271 688 272 688 272 688 271 688 273 688 254 367 256 367 139 367 139 367 256 367 140 367 274 358 275 358 272 358 272 358 275 358 149 358 272 358 149 358 270 358 270 358 149 358 268 358 155 358 259 358 145 358 145 358 259 358 261 358 145 358 261 358 143 358 143 358 261 358 263 358 143 358 263 358 141 358 141 358 263 358 265 358 141 358 265 358 139 358 139 358 265 358 255 358 139 358 255 358 254 358 204 358 147 358 149 358 149 358 147 358 266 358 149 358 266 358 268 358 204 358 195 358 147 358 147 358 195 358 198 358 147 358 198 358 145 358 145 358 198 358 191 358 145 358 191 358 155 358 276 377 277 377 150 377 150 377 277 377 273 377 150 377 273 377 271 377 258 377 146 377 260 377 260 689 146 689 144 689 260 377 144 377 262 377 178 377 148 377 182 377 182 377 148 377 146 377 182 377 146 377 160 377 160 377 146 377 258 377 262 377 144 377 264 377 264 690 144 690 142 690 264 377 142 377 257 377 257 691 142 691 140 691 257 377 140 377 256 377 271 377 269 377 150 377 150 377 269 377 267 377 150 692 267 692 166 692 166 693 267 693 148 693 166 377 148 377 174 377 174 377 148 377 178 377 277 331 274 331 273 331 273 331 274 331 272 331 257 359 255 359 264 359 264 359 255 359 265 359 275 290 276 290 149 290 149 290 276 290 150 290 276 367 275 367 277 367 277 367 275 367 274 367 278 694 279 694 280 694 278 695 280 695 281 695 281 696 280 696 282 696 281 697 282 698 283 699 283 700 282 701 284 702 283 703 284 704 285 705 285 706 284 707 286 708 285 709 286 709 287 709 287 710 286 710 288 710 287 711 288 711 289 711 290 712 291 712 292 712 293 713 291 713 290 713 294 714 293 715 290 716 290 717 295 717 296 717 297 718 295 718 290 718 292 719 297 719 290 719 294 720 298 721 293 722 293 723 298 724 299 725 293 726 299 726 291 726 291 726 299 726 300 726 291 727 300 728 292 729 292 730 300 731 301 732 292 733 301 733 297 733 297 734 301 734 302 734 297 735 302 735 295 735 295 735 302 735 303 735 295 736 303 737 296 738 296 739 303 740 304 741 298 742 305 743 299 744 299 745 305 745 306 746 299 747 306 748 300 749 300 750 306 751 307 750 300 752 307 753 301 753 301 754 307 755 308 756 301 757 308 758 302 759 302 760 308 761 309 762 302 763 309 764 303 765 303 766 309 767 310 767 303 768 310 769 304 770 304 771 310 772 311 773 312 774 313 775 314 776 312 777 314 777 315 777 315 778 314 778 316 778 315 779 316 779 317 779 317 780 316 780 318 780 317 781 318 781 319 781 319 782 318 782 320 782 319 783 320 783 321 783 321 784 320 784 322 784 321 785 322 785 323 785 324 786 325 786 326 786 324 787 326 787 327 787 327 788 326 788 328 788 327 789 328 790 329 791 329 792 328 792 330 792 329 793 330 794 331 795 331 796 330 796 332 796 331 797 332 797 333 797 333 798 332 798 334 798 333 799 334 800 335 801 335 802 334 802 336 802 335 803 336 804 337 805 337 806 336 806 338 806 337 807 338 807 339 807 340 808 341 808 328 808 340 809 342 810 343 811 343 812 342 812 344 812 343 813 344 814 345 815 328 816 341 817 330 818 345 819 344 819 346 819 346 820 344 820 347 820 346 821 347 821 348 821 348 822 347 822 349 822 348 823 349 824 350 825 350 826 349 827 351 828 351 829 349 829 352 829 351 830 352 831 353 832 334 833 332 834 354 835 354 836 355 837 334 838 334 839 355 840 356 841 334 842 356 843 336 844 336 845 356 846 357 847 336 848 357 849 353 850 341 851 358 852 330 853 330 854 358 855 359 856 330 857 359 858 332 859 332 860 359 861 360 862 332 863 360 864 354 865 353 866 352 867 336 868 336 869 352 869 361 869 336 870 361 870 338 870 340 871 328 872 342 873 342 874 328 874 326 874 342 875 326 876 362 877 362 878 326 878 325 878 362 879 325 879 363 879 364 880 365 881 366 882 364 883 367 884 368 885 368 886 367 886 369 886 368 887 369 887 370 887 366 888 365 889 371 890 370 891 369 892 372 893 372 894 369 894 373 894 372 895 373 895 374 895 374 896 373 896 375 896 374 897 375 898 376 899 376 900 375 901 377 902 377 903 375 904 378 905 377 906 378 907 379 908 380 909 381 909 382 909 382 910 383 911 380 912 380 913 383 914 384 915 380 916 384 917 385 918 385 919 384 920 386 921 385 922 386 923 379 924 365 925 387 926 371 927 371 928 387 929 388 930 371 931 388 932 381 933 381 934 388 935 389 936 381 937 389 938 382 939 379 940 378 941 385 942 385 943 378 943 363 943 385 944 363 944 325 944 364 945 366 946 367 947 367 948 366 948 390 948 367 949 390 949 391 949 391 950 390 950 338 950 391 951 338 951 361 951 392 952 393 952 394 952 394 290 393 290 395 290 394 290 395 290 396 290 396 953 395 953 397 953 396 954 397 954 305 954 305 955 397 955 324 955 305 290 324 290 306 290 306 956 324 956 327 956 306 290 327 290 307 290 307 290 327 290 329 290 307 290 329 290 308 290 329 290 331 290 308 290 308 290 331 290 333 290 308 290 333 290 309 290 309 290 333 290 335 290 309 957 335 957 310 957 310 958 335 958 337 958 310 290 337 290 311 290 311 959 337 959 339 959 311 290 339 290 398 290 398 960 339 960 399 960 398 961 399 961 400 961 400 962 399 962 401 962 400 963 401 963 392 963 392 964 401 964 402 964 392 290 402 290 393 290 339 965 338 965 390 965 339 966 390 966 399 966 399 967 390 968 366 969 399 970 366 971 401 972 401 973 366 973 371 973 401 974 371 975 402 976 402 977 371 977 381 977 402 978 381 978 393 978 393 979 381 980 380 981 393 982 380 983 395 984 395 985 380 986 385 987 395 988 385 988 397 989 397 990 385 991 325 992 397 993 325 993 324 993 344 994 342 994 288 994 342 995 362 995 318 995 318 290 362 290 320 290 320 996 362 996 363 996 320 290 363 290 322 290 344 290 288 290 347 290 347 290 288 290 286 290 347 290 286 290 349 290 322 290 363 290 403 290 403 997 363 997 378 997 403 290 378 290 404 290 404 290 378 290 405 290 405 290 378 290 375 290 405 290 375 290 406 290 286 290 284 290 349 290 349 290 284 290 282 290 349 998 282 998 352 998 352 290 282 290 280 290 352 290 280 290 361 290 361 290 280 290 279 290 361 290 279 290 391 290 391 999 279 999 407 999 391 290 407 290 367 290 313 290 288 290 314 290 314 1000 288 1000 342 1000 314 290 342 290 316 290 316 290 342 290 318 290 407 1001 408 1001 367 1001 367 290 408 290 409 290 367 290 409 290 369 290 369 290 409 290 410 290 369 290 410 290 373 290 373 290 410 290 411 290 373 1002 411 1002 375 1002 375 290 411 290 412 290 375 290 412 290 406 290 323 1003 322 1003 403 1003 323 1004 403 1004 413 1004 413 1005 403 1005 404 1005 413 1006 404 1006 414 1006 414 1007 404 1008 405 1009 414 1010 405 1010 415 1010 415 1011 405 1011 406 1011 415 1012 406 1012 416 1012 416 1013 406 1013 412 1013 416 1014 412 1014 417 1014 416 1015 289 1015 415 1015 415 1016 289 1016 414 1016 289 1017 312 1017 315 1017 315 1018 317 1018 289 1018 289 1019 317 1019 319 1019 289 1020 319 1020 321 1020 321 331 323 331 289 331 289 1021 323 1021 413 1021 289 1022 413 1022 414 1022 418 331 278 331 419 331 419 331 278 331 289 331 287 331 289 331 285 331 285 331 289 331 278 331 285 331 278 331 283 331 283 331 278 331 281 331 420 331 419 331 421 331 421 331 419 331 289 331 421 331 289 331 422 331 422 331 289 331 416 331 422 1023 416 1023 417 1023 382 1024 389 1025 383 1026 383 1027 389 1028 384 1029 365 1030 386 1031 387 1032 387 1033 386 1034 384 1035 387 1036 384 1037 388 1038 388 1039 384 1040 389 1041 379 1042 386 1042 364 1042 364 1043 386 1043 365 1043 368 1044 370 1045 372 1046 379 1047 364 1047 377 1047 377 1048 364 1049 368 1050 377 1051 368 1052 376 1053 376 1054 368 1055 372 1056 376 1057 372 1058 374 1059 354 1060 360 1061 355 1062 355 1063 360 1064 356 1065 341 1066 357 1067 358 1068 358 1069 357 1070 356 1071 358 1072 356 1073 359 1074 359 1075 356 1076 360 1077 343 1078 345 1079 346 1080 353 1081 340 1081 351 1081 351 1082 340 1083 343 1084 351 1085 343 1086 350 1087 350 1088 343 1089 346 1090 350 1091 346 1092 348 1093 353 1094 357 1094 340 1094 340 1095 357 1095 341 1095 304 1096 311 1097 423 1098 423 1099 311 1100 398 1101 423 1102 398 1103 424 1102 424 1104 398 1105 400 1106 424 1107 400 1108 425 1109 425 1110 400 1110 392 1111 425 1112 392 1113 426 1113 426 1114 392 1115 394 1116 426 1117 394 1118 427 1119 427 1120 394 1121 396 1122 427 1123 396 1124 298 1125 298 1126 396 1127 305 1128 296 1129 304 1130 428 1131 428 1132 304 1133 423 1134 428 1135 423 1135 429 1135 429 1135 423 1135 424 1135 429 1136 424 1136 430 1136 430 1137 424 1137 425 1137 430 1138 425 1139 431 1140 431 1141 425 1142 426 1143 431 1144 426 1144 432 1144 432 1144 426 1144 427 1144 432 1145 427 1146 294 1147 294 1148 427 1149 298 1150 290 1151 429 1151 430 1151 428 1152 429 1152 290 1152 296 1153 428 1153 290 1153 290 1154 432 1155 294 1156 431 1157 432 1157 290 1157 430 1158 431 1158 290 1158 422 1159 417 1159 411 1159 411 1160 417 1161 412 1162 288 1163 313 1163 289 1163 289 1164 313 1164 312 1164 422 1165 411 1165 410 1165 422 1166 410 1166 421 1166 421 1167 410 1168 409 1169 421 1170 409 1171 420 1172 420 1173 409 1174 408 1175 420 1176 408 1177 419 1178 419 1179 408 1179 407 1179 419 1180 407 1181 418 1182 418 1183 407 1183 279 1183 418 1184 279 1184 278 1184 433 1185 434 1185 435 1185 433 1186 435 1186 436 1186 436 1187 435 1187 437 1187 436 697 437 698 438 699 438 1188 437 1188 439 1188 438 1189 439 1189 440 1189 440 1190 439 1191 441 1192 440 1193 441 1194 442 1195 442 1196 441 1196 443 1196 442 1197 443 1197 444 1197 445 1198 446 1198 447 1198 448 1199 446 1199 445 1199 449 1200 448 1201 445 1202 445 1203 450 1204 451 1205 452 1206 450 1206 445 1206 447 1207 452 1207 445 1207 449 1208 453 1209 448 1210 448 1211 453 1212 454 1213 448 1214 454 1214 446 1214 446 1214 454 1214 455 1214 446 1215 455 1216 447 1217 447 1218 455 1219 456 1220 447 733 456 733 452 733 452 1221 456 1221 457 1221 452 1222 457 1222 450 1222 450 1222 457 1222 458 1222 450 1223 458 1224 451 1225 451 1226 458 1226 459 1226 453 1227 460 1228 454 1229 454 1230 460 1231 461 1232 454 1233 461 1233 455 1234 455 1235 461 1236 462 1236 455 1237 462 1237 456 1237 456 1238 462 1239 463 1239 456 1240 463 1241 457 1242 457 1243 463 1243 464 1243 457 1244 464 1245 458 1244 458 1246 464 1247 465 1248 458 1249 465 1250 459 1249 459 1251 465 1252 466 1253 467 1254 468 1254 469 1254 467 1255 469 1256 470 1257 470 778 469 778 471 778 470 1258 471 1259 472 1260 472 1261 471 1262 473 1263 472 1264 473 1265 474 1266 474 783 473 783 475 783 474 1267 475 1268 476 1269 476 1270 475 1270 477 1270 476 1271 477 1271 478 1271 479 786 480 786 481 786 479 1272 481 1272 482 1272 482 1273 481 1274 483 1275 482 1276 483 1277 484 1278 484 1279 483 1280 485 1281 484 1282 485 1283 486 1284 486 1285 485 1285 487 1285 486 1286 487 1286 488 1286 488 1287 487 1288 489 1288 488 1289 489 1290 490 1291 490 1292 489 1293 491 1294 490 1295 491 1296 492 1297 492 806 491 806 493 806 492 1298 493 1298 494 1298 495 1299 493 1300 496 1301 496 1302 493 1302 491 1302 489 1303 497 1304 491 1305 491 1306 497 1307 498 1308 491 1309 498 1310 496 1311 499 1312 500 1312 501 1312 502 1313 503 1313 504 1313 504 1314 503 1315 499 1316 504 1317 499 1317 505 1317 505 1318 499 1319 501 1320 506 1321 507 1322 508 1323 508 1324 507 1324 509 1324 508 1325 509 1325 510 1325 481 1326 480 1326 511 1326 511 1327 512 1328 481 1329 481 1330 512 1331 513 1332 481 1333 513 1334 483 1335 483 1336 513 1337 514 1338 483 1339 514 1339 515 1339 510 1340 509 1341 515 1342 515 1343 509 1344 516 1345 515 1346 516 1346 483 1346 483 1347 516 1348 517 1349 483 1350 517 1351 485 1352 485 367 517 367 518 367 485 367 518 367 487 367 487 1353 518 1354 503 1355 487 1356 503 1357 489 1358 489 1359 503 1359 502 1359 489 1360 502 1361 497 1362 511 1363 480 1364 519 1365 519 1366 480 1367 520 1368 521 1369 522 1370 520 1371 520 1372 522 1373 523 1374 520 1375 523 1376 519 1377 524 1378 507 1378 506 1378 525 1379 526 1380 527 1381 527 1382 526 1383 524 1384 527 1385 524 1385 528 1385 528 1386 524 1387 506 1388 501 1389 500 1389 529 1389 529 1390 500 1390 530 1390 529 1391 530 1391 531 1391 532 1392 493 1392 495 1392 495 1393 533 1394 532 1395 532 1396 533 1397 534 1398 532 1399 534 1400 535 1401 535 1402 534 1403 536 1404 535 1405 536 1405 537 1405 531 1406 530 1407 537 1408 537 1409 530 1410 538 1411 537 1412 538 1412 535 1412 535 1413 538 1414 539 1415 535 1416 539 1417 540 1418 540 359 539 359 541 359 540 359 541 359 542 359 542 1419 541 1420 526 1421 542 1422 526 1423 521 1424 521 1425 526 1426 525 1427 521 1428 525 1429 522 1430 543 952 544 952 545 952 545 290 544 290 546 290 545 290 546 290 547 290 547 953 546 953 548 953 547 1431 548 1431 460 1431 460 1432 548 1432 479 1432 460 290 479 290 461 290 461 1433 479 1433 482 1433 461 290 482 290 462 290 462 290 482 290 484 290 462 290 484 290 463 290 484 290 486 290 463 290 463 290 486 290 488 290 463 290 488 290 464 290 464 290 488 290 490 290 464 957 490 957 465 957 465 1434 490 1434 492 1434 465 290 492 290 466 290 466 1435 492 1435 494 1435 466 290 494 290 549 290 549 960 494 960 550 960 549 1436 550 1436 551 1436 551 1437 550 1437 552 1437 551 1438 552 1438 543 1438 543 1439 552 1439 553 1439 543 290 553 290 544 290 494 1440 493 1440 532 1440 494 1441 532 1441 550 1441 550 1442 532 1443 535 1444 550 1445 535 1446 552 1447 552 1448 535 1449 540 1450 552 1451 540 1452 553 1453 553 1454 540 1454 542 1454 553 1455 542 1455 544 1455 544 1456 542 1457 521 1458 544 1459 521 1460 546 1461 546 1462 521 1463 520 1464 546 1465 520 1466 548 1467 548 1468 520 1469 480 1470 548 1471 480 1471 479 1471 516 1472 509 1472 473 1472 473 290 509 290 475 290 475 996 509 996 507 996 475 290 507 290 477 290 503 1473 518 1473 441 1473 441 290 518 290 443 290 443 290 518 290 517 290 443 1474 517 1474 516 1474 477 290 507 290 554 290 554 1475 507 1475 524 1475 554 290 524 290 555 290 555 290 524 290 556 290 556 290 524 290 526 290 556 290 526 290 557 290 441 290 439 290 503 290 503 290 439 290 437 290 503 1476 437 1476 499 1476 499 290 437 290 435 290 499 290 435 290 500 290 500 290 435 290 434 290 500 290 434 290 530 290 530 999 434 999 558 999 530 290 558 290 538 290 468 290 443 290 469 290 469 1477 443 1477 516 1477 469 290 516 290 471 290 471 290 516 290 473 290 558 1478 559 1478 538 1478 538 290 559 290 560 290 538 290 560 290 539 290 539 290 560 290 561 290 539 290 561 290 541 290 541 290 561 290 562 290 541 1479 562 1479 526 1479 526 290 562 290 563 290 526 290 563 290 557 290 478 1480 477 1480 554 1480 478 1481 554 1481 564 1481 564 1006 554 1006 555 1006 564 1006 555 1006 565 1006 565 1482 555 1482 556 1482 565 1483 556 1484 566 1485 566 1486 556 1486 557 1486 566 1487 557 1487 567 1487 567 1488 557 1489 563 1490 567 1491 563 1492 568 1493 444 1494 467 1494 470 1494 567 1495 444 1495 566 1495 566 1016 444 1016 565 1016 567 1496 568 1496 569 1496 567 331 569 331 444 331 444 331 569 331 570 331 444 331 570 331 571 331 470 1497 472 1497 444 1497 444 1019 472 1019 474 1019 444 1498 474 1498 476 1498 572 331 573 331 571 331 571 331 573 331 433 331 442 331 444 331 440 331 440 331 444 331 571 331 440 331 571 331 438 331 438 331 571 331 433 331 438 331 433 331 436 331 476 331 478 331 444 331 444 1499 478 1499 564 1499 444 1500 564 1500 565 1500 498 1501 497 1502 536 1503 536 1504 534 1505 498 1506 498 1507 534 1507 533 1507 498 1508 533 1508 496 1508 496 1509 533 1510 495 1511 537 377 536 377 502 377 502 377 536 377 497 377 501 1512 529 1513 505 1514 505 1515 529 1515 531 1515 505 1516 531 1517 504 1518 504 1519 531 1520 537 1521 504 1522 537 1523 502 1524 522 1525 514 1526 523 1527 523 1528 514 1529 513 1530 523 1531 513 1531 519 1531 519 1532 513 1532 512 1532 519 1533 512 1534 511 1535 506 1536 508 1537 528 1538 528 1539 508 1539 510 1539 528 1540 510 1540 527 1540 527 1541 510 1542 515 1543 527 1544 515 1545 525 1546 515 358 514 358 525 358 525 358 514 358 522 358 459 1547 466 1548 574 1549 574 1550 466 1551 549 1552 574 1553 549 1553 575 1554 575 1555 549 1556 551 1557 575 1558 551 1559 576 1560 576 1561 551 1562 543 1563 576 1564 543 1565 577 1566 577 1567 543 1568 545 1569 577 1570 545 1571 578 1572 578 1573 545 1573 547 1573 578 1574 547 1575 453 1576 453 1577 547 1578 460 1579 451 1580 459 1580 579 1580 579 1581 459 1581 574 1581 579 1135 574 1135 580 1135 580 1582 574 1582 575 1582 580 1136 575 1136 581 1136 581 1583 575 1584 576 1585 581 1586 576 1587 582 1588 582 1589 576 1142 577 1590 582 1591 577 1591 583 1591 583 1144 577 1144 578 1144 583 1592 578 1593 449 1594 449 1595 578 1596 453 1597 445 1598 580 1598 581 1598 579 1152 580 1152 445 1152 451 1153 579 1153 445 1153 445 1599 583 1600 449 1601 582 1157 583 1157 445 1157 581 1602 582 1602 445 1602 569 1603 568 1603 562 1603 562 1604 568 1604 563 1604 443 1605 468 1605 444 1605 444 1606 468 1606 467 1606 569 1607 562 1607 561 1607 569 1608 561 1608 570 1608 570 1609 561 1610 560 1611 570 1612 560 1613 571 1614 571 1615 560 1615 559 1615 571 1616 559 1616 572 1616 572 1617 559 1617 558 1617 572 1617 558 1617 573 1617 573 1618 558 1618 434 1618 573 1619 434 1619 433 1619 584 1620 585 1620 586 1620 586 1620 585 1620 587 1620 586 1621 587 1621 588 1621 588 1621 587 1621 589 1621 588 1622 589 1622 590 1622 590 1622 589 1622 591 1622 590 1623 591 1623 592 1623 592 1623 591 1623 593 1623 594 1624 595 1624 596 1624 596 1625 595 1625 597 1625 598 1626 599 1627 600 1628 600 1629 599 1630 601 1631 600 1632 601 1633 602 1634 602 1635 603 1636 600 1637 600 1638 603 1639 604 1640 600 1641 604 1641 605 1641 604 1642 606 1643 605 1644 605 1645 606 1646 607 1647 605 1648 607 1648 608 1648 609 1649 610 1649 611 1649 611 1650 610 1650 612 1650 611 1651 612 1651 613 1651 613 1652 614 1653 611 1654 611 1655 614 1656 615 1657 611 1658 615 1658 595 1658 595 1659 615 1659 616 1659 595 1660 616 1660 597 1660 617 1661 618 1661 619 1661 619 1662 618 1663 620 1664 619 1665 620 1665 611 1665 611 1666 620 1667 621 1668 611 1669 621 1669 609 1669 617 1670 619 1671 622 1672 622 1673 619 1673 623 1673 622 1674 623 1675 624 1676 625 1677 626 1677 627 1677 608 1678 628 1679 605 1680 605 1681 628 1682 629 1683 605 1684 629 1684 627 1684 627 1685 629 1685 630 1685 627 1686 630 1687 625 1688 626 1689 631 1689 627 1689 627 1690 631 1691 632 1692 627 1693 632 1693 623 1693 623 1694 632 1694 633 1694 623 1695 633 1695 624 1695 634 1696 635 1697 636 1698 635 1699 637 1699 636 1699 636 1700 637 1701 638 1702 636 1703 638 1703 600 1703 600 1704 638 1704 639 1704 600 1705 639 1705 598 1705 640 1706 641 1707 642 1708 640 1709 642 1709 643 1709 642 1710 644 1711 643 1712 643 1713 644 1714 645 1715 643 1716 645 1716 636 1716 636 1717 645 1717 646 1717 636 1718 646 1719 634 1720 596 1721 647 1722 594 1723 594 1724 647 1724 648 1724 594 1725 648 1725 649 1725 649 1726 648 1726 650 1726 649 1727 650 1727 651 1727 651 1728 652 1729 649 1730 649 1731 652 1732 653 1733 649 1734 653 1734 640 1734 640 1735 653 1736 654 1737 640 1738 654 1739 641 1740 655 663 656 664 657 665 657 666 656 1741 658 668 657 130 658 130 659 130 659 130 658 130 660 130 659 1742 660 1743 661 1744 661 1745 660 1746 662 1747 661 1748 662 1749 663 1750 663 1751 662 1752 664 1753 663 1754 664 1754 665 1754 665 309 664 309 666 309 665 1755 666 1756 667 1757 667 1758 666 1759 668 1760 596 1761 669 1761 647 1761 647 1762 669 1762 670 1762 647 1763 670 1763 648 1763 648 1764 670 1765 671 1766 672 1767 651 1767 671 1767 671 1768 651 1768 650 1768 671 1769 650 1770 648 1771 641 1772 654 1773 673 1774 673 1775 654 1776 653 1777 673 1778 653 1778 672 1778 672 1779 653 1780 652 1781 672 1782 652 1783 651 1784 646 1785 674 1786 634 1787 634 1788 674 1788 675 1788 634 1789 675 1790 635 1791 646 1792 645 1792 674 1792 674 1793 645 1794 644 1795 674 1796 644 1797 673 1798 673 1799 644 1800 642 1801 673 1802 642 1803 641 1804 676 1805 599 1805 677 1805 677 1806 599 1807 598 1808 598 1809 639 1809 677 1809 677 1810 639 1810 638 1810 677 1811 638 1811 675 1811 675 1812 638 1813 637 1814 675 1815 637 1816 635 1817 678 1818 679 1818 604 1818 604 1819 603 1820 678 1821 678 1822 603 1823 602 1824 678 1825 602 1825 676 1825 676 1826 602 1827 601 1828 676 1829 601 1830 599 1831 604 1832 679 1833 606 1834 606 1835 679 1836 680 1837 606 1838 680 1839 607 1840 607 1841 680 1841 608 1841 608 1842 680 1842 681 1842 608 1843 681 1844 628 1845 628 1846 681 1847 629 1848 629 1849 681 1849 682 1849 629 1850 682 1850 630 1850 632 1851 631 1852 683 1853 683 1854 631 1854 626 1854 683 1855 626 1855 682 1855 682 1856 626 1857 625 1858 682 1859 625 1860 630 1861 632 1862 683 1863 633 1864 633 1865 683 1866 684 1867 633 1868 684 1869 624 1870 620 1871 618 1872 685 1873 685 1874 618 1874 617 1874 685 1875 617 1876 684 1877 684 1878 617 1879 622 1880 684 1881 622 1882 624 1883 620 1884 685 1885 621 1886 621 1887 685 1887 686 1887 621 1888 686 1889 609 1890 614 1891 613 1892 687 1893 687 1894 613 1895 612 1896 687 1897 612 1897 686 1897 686 1898 612 1899 610 1900 686 1901 610 1901 609 1901 614 1902 687 1903 615 1904 615 1905 687 1906 688 1907 615 1908 688 1909 616 1910 616 1911 688 1912 597 1913 597 1914 688 1914 669 1914 597 1915 669 1916 596 1917 670 290 655 290 657 290 661 290 673 290 659 290 659 290 673 290 672 290 659 290 672 290 657 290 657 290 672 290 671 290 657 290 671 290 670 290 663 290 675 290 661 290 661 1918 675 1918 674 1918 661 660 674 660 673 660 680 290 667 290 689 290 680 290 679 290 667 290 667 290 679 290 678 290 667 661 678 661 665 661 665 290 678 290 676 290 665 290 676 290 663 290 663 662 676 662 677 662 663 290 677 290 675 290 690 290 683 290 691 290 691 290 683 290 682 290 691 290 682 290 689 290 689 290 682 290 681 290 689 290 681 290 680 290 692 290 685 290 690 290 690 660 685 660 684 660 690 1918 684 1918 683 1918 670 290 669 290 655 290 655 290 669 290 688 290 655 1919 688 1919 693 1919 693 290 688 290 687 290 693 290 687 290 692 290 692 1920 687 1920 686 1920 692 290 686 290 685 290 667 1921 668 1922 689 1923 689 1924 668 1925 694 1926 689 322 694 322 691 322 691 1927 694 1927 695 1927 691 1928 695 1929 690 1930 690 1931 695 1932 696 1933 690 1934 696 1935 692 1936 692 1937 696 1938 697 1939 692 117 697 117 693 117 693 117 697 117 698 117 693 1940 698 1941 655 1942 655 1943 698 1944 656 1945 699 331 697 331 700 331 700 1946 697 1946 696 1946 700 1947 696 1947 695 1947 695 331 694 331 700 331 700 1948 694 1948 668 1948 700 331 668 331 701 331 660 331 658 331 702 331 702 678 658 678 656 678 702 331 656 331 699 331 699 1949 656 1949 698 1949 699 1950 698 1950 697 1950 668 331 666 331 701 331 701 1951 666 1951 664 1951 701 331 664 331 702 331 702 1952 664 1952 662 1952 702 1953 662 1953 660 1953 600 1954 605 1954 703 1954 600 1954 703 1954 704 1954 704 1955 703 1955 705 1955 704 1955 705 1955 706 1955 706 1956 705 1956 707 1956 706 1956 707 1956 708 1956 708 1957 707 1957 709 1957 708 1957 709 1957 710 1957 592 1958 593 1958 711 1958 711 1959 593 1959 712 1959 711 1960 712 1960 713 1960 713 1961 712 1961 714 1961 713 1962 714 1962 715 1962 715 1962 714 1962 716 1962 715 1963 716 1963 717 1963 717 1963 716 1963 718 1963 702 359 699 359 584 359 584 359 699 359 585 359 719 377 720 377 717 377 717 377 720 377 594 377 717 377 594 377 715 377 715 1964 594 1964 713 1964 600 377 704 377 590 377 590 1965 704 1965 706 1965 590 377 706 377 588 377 588 1966 706 1966 708 1966 588 377 708 377 586 377 586 1967 708 1967 710 1967 586 377 710 377 584 377 584 377 710 377 701 377 584 377 701 377 702 377 649 377 592 377 594 377 594 1968 592 1968 711 1968 594 377 711 377 713 377 649 377 640 377 592 377 592 1969 640 1969 643 1969 592 377 643 377 590 377 590 1970 643 1970 636 1970 590 1971 636 1971 600 1971 703 358 591 358 705 358 705 358 591 358 589 358 705 358 589 358 707 358 707 358 589 358 709 358 709 358 589 358 587 358 709 358 587 358 700 358 700 358 587 358 585 358 700 358 585 358 699 358 721 358 722 358 595 358 595 358 722 358 718 358 595 358 718 358 716 358 716 358 714 358 595 358 595 358 714 358 712 358 595 358 712 358 611 358 611 358 712 358 593 358 611 358 593 358 619 358 703 358 605 358 591 358 591 358 605 358 627 358 591 358 627 358 593 358 593 358 627 358 623 358 593 358 623 358 619 358 722 331 719 331 718 331 718 331 719 331 717 331 700 367 701 367 709 367 709 367 701 367 710 367 720 290 721 290 594 290 594 290 721 290 595 290 721 359 720 359 722 359 722 359 720 359 719 359 723 1972 724 1972 725 1972 723 1973 725 1973 726 1973 726 1974 725 1974 727 1974 726 1975 727 1975 728 1975 724 1976 729 1976 725 1976 725 290 729 290 730 290 725 290 730 290 731 290 728 1977 732 1977 726 1977 726 290 732 290 733 290 726 290 733 290 734 290 735 290 736 290 737 290 737 1978 736 1978 738 1978 739 290 740 290 741 290 741 290 740 290 736 290 741 290 736 290 742 290 742 290 736 290 735 290 743 290 744 290 745 290 745 290 744 290 737 290 745 290 737 290 746 290 746 290 737 290 738 290 747 290 748 290 749 290 749 1979 748 1979 750 1979 749 290 750 290 751 290 752 1980 753 1980 754 1980 755 290 756 290 757 290 757 290 756 290 752 290 757 290 752 290 758 290 758 290 752 290 754 290 759 359 760 359 761 359 761 359 760 359 762 359 762 359 756 359 755 359 755 359 763 359 762 359 762 359 763 359 764 359 762 359 764 359 761 359 761 359 764 359 765 359 765 359 766 359 761 359 761 359 766 359 767 359 761 359 767 359 768 359 752 358 756 358 769 358 769 358 756 358 762 358 770 367 771 367 772 367 772 367 771 367 773 367 771 358 770 358 774 358 774 358 770 358 775 358 772 290 769 290 770 290 770 290 769 290 762 290 770 290 762 290 775 290 775 290 762 290 776 290 775 290 776 290 777 290 778 377 776 377 760 377 760 377 776 377 762 377 779 367 780 367 781 367 781 367 780 367 782 367 783 290 782 290 780 290 784 290 785 290 786 290 784 290 786 290 780 290 780 290 786 290 761 290 780 290 761 290 783 290 780 377 779 377 784 377 784 377 779 377 787 377 786 358 788 358 761 358 761 358 788 358 759 358 789 331 773 331 771 331 787 331 779 331 790 331 790 331 779 331 781 331 771 331 774 331 789 331 789 331 774 331 760 331 789 331 760 331 790 331 790 331 760 331 759 331 790 331 759 331 787 331 787 331 759 331 788 331 787 331 788 331 774 331 774 331 788 331 778 331 774 331 778 331 760 331 791 1981 792 1981 793 1981 791 290 793 290 794 290 795 290 796 290 793 290 793 290 796 290 797 290 793 1982 797 1982 794 1982 798 367 788 367 799 367 799 1983 788 1983 786 1983 799 367 786 367 800 367 798 367 801 367 788 367 788 367 801 367 802 367 788 367 802 367 778 367 802 367 803 367 778 367 778 367 803 367 796 367 778 1984 796 1984 776 1984 776 367 796 367 795 367 804 290 805 290 806 290 806 1985 805 1985 807 1985 806 290 807 290 808 290 809 1986 810 1986 811 1986 809 1973 811 1973 812 1973 812 1974 811 1974 813 1974 812 1987 813 1987 814 1987 810 1988 815 1988 811 1988 811 290 815 290 816 290 811 290 816 290 817 290 814 1977 818 1977 812 1977 812 290 818 290 819 290 812 290 819 290 820 290 821 290 822 290 823 290 824 290 825 290 826 290 826 290 825 290 827 290 828 290 821 290 826 290 826 290 821 290 823 290 826 290 823 290 829 290 829 290 823 290 830 290 827 290 831 290 826 290 826 1989 831 1989 832 1989 826 290 832 290 828 290 833 1990 740 1990 834 1990 834 1990 740 1990 739 1990 834 1991 739 1991 835 1991 835 1991 739 1991 741 1991 835 1992 741 1993 836 1994 836 1995 741 1996 742 1997 836 1998 742 1998 837 1998 837 1999 742 1999 735 1999 837 2000 735 2000 838 2000 838 2000 735 2000 737 2000 838 2001 737 2001 839 2001 839 2001 737 2001 744 2001 840 1990 828 1990 841 1990 841 1990 828 1990 832 1990 841 2002 832 2002 842 2002 842 2003 832 2003 831 2003 842 2004 831 2004 843 2004 843 2004 831 2004 827 2004 843 2005 827 2005 844 2005 844 2005 827 2005 825 2005 844 2006 825 2006 845 2006 845 2007 825 2007 824 2007 845 2001 824 2001 846 2001 846 2001 824 2001 826 2001 847 2008 812 2008 848 2008 848 2008 812 2008 820 2008 848 2009 820 2009 849 2009 849 2010 820 2010 819 2010 849 2011 819 2011 850 2011 850 2011 819 2011 818 2011 850 2012 818 2012 851 2012 851 2012 818 2012 814 2012 851 2013 814 2013 852 2013 852 2014 814 2014 813 2014 852 2001 813 2001 853 2001 853 2001 813 2001 811 2001 854 2015 726 2016 855 2017 855 2018 726 2019 734 2020 855 2021 734 2021 856 2021 856 2021 734 2021 733 2021 856 2022 733 2022 857 2022 857 2023 733 2023 732 2023 857 2024 732 2024 858 2024 858 2025 732 2025 728 2025 858 2026 728 2026 859 2026 859 2026 728 2026 727 2026 859 2027 727 2028 860 2029 860 2030 727 2031 725 2032 861 2033 862 2033 863 2033 863 2034 862 2034 864 2034 863 2035 864 2035 865 2035 865 2036 864 2036 866 2036 865 2037 866 2037 867 2037 867 2038 866 2038 868 2038 867 2039 868 2039 869 2039 869 2040 868 2040 870 2040 869 2041 870 2041 871 2041 871 2042 870 2042 872 2042 871 2043 872 2043 873 2043 873 2044 872 2044 874 2044 875 2033 876 2033 877 2033 877 2033 876 2033 878 2033 877 2045 878 2045 879 2045 879 2036 878 2036 880 2036 879 2037 880 2037 881 2037 881 2038 880 2038 882 2038 881 2039 882 2039 883 2039 883 2040 882 2040 884 2040 883 2041 884 2041 885 2041 885 2046 884 2046 886 2046 885 2044 886 2044 887 2044 887 2044 886 2044 888 2044 889 2047 890 2047 891 2047 891 2047 890 2047 892 2047 891 2048 892 2048 893 2048 893 2049 892 2049 894 2049 893 2037 894 2037 895 2037 895 2038 894 2038 896 2038 895 2039 896 2039 897 2039 897 2040 896 2040 898 2040 897 2050 898 2050 899 2050 899 2051 898 2051 900 2051 899 2052 900 2052 901 2052 901 2052 900 2052 902 2052 903 2047 904 2047 905 2047 905 2053 904 2053 906 2053 905 2054 906 2054 907 2054 907 2049 906 2049 908 2049 907 2037 908 2037 909 2037 909 2038 908 2038 910 2038 909 2039 910 2039 911 2039 911 2040 910 2040 912 2040 911 2050 912 2050 913 2050 913 2055 912 2055 914 2055 913 2056 914 2056 915 2056 915 2052 914 2052 916 2052 915 2057 916 2057 917 2057 917 2058 916 2058 918 2058 917 2059 918 2059 919 2059 919 2059 918 2059 920 2059 919 2060 920 2060 921 2060 921 2061 920 2061 922 2061 921 2062 922 2062 923 2062 923 2063 922 2063 924 2063 923 2064 924 2064 925 2064 925 2064 924 2064 926 2064 925 2065 926 2065 903 2065 903 2066 926 2066 904 2066 901 2057 902 2057 927 2057 927 2057 902 2057 928 2057 927 2067 928 2067 929 2067 929 2068 928 2068 930 2068 929 2061 930 2061 931 2061 931 2069 930 2069 932 2069 931 2070 932 2070 933 2070 933 2062 932 2062 934 2062 933 2071 934 2071 935 2071 935 2072 934 2072 936 2072 935 2066 936 2066 889 2066 889 2066 936 2066 890 2066 887 2073 888 2073 937 2073 937 2073 888 2073 938 2073 937 2074 938 2074 939 2074 939 2075 938 2075 940 2075 939 2061 940 2061 941 2061 941 2069 940 2069 942 2069 941 2070 942 2070 943 2070 943 2062 942 2062 944 2062 943 2076 944 2076 945 2076 945 2077 944 2077 946 2077 945 2078 946 2078 875 2078 875 2078 946 2078 876 2078 873 2073 874 2073 947 2073 947 2079 874 2079 948 2079 947 2080 948 2080 949 2080 949 2080 948 2080 950 2080 949 2060 950 2060 951 2060 951 2061 950 2061 952 2061 951 2062 952 2062 953 2062 953 2063 952 2063 954 2063 953 2081 954 2081 955 2081 955 2081 954 2081 956 2081 955 2082 956 2082 861 2082 861 2078 956 2078 862 2078 860 2083 725 2084 957 2085 957 2086 725 2087 731 2088 957 2089 731 2089 958 2089 958 2090 731 2090 730 2090 958 2091 730 2091 959 2091 959 2092 730 2092 729 2092 959 2093 729 2093 960 2093 960 2094 729 2094 724 2094 960 2095 724 2095 961 2095 961 2096 724 2096 723 2096 961 2097 723 2098 854 2099 854 2100 723 2101 726 2102 853 2103 811 2103 962 2103 962 2103 811 2103 817 2103 962 2104 817 2104 963 2104 963 2104 817 2104 816 2104 963 2105 816 2105 964 2105 964 2105 816 2105 815 2105 964 2106 815 2106 965 2106 965 2106 815 2106 810 2106 965 2107 810 2107 966 2107 966 2107 810 2107 809 2107 966 2108 809 2108 847 2108 847 2108 809 2108 812 2108 846 2103 826 2103 967 2103 967 2103 826 2103 829 2103 967 2109 829 2109 968 2109 968 2109 829 2109 830 2109 968 2110 830 2110 969 2110 969 2110 830 2110 823 2110 969 2111 823 2111 970 2111 970 2111 823 2111 822 2111 970 2112 822 2112 971 2112 971 2112 822 2112 821 2112 971 2113 821 2113 840 2113 840 2113 821 2113 828 2113 839 2103 744 2103 972 2103 972 2103 744 2103 743 2103 972 2114 743 2114 973 2114 973 2115 743 2115 745 2115 973 2116 745 2116 974 2116 974 2117 745 2117 746 2117 974 2118 746 2118 975 2118 975 2119 746 2119 738 2119 975 2120 738 2120 976 2120 976 2121 738 2121 736 2121 976 2113 736 2113 833 2113 833 2113 736 2113 740 2113 977 290 978 290 979 290 913 2122 915 2122 980 2122 871 290 873 290 981 290 982 290 983 290 984 290 985 290 986 290 987 290 988 290 989 290 990 290 852 2123 853 2123 991 2123 844 290 845 290 992 290 992 2124 845 2124 846 2124 992 290 846 290 993 290 993 2125 846 2125 967 2125 968 2126 969 2126 994 2126 969 290 970 290 994 290 994 2127 970 2127 971 2127 994 290 971 290 995 290 971 290 840 290 995 290 995 2128 840 2128 841 2128 995 290 841 290 996 290 996 2129 841 2129 842 2129 844 290 992 290 843 290 843 290 992 290 997 290 843 2123 997 2123 842 2123 842 2130 997 2130 998 2130 842 2131 998 2131 996 2131 991 290 853 290 999 290 999 2132 853 2132 962 2132 999 2133 962 2133 963 2133 1000 2134 848 2134 849 2134 1000 2135 849 2135 1001 2135 964 2136 965 2136 1002 2136 1002 2137 965 2137 966 2137 1002 290 966 290 1000 290 1000 2138 966 2138 847 2138 1000 2139 847 2139 848 2139 849 2140 850 2140 1001 2140 1001 2141 850 2141 851 2141 1001 2142 851 2142 1003 2142 1003 2143 851 2143 852 2143 1003 290 852 290 1004 290 1004 290 852 290 991 290 854 2144 855 2144 1005 2144 1005 2145 855 2145 856 2145 1006 290 957 290 990 290 990 2146 957 2146 958 2146 959 2147 960 2147 1007 2147 1007 2148 960 2148 961 2148 1007 2149 961 2149 854 2149 857 290 858 290 1008 290 1008 2150 858 2150 859 2150 1008 290 859 290 1006 290 1006 2151 859 2151 860 2151 1006 2152 860 2152 957 2152 988 290 990 290 1009 290 1010 290 1011 290 1012 290 1012 290 1011 290 1013 290 1012 290 1013 290 1014 290 1015 290 833 290 1016 290 1016 2153 833 2153 834 2153 1016 2154 834 2154 835 2154 972 290 973 290 1011 290 1011 2155 973 2155 974 2155 1011 290 974 290 1013 290 1013 2156 974 2156 975 2156 1013 290 975 290 1015 290 1015 2157 975 2157 976 2157 1015 2158 976 2158 833 2158 836 290 837 290 1017 290 1017 2159 837 2159 838 2159 1017 290 838 290 1011 290 1011 2160 838 2160 839 2160 1011 2161 839 2161 972 2161 1018 290 1019 290 1020 290 1018 2162 1020 2162 1021 2162 1022 290 1023 290 1024 290 1023 2163 1025 2163 1024 2163 1024 2164 1025 2164 1026 2164 1024 290 1026 290 1027 290 1028 290 1029 290 1030 290 1026 290 1031 290 1027 290 1027 290 1031 290 1032 290 1027 290 1032 290 1033 290 1032 290 1034 290 1033 290 1033 2165 1034 2165 1035 2165 1033 290 1035 290 1028 290 1028 290 1035 290 1036 290 1028 290 1036 290 1029 290 1037 290 1038 290 984 290 984 290 1038 290 1039 290 1039 290 1040 290 984 290 984 2166 1040 2166 1041 2166 984 2167 1041 2167 1042 2167 1042 2168 1041 2168 1043 2168 1042 2169 1043 2169 1044 2169 1045 290 1046 290 1047 290 1047 290 1046 290 1042 290 1047 2170 1042 2170 1048 2170 1048 290 1042 290 1044 290 1049 2171 1050 2171 1002 2171 1002 2172 1050 2172 1051 2172 1002 290 1051 290 1037 290 1037 2173 1051 2173 1052 2173 1037 290 1052 290 1038 290 1045 290 1053 290 1046 290 1046 2174 1053 2174 1054 2174 1046 290 1054 290 1055 290 1055 2175 1054 2175 1056 2175 1057 2176 1058 2176 1059 2176 1057 290 1059 290 1060 290 1061 290 1062 290 1063 290 1063 2177 1062 2177 1064 2177 1063 290 1064 290 1057 290 1057 2178 1064 2178 1065 2178 1057 2179 1065 2179 1058 2179 1061 2180 1063 2180 1066 2180 1066 290 1063 290 1067 290 1066 290 1067 290 1068 290 1069 2181 1070 2181 1071 2181 1072 2182 1073 2182 1074 2182 1074 290 1073 290 1060 290 1074 290 1060 290 1075 290 1075 290 1060 290 1059 290 1070 2183 1076 2183 1071 2183 1071 2184 1076 2184 1077 2184 1071 290 1077 290 1067 290 1067 2185 1077 2185 1078 2185 1067 290 1078 290 1068 290 1079 290 1080 290 1081 290 1042 290 1082 290 1083 290 1083 2186 1082 2186 1084 2186 1083 2187 1084 2187 1085 2187 1080 290 1086 290 1081 290 1081 2188 1086 2188 1087 2188 1081 290 1087 290 1063 290 1088 290 1089 290 1046 290 1087 290 1090 290 1063 290 1063 290 1090 290 1091 290 1063 290 1091 290 1067 290 1067 2189 1091 2189 1092 2189 1067 290 1092 290 1093 290 1089 2190 1094 2190 1046 2190 1046 2191 1094 2191 1095 2191 1046 290 1095 290 1042 290 1042 290 1095 290 1096 290 1042 290 1096 290 1082 290 1024 290 1097 290 1098 290 1098 2192 1097 2192 1099 2192 1098 2193 1099 2193 1100 2193 1101 2194 1102 2194 1103 2194 1103 2195 1102 2195 1104 2195 1103 290 1104 290 1105 290 1104 290 1106 290 1105 290 1105 290 1106 290 1107 290 1105 290 1107 290 979 290 979 290 1107 290 1108 290 1108 290 1109 290 979 290 979 2196 1109 2196 1110 2196 979 2197 1110 2197 1027 2197 1027 2198 1110 2198 1111 2198 1027 2169 1111 2169 1112 2169 1112 2199 1113 2199 1027 2199 1027 2200 1113 2200 1114 2200 1027 290 1114 290 1024 290 1024 290 1114 290 1115 290 1024 290 1115 290 1097 290 1116 2201 1117 2201 1118 2201 1118 290 1117 290 1119 290 1120 2202 1121 2202 1122 2202 1121 2203 1123 2203 1122 2203 1122 2204 1123 2204 1124 2204 1122 290 1124 290 1020 290 1020 2205 1124 2205 1125 2205 1020 290 1125 290 1126 290 1127 2170 1128 2170 987 2170 986 290 1021 290 987 290 987 290 1021 290 1020 290 987 290 1020 290 1127 290 1127 290 1020 290 1126 290 1129 290 1130 290 1131 290 1131 290 1130 290 987 290 1131 2177 987 2177 1132 2177 1132 2199 987 2199 1128 2199 1129 290 1133 290 1130 290 1130 2206 1133 2206 1134 2206 1130 290 1134 290 1119 290 1119 290 1134 290 1135 290 1119 290 1135 290 1118 290 1000 290 1136 290 1002 290 1002 290 1136 290 1055 290 1002 2207 1055 2207 1049 2207 1049 2183 1055 2183 1056 2183 1137 290 1138 290 1071 290 1071 290 1138 290 1073 290 1071 290 1073 290 1069 290 1069 290 1073 290 1072 290 1136 290 1137 290 1055 290 1055 290 1137 290 1071 290 1055 290 1071 290 1046 290 1046 290 1071 290 1067 290 1046 290 1067 290 1088 290 1088 290 1067 290 1093 290 1139 2208 1140 2208 1083 2208 1083 2209 1140 2209 1141 2209 984 290 983 290 1142 290 1142 290 983 290 1143 290 1142 2210 1143 2210 1144 2210 1145 290 1146 290 1042 290 1042 2211 1146 2211 1147 2211 1042 290 1147 290 984 290 984 2212 1147 2212 1148 2212 984 2213 1148 2213 982 2213 1141 2214 1149 2214 1083 2214 1083 2215 1149 2215 1150 2215 1083 290 1150 290 1042 290 1042 290 1150 290 1151 290 1042 2216 1151 2216 1145 2216 1152 2217 1153 2217 1063 2217 1063 2218 1153 2218 1154 2218 1155 290 1156 290 1157 290 1152 2219 1063 2219 1158 2219 1158 290 1063 290 1057 290 1158 290 1057 290 1159 290 1154 2220 1160 2220 1063 2220 1063 290 1160 290 1161 290 1063 290 1161 290 1081 290 1081 2221 1161 2221 1162 2221 1081 2222 1162 2222 1163 2222 1156 290 1164 290 1157 290 1157 2223 1164 2223 1165 2223 1157 290 1165 290 1057 290 1057 290 1165 290 1166 290 1057 2224 1166 2224 1159 2224 881 290 883 290 1167 290 1167 2225 883 2225 885 2225 1167 290 885 290 981 290 981 2226 885 2226 887 2226 981 2227 887 2227 937 2227 937 290 939 290 981 290 981 2228 939 2228 941 2228 981 290 941 290 1168 290 1168 2229 941 2229 943 2229 943 2230 945 2230 1168 2230 1168 2231 945 2231 875 2231 1168 290 875 290 1142 290 1142 2232 875 2232 877 2232 1142 2233 877 2233 879 2233 879 290 881 290 1142 290 1142 290 881 290 1167 290 1142 290 1167 290 984 290 984 290 1167 290 1169 290 984 290 1169 290 1037 290 1037 290 1169 290 1170 290 1037 290 1170 290 1002 290 1002 290 1170 290 999 290 1002 2234 999 2234 964 2234 964 290 999 290 963 290 895 290 897 290 1157 290 1157 2235 897 2235 899 2235 1157 290 899 290 980 290 980 2236 899 2236 901 2236 980 2237 901 2237 927 2237 927 2238 929 2238 980 2238 980 2239 929 2239 931 2239 980 2240 931 2240 1171 2240 1171 2241 931 2241 933 2241 933 290 935 290 1171 290 1171 2242 935 2242 889 2242 1171 290 889 290 1172 290 1172 2243 889 2243 891 2243 1172 2244 891 2244 893 2244 893 290 895 290 1172 290 1172 2245 895 2245 1157 2245 1172 290 1157 290 1173 290 1173 290 1157 290 1057 290 1173 290 1057 290 1174 290 1174 290 1057 290 1060 290 1174 290 1060 290 993 290 993 290 1060 290 1073 290 993 290 1073 290 992 290 992 290 1073 290 1138 290 981 290 873 290 1175 290 1175 2246 873 2246 947 2246 1175 2247 947 2247 949 2247 951 290 953 290 1103 290 1103 2248 953 2248 955 2248 1103 290 955 290 1168 290 1168 2249 955 2249 861 2249 1168 2250 861 2250 863 2250 863 2251 865 2251 1168 2251 1168 2252 865 2252 867 2252 1168 290 867 290 981 290 981 2253 867 2253 869 2253 981 2254 869 2254 871 2254 1144 290 1139 290 1142 290 1142 2255 1139 2255 1083 2255 1142 290 1083 290 1168 290 1168 290 1083 290 1176 290 1168 290 1176 290 1103 290 1103 290 1176 290 1098 290 1103 2256 1098 2256 1101 2256 1101 2203 1098 2203 1100 2203 1163 2257 1155 2257 1081 2257 1081 290 1155 290 1157 290 1081 290 1157 290 1177 290 1177 290 1157 290 980 290 1177 290 980 290 1122 290 1122 290 980 290 1117 290 1122 290 1117 290 1120 290 1120 290 1117 290 1116 290 980 290 915 290 1117 290 1117 2258 915 2258 917 2258 1117 2259 917 2259 919 2259 921 290 923 290 1178 290 1178 2260 923 2260 925 2260 1178 290 925 290 1171 290 1171 2261 925 2261 903 2261 1171 2262 903 2262 905 2262 905 290 907 290 1171 290 1171 2263 907 2263 909 2263 1171 2264 909 2264 980 2264 980 2265 909 2265 911 2265 980 2266 911 2266 913 2266 1085 290 1079 290 1083 290 1083 290 1079 290 1081 290 1083 290 1081 290 1176 290 1176 290 1081 290 1177 290 1176 290 1177 290 1098 290 1098 290 1177 290 1122 290 1098 290 1122 290 1024 290 1024 290 1122 290 1020 290 1024 290 1020 290 1022 290 1022 290 1020 290 1019 290 949 290 951 290 1175 290 1175 290 951 290 1103 290 1175 290 1103 290 1179 290 1179 290 1103 290 1105 290 1179 290 1105 290 1180 290 1180 290 1105 290 979 290 1180 290 979 290 1008 290 1181 290 1182 290 1027 290 1027 2267 1182 2267 1183 2267 1027 290 1183 290 979 290 979 2268 1183 2268 1184 2268 979 2269 1184 2269 977 2269 978 290 1185 290 979 290 979 290 1185 290 1005 290 979 290 1005 290 1008 290 1008 290 1005 290 856 290 1008 2270 856 2270 857 2270 1185 290 1186 290 1005 290 1005 2271 1186 2271 1187 2271 1005 2272 1187 2272 1033 2272 1033 2273 1187 2273 1188 2273 1033 2274 1188 2274 1189 2274 1189 2275 1190 2275 1033 2275 1033 2276 1190 2276 1191 2276 1033 290 1191 290 1027 290 1027 290 1191 290 1192 290 1027 2277 1192 2277 1181 2277 1193 2278 1194 2278 1028 2278 1195 2279 987 2279 1196 2279 1196 290 987 290 1197 290 1030 2280 985 2280 1028 2280 1028 290 985 290 987 290 1028 290 987 290 1193 290 1193 290 987 290 1195 290 1194 290 1198 290 1028 290 1028 2281 1198 2281 1199 2281 1028 290 1199 290 1200 290 1201 2282 1202 2282 1130 2282 1130 2283 1202 2283 1203 2283 1130 2284 1203 2284 987 2284 987 2285 1203 2285 1204 2285 987 2286 1204 2286 1197 2286 1199 290 1205 290 1200 290 1200 2287 1205 2287 1206 2287 1200 290 1206 290 1130 290 1130 2288 1206 2288 1207 2288 1130 290 1207 290 1201 290 967 290 968 290 993 290 993 290 968 290 994 290 993 290 994 290 1174 290 1174 290 994 290 1208 290 1174 290 1208 290 1173 290 1173 290 1208 290 1209 290 1173 290 1209 290 1172 290 1172 290 1209 290 1210 290 1172 290 1210 290 1171 290 1171 290 1210 290 1211 290 1171 290 1211 290 1178 290 1178 290 1211 290 1212 290 1178 290 1212 290 1213 290 1213 290 1212 290 1214 290 1213 290 1214 290 1215 290 1215 290 1214 290 1216 290 1215 290 1216 290 1017 290 1017 290 1216 290 1016 290 1017 2289 1016 2289 836 2289 836 290 1016 290 835 290 854 290 1005 290 1007 290 1007 290 1005 290 1033 290 1007 290 1033 290 1217 290 1217 290 1033 290 1028 290 1217 290 1028 290 1218 290 1218 290 1028 290 1200 290 1218 290 1200 290 1219 290 958 290 959 290 990 290 990 290 959 290 1007 290 990 290 1007 290 1009 290 1009 290 1007 290 1217 290 1009 290 1217 290 1220 290 1220 290 1217 290 1218 290 1220 290 1218 290 1221 290 1221 290 1218 290 1219 290 1221 290 1219 290 1222 290 919 290 921 290 1117 290 1117 2290 921 2290 1178 2290 1117 290 1178 290 1119 290 1119 290 1178 290 1213 290 1119 290 1213 290 1130 290 1130 290 1213 290 1215 290 1130 290 1215 290 1200 290 1200 290 1215 290 1017 290 1200 290 1017 290 1219 290 1219 290 1017 290 1011 290 1219 290 1011 290 1222 290 1222 290 1011 290 1010 290 1223 331 1224 331 1225 331 906 2291 904 2291 1226 2291 864 331 862 331 1227 331 763 331 755 331 1228 331 764 331 763 331 1229 331 768 331 767 331 1230 331 1231 331 1232 331 1233 331 1234 331 1235 331 1236 331 1237 331 1238 331 1239 331 1240 331 1241 331 1242 331 1243 2292 1244 2292 1239 2292 1245 331 1246 331 1247 331 1247 331 1246 331 1239 331 1247 331 1239 331 1248 331 1248 2293 1239 2293 1244 2293 1249 331 1250 331 1251 331 1251 331 1250 331 1246 331 1251 331 1246 331 1252 331 1252 331 1246 331 1245 331 1253 2294 1254 2294 1255 2294 1256 331 1257 331 1258 331 1258 2295 1257 2295 1259 2295 1258 331 1259 331 1260 331 1261 2296 1262 2296 1250 2296 1249 331 1256 331 1250 331 1250 331 1256 331 1258 331 1250 331 1258 331 1261 331 1261 331 1258 331 1263 331 1264 2297 1265 2297 1266 2297 1266 331 1265 331 1250 331 1266 2298 1250 2298 1267 2298 1267 2299 1250 2299 1262 2299 1264 2300 1268 2300 1265 2300 1265 2301 1268 2301 1269 2301 1265 331 1269 331 1270 331 1269 331 1271 331 1270 331 1270 331 1271 331 1272 331 1270 331 1272 331 1273 331 1273 2302 1272 2302 1274 2302 1273 2303 1274 2303 1275 2303 1275 2304 1276 2304 1277 2304 1276 2305 1278 2305 1277 2305 1277 2306 1278 2306 1279 2306 1277 331 1279 331 1258 331 1258 2307 1279 2307 1280 2307 1258 331 1280 331 1263 331 764 331 1281 331 1282 331 1282 331 1283 331 764 331 764 2308 1283 2308 1284 2308 764 2309 1284 2309 765 2309 765 2310 1284 2310 1285 2310 765 2311 1285 2311 1286 2311 1237 2312 1239 2312 1287 2312 1288 2313 1289 2313 1242 2313 1241 331 1243 331 1242 331 1242 331 1243 331 1239 331 1242 331 1239 331 1288 331 1288 331 1239 331 1238 331 1290 2314 1291 2314 1292 2314 1292 331 1291 331 1242 331 1292 2315 1242 2315 1293 2315 1293 2316 1242 2316 1289 2316 1290 331 1294 331 1291 331 1291 2317 1294 2317 1295 2317 1291 331 1295 331 1281 331 1281 331 1295 331 1296 331 1281 331 1296 331 1282 331 1297 331 1298 331 1299 331 1234 2318 1236 2318 1300 2318 1297 331 1299 331 799 331 1299 331 1301 331 799 331 799 2319 1301 2319 1302 2319 799 2320 1302 2320 798 2320 798 2321 1302 2321 1303 2321 798 2322 1303 2322 1304 2322 1305 2323 1306 2323 1233 2323 1298 331 1297 331 1307 331 1307 331 1297 331 1308 331 1307 331 1308 331 1309 331 1306 331 1310 331 1233 331 1233 2324 1310 2324 1311 2324 1233 331 1311 331 1308 331 1308 2325 1311 2325 1312 2325 1308 2326 1312 2326 1309 2326 1313 331 802 331 1314 331 1315 331 1316 331 1317 331 1317 331 1316 331 1318 331 1319 331 1320 331 801 331 801 2327 1320 2327 1321 2327 801 331 1321 331 802 331 802 2328 1321 2328 1322 2328 802 2329 1322 2329 1314 2329 1314 331 1323 331 1313 331 1313 331 1323 331 1324 331 1313 331 1324 331 1225 331 1225 331 1324 331 1325 331 1325 331 1326 331 1225 331 1225 2330 1326 2330 1327 2330 1225 2331 1327 2331 1328 2331 1327 2332 1329 2332 1328 2332 1328 2298 1329 2298 1330 2298 1328 2333 1330 2333 1331 2333 1332 331 1333 331 1236 331 1235 331 1305 331 1236 331 1236 331 1305 331 1233 331 1236 331 1233 331 1332 331 1332 331 1233 331 1232 331 1333 331 1334 331 1236 331 1236 331 1334 331 1335 331 1236 331 1335 331 1317 331 1317 331 1335 331 1336 331 1317 2294 1336 2294 1337 2294 1337 2334 1338 2334 1317 2334 1317 331 1338 331 1328 331 1317 331 1328 331 1315 331 1315 2323 1328 2323 1331 2323 1338 331 1339 331 1328 331 1328 331 1339 331 1340 331 1328 331 1340 331 1341 331 1341 2335 1340 2335 1342 2335 1341 2336 1342 2336 1343 2336 1343 331 1344 331 1345 331 1345 331 1344 331 1346 331 1345 2337 1346 2337 1347 2337 1348 331 1349 331 766 331 766 2338 1349 2338 1350 2338 766 331 1350 331 767 331 1350 2339 1351 2339 767 2339 767 2340 1351 2340 1352 2340 767 331 1352 331 1230 331 1352 331 1353 331 1230 331 1230 331 1353 331 1354 331 1230 331 1354 331 1265 331 1265 331 1354 331 1355 331 1355 331 1356 331 1265 331 1265 2341 1356 2341 1357 2341 1265 2342 1357 2342 1250 2342 1250 2343 1357 2343 1358 2343 1250 2344 1358 2344 1359 2344 1359 2345 1360 2345 1250 2345 1250 2346 1360 2346 1361 2346 1250 331 1361 331 1246 331 1246 331 1361 331 1362 331 1246 331 1362 331 1363 331 1364 331 1365 331 1291 331 1291 331 1365 331 1366 331 1242 2333 1367 2333 1368 2333 1366 331 1369 331 1291 331 1291 2347 1369 2347 1370 2347 1291 2348 1370 2348 1242 2348 1242 2349 1370 2349 1371 2349 1242 2298 1371 2298 1367 2298 1368 2350 1372 2350 1242 2350 1242 331 1372 331 1253 331 1242 331 1253 331 1240 331 1240 2351 1253 2351 1255 2351 1373 2352 1374 2352 1375 2352 1372 331 1376 331 1253 331 1253 331 1376 331 1377 331 1253 331 1377 331 1373 331 1373 2353 1377 2353 1378 2353 1373 2354 1378 2354 1374 2354 1375 2355 1379 2355 1380 2355 1380 2356 1379 2356 1381 2356 1380 331 1381 331 1364 331 1364 2357 1381 2357 1382 2357 1364 331 1382 331 1365 331 1286 2358 1287 2358 765 2358 765 331 1287 331 1239 331 765 331 1239 331 766 331 766 331 1239 331 1246 331 766 331 1246 331 1348 331 1348 2359 1246 2359 1363 2359 954 331 952 331 1273 331 1227 331 862 331 1273 331 1273 2360 862 2360 956 2360 1273 2361 956 2361 954 2361 1383 2362 874 2362 872 2362 874 331 1383 331 948 331 948 331 1383 331 1384 331 948 331 1384 331 950 331 768 331 1230 331 1385 331 1385 331 1230 331 1265 331 1385 331 1265 331 1386 331 1386 331 1265 331 1270 331 1386 331 1270 331 1387 331 1387 331 1270 331 1273 331 1387 331 1273 331 1384 331 1384 2363 1273 2363 952 2363 1384 2364 952 2364 950 2364 872 331 870 331 1383 331 1383 2365 870 2365 868 2365 1383 2366 868 2366 1227 2366 1227 2367 868 2367 866 2367 1227 2368 866 2368 864 2368 920 331 918 331 1380 331 924 331 922 331 1388 331 1226 331 904 331 1388 331 1388 2369 904 2369 926 2369 1388 2370 926 2370 924 2370 1380 331 918 331 1389 331 1389 2371 918 2371 916 2371 1389 2372 916 2372 914 2372 914 331 912 331 1389 331 1389 2373 912 2373 910 2373 1389 2374 910 2374 1226 2374 1226 2375 910 2375 908 2375 1226 2376 908 2376 906 2376 764 331 1229 331 1281 331 1281 331 1229 331 1390 331 1281 331 1390 331 1291 331 1291 331 1390 331 1391 331 1291 331 1391 331 1364 331 1364 331 1391 331 1388 331 1364 331 1388 331 1380 331 1380 2377 1388 2377 922 2377 1380 2378 922 2378 920 2378 938 331 888 331 1383 331 882 331 880 331 1392 331 1392 2379 880 2379 878 2379 1392 331 878 331 1227 331 1227 2380 878 2380 876 2380 1227 2381 876 2381 946 2381 1383 331 888 331 1393 331 946 331 944 331 1227 331 1227 2382 944 2382 942 2382 1227 2383 942 2383 1383 2383 1383 2384 942 2384 940 2384 1383 2385 940 2385 938 2385 888 331 886 331 1393 331 1393 2386 886 2386 884 2386 1393 2387 884 2387 882 2387 1343 331 1345 331 1341 331 1341 331 1345 331 1394 331 1341 331 1394 331 1395 331 1395 331 1394 331 1277 331 1395 331 1277 331 1373 331 1373 331 1277 331 1258 331 1373 331 1258 331 1253 331 1253 331 1258 331 1260 331 1253 331 1260 331 1254 331 930 331 1389 331 932 331 932 2388 1389 2388 1226 2388 932 331 1226 331 934 331 934 2389 1226 2389 936 2389 930 331 928 331 1389 331 1389 2390 928 2390 902 2390 1389 331 902 331 1396 331 902 331 900 331 1396 331 1396 2391 900 2391 898 2391 1396 2392 898 2392 896 2392 896 331 894 331 1397 331 1397 2393 894 2393 892 2393 1397 331 892 331 1226 331 1226 2394 892 2394 890 2394 1226 2395 890 2395 936 2395 1347 331 1231 331 1345 331 1345 331 1231 331 1233 331 1345 331 1233 331 1398 331 1398 2396 1399 2396 1345 2396 1345 2397 1399 2397 1400 2397 1345 2398 1400 2398 1401 2398 1233 2399 1402 2399 1403 2399 1403 2345 1404 2345 1233 2345 1233 2400 1404 2400 1405 2400 1233 331 1405 331 1398 331 1275 2401 1277 2401 1273 2401 1273 331 1277 331 1394 331 1273 331 1394 331 1227 331 1227 331 1394 331 1345 331 1227 331 1345 331 1392 331 1392 2402 1345 2402 1401 2402 1392 2403 1401 2403 1406 2403 1402 2404 1233 2404 1407 2404 1407 2405 1233 2405 1308 2405 1407 2406 1308 2406 1408 2406 1406 2407 1409 2407 1392 2407 1392 2408 1409 2408 1410 2408 1392 331 1410 331 1308 331 1308 331 1410 331 1411 331 1308 2409 1411 2409 1408 2409 1396 2410 1412 2410 1413 2410 1341 2411 1414 2411 1415 2411 1225 331 1224 331 1396 331 1396 331 1224 331 1416 331 1396 2412 1416 2412 1412 2412 1375 331 1380 331 1373 331 1373 331 1380 331 1389 331 1373 331 1389 331 1395 331 1395 331 1389 331 1396 331 1395 331 1396 331 1341 331 1341 331 1396 331 1413 331 1341 2413 1413 2413 1414 2413 1417 331 1418 331 1328 331 1328 2414 1418 2414 1419 2414 1328 331 1419 331 1225 331 1225 2415 1419 2415 1420 2415 1225 2416 1420 2416 1223 2416 1415 2417 1421 2417 1341 2417 1341 2418 1421 2418 1422 2418 1341 331 1422 331 1328 331 1328 331 1422 331 1423 331 1328 2419 1423 2419 1417 2419 882 331 1392 331 1393 331 1393 331 1392 331 1308 331 1393 331 1308 331 1424 331 1424 331 1308 331 1297 331 1424 331 1297 331 1425 331 1425 331 1297 331 799 331 1425 331 799 331 800 331 1318 2318 1319 2318 1317 2318 1317 331 1319 331 801 331 1317 331 801 331 1236 331 1236 331 801 331 798 331 1236 331 798 331 1300 331 1300 331 798 331 1304 331 896 2420 1397 2420 1396 2420 1396 331 1397 331 1426 331 1396 331 1426 331 1225 331 1225 331 1426 331 1427 331 1225 331 1427 331 1313 331 1313 331 1427 331 803 331 1313 331 803 331 802 331 763 331 1228 331 1229 331 1229 331 1228 331 1428 331 1229 331 1428 331 1390 331 1390 331 1428 331 1429 331 1390 331 1429 331 1391 331 1391 331 1429 331 1430 331 1391 331 1430 331 1388 331 1388 331 1430 331 1431 331 1388 331 1431 331 1226 331 1226 331 1431 331 1432 331 1226 331 1432 331 1397 331 1397 331 1432 331 1433 331 1397 331 1433 331 1426 331 1426 331 1433 331 1434 331 1426 331 1434 331 1427 331 1427 331 1434 331 796 331 1427 331 796 331 803 331 1000 359 1001 359 804 359 804 359 806 359 785 359 774 359 775 359 777 359 784 359 787 359 785 359 785 359 787 359 774 359 785 359 774 359 804 359 804 2421 774 2421 777 2421 804 359 777 359 792 359 792 359 777 359 793 359 792 359 997 359 992 359 992 359 1138 359 792 359 792 359 1138 359 1137 359 792 359 1137 359 804 359 804 359 1137 359 1136 359 804 359 1136 359 1000 359 995 358 797 358 994 358 994 358 797 358 796 358 994 358 796 358 1208 358 1208 358 796 358 1434 358 1208 358 1434 358 1209 358 1209 358 1434 358 1433 358 1209 358 1433 358 1210 358 1210 358 1433 358 1432 358 1210 358 1432 358 1211 358 1211 358 1432 358 1431 358 1211 358 1431 358 1212 358 1212 358 1431 358 1430 358 1212 358 1430 358 1214 358 1214 358 1430 358 1429 358 1214 358 1429 358 1216 358 757 358 1015 358 755 358 755 358 1015 358 1016 358 755 358 1016 358 1228 358 1228 358 1016 358 1216 358 1228 358 1216 358 1428 358 1428 358 1216 358 1429 358 753 367 752 367 769 367 749 367 751 367 783 367 783 367 751 367 753 367 783 367 753 367 790 367 790 367 753 367 769 367 790 367 769 367 789 367 1221 367 753 367 1220 367 1220 367 753 367 751 367 1220 367 751 367 1009 367 1009 367 751 367 988 367 1221 367 1222 367 753 367 753 367 1222 367 1010 367 753 367 1010 367 1012 367 785 377 806 377 786 377 786 377 806 377 808 377 786 377 808 377 800 377 749 377 783 377 747 377 747 377 783 377 761 377 747 377 761 377 1006 377 1006 377 761 377 768 377 1006 377 768 377 1008 377 1008 377 768 377 1180 377 808 377 991 377 800 377 800 377 991 377 999 377 800 377 999 377 1425 377 1425 377 999 377 1170 377 1425 377 1170 377 1424 377 1424 377 1170 377 1169 377 1424 377 1169 377 1393 377 1393 377 1169 377 1167 377 1393 377 1167 377 1383 377 1383 377 1167 377 981 377 1383 377 981 377 1384 377 1384 377 981 377 1175 377 1384 377 1175 377 1387 377 1387 377 1175 377 1179 377 1387 377 1179 377 1386 377 1386 377 1179 377 1180 377 1386 377 1180 377 1385 377 1385 377 1180 377 768 377 1074 2422 1323 2422 1072 2422 1072 2422 1323 2422 1314 2422 1072 2423 1314 2423 1069 2423 1069 2424 1314 2424 1322 2424 1069 2425 1322 2425 1070 2425 1070 2426 1322 2426 1321 2426 1070 2427 1321 2427 1076 2427 1076 2428 1321 2428 1320 2428 1076 2429 1320 2429 1077 2429 1077 2430 1320 2430 1319 2430 1077 2431 1319 2431 1078 2431 1078 2431 1319 2431 1318 2431 1066 2432 1315 2432 1061 2432 1061 2433 1315 2433 1331 2433 1061 2434 1331 2434 1062 2434 1062 2435 1331 2435 1330 2435 1062 2436 1330 2436 1064 2436 1064 2436 1330 2436 1329 2436 1064 2437 1329 2437 1065 2437 1065 2437 1329 2437 1327 2437 1065 2438 1327 2438 1058 2438 1058 2439 1327 2439 1326 2439 1058 2440 1326 2440 1059 2440 1059 2441 1326 2441 1325 2441 1059 377 1325 377 1075 377 1075 377 1325 377 1324 377 1075 377 1324 377 1074 377 1074 377 1324 377 1323 377 1315 358 1066 358 1316 358 1316 358 1066 358 1068 358 1316 358 1068 358 1318 358 1318 358 1068 358 1078 358 1053 2422 1234 2422 1054 2422 1054 2422 1234 2422 1300 2422 1054 2423 1300 2423 1056 2423 1056 2424 1300 2424 1304 2424 1056 2425 1304 2425 1049 2425 1049 2426 1304 2426 1303 2426 1049 2427 1303 2427 1050 2427 1050 2428 1303 2428 1302 2428 1050 2429 1302 2429 1051 2429 1051 2430 1302 2430 1301 2430 1051 2431 1301 2431 1052 2431 1052 2431 1301 2431 1299 2431 1039 2432 1307 2432 1040 2432 1040 2433 1307 2433 1309 2433 1040 2434 1309 2434 1041 2434 1041 2435 1309 2435 1312 2435 1041 2436 1312 2436 1043 2436 1043 2436 1312 2436 1311 2436 1043 2437 1311 2437 1044 2437 1044 2437 1311 2437 1310 2437 1044 2438 1310 2438 1048 2438 1048 2439 1310 2439 1306 2439 1048 2440 1306 2440 1047 2440 1047 2441 1306 2441 1305 2441 1047 377 1305 377 1045 377 1045 377 1305 377 1235 377 1045 377 1235 377 1053 377 1053 377 1235 377 1234 377 1307 358 1039 358 1298 358 1298 358 1039 358 1038 358 1298 358 1038 358 1299 358 1299 358 1038 358 1052 358 1151 2422 1405 2422 1145 2422 1145 2422 1405 2422 1404 2422 1145 2423 1404 2423 1146 2423 1146 2424 1404 2424 1403 2424 1146 2425 1403 2425 1147 2425 1147 2426 1403 2426 1402 2426 1147 2427 1402 2427 1148 2427 1148 2428 1402 2428 1407 2428 1148 2429 1407 2429 982 2429 982 2430 1407 2430 1408 2430 982 2431 1408 2431 983 2431 983 2431 1408 2431 1411 2431 1143 2432 1410 2432 1144 2432 1144 2433 1410 2433 1409 2433 1144 2434 1409 2434 1139 2434 1139 2435 1409 2435 1406 2435 1139 2436 1406 2436 1140 2436 1140 2436 1406 2436 1401 2436 1140 2437 1401 2437 1141 2437 1141 2437 1401 2437 1400 2437 1141 2438 1400 2438 1149 2438 1149 2439 1400 2439 1399 2439 1149 2440 1399 2440 1150 2440 1150 2441 1399 2441 1398 2441 1150 377 1398 377 1151 377 1151 377 1398 377 1405 377 1410 358 1143 358 1411 358 1411 358 1143 358 983 358 1166 2422 1224 2422 1159 2422 1159 2422 1224 2422 1223 2422 1159 2423 1223 2423 1158 2423 1158 2424 1223 2424 1420 2424 1158 2425 1420 2425 1152 2425 1152 2426 1420 2426 1419 2426 1152 2427 1419 2427 1153 2427 1153 2428 1419 2428 1418 2428 1153 2429 1418 2429 1154 2429 1154 2430 1418 2430 1417 2430 1154 2431 1417 2431 1160 2431 1160 2431 1417 2431 1423 2431 1161 2432 1422 2432 1162 2432 1162 2433 1422 2433 1421 2433 1162 2434 1421 2434 1163 2434 1163 2435 1421 2435 1415 2435 1163 2436 1415 2436 1155 2436 1155 2436 1415 2436 1414 2436 1155 2437 1414 2437 1156 2437 1156 2437 1414 2437 1413 2437 1156 2438 1413 2438 1164 2438 1164 2439 1413 2439 1412 2439 1164 2440 1412 2440 1165 2440 1165 2441 1412 2441 1416 2441 1165 377 1416 377 1166 377 1166 377 1416 377 1224 377 1422 358 1161 358 1423 358 1423 358 1161 358 1160 358 1091 2442 1338 2442 1092 2442 1092 2443 1338 2443 1337 2443 1092 2444 1337 2444 1093 2444 1093 2445 1337 2445 1336 2445 1093 2446 1336 2446 1088 2446 1088 2447 1336 2447 1335 2447 1088 2448 1335 2448 1089 2448 1089 2449 1335 2449 1334 2449 1089 2450 1334 2450 1094 2450 1094 2451 1334 2451 1333 2451 1094 2452 1333 2452 1095 2452 1095 2453 1333 2453 1332 2453 1082 2454 1231 2454 1084 2454 1084 2455 1231 2455 1347 2455 1084 2456 1347 2456 1085 2456 1085 2457 1347 2457 1346 2457 1085 2458 1346 2458 1079 2458 1079 2459 1346 2459 1344 2459 1079 2460 1344 2460 1080 2460 1080 2461 1344 2461 1343 2461 1080 2462 1343 2462 1086 2462 1086 2463 1343 2463 1342 2463 1086 2464 1342 2464 1087 2464 1087 2465 1342 2465 1340 2465 1087 377 1340 377 1090 377 1090 377 1340 377 1339 377 1090 377 1339 377 1091 377 1091 377 1339 377 1338 377 1231 358 1082 358 1232 358 1232 358 1082 358 1096 358 1232 358 1096 358 1332 358 1332 358 1096 358 1095 358 1193 2432 1237 2432 1194 2432 1194 2466 1237 2466 1287 2466 1194 2467 1287 2467 1198 2467 1198 2468 1287 2468 1286 2468 1198 2436 1286 2436 1199 2436 1199 2469 1286 2469 1285 2469 1199 2470 1285 2470 1205 2470 1205 2437 1285 2437 1284 2437 1205 322 1284 322 1206 322 1206 2471 1284 2471 1283 2471 1206 2472 1283 2472 1207 2472 1207 2441 1283 2441 1282 2441 1201 2473 1295 2473 1202 2473 1202 2422 1295 2422 1294 2422 1202 2423 1294 2423 1203 2423 1203 2423 1294 2423 1290 2423 1203 2425 1290 2425 1204 2425 1204 2425 1290 2425 1292 2425 1204 2428 1292 2428 1197 2428 1197 2428 1292 2428 1293 2428 1197 2430 1293 2430 1196 2430 1196 2430 1293 2430 1289 2430 1196 2431 1289 2431 1195 2431 1195 2474 1289 2474 1288 2474 1237 358 1193 358 1238 358 1238 358 1193 358 1195 358 1238 358 1195 358 1288 358 1295 377 1201 377 1296 377 1296 377 1201 377 1207 377 1296 377 1207 377 1282 377 1185 2432 1353 2432 1186 2432 1186 2466 1353 2466 1352 2466 1186 2467 1352 2467 1187 2467 1187 2468 1352 2468 1351 2468 1187 2436 1351 2436 1188 2436 1188 2469 1351 2469 1350 2469 1188 2470 1350 2470 1189 2470 1189 2437 1350 2437 1349 2437 1189 322 1349 322 1190 322 1190 2471 1349 2471 1348 2471 1190 2472 1348 2472 1191 2472 1191 2441 1348 2441 1363 2441 1192 2473 1361 2473 1181 2473 1181 2422 1361 2422 1360 2422 1181 2423 1360 2423 1182 2423 1182 2423 1360 2423 1359 2423 1182 2425 1359 2425 1183 2425 1183 2425 1359 2425 1358 2425 1183 2428 1358 2428 1184 2428 1184 2428 1358 2428 1357 2428 1184 2430 1357 2430 977 2430 977 2430 1357 2430 1356 2430 977 2431 1356 2431 978 2431 978 2474 1356 2474 1355 2474 1353 358 1185 358 1354 358 1354 358 1185 358 978 358 1354 358 978 358 1355 358 1361 377 1192 377 1362 377 1362 377 1192 377 1191 377 1362 377 1191 377 1363 377 1108 2432 1269 2432 1109 2432 1109 2433 1269 2433 1268 2433 1109 2435 1268 2435 1110 2435 1110 2434 1268 2434 1264 2434 1110 2436 1264 2436 1111 2436 1111 2469 1264 2469 1266 2469 1111 2470 1266 2470 1112 2470 1112 2437 1266 2437 1267 2437 1112 2439 1267 2439 1113 2439 1113 2438 1267 2438 1262 2438 1113 2440 1262 2440 1114 2440 1114 2441 1262 2441 1261 2441 1097 2422 1280 2422 1099 2422 1099 2422 1280 2422 1279 2422 1099 2423 1279 2423 1100 2423 1100 2423 1279 2423 1278 2423 1100 2425 1278 2425 1101 2425 1101 2425 1278 2425 1276 2425 1101 2428 1276 2428 1102 2428 1102 2428 1276 2428 1275 2428 1102 2430 1275 2430 1104 2430 1104 2430 1275 2430 1274 2430 1104 2431 1274 2431 1106 2431 1106 2431 1274 2431 1272 2431 1106 358 1272 358 1107 358 1107 358 1272 358 1271 358 1107 358 1271 358 1108 358 1108 358 1271 358 1269 358 1280 377 1097 377 1263 377 1263 377 1097 377 1115 377 1263 377 1115 377 1261 377 1261 377 1115 377 1114 377 1127 2432 1372 2432 1128 2432 1128 2433 1372 2433 1368 2433 1128 2435 1368 2435 1132 2435 1132 2434 1368 2434 1367 2434 1132 2436 1367 2436 1131 2436 1131 2469 1367 2469 1371 2469 1131 2470 1371 2470 1129 2470 1129 2437 1371 2437 1370 2437 1129 2439 1370 2439 1133 2439 1133 2438 1370 2438 1369 2438 1133 2440 1369 2440 1134 2440 1134 2441 1369 2441 1366 2441 1118 2422 1382 2422 1116 2422 1116 2422 1382 2422 1381 2422 1116 2423 1381 2423 1120 2423 1120 2423 1381 2423 1379 2423 1120 2425 1379 2425 1121 2425 1121 2425 1379 2425 1375 2425 1121 2428 1375 2428 1123 2428 1123 2428 1375 2428 1374 2428 1123 2430 1374 2430 1124 2430 1124 2430 1374 2430 1378 2430 1124 2431 1378 2431 1125 2431 1125 2431 1378 2431 1377 2431 1125 358 1377 358 1126 358 1126 358 1377 358 1376 358 1126 358 1376 358 1127 358 1127 358 1376 358 1372 358 1382 377 1118 377 1365 377 1365 377 1118 377 1135 377 1365 377 1135 377 1366 377 1366 377 1135 377 1134 377 1032 2455 1251 2455 1034 2455 1034 2455 1251 2455 1252 2455 1034 2456 1252 2456 1035 2456 1035 1754 1252 1754 1245 1754 1035 2475 1245 2475 1036 2475 1036 2476 1245 2476 1247 2476 1036 2477 1247 2477 1029 2477 1029 2478 1247 2478 1248 2478 1029 2479 1248 2479 1030 2479 1030 2463 1248 2463 1244 2463 1030 2464 1244 2464 985 2464 985 2464 1244 2464 1243 2464 1021 2443 1240 2443 1018 2443 1018 2443 1240 2443 1255 2443 1018 2480 1255 2480 1019 2480 1019 2481 1255 2481 1254 2481 1019 2482 1254 2482 1022 2482 1022 2446 1254 2446 1260 2446 1022 2449 1260 2449 1023 2449 1023 2483 1260 2483 1259 2483 1023 2484 1259 2484 1025 2484 1025 2485 1259 2485 1257 2485 1025 2452 1257 2452 1026 2452 1026 2452 1257 2452 1256 2452 1026 358 1256 358 1031 358 1031 358 1256 358 1249 358 1031 358 1249 358 1032 358 1032 358 1249 358 1251 358 1240 377 1021 377 1241 377 1241 377 1021 377 986 377 1241 377 986 377 1243 377 1243 377 986 377 985 377 753 2486 1012 2486 1014 2486 753 2486 1014 2486 754 2486 754 2487 1014 2487 1013 2487 754 2487 1013 2487 758 2487 758 2488 1013 2488 1015 2488 758 2488 1015 2488 757 2488 797 2489 995 2489 996 2489 797 2489 996 2489 794 2489 794 2490 996 2490 998 2490 794 2491 998 2491 791 2491 791 2492 998 2492 997 2492 791 2493 997 2493 792 2493 804 2494 1001 2494 1003 2494 804 2495 1003 2495 805 2495 805 2496 1003 2496 1004 2496 805 2497 1004 2497 807 2497 807 2498 1004 2498 991 2498 807 2498 991 2498 808 2498 747 2499 1006 2499 990 2499 747 2499 990 2499 748 2499 748 2500 990 2500 989 2500 748 2500 989 2500 750 2500 750 2501 989 2501 988 2501 750 2501 988 2501 751 2501 795 358 793 358 776 358 776 358 793 358 777 358 772 377 773 377 769 377 769 377 773 377 789 377 781 358 782 358 790 358 790 358 782 358 783 358 1435 2502 1436 2502 1437 2502 1437 2503 1436 2503 1438 2503 1437 2 1438 2 1439 2 1439 2504 1438 2504 1440 2504 1439 4 1440 4 1441 4 1441 5 1440 5 1442 5 1441 7 1442 7 1443 7 1443 2505 1442 2506 1444 2507 1445 2508 1446 2508 1447 2508 1447 2509 1446 2510 1448 2511 1449 2512 1450 2513 1451 2514 1451 2515 1450 2515 1452 2515 1451 2516 1452 2516 1453 2516 1453 2517 1454 2518 1451 2519 1451 2520 1454 2521 1455 2522 1451 2523 1455 2524 1456 2525 1455 2526 1457 2527 1456 2528 1456 2529 1457 2530 1458 2531 1456 2532 1458 2532 1459 2532 1460 2533 1461 2533 1462 2533 1462 2534 1461 2534 1463 2534 1462 2535 1463 2535 1464 2535 1464 2536 1465 2536 1462 2536 1462 2537 1465 2537 1466 2537 1462 2538 1466 2538 1446 2538 1446 2539 1466 2539 1467 2539 1446 2540 1467 2540 1448 2540 1468 2541 1469 2541 1470 2541 1470 2542 1469 2543 1471 2544 1470 2545 1471 2545 1462 2545 1462 2546 1471 2547 1472 2548 1462 2549 1472 2549 1460 2549 1468 2550 1470 2551 1473 2552 1473 2553 1470 2554 1474 2555 1473 2556 1474 2557 1475 2558 1476 55 1477 55 1478 55 1459 2559 1479 2560 1456 2561 1456 2562 1479 2563 1480 2564 1456 2565 1480 2565 1478 2565 1478 2566 1480 2566 1481 2566 1478 2567 1481 2568 1476 2569 1477 2570 1482 2571 1478 2572 1478 2573 1482 2573 1483 2573 1478 2574 1483 2574 1474 2574 1474 2575 1483 2576 1484 2577 1474 2578 1484 2578 1475 2578 1485 2579 1486 2580 1487 2581 1486 2582 1488 2583 1487 2584 1487 2585 1488 2585 1489 2585 1487 2586 1489 2586 1451 2586 1451 2587 1489 2588 1490 2589 1451 2590 1490 2590 1449 2590 1491 2591 1492 2592 1493 2593 1491 2594 1493 2594 1494 2594 1493 2595 1495 2596 1494 2597 1494 2598 1495 2598 1496 2598 1494 2599 1496 2599 1487 2599 1487 2600 1496 2600 1497 2600 1487 2601 1497 2602 1485 2603 1447 2604 1498 2604 1445 2604 1445 2605 1498 2605 1499 2605 1445 2606 1499 2606 1500 2606 1500 2607 1499 2607 1501 2607 1500 2608 1501 2609 1502 2610 1502 2611 1503 2611 1500 2611 1500 2612 1503 2612 1504 2612 1500 2613 1504 2613 1491 2613 1491 2614 1504 2615 1505 2616 1491 2617 1505 2617 1492 2617 1506 2618 1507 2619 1508 2620 1508 1937 1507 1938 1509 1939 1508 117 1509 117 1510 117 1510 117 1509 117 1511 117 1510 2621 1511 2622 1512 2623 1512 2624 1511 2625 1513 2626 1512 663 1513 664 1514 665 1514 127 1513 2627 1515 129 1514 130 1515 130 1516 130 1516 130 1515 130 1517 130 1516 1742 1517 1743 1518 1744 1518 1745 1517 1746 1519 1747 1447 2628 1520 2628 1498 2628 1498 2629 1520 2629 1521 2629 1498 2630 1521 2630 1499 2630 1499 2631 1521 2632 1522 2633 1523 2634 1502 2634 1522 2634 1522 2635 1502 2635 1501 2635 1522 2636 1501 2637 1499 2638 1492 2639 1505 2640 1524 2641 1524 2642 1505 2643 1504 2644 1524 2645 1504 2645 1523 2645 1523 2646 1504 2647 1503 2648 1523 2649 1503 2649 1502 2649 1497 2650 1525 2651 1485 2652 1485 2653 1525 2654 1526 2655 1485 2656 1526 2657 1486 2658 1497 2659 1496 2659 1525 2659 1525 2660 1496 2661 1495 2662 1525 2663 1495 2663 1524 2663 1524 2664 1495 2665 1493 2666 1524 2667 1493 2668 1492 2669 1527 2670 1450 2670 1528 2670 1528 2671 1450 2672 1449 2673 1449 2674 1490 2674 1528 2674 1528 2675 1490 2675 1489 2675 1528 2676 1489 2676 1526 2676 1526 2677 1489 2678 1488 2679 1526 2680 1488 2681 1486 2682 1529 2683 1530 2684 1455 2685 1455 2686 1454 2687 1529 2688 1529 2689 1454 2690 1453 2691 1529 2692 1453 2693 1527 2694 1527 2695 1453 2696 1452 2697 1527 2698 1452 2699 1450 2700 1455 2701 1530 2702 1457 2703 1457 2704 1530 2704 1531 2704 1457 2705 1531 2706 1458 2707 1458 2708 1531 2708 1459 2708 1459 2709 1531 2710 1532 2711 1459 2712 1532 2713 1479 2714 1479 2715 1532 2716 1480 2717 1480 2718 1532 2719 1533 2720 1480 2721 1533 2721 1481 2721 1483 2722 1482 2723 1534 2724 1534 2725 1482 2726 1477 2727 1534 2728 1477 2728 1533 2728 1533 2729 1477 2730 1476 2731 1533 2732 1476 2733 1481 2734 1483 2735 1534 2736 1484 2737 1484 2738 1534 2739 1535 2740 1484 2741 1535 2742 1475 2743 1471 2744 1469 2745 1536 2746 1536 2747 1469 2747 1468 2747 1536 2748 1468 2749 1535 2750 1535 2751 1468 2752 1473 2753 1535 2754 1473 2755 1475 2756 1471 2757 1536 2758 1472 2759 1472 2760 1536 2760 1537 2760 1472 2761 1537 2762 1460 2763 1465 2764 1464 2765 1538 2766 1538 2767 1464 2768 1463 2769 1538 2770 1463 2771 1537 2772 1537 2773 1463 2774 1461 2775 1537 2776 1461 2776 1460 2776 1465 2777 1538 2778 1466 2779 1466 2780 1538 2780 1539 2780 1466 2781 1539 2781 1467 2781 1467 2782 1539 2783 1448 2784 1448 2785 1539 2786 1520 2787 1448 2788 1520 2789 1447 2790 1531 2791 1518 2791 1540 2791 1541 2792 1534 2792 1542 2792 1542 2793 1534 2793 1533 2793 1542 295 1533 295 1540 295 1540 296 1533 296 1532 296 1540 290 1532 290 1531 290 1543 290 1536 290 1541 290 1541 290 1536 290 1535 290 1541 290 1535 290 1534 290 1512 290 1524 290 1510 290 1510 2794 1524 2794 1523 2794 1510 290 1523 290 1508 290 1523 290 1522 290 1508 290 1508 290 1522 290 1521 290 1508 2795 1521 2795 1506 2795 1514 290 1526 290 1512 290 1512 290 1526 290 1525 290 1512 290 1525 290 1524 290 1531 290 1530 290 1518 290 1518 290 1530 290 1529 290 1518 290 1529 290 1516 290 1516 290 1529 290 1527 290 1516 290 1527 290 1514 290 1514 2796 1527 2796 1528 2796 1514 2797 1528 2797 1526 2797 1521 290 1520 290 1506 290 1506 2798 1520 2798 1539 2798 1506 2799 1539 2799 1544 2799 1544 290 1539 290 1538 290 1544 290 1538 290 1543 290 1543 2800 1538 2800 1537 2800 1543 2801 1537 2801 1536 2801 1518 1748 1519 1749 1540 1750 1540 1751 1519 1752 1545 1753 1540 1754 1545 1754 1542 1754 1542 309 1545 309 1546 309 1542 2802 1546 2803 1541 2804 1541 2805 1546 2806 1547 2807 1541 2808 1547 2809 1543 2810 1543 2811 1547 2812 1548 2813 1543 322 1548 322 1544 322 1544 1927 1548 1927 1549 1927 1544 1928 1549 1929 1506 1930 1506 1931 1549 1932 1507 1933 1546 2814 1550 2814 1547 2814 1547 331 1550 331 1551 331 1547 331 1551 331 1548 331 1548 2815 1551 2815 1549 2815 1552 2816 1515 2816 1513 2816 1552 331 1513 331 1553 331 1513 331 1511 331 1553 331 1553 2817 1511 2817 1509 2817 1553 331 1509 331 1551 331 1551 2818 1509 2818 1507 2818 1551 2819 1507 2819 1549 2819 1546 332 1545 332 1550 332 1550 338 1545 338 1519 338 1550 331 1519 331 1552 331 1552 2820 1519 2820 1517 2820 1552 2821 1517 2821 1515 2821 1451 2822 1456 2822 1554 2822 1451 341 1554 341 1555 341 1555 343 1554 343 1556 343 1555 2823 1556 2823 1557 2823 1557 2824 1556 2824 1558 2824 1557 2825 1558 2825 1559 2825 1559 2826 1558 2826 1560 2826 1559 2827 1560 2827 1561 2827 1443 2828 1444 2828 1562 2828 1562 2829 1444 2829 1563 2829 1562 2830 1563 2830 1564 2830 1564 354 1563 354 1565 354 1564 355 1565 355 1566 355 1566 2831 1565 2831 1567 2831 1566 2832 1567 2832 1568 2832 1568 2833 1567 2833 1569 2833 1553 358 1551 358 1435 358 1435 358 1551 358 1436 358 1451 359 1555 359 1441 359 1441 2834 1555 2834 1557 2834 1441 359 1557 359 1439 359 1439 2835 1557 2835 1559 2835 1439 2836 1559 2836 1437 2836 1437 2837 1559 2837 1561 2837 1437 359 1561 359 1435 359 1435 359 1561 359 1552 359 1435 359 1552 359 1553 359 1500 2838 1443 2838 1445 2838 1445 2839 1443 2839 1562 2839 1445 2840 1562 2840 1564 2840 1500 359 1491 359 1443 359 1443 2841 1491 2841 1494 2841 1443 359 1494 359 1441 359 1441 2842 1494 2842 1487 2842 1441 2843 1487 2843 1451 2843 1570 359 1571 359 1568 359 1568 359 1571 359 1445 359 1568 359 1445 359 1566 359 1566 359 1445 359 1564 359 1554 367 1442 367 1556 367 1556 367 1442 367 1440 367 1556 367 1440 367 1558 367 1558 367 1440 367 1560 367 1560 2844 1440 2844 1438 2844 1560 367 1438 367 1550 367 1550 367 1438 367 1436 367 1550 367 1436 367 1551 367 1572 367 1573 367 1446 367 1446 367 1573 367 1569 367 1446 2845 1569 2845 1567 2845 1567 2846 1565 2846 1446 2846 1446 2847 1565 2847 1563 2847 1446 2848 1563 2848 1462 2848 1462 2849 1563 2849 1444 2849 1462 367 1444 367 1470 367 1554 2850 1456 2850 1442 2850 1442 2851 1456 2851 1478 2851 1442 367 1478 367 1444 367 1444 2852 1478 2852 1474 2852 1444 2853 1474 2853 1470 2853 1573 331 1570 331 1569 331 1569 331 1570 331 1568 331 1550 377 1552 377 1560 377 1560 377 1552 377 1561 377 1571 290 1572 290 1445 290 1445 290 1572 290 1446 290 1572 358 1571 358 1573 358 1573 358 1571 358 1570 358</p>
        </triangles>
      </mesh>
    </geometry>
  </library_geometries>
  <library_visual_scenes>
    <visual_scene id="Scene" name="Scene">
      <node id="node" name="node" type="NODE">
        <matrix sid="transform">-4.37114e-11 0 0.001 -5.82077e-11 0 0.001 0 0 -0.001 0 -4.37114e-11 0 0 0 0 1</matrix>
        <instance_geometry url="#shape0_007-mesh" name="node">
          <bind_material>
            <technique_common>
              <instance_material symbol="FIXTURE_BD-material" target="#FIXTURE_BD-material"/>
            </technique_common>
          </bind_material>
        </instance_geometry>
      </node>
    </visual_scene>
  </library_visual_scenes>
  <scene>
    <instance_visual_scene url="#Scene"/>
  </scene>
</COLLADA>