<?xml version="1.0" encoding="utf-8"?>
<COLLADA xmlns="http://www.collada.org/2005/11/COLLADASchema" version="1.4.1" xmlns:xsi="http://www.w3.org/2001/XMLSchema-instance">
  <asset>
    <contributor>
      <author>Blender User</author>
      <authoring_tool>Blender 4.1.1 commit date:2024-04-15, commit time:15:11, hash:e1743a0317bc</authoring_tool>
    </contributor>
    <created>2024-07-11T22:00:58</created>
    <modified>2024-07-11T22:00:58</modified>
    <unit name="meter" meter="1"/>
    <up_axis>Z_UP</up_axis>
  </asset>
  <library_effects>
    <effect id="CASE-effect">
      <profile_COMMON>
        <technique sid="common">
          <lambert>
            <emission>
              <color sid="emission">0 0 0 1</color>
            </emission>
            <diffuse>
              <color sid="diffuse">0.02 0.02 0.02 1</color>
            </diffuse>
            <reflectivity>
              <float sid="specular">1</float>
            </reflectivity>
          </lambert>
        </technique>
      </profile_COMMON>
    </effect>
  </library_effects>
  <library_images/>
  <library_materials>
    <material id="CASE-material" name="CASE">
      <instance_effect url="#CASE-effect"/>
    </material>
  </library_materials>
  <library_geometries>
    <geometry id="shape0_011-mesh" name="shape0.011">
      <mesh>
        <source id="shape0_011-mesh-positions">
          <float_array id="shape0_011-mesh-positions-array" count="5001">5.519063 -13.94111 5.811172 5.519063 -13.94111 9.311173 6.083663 -13.64782 9.311173 6.083663 -13.64782 5.811172 6.711661 -13.54666 9.311173 6.711661 -13.54666 5.811172 5.010161 6.525534 4.811172 5.010161 6.525534 0.8111725 4.900863 5.485933 4.811172 4.765363 4.980434 0.8111725 4.765363 4.980434 4.811172 4.577863 4.491833 4.811172 4.055161 3.586534 0.8111725 4.055161 3.586534 4.811172 3.355763 2.809734 4.811172 2.949061 2.480434 0.8111725 2.949061 2.480434 4.811172 2.510162 2.195333 4.811172 1.555162 1.770233 0.8111725 1.555162 1.770233 4.811172 0.5327635 1.552935 4.811172 0.01016235 1.525534 0.8111725 0.01016235 1.525534 4.811172 -0.512538 1.552935 4.811172 -1.534938 1.770233 0.8111725 -1.534938 1.770233 4.811172 -2.489838 2.195333 4.811172 -2.928838 2.480434 0.8111725 -2.928838 2.480434 4.811172 -3.335538 2.809734 4.811172 -4.034967 3.586534 0.8111725 -4.034967 3.586534 4.811172 -4.557608 4.491833 4.811172 -4.745157 4.980434 0.8111725 -4.745157 4.980434 4.811172 -4.880617 5.485933 4.811172 -4.989878 6.525534 0.8111725 -4.989878 6.525534 4.811172 5.510161 6.525534 5.311172 5.318763 6.525534 5.273075 5.202764 5.421734 5.273075 5.156562 6.525534 5.164772 5.044063 5.455534 5.164772 5.048161 6.525534 5.002472 4.938062 5.478033 5.002472 4.612662 4.476334 5.002472 4.085961 3.564234 5.002472 3.381263 2.781534 5.002472 2.529162 2.162434 5.002472 1.566962 1.734034 5.002472 0.5367632 1.515034 5.002472 -0.5165377 1.515034 5.002472 -1.546738 1.734034 5.002472 -3.360997 2.781534 5.002472 -2.508938 2.162434 5.002472 -4.065758 3.564234 5.002472 -4.592378 4.476334 5.002472 -4.917848 5.478033 5.002472 -5.027938 6.525534 5.002472 4.711661 4.432234 5.164772 4.173663 3.500534 5.164772 3.453763 2.700933 5.164772 2.583363 2.068533 5.164772 1.600462 1.630934 5.164772 0.5480623 1.407234 5.164772 -0.5278378 1.407234 5.164772 -1.580236 1.630934 5.164772 -2.563138 2.068533 5.164772 -3.433528 2.700933 5.164772 -4.153438 3.500534 5.164772 -4.691387 4.432234 5.164772 -5.023868 5.455534 5.164772 -5.136328 6.525534 5.164772 4.859862 4.366234 5.273075 4.304963 3.405134 5.273075 3.562263 2.580433 5.273075 2.664462 1.928034 5.273075 1.650562 1.476635 5.273075 0.5650625 1.245934 5.273075 -0.5447378 1.245934 5.273075 -1.630338 1.476635 5.273075 -2.644237 1.928034 5.273075 -3.542068 2.580433 5.273075 -4.284677 3.405134 5.273075 -4.839578 4.366234 5.273075 -5.182528 5.421734 5.273075 -5.298537 6.525534 5.273075 5.389962 5.381933 5.311172 5.034661 4.288433 5.311172 4.459764 3.292633 5.311172 3.690362 2.438234 5.311172 2.760161 1.762333 5.311172 1.709764 1.294636 5.311172 0.585062 1.055635 5.311172 -0.5647373 1.055635 5.311172 -1.689438 1.294636 5.311172 -2.739838 1.762333 5.311172 -3.670097 2.438234 5.311172 -4.439467 3.292633 5.311172 -5.014378 4.288433 5.311172 -5.369688 5.381933 5.311172 -5.489878 6.525534 5.311172 10.93796 16.07273 -3.031126 12.58796 16.07273 -3.031126 10.93796 16.04864 -3.088427 12.58796 15.61073 -3.895626 10.93796 15.71133 -3.738726 10.93796 15.28273 -4.332727 12.58796 14.98893 -4.653324 10.93796 14.98893 -4.653324 -12.71202 16.07273 -3.031126 -11.06202 16.07273 -3.031126 -11.06202 16.04874 -3.088127 -12.71202 15.61073 -3.895626 -11.06202 14.98893 -4.653324 -12.71202 14.98893 -4.653324 -11.06202 15.28273 -4.332727 -11.06202 15.71143 -3.738527 -5.498857 -13.94111 9.311173 -5.498857 -13.94111 5.811172 -6.063377 -13.64782 5.811172 -6.063377 -13.64782 9.311173 -6.691447 -13.54666 5.811172 -6.691447 -13.54666 9.311173 12.94156 13.30693 -6.128126 12.94156 13.30693 -9.188826 12.77936 13.41533 -9.188826 12.77936 13.41533 -6.173027 12.58796 13.45333 -9.188826 12.58796 13.45333 -6.188826 12.94156 16.30693 4.811172 12.94156 16.30693 -1.117727 12.86456 16.36983 4.811172 12.83796 16.38633 -1.117727 12.83416 16.38853 4.811172 12.77936 16.41534 4.811172 12.58796 16.45333 -1.117727 12.58796 16.45333 4.811172 12.83796 14.94153 -4.605926 12.94156 14.88533 -4.549726 -12.71202 13.45333 -6.188826 -12.71202 13.45333 -9.188826 -12.90336 13.41533 -9.188826 -12.90336 13.41533 -6.173027 -13.06557 13.30693 -9.188826 -13.06557 13.30693 -6.128126 12.58796 16.30693 5.164772 10.93136 16.30693 5.164772 12.58796 16.24723 5.215675 10.93136 16.20333 5.244175 12.58796 16.14473 5.273075 12.58796 16.09664 5.290173 10.93136 15.95333 5.311172 12.58796 15.95333 5.311172 -0.06203746 20.43793 5.311172 4.816764 21.65764 5.311172 4.759263 21.88743 5.251472 -0.06203746 20.63523 5.273075 4.730962 22.00064 5.164772 -0.06203746 20.80244 5.164772 12.94156 15.95333 5.164772 12.77826 15.95333 5.273575 12.94156 -3.003767 5.164772 12.77936 -2.895365 5.273075 12.58796 -2.857265 5.311172 12.60906 -2.857767 5.310772 -4.854998 22.00064 5.164772 -4.883298 21.88743 5.251472 -4.940747 21.65764 5.311172 -12.71202 16.30693 5.164772 -12.71202 16.24723 5.215675 -11.05545 16.30693 5.164772 -11.05545 16.20333 5.244175 -12.71202 15.95333 5.311172 -11.05545 15.95333 5.311172 -12.71202 16.09664 5.290173 -12.71202 16.14473 5.273075 12.94156 -3.003767 5.664772 12.58796 -2.857265 5.811172 12.60906 -2.857767 5.810772 12.77936 -2.895365 5.773075 -12.88255 -2.887266 5.281174 -12.71202 -2.857265 5.311172 -12.90494 -2.895966 5.272472 -12.90227 15.95333 5.273575 -13.06557 15.95333 5.164772 -13.06557 -3.003767 5.164772 -13.06557 -22.40019 2.135773 -13.06557 -22.40019 -9.188826 -12.90336 -22.50858 -9.188826 -12.90445 -22.50814 2.135773 -12.71202 -22.54664 -9.188826 -12.71202 -22.54664 2.135773 12.94156 -16.30634 9.664772 12.94156 -14.04665 9.664772 12.85006 -16.30634 9.736973 12.77826 -14.04665 9.773575 12.72336 -16.30634 9.792473 12.58796 -14.04665 9.811173 12.58796 -16.30634 9.811173 -12.89146 -16.67076 9.602677 -12.90336 -16.66705 9.599774 -12.90336 -22.40736 2.424374 -13.06557 -16.58241 9.532074 -13.06557 -22.32272 2.356674 -12.71202 -22.43707 2.448173 -12.71202 -16.69678 9.623475 -12.74269 -16.69603 9.622975 -4.734497 -16.52293 9.761872 -12.71202 -16.52293 9.761872 -4.734497 -16.55362 9.745774 -4.734497 -16.69678 9.623475 -12.71202 -13.69309 9.664772 -6.691447 -13.69309 9.664772 -12.71202 -13.63013 9.587773 -6.691447 -13.61364 9.561173 -12.71202 -13.61145 9.557374 -12.71202 -13.58471 9.502472 -12.71202 -13.54666 9.311173 -4.361518 -16.08765 9.562275 -4.336247 -16.26023 9.609974 -4.270698 -16.13918 9.394974 -4.303167 -16.05345 9.311173 -4.344407 -16.43431 9.596573 -4.292027 -16.33572 9.542275 -4.267048 -16.23527 9.473572 -4.537188 -16.57648 9.682774 -4.553987 -16.62546 9.651173 -4.516638 -16.60233 9.650174 -4.513448 -16.47311 9.727475 -4.508408 -16.17378 9.736973 -4.501237 -16.25545 9.750473 -4.501617 -16.3645 9.749775 -4.364457 -16.46186 9.609173 -4.420897 -16.52509 9.633275 -13.06557 -16.30634 9.664772 -12.9741 -16.30634 9.736973 -13.06557 -14.04665 9.664772 -12.90227 -14.04665 9.773575 -12.71202 -16.30634 9.811173 -12.71202 -14.04665 9.811173 -12.84741 -16.30634 9.792473 -12.90336 -16.30634 9.773072 -12.90336 -13.58471 9.311173 -12.71202 -13.54666 5.811172 -13.06557 -13.69309 9.311173 -12.98863 -13.63013 9.311173 -13.06557 -13.69309 5.664772 -12.9582 -13.61145 9.311173 -12.90336 -13.58471 5.773075 -12.73309 -13.54709 5.810772 -12.845 -13.58337 9.444172 -12.8056 -13.7188 9.676873 -12.71202 -13.7528 9.715676 -12.71202 -13.8553 9.773072 -12.87713 -13.86904 9.748475 -12.71202 -13.90333 9.790173 -12.96084 -13.69144 9.559975 -13.03834 -13.85422 9.637475 6.711661 -13.69309 9.664772 12.58796 -13.69309 9.664772 6.711661 -13.61364 9.561173 12.58796 -13.63013 9.587773 12.58796 -13.61145 9.557374 12.58796 -13.58471 9.502472 12.58796 -13.54666 9.311173 12.58796 -16.52293 9.761872 4.754764 -16.52293 9.761872 12.58796 -16.69678 9.623475 4.754764 -16.55362 9.745774 4.754764 -16.69678 9.623475 4.528663 -16.17378 9.736973 4.521462 -16.25545 9.750473 4.589662 -16.20955 9.773072 4.521863 -16.3645 9.749775 4.754764 -16.30634 9.811173 4.557462 -16.57648 9.682774 4.533662 -16.47311 9.727475 4.754764 -16.35803 9.808472 4.574262 -16.62546 9.651173 4.646163 -16.66125 9.645974 -12.81784 -16.53234 9.744473 -12.94335 -16.54133 9.686974 -12.9523 -16.506 9.701573 -13.06557 -3.003767 5.664772 -12.90336 -2.895365 5.773075 -12.73309 -2.857767 5.810772 -12.71202 -2.857265 5.811172 12.77936 -13.58471 9.311173 12.58796 -13.54666 5.811172 12.75856 -13.57662 5.781174 12.94156 -13.69309 9.311173 12.94156 -13.69309 5.664772 12.86456 -13.63013 9.311173 12.83416 -13.61145 9.311173 12.72096 -13.58337 9.444172 12.95366 -13.7188 9.404774 12.99256 -13.7528 9.311173 13.04996 -13.8553 9.311173 13.02526 -13.86904 9.476273 13.06696 -13.90333 9.311173 13.05036 -14.04665 9.501374 13.08796 -14.04665 9.311173 12.83676 -13.69144 9.559975 12.91426 -13.85422 9.637475 12.94156 -16.58241 9.532074 12.77936 -16.66705 9.599774 12.94156 -22.32272 2.356674 12.77936 -22.40736 2.424374 12.61866 -16.69603 9.622975 12.58796 -22.43707 2.448173 12.76746 -16.67076 9.602677 13.04996 -16.45575 9.430676 13.00626 -16.48034 9.522873 12.81936 -16.54133 9.686974 13.08796 -16.30634 9.311173 13.02526 -16.30634 9.553677 12.82826 -16.506 9.701573 -12.71202 -22.51846 2.301273 12.58796 -22.51846 2.301273 -12.71202 -22.50814 2.328175 12.58796 -22.50814 2.328175 12.94156 -22.40019 -9.188826 12.94156 -22.40019 2.135773 12.78046 -22.50814 2.135773 12.77936 -22.50858 -9.188826 12.58796 -22.54664 2.135773 12.58796 -22.54664 -9.188826 -13.06557 14.88533 -4.549726 -12.96202 14.94153 -4.605926 -13.06557 16.30693 -1.117727 -13.06557 16.30693 4.811172 -12.96202 16.38633 -1.117727 -12.98863 16.36983 4.811172 -12.9582 16.38853 4.811172 -12.90336 16.41534 4.811172 -12.71202 16.45333 4.811172 -12.71202 16.45333 -1.117727 -12.845 16.41664 4.944172 -12.71202 16.41534 5.002472 -12.71202 16.38853 5.057373 -12.71202 16.36983 5.087772 -12.8056 16.28123 5.176872 -12.87713 16.13093 5.248474 -12.96084 16.30854 5.059975 -13.03834 16.14583 5.137474 12.72096 16.41664 4.944172 12.95366 16.28123 4.904774 12.99256 16.24723 4.811172 13.04996 16.14473 4.811172 13.02526 16.13093 4.976273 13.06696 16.09664 4.811172 13.05036 15.95333 5.001472 13.08796 15.95333 4.811172 12.83676 16.30854 5.059975 12.91426 16.14583 5.137474 4.592362 -15.52523 9.311173 4.796962 -14.9689 9.311173 4.796962 -14.9689 5.311172 5.010161 -13.52451 5.311172 5.010161 -13.52451 0.8111725 4.918462 -14.47732 5.311172 4.948562 -14.30669 0.8111725 4.465161 -15.79447 0.8111725 4.465161 -15.79447 9.311173 4.323462 -16.05345 9.311173 3.959163 -16.59195 8.570775 3.528361 -17.07881 7.901272 3.545663 -17.06005 0.8111725 3.037463 -17.50444 7.316074 0.7922621 -18.46295 0.8111725 0.7951622 -18.4633 5.997574 2.280063 -17.97954 0.8111725 1.296062 -18.3563 6.144772 1.911462 -18.14782 6.431374 2.284462 -17.97619 6.667374 2.495262 -17.86232 6.823975 -0.774538 -18.46252 5.998676 -0.6384373 -18.48229 5.971474 -0.7720375 -18.46295 0.8111725 0.01036262 -18.52497 5.912773 0.6589623 -18.4831 5.970375 -1.275938 -18.35619 6.144875 -2.259837 -17.97954 0.8111725 -1.891638 -18.1489 6.429974 -3.507618 -17.07767 7.902874 -3.017037 -17.50399 7.316677 -3.525408 -17.06005 0.8111725 -2.475237 -17.86323 6.822678 -2.264837 -17.97725 6.665974 -4.444907 -15.79447 9.311173 -4.444907 -15.79447 0.8111725 -3.938678 -16.5914 8.571473 -3.526788 -17.05858 7.929073 -4.898257 -14.47732 5.311172 -4.776708 -14.9689 5.311172 -4.572138 -15.52523 9.311173 -4.776708 -14.9689 9.311173 -4.928317 -14.30669 0.8111725 -4.989878 -13.52451 0.8111725 -4.989878 -13.52451 5.311172 0.01016235 -8.024466 5.811172 0.01016235 -8.197566 5.780273 0.6081619 -8.231266 5.780273 5.336463 -13.44718 5.780273 5.298062 -14.13223 5.778675 5.398362 -14.03847 5.803474 0.6275625 -8.059267 5.811172 1.679462 -8.465867 5.780273 1.733764 -8.301567 5.811172 2.680062 -8.914966 5.780273 2.766862 -8.765267 5.811172 3.567462 -9.559467 5.780273 3.683063 -9.430666 5.811172 4.304162 -10.37207 5.780273 4.443662 -10.26967 5.811172 4.858663 -11.31827 5.780273 5.016263 -11.24657 5.811172 5.207763 -12.35797 5.780273 5.376662 -12.32007 5.811172 5.509562 -13.44466 5.811172 5.492764 -13.96101 5.811172 4.966863 -14.57023 5.559174 5.011764 -14.4936 5.603973 4.948863 -14.48321 5.484272 5.080462 -14.38945 5.661873 5.040462 -13.45147 5.484272 5.009562 -13.45192 5.311172 4.918962 -12.42287 5.484272 4.561162 -11.45367 5.311172 4.765363 -11.97947 5.311172 4.888764 -12.42957 5.311172 4.589263 -11.44087 5.484272 4.065463 -10.54727 5.484272 4.040563 -10.56557 5.311172 3.369763 -9.779867 5.484272 3.349162 -9.802866 5.311172 2.949061 -9.479467 5.311172 2.531763 -9.171167 5.484272 2.516262 -9.197867 5.311172 1.586763 -8.747066 5.484272 1.577063 -8.776366 5.311172 0.5749626 -8.525365 5.484272 0.5714626 -8.556166 5.311172 0.01016235 -8.524466 5.311172 0.01016235 -8.493566 5.484272 0.01016235 -8.378067 5.664772 0.587862 -8.410567 5.664772 1.622962 -8.637267 5.664772 2.589663 -9.071166 5.664772 3.446961 -9.693866 5.664772 4.158662 -10.47887 5.664772 4.694463 -11.39307 5.664772 5.031663 -12.39757 5.664772 5.156062 -13.4498 5.664772 5.173362 -14.26872 5.723072 -4.989878 -13.52451 -6.188826 -4.989878 -13.52451 -9.188826 -4.745157 -11.97947 -6.188826 -4.745157 -11.97947 -9.188826 -4.034967 -10.58557 -6.188826 -4.034967 -10.58557 -9.188826 -2.928838 -9.479467 -6.188826 -2.928838 -9.479467 -9.188826 -1.534938 -8.769267 -6.188826 -1.534938 -8.769267 -9.188826 0.01016235 -8.524466 -6.188826 0.01016235 -8.524466 -9.188826 1.555162 -8.769267 -6.188826 1.555162 -8.769267 -9.188826 2.949061 -9.479467 -6.188826 2.949061 -9.479467 -9.188826 4.055161 -10.58557 -6.188826 4.055161 -10.58557 -9.188826 4.765363 -11.97947 -6.188826 4.765363 -11.97947 -9.188826 5.010161 -13.52451 -6.188826 5.010161 -13.52451 -9.188826 -4.989878 6.525534 -6.188826 -4.989878 6.525534 -9.188826 -4.745157 8.070534 -6.188826 -4.745157 8.070534 -9.188826 -4.034967 9.464434 -6.188826 -4.034967 9.464434 -9.188826 -2.928838 10.57053 -6.188826 -2.928838 10.57053 -9.188826 -1.534938 11.28073 -6.188826 -1.534938 11.28073 -9.188826 0.01016235 11.52553 -6.188826 0.01016235 11.52553 -9.188826 1.555162 11.28073 -6.188826 1.555162 11.28073 -9.188826 2.949061 10.57053 -6.188826 2.949061 10.57053 -9.188826 4.055161 9.464434 -6.188826 4.055161 9.464434 -9.188826 4.765363 8.070534 -6.188826 4.765363 8.070534 -9.188826 5.010161 6.525534 -6.188826 5.010161 6.525534 -9.188826 0.01016235 -10.27447 -4.438826 1.014462 -10.43357 -4.438826 0.01016235 -10.27447 0.8111725 1.253862 -10.52187 0.8111725 1.253862 -10.52187 -4.438826 1.920463 -10.89517 -4.438826 2.308262 -11.22636 0.8111725 2.308262 -11.22636 -4.438826 2.639462 -11.61417 -4.438826 3.012763 -12.28077 0.8111725 3.012763 -12.28077 -4.438826 3.101062 -12.52017 -4.438826 3.260161 -13.52451 0.8111725 3.260161 -13.52451 -4.438826 3.101062 -14.52882 -4.438826 3.012763 -14.76824 0.8111725 3.012763 -14.76824 -4.438826 2.639462 -15.43481 -4.438826 2.308262 -15.82262 0.8111725 2.308262 -15.82262 -4.438826 1.920463 -16.15382 -4.438826 1.253862 -16.52711 0.8111725 0.01016235 -16.77452 -4.438826 0.01016235 -16.77452 0.8111725 1.014462 -16.61545 -4.438826 1.253862 -16.52711 -4.438826 -0.9941378 -10.43357 -4.438826 -1.233638 -10.52187 -4.438826 -1.900138 -10.89517 -4.438826 -2.287937 -11.22636 -4.438826 -2.619138 -11.61417 -4.438826 -2.992437 -12.28077 -4.438826 -3.080837 -12.52017 -4.438826 -3.239838 -13.52451 -4.438826 -4.745157 -15.0696 -6.188826 -3.080837 -14.52882 -4.438826 -2.992437 -14.76824 -4.438826 -4.034967 -16.46344 -6.188826 -2.619138 -15.43481 -4.438826 -2.928838 -17.5696 -6.188826 -2.287937 -15.82262 -4.438826 -1.900138 -16.15382 -4.438826 -1.534938 -18.27979 -6.188826 0.01016235 -18.52451 -6.188826 -0.9941378 -16.61545 -4.438826 -1.233638 -16.52711 -4.438826 0.01016235 9.775534 -4.438826 1.014462 9.616435 -4.438826 0.01016235 9.775534 0.8111725 1.253862 9.528136 0.8111725 1.253862 9.528136 -4.438826 1.920463 9.154833 -4.438826 2.308262 8.823636 0.8111725 2.308262 8.823636 -4.438826 2.639462 8.435833 -4.438826 3.012763 7.769234 0.8111725 3.012763 7.769234 -4.438826 3.101062 7.529833 -4.438826 3.260161 6.525534 0.8111725 3.260161 6.525534 -4.438826 3.101062 5.521234 -4.438826 3.012763 5.281734 0.8111725 3.012763 5.281734 -4.438826 2.639462 4.615234 -4.438826 2.308262 4.227434 0.8111725 2.308262 4.227434 -4.438826 1.920463 3.896234 -4.438826 1.253862 3.522833 0.8111725 0.01016235 3.275534 -4.438826 0.01016235 3.275534 0.8111725 1.014462 3.434534 -4.438826 1.253862 3.522833 -4.438826 -0.9941378 9.616435 -4.438826 -1.233638 9.528136 -4.438826 -1.900138 9.154833 -4.438826 -2.287937 8.823636 -4.438826 -2.619138 8.435833 -4.438826 -2.992437 7.769234 -4.438826 -3.080837 7.529833 -4.438826 -3.239838 6.525534 -4.438826 -4.745157 4.980434 -6.188826 -3.080837 5.521234 -4.438826 -2.992437 5.281734 -4.438826 -4.034967 3.586534 -6.188826 -2.619138 4.615234 -4.438826 -2.928838 2.480434 -6.188826 -2.287937 4.227434 -4.438826 -1.900138 3.896234 -4.438826 -1.534938 1.770233 -6.188826 0.01016235 1.525534 -6.188826 -0.9941378 3.434534 -4.438826 -1.233638 3.522833 -4.438826 1.555162 1.770233 -6.188826 2.949061 2.480434 -6.188826 4.055161 3.586534 -6.188826 4.765363 4.980434 -6.188826 -1.233638 3.522833 0.8111725 -2.287937 4.227434 0.8111725 -2.992437 5.281734 0.8111725 -3.239838 6.525534 0.8111725 -2.992437 7.769234 0.8111725 -2.287937 8.823636 0.8111725 -1.233638 9.528136 0.8111725 1.555162 -18.27979 -6.188826 2.949061 -17.5696 -6.188826 4.055161 -16.46344 -6.188826 4.765363 -15.0696 -6.188826 -1.233638 -16.52711 0.8111725 -2.287937 -15.82262 0.8111725 -2.992437 -14.76824 0.8111725 -3.239838 -13.52451 0.8111725 -2.992437 -12.28077 0.8111725 -2.287937 -11.22636 0.8111725 -1.233638 -10.52187 0.8111725 4.765363 4.980434 -9.188826 4.055161 3.586534 -9.188826 2.949061 2.480434 -9.188826 1.555162 1.770233 -9.188826 0.01016235 1.525534 -9.188826 -1.534938 1.770233 -9.188826 -2.928838 2.480434 -9.188826 -4.034967 3.586534 -9.188826 -4.745157 4.980434 -9.188826 4.765363 -15.0696 -9.188826 4.055161 -16.46344 -9.188826 2.949061 -17.5696 -9.188826 1.555162 -18.27979 -9.188826 0.01016235 -18.52451 -9.188826 -1.534938 -18.27979 -9.188826 -2.928838 -17.5696 -9.188826 -4.034967 -16.46344 -9.188826 -4.745157 -15.0696 -9.188826 -4.795817 -14.90901 5.348373 -0.5546379 -8.525365 5.484272 -0.5512371 -8.556166 5.311172 -1.566538 -8.747066 5.484272 -1.556838 -8.776366 5.311172 -2.511437 -9.171167 5.484272 -2.495937 -9.197867 5.311172 -2.928838 -9.479467 5.311172 -3.349567 -9.779867 5.484272 -3.328938 -9.802866 5.311172 -4.045248 -10.54727 5.484272 -4.020337 -10.56557 5.311172 -4.569017 -11.44087 5.484272 -4.540888 -11.45367 5.311172 -4.745157 -11.97947 5.311172 -4.898678 -12.42287 5.484272 -4.868518 -12.42957 5.311172 -5.020247 -13.45147 5.484272 -4.989347 -13.45192 5.311172 -4.979857 -14.5121 5.592674 -4.928597 -14.48321 5.484272 -5.316257 -13.44718 5.780273 -5.218677 -14.19392 5.755875 -5.059587 -14.39033 5.661373 -5.489297 -13.44466 5.811172 -5.472527 -13.96101 5.811172 -5.187528 -12.35797 5.780273 -5.356388 -12.32007 5.811172 -4.838468 -11.31827 5.780273 -4.995988 -11.24657 5.811172 -4.283877 -10.37207 5.780273 -4.423378 -10.26967 5.811172 -3.547268 -9.559467 5.780273 -3.662838 -9.430666 5.811172 -2.659838 -8.914966 5.780273 -2.746637 -8.765267 5.811172 -1.659237 -8.465867 5.780273 -1.713537 -8.301567 5.811172 -0.5879374 -8.231266 5.780273 -0.607338 -8.059267 5.811172 -5.135777 -13.4498 5.664772 -5.011417 -12.39757 5.664772 -4.674177 -11.39307 5.664772 -4.138377 -10.47887 5.664772 -3.426727 -9.693866 5.664772 -2.569338 -9.071166 5.664772 -1.602737 -8.637267 5.664772 -0.5676375 -8.410567 5.664772 -4.745157 -11.97947 0.8111725 -4.034967 -10.58557 0.8111725 -2.928838 -9.479467 0.8111725 -1.534938 -8.769267 0.8111725 0.01016235 -8.524466 0.8111725 1.555162 -8.769267 0.8111725 2.949061 -9.479467 0.8111725 4.055161 -10.58557 0.8111725 4.765363 -11.97947 0.8111725 12.75306 16.13093 5.248474 12.68156 16.28123 5.176872 12.58796 16.36983 5.087772 12.58796 16.38853 5.057373 12.58796 16.41534 5.002472 -13.21201 15.95333 4.811172 -13.1744 15.95333 5.001472 -13.14927 16.13093 4.976273 -13.07774 16.28123 4.904774 -13.17396 16.14473 4.811172 -13.19103 16.09664 4.811172 -13.11655 16.24723 4.811172 -13.21201 15.95333 -1.117727 -13.14503 16.20333 -1.117727 -12.96202 16.29153 -2.080126 -12.71202 16.35723 -2.093227 -12.96202 16.01083 -3.005526 -12.96202 15.55503 -3.858427 -13.14503 16.11203 -2.044426 -13.14503 15.84173 -2.935526 -13.14503 15.40283 -3.756727 -13.14503 14.81213 -4.476526 -13.21201 15.86683 -1.995626 -13.21201 15.61083 -2.839827 -13.21201 15.19493 -3.617826 -13.21201 14.63533 -4.299726 -13.21201 12.95333 -5.981726 -13.17396 13.14474 -6.061026 12.68416 -22.50814 2.302475 12.95646 -22.31053 2.346874 12.89556 -22.39852 2.313374 12.75466 -22.50814 2.231972 13.08796 -22.04665 2.135773 13.04996 -22.19606 2.255272 13.05126 -22.23472 2.135773 13.02436 -22.23719 2.288174 12.94316 -22.39852 2.135773 13.04996 -22.23799 -9.188826 13.08796 -22.04665 -9.188826 13.04996 -13.8553 5.502472 13.04996 -3.165966 5.502472 13.08796 -14.04665 5.311172 13.08796 -3.357265 5.311172 -13.17396 -3.165966 5.002472 -13.17396 -3.165966 5.502472 -13.21201 -3.357265 4.811172 -13.21201 -3.357265 5.311172 -12.8898 -22.50814 2.209373 -12.96319 -22.39852 2.386974 -13.17396 -22.19606 2.255272 -13.21201 -22.04665 2.135773 -13.1753 -22.23472 2.135773 -12.78566 -22.50814 2.313572 -12.84808 -22.50814 2.271873 -13.04019 -22.39852 2.271675 -13.06723 -22.39852 2.135773 -13.13151 -22.25909 2.305775 -13.14843 -22.23719 2.288174 12.69376 -16.53234 9.744473 12.75306 -13.86904 9.748475 12.68156 -13.7188 9.676873 12.58796 -13.8553 9.773072 12.58796 -13.90333 9.790173 12.58796 -13.7528 9.715676 -13.17396 -13.8553 5.502472 -13.21201 -14.04665 5.311172 -13.13025 -16.48034 9.522873 -13.17396 -16.45575 9.430676 -13.21201 -16.30634 9.311173 -13.14925 -16.30634 9.553677 4.441163 -16.52509 9.633275 4.536862 -16.60233 9.650174 4.449763 -16.12751 9.664772 4.381162 -16.08729 9.561074 4.356662 -16.26022 9.610173 4.356263 -16.0727 9.502472 4.290963 -16.13918 9.394974 4.287263 -16.23527 9.473572 4.312263 -16.33572 9.542275 4.364663 -16.43431 9.596573 4.384662 -16.46186 9.609173 6.711661 -14.04665 9.811173 6.711661 -13.79665 9.744175 6.104663 -13.71142 9.561173 5.075263 -14.39684 9.311173 4.833362 -14.9799 9.502472 5.130063 -14.43535 9.561173 5.559062 -13.99488 9.561173 6.162162 -13.88518 9.744175 5.668162 -14.14181 9.744175 5.279763 -14.54056 9.744175 4.861062 -14.98824 9.561173 4.937161 -15.0112 9.664772 5.036262 -15.04111 9.744175 5.092462 -15.05807 9.773072 6.240663 -14.12253 9.811173 5.817262 -14.3425 9.811173 5.484363 -14.68429 9.811173 5.275662 -15.11334 9.811173 4.875262 -15.64873 9.773072 5.050563 -15.7253 9.811173 4.726562 -15.58382 9.664772 4.627263 -15.54046 9.502472 -13.21201 -14.04665 9.311173 -13.1744 -14.04665 9.501374 -13.14927 -13.86904 9.476273 -13.07774 -13.7188 9.404774 -13.17396 -13.8553 9.311173 -13.19103 -13.90333 9.311173 -13.11655 -13.7528 9.311173 -4.625937 -16.66125 9.645974 -4.734497 -16.35803 9.808472 -4.518838 -16.17989 9.744175 -4.734497 -16.30634 9.811173 -4.801257 -15.62526 9.744175 -5.030368 -15.7253 9.811173 -4.633528 -15.55204 9.561173 -5.255387 -15.11334 9.811173 -5.016047 -15.04111 9.744175 -4.840837 -14.98824 9.561173 -5.259558 -14.54056 9.744175 -5.109817 -14.43535 9.561173 -5.055008 -14.39684 9.311173 -5.538807 -13.99488 9.561173 -6.084417 -13.71142 9.561173 -5.647937 -14.14181 9.744175 -6.141888 -13.88518 9.744175 -6.691447 -13.79665 9.744175 -5.464107 -14.68429 9.811173 -5.797008 -14.3425 9.811173 -6.220397 -14.12253 9.811173 -6.691447 -14.04665 9.811173 3.968162 -16.98449 8.877472 4.135663 -17.17466 8.926075 4.191962 -17.48734 8.635273 4.244863 -17.24462 8.914677 3.772962 -17.77035 8.255475 3.878962 -17.8242 8.214272 3.238862 -18.22747 7.681972 3.367463 -18.27135 7.655273 2.652963 -18.60952 7.202572 2.764062 -18.67583 7.149673 1.774763 -19.12416 6.589272 2.102462 -19.00139 6.742775 2.026062 -18.91254 6.822174 0.6939621 -19.26578 6.378471 0.7099619 -19.37024 6.281677 1.424663 -19.22991 6.457073 -0.3954373 -19.39997 6.244472 0.01036262 -19.41494 6.225773 0.009962081 -19.30952 6.323574 -2.005837 -18.9142 6.820072 -2.081737 -19.00163 6.742474 -1.434438 -19.22184 6.467175 -3.046038 -18.48769 7.384872 -2.723638 -18.68742 7.135174 -2.632638 -18.61092 7.200771 -2.444938 -18.83661 6.948677 -3.218738 -18.22684 7.682774 -3.319737 -18.29239 7.628975 -3.752817 -17.76862 8.257573 -3.931807 -17.75047 8.306374 -4.224717 -17.24378 8.915772 -4.333697 -17.28856 8.883774 -4.115758 -17.17363 8.927372 -3.646737 -17.6865 8.277676 -4.021667 -17.08477 8.914772 -3.901547 -16.8761 8.822472 -3.948567 -16.98327 8.878975 -3.488297 -17.4736 8.235474 -3.556448 -17.58569 8.270073 -3.034938 -18.01942 7.710175 -3.118737 -18.13227 7.712273 -2.542937 -18.50381 7.240173 -3.883867 -16.77036 8.748875 -3.447457 -17.35867 8.176472 -2.973437 -17.89715 7.676971 -2.468637 -18.37921 7.244175 -1.931237 -18.79498 6.869675 -1.349236 -19.13249 6.545872 -0.7032366 -19.36848 6.283874 -3.896378 -16.67323 8.663273 -3.437048 -17.24913 8.097275 -2.939438 -17.77543 7.615372 -2.415737 -18.24751 7.212574 -1.870337 -18.65939 6.879772 -1.295237 -19.00273 6.604774 -0.6739378 -19.26462 6.379871 3.903663 -16.7714 8.747574 3.916463 -16.67405 8.662274 3.477363 -17.15475 8.001675 3.921163 -16.87728 8.821072 3.456363 -17.25129 8.094574 2.982062 -17.57122 7.426971 3.466363 -17.36113 8.173573 2.955361 -17.66441 7.528973 2.440262 -17.91796 6.946472 3.666162 -17.68864 8.275074 3.138562 -18.13304 7.711273 3.054461 -18.02027 7.709175 2.489363 -18.37712 7.246677 2.436462 -18.24532 7.215275 1.849162 -18.51673 6.853172 1.829462 -18.38514 6.785973 1.229162 -18.57647 6.522972 1.234662 -18.46619 6.418072 0.623662 -18.5817 6.256073 0.6371622 -18.50997 6.120472 0.009861946 -18.54917 6.065372 2.563462 -18.50201 7.242474 1.891362 -18.65691 6.882774 1.241962 -18.71112 6.592472 0.6197634 -18.69084 6.364872 0.009562492 -18.61928 6.203175 -0.6172371 -18.50883 6.121872 1.369462 -19.1326 6.545773 0.6648626 -19.12918 6.443375 0.009662628 -19.17041 6.390675 0.009462356 -19.01742 6.411674 -0.6222363 -18.97676 6.464874 -0.6068373 -18.82566 6.437973 -1.221738 -18.7111 6.592472 -1.208938 -18.57645 6.523075 -1.808337 -18.38766 6.782974 -1.813138 -18.27584 6.684174 -2.390438 -18.00763 7.056171 -2.419937 -17.91937 6.944675 -2.962038 -17.57061 7.427772 -0.645237 -19.12778 6.445072 -1.251437 -18.85786 6.620575 -1.828037 -18.51935 6.849972 -2.388838 -18.12014 7.148273 -2.935637 -17.66365 7.529972 -3.457448 -17.15304 8.003773 4.041362 -17.08595 8.913372 3.507163 -17.47617 8.232373 2.958861 -17.77629 7.614372 2.411062 -18.00578 7.058472 1.862062 -18.19194 6.565174 3.575461 -17.58813 8.267075 2.992862 -17.89805 7.675972 2.409562 -18.11802 7.150772 1.833962 -18.27363 6.686874 1.257563 -18.39026 6.288174 1.951962 -18.79282 6.872272 1.271663 -18.85789 6.620575 0.6258621 -18.8273 6.435974 0.00936222 -18.72789 6.313473 -0.6042376 -18.58031 6.257774 -1.237437 -18.39019 6.288273 1.315362 -19.00279 6.604675 0.6414623 -18.97834 6.462872 0.009262084 -18.8649 6.385075 -0.6006374 -18.68927 6.366875 -1.214437 -18.46616 6.418175 -1.841638 -18.19363 6.563072 -13.17396 -22.23799 -9.188826 -13.21201 -22.04665 -9.188826 13.04996 -3.165966 5.002472 13.08796 -3.357265 4.811172 -11.05545 16.38633 5.061172 -11.05545 16.45333 4.811172 -9.995978 16.31134 5.244175 -5.798088 21.20703 5.251472 -5.811197 21.20764 5.244175 -5.968667 20.15443 5.244175 -5.975187 21.21533 5.091274 -5.994008 21.21623 5.061172 -6.145987 20.19973 5.061172 -6.057168 21.21923 4.872372 -6.060917 21.21933 4.811172 -6.210897 20.21623 4.811172 -5.561468 21.19593 5.311172 -6.430347 19.55373 4.811172 -6.368378 19.52833 5.061172 -6.739917 18.92823 4.811172 -6.682097 18.89443 5.061172 -7.133557 18.35194 4.811172 -7.081017 18.31034 5.061172 -7.603628 17.83604 4.811172 -7.557377 17.78754 5.061172 -8.140948 17.39064 4.811172 -8.101898 17.33623 5.061172 -8.735048 17.02444 4.811172 -8.703958 16.96503 5.061172 -9.374368 16.74443 4.811172 -9.351838 16.68133 5.061172 -10.04643 16.55624 4.811172 -10.03292 16.49064 5.061172 -6.199088 19.45874 5.244175 -6.524137 18.80194 5.244175 -6.937468 18.19683 5.244175 -7.431037 17.65513 5.244175 -7.995217 17.18753 5.244175 -8.619029 16.80294 5.244175 -9.290308 16.50904 5.244175 -5.726438 20.09254 5.311172 -5.967837 19.36383 5.311172 -6.308358 18.67573 5.311172 -6.741377 18.04174 5.311172 -7.258448 17.47433 5.311172 -7.849497 16.98434 5.311172 -8.503008 16.58143 5.311172 -9.206257 16.27354 5.311172 -9.945528 16.06653 5.311172 -4.828708 22.10583 5.002472 -4.820397 22.13903 4.872372 -5.257268 22.14953 4.872372 -5.160007 21.66293 5.311172 -5.712518 21.51873 5.251472 -5.503407 21.40744 5.311172 -5.501788 21.76383 5.251472 -5.360417 21.57373 5.311172 -5.206437 21.89513 5.251472 -5.241178 22.06903 5.091274 -5.607587 21.90613 5.091274 -5.869028 21.60203 5.091274 -4.840298 22.05944 5.091274 -5.941477 21.64064 4.872372 -5.656568 21.97193 4.872372 -5.944797 21.64233 4.811172 -5.658817 21.97493 4.811172 -5.257997 22.15324 4.811172 -4.819477 22.14273 4.811172 -0.06203746 20.95333 4.811172 -0.06203746 20.91413 5.002472 4.716262 22.05944 5.091274 4.695462 22.14273 4.811172 4.696362 22.13903 4.872372 4.704661 22.10583 5.002472 5.869962 21.21623 5.061172 5.933162 21.21923 4.872372 5.817462 21.64064 4.872372 5.379363 21.40744 5.311172 5.437463 21.19593 5.311172 5.674062 21.20703 5.251472 5.082362 21.89513 5.251472 5.035962 21.66293 5.311172 5.377763 21.76383 5.251472 5.236361 21.57373 5.311172 5.588462 21.51873 5.251472 5.744962 21.60203 5.091274 5.483561 21.90613 5.091274 5.117162 22.06903 5.091274 5.687161 21.20764 5.244175 5.851163 21.21533 5.091274 5.133262 22.14953 4.872372 5.532561 21.97193 4.872372 5.133962 22.15324 4.811172 5.534764 21.97493 4.811172 5.820764 21.64233 4.811172 5.936862 21.21933 4.811172 5.622764 20.01533 5.311172 10.93136 16.38633 5.061172 9.836963 16.50593 5.061172 10.93136 16.45333 4.811172 9.851463 16.57133 4.811172 8.822463 16.91994 4.811172 8.794162 16.85913 5.061172 8.611063 17.02444 4.811172 7.852262 17.42923 5.061172 7.892962 17.48244 4.811172 7.479562 17.83604 4.811172 7.055762 18.18933 5.061172 7.107062 18.23243 4.811172 6.442262 19.10343 5.061172 6.615863 18.92823 4.811172 6.501563 19.13454 4.811172 6.105363 20.14613 4.811172 6.040662 20.12864 5.061172 9.797462 16.32723 5.244175 8.716962 16.69323 5.244175 7.741061 17.28393 5.244175 6.915862 18.07143 5.244175 6.280162 19.01864 5.244175 5.864062 20.08073 5.244175 9.743463 16.08324 5.311172 8.611562 16.46653 5.311172 7.589162 17.08533 5.311172 6.724563 17.91033 5.311172 6.058661 18.90263 5.311172 -13.17396 13.14474 -9.188826 -13.21201 12.95333 -9.188826 13.02096 14.81213 -4.476526 13.04996 13.14474 -6.061026 13.08796 14.63533 -4.299726 13.08796 12.95333 -5.981726 12.83796 15.55503 -3.858427 12.83796 16.01083 -3.005526 12.58796 16.35723 -2.093227 12.83796 16.29153 -2.080126 13.02096 15.40283 -3.756727 13.02096 15.84173 -2.935526 13.02096 16.11203 -2.044426 13.02096 16.20333 -1.117727 13.08796 15.19493 -3.617826 13.08796 15.61083 -2.839827 13.08796 15.86683 -1.995626 13.08796 15.95333 -1.117727 13.08796 12.95333 -9.188826 13.04996 13.14474 -9.188826 3.690362 10.61283 5.311172 4.459764 9.758334 5.311172 5.034661 8.762534 5.311172 5.389962 7.669033 5.311172 -5.369688 7.669033 5.311172 -3.670097 10.61283 5.311172 -4.439467 9.758334 5.311172 -5.014378 8.762534 5.311172 2.760161 11.28864 5.311172 1.709764 11.75633 5.311172 0.585062 11.99533 5.311172 -2.739838 11.28864 5.311172 -1.689438 11.75633 5.311172 -0.5647373 11.99533 5.311172 -11.06202 16.45333 -1.117727 -11.06202 16.42213 -1.675226 -11.06202 16.28733 -2.395426 -11.04623 16.45333 1.249573 -10.90798 16.45333 0.275074 -10.83672 16.45333 -0.8923245 -10.60754 16.45333 -0.6623249 -11.05545 16.45333 1.577175 -6.060917 21.21933 1.577175 -6.210897 20.21623 1.577175 -6.505688 19.37984 1.577175 -6.739917 18.92823 1.577175 -6.980728 18.55564 1.577175 -7.603628 17.83604 1.577175 -8.350468 17.24823 1.577175 -8.735048 17.02444 1.577175 -9.196068 16.81193 1.577175 -10.04643 16.55624 1.577175 -5.664688 21.97053 2.328373 -5.809227 21.83713 2.194973 -5.948758 21.63483 1.992676 -6.048237 21.33803 1.695873 -4.819477 22.14273 2.500572 -5.140508 22.16954 2.527275 -5.261248 22.15253 2.510372 -5.483558 22.07943 2.437172 -0.06203746 20.95333 1.311172 4.695462 22.14273 2.500572 4.992263 22.17113 2.528873 5.137362 22.15253 2.510273 5.347161 22.08503 2.442875 5.543862 21.96813 2.325973 5.740163 21.76973 2.127575 5.823863 21.63664 1.994373 5.936862 21.21933 1.577175 6.086862 20.21623 1.577175 6.381661 19.37984 1.577175 6.615863 18.92823 1.577175 6.856662 18.55564 1.577175 7.479562 17.83604 1.577175 8.226463 17.24823 1.577175 8.611063 17.02444 1.577175 9.072063 16.81193 1.577175 9.922363 16.55624 1.577175 10.93136 16.45333 1.577175 10.93796 16.45333 -1.117727 10.78396 16.45333 0.275074 10.71266 16.45333 -0.8923245 10.48346 16.45333 -0.6623249 10.92216 16.45333 1.249573 10.93796 16.42213 -1.675726 10.93796 16.28723 -2.395727 -6.566378 19.23273 -0.4092274 -6.288367 19.86053 0.2179718 6.024861 20.34153 0.6988716 -6.965648 18.58604 -1.056227 -6.120617 20.48064 0.8380737 -6.062017 21.11264 1.470474 -6.062017 21.17253 1.530373 5.937963 21.17253 1.530373 5.937963 21.11264 1.470474 5.941962 20.94903 1.306873 6.218562 19.71643 0.07407379 6.528062 19.07703 -0.5650272 6.959462 18.42424 -1.218027 -8.371767 17.04693 -2.595324 -8.131228 17.26833 -2.373526 -7.488627 17.92884 -1.712727 7.522563 17.75503 -1.886227 8.249263 17.04553 -2.596626 9.162462 16.28603 -3.356127 9.208663 16.24993 -3.392227 9.752563 15.83773 -3.805325 10.26106 15.46833 -4.174227 -10.32744 15.50964 -4.133026 -9.878038 15.83664 -3.806427 -9.339458 16.24473 -3.397526 -9.133809 16.40613 -3.236126 -8.988358 16.52273 -3.119526 10.49556 15.30153 -4.340826 -5.182528 7.629234 5.273075 -5.023868 7.595533 5.164772 -4.880617 7.565033 4.811172 -4.917848 7.572933 5.002472 -4.592378 8.574637 5.002472 -4.745157 8.070534 4.811172 -4.557608 8.559134 4.811172 -4.034967 9.464434 4.811172 -4.065758 9.486834 5.002472 -3.335538 10.24123 4.811172 -3.360997 10.26953 5.002472 -2.928838 10.57053 4.811172 -2.508938 10.88864 5.002472 -2.489838 10.85563 4.811172 -1.534938 11.28073 4.811172 -1.546738 11.31693 5.002472 -0.512538 11.49813 4.811172 -0.5165377 11.53593 5.002472 0.01016235 11.52553 4.811172 0.5367632 11.53593 5.002472 2.510162 10.85563 4.811172 1.566962 11.31693 5.002472 1.555162 11.28073 4.811172 0.5327635 11.49813 4.811172 2.949061 10.57053 4.811172 3.381263 10.26953 5.002472 2.529162 10.88864 5.002472 3.355763 10.24123 4.811172 4.055161 9.464434 4.811172 4.085961 9.486834 5.002472 4.577863 8.559134 4.811172 4.612662 8.574637 5.002472 4.765363 8.070534 4.811172 4.938062 7.572933 5.002472 4.900863 7.565033 4.811172 -4.691387 8.618735 5.164772 -4.153438 9.550536 5.164772 -3.433528 10.35003 5.164772 -2.563138 10.98243 5.164772 -1.580236 11.42003 5.164772 -0.5278378 11.64373 5.164772 0.5480623 11.64373 5.164772 1.600462 11.42003 5.164772 2.583363 10.98243 5.164772 3.453763 10.35003 5.164772 4.173663 9.550536 5.164772 4.711661 8.618735 5.164772 5.044063 7.595533 5.164772 -4.839578 8.684735 5.273075 -4.284677 9.645834 5.273075 -3.542068 10.47064 5.273075 -2.644237 11.12293 5.273075 -1.630338 11.57433 5.273075 -0.5447378 11.80503 5.273075 0.5650625 11.80503 5.273075 1.650562 11.57433 5.273075 2.664462 11.12293 5.273075 3.562263 10.47064 5.273075 4.304963 9.645834 5.273075 4.859862 8.684735 5.273075 5.202764 7.629234 5.273075 -4.745157 8.070534 0.8111725 -4.034967 9.464434 0.8111725 -2.928838 10.57053 0.8111725 -1.534938 11.28073 0.8111725 0.01016235 11.52553 0.8111725 1.555162 11.28073 0.8111725 2.949061 10.57053 0.8111725 4.055161 9.464434 0.8111725 4.765363 8.070534 0.8111725 -9.331428 16.72933 -1.709726 -9.331428 16.75914 -0.9323235 -8.366328 17.23873 -0.9155274 -10.37696 16.09214 -3.106726 -10.41968 16.45883 -0.5148258 -10.37696 16.49744 -0.9414272 -10.37696 16.46903 -1.680527 -10.37696 16.33293 -2.407427 -10.37696 15.75163 -3.763226 -6.371057 19.58683 0.3757744 -6.062017 21.10913 1.483372 -6.071437 20.80464 1.364677 -6.172497 20.10754 1.206974 -6.407177 19.35374 1.039173 -6.504837 19.12844 0.9832726 -6.850927 18.63753 0.2014732 -8.366328 17.14703 -0.07222747 -7.541197 17.68993 0.5343742 -7.526477 17.81153 0.04977416 -7.079778 18.19284 0.713974 -6.690217 18.76993 0.8878746 -9.331428 16.67514 -0.1589279 -9.307018 16.66523 -0.05232238 -9.001069 16.77273 0.04457473 -8.710508 16.89753 0.1365737 -8.088238 17.25183 0.3415718 -9.331428 16.58613 -2.474325 -9.331428 16.33283 -3.209927 -9.984368 16.50564 -0.2978249 -8.366328 17.20613 -1.763227 -7.526477 17.91383 -0.8919258 -6.850927 18.75323 -0.862627 -6.062017 21.14564 1.507675 -8.382887 17.22393 1.399673 -9.231019 16.79723 1.351871 -10.14538 16.53683 1.300373 -7.634848 17.80543 1.441772 -7.618028 17.82154 1.442772 -7.011857 18.52074 1.476871 -6.530908 19.34024 1.503975 -6.208727 20.23413 1.522175 -10.01982 16.53323 0.3596726 -9.149727 16.78284 0.5809746 -8.339968 17.19223 0.7869721 -7.621397 17.75114 0.9698715 -7.017047 18.43993 1.123676 -6.215037 20.09793 1.327572 -6.542987 19.23143 1.244274 9.207363 16.33264 -3.210226 8.242263 17.20613 -1.763826 9.207363 16.72924 -1.710226 6.247062 19.58703 0.3745728 10.25296 16.49744 -0.9421272 8.243162 17.07643 0.2461738 8.397563 16.99123 0.1954727 8.242263 17.14723 -0.07302474 8.996765 16.72784 0.006374359 9.207363 16.67523 -0.159626 9.208963 16.65703 -0.06172561 9.645162 16.54494 -0.2135276 7.824061 17.35083 0.3890724 7.402463 17.81164 0.0488739 7.403962 17.70243 0.539772 7.267362 17.83723 0.5905724 6.726863 18.63773 0.2003746 6.813062 18.38393 0.7754746 6.435563 19.01533 0.9550743 6.728765 18.50693 0.8130722 6.176362 19.64484 1.106972 6.239963 19.46464 1.065575 5.937963 21.10913 1.483372 5.940862 20.96453 1.420773 6.001962 20.34814 1.259575 9.207363 16.58604 -2.474726 10.25296 15.75153 -3.763426 10.25296 16.09193 -3.106926 10.25296 16.33283 -2.407827 10.25296 16.46894 -1.681026 6.726863 18.75323 -0.8635273 7.402463 17.91394 -0.8927269 8.242263 17.23873 -0.9162274 9.207363 16.75914 -0.9329262 10.15416 16.46894 -0.4368267 7.510764 17.80543 1.441772 8.258863 17.22393 1.399673 8.421562 17.12583 1.390472 9.106962 16.79723 1.351871 9.466663 16.67253 1.331573 10.02136 16.53683 1.300373 7.493962 17.82143 1.442772 6.887763 18.52074 1.476871 6.779763 18.67723 1.482975 6.406861 19.34024 1.503975 6.084662 20.23413 1.522175 5.974563 20.79373 1.528374 8.280363 17.08153 0.3624725 5.937963 21.14603 1.507973 7.497163 17.75093 0.9685745 9.367765 16.66323 0.4916763 9.446763 16.66883 0.9951744 8.371263 17.09803 0.7456741 7.915662 17.39843 0.8618736 6.787162 18.59064 1.149574 6.269261 19.57024 1.281574 6.090962 20.09753 1.327072 5.970862 20.64193 1.357574 7.443963 17.71864 0.6828728 9.230163 16.65773 -0.001323699 10.55026 16.46474 0.8471718 10.43306 16.46443 0.2201728 10.24386 16.46413 -0.3895264 0.01016235 6.525534 -23.76605 -2.448338 6.525534 -22.28883 -2.204938 5.458834 -22.28883 -0.5369377 4.128635 -22.28883 0.5571623 4.128635 -22.28883 -1.522737 4.603334 -22.28883 2.225162 5.458834 -22.28883 2.468662 6.525534 -22.28883 1.542962 4.603334 -22.28883 -2.448338 6.525534 -12.83033 -2.261237 5.584635 -12.83033 -2.204938 5.458834 -12.83033 -1.728337 4.787033 -12.83033 -1.522737 4.603334 -12.83033 -0.9307375 4.254133 -12.83033 -0.5369377 4.128635 -12.83033 0.01016235 4.067034 -12.83033 0.5571623 4.128635 -12.83033 0.9509621 4.254133 -12.83033 1.542962 4.603334 -12.83033 1.748562 4.787033 -12.83033 2.468662 6.525534 -12.83033 2.281463 5.584635 -12.83033 2.225162 5.458834 -12.83033 2.781764 5.377434 -12.28883 3.010161 6.525534 -12.28883 2.131462 4.404133 -12.28883 1.158162 3.753834 -12.28883 0.01016235 3.525534 -12.28883 -1.137938 3.753834 -12.28883 -2.111237 4.404133 -12.28883 -2.761538 5.377434 -12.28883 -2.989838 6.525534 -12.28883 -4.989878 6.525534 -12.28883 -4.989878 6.525534 -9.388827 -4.745157 4.980434 -12.28883 -4.745157 4.980434 -9.388827 -4.034967 3.586534 -12.28883 -4.034967 3.586534 -9.388827 -2.928838 2.480434 -12.28883 -2.928838 2.480434 -9.388827 -1.534938 1.770233 -12.28883 -1.534938 1.770233 -9.388827 0.01016235 1.525534 -12.28883 0.01016235 1.525534 -9.388827 1.555162 1.770233 -12.28883 1.555162 1.770233 -9.388827 2.949061 2.480434 -12.28883 2.949061 2.480434 -9.388827 4.055161 3.586534 -12.28883 4.055161 3.586534 -9.388827 4.765363 4.980434 -12.28883 4.765363 4.980434 -9.388827 5.010161 6.525534 -12.28883 5.010161 6.525534 -9.388827 -5.189877 6.525534 -9.188826 -4.935377 4.918636 -9.188826 -4.196768 3.469034 -9.188826 -3.046337 2.318636 -9.188826 -1.596738 1.580034 -9.188826 0.01016235 1.325533 -9.188826 1.616962 1.580034 -9.188826 3.066562 2.318636 -9.188826 4.216962 3.469034 -9.188826 4.955663 4.918636 -9.188826 5.210162 6.525534 -9.188826 0.01016235 -13.47451 -23.76605 -2.448338 -13.47451 -22.28883 -2.204938 -14.54122 -22.28883 -0.5369377 -15.87136 -22.28883 0.5571623 -15.87136 -22.28883 -1.522737 -15.39664 -22.28883 2.225162 -14.54122 -22.28883 2.468662 -13.47451 -22.28883 1.542962 -15.39664 -22.28883 -2.448338 -13.47451 -12.83033 -2.261237 -14.41534 -12.83033 -2.204938 -14.54122 -12.83033 -1.728337 -15.21293 -12.83033 -1.522737 -15.39664 -12.83033 -0.9307375 -15.74587 -12.83033 -0.5369377 -15.87136 -12.83033 0.01016235 -15.93301 -12.83033 0.5571623 -15.87136 -12.83033 0.9509621 -15.74587 -12.83033 1.542962 -15.39664 -12.83033 1.748562 -15.21293 -12.83033 2.468662 -13.47451 -12.83033 2.281463 -14.41534 -12.83033 2.225162 -14.54122 -12.83033 2.781764 -14.62256 -12.28883 3.010161 -13.47451 -12.28883 2.131462 -15.59582 -12.28883 1.158162 -16.24615 -12.28883 0.01016235 -16.47451 -12.28883 -1.137938 -16.24615 -12.28883 -2.111237 -15.59582 -12.28883 -2.761538 -14.62256 -12.28883 -2.989838 -13.47451 -12.28883 -4.989878 -13.47451 -12.28883 -4.989878 -13.47451 -9.388827 -4.745157 -15.0196 -12.28883 -4.745157 -15.0196 -9.388827 -4.034967 -16.41344 -12.28883 -4.034967 -16.41344 -9.388827 -2.928838 -17.5196 -12.28883 -2.928838 -17.5196 -9.388827 -1.534938 -18.22979 -12.28883 -1.534938 -18.22979 -9.388827 0.01016235 -18.47451 -12.28883 0.01016235 -18.47451 -9.388827 1.555162 -18.22979 -12.28883 1.555162 -18.22979 -9.388827 2.949061 -17.5196 -12.28883 2.949061 -17.5196 -9.388827 4.055161 -16.41344 -12.28883 4.055161 -16.41344 -9.388827 4.765363 -15.0196 -12.28883 4.765363 -15.0196 -9.388827 5.010161 -13.47451 -12.28883 5.010161 -13.47451 -9.388827 -5.189877 -13.47451 -9.188826 -4.935377 -15.0814 -9.188826 -4.196768 -16.53099 -9.188826 -3.046337 -17.6814 -9.188826 -1.596738 -18.42001 -9.188826 0.01016235 -18.67451 -9.188826 1.616962 -18.42001 -9.188826 3.066562 -17.6814 -9.188826 4.216962 -16.53099 -9.188826 4.955663 -15.0814 -9.188826 5.210162 -13.47451 -9.188826 -12.48988 26.52553 -16.38093 -12.48988 -19.47451 -16.38093 -12.48988 26.52553 -11.03883 -12.48988 -19.47451 -11.03883 12.51016 26.52553 -11.03883 12.51016 -19.47451 -11.03883 12.51016 26.52553 -16.38093 12.51016 -19.47451 -16.38093 -7.293727 29.52553 -11.03883 7.313962 29.52553 -11.03883 -7.293727 29.52553 -32.18883 7.313962 29.52553 -32.18883 -12.48988 26.52553 -31.48172 -12.48988 -19.47451 -31.48172 -12.48988 26.52553 -27.99668 -12.48988 -19.47451 -27.99668 12.51016 26.52553 -27.99668 12.51016 -19.47451 -27.99668 12.51016 26.52553 -31.48172 12.51016 -19.47451 -31.48172 7.610162 -19.47451 -25.16767 -7.989878 -19.47451 -11.03883 7.427062 -19.47451 -24.98466 7.360162 -19.47451 -24.73465 7.610162 -19.47451 -19.21003 8.010162 -19.47451 -11.03883 7.427062 -19.47451 -19.39303 7.360162 -19.47451 -19.64303 -7.589878 -19.47451 -19.21003 -7.406867 -19.47451 -19.39303 -7.589878 -19.47451 -25.16767 -11.78277 -19.47451 -32.18883 11.80306 -19.47451 -32.18883 -7.339878 -19.47451 -19.64303 -7.339878 -19.47451 -24.73465 -7.406867 -19.47451 -24.98466 8.010162 -19.47451 -9.188826 -7.989878 -19.47451 -9.188826 -1.596738 -8.528966 -9.188826 -4.196768 9.581934 -9.188826 -3.046337 10.73233 -9.188826 -7.989878 13.32553 -9.188826 -4.935377 8.132334 -9.188826 -4.935377 -11.86767 -9.188826 -4.196768 -10.41807 -9.188826 -3.046337 -9.267666 -9.188826 -1.596738 11.47103 -9.188826 0.01016235 11.72553 -9.188826 8.010162 13.32553 -9.188826 4.955663 -11.86767 -9.188826 4.216962 -10.41807 -9.188826 1.616962 11.47103 -9.188826 3.066562 10.73233 -9.188826 4.216962 9.581934 -9.188826 4.955663 8.132334 -9.188826 0.01016235 -8.274466 -9.188826 1.616962 -8.528966 -9.188826 3.066562 -9.267666 -9.188826 -11.78277 26.93373 -32.18883 11.80306 26.93373 -32.18883 7.610162 29.35453 -25.16767 7.610162 29.35453 -19.21003 7.360162 29.49884 -19.64303 7.361161 29.49823 -19.61143 7.417863 29.46553 -19.40963 7.430362 29.45833 -19.38753 7.360162 29.49884 -24.73465 7.404662 29.47313 -24.94094 7.427663 29.45983 -24.98557 7.517764 29.40783 -25.0991 -7.589878 29.35453 -19.21003 -7.589878 29.35453 -25.16767 -7.339878 29.49884 -24.73465 -7.340878 29.49823 -24.76627 -7.397657 29.46553 -24.96799 -7.410078 29.45833 -24.99013 -7.339878 29.49884 -19.64303 -7.384418 29.47313 -19.43673 -7.407397 29.45983 -19.39213 -7.497568 29.40783 -19.27853 -7.989878 13.32553 -11.03883 8.010162 13.32553 -11.03883 4.765363 -11.92947 -9.388827 4.055161 -10.53557 -9.388827 2.949061 -9.429467 -9.388827 1.555162 -8.719266 -9.388827 0.01016235 -8.474467 -9.388827 -1.534938 -8.719266 -9.388827 -2.928838 -9.429467 -9.388827 -4.034967 -10.53557 -9.388827 -4.745157 -11.92947 -9.388827 4.765363 -11.92947 -12.28883 4.055161 -10.53557 -12.28883 2.949061 -9.429467 -12.28883 1.555162 -8.719266 -12.28883 0.01016235 -8.474467 -12.28883 -1.534938 -8.719266 -12.28883 -2.928838 -9.429467 -12.28883 -4.034967 -10.53557 -12.28883 -4.745157 -11.92947 -12.28883 -1.137938 -10.70287 -12.28883 -2.111237 -11.35317 -12.28883 -2.761538 -12.32647 -12.28883 2.131462 -11.35317 -12.28883 1.158162 -10.70287 -12.28883 0.01016235 -10.47447 -12.28883 2.781764 -12.32647 -12.28883 -2.261237 -12.53367 -12.83033 -2.204938 -12.40777 -12.83033 -1.728337 -11.73607 -12.83033 -1.522737 -11.55237 -12.83033 -0.9307375 -11.20317 -12.83033 -0.5369377 -11.07767 -12.83033 0.01016235 -11.01597 -12.83033 0.5571623 -11.07767 -12.83033 0.9509621 -11.20317 -12.83033 1.542962 -11.55237 -12.83033 1.748562 -11.73607 -12.83033 2.281463 -12.53367 -12.83033 2.225162 -12.40777 -12.83033 2.225162 -12.40777 -22.28883 1.542962 -11.55237 -22.28883 0.5571623 -11.07767 -22.28883 -0.5369377 -11.07767 -22.28883 -1.522737 -11.55237 -22.28883 -2.204938 -12.40777 -22.28883 4.765363 8.070534 -9.388827 4.055161 9.464434 -9.388827 2.949061 10.57053 -9.388827 1.555162 11.28073 -9.388827 0.01016235 11.52553 -9.388827 -1.534938 11.28073 -9.388827 -2.928838 10.57053 -9.388827 -4.034967 9.464434 -9.388827 -4.745157 8.070534 -9.388827 4.765363 8.070534 -12.28883 4.055161 9.464434 -12.28883 2.949061 10.57053 -12.28883 1.555162 11.28073 -12.28883 0.01016235 11.52553 -12.28883 -1.534938 11.28073 -12.28883 -2.928838 10.57053 -12.28883 -4.034967 9.464434 -12.28883 -4.745157 8.070534 -12.28883 2.781764 7.673534 -12.28883 2.131462 8.646834 -12.28883 1.158162 9.297133 -12.28883 0.01016235 9.525534 -12.28883 -1.137938 9.297133 -12.28883 -2.111237 8.646834 -12.28883 -2.761538 7.673534 -12.28883 -2.261237 7.466333 -12.83033 -2.204938 7.592234 -12.83033 -1.728337 8.263934 -12.83033 -1.522737 8.447636 -12.83033 -0.9307375 8.796833 -12.83033 -0.5369377 8.922333 -12.83033 0.01016235 8.984034 -12.83033 0.5571623 8.922333 -12.83033 0.9509621 8.796833 -12.83033 1.542962 8.447636 -12.83033 1.748562 8.263934 -12.83033 2.281463 7.466333 -12.83033 2.225162 7.592234 -12.83033 2.225162 7.592234 -22.28883 1.542962 8.447636 -22.28883 0.5571623 8.922333 -22.28883 -0.5369377 8.922333 -22.28883 -1.522737 8.447636 -22.28883 -2.204938 7.592234 -22.28883</float_array>
          <technique_common>
            <accessor source="#shape0_011-mesh-positions-array" count="1667" stride="3">
              <param name="X" type="float"/>
              <param name="Y" type="float"/>
              <param name="Z" type="float"/>
            </accessor>
          </technique_common>
        </source>
        <source id="shape0_011-mesh-normals">
          <float_array id="shape0_011-mesh-normals-array" count="11547">-0.4609791 0.887411 0 -0.4609798 0.8874107 0 -0.1590332 0.9872733 0 -0.9945187 0.104559 0 -0.9875882 0.1564691 0.01368075 -0.965901 0.2589116 0 -0.9336167 0.3582737 0 -0.8909299 0.4539347 0.013686 -0.8660142 0.5000194 0 -0.743162 0.6691116 0 -0.7070406 0.7070407 0.01368159 -0.6292732 0.7771843 0 -0.544742 0.8386038 0 -0.4539349 0.8909296 0.01369327 -0.4066624 0.9135786 0 -0.2078942 0.9781514 0 -0.156417 0.9875965 0.01367062 -0.05235993 0.9986283 0 0.05235004 0.9986288 0 0.1564071 0.9875981 0.01367324 0.207894 0.9781515 0 0.406698 0.9135627 0 0.4539347 0.89093 0.01368188 0.5446537 0.8386611 0 0.629275 0.7771828 0 0.7070312 0.7070502 0.01367944 0.743147 0.6691282 0 0.8660395 0.4999756 0 0.8909329 0.4539289 0.01367408 0.9335849 0.3583563 0 0.9659202 0.2588402 0 0.9875959 0.1564203 0.01367735 0.9945226 0.104523 0 -0.1951782 0.0205112 0.9805533 -0.5547536 0.05829459 0.8299701 -0.5547536 0.05829459 0.8299701 -0.5547536 0.05829459 0.8299701 -0.9756622 0.1025766 0.1938074 -0.8284184 0.08707273 0.5533003 -0.9756367 0.1025464 0.193952 -0.9328625 0.3033156 0.1943379 -0.9328626 0.3033156 0.1943379 -0.9328625 0.3033156 0.1943379 -0.9620895 0.2577854 -0.08905291 -0.9620896 0.2577854 -0.08905291 -0.9156861 0.3513926 0.1950441 -0.8495132 0.4904933 0.1942777 -0.8495376 0.4905743 0.193966 -0.7289296 0.6564183 0.1943619 -0.7289297 0.6564183 0.194362 -0.7289297 0.6564183 0.1943619 -0.7290559 0.6564023 0.1939421 -0.6172377 0.7623185 0.1946488 -0.5869186 0.8078058 0.05455803 -0.5343341 0.8225823 0.1945391 -0.3989544 0.8962649 0.1937646 -0.3989951 0.8961548 0.1941899 -0.203939 0.9595384 0.1941522 -0.2039368 0.9595909 0.1938947 -0.2039368 0.9595909 0.1938947 -0.05135345 0.9794335 0.1951224 0 0.9984972 0.05480456 0.3989558 0.8961719 0.1941915 0.2039763 0.9595301 0.1941535 0.2039297 0.9594978 0.1943622 0.05134367 0.9794343 0.1951218 0.5424761 0.8353156 -0.08926093 0.5766388 0.7936173 0.1940602 0.3990122 0.8961955 0.1939666 0.6172543 0.7623358 0.1945279 0.7290082 0.6564013 0.1941248 0.7290081 0.6564013 0.1941248 0.7290394 0.6564433 0.1938656 0.8495994 0.4904837 0.1939244 0.8495384 0.4905003 0.1941493 0.9156804 0.3514832 0.1949077 0.9496352 0.3085528 0.05466401 0.9474031 0.2538785 0.1948674 0.9756072 0.1025351 0.1941059 0.9756079 0.1025341 0.1941033 -0.8283146 0.08706331 0.5534575 -0.8283146 0.08706331 0.5534575 -0.7923195 0.2573831 0.553158 -0.7920142 0.2573746 0.553599 -0.7920143 0.2573745 0.5535991 -0.7920143 0.2573745 0.553599 -0.721394 0.4165757 0.5532228 -0.7213649 0.4165413 0.5532866 -0.6190584 0.5573648 0.5532733 -0.6188638 0.5572697 0.5535866 -0.6188638 0.5572696 0.5535866 -0.6188639 0.5572696 0.5535866 -0.4896 0.6738619 0.5533552 -0.4895985 0.6738536 0.5533666 -0.3387828 0.7609205 0.5533773 -0.3387891 0.7609586 0.553321 -0.173202 0.8147616 0.5533214 -0.1731967 0.8148097 0.5532523 0 0.8329977 0.5532764 0 0.8329979 0.5532763 0.1731547 0.8146288 0.5535317 0.1731547 0.8146288 0.5535317 0.1731869 0.8147656 0.5533202 0.3387982 0.7609553 0.5533199 0.3387743 0.7609252 0.5533758 0.4896113 0.6738452 0.5533656 0.4895816 0.6738224 0.5534197 0.6189717 0.5573377 0.5533977 0.6190906 0.5573873 0.5532146 0.7212053 0.4163785 0.5536171 0.7212053 0.4163786 0.5536171 0.7212054 0.4163785 0.5536171 0.7211871 0.416359 0.5536556 0.7211871 0.416359 0.5536555 0.792247 0.2574153 0.5532468 0.792005 0.2573564 0.5536206 0.7920039 0.2573605 0.5536204 0.7920051 0.2573564 0.5536206 0.8282706 0.08705449 0.5535246 0.8282706 0.08705449 0.5535245 0.8282706 0.08705449 0.5535245 0.8281791 0.08704739 0.5536627 0.828179 0.08704733 0.5536627 0.828179 0.08704733 0.5536626 -0.5542342 0.05824458 0.8303206 -0.5305084 0.1723633 0.8299709 -0.5305083 0.1723634 0.8299709 -0.5303283 0.1723122 0.8300966 -0.5303283 0.1723122 0.8300966 -0.5303283 0.1723122 0.8300966 -0.483019 0.2788454 0.8300228 -0.483019 0.2788454 0.8300228 -0.482879 0.2787864 0.8301241 -0.482879 0.2787864 0.8301241 -0.482879 0.2787864 0.8301241 -0.4143654 0.3730828 0.8301269 -0.4143654 0.3730827 0.8301269 -0.4143653 0.3730828 0.8301269 -0.4142897 0.3730971 0.8301583 -0.327892 0.4512615 0.8299699 -0.327892 0.4512615 0.82997 -0.3276436 0.450887 0.8302715 -0.226879 0.5095161 0.8300117 -0.226879 0.5095161 0.8300117 -0.226879 0.5095161 0.8300117 -0.2266871 0.5091701 0.8302764 -0.1159387 0.5454283 0.8301001 -0.1159387 0.5454285 0.8301001 -0.1159387 0.5454285 0.8301001 -0.1159828 0.5456211 0.8299673 -0.1159828 0.545621 0.8299673 -0.1159828 0.5456211 0.8299674 0 0.5578368 0.8299508 0 0.5578368 0.8299508 0 0.5578368 0.8299506 0 0.5574383 0.8302185 0.1159946 0.5456712 0.8299327 0.1159946 0.5456712 0.8299328 0.1159946 0.5456712 0.8299328 0.1158513 0.5451636 0.8302862 0.226688 0.5091692 0.8302767 0.2268009 0.5094207 0.8300916 0.2268009 0.5094206 0.8300916 0.327773 0.4511338 0.8300862 0.327773 0.4511339 0.8300862 0.327773 0.4511339 0.8300863 0.3278333 0.4512315 0.8300094 0.3278334 0.4512314 0.8300094 0.4142854 0.373 0.8302041 0.414134 0.3729098 0.8303201 0.4826297 0.2786646 0.8303101 0.482681 0.2786797 0.8302751 0.5300847 0.1722296 0.8302694 0.5305235 0.1723759 0.8299587 0.5305235 0.1723759 0.8299587 0.5547242 0.05830383 0.8299891 0.5547242 0.05830383 0.8299891 0.5547242 0.05830377 0.8299891 0.554337 0.05826079 0.8302507 -0.1951907 0.02051591 0.9805508 -0.1866613 0.06064099 0.980551 -0.1867071 0.06066513 0.9805408 -0.1697164 0.09802979 0.9806052 -0.1697164 0.09802979 0.9806053 -0.1697164 0.09802985 0.9806053 -0.1699917 0.09814143 0.9805464 -0.1458563 0.1313543 0.9805468 -0.1458359 0.1313294 0.9805532 -0.1153735 0.1587718 0.9805512 -0.1153888 0.1588018 0.9805445 -0.07984054 0.1793319 0.9805435 -0.0798304 0.1792889 0.9805522 -0.04080194 0.1919832 0.9805497 -0.04080301 0.192015 0.9805435 0 0.1963033 0.9805433 0 0.1963033 0.9805433 0.04080492 0.1920149 0.9805434 0.04080104 0.1920055 0.9805454 0.07984125 0.1793287 0.9805441 0.07986307 0.1793648 0.9805357 0.1154245 0.1588472 0.9805329 0.1153887 0.1588125 0.9805428 0.1458794 0.1313591 0.9805428 0.1458678 0.1313519 0.9805454 0.1699988 0.09815037 0.9805443 0.1697304 0.09799683 0.9806061 0.1697304 0.09799683 0.9806061 0.1697304 0.09799683 0.9806061 0.1867062 0.06066417 0.9805411 0.1866939 0.0606625 0.9805436 0.1952326 0.0205186 0.9805424 0.1952313 0.02051872 0.9805426 0 0.9213382 -0.3887624 0 0.9213382 -0.3887624 0 0.9213382 -0.3887624 0.003487467 0.8819532 -0.4713243 0.01033675 0.8876454 -0.4604114 -0.006199181 0.8109229 -0.5851202 0.01438301 0.7729427 -0.6343128 0 0.737245 -0.6756256 0 0.9216498 -0.3880227 -0.003455042 0.8819533 -0.4713243 0 0.737247 -0.6756234 -0.01438301 0.7729427 -0.6343128 0.006215274 0.8109507 -0.5850815 -0.01034206 0.8876745 -0.4603555 0.4610309 0.8873841 0 0.1590155 0.9872762 0 0.1590157 0.9872761 0 0.5556607 0.8314092 0 0.5556512 0.8314155 0 0.1950561 0.9807921 0 0.1950561 0.9807921 0 0.1950562 0.9807922 0 0.1950554 0.9807923 0 0.1950554 0.9807922 0 0.1950554 0.9807922 0 0.633156 0.7740243 0 0.633156 0.7740243 0 0.633156 0.7740243 0 0.6087592 0.7933549 -5.25612e-4 0.6087592 0.7933549 -5.25613e-4 0.6087592 0.7933549 -5.25576e-4 0.5232024 0.8522086 2.1429e-5 0.5232024 0.8522086 2.14031e-5 0.5232024 0.8522086 2.13271e-5 0.4381901 0.8988825 -4.92434e-5 0.4381901 0.8988824 -4.93674e-5 0.4381901 0.8988825 -4.92847e-5 0.2588693 0.96591 -0.00216645 0.1950557 0.9807922 0 0.1950557 0.9807922 0 0.1950557 0.9807922 0 0.2589733 0.6829627 -0.6830043 0.1955356 0.6989014 -0.68797 0.6086825 0.5569024 -0.5651243 0.5556571 0.5878935 -0.5879001 -0.194781 0.9808468 0 -0.1947865 0.9808457 0 -0.5556272 0.8314316 0 -0.5556312 0.831429 0 0 0.6493998 0.7604472 0 0.6493999 0.7604472 0 0.6493998 0.7604472 -0.002465903 0.6083163 0.7936909 0.002062976 0.4885963 0.8725076 -0.004597187 0.3352718 0.9421103 -0.004597187 0.3352718 0.9421103 -0.004597187 0.3352718 0.9421103 -0.01014697 0.2588425 0.9658663 0 0.1449933 0.9894328 -0.05927115 0.2370855 0.9696791 -0.04479682 0.1894001 0.9808776 -0.1465571 0.5781289 0.8026756 -0.1346692 0.538697 0.831667 0.554477 0 0.832199 0.5553103 1.03631e-5 0.8316432 0.1938225 0 0.9810366 0.02080363 0.001788794 0.999782 0.02080321 0.00176388 0.999782 0.02080363 0.001788794 0.999782 0.2156519 -9.93654e-6 0.9764703 0.2156519 -9.95956e-6 0.9764703 0.2156519 -9.98631e-6 0.9764703 0.1446461 0.578601 0.8026822 0.1361603 0.5385911 0.8314928 0.05735951 0.2375773 0.9696737 0.04734593 0.1893787 0.980762 0 0.6491737 0.7606403 0 0.6491737 0.7606402 0 0.6491737 0.7606403 0.002473592 0.6086979 0.7933983 0.002473652 0.6086979 0.7933983 0.002473652 0.6086979 0.7933982 0 0.1449949 0.9894324 0.01014715 0.2588421 0.9658664 0.004589498 0.3349514 0.9422243 -0.002062916 0.4885972 0.872507 0.5556565 0.8314121 0 0.02122825 0.9997747 1.61929e-7 0.02122825 0.9997747 0 0.02122825 0.9997747 0 0.02122879 0.9997746 0 0.02122879 0.9997746 1.43482e-7 0.02122879 0.9997746 0 0.2159077 0.9764138 0 0.2159077 0.9764138 0 0.2159077 0.9764138 0 0.2155809 0.9764861 0 -0.173255 0 0.9848771 -0.3643109 0.001816153 0.9312756 -0.3643109 0.001816034 0.9312756 -0.3643109 0.001816093 0.9312756 -0.1938669 -2.98589e-5 0.9810279 -0.5544762 3.00382e-5 0.8321996 -0.5569113 0 0.830572 -0.5555874 -0.8314582 0 -0.5565828 -0.8307921 -2.08763e-5 -0.1950784 -0.9807876 1.9425e-5 -0.196202 -0.9805636 0 0.6194555 0 0.7850319 0.5544716 0.004138529 0.8321925 0.4012343 -0.002087891 0.9159732 0.193827 0.003495454 0.9810296 0.1368073 0 0.9905978 -0.3706921 -0.7251833 0.5802558 -0.3706921 -0.7251905 0.5802466 -0.3706919 -0.7251906 0.5802466 -0.5555654 -0.6492737 0.519414 -0.5555624 -0.6492698 0.519422 -0.1951344 -0.7658551 0.6126896 -0.0308758 -0.7826654 0.6216765 -0.03087586 -0.7826656 0.6216764 -0.03087586 -0.7826656 0.6216764 -0.2128829 -0.7631105 0.6101993 0 -0.4645389 0.8855528 -8.17201e-4 -0.622825 0.7823609 0 -0.649538 0.7603293 0 0.7741624 0.6329871 5.15191e-4 0.7935198 0.6085444 -2.33001e-5 0.8522832 0.5230808 -2.33431e-5 0.8522832 0.5230808 -2.3318e-5 0.8522832 0.5230808 4.83523e-5 0.8988172 0.4383238 4.82918e-5 0.8988172 0.4383238 5.09054e-5 0.8988172 0.4383238 0.00211817 0.9659329 0.2587839 0 0.980785 0.1950918 0.8821471 0.2410112 0.4046357 0.7915948 0.5532931 0.2593154 0.7888969 -0.08383911 0.6087797 0.8800132 0.09888148 0.464542 0.7786122 0.4147482 0.4709004 0.3843117 -0.5903242 0.7098041 0.3843117 -0.5903242 0.7098041 0.5672031 -0.433199 0.7004423 0.567203 -0.4331989 0.7004423 0.658 0.2885902 0.6955227 0.6407905 0.1796404 0.7464026 0.6445114 -0.08883482 0.7594165 0.6445114 -0.08883482 0.7594165 0.6962972 -0.007024407 0.7177193 0.6585716 -0.1401566 0.7393509 0.6585716 -0.1401565 0.7393509 0.6585715 -0.1401565 0.739351 0.6165291 -0.2222454 0.7553138 0.612165 -0.2620629 0.7460409 0.4971572 -0.454838 0.738889 0.4971572 -0.454838 0.7388891 0.4971573 -0.454838 0.738889 -0.6195827 0 0.7849315 -0.5544718 0.004145681 0.8321922 -0.1368123 0 0.990597 -0.1938727 0.003498077 0.9810205 -0.3271998 -1.95835e-5 0.9449552 -0.3271997 -1.95747e-5 0.9449552 -0.3271997 -1.95947e-5 0.9449552 -0.4549474 4.26536e-5 0.8905183 -0.4549474 4.26346e-5 0.8905183 -0.4549474 4.26218e-5 0.8905183 -0.1950418 0.980795 0 -0.6333091 0.773899 0 -0.5231084 0.8522582 -0.003678381 -0.5544765 0.8321963 -0.002304613 -0.4382886 0.8988344 0 -0.2157404 0.9764509 0 -0.02059543 0.9997404 0.009751975 -0.07541805 0.977992 0.1945352 -0.1803761 0.8840806 0.4311218 -0.180376 0.8840807 0.4311219 -0.1803761 0.8840805 0.4311218 -0.1290091 0.767402 0.6280533 -0.1290091 0.767402 0.6280533 -0.1290091 0.767402 0.6280533 -0.07924789 0.6472272 0.7581666 -0.07924783 0.6472273 0.7581667 -0.07924783 0.6472272 0.7581667 -0.1812172 0.4804805 0.8580785 -0.1681936 0.4882124 0.8563643 -0.166427 0.3303532 0.9290689 -0.166427 0.3303533 0.9290688 -0.166427 0.3303533 0.9290689 -0.2093364 0.1660444 0.9636428 -0.2093364 0.1660444 0.9636429 -0.2093364 0.1660444 0.9636429 -0.1920566 0.1419866 0.9710583 -0.1920566 0.1419865 0.9710583 -0.256851 0.8233994 0.5060051 -0.2591745 0.8216968 0.5075855 -0.2581551 0.8066663 0.5316441 -0.4393741 0.548056 0.7117479 -0.4393554 0.5479292 0.711857 -0.4393554 0.5479292 0.711857 -0.544401 0.1928513 0.8163553 -0.5441114 0.192418 0.8166505 0 0.7935182 0.6085467 -6.92856e-4 0.774159 0.6329909 2.27435e-5 0.8521699 0.5232654 2.10368e-5 0.8521699 0.5232654 2.27845e-5 0.8521699 0.5232654 -4.95971e-5 0.8988202 0.4383177 -4.95922e-5 0.8988201 0.4383177 -4.96152e-5 0.8988202 0.4383177 -0.002879738 0.9807841 0.1950753 0 0.965932 0.2587963 0 -0.6228241 0.7823619 0.005336463 -0.4645259 0.8855435 0 -0.6492826 0.7605473 1.4844e-7 -0.6492826 0.7605474 0 -0.6492826 0.7605474 -0.4189357 0.183831 0.8892127 -0.4189357 0.183831 0.8892127 -0.3105821 -0.007133603 0.9505199 -0.310582 -0.007133603 0.9505199 -0.310582 -0.007133662 0.9505199 -0.2458404 -0.03805905 0.9685629 -0.2289535 -0.4303132 0.8731614 -0.2356095 -0.4514206 0.8606437 -0.1977429 -0.2177248 0.9557687 -0.2287409 -0.2650626 0.9367068 -0.2287409 -0.2650626 0.9367068 -0.2287409 -0.2650626 0.9367068 -0.2428016 -0.05013829 0.9687795 -0.2428016 -0.05013829 0.9687795 -0.2428017 -0.05013829 0.9687794 -0.1867005 -0.5774884 0.7947642 -0.1867005 -0.5774884 0.7947642 -0.1867005 -0.5774884 0.7947642 -0.2112323 -0.5410774 0.8140125 -0.2112322 -0.5410774 0.8140125 -0.2112321 -0.5410774 0.8140125 -0.05490386 -0.6485504 0.7591891 -0.07415485 -0.6160942 0.7841741 -0.03020769 -0.622282 0.7822101 -0.03020775 -0.6222821 0.78221 -0.03020769 -0.6222822 0.7822099 -0.139209 -0.2197865 0.9655644 -0.1333848 -0.2225697 0.9657491 -0.3177125 -0.2368543 0.9181279 -0.3177125 -0.2368541 0.918128 -0.3177125 -0.2368542 0.918128 -0.206759 -0.5908083 0.7798694 -0.2764795 -0.6514509 0.7065202 -0.2764794 -0.6514509 0.7065202 -0.3497066 -0.43103 0.8318163 -0.3497068 -0.4310301 0.8318163 -0.3497068 -0.4310301 0.8318163 -0.3377053 -0.2428702 0.9093785 -0.4450506 -0.2032252 0.8721408 -0.5552756 0 0.8316664 -0.5552789 0 0.8316642 -0.2158288 0 0.9764313 -0.2158288 0 0.9764313 -0.2158288 0 0.9764313 -0.2156891 0 0.9764622 -0.2156891 0 0.9764622 -0.2156891 0 0.9764622 -0.02092415 0 0.9997811 -0.02092415 0 0.9997811 -0.02092415 0 0.9997811 -0.02048635 0 0.9997902 -0.02048635 0 0.9997902 -0.02048635 0 0.9997901 0.1949862 0.980806 0 0.1731842 0.9848887 0.001237392 0.6329997 0.7741521 0 0.5354338 0.8445708 -0.003277003 0.5231516 0.8522351 -0.002804636 0.5231516 0.8522351 -0.002804696 0.5231516 0.852235 -0.002804636 0.438523 0.8987199 -5.23651e-4 0.1944299 0.9780073 0.07549095 0.4310107 0.8841724 0.1801919 0.4310107 0.8841724 0.1801919 0.4310107 0.8841724 0.1801919 0.6279613 0.7674493 0.1291754 0.6279613 0.7674493 0.1291754 0.6279613 0.7674493 0.1291754 0.7580077 0.6473826 0.07949882 0.8580345 0.4804931 0.1813924 0.8580346 0.4804931 0.1813924 0.8580344 0.4804931 0.1813924 0.8561875 0.4883373 0.1687302 0.9290888 0.3303186 0.1663837 0.9290888 0.3303186 0.1663837 0.9290889 0.3303186 0.1663837 0.9637666 0.1657441 0.2090048 0.9710361 0.1422731 0.1919566 0.5060072 0.8233922 0.25687 0.5076215 0.8216717 0.2591837 0.5315808 0.8066994 0.258182 0.7117091 0.548057 0.4394357 0.7115032 0.5482491 0.4395294 0.8163349 0.193039 0.5443652 0.816503 0.1925971 0.5442695 0.8165029 0.1925972 0.5442695 0.8165031 0.1925972 0.5442695 0.5555971 -0.6492528 0.5194063 0.5555853 -0.6492626 0.5194064 0.0307551 -0.7804797 0.6244242 0.0307551 -0.7804798 0.6244241 0.0307551 -0.7804799 0.6244241 0.1950804 -0.7658648 0.6126947 0.370678 -0.7276757 0.577136 0.3706778 -0.7276757 0.577136 0.3706779 -0.7276757 0.577136 0.2125067 -0.7634121 0.6099534 0.2125067 -0.763412 0.6099534 0.2125067 -0.7634121 0.6099534 0.8263116 -0.5003252 0.2586196 0.3655251 -0.6062226 0.7063184 0.3655254 -0.6062222 0.7063186 0.3655253 -0.6062224 0.7063184 0.8798775 0.1395322 0.4542539 0.9574484 -0.1483609 0.2475513 0.7841145 -0.1901994 0.5907527 0.5530369 -0.5864406 0.5918088 0.6779502 -0.3726314 0.6336635 0.6721783 -0.4209659 0.6090682 0.7004675 -0.2762031 0.6580709 0.6070597 -0.2026062 0.7683941 0.6070597 -0.2026062 0.7683941 0.6070597 -0.2026062 0.7683941 0 -0.9335932 0.3583348 0 -0.8604308 0.5095675 0 -0.8604459 0.5095418 -0.5556282 0.8314309 0 -0.02121257 0.9997751 1.82183e-7 -0.02121257 0.9997751 0 -0.02121257 0.999775 0 -0.1719387 0.9850863 -0.006490349 -0.1719387 0.9850863 -0.006490349 -0.1719387 0.9850863 -0.006490409 -0.2170648 0.9761329 0.006887495 -0.3636136 0.9315499 -9.74381e-5 -0.3636136 0.9315499 -9.75354e-5 -0.3636136 0.9315499 -9.74751e-5 -0.5576286 0.8300904 7.70178e-4 0.02060353 0 0.9997878 0.02060353 1.41962e-7 0.9997878 0.02060353 0 0.9997878 0.1731342 -3.04827e-4 0.9848983 0.2158618 3.17885e-4 0.9764239 0.2158618 3.17933e-4 0.9764239 0.2158618 3.1792e-4 0.9764239 0.5368024 -4.10438e-4 0.8437079 0.5368024 -4.10454e-4 0.843708 0.5368024 -4.10442e-4 0.843708 0.5553017 0 0.831649 0.5566406 -0.8307534 0 0.5556194 -0.8314369 -2.12653e-5 0.1961333 -0.9805772 1.93036e-5 0.1950203 -0.9807993 0 -0.6088707 0.5609273 -0.5609252 -0.5548797 0.5855153 -0.5909994 -0.2589704 0.6870881 -0.6788551 -0.1949846 0.6935146 -0.6935551 -0.6088545 0.793282 0 -0.6088545 0.793282 0 -0.6088545 0.7932819 0 -0.6332131 0.7739773 -6.89371e-4 -0.6332132 0.7739773 -6.89366e-4 -0.6332132 0.7739773 -6.8938e-4 -0.5234874 0.8520335 2.11077e-5 -0.4382586 0.898849 -5.04014e-5 -0.4382585 0.898849 -4.99044e-5 -0.4382586 0.898849 -4.9872e-5 -0.1951123 0.9807768 -0.002851963 -0.1951123 0.9807768 -0.002851903 -0.1951123 0.9807768 -0.002851903 -0.2588675 0.9659129 0 -0.07543575 0.9779535 0.1947216 -0.07543581 0.9779534 0.1947216 -0.07543575 0.9779534 0.1947216 -0.1802762 0.8841356 0.4310507 -0.1802762 0.8841356 0.4310507 -0.1290854 0.7674129 0.6280242 -0.1290855 0.7674129 0.6280242 -0.1290854 0.767413 0.6280242 -0.0792393 0.6472268 0.7581681 -0.07923918 0.6472268 0.7581681 -0.07923924 0.6472268 0.7581681 -0.181205 0.4804978 0.8580715 -0.1683797 0.4881229 0.8563786 -0.1664757 0.3304234 0.9290351 -0.1664757 0.3304234 0.9290352 -0.1664757 0.3304234 0.9290351 -0.2092335 0.1659466 0.9636821 -0.2092335 0.1659467 0.9636821 -0.2092335 0.1659466 0.9636821 -0.1918957 0.1422998 0.9710443 -0.2565544 0.8236045 0.5058217 -0.2565544 0.8236045 0.5058217 -0.2565544 0.8236045 0.5058217 -0.2591325 0.8216025 0.5077596 -0.2581362 0.8067429 0.5315371 -0.4394122 0.5482543 0.7115716 -0.439376 0.548155 0.7116705 -0.5443393 0.1927811 0.816413 -0.5441128 0.1924268 0.8166475 0.1945567 0.9779878 0.07541584 0.1945567 0.9779878 0.07541584 0.1945567 0.9779878 0.07541579 0.4310848 0.8841309 0.1802179 0.4310849 0.8841309 0.1802179 0.4310848 0.8841309 0.1802179 0.6279262 0.7674784 0.1291727 0.6279261 0.7674785 0.1291726 0.6279261 0.7674785 0.1291726 0.7580024 0.6474104 0.0793243 0.7580024 0.6474103 0.0793243 0.8580641 0.4804484 0.1813708 0.8580641 0.4804484 0.1813708 0.8580641 0.4804484 0.1813708 0.8563628 0.4880567 0.1686525 0.8563627 0.4880567 0.1686525 0.8563627 0.4880567 0.1686525 0.9291017 0.3302721 0.1664041 0.9291017 0.3302721 0.1664041 0.9291017 0.3302721 0.1664041 0.9637552 0.1658559 0.2089684 0.9710515 0.142303 0.1918569 0.505804 0.8235715 0.2566954 0.505804 0.8235715 0.2566955 0.507504 0.8217581 0.2591399 0.507504 0.821758 0.2591399 0.5312157 0.8069469 0.2581602 0.7115287 0.5482569 0.4394783 0.7117095 0.5480763 0.4394109 0.8165138 0.1926673 0.5442285 0.8165138 0.1926673 0.5442285 0.8165138 0.1926673 0.5442284 0.8163926 0.1924691 0.5444805 0.8163926 0.1924692 0.5444805 0.8163926 0.1924692 0.5444805 -0.9385424 0.3451643 0 -0.9954007 0.0957992 0 -0.9969065 0.07851028 -0.003691196 -0.9707841 0.2399407 0.002604603 -0.9509725 0.3089839 0.0134325 -0.932538 0.3610631 0.002518296 -0.9041714 0.4271698 0 -0.8742982 0.4783676 0.08226305 -0.8443747 0.5357532 0 -0.7603787 0.6492539 0.01714229 -0.8090165 0.5877858 -4.18912e-4 -0.6553655 0.7553119 3.99509e-4 -0.3090136 0.9510576 2.36966e-4 -0.2169286 0.9757595 0.02890348 -0.3238136 0.9460944 0.007091164 -0.4179003 0.9084929 -2.05557e-4 -0.5877763 0.8090236 -2.08199e-5 -0.4922574 0.8699299 0.0300768 -0.5589957 0.8290691 0.01296693 0.1437465 0.9896146 -1.27003e-5 0.06582254 0.9978293 0.002035975 0 0.9999262 0.01215595 -0.06461739 0.9979076 0.002227962 -0.1438922 0.9895933 1.46979e-4 0.2074596 0.9782436 1.93713e-5 0.3089978 0.9510086 0.01015675 0.3221533 0.9466584 0.007422566 0.6560979 0.7546758 2.28941e-4 0.5605815 0.828002 0.0126968 0.5877767 0.8090052 0.005408167 0.4764905 0.8791796 6.26592e-5 0.4178625 0.9085103 1.19023e-6 0.877214 0.4800997 0 0.8298767 0.5579379 0.003160953 0.8089929 0.5877695 0.007586777 0.7501033 0.6613208 8.60736e-6 0.7056363 0.7085742 -9.90744e-6 0.9703968 0.2399421 0.02753096 0.904133 0.4272511 0 0.9325448 0.3610455 0.002522289 0.9385585 0.3451204 0 0.9510427 0.3090131 0.005364358 0.9969104 0.07846087 -0.003684222 0.9954088 0.09571582 0 -0.009903192 -0.1757162 0.9843911 -0.2503622 0.01177567 0.9680807 -0.009904623 -0.1757255 0.9843894 -0.03778749 -0.1725574 0.9842745 -0.03780877 -0.1726106 0.9842643 -0.07234728 -0.1611944 0.9842674 -0.07235628 -0.161206 0.9842649 -0.1038295 -0.1429595 0.9842673 -0.1038165 -0.1429473 0.9842704 -0.1308803 -0.1186566 0.9842718 -0.1309055 -0.1186718 0.9842666 -0.1524404 -0.08933413 0.984267 -0.1523519 -0.08929932 0.9842839 -0.1674044 -0.0562098 0.9842846 -0.1674529 -0.05621749 0.984276 -0.1754137 -0.02072691 0.9842767 -0.1753939 -0.02072775 0.9842801 -0.1759797 0.02019524 0.9841867 -0.08348649 0.002716064 0.9965053 -0.8539749 0.226541 0.4684079 -0.8356673 0.2925685 0.464827 -0.8356672 0.2925685 0.464827 -0.8193207 0.07273936 0.5687025 -0.9349908 0.231094 0.2690496 -0.983716 -0.05661493 0.1705804 -0.983716 -0.05661493 0.1705804 -0.983716 -0.05661493 0.1705804 -0.9800475 0.09424221 0.1750009 -0.9800475 0.09424221 0.1750009 -0.9800475 0.09424221 0.1750009 -0.9868582 0.08761394 0.1357747 -0.9844021 -0.00721538 0.1757856 -0.9844021 -0.00721538 0.1757854 -0.9844021 -0.00721538 0.1757855 -0.9777989 -0.1154995 0.1748408 -0.927422 -0.3603116 -0.10032 -0.927422 -0.3603117 -0.10032 -0.927422 -0.3603116 -0.10032 -0.9495143 -0.2600438 0.1754989 -0.9495143 -0.2600438 0.1754989 -0.9495143 -0.2600438 0.1754989 -0.9777595 -0.1155294 0.1750416 -0.9333592 -0.3132982 0.1751716 -0.9333591 -0.3132982 0.1751716 -0.9333592 -0.3132982 0.1751716 -0.8494429 -0.4979181 0.174712 -0.8494158 -0.4979233 0.1748288 -0.7294575 -0.6613031 0.1748427 -0.7294407 -0.6612776 0.1750093 -0.7294408 -0.6612776 0.1750093 -0.6188769 -0.7656553 0.1753949 -0.587521 -0.8088461 0.02423286 -0.5369165 -0.8252065 0.1753715 -0.4031475 -0.8983128 0.174661 -0.4031534 -0.8983138 0.174642 -0.2107492 -0.9618193 0.1746096 -0.2106531 -0.9617863 0.1749065 -0.2106532 -0.9617864 0.1749066 -0.05551153 -0.9829213 0.1754546 -0.05534088 -0.9829325 0.1754458 -0.05534082 -0.9829325 0.1754458 -0.05534082 -0.9829325 0.1754458 -0.04737091 -0.8413691 0.5383809 -0.0304014 -0.5391394 0.8416678 -0.0304014 -0.5391393 0.8416677 -0.0304014 -0.5391394 0.8416678 -0.03036767 -0.5388656 0.8418443 -0.1157703 -0.5286031 0.8409376 -0.1157463 -0.5285528 0.8409725 -0.2215763 -0.4936621 0.8409529 -0.2215571 -0.4936298 0.8409769 -0.3179992 -0.4378005 0.8409562 -0.3179134 -0.4377304 0.8410252 -0.4008181 -0.3633876 0.841008 -0.4008433 -0.363406 0.840988 -0.4667844 -0.2735782 0.840992 -0.4668847 -0.2736065 0.840927 -0.5130473 -0.1722261 0.8409048 -0.5128811 -0.1722103 0.8410093 -0.5373095 -0.06352239 0.8409897 -0.5374597 -0.06350618 0.8408949 -0.5390627 0.04847508 0.8408696 -0.4269819 0.02182525 0.9039968 -0.04732984 -0.8413178 0.5384647 -0.1805587 -0.8240334 0.5369988 -0.180432 -0.8238464 0.5373282 -0.3453174 -0.7694531 0.5373062 -0.345401 -0.7695297 0.5371426 -0.4957255 -0.6824672 0.5371171 -0.4956982 -0.682451 0.5371629 -0.6248986 -0.5665094 0.5371861 -0.6248302 -0.5664885 0.5372877 -0.7275975 -0.4264971 0.5373103 -0.7277438 -0.4265204 0.5370935 -0.7996296 -0.2684693 0.5371377 -0.799741 -0.268464 0.5369743 -0.837597 -0.09905487 0.5372333 -0.8375968 -0.09905487 0.5372333 -0.8375458 -0.09901839 0.5373198 -0.8405441 0.06596726 0.5377119 -0.5901163 0.04497027 0.8060649 -0.5901163 0.04497021 0.8060649 -0.5901163 0.04497021 0.8060649 0.9876874 -0.1564407 0 0.8910163 -0.4539714 0 0.7070969 -0.7071167 0 0.7070971 -0.7071166 0 0.4539767 -0.8910136 0 0.1564848 -0.9876804 0 -0.1564947 -0.9876789 0 -0.453977 -0.8910135 0 -0.7071065 -0.7071071 0 -0.7071064 -0.7071072 0 -0.8910133 -0.4539772 0 -0.9876796 -0.1564895 0 0.9876867 -0.1564447 0 0.7070966 -0.707117 0 0.7070968 -0.7071167 0 0.4539772 -0.8910133 0 -0.4539774 -0.8910132 0 -0.7071062 -0.7071074 0 -0.987679 -0.1564935 0 -0.156468 -0.9876831 0 -0.1950945 -0.9807551 -0.007598996 -0.3460496 -0.9382162 0 -0.4886079 -0.8725035 0 -0.5555187 -0.8314257 -0.01141619 -0.6494334 -0.7604185 0 -0.7604182 -0.6494337 0 -0.8314252 -0.5555195 -0.01141661 -0.8725032 -0.4886084 0 -0.9382176 -0.3460458 0 -0.9807566 -0.1950868 -0.007599234 -0.9876841 -0.1564613 0 -0.9876834 0.1564658 0 -0.9807564 0.1950883 -0.00759834 -0.938227 0.3460204 0 -0.8724941 0.4886249 0 -0.8314201 0.5555271 -0.01141476 -0.7604253 0.6494255 0 -0.6494355 0.7604167 0 -0.5555135 0.8314293 -0.0114178 -0.1564379 0.9876878 0 -0.1951017 0.9807535 -0.007606387 -0.3461911 0.9381641 0 -0.4885965 0.8725099 0 0.1113353 -0.7027106 -0.7027108 0.1113237 -0.7027174 -0.7027057 0.2447006 -0.6637126 -0.706829 0.3257796 -0.639403 -0.696442 0.3467391 -0.6190767 -0.704639 0.5030806 -0.5030945 -0.7027133 0.4763256 -0.557727 -0.6797459 0.5385235 -0.4599251 -0.706018 0.6339285 -0.3229857 -0.7027196 0.630048 -0.3528308 -0.6917731 0.6636012 -0.2450379 -0.7068167 0.7027208 -0.1113046 -0.7027054 0.7027092 -0.1112486 -0.7027258 0.7027056 0.1112986 -0.7027215 0.7027297 0.1112551 -0.7027043 0.6637001 0.2446971 -0.706842 0.6637001 0.2446971 -0.706842 0.6637001 0.2446971 -0.706842 0.6393759 0.3257747 -0.6964693 0.6190789 0.3467038 -0.7046543 0.5030884 0.5030745 -0.702722 0.5577277 0.4763169 -0.6797514 0.4599225 0.5385179 -0.706024 0.3229854 0.6339291 -0.7027193 0.1113019 0.7027146 -0.702712 0.1112995 0.7027154 -0.7027116 0.2447981 0.6636705 -0.7068347 0.3528703 0.6300414 -0.691759 -0.1564671 -0.9876832 0 -0.195093 -0.9807553 -0.007598936 -0.3460463 -0.9382175 0 -0.4886098 -0.8725025 0 -0.5555192 -0.8314254 -0.01141643 -0.6494323 -0.7604194 0 -0.760419 -0.6494329 0 -0.8314255 -0.5555191 -0.01141655 -0.9382181 -0.3460446 0 -0.9807554 -0.1950929 -0.007598876 -0.9876832 -0.1564675 0 -0.9876832 0.1564675 0 -0.9807584 0.1950779 -0.007595896 -0.9382647 0.3459185 0 -0.8724724 0.4886637 0 -0.8314009 0.5555559 -0.0114125 -0.7604174 0.6494348 0 -0.6494345 0.7604176 0 -0.5555744 0.8313887 -0.01141041 -0.156372 0.9876983 0 -0.1950178 0.9807702 -0.007602632 -0.3460463 0.9382175 0 -0.4887086 0.8724471 0 0.1113237 -0.7027173 -0.7027059 0.2451415 -0.6635365 -0.7068417 0.2451415 -0.6635364 -0.7068417 0.2451415 -0.6635365 -0.7068416 0.32578 -0.6394024 -0.6964424 0.3467408 -0.6190767 -0.7046381 0.5030798 -0.5030943 -0.702714 0.4763272 -0.5577311 -0.6797415 0.5385231 -0.4599233 -0.7060195 0.633929 -0.3229858 -0.7027192 0.6300476 -0.3528305 -0.6917737 0.6635992 -0.2450362 -0.7068192 0.7027201 -0.1113074 -0.7027056 0.7027091 -0.1112531 -0.7027252 0.7027057 0.111298 -0.7027215 0.7027291 0.1112562 -0.7027047 0.6636239 0.2449439 -0.7068281 0.6393845 0.3257653 -0.6964657 0.6190569 0.3467277 -0.704662 0.5030683 0.5030817 -0.7027312 0.5577202 0.4763199 -0.6797556 0.4599184 0.5385159 -0.7060281 0.3229882 0.633923 -0.7027235 0.1112542 0.7027171 -0.702717 0.1112915 0.7027246 -0.7027037 0.2451378 0.6635283 -0.7068506 0.2451378 0.6635282 -0.7068506 0.3529646 0.6300221 -0.6917284 -0.111297 0.7027137 -0.7027137 -0.1112573 0.702736 -0.7026976 -0.2447893 0.6636888 -0.7068206 -0.32578 0.6394025 -0.6964424 -0.3467665 0.6190506 -0.7046484 -0.5030878 0.5030878 -0.7027128 -0.4763283 0.55773 -0.6797415 -0.5385282 0.4599286 -0.7060121 -0.633939 0.3229965 -0.7027052 -0.6300505 0.3528853 -0.691743 -0.6635099 0.2451298 -0.7068707 -0.6635099 0.2451298 -0.7068706 -0.6635099 0.2451298 -0.7068706 -0.7027142 0.1113349 -0.7027071 -0.7027118 0.1113222 -0.7027115 -0.7027102 -0.1113412 -0.7027102 -0.7027198 -0.1113238 -0.7027034 -0.6636888 -0.2447898 -0.7068204 -0.6394028 -0.3257799 -0.6964421 -0.6191094 -0.3467062 -0.7046264 -0.5030974 -0.5030984 -0.7026984 -0.5577439 -0.4763388 -0.679723 -0.4599359 -0.5385386 -0.7059995 -0.3230004 -0.6339476 -0.7026956 -0.1113228 -0.7027114 -0.7027119 -0.1113435 -0.7027159 -0.7027041 -0.2447895 -0.6636894 -0.7068201 -0.3528434 -0.6300659 -0.6917504 0.156372 0.9876983 0 0.1950027 0.9807733 -0.007599651 0.3462339 0.9381483 1.4948e-7 0.3462339 0.9381483 0 0.3462339 0.9381483 0 0.4887645 0.8724159 0 0.5556109 0.8313643 -0.01140612 0.6494345 0.7604176 0 0.7604174 0.6494348 0 0.8314013 0.5555554 -0.01141256 0.8724727 0.488663 0 0.9381362 0.3462668 0 0.9807579 0.1950798 -0.007614731 0.9876983 0.156372 0 0.9876983 -0.156372 0 0.9807549 -0.1950948 -0.007617652 0.9380896 -0.346393 0 0.8725036 -0.4886077 0 0.8314258 -0.5555185 -0.01141667 0.760419 -0.6494329 0 0.6494323 -0.7604194 0 0.5555558 -0.8314011 -0.0114122 0.1564671 -0.9876832 0 0.195078 -0.9807584 -0.007595777 0.3462339 -0.9381483 0 0.3462339 -0.9381483 0 0.3462339 -0.9381483 0 0.4886656 -0.8724712 0 -0.1113065 0.7027143 -0.7027115 -0.1113025 0.7027183 -0.7027082 -0.2448903 0.6636456 -0.7068262 -0.325769 0.6393913 -0.6964577 -0.3466907 0.6191019 -0.7046407 -0.5031045 0.5030773 -0.7027084 -0.4763374 0.5577389 -0.6797279 -0.5385396 0.4599273 -0.7060043 -0.6339393 0.3230102 -0.7026987 -0.6300544 0.3528505 -0.6917572 -0.6636897 0.2447706 -0.7068262 -0.7027147 0.1113358 -0.7027065 -0.7027121 0.1113209 -0.7027115 -0.7027106 -0.1113384 -0.7027102 -0.7027209 -0.1113195 -0.7027028 -0.6636899 -0.2447912 -0.706819 -0.6394025 -0.3257797 -0.6964424 -0.6191096 -0.3467064 -0.7046262 -0.5030977 -0.5030983 -0.7026983 -0.5577425 -0.4763389 -0.679724 -0.4599368 -0.5385377 -0.7059995 -0.3230006 -0.6339479 -0.7026954 -0.1113235 -0.7027117 -0.7027114 -0.1113429 -0.7027156 -0.7027044 -0.2447946 -0.663687 -0.7068205 -0.3528413 -0.630066 -0.6917513 0.1564378 0.9876878 0 0.1950866 0.9807565 -0.007603168 0.3460637 0.938211 0 0.4886523 0.8724786 0 0.55555 0.8314048 -0.01141387 0.6494355 0.7604167 0 0.7604253 0.6494255 0 0.8314205 0.5555266 -0.01141506 0.8724945 0.4886242 0 0.9380986 0.3463687 0 0.9807558 0.1950901 -0.007617175 0.9876985 0.1563702 0 0.9876992 -0.1563658 0 0.9807561 -0.1950888 -0.007618069 0.9380891 -0.3463942 0 0.8314256 -0.5555188 -0.01141661 0.7604182 -0.6494337 0 0.6494334 -0.7604185 0 0.5555552 -0.8314014 -0.01141196 0.156468 -0.9876831 0 0.1950794 -0.9807581 -0.007596075 0.3459223 -0.9382632 0 0.4886637 -0.8724723 0 -0.9876806 0.1564837 0 -0.8910133 0.4539772 0 -0.7071069 0.7071067 0 -0.7071068 0.7071068 0 -0.4539774 0.8910132 0 -0.1564316 0.9876888 0 0.1564217 0.9876903 0 0.4539772 0.8910133 0 0.7070975 0.7071161 0 0.7070972 0.7071164 0 0.8910163 0.4539714 0 0.9876883 0.1564349 0 -0.9876804 0.1564846 0 -0.8910055 0.4539925 0 -0.7071256 0.707088 0 -0.7071257 0.7070879 0 -0.4539716 0.8910161 0 -0.1564447 0.9876867 0 -0.1564448 0.9876867 0 0.1564348 0.9876883 0 0.1564349 0.9876883 0 0.4539714 0.8910163 0 0.7071163 0.7070974 0 0.7071161 0.7070974 0 0.8910085 0.4539867 0 0.9876881 0.1564359 0 0.9647058 0.2385367 0.1115483 0.05534076 -0.9829279 0.1754712 0.05529987 -0.9829368 0.1754344 0.05529993 -0.9829368 0.1754344 0.05529981 -0.9829369 0.1754344 0.2107046 -0.96171 0.1752639 0.2106186 -0.9618479 0.1746101 0.4031833 -0.8982977 0.1746556 0.4031881 -0.8982951 0.1746583 0.5367186 -0.8252699 0.1756783 0.5367185 -0.8252699 0.1756783 0.5874633 -0.8088916 0.02410817 0.618867 -0.7656418 0.175489 0.7294859 -0.6611986 0.1751193 0.7294859 -0.6611986 0.1751192 0.7294859 -0.6611986 0.1751193 0.7294698 -0.661278 0.1748865 0.849432 -0.4978792 0.1748762 0.8494313 -0.497888 0.1748545 0.9176629 -0.3565077 0.1754912 0.9476979 -0.318143 0.02556639 0.9494651 -0.2602226 0.1755003 0.9777919 -0.1155648 0.1748368 0.9777904 -0.1155631 0.1748461 0.8823223 0.1308513 0.4520901 0.9543747 0.2415961 0.1755 0.980731 0.0871191 0.1748627 0.9865576 0.09486478 0.1330595 0.9844089 -0.00719124 0.1757481 0.5503925 0.04468327 0.8337095 0.2190638 0.007115185 0.9756847 0.1756534 -0.009211599 0.984409 0.175453 -0.02073651 0.9842694 0.175452 -0.02073603 0.9842697 0.1674904 -0.05623066 0.9842689 0.1674793 -0.05622684 0.9842709 0.1524126 -0.08933228 0.9842714 0.1524313 -0.08934605 0.9842673 0.1309117 -0.1186659 0.9842665 0.130904 -0.1186644 0.9842677 0.1038284 -0.1429629 0.9842669 0.103827 -0.14296 0.9842675 0.07235473 -0.1612055 0.984265 0.07235038 -0.1611958 0.9842669 0.03779965 -0.172613 0.9842643 0.03779655 -0.1725573 0.9842741 0.009902 -0.1757243 0.9843897 0.009902656 -0.1757186 0.9843906 0.5390104 0.04062318 0.8413189 0.5372925 -0.06350088 0.8410021 0.537292 -0.0635004 0.8410024 0.5128666 -0.1721845 0.8410234 0.5128675 -0.1721869 0.8410225 0.4670416 -0.2738007 0.8407767 0.4670417 -0.2738007 0.8407767 0.4670416 -0.2738008 0.8407767 0.4670361 -0.273706 0.8408105 0.467036 -0.273706 0.8408105 0.467036 -0.273706 0.8408105 0.4010817 -0.3635652 0.8408055 0.4010832 -0.3635632 0.8408057 0.4010832 -0.3635632 0.8408057 0.4009917 -0.3635237 0.8408664 0.4009917 -0.3635237 0.8408664 0.3178849 -0.4376921 0.8410558 0.3180567 -0.4379468 0.8408583 0.3180567 -0.4379468 0.8408582 0.2216521 -0.4939258 0.8407781 0.2216521 -0.4939258 0.8407781 0.2215712 -0.4936628 0.8409539 0.1157591 -0.5285468 0.8409745 0.1157576 -0.5286089 0.8409357 0.03031086 -0.5388703 0.8418433 0.03035575 -0.5387441 0.8419224 0.836075 0.2824337 0.4703295 0.8197265 0.07281631 0.5681075 0.840682 0.06615954 0.5374727 0.8376959 -0.09900683 0.5370877 0.8376908 -0.09900444 0.5370962 0.7996649 -0.26845 0.5370947 0.799709 -0.2684856 0.5370113 0.7277885 -0.4265843 0.5369822 0.7277386 -0.4265165 0.5371037 0.6249331 -0.5665295 0.5371248 0.6249442 -0.5665509 0.5370892 0.4956873 -0.6825206 0.5370844 0.4956789 -0.682496 0.5371235 0.3453933 -0.7695407 0.5371317 0.3453866 -0.769419 0.5373104 0.1804619 -0.8240933 0.5369393 0.1804619 -0.8240933 0.5369393 0.1804618 -0.8240933 0.5369393 0.1804679 -0.8240078 0.5370686 0.04736679 -0.841305 0.5384815 0.04732549 -0.8413687 0.5383855 0.9999734 -0.007298588 0 0.9876844 -0.1564403 0.002407133 0.9929692 -0.1173568 0.01548236 0.8909457 -0.4539354 0.0125969 0.9321294 -0.3621255 0 0.9644331 -0.2643269 0 0.7070456 -0.7070654 0.01204997 0.740889 -0.6716274 5.76222e-4 0.8627233 -0.505676 -5.57296e-4 0.4539436 -0.8909485 0.01208442 0.5452808 -0.8382535 0 0.6286217 -0.7777113 0 0.1564725 -0.9876025 0.0125637 0.2139048 -0.9768545 -4.99851e-4 0.4094809 -0.9123185 5.53416e-4 -0.1564823 -0.9876009 0.01256138 -0.05638635 -0.998409 0 0.05637645 -0.9984097 0 -0.4539438 -0.8909482 0.01209461 -0.4094445 -0.9123348 5.53367e-4 -0.213905 -0.9768544 -4.99851e-4 -0.7070551 -0.7070558 0.01205164 -0.6286209 -0.7777119 0 -0.5453701 -0.8381954 0 -0.8909426 -0.4539409 0.01261126 -0.8627024 -0.5057116 -5.51312e-4 -0.7408885 -0.6716278 5.81574e-4 -0.9999735 -0.007297337 0 -0.9999735 -0.007297337 0 -0.9999735 -0.007297337 0 -0.9930902 -0.1173407 0.001760601 -0.9876151 -0.1564792 0.01143157 -0.9644109 -0.2644081 0 -0.9321705 -0.3620197 0 0.1912028 0.1639069 0.9677686 0.1687084 0.4879621 0.8564056 0.1687084 0.4879621 0.8564055 0.1663646 0.3304294 0.929053 0.1663646 0.3304294 0.929053 0.1663646 0.3304294 0.9290529 0.2146475 0.1416068 0.9663715 0.1291671 0.7674713 0.6279361 0.129167 0.7674713 0.6279361 0.1291671 0.7674713 0.6279361 0.07917922 0.6473925 0.7580328 0.07917916 0.6473925 0.7580329 0.0791791 0.6473924 0.7580329 0.1811768 0.4805189 0.8580656 0.2593278 0.8231878 0.5050852 0.2593279 0.8231878 0.5050852 0.2588313 0.8215084 0.5080654 0.1802591 0.8842002 0.4309257 0.1802589 0.8842002 0.4309257 0.1802591 0.8842002 0.4309256 0.07559144 0.9780296 0.1942788 0.2581625 0.8069431 0.5312203 0.4395521 0.5481121 0.7115948 0.4393438 0.5482378 0.7116267 0.5443782 0.1926293 0.8164229 0.5440485 0.192945 0.8165683 -0.9677258 0.1640911 0.1912612 -0.8564125 0.4879096 0.1688249 -0.9292011 0.3299387 0.1665108 -0.9663024 0.1414861 0.2150384 -0.6276428 0.767707 0.1291923 -0.7580456 0.6473761 0.07919162 -0.8580465 0.4805282 0.1812428 -0.505299 0.8230915 0.2592172 -0.505299 0.8230914 0.2592172 -0.505299 0.8230915 0.2592172 -0.5080196 0.821557 0.2587669 -0.4310666 0.8841422 0.1802057 -0.4310667 0.8841422 0.1802057 -0.1942242 0.978036 0.07564866 -0.5316022 0.8066934 0.258157 -0.5316022 0.8066934 0.2581571 -0.5316022 0.8066933 0.258157 -0.7116861 0.5478814 0.4396919 -0.7117752 0.548214 0.4391327 -0.8165079 0.1925016 0.544296 -0.8165958 0.1923567 0.5442153 -0.8165957 0.1923567 0.5442153 -0.9894521 0.1448605 0 -0.9659228 0.2588148 -0.00283724 -0.7604376 0.649411 0 -0.7934787 0.6085977 -6.95144e-4 -0.8724997 0.4886144 5.72749e-4 -0.9422382 0.3349412 -0.001284778 -0.9422382 0.3349412 -0.001284718 -0.9422382 0.3349412 -0.001284718 -0.6066303 0.7911552 -0.07793211 -0.2577032 0.9615696 -0.09472656 -0.2576683 0.9615797 -0.09471803 -0.2576904 0.9246239 -0.2804754 -0.2576639 0.9246334 -0.2804685 -0.2576373 0.8521861 -0.4554141 -0.2576382 0.8521842 -0.455417 -0.9656145 0.2587257 -0.02549093 -0.7920608 0.607501 -0.05985355 -0.257628 0.7469273 -0.6129662 -0.2578105 0.7468594 -0.6129721 -0.6070225 0.6142783 -0.5041685 -0.7061737 0.7026454 -0.08722484 -0.7054061 0.6782859 -0.2057438 -0.7054102 0.6782812 -0.2057455 -0.7053995 0.62514 -0.3340831 -0.705471 0.625064 -0.3340746 -0.7062391 0.5584241 -0.4351885 -0.791831 0.472119 -0.3874372 -0.9656141 0.2587267 -0.02549231 -0.9656146 0.2487847 -0.07546269 -0.9655973 0.2488521 -0.07546234 -0.9656001 0.2293327 -0.1225683 -0.9656226 0.229248 -0.1225501 -0.9656223 0.2009456 -0.1649082 -0.965621 0.2009514 -0.1649078 -0.9659354 0.1829883 -0.182987 -0.981359 0.1410611 -0.1305242 -0.7932407 0.4266302 -0.4344605 -0.8315409 0.3927685 -0.3927757 -0.8315409 0.3927685 -0.3927757 0.1348835 -0.8525699 0.5049071 0.1940664 -0.8251179 0.5305833 0.7155469 -0.6187803 0.3241969 0.715547 -0.6187801 0.3241969 0.715547 -0.6187801 0.3241971 0.5555227 -0.6396406 0.5312763 0.5555227 -0.6396406 0.5312762 0.4227227 -0.8239402 0.3773964 0.4227228 -0.8239402 0.3773964 0.4227227 -0.8239402 0.3773964 0.3885009 -0.8356611 0.3882496 0.3885009 -0.8356611 0.3882496 0.1434143 -0.9792127 0.1434395 0.978909 -0.1910195 0.07244831 0.8892411 -0.4322432 0.1497204 0.8892411 -0.4322432 0.1497206 0.8892411 -0.4322432 0.1497205 0.8267629 -0.5455917 0.1370868 0.09552842 -0.9294162 0.3564546 0.09552842 -0.9294162 0.3564546 0.09552842 -0.9294162 0.3564546 0.1031738 -0.9805508 0.1669591 0.7919396 -0.579716 0.1917321 0.7664043 -0.6086288 0.2054155 0.6958895 -0.6935485 0.1863555 0.6958914 -0.6935469 0.1863542 0.69589 -0.6935483 0.1863546 0.5513887 -0.8205552 0.1505321 0.5504188 -0.8217839 0.1473451 0.5504188 -0.8217839 0.1473451 0.1958642 -0.9792236 0.05252212 0.7082968 -0.7059148 -9.20356e-7 0.7082974 -0.7059142 -6.82607e-7 0.708298 -0.7059136 0 0.8314145 -0.5556527 -3.53965e-5 0.8346433 -0.550791 6.34087e-5 0.9808433 -0.1947985 -5.63333e-5 0.9814891 -0.1915183 0 0.8313108 0 0.5558078 0.8313108 0 0.5558078 0.8313108 0 0.5558078 0.8315764 0 0.5554106 0.980836 0 0.1948354 0.9807707 0 0.195164 0.9807707 0 0.195164 0.9807707 0 0.195164 -0.8314459 0.5556058 0 -0.8314482 0.5556024 0 -0.980779 0.1951221 0 -0.980778 0.1951268 0 -0.1960534 -0.9798175 0.03899621 -0.5257487 -0.4125753 0.7438884 -0.5257487 -0.4125753 0.7438884 -0.5257486 -0.4125753 0.7438885 -0.9788655 -0.1911047 0.07281047 -0.193275 -0.8442003 0.4999707 -0.1095449 -0.9798819 0.1668279 -0.1110172 -0.9798156 0.1662425 -0.4705809 -0.8244202 0.3144598 -0.4705809 -0.8244203 0.3144598 -0.1662653 -0.9798184 0.1109589 -0.5532003 -0.8257363 0.1101325 -0.5540317 -0.8247132 0.1135651 -0.7013928 -0.6989476 0.1397157 -0.8072178 -0.5679804 0.1606173 -0.8271092 -0.5456402 0.1347849 -0.8341917 -0.5338381 0.1383512 -0.8341918 -0.5338381 0.1383512 -0.8341918 -0.5338381 0.1383513 -0.8893004 -0.43212 0.1497237 -0.07116329 -0.9313352 0.3571422 -0.07116329 -0.9313353 0.3571422 -0.07116335 -0.9313352 0.3571422 -0.1182775 -0.7939174 0.5964106 -0.2993422 -0.8423462 0.4481598 -0.3791152 -0.8292713 0.4105858 -0.470705 -0.8243842 0.3143686 -0.6177929 -0.6692507 0.4128382 -0.617793 -0.6692508 0.4128383 -0.7698909 -0.5727905 0.2813878 -0.7698909 -0.5727906 0.2813878 -0.769891 -0.5727906 0.2813878 0 -0.9858142 0.167841 0 -0.9858142 0.167841 0.1334601 -0.21996 0.9663364 0.2092158 -0.6429722 0.7367603 0.2092158 -0.6429721 0.7367603 0.2964008 -0.6018309 0.7415835 0.3496986 -0.4310773 0.8317953 0.3496986 -0.4310773 0.8317953 0.3496985 -0.4310773 0.8317953 0.03022098 -0.622262 0.7822256 0.03022098 -0.622262 0.7822256 0.03022098 -0.622262 0.7822256 0.0741707 -0.6160703 0.7841914 0.138826 -0.2231125 0.9648565 0.336975 -0.2380866 0.9109131 0.336975 -0.2380866 0.9109131 0.336975 -0.2380866 0.9109132 0.3929707 -0.2019684 0.8970969 0.8998399 -0.3406362 0.2724981 0.8998399 -0.3406414 0.2724916 0.9808416 -0.1521169 0.1216974 0.9808399 -0.1521276 0.121698 0.831493 -0.4338006 0.3470396 0.7222671 -0.537706 0.4349743 0.7222672 -0.5377059 0.4349743 0.7222671 -0.5377059 0.4349742 0.8104611 -0.4567397 0.3667991 0.1912068 0.1638987 0.9677693 0.16821 0.4881899 0.8563739 0.1664137 0.330315 0.9290848 0.1664137 0.330315 0.9290848 0.1664137 0.330315 0.9290848 0.2146552 0.1415926 0.9663719 0.1291508 0.7674382 0.6279798 0.1291509 0.7674382 0.6279799 0.1291508 0.7674382 0.6279799 0.07922267 0.6472409 0.7581576 0.07922267 0.6472409 0.7581576 0.07922273 0.6472409 0.7581577 0.1811969 0.4804836 0.8580811 0.2592186 0.8231217 0.5052488 0.2592185 0.8231218 0.5052488 0.2592186 0.8231219 0.5052488 0.2588304 0.8216039 0.5079115 0.1798915 0.8843737 0.4307228 0.07541096 0.9779921 0.1945371 0.2581776 0.80669 0.5315972 0.4393454 0.5482436 0.7116211 0.4396029 0.5480766 0.7115908 0.5444379 0.1926208 0.816385 0.5440521 0.1930165 0.816549 0.7603907 0.649466 0 0.8302806 0.55734 -0.00248605 0.9894351 0.1449765 0 0.9804137 0.1969406 -0.001914381 0.9804137 0.1969406 -0.001914381 0.9804137 0.1969406 -0.001914381 0.9422037 0.3350407 0 0.9422037 0.3350407 0 0.9422037 0.3350406 0 0.8725051 0.488605 0 -0.8316084 0 0.5553625 -0.831609 0 0.5553616 -0.9807779 0 0.1951273 -0.9807781 0 0.1951265 -0.6722962 -0.4208826 0.6089956 -0.6722962 -0.4208826 0.6089956 -0.3654844 -0.606218 0.7063434 -0.3654851 -0.6062178 0.7063432 -0.3654848 -0.6062175 0.7063437 -0.6408827 -0.5646043 0.5200879 -0.4720057 -0.2221786 0.8531398 -0.826374 -0.5003728 0.2583275 -0.9670657 -0.04613524 0.250311 -0.9073883 -0.1673178 0.3855535 -0.7838529 -0.1904954 0.5910044 -0.7838529 -0.1904953 0.5910044 -0.7838529 -0.1904953 0.5910044 -0.7005729 -0.2761639 0.657975 -0.6069979 -0.202593 0.7684463 -0.6069979 -0.202593 0.7684463 -0.6069979 -0.202593 0.7684463 -0.5088958 -0.4377081 0.7412401 -0.5150845 -0.483713 0.7076084 -0.5150846 -0.483713 0.7076084 -0.5150845 -0.483713 0.7076084 -0.3842507 -0.5903087 0.7098501 -0.3842507 -0.5903086 0.7098501 -0.3842507 -0.5903086 0.7098501 -0.7483967 0.2771168 0.602585 -0.8687916 0.2452216 0.4301949 -0.8386836 0.5085239 0.19497 -0.8850718 0.3143987 0.3432222 -0.8850718 0.3143987 0.3432222 -0.8850718 0.3143987 0.3432222 -0.8372989 0.2709607 0.4748799 -0.8797204 0.0991252 0.4650443 -0.7890737 -0.08399105 0.6085296 -0.7890738 -0.08399105 0.6085296 -0.7890738 -0.08399105 0.6085296 -0.6038324 0.1815347 0.7761648 -0.6438995 0.1428837 0.7516501 -0.6438995 0.1428837 0.75165 -0.6481098 -0.007258117 0.7615124 -0.6748425 -0.08824998 0.7326661 -0.6284276 -0.2213824 0.7457001 -0.6234269 -0.09795504 0.7757214 -0.6234269 -0.09795498 0.7757214 -0.6234269 -0.09795498 0.7757215 -0.6122062 -0.2623079 0.7459211 -0.6122062 -0.2623079 0.745921 -0.6122062 -0.2623079 0.745921 0 -0.2719426 0.9623135 0.001128494 -0.2219467 0.9750582 0 -0.05217963 0.9986378 0 0.1449762 0.9894352 -0.00286144 0.2588557 0.9659119 0 0.6492648 0.7605625 0 0.6492648 0.7605625 0 0.6492648 0.7605625 -6.91774e-4 0.608464 0.7935813 5.85921e-4 0.4885742 0.8725222 -0.00128436 0.3354232 0.9420667 -0.1267942 0.7871068 0.6036441 -0.8824019 0.4292765 0.1925842 -0.8600945 0.4409841 0.2564579 -0.6925582 0.6745195 0.255708 -0.6925717 0.6744439 0.2558712 -0.445691 0.8578596 0.2558056 -0.4456537 0.8579099 0.2557021 -0.1537501 0.9544473 0.2557173 -0.1537454 0.9544464 0.2557234 -0.04166871 0.2586311 0.9650771 -0.09756255 0.6055654 0.7897924 -0.1412622 0.6953713 0.7046303 -0.3280541 0.6314379 0.7026143 -0.3280492 0.6314774 0.702581 -0.5097883 0.4965096 0.7025626 -0.5098021 0.4965668 0.7025121 -0.8085994 0.3934172 0.4374814 -0.7167885 0.3487459 0.6038135 -0.6250265 0.336124 0.7045301 -0.5517185 0.2683908 0.7896664 -0.4017081 0.1954215 0.8946738 -0.4017081 0.1954215 0.8946737 -0.4017081 0.1954215 0.8946737 -0.04166537 0.2586338 0.9650766 -0.1207685 0.2324705 0.9650764 -0.1207678 0.2324565 0.9650799 -0.187643 0.182772 0.9650827 -0.1876399 0.1827582 0.9650859 -0.2219379 0.1342522 0.9657743 -0.1777766 0.08647632 0.9802639 -0.8604475 0.4707868 0.1949098 -0.183642 0.06754982 0.9806695 -0.1742913 0.088732 0.9806882 -0.1743621 0.08879482 0.9806699 -0.4057204 0.206617 0.8903373 -0.1835966 0.06750982 0.9806807 -0.4154813 0.1527686 0.8966811 -0.4154831 0.1527628 0.8966813 -0.4154813 0.1527685 0.8966813 -0.5272656 0.1793004 0.8305675 -0.5272656 0.1793004 0.8305675 -0.5718572 0.2103174 0.7929351 -0.7807738 0.287072 0.5549613 -0.7807739 0.2870719 0.5549613 -0.7807739 0.2870719 0.5549612 -0.5405988 0.3029006 0.7848594 -0.495346 0.2521859 0.8312849 -0.7073961 0.3602807 0.6081024 -0.7073962 0.3602808 0.6081024 -0.7073962 0.3602807 0.6081025 -0.7351012 0.3902139 0.5544001 -0.7351012 0.3902139 0.5544 -0.7351012 0.390214 0.5544001 -0.7997235 0.4071945 0.4411745 -0.8740469 0.4450377 0.194894 -0.8990776 0.4247655 0.105989 -0.7519021 0.2536546 0.6085249 -0.8421867 0.3096439 0.4414095 -0.9205752 0.3384635 0.1948948 -0.9205819 0.3384214 0.1949358 -0.9205819 0.3384214 0.1949357 -0.9205819 0.3384213 0.1949357 -0.9677238 0.1639953 0.191354 -0.8563892 0.4880104 0.1686519 -0.9290744 0.3303463 0.1664092 -0.9663015 0.1414688 0.2150536 -0.6279956 0.7674238 0.1291605 -0.7581001 0.6473053 0.07924765 -0.8580392 0.4805361 0.1812565 -0.5052093 0.8231275 0.2592771 -0.5078805 0.8216431 0.2587665 -0.4311096 0.8841157 0.1802335 -0.1944862 0.9779998 0.07544428 -0.5315675 0.8067104 0.2581756 -0.7117198 0.5480186 0.4394662 -0.7117343 0.5480498 0.4394039 -0.8165575 0.1924713 0.5442324 -0.8165451 0.1925644 0.544218 -0.816545 0.1925643 0.544218 -0.9807879 0.1950773 0 -0.9894505 0.1448481 -0.002609908 -0.9422052 0.3350366 0 -0.8314677 0.5555731 0 -0.8724817 0.488629 -0.004197239 -0.760496 0.6493427 0 -0.968096 0 0.2505799 -0.9809851 -0.006432652 0.1939771 -0.7984723 0.005040287 0.6020106 -0.7984723 0.005040287 0.6020106 -0.7984723 0.005040287 0.6020106 -0.8322753 0 0.5543626 0.2347411 -0.5829584 0.7778536 0.234741 -0.5829585 0.7778536 0.234741 -0.5829585 0.7778536 0.05492472 -0.6485512 0.7591869 0.1940615 -0.5542638 0.8094022 0.1940615 -0.5542638 0.8094022 0.2231756 -0.4528608 0.8631974 0.2327335 -0.4305484 0.8720454 0.2064852 -0.266085 0.9415746 0.4838769 0.1839781 0.855579 0.4838768 0.1839781 0.8555789 0.4838768 0.1839781 0.8555789 0.2224796 0.1323339 0.9659144 0.2616757 -0.05005586 0.9638571 0.2616757 -0.05005586 0.9638571 0.2616757 -0.05005586 0.9638571 0.2442089 -0.007061302 0.9696969 0.2326726 -0.2198717 0.9473753 0.2310509 0.1176537 0.9658018 0.2310494 0.1176536 0.9658023 0.457091 0.232647 0.8584539 0.457091 0.232647 0.858454 0.457091 0.2326469 0.858454 0.628269 0.326154 0.7063298 0.6384401 0.3256689 0.6973766 0.2433525 0.08948016 0.9658017 0.2433496 0.08948045 0.9658023 0.6642295 0.2442344 0.7065045 0.6642255 0.2442367 0.7065076 0.9066931 0.3333913 0.258376 0.9066836 0.333399 0.2583991 0.8733484 0.4127058 0.2587211 0.868146 0.441353 0.2270022 0.8470516 0.4635904 0.2599761 0.2355622 0.1145999 0.9650789 0.6398911 0.3113064 0.7025865 0.8693387 0.4229202 0.2557124 0.869328 0.422928 0.2557359 0.6925616 0.6745066 0.2557331 0.6925575 0.6745069 0.2557433 0.4457005 0.8578739 0.255741 0.4456906 0.8578781 0.2557444 0.1537271 0.9544419 0.255751 0.1537423 0.9544488 0.2557165 0.1267883 0.7871108 0.6036401 0.6399106 0.3113046 0.7025695 0.5097889 0.4964995 0.7025693 0.5097475 0.4964903 0.7026057 0.3280533 0.6314469 0.7026065 0.3280702 0.6314545 0.7025918 0.1412534 0.6953821 0.7046214 0.09755265 0.6055684 0.7897915 0.2355716 0.1145991 0.9650768 0.1876608 0.1827833 0.9650771 0.1876658 0.1827821 0.9650763 0.1207777 0.2324649 0.9650766 0.1207733 0.2324655 0.9650771 0.04166436 0.2586318 0.9650771 0.0416603 0.2586314 0.9650774 0 0.1449764 0.9894351 0.002792894 0.2588549 0.9659122 0.001265823 0.3349735 0.9422267 0.001265764 0.3349735 0.9422268 0.001265823 0.3349735 0.9422267 -5.71798e-4 0.4885752 0.8725217 6.75199e-4 0.6084653 0.7935802 0 0.6494034 0.7604442 0 0.6494034 0.7604442 0 0.6494034 0.7604442 0 -0.05184429 0.9986553 0 -0.05184429 0.9986553 0 -0.05184429 0.9986553 -0.001113295 -0.2222748 0.9749834 -0.001113355 -0.2222748 0.9749835 -0.001113355 -0.2222748 0.9749835 0 -0.2719417 0.9623138 -0.7461683 -0.2621707 0.6119636 -0.7461683 -0.2621707 0.6119636 -0.3922977 -0.6033996 0.6942704 -0.3922977 -0.6033997 0.6942704 -0.3922978 -0.6033996 0.6942704 -0.1332563 -0.7355247 0.6642637 -0.1332563 -0.7355247 0.6642637 -0.1332563 -0.7355247 0.6642637 -0.108622 -0.7471991 0.6556637 -0.1121133 -0.7335649 0.6703084 -0.1069052 -0.7264122 0.6788936 -0.09863293 -0.7163065 0.6907798 -0.07197415 -0.6983091 0.7121687 -0.08678108 -0.7042996 0.7045788 -0.04493999 -0.6826813 0.729333 0.00874108 -0.6797136 0.7334256 0.00874108 -0.6797136 0.7334256 0.00874114 -0.6797135 0.7334256 -0.01512044 -0.6800683 0.7329928 0.06819158 -0.6947229 0.7160378 0.0973888 -0.7120733 0.6953181 0.08996081 -0.7078077 0.7006536 0.10031 -0.7190021 0.6877311 0.112133 -0.7240549 0.6805664 0.1079023 -0.7383276 0.6657547 0.1065215 -0.7387819 0.6654732 0.3194198 -0.6158182 0.7202354 0.3194198 -0.6158183 0.7202353 0.3373993 -0.6384546 0.6917641 0.1084222 -0.7467761 0.6561784 0.1138529 -0.7452719 0.6569684 0.1138529 -0.7452719 0.6569684 0.1138529 -0.7452719 0.6569684 0.283191 -0.6678303 0.6883354 0.283191 -0.6678302 0.6883354 0.283191 -0.6678302 0.6883355 0.3951414 -0.6082954 0.6883604 0.1088913 -0.7255146 0.6795376 0.3087911 -0.5828785 0.7515989 0.3338176 -0.6076402 0.7206521 0.5196856 -0.4470468 0.7280632 0.5469545 -0.4821051 0.6844088 0.799981 -0.03517895 0.5989933 0.7055878 -0.2211872 0.6732177 0.6526203 -0.1687944 0.7386442 0.5186725 -0.3708334 0.7703646 0.4627557 -0.3287394 0.8232786 0.4627557 -0.3287394 0.8232787 0.4627557 -0.3287394 0.8232787 0.2978919 -0.5392419 0.7877047 0.250964 -0.5123041 0.8213171 0.07798755 -0.7132187 0.6965896 0.08353209 -0.7010799 0.7081733 0.7482016 -0.2658538 0.6078784 0.7482016 -0.2658538 0.6078783 0.6732876 -0.3534527 0.6494266 0.5269353 -0.5033147 0.6848456 0.8633752 0.18293 0.470234 0.8192487 0.00326687 0.5734292 0.757559 0.06429177 0.6495931 0.6722056 -0.141121 0.7267906 0.6722056 -0.141121 0.7267906 0.6722056 -0.141121 0.7267906 0.5999149 -0.08627426 0.7953987 0.5999149 -0.08627426 0.7953987 0.599915 -0.08627432 0.7953986 0.478289 -0.3110321 0.8212787 0.478289 -0.3110321 0.8212786 0.478289 -0.3110322 0.8212786 0.402701 -0.2678565 0.8752627 0.402701 -0.2678565 0.8752627 0.402701 -0.2678566 0.8752627 0.2587179 -0.5045933 0.8236812 0.1976668 -0.4794192 0.8550352 0.06781595 -0.695075 0.7157316 0.04524534 -0.6842417 0.7278504 0.8681794 0.3863233 0.3114788 0.8730491 0.2284954 0.4307843 0.8069246 0.2942028 0.5121694 0.8069245 0.2942028 0.5121695 0.8069245 0.2942028 0.5121695 0.7735595 0.1005662 0.6256933 0.6900337 0.1640087 0.7049501 0.6163126 -0.0598815 0.7852217 0.6163126 -0.0598815 0.7852216 0.6163126 -0.05988156 0.7852216 0.5188229 -0.003796637 0.8548733 0.5188229 -0.003796637 0.8548733 0.5188229 -0.003796637 0.8548733 0.4148445 -0.2514494 0.8744583 0.3163244 -0.2109543 0.9248985 0.2024325 -0.4733893 0.8572769 0.1281701 -0.453215 0.8821387 0.1281702 -0.453215 0.8821387 0.1281702 -0.453215 0.8821387 0.04477673 -0.6848581 0.7272995 0.02375984 -0.6821799 0.7307983 -0.9193196 0.2695078 0.2867351 -0.9193197 0.2695078 0.2867351 -0.9193197 0.2695078 0.2867351 -0.9171034 0.3240429 0.2322017 -0.8734409 0.3807729 0.3035015 -0.8985423 0.07244026 0.4328677 -0.9118636 0.1214724 0.3921086 -0.8679609 0.1782958 0.463524 -0.8580194 0.440614 0.2639358 -0.8025181 0.4953045 0.3326236 -0.8025181 0.4953045 0.3326236 -0.802518 0.4953044 0.3326235 -0.8219953 -0.1317546 0.554044 -0.8446343 -0.09227657 0.5273309 -0.8446342 -0.09227657 0.527331 -0.80361 -0.03929549 0.5938577 -0.80361 -0.03929549 0.5938577 -0.80361 -0.03929549 0.5938578 -0.8691815 0.2341226 0.4355573 -0.8116512 0.2902781 0.5069131 -0.8116513 0.2902781 0.5069131 -0.7835102 0.5472896 0.2942548 -0.7835102 0.5472896 0.2942549 -0.7835102 0.5472897 0.2942549 -0.7095011 0.602818 0.3649914 -0.1002598 -0.7416433 0.6632595 -0.3320257 -0.6071399 0.7219005 -0.309586 -0.5841196 0.7503073 -0.309586 -0.5841196 0.7503072 -0.5150116 -0.3696939 0.7733624 -0.464082 -0.33022 0.8219385 -0.464082 -0.33022 0.8219384 -0.464082 -0.33022 0.8219385 -0.6105738 -0.05686485 0.7899153 -0.5225859 -0.006619751 0.8525609 -0.5961771 0.2925599 0.7476508 -0.4668103 0.3457775 0.8139571 -0.4721632 0.6197949 0.6268303 -0.3063738 0.6640569 0.682029 -0.2761285 0.8606659 0.4277939 -0.09545886 0.8838108 0.4580023 -0.1058246 -0.7272157 0.6782025 -0.3194121 -0.5733706 0.7544681 -0.2875618 -0.5489522 0.784831 -0.4739404 -0.3092738 0.8244576 -0.4739404 -0.3092738 0.8244576 -0.4739404 -0.3092738 0.8244577 -0.405261 -0.2698456 0.8734683 -0.5268324 0.0208382 0.8497139 -0.4119465 0.06837069 0.9086394 -0.4119466 0.06837069 0.9086394 -0.4119465 0.06837069 0.9086394 -0.4641203 0.3710311 0.8043186 -0.3006467 0.4147112 0.8588518 -0.3011612 0.6785917 0.6699367 -0.1036029 0.7040585 0.702544 -0.09318685 0.8874737 0.4513388 0.09773004 0.8869263 0.4514539 -0.04435551 -0.686609 0.7256726 -0.1307048 -0.4480566 0.884399 -0.04480946 -0.4365104 0.8985826 -0.07093334 -0.1354004 0.9882485 -0.07093328 -0.1354004 0.9882485 -0.07093328 -0.1354004 0.9882485 0.07447993 -0.1355142 0.9879721 0.09332472 0.1652863 0.9818202 0.266098 0.1426075 0.953339 0.2938432 0.4161232 0.8605217 0.2938433 0.4161233 0.8605218 0.4653501 0.3706619 0.803778 0.4653502 0.3706619 0.803778 0.4653502 0.3706619 0.803778 0.4700359 0.5956789 0.6513317 0.619059 0.534767 0.5751438 0.5859305 0.7036321 0.4019794 0.6981444 0.6396465 0.3216312 -0.01523226 -0.6808613 0.732254 -0.04445385 -0.4340996 0.8997674 0.0464906 -0.4339007 0.8997604 0.07286697 -0.1405703 0.9873856 0.2088766 -0.1583473 0.9650372 0.2612913 0.1302685 0.9564293 0.4133113 0.08955031 0.9061759 0.4133113 0.08955031 0.9061758 0.4133113 0.08955031 0.9061758 0.457565 0.3478698 0.8183038 0.6017111 0.2888343 0.7446601 0.6142779 0.505051 0.6062889 0.7310113 0.4384267 0.522881 0.7040066 0.6061916 0.3700089 0.7904631 0.5406023 0.2879537 -0.8833077 0.4529588 0.1208135 -0.8599657 0.5074844 0.05402493 -0.8138563 0.5666491 0.1286334 -0.7884514 0.6119305 0.06233382 -0.7269855 0.6723816 0.1392661 -0.7027561 0.707471 0.0749579 -0.6239409 0.7669176 0.1501173 -0.6036114 0.7923111 0.0888617 -0.5449597 0.8280951 0.1314439 -0.67304 -0.3538668 0.6494579 -0.7213386 -0.2994556 0.6244974 -0.6854923 -0.2530034 0.6827076 -0.8160173 0.006809353 0.5779876 -0.8160172 0.006809413 0.5779876 -0.8160173 0.006809353 0.5779876 -0.761142 0.06067752 0.6457409 -0.7611419 0.06067746 0.6457408 -0.761142 0.06067752 0.6457409 -0.8081185 0.3408123 0.4804077 -0.8081184 0.3408123 0.4804077 -0.8081164 0.3408141 0.48041 -0.7299616 0.4001448 0.5541121 -0.6887729 0.6467533 0.3275701 -0.5930844 0.7014043 0.3953264 -0.4683648 0.8800987 0.07785111 -0.4735377 0.8734696 0.1131947 -0.5253953 -0.5012939 0.6875059 -0.5253952 -0.5012939 0.687506 -0.5253953 -0.5012938 0.687506 -0.5481873 -0.4844028 0.6817952 -0.5481873 -0.4844028 0.6817952 -0.5210317 -0.4500174 0.7252657 -0.70266 -0.219233 0.6769091 -0.7026599 -0.219233 0.6769091 -0.6550171 -0.1721831 0.7357347 -0.6550172 -0.1721831 0.7357347 -0.6550172 -0.1721832 0.7357347 -0.7685987 0.1046537 0.6311131 -0.6933128 0.161693 0.7022626 -0.722929 0.4445747 0.5288923 -0.6207259 0.5029311 0.6014646 -0.5736994 0.7352008 0.3610388 -0.4515725 0.7855731 0.4230333 -0.3741592 0.9129459 0.1628952 -0.3680521 0.9220871 0.1195538 -0.2832353 -0.667941 0.6882098 -0.2832353 -0.667941 0.6882098 -0.2832352 -0.667941 0.6882097 -0.3382548 -0.6403286 0.6896108 -0.3204787 -0.6172989 0.7184953 -0.5379134 -0.4283881 0.7260392 -0.5379134 -0.428388 0.7260392 -0.5379133 -0.4283879 0.7260393 -0.5016455 -0.3912717 0.7715299 -0.6681988 -0.1381776 0.7310386 -0.6021666 -0.08791971 0.7935147 -0.6962983 0.2018653 0.6887809 -0.59678 0.2587446 0.7595427 -0.6120797 0.5389651 0.5786839 -0.4802424 0.5937654 0.6456082 -0.4802423 0.5937654 0.6456082 -0.4802423 0.5937654 0.6456083 -0.4367883 0.8081789 0.3950479 -0.4367883 0.808179 0.395048 -0.4367883 0.8081789 0.3950479 -0.2841761 0.8489435 0.4455771 -0.284176 0.8489436 0.4455771 -0.284176 0.8489435 0.4455772 -0.2297783 0.9590813 0.1654238 -0.2290908 0.9705827 0.07407295 -0.1714094 0.9738036 0.1494171 -0.07594406 0.983361 0.165026 -0.07741522 0.9847338 0.1559047 0.0774331 0.9846533 0.156404 0.07938748 0.9835329 0.1623604 0.171034 0.9741154 0.1478056 -0.1001982 -0.7148128 0.6921004 -0.2948254 -0.538428 0.7894133 -0.2519291 -0.5140395 0.819936 -0.4111374 -0.2510345 0.8763264 -0.3208352 -0.2143432 0.9225627 -0.4126983 0.090038 0.9064068 -0.2669025 0.1288646 0.9550692 -0.2976384 0.4306538 0.8520264 -0.1021646 0.455778 0.8842108 -0.1021647 0.455778 0.8842109 -0.1021647 0.455778 0.8842109 -0.1017949 0.708911 0.6979134 0.1070398 0.7083643 0.6976838 0.09673726 0.8846793 0.4560531 0.278931 0.8606556 0.4259926 0.2116558 0.9726818 0.09535205 0.2491121 0.955231 0.159615 -0.08598631 -0.7053692 0.7036055 -0.2566363 -0.5042894 0.8245181 -0.2566363 -0.5042894 0.8245181 -0.2000264 -0.4813284 0.8534122 -0.2000264 -0.4813284 0.8534122 -0.3232563 -0.1990054 0.9251499 -0.2086752 -0.1683831 0.9633805 -0.2086752 -0.1683831 0.9633805 -0.2086752 -0.1683831 0.9633804 -0.265758 0.1429108 0.9533883 -0.2657581 0.1429108 0.9533883 -0.09115296 0.1654608 0.9819949 -0.1008884 0.4608713 0.8817138 0.1061749 0.4607626 0.8811497 0.1061748 0.4607626 0.8811498 0.1061749 0.4607626 0.8811497 0.1060153 0.7053133 0.7009237 0.3027622 0.6789959 0.6688047 0.3027623 0.6789959 0.6688047 0.2768045 0.850033 0.448133 0.441329 0.806459 0.3935136 0.3573638 0.9257585 0.1235409 0.3815826 0.9099434 0.1624742 0.4841656 0.8680551 0.1098375 0.5824496 0.7296573 0.3582637 0.4415208 0.7872283 0.4305009 0.4747593 0.6188672 0.6257851 0.2990388 0.6654301 0.6839435 0.2985646 0.4304592 0.8518005 0.104921 0.4559398 0.8838046 0.09501802 0.170836 0.9807073 0.09501802 0.170836 0.9807072 -0.09005349 0.1709951 0.9811479 -0.0715695 -0.1393073 0.9876595 -0.07156944 -0.1393073 0.9876595 -0.07156944 -0.1393073 0.9876596 -0.2086865 -0.1577186 0.9651813 -0.2086865 -0.1577186 0.9651813 -0.2086866 -0.1577186 0.9651813 -0.1302825 -0.4541949 0.881325 -0.2024015 -0.472917 0.8575449 -0.2024015 -0.472917 0.8575448 -0.06959265 -0.6932865 0.717294 -0.04931807 -0.7121605 0.7002822 0.4512447 0.8899334 0.06630849 0.546765 0.8267194 0.1326016 0.59742 0.7962118 0.09558391 0.6339259 0.7601653 0.142432 0.6339259 0.7601653 0.1424321 0.6339259 0.7601652 0.142432 0.6967926 0.7124877 0.08271396 0.6967926 0.7124877 0.08271396 0.6967925 0.7124876 0.08271396 0.7350415 0.6651694 0.1313915 0.7649099 0.6370168 0.09551221 0.0141651 -0.6924858 0.7212924 0.0141651 -0.6924859 0.7212924 0.0141651 -0.6924859 0.7212924 0.04541987 -0.4370226 0.898303 0.04541981 -0.4370226 0.8983031 0.04541981 -0.4370226 0.898303 0.130945 -0.4483839 0.8841976 0.130945 -0.4483839 0.8841976 0.1309449 -0.4483839 0.8841976 0.2048085 -0.167109 0.9644315 0.3236832 -0.1987569 0.925054 0.4047756 0.07172107 0.911599 0.5315565 0.01963973 0.8467951 0.5913871 0.2608472 0.7630335 0.5913871 0.2608473 0.7630335 0.591387 0.2608473 0.7630335 0.7029477 0.1966066 0.683528 0.7255366 0.4020531 0.5585249 0.8139689 0.3352221 0.4744269 0.8139689 0.3352221 0.474427 0.7970244 0.499522 0.3394554 0.8629367 0.4342216 0.2584412 0.8629367 0.4342216 0.2584412 0.8629367 0.4342216 0.2584412 0.7791915 0.6234012 0.06505179 0.8206565 0.5587074 0.1198709 0.08952885 -0.7230219 0.6849993 0.286763 -0.5482724 0.7855982 0.3211948 -0.5744799 0.7528657 0.4998225 -0.38931 0.7737023 0.5403901 -0.4294118 0.7235912 0.682811 -0.2495936 0.6866383 0.720694 -0.2983403 0.6257742 0.8419002 -0.08873528 0.5322878 0.8246172 -0.1356539 0.5491855 0.9084901 0.1255329 0.3986066 0.9017923 0.06768542 0.4268363 0.9133126 0.3290824 0.2399269 0.9231278 0.2638376 0.2796872 0.8558721 0.5133131 0.0631892 0.8876905 0.4464241 0.1127433 -0.9807831 -0.1523491 0.1218789 -0.9807828 -0.1523492 0.1218809 -0.8999217 -0.3404885 0.2724126 -0.8315227 -0.4332203 0.3476927 -0.8563162 -0.4023045 0.3238422 -0.8563162 -0.4022996 0.3238484 -0.8563163 -0.4023045 0.3238422 -0.7773264 -0.4912443 0.3929922 0.9810153 0 0.1939307 0.9681509 -0.004960298 0.2503184 0.8319808 0.003564834 0.5547931 0.8319808 0.003564834 0.554793 0.8319809 0.003564834 0.554793 0.7984898 0 0.6020084 0.7984898 0 0.6020084 0.7984898 0 0.6020084 -0.9814707 -0.1916131 -6.08679e-5 -0.9807879 -0.1950775 0 -0.8314528 -0.5555955 0 -0.707854 -0.706351 -0.003337919 -0.8347253 -0.5506666 6.05066e-5 -0.8321202 0 0.5545954 -0.8314272 1.31087e-5 0.5556337 -0.8314272 1.31159e-5 0.5556337 -0.8314272 1.30845e-5 0.5556337 -0.9810242 -1.29856e-5 0.1938855 -0.9807782 0 0.1951261 0.8314143 0.5556531 0 0.8314166 0.5556497 0 0.9808351 0.1948399 0 0.980836 0.1948352 0 0.007737934 0.9658833 0.2588621 0 0.9807726 0.195154 0 0.9807726 0.195154 0 0.9807726 0.195154 0 0.7739017 0.6333059 0 0.7739017 0.6333058 0 0.7739017 0.6333059 0.001862585 0.793704 0.6083015 -7.66169e-5 0.8519436 0.5236335 -7.65808e-5 0.8519436 0.5236335 -7.6607e-5 0.8519436 0.5236335 1.78319e-4 0.8988858 0.438183 1.78383e-4 0.8988858 0.438183 1.78383e-4 0.8988858 0.438183 -0.06193459 0.6075305 0.7918781 -0.06193453 0.6075305 0.7918781 -0.06193453 0.6075305 0.7918781 -0.4841191 0.0722841 0.8720114 -0.484119 0.0722841 0.8720114 -0.4841189 0.07228416 0.8720114 -0.8395128 0.1255173 0.5286432 -0.9871666 0.1475586 0.06106251 -0.9871666 0.1475586 0.06106251 -0.9871666 0.1475586 0.06106251 -0.9403282 0.124809 0.3165526 -0.6767274 0.09215867 0.730443 -0.2430632 0.03266906 0.9694602 -0.9556418 0.1428809 0.2575539 -0.9170967 0.3037829 0.258166 -0.9170932 0.3037724 0.2581909 -0.8658604 0.4285275 0.2581663 -0.8658591 0.4285172 0.2581879 -0.7977589 0.5449097 0.2581747 -0.7977603 0.5448426 0.2583124 -0.7141489 0.6507083 0.2580116 -0.7141489 0.6507083 0.2580116 -0.7140842 0.6506523 0.2583318 -0.6165177 0.7437509 0.2583419 -0.6164944 0.7438338 0.2581591 -0.5069338 0.8224202 0.2581536 -0.5069871 0.8222972 0.2584402 -0.3875492 0.8848779 0.2584506 -0.3875092 0.884946 0.2582776 -0.2605084 0.9302847 0.2582748 -0.2604812 0.9303177 0.2581832 -0.0980333 0.9612829 0.2575361 -0.09805536 0.9612602 0.2576122 -0.7011176 0.104828 0.705298 -0.6720356 0.2226017 0.7062696 -0.672008 0.2225739 0.7063046 -0.6344478 0.3139914 0.7063183 -0.6344409 0.313983 0.7063281 -0.5845494 0.3992283 0.7063418 -0.5846002 0.3993258 0.7062447 -0.5233157 0.4768296 0.7062396 -0.5233114 0.4768177 0.7062508 -0.4517698 0.5450813 0.706251 -0.4517661 0.545073 0.7062599 -0.3715485 0.6026237 0.7062553 -0.3715483 0.6026436 0.7062383 -0.2839817 0.6485251 0.7062362 -0.2839775 0.6486172 0.7061534 -0.1909089 0.6818386 0.7061515 -0.1909581 0.6816012 0.7063674 -0.07192897 0.7051382 0.7054123 -0.04888921 0.7925676 0.6078212 -0.04888916 0.7925676 0.6078212 -0.04888916 0.7925676 0.6078212 -0.257243 0.03846007 0.9655811 -0.2462693 0.0815674 0.965763 -0.2463125 0.08159637 0.9657496 -0.2325612 0.115094 0.9657478 -0.2325502 0.1150826 0.9657517 -0.2142605 0.1463546 0.9657499 -0.2142339 0.146321 0.9657608 -0.191767 0.1747288 0.9657616 -0.1917962 0.1747813 0.9657462 -0.1655932 0.1997944 0.9657438 -0.1655601 0.1997022 0.9657686 -0.1361314 0.2208052 0.9657709 -0.1361352 0.2208116 0.9657689 -0.1040364 0.2376242 0.9657698 -0.1040359 0.2376207 0.9657707 -0.0699771 0.2497776 0.9657714 -0.06996983 0.2498857 0.965744 -0.02638399 0.2588194 0.9655653 -0.02639114 0.2587649 0.9655798 0.02311378 0.9682207 0.2490273 0.02311378 0.9682207 0.2490273 0.02311384 0.9682207 0.2490273 0.006034016 0.2500279 0.9682198 -0.2411773 0.06621104 0.9682198 -0.2408678 0.06613963 0.9683018 -0.2408678 0.06613963 0.9683018 -0.2408678 0.06613963 0.9683018 -0.1896471 0.1630478 0.9682197 -0.1896238 0.1630468 0.9682244 -0.1015841 0.2285178 0.9682253 -0.1017413 0.2285856 0.9681928 -0.2760062 0.620823 0.7337571 -0.6658493 0.182794 0.7233471 -0.2759929 0.6208354 0.7337515 -0.515219 0.442943 0.733724 -0.5152218 0.4429699 0.7337058 -0.6513243 0.1893649 0.7347909 -0.4782353 0.1313771 0.8683497 -0.4782353 0.1313771 0.8683497 -0.4782353 0.1313771 0.8683497 0.00593549 0.2497931 0.9682811 0.005935549 0.2497931 0.9682811 0.005935549 0.2497931 0.9682811 0.01444828 0.6059786 0.7953498 0.01444834 0.6059786 0.7953498 0.01444834 0.6059786 0.7953498 -0.02076393 0.6751411 0.7373964 0.01855999 0.7786145 0.6272282 0.01856005 0.7786144 0.6272282 0.01856005 0.7786145 0.6272282 0.0211876 0.8849831 0.4651409 -0.9166151 0.2516416 0.3106338 -0.009278535 0.9382857 0.345737 -0.3816505 0.8580662 0.3436065 -0.3815463 0.8582133 0.3433547 -0.7120833 0.6123838 0.3434001 -0.7120998 0.6123839 0.3433657 -0.7120997 0.6123839 0.3433657 -0.7120997 0.6123839 0.3433657 -0.9005568 0.2648363 0.3447597 -0.8229373 0.2259171 0.5212827 -0.9626212 0.264258 0.05940026 -0.96261 0.2642683 0.0595346 -0.7569096 0.6507768 0.0598123 -0.7569096 0.6507769 0.0598123 -0.7569096 0.6507769 0.0598123 -0.7568386 0.6508665 0.05973541 -0.4056125 0.9120812 0.05988717 -0.4056125 0.9120813 0.05988717 -0.4056124 0.9120813 0.05988717 -0.4056625 0.9120509 0.06001108 0.02389854 0.9979123 0.06000077 0.02382093 0.9979215 0.05987811 0.02382081 0.9979215 0.05987811 0.02382093 0.9979215 0.05987805 0.2421022 0.9683099 0.06133937 0.2421022 0.9683099 0.06133937 0.2421022 0.9683099 0.06133937 0.2395114 0.9511309 0.1948959 0.1870638 0.748189 0.6365692 0.1870638 0.748189 0.6365692 0.1870639 0.748189 0.6365692 0.2036252 0.8064994 0.5550637 0.213591 0.85431 0.4738495 0.213591 0.85431 0.4738495 0.2345066 0.9380605 0.2550473 0.2345065 0.9380606 0.2550473 0.2345066 0.9380605 0.2550473 0.9810346 0 0.1938326 0.9808341 -1.03932e-5 0.1948453 0.8322047 1.1566e-5 0.5544686 0.8315762 0 0.5554108 -0.1870769 0.7482764 0.6364627 -0.1870769 0.7482764 0.6364627 -0.2036243 0.8065016 0.5550608 -0.2420867 0.9682919 0.06168377 -0.2420867 0.9682919 0.06168377 -0.2420867 0.9682919 0.06168371 -0.2395095 0.9511317 0.1948944 -0.2345138 0.9380844 0.2549532 -0.2345138 0.9380844 0.2549532 -0.2345138 0.9380844 0.2549532 -0.2135405 0.8541466 0.4741668 0.9166644 0.2516385 0.310491 0.9166643 0.2516386 0.310491 0.9166644 0.2516386 0.310491 0.2409336 0.06606602 0.9682904 0.2409336 0.06606602 0.9682904 0.2409336 0.06606608 0.9682905 -0.005955636 0.2500463 0.9682157 -0.006043016 0.2501338 0.9681925 0.1015254 0.2283081 0.968281 0.1015254 0.228308 0.968281 0.1015254 0.228308 0.968281 0.1016783 0.2284379 0.9682343 0.1896341 0.163014 0.9682279 0.1896402 0.1630734 0.9682168 0.5152766 0.4429243 0.7336949 -0.01864588 0.7788997 0.6268713 0.5152412 0.4429224 0.7337208 0.2760183 0.620831 0.7337457 0.2762069 0.6210225 0.7335127 0.2762069 0.6210225 0.7335127 0.2762069 0.6210225 0.7335128 0.02076447 0.6751445 0.7373932 -0.0144295 0.6057143 0.7955515 0.241182 0.06623387 0.9682171 0.4782274 0.1313701 0.868355 0.4782274 0.1313702 0.868355 0.4782274 0.1313702 0.868355 0.6513251 0.1894067 0.7347794 0.6658174 0.1828565 0.7233607 0.8229457 0.2259633 0.5212497 0.8229456 0.2259633 0.5212497 0.8229456 0.2259632 0.5212497 -0.0231288 0.9682261 0.2490047 -0.0231288 0.9682261 0.2490047 -0.0231288 0.9682261 0.2490047 0.9006045 0.2648376 0.3446339 0.9006046 0.2648378 0.3446339 0.9006046 0.2648377 0.3446339 0.7119861 0.6122814 0.3437839 0.7122117 0.6122092 0.3434451 0.3816848 0.8581433 0.3433753 0.3815119 0.8581129 0.3436439 0.00927776 0.9382832 0.3457438 -0.02111208 0.8851931 0.4647447 -0.02111214 0.8851931 0.4647448 -0.02111214 0.885193 0.4647447 -0.02378541 0.9979236 0.05985665 -0.02378535 0.9979236 0.05985659 -0.02378529 0.9979236 0.05985665 -0.02384483 0.997927 0.05977749 -0.02384483 0.997927 0.05977749 -0.02384483 0.9979269 0.05977749 0.4057303 0.9120355 0.05978506 0.4055382 0.9121209 0.05978614 0.4055382 0.9121209 0.05978608 0.4055382 0.9121209 0.05978608 0.7569147 0.6507648 0.05987823 0.7569148 0.6507648 0.05987823 0.7569147 0.6507648 0.05987823 0.7568569 0.6508418 0.05977076 0.7568569 0.6508418 0.05977076 0.7568569 0.6508418 0.05977076 0.9625941 0.264245 0.05989295 0.9625941 0.2642449 0.05989295 0.9625942 0.264245 0.05989295 0.9625912 0.2642776 0.05979591 0.9625912 0.2642778 0.05979591 0.9625912 0.2642778 0.05979591 0.2427996 0.03810822 0.9693277 0.08638441 0.7904466 0.6064089 0.08638441 0.7904466 0.6064089 0.08638435 0.7904468 0.6064089 0.1049615 0.9605746 0.2574481 0.1049789 0.9605929 0.2573727 0.3100538 0.9152124 0.2573965 0.3099682 0.9151642 0.2576711 0.4279477 0.8659775 0.2587351 0.4279476 0.8659775 0.2587351 0.4279477 0.8659776 0.2587351 0.5090588 0.8410666 0.1829382 0.5090587 0.8410665 0.1829382 0.5195374 0.8145848 0.2579391 0.6279172 0.7341112 0.2584585 0.6829472 0.7156506 0.1463811 0.703965 0.6615257 0.2584902 0.8023342 0.5384883 0.2574691 0.8062861 0.5691964 0.160992 0.8449509 0.4681358 0.2586637 0.8997864 0.3524088 0.2572791 0.8997078 0.3524407 0.2575103 0.986069 0.1547425 0.06101465 0.986069 0.1547424 0.06101465 0.986069 0.1547424 0.06101465 0.02827417 0.2587533 0.9655296 0.06635826 0.6072359 0.7917456 0.06635826 0.607236 0.7917457 0.0663582 0.6072359 0.7917457 0.9563347 0.1387943 0.2572162 0.9372591 0.1471037 0.316079 0.839028 0.1316865 0.5279118 0.0619716 0.7073754 0.7041162 0.2275073 0.6717015 0.7050231 0.2275407 0.6717494 0.7049668 0.3672452 0.6067534 0.704969 0.3672744 0.606775 0.7049353 0.4896679 0.513116 0.7049378 0.4896773 0.5131202 0.7049283 0.5889552 0.3952804 0.7049009 0.588984 0.3952859 0.7048738 0.6604514 0.2587156 0.7048902 0.6603585 0.2587109 0.704979 0.702161 0.1029274 0.7045395 0.6754094 0.106025 0.7297815 0.02830535 0.2588444 0.9655042 0.08353847 0.2466208 0.9655048 0.08348327 0.2465326 0.9655321 0.1347858 0.2226802 0.9655291 0.1347598 0.2226538 0.9655389 0.179686 0.1882897 0.9655362 0.1796301 0.1882503 0.9655542 0.2160522 0.1449999 0.965555 0.2161008 0.1450175 0.9655416 0.2423295 0.09493708 0.9655379 0.2423518 0.09494066 0.965532 0.2571389 0.04036611 0.9655311 0.4868212 0.02277177 0.8732048 0.4868212 0.02277183 0.8732048 0.4868212 0.02277177 0.8732048 0 0.9659113 0.2588735 0 0.7934197 0.608675 0 0.7934197 0.608675 0 0.7934197 0.608675 -0.002465724 0.7739547 0.6332363 -0.002465665 0.7739547 0.6332362 -0.002465665 0.7739547 0.6332362 6.9969e-5 0.8520954 0.5233865 7.94699e-5 0.8520954 0.5233866 7.94702e-5 0.8520954 0.5233865 -1.808e-4 0.8987841 0.4383915 -1.80823e-4 0.8987841 0.4383915 -1.8086e-4 0.8987841 0.4383915 -0.01026815 0.9807871 0.1948109 -0.8314441 0.5556085 0 -0.8314515 0.5555974 0 -0.9807982 0.1950255 0 -0.9807973 0.1950303 0 0.7934724 0.430353 -0.4303464 0.8307869 0.3909071 -0.3962131 0.8307869 0.3909071 -0.3962131 0.8307869 0.3909071 -0.3962131 0.9659073 0.1869679 -0.1790701 0.9807655 0.1380147 -0.1380257 0.9807655 0.1380147 -0.1380257 0.6068377 0.6143962 -0.5042473 0.2578091 0.7468909 -0.6129344 0.2576284 0.7468962 -0.6130039 0.2576383 0.8521849 -0.4554156 0.2576401 0.8521839 -0.4554166 0.2576626 0.9246321 -0.2804741 0.2576934 0.9246255 -0.2804674 0.9656094 0.2009822 -0.164938 0.7920519 0.4718953 -0.3872578 0.2576688 0.9615787 -0.09472823 0.2577049 0.96157 -0.09471702 0.6068353 0.7909998 -0.07791185 0.6068353 0.7909998 -0.07791179 0.6068353 0.7909998 -0.07791185 0.7062641 0.5584285 -0.4351421 0.7054894 0.6250622 -0.3340388 0.7054165 0.6251133 -0.3340973 0.7054292 0.6782644 -0.2057355 0.7054283 0.6782644 -0.2057387 0.7061969 0.7026172 -0.08726364 0.7920703 0.6074901 -0.05983799 0.7920703 0.6074901 -0.05983799 0.7920703 0.6074901 -0.05983799 0.9656085 0.200986 -0.1649391 0.9656096 0.2293008 -0.1225538 0.9655873 0.2293627 -0.1226125 0.9655842 0.2488926 -0.07549589 0.9656033 0.2488305 -0.07545673 0.9656018 0.2587725 -0.02549505 0.9656 0.258779 -0.02549773 0.9894343 0.1449822 0 0.9659104 0.2588612 -0.002835452 0.9421861 0.3350877 -0.001281917 0.9421861 0.3350877 -0.001281797 0.9421861 0.3350877 -0.001281797 0.872509 0.4885977 5.61716e-4 0.7932893 0.6088446 -6.88953e-4 0.7932892 0.6088446 -6.88997e-4 0.7932892 0.6088446 -6.89e-4 0.7603406 0.6495248 0 0.9808555 0.1947372 0 0.9807925 0.1950539 0 0.9807925 0.195054 0 0.9807925 0.1950539 0 0.8314111 0.555658 0 0.8314087 0.5556614 0 -3.267e-7 0 1 0 0 1 0 0 1 2.93778e-7 0 1 3.2329e-7 0 1 -2.43006e-7 0 1 -2.95172e-7 0 1 -5.96726e-7 0 1 7.56046e-7 0 1 -4.92211e-7 0 1 0 0 1 2.03191e-7 0 1 0 0 1 5.28398e-7 0 1 0 0 1 4.28431e-6 0 1 3.98039e-6 0 1 -4.34928e-7 0 1 0 0 1 -6.71051e-6 0 1 -1.45659e-7 0 1 5.15864e-6 0 1 -2.21041e-6 0 1 -6.58685e-7 0 1 1.15721e-6 0 1 0 0 1 -5.66455e-7 0 1 -2.57887e-7 0 1 -6.5282e-7 0 1 1.65055e-7 0 1 0 1 0 0.8366007 0.5478132 -7.22676e-5 0.7771015 0.6293753 1.4771e-4 0.7163663 0.6976909 0.006842911 0.6761685 0.7367465 8.9746e-4 0.6029574 0.7977734 0 0.9084711 0.417913 0.005406498 0.8992322 0.4374659 0.002275049 0.9526779 0.3039819 0 0 0.9569428 -0.2902768 0 0.9984375 -0.05588024 -0.01430547 0.995081 -0.09802699 0.007945358 0.9828999 -0.1839698 -0.01843839 0.9473075 -0.3197946 0 1 1.02569e-5 0 1 -1.7298e-6 0 1 -3.35879e-6 0 1 3.93833e-6 -0.9890064 0.1478731 0 -0.9890064 0.1478731 0 -0.9492765 0.3144426 0 -0.9431273 0.3324065 0.004097282 -0.8962377 0.4435642 -0.002971589 -0.8877028 0.4604171 0 -0.8257541 0.5640304 0 -0.8398476 0.5427946 -0.00549966 -0.7391544 0.6734944 0.007490932 -0.7560809 0.6544782 0 -0.6381815 0.7698859 0 -0.6184632 0.7857949 0.005466938 -0.5247172 0.8512695 -0.003489315 -0.5029623 0.8643085 0 -0.4011799 0.9159994 0 -0.4186051 0.908159 -0.00412321 -0.2696537 0.9629431 0.005231678 -0.287959 0.9576428 0 -0.1014553 0.9948402 0 -0.1014553 0.9948402 0 -0.7582476 0.6519665 6.37772e-4 -0.6872552 0.7261816 0.0184589 -0.8230231 0.5680078 -3.54721e-4 -0.9643251 0.2647203 6.50654e-4 -0.950502 0.3106165 0.007966339 -0.9943421 0.1062257 0 0.02394151 0.9997134 0 0.08380311 0.9964168 0.01143455 0.08380311 0.9964168 0.01143455 0.08380311 0.9964168 0.01143455 -0.1394257 0.9902325 -1.03703e-4 -0.4064441 0.9136757 2.96684e-4 -0.3177434 0.9480008 0.0182709 -0.5147157 0.8573608 -3.06266e-4 -0.5147157 0.8573608 -3.06301e-4 -0.5147157 0.8573608 -3.06315e-4 0.2425432 0.9701407 0 0.2425433 0.9701406 0 -0.2425404 0.9701413 0 -0.2425404 0.9701413 0 -0.09525376 0.9954531 0 -0.02394157 0.9996699 0.00932604 0.1271356 0.9918854 -1.14373e-4 0.3063271 0.9519264 1.61811e-4 0.406437 0.913621 0.0102787 0.5106719 0.8597756 -4.82181e-4 0.7112028 0.7029865 6.8002e-4 0.7582007 0.65197 0.008179664 0.846453 0.5324634 -1.45434e-4 0.9643372 0.2646763 5.26015e-4 0.9652391 0.2613688 0 0.9890037 0.1478913 0 0.987895 0.1551078 -0.002289235 0.9431304 0.3324182 0.001810193 0.931109 0.3646767 -0.006860554 0.8877227 0.4603741 0.002007067 0.8747203 0.4846281 0 0.8398712 0.5427859 0 0.8169301 0.5767095 -0.005617141 0.756063 0.6544628 0.006866455 0.7287317 0.6847994 0 0.6184411 0.7858312 0 0.6499559 0.7598773 0.01199591 0.5029149 0.8642694 -0.01072734 0.5377337 0.8431149 0 0.4186228 0.9081603 0 0.4431319 0.8964464 0.00426352 0.2879636 0.9575918 -0.009754419 0.3208639 0.9471217 0.002612173 0.1014572 0.994837 -0.002420186 0.1086229 0.9940831 0 0 1 -8.2996e-7 0 1 1.70856e-6 0 1 -1.6792e-6 0 1 1.95577e-6 0 0.9984405 -0.05582612 0.01433515 0.9950804 -0.09802931 -0.007936418 0.9828662 -0.1841496 0.01261901 0.9568665 -0.2902541 0 0.9474678 -0.3198515 1.78195e-4 0.7067295 -0.7074839 -4.96661e-5 0.7071487 -0.7070649 -1.30174e-4 0.7073099 -0.7069038 4.77669e-5 0.7071003 -0.7071133 1.18598e-5 0.7073308 -0.7068827 0 0.7071056 -0.707108 0 0.7071218 -0.7070918 0 0.7071059 -0.7071076 4.15856e-7 0.7073974 -0.7068161 9.55395e-5 0.7069501 -0.7072635 8.79619e-5 0.7069627 -0.7072508 -5.07069e-5 0.7071987 -0.7070148 -0.001209914 0.7083981 -0.7058121 -3.07755e-4 0.7074133 -0.7068001 3.69695e-4 0.7065839 -0.7076292 2.24946e-6 0.7071307 -0.707083 -1.50222e-6 0.7070981 -0.7071155 6.03765e-7 0.7071123 -0.7071014 1.00579e-6 0.7071028 -0.7071108 -7.27778e-5 0.7073735 -0.70684 8.41902e-6 0.7070172 -0.7071964 -2.21194e-6 0.7071221 -0.7070915 2.17606e-4 0.7066695 -0.7075438 -1.3074e-4 0.7074887 -0.7067247 1.93168e-7 0.7071059 -0.7071077 -2.89263e-6 0.7072377 -0.7069759 -3.07176e-6 0.7072377 -0.7069759 -3.11374e-6 0.7072377 -0.7069759 -1.85618e-4 0.7068424 -0.7073711 -3.01903e-5 0.7069905 -0.707223 3.00489e-4 0.7072356 -0.7069778 2.18594e-5 0.7070176 -0.707196 2.18706e-5 0.7070176 -0.707196 2.17012e-5 0.7070176 -0.7071959 -1.01827e-4 0.7075843 -0.706629 -1.01833e-4 0.7075842 -0.706629 -1.01837e-4 0.7075843 -0.706629 -1.67747e-4 0.7077625 -0.7064505 6.36213e-5 0.7066751 -0.7075383 0.001825809 0.7054211 -0.7087861 -0.002114415 0.7091921 -0.7050122 -1.83536e-6 0.7070963 -0.7071173 0 0.7071056 -0.707108 0 0.7071076 -0.707106 3.81804e-6 0.7070587 -0.7071549 3.86918e-6 0.7070587 -0.7071549 3.89884e-6 0.7070587 -0.7071549 -1.58187e-6 0.7072178 -0.7069958 -1.59581e-6 0.7072179 -0.7069958 -1.58323e-6 0.7072178 -0.7069958 0.001646637 0.7055742 -0.7086342 0.001646637 0.7055742 -0.7086342 0.001646578 0.7055741 -0.7086343 7.26991e-5 0.7070456 -0.7071681 0 0.7070844 -0.7071291 2.16692e-5 0.7070941 -0.7071196 3.9693e-4 0.7066841 -0.7075291 3.96963e-4 0.7066841 -0.7075291 3.96978e-4 0.7066841 -0.7075291 1.55836e-5 0.7071009 -0.7071127 9.26232e-5 0.7064878 -0.7077253 9.26521e-5 0.7064878 -0.7077253 9.26365e-5 0.7064878 -0.7077252 1.14882e-5 0.7069947 -0.7072188 0 0.7070843 -0.7071293 -6.43724e-7 0 -1 6.43808e-7 0 -1 0 0 -1 2.09533e-7 0 -1 -4.13137e-7 0 -1 -3.92805e-7 0 -1 -1.83499e-7 0 -1 5.78104e-7 0 -1 -5.96916e-7 0 -1 9.29038e-7 0 -1 0 0 -1 2.58497e-6 0 -1 4.63697e-7 0 -1 -1.64112e-6 0 -1 -1.71024e-6 0 -1 2.15886e-7 0 -1 -4.91318e-7 0 -1 1.15138e-6 0 -1 -1.71026e-6 0 -1 5.18062e-7 0 -1 6.28588e-7 0 -1 -3.77756e-6 0 -1 -2.05963e-7 0 -1 1.40945e-6 0 -1 -2.56554e-6 0 -1 3.57834e-7 0 -1 -3.59208e-7 0 -1 -1.33603e-7 0 -1 -1.71355e-7 0 -1 4.08429e-7 0 -1 -3.77256e-7 0 -1 4.35631e-6 0 -1 2.66817e-7 0 -1 2.82705e-7 0 -1 -5.2707e-7 0 -1 0 0 -1 -2.30865e-7 0 1 4.84785e-6 0 1 -4.60178e-6 0 1 1.97303e-7 0 1 -4.84722e-6 0 1 4.6021e-6 0 1 1.78516e-6 -0.7808668 0.6246977 0 -0.7808658 0.624699 -4.04621e-6 -0.7808685 0.6246954 4.89971e-5 -0.7808314 0.6247418 -2.84352e-5 -0.7808884 0.6246706 -2.24252e-6 -0.7808675 0.6246969 1.88582e-5 -0.7808475 0.6247217 -3.66271e-5 -0.7809127 0.6246401 -1.00547e-5 -0.7808816 0.6246791 6.79345e-6 -0.7808524 0.6247156 -2.06576e-5 -0.7808949 0.6246625 0 -0.7808629 0.6247024 -1.84631e-5 -0.780838 0.6247336 5.76301e-5 -0.7809572 0.6245847 0 -0.780858 0.6247087 -1.28829e-6 -0.7808658 0.6246989 9.22841e-6 -0.7808721 0.6246912 1.69662e-5 -0.7808889 0.6246702 -5.08109e-5 -0.780807 0.6247724 1.19258e-5 -0.7808766 0.6246853 2.90066e-5 -0.7808955 0.6246617 -1.84129e-5 -0.7808473 0.624722 2.34344e-6 -0.7808679 0.6246962 0.1952353 -0.02052086 0.9805418 0.554613 -0.05828702 0.8300646 0.554613 -0.05828702 0.8300646 0.9756069 -0.1025443 0.1941028 0.8284417 -0.08707642 0.5532649 0.9756062 -0.1025443 0.1941066 0.9329717 -0.3031373 0.1940916 0.9620801 -0.2577305 -0.08931416 0.9620801 -0.2577305 -0.08931416 0.9620801 -0.2577304 -0.0893141 0.9156786 -0.3514829 0.1949169 0.8495599 -0.4904581 0.1941623 0.8495579 -0.4904586 0.1941699 0.7289997 -0.6563914 0.19419 0.7290002 -0.6564086 0.19413 0.6172065 -0.7622765 0.1949122 0.586926 -0.8077759 0.05491781 0.5341765 -0.8225216 0.1952277 0.3990257 -0.8961932 0.1939499 0.3990257 -0.8961931 0.1939499 0.398916 -0.8961873 0.1942026 0.2040287 -0.9595153 0.194172 0.2039862 -0.9595851 0.1938714 0.05134916 -0.9795323 0.1946275 0 -0.9985259 0.05427801 -0.3989199 -0.8961865 0.1941977 -0.203975 -0.9595287 0.1941626 -0.2040407 -0.9595739 0.1938699 -0.05135893 -0.9795336 0.1946179 -0.5425271 -0.835323 -0.08888143 -0.5425271 -0.835323 -0.08888143 -0.5425271 -0.835323 -0.08888143 -0.5766075 -0.7936125 0.1941727 -0.3989145 -0.8961848 0.1942162 -0.6173448 -0.7622478 0.1945861 -0.6173448 -0.7622478 0.1945861 -0.7290009 -0.6563637 0.1942792 -0.7290147 -0.6563633 0.1942289 -0.8495257 -0.4904978 0.1942116 -0.8495879 -0.4904903 0.1939583 -0.8495879 -0.4904902 0.1939582 -0.9156848 -0.3513927 0.19505 -0.9496436 -0.3084887 0.05488014 -0.9474136 -0.2539535 0.1947178 -0.9756329 -0.1025833 0.1939518 -0.9756014 -0.1025338 0.1941364 -0.9756014 -0.1025338 0.1941364 -0.9756013 -0.1025338 0.1941364 0.8284311 -0.08706998 0.5532818 0.7921925 -0.2573976 0.5533331 0.7922427 -0.2574324 0.553245 0.7214212 -0.4164839 0.5532564 0.7214391 -0.416503 0.5532187 0.6190592 -0.5574164 0.5532203 0.6189009 -0.5572577 0.5535573 0.6189049 -0.5572534 0.553557 0.6189008 -0.5572578 0.5535573 0.4895109 -0.6737788 0.5535353 0.489511 -0.6737788 0.5535353 0.4897135 -0.6740055 0.5530799 0.3388065 -0.7611511 0.5530453 0.3387891 -0.7609595 0.5533197 0.1732007 -0.8147615 0.5533221 0.1731954 -0.8148083 0.5532547 0 -0.8329957 0.5532797 0 -0.8329982 0.5532759 -0.1732094 -0.8148075 0.5532516 -0.1731868 -0.8147662 0.5533196 -0.3387316 -0.7609828 0.5533227 -0.338767 -0.7608748 0.5534498 -0.338767 -0.7608746 0.5534498 -0.3387669 -0.7608746 0.5534498 -0.489552 -0.6737993 0.5534739 -0.489552 -0.6737993 0.5534739 -0.489552 -0.6737994 0.5534738 -0.4895132 -0.673764 0.5535513 -0.4895132 -0.6737639 0.5535513 -0.6191536 -0.5574512 0.5530796 -0.6190289 -0.5573961 0.5532747 -0.721374 -0.4165212 0.55329 -0.7212707 -0.4164227 0.5534987 -0.7212706 -0.4164227 0.5534987 -0.7212707 -0.4164227 0.5534987 -0.7922891 -0.2573717 0.5532068 -0.7922462 -0.2573724 0.5532681 -0.8282123 -0.08703684 0.5536145 -0.8282123 -0.0870369 0.5536145 -0.8282124 -0.08703684 0.5536145 -0.8284166 -0.08709889 0.553299 0.5543527 -0.05826842 0.8302398 0.5304058 -0.1723299 0.8300434 0.5304058 -0.1723299 0.8300434 0.5304058 -0.1723299 0.8300434 0.5303493 -0.1723222 0.8300812 0.5303493 -0.1723222 0.8300812 0.5303493 -0.1723222 0.8300812 0.4826882 -0.2786667 0.8302754 0.4827425 -0.2787148 0.8302275 0.4142532 -0.3730159 0.830213 0.4141662 -0.3728942 0.8303111 0.3277313 -0.4510696 0.8301376 0.3277313 -0.4510697 0.8301376 0.3278312 -0.4512386 0.8300064 0.3278313 -0.4512386 0.8300064 0.3278313 -0.4512386 0.8300064 0.2266869 -0.5091668 0.8302784 0.2266856 -0.5091652 0.8302797 0.1159361 -0.5454285 0.8301005 0.1159361 -0.5454284 0.8301005 0.115936 -0.5454284 0.8301005 0.1158769 -0.5452838 0.8302037 0 -0.5574415 0.8302162 0 -0.5574361 0.8302198 -0.115894 -0.5452307 0.8302362 -0.1158607 -0.5451601 0.8302872 -0.2268006 -0.5094201 0.830092 -0.2268006 -0.5094201 0.830092 -0.2268854 -0.5096032 0.8299564 -0.2268854 -0.5096032 0.8299564 -0.2268854 -0.5096032 0.8299564 -0.3278486 -0.4512256 0.8300065 -0.3278486 -0.4512256 0.8300064 -0.3278487 -0.4512256 0.8300065 -0.3277509 -0.4511284 0.830098 -0.3277509 -0.4511284 0.830098 -0.3277509 -0.4511284 0.830098 -0.4141975 -0.3729609 0.8302655 -0.414174 -0.3729451 0.8302842 -0.4829852 -0.2788382 0.8300449 -0.4829853 -0.2788382 0.830045 -0.483008 -0.2788665 0.8300222 -0.4830079 -0.2788665 0.8300222 -0.4830079 -0.2788665 0.8300222 -0.5303267 -0.1723148 0.8300971 -0.5303277 -0.1723125 0.830097 -0.5303276 -0.1723125 0.830097 -0.5303128 -0.1723036 0.8301084 -0.5303127 -0.1723036 0.8301084 -0.5303127 -0.1723036 0.8301084 -0.5545314 -0.05828642 0.8301191 -0.5545314 -0.05828648 0.8301191 -0.5545314 -0.05828642 0.8301191 -0.5543549 -0.0582633 0.8302386 0.1952294 -0.02052009 0.980543 0.1866953 -0.06066071 0.9805433 0.1867066 -0.06066614 0.9805408 0.1697168 -0.09803009 0.9806051 0.1697168 -0.09803009 0.9806051 0.1697168 -0.09803009 0.9806051 0.1699997 -0.09814757 0.9805444 0.145616 -0.1311409 0.9806111 0.1456159 -0.131141 0.9806111 0.1458867 -0.1313533 0.9805424 0.1153845 -0.1588165 0.9805427 0.1154041 -0.1588573 0.9805337 0.07985579 -0.1793662 0.980536 0.07984727 -0.1793271 0.9805439 0.04080182 -0.1920055 0.9805454 0.04080373 -0.192013 0.9805438 0 -0.1963031 0.9805434 0 -0.1963005 0.9805439 -0.04080802 -0.1920118 0.9805439 -0.04079675 -0.1919854 0.9805495 -0.07982474 -0.1792914 0.9805522 -0.07984656 -0.1793263 0.980544 -0.1153796 -0.1588045 0.9805452 -0.1153605 -0.1587857 0.9805504 -0.1458426 -0.1313261 0.9805527 -0.1458661 -0.1313412 0.9805471 -0.1699918 -0.0981462 0.9805458 -0.170019 -0.09815698 0.98054 -0.1867108 -0.06065702 0.9805406 -0.186659 -0.06064987 0.980551 -0.1951949 -0.02051484 0.9805499 -0.1951744 -0.02051603 0.9805541 0.9945215 -0.104533 0 0.9875944 -0.1564301 0.01367592 0.9659204 -0.2588393 0 0.9335845 -0.3583575 0 0.890933 -0.453929 0.01367366 0.8660399 -0.4999749 0 0.7431461 -0.6691291 0 0.7070306 -0.7070507 0.01367938 0.629275 -0.7771828 0 0.5446563 -0.8386595 0 0.4539347 -0.89093 0.0136823 0.4066964 -0.9135634 0 0.2079865 -0.9781317 0 0.1564701 -0.9875879 0.01368105 0.05235004 -0.9986288 0 -0.05235993 -0.9986283 0 -0.15648 -0.9875864 0.01367884 -0.2079867 -0.9781317 0 -0.4066609 -0.9135793 0 -0.4539349 -0.8909296 0.01369392 -0.5447445 -0.8386021 0 -0.6292732 -0.7771843 0 -0.70704 -0.7070412 0.01368141 -0.7431612 -0.6691126 0 -0.8660147 -0.5000187 0 -0.8909299 -0.4539347 0.0136857 -0.9336162 -0.3582749 0 -0.9659013 -0.2589107 0 -0.9875867 -0.1564788 0.01367938 -0.9945177 -0.1045691 0 -0.4442801 0.8952306 -0.0343154 -0.06857544 0.8856319 -0.459297 -0.09231245 0.9924659 0.08056026 -0.08605462 0.9925937 0.0857464 -0.08602708 0.9925757 0.08598148 -0.05436682 0.9977849 -0.03833854 -0.06862676 0.9960836 -0.05574959 -0.06855684 0.9806182 -0.183543 -0.0684905 0.9806115 -0.1836036 -0.06850975 0.945244 -0.3190929 -0.04401165 0.7365316 -0.6749697 -0.0910595 0.8076003 -0.5826576 -0.06866711 0.8305429 -0.5527057 -0.06853353 0.8856164 -0.4593331 -0.9601072 0.2789695 -0.0192424 -0.9995803 0.02795892 0.007593333 -0.9955573 -0.001885235 0.09413844 -0.9897974 0.142401 0.004822731 -0.9701525 0.2248037 0.09092587 -0.9566908 0.2869946 0.04875206 -0.921696 0.378938 0.08296155 -0.9394686 0.3322042 0.08389985 -0.8937653 0.4480772 0.02026391 -0.8944382 0.4288824 0.1266506 -0.6264886 0.7602733 0.1717461 -0.7538712 0.6423061 0.1382791 -0.7775679 0.6035285 0.1764698 -0.8379849 0.5378031 0.09246265 -0.8944644 0.4288093 0.1267126 -0.4450919 0.87659 0.1829848 -0.4450919 0.8765899 0.1829848 -0.4450919 0.8765899 0.1829848 -0.4128181 0.8222159 0.3918449 -0.412818 0.8222159 0.3918449 -0.412818 0.8222159 0.3918449 -0.4511843 0.849985 0.2719527 -0.5243464 0.8399358 0.1398882 -0.5243464 0.8399359 0.1398882 -0.657882 0.7055447 0.2634353 -0.2423633 0.9173243 -0.3158736 -0.2429116 0.8820018 -0.4038156 -0.2512861 0.8592199 -0.4456418 -0.1860263 0.8070422 -0.5604259 -0.1861776 0.8105221 -0.5553304 -0.1434484 0.9868174 0.07492619 -0.2416916 0.9608908 0.1351816 -0.242339 0.9694762 -0.03725296 -0.2424001 0.9694646 -0.03715968 -0.2424001 0.9536047 -0.1785506 -0.6217638 0.766392 -0.1614097 -0.5926752 0.7918 -0.1476112 -0.4437694 0.8807079 -0.1655966 -0.4426801 0.838482 -0.3177772 -0.4008792 0.866214 -0.2982769 -0.3652378 0.8453782 -0.3897912 -0.3654618 0.8484668 -0.3828079 -0.06861829 0.9192283 -0.3876997 -0.06861823 0.9192283 -0.3876996 -0.06861823 0.9192283 -0.3876996 -0.06220656 0.9435864 -0.325231 -0.06220656 0.9435865 -0.3252309 -0.06220656 0.9435864 -0.3252309 -0.2423639 0.9173238 -0.3158748 -0.2423659 0.9536046 -0.1785975 -0.4442024 0.8806151 -0.1649286 -0.4442058 0.895263 -0.03443062 -0.6343496 0.7724753 -0.02970808 -0.6261978 0.779527 -0.01462823 -0.7704952 0.6369982 -0.02388691 -0.7750265 0.6265993 -0.08189898 -0.9041221 0.1630439 0.3949428 -0.9041221 0.1630439 0.3949428 -0.9041222 0.1630439 0.3949429 -0.8794354 0.4732289 0.05145496 -0.7784008 0.6240895 0.06785744 -0.7783659 0.6241391 0.06780254 -0.6257245 0.7754817 0.08424299 -0.6257795 0.7754291 0.08432048 -0.4442809 0.8906373 0.09684884 -0.4442027 0.8906881 0.09674113 -0.2705621 0.9570744 0.1039475 -0.2784076 0.9484674 0.1513239 -0.2784076 0.9484674 0.1513239 -0.2784076 0.9484673 0.1513239 -1 0 0 -1 2.68053e-5 0 -0.449921 0.892994 0.01152503 -0.2727743 0.9618606 -0.02045643 -0.2877743 0.9570291 0.03579622 -0.09013038 0.9952223 -0.03754043 -0.101455 0.9948361 -0.00285387 -0.4110879 0.8921059 0.1874936 -0.4110879 0.8921059 0.1874936 -0.502787 0.8640058 -0.02644658 -0.6138559 0.789406 0.004390597 -0.6138559 0.7894059 0.004390597 -0.6138559 0.7894059 0.004390597 -0.618094 0.785326 -0.03497207 -0.6902098 0.7235964 -0.004326522 -0.6902098 0.7235964 -0.004326581 -0.6902098 0.7235964 -0.004326581 -0.7560773 0.654407 0.009930431 -0.7560773 0.654407 0.009930431 -0.7560773 0.6544071 0.009930431 -0.7556904 0.6548996 0.006203293 -0.7556904 0.6548996 0.006203293 -0.7556904 0.6548997 0.006203293 -0.8377024 0.5414116 0.07161104 -0.82408 0.4733464 0.3111839 -0.8862767 0.4596768 0.05666553 -0.9333408 0.3288736 0.1439349 -0.9333407 0.3288737 0.1439349 -0.9387594 0.3369445 0.07210558 -0.9387595 0.3369445 0.07210558 -0.9889655 0.1478663 0.009103119 -0.97928 0.1542477 -0.1312191 -0.02338755 0.9996985 -0.007491707 -0.9712832 0.153438 -0.1818403 -0.9621195 0.1512841 -0.2268027 -0.9621195 0.1512841 -0.2268027 -0.9621195 0.1512841 -0.2268027 -0.08840596 0.9960057 -0.01254183 -0.08445131 0.9953984 -0.04527646 -0.08517181 0.9952718 -0.04669028 -0.08517187 0.9952718 -0.04669028 -0.08517187 0.9952718 -0.04669028 -0.2111001 0.9760445 -0.05266845 -0.2111001 0.9760445 -0.05266845 -0.2111001 0.9760445 -0.05266839 -0.2461008 0.9620909 -0.1175391 -0.3010887 0.9482004 -0.1013004 -0.3603345 0.9254199 -0.1172903 -0.4089926 0.8959937 -0.1729749 -0.4548827 0.8795748 -0.1393915 -0.5655086 0.7967652 -0.2129918 -0.562907 0.7978529 -0.2157927 -0.7071087 0.6705353 -0.2244542 -0.6365772 0.6996643 -0.3244063 -0.6365772 0.6996643 -0.3244062 -0.9280424 0.2049072 -0.3110475 -0.8942182 0.342545 -0.288161 -0.8620327 0.3605684 -0.3562164 -0.8620327 0.3605684 -0.3562164 -0.8620327 0.3605684 -0.3562165 -0.8467256 0.4409057 -0.2977548 -0.789954 0.5221202 -0.3215017 -0.7785843 0.5025962 -0.3757708 -0.7698981 0.5917243 -0.2389964 -0.09138762 0.9956868 -0.01600992 -0.2715981 0.9615821 -0.03993195 -0.2646546 0.9632505 -0.04589664 -0.4456547 0.892938 -0.06366842 -0.4342179 0.8975235 -0.07685327 -0.6086655 0.7890256 -0.08345812 -0.5929249 0.7978863 -0.1087092 -0.6836245 0.7225759 -0.1026732 -0.6836245 0.7225759 -0.1026732 -0.6836245 0.7225759 -0.1026733 -0.7378081 0.6683986 -0.09424775 -0.7449684 0.6525957 -0.1383509 -0.8563479 0.5059876 -0.1031743 -0.8312098 0.5254977 -0.1815007 -0.9355359 0.3391941 -0.09859025 -0.9038504 0.3637429 -0.2252681 -0.9835712 0.1613215 -0.08101379 -0.8724645 0.2006762 -0.4455724 0.04365992 0.7365427 -0.6749807 0.3537723 0.852493 -0.384839 0.444256 0.8803796 -0.1660376 0.615484 0.7748365 -0.1442492 0.961911 0.2721284 0.02595359 0.08594751 0.9926115 0.0856477 0.5206475 0.8338713 0.1832618 0.5206475 0.8338714 0.1832618 0.5206475 0.8338714 0.1832619 0.4527375 0.8594369 0.2374803 0.441284 0.8489319 0.2908318 0.3591238 0.9186406 0.1647108 0.3591238 0.9186406 0.1647108 0.3002484 0.9386647 0.1695862 0.5801411 0.7955762 0.1746276 0.5801411 0.7955762 0.1746276 0.5801411 0.7955762 0.1746276 0.6237581 0.7449666 0.2365387 0.6237581 0.7449667 0.2365387 0.6237581 0.7449667 0.2365387 0.6666634 0.7280021 0.1599155 0.7217879 0.676081 0.1481102 0.7217879 0.676081 0.1481102 0.7217879 0.676081 0.1481102 0.7780795 0.6059942 0.1654192 0.7846688 0.6019768 0.1480504 0.8942584 0.4279315 0.1310597 0.8737245 0.4762493 0.09895658 0.8355917 0.5377668 0.1122205 0.8355917 0.5377668 0.1122205 0.8355917 0.5377668 0.1122205 0.9647804 0.2526698 0.07319128 0.9455956 0.3185508 0.06613916 0.9209542 0.3819636 0.07711881 0.9998022 0.0191906 0.005219638 0.9998309 0.01684838 0.007367312 0.9893878 0.1449562 -0.009988069 0.9893877 0.1449562 -0.009988069 0.9893877 0.1449562 -0.009988069 0.995306 0.08830201 0.03960961 0.9717842 0.2329608 0.03694355 0.4434963 0.8809551 -0.165013 0.4435399 0.8473732 -0.2919436 0.3791413 0.8412625 -0.3853951 0.36268 0.8494824 -0.3832008 0.36268 0.8494825 -0.3832008 0.36268 0.8494824 -0.3832008 0.04513144 0.8101114 -0.5845364 0.068448 0.800642 -0.5952205 0.06853568 0.8856063 -0.4593523 0.06838351 0.8856794 -0.4592339 0.06868004 0.9192456 -0.3876479 0.06867998 0.9192456 -0.3876479 0.06867998 0.9192455 -0.3876479 0.06183087 0.9456555 -0.3192375 0.06853175 0.9432199 -0.3250226 0.06852358 0.9805871 -0.1837211 0.06842088 0.9806116 -0.1836293 0.06848895 0.9960961 -0.05569529 0.1822517 0.8112041 -0.5556369 0.1861293 0.8106417 -0.5551722 0.1880541 0.871919 -0.4520984 0.2415663 0.8433351 -0.480033 0.2423831 0.9172493 -0.316076 0.2423458 0.9172766 -0.3160256 0.242351 0.9536128 -0.1785744 0.242384 0.9535965 -0.1786166 0.8579531 0.05614781 0.5106507 0.857953 0.05614805 0.5106509 0.857953 0.05614799 0.5106508 0.77567 0.6269171 -0.072878 0.758979 0.6509977 -0.0123704 0.625007 0.7790765 -0.0490511 0.6094229 0.7922596 -0.03047162 0.4442803 0.8952259 -0.0344333 0.4442824 0.8952246 -0.03443819 0.2423197 0.9694796 -0.03729009 0.2423887 0.9694583 -0.03739386 0.09954309 0.9942941 -0.03834831 0.01249927 0.9998439 0.01248878 0.9244751 0.3741068 0.07341563 0.8940196 0.4473549 0.02455073 0.8719907 0.4866629 0.05283492 0.7783679 0.6241411 0.06775975 0.7783392 0.6241713 0.06781184 0.6257376 0.7754707 0.08424824 0.6258023 0.7754296 0.08414524 0.444269 0.8906648 0.09665012 0.4442797 0.8906611 0.09663647 0.2953714 0.9498085 0.1030514 0.2415932 0.9603818 0.1389234 0.1862411 0.9782254 0.09159409 0.0985316 0.9922863 0.07523083 0.6119596 0.7899991 -0.03751152 0.6184327 0.78582 0.00530225 0.5154082 0.8566371 -0.02296233 0.5154082 0.8566371 -0.02296233 0.5154082 0.8566372 -0.02296233 0.5026724 0.8635162 -0.04074841 0.5026723 0.8635162 -0.04074841 0.5026724 0.8635162 -0.04074841 0.4340139 0.8996227 0.04807209 0.4186163 0.9081461 0.005570054 0.3269731 0.9449695 -0.01101619 0.2870405 0.9545218 -0.08059704 0.2385097 0.970987 0.01724565 0.1014008 0.9942837 -0.03343474 0.09215444 0.9957414 -0.002590477 0.68984 0.723947 -0.004636704 0.68984 0.723947 -0.004636704 0.6898401 0.723947 -0.004636704 0.7558167 0.6547093 0.009853243 0.7560647 0.6544626 0.006719231 0.8225772 0.5656769 0.05810856 0.8225772 0.5656769 0.05810856 0.8397613 0.5427684 0.01425993 0.8397613 0.5427684 0.01425993 0.8524374 0.4723526 0.2241287 0.8524373 0.4723526 0.2241287 0.8524374 0.4723527 0.2241287 0.8862248 0.4597669 0.05674582 0.8862248 0.4597668 0.05674582 0.8862249 0.4597668 0.05674582 0.9323058 0.3331786 0.1407054 0.9407985 0.3315963 0.07030028 0.9809679 0.1927425 0.02350229 0.8753949 0.1309032 -0.4653475 0.9926758 0.09630018 -0.07294672 0.4306347 0.8851537 -0.1762294 0.4306347 0.8851537 -0.1762294 0.4306347 0.8851537 -0.1762293 0.9888477 0.0961439 -0.1137397 0.6831287 0.7230067 -0.1029395 0.6831287 0.7230067 -0.1029396 0.4318562 0.9018918 -0.009561181 0.2994333 0.9523788 -0.0575717 0.325909 0.9449353 -0.02967566 0.2362488 0.9713799 -0.02465116 0.3839765 0.9207122 -0.06964927 0.5348454 0.8413421 -0.07799917 0.5136354 0.8565599 -0.04983729 0.75016 0.6547852 -0.09228497 0.7506938 0.6543544 -0.09098994 0.8137894 0.5666354 -0.1291173 0.8733713 0.4757789 -0.1041984 0.8707478 0.4907374 -0.03122448 0.9166212 0.329477 -0.2263856 0.9193841 0.3355644 -0.2052549 0.9676268 0.2203612 -0.1230419 0.9627078 0.1915267 -0.1910792 0.9855285 0.09414309 -0.140964 0.9855284 0.09414309 -0.140964 0.9855284 0.09414315 -0.140964 0.9823188 0.09061741 -0.1638242 0.9854168 0.116024 -0.1244678 0.9928886 0.07406753 0.0932002 0.9928886 0.07406753 0.0932002 0.9928886 0.07406753 0.0932002 0.9017127 0.2197394 -0.3723288 0.9017127 0.2197394 -0.3723289 0.9383547 0.2773393 -0.2063335 0.9383546 0.2773393 -0.2063335 0.9383547 0.2773393 -0.2063335 0.8849486 0.3277778 -0.3307986 0.8744461 0.3783823 -0.3035965 0.833123 0.4438505 -0.3300043 0.7878993 0.4701436 -0.3977182 0.7987352 0.5366429 -0.2720968 0.5680365 0.7848543 -0.247666 0.6280544 0.7339211 -0.2586649 0.3142592 0.9097298 -0.2713537 0.2555946 0.8923024 -0.3721128 0.2555947 0.8923025 -0.3721128 0.2825741 0.9528952 -0.1101936 0.08913296 0.9945444 -0.05419355 0.03619217 0.9993318 -0.005131602 0.0326476 0.9994453 -0.006582498 0.03328526 0.9993889 -0.01067072 0.03286981 0.9994025 -0.01069301 0.05102223 0.9986833 0.005327045 0.05102217 0.9986833 0.005327105 0.05102223 0.9986833 0.005327045 0.1049376 0.9897074 -0.09730029 0.1049376 0.9897075 -0.09730029 0.1049376 0.9897074 -0.09730029 0.4901858 0.84974 -0.1940615 0.4433584 0.7925776 -0.4186337 0.5463887 0.8147905 -0.1938455 0.6163162 0.761457 -0.2008421 0.7031258 0.6544509 -0.2780433 0.6717118 0.6671248 -0.3220992 0.7501081 0.5994488 -0.2792833 0.3726784 0.920895 -0.1142951 0.3635872 0.9230011 -0.12599 0.5150279 0.8424021 -0.1584458 0.6413761 0.7670078 -0.01832932 0.6162808 0.7746296 -0.1419401 0.6063056 0.7878407 -0.1081693 0.1900172 0.9795656 0.06591576 0.1774044 0.9835633 -0.03363037 0.1738893 0.9840229 -0.03822898 0.1700538 0.9839945 -0.05325889 0.166057 0.9844481 -0.05733132 -0.04252851 0.8452036 -0.5327496 -0.04252845 0.8452036 -0.5327497 -0.04252851 0.8452037 -0.5327496 0.219059 0.9717252 -0.08810925 -1 7.64442e-7 0 -1 -6.3679e-7 0 -1 4.39288e-7 0 -1 -1.67355e-7 0 1 0 0 1 -2.91701e-7 0 1 0 0 1 0 0 1 0 0 1 3.27618e-7 0 0.9999997 -9.58767e-4 0 0.9999997 -9.58767e-4 0 0.9999997 -9.58767e-4 0 -0.9199433 0.3920513 0 -0.8659377 0.4999585 0.01391476 -0.8659377 0.4999584 0.01391476 -0.8659377 0.4999585 0.01391476 -0.6351824 0.7720934 0.0203734 -0.7164217 0.6976662 0.001416087 -0.6029595 0.7977719 0 -0.6029595 0.7977719 0 -0.6029595 0.7977719 1.93024e-7 -0.6843574 0.7290569 0.01144945 -0.7390455 0.6736447 0.003848433 -0.8991977 0.437451 -0.0089643 -0.8001035 0.5989565 0.03294909 -0.8400483 0.5421119 0.02082192 -0.8400483 0.542112 0.02082186 -0.8400483 0.542112 0.02082186 1.58367e-7 0 1 -1.34225e-7 0 1 0 0 1 -8.11382e-7 0 1 3.40074e-6 0 1 7.70828e-7 0 1 0 0 1 1.18032e-6 0 1 -3.40061e-6 0 1 -1.37221e-7 0 1 3.46407e-7 0 1 -2.62869e-7 0 1 0 0 1 0 0 1 0 0 1 0 0 1 0 0 1 0 0 1 0 0 1 0 0 1 0 0 1 0 0 1 0 0 1 0 0 1 0 0 1 0 0 1 0 0 1 0 0 1 0 0 1 0 0 1 0 0 1 0 0 1 0 0 1 0 0 1 0 0 1 0 0 1 0 0 1 0 0 1 0 0 1 0 0 1 0 0 1 0 0 1 0 0 1 0 0 1 0 0 1 0 0 1 0 0 1 0 -1 0 0.5115184 0.1167182 0.8513083 0 0.5246651 0.8513088 0.2276293 0.4727098 0.851311 0.4102041 0.3271099 0.8513118 -0.5115156 0.1167656 0.8513035 -0.4102139 0.3271176 0.8513041 -0.2276323 0.4727161 0.8513067 0.9807966 0.195034 0 0.9749374 0.2224614 0.002844214 0.9127651 0.408485 0 0.8155994 0.578617 0 0.7818388 0.6234615 0.004886269 0.6662732 0.7457077 0 0.5080639 0.8613196 0 0.433848 0.9009655 0.00610876 0.3036383 0.9527873 0 0.1118896 0.9937207 0 0 0.9999788 0.006512701 -0.1119099 0.9937185 0 -0.3036383 0.9527873 0 -0.433848 0.9009654 0.00610882 -0.5080639 0.8613196 0 -0.6662729 0.7457081 0 -0.7818389 0.6234614 0.004886269 -0.9807767 0.1951335 0 -0.9749176 0.2225482 0.002843022 -0.9127619 0.4084923 0 -0.8155994 0.578617 0 -0.700214 0.1392971 0.7002119 -0.7001947 0.1393098 0.7002288 -0.6455438 0.2888998 0.7069725 -0.6063913 0.4051548 0.6842072 -0.580807 0.4120457 0.7020553 -0.4714945 0.5277112 0.7065507 -0.4109579 0.6150798 0.6728971 -0.3610219 0.6120392 0.7036129 -0.215085 0.6749099 0.7058578 -0.1453146 0.7307087 0.6670446 -0.07937997 0.7048758 0.7048752 0.139239 0.7002186 0.7002189 0.0868591 0.7714327 0.6303549 0.215085 0.67491 0.7058577 0.396621 0.593621 0.7002185 0.3834926 0.6501337 0.6559419 0.4714942 0.527712 0.7065503 0.5936247 0.3966236 0.7002139 0.7002186 0.1392406 0.7002186 0.7002174 0.1392384 0.7002201 0.6455454 0.288896 0.7069726 0.5986354 0.4246945 0.6791688 0.9876883 0.1564348 0 0.9876883 0.1564351 0 0.8910163 0.4539715 0 0.8910162 0.4539716 0 0.7070974 0.7071163 0 0.7070975 0.707116 0 0.4539772 0.8910134 0 0.4539773 0.8910133 0 0.1564218 0.9876904 0 0.1564217 0.9876904 0 -0.1564317 0.9876888 0 -0.1564316 0.9876888 0 -0.4539775 0.8910132 0 -0.7071066 0.707107 0 -0.707107 0.7071066 0 -0.8910132 0.4539775 0 -0.8910133 0.4539773 0 -0.9876806 0.1564835 0 -0.9876807 0.1564835 0 0.7027151 0.1112994 0.7027119 0.7027041 0.1112935 0.7027239 0.633927 0.322984 0.7027218 0.6339749 0.3230249 0.7026597 0.5031341 0.5031496 0.7026355 0.5031348 0.5031509 0.702634 0.3230193 0.6339825 0.7026555 0.3230111 0.6339486 0.70269 0.1112942 0.7027396 0.7026882 0.1112959 0.7027134 0.7027141 -0.1112982 0.7027139 0.7027133 -0.1113054 0.7027361 0.7026899 -0.3230019 0.6339524 0.7026907 -0.3230274 0.6339763 0.7026573 -0.5031418 0.5031437 0.7026342 -0.50314 0.5031429 0.7026361 -0.6339801 0.3230159 0.7026593 -0.6337948 0.3229736 0.7028458 -0.7025541 0.1113094 0.7028713 -0.7027156 0.1112954 0.7027119 0.5115193 0.1167173 0.8513079 0 0.524671 0.8513051 0.2276423 0.4727112 0.8513067 0.4101919 0.3271297 0.8513101 -0.5115162 0.1167647 0.8513033 -0.4102018 0.3271376 0.8513022 -0.2276453 0.4727175 0.8513025 0.9807938 0.1950476 0 0.9749379 0.2224592 0.002842426 0.9128609 0.408271 0 0.8155627 0.5786689 0 0.7818108 0.6234967 0.004884302 0.6662963 0.7456872 0 0.5080947 0.8613013 0 0.4338699 0.9009549 0.006109535 0.3036405 0.9527867 0 0.1119614 0.9937126 0 0 0.9999788 0.006516695 -0.1119817 0.9937103 0 -0.3036405 0.9527867 0 -0.43387 0.9009548 0.006109654 -0.5080947 0.8613013 0 -0.6662959 0.7456876 0 -0.7818109 0.6234966 0.004884362 -0.980774 0.1951471 0 -0.974918 0.2225461 0.002841234 -0.9128577 0.4082782 0 -0.8155627 0.5786689 0 -0.7002129 0.1393029 0.7002118 -0.7001885 0.1393188 0.7002331 -0.6455137 0.2890632 0.7069333 -0.6455137 0.2890631 0.7069333 -0.6455137 0.2890631 0.7069333 -0.6064066 0.4051782 0.6841796 -0.5807783 0.4120815 0.702058 -0.4715113 0.527692 0.7065539 -0.4109694 0.6150768 0.6728928 -0.3610516 0.6120371 0.7035996 -0.2150885 0.6749233 0.7058439 -0.1453518 0.7306982 0.667048 -0.07943105 0.7048712 0.704874 0.1392758 0.7002171 0.7002131 0.08691352 0.771409 0.6303765 0.2150884 0.6749234 0.7058438 0.396636 0.5936242 0.7002072 0.3835154 0.6501183 0.6559438 0.4715125 0.5276945 0.7065511 0.5936184 0.3966323 0.7002142 0.7002163 0.1392506 0.7002189 0.7002137 0.1392437 0.7002229 0.6454846 0.2891997 0.706904 0.6454846 0.2891997 0.7069041 0.598636 0.4247528 0.6791318 0.9876883 0.1564356 0 0.9876881 0.156436 0 0.8910086 0.4539864 0 0.8910085 0.4539868 0 0.4539712 0.8910164 0 0.4539715 0.8910163 0 0.1564348 0.9876883 0 -0.1564447 0.9876868 0 -0.4539715 0.8910163 0 -0.4539717 0.8910162 0 -0.7071255 0.7070881 0 -0.7071257 0.7070879 0 -0.8910056 0.4539924 0 -0.9876804 0.1564844 0 0.7027146 0.1113 0.7027124 0.7027029 0.111294 0.7027249 0.633918 0.3229949 0.7027249 0.6339371 0.3230078 0.7027017 0.5031051 0.5030901 0.7026988 0.5031358 0.5031477 0.7026357 0.3230132 0.6339833 0.7026575 0.3229981 0.6339188 0.7027227 0.1112973 0.7027009 0.7027264 0.1112951 0.7027146 0.7027131 -0.1113079 0.7027207 0.702705 -0.1112985 0.7026923 0.7027348 -0.3229876 0.6339244 0.7027226 -0.3230265 0.6339745 0.7026594 -0.5031545 0.503126 0.7026377 -0.5030978 0.5030965 0.7026995 -0.6339344 0.3230081 0.7027041 -0.6337932 0.3229749 0.7028467 -0.7027915 0.1112962 0.702636 -0.7027915 0.1112962 0.702636 -0.7027915 0.1112963 0.702636 -0.7027137 0.1112964 0.7027137 0 -1 4.81505e-6 0 -1 -1.34043e-6 0 -1 4.61698e-6 0 -1 -2.08476e-6 0 -1 1.91521e-7 0 -1 -2.40536e-7 0 -1 3.6857e-7 0 -1 2.7066e-7 0 -1 -2.26875e-6 0 -1 4.43352e-7 2.46111e-7 0 1 5.58093e-7 0 1 -6.86323e-7 0 1 -3.3229e-7 0 1 -3.06173e-7 0 1 -4.61629e-7 0 1 -1.05369e-6 0 1 4.92869e-7 0 1 4.29285e-7 0 1 5.14741e-7 0 1 -5.17506e-7 0 1 6.09208e-7 0 1 -1.32466e-6 0 1 1.54564e-7 0 1 -1.16497e-6 0 1 -1.33942e-7 0 1 1.70345e-7 0 1 8.28042e-7 0 1 -3.86054e-7 0 1 -2.19986e-7 0 1 9.23205e-7 0 1 3.06173e-7 0 1 -2.75557e-6 0 1 2.1233e-7 0 1 2.34614e-6 0 1 -2.09582e-7 0 1 3.01049e-7 0 1 -0.7071081 0 -0.7071055 -0.7071063 0 -0.7071074 -1.17189e-6 0 -1 1.1719e-6 0 -1 0.7071146 0 -0.707099 0.7071112 0 -0.7071024 0.4999995 0 0.8660258 0.4999983 0 0.8660264 0.5000107 0 -0.8660193 0.5000117 0 -0.8660187 0.7069123 0 -0.7073013 0.9995002 0 -0.03161382 0.9627268 1.54896e-4 -0.2704757 0.965923 9.3464e-5 -0.2588298 0.965923 9.34624e-5 -0.2588298 0.965923 9.38943e-5 -0.2588298 0.8722436 -2.8051e-6 -0.4890718 0.8722437 -2.51865e-6 -0.4890718 0.8722436 -2.48156e-6 -0.4890719 0.7025544 3.25892e-5 -0.7116302 0.9775151 0 0.2108655 0.966012 2.11188e-4 0.2584974 0.8889083 -2.41336e-6 0.4580851 0.7830795 3.03167e-6 0.6219218 0.7830795 3.06475e-6 0.6219218 0.7830795 3.05603e-6 0.6219217 0.7069369 3.4412e-4 0.7072766 0.5963193 0 0.8027474 0.5963193 0 0.8027474 0.5963193 0 0.8027474 -0.5000113 0 -0.866019 -0.5000109 0 -0.8660191 -0.499999 0 0.8660261 -0.4999987 0 0.8660261 -0.7071096 0 0.7071039 -0.9995004 0 0.03160649 -0.9626011 1.55263e-4 0.2709227 -0.9659252 9.36209e-5 0.2588217 -0.8722723 -2.4692e-6 0.4890208 -0.8722723 -2.50719e-6 0.4890208 -0.8722723 -2.49034e-6 0.4890208 -0.7026324 3.34534e-5 0.711553 -0.9774785 0 -0.211035 -0.9659234 2.11965e-4 -0.2588278 -0.8889328 -1.19837e-6 -0.4580379 -0.7832424 2.973e-6 -0.6217166 -0.7070908 3.44364e-4 -0.7071228 -0.5963059 0 -0.8027573 -0.5963059 0 -0.8027573 -0.5963059 0 -0.8027573 -2.94856e-7 0 1 4.13517e-7 0 1 3.71761e-7 0 1 -3.71758e-7 0 1 -0.7027114 -0.111339 0.7027093 -0.7028943 -0.1113281 0.7025281 -0.7028943 -0.111328 0.7025281 -0.7028943 -0.111328 0.7025281 -0.6340091 -0.3230602 0.7026126 -0.6340091 -0.3230602 0.7026126 -0.633955 -0.3230571 0.7026631 -0.5031395 -0.5031414 0.7026375 -0.5031389 -0.5031418 0.7026376 -0.3230162 -0.6339803 0.7026589 -0.322973 -0.6337919 0.7028488 -0.1113165 -0.7025508 0.7028734 -0.1113028 -0.7027129 0.7027136 0.1113339 -0.702711 0.7027106 0.1113333 -0.7028955 0.702526 0.1113333 -0.7028955 0.702526 0.1113332 -0.7028955 0.702526 0.3229285 -0.6338087 0.702854 0.3230581 -0.6339548 0.7026627 0.5031346 -0.50315 0.7026349 0.5031326 -0.5031487 0.7026371 0.6339826 -0.3230121 0.7026588 0.6339185 -0.3229986 0.7027228 0.7027002 -0.1113011 0.7027266 0.7027145 -0.1112998 0.7027124 -0.9876797 -0.1564894 0 -0.9876796 -0.1564895 0 -0.8910132 -0.4539775 0 -0.8910133 -0.4539773 0 -0.7071068 -0.7071068 0 -0.4539769 -0.8910136 0 -0.4539771 -0.8910135 0 -0.156494 -0.987679 0 -0.1564942 -0.9876789 0 0.1564841 -0.9876805 0 0.1564843 -0.9876805 0 0.4539766 -0.8910136 0 0.4539767 -0.8910136 0 0.7070974 -0.7071163 0 0.7070975 -0.707116 0 0.8910161 -0.4539718 0 0.8910164 -0.4539713 0 0.9876874 -0.156441 0 0.9876874 -0.1564407 0 -4.35709e-7 0 1 -7.93399e-7 0 1 -6.25999e-7 0 1 1.61104e-6 0 1 -6.17265e-7 0 1 -6.03201e-7 0 1 6.25999e-7 0 1 -4.35704e-7 0 1 -1.1694e-6 0 1 -5.84711e-7 0 1 6.25987e-7 0 1 -1.61088e-6 0 1 6.17225e-7 0 1 6.03232e-7 0 1 -6.25988e-7 0 1 0.7002181 -0.1392458 0.7002181 0.7002142 -0.1392485 0.7002214 0.6456289 -0.288708 0.7069732 0.6064217 -0.4051761 0.6841675 0.5807756 -0.4120835 0.702059 0.4714982 -0.5277088 0.70655 0.410959 -0.6150808 0.6728955 0.3610202 -0.6120391 0.7036139 0.2150861 -0.6749086 0.7058585 0.1453583 -0.7306762 0.6670706 0.07949209 -0.7048699 0.7048685 -0.1393098 -0.7002111 0.7002123 -0.08700364 -0.7713401 0.6304481 -0.2150861 -0.6749086 0.7058587 -0.3966211 -0.5936203 0.700219 -0.3834924 -0.6501367 0.6559391 -0.4714984 -0.527708 0.7065504 -0.5936238 -0.3966245 0.7002141 -0.7002118 -0.1393214 0.7002092 -0.7001967 -0.1393014 0.7002283 -0.6454951 -0.28902 0.7069679 -0.6454951 -0.28902 0.7069678 -0.6454951 -0.28902 0.7069678 -0.5986437 -0.4247639 0.6791181 -0.9807745 -0.1951453 0 -0.9749193 -0.2225405 0.002840816 -0.9128807 -0.4082267 0 -0.8155589 -0.5786743 0 -0.781804 -0.6235052 0.0048846 -0.6662766 -0.7457047 0 -0.5080618 -0.8613207 0 -0.433848 -0.9009654 0.006108522 -0.3036426 -0.9527861 0 -0.112086 -0.9936985 0 0 -0.9999787 0.006523132 0.1120658 -0.9937009 0 0.3036426 -0.9527861 0 0.433848 -0.9009655 0.006108522 0.5080618 -0.8613207 0 0.6662771 -0.7457044 0 0.7818039 -0.6235054 0.0048846 0.9807942 -0.1950457 0 0.9749392 -0.2224537 0.002842009 0.9128839 -0.4082193 0 0.8155589 -0.5786743 0 -0.5115152 -0.1167613 0.8513043 0 -0.5246744 0.8513031 -0.2276337 -0.4727241 0.8513019 -0.4101987 -0.327141 0.8513025 0.5115179 -0.1167139 0.8513092 0.4101887 -0.3271332 0.8513103 0.2276305 -0.4727175 0.8513064 -0.7027085 -0.111342 0.7027118 -0.7027973 -0.1113106 0.7026279 -0.7027973 -0.1113106 0.7026279 -0.7027973 -0.1113106 0.7026278 -0.6338105 -0.3229298 0.7028518 -0.633954 -0.3230565 0.7026641 -0.3230172 -0.633978 0.7026606 0.111273 -0.702562 0.7028691 0.3231214 -0.6341664 0.7024426 0.3231214 -0.6341664 0.7024426 0.3230563 -0.6339552 0.7026631 0.6339176 -0.3229981 0.7027239 0.7026979 -0.1113042 0.7027284 0.702715 -0.1113025 0.7027114 -0.987679 -0.1564933 0 -0.7071059 -0.7071076 0 -0.4539775 -0.8910132 0 -0.1564946 -0.9876788 0 -0.1564947 -0.9876789 0 0.1564847 -0.9876804 0 0.1564849 -0.9876804 0 0.4539773 -0.8910133 0 0.4539772 -0.8910134 0 0.7070967 -0.7071169 0 0.9876867 -0.1564449 0 0.9876868 -0.1564445 0 -6.29042e-7 0 1 1.61104e-6 0 1 -4.62949e-7 0 1 -1.2064e-6 0 1 6.29029e-7 0 1 5.84692e-7 0 1 -4.62919e-7 0 1 4.52434e-7 0 1 0.7002179 -0.1392505 0.7002173 0.7002124 -0.1392541 0.7002221 0.6456285 -0.2887048 0.7069749 0.6064236 -0.4051758 0.684166 0.5807742 -0.4120847 0.7020595 0.4715019 -0.5277054 0.70655 0.41096 -0.6150822 0.6728937 0.3610177 -0.6120411 0.7036135 0.1453605 -0.7306761 0.6670705 0.07949352 -0.7048698 0.7048684 -0.1393111 -0.7002121 0.7002111 -0.08700597 -0.7713388 0.6304495 -0.3966208 -0.5936214 0.7002182 -0.3834901 -0.6501393 0.6559378 -0.4715022 -0.5277046 0.7065504 -0.70021 -0.1393272 0.70021 -0.7001969 -0.1393057 0.7002273 -0.6456258 -0.2887082 0.7069759 -0.5986462 -0.4247657 0.6791147 -0.9807729 -0.1951532 0 -0.9749176 -0.2225483 0.002840697 -0.9128817 -0.4082241 0 -0.8155583 -0.5786749 0 -0.7818044 -0.6235048 0.004884421 -0.6662805 -0.7457012 0 -0.5080598 -0.8613219 0 -0.4338467 -0.9009661 0.006108462 -0.1120878 -0.9936984 0 0 -0.9999787 0.006523251 0.1120675 -0.9937006 0 0.4338467 -0.9009661 0.006108522 0.5080598 -0.8613219 0 0.6662809 -0.7457009 0 0.7818042 -0.6235049 0.004884421 0.9807927 -0.1950538 0 0.9749374 -0.2224614 0.002841889 0.9128851 -0.4082168 0 0.8155583 -0.5786749 0 -0.5115156 -0.1167656 0.8513035 0 -0.524681 0.851299 -0.2276362 -0.4727293 0.8512984 -0.410199 -0.3271433 0.8513014 0.5115185 -0.1167182 0.8513083 0.4101902 -0.3271354 0.8513087 0.2276332 -0.472723 0.8513026 0.4999965 0.8660274 0 0.5001104 0.8659617 -6.37357e-6 0.5001105 0.8659617 -6.40928e-6 0.5001104 0.8659618 -6.41037e-6 0.4999973 0.866027 1.01024e-6 0.499978 0.8660382 0 0.5001025 0.8659664 -6.22562e-7 0.5001025 0.8659664 -6.50936e-7 0.5001025 0.8659664 -6.88831e-7 0.499998 0.8660266 0 0.5001675 0.8659288 -1.25914e-5 0.5001675 0.8659288 -1.25926e-5 0.5001674 0.8659287 -1.26051e-5 0.5000957 0.8659702 -7.01963e-6 0.5000957 0.8659703 -7.01242e-6 0.5000957 0.8659702 -7.01511e-6 0.5000025 0.8660241 -1.25778e-6 0.4999761 0.8660393 -2.33314e-5 0.4995906 0.8662617 -7.91772e-6 0.4988767 0.866673 -4.42851e-5 0.4988766 0.866673 -4.40695e-5 0.4988767 0.866673 -4.436e-5 0.5003652 0.8658145 0 0.4999359 0.8660624 0 0.4999359 0.8660624 0 0.4999359 0.8660624 0 0.5001642 0.8659307 1.81499e-6 -0.5000113 0.866019 4.04223e-7 -0.5000113 0.8660189 4.88831e-7 -0.5000113 0.866019 4.90947e-7 -0.4999973 0.866027 0 -0.5000002 0.8660254 -1.86739e-6 -0.5000247 0.8660112 -1.06625e-6 -0.4998859 0.8660914 -3.52447e-6 -0.4998858 0.8660914 -3.47807e-6 -0.4998858 0.8660914 -3.51112e-6 -0.4999537 0.8660522 0 -0.4999935 0.8660293 -9.37952e-6 -0.5000076 0.866021 2.20113e-6 -0.4999792 0.8660374 3.14039e-6 -0.5000328 0.8660065 -4.07491e-6 -0.5000328 0.8660066 -4.21057e-6 -0.5000328 0.8660065 -3.99462e-6 -0.4991373 0.866523 3.00863e-5 -0.4991374 0.8665229 3.09872e-5 -0.4991372 0.8665229 2.89078e-5 -0.5000179 0.8660152 0 -0.5000178 0.8660151 0 -0.5000179 0.8660152 0 -0.5000138 0.8660175 0 -0.5000138 0.8660175 0 -0.5000138 0.8660175 0 -0.4998524 0.8661106 -6.30925e-6 -0.5000303 0.8660079 3.14164e-6 -0.5000303 0.8660079 3.03742e-6 -0.5000304 0.8660079 3.02429e-6</float_array>
          <technique_common>
            <accessor source="#shape0_011-mesh-normals-array" count="3849" stride="3">
              <param name="X" type="float"/>
              <param name="Y" type="float"/>
              <param name="Z" type="float"/>
            </accessor>
          </technique_common>
        </source>
        <vertices id="shape0_011-mesh-vertices">
          <input semantic="POSITION" source="#shape0_011-mesh-positions"/>
        </vertices>
        <triangles material="CASE-material" count="3334">
          <input semantic="VERTEX" source="#shape0_011-mesh-vertices" offset="0"/>
          <input semantic="NORMAL" source="#shape0_011-mesh-normals" offset="1"/>
          <p>0 0 1 0 2 0 0 1 2 1 3 1 3 2 2 2 4 2 3 2 4 2 5 2 6 3 7 3 8 3 8 4 7 4 9 4 8 5 9 5 10 5 10 6 9 6 11 6 11 7 9 7 12 7 11 8 12 8 13 8 13 9 12 9 14 9 14 10 12 10 15 10 14 11 15 11 16 11 16 12 15 12 17 12 17 13 15 13 18 13 17 14 18 14 19 14 19 15 18 15 20 15 20 16 18 16 21 16 20 17 21 17 22 17 22 18 21 18 23 18 23 19 21 19 24 19 23 20 24 20 25 20 25 21 24 21 26 21 26 22 24 22 27 22 26 23 27 23 28 23 28 24 27 24 29 24 29 25 27 25 30 25 29 26 30 26 31 26 31 27 30 27 32 27 32 28 30 28 33 28 32 29 33 29 34 29 34 30 33 30 35 30 35 31 33 31 36 31 35 32 36 32 37 32 38 33 39 33 40 33 39 34 41 35 42 36 43 37 6 37 8 37 41 38 43 38 44 38 44 39 43 39 8 39 44 40 8 41 45 42 45 43 8 44 10 43 10 45 11 45 45 45 45 46 11 46 13 46 45 47 13 47 46 47 46 48 13 49 14 50 46 51 14 51 47 51 47 52 14 52 16 52 47 53 16 53 48 53 16 54 17 54 48 54 48 55 17 55 19 55 48 56 19 56 49 56 49 57 19 57 20 57 49 58 20 59 50 59 50 60 20 60 22 60 50 61 22 61 51 61 26 62 52 62 25 62 25 63 52 63 51 63 25 64 51 64 23 64 23 65 51 65 22 65 28 66 53 66 26 66 26 67 53 67 54 67 26 68 54 68 52 68 28 69 29 69 53 69 53 70 29 70 31 71 53 72 31 72 55 72 55 73 31 73 32 73 55 74 32 74 56 74 56 75 32 75 34 75 56 76 34 76 57 76 34 77 35 77 57 77 57 78 35 78 37 78 57 79 37 79 58 79 41 80 44 81 42 81 42 82 44 82 45 82 42 83 45 84 59 85 59 86 45 86 46 86 59 87 46 87 60 87 60 88 46 88 47 88 60 89 47 90 61 91 61 92 47 92 48 92 61 93 48 93 62 93 62 94 48 94 49 94 62 95 49 95 63 95 63 96 49 96 50 96 63 97 50 97 64 97 64 98 50 98 51 98 64 99 51 99 65 99 65 100 51 101 52 101 65 102 52 102 66 102 66 103 52 103 54 103 66 104 54 104 67 104 67 105 54 105 53 105 67 106 53 106 68 106 68 107 53 107 55 107 68 108 55 108 69 108 69 109 55 110 56 111 69 112 56 113 70 112 70 114 56 114 57 114 70 115 57 116 71 117 71 118 57 119 58 120 71 121 58 122 72 123 39 124 42 124 40 124 40 125 42 125 59 126 40 127 59 128 73 129 73 130 59 131 60 130 73 132 60 133 74 134 74 135 60 136 61 137 74 138 61 138 75 138 75 139 61 140 62 139 75 141 62 141 76 141 76 142 62 143 63 144 76 145 63 145 77 145 77 146 63 147 64 148 77 149 64 150 78 151 78 152 64 153 65 154 78 155 65 155 79 155 79 156 65 157 66 158 79 159 66 159 80 159 80 160 66 160 67 160 80 161 67 162 81 162 81 163 67 164 68 165 81 166 68 166 82 167 82 168 68 168 69 168 82 169 69 169 83 169 83 170 69 170 70 170 83 171 70 171 84 171 84 172 70 172 71 172 84 173 71 174 85 173 85 175 71 176 72 177 85 178 72 178 86 178 38 179 40 179 87 179 87 180 40 180 73 180 87 181 73 181 88 181 88 182 73 183 74 184 88 185 74 185 89 185 89 186 74 186 75 186 89 187 75 187 90 187 90 188 75 188 76 188 90 189 76 189 91 189 91 190 76 190 77 190 91 191 77 191 92 191 92 192 77 192 78 192 92 193 78 193 93 193 93 194 78 194 79 194 93 195 79 195 94 195 94 196 79 196 80 196 94 197 80 197 95 197 95 198 80 198 81 198 95 199 81 199 96 199 96 200 81 200 82 200 96 201 82 201 97 201 97 202 82 202 83 202 97 203 83 203 98 203 98 204 83 204 84 204 98 205 84 206 99 207 99 208 84 208 85 208 99 209 85 209 100 209 100 210 85 210 86 210 100 211 86 211 101 211 102 212 103 213 104 214 104 215 103 215 105 215 104 216 105 216 106 216 106 217 105 217 107 217 107 218 105 218 108 218 107 219 108 219 109 219 110 220 111 220 112 220 110 221 112 221 113 221 114 222 115 222 116 222 116 223 115 223 113 223 116 224 113 224 117 224 117 225 113 225 112 225 118 226 119 226 120 226 118 226 120 226 121 226 121 227 120 227 122 227 121 228 122 228 123 228 124 229 125 229 126 229 124 230 126 230 127 230 127 231 126 232 128 233 127 234 128 235 129 236 130 237 131 238 132 239 132 240 131 241 133 242 132 243 133 244 134 245 134 246 133 247 135 248 135 249 133 249 136 249 135 250 136 251 137 252 129 253 108 253 138 253 129 254 138 254 127 254 127 255 138 255 139 255 127 256 139 256 124 256 140 257 141 257 142 257 140 258 142 258 143 258 143 259 142 259 144 259 143 260 144 260 145 260 146 261 147 262 148 263 148 264 147 264 149 264 148 265 149 265 150 265 150 266 149 267 151 268 151 269 149 269 152 269 151 270 152 270 153 270 154 271 155 271 156 271 154 272 156 272 157 272 157 273 156 273 158 273 157 274 158 274 159 274 160 275 161 275 162 275 162 276 161 276 163 276 153 277 164 277 161 277 161 278 164 279 165 280 161 281 165 282 163 283 159 284 166 284 167 284 159 285 167 285 157 285 157 286 167 286 168 286 157 287 168 287 154 287 169 288 170 289 171 290 171 291 170 292 172 293 173 294 174 294 175 294 175 295 174 295 172 295 175 296 172 296 176 296 176 297 172 297 170 297 177 298 162 298 163 298 164 299 178 300 165 301 165 302 178 303 179 304 165 305 179 306 163 307 163 308 179 308 180 308 163 298 180 298 177 298 181 309 182 309 173 309 181 310 173 311 183 312 173 313 184 313 183 313 183 314 184 314 185 314 183 315 185 315 186 315 187 316 188 316 189 316 187 317 189 317 190 317 190 318 189 318 191 318 190 319 191 319 192 319 193 320 194 320 195 320 195 321 194 321 196 321 195 322 196 322 197 322 197 323 196 323 198 323 197 324 198 324 199 324 200 325 201 326 202 327 202 328 201 328 203 328 202 329 203 329 204 329 205 330 206 330 202 330 202 331 206 332 207 333 202 334 207 334 200 334 208 335 209 335 210 335 210 336 209 336 206 336 210 337 206 337 211 337 212 338 213 338 214 338 214 339 213 339 215 339 214 340 215 341 216 342 216 343 215 344 217 345 217 346 215 346 123 346 217 347 123 347 218 347 219 348 220 348 221 348 219 349 221 349 222 349 223 350 224 350 220 350 220 351 224 351 225 351 220 352 225 352 221 352 226 353 227 353 228 354 226 355 228 355 229 356 219 357 230 357 220 357 220 358 230 358 231 358 220 359 231 359 223 360 223 361 231 361 232 361 223 362 232 363 233 364 233 365 232 365 229 365 233 366 229 366 234 366 234 367 229 368 228 369 235 370 236 370 237 370 237 371 236 371 238 371 239 372 240 372 241 372 241 373 240 373 238 373 241 374 238 375 242 376 242 377 238 378 236 379 243 380 218 380 244 380 245 381 246 381 247 381 247 382 246 382 248 382 247 383 248 383 249 383 249 384 248 384 243 384 249 385 243 385 250 385 250 386 243 386 244 386 218 387 251 387 217 387 217 388 251 389 216 390 214 391 252 392 212 393 212 394 252 395 253 396 253 397 252 397 254 397 254 398 252 398 255 398 254 399 255 400 256 401 256 402 255 403 238 404 256 405 238 406 240 406 216 407 251 407 214 407 214 408 251 408 257 408 214 409 257 409 252 409 252 410 257 410 258 410 252 411 258 412 255 412 255 413 258 413 237 413 255 414 237 414 238 414 259 415 260 415 261 415 261 416 260 416 262 416 261 417 262 418 263 419 263 420 264 421 261 422 261 423 264 423 265 423 261 424 265 424 4 424 266 425 267 425 268 425 268 426 267 426 269 426 268 427 269 428 270 429 271 430 272 431 273 431 273 432 272 433 274 434 273 435 274 435 275 435 276 436 269 436 277 436 277 437 269 437 267 437 277 438 267 438 274 438 274 439 267 440 278 441 274 442 278 443 275 444 276 445 279 446 269 447 269 448 279 449 280 450 269 451 280 451 270 451 281 452 207 452 209 452 209 453 207 454 206 455 209 456 239 456 281 456 281 457 239 457 241 457 281 458 241 459 242 460 200 461 207 461 282 461 282 462 207 463 281 463 282 464 281 465 283 466 283 467 281 467 242 467 283 468 242 468 236 468 284 469 247 469 249 469 284 470 249 470 285 470 285 471 249 472 250 473 285 474 250 475 286 476 286 477 250 478 244 479 286 480 244 481 287 482 265 483 288 483 289 483 289 484 288 484 290 484 291 485 292 485 293 485 293 486 292 486 290 486 293 487 290 488 294 489 294 490 290 490 288 490 265 491 295 491 288 491 288 492 295 493 294 494 293 495 296 496 291 497 291 498 296 498 297 498 297 499 296 500 298 501 298 502 296 502 299 502 298 503 299 504 300 505 300 506 299 506 301 506 300 507 301 507 302 507 294 508 295 508 293 508 293 509 295 509 303 509 293 510 303 510 296 510 296 511 303 511 304 511 296 512 304 512 299 512 299 513 304 513 194 513 299 514 194 515 301 516 305 517 306 517 307 517 307 518 306 518 308 518 309 519 268 520 310 521 308 522 306 522 310 522 310 523 306 524 311 525 310 526 311 527 309 528 312 529 313 529 305 529 314 530 311 531 306 532 312 533 315 533 313 533 313 534 315 534 316 534 313 535 316 535 193 535 306 536 305 536 314 536 314 537 305 537 313 537 314 538 313 538 317 538 317 539 313 539 193 539 317 540 193 541 195 542 318 543 319 543 320 543 320 543 319 543 321 543 320 544 321 544 205 544 205 545 321 545 310 545 186 546 284 546 285 546 287 547 182 548 286 549 286 550 182 551 181 552 286 553 181 553 285 553 285 554 181 555 183 556 285 557 183 557 186 557 178 558 289 559 179 560 179 561 289 561 290 561 179 562 290 563 180 564 180 565 290 566 292 567 180 568 292 568 177 568 322 569 323 569 324 569 322 570 324 570 325 570 325 571 324 571 326 571 325 572 326 572 327 572 145 573 328 573 329 573 145 574 329 574 143 574 143 575 329 575 115 575 143 576 115 576 140 576 330 577 331 578 332 579 332 580 331 581 333 582 332 583 333 583 334 583 334 584 335 585 332 586 332 587 335 588 336 589 332 590 336 590 337 590 336 591 338 592 339 593 339 594 338 595 340 595 341 596 342 597 169 598 169 599 342 600 170 601 170 602 342 602 176 602 176 603 342 603 343 603 176 604 343 605 175 606 175 607 343 608 184 609 175 610 184 610 173 610 340 611 338 612 341 613 341 614 338 614 344 614 341 615 344 615 342 615 342 616 344 616 345 616 342 617 345 617 343 617 343 618 345 618 185 618 343 619 185 619 184 619 137 620 346 621 135 622 135 623 346 624 134 625 132 626 347 627 130 628 130 629 347 630 348 630 348 631 347 632 349 633 349 634 347 635 350 636 349 637 350 638 351 639 351 640 350 640 352 640 351 641 352 641 353 641 134 642 346 643 132 642 132 644 346 645 354 644 132 646 354 646 347 646 347 647 354 647 355 647 347 648 355 648 350 648 350 649 355 650 160 651 350 652 160 653 352 654 356 655 357 655 358 655 359 656 360 656 361 656 361 657 360 657 362 657 361 658 362 658 358 658 358 659 362 659 363 659 358 660 363 660 356 660 356 661 363 661 364 661 365 662 364 662 366 662 366 663 364 663 363 663 366 664 363 664 367 664 367 665 363 665 368 665 367 666 368 666 369 666 370 667 371 667 372 667 372 668 371 668 373 668 373 669 374 669 372 669 372 670 374 670 375 670 372 671 375 671 368 671 368 672 375 672 376 672 368 673 376 673 369 673 377 674 378 674 379 674 379 675 378 675 380 675 379 676 380 676 370 676 370 677 380 677 381 677 370 678 381 678 371 678 377 679 379 679 382 679 382 680 379 680 383 680 382 681 383 681 384 681 385 682 386 682 387 682 387 683 386 683 388 683 387 684 388 684 383 684 383 685 388 685 389 685 383 686 389 686 384 686 390 687 222 687 391 687 391 688 222 688 392 688 391 689 392 689 387 689 387 690 392 690 393 690 387 691 393 691 385 691 394 692 395 692 391 692 390 693 391 693 396 693 396 694 391 694 395 694 396 695 395 695 397 695 391 696 398 696 394 696 394 697 398 697 399 697 394 698 399 698 400 698 401 699 402 699 403 699 404 700 405 700 406 700 401 701 403 701 407 701 407 702 403 702 408 702 407 703 408 703 409 703 409 704 408 704 410 704 409 705 410 705 411 705 411 706 410 706 412 706 411 707 412 707 413 707 413 708 412 708 414 708 413 709 414 709 415 709 415 710 414 710 416 710 415 711 416 711 417 711 417 712 416 712 418 712 417 713 418 713 419 713 419 714 418 714 404 714 419 715 404 715 420 715 420 716 404 716 406 716 420 717 406 717 421 717 422 718 423 718 424 718 424 719 423 720 425 720 424 721 425 721 426 721 358 722 422 722 361 722 361 723 422 724 424 725 361 726 424 727 359 728 359 729 424 729 426 729 359 730 426 731 427 732 427 733 426 733 428 733 429 734 430 735 428 736 428 737 430 738 431 739 428 740 431 740 427 740 428 741 432 742 429 743 429 744 432 744 433 744 429 745 433 745 434 745 434 746 433 746 435 746 434 747 435 747 436 748 436 749 435 749 437 749 437 750 435 750 438 750 437 751 438 751 439 751 439 752 438 752 440 752 439 753 440 753 441 753 441 754 440 754 442 754 441 755 442 756 443 756 444 757 443 757 445 757 445 758 443 759 442 760 445 761 442 761 446 761 402 762 446 763 447 764 402 765 447 765 403 765 403 766 447 766 448 766 403 767 448 767 408 767 408 768 448 768 449 768 408 769 449 769 410 769 410 770 449 770 450 770 410 771 450 771 412 771 412 772 450 772 451 772 412 773 451 773 414 773 414 774 451 774 452 774 414 775 452 775 416 775 416 776 452 776 453 776 416 777 453 777 418 777 418 778 453 778 454 778 418 779 454 779 404 779 404 780 454 780 455 780 404 781 455 781 405 781 446 782 442 782 447 782 447 783 442 783 440 783 447 784 440 784 448 784 448 785 440 785 438 785 448 786 438 786 449 786 449 787 438 787 435 787 449 788 435 788 450 788 450 789 435 789 433 789 450 790 433 790 451 790 451 791 433 791 432 791 451 792 432 792 452 792 452 793 432 793 428 793 452 794 428 794 453 794 453 795 428 796 426 795 453 797 426 797 454 797 454 798 426 798 425 798 454 799 425 800 455 801 456 802 457 802 458 802 458 802 457 802 459 802 458 803 459 803 460 803 460 803 459 803 461 803 460 804 461 804 462 804 462 805 461 805 463 805 462 806 463 806 464 806 464 806 463 806 465 806 464 807 465 807 466 807 466 807 465 807 467 807 466 808 467 808 468 808 468 808 467 808 469 808 468 809 469 809 470 809 470 809 469 809 471 809 470 810 471 810 472 810 472 811 471 811 473 811 472 812 473 812 474 812 474 812 473 812 475 812 474 813 475 813 476 813 476 813 475 813 477 813 478 814 479 814 480 814 480 814 479 814 481 814 480 803 481 803 482 803 482 803 481 803 483 803 482 815 483 815 484 815 484 816 483 816 485 816 484 817 485 817 486 817 486 817 485 817 487 817 486 807 487 807 488 807 488 807 487 807 489 807 488 808 489 808 490 808 490 808 489 808 491 808 490 818 491 818 492 818 492 818 491 818 493 818 492 819 493 819 494 819 494 819 493 819 495 819 494 812 495 812 496 812 496 812 495 812 497 812 496 820 497 820 498 820 498 820 497 820 499 820 500 821 501 821 502 821 502 822 501 822 503 822 501 823 504 823 503 823 503 824 504 824 505 824 503 825 505 825 506 825 505 826 507 826 506 826 506 827 507 827 508 827 506 828 508 828 509 828 508 829 510 829 509 829 509 830 510 830 511 830 509 831 511 831 512 831 511 832 513 832 512 832 512 833 513 833 514 833 512 834 514 834 515 834 514 835 516 835 515 835 515 836 516 836 517 836 515 837 517 837 518 837 517 838 519 838 518 838 518 839 519 839 520 839 518 840 520 840 521 840 522 841 523 841 524 841 524 842 523 842 521 842 524 843 521 843 525 843 525 844 521 844 520 844 464 845 466 845 500 845 500 846 526 846 464 846 464 847 526 847 527 847 464 848 527 848 462 848 462 849 527 849 528 849 462 850 528 850 460 850 528 851 529 851 460 851 460 852 529 852 530 852 460 853 530 853 458 853 530 854 531 854 458 854 458 855 531 855 532 855 458 856 532 856 456 856 456 857 532 857 533 857 456 858 533 858 534 858 533 859 535 859 534 859 534 860 535 861 536 862 534 863 536 863 537 863 537 864 536 864 538 864 537 865 538 865 539 865 538 866 540 866 539 866 539 867 540 867 541 867 539 868 541 868 542 868 522 869 543 869 544 869 544 870 543 870 542 870 544 871 542 871 545 871 545 872 542 872 541 872 546 873 547 873 548 873 548 874 547 874 549 874 547 875 550 875 549 875 549 876 550 876 551 876 549 877 551 877 552 877 551 878 553 878 552 878 552 879 553 879 554 879 552 880 554 880 555 880 554 829 556 829 555 829 555 881 556 881 557 881 555 882 557 882 558 882 557 883 559 883 558 883 558 884 559 884 560 884 558 885 560 885 561 885 560 886 562 886 561 886 561 887 562 887 563 887 561 888 563 888 564 888 563 889 565 889 564 889 564 890 565 890 566 890 564 891 566 891 567 891 568 892 569 892 570 892 570 893 569 893 567 893 570 894 567 894 571 894 571 895 567 895 566 895 486 845 488 845 546 845 546 896 572 896 486 896 486 897 572 898 573 899 486 900 573 900 484 900 484 901 573 901 574 901 484 902 574 902 482 902 574 903 575 903 482 903 482 904 575 904 576 904 482 905 576 905 480 905 576 906 577 906 480 906 480 907 577 907 578 907 480 908 578 908 478 908 478 909 578 909 579 909 478 910 579 910 580 910 579 911 581 911 580 911 580 912 581 912 582 912 580 913 582 913 583 913 583 914 582 914 584 914 583 915 584 915 585 915 584 916 586 916 585 916 585 917 586 917 587 917 585 918 587 918 588 918 568 919 589 919 590 919 590 920 589 920 588 920 590 921 588 922 591 922 591 923 588 923 587 923 592 924 589 924 568 924 568 925 570 925 592 925 592 926 570 926 571 926 592 927 571 927 593 927 593 928 571 928 566 928 593 929 566 929 594 929 566 930 565 930 594 930 594 931 565 931 563 931 594 932 563 932 595 932 563 933 562 933 595 933 595 934 562 935 560 936 595 937 560 937 498 937 498 938 560 938 559 938 498 939 559 939 496 939 559 940 557 940 496 940 496 941 557 941 556 941 496 942 556 942 494 942 494 943 556 943 554 943 494 944 554 944 492 944 554 945 553 945 492 945 492 946 553 946 551 946 492 947 551 947 490 947 546 948 488 948 547 948 547 949 488 949 490 949 547 950 490 950 550 950 550 951 490 951 551 951 568 952 590 952 569 952 569 953 590 953 596 953 590 954 591 955 596 956 596 957 591 957 587 957 596 958 587 958 597 958 587 959 586 959 597 959 597 960 586 960 584 960 597 961 584 961 598 961 584 962 582 962 598 962 598 963 582 963 581 963 598 964 581 964 599 964 581 965 579 965 599 965 599 966 579 966 578 966 599 967 578 967 600 967 578 968 577 968 600 968 600 969 577 969 576 969 600 970 576 970 601 970 576 971 575 971 601 971 601 972 575 972 574 972 601 973 574 973 602 973 546 974 548 974 572 974 572 975 548 975 602 975 572 976 602 977 573 978 573 979 602 979 574 979 603 980 543 980 522 980 522 981 524 981 603 981 603 982 524 982 525 982 603 983 525 983 604 983 604 984 525 984 520 984 604 985 520 985 605 985 520 986 519 986 605 986 605 987 519 987 517 987 605 988 517 988 606 988 517 989 516 989 606 989 606 990 516 990 514 990 606 991 514 991 476 991 476 992 514 992 513 992 476 993 513 993 474 993 513 994 511 994 474 994 474 995 511 995 510 995 474 996 510 996 472 996 472 997 510 997 508 997 472 998 508 998 470 998 508 999 507 999 470 999 470 1000 507 1000 505 1000 470 1001 505 1001 468 1001 500 1002 466 1002 501 1002 501 1003 466 1003 468 1003 501 1004 468 1004 504 1004 504 1005 468 1005 505 1005 522 1006 544 1006 523 1006 523 1007 544 1007 607 1007 544 1008 545 1008 607 1008 607 1009 545 1009 541 1009 607 1010 541 1010 608 1010 541 1011 540 1011 608 1011 608 1012 540 1012 538 1012 608 1013 538 1013 609 1013 538 1014 536 1014 609 1014 609 1015 536 1015 535 1015 609 1016 535 1016 610 1016 535 1017 533 1017 610 1017 610 1018 533 1018 532 1018 610 1019 532 1019 611 1019 532 1020 531 1020 611 1020 611 969 531 969 530 969 611 1021 530 1021 612 1021 530 1022 529 1022 612 1022 612 1023 529 1023 528 1023 612 1024 528 1024 613 1024 500 1025 502 1025 526 1025 526 1026 502 1026 613 1026 526 1027 613 1027 527 1027 527 1028 613 1028 528 1028 498 1029 499 1029 595 1029 595 1029 499 1029 614 1029 595 1030 614 1030 594 1030 594 1030 614 1030 615 1030 594 1031 615 1031 593 1031 593 1032 615 1032 616 1032 593 1033 616 1033 592 1033 592 1033 616 1033 617 1033 592 1034 617 1034 589 1034 589 1034 617 1034 618 1034 589 1035 618 1035 588 1035 588 1035 618 1035 619 1035 588 1036 619 1036 585 1036 585 1036 619 1036 620 1036 585 1037 620 1037 583 1037 583 1038 620 1038 621 1038 583 1039 621 1039 580 1039 580 1039 621 1039 622 1039 580 1040 622 1040 478 1040 478 1040 622 1040 479 1040 476 1041 477 1041 606 1041 606 1041 477 1041 623 1041 606 1042 623 1042 605 1042 605 1042 623 1042 624 1042 605 1043 624 1043 604 1043 604 1044 624 1044 625 1044 604 1045 625 1045 603 1045 603 1045 625 1045 626 1045 603 1046 626 1046 543 1046 543 1047 626 1047 627 1047 543 1048 627 1048 542 1048 542 1049 627 1049 628 1049 542 1050 628 1050 539 1050 539 1050 628 1050 629 1050 539 1051 629 1051 537 1051 537 1052 629 1052 630 1052 537 1053 630 1053 534 1053 534 1053 630 1053 631 1053 534 1054 631 1054 456 1054 456 1054 631 1054 457 1054 632 1055 395 1055 394 1055 444 1056 445 1056 633 1056 444 1057 633 1058 634 1059 634 1060 633 1060 635 1060 634 1061 635 1061 636 1061 636 1062 635 1062 637 1062 636 1063 637 1063 638 1063 638 1064 637 1064 639 1065 639 1066 637 1066 640 1066 639 1067 640 1067 641 1067 641 1068 640 1069 642 1070 641 1071 642 1071 643 1071 643 1072 642 1072 644 1072 643 1073 644 1073 645 1073 645 1074 644 1074 646 1074 646 1075 644 1075 647 1075 646 1076 647 1076 648 1076 648 1077 647 1077 649 1077 648 1078 649 1078 650 1078 651 1079 632 1079 652 1079 652 1080 632 1080 394 1080 652 1081 394 1081 649 1081 649 1082 394 1082 400 1082 649 1083 400 1083 650 1083 653 1084 654 1084 655 1084 656 1085 657 1085 654 1085 654 1086 653 1086 656 1086 656 1087 653 1087 658 1087 656 1088 658 1088 659 1088 659 1089 658 1089 660 1089 659 1090 660 1090 661 1090 661 1091 660 1091 662 1091 661 1092 662 1092 663 1092 663 1093 662 1093 664 1093 663 1094 664 1094 665 1094 665 1095 664 1095 666 1095 665 1096 666 1096 667 1096 667 1097 666 1097 668 1097 667 1098 668 1098 669 1098 669 1099 668 1099 670 1099 669 1100 670 1100 671 1100 671 1101 670 1101 402 1101 671 1102 402 1102 401 1102 655 1103 672 1103 653 1103 653 1104 672 1104 673 1104 653 1105 673 1105 658 1105 658 1106 673 1106 674 1106 658 1107 674 1107 660 1107 660 1108 674 1109 675 1110 660 1111 675 1112 662 1113 662 1114 675 1115 676 1116 662 1117 676 1117 664 1118 664 1119 676 1119 677 1119 664 1120 677 1121 666 1120 666 1122 677 1123 678 1122 666 1124 678 1124 668 1124 668 1125 678 1125 679 1125 668 1126 679 1126 670 1126 670 1127 679 1127 446 1127 670 1128 446 1128 402 1128 651 1129 652 1129 655 1129 655 1130 652 1130 649 1130 655 1131 649 1131 672 1131 672 1132 649 1132 647 1132 672 1133 647 1133 673 1133 673 1134 647 1134 644 1134 673 1135 644 1135 674 1135 674 1136 644 1136 642 1136 674 1137 642 1137 675 1137 675 1138 642 1138 640 1138 675 1139 640 1139 676 1139 676 1140 640 1140 637 1140 676 1141 637 1141 677 1141 677 1142 637 1142 635 1142 677 1143 635 1143 678 1143 678 1144 635 1145 633 1146 678 1147 633 1147 679 1147 679 1148 633 1148 445 1148 679 1149 445 1149 446 1149 400 1150 399 1150 650 1150 650 1151 399 1151 680 1151 650 1152 680 1152 648 1152 681 1153 645 1153 680 1153 680 1154 645 1154 646 1154 680 1155 646 1155 648 1155 682 1156 641 1156 681 1156 681 1157 641 1157 643 1157 681 1158 643 1158 645 1158 683 1159 638 1159 682 1159 682 1160 638 1160 639 1160 682 1161 639 1161 641 1161 684 1162 634 1162 683 1162 683 1163 634 1163 636 1163 683 1164 636 1164 638 1164 685 1165 443 1165 684 1165 684 1166 443 1166 444 1166 684 1167 444 1167 634 1167 686 1168 439 1168 685 1168 685 1169 439 1169 441 1169 685 1170 441 1170 443 1170 687 1171 436 1171 686 1171 686 1172 436 1172 437 1172 686 1173 437 1173 439 1173 688 1174 429 1174 687 1174 687 1175 429 1175 434 1175 687 1176 434 1176 436 1176 359 1177 427 1178 360 1179 360 1180 427 1180 431 1180 360 1181 431 1181 688 1181 688 1182 431 1182 430 1182 688 1183 430 1183 429 1183 153 1184 161 1184 689 1184 690 1185 150 1186 689 1185 689 1187 150 1188 151 1189 689 1190 151 1190 153 1190 691 1191 146 1192 690 1193 690 1194 146 1195 148 1196 690 1197 148 1197 150 1197 691 1198 354 1199 692 1198 692 1200 354 1200 346 1200 692 1201 346 1202 693 1203 693 1204 346 1204 137 1204 691 1205 690 1205 354 1205 354 1206 690 1206 689 1206 354 1207 689 1207 355 1207 355 1208 689 1208 161 1208 355 1209 161 1209 160 1209 694 1210 695 1210 696 1210 697 1211 698 1211 696 1211 696 1212 698 1212 699 1212 696 1213 699 1213 694 1213 333 1214 331 1214 697 1214 697 1215 331 1215 700 1215 697 1216 700 1216 698 1216 333 1217 344 1218 334 1219 334 1220 344 1220 338 1220 334 1221 338 1222 335 1221 335 1223 338 1223 336 1223 333 1224 697 1225 344 1226 344 1227 697 1227 696 1227 344 1228 696 1228 345 1228 345 1229 696 1229 695 1229 345 1230 695 1230 185 1231 694 1232 699 1232 701 1232 701 1233 699 1233 702 1233 331 1234 330 1234 700 1234 700 1235 330 1235 702 1235 700 1236 702 1236 698 1236 698 1237 702 1238 699 1239 330 1240 332 1240 703 1240 332 1241 337 1241 704 1241 332 1242 704 1242 703 1242 703 1243 704 1243 110 1243 703 1244 110 1244 705 1244 705 1245 110 1245 113 1245 705 1246 113 1246 706 1246 701 1247 702 1247 707 1247 707 1248 702 1248 330 1248 113 1249 115 1249 706 1249 706 1250 115 1250 329 1250 706 1251 329 1251 328 1251 330 1252 703 1252 707 1252 707 1253 703 1253 705 1253 707 1254 705 1254 708 1254 708 1255 705 1255 706 1255 708 1256 706 1256 709 1256 709 1257 706 1257 328 1257 709 1258 328 1258 710 1258 701 1259 707 1259 711 1259 711 1260 707 1260 708 1260 711 1261 708 1261 712 1261 712 1262 708 1262 709 1262 712 1263 709 1263 713 1263 713 1264 709 1264 710 1264 713 1265 710 1265 714 1265 715 1266 714 1266 710 1266 715 1267 710 1267 716 1267 716 1268 710 1268 328 1268 716 1269 328 1270 145 1270 321 1271 717 1271 310 1271 310 1272 717 1272 308 1272 718 1273 307 1274 719 1275 719 1276 307 1277 308 1277 719 1278 308 1279 720 1280 720 1281 308 1281 717 1282 720 1283 717 1283 326 1283 721 1284 722 1284 723 1284 723 1285 722 1286 724 1287 723 1288 724 1288 725 1288 321 1289 319 1290 717 1291 717 1292 319 1292 326 1292 724 1293 718 1293 725 1293 725 1294 718 1294 719 1294 725 1295 719 1296 323 1297 323 1298 719 1298 720 1298 323 1299 720 1300 324 1299 324 1301 720 1301 326 1301 323 1302 322 1303 725 1304 725 1305 322 1305 726 1305 725 1306 726 1306 723 1306 723 1307 726 1307 727 1307 723 1308 727 1308 721 1308 177 1309 292 1310 728 1311 177 1312 728 1312 729 1312 729 1313 728 1313 730 1313 729 1314 730 1315 731 1316 284 1317 186 1317 732 1317 284 1318 732 1318 733 1318 733 1319 732 1319 734 1319 733 1320 734 1320 735 1320 192 1321 736 1321 190 1321 204 1322 737 1323 202 1324 738 1325 739 1325 740 1325 320 1326 205 1326 202 1326 741 1327 192 1327 318 1327 742 1328 192 1328 741 1328 743 1329 736 1329 742 1330 742 1331 736 1331 192 1331 190 1332 736 1332 187 1332 187 1333 736 1333 743 1333 187 1334 743 1334 744 1334 744 1335 743 1335 745 1335 744 1336 745 1336 740 1336 740 1337 745 1338 746 1339 740 1340 746 1340 738 1340 318 1341 320 1342 741 1343 741 1344 320 1344 202 1344 741 1345 202 1345 742 1345 742 1346 202 1346 737 1346 742 1347 737 1347 743 1347 743 1348 737 1349 204 1348 743 1350 204 1351 745 1352 326 1353 319 1353 192 1353 192 1354 319 1354 318 1354 197 1355 199 1355 266 1355 309 1356 311 1357 747 1356 747 1358 311 1358 314 1358 747 1359 314 1360 317 1361 268 1362 309 1363 266 1364 266 1365 309 1365 747 1365 266 1366 747 1366 197 1366 197 1367 747 1368 317 1369 197 1370 317 1370 195 1370 724 1371 722 1372 312 1372 312 1373 722 1373 721 1373 312 1374 721 1374 315 1374 305 1375 307 1375 312 1375 312 1376 307 1377 718 1378 312 1379 718 1379 724 1379 198 1380 196 1380 748 1380 749 1381 750 1381 748 1381 748 1382 750 1383 751 1384 748 1385 751 1385 198 1385 262 1386 260 1387 749 1388 749 1389 260 1390 752 1391 749 1392 752 1392 750 1392 262 1393 303 1394 263 1395 263 1396 303 1396 295 1396 263 1397 295 1397 264 1397 264 1398 295 1398 265 1398 262 1399 749 1399 303 1399 303 1400 749 1400 748 1400 303 1401 748 1401 304 1401 304 1402 748 1402 196 1402 304 1403 196 1403 194 1403 292 1404 291 1404 297 1404 292 1405 297 1405 728 1405 302 1406 730 1406 300 1406 300 1407 730 1408 728 1409 300 1410 728 1411 298 1412 298 1413 728 1413 297 1413 247 1414 284 1414 733 1414 247 1415 733 1415 753 1415 753 1416 733 1416 735 1416 753 1417 735 1417 754 1417 282 1418 283 1419 755 1419 200 1420 282 1421 201 1422 201 1423 282 1423 755 1423 201 1424 755 1424 203 1424 203 1425 755 1425 756 1425 757 1426 756 1426 758 1426 758 1427 756 1427 755 1427 758 1428 755 1429 235 1430 235 1431 755 1431 283 1431 235 1432 283 1433 236 1434 277 1435 759 1435 276 1435 276 1436 759 1437 760 1438 276 1439 760 1440 279 1441 761 1442 762 1442 763 1442 763 1443 762 1443 764 1443 365 1444 765 1444 764 1444 764 1445 765 1446 766 1447 764 1448 766 1448 763 1448 763 1449 766 1449 767 1449 763 1450 767 1451 768 1452 271 1453 761 1453 272 1453 272 1454 761 1455 763 1455 272 1456 763 1456 274 1456 274 1457 763 1457 768 1457 274 1458 768 1458 277 1458 277 1459 768 1460 769 1461 277 1462 769 1463 759 1464 267 1465 266 1465 278 1465 278 1466 266 1466 199 1466 278 1467 199 1467 275 1467 198 1468 751 1468 770 1468 770 1469 751 1469 771 1469 260 1470 259 1471 752 1472 752 1473 259 1473 771 1473 752 1474 771 1474 750 1474 750 1475 771 1475 751 1475 259 1476 261 1476 772 1476 773 1477 357 1477 774 1477 774 1478 775 1478 773 1478 773 1479 775 1479 776 1479 773 1480 776 1480 1 1480 1 1481 776 1481 772 1481 1 1482 772 1482 2 1482 2 1483 772 1483 261 1483 2 1484 261 1484 4 1484 770 1485 771 1485 777 1485 777 1486 771 1486 259 1486 259 1487 772 1487 777 1487 777 1488 772 1488 776 1488 777 1489 776 1489 778 1489 778 1490 776 1490 775 1490 778 1491 775 1491 779 1491 774 1492 780 1492 775 1492 775 1493 780 1493 781 1493 775 1494 781 1494 779 1494 779 1495 781 1495 782 1495 779 1496 782 1497 783 1498 770 1499 777 1499 784 1499 784 1500 777 1500 778 1500 784 1501 778 1501 785 1501 785 1502 778 1502 779 1502 785 1503 779 1503 786 1503 786 1504 779 1504 783 1504 786 1505 783 1505 787 1505 364 1506 365 1506 764 1506 788 1507 789 1507 787 1507 275 1508 789 1508 273 1508 273 1509 789 1509 788 1509 273 1510 788 1510 271 1510 787 1511 783 1511 788 1511 788 1512 783 1513 782 1514 788 1515 782 1516 790 1515 790 1517 782 1517 781 1517 790 1518 781 1519 791 1520 271 1521 788 1521 761 1521 761 1522 788 1522 790 1522 761 1523 790 1524 762 1525 762 1526 790 1527 791 1528 762 1529 791 1529 764 1529 764 1530 791 1530 356 1530 764 1531 356 1531 364 1531 781 1532 780 1532 791 1532 791 1533 780 1533 774 1533 791 1534 774 1534 356 1534 356 1535 774 1536 357 1537 792 1538 793 1538 794 1538 795 1539 796 1539 794 1539 794 1540 796 1540 797 1540 794 1541 797 1541 792 1541 246 1542 245 1542 795 1542 795 1543 245 1543 798 1543 795 1544 798 1544 796 1544 246 1545 257 1545 248 1545 248 1546 257 1546 251 1546 248 1547 251 1547 243 1547 243 1548 251 1548 218 1548 246 1549 795 1549 257 1549 257 1550 795 1550 794 1550 257 1551 794 1551 258 1551 258 1552 794 1552 793 1552 258 1553 793 1554 237 1553 753 1555 754 1555 792 1555 792 1556 797 1556 753 1556 753 1557 797 1557 796 1557 753 1558 796 1558 247 1558 247 1559 796 1559 798 1559 247 1560 798 1560 245 1560 792 1561 757 1561 758 1561 792 1562 758 1562 793 1562 793 1563 758 1564 235 1565 793 1566 235 1566 237 1566 799 1567 227 1568 226 1569 211 1570 799 1570 210 1570 210 1571 799 1572 226 1571 210 1573 226 1573 208 1573 208 1574 226 1574 229 1574 208 1575 229 1575 800 1575 231 1576 230 1577 801 1578 801 1579 802 1579 231 1579 231 1580 802 1581 800 1582 231 1583 800 1583 232 1583 232 1584 800 1584 229 1584 803 1585 804 1585 802 1585 802 1586 801 1586 803 1586 803 1587 801 1588 230 1589 803 1590 230 1590 805 1590 805 1591 230 1591 219 1591 806 1592 804 1592 807 1592 807 1593 804 1593 803 1593 807 1594 803 1594 808 1594 808 1595 803 1595 805 1595 808 1596 805 1596 397 1596 397 1597 805 1597 396 1597 396 1598 805 1598 390 1598 390 1599 805 1599 219 1599 390 1600 219 1600 222 1600 806 1601 807 1601 809 1601 807 1602 808 1602 810 1602 808 1603 397 1603 811 1603 808 1604 811 1604 810 1604 810 1605 811 1605 118 1605 810 1606 118 1606 812 1606 812 1607 118 1607 121 1607 812 1608 121 1608 813 1608 121 1609 123 1609 813 1609 813 1610 123 1610 215 1610 813 1611 215 1611 213 1611 807 1612 810 1612 809 1612 809 1613 810 1613 812 1613 809 1614 812 1614 814 1614 814 1615 812 1615 813 1615 814 1616 813 1616 815 1616 815 1617 813 1617 213 1617 815 1618 213 1618 816 1618 806 1619 809 1619 817 1619 817 1620 809 1620 814 1620 817 1621 814 1621 818 1621 818 1622 814 1622 815 1622 818 1623 815 1623 819 1623 819 1624 815 1624 816 1624 819 1625 816 1625 820 1625 240 1626 820 1626 256 1626 256 1627 820 1627 816 1627 256 1628 816 1629 254 1630 254 1631 816 1631 253 1631 253 1632 816 1632 213 1632 253 1633 213 1634 212 1635 802 1636 239 1637 800 1638 800 1639 239 1640 209 1641 800 1642 209 1642 208 1642 769 1643 768 1644 821 1643 279 1645 760 1646 822 1647 823 1648 270 1649 824 1650 824 1651 270 1651 280 1651 825 1652 826 1652 823 1652 827 1653 828 1653 826 1653 829 1654 830 1654 828 1654 831 1655 832 1655 833 1655 833 1656 832 1656 830 1656 834 1657 835 1657 836 1657 837 1658 838 1659 839 1660 839 1661 838 1661 835 1661 840 1662 841 1662 842 1662 843 1663 844 1663 845 1663 845 1664 844 1664 846 1664 847 1665 848 1665 843 1665 849 1666 850 1666 848 1666 851 1667 852 1667 850 1667 850 1668 849 1668 851 1668 851 1669 849 1670 853 1670 851 1671 853 1671 228 1671 211 1672 852 1672 799 1672 799 1673 852 1674 851 1675 799 1676 851 1677 227 1678 227 1679 851 1679 228 1679 848 1680 847 1680 849 1680 849 1681 847 1681 854 1681 849 1682 854 1682 853 1682 853 1683 854 1683 855 1683 853 1684 855 1684 228 1684 856 1685 857 1685 858 1685 858 1686 857 1686 859 1686 858 1687 859 1687 860 1687 860 1688 859 1688 861 1688 860 1689 861 1690 862 1691 862 1692 861 1692 845 1692 862 1693 845 1693 840 1693 840 1694 845 1694 846 1694 840 1695 846 1695 841 1695 223 1696 233 1697 855 1697 855 1698 233 1698 234 1698 855 1699 234 1699 228 1699 863 1700 856 1700 864 1700 864 1701 856 1701 858 1701 864 1702 858 1702 865 1702 865 1703 858 1704 860 1705 865 1706 860 1707 866 1708 866 1709 860 1710 862 1711 866 1712 862 1713 867 1714 867 1715 862 1715 840 1715 867 1716 840 1716 868 1716 868 1717 840 1717 842 1717 868 1718 842 1718 869 1718 870 1719 863 1719 871 1719 871 1720 863 1720 864 1720 871 1721 864 1722 872 1723 872 1724 864 1724 865 1724 872 1725 865 1725 873 1725 873 1726 865 1727 866 1728 873 1729 866 1730 874 1731 874 1732 866 1732 867 1732 874 1733 867 1733 875 1733 875 1734 867 1734 868 1734 875 1735 868 1736 876 1737 876 1738 868 1738 869 1738 876 1739 869 1739 837 1739 766 1740 765 1741 877 1742 877 1743 765 1743 878 1743 877 1744 878 1744 879 1744 767 1745 766 1745 880 1745 880 1746 766 1746 877 1746 880 1747 877 1747 881 1747 881 1748 877 1748 879 1748 881 1749 879 1750 882 1751 768 1752 767 1752 821 1752 821 1753 767 1754 880 1753 821 1755 880 1756 883 1757 883 1758 880 1758 881 1758 883 1759 881 1760 884 1760 884 1761 881 1762 882 1763 884 1764 882 1764 885 1764 823 1765 824 1765 825 1765 825 1766 824 1766 886 1766 825 1767 886 1768 887 1767 887 1769 886 1769 888 1769 887 1770 888 1771 889 1772 889 1773 888 1773 890 1773 889 1774 890 1774 891 1774 891 1775 890 1775 892 1775 891 1776 892 1776 893 1776 893 1777 892 1777 894 1777 893 1778 894 1778 895 1778 895 1779 894 1779 896 1779 895 1780 896 1780 897 1780 826 1781 825 1781 827 1781 827 1782 825 1782 887 1782 827 1783 887 1783 898 1783 898 1784 887 1785 889 1786 898 1787 889 1787 899 1787 899 1788 889 1788 891 1788 899 1789 891 1790 900 1791 900 1792 891 1792 893 1792 900 1793 893 1793 901 1793 901 1794 893 1794 895 1794 901 1795 895 1795 902 1795 902 1796 895 1796 897 1796 902 1797 897 1797 903 1797 836 1798 904 1798 834 1798 834 1799 904 1799 905 1799 834 1800 905 1800 906 1800 906 1801 905 1802 907 1803 906 1804 907 1804 908 1804 908 1805 907 1805 909 1805 908 1806 909 1806 910 1806 910 1807 909 1808 911 1808 910 1809 911 1810 912 1811 912 1812 911 1812 913 1812 912 1813 913 1813 914 1813 914 1814 913 1814 915 1814 914 1815 915 1815 916 1815 835 1816 834 1816 839 1816 839 1817 834 1817 906 1817 839 1818 906 1818 917 1818 917 1819 906 1819 908 1819 917 1820 908 1820 918 1820 918 1821 908 1821 910 1821 918 1822 910 1823 919 1824 919 1825 910 1825 912 1825 919 1826 912 1826 920 1826 920 1827 912 1827 914 1827 920 1828 914 1828 921 1828 921 1829 914 1829 916 1829 921 1830 916 1830 922 1830 765 1831 365 1831 878 1831 878 1832 365 1832 366 1832 878 1833 366 1833 879 1833 879 1834 366 1834 367 1834 879 1835 367 1835 882 1835 882 1836 367 1836 369 1836 882 1837 369 1837 885 1837 885 1838 369 1838 376 1838 885 1839 376 1839 375 1839 759 1840 769 1840 923 1840 923 1841 769 1841 821 1841 923 1842 821 1842 924 1842 924 1843 821 1844 883 1845 924 1846 883 1847 925 1848 925 1849 883 1850 884 1851 925 1852 884 1852 926 1852 926 1853 884 1853 885 1853 926 1854 885 1854 927 1854 927 1855 885 1855 375 1855 927 1856 375 1856 374 1856 760 1857 759 1858 822 1859 822 1860 759 1861 923 1860 822 1862 923 1862 928 1862 928 1863 923 1864 924 1864 928 1865 924 1866 929 1867 929 1868 924 1868 925 1868 929 1869 925 1869 930 1869 930 1870 925 1870 926 1870 930 1871 926 1871 931 1871 931 1872 926 1872 927 1872 931 1873 927 1873 932 1873 932 1874 927 1874 374 1874 932 1875 374 1875 373 1875 280 1876 279 1877 824 1878 824 1879 279 1879 822 1879 824 1880 822 1880 886 1880 886 1881 822 1882 928 1883 886 1884 928 1884 888 1884 888 1885 928 1885 929 1885 888 1886 929 1886 890 1886 890 1887 929 1887 930 1887 890 1888 930 1888 892 1888 892 1889 930 1889 931 1889 892 1890 931 1891 894 1892 894 1893 931 1894 932 1895 894 1896 932 1897 896 1898 896 1899 932 1899 373 1899 373 1900 371 1900 896 1900 896 1901 371 1901 381 1901 896 1902 381 1902 897 1902 897 1903 381 1903 380 1903 897 1904 380 1904 903 1904 903 1905 380 1905 378 1905 903 1906 378 1906 377 1906 828 1907 827 1907 829 1907 829 1908 827 1908 898 1908 829 1909 898 1909 933 1909 933 1910 898 1910 899 1910 933 1911 899 1911 934 1911 934 1912 899 1912 900 1912 934 1913 900 1913 935 1913 935 1914 900 1914 901 1914 935 1915 901 1916 936 1917 936 1918 901 1918 902 1918 936 1919 902 1919 937 1919 937 1920 902 1920 903 1920 937 1921 903 1921 938 1921 938 1922 903 1922 377 1922 938 1923 377 1923 382 1923 830 1924 829 1924 833 1924 833 1925 829 1926 933 1926 833 1927 933 1927 939 1928 939 1929 933 1929 934 1929 939 1930 934 1931 940 1932 940 1933 934 1933 935 1934 940 1935 935 1935 941 1935 941 1936 935 1936 936 1936 941 1937 936 1938 942 1939 942 1940 936 1940 937 1940 942 1941 937 1942 943 1941 943 1943 937 1943 938 1943 943 1944 938 1944 944 1944 944 1945 938 1945 382 1945 944 1946 382 1946 384 1946 384 1947 915 1947 944 1947 944 1948 915 1948 913 1948 944 1949 913 1949 943 1949 943 1950 913 1950 911 1950 943 1951 911 1951 942 1951 942 1952 911 1952 909 1952 942 1953 909 1953 941 1953 941 1954 909 1955 907 1954 941 1956 907 1956 940 1956 940 1957 907 1958 905 1959 940 1960 905 1961 939 1962 939 1963 905 1963 904 1963 939 1964 904 1965 833 1964 833 1966 904 1966 836 1966 833 1967 836 1967 831 1967 384 1968 389 1968 915 1968 915 1969 389 1969 388 1969 915 1970 388 1970 916 1970 916 1971 388 1972 386 1973 916 1974 386 1975 922 1976 922 1977 386 1977 385 1977 922 1978 385 1978 393 1978 837 1979 839 1980 876 1981 876 1982 839 1983 917 1984 876 1985 917 1986 875 1987 875 1988 917 1988 918 1988 875 1989 918 1989 874 1989 874 1990 918 1990 919 1990 874 1991 919 1991 873 1991 873 1992 919 1993 920 1994 873 1995 920 1995 872 1995 872 1996 920 1996 921 1996 872 1997 921 1998 871 1997 871 1999 921 1999 922 1999 871 2000 922 2001 870 2002 870 2003 922 2003 393 2003 870 2004 393 2004 392 2004 843 2005 845 2005 847 2005 847 2006 845 2006 861 2006 847 2007 861 2007 854 2007 854 2008 861 2008 859 2008 854 2009 859 2009 855 2009 855 2010 859 2010 857 2010 855 2011 857 2011 223 2011 223 2012 857 2012 856 2012 223 2013 856 2013 224 2013 224 2014 856 2014 863 2014 224 2015 863 2015 225 2015 225 2016 863 2016 870 2016 225 2017 870 2017 221 2017 221 2018 870 2018 392 2018 221 2019 392 2019 222 2019 757 2020 739 2020 738 2020 757 2021 738 2021 756 2021 756 2022 738 2022 746 2022 756 2023 746 2023 203 2023 203 2024 746 2025 745 2026 203 2027 745 2027 204 2027 315 2028 302 2028 301 2028 315 2029 301 2029 316 2029 316 2030 301 2031 194 2032 316 2033 194 2034 193 2035 740 2036 739 2036 945 2036 945 2037 739 2037 946 2037 188 2038 187 2038 945 2038 945 2039 187 2039 744 2039 945 2040 744 2040 740 2040 186 2041 185 2041 695 2041 186 2042 695 2043 732 2044 732 2045 695 2045 694 2045 732 2046 694 2046 734 2046 162 2047 177 2047 729 2047 162 2048 729 2048 947 2048 947 2049 729 2049 731 2049 947 2050 731 2050 948 2050 949 2051 950 2051 339 2051 339 2052 950 2053 336 2054 169 2055 171 2056 341 2057 341 2058 171 2058 949 2058 341 2059 949 2060 340 2061 340 2062 949 2063 339 2064 171 2065 172 2066 951 2067 952 2068 953 2069 954 2070 955 2071 956 2071 957 2071 958 2072 959 2073 960 2074 958 2075 960 2075 956 2075 955 2076 957 2076 953 2076 952 2077 954 2077 961 2077 956 2078 960 2078 957 2078 957 2079 960 2079 962 2079 957 2080 962 2080 963 2080 963 2081 962 2081 964 2081 963 2082 964 2082 965 2082 965 2083 964 2083 966 2083 965 2084 966 2084 967 2084 967 2085 966 2085 968 2086 967 2087 968 2087 969 2087 969 2088 968 2088 970 2088 969 2089 970 2089 971 2089 971 2090 970 2090 972 2090 971 2091 972 2091 973 2091 973 2092 972 2092 974 2092 973 2093 974 2093 975 2093 975 2094 974 2094 976 2094 975 2095 976 2095 977 2095 977 2096 976 2096 950 2096 977 2097 950 2097 949 2097 953 2098 957 2098 954 2098 954 2099 957 2099 963 2099 954 2100 963 2100 978 2100 978 2101 963 2101 965 2101 978 2102 965 2102 979 2102 979 2103 965 2103 967 2103 979 2104 967 2104 980 2104 980 2105 967 2105 969 2105 980 2106 969 2106 981 2106 981 2107 969 2107 971 2107 981 2108 971 2108 982 2108 982 2109 971 2109 973 2109 982 2110 973 2110 983 2110 983 2111 973 2111 975 2111 983 2112 975 2112 984 2112 984 2113 975 2113 977 2113 984 2114 977 2114 951 2114 951 2115 977 2115 949 2115 951 2116 949 2117 171 2118 961 2119 954 2119 985 2119 985 2120 954 2120 978 2120 985 2121 978 2121 986 2121 986 2122 978 2122 979 2122 986 2123 979 2123 987 2123 987 2124 979 2124 980 2124 987 2125 980 2125 988 2125 988 2126 980 2126 981 2126 988 2127 981 2127 989 2127 989 2128 981 2128 982 2128 989 2129 982 2129 990 2129 990 2130 982 2130 983 2130 990 2131 983 2131 991 2131 991 2132 983 2132 984 2132 991 2133 984 2133 992 2133 992 2134 984 2134 951 2134 992 2135 951 2135 993 2135 993 2136 951 2136 172 2136 993 2137 172 2137 174 2137 994 2138 995 2139 996 2140 997 2141 168 2141 167 2141 952 2142 961 2142 998 2142 998 2143 961 2144 999 2145 998 2146 999 2146 1000 2146 1000 2147 999 2147 1001 2147 1000 2148 1001 2148 1002 2148 1002 2149 1001 2149 997 2149 1002 2150 1003 2150 1004 2150 1005 2151 955 2151 953 2151 1002 2152 1004 2152 1000 2152 1000 2153 1004 2153 1005 2153 1000 2154 1005 2154 998 2154 998 2155 1005 2155 953 2155 998 2156 953 2157 952 2158 997 2159 167 2160 1002 2161 1002 2162 167 2163 166 2164 1002 2165 166 2165 1003 2165 1003 2166 166 2167 1006 2168 1003 2169 1006 2169 994 2169 1007 2170 958 2170 956 2170 994 2171 996 2171 1003 2171 1003 2172 996 2172 1008 2172 1003 2173 1008 2173 1004 2173 1004 2174 1008 2174 1007 2174 1004 2175 1007 2176 1005 2177 1005 2178 1007 2178 956 2178 1005 2179 956 2179 955 2179 959 2180 958 2180 1009 2180 1009 2181 958 2181 1007 2181 1009 2182 1007 2183 1010 2184 1010 2185 1007 2185 1008 2185 1010 2186 1008 2187 1011 2188 1011 2189 1008 2189 996 2189 1011 2190 996 2190 1012 2190 1012 2191 996 2192 995 2193 1013 2194 1012 2195 995 2196 1013 2197 995 2197 1014 2197 166 2198 159 2199 1006 2200 1006 2201 159 2201 1014 2201 1006 2202 1014 2203 994 2203 994 2204 1014 2205 995 2206 948 2207 353 2207 352 2207 948 2208 352 2208 947 2208 947 2209 352 2209 160 2209 947 2210 160 2210 162 2210 159 2211 158 2211 1015 2212 159 2213 1015 2213 1014 2213 1016 2214 1013 2215 1017 2216 1017 2217 1013 2217 1014 2217 1017 2218 1014 2219 1018 2220 1018 2221 1014 2221 1015 2221 1019 2222 1020 2223 1021 2224 1022 2225 1023 2226 1024 2227 156 2228 155 2228 1025 2228 1025 2229 155 2229 1026 2229 1025 2230 1026 2231 1027 2232 1027 2233 1026 2233 1028 2233 1027 2234 1028 2234 1029 2234 1029 2235 1028 2235 1022 2235 1029 2236 1030 2236 1031 2236 1032 2237 1015 2237 158 2237 1029 2238 1031 2238 1027 2238 1027 2239 1031 2239 1032 2239 1027 2240 1032 2241 1025 2242 1025 2243 1032 2243 158 2243 1025 2244 158 2244 156 2244 1022 2245 1024 2245 1029 2245 1029 2246 1024 2247 1033 2248 1029 2249 1033 2249 1030 2249 1030 2250 1033 2250 1034 2250 1030 2251 1034 2252 1019 2253 1035 2254 1017 2255 1018 2256 1019 2257 1021 2258 1030 2259 1030 2260 1021 2260 1036 2260 1030 2261 1036 2261 1031 2261 1031 2262 1036 2262 1035 2262 1031 2263 1035 2263 1032 2263 1032 2264 1035 2264 1018 2264 1032 2265 1018 2266 1015 2267 1016 2268 1017 2269 1037 2270 1037 2271 1017 2272 1035 2273 1037 2274 1035 2274 1038 2274 1038 2275 1035 2276 1036 2277 1038 2278 1036 2279 1039 2280 1039 2281 1036 2282 1021 2283 1039 2284 1021 2285 1040 2286 1040 2287 1021 2288 1020 2289 1024 2290 1023 2290 1041 2290 147 2291 1042 2292 1043 2293 1042 2294 1044 2294 1045 2294 1042 2295 1045 2295 1043 2295 1043 2296 1045 2296 1046 2296 1043 2297 1046 2297 1047 2297 1047 2298 1046 2299 1048 2300 1047 2301 1048 2302 1049 2301 1048 2303 1050 2303 1049 2303 1049 2304 1050 2304 1051 2304 1049 2305 1051 2305 1052 2305 1052 2306 1051 2306 1053 2306 1052 2307 1053 2307 1054 2307 1054 2308 1053 2308 1055 2308 1055 2309 1056 2309 1054 2309 1054 2310 1056 2310 1057 2310 1054 2311 1057 2311 1058 2311 1057 2312 1040 2313 1020 2314 152 2315 149 2315 1059 2315 1059 2316 149 2317 147 2318 1057 2319 1020 2319 1058 2319 1058 2320 1020 2320 1019 2320 1058 2321 1019 2321 1034 2321 147 2322 1043 2322 1059 2322 1059 2323 1043 2323 1047 2323 1059 2324 1047 2324 1060 2324 1060 2325 1047 2325 1049 2325 1060 2326 1049 2326 1061 2326 1061 2327 1049 2327 1052 2327 1061 2328 1052 2328 1062 2328 1062 2329 1052 2329 1054 2329 1062 2330 1054 2330 1063 2330 1063 2331 1054 2331 1058 2331 1063 2332 1058 2332 1064 2332 1064 2333 1058 2333 1034 2333 1064 2334 1034 2334 1033 2334 152 2335 1059 2335 1065 2335 1065 2336 1059 2336 1060 2336 1065 2337 1060 2337 1066 2337 1066 2338 1060 2338 1061 2338 1066 2339 1061 2339 1067 2339 1067 2340 1061 2340 1062 2340 1067 2341 1062 2341 1068 2341 1068 2342 1062 2342 1063 2342 1068 2343 1063 2343 1069 2343 1069 2344 1063 2344 1064 2344 1069 2345 1064 2345 1041 2345 1041 2346 1064 2346 1033 2346 1041 2347 1033 2348 1024 2349 137 2350 1044 2350 1042 2350 147 2351 146 2352 1042 2353 1042 2354 146 2355 691 2356 691 2357 692 2358 1042 2359 1042 2360 692 2361 693 2362 1042 2363 693 2363 137 2363 145 2364 144 2364 1070 2364 145 2365 1070 2365 716 2365 716 2366 1070 2366 1071 2366 716 2367 1071 2367 715 2367 124 2368 139 2368 1072 2368 124 2369 1072 2370 1073 2371 1073 2372 1072 2372 1074 2372 1073 2373 1074 2374 1075 2374 139 2375 138 2375 1076 2375 138 2376 108 2376 105 2376 138 2377 105 2377 1076 2377 1076 2378 105 2378 103 2378 1076 2379 103 2379 1077 2379 1077 2380 103 2380 1078 2380 1077 2381 1078 2381 1079 2381 1074 2382 1072 2382 1080 2382 1080 2383 1072 2383 139 2383 1078 2384 136 2384 1079 2384 1079 2385 136 2385 133 2385 1079 2386 133 2387 131 2388 139 2389 1076 2389 1080 2389 1080 2390 1076 2390 1077 2390 1080 2391 1077 2391 1081 2391 1081 2392 1077 2392 1079 2392 1081 2393 1079 2393 1082 2393 1082 2394 1079 2394 131 2394 1082 2395 131 2396 1083 2397 1074 2398 1080 2398 1084 2398 1084 2399 1080 2399 1081 2399 1084 2400 1081 2400 1085 2400 1085 2401 1081 2401 1082 2401 1085 2402 1082 2402 1086 2402 1086 2403 1082 2403 1083 2403 1086 2404 1083 2404 1087 2404 353 2405 1087 2405 351 2405 351 2406 1087 2406 1083 2406 351 2407 1083 2408 349 2409 349 2410 1083 2410 348 2410 348 2411 1083 2412 131 2413 348 2414 131 2414 130 2414 1075 2415 1088 2415 1089 2415 1075 2416 1089 2417 1073 2418 1073 2419 1089 2419 125 2419 1073 2420 125 2420 124 2420 89 2421 90 2421 164 2421 164 2422 93 2422 94 2422 89 2422 164 2422 88 2422 155 2422 154 2422 1023 2422 1023 2423 154 2423 1041 2423 164 2422 94 2422 182 2422 182 2424 94 2424 95 2424 182 2422 95 2422 96 2422 96 2422 97 2422 182 2422 182 2425 97 2425 98 2425 182 2426 98 2426 99 2426 90 2422 91 2422 164 2422 164 2422 91 2422 92 2422 164 2427 92 2427 93 2427 1090 2422 1091 2422 1066 2422 1066 2428 1091 2428 1092 2428 1066 2429 1092 2429 1065 2429 1065 2430 1092 2430 1093 2430 1065 2422 1093 2422 38 2422 961 2431 985 2431 154 2431 99 2422 100 2422 182 2422 182 2432 100 2432 101 2432 182 2433 101 2433 173 2433 173 2422 101 2422 1094 2422 173 2422 1094 2422 174 2422 174 2422 1094 2422 993 2422 1069 2434 1041 2434 1095 2434 1095 2435 1041 2435 154 2435 1095 2422 154 2422 1096 2422 1096 2436 154 2436 1097 2436 38 2422 87 2422 1065 2422 1065 2437 87 2437 88 2437 1065 2422 88 2422 152 2422 152 2422 88 2422 164 2422 152 2422 164 2422 153 2422 1090 2438 1066 2438 1098 2438 1098 2439 1066 2439 1067 2439 1098 2422 1067 2422 1099 2422 1099 2422 1067 2422 1068 2422 1099 2422 1068 2422 1100 2422 1095 2440 1101 2440 1069 2440 1069 2422 1101 2422 1102 2422 1069 2422 1102 2422 1068 2422 1068 2441 1102 2441 1103 2441 1068 2422 1103 2422 1100 2422 1022 2422 1028 2422 1023 2422 1023 2442 1028 2442 1026 2442 1023 2443 1026 2443 155 2443 1001 2422 999 2422 997 2422 997 2422 999 2422 961 2422 997 2422 961 2422 168 2422 168 2422 961 2422 154 2422 989 2422 990 2422 1097 2422 1097 2444 990 2444 991 2444 1097 2445 991 2445 1094 2445 1094 2446 991 2446 992 2446 1094 2447 992 2447 993 2447 985 2422 986 2422 154 2422 154 2448 986 2448 987 2448 154 2422 987 2422 1097 2422 1097 2449 987 2449 988 2449 1097 2450 988 2450 989 2450 123 2451 122 2451 218 2451 218 2451 122 2451 244 2451 651 2452 655 2452 811 2452 811 2453 655 2453 654 2453 811 2454 654 2454 118 2454 118 2455 654 2455 657 2455 118 2456 657 2456 119 2456 651 2457 811 2457 632 2457 632 2458 811 2458 397 2458 632 2459 397 2459 395 2459 111 2460 110 2460 704 2460 337 2461 1104 2461 1105 2461 337 2462 1105 2462 704 2462 704 2463 1105 2463 1106 2463 704 2464 1106 2464 111 2464 1107 2451 1108 2451 337 2451 1104 2465 337 2465 1109 2465 1109 2466 337 2466 1108 2466 1109 2467 1108 2467 1110 2467 336 2451 950 2451 337 2451 337 2451 950 2451 1111 2451 337 2468 1111 2468 1107 2468 959 2469 1112 2469 960 2469 960 2470 1112 2470 1113 2470 960 2471 1113 2471 962 2471 962 2472 1113 2472 1114 2472 962 2473 1114 2473 964 2473 964 2474 1114 2474 1115 2474 964 2475 1115 2475 966 2475 966 2476 1115 2476 1116 2476 966 2477 1116 2477 968 2477 968 2478 1116 2478 1117 2478 968 2479 1117 2479 970 2479 970 2480 1117 2480 1118 2480 970 2481 1118 2481 972 2481 972 2482 1118 2482 1119 2482 972 2483 1119 2483 974 2483 974 2484 1119 2484 1120 2484 974 2485 1120 2485 976 2485 976 2486 1120 2486 1121 2486 976 2487 1121 2487 950 2487 950 2488 1121 2488 1111 2488 1009 2489 1010 2489 1122 2489 1122 2490 1123 2490 1009 2490 1009 2491 1123 2491 1124 2491 1009 2492 1124 2492 959 2492 959 2493 1124 2493 1125 2493 959 2494 1125 2494 1112 2494 1011 2495 1012 2495 1126 2495 1126 2496 1127 2497 1011 2498 1011 2499 1127 2499 1128 2499 1011 2500 1128 2500 1010 2500 1010 2501 1128 2501 1129 2501 1010 2502 1129 2503 1122 2504 1130 2505 1126 2505 1013 2505 1013 2506 1126 2506 1012 2506 1131 2507 1130 2507 1016 2507 1016 2508 1130 2508 1013 2508 1131 2509 1016 2509 1132 2509 1132 2510 1016 2510 1037 2510 1132 2511 1037 2511 1133 2511 1133 2512 1037 2512 1134 2512 1134 2513 1037 2513 1038 2513 1134 2514 1038 2514 1135 2514 1135 2515 1038 2515 1136 2515 1136 2516 1038 2516 1039 2516 1136 2517 1039 2517 1137 2517 1137 2518 1039 2518 1040 2518 1137 2519 1040 2519 1138 2519 1138 2520 1040 2520 1139 2520 1139 2521 1040 2521 1057 2521 1139 2522 1057 2522 1140 2522 1140 2523 1057 2523 1056 2523 1140 2524 1056 2524 1141 2524 1141 2525 1056 2525 1055 2525 1141 2526 1055 2526 1142 2526 1142 2527 1055 2527 1053 2527 1142 2528 1053 2528 1143 2528 1143 2529 1053 2529 1051 2529 1143 2530 1051 2530 1144 2530 1144 2531 1051 2531 1050 2531 1144 2532 1050 2532 1145 2532 1145 2533 1050 2533 1048 2533 1145 2534 1048 2534 1146 2534 1146 2535 1048 2535 1046 2535 1146 2536 1046 2536 1147 2536 1147 2537 1046 2537 1045 2537 1147 2538 1045 2538 1148 2538 1148 2539 1045 2539 1044 2539 136 2540 1149 2540 1150 2540 1150 2541 1149 2541 1151 2541 1150 2542 1151 2542 1152 2542 1044 2451 137 2451 1148 2451 1148 2451 137 2451 136 2451 1148 2451 136 2451 1153 2451 1153 2543 136 2543 1150 2543 1149 2544 136 2544 1154 2544 1154 2545 136 2545 1078 2545 1154 2546 1078 2546 1155 2546 1155 2547 1078 2547 103 2547 1155 2548 103 2548 102 2548 1156 2549 1157 2549 1130 2549 140 2550 1130 2550 1158 2550 1156 2551 1130 2551 1159 2551 1157 2552 1160 2552 1130 2552 1130 2553 1160 2553 1161 2553 1130 2554 1161 2554 1162 2554 1163 2555 1164 2555 1130 2555 1130 2556 1164 2556 1165 2556 1130 2557 1165 2557 1158 2557 1158 2558 1166 2558 140 2558 140 2559 1166 2559 1167 2559 140 2560 1167 2560 1168 2560 1169 2561 1170 2561 1130 2561 1130 2562 1170 2562 1171 2562 1130 2563 1171 2563 1159 2563 1162 2564 1112 2564 1130 2564 1130 2565 1112 2565 1125 2565 1130 2566 1125 2566 1124 2566 1136 2567 1130 2567 1131 2567 1136 2568 1137 2568 1130 2568 1130 2569 1137 2569 1138 2569 1130 2570 1138 2570 1163 2570 1168 2571 1172 2571 140 2571 140 2572 1172 2572 1173 2572 140 2573 1173 2573 1174 2573 1128 2574 1127 2575 1126 2576 1131 2577 1132 2577 1136 2577 1136 2578 1132 2578 1133 2578 1136 2579 1133 2579 1135 2579 1135 2580 1133 2581 1134 2582 1174 2583 1175 2584 140 2585 140 2586 1175 2586 1176 2586 140 2587 1176 2587 1177 2587 1178 2588 1179 2588 1130 2588 1130 2589 1179 2589 1180 2589 1124 2590 1123 2590 1130 2590 1130 2591 1123 2591 1122 2591 1130 2592 1122 2592 1126 2592 1126 2593 1122 2594 1129 2595 1126 2596 1129 2597 1128 2598 1178 2599 1130 2600 114 2601 114 2602 1130 2602 140 2602 114 2603 140 2603 115 2603 1180 2604 1181 2604 1130 2604 1130 2605 1181 2606 1182 2607 1130 2608 1182 2608 1169 2608 1177 2609 1183 2610 140 2611 140 2612 1183 2612 109 2612 140 2613 109 2613 129 2613 129 2603 109 2603 108 2603 129 2451 128 2451 140 2451 140 2451 128 2451 141 2451 618 2614 475 2614 473 2614 467 2615 622 2615 621 2615 499 2616 1088 2616 614 2616 614 2617 1088 2617 727 2617 128 2618 495 2618 493 2618 726 2616 623 2616 727 2616 727 2619 623 2619 477 2619 727 2620 477 2620 475 2620 618 2616 617 2616 475 2616 475 2621 617 2621 616 2621 475 2616 616 2616 727 2616 727 2622 616 2622 615 2622 727 2623 615 2623 614 2623 499 2616 497 2616 1088 2616 1088 2616 497 2616 125 2616 1088 2616 125 2616 1089 2616 191 2624 630 2624 629 2624 726 2616 322 2616 623 2616 623 2625 322 2625 325 2625 623 2626 325 2626 624 2626 624 2627 325 2627 327 2627 624 2616 327 2616 625 2616 621 2628 620 2628 467 2628 467 2629 620 2629 619 2629 467 2616 619 2616 469 2616 469 2630 619 2630 618 2630 469 2631 618 2631 471 2631 471 2632 618 2632 473 2632 495 2633 128 2633 497 2633 497 2634 128 2634 126 2634 497 2635 126 2635 125 2635 487 2616 141 2616 489 2616 489 2616 141 2616 128 2616 489 2616 128 2616 491 2616 491 2616 128 2616 493 2616 457 2616 946 2616 459 2616 459 2636 946 2636 1071 2636 457 2616 631 2616 946 2616 946 2616 631 2616 188 2616 946 2616 188 2616 945 2616 630 2616 191 2616 631 2616 631 2637 191 2637 189 2637 631 2638 189 2638 188 2638 629 2616 628 2616 191 2616 191 2639 628 2639 627 2639 191 2616 627 2616 327 2616 327 2640 627 2640 626 2640 327 2616 626 2616 625 2616 1070 2616 481 2616 1071 2616 1071 2641 481 2641 479 2641 1071 2642 479 2642 622 2642 487 2616 485 2616 141 2616 141 2643 485 2643 483 2643 141 2616 483 2616 142 2616 142 2644 483 2644 481 2644 142 2645 481 2645 144 2645 144 2616 481 2616 1070 2616 467 2616 465 2616 622 2616 622 2646 465 2646 463 2646 622 2647 463 2647 1071 2647 1071 2648 463 2648 461 2648 1071 2649 461 2649 459 2649 789 2422 275 2422 199 2422 789 2422 199 2422 787 2422 787 2650 199 2650 198 2650 787 2422 198 2422 770 2422 770 2651 784 2651 787 2651 787 2652 784 2652 785 2652 787 2422 785 2422 786 2422 802 2422 804 2422 239 2422 239 2422 804 2422 806 2422 806 2422 817 2422 818 2422 240 2422 239 2422 820 2422 820 2653 239 2653 806 2653 820 2654 806 2654 819 2654 819 2655 806 2655 818 2655 869 2656 842 2656 205 2656 268 2657 270 2657 310 2657 310 2658 270 2658 823 2658 823 2659 826 2659 310 2659 310 2660 826 2660 828 2660 310 2661 828 2661 830 2661 830 2662 832 2662 310 2662 310 2663 832 2663 831 2663 310 2664 831 2664 836 2664 836 2665 835 2665 310 2665 310 2666 835 2666 838 2666 310 2667 838 2667 205 2667 205 2668 838 2668 837 2668 205 2669 837 2669 869 2669 211 2670 206 2670 852 2670 852 2671 206 2671 205 2671 852 2672 205 2672 850 2672 842 2673 841 2673 205 2673 205 2674 841 2674 846 2674 205 2675 846 2675 844 2675 844 2676 843 2676 205 2676 205 2677 843 2677 848 2677 205 2678 848 2678 850 2678 101 2679 86 2679 1184 2679 86 2680 72 2680 1185 2681 58 2682 37 2682 1186 2682 72 2683 58 2683 1187 2683 1187 2684 58 2684 1186 2684 1187 2685 1186 2685 1188 2685 1188 2686 1186 2687 1189 2688 1189 2689 1190 2689 1188 2689 1188 2690 1190 2690 1191 2690 1188 2691 1191 2691 1192 2691 1192 2692 1191 2692 1193 2692 1192 2693 1193 2693 1194 2693 1194 2694 1193 2694 1195 2694 1194 2695 1195 2695 1196 2695 1195 2696 1197 2696 1196 2696 1196 2697 1197 2697 1198 2698 1196 2699 1198 2699 1199 2699 1199 2700 1198 2700 1200 2700 1199 2701 1200 2701 1201 2701 1201 2702 1200 2702 1202 2702 1201 2703 1202 2703 1203 2703 1204 2704 1205 2704 1206 2704 1206 2705 1205 2705 1203 2705 1206 2706 1203 2706 1207 2706 1207 2707 1203 2707 1202 2707 1208 2708 1209 2709 1204 2710 1204 2711 1209 2711 1210 2711 1204 2712 1210 2712 1205 2712 1208 2713 1211 2713 1209 2714 1209 2715 1211 2715 1212 2715 1209 2716 1212 2716 1213 2716 1213 2717 1212 2717 1214 2717 1213 2718 1214 2718 1215 2719 1215 2720 1214 2720 1216 2720 1215 2721 1216 2721 1217 2721 1216 2722 1218 2722 1217 2722 1217 2723 1218 2723 6 2723 1217 2724 6 2725 43 2726 72 2727 1187 2727 1185 2727 1185 2728 1187 2728 1188 2728 1185 2729 1188 2729 1219 2729 1219 2730 1188 2730 1192 2730 1219 2731 1192 2731 1220 2731 1220 2732 1192 2732 1194 2732 1220 2733 1194 2734 1221 2735 1221 2736 1194 2736 1196 2737 1221 2738 1196 2738 1222 2738 1222 2739 1196 2739 1199 2739 1222 2740 1199 2740 1223 2740 1223 2741 1199 2741 1201 2741 1223 2742 1201 2742 1224 2742 1224 2743 1201 2743 1203 2743 1224 2744 1203 2744 1225 2744 1225 2745 1203 2745 1205 2745 1225 2746 1205 2746 1226 2746 1226 2747 1205 2747 1210 2747 1226 2748 1210 2749 1227 2750 1227 2751 1210 2752 1209 2753 1227 2754 1209 2754 1228 2755 1228 2756 1209 2756 1213 2756 1228 2757 1213 2757 1229 2757 1229 2758 1213 2758 1215 2758 1229 2759 1215 2760 1230 2761 1230 2762 1215 2762 1217 2762 1230 2763 1217 2763 1231 2763 1231 2764 1217 2765 43 2766 1231 2767 43 2767 41 2767 86 2768 1185 2768 1184 2768 1184 2769 1185 2770 1219 2771 1184 2772 1219 2773 1232 2774 1232 2775 1219 2775 1220 2775 1232 2776 1220 2776 1233 2776 1233 2777 1220 2777 1221 2777 1233 2778 1221 2778 1234 2778 1234 2779 1221 2779 1222 2780 1234 2781 1222 2782 1235 2783 1235 2784 1222 2784 1223 2784 1235 2785 1223 2785 1236 2785 1236 2786 1223 2787 1224 2788 1236 2789 1224 2789 1237 2789 1237 2790 1224 2790 1225 2790 1237 2791 1225 2791 1238 2791 1238 2792 1225 2792 1226 2792 1238 2793 1226 2793 1239 2793 1239 2794 1226 2795 1227 2794 1239 2796 1227 2797 1240 2798 1240 2799 1227 2800 1228 2801 1240 2802 1228 2803 1241 2804 1241 2805 1228 2805 1229 2805 1241 2806 1229 2806 1242 2806 1242 2807 1229 2807 1230 2808 1242 2809 1230 2810 1243 2811 1243 2812 1230 2813 1231 2814 1243 2815 1231 2816 1244 2817 1244 2818 1231 2819 41 2820 1244 2821 41 2821 39 2821 101 2822 1184 2822 1094 2822 1094 2823 1184 2823 1232 2823 1094 2824 1232 2824 1097 2824 1097 2825 1232 2826 1233 2827 1097 2828 1233 2828 1096 2828 1096 2829 1233 2829 1234 2830 1096 2831 1234 2831 1095 2831 1095 2832 1234 2832 1235 2832 1095 2833 1235 2833 1101 2833 1101 2834 1235 2834 1236 2834 1101 2835 1236 2835 1102 2835 1102 2836 1236 2836 1237 2836 1102 2837 1237 2837 1103 2837 1103 2838 1237 2838 1238 2838 1103 2839 1238 2839 1100 2839 1100 2840 1238 2840 1239 2840 1100 2841 1239 2841 1099 2841 1099 2842 1239 2842 1240 2842 1099 2843 1240 2843 1098 2843 1098 2844 1240 2844 1241 2844 1098 2845 1241 2845 1090 2845 1090 2846 1241 2846 1242 2846 1090 2847 1242 2847 1091 2847 1091 2848 1242 2848 1243 2848 1091 2849 1243 2849 1092 2849 1092 2850 1243 2850 1244 2850 1092 2851 1244 2851 1093 2851 1093 2852 1244 2852 39 2852 1093 2853 39 2853 38 2853 37 2854 36 2854 1186 2854 1186 2855 36 2855 1245 2855 1186 2856 1245 2856 1189 2856 1189 2857 1245 2857 1190 2857 1190 2858 1245 2858 1246 2858 1190 2859 1246 2859 1191 2859 1191 2860 1246 2860 1193 2860 1193 2861 1246 2861 1247 2861 1193 2862 1247 2862 1195 2862 1195 2863 1247 2863 1197 2863 1197 2864 1247 2864 1248 2864 1197 2865 1248 2865 1198 2865 1198 2866 1248 2866 1200 2866 1200 2867 1248 2867 1249 2867 1200 2868 1249 2868 1202 2868 1202 2869 1249 2869 1207 2869 1207 2870 1249 2870 1250 2870 1207 2871 1250 2871 1206 2871 1206 2872 1250 2872 1204 2872 1204 2873 1250 2873 1251 2873 1204 2874 1251 2874 1208 2874 1208 2875 1251 2875 1211 2875 1211 2876 1251 2876 1252 2876 1211 2877 1252 2877 1212 2877 1212 2878 1252 2878 1214 2878 1214 2879 1252 2879 1253 2879 1214 2880 1253 2880 1216 2880 1216 2881 1253 2881 1218 2881 1218 2882 1253 2882 7 2882 1218 2883 7 2883 6 2883 182 2451 287 2451 164 2451 164 2451 287 2451 178 2451 1254 2884 1255 2884 1256 2884 117 2885 112 2885 1257 2885 1258 2886 1259 2886 1110 2886 1110 2887 1259 2887 1109 2887 1109 2888 1259 2888 1104 2888 1104 2889 1259 2889 1260 2889 1104 2890 1260 2890 1105 2890 1105 2891 1260 2891 1106 2891 1106 2892 1260 2892 1261 2892 1106 2893 1261 2893 111 2893 114 2894 116 2894 1178 2894 1178 2895 116 2895 117 2895 1178 2896 117 2896 1262 2896 1262 2897 117 2897 1257 2897 1160 2898 1157 2898 1263 2898 1264 2899 1161 2899 1265 2899 1265 2900 1161 2900 1160 2900 1265 2901 1160 2901 1266 2901 1266 2902 1160 2902 1263 2902 1266 2903 1263 2903 1267 2903 1267 2904 1263 2904 1268 2904 1157 2905 1156 2905 1263 2905 1263 2906 1156 2906 1269 2906 1263 2907 1269 2907 1268 2907 1270 2908 1271 2908 1272 2908 1272 2909 1271 2909 1273 2909 1272 2910 1273 2910 1269 2910 1269 2911 1273 2911 1274 2911 1269 2912 1274 2912 1268 2912 1275 2913 1276 2914 1270 2915 1270 2916 1276 2917 1277 2918 1277 2919 1278 2919 1270 2919 1270 2920 1278 2921 1279 2921 1270 2922 1279 2922 1271 2922 1280 2923 1281 2923 1257 2923 1257 2924 1281 2924 1180 2924 1257 2925 1180 2925 1262 2925 1262 2926 1180 2926 1179 2926 1262 2927 1179 2927 1178 2927 1258 2928 1282 2928 1259 2928 1259 2929 1282 2929 1255 2929 1259 2930 1255 2930 1260 2930 1260 2931 1255 2931 1254 2931 1260 2932 1254 2932 1261 2932 1171 2933 1170 2933 1283 2933 1283 2934 1170 2934 1169 2934 1283 2935 1169 2935 1280 2935 1280 2936 1169 2936 1182 2936 1280 2937 1182 2937 1281 2937 1281 2938 1182 2938 1181 2938 1281 2939 1181 2939 1180 2939 112 2940 111 2941 1257 2942 1257 2943 111 2944 1261 2945 1257 2946 1261 2946 1280 2946 1280 2947 1261 2947 1254 2947 1280 2948 1254 2948 1283 2948 1283 2949 1254 2949 1256 2949 1283 2950 1256 2950 1171 2950 1171 2951 1256 2951 1284 2951 1171 2952 1284 2952 1159 2952 1159 2953 1284 2953 1285 2953 1159 2954 1285 2955 1156 2956 1156 2957 1285 2957 1269 2957 1269 2958 1285 2958 1284 2958 1269 2959 1284 2959 1272 2959 1272 2960 1284 2960 1256 2960 1272 2961 1256 2961 1270 2961 1270 2962 1256 2962 1255 2962 1270 2963 1255 2963 1275 2963 1275 2964 1255 2964 1282 2964 1275 2965 1282 2966 1276 2967 1162 2968 1161 2968 1286 2968 1286 2969 1161 2969 1264 2969 1287 2970 1288 2970 1120 2970 1120 2971 1288 2971 1289 2971 1120 2972 1289 2972 1121 2972 1121 2973 1289 2973 1107 2973 1121 2974 1107 2974 1111 2974 1120 2975 1119 2976 1287 2975 1287 2977 1119 2977 1118 2977 1287 2978 1118 2979 1290 2980 1290 2981 1118 2981 1117 2981 1290 2982 1117 2983 1291 2984 1291 2985 1117 2986 1116 2987 1291 2988 1116 2989 1292 2990 1292 2991 1116 2991 1115 2991 1292 2992 1115 2992 1293 2992 1115 2993 1114 2993 1293 2993 1293 2994 1114 2995 1113 2995 1293 2996 1113 2996 1294 2997 1294 2998 1113 2998 1112 2998 1294 2999 1112 2999 1162 2999 1258 3000 1110 3000 1108 3000 1162 3001 1286 3001 1294 3001 1294 3002 1286 3003 1264 3004 1295 3005 1108 3005 1107 3005 1258 3006 1108 3006 1282 3006 1282 3007 1108 3008 1295 3009 1282 3010 1295 3011 1276 3012 1276 3013 1295 3013 1296 3013 1276 3014 1296 3014 1277 3014 1277 3015 1296 3015 1278 3015 1278 3016 1296 3016 1297 3016 1278 3017 1297 3017 1279 3017 1279 3018 1297 3018 1298 3018 1279 3019 1298 3019 1271 3019 1271 3020 1298 3020 1299 3020 1271 3021 1299 3022 1273 3022 1265 3023 1266 3023 1300 3023 1300 3024 1266 3024 1267 3024 1300 3025 1267 3026 1301 3027 1301 3028 1267 3028 1268 3028 1301 3029 1268 3029 1299 3029 1299 3030 1268 3030 1274 3030 1299 3031 1274 3031 1273 3031 1107 3032 1289 3032 1295 3032 1295 3033 1289 3033 1288 3033 1295 3034 1288 3034 1296 3034 1296 3035 1288 3035 1287 3035 1296 3036 1287 3036 1297 3036 1297 3037 1287 3037 1290 3037 1297 3038 1290 3038 1298 3038 1298 3039 1290 3040 1291 3041 1298 3042 1291 3042 1299 3042 1291 3043 1292 3043 1299 3043 1299 3044 1292 3044 1293 3044 1299 3045 1293 3045 1301 3045 1301 3046 1293 3046 1294 3046 1301 3047 1294 3047 1300 3047 1300 3048 1294 3048 1264 3048 1300 3049 1264 3049 1265 3049 1183 3050 107 3050 109 3050 1176 3051 1175 3051 1302 3051 1173 3052 1303 3052 1304 3052 1303 3053 1173 3053 1172 3053 1158 3054 1305 3054 1166 3054 1152 3055 1151 3055 1306 3055 1307 3056 1308 3057 1309 3058 1309 3059 1308 3059 1310 3059 1309 3060 1310 3060 1311 3060 1311 3061 1310 3062 1312 3061 1311 3063 1312 3063 1313 3063 1307 3064 1309 3065 1314 3066 1314 3067 1309 3068 1315 3069 1314 3070 1315 3070 1316 3070 1316 3071 1315 3072 1317 3073 1317 3074 1315 3074 1318 3074 1317 3075 1318 3075 1319 3075 1305 3076 1320 3076 1318 3076 1318 3077 1320 3077 1321 3077 1318 3078 1321 3079 1319 3080 1158 3081 1322 3081 1305 3081 1305 3082 1322 3082 1323 3082 1305 3083 1323 3083 1320 3083 1164 3084 1324 3084 1165 3084 1165 3085 1324 3085 1325 3085 1165 3086 1325 3087 1158 3088 1158 3089 1325 3089 1326 3089 1158 3090 1326 3090 1322 3090 1304 3091 1327 3091 1173 3091 1173 3092 1327 3092 1302 3092 1173 3093 1302 3093 1174 3093 1174 3094 1302 3095 1175 3096 107 3097 1183 3097 106 3097 106 3098 1183 3098 1328 3098 106 3099 1328 3099 104 3099 104 3100 1328 3100 1329 3100 104 3101 1329 3102 102 3103 102 3104 1329 3104 1155 3104 1155 3105 1329 3105 1330 3105 1155 3106 1330 3106 1154 3106 1154 3107 1330 3107 1331 3107 1154 3108 1331 3108 1149 3108 1183 3109 1177 3109 1328 3109 1328 3110 1177 3110 1176 3110 1328 3111 1176 3111 1329 3111 1329 3112 1176 3112 1302 3112 1329 3113 1302 3113 1330 3113 1330 3114 1302 3114 1327 3114 1330 3115 1327 3115 1331 3115 1331 3116 1327 3116 1304 3116 1167 3117 1332 3118 1168 3119 1168 3120 1332 3120 1333 3120 1168 3121 1333 3121 1172 3121 1172 3122 1333 3122 1334 3122 1172 3123 1334 3123 1303 3123 1303 3124 1334 3124 1335 3124 1303 3125 1335 3125 1304 3125 1304 3126 1335 3126 1306 3126 1304 3127 1306 3127 1331 3127 1331 3128 1306 3128 1151 3128 1331 3129 1151 3129 1149 3129 1166 3130 1305 3130 1167 3130 1167 3131 1305 3131 1318 3131 1167 3132 1318 3132 1332 3132 1332 3133 1318 3133 1315 3133 1332 3134 1315 3134 1333 3134 1333 3135 1315 3135 1309 3135 1333 3136 1309 3136 1334 3136 1334 3137 1309 3137 1311 3137 1334 3138 1311 3138 1335 3138 1335 3139 1311 3139 1313 3139 1335 3140 1313 3140 1306 3140 1306 3141 1313 3141 1336 3141 1306 3142 1336 3142 1152 3142 1337 3143 1143 3143 1338 3143 1338 3144 1143 3144 1144 3144 1338 3145 1144 3146 1339 3147 1339 3148 1144 3149 1145 3150 1339 3151 1145 3151 1340 3151 1340 3152 1145 3152 1146 3152 1340 3153 1146 3153 1341 3153 1341 3154 1146 3154 1147 3154 1341 3155 1147 3155 1342 3155 1342 3156 1147 3156 1148 3156 1342 3157 1148 3157 1153 3157 1337 3158 1343 3159 1143 3160 1143 3161 1343 3161 1344 3161 1143 3162 1344 3162 1142 3162 1142 3163 1344 3164 1345 3164 1142 3165 1345 3166 1141 3166 1141 3167 1345 3168 1346 3169 1141 3170 1346 3171 1140 3172 1140 3173 1346 3173 1347 3173 1140 3174 1347 3174 1139 3174 1139 3175 1347 3175 1348 3175 1139 3176 1348 3176 1138 3176 1138 3177 1348 3177 1163 3177 1308 3178 1307 3179 1349 3180 1350 3181 1163 3181 1348 3181 1343 3182 1337 3183 1351 3182 1339 3184 1340 3184 1352 3184 1352 3185 1340 3185 1353 3185 1353 3186 1340 3186 1341 3186 1353 3187 1341 3187 1342 3187 1352 3188 1354 3188 1339 3188 1339 3189 1354 3189 1355 3189 1339 3190 1355 3190 1338 3190 1343 3191 1351 3191 1344 3191 1344 3192 1351 3192 1356 3192 1344 3193 1356 3193 1345 3193 1345 3194 1356 3194 1357 3194 1345 3195 1357 3195 1346 3195 1346 3196 1357 3196 1358 3196 1346 3197 1358 3197 1347 3197 1347 3198 1358 3198 1359 3198 1347 3199 1359 3199 1348 3199 1350 3200 1348 3201 1324 3202 1324 3203 1348 3203 1325 3203 1325 3204 1348 3204 1359 3204 1325 3205 1359 3206 1326 3207 1326 3208 1359 3208 1358 3209 1326 3210 1358 3211 1322 3212 1322 3213 1358 3213 1357 3213 1322 3214 1357 3214 1323 3214 1323 3215 1357 3215 1320 3215 1320 3216 1357 3216 1356 3216 1320 3217 1356 3217 1321 3217 1314 3218 1316 3218 1360 3218 1360 3219 1316 3219 1317 3219 1308 3220 1349 3220 1310 3220 1310 3221 1349 3222 1361 3221 1310 3223 1361 3223 1312 3223 1342 3224 1153 3224 1362 3224 1362 3225 1153 3225 1150 3225 1362 3226 1150 3226 1363 3226 1363 3227 1150 3227 1152 3227 1363 3228 1152 3228 1364 3228 1364 3229 1152 3230 1336 3231 1364 3232 1336 3233 1313 3234 1307 3235 1314 3235 1349 3235 1349 3236 1314 3236 1360 3236 1349 3237 1360 3237 1351 3237 1351 3238 1360 3238 1317 3238 1351 3239 1317 3239 1356 3239 1356 3240 1317 3240 1319 3240 1356 3241 1319 3241 1321 3241 1352 3242 1361 3242 1354 3242 1354 3243 1361 3243 1349 3243 1354 3244 1349 3244 1355 3244 1355 3245 1349 3245 1351 3245 1355 3246 1351 3246 1338 3246 1338 3247 1351 3247 1337 3247 1342 3248 1362 3248 1353 3248 1353 3249 1362 3249 1363 3249 1353 3250 1363 3250 1352 3250 1352 3251 1363 3251 1364 3251 1352 3252 1364 3252 1361 3252 1361 3253 1364 3254 1313 3255 1361 3256 1313 3256 1312 3256 757 2968 792 2968 739 2968 739 2968 792 2968 754 2968 739 2968 754 2968 946 2968 946 2968 754 2968 735 2968 735 2968 734 2968 946 2968 946 2968 734 2968 715 2968 946 2968 715 2968 1071 2968 694 2968 701 2968 734 2968 734 3257 701 3257 711 3257 734 3258 711 3258 712 3258 712 2968 713 2968 734 2968 734 3259 713 3259 714 3259 734 3260 714 3260 715 3260 730 3261 302 3261 315 3261 727 3261 1088 3261 948 3261 948 3262 1088 3262 1075 3262 948 3261 731 3261 727 3261 727 3261 731 3261 730 3261 727 3263 730 3263 721 3263 721 3261 730 3261 315 3261 1075 3261 1074 3261 948 3261 948 3264 1074 3264 1084 3264 948 3265 1084 3265 1085 3265 1085 3261 1086 3261 948 3261 948 3266 1086 3266 1087 3266 948 3261 1087 3261 353 3261 1324 3261 1164 3261 1350 3261 1350 3267 1164 3268 1163 3269 422 3270 358 3270 357 3270 422 3271 357 3272 423 3273 406 3274 773 3274 421 3274 421 3275 773 3275 1 3275 421 3276 1 3277 0 3278 406 3279 405 3279 773 3279 773 3280 405 3280 455 3280 773 3281 455 3281 357 3281 357 3282 455 3282 425 3282 357 3283 425 3284 423 3285 5 2422 289 2422 178 2422 3 2422 420 2422 0 2422 0 2422 420 2422 421 2422 119 2422 657 2422 656 2422 663 2422 665 2422 287 2422 287 3286 665 3286 667 3286 407 2422 409 2422 178 2422 178 3287 409 3287 411 3287 119 2422 656 2422 120 2422 287 3288 244 3288 663 3288 663 2422 244 2422 122 2422 663 2422 122 2422 661 2422 661 3289 122 3289 120 3289 661 3290 120 3290 659 3290 659 3291 120 3291 656 3291 411 2422 413 2422 178 2422 178 2422 413 2422 415 2422 178 3292 415 3292 5 3292 5 2422 415 2422 417 2422 5 3293 417 3293 3 3293 3 3294 417 3294 419 3294 3 2422 419 2422 420 2422 667 2422 669 2422 287 2422 287 3295 669 3295 671 3295 287 2422 671 2422 178 2422 178 3296 671 3296 401 3296 178 3297 401 3297 407 3297 601 2422 1246 2422 600 2422 600 3298 1246 3298 1245 3298 600 2422 1245 2422 599 2422 599 2422 1245 2422 36 2422 599 2422 36 2422 598 2422 598 2422 36 2422 33 2422 598 3299 33 3299 597 3299 552 3300 1251 3300 549 3300 549 2422 1251 2422 1250 2422 549 2422 1250 2422 548 2422 548 3301 1250 3301 1249 3301 548 2422 1249 2422 602 2422 602 3302 1249 3302 1248 3302 602 3303 1248 3303 601 3303 601 2422 1248 2422 1247 2422 601 3304 1247 3304 1246 3304 564 3305 12 3305 561 3305 561 3306 12 3306 9 3306 561 2422 9 2422 558 2422 558 2422 9 2422 7 2422 558 2422 7 2422 555 2422 555 2422 7 2422 1253 2422 555 3307 1253 3307 552 3307 552 3308 1253 3308 1252 3308 552 3309 1252 3309 1251 3309 33 3310 30 3310 597 3310 597 3311 30 3311 27 3311 597 3312 27 3312 596 3312 596 2422 27 2422 24 2422 596 2422 24 2422 569 2422 569 2422 24 2422 21 2422 569 2422 21 2422 567 2422 567 2422 21 2422 18 2422 567 2422 18 2422 564 2422 564 3313 18 3313 15 3313 564 3314 15 3314 12 3314 515 2422 362 2422 512 2422 512 2422 362 2422 360 2422 512 2422 360 2422 509 2422 509 3315 360 3315 688 3315 509 2422 688 2422 506 2422 523 3316 370 3316 521 3316 521 3317 370 3317 372 3317 521 2422 372 2422 518 2422 518 3318 372 3318 368 3318 518 2422 368 2422 515 2422 515 3319 368 3319 363 3319 515 2422 363 2422 362 2422 610 3320 398 3320 609 3320 609 2422 398 2422 391 2422 609 3321 391 3321 608 3321 608 3322 391 3322 387 3322 608 3323 387 3323 607 3323 607 3324 387 3324 383 3324 607 2422 383 2422 523 2422 523 3325 383 3325 379 3325 523 2422 379 2422 370 2422 612 2422 681 2422 611 2422 611 3326 681 3326 680 3326 611 3327 680 3327 610 3327 610 2422 680 2422 399 2422 610 2422 399 2422 398 2422 688 3328 687 3328 506 3328 506 3329 687 3329 686 3329 506 3300 686 3300 503 3300 503 2422 686 2422 685 2422 503 2422 685 2422 502 2422 502 3301 685 3301 684 3301 502 2422 684 2422 613 2422 613 3330 684 3330 683 3330 613 2422 683 2422 612 2422 612 3331 683 3331 682 3331 612 3332 682 3332 681 3332 5 2451 4 2451 289 2451 289 2451 4 2451 265 2451 327 3333 326 3333 191 3333 191 3333 326 3333 192 3333 1365 3334 1366 3334 1367 3334 1365 3335 1368 3335 1369 3335 1370 3336 1368 3336 1365 3336 1367 3337 1370 3337 1365 3337 1365 3338 1371 3338 1372 3338 1373 3339 1371 3339 1365 3339 1369 3340 1373 3340 1365 3340 1374 3341 1375 3341 1366 3341 1366 3342 1375 3342 1367 3342 1375 3343 1376 3343 1367 3343 1367 3344 1376 3344 1377 3344 1367 3345 1377 3345 1370 3345 1377 3346 1378 3346 1370 3346 1370 3347 1378 3347 1379 3347 1370 3348 1379 3348 1368 3348 1379 3349 1380 3349 1368 3349 1368 3350 1380 3350 1381 3350 1368 3351 1381 3351 1369 3351 1381 3352 1382 3352 1369 3352 1369 3353 1382 3353 1383 3353 1369 3354 1383 3354 1373 3354 1383 3355 1384 3355 1373 3355 1373 3356 1384 3356 1385 3356 1373 3357 1385 3357 1371 3357 1386 3358 1372 3358 1387 3358 1387 3359 1372 3359 1371 3359 1387 3360 1371 3360 1388 3360 1388 3361 1371 3361 1385 3361 1389 3362 1390 3362 1386 3362 1386 3363 1387 3363 1389 3363 1389 3364 1387 3364 1388 3364 1389 3365 1388 3365 1391 3365 1388 3366 1385 3366 1391 3366 1391 3367 1385 3367 1384 3367 1391 3368 1384 3368 1392 3368 1384 3369 1383 3369 1392 3369 1392 3370 1383 3370 1382 3370 1392 3371 1382 3371 1393 3371 1393 3372 1382 3372 1381 3372 1393 3373 1381 3373 1394 3373 1381 3374 1380 3374 1394 3374 1394 3375 1380 3375 1379 3375 1394 3376 1379 3376 1395 3376 1379 3377 1378 3377 1395 3377 1395 3378 1378 3378 1377 3378 1395 3379 1377 3379 1396 3379 1374 3380 1397 3380 1375 3380 1375 3381 1397 3381 1396 3381 1375 3382 1396 3382 1376 3382 1376 3383 1396 3383 1377 3383 1398 3384 1399 3384 1400 3384 1400 3385 1399 3385 1401 3385 1400 3386 1401 3386 1402 3386 1402 3387 1401 3387 1403 3387 1402 3388 1403 3388 1404 3388 1404 3389 1403 3389 1405 3389 1404 3390 1405 3390 1406 3390 1406 3391 1405 3391 1407 3391 1406 3392 1407 3392 1408 3392 1408 3393 1407 3393 1409 3393 1408 3394 1409 3394 1410 3394 1410 3395 1409 3395 1411 3395 1410 3396 1411 3396 1412 3396 1412 3396 1411 3396 1413 3396 1412 3397 1413 3397 1414 3397 1414 3398 1413 3398 1415 3398 1414 3399 1415 3399 1416 3399 1416 3400 1415 3400 1417 3400 1416 3401 1417 3401 1418 3401 1418 3402 1417 3402 1419 3402 1399 3403 1420 3403 1401 3403 1401 3404 1420 3404 1421 3404 1401 3405 1421 3405 1403 3405 1403 3406 1421 3406 1422 3406 1403 3407 1422 3407 1405 3407 1405 3408 1422 3408 1423 3408 1405 3409 1423 3409 1407 3409 1407 3410 1423 3410 1424 3410 1407 3411 1424 3411 1409 3411 1409 3412 1424 3412 1425 3412 1409 3413 1425 3413 1411 3413 1411 3414 1425 3414 1426 3414 1411 3415 1426 3415 1413 3415 1413 3416 1426 3416 1427 3416 1413 3417 1427 3417 1415 3417 1415 3418 1427 3418 1428 3418 1415 3419 1428 3419 1417 3419 1417 3420 1428 3420 1429 3420 1417 3421 1429 3421 1419 3421 1419 3422 1429 3422 1430 3422 1431 3423 1432 3423 1433 3423 1431 3424 1434 3424 1435 3424 1436 3425 1434 3425 1431 3425 1433 3426 1436 3426 1431 3426 1431 3427 1437 3427 1438 3427 1439 3428 1437 3428 1431 3428 1435 3429 1439 3429 1431 3429 1440 3430 1441 3430 1432 3430 1432 3431 1441 3431 1433 3431 1441 3432 1442 3432 1433 3432 1433 3433 1442 3433 1443 3433 1433 3434 1443 3434 1436 3434 1443 3435 1444 3435 1436 3435 1436 3436 1444 3436 1445 3436 1436 3437 1445 3437 1434 3437 1445 3438 1446 3438 1434 3438 1434 3439 1446 3439 1447 3439 1434 3440 1447 3440 1435 3440 1447 3441 1448 3441 1435 3441 1435 3442 1448 3442 1449 3442 1435 3443 1449 3443 1439 3443 1449 3444 1450 3444 1439 3444 1439 3445 1450 3445 1451 3445 1439 3446 1451 3446 1437 3446 1452 3447 1438 3447 1453 3447 1453 3448 1438 3448 1437 3448 1453 3449 1437 3449 1454 3449 1454 3450 1437 3450 1451 3450 1455 3451 1456 3451 1452 3451 1452 3452 1453 3452 1455 3452 1455 3453 1453 3454 1454 3455 1455 3456 1454 3456 1457 3456 1454 3457 1451 3457 1457 3457 1457 3458 1451 3458 1450 3458 1457 3459 1450 3459 1458 3459 1450 3460 1449 3460 1458 3460 1458 3461 1449 3461 1448 3461 1458 3462 1448 3462 1459 3462 1459 3463 1448 3463 1447 3463 1459 3464 1447 3464 1460 3464 1447 3465 1446 3465 1460 3465 1460 3466 1446 3466 1445 3466 1460 3467 1445 3467 1461 3467 1445 3468 1444 3468 1461 3468 1461 3469 1444 3469 1443 3469 1461 3470 1443 3470 1462 3470 1440 3471 1463 3471 1441 3471 1441 3472 1463 3472 1462 3472 1441 3473 1462 3473 1442 3474 1442 3475 1462 3475 1443 3475 1464 3476 1465 3476 1466 3476 1466 3477 1465 3477 1467 3477 1466 3478 1467 3478 1468 3478 1468 3479 1467 3479 1469 3479 1468 1051 1469 1051 1470 1051 1470 1051 1469 1051 1471 1051 1470 3480 1471 3480 1472 3480 1472 3481 1471 3481 1473 3481 1472 3482 1473 3482 1474 3482 1474 3482 1473 3482 1475 3482 1474 1046 1475 1046 1476 1046 1476 3483 1475 3483 1477 3483 1476 3484 1477 3484 1478 3484 1478 3485 1477 3485 1479 3485 1478 3486 1479 3486 1480 3486 1480 3487 1479 3487 1481 3487 1480 3488 1481 3488 1482 3488 1482 3488 1481 3488 1483 3488 1482 3489 1483 3489 1484 3489 1484 3489 1483 3489 1485 3489 1465 3490 1486 3490 1467 3490 1467 3491 1486 3491 1487 3491 1467 3492 1487 3492 1469 3492 1469 3493 1487 3493 1488 3493 1469 3494 1488 3494 1471 3494 1471 3495 1488 3495 1489 3495 1471 3496 1489 3496 1473 3496 1473 3497 1489 3497 1490 3497 1473 3498 1490 3498 1475 3498 1475 3499 1490 3499 1491 3499 1475 3500 1491 3500 1477 3500 1477 3501 1491 3501 1492 3501 1477 3502 1492 3502 1479 3502 1479 3503 1492 3503 1493 3503 1479 3504 1493 3504 1481 3504 1481 3505 1493 3505 1494 3505 1481 3506 1494 3506 1483 3506 1483 3507 1494 3507 1495 3507 1483 3508 1495 3509 1485 3510 1485 3511 1495 3511 1496 3511 1497 2968 1498 2968 1499 2968 1499 2968 1498 2968 1500 2968 1501 3261 1502 3261 1503 3261 1503 3261 1502 3261 1504 3261 1505 2451 1506 2451 1507 2451 1507 2451 1506 2451 1508 2451 1509 2968 1510 2968 1511 2968 1511 2968 1510 2968 1512 2968 1513 3261 1514 3261 1515 3261 1515 3261 1514 3261 1516 3261 1516 3333 1514 3333 1517 3333 1518 3512 1519 3512 1520 3512 1504 3333 1502 3333 1521 3333 1521 3333 1502 3333 1522 3333 1521 3513 1522 3513 1523 3513 1523 3514 1522 3514 1524 3514 1500 3333 1498 3333 1518 3333 1518 3333 1498 3333 1525 3333 1517 3333 1519 3333 1516 3333 1516 3515 1519 3515 1518 3515 1516 3516 1518 3516 1526 3516 1526 3333 1518 3333 1525 3333 1512 3333 1510 3333 1527 3333 1527 3517 1510 3517 1528 3517 1527 3518 1528 3518 1529 3518 1526 3333 1530 3333 1516 3333 1516 3333 1530 3333 1531 3333 1516 3333 1531 3333 1529 3333 1529 3519 1531 3519 1532 3519 1529 3520 1532 3520 1527 3520 1533 3333 1534 3333 1522 3333 1522 3333 1534 3333 1518 3333 1522 3521 1518 3521 1524 3521 1524 3333 1518 3333 1520 3333 1427 2422 1535 2422 1428 2422 1428 2422 1535 2422 1429 2422 1536 2422 1537 2422 1538 2422 1490 2422 1534 2422 1491 2422 1491 2422 1534 2422 1533 2422 1490 2422 1489 2422 1534 2422 1534 3522 1489 3522 1488 3522 1534 2422 1488 2422 1487 2422 1534 3523 1423 3523 1422 3523 1422 2422 1421 2422 1534 2422 1534 3524 1421 3524 1420 3524 1534 3525 1420 3525 1538 3525 1538 3526 1420 3526 1539 3526 1538 3527 1539 3527 1536 3527 1496 2422 1495 2422 1533 2422 1533 2422 1495 2422 1494 2422 1494 2422 1493 2422 1533 2422 1533 2422 1493 2422 1492 2422 1533 2422 1492 2422 1491 2422 1487 2422 1486 2422 1534 2422 1534 2422 1486 2422 1540 2422 1534 3528 1540 3528 1423 3528 1423 3529 1540 3529 1541 3529 1423 3530 1541 3530 1542 3530 1537 3531 1543 3531 1538 3531 1538 3532 1543 3532 1544 3532 1538 2422 1544 2422 1545 2422 1496 2422 1533 2422 1546 2422 1546 3533 1533 3533 1545 3533 1546 3534 1545 3534 1547 3534 1427 2422 1426 2422 1535 2422 1535 3535 1426 3535 1425 3535 1535 3536 1425 3536 1542 3536 1542 3537 1425 3537 1424 3537 1542 3538 1424 3538 1423 3538 1544 3539 1548 3539 1545 3539 1545 3540 1548 3540 1549 3540 1545 3541 1549 3541 1550 3541 1550 3542 1551 3542 1545 3542 1545 3543 1551 3543 1430 3543 1545 3544 1430 3544 1429 3544 1535 2422 1552 2422 1429 2422 1429 3545 1552 3545 1553 3545 1429 3546 1553 3546 1545 3546 1545 3547 1553 3547 1554 3547 1545 3548 1554 3548 1547 3548 1555 3549 1528 3549 1509 3549 1509 3550 1528 3550 1510 3550 1556 3551 1529 3551 1508 3551 1508 2616 1529 2616 1528 2616 1508 2616 1528 2616 1507 2616 1507 3552 1528 3552 1555 3552 1515 3553 1516 3553 1556 3553 1556 3554 1516 3554 1529 3554 1517 3555 1514 3555 1557 3555 1557 3556 1514 3556 1513 3556 1504 3557 1521 3557 1503 3557 1503 3558 1521 3558 1558 3558 1558 3559 1521 3559 1523 3559 1559 3560 1560 3560 1524 3560 1524 3561 1560 3561 1561 3561 1524 3562 1561 3563 1523 3564 1523 3565 1561 3566 1562 3567 1523 3568 1562 3568 1558 3568 1524 3261 1520 3261 1559 3261 1559 3261 1520 3261 1563 3261 1563 3569 1520 3569 1564 3569 1564 3570 1520 3570 1519 3570 1564 3571 1519 3571 1565 3571 1565 3572 1519 3573 1566 3574 1566 3575 1519 3575 1517 3575 1566 3576 1517 3577 1557 3578 1525 3579 1498 3579 1567 3579 1567 3580 1498 3580 1497 3580 1512 3581 1527 3581 1511 3581 1511 3582 1527 3582 1568 3582 1568 3583 1527 3583 1532 3583 1569 3584 1570 3584 1531 3584 1531 3585 1570 3585 1571 3585 1531 3586 1571 3586 1532 3586 1532 3587 1571 3588 1572 3589 1532 3590 1572 3590 1568 3590 1531 2968 1530 2968 1569 2968 1569 2968 1530 2968 1573 2968 1573 3591 1530 3591 1574 3591 1574 3592 1530 3592 1526 3592 1574 3593 1526 3593 1575 3593 1575 3594 1526 3594 1576 3594 1576 3595 1526 3595 1525 3595 1576 3596 1525 3597 1567 3598 1577 2968 1518 2968 1538 2968 1538 2968 1518 2968 1534 2968 1578 2451 1577 2451 1545 2451 1545 2451 1577 2451 1538 2451 1522 3261 1578 3261 1533 3261 1533 3261 1578 3261 1545 3261 1522 2422 1502 2422 1578 2422 1578 3599 1502 3599 1501 3599 1500 2422 1518 2422 1499 2422 1499 3600 1518 3600 1577 3600 1499 3601 1577 3601 1505 3601 1505 2422 1577 2422 1578 2422 1505 2422 1578 2422 1506 2422 1506 3602 1578 3602 1501 3602 1485 3603 1496 3603 1579 3603 1579 3604 1496 3605 1546 3606 1579 3607 1546 3608 1580 3607 1580 3609 1546 3609 1547 3609 1580 3610 1547 3610 1581 3610 1581 3611 1547 3611 1554 3611 1581 3612 1554 3612 1582 3612 1582 3613 1554 3613 1553 3613 1582 3614 1553 3614 1583 3614 1583 3615 1553 3615 1552 3615 1583 3616 1552 3616 1584 3616 1584 3617 1552 3618 1535 3619 1584 3620 1535 3620 1585 3620 1585 3621 1535 3621 1542 3621 1585 3622 1542 3622 1586 3622 1586 3623 1542 3623 1541 3623 1586 3624 1541 3624 1587 3624 1587 3625 1541 3625 1540 3625 1587 3626 1540 3626 1465 3626 1465 3627 1540 3627 1486 3627 1484 3628 1485 3628 1588 3628 1588 3629 1485 3629 1579 3629 1588 3630 1579 3630 1589 3630 1589 3631 1579 3631 1580 3631 1589 3632 1580 3632 1590 3632 1590 3632 1580 3632 1581 3632 1590 3633 1581 3633 1591 3633 1591 3634 1581 3634 1582 3634 1591 3635 1582 3635 1592 3635 1592 3636 1582 3636 1583 3636 1592 3637 1583 3637 1593 3637 1593 3638 1583 3638 1584 3638 1593 3639 1584 3639 1594 3639 1594 3640 1584 3640 1585 3640 1594 3641 1585 3641 1595 3641 1595 3642 1585 3642 1586 3642 1595 3643 1586 3643 1596 3643 1596 3644 1586 3644 1587 3644 1596 3645 1587 3645 1464 3645 1464 3646 1587 3646 1465 3646 1597 2422 1594 2422 1598 2422 1598 2422 1594 2422 1595 2422 1598 2422 1595 2422 1599 2422 1599 2422 1595 2422 1596 2422 1599 2422 1596 2422 1463 2422 1463 2422 1596 2422 1464 2422 1463 2422 1464 2422 1462 2422 1462 2422 1464 2422 1466 2422 1462 3647 1466 3647 1461 3647 1600 3648 1590 3648 1601 3648 1601 3649 1590 3649 1591 3649 1601 3650 1591 3650 1602 3650 1602 3651 1591 3651 1592 3651 1602 2422 1592 2422 1597 2422 1597 3652 1592 3652 1593 3652 1597 3653 1593 3653 1594 3653 1458 2422 1478 2422 1457 2422 1457 2422 1478 2422 1480 2422 1457 2422 1480 2422 1455 2422 1455 2422 1480 2422 1482 2422 1455 2422 1482 2422 1456 2422 1456 2422 1482 2422 1484 2422 1456 2422 1484 2422 1603 2422 1603 2422 1484 2422 1588 2422 1603 3654 1588 3654 1600 3654 1600 3655 1588 3655 1589 3655 1600 2422 1589 2422 1590 2422 1466 3656 1468 3656 1461 3656 1461 2422 1468 2422 1470 2422 1461 2422 1470 2422 1460 2422 1460 3657 1470 3657 1472 3657 1460 3658 1472 3658 1459 3658 1459 3659 1472 3659 1474 3659 1459 2422 1474 2422 1458 2422 1458 3660 1474 3660 1476 3660 1458 3661 1476 3661 1478 3661 1599 3662 1463 3662 1440 3662 1440 3663 1604 3663 1599 3663 1599 3664 1604 3664 1605 3664 1599 3665 1605 3665 1598 3665 1605 3666 1606 3666 1598 3666 1598 3667 1606 3667 1607 3667 1598 3668 1607 3668 1597 3668 1607 3669 1608 3669 1597 3669 1597 3670 1608 3670 1609 3670 1597 3671 1609 3671 1602 3671 1602 3672 1609 3672 1610 3672 1602 3673 1610 3673 1601 3673 1610 3674 1611 3674 1601 3674 1601 3675 1611 3675 1612 3675 1601 3676 1612 3676 1600 3676 1612 3677 1613 3677 1600 3677 1600 3678 1613 3678 1614 3678 1600 3679 1614 3679 1603 3679 1452 3680 1456 3680 1615 3680 1615 3681 1456 3681 1603 3681 1615 3682 1603 3683 1616 3684 1616 3685 1603 3685 1614 3685 1452 3686 1615 3686 1438 3686 1438 3687 1615 3687 1617 3687 1615 3688 1616 3688 1617 3688 1617 3689 1616 3689 1614 3689 1617 3690 1614 3690 1618 3690 1614 3691 1613 3691 1618 3691 1618 3692 1613 3692 1612 3692 1618 3693 1612 3693 1619 3693 1612 3694 1611 3694 1619 3694 1619 3695 1611 3695 1610 3695 1619 3696 1610 3696 1620 3696 1610 3697 1609 3697 1620 3697 1620 3698 1609 3698 1608 3698 1620 3699 1608 3699 1621 3699 1608 3700 1607 3700 1621 3700 1621 3701 1607 3701 1606 3701 1621 3702 1606 3702 1622 3702 1440 3703 1432 3703 1604 3703 1604 3704 1432 3704 1622 3704 1604 3705 1622 3705 1605 3705 1605 3706 1622 3706 1606 3706 1431 3707 1438 3707 1617 3707 1431 3708 1619 3708 1620 3708 1618 3709 1619 3709 1431 3709 1617 3710 1618 3710 1431 3710 1431 3711 1622 3711 1432 3711 1621 3712 1622 3712 1431 3712 1620 3713 1621 3713 1431 3713 1419 3714 1430 3714 1623 3714 1623 3715 1430 3716 1551 3717 1623 3718 1551 3718 1624 3718 1624 3719 1551 3719 1550 3719 1624 3610 1550 3610 1625 3610 1625 3611 1550 3611 1549 3611 1625 3720 1549 3720 1626 3720 1626 3613 1549 3613 1548 3613 1626 3614 1548 3614 1627 3614 1627 3615 1548 3615 1544 3615 1627 3616 1544 3616 1628 3616 1628 3721 1544 3721 1543 3721 1628 3722 1543 3723 1629 3723 1629 3724 1543 3724 1537 3724 1629 3622 1537 3622 1630 3622 1630 3623 1537 3623 1536 3623 1630 3624 1536 3624 1631 3624 1631 3725 1536 3725 1539 3725 1631 3726 1539 3726 1399 3726 1399 3727 1539 3727 1420 3727 1418 3728 1419 3728 1632 3728 1632 3728 1419 3728 1623 3728 1632 3630 1623 3630 1633 3630 1633 3631 1623 3631 1624 3631 1633 819 1624 819 1634 819 1634 3729 1624 3729 1625 3729 1634 3730 1625 3730 1635 3730 1635 3730 1625 3730 1626 3730 1635 3731 1626 3731 1636 3731 1636 3732 1626 3732 1627 3732 1636 3733 1627 3733 1637 3733 1637 3734 1627 3734 1628 3734 1637 3735 1628 3735 1638 3735 1638 3736 1628 3736 1629 3736 1638 3737 1629 3737 1639 3737 1639 3737 1629 3737 1630 3737 1639 3643 1630 3643 1640 3643 1640 3644 1630 3644 1631 3644 1640 3738 1631 3738 1398 3738 1398 3739 1631 3739 1399 3739 1641 2422 1633 2422 1642 2422 1642 3740 1633 3740 1634 3740 1642 2422 1634 2422 1643 2422 1643 2422 1634 2422 1635 2422 1643 3741 1635 3741 1644 3741 1644 3742 1635 3742 1636 3742 1644 2422 1636 2422 1645 2422 1636 3743 1637 3743 1645 3743 1645 2422 1637 2422 1638 2422 1645 2422 1638 2422 1646 2422 1646 3744 1638 3744 1639 3744 1646 2422 1639 2422 1647 2422 1647 2422 1639 2422 1640 2422 1647 2422 1640 2422 1397 2422 1397 2422 1640 2422 1398 2422 1397 2422 1398 2422 1396 2422 1396 2422 1398 2422 1400 2422 1396 2422 1400 2422 1395 2422 1392 2422 1412 2422 1391 2422 1391 2422 1412 2422 1414 2422 1391 2422 1414 2422 1389 2422 1389 2422 1414 2422 1416 2422 1389 2422 1416 2422 1390 2422 1390 2422 1416 2422 1418 2422 1390 2422 1418 2422 1641 2422 1641 2422 1418 2422 1632 2422 1641 2422 1632 2422 1633 2422 1400 3745 1402 3745 1395 3745 1395 2422 1402 2422 1404 2422 1395 2422 1404 2422 1394 2422 1394 2422 1404 2422 1406 2422 1394 2422 1406 2422 1393 2422 1393 3746 1406 3746 1408 3746 1393 2422 1408 2422 1392 2422 1392 3747 1408 3747 1410 3747 1392 2422 1410 2422 1412 2422 1647 3748 1397 3748 1374 3748 1374 3749 1648 3749 1647 3749 1647 3750 1648 3750 1649 3750 1647 3751 1649 3751 1646 3751 1649 3752 1650 3752 1646 3752 1646 3753 1650 3753 1651 3753 1646 3754 1651 3754 1645 3754 1651 3755 1652 3755 1645 3755 1645 3670 1652 3670 1653 3670 1645 3756 1653 3756 1644 3756 1644 3757 1653 3757 1654 3757 1644 3758 1654 3758 1643 3758 1654 3759 1655 3759 1643 3759 1643 3675 1655 3675 1656 3675 1643 3760 1656 3760 1642 3760 1656 3761 1657 3761 1642 3761 1642 3762 1657 3762 1658 3762 1642 3679 1658 3679 1641 3679 1386 3763 1390 3763 1659 3763 1659 3764 1390 3764 1641 3764 1659 3765 1641 3765 1660 3765 1660 3766 1641 3766 1658 3766 1386 3767 1659 3767 1372 3767 1372 3768 1659 3768 1661 3768 1659 3769 1660 3769 1661 3769 1661 3770 1660 3770 1658 3770 1661 3771 1658 3771 1662 3771 1658 3772 1657 3772 1662 3772 1662 3773 1657 3773 1656 3773 1662 3774 1656 3774 1663 3774 1656 3694 1655 3694 1663 3694 1663 3775 1655 3775 1654 3775 1663 3776 1654 3776 1664 3776 1654 3777 1653 3777 1664 3777 1664 3698 1653 3698 1652 3698 1664 3778 1652 3778 1665 3778 1652 3779 1651 3779 1665 3779 1665 3780 1651 3780 1650 3780 1665 3781 1650 3781 1666 3781 1374 3782 1366 3782 1648 3782 1648 3783 1366 3783 1666 3783 1648 3784 1666 3784 1649 3784 1649 3785 1666 3785 1650 3785 1365 3786 1372 3786 1661 3786 1365 3787 1663 3787 1664 3787 1662 3788 1663 3788 1365 3788 1661 3789 1662 3789 1365 3789 1365 3790 1666 3790 1366 3790 1665 3791 1666 3791 1365 3791 1664 3792 1665 3792 1365 3792 1506 3793 1501 3793 1503 3793 1508 3794 1564 3795 1565 3796 1503 3797 1558 3797 1506 3797 1506 3798 1558 3798 1562 3798 1506 3799 1562 3800 1561 3801 1557 3802 1513 3802 1515 3802 1565 3803 1566 3804 1508 3805 1508 3806 1566 3807 1557 3808 1508 3809 1557 3809 1556 3809 1556 3810 1557 3810 1515 3810 1561 3811 1560 3811 1506 3811 1506 3812 1560 3813 1559 3814 1506 3815 1559 3815 1508 3815 1508 3816 1559 3817 1563 3818 1508 3819 1563 3819 1564 3819 1571 3820 1570 3821 1507 3822 1497 3823 1499 3823 1567 3823 1567 3824 1499 3824 1505 3824 1567 3825 1505 3825 1576 3825 1576 3826 1505 3827 1575 3828 1509 3829 1511 3829 1555 3829 1555 3830 1511 3830 1568 3830 1555 3831 1568 3831 1507 3831 1507 3832 1568 3832 1572 3832 1507 3833 1572 3834 1571 3835 1570 3836 1569 3837 1507 3838 1507 3839 1569 3840 1573 3841 1507 3842 1573 3843 1505 3844 1505 3845 1573 3845 1574 3845 1505 3846 1574 3847 1575 3848</p>
        </triangles>
      </mesh>
    </geometry>
  </library_geometries>
  <library_visual_scenes>
    <visual_scene id="Scene" name="Scene">
      <node id="node" name="node" type="NODE">
        <matrix sid="transform">-4.37114e-11 0 -0.001 -0.1127 0 0.001 0 -0.03 0.001 0 -4.37114e-11 6.6e-4 0 0 0 1</matrix>
        <instance_geometry url="#shape0_011-mesh" name="node">
          <bind_material>
            <technique_common>
              <instance_material symbol="CASE-material" target="#CASE-material"/>
            </technique_common>
          </bind_material>
        </instance_geometry>
      </node>
    </visual_scene>
  </library_visual_scenes>
  <scene>
    <instance_visual_scene url="#Scene"/>
  </scene>
</COLLADA>