<?xml version="1.0" encoding="utf-8"?>
<COLLADA xmlns="http://www.collada.org/2005/11/COLLADASchema" version="1.4.1" xmlns:xsi="http://www.w3.org/2001/XMLSchema-instance">
  <asset>
    <contributor>
      <author>Blender User</author>
      <authoring_tool>Blender 4.2.2 LTS commit date:2024-09-23, commit time:12:18, hash:c03d7d98a413</authoring_tool>
    </contributor>
    <created>2024-10-01T15:09:27</created>
    <modified>2024-10-01T15:09:27</modified>
    <unit name="meter" meter="1"/>
    <up_axis>Z_UP</up_axis>
  </asset>
  <library_effects>
    <effect id="GREEN-effect">
      <profile_COMMON>
        <technique sid="common">
          <lambert>
            <emission>
              <color sid="emission">0 0 0 1</color>
            </emission>
            <diffuse>
              <color sid="diffuse">0 0.1435338 0.002934197 1</color>
            </diffuse>
            <index_of_refraction>
              <float sid="ior">1.5</float>
            </index_of_refraction>
          </lambert>
        </technique>
      </profile_COMMON>
    </effect>
    <effect id="BLUE_002-effect">
      <profile_COMMON>
        <technique sid="common">
          <lambert>
            <emission>
              <color sid="emission">0 0 0 1</color>
            </emission>
            <diffuse>
              <color sid="diffuse">0 0.003124297 0.8001261 1</color>
            </diffuse>
            <index_of_refraction>
              <float sid="ior">1.5</float>
            </index_of_refraction>
          </lambert>
        </technique>
      </profile_COMMON>
    </effect>
    <effect id="BLACK_001-effect">
      <profile_COMMON>
        <technique sid="common">
          <lambert>
            <emission>
              <color sid="emission">0 0 0 1</color>
            </emission>
            <diffuse>
              <color sid="diffuse">0.1087898 0.1087898 0.1087898 1</color>
            </diffuse>
            <index_of_refraction>
              <float sid="ior">1.5</float>
            </index_of_refraction>
          </lambert>
        </technique>
      </profile_COMMON>
    </effect>
  </library_effects>
  <library_images/>
  <library_materials>
    <material id="GREEN-material" name="GREEN">
      <instance_effect url="#GREEN-effect"/>
    </material>
    <material id="BLUE_002-material" name="BLUE.002">
      <instance_effect url="#BLUE_002-effect"/>
    </material>
    <material id="BLACK_001-material" name="BLACK.001">
      <instance_effect url="#BLACK_001-effect"/>
    </material>
  </library_materials>
  <library_geometries>
    <geometry id="shape0_004-mesh" name="shape0.004">
      <mesh>
        <source id="shape0_004-mesh-positions">
          <float_array id="shape0_004-mesh-positions-array" count="4320">-14.9609 1.08237 20 -14.9609 1.08237 -2.499998 -15 0 20 -15 0 -2.499998 -14.9609 -1.08237 20 -14.9609 -1.08237 -2.499998 -14.8438 -2.15909 20 -14.8438 -2.15909 -2.499998 -14.6493 -3.22456 20 -14.6493 -3.22456 -2.499998 -14.3784 -4.27321 20 -14.3784 -4.27321 -2.499998 -14.0326 -5.29959 20 -14.0326 -5.29959 -2.499998 -13.6136 -6.29834 20 -13.6136 -6.29834 -2.499998 -13.1237 -7.26425 20 -13.1237 -7.26425 -2.499998 -12.5653 -8.19229 20 -12.5653 -8.19229 -2.499998 -11.9414 -9.07761 20 -11.9414 -9.07761 -2.499998 -11.2552 -9.91561 20 -11.2552 -9.91561 -2.499998 -10.5104 -10.7019 20 -10.5104 -10.7019 -2.499998 -9.71079 -11.4324 20 -9.71079 -11.4324 -2.499998 -8.86054 -12.1033 20 -8.86054 -12.1033 -2.499998 -7.96409 -12.7111 20 -7.96409 -12.7111 -2.499998 -7.02613 -13.2527 20 -7.02613 -13.2527 -2.499998 -6.05153 -13.7251 20 -6.05153 -13.7251 -2.499998 -5.04538 -14.126 20 -5.04538 -14.126 -2.499998 -4.01293 -14.4532 20 -4.01293 -14.4532 -2.499998 -2.95955 -14.7051 20 -2.95955 -14.7051 -2.499998 -1.89075 -14.8804 20 -1.89075 -14.8804 -2.499998 -0.812084 -14.978 20 -0.812084 -14.978 -2.499998 0.270812 -14.9976 20 0.270812 -14.9976 -2.499998 1.3523 -14.9389 20 1.3523 -14.9389 -2.499998 2.42673 -14.8024 20 2.42673 -14.8024 -2.499998 3.48851 -14.5887 20 3.48851 -14.5887 -2.499998 4.53211 -14.299 20 4.53211 -14.299 -2.499998 5.55207 -13.9347 20 5.55207 -13.9347 -2.499998 6.54309 -13.4977 20 6.54309 -13.4977 -2.499998 7.5 -12.9904 20 7.5 -12.9904 -2.499998 8.41781 -12.4153 20 8.41781 -12.4153 -2.499998 9.29173 -11.7756 20 9.29173 -11.7756 -2.499998 10.1172 -11.0744 20 10.1172 -11.0744 -2.499998 10.8899 -10.3155 20 10.8899 -10.3155 -2.499998 11.6059 -9.50281 20 11.6059 -9.50281 -2.499998 12.2613 -8.640582 20 12.2613 -8.640582 -2.499998 12.8529 -7.73331 20 12.8529 -7.73331 -2.499998 13.3774 -6.78572 20 13.3774 -6.78572 -2.499998 13.8321 -5.80275 20 13.8321 -5.80275 -2.499998 14.2148 -4.78952 20 14.2148 -4.78952 -2.499998 14.5233 -3.75133 20 14.5233 -3.75133 -2.499998 14.7562 -2.69358 20 14.7562 -2.69358 -2.499998 14.9121 -1.62179 20 14.9121 -1.62179 -2.499998 14.9902 -0.541536 20 14.9902 -0.541536 -2.499998 14.9902 0.541536 20 14.9902 0.541536 -2.499998 14.9121 1.62179 20 14.9121 1.62179 -2.499998 14.7562 2.69358 20 14.7562 2.69358 -2.499998 14.5233 3.75133 20 14.5233 3.75133 -2.499998 14.2148 4.78952 20 14.2148 4.78952 -2.499998 13.8321 5.80275 20 13.8321 5.80275 -2.499998 13.3774 6.78572 20 13.3774 6.78572 -2.499998 12.8529 7.73331 20 12.8529 7.73331 -2.499998 12.2613 8.640582 20 12.2613 8.640582 -2.499998 11.6059 9.50281 20 11.6059 9.50281 -2.499998 10.8899 10.3155 20 10.8899 10.3155 -2.499998 10.1172 11.0744 20 10.1172 11.0744 -2.499998 9.29173 11.7756 20 9.29173 11.7756 -2.499998 8.41781 12.4153 20 8.41781 12.4153 -2.499998 7.5 12.9904 20 7.5 12.9904 -2.499998 6.54309 13.4977 20 6.54309 13.4977 -2.499998 5.55207 13.9347 20 5.55207 13.9347 -2.499998 4.53211 14.299 20 4.53211 14.299 -2.499998 3.48851 14.5887 20 3.48851 14.5887 -2.499998 2.42673 14.8024 20 2.42673 14.8024 -2.499998 1.3523 14.9389 20 1.3523 14.9389 -2.499998 0.270812 14.9976 20 0.270812 14.9976 -2.499998 -0.812084 14.978 20 -0.812084 14.978 -2.499998 -1.89075 14.8804 20 -1.89075 14.8804 -2.499998 -2.95955 14.7051 20 -2.95955 14.7051 -2.499998 -4.01293 14.4532 20 -4.01293 14.4532 -2.499998 -5.04538 14.126 20 -5.04538 14.126 -2.499998 -6.05153 13.7251 20 -6.05153 13.7251 -2.499998 -7.02613 13.2527 20 -7.02613 13.2527 -2.499998 -7.96409 12.7111 20 -7.96409 12.7111 -2.499998 -8.86054 12.1033 20 -8.86054 12.1033 -2.499998 -9.71079 11.4324 20 -9.71079 11.4324 -2.499998 -10.5104 10.7019 20 -10.5104 10.7019 -2.499998 -11.2552 9.91561 20 -11.2552 9.91561 -2.499998 -11.9414 9.07761 20 -11.9414 9.07761 -2.499998 -12.5653 8.19229 20 -12.5653 8.19229 -2.499998 -13.1237 7.26425 20 -13.1237 7.26425 -2.499998 -13.6136 6.29834 20 -13.6136 6.29834 -2.499998 -14.0326 5.29959 20 -14.0326 5.29959 -2.499998 -14.3784 4.27321 20 -14.3784 4.27321 -2.499998 -14.6493 3.22456 20 -14.6493 3.22456 -2.499998 -14.8438 2.15909 20 -14.8438 2.15909 -2.499998 -14.9609 -1.08237 -25 -15 0 -25 -14.9609 1.08237 -25 -14.8438 2.15909 -25 -14.6493 3.22456 -25 -14.3784 4.27321 -25 -14.0326 5.29959 -25 -13.6136 6.29834 -25 -13.1237 7.26425 -25 -12.5653 8.19229 -25 -11.9414 9.07761 -25 -11.2552 9.91561 -25 -10.5104 10.7019 -25 -9.71079 11.4324 -25 -8.86054 12.1033 -25 -7.96409 12.7111 -25 -7.02613 13.2527 -25 -6.05153 13.7251 -25 -5.04538 14.126 -25 -4.01293 14.4532 -25 -2.95955 14.7051 -25 -1.89075 14.8804 -25 -0.812084 14.978 -25 0.270812 14.9976 -25 1.3523 14.9389 -25 2.42673 14.8024 -25 3.48851 14.5887 -25 4.53211 14.299 -25 5.55207 13.9347 -25 6.54309 13.4977 -25 7.5 12.9904 -25 8.41781 12.4153 -25 9.29173 11.7756 -25 10.1172 11.0744 -25 10.8899 10.3155 -25 11.6059 9.50281 -25 12.2613 8.640582 -25 12.8529 7.73331 -25 13.3774 6.78572 -25 13.8321 5.80275 -25 14.2148 4.78952 -25 14.5233 3.75133 -25 14.7562 2.69358 -25 14.9121 1.62179 -25 14.9902 0.541536 -25 14.9902 -0.541536 -25 14.9121 -1.62179 -25 14.7562 -2.69358 -25 14.5233 -3.75133 -25 14.2148 -4.78952 -25 13.8321 -5.80275 -25 13.3774 -6.78572 -25 12.8529 -7.73331 -25 12.2613 -8.640582 -25 11.6059 -9.50281 -25 10.8899 -10.3155 -25 10.1172 -11.0744 -25 9.29173 -11.7756 -25 8.41781 -12.4153 -25 7.5 -12.9904 -25 6.54309 -13.4977 -25 5.55207 -13.9347 -25 4.53211 -14.299 -25 3.48851 -14.5887 -25 2.42673 -14.8024 -25 1.3523 -14.9389 -25 0.270812 -14.9976 -25 -0.812084 -14.978 -25 -1.89075 -14.8804 -25 -2.95955 -14.7051 -25 -4.01293 -14.4532 -25 -5.04538 -14.126 -25 -6.05153 -13.7251 -25 -7.02613 -13.2527 -25 -7.96409 -12.7111 -25 -8.86054 -12.1033 -25 -9.71079 -11.4324 -25 -10.5104 -10.7019 -25 -11.2552 -9.91561 -25 -11.9414 -9.07761 -25 -12.5653 -8.19229 -25 -13.1237 -7.26425 -25 -13.6136 -6.29834 -25 -14.0326 -5.29959 -25 -14.3784 -4.27321 -25 -14.6493 -3.22456 -25 -14.8438 -2.15909 -25 19.9454 -1.47705 -29.99999 19.9454 -1.47705 -14.99999 20 0 -29.99999 20 0 -14.99999 19.9454 1.47705 -29.99999 19.9454 1.47705 -14.99999 19.7818 2.94603 -29.99999 19.7818 2.94603 -14.99999 19.5102 4.39893 -29.99999 19.5102 4.39893 -14.99999 19.1321 5.8278 -29.99999 19.1321 5.8278 -14.99999 18.6494 7.22483 -29.99999 18.6494 7.22483 -14.99999 18.0649 8.58241 -29.99999 18.0649 8.58241 -14.99999 17.3818 9.89312 -29.99999 17.3818 9.89312 -14.99999 16.6037 11.1498 -29.99999 16.6037 11.1498 -14.99999 15.7349 12.3456 -29.99999 15.7349 12.3456 -14.99999 14.7802 13.4739 -29.99999 14.7802 13.4739 -14.99999 13.7447 14.5287 -29.99999 13.7447 14.5287 -14.99999 12.6342 15.5041 -29.99999 12.6342 15.5041 -14.99999 11.4547 16.3948 -29.99999 11.4547 16.3948 -14.99999 10.2126 17.196 -29.99999 10.2126 17.196 -14.99999 8.914772 17.9033 -29.99999 8.914772 17.9033 -14.99999 7.56822 18.5128 -29.99999 7.56822 18.5128 -14.99999 6.18034 19.0211 -29.99999 6.18034 19.0211 -14.99999 4.7587 19.4256 -29.99999 4.7587 19.4256 -14.99999 3.31108 19.724 -29.99999 3.31108 19.724 -14.99999 1.84537 19.9147 -29.99999 1.84537 19.9147 -14.99999 0.369578 19.9966 -29.99999 0.369578 19.9966 -14.99999 -1.10823 19.9693 -29.99999 -1.10823 19.9693 -14.99999 -2.57998 19.8329 -29.99999 -2.57998 19.8329 -14.99999 -4.03765 19.5882 -29.99999 -4.03765 19.5882 -14.99999 -5.47326 19.2365 -29.99999 -5.47326 19.2365 -14.99999 -6.87898 18.7798 -29.99999 -6.87898 18.7798 -14.99999 -8.24713 18.2205 -29.99999 -8.24713 18.2205 -14.99999 -9.57023 17.5616 -29.99999 -9.57023 17.5616 -14.99999 -10.8411 16.8069 -29.99999 -10.8411 16.8069 -14.99999 -12.0527 15.9603 -29.99999 -12.0527 15.9603 -14.99999 -13.1985 15.0266 -29.99999 -13.1985 15.0266 -14.99999 -14.2722 14.0109 -29.99999 -14.2722 14.0109 -14.99999 -15.268 12.9186 -29.99999 -15.268 12.9186 -14.99999 -16.1803 11.7557 -29.99999 -16.1803 11.7557 -14.99999 -17.0043 10.5286 -29.99999 -17.0043 10.5286 -14.99999 -17.7355 9.24408 -29.99999 -17.7355 9.24408 -14.99999 -18.3697 7.90902 -29.99999 -18.3697 7.90902 -14.99999 -18.9037 6.53077 -29.99999 -18.9037 6.53077 -14.99999 -19.3344 5.11686 -29.99999 -19.3344 5.11686 -14.99999 -19.6595 3.67499 -29.99999 -19.6595 3.67499 -14.99999 -19.8772 2.21305 -29.99999 -19.8772 2.21305 -14.99999 -19.9863 0.73903 -29.99999 -19.9863 0.73903 -14.99999 -19.9863 -0.73903 -29.99999 -19.9863 -0.73903 -14.99999 -19.8772 -2.21305 -29.99999 -19.8772 -2.21305 -14.99999 -19.6595 -3.67499 -29.99999 -19.6595 -3.67499 -14.99999 -19.3344 -5.11686 -29.99999 -19.3344 -5.11686 -14.99999 -18.9037 -6.53077 -29.99999 -18.9037 -6.53077 -14.99999 -18.3697 -7.90902 -29.99999 -18.3697 -7.90902 -14.99999 -17.7355 -9.24408 -29.99999 -17.7355 -9.24408 -14.99999 -17.0043 -10.5286 -29.99999 -17.0043 -10.5286 -14.99999 -16.1803 -11.7557 -29.99999 -16.1803 -11.7557 -14.99999 -15.268 -12.9186 -29.99999 -15.268 -12.9186 -14.99999 -14.2722 -14.0109 -29.99999 -14.2722 -14.0109 -14.99999 -13.1985 -15.0266 -29.99999 -13.1985 -15.0266 -14.99999 -12.0527 -15.9603 -29.99999 -12.0527 -15.9603 -14.99999 -10.8411 -16.8069 -29.99999 -10.8411 -16.8069 -14.99999 -9.57023 -17.5616 -29.99999 -9.57023 -17.5616 -14.99999 -8.24713 -18.2205 -29.99999 -8.24713 -18.2205 -14.99999 -6.87898 -18.7798 -29.99999 -6.87898 -18.7798 -14.99999 -5.47326 -19.2365 -29.99999 -5.47326 -19.2365 -14.99999 -4.03765 -19.5882 -29.99999 -4.03765 -19.5882 -14.99999 -2.57998 -19.8329 -29.99999 -2.57998 -19.8329 -14.99999 -1.10823 -19.9693 -29.99999 -1.10823 -19.9693 -14.99999 0.369578 -19.9966 -29.99999 0.369578 -19.9966 -14.99999 1.84537 -19.9147 -29.99999 1.84537 -19.9147 -14.99999 3.31108 -19.724 -29.99999 3.31108 -19.724 -14.99999 4.7587 -19.4256 -29.99999 4.7587 -19.4256 -14.99999 6.18034 -19.0211 -29.99999 6.18034 -19.0211 -14.99999 7.56822 -18.5128 -29.99999 7.56822 -18.5128 -14.99999 8.914772 -17.9033 -29.99999 8.914772 -17.9033 -14.99999 10.2126 -17.196 -29.99999 10.2126 -17.196 -14.99999 11.4547 -16.3948 -29.99999 11.4547 -16.3948 -14.99999 12.6342 -15.5041 -29.99999 12.6342 -15.5041 -14.99999 13.7447 -14.5287 -29.99999 13.7447 -14.5287 -14.99999 14.7802 -13.4739 -29.99999 14.7802 -13.4739 -14.99999 15.7349 -12.3456 -29.99999 15.7349 -12.3456 -14.99999 16.6037 -11.1498 -29.99999 16.6037 -11.1498 -14.99999 17.3818 -9.89312 -29.99999 17.3818 -9.89312 -14.99999 18.0649 -8.58241 -29.99999 18.0649 -8.58241 -14.99999 18.6494 -7.22483 -29.99999 18.6494 -7.22483 -14.99999 19.1321 -5.8278 -29.99999 19.1321 -5.8278 -14.99999 19.5102 -4.39893 -29.99999 19.5102 -4.39893 -14.99999 19.7818 -2.94603 -29.99999 19.7818 -2.94603 -14.99999 -24.9453 1.65226 -14.99999 -24.9453 1.65226 -39.99998 -25 0 -14.99999 -25 0 -39.99998 -24.9453 -1.65226 -14.99999 -24.9453 -1.65226 -39.99998 -24.7816 -3.2973 -14.99999 -24.7816 -3.2973 -39.99998 -24.5095 -4.92793 -14.99999 -24.5095 -4.92793 -39.99998 -24.1302 -6.537 -14.99999 -24.1302 -6.537 -39.99998 -23.6454 -8.11749 -14.99999 -23.6454 -8.11749 -39.99998 -23.0572 -9.66248 -14.99999 -23.0572 -9.66248 -39.99998 -22.3682 -11.1652 -14.99999 -22.3682 -11.1652 -39.99998 -21.5814 -12.6191 -14.99999 -21.5814 -12.6191 -39.99998 -20.7002 -14.0179 -14.99999 -20.7002 -14.0179 -39.99998 -19.7285 -15.3553 -14.99999 -19.7285 -15.3553 -39.99998 -18.6705 -16.6256 -14.99999 -18.6705 -16.6256 -39.99998 -17.5309 -17.8232 -14.99999 -17.5309 -17.8232 -39.99998 -16.3146 -18.9429 -14.99999 -16.3146 -18.9429 -39.99998 -15.027 -19.9797 -14.99999 -15.027 -19.9797 -39.99998 -13.6737 -20.9292 -14.99999 -13.6737 -20.9292 -39.99998 -12.2606 -21.7871 -14.99999 -12.2606 -21.7871 -39.99998 -10.7939 -22.5498 -14.99999 -10.7939 -22.5498 -39.99998 -9.279932 -23.2139 -14.99999 -9.279932 -23.2139 -39.99998 -7.72542 -23.7764 -14.99999 -7.72542 -23.7764 -39.99998 -6.13714 -24.235 -14.99999 -6.13714 -24.235 -39.99998 -4.52201 -24.5876 -14.99999 -4.52201 -24.5876 -39.99998 -2.88712 -24.8327 -14.99999 -2.88712 -24.8327 -39.99998 -1.23959 -24.9692 -14.99999 -1.23959 -24.9692 -39.99998 0.413349 -24.9966 -14.99999 0.413349 -24.9966 -39.99998 2.06448 -24.9146 -14.99999 2.06448 -24.9146 -39.99998 3.70659 -24.7237 -14.99999 3.70659 -24.7237 -39.99998 5.33249 -24.4247 -14.99999 5.33249 -24.4247 -39.99998 6.93507 -24.0188 -14.99999 6.93507 -24.0188 -39.99998 8.50733 -23.508 -14.99999 8.50733 -23.508 -39.99998 10.0424 -22.8943 -14.99999 10.0424 -22.8943 -39.99998 11.5335 -22.1806 -14.99999 11.5335 -22.1806 -39.99998 12.9742 -21.3698 -14.99999 12.9742 -21.3698 -39.99998 14.3582 -20.4656 -14.99999 14.3582 -20.4656 -39.99998 15.6794 -19.4719 -14.99999 15.6794 -19.4719 -39.99998 16.932 -18.3931 -14.99999 16.932 -18.3931 -39.99998 18.1106 -17.2338 -14.99999 18.1106 -17.2338 -39.99998 19.21 -15.9992 -14.99999 19.21 -15.9992 -39.99998 20.2254 -14.6946 -14.99999 20.2254 -14.6946 -39.99998 21.1524 -13.3258 -14.99999 21.1524 -13.3258 -39.99998 21.9868 -11.8987 -14.99999 21.9868 -11.8987 -39.99998 22.7252 -10.4195 -14.99999 22.7252 -10.4195 -39.99998 23.3641 -8.89485 -14.99999 23.3641 -8.89485 -39.99998 23.9009 -7.33125 -14.99999 23.9009 -7.33125 -39.99998 24.3332 -5.7356 -14.99999 24.3332 -5.7356 -39.99998 24.659 -4.11486 -14.99999 24.659 -4.11486 -39.99998 24.8771 -2.47614 -14.99999 24.8771 -2.47614 -39.99998 24.9863 -0.826584 -14.99999 24.9863 -0.826584 -39.99998 24.9863 0.826584 -14.99999 24.9863 0.826584 -39.99998 24.8771 2.47614 -14.99999 24.8771 2.47614 -39.99998 24.659 4.11486 -14.99999 24.659 4.11486 -39.99998 24.3332 5.7356 -14.99999 24.3332 5.7356 -39.99998 23.9009 7.33125 -14.99999 23.9009 7.33125 -39.99998 23.3641 8.89485 -14.99999 23.3641 8.89485 -39.99998 22.7252 10.4195 -14.99999 22.7252 10.4195 -39.99998 21.9868 11.8987 -14.99999 21.9868 11.8987 -39.99998 21.1524 13.3258 -14.99999 21.1524 13.3258 -39.99998 20.2254 14.6946 -14.99999 20.2254 14.6946 -39.99998 19.21 15.9992 -14.99999 19.21 15.9992 -39.99998 18.1106 17.2338 -14.99999 18.1106 17.2338 -39.99998 16.932 18.3931 -14.99999 16.932 18.3931 -39.99998 15.6794 19.4719 -14.99999 15.6794 19.4719 -39.99998 14.3582 20.4656 -14.99999 14.3582 20.4656 -39.99998 12.9742 21.3698 -14.99999 12.9742 21.3698 -39.99998 11.5335 22.1806 -14.99999 11.5335 22.1806 -39.99998 10.0424 22.8943 -14.99999 10.0424 22.8943 -39.99998 8.50733 23.508 -14.99999 8.50733 23.508 -39.99998 6.93507 24.0188 -14.99999 6.93507 24.0188 -39.99998 5.33249 24.4247 -14.99999 5.33249 24.4247 -39.99998 3.70659 24.7237 -14.99999 3.70659 24.7237 -39.99998 2.06448 24.9146 -14.99999 2.06448 24.9146 -39.99998 0.413349 24.9966 -14.99999 0.413349 24.9966 -39.99998 -1.23959 24.9692 -14.99999 -1.23959 24.9692 -39.99998 -2.88712 24.8327 -14.99999 -2.88712 24.8327 -39.99998 -4.52201 24.5876 -14.99999 -4.52201 24.5876 -39.99998 -6.13714 24.235 -14.99999 -6.13714 24.235 -39.99998 -7.72542 23.7764 -14.99999 -7.72542 23.7764 -39.99998 -9.279932 23.2139 -14.99999 -9.279932 23.2139 -39.99998 -10.7939 22.5498 -14.99999 -10.7939 22.5498 -39.99998 -12.2606 21.7871 -14.99999 -12.2606 21.7871 -39.99998 -13.6737 20.9292 -14.99999 -13.6737 20.9292 -39.99998 -15.027 19.9797 -14.99999 -15.027 19.9797 -39.99998 -16.3146 18.9429 -14.99999 -16.3146 18.9429 -39.99998 -17.5309 17.8232 -14.99999 -17.5309 17.8232 -39.99998 -18.6705 16.6256 -14.99999 -18.6705 16.6256 -39.99998 -19.7285 15.3553 -14.99999 -19.7285 15.3553 -39.99998 -20.7002 14.0179 -14.99999 -20.7002 14.0179 -39.99998 -21.5814 12.6191 -14.99999 -21.5814 12.6191 -39.99998 -22.3682 11.1652 -14.99999 -22.3682 11.1652 -39.99998 -23.0572 9.66248 -14.99999 -23.0572 9.66248 -39.99998 -23.6454 8.11749 -14.99999 -23.6454 8.11749 -39.99998 -24.1302 6.537 -14.99999 -24.1302 6.537 -39.99998 -24.5095 4.92793 -14.99999 -24.5095 4.92793 -39.99998 -24.7816 3.2973 -14.99999 -24.7816 3.2973 -39.99998 -24.9453 -1.65226 -64.99999 -25 0 -64.99999 -24.9453 1.65226 -64.99999 -24.7816 3.2973 -64.99999 -24.5095 4.92793 -64.99999 -24.1302 6.537 -64.99999 -23.6454 8.11749 -64.99999 -23.0572 9.66248 -64.99999 -22.3682 11.1652 -64.99999 -21.5814 12.6191 -64.99999 -20.7002 14.0179 -64.99999 -19.7285 15.3553 -64.99999 -18.6705 16.6256 -64.99999 -17.5309 17.8232 -64.99999 -16.3146 18.9429 -64.99999 -15.027 19.9797 -64.99999 -13.6737 20.9292 -64.99999 -12.2606 21.7871 -64.99999 -10.7939 22.5498 -64.99999 -9.279932 23.2139 -64.99999 -7.72542 23.7764 -64.99999 -6.13714 24.235 -64.99999 -4.52201 24.5876 -64.99999 -2.88712 24.8327 -64.99999 -1.23959 24.9692 -64.99999 0.413349 24.9966 -64.99999 2.06448 24.9146 -64.99999 3.70659 24.7237 -64.99999 5.33249 24.4247 -64.99999 6.93507 24.0188 -64.99999 8.50733 23.508 -64.99999 10.0424 22.8943 -64.99999 11.5335 22.1806 -64.99999 12.9742 21.3698 -64.99999 14.3582 20.4656 -64.99999 15.6794 19.4719 -64.99999 16.932 18.3931 -64.99999 18.1106 17.2338 -64.99999 19.21 15.9992 -64.99999 20.2254 14.6946 -64.99999 21.1524 13.3258 -64.99999 21.9868 11.8987 -64.99999 22.7252 10.4195 -64.99999 23.3641 8.89485 -64.99999 23.9009 7.33125 -64.99999 24.3332 5.7356 -64.99999 24.659 4.11486 -64.99999 24.8771 2.47614 -64.99999 24.9863 0.826584 -64.99999 24.9863 -0.826584 -64.99999 24.8771 -2.47614 -64.99999 24.659 -4.11486 -64.99999 24.3332 -5.7356 -64.99999 23.9009 -7.33125 -64.99999 23.3641 -8.89485 -64.99999 22.7252 -10.4195 -64.99999 21.9868 -11.8987 -64.99999 21.1524 -13.3258 -64.99999 20.2254 -14.6946 -64.99999 19.21 -15.9992 -64.99999 18.1106 -17.2338 -64.99999 16.932 -18.3931 -64.99999 15.6794 -19.4719 -64.99999 14.3582 -20.4656 -64.99999 12.9742 -21.3698 -64.99999 11.5335 -22.1806 -64.99999 10.0424 -22.8943 -64.99999 8.50733 -23.508 -64.99999 6.93507 -24.0188 -64.99999 5.33249 -24.4247 -64.99999 3.70659 -24.7237 -64.99999 2.06448 -24.9146 -64.99999 0.413349 -24.9966 -64.99999 -1.23959 -24.9692 -64.99999 -2.88712 -24.8327 -64.99999 -4.52201 -24.5876 -64.99999 -6.13714 -24.235 -64.99999 -7.72542 -23.7764 -64.99999 -9.279932 -23.2139 -64.99999 -10.7939 -22.5498 -64.99999 -12.2606 -21.7871 -64.99999 -13.6737 -20.9292 -64.99999 -15.027 -19.9797 -64.99999 -16.3146 -18.9429 -64.99999 -17.5309 -17.8232 -64.99999 -18.6705 -16.6256 -64.99999 -19.7285 -15.3553 -64.99999 -20.7002 -14.0179 -64.99999 -21.5814 -12.6191 -64.99999 -22.3682 -11.1652 -64.99999 -23.0572 -9.66248 -64.99999 -23.6454 -8.11749 -64.99999 -24.1302 -6.537 -64.99999 -24.5095 -4.92793 -64.99999 -24.7816 -3.2973 -64.99999 29.8919 2.544197 -74.99999 -29.8919 2.544197 -74.99999 30 0 -74.99999 -30 0 -74.99999 29.8919 -2.544201 -74.99999 -29.8919 -2.544201 -74.99999 29.5685 -5.07 -74.99999 -29.5685 -5.07 -74.99999 29.03201 -7.5593 -74.99999 -29.03201 -7.5593 -74.99999 28.28631 -9.994202 -74.99999 -28.2863 -9.994202 -74.99999 27.3369 -12.35699 -74.99999 -27.3369 -12.35699 -74.99999 26.1904 -14.6308 -74.99999 -26.1904 -14.6308 -74.99999 24.85531 -16.7992 -74.99999 -24.8553 -16.7992 -74.99999 23.3411 -18.8466 -74.99999 -23.3411 -18.8466 -74.99999 21.6587 -20.7582 -74.99999 -21.6587 -20.7582 -74.99999 19.8202 -22.5202 -74.99999 -19.8202 -22.5202 -74.99999 17.83901 -24.1199 -74.99999 -17.83899 -24.1199 -74.99999 15.7292 -25.5459 -74.99999 -15.7292 -25.5459 -74.99999 13.5061 -26.7878 -74.99999 -13.5061 -26.7878 -74.99999 11.1857 -27.8367 -74.99999 -11.1857 -27.8367 -74.99999 8.7847 -28.68501 -74.99999 -8.784704 -28.68501 -74.99999 6.3204 -29.3267 -74.99999 -6.3204 -29.3267 -74.99999 3.810497 -29.75701 -74.99999 -3.810501 -29.75701 -74.99999 1.273197 -29.97301 -74.99999 -1.273201 -29.97301 -74.99999 -29.5685 5.069999 -74.99999 29.5685 5.069999 -74.99999 -29.03201 7.559299 -74.99999 29.03201 7.559299 -74.99999 -28.2863 9.994198 -74.99999 28.28631 9.994198 -74.99999 -27.3369 12.35701 -74.99999 27.3369 12.35701 -74.99999 -26.1904 14.6309 -74.99999 26.1904 14.6309 -74.99999 -24.8553 16.79921 -74.99999 24.85531 16.79921 -74.99999 -23.3411 18.8466 -74.99999 23.3411 18.8466 -74.99999 -21.6587 20.75821 -74.99999 21.6587 20.75821 -74.99999 -19.8202 22.5202 -74.99999 19.8202 22.5202 -74.99999 -17.83899 24.1199 -74.99999 17.83901 24.1199 -74.99999 -15.7292 25.5459 -74.99999 15.7292 25.5459 -74.99999 -13.5061 26.7878 -74.99999 13.5061 26.7878 -74.99999 -11.1857 27.8367 -74.99999 11.1857 27.8367 -74.99999 -8.784704 28.68501 -74.99999 8.7847 28.68501 -74.99999 -6.3204 29.3267 -74.99999 6.3204 29.3267 -74.99999 -3.810501 29.75702 -74.99999 3.810497 29.75702 -74.99999 -1.273201 29.97301 -74.99999 1.273197 29.97301 -74.99999 -41.60464 51.32999 -54.99998 -41.60464 51.32999 -64.99999 -41.5 50 -54.99998 -41.5 50 -64.99999 -41.60464 48.67029 -54.99998 -41.60464 48.67029 -64.99999 -41.91601 47.37339 -54.99998 -41.91601 47.37339 -64.99999 -42.42644 46.14109 -54.99998 -42.42644 46.14109 -64.99999 -43.12335 45.00379 -54.99998 -43.12335 45.00379 -64.99999 -43.98958 43.98959 -54.99998 -43.98958 43.98959 -64.99999 -45.00382 43.12339 -54.99998 -45.00382 43.12339 -64.99999 -46.14107 42.42639 -54.99998 -46.14107 42.42639 -64.99999 -47.37335 41.916 -54.99998 -47.37335 41.916 -64.99999 -48.67031 41.60469 -54.99998 -48.67031 41.60469 -64.99999 -50 41.5 -54.99998 -50 41.5 -64.99999 -51.32968 41.60469 -54.99998 -51.32968 41.60469 -64.99999 -52.62664 41.916 -54.99998 -52.62664 41.916 -64.99999 -53.85892 42.42639 -54.99998 -53.85892 42.42639 -64.99999 -54.99617 43.12339 -54.99998 -54.99617 43.12339 -64.99999 -56.01041 43.98959 -54.99998 -56.01041 43.98959 -64.99999 -56.87664 45.00379 -54.99998 -56.87664 45.00379 -64.99999 -57.57355 46.14109 -54.99998 -57.57355 46.14109 -64.99999 -58.08398 47.37339 -54.99998 -58.08398 47.37339 -64.99999 -58.39535 48.67029 -54.99998 -58.39535 48.67029 -64.99999 -58.5 50 -54.99998 -58.5 50 -64.99999 -58.39535 51.32999 -54.99998 -58.39535 51.32999 -64.99999 -58.08398 52.62701 -54.99998 -58.08398 52.62701 -64.99999 -57.57355 53.859 -54.99998 -57.57355 53.859 -64.99999 -56.87664 54.996 -54.99998 -56.87664 54.996 -64.99999 -56.01041 56.00999 -54.99998 -56.01041 56.00999 -64.99999 -54.99617 56.87701 -54.99998 -54.99617 56.87701 -64.99999 -53.85892 57.574 -54.99998 -53.85892 57.574 -64.99999 -52.62664 58.084 -54.99998 -52.62664 58.084 -64.99999 -51.32968 58.395 -54.99998 -51.32968 58.395 -64.99999 -50 58.5 -54.99998 -50 58.5 -64.99999 -48.67031 58.395 -54.99998 -48.67031 58.395 -64.99999 -47.37335 58.084 -54.99998 -47.37335 58.084 -64.99999 -46.14107 57.574 -54.99998 -46.14107 57.574 -64.99999 -45.00382 56.87701 -54.99998 -45.00382 56.87701 -64.99999 -43.98958 56.00999 -54.99998 -43.98958 56.00999 -64.99999 -43.12335 54.996 -54.99998 -43.12335 54.996 -64.99999 -42.42644 53.859 -54.99998 -42.42644 53.859 -64.99999 -41.91601 52.62701 -54.99998 -41.91601 52.62701 -64.99999 58.395 51.32999 -54.99998 58.395 51.32999 -64.99999 58.5 50 -54.99998 58.5 50 -64.99999 58.395 48.67029 -54.99998 58.395 48.67029 -64.99999 58.084 47.37339 -54.99998 58.084 47.37339 -64.99999 57.574 46.14109 -54.99998 57.574 46.14109 -64.99999 56.87701 45.00379 -54.99998 56.87701 45.00379 -64.99999 56.00999 43.98959 -54.99998 56.00999 43.98959 -64.99999 54.996 43.12339 -54.99998 54.996 43.12339 -64.99999 53.859 42.42639 -54.99998 53.859 42.42639 -64.99999 52.62701 41.916 -54.99998 52.62701 41.916 -64.99999 51.32999 41.60469 -54.99998 51.32999 41.60469 -64.99999 50 41.5 -54.99998 50 41.5 -64.99999 48.67029 41.60469 -54.99998 48.67029 41.60469 -64.99999 47.37339 41.916 -54.99998 47.37339 41.916 -64.99999 46.14109 42.42639 -54.99998 46.14109 42.42639 -64.99999 45.00379 43.12339 -54.99998 45.00379 43.12339 -64.99999 43.98959 43.98959 -54.99998 43.98959 43.98959 -64.99999 43.12339 45.00379 -54.99998 43.12339 45.00379 -64.99999 42.42639 46.14109 -54.99998 42.42639 46.14109 -64.99999 41.916 47.37339 -54.99998 41.916 47.37339 -64.99999 41.60469 48.67029 -54.99998 41.60469 48.67029 -64.99999 41.5 50 -54.99998 41.5 50 -64.99999 41.60469 51.32999 -54.99998 41.60469 51.32999 -64.99999 41.916 52.62701 -54.99998 41.916 52.62701 -64.99999 42.42639 53.859 -54.99998 42.42639 53.859 -64.99999 43.12339 54.996 -54.99998 43.12339 54.996 -64.99999 43.98959 56.00999 -54.99998 43.98959 56.00999 -64.99999 45.00379 56.87701 -54.99998 45.00379 56.87701 -64.99999 46.14109 57.574 -54.99998 46.14109 57.574 -64.99999 47.37339 58.084 -54.99998 47.37339 58.084 -64.99999 48.67029 58.395 -54.99998 48.67029 58.395 -64.99999 50 58.5 -54.99998 50 58.5 -64.99999 51.32999 58.395 -54.99998 51.32999 58.395 -64.99999 52.62701 58.084 -54.99998 52.62701 58.084 -64.99999 53.859 57.574 -54.99998 53.859 57.574 -64.99999 54.996 56.87701 -54.99998 54.996 56.87701 -64.99999 56.00999 56.00999 -54.99998 56.00999 56.00999 -64.99999 56.87701 54.996 -54.99998 56.87701 54.996 -64.99999 57.574 53.859 -54.99998 57.574 53.859 -64.99999 58.084 52.62701 -54.99998 58.084 52.62701 -64.99999 29.8919 -2.544201 -54.99998 30 0 -54.99998 29.8919 2.544197 -54.99998 29.5685 5.069999 -54.99998 29.03201 7.559299 -54.99998 28.28631 9.994198 -54.99998 27.3369 12.35701 -54.99998 26.1904 14.6309 -54.99998 24.85531 16.79921 -54.99998 23.3411 18.8466 -54.99998 21.6587 20.75821 -54.99998 19.8202 22.5202 -54.99998 17.83901 24.1199 -54.99998 15.7292 25.5459 -54.99998 13.5061 26.7878 -54.99998 11.1857 27.8367 -54.99998 8.7847 28.68501 -54.99998 6.3204 29.3267 -54.99998 3.810497 29.75702 -54.99998 1.273197 29.97301 -54.99998 -1.273201 29.97301 -54.99998 -3.810501 29.75702 -54.99998 -6.3204 29.3267 -54.99998 -8.784704 28.68501 -54.99998 -11.1857 27.8367 -54.99998 -13.5061 26.7878 -54.99998 -15.7292 25.5459 -54.99998 -17.83899 24.1199 -54.99998 -19.8202 22.5202 -54.99998 -21.6587 20.75821 -54.99998 -23.3411 18.8466 -54.99998 -24.8553 16.79921 -54.99998 -26.1904 14.6309 -54.99998 -27.3369 12.35701 -54.99998 -28.2863 9.994198 -54.99998 -29.03201 7.559299 -54.99998 -29.5685 5.069999 -54.99998 -29.8919 2.544197 -54.99998 -30 0 -54.99998 -29.8919 -2.544201 -54.99998 -29.5685 -5.07 -54.99998 -29.03201 -7.5593 -54.99998 -28.2863 -9.994202 -54.99998 -27.3369 -12.35699 -54.99998 -26.1904 -14.6308 -54.99998 -24.8553 -16.7992 -54.99998 -23.3411 -18.8466 -54.99998 -21.6587 -20.7582 -54.99998 -19.8202 -22.5202 -54.99998 -17.83899 -24.1199 -54.99998 -15.7292 -25.5459 -54.99998 -13.5061 -26.7878 -54.99998 -11.1857 -27.8367 -54.99998 -8.784704 -28.68501 -54.99998 -6.3204 -29.3267 -54.99998 -3.810501 -29.75701 -54.99998 -1.273201 -29.97301 -54.99998 1.273197 -29.97301 -54.99998 3.810497 -29.75701 -54.99998 6.3204 -29.3267 -54.99998 8.7847 -28.68501 -54.99998 11.1857 -27.8367 -54.99998 13.5061 -26.7878 -54.99998 15.7292 -25.5459 -54.99998 17.83901 -24.1199 -54.99998 19.8202 -22.5202 -54.99998 21.6587 -20.7582 -54.99998 23.3411 -18.8466 -54.99998 24.85531 -16.7992 -54.99998 26.1904 -14.6308 -54.99998 27.3369 -12.35699 -54.99998 28.28631 -9.994202 -54.99998 29.03201 -7.5593 -54.99998 29.5685 -5.07 -54.99998 -41.60464 -48.67031 -54.99998 -41.60464 -48.67031 -64.99999 -41.5 -50 -54.99998 -41.5 -50 -64.99999 -41.60464 -51.32968 -54.99998 -41.60464 -51.32968 -64.99999 -41.91601 -52.62664 -54.99998 -41.91601 -52.62664 -64.99999 -42.42644 -53.85892 -54.99998 -42.42644 -53.85892 -64.99999 -43.12335 -54.99617 -54.99998 -43.12335 -54.99617 -64.99999 -43.98958 -56.01041 -54.99998 -43.98958 -56.01041 -64.99999 -45.00382 -56.87664 -54.99998 -45.00382 -56.87664 -64.99999 -46.14107 -57.57355 -54.99998 -46.14107 -57.57355 -64.99999 -47.37335 -58.08398 -54.99998 -47.37335 -58.08398 -64.99999 -48.67031 -58.39535 -54.99998 -48.67031 -58.39535 -64.99999 -50 -58.5 -54.99998 -50 -58.5 -64.99999 -51.32968 -58.39535 -54.99998 -51.32968 -58.39535 -64.99999 -52.62664 -58.08398 -54.99998 -52.62664 -58.08398 -64.99999 -53.85892 -57.57355 -54.99998 -53.85892 -57.57355 -64.99999 -54.99617 -56.87664 -54.99998 -54.99617 -56.87664 -64.99999 -56.01041 -56.01041 -54.99998 -56.01041 -56.01041 -64.99999 -56.87664 -54.99617 -54.99998 -56.87664 -54.99617 -64.99999 -57.57355 -53.85892 -54.99998 -57.57355 -53.85892 -64.99999 -58.08398 -52.62664 -54.99998 -58.08398 -52.62664 -64.99999 -58.39535 -51.32968 -54.99998 -58.39535 -51.32968 -64.99999 -58.5 -50 -54.99998 -58.5 -50 -64.99999 -58.39535 -48.67031 -54.99998 -58.39535 -48.67031 -64.99999 -58.08398 -47.37335 -54.99998 -58.08398 -47.37335 -64.99999 -57.57355 -46.14107 -54.99998 -57.57355 -46.14107 -64.99999 -56.87664 -45.00382 -54.99998 -56.87664 -45.00382 -64.99999 -56.01041 -43.98958 -54.99998 -56.01041 -43.98958 -64.99999 -54.99617 -43.12335 -54.99998 -54.99617 -43.12335 -64.99999 -53.85892 -42.42644 -54.99998 -53.85892 -42.42644 -64.99999 -52.62664 -41.91601 -54.99998 -52.62664 -41.91601 -64.99999 -51.32968 -41.60464 -54.99998 -51.32968 -41.60464 -64.99999 -50 -41.5 -54.99998 -50 -41.5 -64.99999 -48.67031 -41.60464 -54.99998 -48.67031 -41.60464 -64.99999 -47.37335 -41.91601 -54.99998 -47.37335 -41.91601 -64.99999 -46.14107 -42.42644 -54.99998 -46.14107 -42.42644 -64.99999 -45.00382 -43.12335 -54.99998 -45.00382 -43.12335 -64.99999 -43.98958 -43.98958 -54.99998 -43.98958 -43.98958 -64.99999 -43.12335 -45.00382 -54.99998 -43.12335 -45.00382 -64.99999 -42.42644 -46.14107 -54.99998 -42.42644 -46.14107 -64.99999 -41.91601 -47.37335 -54.99998 -41.91601 -47.37335 -64.99999 58.395 -48.67031 -54.99998 58.395 -48.67031 -64.99999 58.5 -50 -54.99998 58.5 -50 -64.99999 58.395 -51.32968 -54.99998 58.395 -51.32968 -64.99999 58.084 -52.62664 -54.99998 58.084 -52.62664 -64.99999 57.574 -53.85892 -54.99998 57.574 -53.85892 -64.99999 56.87701 -54.99617 -54.99998 56.87701 -54.99617 -64.99999 56.00999 -56.01041 -54.99998 56.00999 -56.01041 -64.99999 54.996 -56.87664 -54.99998 54.996 -56.87664 -64.99999 53.859 -57.57355 -54.99998 53.859 -57.57355 -64.99999 52.62701 -58.08398 -54.99998 52.62701 -58.08398 -64.99999 51.32999 -58.39535 -54.99998 51.32999 -58.39535 -64.99999 50 -58.5 -54.99998 50 -58.5 -64.99999 48.67029 -58.39535 -54.99998 48.67029 -58.39535 -64.99999 47.37339 -58.08398 -54.99998 47.37339 -58.08398 -64.99999 46.14109 -57.57355 -54.99998 46.14109 -57.57355 -64.99999 45.00379 -56.87664 -54.99998 45.00379 -56.87664 -64.99999 43.98959 -56.01041 -54.99998 43.98959 -56.01041 -64.99999 43.12339 -54.99617 -54.99998 43.12339 -54.99617 -64.99999 42.42639 -53.85892 -54.99998 42.42639 -53.85892 -64.99999 41.916 -52.62664 -54.99998 41.916 -52.62664 -64.99999 41.60469 -51.32968 -54.99998 41.60469 -51.32968 -64.99999 41.5 -50 -54.99998 41.5 -50 -64.99999 41.60469 -48.67031 -54.99998 41.60469 -48.67031 -64.99999 41.916 -47.37335 -54.99998 41.916 -47.37335 -64.99999 42.42639 -46.14107 -54.99998 42.42639 -46.14107 -64.99999 43.12339 -45.00382 -54.99998 43.12339 -45.00382 -64.99999 43.98959 -43.98958 -54.99998 43.98959 -43.98958 -64.99999 45.00379 -43.12335 -54.99998 45.00379 -43.12335 -64.99999 46.14109 -42.42644 -54.99998 46.14109 -42.42644 -64.99999 47.37339 -41.91601 -54.99998 47.37339 -41.91601 -64.99999 48.67029 -41.60464 -54.99998 48.67029 -41.60464 -64.99999 50 -41.5 -54.99998 50 -41.5 -64.99999 51.32999 -41.60464 -54.99998 51.32999 -41.60464 -64.99999 52.62701 -41.91601 -54.99998 52.62701 -41.91601 -64.99999 53.859 -42.42644 -54.99998 53.859 -42.42644 -64.99999 54.996 -43.12335 -54.99998 54.996 -43.12335 -64.99999 56.00999 -43.98958 -54.99998 56.00999 -43.98958 -64.99999 56.87701 -45.00382 -54.99998 56.87701 -45.00382 -64.99999 57.574 -46.14107 -54.99998 57.574 -46.14107 -64.99999 58.084 -47.37335 -54.99998 58.084 -47.37335 -64.99999 60 -60 -54.99998 -60 -60 -54.99998 60 60 -54.99998 -60 60 -54.99998 54.97401 -49.49415 -64.99999 54.97401 -50.50584 -64.99999 54.771 -51.49681 -64.99999 54.372 -52.4265 -64.99999 53.79401 -53.25685 -64.99999 53.061 -53.95388 -64.99999 52.202 -54.48902 -64.99999 51.253 -54.84038 -64.99999 50.253 -54.99357 -64.99999 49.24289 -54.94234 -64.99999 48.2635 -54.68875 -64.99999 47.35519 -54.24322 -64.99999 46.55519 -53.62395 -64.99999 45.89619 -52.85633 -64.99999 45.40519 -51.97177 -64.99999 45.10229 -51.00648 -64.99999 45 -50 -64.99999 45.10229 -48.99351 -64.99999 45.40519 -48.02822 -64.99999 45.89619 -47.14366 -64.99999 46.55519 -46.37604 -64.99999 47.35519 -45.75677 -64.99999 48.2635 -45.31124 -64.99999 49.24289 -45.05765 -64.99999 50.253 -45.00642 -64.99999 51.253 -45.15961 -64.99999 52.202 -45.51097 -64.99999 53.061 -46.04611 -64.99999 53.79401 -46.74314 -64.99999 54.372 -47.57349 -64.99999 54.771 -48.50318 -64.99999 -54.89764 -48.99351 -64.99999 -55 -50 -64.99999 -54.59479 -48.02822 -64.99999 -54.10382 -47.14366 -64.99999 -53.44482 -46.37604 -64.99999 -52.64482 -45.75677 -64.99999 -51.73653 -45.31124 -64.99999 -50.75713 -45.05765 -64.99999 -49.74675 -45.00642 -64.99999 -48.74673 -45.15961 -64.99999 -47.79803 -45.51097 -64.99999 -46.93946 -46.04611 -64.99999 -46.20621 -46.74314 -64.99999 -45.62826 -47.57349 -64.99999 -45.2293 -48.50318 -64.99999 -45.02565 -49.49415 -64.99999 -45.02565 -50.50584 -64.99999 -45.2293 -51.49681 -64.99999 -45.62826 -52.4265 -64.99999 -46.20621 -53.25685 -64.99999 -46.93946 -53.95388 -64.99999 -47.79803 -54.48902 -64.99999 -48.74673 -54.84038 -64.99999 -49.74675 -54.99357 -64.99999 -50.75713 -54.94234 -64.99999 -51.73653 -54.68875 -64.99999 -52.64482 -54.24322 -64.99999 -53.44482 -53.62395 -64.99999 -54.10382 -52.85633 -64.99999 -54.59479 -51.97177 -64.99999 -54.89764 -51.00648 -64.99999 45.10229 51.006 -64.99999 45 50 -64.99999 45.40519 51.972 -64.99999 45.89619 52.85601 -64.99999 46.55519 53.624 -64.99999 47.35519 54.243 -64.99999 48.2635 54.689 -64.99999 49.24289 54.942 -64.99999 50.253 54.994 -64.99999 51.253 54.84 -64.99999 52.202 54.489 -64.99999 53.061 53.95401 -64.99999 53.79401 53.257 -64.99999 54.372 52.427 -64.99999 54.771 51.497 -64.99999 54.97401 50.506 -64.99999 54.97401 49.49419 -64.99999 54.771 48.5032 -64.99999 54.372 47.57349 -64.99999 53.79401 46.74309 -64.99999 53.061 46.0461 -64.99999 52.202 45.511 -64.99999 51.253 45.15959 -64.99999 50.253 45.00639 -64.99999 49.24289 45.05769 -64.99999 48.2635 45.31119 -64.99999 47.35519 45.75679 -64.99999 46.55519 46.376 -64.99999 45.89619 47.14369 -64.99999 45.40519 48.02819 -64.99999 45.10229 48.99349 -64.99999 -54.89764 48.99349 -64.99999 -54.89764 48.99349 -79.99999 -55 50 -64.99999 -55 50 -79.99999 -54.89764 51.006 -64.99999 -54.89764 51.006 -79.99999 -54.59479 51.972 -64.99999 -54.59479 51.972 -79.99999 -54.10382 52.85601 -64.99999 -54.10382 52.85601 -79.99999 -53.44482 53.624 -64.99999 -53.44482 53.624 -79.99999 -52.64482 54.243 -64.99999 -52.64482 54.243 -79.99999 -51.73653 54.689 -64.99999 -51.73653 54.689 -79.99999 -50.75713 54.942 -64.99999 -50.75713 54.942 -79.99999 -49.74675 54.994 -64.99999 -49.74675 54.994 -79.99999 -48.74673 54.84 -64.99999 -48.74673 54.84 -79.99999 -47.79803 54.489 -64.99999 -47.79803 54.489 -79.99999 -46.93946 53.95401 -64.99999 -46.93946 53.95401 -79.99999 -46.20621 53.257 -64.99999 -46.20621 53.257 -79.99999 -45.62826 52.427 -64.99999 -45.62826 52.427 -79.99999 -45.2293 51.497 -64.99999 -45.2293 51.497 -79.99999 -45.02565 50.506 -64.99999 -45.02565 50.506 -79.99999 -45.02565 49.49419 -64.99999 -45.02565 49.49419 -79.99999 -45.2293 48.5032 -64.99999 -45.2293 48.5032 -79.99999 -45.62826 47.57349 -64.99999 -45.62826 47.57349 -79.99999 -46.20621 46.74309 -64.99999 -46.20621 46.74309 -79.99999 -46.93946 46.0461 -64.99999 -46.93946 46.0461 -79.99999 -47.79803 45.511 -64.99999 -47.79803 45.511 -79.99999 -48.74673 45.15959 -64.99999 -48.74673 45.15959 -79.99999 -49.74675 45.00639 -64.99999 -49.74675 45.00639 -79.99999 -50.75713 45.05769 -64.99999 -50.75713 45.05769 -79.99999 -51.73653 45.31119 -64.99999 -51.73653 45.31119 -79.99999 -52.64482 45.75679 -64.99999 -52.64482 45.75679 -79.99999 -53.44482 46.376 -64.99999 -53.44482 46.376 -79.99999 -54.10382 47.14369 -64.99999 -54.10382 47.14369 -79.99999 -54.59479 48.02819 -64.99999 -54.59479 48.02819 -79.99999 45.10229 -51.00648 -79.99999 45 -50 -79.99999 45.10229 -48.99351 -79.99999 45.40519 -48.02822 -79.99999 45.89619 -47.14366 -79.99999 46.55519 -46.37604 -79.99999 47.35519 -45.75677 -79.99999 48.2635 -45.31124 -79.99999 49.24289 -45.05765 -79.99999 50.253 -45.00642 -79.99999 51.253 -45.15961 -79.99999 52.202 -45.51097 -79.99999 53.061 -46.04611 -79.99999 53.79401 -46.74314 -79.99999 54.372 -47.57349 -79.99999 54.771 -48.50318 -79.99999 54.97401 -49.49415 -79.99999 54.97401 -50.50584 -79.99999 54.771 -51.49681 -79.99999 54.372 -52.4265 -79.99999 53.79401 -53.25685 -79.99999 53.061 -53.95388 -79.99999 52.202 -54.48902 -79.99999 51.253 -54.84038 -79.99999 50.253 -54.99357 -79.99999 49.24289 -54.94234 -79.99999 48.2635 -54.68875 -79.99999 47.35519 -54.24322 -79.99999 46.55519 -53.62395 -79.99999 45.89619 -52.85633 -79.99999 45.40519 -51.97177 -79.99999 -54.89764 -51.00648 -79.99999 -55 -50 -79.99999 -54.89764 -48.99351 -79.99999 -54.59479 -48.02822 -79.99999 -54.10382 -47.14366 -79.99999 -53.44482 -46.37604 -79.99999 -52.64482 -45.75677 -79.99999 -51.73653 -45.31124 -79.99999 -50.75713 -45.05765 -79.99999 -49.74675 -45.00642 -79.99999 -48.74673 -45.15961 -79.99999 -47.79803 -45.51097 -79.99999 -46.93946 -46.04611 -79.99999 -46.20621 -46.74314 -79.99999 -45.62826 -47.57349 -79.99999 -45.2293 -48.50318 -79.99999 -45.02565 -49.49415 -79.99999 -45.02565 -50.50584 -79.99999 -45.2293 -51.49681 -79.99999 -45.62826 -52.4265 -79.99999 -46.20621 -53.25685 -79.99999 -46.93946 -53.95388 -79.99999 -47.79803 -54.48902 -79.99999 -48.74673 -54.84038 -79.99999 -49.74675 -54.99357 -79.99999 -50.75713 -54.94234 -79.99999 -51.73653 -54.68875 -79.99999 -52.64482 -54.24322 -79.99999 -53.44482 -53.62395 -79.99999 -54.10382 -52.85633 -79.99999 -54.59479 -51.97177 -79.99999 45.10229 48.99349 -79.99999 45 50 -79.99999 45.10229 51.006 -79.99999 45.40519 51.972 -79.99999 45.89619 52.85601 -79.99999 46.55519 53.624 -79.99999 47.35519 54.243 -79.99999 48.2635 54.689 -79.99999 49.24289 54.942 -79.99999 50.253 54.994 -79.99999 51.253 54.84 -79.99999 52.202 54.489 -79.99999 53.061 53.95401 -79.99999 53.79401 53.257 -79.99999 54.372 52.427 -79.99999 54.771 51.497 -79.99999 54.97401 50.506 -79.99999 54.97401 49.49419 -79.99999 54.771 48.5032 -79.99999 54.372 47.57349 -79.99999 53.79401 46.74309 -79.99999 53.061 46.0461 -79.99999 52.202 45.511 -79.99999 51.253 45.15959 -79.99999 50.253 45.00639 -79.99999 49.24289 45.05769 -79.99999 48.2635 45.31119 -79.99999 47.35519 45.75679 -79.99999 46.55519 46.376 -79.99999 45.89619 47.14369 -79.99999 45.40519 48.02819 -79.99999 -60 60 -79.99999 -60 -60 -79.99999 60 60 -79.99999 60 -60 -79.99999</float_array>
          <technique_common>
            <accessor source="#shape0_004-mesh-positions-array" count="1440" stride="3">
              <param name="X" type="float"/>
              <param name="Y" type="float"/>
              <param name="Z" type="float"/>
            </accessor>
          </technique_common>
        </source>
        <source id="shape0_004-mesh-normals">
          <float_array id="shape0_004-mesh-normals-array" count="5898">-0.9993482 0.03610128 0 -0.9993482 -0.03610128 0 -0.994138 -0.1081193 0 -0.9941382 -0.1081168 0 -0.9837431 -0.1795822 0 -0.9837434 -0.1795797 0 -0.9682143 -0.250122 0 -0.968215 -0.2501196 0 -0.9476606 -0.3192794 0 -0.9476606 -0.3192793 0 -0.9221388 -0.3868592 0 -0.8918483 -0.4523348 0 -0.8918472 -0.4523368 0 -0.8568497 -0.5155663 0 -0.8568508 -0.5155645 0 -0.8174161 -0.5760478 0 -0.817416 -0.5760478 0 -0.7737017 -0.6335501 0 -0.7737022 -0.6335494 0 -0.7260019 -0.6876928 0 -0.7260025 -0.6876921 0 -0.6744812 -0.738292 0 -0.6744819 -0.7382915 0 -0.619445 -0.7850401 0 -0.6194456 -0.7850397 0 -0.5611814 -0.8276929 0 -0.561182 -0.8276925 0 -0.5000477 -0.8659979 0 -0.4361736 -0.8998625 0 -0.4361736 -0.8998625 0 -0.3701494 -0.9289723 0 -0.3701492 -0.9289724 0 -0.302107 -0.953274 0 -0.2325779 -0.9725778 0 -0.1618528 -0.9868149 0 -0.09011483 -0.9959315 0 -0.09011483 -0.9959315 0 -0.01809567 -0.9998363 0 -0.01809567 -0.9998363 0 0.05419689 -0.9985303 0 0.1260314 -0.9920263 0 0.1260314 -0.9920263 0 0.1973094 -0.9803413 0 0.2674807 -0.9635633 0 0.2674809 -0.9635633 0 0.3363604 -0.9417334 0 0.4034746 -0.9149909 0 0.4034741 -0.9149911 0 0.4683935 -0.88352 0 0.468393 -0.8835204 0 0.5309737 -0.8473884 0 0.5309742 -0.847388 0 0.5906579 -0.8069221 0 0.6474069 -0.7621446 0 0.6474075 -0.7621441 0 0.7007076 -0.7134485 0 0.7007083 -0.7134479 0 0.7503311 -0.6610624 0 0.7503324 -0.6610609 0 0.7961156 -0.6051446 0 0.7961132 -0.6051477 0 0.8376529 -0.5462031 0 0.8749159 -0.4842751 0 0.8749169 -0.4842731 0 0.9075999 -0.4198364 0 0.9354957 -0.3533383 0 0.9354948 -0.3533405 0 0.9585747 -0.2848411 0 0.9585748 -0.2848411 0 0.9766063 -0.2150353 0 0.9766069 -0.2150329 0 0.9895861 -0.1439428 0 0.9895861 -0.1439428 0 0.9973967 -0.07211011 0 0.9973968 -0.07211011 0 1 0 0 0.9973967 0.07211011 0 0.9973968 0.07211011 0 0.9895861 0.1439428 0 0.9895861 0.1439428 0 0.9766069 0.2150329 0 0.9766063 0.2150353 0 0.9585747 0.2848411 0 0.9585748 0.2848411 0 0.9354948 0.3533405 0 0.9354956 0.3533383 0 0.9075999 0.4198364 0 0.8749169 0.4842731 0 0.8749159 0.4842751 0 0.8376529 0.5462031 0 0.7961132 0.6051477 0 0.7961156 0.6051446 0 0.7503324 0.6610609 0 0.7503311 0.6610624 0 0.7007083 0.7134479 0 0.7007076 0.7134485 0 0.6474075 0.7621441 0 0.6474069 0.7621446 0 0.5906579 0.8069221 0 0.5309742 0.847388 0 0.5309737 0.8473884 0 0.4683929 0.8835203 0 0.4683935 0.88352 0 0.4034741 0.9149911 0 0.4034746 0.9149909 0 0.3363604 0.9417334 0 0.2674809 0.9635633 0 0.2674807 0.9635633 0 0.1973094 0.9803413 0 0.1260314 0.9920263 0 0.1260314 0.9920263 0 0.05419689 0.9985303 0 -0.01809567 0.9998363 0 -0.01809567 0.9998363 0 -0.09011483 0.9959315 0 -0.09011483 0.9959315 0 -0.1618528 0.9868149 0 -0.2325779 0.9725778 0 -0.302107 0.953274 0 -0.3701492 0.9289724 0 -0.3701494 0.9289723 0 -0.4361736 0.8998625 0 -0.4361736 0.8998625 0 -0.5000477 0.8659979 0 -0.561182 0.8276926 0 -0.5611814 0.827693 0 -0.6194456 0.7850396 0 -0.619445 0.7850401 0 -0.6744819 0.7382915 0 -0.6744812 0.738292 0 -0.7260025 0.6876921 0 -0.7260018 0.6876928 0 -0.7737022 0.6335494 0 -0.7737017 0.6335501 0 -0.8174161 0.5760478 0 -0.817416 0.5760478 0 -0.8568508 0.5155645 0 -0.8568497 0.5155663 0 -0.8918472 0.4523368 0 -0.8918482 0.4523348 0 -0.9221388 0.3868592 0 -0.9476606 0.3192794 0 -0.9476606 0.3192793 0 -0.968215 0.2501196 0 -0.9682143 0.250122 0 -0.9837434 0.1795797 0 -0.9837431 0.1795822 0 -0.9941383 0.1081168 0 -0.994138 0.1081193 0 -0.9993482 -0.03610128 0 -0.9993482 0.03610128 0 -0.994138 0.1081193 0 -0.9941379 0.1081193 0 -0.9837435 0.1795797 0 -0.9682143 0.2501219 0 -0.9682151 0.2501196 0 -0.9476607 0.3192793 0 -0.922138 0.3868614 0 -0.9221397 0.3868571 0 -0.8918472 0.4523367 0 -0.8918473 0.4523367 0 -0.8568497 0.5155662 0 -0.8568508 0.5155644 0 -0.8174161 0.5760478 0 -0.8174173 0.5760461 0 -0.7737018 0.6335501 0 -0.7737017 0.6335501 0 -0.7260019 0.6876928 0 -0.7260019 0.6876928 0 -0.6744819 0.7382915 0 -0.6744813 0.738292 0 -0.6194456 0.7850397 0 -0.6194451 0.7850401 0 -0.5611814 0.8276928 0 -0.561182 0.8276925 0 -0.5000478 0.8659979 0 -0.5000478 0.865998 0 -0.4361737 0.8998626 0 -0.4361737 0.8998626 0 -0.370149 0.9289724 0 -0.3701493 0.9289724 0 -0.302107 0.953274 0 -0.232578 0.9725778 0 -0.1618527 0.9868149 0 -0.1618528 0.9868149 0 -0.09011483 0.9959314 0 -0.01809567 0.9998363 0 -0.01809567 0.9998363 0 0.05419689 0.9985303 0 0.05419695 0.9985303 0 0.1260314 0.9920263 0 0.1260313 0.9920263 0 0.1973094 0.9803413 0 0.1973094 0.9803413 0 0.2674807 0.9635633 0 0.3363606 0.9417333 0 0.3363603 0.9417334 0 0.4034744 0.914991 0 0.4034746 0.9149909 0 0.468393 0.8835203 0 0.468393 0.8835203 0 0.5309737 0.8473883 0 0.5309743 0.847388 0 0.590658 0.8069221 0 0.6474069 0.7621446 0 0.6474069 0.7621446 0 0.7007077 0.7134485 0 0.7503312 0.6610622 0 0.7503317 0.6610616 0 0.7961157 0.6051445 0 0.7961145 0.6051461 0 0.8376517 0.5462048 0 0.8376528 0.5462031 0 0.874917 0.4842731 0 0.8749158 0.484275 0 0.9075999 0.4198363 0 0.9076008 0.4198342 0 0.9354948 0.3533404 0 0.9354948 0.3533404 0 0.9585754 0.2848388 0 0.9585741 0.2848434 0 0.9766069 0.2150329 0 0.9766063 0.2150353 0 0.9895861 0.1439428 0 0.989586 0.1439428 0 0.9973967 0.07211011 0 0.9973967 0.07211011 0 0.9973967 -0.07211011 0 0.9973967 -0.07211011 0 0.9895861 -0.1439428 0 0.989586 -0.1439428 0 0.9766063 -0.2150353 0 0.9766069 -0.2150329 0 0.9585741 -0.2848435 0 0.9585755 -0.2848388 0 0.9354948 -0.3533404 0 0.9354948 -0.3533404 0 0.9076008 -0.4198342 0 0.9075999 -0.4198364 0 0.8749158 -0.484275 0 0.874917 -0.4842731 0 0.8376529 -0.546203 0 0.8376517 -0.5462049 0 0.7961145 -0.6051461 0 0.7961157 -0.6051445 0 0.7503318 -0.6610615 0 0.7503311 -0.6610623 0 0.7007083 -0.7134479 0 0.6474069 -0.7621446 0 0.6474069 -0.7621446 0 0.590658 -0.8069221 0 0.5309743 -0.847388 0 0.5309737 -0.8473883 0 0.468393 -0.8835203 0 0.468393 -0.8835203 0 0.4034746 -0.9149909 0 0.4034744 -0.914991 0 0.3363602 -0.9417334 0 0.3363607 -0.9417333 0 0.2674807 -0.9635633 0 0.1973094 -0.9803413 0 0.1973094 -0.9803413 0 0.1260313 -0.9920263 0 0.1260314 -0.9920263 0 0.05419695 -0.9985303 0 0.05419689 -0.9985303 0 -0.01809567 -0.9998363 0 -0.01809567 -0.9998363 0 -0.09011489 -0.9959315 0 -0.09011483 -0.9959314 0 -0.1618528 -0.9868149 0 -0.1618527 -0.9868149 0 -0.232578 -0.9725778 0 -0.302107 -0.953274 0 -0.3701493 -0.9289724 0 -0.370149 -0.9289724 0 -0.4361737 -0.8998626 0 -0.4361737 -0.8998626 0 -0.5000478 -0.8659979 0 -0.5000478 -0.865998 0 -0.561182 -0.8276925 0 -0.5611814 -0.8276929 0 -0.619445 -0.7850401 0 -0.6194456 -0.7850396 0 -0.6744812 -0.738292 0 -0.6744819 -0.7382914 0 -0.7260019 -0.6876928 0 -0.7737018 -0.6335501 0 -0.7737017 -0.6335501 0 -0.8174173 -0.5760461 0 -0.8174161 -0.5760477 0 -0.8568508 -0.5155644 0 -0.8568497 -0.5155662 0 -0.8918472 -0.4523367 0 -0.8918473 -0.4523367 0 -0.9221397 -0.3868571 0 -0.922138 -0.3868614 0 -0.9476607 -0.3192793 0 -0.9682151 -0.2501196 0 -0.9682143 -0.2501219 0 -0.9837435 -0.1795797 0 -0.994138 -0.1081193 0 -0.9941379 -0.1081193 0 0 0 1 0 0 1 0 0 1 0 0 1 2.55635e-7 0 1 5.36796e-7 0 1 -5.52468e-7 0 1 -2.9534e-7 0 1 9.59831e-7 0 1 -6.69597e-7 0 1 3.70695e-7 0 1 4.45796e-7 0 1 -4.78564e-7 0 1 5.60646e-7 0 1 -6.12481e-7 0 1 2.23928e-6 0 1 -2.5018e-6 0 1 3.21542e-6 0 1 -1.23608e-6 0 1 -6.87188e-6 0 1 4.16285e-6 0 1 -9.888e-6 0 1 8.73357e-6 0 1 -1.50942e-5 0 1 -3.00953e-5 0 1 0 0 -1 0 0 -1 -1.23134e-7 0 -1 0 0 -1 0 0 -1 0 0 -1 -1.29131e-7 0 -1 0 0 -1 0 0 -1 -1.10494e-6 0 -1 1.33919e-6 0 -1 4.13224e-6 0 -1 -4.48516e-6 0 -1 -7.52329e-6 0 -1 4.94432e-6 0 -1 -1.03257e-5 0 -1 1.3184e-5 0 -1 -1.21646e-5 0 -1 -0.9993174 0.0369417 0 -0.9993175 0.03693896 0 -0.9993175 -0.03693896 0 -0.9993174 -0.0369417 0 -0.9938556 -0.1106845 0 -0.9938553 -0.1106873 0 -0.9829726 -0.1837522 0 -0.9829721 -0.1837549 0 -0.9667269 -0.2558106 0 -0.9451718 -0.3265736 0 -0.9451709 -0.3265761 0 -0.918488 -0.3954488 0 -0.9184871 -0.3954513 0 -0.8867933 -0.4621664 0 -0.8867921 -0.4621686 0 -0.8502173 -0.526432 0 -0.8502185 -0.52643 0 -0.809018 -0.5877839 0 -0.8090168 -0.5877856 0 -0.7633908 -0.6459369 0 -0.7633921 -0.6459354 0 -0.7136045 -0.7005488 0 -0.7136052 -0.7005482 0 -0.6599261 -0.7513306 0 -0.6599267 -0.7513301 0 -0.6026274 -0.7980227 0 -0.6026273 -0.7980228 0 -0.5420533 -0.8403441 0 -0.4785348 -0.8780686 0 -0.4785354 -0.8780683 0 -0.4123622 -0.91102 0 -0.4123626 -0.9110199 0 -0.3439026 -0.9390054 0 -0.3439024 -0.9390054 0 -0.273669 -0.961824 0 -0.2736691 -0.9618239 0 -0.2018876 -0.9794088 0 -0.2018874 -0.9794088 0 -0.1290192 -0.9916421 0 -0.1290192 -0.9916421 0 -0.05541008 -0.9984637 0 0.01847004 -0.9998295 0 0.01847004 -0.9998295 0 0.09228342 -0.9957328 0 0.1655538 -0.9862008 0 0.2379465 -0.9712783 0 0.3089884 -0.9510659 0 0.3089886 -0.9510657 0 0.3784033 -0.9256409 0 0.3784031 -0.9256409 0 0.4457779 -0.8951437 0 0.445779 -0.8951431 0 0.5105985 -0.8598194 0 0.5105991 -0.8598189 0 0.5727727 -0.8197143 0 0.572772 -0.8197149 0 0.6317072 -0.7752072 0 0.6317078 -0.7752066 0 0.6872135 -0.7264555 0 0.6872135 -0.7264555 0 0.738996 -0.6737098 0 0.786781 -0.6172322 0 0.7867804 -0.6172331 0 0.8301927 -0.5574766 0 0.8301941 -0.5574747 0 0.8690611 -0.4947049 0 0.9032652 -0.4290826 0 0.9324578 -0.3612791 0 0.956603 -0.2913945 0 0.9566023 -0.2913971 0 0.975511 -0.2199506 0 0.9890942 -0.1472851 0 0.9890937 -0.1472877 0 0.9972723 -0.07381224 0 0.997272 -0.07381492 0 0.997272 0.07381492 0 0.9972723 0.07381218 0 0.9890937 0.1472877 0 0.9890942 0.1472851 0 0.975511 0.2199506 0 0.9566023 0.2913971 0 0.956603 0.2913945 0 0.9324578 0.3612791 0 0.9032652 0.4290826 0 0.8690611 0.4947049 0 0.8301939 0.5574747 0 0.8301927 0.5574765 0 0.7867804 0.617233 0 0.786781 0.6172323 0 0.738996 0.6737098 0 0.6872135 0.7264555 0 0.6872135 0.7264555 0 0.6317078 0.7752066 0 0.6317072 0.7752072 0 0.572772 0.8197149 0 0.5727726 0.8197143 0 0.5105991 0.859819 0 0.5105985 0.8598193 0 0.445779 0.8951431 0 0.4457779 0.8951437 0 0.3784033 0.9256409 0 0.3784031 0.9256409 0 0.3089886 0.9510658 0 0.3089885 0.9510659 0 0.2379465 0.9712783 0 0.1655538 0.9862008 0 0.09228348 0.9957328 0 0.09228342 0.9957328 0 0.01847004 0.9998295 0 0.01847004 0.9998295 0 -0.05541008 0.9984637 0 -0.1290192 0.9916421 0 -0.1290192 0.9916421 0 -0.2018874 0.9794088 0 -0.2018876 0.9794087 0 -0.2736691 0.9618239 0 -0.273669 0.961824 0 -0.3439024 0.9390054 0 -0.3439026 0.9390054 0 -0.4123625 0.9110199 0 -0.4123623 0.91102 0 -0.4785354 0.8780683 0 -0.4785348 0.8780686 0 -0.5420533 0.8403441 0 -0.6026274 0.7980227 0 -0.6026273 0.7980228 0 -0.6599267 0.75133 0 -0.659926 0.7513307 0 -0.7136052 0.7005481 0 -0.7136045 0.7005488 0 -0.7633922 0.6459353 0 -0.7633908 0.645937 0 -0.8090167 0.5877857 0 -0.8090181 0.5877838 0 -0.8502185 0.52643 0 -0.8502173 0.526432 0 -0.8867922 0.4621685 0 -0.8867933 0.4621664 0 -0.9184871 0.3954512 0 -0.918488 0.3954489 0 -0.9451709 0.3265761 0 -0.9451718 0.3265736 0 -0.9667269 0.2558106 0 -0.9829722 0.1837549 0 -0.9829727 0.1837522 0 -0.9938553 0.1106873 0 -0.9938556 0.1106845 0 0 0 1 -2.71306e-7 0 1 2.76266e-7 0 1 -5.64281e-7 0 1 -8.75178e-6 0 1 -9.17528e-6 0 1 3.16816e-5 0 1 -3.15717e-5 0 1 -4.72842e-5 0 1 0 0 1 0 0 1 0 0 1 1.53027e-7 0 1 1.64172e-7 0 1 0 0 1 0 0 1 0 0 1 1.23896e-7 0 1 -2.25839e-7 0 1 -1.69542e-7 0 1 -2.86637e-7 0 1 2.97977e-7 0 1 -9.89507e-7 0 1 -4.93369e-7 0 1 -0.9994526 0.03308635 0 -0.9994525 0.03308933 0 -0.9994525 -0.03308933 0 -0.9994525 -0.03308635 0 -0.9950852 -0.09902286 0 -0.9950852 -0.09902286 0 -0.9863622 -0.1645891 0 -0.9863613 -0.1645949 0 -0.9733238 -0.229436 0 -0.9733232 -0.2294389 0 -0.9560346 -0.2932543 0 -0.9560346 -0.2932543 0 -0.934562 -0.3558003 0 -0.9345611 -0.3558029 0 -0.909007 -0.416781 0 -0.909007 -0.4167809 0 -0.8794775 -0.4759407 0 -0.8794763 -0.4759429 0 -0.8461045 -0.533017 0 -0.8461018 -0.5330214 0 -0.8090117 -0.5877926 0 -0.8090109 -0.5877936 0 -0.768395 -0.6399758 0 -0.7683936 -0.6399776 0 -0.7244318 -0.6893466 0 -0.724431 -0.6893474 0 -0.6772873 -0.7357187 0 -0.6271713 -0.7788814 0 -0.6271706 -0.7788819 0 -0.5743498 -0.81861 0 -0.5743511 -0.8186091 0 -0.5189545 -0.8548019 0 -0.5189552 -0.8548014 0 -0.4613601 -0.8872131 0 -0.4613595 -0.8872134 0 -0.4017017 -0.9157706 0 -0.4017021 -0.9157704 0 -0.3402592 -0.9403317 0 -0.340259 -0.9403318 0 -0.2774084 -0.9607521 0 -0.2774079 -0.9607523 0 -0.2132862 -0.9769899 0 -0.1482615 -0.9889482 0 -0.1482614 -0.9889482 0 -0.08256918 -0.9965854 0 -0.08256918 -0.9965853 0 -0.01657366 -0.9998627 0 -0.01657366 -0.9998627 0 0.04960221 -0.9987692 0 0.04960221 -0.9987692 0 0.1154745 -0.9933105 0 0.1154745 -0.9933105 0 0.1808652 -0.9835079 0 0.1808651 -0.9835079 0 0.2455266 -0.9693899 0 0.2455268 -0.9693899 0 0.3089838 -0.9510674 0 0.3712214 -0.9285445 0 0.3712209 -0.9285447 0 0.4317334 -0.9020013 0 0.4317331 -0.9020015 0 0.4904486 -0.8714702 0 0.5469423 -0.8371703 0 0.5469423 -0.8371704 0 0.6010838 -0.7991861 0 0.6010838 -0.7991862 0 0.6525822 -0.757718 0 0.652583 -0.7577173 0 0.7012451 -0.7129203 0 0.7012466 -0.7129189 0 0.7468149 -0.665032 0 0.7468149 -0.665032 0 0.7891435 -0.6142089 0 0.7891443 -0.6142079 0 0.8279888 -0.5607446 0 0.8279903 -0.5607426 0 0.8632719 -0.5047394 0 0.8632706 -0.5047416 0 0.8947178 -0.446632 0 0.9222953 -0.3864861 0 0.9222953 -0.3864861 0 0.945815 -0.3247061 0 0.9458141 -0.3247088 0 0.9652043 -0.261497 0 0.9652043 -0.261497 0 0.980388 -0.1970773 0 0.9912593 -0.1319287 0 0.9912593 -0.1319287 0 0.9978161 -0.06605458 0 0.997816 -0.06605458 0 0.9978161 0.06605458 0 0.997816 0.06605458 0 0.9912593 0.1319287 0 0.9912593 0.1319287 0 0.980388 0.1970773 0 0.9652043 0.261497 0 0.9652043 0.261497 0 0.9458141 0.3247088 0 0.945815 0.3247061 0 0.9222953 0.3864861 0 0.9222953 0.3864861 0 0.8947178 0.446632 0 0.8632706 0.5047416 0 0.8632719 0.5047394 0 0.8279903 0.5607426 0 0.8279888 0.5607446 0 0.7891443 0.6142079 0 0.7891435 0.6142089 0 0.7468149 0.665032 0 0.7468149 0.665032 0 0.7012466 0.7129189 0 0.7012451 0.7129203 0 0.6525829 0.7577174 0 0.6525823 0.757718 0 0.6010838 0.7991861 0 0.6010838 0.7991862 0 0.5469423 0.8371703 0 0.5469423 0.8371704 0 0.4904486 0.8714702 0 0.4317331 0.9020014 0 0.4317334 0.9020013 0 0.3712208 0.9285447 0 0.3712214 0.9285445 0 0.3089838 0.9510674 0 0.2455268 0.9693899 0 0.2455267 0.9693899 0 0.1808652 0.9835079 0 0.1808651 0.9835079 0 0.1154745 0.9933105 0 0.1154745 0.9933105 0 0.04960221 0.9987692 0 0.04960221 0.9987692 0 -0.01657366 0.9998627 0 -0.01657366 0.9998627 0 -0.08256918 0.9965853 0 -0.08256918 0.9965854 0 -0.1482614 0.9889482 0 -0.1482615 0.9889482 0 -0.2132862 0.9769899 0 -0.277408 0.9607523 0 -0.2774083 0.9607521 0 -0.340259 0.9403318 0 -0.3402593 0.9403317 0 -0.401702 0.9157705 0 -0.4017018 0.9157705 0 -0.4613595 0.8872134 0 -0.4613601 0.8872131 0 -0.5189552 0.8548015 0 -0.5189546 0.8548018 0 -0.5743512 0.8186091 0 -0.5743498 0.8186101 0 -0.6271706 0.7788819 0 -0.6271713 0.7788814 0 -0.6772873 0.7357187 0 -0.724431 0.6893473 0 -0.7244318 0.6893466 0 -0.7683936 0.6399776 0 -0.768395 0.6399758 0 -0.809011 0.5877936 0 -0.8090116 0.5877926 0 -0.8461019 0.5330213 0 -0.8461045 0.5330172 0 -0.8794762 0.4759429 0 -0.8794775 0.4759406 0 -0.909007 0.416781 0 -0.909007 0.4167809 0 -0.9345611 0.3558029 0 -0.9345621 0.3558003 0 -0.9560346 0.2932543 0 -0.9560346 0.2932543 0 -0.9733232 0.2294388 0 -0.9733238 0.229436 0 -0.9863613 0.1645948 0 -0.9863622 0.1645891 0 -0.9950852 0.09902286 0 -0.9950852 0.09902286 0 -0.9994526 -0.03308635 0 -0.9994524 -0.03308933 0 -0.9994524 0.03308933 0 -0.9994526 0.03308635 0 -0.9863618 0.1645919 0 -0.9863618 0.164592 0 -0.9733232 0.2294388 0 -0.9733238 0.229436 0 -0.9560337 0.293257 0 -0.9560346 0.2932543 0 -0.934562 0.3558003 0 -0.8794763 0.4759427 0 -0.8794763 0.4759429 0 -0.8461046 0.533017 0 -0.8461033 0.5330191 0 -0.8090103 0.5877946 0 -0.7683944 0.6399766 0 -0.7244327 0.6893456 0 -0.7244304 0.6893481 0 -0.5743498 0.81861 0 -0.5743513 0.818609 0 -0.4613596 0.8872132 0 -0.4613595 0.8872134 0 -0.340259 0.9403318 0 -0.2774081 0.9607522 0 -0.2774083 0.9607522 0 -0.213286 0.9769898 0 -0.2132862 0.9769898 0 -0.1482615 0.9889482 0 -0.1482614 0.9889482 0 -0.08256918 0.9965854 0 -0.08256918 0.9965854 0 -0.01657366 0.9998627 0 0.04960221 0.9987691 0 0.04960221 0.9987691 0 0.1154745 0.9933105 0 0.1154745 0.9933105 0 0.1808652 0.9835079 0 0.1808651 0.9835079 0 0.2455269 0.9693899 0 0.2455266 0.9693899 0 0.3712211 0.9285446 0 0.3712212 0.9285445 0 0.4317334 0.9020013 0 0.4317331 0.9020014 0 0.490448 0.8714706 0 0.5469424 0.8371703 0 0.5469425 0.8371703 0 0.6525822 0.757718 0 0.652583 0.7577174 0 0.7012467 0.7129188 0 0.746815 0.6650319 0 0.7891436 0.6142088 0 0.8279896 0.5607435 0 0.8279888 0.5607447 0 0.8632718 0.5047393 0 0.8947178 0.446632 0 0.9222954 0.386486 0 0.9458141 0.3247088 0 0.9652043 0.261497 0 0.965205 0.2614943 0 0.9803875 0.1970802 0 0.9912593 0.1319287 0 0.9912596 0.1319258 0 0.997816 0.06605452 0 0.997816 -0.06605452 0 0.9912596 -0.1319258 0 0.9912593 -0.1319287 0 0.9803875 -0.1970802 0 0.9652051 -0.2614942 0 0.9458141 -0.3247088 0 0.9222954 -0.386486 0 0.8947178 -0.446632 0 0.8632718 -0.5047393 0 0.8279889 -0.5607445 0 0.8279895 -0.5607437 0 0.7891436 -0.6142088 0 0.746815 -0.6650319 0 0.7012452 -0.7129202 0 0.652583 -0.7577174 0 0.6525822 -0.757718 0 0.5469424 -0.8371703 0 0.5469425 -0.8371703 0 0.490448 -0.8714706 0 0.4317331 -0.9020014 0 0.4317334 -0.9020013 0 0.3712211 -0.9285446 0 0.3712212 -0.9285445 0 0.2455267 -0.9693899 0 0.2455268 -0.9693899 0 0.1808651 -0.9835079 0 0.1808652 -0.9835079 0 0.1154745 -0.9933105 0 0.1154745 -0.9933105 0 0.04960221 -0.9987691 0 0.04960221 -0.9987691 0 -0.08256918 -0.9965854 0 -0.08256918 -0.9965854 0 -0.1482614 -0.9889482 0 -0.1482615 -0.9889482 0 -0.2132861 -0.9769899 0 -0.2774081 -0.9607522 0 -0.2774083 -0.9607522 0 -0.3402593 -0.9403317 0 -0.4613596 -0.8872132 0 -0.5743513 -0.818609 0 -0.5743498 -0.81861 0 -0.7244305 -0.6893479 0 -0.7244326 -0.6893457 0 -0.7683938 -0.6399775 0 -0.7683944 -0.6399767 0 -0.8090118 -0.5877926 0 -0.8090103 -0.5877946 0 -0.8461033 -0.5330191 0 -0.8461046 -0.533017 0 -0.8794763 -0.4759427 0 -0.934562 -0.3558003 0 -0.9560337 -0.2932569 0 -0.9733238 -0.229436 0 -0.9733232 -0.2294388 0 -0.9863618 -0.1645919 0 -0.9863618 -0.164592 0 -2.57397e-7 0 1 4.62712e-7 0 1 -2.57471e-7 0 1 4.62539e-7 0 1 -1.28813e-7 0 1 0 0 1 2.31356e-7 0 1 -9.24187e-7 0 1 -9.24772e-7 0 1 5.15093e-7 0 1 -5.14765e-7 0 1 5.1487e-7 0 1 7.72594e-7 0 1 -7.73218e-7 0 1 9.24189e-7 0 1 -5.1603e-7 0 1 -1.84746e-6 0 1 1.54715e-6 0 1 -1.28737e-6 0 1 1.0296e-6 0 1 7.72184e-7 0 1 -1.85081e-6 0 1 9.01148e-7 0 1 -9.66101e-7 0 1 -2.57863e-7 0 1 1.84748e-6 0 1 -1.84653e-6 0 1 -5.96652e-7 0 1 1.84834e-6 0 1 -9.66516e-7 0 1 7.72623e-7 0 1 -1.85057e-6 0 1 1.02969e-6 0 1 -3.86082e-7 0 1 -1.28712e-6 0 1 1.54521e-6 0 1 -9.24833e-7 0 1 -2.57733e-7 0 1 2.58006e-7 0 1 -5.15723e-7 0 1 2.57641e-7 0 1 -5.14796e-7 0 1 9.25551e-7 0 1 -5.14774e-7 0 1 4.6269e-7 0 1 -5.14946e-7 0 1 4.62555e-7 0 1 -4.62268e-7 0 1 4.61874e-7 0 1 -2.12785e-7 0 1 0 0 1 0 0 1 5.15083e-7 0 1 9.2511e-7 0 1 9.25381e-7 0 1 9.25097e-7 0 1 -1.85057e-6 0 1 1.84834e-6 0 1 -1.84653e-6 0 1 1.84748e-6 0 1 -1.85082e-6 0 1 -9.23729e-7 0 1 -4.62386e-7 0 1 -4.62094e-7 0 1 0 0 -1 0 0 -1 0 0 -1 0 0 -1 1.28977e-7 0 -1 -2.6937e-7 0 -1 3.75606e-7 0 -1 -2.34821e-7 0 -1 1.40022e-7 0 -1 -3.08821e-7 0 -1 3.84176e-7 0 -1 -3.00921e-7 0 -1 -5.31499e-7 0 -1 8.81498e-7 0 -1 5.27493e-6 0 -1 0 0 -1 1.89793e-7 0 -1 0 0 -1 -1.80576e-6 0 -1 2.15488e-6 0 -1 5.63133e-6 0 -1 -8.18162e-6 0 -1 3.26541e-5 0 -1 -4.55164e-5 0 -1 5.65298e-5 0 -1 -1.12812e-4 0 -1 8.44753e-5 0 -1 -0.9969194 -0.07843345 0 -0.9969195 -0.07843339 0 -0.9969181 0.07845091 0 -0.996918 0.07845079 0 -0.9723678 0.2334542 0 -0.9723679 0.2334539 0 -0.9238807 0.3826806 0 -0.9238823 0.3826767 0 -0.852649 0.5224843 0 -0.8526489 0.5224846 0 -0.7604013 0.6494536 0 -0.7603966 0.6494592 0 -0.6494272 0.7604238 0 -0.6494317 0.7604199 0 -0.5225462 0.8526111 0 -0.5225502 0.8526085 0 -0.3826617 0.9238886 0 -0.3826585 0.9238899 0 -0.2334008 0.9723806 0 -0.07849562 0.9969145 0 -0.07849597 0.9969145 0 0.07849669 0.9969145 0 0.07849633 0.9969145 0 0.2334008 0.9723806 0 0.3826585 0.9238899 0 0.3826617 0.9238886 0 0.5225502 0.8526085 0 0.5225462 0.8526111 0 0.6494272 0.7604238 0 0.6494317 0.7604199 0 0.7603968 0.6494589 0 0.760401 0.6494538 0 0.852649 0.5224843 0 0.8526489 0.5224846 0 0.9238823 0.3826767 0 0.9723668 0.2334585 0 0.972369 0.2334496 0 0.9969166 0.07846909 0 0.9969173 0.07845991 0 0.9969187 -0.07844257 0 0.996918 -0.07845157 0 0.9723734 -0.2334309 0 0.9723714 -0.2334396 0 0.9238485 -0.3827584 0 0.9238483 -0.3827588 0 0.8525881 -0.5225836 0 0.8525879 -0.5225839 0 0.7603362 -0.6495299 0 0.7603313 -0.6495354 0 0.6497838 -0.7601191 0 0.6497793 -0.760123 0 0.5225462 -0.8526111 0 0.5225502 -0.8526085 0 0.3824102 -0.9239926 0 0.382407 -0.923994 0 0.2331817 -0.9724332 0 0.0787152 -0.9968972 0 0.07871556 -0.9968971 0 -0.07871484 -0.9968972 0 -0.07871448 -0.9968972 0 -0.2331817 -0.9724332 0 -0.382407 -0.923994 0 -0.3824102 -0.9239926 0 -0.5225502 -0.8526085 0 -0.5225462 -0.8526111 0 -0.6497838 -0.7601191 0 -0.6497793 -0.760123 0 -0.7603317 -0.6495352 0 -0.7603359 -0.6495301 0 -0.8525881 -0.5225836 0 -0.8525879 -0.5225839 0 -0.9238485 -0.3827584 0 -0.9238467 -0.3827628 0 -0.9723724 -0.2334352 0 -0.9968986 -0.07869714 0 -0.9968993 -0.07868796 0 -0.996898 0.0787056 0 -0.9968972 0.0787146 0 -0.9724292 0.2331989 0 -0.9724313 0.23319 0 -0.9239956 0.3824033 0 -0.8526204 0.5225308 0 -0.8526203 0.5225311 0 -0.7601076 0.6497974 0 -0.7601118 0.6497924 0 -0.7604232 0.649428 0 -0.7604232 0.649428 0 -0.6495176 0.7603466 0 -0.5226318 0.8525586 0 -0.3827394 0.9238564 0 -0.3827362 0.9238578 0 -0.2333925 0.9723826 0 -0.2333904 0.9723832 0 -0.07847768 0.9969159 0 -0.07847803 0.9969159 0 0.0784949 0.9969145 0 0.07849526 0.9969145 0 0.2334112 0.9723781 0 0.3826553 0.9238913 0 0.5225319 0.8526198 0 0.6494453 0.7604084 0 0.6494408 0.7604123 0 0.7604104 0.649443 0 0.7604101 0.6494433 0 0.8526204 0.5225308 0 0.8526183 0.5225344 0 0.9238921 0.3826533 0 0.9238904 0.3826572 0 0.9723783 0.2334109 0 0.9723783 0.2334107 0 0.9969144 0.07849639 0 0.9969148 0.07849174 0 0.9969161 -0.0784744 0 0.9969158 -0.07847881 0 0.9723828 -0.233392 0 0.9238566 -0.3827389 0 0.923858 -0.3827354 0 0.8525575 -0.5226336 0 0.8525594 -0.5226305 0 0.7603452 -0.6495193 0 0.7603449 -0.6495196 0 0.6497929 -0.7601114 0 0.649433 -0.760419 0 0.649433 -0.760419 1.58682e-7 0.649433 -0.760419 0 0.5225319 -0.8526198 0 0.3830238 -0.9237385 0 0.3828467 -0.9238119 0 0.3830238 -0.9237385 0 0.3828467 -0.9238119 0 0.3830238 -0.9237385 0 0.3830238 -0.9237385 0 0.2331921 -0.9724308 0 0.07871413 -0.9968973 0 0.07837921 -0.9969236 0 0.07837921 -0.9969236 3.99178e-7 0.07837921 -0.9969236 0 -0.07869684 -0.9968986 0 -0.07821863 -0.9969363 0 -0.07821863 -0.9969363 0 -0.07821863 -0.9969363 0 -0.2331714 -0.9724357 0 -0.2331734 -0.9724352 0 -0.3824846 -0.9239619 0 -0.382798 -0.9238322 0 -0.3827979 -0.9238321 0 -0.3827979 -0.9238321 0 -0.5226318 -0.8525586 0 -0.6498696 -0.7600457 0 -0.7600468 -0.6498683 0 -0.7603536 -0.6495095 0 -0.7600421 -0.6498739 0 -0.8525595 -0.5226302 0 -0.8525594 -0.5226305 0 -0.9236682 -0.3831936 0 -0.9236314 -0.3832821 0 -0.9236682 -0.3831936 -1.00329e-6 -0.9236128 -0.3833267 0 -0.9236679 -0.3831939 0 -0.9236679 -0.3831939 0 -0.9724357 -0.2331713 0 -0.9724336 -0.2331799 0 -0.9990985 0.04245257 0 -0.9990987 0.04245024 0 -0.9990986 -0.04245024 0 -0.9990985 -0.04245269 0 -0.9919025 -0.127002 0 -0.9919025 -0.1270021 0 -0.9775552 -0.2106798 0 -0.9775551 -0.21068 0 -0.9561641 -0.2928314 0 -0.9561648 -0.2928292 0 -0.9278946 -0.3728429 0 -0.9278954 -0.3728408 0 -0.892921 -0.4502136 0 -0.8929219 -0.4502119 0 -0.8515273 -0.5243103 0 -0.8515273 -0.5243104 0 -0.8040032 -0.594625 0 -0.8040034 -0.5946247 0 -0.7506777 -0.6606686 0 -0.6919243 -0.7219702 0 -0.6919256 -0.7219689 0 -0.6282206 -0.7780352 0 -0.6282201 -0.7780358 0 -0.5599794 -0.8285065 0 -0.5599789 -0.8285069 0 -0.4876956 -0.8730139 0 -0.4876962 -0.8730136 0 -0.4119051 -0.9112268 0 -0.4119052 -0.9112268 0 -0.3331344 -0.9428794 0 -0.2519919 -0.9677294 0 -0.1689828 -0.9856191 0 -0.08481913 -0.9963964 0 -0.08481919 -0.9963964 0 0 -1 0 0.08481913 -0.9963964 0 0.08481919 -0.9963964 0 0.168983 -0.985619 0 0.2519916 -0.9677295 0 0.2519915 -0.9677295 0 0.333134 -0.9428795 0 0.3331338 -0.9428796 0 0.4119052 -0.9112266 0 0.4119049 -0.9112268 0 0.4876962 -0.8730136 0 0.4876956 -0.8730139 0 0.5599833 -0.8285039 0 0.5599828 -0.8285043 0 0.6282165 -0.7780386 0 0.628216 -0.7780391 0 0.6919249 -0.7219696 0 0.6919243 -0.72197 0 0.7506783 -0.660668 0 0.7506777 -0.6606686 0 0.804005 -0.5946227 0 0.8040052 -0.5946224 0 0.8515252 -0.5243138 0 0.8515267 -0.5243113 0 0.892921 -0.4502136 0 0.8929219 -0.4502119 0 0.9278963 -0.3728387 0 0.9561648 -0.2928292 0 0.9561635 -0.2928336 0 0.9775542 -0.2106844 0 0.9775546 -0.2106822 0 0.9919028 -0.1269997 0 0.9919022 -0.1270045 0 0.9990986 -0.04245024 0 0.9990987 0.04245018 0 0.9990987 0.04245024 0 0.9919022 0.1270045 0 0.9919028 0.1269999 0 0.9775546 0.2106821 0 0.9775542 0.2106844 0 0.9561635 0.2928332 0 0.9561649 0.2928288 0 0.9278953 0.372841 0 0.9278954 0.3728408 0 0.8929155 0.4502243 0 0.8929145 0.4502264 0 0.8515365 0.5242953 0 0.851535 0.524298 0 0.8040065 0.5946207 0 0.8040063 0.5946208 0 0.750676 0.6606704 0 0.7506766 0.6606699 0 0.6919263 0.7219682 0 0.6919268 0.7219676 0 0.628216 0.7780391 0 0.6282165 0.7780386 0 0.5599828 0.8285043 0 0.5599833 0.8285039 0 0.4876956 0.8730139 0 0.4876962 0.8730136 0 0.4119051 0.9112268 0 0.4119052 0.9112268 0 0.3331311 0.9428806 0 0.3331313 0.9428805 0 0.2519943 0.9677288 0 0.2519944 0.9677288 0 0.1689764 0.9856202 0 0.1689765 0.9856202 0 0.08482283 0.9963961 0 0.08482289 0.9963961 0 0 1 0 -0.08482283 0.9963961 0 -0.08482289 0.9963961 0 -0.1689761 0.9856202 0 -0.1689762 0.9856202 0 -0.2519947 0.9677286 0 -0.3331317 0.9428804 0 -0.4119052 0.9112266 0 -0.4119049 0.9112268 0 -0.4876962 0.8730136 0 -0.4876956 0.8730139 0 -0.5599789 0.8285069 0 -0.5599794 0.8285065 0 -0.6282201 0.7780358 0 -0.6282206 0.7780352 0 -0.6919274 0.7219671 0 -0.6919263 0.7219682 0 -0.750676 0.6606704 0 -0.750676 0.6606706 0 -0.8040047 0.594623 0 -0.8040046 0.5946232 0 -0.8515371 0.5242945 0 -0.8929155 0.4502243 0 -0.8929145 0.4502264 0 -0.9278945 0.372843 0 -0.9278937 0.3728449 0 -0.9561649 0.2928288 0 -0.9561643 0.292831 0 -0.9775552 0.2106798 0 -0.9919025 0.1270022 0 -0.9919025 0.1270022 0 -0.996918 -0.07845133 0 -0.996918 -0.07845127 0 -0.996918 0.07845222 0 -0.9969179 0.07845216 0 -0.9723703 0.2334438 0 -0.9723705 0.2334436 0 -0.9238783 0.3826867 0 -0.9238799 0.3826828 0 -0.8526397 0.5224996 0 -0.8526394 0.5224998 0 -0.7604134 0.6494395 0 -0.7604086 0.6494451 0 -0.6494405 0.7604125 0 -0.649445 0.7604086 0 -0.5224962 0.8526416 0 -0.5225003 0.8526391 0 -0.3826861 0.9238784 0 -0.3826829 0.9238798 0 -0.233444 0.9723703 0 -0.07846152 0.9969173 0 -0.07846188 0.9969171 0 0.0784626 0.9969171 0 0.07846224 0.9969171 0 0.233444 0.9723703 0 0.3826829 0.9238798 0 0.3826861 0.9238784 0 0.5225003 0.8526391 0 0.5224962 0.8526416 0 0.6494405 0.7604125 0 0.649445 0.7604086 0 0.7604088 0.6494447 0 0.7604132 0.6494398 0 0.8526397 0.5224996 0 0.8526394 0.5224998 0 0.9238799 0.3826828 0 0.9723693 0.2334482 0 0.9723714 0.2334392 0 0.9969165 0.07847046 0 0.9969172 0.07846122 0 0.9969173 -0.07846045 0 0.9969165 -0.07846945 0 0.9723713 -0.23344 0 0.9723691 -0.2334486 0 0.9238803 -0.3826816 0 0.9238802 -0.382682 0 0.8526389 -0.5225008 0 0.8526385 -0.5225013 0 0.7604134 -0.6494395 0 0.7604086 -0.6494451 0 0.649445 -0.7604086 0 0.6494405 -0.7604125 0 0.5224984 -0.8526404 0 0.5225024 -0.8526378 0 0.3826861 -0.9238784 0 0.3826829 -0.9238798 0 0.233444 -0.9723703 0 0.07845085 -0.996918 0 0.07845121 -0.996918 0 -0.0784505 -0.996918 0 -0.07845014 -0.9969182 0 -0.233444 -0.9723703 0 -0.3826829 -0.9238798 0 -0.3826861 -0.9238784 0 -0.5225024 -0.8526378 0 -0.5224984 -0.8526404 0 -0.649445 -0.7604086 0 -0.6494405 -0.7604125 0 -0.7604088 -0.6494447 0 -0.7604132 -0.6494398 0 -0.8526389 -0.5225008 0 -0.8526385 -0.5225013 0 -0.9238803 -0.3826816 0 -0.9238786 -0.3826859 0 -0.9723702 -0.2334443 0 -0.9969499 -0.07804608 0 -0.9969499 -0.07804608 0 -0.9969499 -0.07804608 0 -0.9968979 -0.07870596 0 -0.9968979 0.07870692 0 -0.9969423 0.07814246 0 -0.9969422 0.07814246 0 -0.9969422 0.07814246 0 -0.9724316 0.2331885 0 -0.9722995 0.233739 0 -0.9722995 0.233739 5.95155e-7 -0.9722995 0.233739 0 -0.9239931 0.3824093 0 -0.8526111 0.5225461 0 -0.8526109 0.5225464 0 -0.760431 0.6494188 0 -0.760431 0.6494188 0 -0.760431 0.6494188 0 -0.7601239 0.6497782 0 -0.6495309 0.7603353 0 -0.5225819 0.8525891 0 -0.3827638 0.9238463 0 -0.3827606 0.9238477 0 -0.2334358 0.9723723 0 -0.2334337 0.9723728 0 -0.07844358 0.9969186 0 -0.07844394 0.9969186 0 0.07846081 0.9969173 0 0.07846111 0.9969172 0 0.2334545 0.9723678 0 0.3826797 0.9238811 0 0.522482 0.8526504 0 0.6494585 0.760397 0 0.649454 0.7604009 0 0.7604224 0.6494289 0 0.7604221 0.6494292 0 0.8526111 0.5225461 0 0.8526089 0.5225497 0 0.9238895 0.3826593 0 0.923888 0.3826633 0 0.9723807 0.2334005 0 0.9723808 0.2334003 0 0.9969144 0.0784977 0 0.9969148 0.07849311 0 0.9969148 -0.07849228 0 0.9969144 -0.07849675 0 0.9723806 -0.2334011 0 0.9238885 -0.3826621 0 0.9238899 -0.3826586 0 0.8526083 -0.5225507 0 0.8526101 -0.5225479 0 0.7604224 -0.6494289 0 0.7604221 -0.6494292 0 0.649454 -0.7604009 0 0.6494585 -0.760397 0 0.5224841 -0.8526491 0 0.3826797 -0.9238811 0 0.2334545 -0.9723678 0 0.07844978 -0.9969181 0 0.07844942 -0.9969182 0 -0.07843261 -0.9969195 0 -0.07843226 -0.9969195 0 -0.2334337 -0.9723728 0 -0.2334358 -0.9723723 0 -0.3827606 -0.9238477 0 -0.3827638 -0.9238463 0 -0.522584 -0.8525879 0 -0.6495309 -0.7603353 0 -0.7601242 -0.649778 0 -0.7604308 -0.6494191 0 -0.7604308 -0.6494191 0 -0.7604308 -0.6494191 0 -0.8526103 -0.5225474 0 -0.8526101 -0.5225479 0 -0.9239936 -0.3824082 0 -0.9239935 -0.3824086 0 -0.9724335 -0.2331804 0 -0.9724315 -0.2331891 0 1.00241e-5 0 1 6.38698e-6 0 1 1.08383e-6 0 1 1.01646e-6 0 1 -3.25181e-6 0 1 2.49165e-6 0 1 9.40628e-7 0 1 -3.01801e-6 0 1 3.01791e-6 0 1 -9.40783e-7 0 1 -3.02717e-6 0 1 2.35278e-6 0 1 -3.17628e-6 0 1 2.21843e-6 0 1 1.43176e-6 0 1 -2.11658e-6 0 1 1.40602e-6 0 1 -1.40924e-6 0 1 -1.76973e-7 0 1 2.84513e-6 0 1 3.57291e-7 0 1 2.96425e-6 0 1 -4.54325e-6 0 1 1.7857e-6 0 1 4.30747e-6 0 1 -3.30943e-6 0 1 4.69675e-6 0 1 6.61609e-6 0 1 1.24049e-6 0 1 1.69077e-6 0 1 -3.30942e-6 0 1 -4.93332e-6 0 1 -1.18269e-6 0 1 2.97579e-6 0 1 -1.63563e-6 0 1 -2.96433e-6 0 1 4.6735e-6 0 1 -2.9634e-6 0 1 3.39411e-6 0 1 -2.96813e-6 0 1 4.26776e-6 0 1 -2.97523e-6 0 1 4.42444e-6 0 1 5.2845e-7 0 1 -2.99477e-6 0 1 4.92099e-6 0 1 -7.05554e-7 0 1 -3.04231e-6 0 1 3.93732e-6 0 1 -3.09314e-6 0 1 4.43571e-6 0 1 -1.96056e-6 0 1 3.3082e-6 0 1 -2.59553e-6 0 1 2.59561e-6 0 1 -3.30819e-6 0 1 1.96064e-6 0 1 -4.43557e-6 0 1 3.09313e-6 0 1 -3.93745e-6 0 1 3.04231e-6 0 1 7.05534e-7 0 1 -4.9209e-6 0 1 2.99478e-6 0 1 -5.28473e-7 0 1 -4.42438e-6 0 1 2.97523e-6 0 1 -4.26767e-6 0 1 2.96813e-6 0 1 -3.39421e-6 0 1 2.96341e-6 0 1 -4.67355e-6 0 1 2.96432e-6 0 1 1.63557e-6 0 1 -2.97579e-6 0 1 1.1827e-6 0 1 4.93457e-6 0 1 3.30945e-6 0 1 -1.69084e-6 0 1 -1.2401e-6 0 1 -6.61402e-6 0 1 3.47996e-6 0 1 -4.69695e-6 0 1 -4.30858e-6 0 1 -1.78571e-6 0 1 4.54309e-6 0 1 -2.96425e-6 0 1 -3.57302e-7 0 1 -2.84507e-6 0 1 1.76971e-7 0 1 1.40931e-6 0 1 -1.40599e-6 0 1 2.11652e-6 0 1 -1.43181e-6 0 1 -2.21836e-6 0 1 3.17628e-6 0 1 -2.35287e-6 0 1 3.02727e-6 0 1 -1.55602e-7 0 1 -1.11666e-5 0 1 -1.36834e-6 0 1 0 0 1 4.74461e-6 0 1 1.89469e-5 0 1 -3.31417e-5 0 1 1.91535e-5 0 1 -1.26761e-6 0 1 3.19163e-6 0 1 -2.49139e-6 0 1 3.25151e-6 0 1 -1.01694e-6 0 1 -1.08383e-6 0 1 -6.38329e-6 0 1 -1.00353e-5 0 1 4.82857e-5 0 1 -3.22202e-5 0 1 3.31023e-5 0 1 -1.89309e-5 0 1 -4.74523e-6 0 1 0 0 1 1.36801e-6 0 1 1.11639e-5 0 1 1.55568e-7 0 1 -4.84593e-5 0 1 5.04773e-6 0 1 -1.56602e-6 0 1 1.2465e-6 0 1 1.08392e-6 0 1 -4.0662e-6 0 1 -3.04962e-6 0 1 7.58753e-6 0 1 -9.97193e-6 0 1 3.19351e-6 0 1 -2.00673e-5 0 1 -3.19166e-6 0 1 4.98333e-6 0 1 -8.67152e-6 0 1 3.05107e-6 0 1 3.04939e-6 0 1 -1.24635e-6 0 1 -5.04749e-6 0 1 2.15008e-6 0 1 6.57722e-6 0 1 -4.27983e-6 0 1 -6.58425e-6 0 1 6.57732e-6 0 1 -2.15147e-6 0 1 5.35631e-6 0 1 -3.20854e-6 0 1 3.88997e-6 0 1 -2.13957e-6 0 1 -6.57315e-6 0 1 3.28509e-6 0 1 -4.28432e-6 0 1 -2.1392e-6 0 1 8.22693e-7 0 1 3.29285e-6 0 1 -4.28433e-6 0 1 6.54065e-6 0 1 -6.57317e-6 0 1 1.74379e-6 0 1 6.58443e-6 0 1 -1.07126e-6 0 1 -4.30291e-6 0 1 6.57735e-6 0 1 -6.42387e-6 0 1 3.29216e-6 0 1 -6.41971e-6 0 1 3.28861e-6 0 1 -2.0517e-6 0 1 -4.28441e-6 0 1 6.54054e-6 0 1 -6.57304e-6 0 1 -2.13961e-6 0 1 1.74332e-6 0 1 -3.20855e-6 0 1 6.58495e-6 0 1 -1.07162e-6 0 1 -4.30403e-6 0 1 6.57553e-6 0 1 -6.42181e-6 0 1 3.29322e-6 0 1 -6.42008e-6 0 1 3.28885e-6 0 1 -2.05135e-6 0 1 2.15023e-6 0 1 6.57769e-6 0 1 -4.28008e-6 0 1 -6.58638e-6 0 1 6.57549e-6 0 1 -2.15202e-6 0 1 5.35809e-6 0 1 3.88893e-6 0 1 -2.1396e-6 0 1 -6.57302e-6 0 1 3.28524e-6 0 1 -4.28444e-6 0 1 -2.13923e-6 0 1 8.22661e-7 0 1 -4.29612e-6 0 1 3.29047e-6 0 1 -2.13769e-6 0 1 6.54146e-6 0 1 -2.15352e-6 0 1 -6.57099e-6 0 1 2.14146e-6 0 1 4.27771e-6 0 1 -6.58047e-6 0 1 6.55407e-6 0 1 -6.56067e-6 0 1 1.7439e-6 0 1 6.58216e-6 0 1 -7.48637e-6 0 1 -1.0713e-6 0 1 6.54519e-6 0 1 -2.1515e-6 0 1 -4.28131e-6 0 1 3.28937e-6 0 1 4.29916e-6 0 1 -3.27592e-6 0 1 -4.1032e-7 0 1 -4.30012e-6 0 1 6.57706e-6 0 1 -2.13984e-6 0 1 -6.58447e-6 0 1 2.14137e-6 0 1 6.57752e-6 0 1 -6.4546e-6 0 1 6.54585e-6 0 1 -1.07125e-6 0 1 6.58456e-6 0 1 -1.06953e-6 0 1 -6.58131e-6 0 1 -4.02413e-7 0 1 6.56094e-6 0 1 -6.55383e-6 0 1 2.14858e-6 0 1 6.57962e-6 0 1 -6.41843e-6 0 1 6.57333e-6 0 1 -2.15384e-6 0 1 -3.28498e-6 0 1 -1.64643e-6 0 1 -2.13921e-6 0 1 8.22726e-7 0 1 0.9948692 0.1011691 0 0.9948676 0.101185 0 0.9948627 -0.101234 0 0.9948644 -0.1012181 0 0.9542036 -0.2991581 0 0.9542059 -0.299151 0 0.8742151 -0.4855389 0 0.8742186 -0.4855328 0 0.7589105 -0.6511951 0 0.7585982 -0.6515588 0 0.7585942 -0.6515635 0 0.7585943 -0.6515635 0 0.7585943 -0.6515635 0 0.6119534 -0.7908939 0 0.6119498 -0.7908966 0 0.4403337 -0.8978343 0 0.4403337 -0.8978343 0 0.4403337 -0.8978343 0 0.4399032 -0.8980453 0 0.4403337 -0.8978343 2.07943e-7 0.4403337 -0.8978343 0 0.2505697 -0.9680987 0 0.2505696 -0.9680986 0 0.2505697 -0.9680987 0 0.2504304 -0.9681347 0 0.2504304 -0.9681347 0 0.2504304 -0.9681347 0 0.05054187 -0.998722 0 0.05054187 -0.998722 0 0.05054187 -0.998722 0 0.05049353 -0.9987244 0 0.05049353 -0.9987244 2.55675e-7 0.05049353 -0.9987244 0 -0.1514506 -0.9884649 0 -0.1514506 -0.9884649 0 -0.1514506 -0.9884649 -2.18414e-7 -0.15221 -0.9883482 0 -0.346982 -0.9378718 0 -0.3469846 -0.9378709 0 -0.5288531 -0.8487134 0 -0.5288607 -0.8487088 0 -0.6889682 -0.7247916 0 -0.6889599 -0.7247995 0 -0.8206499 -0.5714315 0 -0.9188147 -0.3946893 0 -0.9188147 -0.3946893 0 -0.9188147 -0.3946893 -1.39709e-7 -0.9190066 -0.3942424 0 -0.9795316 -0.2012904 0 -1 0 0 -0.9795318 0.2012897 0 -0.9189609 0.3943487 0 -0.918958 0.3943555 0 -0.8207767 0.5712493 0 -0.8207765 0.5712495 0 -0.6889581 0.7248013 0 -0.6889661 0.7247936 0 -0.5289309 0.8486649 0 -0.5289241 0.8486692 0 -0.3473427 0.9377382 0 -0.3473402 0.9377393 0 -0.1514328 0.9884676 0 -0.1514316 0.9884678 0 0.05070745 0.9987136 0 0.05070787 0.9987136 0 0.2505756 0.968097 0 0.4404452 0.8977795 0 0.4404448 0.8977797 0 0.6120794 0.7907964 0 0.6120833 0.7907934 0 0.7587786 0.6513488 0 0.7587825 0.6513441 0 0.8743342 0.4853245 0 0.8743306 0.4853311 0 0.9541441 0.2993478 0 0.9541419 0.2993552 0 0.9948747 0.1011157 0 0.9948739 0.1011236 0 0.994874 -0.1011222 0 0.9948749 -0.1011141 0 0.954127 -0.2994024 0 0.9541316 -0.2993876 0 0.8743314 -0.4853296 0 0.8743345 -0.4853239 0 0.7587521 -0.6513796 0 0.7587443 -0.6513887 0 0.6121249 -0.7907612 0 0.612121 -0.7907642 0 0.4403809 -0.8978111 0 0.4403837 -0.8978098 0 0.2506569 -0.9680761 0 0.2506608 -0.968075 0 0.05064946 -0.9987165 0 0.0506494 -0.9987165 0 -0.1514241 -0.9884689 0 -0.3472061 -0.9377889 0 -0.3472087 -0.937788 0 -0.528766 -0.8487677 0 -0.6890985 -0.7246678 0 -0.688751 -0.724998 0 -0.6891025 -0.724664 0 -0.8207432 -0.5712976 0 -0.8207391 -0.5713032 0 -0.918941 -0.3943949 0 -0.9795885 -0.2010139 0 -0.9795885 -0.2010139 0 -0.9795885 -0.2010139 0 -0.9794726 -0.2015772 0 -0.9794726 -0.2015772 0 -0.9794726 -0.2015772 0 -0.9794822 0.2015311 0 -0.9794822 0.2015311 0 -0.9794822 0.2015311 0 -0.9796557 0.2006858 0 -0.9189416 0.3943937 0 -0.9189417 0.3943935 0 -0.820738 0.5713049 0 -0.8207418 0.5712995 0 -0.6891046 0.724662 0 -0.6887528 0.7249963 0 -0.6891003 0.724666 0 -0.5287632 0.8487696 0 -0.5287635 0.8487693 0 -0.347212 0.9377868 0 -0.3472094 0.9377877 0 -0.1514241 0.9884689 0 0.05065321 0.9987163 0 0.05065315 0.9987163 0 0.2506608 0.968075 0 0.2506569 0.9680761 0 0.4403842 0.8978095 0 0.4403805 0.8978113 0 0.612121 0.7907642 0 0.6121249 0.7907612 0 0.7587442 0.6513889 0 0.7587522 0.6513794 0 0.8743347 0.4853234 0 0.8743311 0.4853301 0 0.9541316 0.2993878 0 0.954127 0.2994022 0 0.9948691 0.1011714 0 0.9948675 0.1011872 0 0.9948676 -0.1011858 0 0.9948692 -0.1011698 0 0.9541407 -0.2993584 0 0.9541432 -0.299351 0 0.874345 -0.485305 0 0.8743482 -0.4852993 0 0.7587482 -0.651384 0 0.6121171 -0.7907671 0 0.4403904 -0.8978064 0 0.4403901 -0.8978067 0 0.05063641 -0.9987171 0 0.05063599 -0.9987173 0 -0.1514205 -0.9884694 0 -0.1514217 -0.9884693 0 -0.3473004 -0.937754 0 -0.347303 -0.937753 0 -0.5289538 -0.8486508 0 -0.528961 -0.8486462 0 -0.688982 -0.7247785 0 -0.6889739 -0.7247862 0 -0.8207619 -0.5712705 0 -0.8207617 -0.5712707 0 -0.9189557 -0.394361 0 -0.9189586 -0.3943542 0 -0.9795307 -0.201295 0 -0.9795307 -0.2012948 0 -0.9795306 0.2012956 0 -0.9189591 0.3943529 0 -0.9189563 0.3943596 0 -0.8207606 0.5712724 0 -0.688976 0.7247841 0 -0.6889838 0.7247768 0 -0.5289581 0.848648 0 -0.5289512 0.8486523 0 -0.3473063 0.9377518 0 -0.3473037 0.9377527 0 -0.1514217 0.9884693 0 -0.1514205 0.9884694 0 0.0506398 0.998717 0 0.05064016 0.998717 0 0.4403904 0.8978064 0 0.4403901 0.8978067 0 0.6121171 0.7907671 0 0.758748 0.6513842 0 0.8743485 0.4852989 0 0.8743448 0.4853054 0 0.9541431 0.2993512 0 0.9541408 0.2993583 0 0.994875 0.1011134 0 0.9948742 0.1011213 0 0.9948692 -0.1011702 0 0.99487 -0.1011623 0 0.9541898 -0.299202 0 0.9541944 -0.2991876 0 0.8744341 -0.4851444 0 0.8744342 -0.4851444 0 0.8744341 -0.4851444 0 0.8745306 -0.4849705 0 0.8745305 -0.4849705 0 0.8745305 -0.4849705 0 0.7589025 -0.6512043 0 0.6119573 -0.7908909 0 0.6124086 -0.7905415 0 0.6124843 -0.7904827 0 0.6124843 -0.7904827 0 0.4407544 -0.8976277 0 0.4407576 -0.8976262 0 0.2508481 -0.9680266 0 0.2505696 -0.9680986 0 0.2508481 -0.9680266 0 0.2501094 -0.9682177 0 0.05093806 -0.9987018 0 0.05093806 -0.9987018 0 0.05093806 -0.9987018 0 0.05065077 -0.9987164 0 0.05065077 -0.9987164 0 0.05065077 -0.9987164 0 -0.1513595 -0.9884788 0 -0.1513595 -0.9884788 0 -0.1513595 -0.9884788 0 -0.1513595 -0.9884788 0 -0.1513595 -0.9884788 0 -0.1513595 -0.9884788 0 -0.3472025 -0.9377902 0 -0.3472025 -0.9377902 0 -0.3472025 -0.9377902 0 -0.3468904 -0.9379057 0 -0.5286654 -0.8488304 0 -0.5286657 -0.8488301 0 -0.6890847 -0.7246809 0 -0.6890885 -0.7246773 0 -0.8206309 -0.5714586 0 -0.8206272 -0.5714641 0 -0.9189892 -0.3942827 0 -0.9189891 -0.3942831 0 -0.9795412 -0.2012442 0 -0.9795412 -0.2012442 0 -0.9795412 -0.2012442 0 -0.9796568 -0.2006807 0 -0.9796569 0.2006798 0 -0.979522 0.2013373 0 -0.9795221 0.2013373 1.84232e-7 -0.9795221 0.2013373 0 -0.9189434 0.3943895 0 -0.8207541 0.5712818 0 -0.8207577 0.5712766 0 -0.6890866 0.7246791 0 -0.6890826 0.7246828 0 -0.528736 0.8487864 0 -0.5287364 0.8487862 0 -0.3472484 0.9377732 0 -0.3472459 0.9377743 0 -0.1514352 0.9884672 0 0.05072093 0.9987129 0 0.05072087 0.9987129 0 0.2505795 0.9680961 0 0.4404388 0.8977826 0 0.4404352 0.8977845 0 0.6120871 0.7907903 0 0.7587746 0.6513534 0 0.8743205 0.4853491 0 0.8743169 0.4853556 0 0.9541327 0.2993845 0 0.954128 0.2993991 0 -4.30039e-6 0 1 6.57754e-6 0 1 -2.13994e-6 0 1 -6.58664e-6 0 1 2.14069e-6 0 1 6.5757e-6 0 1 -6.45628e-6 0 1 6.5448e-6 0 1 -1.0716e-6 0 1 6.58508e-6 0 1 -1.06954e-6 0 1 -6.58286e-6 0 1 -4.02306e-7 0 1 6.56105e-6 0 1 -6.55355e-6 0 1 6.57973e-6 0 1 -6.41851e-6 0 1 6.57322e-6 0 1 -2.15386e-6 0 1 -3.28511e-6 0 1 -1.64642e-6 0 1 -2.13922e-6 0 1 8.22699e-7 0 1 -4.29597e-6 0 1 3.29034e-6 0 1 -2.13772e-6 0 1 6.54133e-6 0 1 -2.15353e-6 0 1 -6.57088e-6 0 1 4.27776e-6 0 1 -6.58057e-6 0 1 6.55379e-6 0 1 -6.56081e-6 0 1 1.74344e-6 0 1 6.58372e-6 0 1 -7.48639e-6 0 1 -1.07166e-6 0 1 6.5442e-6 0 1 -2.15205e-6 0 1 -4.28156e-6 0 1 3.2896e-6 0 1 4.29946e-6 0 1 -3.27534e-6 0 1 -4.1025e-7 0 1 0 0 -1 0 0 -1 0 0 -1 0 0 -1 0 0 -1 0 0 -1 0 0 -1 1.34007e-5 0 -1 -1.18641e-5 0 -1 2.83668e-6 0 -1 0 0 -1 -4.09686e-6 0 -1 1.13934e-5 0 -1 -1.42643e-5 0 -1 -1.24899e-5 0 -1 7.5226e-6 0 -1 3.22876e-6 0 -1 -9.43371e-6 0 -1 1.20578e-5 0 -1 3.11265e-6 0 -1 -1.92523e-6 0 -1 2.4007e-5 0 -1 6.58519e-6 0 -1 -3.04502e-5 0 -1 -4.59438e-5 0 -1 2.40044e-5 0 -1 -4.41766e-6 0 -1 -3.69655e-6 0 -1 4.11592e-6 0 -1 -1.71334e-6 0 -1 -5.86234e-7 0 -1 4.1923e-7 0 -1 0 0 -1 3.27652e-6 0 -1 1.2351e-5 0 -1 -6.44335e-6 0 -1 -1.1309e-5 0 -1 1.41127e-5 0 -1 -2.7546e-6 0 -1 -1.32124e-6 0 -1 -1.29665e-6 0 -1 -7.22979e-6 0 -1 1.17487e-5 0 -1 -3.12633e-6 0 -1 1.83485e-5 0 -1 -3.14335e-5 0 -1 3.75765e-5 0 -1 -2.28376e-5 0 -1 1.91699e-5 0 -1 -1.11312e-6 0 -1 3.41133e-7 0 -1 1.79316e-6 0 -1 1.6661e-6 0 -1 3.49983e-6 0 -1 3.9878e-6 0 -1 5.64595e-7 0 -1</float_array>
          <technique_common>
            <accessor source="#shape0_004-mesh-normals-array" count="1966" stride="3">
              <param name="X" type="float"/>
              <param name="Y" type="float"/>
              <param name="Z" type="float"/>
            </accessor>
          </technique_common>
        </source>
        <vertices id="shape0_004-mesh-vertices">
          <input semantic="POSITION" source="#shape0_004-mesh-positions"/>
        </vertices>
        <triangles material="GREEN-material" count="518">
          <input semantic="VERTEX" source="#shape0_004-mesh-vertices" offset="0"/>
          <input semantic="NORMAL" source="#shape0_004-mesh-normals" offset="1"/>
          <p>0 0 1 0 2 0 2 0 1 0 3 0 2 1 3 1 4 1 4 1 3 1 5 1 4 2 5 2 6 2 6 3 5 3 7 3 6 4 7 4 8 4 8 5 7 5 9 5 8 6 9 6 10 6 10 7 9 7 11 7 10 8 11 8 12 8 12 9 11 9 13 9 12 10 13 10 14 10 14 10 13 10 15 10 14 11 15 11 16 11 16 12 15 12 17 12 16 13 17 13 18 13 18 14 17 14 19 14 18 15 19 15 20 15 20 16 19 16 21 16 20 17 21 17 22 17 22 18 21 18 23 18 22 19 23 19 24 19 24 20 23 20 25 20 24 21 25 21 26 21 26 22 25 22 27 22 26 23 27 23 28 23 28 24 27 24 29 24 28 25 29 25 30 25 30 26 29 26 31 26 30 27 31 27 32 27 32 27 31 27 33 27 32 28 33 28 34 28 34 29 33 29 35 29 34 30 35 30 36 30 36 31 35 31 37 31 36 32 37 32 38 32 38 32 37 32 39 32 38 33 39 33 40 33 40 33 39 33 41 33 40 34 41 34 42 34 42 34 41 34 43 34 42 35 43 35 44 35 44 36 43 36 45 36 44 37 45 37 46 37 46 38 45 38 47 38 46 39 47 39 48 39 48 39 47 39 49 39 48 40 49 40 50 40 50 41 49 41 51 41 50 42 51 42 52 42 52 42 51 42 53 42 52 43 53 43 54 43 54 44 53 44 55 44 54 45 55 45 56 45 56 45 55 45 57 45 56 46 57 46 58 46 58 47 57 47 59 47 58 48 59 48 60 48 60 49 59 49 61 49 60 50 61 50 62 50 62 51 61 51 63 51 62 52 63 52 64 52 64 52 63 52 65 52 64 53 65 53 66 53 66 54 65 54 67 54 66 55 67 55 68 55 68 56 67 56 69 56 68 57 69 57 70 57 70 58 69 58 71 58 70 59 71 59 72 59 72 60 71 60 73 60 72 61 73 61 74 61 74 61 73 61 75 61 74 62 75 62 76 62 76 63 75 63 77 63 76 64 77 64 78 64 78 64 77 64 79 64 78 65 79 65 80 65 80 66 79 66 81 66 80 67 81 67 82 67 82 68 81 68 83 68 82 69 83 69 84 69 84 70 83 70 85 70 84 71 85 71 86 71 86 72 85 72 87 72 86 73 87 73 88 73 88 74 87 74 89 74 88 75 89 75 90 75 90 75 89 75 91 75 90 76 91 76 92 76 92 77 91 77 93 77 92 78 93 78 94 78 94 79 93 79 95 79 94 80 95 80 96 80 96 81 95 81 97 81 96 82 97 82 98 82 98 83 97 83 99 83 98 84 99 84 100 84 100 85 99 85 101 85 100 86 101 86 102 86 102 86 101 86 103 86 102 87 103 87 104 87 104 88 103 88 105 88 104 89 105 89 106 89 106 89 105 89 107 89 106 90 107 90 108 90 108 91 107 91 109 91 108 92 109 92 110 92 110 93 109 93 111 93 110 94 111 94 112 94 112 95 111 95 113 95 112 96 113 96 114 96 114 97 113 97 115 97 114 98 115 98 116 98 116 98 115 98 117 98 116 99 117 99 118 99 118 100 117 100 119 100 118 101 119 101 120 101 120 102 119 102 121 102 120 103 121 103 122 103 122 104 121 104 123 104 122 105 123 105 124 105 124 105 123 105 125 105 124 106 125 106 126 106 126 107 125 107 127 107 126 108 127 108 128 108 128 108 127 108 129 108 128 109 129 109 130 109 130 110 129 110 131 110 130 111 131 111 132 111 132 111 131 111 133 111 132 112 133 112 134 112 134 113 133 113 135 113 134 114 135 114 136 114 136 115 135 115 137 115 136 116 137 116 138 116 138 116 137 116 139 116 138 117 139 117 140 117 140 117 139 117 141 117 140 118 141 118 142 118 142 118 141 118 143 118 142 119 143 119 144 119 144 120 143 120 145 120 144 121 145 121 146 121 146 122 145 122 147 122 146 123 147 123 148 123 148 123 147 123 149 123 148 124 149 124 150 124 150 125 149 125 151 125 150 126 151 126 152 126 152 127 151 127 153 127 152 128 153 128 154 128 154 129 153 129 155 129 154 130 155 130 156 130 156 131 155 131 157 131 156 132 157 132 158 132 158 133 157 133 159 133 158 134 159 134 160 134 160 135 159 135 161 135 160 136 161 136 162 136 162 137 161 137 163 137 162 138 163 138 164 138 164 139 163 139 165 139 164 140 165 140 166 140 166 140 165 140 167 140 166 141 167 141 168 141 168 142 167 142 169 142 168 143 169 143 170 143 170 144 169 144 171 144 170 145 171 145 172 145 172 146 171 146 173 146 172 147 173 147 0 147 0 148 173 148 1 148 174 149 5 149 175 149 175 149 5 149 3 149 175 150 3 150 176 150 176 150 3 150 1 150 176 151 1 151 177 151 177 152 1 152 173 152 177 153 173 153 178 153 178 153 173 153 171 153 178 154 171 154 179 154 179 155 171 155 169 155 179 142 169 142 180 142 180 156 169 156 167 156 180 157 167 157 181 157 181 158 167 158 165 158 181 159 165 159 182 159 182 160 165 160 163 160 182 161 163 161 183 161 183 162 163 162 161 162 183 163 161 163 184 163 184 164 161 164 159 164 184 165 159 165 185 165 185 166 159 166 157 166 185 167 157 167 186 167 186 168 157 168 155 168 186 169 155 169 187 169 187 170 155 170 153 170 187 171 153 171 188 171 188 172 153 172 151 172 188 173 151 173 189 173 189 174 151 174 149 174 189 175 149 175 190 175 190 176 149 176 147 176 190 177 147 177 191 177 191 178 147 178 145 178 191 179 145 179 192 179 192 180 145 180 143 180 192 181 143 181 193 181 193 181 143 181 141 181 193 182 141 182 194 182 194 182 141 182 139 182 194 183 139 183 195 183 195 184 139 184 137 184 195 185 137 185 196 185 196 115 137 115 135 115 196 186 135 186 197 186 197 187 135 187 133 187 197 188 133 188 198 188 198 189 133 189 131 189 198 190 131 190 199 190 199 191 131 191 129 191 199 192 129 192 200 192 200 193 129 193 127 193 200 194 127 194 201 194 201 194 127 194 125 194 201 195 125 195 202 195 202 196 125 196 123 196 202 197 123 197 203 197 203 198 123 198 121 198 203 199 121 199 204 199 204 200 121 200 119 200 204 201 119 201 205 201 205 202 119 202 117 202 205 203 117 203 206 203 206 203 117 203 115 203 206 204 115 204 207 204 207 205 115 205 113 205 207 94 113 94 208 94 208 206 113 206 111 206 208 207 111 207 209 207 209 208 111 208 109 208 209 209 109 209 210 209 210 210 109 210 107 210 210 211 107 211 211 211 211 212 107 212 105 212 211 213 105 213 212 213 212 214 105 214 103 214 212 215 103 215 213 215 213 216 103 216 101 216 213 217 101 217 214 217 214 218 101 218 99 218 214 219 99 219 215 219 215 220 99 220 97 220 215 221 97 221 216 221 216 222 97 222 95 222 216 223 95 223 217 223 217 224 95 224 93 224 217 225 93 225 218 225 218 226 93 226 91 226 218 75 91 75 219 75 219 75 91 75 89 75 219 227 89 227 220 227 220 228 89 228 87 228 220 229 87 229 221 229 221 230 87 230 85 230 221 231 85 231 222 231 222 232 85 232 83 232 222 233 83 233 223 233 223 234 83 234 81 234 223 235 81 235 224 235 224 236 81 236 79 236 224 237 79 237 225 237 225 238 79 238 77 238 225 239 77 239 226 239 226 240 77 240 75 240 226 241 75 241 227 241 227 242 75 242 73 242 227 243 73 243 228 243 228 244 73 244 71 244 228 245 71 245 229 245 229 246 71 246 69 246 229 55 69 55 230 55 230 247 69 247 67 247 230 248 67 248 231 248 231 249 67 249 65 249 231 250 65 250 232 250 232 250 65 250 63 250 232 251 63 251 233 251 233 252 63 252 61 252 233 253 61 253 234 253 234 254 61 254 59 254 234 255 59 255 235 255 235 256 59 256 57 256 235 257 57 257 236 257 236 258 57 258 55 258 236 259 55 259 237 259 237 259 55 259 53 259 237 260 53 260 238 260 238 261 53 261 51 261 238 262 51 262 239 262 239 263 51 263 49 263 239 264 49 264 240 264 240 265 49 265 47 265 240 266 47 266 241 266 241 267 47 267 45 267 241 268 45 268 242 268 242 269 45 269 43 269 242 270 43 270 243 270 243 271 43 271 41 271 243 272 41 272 244 272 244 272 41 272 39 272 244 273 39 273 245 273 245 273 39 273 37 273 245 274 37 274 246 274 246 275 37 275 35 275 246 276 35 276 247 276 247 277 35 277 33 277 247 278 33 278 248 278 248 279 33 279 31 279 248 280 31 280 249 280 249 281 31 281 29 281 249 282 29 282 250 282 250 283 29 283 27 283 250 284 27 284 251 284 251 285 27 285 25 285 251 19 25 19 252 19 252 286 25 286 23 286 252 287 23 287 253 287 253 288 23 288 21 288 253 289 21 289 254 289 254 290 21 290 19 290 254 291 19 291 255 291 255 292 19 292 17 292 255 293 17 293 256 293 256 294 17 294 15 294 256 295 15 295 257 295 257 296 15 296 13 296 257 9 13 9 258 9 258 297 13 297 11 297 258 298 11 298 259 298 259 299 11 299 9 299 259 300 9 300 260 300 260 300 9 300 7 300 260 301 7 301 174 301 174 302 7 302 5 302 4 303 88 303 2 303 2 303 88 303 90 303 2 303 90 303 0 303 0 303 90 303 92 303 0 303 92 303 172 303 172 303 92 303 94 303 172 304 94 304 170 304 170 303 94 303 96 303 170 303 96 303 98 303 88 303 4 303 86 303 86 303 4 303 6 303 86 305 6 305 84 305 84 303 6 303 8 303 84 306 8 306 82 306 82 303 8 303 10 303 82 303 10 303 80 303 80 303 10 303 12 303 80 303 12 303 78 303 78 303 12 303 14 303 78 303 14 303 76 303 76 303 14 303 16 303 76 303 16 303 74 303 74 303 16 303 18 303 74 303 18 303 72 303 72 303 18 303 20 303 72 303 20 303 70 303 70 303 20 303 22 303 70 303 22 303 68 303 68 303 22 303 24 303 68 303 24 303 66 303 66 303 24 303 26 303 66 303 26 303 64 303 64 303 26 303 28 303 64 303 28 303 62 303 62 303 28 303 30 303 62 303 30 303 60 303 60 303 30 303 32 303 60 303 32 303 58 303 58 303 32 303 34 303 58 303 34 303 56 303 56 303 34 303 36 303 56 303 36 303 54 303 54 303 36 303 38 303 54 303 38 303 52 303 52 303 38 303 40 303 52 303 40 303 50 303 50 303 40 303 42 303 50 303 42 303 48 303 48 303 42 303 44 303 48 303 44 303 46 303 98 307 100 307 170 307 170 303 100 303 102 303 170 308 102 308 104 308 104 309 106 309 170 309 170 303 106 303 108 303 170 310 108 310 110 310 110 303 112 303 170 303 170 311 112 311 114 311 170 312 114 312 116 312 116 303 118 303 170 303 170 313 118 313 120 313 170 303 120 303 122 303 122 303 124 303 170 303 170 314 124 314 126 314 170 315 126 315 128 315 128 303 130 303 170 303 170 316 130 316 132 316 170 317 132 317 134 317 134 303 136 303 170 303 170 318 136 318 138 318 170 319 138 319 140 319 140 303 142 303 170 303 170 320 142 320 144 320 170 321 144 321 146 321 146 303 148 303 170 303 170 322 148 322 150 322 170 323 150 323 152 323 152 303 154 303 170 303 170 324 154 324 156 324 170 325 156 325 158 325 158 303 160 303 170 303 170 303 160 303 162 303 170 326 162 326 164 326 164 327 166 327 170 327 170 303 166 303 168 303 176 328 218 328 175 328 175 329 218 329 219 329 175 328 219 328 174 328 174 329 219 329 220 329 174 329 220 329 260 329 260 329 220 329 221 329 260 329 221 329 259 329 259 330 221 330 222 330 259 331 222 331 258 331 258 329 222 329 223 329 258 332 223 332 257 332 257 329 223 329 224 329 257 329 224 329 256 329 256 329 224 329 225 329 256 329 225 329 255 329 255 329 225 329 226 329 255 329 226 329 254 329 254 329 226 329 227 329 254 329 227 329 253 329 253 329 227 329 228 329 253 329 228 329 252 329 252 329 228 329 229 329 252 333 229 333 251 333 251 329 229 329 230 329 251 334 230 334 250 334 250 329 230 329 231 329 250 329 231 329 249 329 249 329 231 329 232 329 249 329 232 329 248 329 248 329 232 329 233 329 248 329 233 329 247 329 247 329 233 329 234 329 247 329 234 329 246 329 246 329 234 329 235 329 246 329 235 329 245 329 245 329 235 329 236 329 245 329 236 329 244 329 244 329 236 329 237 329 244 329 237 329 243 329 243 329 237 329 238 329 243 329 238 329 242 329 242 329 238 329 239 329 242 329 239 329 241 329 241 329 239 329 240 329 218 329 176 329 217 329 217 329 176 329 177 329 217 335 177 335 216 335 216 329 177 329 178 329 216 336 178 336 215 336 215 329 178 329 214 329 214 329 178 329 213 329 213 329 178 329 212 329 212 329 178 329 211 329 211 337 178 337 210 337 210 329 178 329 209 329 209 329 178 329 208 329 208 329 178 329 207 329 207 329 178 329 206 329 206 338 178 338 205 338 205 329 178 329 204 329 204 329 178 329 203 329 203 329 178 329 202 329 202 329 178 329 201 329 201 329 178 329 200 329 200 329 178 329 199 329 199 339 178 339 198 339 198 340 178 340 197 340 197 329 178 329 196 329 196 329 178 329 195 329 195 329 178 329 194 329 194 329 178 329 193 329 193 341 178 341 192 341 192 329 178 329 191 329 191 342 178 342 190 342 190 329 178 329 189 329 189 329 178 329 188 329 188 329 178 329 187 329 187 343 178 343 186 343 186 344 178 344 185 344 185 329 178 329 184 329 184 345 178 345 183 345 183 329 178 329 182 329 182 329 178 329 181 329 181 329 178 329 180 329 180 329 178 329 179 329</p>
        </triangles>
        <triangles material="BLUE_002-material" count="906">
          <input semantic="VERTEX" source="#shape0_004-mesh-vertices" offset="0"/>
          <input semantic="NORMAL" source="#shape0_004-mesh-normals" offset="1"/>
          <p>261 346 262 346 263 346 263 347 262 347 264 347 263 348 264 348 265 348 265 349 264 349 266 349 265 350 266 350 267 350 267 351 266 351 268 351 267 352 268 352 269 352 269 353 268 353 270 353 269 354 270 354 271 354 271 354 270 354 272 354 271 355 272 355 273 355 273 356 272 356 274 356 273 357 274 357 275 357 275 358 274 358 276 358 275 359 276 359 277 359 277 360 276 360 278 360 277 361 278 361 279 361 279 362 278 362 280 362 279 363 280 363 281 363 281 364 280 364 282 364 281 365 282 365 283 365 283 366 282 366 284 366 283 367 284 367 285 367 285 368 284 368 286 368 285 369 286 369 287 369 287 370 286 370 288 370 287 371 288 371 289 371 289 372 288 372 290 372 289 373 290 373 291 373 291 373 290 373 292 373 291 374 292 374 293 374 293 375 292 375 294 375 293 376 294 376 295 376 295 377 294 377 296 377 295 378 296 378 297 378 297 379 296 379 298 379 297 380 298 380 299 380 299 381 298 381 300 381 299 382 300 382 301 382 301 383 300 383 302 383 301 384 302 384 303 384 303 385 302 385 304 385 303 386 304 386 305 386 305 386 304 386 306 386 305 387 306 387 307 387 307 388 306 388 308 388 307 389 308 389 309 389 309 389 308 389 310 389 309 390 310 390 311 390 311 390 310 390 312 390 311 391 312 391 313 391 313 391 312 391 314 391 313 392 314 392 315 392 315 393 314 393 316 393 315 394 316 394 317 394 317 395 316 395 318 395 317 396 318 396 319 396 319 397 318 397 320 397 319 398 320 398 321 398 321 399 320 399 322 399 321 400 322 400 323 400 323 401 322 401 324 401 323 402 324 402 325 402 325 403 324 403 326 403 325 404 326 404 327 404 327 405 326 405 328 405 327 406 328 406 329 406 329 406 328 406 330 406 329 407 330 407 331 407 331 408 330 408 332 408 331 409 332 409 333 409 333 410 332 410 334 410 333 411 334 411 335 411 335 411 334 411 336 411 335 412 336 412 337 412 337 412 336 412 338 412 337 413 338 413 339 413 339 413 338 413 340 413 339 414 340 414 341 414 341 415 340 415 342 415 341 416 342 416 343 416 343 416 342 416 344 416 343 417 344 417 345 417 345 418 344 418 346 418 345 419 346 419 347 419 347 420 346 420 348 420 347 75 348 75 349 75 349 75 348 75 350 75 349 421 350 421 351 421 351 422 350 422 352 422 351 423 352 423 353 423 353 424 352 424 354 424 353 425 354 425 355 425 355 425 354 425 356 425 355 426 356 426 357 426 357 427 356 427 358 427 357 428 358 428 359 428 359 428 358 428 360 428 359 429 360 429 361 429 361 429 360 429 362 429 361 430 362 430 363 430 363 430 362 430 364 430 363 431 364 431 365 431 365 432 364 432 366 432 365 433 366 433 367 433 367 434 366 434 368 434 367 435 368 435 369 435 369 435 368 435 370 435 369 436 370 436 371 436 371 437 370 437 372 437 371 438 372 438 373 438 373 439 372 439 374 439 373 440 374 440 375 440 375 441 374 441 376 441 375 442 376 442 377 442 377 443 376 443 378 443 377 444 378 444 379 444 379 445 378 445 380 445 379 446 380 446 381 446 381 447 380 447 382 447 381 448 382 448 383 448 383 449 382 449 384 449 383 450 384 450 385 450 385 450 384 450 386 450 385 451 386 451 387 451 387 451 386 451 388 451 387 452 388 452 389 452 389 453 388 453 390 453 389 454 390 454 391 454 391 455 390 455 392 455 391 456 392 456 393 456 393 456 392 456 394 456 393 457 394 457 395 457 395 458 394 458 396 458 395 459 396 459 397 459 397 460 396 460 398 460 397 461 398 461 399 461 399 462 398 462 400 462 399 463 400 463 401 463 401 464 400 464 402 464 401 465 402 465 403 465 403 466 402 466 404 466 403 467 404 467 405 467 405 468 404 468 406 468 405 469 406 469 407 469 407 469 406 469 408 469 407 470 408 470 409 470 409 471 408 471 410 471 409 472 410 472 411 472 411 473 410 473 412 473 411 474 412 474 413 474 413 475 412 475 414 475 413 476 414 476 415 476 415 477 414 477 416 477 415 478 416 478 417 478 417 479 416 479 418 479 417 480 418 480 419 480 419 481 418 481 420 481 419 482 420 482 421 482 421 483 420 483 422 483 421 484 422 484 423 484 423 485 422 485 424 485 423 486 424 486 425 486 425 487 424 487 426 487 425 488 426 488 427 488 427 488 426 488 428 488 427 489 428 489 429 489 429 490 428 490 430 490 429 491 430 491 261 491 261 492 430 492 262 492 265 303 347 303 263 303 263 303 347 303 349 303 263 303 349 303 261 303 261 303 349 303 351 303 261 303 351 303 429 303 429 303 351 303 353 303 429 493 353 493 427 493 427 494 353 494 425 494 425 495 353 495 423 495 423 496 353 496 421 496 421 303 353 303 419 303 419 303 353 303 417 303 417 303 353 303 415 303 415 303 353 303 413 303 413 303 353 303 411 303 411 303 353 303 409 303 409 303 353 303 407 303 407 303 353 303 405 303 405 303 353 303 403 303 403 303 353 303 401 303 401 303 353 303 399 303 399 303 353 303 397 303 397 303 353 303 395 303 395 303 353 303 393 303 393 303 353 303 391 303 391 303 353 303 389 303 389 303 353 303 387 303 387 303 353 303 385 303 385 303 353 303 383 303 383 303 353 303 381 303 381 303 353 303 379 303 379 303 353 303 377 303 377 303 353 303 375 303 375 303 353 303 373 303 373 497 353 497 371 497 371 303 353 303 369 303 369 303 353 303 367 303 367 498 353 498 365 498 365 303 353 303 363 303 363 303 353 303 361 303 361 499 353 499 359 499 359 500 353 500 357 500 357 501 353 501 355 501 347 303 265 303 345 303 345 303 265 303 267 303 345 303 267 303 343 303 343 303 267 303 269 303 343 502 269 502 341 502 341 303 269 303 271 303 341 503 271 503 339 503 339 303 271 303 273 303 339 504 273 504 337 504 337 505 273 505 275 505 337 303 275 303 335 303 335 506 275 506 277 506 335 507 277 507 333 507 333 303 277 303 279 303 333 303 279 303 331 303 331 303 279 303 281 303 331 303 281 303 329 303 329 303 281 303 283 303 329 508 283 508 327 508 327 303 283 303 285 303 327 303 285 303 325 303 325 303 285 303 287 303 325 509 287 509 323 509 323 303 287 303 289 303 323 303 289 303 321 303 321 303 289 303 291 303 321 510 291 510 319 510 319 303 291 303 293 303 319 303 293 303 317 303 317 303 293 303 295 303 317 511 295 511 315 511 315 303 295 303 297 303 315 512 297 512 313 512 313 303 297 303 299 303 313 513 299 513 311 513 311 303 299 303 301 303 311 514 301 514 309 514 309 515 301 515 303 515 309 516 303 516 307 516 307 303 303 303 305 303 431 517 432 517 433 517 433 518 432 518 434 518 433 519 434 519 435 519 435 520 434 520 436 520 435 521 436 521 437 521 437 522 436 522 438 522 437 523 438 523 439 523 439 524 438 524 440 524 439 525 440 525 441 525 441 526 440 526 442 526 441 527 442 527 443 527 443 528 442 528 444 528 443 529 444 529 445 529 445 530 444 530 446 530 445 531 446 531 447 531 447 532 446 532 448 532 447 533 448 533 449 533 449 534 448 534 450 534 449 535 450 535 451 535 451 536 450 536 452 536 451 537 452 537 453 537 453 538 452 538 454 538 453 539 454 539 455 539 455 540 454 540 456 540 455 541 456 541 457 541 457 542 456 542 458 542 457 543 458 543 459 543 459 543 458 543 460 543 459 544 460 544 461 544 461 545 460 545 462 545 461 546 462 546 463 546 463 547 462 547 464 547 463 548 464 548 465 548 465 549 464 549 466 549 465 550 466 550 467 550 467 551 466 551 468 551 467 552 468 552 469 552 469 553 468 553 470 553 469 554 470 554 471 554 471 555 470 555 472 555 471 556 472 556 473 556 473 557 472 557 474 557 473 558 474 558 475 558 475 558 474 558 476 558 475 559 476 559 477 559 477 560 476 560 478 560 477 561 478 561 479 561 479 562 478 562 480 562 479 563 480 563 481 563 481 564 480 564 482 564 481 565 482 565 483 565 483 566 482 566 484 566 483 567 484 567 485 567 485 568 484 568 486 568 485 569 486 569 487 569 487 570 486 570 488 570 487 571 488 571 489 571 489 572 488 572 490 572 489 573 490 573 491 573 491 573 490 573 492 573 491 574 492 574 493 574 493 575 492 575 494 575 493 576 494 576 495 576 495 577 494 577 496 577 495 578 496 578 497 578 497 578 496 578 498 578 497 579 498 579 499 579 499 580 498 580 500 580 499 581 500 581 501 581 501 582 500 582 502 582 501 583 502 583 503 583 503 584 502 584 504 584 503 585 504 585 505 585 505 586 504 586 506 586 505 587 506 587 507 587 507 588 506 588 508 588 507 589 508 589 509 589 509 590 508 590 510 590 509 591 510 591 511 591 511 592 510 592 512 592 511 593 512 593 513 593 513 594 512 594 514 594 513 595 514 595 515 595 515 595 514 595 516 595 515 596 516 596 517 596 517 597 516 597 518 597 517 598 518 598 519 598 519 599 518 599 520 599 519 600 520 600 521 600 521 601 520 601 522 601 521 602 522 602 523 602 523 602 522 602 524 602 523 603 524 603 525 603 525 604 524 604 526 604 525 605 526 605 527 605 527 606 526 606 528 606 527 75 528 75 529 75 529 75 528 75 530 75 529 607 530 607 531 607 531 608 530 608 532 608 531 609 532 609 533 609 533 610 532 610 534 610 533 611 534 611 535 611 535 611 534 611 536 611 535 612 536 612 537 612 537 613 536 613 538 613 537 614 538 614 539 614 539 615 538 615 540 615 539 616 540 616 541 616 541 617 540 617 542 617 541 618 542 618 543 618 543 618 542 618 544 618 543 619 544 619 545 619 545 620 544 620 546 620 545 621 546 621 547 621 547 622 546 622 548 622 547 623 548 623 549 623 549 624 548 624 550 624 549 625 550 625 551 625 551 626 550 626 552 626 551 627 552 627 553 627 553 628 552 628 554 628 553 629 554 629 555 629 555 630 554 630 556 630 555 631 556 631 557 631 557 632 556 632 558 632 557 633 558 633 559 633 559 634 558 634 560 634 559 635 560 635 561 635 561 635 560 635 562 635 561 636 562 636 563 636 563 637 562 637 564 637 563 638 564 638 565 638 565 639 564 639 566 639 565 640 566 640 567 640 567 640 566 640 568 640 567 641 568 641 569 641 569 642 568 642 570 642 569 643 570 643 571 643 571 644 570 644 572 644 571 645 572 645 573 645 573 646 572 646 574 646 573 647 574 647 575 647 575 648 574 648 576 648 575 649 576 649 577 649 577 650 576 650 578 650 577 651 578 651 579 651 579 652 578 652 580 652 579 653 580 653 581 653 581 654 580 654 582 654 581 655 582 655 583 655 583 655 582 655 584 655 583 656 584 656 585 656 585 657 584 657 586 657 585 658 586 658 587 658 587 659 586 659 588 659 587 660 588 660 589 660 589 661 588 661 590 661 589 662 590 662 591 662 591 663 590 663 592 663 591 664 592 664 593 664 593 665 592 665 594 665 593 666 594 666 595 666 595 667 594 667 596 667 595 668 596 668 597 668 597 669 596 669 598 669 597 670 598 670 599 670 599 670 598 670 600 670 599 671 600 671 601 671 601 672 600 672 602 672 601 673 602 673 603 673 603 674 602 674 604 674 603 675 604 675 605 675 605 676 604 676 606 676 605 677 606 677 607 677 607 678 606 678 608 678 607 679 608 679 609 679 609 680 608 680 610 680 609 681 610 681 611 681 611 682 610 682 612 682 611 683 612 683 613 683 613 684 612 684 614 684 613 685 614 685 615 685 615 686 614 686 616 686 615 687 616 687 617 687 617 688 616 688 618 688 617 689 618 689 619 689 619 690 618 690 620 690 619 691 620 691 431 691 431 692 620 692 432 692 621 693 436 693 622 693 622 694 436 694 434 694 622 695 434 695 623 695 623 696 434 696 432 696 623 691 432 691 624 691 624 691 432 691 620 691 624 697 620 697 625 697 625 698 620 698 618 698 625 699 618 699 626 699 626 700 618 700 616 700 626 701 616 701 627 701 627 702 616 702 614 702 627 703 614 703 628 703 628 703 614 703 612 703 628 682 612 682 629 682 629 682 612 682 610 682 629 704 610 704 630 704 630 705 610 705 608 705 630 706 608 706 631 706 631 707 608 707 606 707 631 708 606 708 632 708 632 676 606 676 604 676 632 709 604 709 633 709 633 673 604 673 602 673 633 710 602 710 634 710 634 711 602 711 600 711 634 670 600 670 635 670 635 670 600 670 598 670 635 669 598 669 636 669 636 668 598 668 596 668 636 712 596 712 637 712 637 713 596 713 594 713 637 665 594 665 638 665 638 664 594 664 592 664 638 714 592 714 639 714 639 715 592 715 590 715 639 661 590 661 640 661 640 660 590 660 588 660 640 659 588 659 641 659 641 716 588 716 586 716 641 717 586 717 642 717 642 718 586 718 584 718 642 719 584 719 643 719 643 720 584 720 582 720 643 721 582 721 644 721 644 722 582 722 580 722 644 723 580 723 645 723 645 724 580 724 578 724 645 725 578 725 646 725 646 725 578 725 576 725 646 726 576 726 647 726 647 727 576 727 574 727 647 728 574 728 648 728 648 729 574 729 572 729 648 730 572 730 649 730 649 731 572 731 570 731 649 732 570 732 650 732 650 733 570 733 568 733 650 640 568 640 651 640 651 640 568 640 566 640 651 734 566 734 652 734 652 735 566 735 564 735 652 736 564 736 653 736 653 737 564 737 562 737 653 635 562 635 654 635 654 738 562 738 560 738 654 739 560 739 655 739 655 740 560 740 558 740 655 631 558 631 656 631 656 631 558 631 556 631 656 741 556 741 657 741 657 742 556 742 554 742 657 628 554 628 658 628 658 743 554 743 552 743 658 626 552 626 659 626 659 744 552 744 550 744 659 624 550 624 660 624 660 745 550 745 548 745 660 746 548 746 661 746 661 747 548 747 546 747 661 748 546 748 662 748 662 748 546 748 544 748 662 749 544 749 663 749 663 749 544 749 542 749 663 750 542 750 664 750 664 750 542 750 540 750 664 614 540 614 665 614 665 751 540 751 538 751 665 752 538 752 666 752 666 753 538 753 536 753 666 611 536 611 667 611 667 754 536 754 534 754 667 755 534 755 668 755 668 756 534 756 532 756 668 608 532 608 669 608 669 757 532 757 530 757 669 75 530 75 670 75 670 75 530 75 528 75 670 606 528 606 671 606 671 758 528 758 526 758 671 759 526 759 672 759 672 760 526 760 524 760 672 761 524 761 673 761 673 602 524 602 522 602 673 762 522 762 674 762 674 600 522 600 520 600 674 599 520 599 675 599 675 763 520 763 518 763 675 764 518 764 676 764 676 764 518 764 516 764 676 765 516 765 677 765 677 765 516 765 514 765 677 766 514 766 678 766 678 766 514 766 512 766 678 767 512 767 679 767 679 768 512 768 510 768 679 589 510 589 680 589 680 769 510 769 508 769 680 588 508 588 681 588 681 770 508 770 506 770 681 586 506 586 682 586 682 771 506 771 504 771 682 772 504 772 683 772 683 773 504 773 502 773 683 581 502 581 684 581 684 581 502 581 500 581 684 774 500 774 685 774 685 775 500 775 498 775 685 776 498 776 686 776 686 578 498 578 496 578 686 777 496 777 687 777 687 778 496 778 494 778 687 779 494 779 688 779 688 780 494 780 492 780 688 573 492 573 689 573 689 573 492 573 490 573 689 781 490 781 690 781 690 782 490 782 488 782 690 783 488 783 691 783 691 784 488 784 486 784 691 785 486 785 692 785 692 786 486 786 484 786 692 787 484 787 693 787 693 788 484 788 482 788 693 563 482 563 694 563 694 563 482 563 480 563 694 789 480 789 695 789 695 790 480 790 478 790 695 791 478 791 696 791 696 792 478 792 476 792 696 558 476 558 697 558 697 793 476 793 474 793 697 794 474 794 698 794 698 795 474 795 472 795 698 555 472 555 699 555 699 796 472 796 470 796 699 553 470 553 700 553 700 552 470 552 468 552 700 797 468 797 701 797 701 551 468 551 466 551 701 549 466 549 702 549 702 548 466 548 464 548 702 798 464 798 703 798 703 799 464 799 462 799 703 545 462 545 704 545 704 544 462 544 460 544 704 543 460 543 705 543 705 543 460 543 458 543 705 800 458 800 706 800 706 801 458 801 456 801 706 802 456 802 707 802 707 803 456 803 454 803 707 804 454 804 708 804 708 805 454 805 452 805 708 806 452 806 709 806 709 807 452 807 450 807 709 808 450 808 710 808 710 534 450 534 448 534 710 532 448 532 711 532 711 532 448 532 446 532 711 809 446 809 712 809 712 809 446 809 444 809 712 528 444 528 713 528 713 810 444 810 442 810 713 811 442 811 714 811 714 812 442 812 440 812 714 813 440 813 715 813 715 814 440 814 438 814 715 521 438 521 621 521 621 521 438 521 436 521 262 815 527 815 264 815 264 303 527 303 529 303 264 815 529 815 266 815 266 816 529 816 531 816 266 817 531 817 268 817 268 818 531 818 533 818 268 819 533 819 270 819 270 303 533 303 535 303 270 820 535 820 272 820 272 303 535 303 537 303 272 303 537 303 539 303 527 821 262 821 525 821 525 303 262 303 430 303 525 818 430 818 523 818 523 303 430 303 428 303 523 303 428 303 521 303 521 303 428 303 426 303 521 303 426 303 519 303 519 303 426 303 517 303 517 303 426 303 424 303 517 822 424 822 515 822 515 303 424 303 422 303 515 823 422 823 513 823 513 824 422 824 420 824 513 303 420 303 511 303 511 303 420 303 418 303 511 303 418 303 509 303 509 825 418 825 416 825 509 303 416 303 507 303 507 826 416 826 414 826 507 303 414 303 505 303 505 827 414 827 412 827 505 303 412 303 503 303 503 828 412 828 410 828 503 829 410 829 501 829 501 830 410 830 408 830 501 303 408 303 499 303 499 831 408 831 497 831 497 832 408 832 406 832 497 303 406 303 495 303 495 303 406 303 404 303 495 303 404 303 493 303 493 833 404 833 402 833 493 303 402 303 491 303 491 834 402 834 400 834 491 303 400 303 489 303 489 835 400 835 398 835 489 836 398 836 487 836 487 837 398 837 396 837 487 303 396 303 485 303 485 838 396 838 394 838 485 303 394 303 483 303 483 839 394 839 392 839 483 840 392 840 481 840 481 841 392 841 479 841 479 842 392 842 390 842 479 843 390 843 477 843 477 844 390 844 388 844 477 303 388 303 475 303 475 845 388 845 386 845 475 846 386 846 473 846 473 847 386 847 384 847 473 303 384 303 471 303 471 848 384 848 382 848 471 303 382 303 469 303 469 849 382 849 380 849 469 303 380 303 467 303 467 850 380 850 378 850 467 851 378 851 465 851 465 852 378 852 376 852 465 303 376 303 463 303 463 853 376 853 374 853 463 303 374 303 461 303 461 303 374 303 459 303 459 854 374 854 372 854 459 303 372 303 457 303 457 855 372 855 370 855 457 303 370 303 455 303 455 303 370 303 368 303 455 303 368 303 453 303 453 856 368 856 366 856 453 857 366 857 451 857 451 858 366 858 364 858 451 859 364 859 449 859 449 860 364 860 362 860 449 861 362 861 447 861 447 303 362 303 360 303 447 862 360 862 445 862 445 303 360 303 358 303 445 863 358 863 443 863 443 864 358 864 441 864 441 303 358 303 356 303 441 865 356 865 439 865 439 303 356 303 354 303 439 866 354 866 437 866 437 867 354 867 352 867 437 303 352 303 435 303 435 303 352 303 350 303 435 303 350 303 433 303 433 303 350 303 348 303 433 303 348 303 431 303 431 303 348 303 346 303 431 303 346 303 619 303 619 867 346 867 344 867 619 303 344 303 617 303 617 303 344 303 342 303 617 303 342 303 615 303 615 303 342 303 340 303 615 303 340 303 613 303 613 303 340 303 611 303 611 303 340 303 338 303 611 303 338 303 609 303 609 303 338 303 336 303 609 868 336 868 607 868 607 860 336 860 334 860 607 869 334 869 605 869 605 858 334 858 332 858 605 303 332 303 603 303 603 856 332 856 330 856 603 303 330 303 601 303 601 303 330 303 328 303 601 870 328 870 599 870 599 855 328 855 326 855 599 303 326 303 597 303 597 854 326 854 324 854 597 303 324 303 595 303 595 303 324 303 593 303 593 853 324 853 322 853 593 303 322 303 591 303 591 852 322 852 320 852 591 303 320 303 589 303 589 850 320 850 318 850 589 303 318 303 587 303 587 849 318 849 316 849 587 303 316 303 585 303 585 848 316 848 314 848 585 303 314 303 583 303 583 847 314 847 312 847 583 871 312 871 581 871 581 845 312 845 310 845 581 303 310 303 579 303 579 844 310 844 308 844 579 872 308 872 577 872 577 842 308 842 306 842 577 873 306 873 575 873 575 874 306 874 573 874 573 839 306 839 304 839 573 303 304 303 571 303 571 838 304 838 302 838 571 303 302 303 569 303 569 837 302 837 300 837 569 875 300 875 567 875 567 835 300 835 298 835 567 303 298 303 565 303 565 834 298 834 296 834 565 303 296 303 563 303 563 833 296 833 294 833 563 303 294 303 561 303 561 303 294 303 292 303 561 303 292 303 559 303 559 832 292 832 290 832 559 876 290 876 557 876 557 303 290 303 555 303 555 830 290 830 288 830 555 829 288 829 553 829 553 828 288 828 286 828 553 303 286 303 551 303 551 827 286 827 284 827 551 303 284 303 549 303 549 826 284 826 282 826 549 303 282 303 547 303 547 825 282 825 280 825 547 303 280 303 545 303 545 303 280 303 278 303 545 303 278 303 543 303 543 824 278 824 276 824 543 877 276 877 541 877 541 303 276 303 274 303 541 878 274 878 539 878 539 303 274 303 272 303 623 329 669 329 622 329 622 329 669 329 670 329 622 329 670 329 621 329 621 329 670 329 671 329 621 879 671 879 715 879 715 329 671 329 672 329 715 880 672 880 714 880 714 329 672 329 673 329 714 329 673 329 713 329 713 329 673 329 674 329 713 329 674 329 712 329 712 329 674 329 675 329 712 881 675 881 711 881 711 329 675 329 676 329 711 882 676 882 710 882 710 329 676 329 677 329 710 329 677 329 709 329 709 329 677 329 678 329 709 883 678 883 708 883 708 884 678 884 679 884 708 329 679 329 707 329 707 329 679 329 680 329 707 329 680 329 706 329 706 329 680 329 681 329 706 329 681 329 705 329 705 885 681 885 682 885 705 329 682 329 704 329 704 329 682 329 683 329 704 886 683 886 703 886 703 329 683 329 684 329 703 887 684 887 702 887 702 888 684 888 685 888 702 329 685 329 701 329 701 889 685 889 686 889 701 329 686 329 700 329 700 329 686 329 687 329 700 329 687 329 699 329 699 329 687 329 688 329 699 329 688 329 698 329 698 329 688 329 689 329 698 890 689 890 697 890 697 329 689 329 690 329 697 329 690 329 696 329 696 329 690 329 691 329 696 891 691 891 695 891 695 329 691 329 692 329 695 892 692 892 694 892 694 893 692 893 693 893 669 894 623 894 668 894 668 329 623 329 624 329 668 329 624 329 667 329 667 895 624 895 625 895 667 896 625 896 666 896 666 329 625 329 665 329 665 329 625 329 664 329 664 329 625 329 663 329 663 329 625 329 662 329 662 329 625 329 661 329 661 329 625 329 660 329 660 329 625 329 659 329 659 329 625 329 658 329 658 329 625 329 657 329 657 329 625 329 656 329 656 897 625 897 626 897 656 898 626 898 655 898 655 329 626 329 654 329 654 329 626 329 653 329 653 329 626 329 652 329 652 329 626 329 651 329 651 899 626 899 650 899 650 329 626 329 649 329 649 329 626 329 648 329 648 329 626 329 647 329 647 329 626 329 646 329 646 900 626 900 645 900 645 329 626 329 644 329 644 329 626 329 643 329 643 329 626 329 642 329 642 329 626 329 641 329 641 329 626 329 640 329 640 329 626 329 639 329 639 329 626 329 638 329 638 329 626 329 637 329 637 329 626 329 636 329 636 329 626 329 635 329 635 329 626 329 634 329 634 329 626 329 633 329 633 901 626 901 632 901 632 902 626 902 631 902 631 329 626 329 630 329 630 903 626 903 629 903 629 904 626 904 628 904 628 905 626 905 627 905</p>
        </triangles>
        <triangles material="BLACK_001-material" count="1460">
          <input semantic="VERTEX" source="#shape0_004-mesh-vertices" offset="0"/>
          <input semantic="NORMAL" source="#shape0_004-mesh-normals" offset="1"/>
          <p>716 303 717 303 718 303 718 303 717 303 719 303 718 303 719 303 720 303 720 303 719 303 721 303 720 303 721 303 722 303 722 303 721 303 723 303 722 303 723 303 724 303 724 303 723 303 725 303 724 303 725 303 726 303 726 303 725 303 727 303 726 303 727 303 728 303 728 303 727 303 729 303 728 303 729 303 730 303 730 303 729 303 731 303 730 303 731 303 732 303 732 303 731 303 733 303 732 303 733 303 734 303 734 303 733 303 735 303 734 303 735 303 736 303 736 303 735 303 737 303 736 303 737 303 738 303 738 303 737 303 739 303 738 303 739 303 740 303 740 303 739 303 741 303 740 303 741 303 742 303 742 303 741 303 743 303 742 303 743 303 744 303 744 303 743 303 745 303 744 303 745 303 746 303 746 303 745 303 747 303 746 303 747 303 748 303 748 303 747 303 749 303 748 303 749 303 750 303 750 303 749 303 751 303 750 303 751 303 752 303 752 303 751 303 753 303 752 303 753 303 754 303 754 303 753 303 755 303 717 303 716 303 756 303 756 303 716 303 757 303 756 303 757 303 758 303 758 303 757 303 759 303 758 303 759 303 760 303 760 303 759 303 761 303 760 303 761 303 762 303 762 303 761 303 763 303 762 303 763 303 764 303 764 303 763 303 765 303 764 303 765 303 766 303 766 303 765 303 767 303 766 303 767 303 768 303 768 303 767 303 769 303 768 303 769 303 770 303 770 303 769 303 771 303 770 303 771 303 772 303 772 303 771 303 773 303 772 303 773 303 774 303 774 303 773 303 775 303 774 303 775 303 776 303 776 303 775 303 777 303 776 303 777 303 778 303 778 303 777 303 779 303 778 303 779 303 780 303 780 303 779 303 781 303 780 303 781 303 782 303 782 303 781 303 783 303 782 303 783 303 784 303 784 303 783 303 785 303 784 303 785 303 786 303 786 303 785 303 787 303 786 303 787 303 788 303 788 303 787 303 789 303 790 906 791 906 792 906 792 907 791 907 793 907 792 908 793 908 794 908 794 909 793 909 795 909 794 910 795 910 796 910 796 911 795 911 797 911 796 912 797 912 798 912 798 913 797 913 799 913 798 914 799 914 800 914 800 915 799 915 801 915 800 916 801 916 802 916 802 917 801 917 803 917 802 918 803 918 804 918 804 919 803 919 805 919 804 920 805 920 806 920 806 921 805 921 807 921 806 922 807 922 808 922 808 923 807 923 809 923 808 924 809 924 810 924 810 924 809 924 811 924 810 925 811 925 812 925 812 926 811 926 813 926 812 927 813 927 814 927 814 928 813 928 815 928 814 929 815 929 816 929 816 929 815 929 817 929 816 930 817 930 818 930 818 931 817 931 819 931 818 932 819 932 820 932 820 933 819 933 821 933 820 934 821 934 822 934 822 935 821 935 823 935 822 936 823 936 824 936 824 937 823 937 825 937 824 938 825 938 826 938 826 939 825 939 827 939 826 940 827 940 828 940 828 940 827 940 829 940 828 941 829 941 830 941 830 942 829 942 831 942 830 943 831 943 832 943 832 944 831 944 833 944 832 945 833 945 834 945 834 946 833 946 835 946 834 947 835 947 836 947 836 948 835 948 837 948 836 949 837 949 838 949 838 950 837 950 839 950 838 951 839 951 840 951 840 952 839 952 841 952 840 953 841 953 842 953 842 954 841 954 843 954 842 955 843 955 844 955 844 956 843 956 845 956 844 957 845 957 846 957 846 958 845 958 847 958 846 959 847 959 848 959 848 960 847 960 849 960 848 961 849 961 850 961 850 961 849 961 851 961 850 962 851 962 852 962 852 963 851 963 853 963 852 964 853 964 854 964 854 965 853 965 855 965 854 966 855 966 856 966 856 966 855 966 857 966 856 967 857 967 858 967 858 968 857 968 859 968 858 969 859 969 860 969 860 970 859 970 861 970 860 971 861 971 862 971 862 972 861 972 863 972 862 973 863 973 864 973 864 974 863 974 865 974 864 975 865 975 866 975 866 976 865 976 867 976 866 977 867 977 868 977 868 978 867 978 869 978 868 979 869 979 790 979 790 979 869 979 791 979 870 980 871 980 872 980 872 981 871 981 873 981 872 982 873 982 874 982 874 983 873 983 875 983 874 984 875 984 876 984 876 985 875 985 877 985 876 986 877 986 878 986 878 986 877 986 879 986 878 987 879 987 880 987 880 988 879 988 881 988 880 989 881 989 882 989 882 990 881 991 883 992 882 993 883 993 884 993 884 993 883 993 885 993 884 994 885 994 886 994 886 994 885 994 887 994 886 995 887 995 888 995 888 996 887 996 889 996 888 997 889 997 890 997 890 998 889 998 891 998 890 999 891 999 892 999 892 1000 891 1000 893 1000 892 1001 893 1001 894 1001 894 1002 893 1002 895 1002 894 1003 895 1003 896 1003 896 1003 895 1003 897 1003 896 1004 897 1004 898 1004 898 1004 897 1004 899 1004 898 1005 899 1005 900 1005 900 1005 899 1005 901 1005 900 1006 901 1006 902 1006 902 1007 901 1007 903 1007 902 1008 903 1008 904 1008 904 1009 903 1009 905 1009 904 1010 905 1010 906 1010 906 1011 905 1011 907 1011 906 1012 907 1012 908 1012 908 1013 907 1013 909 1013 908 1014 909 1014 910 1014 910 1015 909 1015 911 1015 910 1016 911 1016 912 1016 912 1017 911 1017 913 1017 912 1018 913 1018 914 1018 914 1019 913 1019 915 1019 914 1020 915 1020 916 1020 916 1020 915 1020 917 1020 916 1021 917 1021 918 1021 918 1022 917 1022 919 1022 918 1023 919 1023 920 1023 920 1024 919 1024 921 1024 920 1025 921 1025 922 1025 922 1026 921 1026 923 1026 922 1027 923 1027 924 1027 924 1028 923 1029 925 1030 924 1031 925 1031 926 1031 926 1031 925 1031 927 1031 926 1032 927 1033 928 1034 928 1035 927 1036 929 1037 928 1038 929 1038 930 1038 930 1038 929 1038 931 1038 930 1039 931 1039 932 1039 932 1040 931 1041 933 1042 932 1043 933 1043 934 1043 934 1044 933 1045 935 1046 934 1047 935 1047 936 1047 936 1048 935 1048 937 1048 936 1049 937 1049 938 1049 938 1050 937 1051 939 1052 938 1053 939 1053 940 1053 940 1053 939 1053 941 1053 940 1054 941 1054 942 1054 942 1054 941 1054 943 1054 942 1055 943 1055 944 1055 944 1056 943 1057 945 1057 944 1058 945 1058 946 1058 946 1059 945 1059 947 1059 946 1060 947 1061 948 1062 948 1063 947 1064 949 1065 948 1066 949 1066 870 1066 870 1067 949 1067 871 1067 720 1068 950 1068 718 1068 718 1069 950 1069 951 1069 718 1070 951 1070 716 1070 716 1071 951 1071 952 1071 716 1072 952 1072 757 1072 757 1073 952 1073 953 1073 757 1074 953 1074 759 1074 759 1075 953 1075 954 1075 759 1076 954 1076 761 1076 761 1077 954 1077 955 1077 761 1078 955 1078 763 1078 763 1079 955 1079 956 1079 763 1080 956 1080 765 1080 765 1081 956 1081 957 1081 765 1082 957 1082 767 1082 767 1083 957 1083 958 1083 767 1084 958 1084 769 1084 769 1085 958 1085 959 1085 769 1086 959 1086 771 1086 771 1086 959 1086 960 1086 771 1087 960 1087 773 1087 773 1088 960 1088 961 1088 773 1089 961 1089 775 1089 775 1090 961 1090 962 1090 775 1091 962 1091 777 1091 777 1092 962 1092 963 1092 777 1093 963 1093 779 1093 779 1094 963 1094 964 1094 779 1095 964 1095 781 1095 781 1096 964 1096 965 1096 781 1097 965 1097 783 1097 783 1097 965 1097 966 1097 783 1098 966 1098 785 1098 785 1098 966 1098 967 1098 785 1099 967 1099 787 1099 787 1099 967 1099 968 1099 787 1100 968 1100 789 1100 789 1101 968 1101 969 1101 789 1102 969 1102 788 1102 788 1102 969 1102 970 1102 788 1103 970 1103 786 1103 786 1104 970 1104 971 1104 786 1105 971 1105 784 1105 784 1105 971 1105 972 1105 784 1106 972 1106 782 1106 782 1107 972 1107 973 1107 782 1108 973 1108 780 1108 780 1109 973 1109 974 1109 780 1110 974 1110 778 1110 778 1111 974 1111 975 1111 778 1112 975 1112 776 1112 776 1113 975 1113 976 1113 776 1114 976 1114 774 1114 774 1115 976 1115 977 1115 774 1116 977 1116 772 1116 772 1117 977 1117 978 1117 772 1118 978 1118 770 1118 770 1119 978 1119 979 1119 770 1120 979 1120 768 1120 768 1121 979 1121 980 1121 768 1122 980 1122 766 1122 766 1123 980 1123 981 1123 766 1124 981 1124 764 1124 764 1125 981 1125 982 1125 764 1126 982 1126 762 1126 762 1127 982 1127 983 1127 762 1128 983 1128 760 1128 760 1128 983 1128 984 1128 760 1129 984 1129 758 1129 758 1130 984 1130 985 1130 758 1131 985 1131 756 1131 756 1132 985 1132 986 1132 756 1133 986 1133 717 1133 717 1134 986 1134 987 1134 717 1135 987 1135 719 1135 719 1135 987 1135 988 1135 719 1136 988 1136 721 1136 721 1137 988 1137 989 1137 721 1138 989 1138 723 1138 723 1139 989 1139 990 1139 723 1140 990 1140 725 1140 725 1141 990 1141 991 1141 725 1142 991 1142 727 1142 727 1143 991 1143 992 1143 727 1144 992 1144 729 1144 729 1145 992 1145 993 1145 729 1146 993 1146 731 1146 731 1147 993 1147 994 1147 731 1148 994 1148 733 1148 733 1149 994 1149 995 1149 733 1150 995 1150 735 1150 735 1151 995 1151 996 1151 735 1152 996 1152 737 1152 737 1153 996 1153 997 1153 737 1154 997 1154 739 1154 739 1155 997 1155 998 1155 739 1156 998 1156 741 1156 741 1157 998 1157 999 1157 741 1158 999 1158 743 1158 743 1159 999 1159 1000 1159 743 1160 1000 1160 745 1160 745 1161 1000 1161 1001 1161 745 1162 1001 1162 747 1162 747 1163 1001 1163 1002 1163 747 1164 1002 1164 749 1164 749 1165 1002 1165 1003 1165 749 1166 1003 1166 751 1166 751 1167 1003 1167 1004 1167 751 1168 1004 1168 753 1168 753 1169 1004 1169 1005 1169 753 1170 1005 1170 755 1170 755 1171 1005 1171 1006 1171 755 1172 1006 1172 754 1172 754 1172 1006 1172 1007 1172 754 1173 1007 1173 752 1173 752 1174 1007 1174 1008 1174 752 1175 1008 1175 750 1175 750 1176 1008 1176 1009 1176 750 1177 1009 1177 748 1177 748 1177 1009 1177 1010 1177 748 1178 1010 1178 746 1178 746 1178 1010 1178 1011 1178 746 1179 1011 1179 744 1179 744 1180 1011 1180 1012 1180 744 1181 1012 1181 742 1181 742 1182 1012 1182 1013 1182 742 1183 1013 1183 740 1183 740 1184 1013 1184 1014 1184 740 1185 1014 1185 738 1185 738 1186 1014 1186 1015 1186 738 1187 1015 1187 736 1187 736 1188 1015 1188 1016 1188 736 1189 1016 1189 734 1189 734 1190 1016 1190 1017 1190 734 1191 1017 1191 732 1191 732 1192 1017 1192 1018 1192 732 1193 1018 1193 730 1193 730 1193 1018 1193 1019 1193 730 1194 1019 1194 728 1194 728 1195 1019 1195 1020 1195 728 1196 1020 1196 726 1196 726 1197 1020 1197 1021 1197 726 1198 1021 1198 724 1198 724 1199 1021 1199 1022 1199 724 1200 1022 1200 722 1200 722 1200 1022 1200 1023 1200 722 1201 1023 1201 720 1201 720 1202 1023 1202 950 1202 1024 1203 1025 1203 1026 1203 1026 1204 1025 1204 1027 1204 1026 1205 1027 1205 1028 1205 1028 1206 1027 1206 1029 1206 1028 1207 1029 1207 1030 1207 1030 1208 1029 1208 1031 1208 1030 1209 1031 1209 1032 1209 1032 1210 1031 1210 1033 1210 1032 1211 1033 1211 1034 1211 1034 1212 1033 1212 1035 1212 1034 1213 1035 1213 1036 1213 1036 1214 1035 1214 1037 1214 1036 1215 1037 1215 1038 1215 1038 1216 1037 1216 1039 1216 1038 1217 1039 1217 1040 1217 1040 1218 1039 1218 1041 1218 1040 1219 1041 1219 1042 1219 1042 1220 1041 1220 1043 1220 1042 1221 1043 1221 1044 1221 1044 1221 1043 1221 1045 1221 1044 1222 1045 1222 1046 1222 1046 1223 1045 1223 1047 1223 1046 1224 1047 1224 1048 1224 1048 1225 1047 1225 1049 1225 1048 1226 1049 1226 1050 1226 1050 1226 1049 1226 1051 1226 1050 1227 1051 1227 1052 1227 1052 1228 1051 1228 1053 1228 1052 1229 1053 1229 1054 1229 1054 1230 1053 1230 1055 1230 1054 1231 1055 1231 1056 1231 1056 1232 1055 1232 1057 1232 1056 1233 1057 1233 1058 1233 1058 1234 1057 1234 1059 1234 1058 1235 1059 1235 1060 1235 1060 1236 1059 1236 1061 1236 1060 1237 1061 1237 1062 1237 1062 1237 1061 1237 1063 1237 1062 1238 1063 1238 1064 1238 1064 1239 1063 1239 1065 1239 1064 1240 1065 1240 1066 1240 1066 1241 1065 1241 1067 1241 1066 1242 1067 1242 1068 1242 1068 1243 1067 1243 1069 1243 1068 1244 1069 1244 1070 1244 1070 1245 1069 1245 1071 1245 1070 1246 1071 1246 1072 1246 1072 1247 1071 1247 1073 1247 1072 1248 1073 1248 1074 1248 1074 1249 1073 1249 1075 1249 1074 1250 1075 1250 1076 1250 1076 1251 1075 1251 1077 1251 1076 1252 1077 1252 1078 1252 1078 1253 1077 1253 1079 1253 1078 1254 1079 1254 1080 1254 1080 1255 1079 1255 1081 1255 1080 1256 1081 1256 1082 1256 1082 1257 1081 1257 1083 1257 1082 1258 1083 1258 1084 1258 1084 1258 1083 1258 1085 1258 1084 1259 1085 1259 1086 1259 1086 1260 1085 1260 1087 1260 1086 1261 1087 1261 1088 1261 1088 1262 1087 1262 1089 1262 1088 1263 1089 1263 1090 1263 1090 1263 1089 1263 1091 1263 1090 1264 1091 1264 1092 1264 1092 1265 1091 1265 1093 1265 1092 1266 1093 1266 1094 1266 1094 1267 1093 1267 1095 1267 1094 1268 1095 1268 1096 1268 1096 1269 1095 1269 1097 1269 1096 1270 1097 1270 1098 1270 1098 1271 1097 1271 1099 1271 1098 1272 1099 1272 1100 1272 1100 1273 1099 1273 1101 1273 1100 1274 1101 1274 1102 1274 1102 1275 1101 1275 1103 1275 1102 1276 1103 1276 1024 1276 1024 1276 1103 1276 1025 1276 1104 1277 1105 1278 1106 1279 1106 1280 1105 1280 1107 1280 1106 1281 1107 1281 1108 1281 1108 1282 1107 1283 1109 1284 1108 1285 1109 1285 1110 1285 1110 1286 1109 1287 1111 1288 1110 1289 1111 1289 1112 1289 1112 1289 1111 1289 1113 1289 1112 1290 1113 1290 1114 1290 1114 1291 1113 1291 1115 1291 1114 1292 1115 1293 1116 1294 1116 1295 1115 1295 1117 1295 1116 1296 1117 1296 1118 1296 1118 1296 1117 1296 1119 1296 1118 1297 1119 1297 1120 1297 1120 1297 1119 1297 1121 1297 1120 1298 1121 1298 1122 1298 1122 1299 1121 1299 1123 1299 1122 1300 1123 1300 1124 1300 1124 1301 1123 1301 1125 1301 1124 1302 1125 1302 1126 1302 1126 1303 1125 1303 1127 1303 1126 1304 1127 1304 1128 1304 1128 1305 1127 1305 1129 1305 1128 1306 1129 1306 1130 1306 1130 1306 1129 1306 1131 1306 1130 1307 1131 1307 1132 1307 1132 1307 1131 1307 1133 1307 1132 1308 1133 1308 1134 1308 1134 1308 1133 1308 1135 1308 1134 1309 1135 1309 1136 1309 1136 1310 1135 1310 1137 1310 1136 1311 1137 1311 1138 1311 1138 1312 1137 1312 1139 1312 1138 1313 1139 1313 1140 1313 1140 1314 1139 1314 1141 1314 1140 1315 1141 1315 1142 1315 1142 1316 1141 1316 1143 1316 1142 1317 1143 1317 1144 1317 1144 1318 1143 1318 1145 1318 1144 1319 1145 1319 1146 1319 1146 1320 1145 1320 1147 1320 1146 1321 1147 1321 1148 1321 1148 1322 1147 1322 1149 1322 1148 1323 1149 1323 1150 1323 1150 1323 1149 1323 1151 1323 1150 1324 1151 1324 1152 1324 1152 1325 1151 1325 1153 1325 1152 1326 1153 1326 1154 1326 1154 1327 1153 1327 1155 1327 1154 1328 1155 1328 1156 1328 1156 1329 1155 1329 1157 1329 1156 1330 1157 1330 1158 1330 1158 1331 1157 1331 1159 1331 1158 1332 1159 1332 1160 1332 1160 1332 1159 1332 1161 1332 1160 1333 1161 1333 1162 1333 1162 1333 1161 1333 1163 1333 1162 1334 1163 1334 1164 1334 1164 1334 1163 1334 1165 1334 1164 1335 1165 1335 1166 1335 1166 1336 1165 1336 1167 1336 1166 1337 1167 1337 1168 1337 1168 1338 1167 1338 1169 1338 1168 1339 1169 1339 1170 1339 1170 1340 1169 1340 1171 1340 1170 1341 1171 1341 1172 1341 1172 1342 1171 1342 1173 1342 1172 1343 1173 1343 1174 1343 1174 1343 1173 1343 1175 1343 1174 1344 1175 1344 1176 1344 1176 1344 1175 1344 1177 1344 1176 1345 1177 1345 1178 1345 1178 1346 1177 1347 1179 1348 1178 1349 1179 1349 1180 1349 1180 1350 1179 1350 1181 1350 1180 1351 1181 1351 1182 1351 1182 1352 1181 1352 1183 1352 1182 1353 1183 1353 1104 1353 1104 1354 1183 1354 1105 1354 1104 303 1106 303 1184 303 1184 1355 1106 1355 1108 1355 1184 1356 1108 1356 1110 1356 1110 303 1112 303 1184 303 1184 1357 1112 1357 1114 1357 1184 1358 1114 1358 1116 1358 1116 303 1118 303 1184 303 1184 1359 1118 1359 1120 1359 1184 1360 1120 1360 1122 1360 1122 303 1124 303 1184 303 1184 1361 1124 1361 1126 1361 1184 1362 1126 1362 1128 1362 1130 303 1042 303 1128 303 1128 303 1042 303 1044 303 1128 303 1044 303 1184 303 1184 303 1044 303 1185 303 1185 1363 1044 1363 1046 1363 1185 1364 1046 1364 1048 1364 1042 303 1130 303 1040 303 1040 303 1130 303 1132 303 1040 303 1132 303 1038 303 1038 303 1132 303 1134 303 1038 303 1134 303 1036 303 1036 303 1134 303 1136 303 1036 303 1136 303 1034 303 1034 303 1136 303 1138 303 1034 303 1138 303 1032 303 1032 303 1138 303 1140 303 1032 303 1140 303 1006 303 1006 303 1140 303 1007 303 1007 303 1140 303 1008 303 1008 1365 1140 1365 1142 1365 1008 303 1142 303 1009 303 1009 1366 1142 1366 1144 1366 1009 1367 1144 1367 1010 1367 1010 1368 1144 1368 1146 1368 1010 303 1146 303 1011 303 1011 1369 1146 1369 1148 1369 1011 303 1148 303 1012 303 1012 1370 1148 1370 1150 1370 1012 303 1150 303 1013 303 1013 1371 1150 1371 1152 1371 1013 303 1152 303 1014 303 1014 1372 1152 1372 1154 1372 1014 303 1154 303 1015 303 1015 1373 1154 1373 1156 1373 1015 303 1156 303 1016 303 1016 1374 1156 1374 1158 1374 1016 303 1158 303 1017 303 1017 1375 1158 1375 1160 1375 1017 303 1160 303 1018 303 1018 303 1160 303 1162 303 1018 1376 1162 1376 1019 1376 1019 1377 1162 1377 1164 1377 1019 303 1164 303 1020 303 1020 1378 1164 1378 1166 1378 1020 303 1166 303 1021 303 1021 1379 1166 1379 1168 1379 1021 303 1168 303 1022 303 1022 1380 1168 1380 1023 1380 1023 1381 1168 1381 1170 1381 1023 303 1170 303 950 303 950 1382 1170 1382 1172 1382 950 303 1172 303 951 303 951 303 1172 303 886 303 951 303 886 303 952 303 952 1383 886 1383 888 1383 952 303 888 303 953 303 953 1384 888 1384 890 1384 953 1385 890 1385 954 1385 954 303 890 303 955 303 955 1386 890 1386 892 1386 955 303 892 303 956 303 956 1387 892 1387 894 1387 956 1388 894 1388 957 1388 957 1389 894 1389 896 1389 957 1390 896 1390 958 1390 958 1391 896 1391 898 1391 958 1392 898 1392 959 1392 959 1393 898 1393 900 1393 959 1394 900 1394 960 1394 960 1395 900 1395 902 1395 960 1396 902 1396 961 1396 961 1397 902 1397 904 1397 961 303 904 303 962 303 962 1398 904 1398 906 1398 962 1399 906 1399 963 1399 963 1400 906 1400 908 1400 963 303 908 303 964 303 964 1401 908 1401 910 1401 964 1402 910 1402 965 1402 965 1403 910 1403 912 1403 965 1404 912 1404 966 1404 966 1405 912 1405 914 1405 966 303 914 303 967 303 967 1406 914 1406 916 1406 967 1407 916 1407 968 1407 968 1408 916 1408 918 1408 968 303 918 303 969 303 969 303 918 303 866 303 969 303 866 303 970 303 970 303 866 303 971 303 971 1409 866 1409 868 1409 971 1410 868 1410 972 1410 972 1411 868 1411 790 1411 972 303 790 303 973 303 973 1412 790 1412 792 1412 973 1413 792 1413 974 1413 974 1414 792 1414 794 1414 974 1415 794 1415 975 1415 975 1416 794 1416 796 1416 975 303 796 303 976 303 976 1417 796 1417 798 1417 976 1418 798 1418 977 1418 977 1419 798 1419 800 1419 977 303 800 303 978 303 978 1420 800 1420 802 1420 978 1421 802 1421 979 1421 979 1422 802 1422 804 1422 979 1423 804 1423 980 1423 980 1424 804 1424 806 1424 980 1425 806 1425 981 1425 981 1426 806 1426 808 1426 981 1427 808 1427 982 1427 982 1428 808 1428 810 1428 982 1429 810 1429 983 1429 983 1430 810 1430 812 1430 983 303 812 303 984 303 984 1431 812 1431 814 1431 984 303 814 303 985 303 985 1432 814 1432 986 1432 986 1433 814 1433 816 1433 986 303 816 303 987 303 987 1434 816 1434 818 1434 987 303 818 303 988 303 988 303 818 303 1080 303 988 303 1080 303 989 303 989 1435 1080 1435 1082 1435 989 1436 1082 1436 990 1436 990 1437 1082 1437 1084 1437 990 1432 1084 1432 991 1432 991 303 1084 303 992 303 992 1438 1084 1438 1086 1438 992 303 1086 303 993 303 993 1439 1086 1439 1088 1439 993 303 1088 303 994 303 994 1440 1088 1440 1090 1440 994 1441 1090 1441 995 1441 995 303 1090 303 1092 303 995 303 1092 303 996 303 996 1442 1092 1442 1094 1442 996 303 1094 303 997 303 997 1443 1094 1443 1096 1443 997 303 1096 303 998 303 998 1444 1096 1444 1098 1444 998 303 1098 303 999 303 999 1445 1098 1445 1100 1445 999 303 1100 303 1000 303 1000 1446 1100 1446 1102 1446 1000 303 1102 303 1001 303 1001 1447 1102 1447 1024 1447 1001 303 1024 303 1002 303 1002 1448 1024 1448 1026 1448 1002 303 1026 303 1003 303 1003 1449 1026 1449 1028 1449 1003 1450 1028 1450 1004 1450 1004 1451 1028 1451 1030 1451 1004 303 1030 303 1005 303 1005 1452 1030 1452 1032 1452 1005 303 1032 303 1006 303 886 303 1172 303 884 303 884 1453 1172 1453 1174 1453 884 1454 1174 1454 882 1454 882 1455 1174 1455 1176 1455 882 303 1176 303 880 303 880 1456 1176 1456 1178 1456 880 303 1178 303 878 303 878 1457 1178 1457 1180 1457 878 303 1180 303 876 303 876 1458 1180 1458 1182 1458 876 1459 1182 1459 874 1459 874 1460 1182 1460 1104 1460 874 303 1104 303 1186 303 1186 1461 1104 1461 1184 1461 1048 1462 1050 1462 1185 1462 1185 1463 1050 1463 1052 1463 1185 1464 1052 1464 1054 1464 1054 303 1056 303 1185 303 1185 1465 1056 1465 1058 1465 1185 1466 1058 1466 1060 1466 1060 303 1062 303 1185 303 1185 1467 1062 1467 1064 1467 1185 1468 1064 1468 1066 1468 1066 303 1068 303 1185 303 1185 303 1068 303 1187 303 1187 303 1068 303 830 303 1187 1469 830 1469 832 1469 1068 1470 1070 1470 830 1470 830 1471 1070 1471 828 1471 828 1472 1070 1472 1072 1472 828 303 1072 303 826 303 826 1473 1072 1473 1074 1473 826 303 1074 303 824 303 824 1474 1074 1474 1076 1474 824 303 1076 303 822 303 822 1475 1076 1475 1078 1475 822 1476 1078 1476 820 1476 820 1477 1078 1477 1080 1477 820 303 1080 303 818 303 870 303 872 303 1186 303 1186 1478 872 1478 874 1478 866 303 918 303 864 303 864 303 918 303 920 303 864 303 920 303 862 303 862 303 920 303 922 303 862 303 922 303 860 303 860 303 922 303 924 303 860 303 924 303 858 303 858 303 924 303 926 303 858 303 926 303 856 303 856 303 926 303 928 303 856 303 928 303 854 303 854 303 928 303 930 303 854 303 930 303 1187 303 1187 303 930 303 1186 303 1186 1479 930 1479 932 1479 1186 1480 932 1480 934 1480 934 303 936 303 1186 303 1186 1481 936 1481 938 1481 1186 1482 938 1482 940 1482 940 1483 942 1483 1186 1483 1186 1484 942 1484 944 1484 1186 1485 944 1485 946 1485 946 1486 948 1486 1186 1486 1186 1487 948 1487 870 1487 832 1488 834 1488 1187 1488 1187 1489 834 1489 836 1489 1187 1490 836 1490 838 1490 838 1491 840 1491 1187 1491 1187 1492 840 1492 842 1492 1187 1493 842 1493 844 1493 844 303 846 303 1187 303 1187 1494 846 1494 848 1494 1187 303 848 303 850 303 850 303 852 303 1187 303 1187 1495 852 1495 854 1495 1105 303 1188 303 1107 303 1107 303 1188 303 1189 303 1107 303 1189 303 1109 303 1109 303 1189 303 1190 303 1109 303 1190 303 1111 303 1111 303 1190 303 1113 303 1113 1496 1190 1496 1191 1496 1113 1497 1191 1497 1115 1497 1115 1498 1191 1498 1192 1498 1115 1499 1192 1499 1117 1499 1117 303 1192 303 1193 303 1117 1500 1193 1500 1119 1500 1119 1501 1193 1501 1194 1501 1119 303 1194 303 1121 303 1121 303 1194 303 1123 303 1123 1502 1194 1502 1195 1502 1123 303 1195 303 1125 303 1125 1503 1195 1503 1196 1503 1125 303 1196 303 1127 303 1127 1504 1196 1504 1197 1504 1127 303 1197 303 1129 303 1129 303 1197 303 1131 303 1131 303 1197 303 1198 303 1131 303 1198 303 1133 303 1133 1505 1198 1505 1199 1505 1133 303 1199 303 1135 303 1135 303 1199 303 1200 303 1135 1506 1200 1506 1137 1506 1137 303 1200 303 1201 303 1137 303 1201 303 1139 303 1139 1507 1201 1507 1141 1507 1141 1508 1201 1508 1202 1508 1141 303 1202 303 1143 303 1143 1509 1202 1509 1203 1509 1143 1510 1203 1510 1145 1510 1145 303 1203 303 1204 303 1145 303 1204 303 1147 303 1147 303 1204 303 1149 303 1149 303 1204 303 1205 303 1149 303 1205 303 1151 303 1151 303 1205 303 1206 303 1151 1511 1206 1511 1153 1511 1153 1512 1206 1512 1207 1512 1153 303 1207 303 1155 303 1155 1513 1207 1513 1157 1513 1157 303 1207 303 1208 303 1157 1514 1208 1514 1159 1514 1159 303 1208 303 1209 303 1159 303 1209 303 1161 303 1161 1505 1209 1505 1210 1505 1161 303 1210 303 1163 303 1163 303 1210 303 1211 303 1163 303 1211 303 1165 303 1165 303 1211 303 1167 303 1167 1515 1211 1515 1212 1515 1167 303 1212 303 1169 303 1169 1503 1212 1503 1213 1503 1169 1516 1213 1516 1171 1516 1171 1517 1213 1517 1214 1517 1171 303 1214 303 1173 303 1173 303 1214 303 1175 303 1175 1518 1214 1518 1215 1518 1175 1519 1215 1519 1177 1519 1177 1520 1215 1520 1216 1520 1177 1521 1216 1521 1179 1521 1179 1522 1216 1522 1217 1522 1179 1523 1217 1523 1181 1523 1181 303 1217 303 1218 303 1181 303 1218 303 1183 303 1183 1524 1218 1524 1105 1524 1105 303 1218 303 1188 303 1219 303 1069 303 1220 303 1220 303 1069 303 1067 303 1220 303 1067 303 1065 303 1069 303 1219 303 1071 303 1071 303 1219 303 1221 303 1071 1511 1221 1511 1073 1511 1073 1525 1221 1525 1222 1525 1073 303 1222 303 1075 303 1075 1526 1222 1526 1077 1526 1077 303 1222 303 1223 303 1077 1527 1223 1527 1079 1527 1079 303 1223 303 1224 303 1079 303 1224 303 1081 303 1081 1528 1224 1528 1225 1528 1081 303 1225 303 1083 303 1083 303 1225 303 1226 303 1083 303 1226 303 1085 303 1085 303 1226 303 1087 303 1087 1529 1226 1529 1227 1529 1087 303 1227 303 1089 303 1089 1530 1227 1530 1228 1530 1089 1531 1228 1531 1091 1531 1091 1532 1228 1532 1229 1532 1091 303 1229 303 1093 303 1093 303 1229 303 1095 303 1095 1533 1229 1533 1230 1533 1095 1534 1230 1534 1097 1534 1097 1535 1230 1535 1231 1535 1097 1536 1231 1536 1099 1536 1099 1537 1231 1537 1232 1537 1099 1538 1232 1538 1101 1538 1101 303 1232 303 1233 303 1101 303 1233 303 1103 303 1103 1539 1233 1539 1025 1539 1025 303 1233 303 1234 303 1025 303 1234 303 1027 303 1027 303 1234 303 1235 303 1027 303 1235 303 1029 303 1029 303 1235 303 1236 303 1029 303 1236 303 1031 303 1031 303 1236 303 1033 303 1033 1540 1236 1540 1237 1540 1033 1541 1237 1541 1035 1541 1035 1542 1237 1542 1238 1542 1035 1543 1238 1543 1037 1543 1037 303 1238 303 1239 303 1037 1544 1239 1544 1039 1544 1039 1545 1239 1545 1240 1545 1039 303 1240 303 1041 303 1041 303 1240 303 1043 303 1043 1546 1240 1546 1241 1546 1043 303 1241 303 1045 303 1045 1530 1241 1530 1242 1530 1045 303 1242 303 1047 303 1047 1547 1242 1547 1243 1547 1047 303 1243 303 1049 303 1049 303 1243 303 1051 303 1051 303 1243 303 1244 303 1051 303 1244 303 1053 303 1053 1548 1244 1548 1245 1548 1053 303 1245 303 1055 303 1055 303 1245 303 1246 303 1055 1549 1246 1549 1057 1549 1057 303 1246 303 1247 303 1057 303 1247 303 1059 303 1059 1550 1247 1550 1061 1550 1061 1551 1247 1551 1248 1551 1061 303 1248 303 1063 303 1063 1552 1248 1552 1249 1552 1063 1553 1249 1553 1065 1553 1065 303 1249 303 1220 303 1250 1554 915 1554 1251 1554 1251 303 915 303 913 303 1251 303 913 303 911 303 915 1555 1250 1555 917 1555 917 1556 1250 1556 1252 1556 917 303 1252 303 919 303 919 303 1252 303 1253 303 919 303 1253 303 921 303 921 1557 1253 1557 923 1557 923 1558 1253 1558 1254 1558 923 1559 1254 1559 925 1559 925 1560 1254 1560 1255 1560 925 303 1255 303 927 303 927 1561 1255 1561 1256 1561 927 1562 1256 1562 929 1562 929 303 1256 303 1257 303 929 1563 1257 1563 931 1563 931 1564 1257 1564 933 1564 933 1565 1257 1565 1258 1565 933 1566 1258 1566 935 1566 935 1567 1258 1567 1259 1567 935 303 1259 303 937 303 937 1568 1259 1568 1260 1568 937 303 1260 303 939 303 939 1569 1260 1569 941 1569 941 1570 1260 1570 1261 1570 941 303 1261 303 943 303 943 303 1261 303 1262 303 943 303 1262 303 945 303 945 1571 1262 1571 1263 1571 945 1572 1263 1572 947 1572 947 1573 1263 1573 1264 1573 947 1574 1264 1574 949 1574 949 1575 1264 1575 871 1575 871 303 1264 303 1265 303 871 303 1265 303 873 303 873 303 1265 303 1266 303 873 303 1266 303 875 303 875 303 1266 303 1267 303 875 303 1267 303 877 303 877 303 1267 303 879 303 879 1576 1267 1576 1268 1576 879 1577 1268 1577 881 1577 881 1578 1268 1578 1269 1578 881 1579 1269 1579 883 1579 883 1580 1269 1580 1270 1580 883 1581 1270 1581 885 1581 885 1582 1270 1582 1271 1582 885 1583 1271 1583 887 1583 887 303 1271 303 889 303 889 1584 1271 1584 1272 1584 889 1585 1272 1585 891 1585 891 1586 1272 1586 1273 1586 891 1587 1273 1587 893 1587 893 1588 1273 1588 1274 1588 893 1589 1274 1589 895 1589 895 1590 1274 1590 897 1590 897 1591 1274 1591 1275 1591 897 1592 1275 1592 899 1592 899 1593 1275 1593 1276 1593 899 303 1276 303 901 303 901 303 1276 303 1277 303 901 1594 1277 1594 903 1594 903 1595 1277 1595 1278 1595 903 303 1278 303 905 303 905 1596 1278 1596 907 1596 907 303 1278 303 1279 303 907 1597 1279 1597 909 1597 909 1598 1279 1598 1280 1598 909 1599 1280 1599 911 1599 911 303 1280 303 1251 303 1281 1600 1282 1600 1283 1600 1283 1601 1282 1601 1284 1601 1283 1602 1284 1602 1285 1602 1285 1603 1284 1603 1286 1603 1285 1604 1286 1604 1287 1604 1287 1605 1286 1605 1288 1605 1287 1606 1288 1606 1289 1606 1289 1607 1288 1607 1290 1607 1289 1608 1290 1609 1291 1608 1291 1610 1290 1611 1292 1612 1291 1613 1292 1613 1293 1613 1293 1614 1292 1614 1294 1614 1293 1615 1294 1616 1295 1617 1295 1618 1294 1619 1296 1620 1295 1621 1296 1622 1297 1623 1297 1624 1296 1625 1298 1626 1297 1627 1298 1628 1299 1629 1299 1630 1298 1631 1300 1632 1299 1633 1300 1634 1301 1635 1301 1636 1300 1636 1302 1636 1301 1637 1302 1637 1303 1637 1303 1638 1302 1638 1304 1638 1303 1639 1304 1639 1305 1639 1305 1640 1304 1640 1306 1640 1305 1641 1306 1641 1307 1641 1307 1642 1306 1642 1308 1642 1307 1643 1308 1643 1309 1643 1309 1643 1308 1643 1310 1643 1309 1644 1310 1645 1311 1646 1311 1647 1310 1647 1312 1647 1311 1648 1312 1648 1313 1648 1313 1648 1312 1648 1314 1648 1313 1649 1314 1649 1315 1649 1315 1649 1314 1649 1316 1649 1315 1650 1316 1650 1317 1650 1317 1650 1316 1650 1318 1650 1317 1651 1318 1651 1319 1651 1319 1652 1318 1652 1320 1652 1319 1653 1320 1653 1321 1653 1321 1654 1320 1654 1322 1654 1321 1655 1322 1655 1323 1655 1323 1656 1322 1656 1324 1656 1323 1657 1324 1657 1325 1657 1325 1658 1324 1658 1326 1658 1325 1659 1326 1659 1327 1659 1327 1660 1326 1660 1328 1660 1327 1661 1328 1661 1329 1661 1329 1662 1328 1662 1330 1662 1329 1663 1330 1663 1331 1663 1331 1664 1330 1664 1332 1664 1331 1665 1332 1665 1333 1665 1333 1665 1332 1665 1334 1665 1333 1666 1334 1666 1335 1666 1335 1667 1334 1667 1336 1667 1335 1668 1336 1668 1337 1668 1337 1669 1336 1669 1338 1669 1337 1670 1338 1670 1339 1670 1339 1671 1338 1671 1340 1671 1339 1672 1340 1672 1341 1672 1341 1673 1340 1673 1342 1673 1341 1674 1342 1674 1281 1674 1281 1675 1342 1675 1282 1675 1203 1676 1343 1676 1204 1676 1204 1677 1343 1677 1344 1677 1204 1678 1344 1678 1205 1678 1205 1679 1344 1679 1345 1679 1205 1680 1345 1680 1206 1680 1206 1681 1345 1681 1346 1681 1206 1682 1346 1682 1207 1682 1207 1683 1346 1683 1347 1683 1207 1684 1347 1684 1208 1684 1208 1685 1347 1685 1348 1685 1208 1686 1348 1686 1209 1686 1209 1687 1348 1687 1349 1687 1209 1688 1349 1688 1210 1688 1210 1689 1349 1689 1350 1689 1210 1690 1350 1690 1211 1690 1211 1691 1350 1691 1351 1691 1211 1692 1351 1692 1212 1692 1212 1693 1351 1693 1352 1693 1212 1694 1352 1694 1213 1694 1213 1694 1352 1694 1353 1694 1213 1695 1353 1695 1214 1695 1214 1696 1353 1696 1354 1696 1214 1697 1354 1697 1215 1697 1215 1697 1354 1697 1355 1697 1215 1698 1355 1699 1216 1698 1216 1700 1355 1700 1356 1700 1216 1701 1356 1701 1217 1701 1217 1702 1356 1702 1357 1702 1217 1703 1357 1703 1218 1703 1218 1703 1357 1703 1358 1703 1218 1704 1358 1705 1188 1706 1188 1707 1358 1708 1359 1709 1188 1649 1359 1649 1189 1649 1189 1649 1359 1649 1360 1649 1189 1710 1360 1711 1190 1712 1190 1713 1360 1713 1361 1713 1190 1714 1361 1714 1191 1714 1191 1715 1361 1715 1362 1715 1191 1716 1362 1716 1192 1716 1192 1717 1362 1717 1363 1717 1192 1718 1363 1718 1193 1718 1193 1719 1363 1720 1364 1720 1193 1721 1364 1721 1194 1721 1194 1722 1364 1722 1365 1722 1194 1723 1365 1723 1195 1723 1195 1724 1365 1724 1366 1724 1195 1725 1366 1725 1196 1725 1196 1725 1366 1725 1367 1725 1196 1726 1367 1726 1197 1726 1197 1727 1367 1727 1368 1727 1197 1728 1368 1728 1198 1728 1198 1729 1368 1729 1369 1729 1198 1730 1369 1730 1199 1730 1199 1731 1369 1731 1370 1731 1199 1732 1370 1732 1200 1732 1200 1733 1370 1733 1371 1733 1200 1734 1371 1734 1201 1734 1201 1735 1371 1735 1372 1735 1201 1736 1372 1736 1202 1736 1202 1737 1372 1737 1373 1737 1202 1738 1373 1738 1203 1738 1203 1739 1373 1739 1343 1739 1249 1740 1374 1740 1220 1740 1220 1741 1374 1741 1375 1741 1220 1742 1375 1742 1219 1742 1219 1743 1375 1743 1376 1743 1219 1744 1376 1744 1221 1744 1221 1745 1376 1745 1377 1745 1221 1746 1377 1746 1222 1746 1222 1747 1377 1747 1378 1747 1222 1684 1378 1684 1223 1684 1223 1748 1378 1748 1379 1748 1223 1687 1379 1687 1224 1687 1224 1749 1379 1749 1380 1749 1224 1750 1380 1750 1225 1750 1225 1751 1380 1751 1381 1751 1225 1690 1381 1690 1226 1690 1226 1690 1381 1690 1382 1690 1226 1752 1382 1752 1227 1752 1227 1753 1382 1753 1383 1753 1227 1754 1383 1754 1228 1754 1228 1755 1383 1755 1384 1755 1228 1756 1384 1756 1229 1756 1229 1757 1384 1757 1385 1757 1229 1758 1385 1758 1230 1758 1230 1759 1385 1759 1386 1759 1230 1760 1386 1760 1231 1760 1231 1761 1386 1761 1387 1761 1231 1762 1387 1762 1232 1762 1232 1763 1387 1763 1388 1763 1232 1764 1388 1764 1233 1764 1233 1765 1388 1765 1389 1765 1233 1766 1389 1766 1234 1766 1234 1767 1389 1767 1390 1767 1234 1649 1390 1649 1235 1649 1235 1649 1390 1649 1391 1649 1235 1768 1391 1768 1236 1768 1236 1768 1391 1768 1392 1768 1236 1769 1392 1769 1237 1769 1237 1770 1392 1770 1393 1770 1237 1771 1393 1771 1238 1771 1238 1771 1393 1771 1394 1771 1238 1772 1394 1772 1239 1772 1239 1773 1394 1773 1395 1773 1239 1774 1395 1774 1240 1774 1240 1775 1395 1775 1396 1775 1240 1776 1396 1776 1241 1776 1241 1777 1396 1777 1397 1777 1241 1778 1397 1778 1242 1778 1242 1779 1397 1779 1398 1779 1242 1780 1398 1780 1243 1780 1243 1781 1398 1781 1399 1781 1243 1729 1399 1729 1244 1729 1244 1729 1399 1729 1400 1729 1244 1782 1400 1782 1245 1782 1245 1783 1400 1783 1401 1783 1245 1784 1401 1784 1246 1784 1246 1732 1401 1732 1402 1732 1246 1785 1402 1785 1247 1785 1247 1735 1402 1735 1403 1735 1247 1786 1403 1786 1248 1786 1248 1787 1403 1787 1404 1787 1248 1788 1404 1788 1249 1788 1249 1789 1404 1789 1374 1789 1280 1790 1405 1790 1251 1790 1251 1791 1405 1791 1406 1791 1251 1792 1406 1792 1250 1792 1250 1793 1406 1793 1407 1793 1250 1794 1407 1794 1252 1794 1252 1795 1407 1795 1408 1795 1252 1796 1408 1797 1253 1798 1253 1799 1408 1800 1409 1801 1253 1608 1409 1608 1254 1608 1254 1802 1409 1802 1410 1802 1254 1803 1410 1803 1255 1803 1255 1804 1410 1805 1411 1806 1255 1807 1411 1807 1256 1807 1256 1808 1411 1808 1412 1808 1256 1809 1412 1810 1257 1811 1257 1812 1412 1812 1413 1812 1257 1813 1413 1814 1258 1815 1258 1816 1413 1817 1414 1818 1258 1819 1414 1820 1259 1821 1259 1822 1414 1823 1415 1824 1259 1825 1415 1826 1260 1827 1260 1828 1415 1828 1416 1828 1260 1829 1416 1829 1261 1829 1261 1830 1416 1830 1417 1830 1261 1831 1417 1831 1262 1831 1262 1832 1417 1832 1418 1832 1262 1833 1418 1833 1263 1833 1263 1834 1418 1834 1419 1834 1263 1835 1419 1835 1264 1835 1264 1836 1419 1836 1420 1836 1264 1837 1420 1838 1265 1839 1265 1840 1420 1840 1421 1840 1265 1649 1421 1649 1266 1649 1266 1649 1421 1649 1422 1649 1266 1841 1422 1841 1267 1841 1267 1842 1422 1843 1423 1844 1267 1845 1423 1845 1268 1845 1268 1845 1423 1845 1424 1845 1268 1846 1424 1846 1269 1846 1269 1847 1424 1847 1425 1847 1269 1848 1425 1848 1270 1848 1270 1849 1425 1849 1426 1849 1270 1850 1426 1850 1271 1850 1271 1851 1426 1851 1427 1851 1271 1852 1427 1852 1272 1852 1272 1853 1427 1853 1428 1853 1272 1854 1428 1854 1273 1854 1273 1854 1428 1854 1429 1854 1273 1855 1429 1855 1274 1855 1274 1856 1429 1856 1430 1856 1274 1857 1430 1857 1275 1857 1275 1665 1430 1665 1431 1665 1275 1858 1431 1858 1276 1858 1276 1859 1431 1859 1432 1859 1276 1669 1432 1669 1277 1669 1277 1860 1432 1860 1433 1860 1277 1861 1433 1861 1278 1861 1278 1671 1433 1671 1434 1671 1278 1862 1434 1862 1279 1862 1279 1863 1434 1863 1435 1863 1279 1864 1435 1864 1280 1864 1280 1865 1435 1865 1405 1865 1436 1649 1437 1649 1187 1649 1187 1649 1437 1649 1185 1649 1438 1172 1436 1172 1186 1172 1186 1172 1436 1172 1187 1172 1439 75 1438 75 1184 75 1184 75 1438 75 1186 75 1437 1102 1439 1102 1185 1102 1185 1102 1439 1102 1184 1102 791 303 1313 303 793 303 793 303 1313 303 1315 303 793 303 1315 303 795 303 795 303 1315 303 1317 303 795 303 1317 303 797 303 797 303 1317 303 799 303 799 1866 1317 1866 1319 1866 799 1867 1319 1867 801 1867 801 1868 1319 1868 1321 1868 801 1869 1321 1869 803 1869 803 1870 1321 1870 1323 1870 803 1871 1323 1871 805 1871 805 1872 1323 1872 1325 1872 805 1873 1325 1873 807 1873 807 303 1325 303 809 303 809 1874 1325 1874 1327 1874 809 1875 1327 1875 811 1875 811 1876 1327 1876 1329 1876 811 1877 1329 1877 813 1877 813 1878 1329 1878 1331 1878 813 1879 1331 1879 815 1879 815 1880 1331 1880 817 1880 817 1591 1331 1591 1333 1591 817 1881 1333 1881 819 1881 819 1882 1333 1882 1335 1882 819 303 1335 303 821 303 821 303 1335 303 1337 303 821 1883 1337 1883 823 1883 823 1884 1337 1884 1339 1884 823 303 1339 303 825 303 825 1885 1339 1885 827 1885 827 303 1339 303 1341 303 827 1886 1341 1886 829 1886 829 1887 1341 1887 1281 1887 829 1888 1281 1888 831 1888 831 303 1281 303 1283 303 831 303 1283 303 833 303 833 303 1283 303 835 303 835 1889 1283 1889 1285 1889 835 1890 1285 1890 837 1890 837 1891 1285 1891 1287 1891 837 303 1287 303 839 303 839 303 1287 303 1289 303 839 303 1289 303 841 303 841 1892 1289 1892 843 1892 843 1893 1289 1893 1291 1893 843 1894 1291 1894 845 1894 845 1560 1291 1560 1293 1560 845 303 1293 303 847 303 847 1895 1293 1895 1295 1895 847 1896 1295 1896 849 1896 849 303 1295 303 1297 303 849 1897 1297 1897 851 1897 851 1898 1297 1898 853 1898 853 1899 1297 1899 1299 1899 853 1900 1299 1900 855 1900 855 1901 1299 1901 1301 1901 855 303 1301 303 857 303 857 1902 1301 1902 1303 1902 857 303 1303 303 859 303 859 1903 1303 1903 861 1903 861 1904 1303 1904 1305 1904 861 303 1305 303 863 303 863 303 1305 303 1307 303 863 303 1307 303 865 303 865 1905 1307 1905 1309 1905 865 1906 1309 1906 867 1906 867 1907 1309 1907 1311 1907 867 1908 1311 1908 869 1908 869 1909 1311 1909 791 1909 791 303 1311 303 1313 303 1405 329 1316 329 1406 329 1406 329 1316 329 1314 329 1406 329 1314 329 1407 329 1407 329 1314 329 1312 329 1407 329 1312 329 1408 329 1408 329 1312 329 1310 329 1408 329 1310 329 1409 329 1409 329 1310 329 1308 329 1409 1910 1308 1910 1410 1910 1410 329 1308 329 1306 329 1410 1911 1306 1911 1411 1911 1411 329 1306 329 1304 329 1411 1912 1304 1912 1412 1912 1412 329 1304 329 1436 329 1412 329 1436 329 1438 329 1316 329 1405 329 1318 329 1318 329 1405 329 1435 329 1318 329 1435 329 1320 329 1320 329 1435 329 1434 329 1320 329 1434 329 1322 329 1322 1913 1434 1913 1433 1913 1322 1914 1433 1914 1387 1914 1387 1915 1433 1915 1348 1915 1387 1916 1348 1916 1347 1916 1433 329 1432 329 1348 329 1348 329 1432 329 1349 329 1349 1917 1432 1917 1431 1917 1349 1918 1431 1918 1350 1918 1350 1919 1431 1919 1430 1919 1350 329 1430 329 1351 329 1351 1920 1430 1920 1429 1920 1351 329 1429 329 1352 329 1352 329 1429 329 1353 329 1353 1921 1429 1921 1428 1921 1353 1922 1428 1922 1354 1922 1354 1923 1428 1923 1427 1923 1354 1924 1427 1924 1355 1924 1355 1925 1427 1925 1426 1925 1355 329 1426 329 1356 329 1356 1926 1426 1926 1425 1926 1356 329 1425 329 1357 329 1357 1927 1425 1927 1424 1927 1357 1928 1424 1928 1423 1928 1422 329 1438 329 1423 329 1423 1929 1438 1929 1439 1929 1423 1930 1439 1930 1358 1930 1358 329 1439 329 1359 329 1359 1931 1439 1931 1360 1931 1360 329 1439 329 1361 329 1361 329 1439 329 1362 329 1362 329 1439 329 1363 329 1363 1932 1439 1932 1364 1932 1364 329 1439 329 1365 329 1365 329 1439 329 1366 329 1366 329 1439 329 1367 329 1367 329 1439 329 1368 329 1368 329 1439 329 1369 329 1369 329 1439 329 1437 329 1369 329 1437 329 1396 329 1396 329 1437 329 1397 329 1397 329 1437 329 1398 329 1398 329 1437 329 1399 329 1399 329 1437 329 1400 329 1400 329 1437 329 1401 329 1401 329 1437 329 1402 329 1402 329 1437 329 1403 329 1403 329 1437 329 1404 329 1404 329 1437 329 1374 329 1374 329 1437 329 1375 329 1375 1933 1437 1933 1376 1933 1376 329 1437 329 1377 329 1377 329 1437 329 1342 329 1377 1934 1342 1934 1340 1934 1422 1935 1421 1935 1438 1935 1438 1936 1421 1936 1420 1936 1438 1937 1420 1937 1419 1937 1419 329 1418 329 1438 329 1438 1938 1418 1938 1417 1938 1438 1939 1417 1939 1416 1939 1416 329 1415 329 1438 329 1438 1940 1415 1940 1414 1940 1438 1941 1414 1941 1413 1941 1413 329 1412 329 1438 329 1369 329 1396 329 1370 329 1370 329 1396 329 1395 329 1370 1942 1395 1942 1371 1942 1371 329 1395 329 1394 329 1371 329 1394 329 1372 329 1372 329 1394 329 1393 329 1372 329 1393 329 1373 329 1373 329 1393 329 1392 329 1373 329 1392 329 1343 329 1343 329 1392 329 1391 329 1343 329 1391 329 1344 329 1344 329 1391 329 1390 329 1344 329 1390 329 1345 329 1345 329 1390 329 1389 329 1345 329 1389 329 1346 329 1346 329 1389 329 1388 329 1346 329 1388 329 1347 329 1347 329 1388 329 1387 329 1322 329 1387 329 1324 329 1324 1943 1387 1943 1386 1943 1324 1944 1386 1944 1326 1944 1326 1945 1386 1945 1385 1945 1326 1946 1385 1946 1328 1946 1328 1947 1385 1947 1384 1947 1328 329 1384 329 1330 329 1330 1948 1384 1948 1383 1948 1330 1949 1383 1949 1382 1949 1330 329 1382 329 1332 329 1332 1950 1382 1950 1381 1950 1332 329 1381 329 1334 329 1334 1951 1381 1951 1380 1951 1334 1952 1380 1952 1336 1952 1336 1953 1380 1953 1379 1953 1336 329 1379 329 1338 329 1338 1954 1379 1954 1378 1954 1338 1955 1378 1955 1340 1955 1340 1956 1378 1956 1377 1956 1358 329 1357 329 1423 329 1286 329 1284 329 1436 329 1436 1957 1284 1957 1282 1957 1436 1958 1282 1958 1342 1958 1304 329 1302 329 1436 329 1436 1959 1302 1959 1300 1959 1436 1960 1300 1960 1298 1960 1298 329 1296 329 1436 329 1436 1961 1296 1961 1294 1961 1436 1962 1294 1962 1292 1962 1292 329 1290 329 1436 329 1436 1963 1290 1963 1288 1963 1436 1964 1288 1964 1286 1964 1437 1965 1436 1965 1342 1965</p>
        </triangles>
      </mesh>
    </geometry>
  </library_geometries>
  <library_visual_scenes>
    <visual_scene id="Scene" name="Scene">
      <node id="node" name="node" type="NODE">
        <matrix sid="transform">0.001 0 0 0 0 0.001 0 0 0 0 0.001 0.07999999 0 0 0 1</matrix>
        <instance_geometry url="#shape0_004-mesh" name="node">
          <bind_material>
            <technique_common>
              <instance_material symbol="GREEN-material" target="#GREEN-material"/>
              <instance_material symbol="BLUE_002-material" target="#BLUE_002-material"/>
              <instance_material symbol="BLACK_001-material" target="#BLACK_001-material"/>
            </technique_common>
          </bind_material>
        </instance_geometry>
      </node>
    </visual_scene>
  </library_visual_scenes>
  <scene>
    <instance_visual_scene url="#Scene"/>
  </scene>
</COLLADA>