ply
format ascii 1.0
comment Written by HALCON (export v1.0)
element vertex 1989
property float x
property float y
property float z
element face 3998
property list uchar int vertex_index
end_header
1.096556e-002 -1.033119e-002 -2.235762e-003
1.128446e-002 -1.063165e-002 -2.064521e-003
1.030607e-002 -1.098917e-002 -2.235762e-003
-6.021939e-003 1.337972e-002 -2.511112e-003
-5.217679e-003 1.413339e-002 -2.235762e-003
-5.081463e-003 1.376442e-002 -2.511112e-003
-6.183365e-003 1.373838e-002 -2.235762e-003
9.822104e-003 -1.047313e-002 -2.869048e-003
1.003701e-002 -1.070228e-002 -2.511112e-003
8.933171e-003 -1.163954e-002 -2.511112e-003
-4.972661e-003 1.346970e-002 -2.869048e-003
8.741897e-003 -1.139032e-002 -2.869048e-003
-5.893000e-003 1.309323e-002 -2.869048e-003
-4.911199e-003 1.330322e-002 -3.186315e-003
9.700704e-003 -1.034368e-002 -3.186315e-003
8.633848e-003 -1.124954e-002 -3.186315e-003
-5.820163e-003 1.293140e-002 -3.186315e-003
-4.871945e-003 1.319689e-002 -3.515152e-003
9.623169e-003 -1.026101e-002 -3.515152e-003
-7.017261e-003 1.219228e-002 -3.515152e-003
-7.515234e-003 1.305750e-002 -2.235762e-003
-6.363193e-003 1.413792e-002 -2.064521e-003
1.067929e-002 -1.006148e-002 -2.511112e-003
-8.542096e-003 1.293846e-002 -2.064521e-003
1.045062e-002 -9.846047e-003 -2.869048e-003
-7.319037e-003 1.271661e-002 -2.511112e-003
1.032146e-002 -9.724350e-003 -3.186315e-003
1.120803e-002 -8.501398e-003 -3.515152e-003
1.200340e-002 -9.104692e-003 -2.235762e-003
-8.300692e-003 1.257281e-002 -2.235762e-003
1.283870e-002 -8.691316e-003 -2.064521e-003
-7.162325e-003 1.244433e-002 -2.869048e-003
1.169003e-002 -8.867000e-003 -2.511112e-003
-7.073800e-003 1.229052e-002 -3.186315e-003
1.247587e-002 -8.445696e-003 -2.235762e-003
-8.083989e-003 1.224458e-002 -2.511112e-003
1.143973e-002 -8.677144e-003 -2.869048e-003
-7.910898e-003 1.198240e-002 -2.869048e-003
1.215017e-002 -8.225207e-003 -2.511112e-003
-7.813120e-003 1.183430e-002 -3.186315e-003
-8.963684e-003 1.084187e-002 -3.515152e-003
1.129834e-002 -8.569895e-003 -3.186315e-003
-9.599784e-003 1.161125e-002 -2.235762e-003
1.189001e-002 -8.049092e-003 -2.869048e-003
-1.050124e-002 1.140592e-002 -2.064521e-003
1.174305e-002 -7.949606e-003 -3.186315e-003
1.247477e-002 -6.501851e-003 -3.515152e-003
-9.349166e-003 1.130812e-002 -2.511112e-003
1.336003e-002 -6.963249e-003 -2.235762e-003
-1.020447e-002 1.108359e-002 -2.235762e-003
1.406233e-002 -6.528542e-003 -2.064521e-003
1.301124e-002 -6.781463e-003 -2.511112e-003
-9.148987e-003 1.106600e-002 -2.869048e-003
1.366493e-002 -6.344042e-003 -2.235762e-003
-9.938065e-003 1.079423e-002 -2.511112e-003
1.273265e-002 -6.636261e-003 -2.869048e-003
-9.035906e-003 1.092922e-002 -3.186315e-003
-9.725275e-003 1.056311e-002 -2.869048e-003
1.330818e-002 -6.178421e-003 -2.511112e-003
-9.605072e-003 1.043255e-002 -3.186315e-003
1.257528e-002 -6.554237e-003 -3.186315e-003
-1.065598e-002 9.183891e-003 -3.515152e-003
1.302323e-002 -6.046131e-003 -2.869048e-003
-1.141217e-002 9.835618e-003 -2.235762e-003
-1.219015e-002 9.579735e-003 -2.064521e-003
1.286227e-002 -5.971402e-003 -3.186315e-003
-1.111424e-002 9.578845e-003 -2.511112e-003
1.338787e-002 -4.319577e-003 -3.515152e-003
1.433792e-002 -4.626112e-003 -2.235762e-003
-1.184565e-002 9.309007e-003 -2.235762e-003
1.492433e-002 -4.199432e-003 -2.064521e-003
1.396361e-002 -4.505340e-003 -2.511112e-003
-1.087626e-002 9.373746e-003 -2.869048e-003
1.450256e-002 -4.080754e-003 -2.235762e-003
-1.153640e-002 9.065980e-003 -2.511112e-003
1.366463e-002 -4.408874e-003 -2.869048e-003
-1.074184e-002 9.257887e-003 -3.186315e-003
1.412395e-002 -3.974219e-003 -2.511112e-003
-1.128939e-002 8.871864e-003 -2.869048e-003
1.349573e-002 -4.354381e-003 -3.186315e-003
-1.114985e-002 8.762208e-003 -3.186315e-003
1.382154e-002 -3.889125e-003 -2.869048e-003
-1.204609e-002 7.265363e-003 -3.515152e-003
-1.290093e-002 7.780943e-003 -2.235762e-003
-1.356531e-002 7.506887e-003 -2.064521e-003
1.365070e-002 -3.841056e-003 -3.186315e-003
1.389742e-002 -2.180690e-003 -3.515152e-003
1.488363e-002 -2.335441e-003 -2.235762e-003
1.535902e-002 -2.114612e-003 -2.064520e-003
-1.256413e-002 7.577809e-003 -2.511112e-003
1.492496e-002 -2.054851e-003 -2.235762e-003
1.550391e-002 0.000000e+000 -2.064521e-003
-1.318195e-002 7.294740e-003 -2.235762e-003
1.506576e-002 0.000000e+000 -2.235762e-003
-1.229511e-002 7.415556e-003 -2.869048e-003
1.449507e-002 -2.274470e-003 -2.511112e-003
1.453532e-002 -2.001206e-003 -2.511112e-003
-1.283782e-002 7.104299e-003 -2.511112e-003
1.467244e-002 0.000000e+000 -2.511112e-003
-1.214315e-002 7.323901e-003 -3.186315e-003
1.418471e-002 -2.225770e-003 -2.869048e-003
-1.256294e-002 6.952185e-003 -2.869048e-003
1.422410e-002 -1.958357e-003 -2.869048e-003
-1.240766e-002 6.866256e-003 -3.186315e-003
1.435828e-002 0.000000e+000 -2.869048e-003
1.400939e-002 -2.198260e-003 -3.186315e-003
-1.309453e-002 5.140710e-003 -3.515152e-003
-1.402378e-002 5.505516e-003 -2.235762e-003
-1.459129e-002 5.240742e-003 -2.064521e-003
1.404829e-002 -1.934152e-003 -3.186315e-003
1.406747e-002 0.000000e+000 -3.515152e-003
1.418081e-002 0.000000e+000 -3.186315e-003
-1.417893e-002 5.092636e-003 -2.235762e-003
-1.365766e-002 5.361786e-003 -2.511112e-003
-1.380877e-002 4.959685e-003 -2.511112e-003
-1.336523e-002 5.246982e-003 -2.869048e-003
-1.320004e-002 5.182129e-003 -3.186315e-003
-1.351310e-002 4.853490e-003 -2.869048e-003
-1.334608e-002 4.793501e-003 -3.186315e-003
-1.377155e-002 2.870203e-003 -3.515152e-003
-1.474884e-002 3.073884e-003 -2.235762e-003
-1.524164e-002 2.839648e-003 -2.064521e-003
-1.481090e-002 2.759398e-003 -2.235762e-003
-1.436379e-002 2.993636e-003 -2.511112e-003
-1.442423e-002 2.687359e-003 -2.511112e-003
-1.405624e-002 2.929537e-003 -2.869048e-003
-1.411539e-002 2.629818e-003 -2.869048e-003
-1.388251e-002 2.893328e-003 -3.186315e-003
-1.394092e-002 2.597314e-003 -3.186315e-003
-1.405792e-002 5.182280e-004 -3.515152e-003
-1.505553e-002 5.550030e-004 -2.235762e-003
-1.549960e-002 3.654380e-004 -2.064521e-003
-1.506157e-002 3.551110e-004 -2.235762e-003
-1.466248e-002 5.405140e-004 -2.511112e-003
-1.466836e-002 3.458400e-004 -2.511112e-003
-1.434853e-002 5.289410e-004 -2.869048e-003
-1.435429e-002 3.384350e-004 -2.869048e-003
-1.417119e-002 5.224030e-004 -3.186315e-003
-1.417687e-002 3.342520e-004 -3.186315e-003
-1.394550e-002 -1.848390e-003 -3.515152e-003
-1.493513e-002 -1.979560e-003 -2.235762e-003
-1.535853e-002 -2.118169e-003 -2.064521e-003
-1.492449e-002 -2.058308e-003 -2.235762e-003
-1.454523e-002 -1.927880e-003 -2.511112e-003
-1.453486e-002 -2.004572e-003 -2.511112e-003
-1.423379e-002 -1.886601e-003 -2.869048e-003
-1.422364e-002 -1.961651e-003 -2.869048e-003
-1.405787e-002 -1.863283e-003 -3.186315e-003
-1.404784e-002 -1.937405e-003 -3.186315e-003
-1.343749e-002 -4.162635e-003 -3.515152e-003
-1.440318e-002 -4.418747e-003 -2.235762e-003
-1.482206e-002 -4.547255e-003 -2.064521e-003
1.490769e-002 2.176630e-003 -2.235762e-003
-1.439107e-002 -4.458034e-003 -2.235762e-003
1.534124e-002 2.239932e-003 -2.064520e-003
-1.402716e-002 -4.303389e-003 -2.511112e-003
1.489154e-002 2.284455e-003 -2.235762e-003
-1.401537e-002 -4.341650e-003 -2.511112e-003
1.451850e-002 2.119805e-003 -2.511112e-003
-1.372682e-002 -4.211246e-003 -2.869048e-003
-1.371528e-002 -4.248688e-003 -2.869048e-003
1.450278e-002 2.224816e-003 -2.511112e-003
-1.355716e-002 -4.159196e-003 -3.186315e-003
1.420763e-002 2.074417e-003 -2.869048e-003
-1.354576e-002 -4.196175e-003 -3.186315e-003
1.419225e-002 2.177179e-003 -2.869048e-003
-1.390400e-002 -6.859293e-003 -2.064521e-003
1.403203e-002 2.048777e-003 -3.186315e-003
-1.351106e-002 -6.665447e-003 -2.235762e-003
1.390480e-002 2.133083e-003 -3.515152e-003
1.401684e-002 2.150270e-003 -3.186315e-003
-1.343877e-002 -6.810035e-003 -2.235762e-003
-1.315834e-002 -6.491435e-003 -2.511112e-003
1.485347e-002 4.443578e-003 -2.064521e-003
1.443370e-002 4.318000e-003 -2.235762e-003
1.436941e-002 4.527360e-003 -2.235762e-003
1.405685e-002 6.540348e-003 -2.064521e-003
-1.308793e-002 -6.632248e-003 -2.511112e-003
1.405689e-002 4.205271e-003 -2.511112e-003
-1.287660e-002 -6.352443e-003 -2.869048e-003
1.399427e-002 4.409166e-003 -2.511112e-003
-1.280769e-002 -6.490242e-003 -2.869048e-003
-1.271744e-002 -6.273927e-003 -3.186315e-003
-1.254829e-002 -6.358789e-003 -3.515152e-003
1.375591e-002 4.115230e-003 -2.869048e-003
-1.264939e-002 -6.410023e-003 -3.186315e-003
1.369464e-002 4.314759e-003 -2.869048e-003
1.358589e-002 4.064366e-003 -3.186315e-003
-1.262796e-002 -8.994766e-003 -2.064521e-003
1.341727e-002 4.227368e-003 -3.515152e-003
-1.227108e-002 -8.740569e-003 -2.235762e-003
1.352537e-002 4.261429e-003 -3.186315e-003
-1.210522e-002 -8.968877e-003 -2.235762e-003
-1.102676e-002 -1.089870e-002 -2.064521e-003
-1.195073e-002 -8.512381e-003 -2.511112e-003
1.365960e-002 6.355515e-003 -2.235762e-003
1.351813e-002 6.651118e-003 -2.235762e-003
1.296663e-002 8.499275e-003 -2.064521e-003
-1.178919e-002 -8.734730e-003 -2.511112e-003
1.330299e-002 6.189594e-003 -2.511112e-003
-1.169484e-002 -8.330118e-003 -2.869048e-003
1.316521e-002 6.477480e-003 -2.511112e-003
-1.153677e-002 -8.547706e-003 -2.869048e-003
1.301815e-002 6.057065e-003 -2.869048e-003
-1.155030e-002 -8.227158e-003 -3.186315e-003
-1.130310e-002 -8.374581e-003 -3.515152e-003
1.288333e-002 6.338788e-003 -2.869048e-003
-1.139417e-002 -8.442056e-003 -3.186315e-003
1.285725e-002 5.982201e-003 -3.186315e-003
1.262239e-002 6.210402e-003 -3.515152e-003
-1.071514e-002 -1.059070e-002 -2.235762e-003
1.272409e-002 6.260441e-003 -3.186315e-003
-1.042820e-002 -1.087334e-002 -2.235762e-003
-9.141587e-003 -1.252208e-002 -2.064521e-003
1.260019e-002 8.259083e-003 -2.235762e-003
-1.043540e-002 -1.031421e-002 -2.511112e-003
1.235577e-002 8.620439e-003 -2.235762e-003
1.160589e-002 1.027981e-002 -2.064521e-003
1.227124e-002 8.043465e-003 -2.511112e-003
-1.015596e-002 -1.058948e-002 -2.511112e-003
-1.021196e-002 -1.009337e-002 -2.869048e-003
-1.008574e-002 -9.968613e-003 -3.186315e-003
1.203321e-002 8.395390e-003 -2.511112e-003
1.200849e-002 7.871243e-003 -2.869048e-003
-9.737210e-003 -1.015285e-002 -3.515152e-003
-9.938505e-003 -1.036274e-002 -2.869048e-003
1.186007e-002 7.773955e-003 -3.186315e-003
-9.815665e-003 -1.023466e-002 -3.186315e-003
1.153705e-002 8.049232e-003 -3.515152e-003
1.177556e-002 8.215630e-003 -2.869048e-003
-8.883240e-003 -1.216820e-002 -2.235762e-003
1.163001e-002 8.114087e-003 -3.186315e-003
-8.651329e-003 -1.185053e-002 -2.511112e-003
1.127790e-002 9.989292e-003 -2.235762e-003
-8.455256e-003 -1.246939e-002 -2.235762e-003
-7.020928e-003 -1.382308e-002 -2.064521e-003
1.098347e-002 9.728505e-003 -2.511112e-003
-8.466090e-003 -1.159679e-002 -2.869048e-003
1.090942e-002 1.039045e-002 -2.235762e-003
-8.234517e-003 -1.214386e-002 -2.511112e-003
1.074830e-002 9.520203e-003 -2.869048e-003
-8.361450e-003 -1.145346e-002 -3.186315e-003
-7.894993e-003 -1.164314e-002 -3.515152e-003
-8.058203e-003 -1.188384e-002 -2.869048e-003
1.062461e-002 1.011919e-002 -2.511112e-003
1.061545e-002 9.402534e-003 -3.186315e-003
1.018654e-002 9.701959e-003 -3.515152e-003
-7.958605e-003 -1.173695e-002 -3.186315e-003
1.039713e-002 9.902524e-003 -2.869048e-003
-6.822513e-003 -1.343243e-002 -2.235762e-003
1.000323e-002 1.184510e-002 -2.064521e-003
-6.644401e-003 -1.308176e-002 -2.511112e-003
1.026862e-002 9.780129e-003 -3.186315e-003
-6.242299e-003 -1.371170e-002 -2.235762e-003
-4.719359e-003 -1.476816e-002 -2.064521e-003
9.720529e-003 1.151035e-002 -2.235762e-003
-6.502134e-003 -1.280166e-002 -2.869048e-003
9.466760e-003 1.120986e-002 -2.511112e-003
9.212536e-003 1.192083e-002 -2.235762e-003
7.979642e-003 1.329272e-002 -2.064521e-003
-6.079333e-003 -1.335373e-002 -2.511112e-003
-6.421768e-003 -1.264343e-002 -3.186315e-003
-5.828671e-003 -1.280314e-002 -3.515152e-003
9.264062e-003 1.096984e-002 -2.869048e-003
-5.949165e-003 -1.306781e-002 -2.869048e-003
8.972028e-003 1.160961e-002 -2.511112e-003
-5.875634e-003 -1.290629e-002 -3.186315e-003
9.149559e-003 1.083425e-002 -3.186315e-003
8.602096e-003 1.113093e-002 -3.515152e-003
-4.585988e-003 -1.435081e-002 -2.235762e-003
8.779923e-003 1.136103e-002 -2.869048e-003
-4.466263e-003 -1.397616e-002 -2.511112e-003
8.671404e-003 1.122061e-002 -3.186315e-003
-3.852086e-003 -1.456497e-002 -2.235762e-003
-2.296144e-003 -1.533293e-002 -2.064521e-003
-4.370634e-003 -1.367691e-002 -2.869048e-003
7.754133e-003 1.291706e-002 -2.235762e-003
7.551699e-003 1.257984e-002 -2.511112e-003
-3.751521e-003 -1.418473e-002 -2.511112e-003
-4.316613e-003 -1.350786e-002 -3.186315e-003
7.080961e-003 1.329801e-002 -2.235762e-003
-3.596839e-003 -1.359987e-002 -3.515152e-003
-3.671195e-003 -1.388101e-002 -2.869048e-003
7.390006e-003 1.231048e-002 -2.869048e-003
-3.625820e-003 -1.370944e-002 -3.186315e-003
6.896101e-003 1.295084e-002 -2.511112e-003
-2.231254e-003 -1.489961e-002 -2.235762e-003
7.298666e-003 1.215833e-002 -3.186315e-003
-2.173003e-003 -1.451064e-002 -2.511112e-003
6.611763e-003 1.241685e-002 -3.515152e-003
6.748445e-003 1.267354e-002 -2.869048e-003
5.751042e-003 1.439780e-002 -2.064521e-003
-1.352440e-003 -1.500493e-002 -2.235762e-003
6.665035e-003 1.251690e-002 -3.186315e-003
-2.126476e-003 -1.419994e-002 -2.869048e-003
5.588515e-003 1.399091e-002 -2.235762e-003
-2.100193e-003 -1.402443e-002 -3.186315e-003
-1.262825e-003 -1.401067e-002 -3.515152e-003
5.442618e-003 1.362566e-002 -2.511112e-003
-1.317133e-003 -1.461320e-002 -2.511112e-003
-1.288931e-003 -1.430031e-002 -2.869048e-003
4.748977e-003 1.429770e-002 -2.235762e-003
3.374718e-003 1.513216e-002 -2.064521e-003
1.862810e-004 -1.550279e-002 -2.064521e-003
-1.273000e-003 -1.412356e-002 -3.186315e-003
5.326083e-003 1.333391e-002 -2.869048e-003
1.810160e-004 -1.506467e-002 -2.235762e-003
5.260253e-003 1.316910e-002 -3.186315e-003
4.434300e-003 1.335031e-002 -3.515152e-003
1.762910e-004 -1.467138e-002 -2.511112e-003
4.624998e-003 1.392444e-002 -2.511112e-003
4.525969e-003 1.362629e-002 -2.869048e-003
1.725160e-004 -1.435725e-002 -2.869048e-003
4.470028e-003 1.345787e-002 -3.186315e-003
1.185649e-003 -1.501903e-002 -2.235762e-003
3.279347e-003 1.470452e-002 -2.235762e-003
1.703840e-004 -1.417979e-002 -3.186315e-003
1.107085e-003 -1.402384e-002 -3.515152e-003
3.193735e-003 1.432064e-002 -2.511112e-003
1.154696e-003 -1.462694e-002 -2.511112e-003
2.663913e-003 -1.527333e-002 -2.064521e-003
3.125352e-003 1.401401e-002 -2.869048e-003
1.129972e-003 -1.431375e-002 -2.869048e-003
1.116005e-003 -1.413683e-002 -3.186315e-003
2.282609e-003 1.489184e-002 -2.235762e-003
3.086723e-003 1.384080e-002 -3.186315e-003
2.131358e-003 1.390507e-002 -3.515152e-003
2.588630e-003 -1.484170e-002 -2.235762e-003
2.521050e-003 -1.445424e-002 -2.511112e-003
2.223017e-003 1.450306e-002 -2.511112e-003
9.117150e-004 1.547708e-002 -2.064521e-003
2.467070e-003 -1.414475e-002 -2.869048e-003
2.175419e-003 1.419253e-002 -2.869048e-003
2.148531e-003 1.401711e-002 -3.186315e-003
3.690048e-003 -1.460687e-002 -2.235762e-003
2.436577e-003 -1.396992e-002 -3.186315e-003
8.859501e-004 1.503969e-002 -2.235762e-003
3.445538e-003 -1.363899e-002 -3.515152e-003
8.628210e-004 1.464705e-002 -2.511112e-003
3.593714e-003 -1.422553e-002 -2.511112e-003
5.072845e-003 -1.465051e-002 -2.064521e-003
3.516766e-003 -1.392094e-002 -2.869048e-003
4.929483e-003 -1.423648e-002 -2.235762e-003
8.443460e-004 1.433343e-002 -2.869048e-003
-2.483560e-004 1.506371e-002 -2.235762e-003
8.339100e-004 1.415627e-002 -3.186315e-003
-2.319000e-004 1.406556e-002 -3.515152e-003
3.473300e-003 -1.374888e-002 -3.186315e-003
4.800792e-003 -1.386481e-002 -2.511112e-003
-2.418730e-004 1.467045e-002 -2.511112e-003
4.697999e-003 -1.356794e-002 -2.869048e-003
-1.574700e-003 1.542373e-002 -2.064521e-003
-2.366940e-004 1.435633e-002 -2.869048e-003
-1.530198e-003 1.498784e-002 -2.235762e-003
6.089559e-003 -1.378021e-002 -2.235762e-003
4.639932e-003 -1.340024e-002 -3.186315e-003
5.686053e-003 -1.286711e-002 -3.515152e-003
5.930582e-003 -1.342046e-002 -2.511112e-003
-2.337680e-004 1.417889e-002 -3.186315e-003
7.350925e-003 -1.365046e-002 -2.064521e-003
-1.490250e-003 1.459656e-002 -2.511112e-003
5.803598e-003 -1.313311e-002 -2.869048e-003
-1.458341e-003 1.428403e-002 -2.869048e-003
7.143184e-003 -1.326469e-002 -2.235762e-003
-2.772281e-003 1.480849e-002 -2.235762e-003
5.731867e-003 -1.297078e-002 -3.186315e-003
-1.440316e-003 1.410748e-002 -3.186315e-003
6.956700e-003 -1.291839e-002 -2.511112e-003
-2.588584e-003 1.382725e-002 -3.515152e-003
-2.699907e-003 1.442189e-002 -2.511112e-003
6.807746e-003 -1.264179e-002 -2.869048e-003
-4.020634e-003 1.497349e-002 -2.064521e-003
6.723603e-003 -1.248554e-002 -3.186315e-003
7.764946e-003 -1.173027e-002 -3.515152e-003
-2.642097e-003 1.411310e-002 -2.869048e-003
8.315979e-003 -1.256270e-002 -2.235762e-003
-3.907008e-003 1.455034e-002 -2.235762e-003
8.098877e-003 -1.223473e-002 -2.511112e-003
-2.609441e-003 1.393866e-002 -3.186315e-003
9.439400e-003 -1.229914e-002 -2.064521e-003
-3.805010e-003 1.417048e-002 -2.511112e-003
7.925467e-003 -1.197277e-002 -2.869048e-003
9.172637e-003 -1.195155e-002 -2.235762e-003
-3.723538e-003 1.386706e-002 -2.869048e-003
7.827509e-003 -1.182478e-002 -3.186315e-003
-3.677516e-003 1.369567e-002 -3.186315e-003
-4.370680e-003 1.627713e-002 -8.798740e-004
-5.511697e-003 1.592699e-002 -8.798730e-004
-5.548012e-003 1.603192e-002 -5.028420e-004
-5.559536e-003 1.606523e-002 -1.290410e-004
-4.399477e-003 1.638437e-002 -5.028420e-004
-5.263297e-003 1.520919e-002 -1.803208e-003
-6.605445e-003 1.467616e-002 -1.803208e-003
-6.733608e-003 1.496092e-002 -1.551004e-003
1.892380e-004 -1.574886e-002 -1.983092e-003
1.887180e-004 -1.570563e-002 -2.000000e-003
1.668327e-003 -1.566139e-002 -1.983092e-003
-5.365419e-003 1.550429e-002 -1.551004e-003
1.663748e-003 -1.561840e-002 -2.000000e-003
-8.022240e-004 -1.694578e-002 -5.028420e-004
-7.969720e-004 -1.683486e-002 -8.798740e-004
2.024990e-004 -1.685250e-002 -8.798740e-004
-6.446451e-003 1.432291e-002 -2.000000e-003
-7.343835e-003 1.388418e-002 -2.000000e-003
2.002320e-004 -1.666385e-002 -1.237008e-003
1.704782e-003 -1.600361e-002 -1.803208e-003
-7.788166e-003 1.363990e-002 -2.000000e-003
1.933730e-004 -1.609299e-002 -1.803208e-003
-6.464196e-003 1.436233e-002 -1.983091e-003
-7.364051e-003 1.392240e-002 -1.983091e-003
-8.038900e-004 -1.698098e-002 -1.290420e-004
2.038330e-004 -1.696353e-002 -5.028430e-004
1.800733e-003 -1.690436e-002 -1.290420e-004
1.971250e-004 -1.640524e-002 -1.551005e-003
1.737859e-003 -1.631412e-002 -1.551005e-003
-6.839758e-003 1.519677e-002 -1.237007e-003
-5.450000e-003 1.574870e-002 -1.237007e-003
-7.524962e-003 1.422662e-002 -1.803208e-003
2.698769e-003 -1.547317e-002 -2.000000e-003
-7.875000e-003 1.363990e-002 -1.983091e-003
-7.809604e-003 1.367745e-002 -1.983091e-003
-6.917188e-003 1.536880e-002 -8.798730e-004
2.706198e-003 -1.551577e-002 -1.983092e-003
-7.918417e-003 1.356470e-002 -2.000000e-003
-7.940215e-003 1.360204e-002 -1.983091e-003
1.765255e-003 -1.657130e-002 -1.237008e-003
2.765331e-003 -1.585480e-002 -1.803208e-003
-7.670967e-003 1.450265e-002 -1.551004e-003
1.785239e-003 -1.675890e-002 -8.798740e-004
-7.980251e-003 1.397631e-002 -1.803208e-003
2.818986e-003 -1.616243e-002 -1.551005e-003
-6.962763e-003 1.547007e-002 -5.028420e-004
1.797001e-003 -1.686932e-002 -5.028430e-004
-7.948500e-003 1.502735e-002 -1.290410e-004
-8.113715e-003 1.389926e-002 -1.803208e-003
2.863425e-003 -1.641721e-002 -1.237008e-003
-7.791894e-003 1.473128e-002 -1.237007e-003
4.031103e-003 -1.518067e-002 -2.000000e-003
-8.135090e-003 1.424749e-002 -1.551004e-003
4.042200e-003 -1.522246e-002 -1.983091e-003
-8.271144e-003 1.416894e-002 -1.551004e-003
2.895840e-003 -1.660306e-002 -8.798740e-004
-8.653863e-003 1.310775e-002 -2.000000e-003
-7.880102e-003 1.489804e-002 -8.798730e-004
4.130526e-003 -1.555508e-002 -1.803208e-003
-8.677686e-003 1.314383e-002 -1.983091e-003
2.914920e-003 -1.671246e-002 -5.028430e-004
4.363009e-003 -1.643059e-002 -1.290420e-004
4.210669e-003 -1.585689e-002 -1.551005e-003
-8.263334e-003 1.447209e-002 -1.237007e-003
5.139219e-003 -1.484220e-002 -2.000000e-003
-8.401532e-003 1.439230e-002 -1.237007e-003
-7.932022e-003 1.499620e-002 -5.028420e-004
4.277047e-003 -1.610686e-002 -1.237007e-003
5.153366e-003 -1.488305e-002 -1.983091e-003
-8.867300e-003 1.343103e-002 -1.803208e-003
-8.356879e-003 1.463592e-002 -8.798740e-004
4.325465e-003 -1.628920e-002 -8.798740e-004
-8.496641e-003 1.455523e-002 -8.798740e-004
5.265972e-003 -1.520826e-002 -1.803208e-003
-9.039352e-003 1.369163e-002 -1.551004e-003
4.353964e-003 -1.639652e-002 -5.028430e-004
5.368146e-003 -1.550334e-002 -1.551005e-003
-9.378749e-003 1.259927e-002 -2.000000e-003
5.452771e-003 -1.574774e-002 -1.237007e-003
-8.411939e-003 1.473236e-002 -5.028420e-004
6.303625e-003 -1.438634e-002 -2.000000e-003
-9.404566e-003 1.263395e-002 -1.983091e-003
-8.552624e-003 1.465113e-002 -5.028420e-004
6.320977e-003 -1.442594e-002 -1.983091e-003
-9.181849e-003 1.390747e-002 -1.237007e-003
-9.610063e-003 1.291001e-002 -1.803208e-003
5.514499e-003 -1.592601e-002 -8.798740e-004
-9.285792e-003 1.406491e-002 -8.798740e-004
6.459096e-003 -1.474116e-002 -1.803208e-003
5.550832e-003 -1.603095e-002 -5.028420e-004
-9.796525e-003 1.316050e-002 -1.551005e-003
6.822642e-003 -1.557086e-002 -1.290410e-004
-1.015096e-002 1.363664e-002 -1.290420e-004
-9.346973e-003 1.415758e-002 -5.028420e-004
6.584420e-003 -1.502718e-002 -1.551004e-003
-9.950959e-003 1.336796e-002 -1.237007e-003
6.688218e-003 -1.526407e-002 -1.237007e-003
-1.006361e-002 1.351930e-002 -8.798740e-004
-1.063864e-002 1.155516e-002 -2.000000e-003
7.447107e-003 -1.382906e-002 -2.000000e-003
7.788164e-003 -1.363990e-002 -2.000000e-003
-1.066793e-002 1.158697e-002 -1.983091e-003
7.467607e-003 -1.386713e-002 -1.983091e-003
-1.012992e-002 1.360837e-002 -5.028420e-004
6.763932e-003 -1.543687e-002 -8.798740e-004
-1.090103e-002 1.184016e-002 -1.803208e-003
-1.119354e-002 1.101849e-002 -2.000000e-003
7.630781e-003 -1.417014e-002 -1.803208e-003
-1.111254e-002 1.206989e-002 -1.551005e-003
7.875000e-003 -1.363990e-002 -1.983091e-003
7.918418e-003 -1.356470e-002 -2.000000e-003
7.940215e-003 -1.360204e-002 -1.983091e-003
6.808498e-003 -1.553858e-002 -5.028420e-004
7.778839e-003 -1.444508e-002 -1.551004e-003
-1.122436e-002 1.104882e-002 -1.983092e-003
-1.128772e-002 1.226016e-002 -1.237007e-003
8.047075e-003 -1.393794e-002 -1.803208e-003
-1.146962e-002 1.129024e-002 -1.803208e-003
8.113716e-003 -1.389926e-002 -1.803208e-003
-1.141550e-002 1.239895e-002 -8.798740e-004
8.427837e-003 -1.325420e-002 -2.000000e-003
-1.169216e-002 1.150930e-002 -1.551005e-003
-1.149072e-002 1.248064e-002 -5.028420e-004
8.451037e-003 -1.329069e-002 -1.983091e-003
-1.211518e-002 1.192571e-002 -1.290420e-004
7.901466e-003 -1.467280e-002 -1.237007e-003
-1.187648e-002 1.169074e-002 -1.237008e-003
8.203211e-003 -1.420838e-002 -1.551004e-003
-1.201092e-002 1.182308e-002 -8.798740e-004
8.271144e-003 -1.416894e-002 -1.551004e-003
8.635701e-003 -1.358110e-002 -1.803208e-003
-1.234965e-002 9.705079e-003 -2.000000e-003
7.990914e-003 -1.483890e-002 -8.798730e-004
8.332528e-003 -1.443236e-002 -1.237007e-003
-7.788166e-003 -1.363990e-002 -2.000000e-003
-7.918417e-003 -1.356470e-002 -2.000000e-003
-1.238365e-002 9.731795e-003 -1.983092e-003
-1.209006e-002 1.190098e-002 -5.028430e-004
8.401534e-003 -1.439230e-002 -1.237007e-003
8.803256e-003 -1.384461e-002 -1.551004e-003
-1.265424e-002 9.944443e-003 -1.803208e-003
8.043566e-003 -1.493667e-002 -5.028420e-004
9.121755e-003 -1.434551e-002 -1.290410e-004
8.426856e-003 -1.459574e-002 -8.798730e-004
-1.274557e-002 9.178936e-003 -2.000000e-003
8.496642e-003 -1.455523e-002 -8.798730e-004
-1.278066e-002 9.204202e-003 -1.983091e-003
8.942033e-003 -1.406286e-002 -1.237007e-003
-1.289977e-002 1.013739e-002 -1.551005e-003
8.482379e-003 -1.469191e-002 -5.028420e-004
8.552625e-003 -1.465113e-002 -5.028420e-004
-1.305993e-002 9.405323e-003 -1.803208e-003
-1.310312e-002 1.029720e-002 -1.237008e-003
9.562908e-003 -1.246006e-002 -2.000000e-003
-1.331332e-002 9.587811e-003 -1.551005e-003
-1.325146e-002 1.041377e-002 -8.798740e-004
9.589233e-003 -1.249436e-002 -1.983091e-003
-1.352320e-002 9.738955e-003 -1.237007e-003
-1.333877e-002 1.048238e-002 -5.028430e-004
-1.379499e-002 9.934695e-003 -1.290420e-004
9.043261e-003 -1.422206e-002 -8.798730e-004
-1.367629e-002 9.849205e-003 -8.798740e-004
9.798766e-003 -1.276738e-002 -1.803208e-003
-1.374281e-002 7.605110e-003 -2.000000e-003
9.102846e-003 -1.431577e-002 -5.028420e-004
9.988889e-003 -1.301510e-002 -1.551004e-003
-1.378064e-002 7.626045e-003 -1.983091e-003
-1.376640e-002 9.914099e-003 -5.028430e-004
-1.408176e-002 7.792681e-003 -1.803208e-003
1.035379e-002 -1.181107e-002 -2.000000e-003
-1.399835e-002 7.123799e-003 -2.000000e-003
1.038229e-002 -1.184358e-002 -1.983091e-003
1.014636e-002 -1.322027e-002 -1.237007e-003
-1.403689e-002 7.143409e-003 -1.983091e-003
1.060915e-002 -1.210238e-002 -1.803208e-003
-1.435498e-002 7.943880e-003 -1.551005e-003
1.570658e-002 -7.519900e-005 -2.000000e-003
1.570676e-002 0.000000e+000 -2.000000e-003
1.026122e-002 -1.336993e-002 -8.798730e-004
-1.434361e-002 7.299499e-003 -1.803208e-003
1.081500e-002 -1.233720e-002 -1.551004e-003
-1.458128e-002 8.069109e-003 -1.237007e-003
1.032883e-002 -1.345802e-002 -5.028420e-004
1.120628e-002 -1.278355e-002 -1.290410e-004
1.098549e-002 -1.253168e-002 -1.237007e-003
-1.462191e-002 7.441129e-003 -1.551005e-003
-1.474634e-002 8.160456e-003 -8.798740e-004
1.143211e-002 -1.077075e-002 -2.000000e-003
-1.485241e-002 7.558433e-003 -1.237007e-003
1.570658e-002 7.519900e-005 -2.000000e-003
-1.484350e-002 8.214223e-003 -5.028420e-004
1.146358e-002 -1.080040e-002 -1.983091e-003
-1.515093e-002 7.710347e-003 -1.290420e-004
-1.502055e-002 7.643998e-003 -8.798740e-004
1.575000e-002 0.000000e+000 -1.983091e-003
1.574982e-002 7.540600e-005 -1.983091e-003
-1.511952e-002 7.694363e-003 -5.028420e-004
1.110985e-002 -1.267355e-002 -8.798730e-004
1.609397e-002 7.705400e-005 -1.803208e-003
1.609415e-002 0.000000e+000 -1.803208e-003
1.640642e-002 0.000000e+000 -1.551005e-003
1.640623e-002 7.854900e-005 -1.551005e-003
1.171407e-002 -1.103640e-002 -1.803208e-003
1.666506e-002 0.000000e+000 -1.237007e-003
1.666487e-002 7.978700e-005 -1.237007e-003
1.118305e-002 -1.275705e-002 -5.028420e-004
-1.478220e-002 5.309314e-003 -2.000000e-003
1.194136e-002 -1.125054e-002 -1.551005e-003
1.685352e-002 8.069000e-005 -8.798740e-004
1.685371e-002 0.000000e+000 -8.798740e-004
1.683735e-002 2.346010e-003 -1.290410e-004
1.700000e-002 0.000000e+000 -1.290420e-004
1.696456e-002 8.122200e-005 -5.028420e-004
1.696476e-002 0.000000e+000 -5.028420e-004
1.203626e-002 -1.009112e-002 -2.000000e-003
1.555648e-002 2.167542e-003 -2.000000e-003
-1.482290e-002 5.323929e-003 -1.983091e-003
-1.514679e-002 5.440262e-003 -1.803208e-003
1.559930e-002 2.173509e-003 -1.983091e-003
1.206940e-002 -1.011890e-002 -1.983091e-003
-1.492244e-002 4.901339e-003 -2.000000e-003
1.212960e-002 -1.142789e-002 -1.237007e-003
1.554197e-002 2.269240e-003 -2.000000e-003
1.233312e-002 -1.034001e-002 -1.803208e-003
-1.496352e-002 4.914831e-003 -1.983091e-003
-1.544068e-002 5.545817e-003 -1.551004e-003
1.226692e-002 -1.155726e-002 -8.798740e-004
1.558475e-002 2.275486e-003 -1.983091e-003
1.594016e-002 2.221002e-003 -1.803208e-003
1.257242e-002 -1.054063e-002 -1.551005e-003
-1.529049e-002 5.022224e-003 -1.803208e-003
1.234774e-002 -1.163341e-002 -5.028420e-004
-1.568409e-002 5.633243e-003 -1.237007e-003
1.592530e-002 2.325208e-003 -1.803208e-003
1.302728e-002 -1.092199e-002 -1.290420e-004
1.277061e-002 -1.070680e-002 -1.237007e-003
-1.558716e-002 5.119669e-003 -1.551004e-003
1.624944e-002 2.264096e-003 -1.551004e-003
1.291518e-002 -1.082801e-002 -8.798740e-004
-1.586164e-002 5.697014e-003 -8.798740e-004
1.623429e-002 2.370323e-003 -1.551004e-003
1.650561e-002 2.299787e-003 -1.237007e-003
-1.583288e-002 5.200377e-003 -1.237007e-003
-1.596615e-002 5.734550e-003 -5.028420e-004
1.649021e-002 2.407690e-003 -1.237007e-003
1.300668e-002 -8.805036e-003 -2.000000e-003
1.669246e-002 2.325822e-003 -8.798730e-004
-1.615110e-002 5.304897e-003 -1.290410e-004
-1.601212e-002 5.259247e-003 -8.798740e-004
1.667689e-002 2.434946e-003 -8.798730e-004
-1.611762e-002 5.293900e-003 -5.028420e-004
1.680244e-002 2.341147e-003 -5.028410e-004
-1.544106e-002 2.876803e-003 -2.000000e-003
1.304249e-002 -8.829273e-003 -1.983092e-003
1.678677e-002 2.450990e-003 -5.028410e-004
1.634940e-002 4.658010e-003 -1.290410e-004
1.300028e-002 -1.089935e-002 -5.028420e-004
1.510566e-002 4.303662e-003 -2.000000e-003
1.332748e-002 -9.022200e-003 -1.803208e-003
-1.548357e-002 2.884722e-003 -1.983091e-003
-1.549611e-002 2.563761e-003 -2.000000e-003
1.514724e-002 4.315509e-003 -1.983091e-003
1.343587e-002 -8.135106e-003 -2.000000e-003
1.358607e-002 -9.197257e-003 -1.551005e-003
1.504782e-002 4.501719e-003 -2.000000e-003
-1.553877e-002 2.570819e-003 -1.983091e-003
-1.582190e-002 2.947756e-003 -1.803208e-003
1.347285e-002 -8.157500e-003 -1.983092e-003
1.508924e-002 4.514111e-003 -1.983091e-003
1.547822e-002 4.409807e-003 -1.803208e-003
1.380024e-002 -9.342243e-003 -1.237008e-003
-1.587830e-002 2.626993e-003 -1.803208e-003
-1.612888e-002 3.004950e-003 -1.551004e-003
1.541896e-002 4.612749e-003 -1.803208e-003
1.376725e-002 -8.335749e-003 -1.803208e-003
-1.618639e-002 2.677964e-003 -1.551004e-003
1.577854e-002 4.495369e-003 -1.551004e-003
1.395646e-002 -9.448002e-003 -8.798740e-004
-1.638315e-002 3.052321e-003 -1.237007e-003
1.571813e-002 4.702249e-003 -1.551004e-003
1.403437e-002 -8.497485e-003 -1.551005e-003
1.602728e-002 4.566235e-003 -1.237007e-003
-1.644155e-002 2.720180e-003 -1.237007e-003
1.596591e-002 4.776376e-003 -1.237007e-003
-1.656861e-002 3.086875e-003 -8.798740e-004
1.404842e-002 -9.510253e-003 -5.028430e-004
1.620871e-002 4.617927e-003 -8.798730e-004
1.454213e-002 -8.804920e-003 -1.290430e-004
1.425561e-002 -8.631441e-003 -1.237008e-003
-1.662768e-002 2.750974e-003 -8.798740e-004
-1.667778e-002 3.107213e-003 -5.028420e-004
1.614665e-002 4.830447e-003 -8.798730e-004
1.441699e-002 -8.729152e-003 -8.798740e-004
-1.677201e-002 2.774852e-003 -1.290410e-004
1.631551e-002 4.648354e-003 -5.028420e-004
-1.673724e-002 2.769099e-003 -5.028420e-004
1.625304e-002 4.862273e-003 -5.028420e-004
1.555129e-002 6.867123e-003 -1.290420e-004
1.424633e-002 -6.613963e-003 -2.000000e-003
1.436826e-002 6.344723e-003 -2.000000e-003
-1.570658e-002 7.519900e-005 -2.000000e-003
-1.570240e-002 3.702200e-004 -2.000000e-003
1.428555e-002 -6.632170e-003 -1.983092e-003
1.440781e-002 6.362188e-003 -1.983091e-003
1.451198e-002 -8.786667e-003 -5.028430e-004
1.424077e-002 6.625924e-003 -2.000000e-003
1.459770e-002 -6.777088e-003 -1.803208e-003
-1.574562e-002 3.712390e-004 -1.983091e-003
-1.575000e-002 0.000000e+000 -1.983091e-003
-1.608968e-002 3.793510e-004 -1.803208e-003
1.427997e-002 6.644164e-003 -1.983092e-003
1.452000e-002 -5.989327e-003 -2.000000e-003
1.472264e-002 6.501208e-003 -1.803208e-003
-1.570658e-002 -7.519900e-005 -2.000000e-003
1.459200e-002 6.789344e-003 -1.803208e-003
-1.574982e-002 -7.540600e-005 -1.983091e-003
1.455997e-002 -6.005814e-003 -1.983091e-003
1.500830e-002 6.627349e-003 -1.551005e-003
1.488093e-002 -6.908582e-003 -1.551005e-003
-1.640186e-002 3.867110e-004 -1.551005e-003
1.487812e-002 -6.137047e-003 -1.803208e-003
1.487513e-002 6.921076e-003 -1.551005e-003
-1.609397e-002 -7.705400e-005 -1.803208e-003
1.524489e-002 6.731824e-003 -1.237007e-003
1.511552e-002 -7.017490e-003 -1.237008e-003
-1.666043e-002 3.928080e-004 -1.237007e-003
1.516679e-002 -6.256122e-003 -1.551005e-003
1.510962e-002 7.030181e-003 -1.237008e-003
1.541747e-002 6.808031e-003 -8.798740e-004
1.528664e-002 -7.096931e-003 -8.798740e-004
-1.640623e-002 -7.854900e-005 -1.551005e-003
1.528067e-002 7.109766e-003 -8.798740e-004
1.551905e-002 6.852888e-003 -5.028430e-004
-1.684903e-002 3.972540e-004 -8.798740e-004
1.335710e-002 8.263796e-003 -2.000000e-003
1.540589e-002 -6.354745e-003 -1.237007e-003
1.538735e-002 -7.143692e-003 -5.028430e-004
-1.666487e-002 -7.978700e-005 -1.237007e-003
1.571552e-002 -6.482465e-003 -1.290420e-004
1.558029e-002 -6.426683e-003 -8.798740e-004
-1.696005e-002 3.998720e-004 -5.028420e-004
1.511961e-002 -4.254379e-003 -2.000000e-003
-1.699905e-002 1.796500e-004 -1.290420e-004
1.339387e-002 8.286544e-003 -1.983092e-003
-1.685352e-002 -8.069000e-005 -8.798740e-004
-1.696456e-002 -8.122200e-005 -5.028420e-004
1.516123e-002 -4.266090e-003 -1.983091e-003
1.445687e-002 8.944206e-003 -1.290430e-004
1.538135e-002 7.156610e-003 -5.028430e-004
-1.682690e-002 -2.419807e-003 -1.290420e-004
1.568294e-002 -6.469027e-003 -5.028420e-004
-1.555948e-002 -2.145883e-003 -2.000000e-003
1.549252e-002 -4.359309e-003 -1.803208e-003
1.313629e-002 8.610482e-003 -2.000000e-003
1.368654e-002 8.467612e-003 -1.803208e-003
1.526364e-002 -3.704529e-003 -2.000000e-003
-1.560232e-002 -2.151790e-003 -1.983091e-003
1.317245e-002 8.634184e-003 -1.983092e-003
1.530566e-002 -3.714726e-003 -1.983091e-003
-1.554683e-002 -2.235726e-003 -2.000000e-003
1.579311e-002 -4.443891e-003 -1.551004e-003
1.395209e-002 8.631907e-003 -1.551005e-003
1.346028e-002 8.822849e-003 -1.803208e-003
1.564010e-002 -3.795897e-003 -1.803208e-003
-1.558963e-002 -2.241881e-003 -1.983091e-003
1.604208e-002 -4.513946e-003 -1.237007e-003
1.417204e-002 8.767981e-003 -1.237008e-003
-1.594324e-002 -2.198809e-003 -1.803208e-003
1.372144e-002 8.994036e-003 -1.551005e-003
1.594356e-002 -3.869547e-003 -1.551004e-003
1.433247e-002 8.867240e-003 -8.798740e-004
-1.593027e-002 -2.290868e-003 -1.803208e-003
1.622369e-002 -4.565046e-003 -8.798730e-004
-1.625258e-002 -2.241472e-003 -1.551004e-003
1.393775e-002 9.135820e-003 -1.237008e-003
1.619490e-002 -3.930548e-003 -1.237007e-003
1.633058e-002 -4.595124e-003 -5.028420e-004
1.442690e-002 8.925664e-003 -5.028430e-004
1.652040e-002 -4.009546e-003 -1.290410e-004
-1.623936e-002 -2.335317e-003 -1.551004e-003
1.637824e-002 -3.975044e-003 -8.798730e-004
1.409553e-002 9.239242e-003 -8.798740e-004
-1.650879e-002 -2.276807e-003 -1.237007e-003
-1.649537e-002 -2.372131e-003 -1.237007e-003
-1.669568e-002 -2.302582e-003 -8.798740e-004
1.209172e-002 1.002461e-002 -2.000000e-003
1.555998e-002 -2.142280e-003 -2.000000e-003
-1.668210e-002 -2.398985e-003 -8.798740e-004
-1.680568e-002 -2.317753e-003 -5.028420e-004
1.212500e-002 1.005221e-002 -1.983091e-003
1.560281e-002 -2.148177e-003 -1.983091e-003
1.418841e-002 9.300116e-003 -5.028430e-004
-1.679201e-002 -2.414791e-003 -5.028420e-004
1.308730e-002 1.085000e-002 -1.290420e-004
1.238994e-002 1.027185e-002 -1.803208e-003
1.559606e-002 -1.861509e-003 -2.000000e-003
-1.502268e-002 -4.584900e-003 -2.000000e-003
-1.501600e-002 -4.606753e-003 -2.000000e-003
1.175775e-002 1.041431e-002 -2.000000e-003
1.563899e-002 -1.866633e-003 -1.983091e-003
1.648615e-002 -4.001234e-003 -5.028410e-004
1.594375e-002 -2.195117e-003 -1.803208e-003
1.179011e-002 1.044298e-002 -1.983091e-003
-1.506404e-002 -4.597521e-003 -1.983091e-003
1.263034e-002 1.047116e-002 -1.551005e-003
1.204774e-002 1.067117e-002 -1.803208e-003
1.598072e-002 -1.907421e-003 -1.803208e-003
-1.505733e-002 -4.619434e-003 -1.983091e-003
1.625310e-002 -2.237708e-003 -1.551004e-003
-1.539320e-002 -4.697981e-003 -1.803208e-003
1.282945e-002 1.063623e-002 -1.237007e-003
1.228149e-002 1.087821e-002 -1.551005e-003
1.629079e-002 -1.944430e-003 -1.551004e-003
-1.538635e-002 -4.720373e-003 -1.803208e-003
1.297469e-002 1.075663e-002 -8.798740e-004
1.650932e-002 -2.272984e-003 -1.237007e-003
-1.569187e-002 -4.789135e-003 -1.551004e-003
1.247510e-002 1.104970e-002 -1.237007e-003
1.654760e-002 -1.975082e-003 -1.237007e-003
1.306017e-002 1.082751e-002 -5.028420e-004
-1.568489e-002 -4.811961e-003 -1.551004e-003
1.669621e-002 -2.298716e-003 -8.798730e-004
1.261633e-002 1.117479e-002 -8.798740e-004
-1.593924e-002 -4.864632e-003 -1.237007e-003
1.673493e-002 -1.997441e-003 -8.798730e-004
-1.593215e-002 -4.887818e-003 -1.237007e-003
1.680622e-002 -2.313861e-003 -5.028410e-004
1.059639e-002 1.159392e-002 -2.000000e-003
1.688018e-002 -2.014779e-003 -1.290410e-004
-1.611968e-002 -4.919702e-003 -8.798740e-004
-1.611251e-002 -4.943151e-003 -8.798740e-004
1.574982e-002 -7.540600e-005 -1.983091e-003
-1.622589e-002 -4.952117e-003 -5.028420e-004
1.684519e-002 -2.010602e-003 -5.028420e-004
1.062556e-002 1.162583e-002 -1.983091e-003
-1.625960e-002 -4.962404e-003 -1.290410e-004
-1.621867e-002 -4.975719e-003 -5.028420e-004
1.609397e-002 -7.705400e-005 -1.803208e-003
1.269945e-002 1.124842e-002 -5.028420e-004
-1.531046e-002 -7.388495e-003 -1.290420e-004
-1.414575e-002 -6.826432e-003 -2.000000e-003
1.146885e-002 1.254852e-002 -1.290410e-004
1.640623e-002 -7.854900e-005 -1.551005e-003
1.085773e-002 1.187987e-002 -1.803208e-003
1.666487e-002 -7.978700e-005 -1.237007e-003
-1.418469e-002 -6.845223e-003 -1.983091e-003
1.685352e-002 -8.069000e-005 -8.798740e-004
1.696456e-002 -8.122200e-005 -5.028420e-004
1.013411e-002 1.200009e-002 -2.000000e-003
-1.408592e-002 -6.949042e-003 -2.000000e-003
1.016201e-002 1.203312e-002 -1.983091e-003
1.106840e-002 1.211037e-002 -1.551004e-003
-1.412470e-002 -6.968172e-003 -1.983091e-003
-1.449464e-002 -6.994798e-003 -1.803208e-003
1.038406e-002 1.229606e-002 -1.803208e-003
1.124289e-002 1.230128e-002 -1.237007e-003
-1.443334e-002 -7.120432e-003 -1.803208e-003
1.058554e-002 1.253463e-002 -1.551004e-003
-1.477587e-002 -7.130516e-003 -1.551004e-003
1.137016e-002 1.244054e-002 -8.798740e-004
1.075241e-002 1.273223e-002 -1.237007e-003
-1.471338e-002 -7.258588e-003 -1.551004e-003
-1.500880e-002 -7.242923e-003 -1.237007e-003
1.144508e-002 1.252251e-002 -5.028420e-004
1.087413e-002 1.287637e-002 -8.798730e-004
-1.494533e-002 -7.373014e-003 -1.237007e-003
8.700030e-003 1.307715e-002 -2.000000e-003
-1.517871e-002 -7.324916e-003 -8.798740e-004
-1.511451e-002 -7.456480e-003 -8.798740e-004
-1.527872e-002 -7.373178e-003 -5.028420e-004
8.723979e-003 1.311315e-002 -1.983091e-003
-1.521410e-002 -7.505609e-003 -5.028420e-004
-1.400175e-002 -9.641109e-003 -1.290420e-004
-1.293660e-002 -8.907683e-003 -2.000000e-003
1.094578e-002 1.296121e-002 -5.028420e-004
9.416359e-003 1.415387e-002 -1.290410e-004
8.914606e-003 1.339968e-002 -1.803208e-003
-1.297221e-002 -8.932203e-003 -1.983091e-003
8.084051e-003 1.346664e-002 -2.000000e-003
7.918418e-003 1.356470e-002 -2.000000e-003
-1.279319e-002 -9.112455e-003 -2.000000e-003
7.875000e-003 1.363990e-002 -1.983091e-003
8.106304e-003 1.350371e-002 -1.983091e-003
9.087574e-003 1.365967e-002 -1.551004e-003
-1.282840e-002 -9.137540e-003 -1.983091e-003
-1.325567e-002 -9.127380e-003 -1.803208e-003
7.788164e-003 1.363990e-002 -2.000000e-003
7.809603e-003 1.367745e-002 -1.983091e-003
-1.310871e-002 -9.337203e-003 -1.803208e-003
8.283434e-003 1.379878e-002 -1.803208e-003
-1.351286e-002 -9.304476e-003 -1.551005e-003
-1.336306e-002 -9.518370e-003 -1.551005e-003
9.230832e-003 1.387501e-002 -1.237007e-003
-1.372588e-002 -9.451154e-003 -1.237007e-003
7.980250e-003 1.397631e-002 -1.803208e-003
-1.357372e-002 -9.668419e-003 -1.237007e-003
8.444156e-003 1.406652e-002 -1.551004e-003
-1.388126e-002 -9.558147e-003 -8.798740e-004
-1.372738e-002 -9.777870e-003 -8.798740e-004
9.335330e-003 1.403208e-002 -8.798730e-004
-1.397272e-002 -9.621121e-003 -5.028420e-004
8.135089e-003 1.424749e-002 -1.551004e-003
-1.381782e-002 -9.842294e-003 -5.028430e-004
8.577271e-003 1.428827e-002 -1.237007e-003
-1.236419e-002 -1.166734e-002 -1.290420e-004
-1.142361e-002 -1.077978e-002 -2.000000e-003
9.396839e-003 1.412453e-002 -5.028420e-004
8.263333e-003 1.447209e-002 -1.237007e-003
8.674370e-003 1.445002e-002 -8.798730e-004
-1.145506e-002 -1.080945e-002 -1.983092e-003
6.599744e-003 1.425292e-002 -2.000000e-003
-1.117104e-002 -1.104130e-002 -2.000000e-003
-1.120179e-002 -1.107170e-002 -1.983092e-003
6.617911e-003 1.429216e-002 -1.983091e-003
8.356878e-003 1.463592e-002 -8.798730e-004
8.731524e-003 1.454522e-002 -5.028420e-004
-1.170536e-002 -1.104565e-002 -1.803208e-003
6.762518e-003 1.460445e-002 -1.803208e-003
-1.144656e-002 -1.131362e-002 -1.803208e-003
-1.193247e-002 -1.125996e-002 -1.551005e-003
8.411938e-003 1.473236e-002 -5.028420e-004
7.143143e-003 1.542645e-002 -1.290410e-004
-1.166865e-002 -1.153314e-002 -1.551005e-003
6.893730e-003 1.488782e-002 -1.551004e-003
-1.212058e-002 -1.143747e-002 -1.237008e-003
5.826291e-003 1.458618e-002 -2.000000e-003
-1.185260e-002 -1.171495e-002 -1.237008e-003
-1.225779e-002 -1.156694e-002 -8.798740e-004
5.842329e-003 1.462634e-002 -1.983091e-003
-1.198678e-002 -1.184757e-002 -8.798740e-004
7.002404e-003 1.512252e-002 -1.237007e-003
-1.233856e-002 -1.164316e-002 -5.028430e-004
-1.206575e-002 -1.192563e-002 -5.028430e-004
5.969989e-003 1.494593e-002 -1.803208e-003
-1.043619e-002 -1.341961e-002 -1.290420e-004
7.081675e-003 1.529371e-002 -8.798740e-004
-9.642276e-003 -1.239875e-002 -2.000000e-003
6.085823e-003 1.523593e-002 -1.551005e-003
-9.668819e-003 -1.243288e-002 -1.983091e-003
7.128335e-003 1.539448e-002 -5.028420e-004
-9.880091e-003 -1.270455e-002 -1.803208e-003
6.181761e-003 1.547611e-002 -1.237007e-003
6.251742e-003 1.565130e-002 -8.798740e-004
-9.261197e-003 -1.268592e-002 -2.000000e-003
4.344797e-003 1.509388e-002 -2.000000e-003
4.356757e-003 1.513543e-002 -1.983091e-003
-9.286691e-003 -1.272084e-002 -1.983091e-003
-1.007179e-002 -1.295105e-002 -1.551005e-003
6.292933e-003 1.575443e-002 -5.028420e-004
4.702531e-003 1.633665e-002 -1.290420e-004
4.451956e-003 1.546615e-002 -1.803208e-003
-9.489614e-003 -1.299881e-002 -1.803208e-003
-1.023057e-002 -1.315521e-002 -1.237007e-003
4.538336e-003 1.576624e-002 -1.551005e-003
-9.673738e-003 -1.325102e-002 -1.551005e-003
-1.034638e-002 -1.330414e-002 -8.798740e-004
3.418874e-003 1.533016e-002 -2.000000e-003
3.428286e-003 1.537236e-002 -1.983092e-003
-9.826236e-003 -1.345991e-002 -1.237007e-003
-1.041455e-002 -1.339179e-002 -5.028420e-004
4.609879e-003 1.601478e-002 -1.237007e-003
-9.937475e-003 -1.361228e-002 -8.798740e-004
3.503197e-003 1.570826e-002 -1.803208e-003
4.662065e-003 1.619607e-002 -8.798740e-004
-7.875000e-003 -1.363990e-002 -1.983091e-003
-7.940215e-003 -1.360204e-002 -1.983091e-003
3.571168e-003 1.601304e-002 -1.551005e-003
4.692782e-003 1.630279e-002 -5.028420e-004
-7.634395e-003 -1.372656e-002 -2.000000e-003
-1.000295e-002 -1.370197e-002 -5.028420e-004
3.627465e-003 1.626547e-002 -1.237008e-003
-8.262984e-003 -1.485675e-002 -1.290410e-004
-7.655411e-003 -1.376434e-002 -1.983091e-003
1.988041e-003 1.558044e-002 -2.000000e-003
-8.113715e-003 -1.389926e-002 -1.803208e-003
1.993513e-003 1.562333e-002 -1.983092e-003
-7.822689e-003 -1.406511e-002 -1.803208e-003
3.668529e-003 1.644961e-002 -8.798740e-004
-8.271144e-003 -1.416894e-002 -1.551004e-003
2.037074e-003 1.596471e-002 -1.803208e-003
-7.112792e-003 -1.400395e-002 -2.000000e-003
3.692700e-003 1.655799e-002 -5.028430e-004
2.151728e-003 1.686328e-002 -1.290420e-004
2.076598e-003 1.627447e-002 -1.551005e-003
-7.132372e-003 -1.404250e-002 -1.983091e-003
9.236450e-004 1.567958e-002 -2.000000e-003
-7.974470e-003 -1.433801e-002 -1.551004e-003
-8.401532e-003 -1.439230e-002 -1.237007e-003
9.261870e-004 1.572274e-002 -1.983092e-003
2.109334e-003 1.653102e-002 -1.237008e-003
-7.288221e-003 -1.434934e-002 -1.803208e-003
9.464250e-004 1.606630e-002 -1.803208e-003
-8.100182e-003 -1.456404e-002 -1.237007e-003
2.133213e-003 1.671816e-002 -8.798740e-004
-8.496641e-003 -1.455523e-002 -8.798740e-004
-7.429633e-003 -1.462776e-002 -1.551004e-003
9.647890e-004 1.637803e-002 -1.551005e-003
-8.191879e-003 -1.472891e-002 -8.798740e-004
2.147268e-003 1.682832e-002 -5.028430e-004
-8.552624e-003 -1.465113e-002 -5.028420e-004
9.799980e-004 1.663622e-002 -1.237008e-003
-7.546755e-003 -1.485835e-002 -1.237007e-003
-8.245854e-003 -1.482595e-002 -5.028420e-004
-7.632188e-003 -1.502655e-002 -8.798730e-004
-4.152980e-004 1.570127e-002 -2.000000e-003
-4.164410e-004 1.574449e-002 -1.983091e-003
-5.447094e-003 -1.473199e-002 -2.000000e-003
9.910910e-004 1.682455e-002 -8.798740e-004
-5.462088e-003 -1.477254e-002 -1.983091e-003
-4.255410e-004 1.608853e-002 -1.803208e-003
-7.682474e-003 -1.512556e-002 -5.028420e-004
9.976210e-004 1.693540e-002 -5.028430e-004
-5.895587e-003 -1.594497e-002 -1.290410e-004
-4.494920e-004 1.699406e-002 -1.290420e-004
-5.581440e-003 -1.509534e-002 -1.803208e-003
-4.337970e-004 1.640069e-002 -1.551005e-003
-4.781109e-003 -1.496140e-002 -2.000000e-003
-1.595304e-003 1.562554e-002 -2.000000e-003
-4.794271e-003 -1.500258e-002 -1.983091e-003
-4.406360e-004 1.665923e-002 -1.237007e-003
-5.689735e-003 -1.538823e-002 -1.551004e-003
-1.599695e-003 1.566855e-002 -1.983091e-003
-4.456240e-004 1.684782e-002 -8.798740e-004
-4.899030e-003 -1.533040e-002 -1.803208e-003
-5.779429e-003 -1.563081e-002 -1.237007e-003
-1.634650e-003 1.601092e-002 -1.803208e-003
-4.994084e-003 -1.562785e-002 -1.551004e-003
-4.485600e-004 1.695883e-002 -5.028430e-004
-5.844855e-003 -1.580776e-002 -8.798730e-004
-1.666367e-003 1.632158e-002 -1.551005e-003
-5.072812e-003 -1.587421e-002 -1.237007e-003
-1.692636e-003 1.657888e-002 -1.237007e-003
-5.883365e-003 -1.591191e-002 -5.028420e-004
-2.808890e-003 1.545356e-002 -2.000000e-003
-5.130239e-003 -1.605392e-002 -8.798730e-004
-3.131739e-003 -1.539138e-002 -2.000000e-003
-2.816622e-003 1.549610e-002 -1.983091e-003
-1.711797e-003 1.676656e-002 -8.798740e-004
-3.140360e-003 -1.543375e-002 -1.983091e-003
-2.878168e-003 1.583470e-002 -1.803208e-003
-5.164040e-003 -1.615969e-002 -5.028420e-004
-3.389594e-003 -1.665865e-002 -1.290410e-004
-1.723076e-003 1.687703e-002 -5.028420e-004
-3.208980e-003 -1.577099e-002 -1.803208e-003
-3.040163e-003 1.672595e-002 -1.290420e-004
-2.934012e-003 1.614194e-002 -1.551004e-003
-3.271243e-003 -1.607699e-002 -1.551004e-003
-2.980264e-003 1.639641e-002 -1.237007e-003
-2.326188e-003 -1.553355e-002 -2.000000e-003
-2.332591e-003 -1.557631e-002 -1.983091e-003
-4.073241e-003 1.516941e-002 -2.000000e-003
-3.322811e-003 -1.633043e-002 -1.237007e-003
-4.084454e-003 1.521117e-002 -1.983091e-003
-2.383560e-003 -1.591667e-002 -1.803208e-003
-3.014003e-003 1.658202e-002 -8.798740e-004
-3.360427e-003 -1.651530e-002 -8.798740e-004
-4.173703e-003 1.554355e-002 -1.803208e-003
-2.429808e-003 -1.622550e-002 -1.551005e-003
-3.382568e-003 -1.662412e-002 -5.028420e-004
-3.033861e-003 1.669128e-002 -5.028420e-004
-2.468112e-003 -1.648128e-002 -1.237007e-003
-4.254684e-003 1.584513e-002 -1.551004e-003
-2.496052e-003 -1.666785e-002 -8.798740e-004
-5.136608e-003 1.484310e-002 -2.000000e-003
-7.427360e-004 -1.568919e-002 -2.000000e-003
-5.150748e-003 1.488396e-002 -1.983091e-003
-7.447800e-004 -1.573238e-002 -1.983091e-003
-4.321756e-003 1.609492e-002 -1.237007e-003
-2.512498e-003 -1.677767e-002 -5.028420e-004
-7.610540e-004 -1.607615e-002 -1.803208e-003
-7.758210e-004 -1.638807e-002 -1.551005e-003
-7.880510e-004 -1.664641e-002 -1.237007e-003
4.411422e-003 1.163196e-002 -7.448946e-003
5.606082e-003 9.710020e-003 -9.194420e-003
3.834786e-003 1.053599e-002 -9.194420e-003
-1.946972e-003 -1.104183e-002 -9.194420e-003
-2.827670e-003 -9.321580e-003 -1.074069e-002
-9.547870e-004 -9.694120e-003 -1.074069e-002
6.220193e-003 1.077369e-002 -7.448946e-003
4.439510e-004 -2.966390e-004 -1.449017e-002
8.466240e-004 -6.496380e-004 -1.446068e-002
4.014340e-004 -3.520480e-004 -1.449017e-002
0.000000e+000 0.000000e+000 -1.450000e-002
-8.914751e-003 -1.000313e-002 -5.542085e-003
-8.617759e-003 -8.972038e-003 -7.448946e-003
-7.066945e-003 -1.023824e-002 -7.448946e-003
-1.033724e-002 -8.525062e-003 -5.542085e-003
4.788720e-004 -2.361540e-004 -1.449017e-002
-5.333101e-003 -1.123927e-002 -7.448946e-003
-5.606082e-003 -9.710020e-003 -9.194420e-003
0.000000e+000 1.121216e-002 -9.194420e-003
9.547870e-004 9.694120e-003 -1.074069e-002
-9.547870e-004 9.694120e-003 -1.074069e-002
5.055990e-004 -1.716280e-004 -1.449017e-002
9.859150e-004 -4.083790e-004 -1.446068e-002
1.946972e-003 1.104183e-002 -9.194420e-003
-2.827670e-003 9.321580e-003 -1.074069e-002
-1.793260e-003 7.856787e-003 -1.205426e-002
-3.496599e-003 7.260763e-003 -1.205426e-002
2.055978e-003 -5.508980e-004 -1.434292e-002
-3.834786e-003 -1.053599e-002 -9.194420e-003
1.888007e-003 -9.828340e-004 -1.434292e-002
3.956947e-003 -1.440211e-003 -1.387510e-002
2.680567e-003 -1.707710e-003 -1.414738e-002
3.496599e-003 -7.260763e-003 -1.205426e-002
1.793260e-003 -7.856787e-003 -1.205426e-002
2.076941e-003 -5.843952e-003 -1.310666e-002
6.401005e-003 1.177125e-002 -5.542085e-003
8.122862e-003 1.065619e-002 -5.542085e-003
3.576602e-003 -5.066890e-003 -1.310666e-002
5.236760e-004 -1.041660e-004 -1.449017e-002
1.058017e-003 -1.392910e-004 -1.446068e-002
2.432120e-004 1.101980e-004 -1.449754e-002
5.236760e-004 1.041660e-004 -1.449017e-002
5.055990e-004 1.716280e-004 -1.449017e-002
4.439510e-004 2.966390e-004 -1.449017e-002
4.788720e-004 2.361540e-004 -1.449017e-002
2.488397e-003 1.218897e-002 -7.448946e-003
9.859150e-004 4.083790e-004 -1.446068e-002
-7.283304e-003 -1.124672e-002 -5.542085e-003
2.324240e-004 7.662000e-004 -1.447788e-002
5.508980e-004 2.055978e-003 -1.434292e-002
4.083790e-004 9.859150e-004 -1.446068e-002
1.392910e-004 1.058017e-003 -1.446068e-002
-3.461133e-003 -1.194922e-002 -7.448946e-003
-1.552900e-005 3.556630e-004 -1.449563e-002
0.000000e+000 -1.121216e-002 -9.194420e-003
9.284400e-005 2.126479e-003 -1.434292e-002
-1.392910e-004 1.058017e-003 -1.446068e-002
-1.101980e-004 2.432120e-004 -1.449754e-002
-5.508980e-004 2.055978e-003 -1.434292e-002
9.547870e-004 -9.694120e-003 -1.074069e-002
2.827670e-003 -9.321580e-003 -1.074069e-002
-1.946972e-003 1.104183e-002 -9.194420e-003
-7.071800e-004 1.434019e-003 -1.441157e-002
-7.040490e-004 1.132203e-003 -1.443858e-002
-1.054235e-003 1.202124e-003 -1.441157e-002
-1.475157e-003 2.207729e-003 -1.425482e-002
1.367200e-002 0.000000e+000 -4.829730e-003
-4.014340e-004 3.520480e-004 -1.449017e-002
-5.299154e-003 3.222487e-003 -1.310666e-002
-4.233231e-003 4.532683e-003 -1.310666e-002
-3.225733e-003 2.706711e-003 -1.387510e-002
-8.466240e-004 6.496380e-004 -1.446068e-002
-1.329445e-003 8.883070e-004 -1.441157e-002
-1.505080e-003 1.505080e-003 -1.434292e-002
-7.662000e-004 2.324240e-004 -1.447788e-002
-2.055978e-003 5.508980e-004 -1.434292e-002
-4.591887e-003 8.590817e-003 -1.074069e-002
4.529115e-003 1.261041e-002 -5.542085e-003
5.024604e-003 -6.300654e-003 -1.205426e-002
-1.298426e-003 3.027500e-004 -1.443858e-002
-5.481143e-003 -1.222671e-002 -5.542085e-003
5.009240e-004 1.243030e-002 -7.448946e-003
-1.595487e-003 1.045740e-004 -1.441157e-002
-2.649528e-003 1.736590e-004 -1.425482e-002
-1.058017e-003 -1.392910e-004 -1.446068e-002
-3.151128e-003 -4.148540e-004 -1.414738e-002
-1.499523e-003 -1.234968e-002 -7.448946e-003
-6.300654e-003 5.024604e-003 -1.205426e-002
-5.024604e-003 6.300654e-003 -1.205426e-002
-1.132203e-003 -7.040490e-004 -1.443858e-002
-7.061340e-004 -3.774360e-004 -1.447788e-002
-3.520480e-004 -4.014340e-004 -1.449017e-002
-2.680567e-003 -1.707710e-003 -1.414738e-002
-2.055978e-003 -5.508980e-004 -1.434292e-002
-1.505080e-003 -1.505080e-003 -1.434292e-002
1.946972e-003 -1.104183e-002 -9.194420e-003
-3.834786e-003 1.053599e-002 -9.194420e-003
4.591887e-003 -8.590817e-003 -1.074069e-002
3.492100e-005 -5.327919e-004 -1.449017e-002
1.392910e-004 -1.058017e-003 -1.446068e-002
-1.045740e-004 -1.595487e-003 -1.441157e-002
1.281730e-004 -6.095440e-004 -1.448662e-002
5.508980e-004 -2.055978e-003 -1.434292e-002
4.083790e-004 -9.859150e-004 -1.446068e-002
2.551065e-003 1.315399e-002 -5.542085e-003
-3.550508e-003 -1.292011e-002 -5.542085e-003
1.101980e-004 -2.432120e-004 -1.449754e-002
6.496380e-004 -8.466240e-004 -1.446068e-002
5.009240e-004 -1.243030e-002 -7.448946e-003
3.774360e-004 -7.061340e-004 -1.447788e-002
1.064253e-003 -1.843340e-003 -1.434292e-002
-1.499523e-003 1.234968e-002 -7.448946e-003
1.230990e-004 1.285910e-004 -1.449891e-002
3.520480e-004 4.014340e-004 -1.449017e-002
4.014340e-004 3.520480e-004 -1.449017e-002
7.234899e-005 1.122100e-004 -1.449938e-002
6.496380e-004 8.466240e-004 -1.446068e-002
-3.961560e-004 5.876400e-005 -1.449447e-002
3.834786e-003 -1.053599e-002 -9.194420e-003
-5.327919e-004 -3.492100e-005 -1.449017e-002
-6.416830e-004 -1.832420e-004 -1.448464e-002
-1.536652e-003 -1.331067e-002 -5.542085e-003
-2.432120e-004 -1.101980e-004 -1.449754e-002
2.488397e-003 -1.218897e-002 -7.448946e-003
5.132210e-004 1.338925e-002 -5.542085e-003
-7.234899e-005 -1.122100e-004 -1.449938e-002
-8.883070e-004 -1.329445e-003 -1.441157e-002
-5.606082e-003 9.710020e-003 -9.194420e-003
-3.008150e-004 -6.451000e-004 -1.448252e-002
-4.231100e-005 -1.729130e-004 -1.449891e-002
-5.508980e-004 -2.055978e-003 -1.434292e-002
-5.139530e-004 -1.514056e-003 -1.441157e-002
5.606082e-003 -9.710020e-003 -9.194420e-003
6.179641e-003 -7.529914e-003 -1.074069e-002
-6.179641e-003 7.529914e-003 -1.074069e-002
-3.461133e-003 1.194922e-002 -7.448946e-003
-1.122100e-004 7.234899e-005 -1.449938e-002
6.144287e-003 -8.445130e-004 -1.310666e-002
5.362694e-003 0.000000e+000 -1.347188e-002
6.612669e-003 0.000000e+000 -1.290436e-002
7.803372e-003 0.000000e+000 -1.222119e-002
-1.997220e-004 1.473200e-005 -1.449862e-002
5.132210e-004 -1.338925e-002 -5.542085e-003
-7.260763e-003 3.496599e-003 -1.205426e-002
-5.972064e-003 1.673294e-003 -1.310666e-002
4.411422e-003 -1.163196e-002 -7.448946e-003
-1.536652e-003 1.331067e-002 -5.542085e-003
7.207041e-003 -8.589017e-003 -9.194420e-003
-7.207041e-003 8.589017e-003 -9.194420e-003
-5.333101e-003 1.123927e-002 -7.448946e-003
2.551065e-003 -1.315399e-002 -5.542085e-003
7.856787e-003 -1.793260e-003 -1.205426e-002
8.924133e-003 0.000000e+000 -1.142847e-002
-7.856787e-003 1.793260e-003 -1.205426e-002
6.220193e-003 -1.077369e-002 -7.448946e-003
4.529115e-003 -1.261041e-002 -5.542085e-003
7.867865e-003 -9.636385e-003 -7.448946e-003
-3.550508e-003 1.292011e-002 -5.542085e-003
9.321580e-003 -2.827670e-003 -1.074069e-002
7.260763e-003 -3.496599e-003 -1.205426e-002
8.590817e-003 -4.591887e-003 -1.074069e-002
9.710020e-003 -5.606082e-003 -9.194420e-003
7.529914e-003 -6.179641e-003 -1.074069e-002
8.589017e-003 -7.207041e-003 -9.194420e-003
6.401005e-003 -1.177125e-002 -5.542085e-003
-7.066945e-003 1.023824e-002 -7.448946e-003
9.311763e-003 -8.249503e-003 -7.448946e-003
9.694120e-003 -9.547870e-004 -1.074069e-002
9.964906e-003 0.000000e+000 -1.053331e-002
1.091636e-002 0.000000e+000 -9.543745e-003
-5.481143e-003 1.222671e-002 -5.542085e-003
8.122862e-003 -1.065619e-002 -5.542085e-003
-9.321580e-003 2.827670e-003 -1.074069e-002
-8.590817e-003 4.591887e-003 -1.074069e-002
1.053599e-002 -3.834786e-003 -9.194420e-003
1.051449e-002 -6.648962e-003 -7.448946e-003
9.654325e-003 -9.291356e-003 -5.542085e-003
1.104183e-002 -1.946972e-003 -9.194420e-003
1.176997e-002 0.000000e+000 -8.468637e-003
-8.617759e-003 8.972038e-003 -7.448946e-003
-8.589017e-003 7.207041e-003 -9.194420e-003
1.144490e-002 -4.876216e-003 -7.448946e-003
-9.710020e-003 5.606082e-003 -9.194420e-003
-7.529914e-003 6.179641e-003 -1.074069e-002
1.095950e-002 -7.708740e-003 -5.542085e-003
-7.283304e-003 1.124672e-002 -5.542085e-003
1.207889e-002 -2.977179e-003 -7.448946e-003
1.200779e-002 -5.945437e-003 -5.542085e-003
1.240005e-002 -1.001035e-003 -7.448946e-003
1.251808e-002 0.000000e+000 -7.317622e-003
1.315399e-002 0.000000e+000 -6.101018e-003
6.144287e-003 8.445130e-004 -1.310666e-002
-9.694120e-003 9.547870e-004 -1.074069e-002
1.277463e-002 -4.042778e-003 -5.542085e-003
1.324205e-002 -2.045360e-003 -5.542085e-003
-8.058839e-003 0.000000e+000 -1.205426e-002
-9.945377e-003 7.473466e-003 -7.448946e-003
1.058017e-003 1.392910e-004 -1.446068e-002
1.371235e-003 0.000000e+000 -1.443502e-002
2.730180e-003 0.000000e+000 -1.424065e-002
-1.053599e-002 3.834786e-003 -9.194420e-003
3.077283e-003 4.051320e-004 -1.416390e-002
2.055978e-003 5.508980e-004 -1.434292e-002
3.956947e-003 1.440211e-003 -1.387510e-002
4.064653e-003 0.000000e+000 -1.391864e-002
4.718252e-003 8.319550e-004 -1.368561e-002
2.819204e-003 1.467584e-003 -1.414738e-002
7.856787e-003 1.793260e-003 -1.205426e-002
-8.914751e-003 1.000313e-002 -5.542085e-003
5.067467e-003 1.255296e-003 -1.352756e-002
5.688593e-003 2.470905e-003 -1.310666e-002
9.694120e-003 9.547870e-004 -1.074069e-002
-1.101542e-002 5.781336e-003 -7.448946e-003
4.439897e-003 2.746327e-003 -1.352756e-002
4.811002e-003 3.914041e-003 -1.310666e-002
3.225733e-003 2.706711e-003 -1.387510e-002
-9.694120e-003 -9.547870e-004 -1.074069e-002
6.793401e-003 2.229314e-003 -1.261467e-002
-7.856787e-003 -1.793260e-003 -1.205426e-002
7.260763e-003 3.496599e-003 -1.205426e-002
-1.104183e-002 1.946972e-003 -9.194420e-003
-1.033724e-002 8.525062e-003 -5.542085e-003
1.934838e-003 2.521530e-003 -1.414738e-002
1.505080e-003 1.505080e-003 -1.434292e-002
-7.260763e-003 -3.496599e-003 -1.205426e-002
-5.972064e-003 -1.673294e-003 -1.310666e-002
3.534303e-003 3.842355e-003 -1.352756e-002
2.105448e-003 3.646742e-003 -1.387510e-002
3.576602e-003 5.066890e-003 -1.310666e-002
6.035310e-003 3.833429e-003 -1.261467e-002
-5.299154e-003 -3.222487e-003 -1.310666e-002
6.300654e-003 5.024604e-003 -1.205426e-002
1.216290e-003 2.936384e-003 -1.414738e-002
7.312140e-004 4.146922e-003 -1.387510e-002
5.030974e-003 5.080300e-003 -1.261467e-002
9.321580e-003 2.827670e-003 -1.074069e-002
5.024604e-003 6.300654e-003 -1.205426e-002
2.188366e-003 4.739836e-003 -1.352756e-002
2.076941e-003 5.843952e-003 -1.310666e-002
7.454731e-003 4.905828e-003 -1.142847e-002
7.529914e-003 6.179641e-003 -1.074069e-002
8.590817e-003 4.591887e-003 -1.074069e-002
-1.180016e-002 3.939472e-003 -7.448946e-003
-4.233231e-003 -4.532683e-003 -1.310666e-002
-3.225733e-003 -2.706711e-003 -1.387510e-002
-1.386360e-004 3.175294e-003 -1.414738e-002
-7.312140e-004 4.146922e-003 -1.387510e-002
1.104183e-002 1.946972e-003 -9.194420e-003
6.354411e-003 6.265909e-003 -1.142847e-002
6.179641e-003 7.529914e-003 -1.074069e-002
-1.121216e-002 0.000000e+000 -9.194420e-003
4.905828e-003 7.454731e-003 -1.142847e-002
3.496599e-003 7.260763e-003 -1.205426e-002
4.591887e-003 8.590817e-003 -1.074069e-002
7.468620e-003 7.387591e-003 -9.994660e-003
7.207041e-003 8.589017e-003 -9.194420e-003
8.589017e-003 7.207041e-003 -9.194420e-003
-9.321580e-003 -2.827670e-003 -1.074069e-002
-2.771830e-004 5.213268e-003 -1.352756e-002
-1.261845e-003 6.072331e-003 -1.310666e-002
4.232430e-004 6.187594e-003 -1.310666e-002
-1.216290e-003 2.936384e-003 -1.414738e-002
-1.151744e-002 6.847179e-003 -5.542085e-003
-1.673427e-003 4.945163e-003 -1.352756e-002
-2.853348e-003 5.506711e-003 -1.310666e-002
-2.105448e-003 3.646742e-003 -1.387510e-002
-6.300654e-003 -5.024604e-003 -1.205426e-002
-1.934838e-003 2.521530e-003 -1.414738e-002
-7.311720e-004 7.112350e-003 -1.261467e-002
0.000000e+000 8.058839e-003 -1.205426e-002
-2.295487e-003 6.771328e-003 -1.261467e-002
-1.227929e-002 1.995578e-003 -7.448946e-003
-3.106943e-003 4.195462e-003 -1.352756e-002
-1.104183e-002 -1.946972e-003 -9.194420e-003
1.053599e-002 3.834786e-003 -9.194420e-003
-2.819204e-003 1.467584e-003 -1.414738e-002
-3.956947e-003 1.440211e-003 -1.387510e-002
-1.242768e-002 5.008804e-003 -5.542085e-003
-3.892129e-003 5.997622e-003 -1.261467e-002
1.240005e-002 1.001035e-003 -7.448946e-003
-4.706079e-003 2.260047e-003 -1.352756e-002
-4.905828e-003 7.454731e-003 -1.142847e-002
-8.590817e-003 -4.591887e-003 -1.074069e-002
-3.151128e-003 4.148540e-004 -1.414738e-002
-6.354411e-003 6.265909e-003 -1.142847e-002
-3.956947e-003 -1.440211e-003 -1.387510e-002
-5.172006e-003 7.108760e-004 -1.352756e-002
-4.210895e-003 0.000000e+000 -1.387510e-002
-6.202053e-003 0.000000e+000 -1.310666e-002
-7.454731e-003 4.905828e-003 -1.142847e-002
-7.387591e-003 7.468620e-003 -9.994660e-003
-1.244039e-002 0.000000e+000 -7.448946e-003
-5.172006e-003 -7.108760e-004 -1.352756e-002
-1.304662e-002 3.053027e-003 -5.542085e-003
-7.104878e-003 8.005280e-004 -1.261467e-002
1.207889e-002 2.977179e-003 -7.448946e-003
9.710020e-003 5.606082e-003 -9.194420e-003
-7.104878e-003 -8.005280e-004 -1.261467e-002
-4.706079e-003 -2.260047e-003 -1.352756e-002
-5.024604e-003 -6.300654e-003 -1.205426e-002
-1.053599e-002 -3.834786e-003 -9.194420e-003
-1.934838e-003 -2.521530e-003 -1.414738e-002
-1.216290e-003 -2.936384e-003 -1.414738e-002
-7.312140e-004 -4.146922e-003 -1.387510e-002
-3.106943e-003 -4.195462e-003 -1.352756e-002
-2.853348e-003 -5.506711e-003 -1.310666e-002
-2.105448e-003 -3.646742e-003 -1.387510e-002
-7.454731e-003 -4.905828e-003 -1.142847e-002
-7.529914e-003 -6.179641e-003 -1.074069e-002
-1.673427e-003 -4.945163e-003 -1.352756e-002
-1.261845e-003 -6.072331e-003 -1.310666e-002
-1.227929e-002 -1.995578e-003 -7.448946e-003
-1.386360e-004 -3.175294e-003 -1.414738e-002
-1.335976e-002 1.025689e-003 -5.542085e-003
-3.892129e-003 -5.997622e-003 -1.261467e-002
1.144490e-002 4.876216e-003 -7.448946e-003
-3.496599e-003 -7.260763e-003 -1.205426e-002
-9.710020e-003 -5.606082e-003 -9.194420e-003
-6.265909e-003 -6.354411e-003 -1.142847e-002
-6.179641e-003 -7.529914e-003 -1.074069e-002
-2.771830e-004 -5.213268e-003 -1.352756e-002
1.324205e-002 2.045360e-003 -5.542085e-003
7.312140e-004 -4.146922e-003 -1.387510e-002
4.232430e-004 -6.187594e-003 -1.310666e-002
-2.295487e-003 -6.771328e-003 -1.261467e-002
-1.793260e-003 -7.856787e-003 -1.205426e-002
1.793260e-003 7.856787e-003 -1.205426e-002
-4.905828e-003 -7.454731e-003 -1.142847e-002
-4.591887e-003 -8.590817e-003 -1.074069e-002
-7.468620e-003 -7.387591e-003 -9.994660e-003
-8.589017e-003 -7.207041e-003 -9.194420e-003
-7.207041e-003 -8.589017e-003 -9.194420e-003
-1.180016e-002 -3.939472e-003 -7.448946e-003
1.216290e-003 -2.936384e-003 -1.414738e-002
1.051449e-002 6.648962e-003 -7.448946e-003
-7.311720e-004 -7.112350e-003 -1.261467e-002
0.000000e+000 -8.058839e-003 -1.205426e-002
1.277463e-002 4.042778e-003 -5.542085e-003
1.934838e-003 -2.521530e-003 -1.414738e-002
1.505080e-003 -1.505080e-003 -1.434292e-002
3.225733e-003 -2.706711e-003 -1.387510e-002
2.105448e-003 -3.646742e-003 -1.387510e-002
-1.335976e-002 -1.025689e-003 -5.542085e-003
2.188366e-003 -4.739836e-003 -1.352756e-002
3.534303e-003 -3.842355e-003 -1.352756e-002
4.811002e-003 -3.914041e-003 -1.310666e-002
-1.101542e-002 -5.781336e-003 -7.448946e-003
4.439897e-003 -2.746327e-003 -1.352756e-002
5.688593e-003 -2.470905e-003 -1.310666e-002
5.030974e-003 -5.080300e-003 -1.261467e-002
6.300654e-003 -5.024604e-003 -1.205426e-002
-1.304662e-002 -3.053027e-003 -5.542085e-003
4.905828e-003 -7.454731e-003 -1.142847e-002
3.077283e-003 -4.051320e-004 -1.416390e-002
6.035310e-003 -3.833429e-003 -1.261467e-002
2.827670e-003 9.321580e-003 -1.074069e-002
5.067467e-003 -1.255296e-003 -1.352756e-002
4.718252e-003 -8.319550e-004 -1.368561e-002
6.354411e-003 -6.265909e-003 -1.142847e-002
9.311763e-003 8.249503e-003 -7.448946e-003
6.793401e-003 -2.229314e-003 -1.261467e-002
7.454731e-003 -4.905828e-003 -1.142847e-002
1.200779e-002 5.945437e-003 -5.542085e-003
-9.945377e-003 -7.473466e-003 -7.448946e-003
7.387591e-003 -7.468620e-003 -9.994660e-003
-1.242768e-002 -5.008804e-003 -5.542085e-003
7.867865e-003 9.636385e-003 -7.448946e-003
1.095950e-002 7.708740e-003 -5.542085e-003
8.466240e-004 6.496380e-004 -1.446068e-002
1.795163e-003 1.143645e-003 -1.434292e-002
1.064253e-003 1.843340e-003 -1.434292e-002
-1.151744e-002 -6.847179e-003 -5.542085e-003
9.654325e-003 9.291356e-003 -5.542085e-003
-1.174371e-003 -2.381388e-003 -1.425482e-002
9.284400e-005 -2.126479e-003 -1.434292e-002
1.575000e-002 0.000000e+000 1.700000e-002
7.875000e-003 1.363990e-002 1.700000e-002
-1.103316e-002 -4.274269e-003 -2.000000e-003
-1.138047e-002 -3.238024e-003 -2.000000e-003
-6.228829e-003 -1.005991e-002 -2.000000e-003
-1.059171e-002 -5.274047e-003 -2.000000e-003
-1.005991e-002 -6.228829e-003 -2.000000e-003
-1.138047e-002 3.238024e-003 -2.000000e-003
-1.103316e-002 4.274269e-003 -2.000000e-003
-1.163069e-002 2.174154e-003 -2.000000e-003
-1.178169e-002 1.091734e-003 -2.000000e-003
-1.183216e-002 0.000000e+000 -2.000000e-003
-5.274047e-003 -1.059171e-002 -2.000000e-003
-1.059171e-002 5.274047e-003 -2.000000e-003
7.971274e-003 -8.744071e-003 -2.000000e-003
8.744071e-003 -7.971274e-003 -2.000000e-003
1.059171e-002 5.274047e-003 -2.000000e-003
1.005991e-002 6.228829e-003 -2.000000e-003
7.130469e-003 -9.442267e-003 -2.000000e-003
-1.005991e-002 6.228829e-003 -2.000000e-003
-7.130469e-003 -9.442267e-003 -2.000000e-003
9.442267e-003 -7.130469e-003 -2.000000e-003
6.228829e-003 -1.005991e-002 -2.000000e-003
-7.971274e-003 -8.744071e-003 -2.000000e-003
1.005991e-002 -6.228829e-003 -2.000000e-003
5.274047e-003 -1.059171e-002 -2.000000e-003
-1.091734e-003 1.178169e-002 -2.000000e-003
0.000000e+000 1.183216e-002 -2.000000e-003
-8.744071e-003 -7.971274e-003 -2.000000e-003
-2.174154e-003 1.163069e-002 -2.000000e-003
-3.238024e-003 1.138047e-002 -2.000000e-003
-4.274269e-003 1.103316e-002 -2.000000e-003
-5.274047e-003 1.059171e-002 -2.000000e-003
-6.228829e-003 1.005991e-002 -2.000000e-003
1.059171e-002 -5.274047e-003 -2.000000e-003
-9.442267e-003 -7.130469e-003 -2.000000e-003
-7.130469e-003 9.442267e-003 -2.000000e-003
-7.971274e-003 8.744071e-003 -2.000000e-003
-8.744071e-003 7.971274e-003 -2.000000e-003
4.274269e-003 -1.103316e-002 -2.000000e-003
-9.442267e-003 7.130469e-003 -2.000000e-003
1.103316e-002 -4.274269e-003 -2.000000e-003
3.238024e-003 -1.138047e-002 -2.000000e-003
1.138047e-002 -3.238024e-003 -2.000000e-003
9.442267e-003 7.130469e-003 -2.000000e-003
8.744071e-003 7.971274e-003 -2.000000e-003
7.971274e-003 8.744071e-003 -2.000000e-003
7.130469e-003 9.442267e-003 -2.000000e-003
6.228829e-003 1.005991e-002 -2.000000e-003
2.174154e-003 -1.163069e-002 -2.000000e-003
5.274047e-003 1.059171e-002 -2.000000e-003
1.163069e-002 -2.174154e-003 -2.000000e-003
1.091734e-003 -1.178169e-002 -2.000000e-003
4.274269e-003 1.103316e-002 -2.000000e-003
1.178169e-002 -1.091734e-003 -2.000000e-003
0.000000e+000 -1.183216e-002 -2.000000e-003
3.238024e-003 1.138047e-002 -2.000000e-003
1.183216e-002 0.000000e+000 -2.000000e-003
2.174154e-003 1.163069e-002 -2.000000e-003
1.091734e-003 1.178169e-002 -2.000000e-003
1.178169e-002 1.091734e-003 -2.000000e-003
1.163069e-002 2.174154e-003 -2.000000e-003
1.138047e-002 3.238024e-003 -2.000000e-003
1.103316e-002 4.274269e-003 -2.000000e-003
-3.238024e-003 -1.138047e-002 -2.000000e-003
-4.274269e-003 -1.103316e-002 -2.000000e-003
-2.174154e-003 -1.163069e-002 -2.000000e-003
-1.091734e-003 -1.178169e-002 -2.000000e-003
-1.178169e-002 -1.091734e-003 -2.000000e-003
-1.163069e-002 -2.174154e-003 -2.000000e-003
7.875000e-003 -1.363990e-002 1.700000e-002
1.694760e-002 1.333805e-003 0.000000e+000
1.700000e-002 0.000000e+000 0.000000e+000
1.679070e-002 2.659386e-003 0.000000e+000
1.653029e-002 3.968571e-003 0.000000e+000
1.616796e-002 5.253289e-003 0.000000e+000
1.570595e-002 6.505619e-003 0.000000e+000
1.514711e-002 7.717838e-003 0.000000e+000
1.449488e-002 8.882476e-003 0.000000e+000
1.375329e-002 9.992350e-003 0.000000e+000
1.292690e-002 1.104062e-002 0.000000e+000
1.202082e-002 1.202082e-002 0.000000e+000
1.104062e-002 1.292690e-002 0.000000e+000
9.992350e-003 1.375329e-002 0.000000e+000
8.882476e-003 1.449488e-002 0.000000e+000
7.717838e-003 1.514711e-002 0.000000e+000
6.505619e-003 1.570595e-002 0.000000e+000
5.253289e-003 1.616796e-002 0.000000e+000
3.968571e-003 1.653029e-002 0.000000e+000
2.659386e-003 1.679070e-002 0.000000e+000
1.333805e-003 1.694760e-002 0.000000e+000
0.000000e+000 1.700000e-002 0.000000e+000
-1.333805e-003 1.694760e-002 0.000000e+000
-2.659386e-003 1.679070e-002 0.000000e+000
-3.968571e-003 1.653029e-002 0.000000e+000
-5.253289e-003 1.616796e-002 0.000000e+000
-6.505619e-003 1.570595e-002 0.000000e+000
-7.717838e-003 1.514711e-002 0.000000e+000
-8.882476e-003 1.449488e-002 0.000000e+000
-9.992350e-003 1.375329e-002 0.000000e+000
-1.104062e-002 1.292690e-002 0.000000e+000
-1.202082e-002 1.202082e-002 0.000000e+000
-1.292690e-002 1.104062e-002 0.000000e+000
-1.375329e-002 9.992350e-003 0.000000e+000
-1.449488e-002 8.882476e-003 0.000000e+000
-1.514711e-002 7.717838e-003 0.000000e+000
-1.570595e-002 6.505619e-003 0.000000e+000
-1.616796e-002 5.253289e-003 0.000000e+000
-1.653029e-002 3.968571e-003 0.000000e+000
-1.679070e-002 2.659386e-003 0.000000e+000
-1.694760e-002 1.333805e-003 0.000000e+000
-1.700000e-002 0.000000e+000 0.000000e+000
-1.694760e-002 -1.333805e-003 0.000000e+000
-1.679070e-002 -2.659386e-003 0.000000e+000
-1.653029e-002 -3.968571e-003 0.000000e+000
-1.616796e-002 -5.253289e-003 0.000000e+000
-1.570595e-002 -6.505619e-003 0.000000e+000
-1.514711e-002 -7.717838e-003 0.000000e+000
-1.449488e-002 -8.882476e-003 0.000000e+000
-1.375329e-002 -9.992350e-003 0.000000e+000
-1.292690e-002 -1.104062e-002 0.000000e+000
-1.202082e-002 -1.202082e-002 0.000000e+000
-1.104062e-002 -1.292690e-002 0.000000e+000
-9.992350e-003 -1.375329e-002 0.000000e+000
-8.882476e-003 -1.449488e-002 0.000000e+000
-7.717838e-003 -1.514711e-002 0.000000e+000
-6.505619e-003 -1.570595e-002 0.000000e+000
-5.253289e-003 -1.616796e-002 0.000000e+000
-3.968571e-003 -1.653029e-002 0.000000e+000
-2.659386e-003 -1.679070e-002 0.000000e+000
-1.333805e-003 -1.694760e-002 0.000000e+000
0.000000e+000 -1.700000e-002 0.000000e+000
1.333805e-003 -1.694760e-002 0.000000e+000
2.659386e-003 -1.679070e-002 0.000000e+000
3.968571e-003 -1.653029e-002 0.000000e+000
5.253289e-003 -1.616796e-002 0.000000e+000
6.505619e-003 -1.570595e-002 0.000000e+000
7.717838e-003 -1.514711e-002 0.000000e+000
8.882476e-003 -1.449488e-002 0.000000e+000
9.992350e-003 -1.375329e-002 0.000000e+000
1.104062e-002 -1.292690e-002 0.000000e+000
1.202082e-002 -1.202082e-002 0.000000e+000
1.292690e-002 -1.104062e-002 0.000000e+000
1.375329e-002 -9.992350e-003 0.000000e+000
1.449488e-002 -8.882476e-003 0.000000e+000
1.514711e-002 -7.717838e-003 0.000000e+000
1.570595e-002 -6.505619e-003 0.000000e+000
1.616796e-002 -5.253289e-003 0.000000e+000
1.653029e-002 -3.968571e-003 0.000000e+000
1.679070e-002 -2.659386e-003 0.000000e+000
1.694760e-002 -1.333805e-003 0.000000e+000
-1.575000e-002 0.000000e+000 1.700000e-002
-7.875000e-003 -1.363990e-002 1.700000e-002
-7.875000e-003 1.363990e-002 1.700000e-002
-7.717838e-003 -1.514711e-002 1.700000e-002
-6.505619e-003 -1.570595e-002 1.700000e-002
-5.253289e-003 -1.616796e-002 1.700000e-002
-1.653029e-002 3.968571e-003 1.700000e-002
-1.616796e-002 5.253289e-003 1.700000e-002
-3.968571e-003 -1.653029e-002 1.700000e-002
-2.659386e-003 -1.679070e-002 1.700000e-002
-1.333805e-003 -1.694760e-002 1.700000e-002
0.000000e+000 -1.700000e-002 1.700000e-002
-8.882476e-003 -1.449488e-002 1.700000e-002
0.000000e+000 1.700000e-002 1.700000e-002
-1.333805e-003 1.694760e-002 1.700000e-002
-2.659386e-003 1.679070e-002 1.700000e-002
-3.968571e-003 1.653029e-002 1.700000e-002
1.514711e-002 7.717838e-003 1.700000e-002
1.449488e-002 8.882476e-003 1.700000e-002
-5.253289e-003 1.616796e-002 1.700000e-002
-9.992350e-003 -1.375329e-002 1.700000e-002
-1.570595e-002 6.505619e-003 1.700000e-002
-6.505619e-003 1.570595e-002 1.700000e-002
-1.104062e-002 -1.292690e-002 1.700000e-002
-1.514711e-002 7.717838e-003 1.700000e-002
-7.717838e-003 1.514711e-002 1.700000e-002
-1.449488e-002 8.882476e-003 1.700000e-002
-1.202082e-002 -1.202082e-002 1.700000e-002
-8.882476e-003 1.449488e-002 1.700000e-002
-1.292690e-002 -1.104062e-002 1.700000e-002
-1.375329e-002 9.992350e-003 1.700000e-002
-9.992350e-003 1.375329e-002 1.700000e-002
-1.292690e-002 1.104062e-002 1.700000e-002
-1.375329e-002 -9.992350e-003 1.700000e-002
-1.104062e-002 1.292690e-002 1.700000e-002
6.505619e-003 -1.570595e-002 1.700000e-002
7.717838e-003 -1.514711e-002 1.700000e-002
8.882476e-003 -1.449488e-002 1.700000e-002
-1.202082e-002 1.202082e-002 1.700000e-002
9.992350e-003 -1.375329e-002 1.700000e-002
1.104062e-002 -1.292690e-002 1.700000e-002
1.202082e-002 -1.202082e-002 1.700000e-002
1.292690e-002 -1.104062e-002 1.700000e-002
-1.449488e-002 -8.882476e-003 1.700000e-002
1.375329e-002 -9.992350e-003 1.700000e-002
1.449488e-002 -8.882476e-003 1.700000e-002
5.253289e-003 -1.616796e-002 1.700000e-002
1.375329e-002 9.992350e-003 1.700000e-002
1.292690e-002 1.104062e-002 1.700000e-002
1.202082e-002 1.202082e-002 1.700000e-002
1.104062e-002 1.292690e-002 1.700000e-002
9.992350e-003 1.375329e-002 1.700000e-002
8.882476e-003 1.449488e-002 1.700000e-002
3.968571e-003 -1.653029e-002 1.700000e-002
2.659386e-003 -1.679070e-002 1.700000e-002
7.717838e-003 1.514711e-002 1.700000e-002
1.333805e-003 -1.694760e-002 1.700000e-002
6.505619e-003 1.570595e-002 1.700000e-002
5.253289e-003 1.616796e-002 1.700000e-002
3.968571e-003 1.653029e-002 1.700000e-002
1.514711e-002 -7.717838e-003 1.700000e-002
1.570595e-002 -6.505619e-003 1.700000e-002
1.616796e-002 -5.253289e-003 1.700000e-002
1.653029e-002 -3.968571e-003 1.700000e-002
1.679070e-002 -2.659386e-003 1.700000e-002
1.694760e-002 -1.333805e-003 1.700000e-002
1.700000e-002 0.000000e+000 1.700000e-002
2.659386e-003 1.679070e-002 1.700000e-002
1.694760e-002 1.333805e-003 1.700000e-002
1.333805e-003 1.694760e-002 1.700000e-002
-1.694760e-002 -1.333805e-003 1.700000e-002
-1.679070e-002 -2.659386e-003 1.700000e-002
1.679070e-002 2.659386e-003 1.700000e-002
-1.653029e-002 -3.968571e-003 1.700000e-002
-1.616796e-002 -5.253289e-003 1.700000e-002
-1.570595e-002 -6.505619e-003 1.700000e-002
-1.514711e-002 -7.717838e-003 1.700000e-002
1.653029e-002 3.968571e-003 1.700000e-002
-1.700000e-002 0.000000e+000 1.700000e-002
-1.694760e-002 1.333805e-003 1.700000e-002
1.616796e-002 5.253289e-003 1.700000e-002
-1.679070e-002 2.659386e-003 1.700000e-002
1.570595e-002 6.505619e-003 1.700000e-002
-3.752796e-003 -8.428917e-003 -7.672671e-003
-2.746758e-003 -7.242605e-003 -9.165152e-003
-4.170061e-003 -7.428624e-003 -8.451398e-003
-8.775017e-003 -2.851176e-003 -7.672671e-003
-9.176054e-003 -9.644420e-004 -7.672671e-003
-1.000179e-002 -2.936791e-003 -5.944695e-003
-4.400210e-003 -6.374805e-003 -9.165152e-003
-5.725796e-003 -6.307862e-003 -8.451398e-003
-5.423258e-003 -7.464475e-003 -7.672671e-003
-7.039740e-004 -5.046622e-003 -1.086444e-002
0.000000e+000 -6.027589e-003 -1.037633e-002
9.573210e-004 -5.004749e-003 -1.086444e-002
3.805340e-004 -4.106615e-003 -1.126902e-002
9.295360e-004 -2.979597e-003 -1.158697e-002
-1.037684e-002 -9.908680e-004 -5.944695e-003
1.698168e-003 -5.783430e-003 -1.037633e-002
1.838318e-003 -3.691840e-003 -1.126902e-002
1.731333e-003 -2.597022e-003 -1.158697e-002
5.423258e-003 7.464475e-003 -7.672671e-003
6.856699e-003 6.173800e-003 -7.672671e-003
7.544232e-003 7.193411e-003 -5.944695e-003
3.047827e-003 -2.778461e-003 -1.126902e-002
1.371438e-003 -1.582723e-003 -1.181584e-002
1.860641e-003 -4.743626e-003 -1.086444e-002
3.258761e-003 -5.070731e-003 -1.037633e-002
8.769261e-003 5.635662e-003 -5.944695e-003
1.018233e-002 4.903553e-003 -4.034259e-003
4.555348e-003 -3.947232e-003 -1.037633e-002
3.288049e-003 -3.892648e-003 -1.086444e-002
9.677344e-003 3.874224e-003 -5.944695e-003
1.089426e-002 3.006625e-003 -4.034259e-003
1.698168e-003 5.783430e-003 -1.037633e-002
2.746758e-003 7.242605e-003 -9.165152e-003
9.336730e-004 7.689490e-003 -9.165152e-003
-1.130154e-002 0.000000e+000 -4.034259e-003
3.845709e-003 -1.489836e-003 -1.126902e-002
2.009412e-003 -5.900160e-004 -1.181584e-002
2.720368e-003 -1.530240e-003 -1.158697e-002
-1.111992e-002 2.017967e-003 -4.034259e-003
1.200857e-003 0.000000e+000 -1.193976e-002
0.000000e+000 0.000000e+000 -1.200000e-002
1.040463e-003 -1.495960e-004 -1.195387e-002
2.389657e-003 0.000000e+000 -1.175966e-002
-1.037684e-002 9.908680e-004 -5.944695e-003
3.111501e-003 -6.173573e-003 -9.808443e-003
2.746758e-003 -7.242605e-003 -9.165152e-003
4.400210e-003 -6.374805e-003 -9.165152e-003
0.000000e+000 6.027589e-003 -1.037633e-002
4.251545e-003 -2.808618e-003 -1.086444e-002
5.482888e-003 -2.503951e-003 -1.037633e-002
5.797939e-003 -5.136526e-003 -9.165152e-003
4.612753e-003 -5.149462e-003 -9.808443e-003
2.801102e-003 -4.027380e-004 -1.166154e-002
3.554467e-003 0.000000e+000 -1.146149e-002
1.157262e-002 0.000000e+000 -3.174021e-003
3.752796e-003 -8.428917e-003 -7.672671e-003
4.170061e-003 -7.428624e-003 -8.451398e-003
5.423258e-003 -7.464475e-003 -7.672671e-003
-7.990469e-003 -4.613299e-003 -7.672671e-003
-9.265256e-003 -4.776571e-003 -5.944695e-003
5.711061e-003 -3.895924e-003 -9.808443e-003
6.858713e-003 -3.599730e-003 -9.165152e-003
4.929169e-003 -1.291226e-003 -1.086444e-002
5.966237e-003 -8.578150e-004 -1.037633e-002
4.683591e-003 0.000000e+000 -1.104826e-002
-1.111992e-002 -2.017967e-003 -4.034259e-003
5.725796e-003 -6.307862e-003 -8.451398e-003
6.856699e-003 -6.173800e-003 -7.672671e-003
4.330303e-003 -9.482040e-003 -5.944695e-003
4.972219e-003 -8.518240e-003 -6.834956e-003
6.046536e-003 -8.491172e-003 -5.944695e-003
6.528974e-003 -2.273093e-003 -9.808443e-003
7.520883e-003 -1.853731e-003 -9.165152e-003
6.789915e-003 0.000000e+000 -9.894295e-003
6.912152e-003 -4.979560e-003 -8.451398e-003
7.990469e-003 -4.613299e-003 -7.672671e-003
1.040463e-003 1.495960e-004 -1.195387e-002
5.140640e-004 1.118280e-004 -1.198846e-002
2.009412e-003 5.900160e-004 -1.181584e-002
9.561710e-004 4.366690e-004 -1.195387e-002
4.929170e-004 1.838490e-004 -1.198846e-002
3.845709e-003 1.489836e-003 -1.126902e-002
2.801102e-003 4.027380e-004 -1.166154e-002
4.299746e-003 5.538290e-004 -1.118953e-002
4.929169e-003 1.291226e-003 -1.086444e-002
6.046536e-003 8.491172e-003 -5.944695e-003
4.211540e-004 3.152720e-004 -1.198846e-002
7.944150e-004 6.883650e-004 -1.195387e-002
3.720000e-004 3.720000e-004 -1.198846e-002
1.371438e-003 1.582723e-003 -1.181584e-002
5.683010e-004 8.842940e-004 -1.195387e-002
1.712696e-003 1.205208e-003 -1.181584e-002
2.720368e-003 1.530240e-003 -1.158697e-002
9.143136e-003 6.642877e-003 -4.034259e-003
-6.856699e-003 -6.173800e-003 -7.672671e-003
-8.193849e-003 -6.443714e-003 -5.944695e-003
4.617350e-004 2.521270e-004 -1.198846e-002
3.047827e-003 2.778461e-003 -1.126902e-002
2.980420e-004 2.072927e-003 -1.181584e-002
2.961470e-004 1.008583e-003 -1.195387e-002
8.859510e-004 1.897616e-003 -1.181584e-002
1.731333e-003 2.597022e-003 -1.158697e-002
3.752796e-003 8.428917e-003 -7.672671e-003
1.918318e-003 9.024975e-003 -7.672671e-003
9.295360e-004 2.979597e-003 -1.158697e-002
-1.058089e-002 -3.971076e-003 -4.034259e-003
-2.095880e-004 3.114179e-003 -1.158697e-002
-8.699800e-004 1.904991e-003 -1.181584e-002
-3.346240e-004 1.538240e-003 -1.189630e-002
0.000000e+000 1.051162e-003 -1.195387e-002
-1.698168e-003 5.783430e-003 -1.037633e-002
-9.336730e-004 7.689490e-003 -9.165152e-003
-7.544419e-004 1.381657e-003 -1.189630e-002
-1.698168e-003 -5.783430e-003 -1.037633e-002
-9.336730e-004 -7.689490e-003 -9.165152e-003
7.810071e-003 8.168694e-003 -4.034259e-003
-3.506370e-004 6.073210e-004 -1.197949e-002
-1.113139e-003 1.113139e-003 -1.189630e-002
-2.288868e-003 2.122056e-003 -1.158697e-002
-1.761789e-003 1.132233e-003 -1.181584e-002
-3.720000e-004 3.720000e-004 -1.198846e-002
-1.528936e-003 2.115591e-003 -1.171267e-002
-1.598300e-003 2.680946e-003 -1.158697e-002
-2.485391e-003 3.291189e-003 -1.126902e-002
-6.826294e-003 -7.877964e-003 -5.944695e-003
-2.900881e-003 1.151924e-003 -1.158697e-002
-4.053986e-003 7.578210e-004 -1.126902e-002
-2.563761e-003 4.904030e-004 -1.171267e-002
-3.107909e-003 2.879900e-004 -1.158697e-002
-2.094243e-003 0.000000e+000 -1.181584e-002
-3.107909e-003 -2.879900e-004 -1.158697e-002
-4.053986e-003 -7.578210e-004 -1.126902e-002
-2.563761e-003 -4.904030e-004 -1.171267e-002
-9.701792e-003 -5.796551e-003 -4.034259e-003
0.000000e+000 9.226599e-003 -7.672671e-003
-2.900881e-003 -1.151924e-003 -1.158697e-002
-1.761789e-003 -1.132233e-003 -1.181584e-002
-2.288868e-003 -2.122056e-003 -1.158697e-002
-1.113139e-003 -1.113139e-003 -1.189630e-002
-2.485391e-003 -3.291189e-003 -1.126902e-002
-1.528936e-003 -2.115591e-003 -1.171267e-002
-1.598300e-003 -2.680946e-003 -1.158697e-002
-8.699800e-004 -1.904991e-003 -1.181584e-002
-2.746758e-003 7.242605e-003 -9.165152e-003
-7.544419e-004 -1.381657e-003 -1.189630e-002
-1.918318e-003 -9.024975e-003 -7.672671e-003
-2.095880e-004 -3.114179e-003 -1.158697e-002
-3.346240e-004 -1.538240e-003 -1.189630e-002
0.000000e+000 -1.051162e-003 -1.195387e-002
2.980420e-004 -2.072927e-003 -1.181584e-002
8.859510e-004 -1.897616e-003 -1.181584e-002
5.683010e-004 -8.842940e-004 -1.195387e-002
2.961470e-004 -1.008583e-003 -1.195387e-002
3.720000e-004 -3.720000e-004 -1.198846e-002
-8.510865e-003 -7.435719e-003 -4.034259e-003
7.944150e-004 -6.883650e-004 -1.195387e-002
4.211540e-004 -3.152720e-004 -1.198846e-002
1.712696e-003 -1.205208e-003 -1.181584e-002
4.617350e-004 -2.521270e-004 -1.198846e-002
9.561710e-004 -4.366690e-004 -1.195387e-002
9.336730e-004 -7.689490e-003 -9.165152e-003
6.225983e-003 9.431961e-003 -4.034259e-003
4.929170e-004 -1.838490e-004 -1.198846e-002
-5.212020e-003 -9.027483e-003 -5.944695e-003
4.330303e-003 9.482040e-003 -5.944695e-003
5.140640e-004 -1.118280e-004 -1.198846e-002
2.457561e-003 1.013020e-002 -5.944695e-003
4.299746e-003 -5.538290e-004 -1.118953e-002
2.430790e-004 1.006870e-004 -1.199711e-002
1.006870e-004 2.430790e-004 -1.199711e-002
-7.046393e-003 -8.835899e-003 -4.034259e-003
3.018660e-004 7.287690e-004 -1.197405e-002
-1.918318e-003 9.024975e-003 -7.672671e-003
8.010400e-005 6.084470e-004 -1.198430e-002
0.000000e+000 5.260870e-004 -1.198846e-002
-3.409369e-003 -9.850726e-003 -5.944695e-003
4.441787e-003 1.039208e-002 -4.034259e-003
-7.287690e-004 3.018660e-004 -1.197405e-002
-1.510449e-003 4.435080e-004 -1.189630e-002
-1.051162e-003 0.000000e+000 -1.195387e-002
0.000000e+000 -9.226599e-003 -7.672671e-003
-1.510449e-003 -4.435080e-004 -1.189630e-002
-1.213058e-003 -5.024650e-004 -1.192795e-002
4.959960e-004 1.041223e-002 -5.944695e-003
-3.720000e-004 -3.720000e-004 -1.198846e-002
-7.432840e-004 -7.432840e-004 -1.195387e-002
-5.355444e-003 -9.952083e-003 -4.034259e-003
-1.006870e-004 -2.430790e-004 -1.199711e-002
-1.483496e-003 -1.031794e-002 -5.944695e-003
-3.018660e-004 -7.287690e-004 -1.197405e-002
-5.024650e-004 -1.213058e-003 -1.192795e-002
0.000000e+000 -3.507870e-004 -1.199487e-002
3.018660e-004 -7.287690e-004 -1.197405e-002
1.918318e-003 -9.024975e-003 -7.672671e-003
2.430790e-004 -1.006870e-004 -1.199711e-002
-4.540000e-005 1.694350e-004 -1.199872e-002
-3.752796e-003 8.428917e-003 -7.672671e-003
2.514829e-003 1.101818e-002 -4.034259e-003
-7.309200e-005 1.093890e-004 -1.199928e-002
-3.492367e-003 -1.074840e-002 -4.034259e-003
-2.430790e-004 1.006870e-004 -1.199711e-002
-5.260870e-004 0.000000e+000 -1.198846e-002
-1.483496e-003 1.031794e-002 -5.944695e-003
4.959960e-004 -1.041223e-002 -5.944695e-003
-3.506472e-003 2.171116e-003 -1.126902e-002
-4.555348e-003 3.947232e-003 -1.037633e-002
-5.482888e-003 2.503951e-003 -1.037633e-002
-6.448570e-004 -1.282700e-004 -1.198197e-002
-7.287690e-004 -3.018660e-004 -1.197405e-002
-3.870380e-004 -7.698699e-005 -1.199351e-002
7.309200e-005 -1.093890e-004 -1.199928e-002
-1.517042e-003 -1.119926e-002 -4.034259e-003
5.070420e-004 1.129016e-002 -4.034259e-003
1.240350e-004 -1.240350e-004 -1.199872e-002
-1.963870e-004 -1.934200e-005 -1.199838e-002
-1.093890e-004 -7.309200e-005 -1.199928e-002
-3.409369e-003 9.850726e-003 -5.944695e-003
2.457561e-003 -1.013020e-002 -5.944695e-003
5.070420e-004 -1.129016e-002 -4.034259e-003
-1.517042e-003 1.119926e-002 -4.034259e-003
5.765696e-003 0.000000e+000 -1.052410e-002
2.514829e-003 -1.101818e-002 -4.034259e-003
7.745967e-003 0.000000e+000 -9.165152e-003
8.624253e-003 0.000000e+000 -8.343996e-003
4.441787e-003 -1.039208e-002 -4.034259e-003
7.544232e-003 -7.193411e-003 -5.944695e-003
-5.423258e-003 7.464475e-003 -7.672671e-003
-5.212020e-003 9.027483e-003 -5.944695e-003
-3.492367e-003 1.074840e-002 -4.034259e-003
6.225983e-003 -9.431961e-003 -4.034259e-003
8.775017e-003 -2.851176e-003 -7.672671e-003
5.966237e-003 8.578150e-004 -1.037633e-002
8.769261e-003 -5.635662e-003 -5.944695e-003
-6.826294e-003 7.877964e-003 -5.944695e-003
7.810071e-003 -8.168694e-003 -4.034259e-003
-6.856699e-003 6.173800e-003 -7.672671e-003
9.176054e-003 -9.644420e-004 -7.672671e-003
9.415955e-003 0.000000e+000 -7.439070e-003
1.011313e-002 0.000000e+000 -6.459460e-003
9.677344e-003 -3.874224e-003 -5.944695e-003
9.143136e-003 -6.642877e-003 -4.034259e-003
-5.355444e-003 9.952083e-003 -4.034259e-003
1.023566e-002 -1.972762e-003 -5.944695e-003
1.070877e-002 0.000000e+000 -5.415000e-003
1.018233e-002 -4.903553e-003 -4.034259e-003
1.089426e-002 -3.006625e-003 -4.034259e-003
7.520883e-003 1.853731e-003 -9.165152e-003
-7.990469e-003 4.613299e-003 -7.672671e-003
-8.193849e-003 6.443714e-003 -5.944695e-003
1.125604e-002 -1.013062e-003 -4.034259e-003
1.119690e-002 0.000000e+000 -4.316176e-003
-5.966237e-003 -8.578150e-004 -1.037633e-002
-5.966237e-003 8.578150e-004 -1.037633e-002
-7.745967e-003 0.000000e+000 -9.165152e-003
-7.520883e-003 1.853731e-003 -9.165152e-003
9.176054e-003 9.644420e-004 -7.672671e-003
-6.858713e-003 3.599730e-003 -9.165152e-003
-8.775017e-003 2.851176e-003 -7.672671e-003
-7.046393e-003 8.835899e-003 -4.034259e-003
5.482888e-003 2.503951e-003 -1.037633e-002
4.251545e-003 2.808618e-003 -1.086444e-002
4.555348e-003 3.947232e-003 -1.037633e-002
6.858713e-003 3.599730e-003 -9.165152e-003
6.528974e-003 2.273093e-003 -9.808443e-003
1.838318e-003 3.691840e-003 -1.126902e-002
3.288049e-003 3.892648e-003 -1.086444e-002
3.258761e-003 5.070731e-003 -1.037633e-002
5.711061e-003 3.895924e-003 -9.808443e-003
-9.265256e-003 4.776571e-003 -5.944695e-003
5.797939e-003 5.136526e-003 -9.165152e-003
8.775017e-003 2.851176e-003 -7.672671e-003
-9.176054e-003 9.644420e-004 -7.672671e-003
3.805340e-004 4.106615e-003 -1.126902e-002
4.612753e-003 5.149462e-003 -9.808443e-003
4.400210e-003 6.374805e-003 -9.165152e-003
1.860641e-003 4.743626e-003 -1.086444e-002
-7.520883e-003 -1.853731e-003 -9.165152e-003
7.990469e-003 4.613299e-003 -7.672671e-003
6.912152e-003 4.979560e-003 -8.451398e-003
-1.128643e-003 3.966769e-003 -1.126902e-002
-8.510865e-003 7.435719e-003 -4.034259e-003
9.573210e-004 5.004749e-003 -1.086444e-002
3.111501e-003 6.173573e-003 -9.808443e-003
5.725796e-003 6.307862e-003 -8.451398e-003
4.170061e-003 7.428624e-003 -8.451398e-003
-7.039740e-004 5.046622e-003 -1.086444e-002
-1.000179e-002 2.936791e-003 -5.944695e-003
-2.097256e-003 4.643866e-003 -1.086444e-002
-3.258761e-003 5.070731e-003 -1.037633e-002
4.890902e-003 8.565188e-003 -6.834956e-003
1.023566e-002 1.972762e-003 -5.944695e-003
-3.479979e-003 3.722058e-003 -1.086444e-002
-3.506472e-003 -2.171116e-003 -1.126902e-002
-5.482888e-003 -2.503951e-003 -1.037633e-002
-4.555348e-003 -3.947232e-003 -1.037633e-002
-3.111501e-003 6.173573e-003 -9.808443e-003
-4.400210e-003 6.374805e-003 -9.165152e-003
-4.612753e-003 5.149462e-003 -9.808443e-003
-9.701792e-003 5.796551e-003 -4.034259e-003
-5.797939e-003 5.136526e-003 -9.165152e-003
-4.170061e-003 7.428624e-003 -8.451398e-003
-4.857860e-003 1.537911e-003 -1.086444e-002
-5.711061e-003 3.895924e-003 -9.808443e-003
-5.725796e-003 6.307862e-003 -8.451398e-003
-6.528974e-003 2.273093e-003 -9.808443e-003
-1.058089e-002 3.971076e-003 -4.034259e-003
-5.094362e-003 -1.069970e-004 -1.086444e-002
-6.912152e-003 4.979560e-003 -8.451398e-003
-6.858713e-003 -3.599730e-003 -9.165152e-003
-4.857860e-003 -1.537911e-003 -1.086444e-002
-6.528974e-003 -2.273093e-003 -9.808443e-003
-1.128643e-003 -3.966769e-003 -1.126902e-002
-3.479979e-003 -3.722058e-003 -1.086444e-002
-3.258761e-003 -5.070731e-003 -1.037633e-002
-5.711061e-003 -3.895924e-003 -9.808443e-003
1.125604e-002 1.013062e-003 -4.034259e-003
-5.797939e-003 -5.136526e-003 -9.165152e-003
-9.863122e-003 -4.694900e-005 -6.834956e-003
-2.097256e-003 -4.643866e-003 -1.086444e-002
-4.612753e-003 -5.149462e-003 -9.808443e-003
-6.912152e-003 -4.979560e-003 -8.451398e-003
-3.111501e-003 -6.173573e-003 -9.808443e-003
3 0 1 2
3 3 4 5
3 3 6 4
3 7 8 9
3 3 5 10
3 7 9 11
3 12 10 13
3 12 3 10
3 14 11 15
3 16 13 17
3 14 15 18
3 16 12 13
3 14 7 11
3 16 17 19
3 20 21 6
3 22 2 8
3 22 0 2
3 22 8 7
3 23 21 20
3 24 7 14
3 25 20 6
3 24 22 7
3 26 14 18
3 25 6 3
3 26 24 14
3 26 18 27
3 25 3 12
3 28 1 0
3 29 23 20
3 30 1 28
3 31 12 16
3 32 0 22
3 31 25 12
3 32 28 0
3 33 16 19
3 33 31 16
3 34 30 28
3 35 29 20
3 35 20 25
3 36 32 22
3 36 22 24
3 37 25 31
3 37 35 25
3 38 28 32
3 38 34 28
3 39 19 40
3 38 32 36
3 39 33 19
3 39 31 33
3 41 24 26
3 41 26 27
3 39 37 31
3 41 36 24
3 42 23 29
3 43 38 36
3 44 23 42
3 43 36 41
3 45 43 41
3 45 27 46
3 47 29 35
3 45 41 27
3 47 42 29
3 48 30 34
3 49 42 47
3 50 30 48
3 49 44 42
3 51 34 38
3 52 35 37
3 51 48 34
3 52 47 35
3 53 48 51
3 54 47 52
3 53 50 48
3 54 49 47
3 55 51 38
3 56 52 37
3 56 39 40
3 55 38 43
3 56 37 39
3 57 54 52
3 57 52 56
3 58 51 55
3 58 53 51
3 59 56 40
3 59 57 56
3 60 45 46
3 59 40 61
3 60 55 43
3 60 43 45
3 62 58 55
3 62 55 60
3 63 44 49
3 64 44 63
3 65 62 60
3 66 54 57
3 65 60 46
3 66 49 54
3 65 46 67
3 68 50 53
3 68 53 58
3 66 63 49
3 69 64 63
3 70 50 68
3 71 68 58
3 71 58 62
3 72 66 57
3 73 70 68
3 73 68 71
3 74 63 66
3 74 69 63
3 75 62 65
3 75 71 62
3 76 57 59
3 76 59 61
3 76 72 57
3 77 71 75
3 78 74 66
3 78 66 72
3 77 73 71
3 79 65 67
3 79 75 65
3 80 78 72
3 80 76 61
3 80 72 76
3 81 77 75
3 80 61 82
3 83 84 64
3 81 75 79
3 85 79 67
3 85 81 79
3 83 64 69
3 85 67 86
3 87 70 73
3 87 88 70
3 89 69 74
3 89 83 69
3 90 91 88
3 90 88 87
3 92 84 83
3 90 93 91
3 94 74 78
3 95 73 77
3 95 87 73
3 94 89 74
3 95 90 87
3 96 93 90
3 97 83 89
3 96 90 95
3 96 98 93
3 97 92 83
3 99 78 80
3 100 77 81
3 99 80 82
3 99 94 78
3 100 95 77
3 100 96 95
3 101 97 89
3 101 89 94
3 102 98 96
3 102 96 100
3 103 101 94
3 102 104 98
3 103 99 82
3 103 94 99
3 105 81 85
3 103 82 106
3 105 85 86
3 105 100 81
3 107 108 84
3 105 102 100
3 107 84 92
3 109 104 102
3 109 105 86
3 107 92 97
3 109 102 105
3 109 86 110
3 109 111 104
3 109 110 111
3 112 108 107
3 113 107 97
3 113 97 101
3 113 112 107
3 114 112 113
3 115 101 103
3 115 113 101
3 115 114 113
3 116 115 103
3 116 103 106
3 117 115 116
3 117 114 115
3 118 106 119
3 118 116 106
3 118 117 116
3 120 121 108
3 120 108 112
3 120 112 114
3 122 121 120
3 123 114 117
3 123 120 114
3 123 122 120
3 124 122 123
3 125 123 117
3 125 124 123
3 126 124 125
3 127 125 117
3 127 126 125
3 127 118 119
3 127 117 118
3 128 126 127
3 128 127 119
3 128 119 129
3 130 131 121
3 130 121 122
3 132 131 130
3 133 130 122
3 133 132 130
3 133 122 124
3 134 132 133
3 135 124 126
3 135 134 133
3 135 133 124
3 136 134 135
3 137 126 128
3 137 136 135
3 137 128 129
3 137 135 126
3 138 136 137
3 138 137 129
3 138 129 139
3 140 131 132
3 140 141 131
3 142 141 140
3 143 132 134
3 143 140 132
3 143 142 140
3 144 142 143
3 145 134 136
3 145 143 134
3 145 144 143
3 146 144 145
3 147 145 136
3 147 138 139
3 147 136 138
3 147 146 145
3 148 147 139
3 148 146 147
3 148 139 149
3 150 151 141
3 150 141 142
3 150 142 144
3 152 91 93
3 153 151 150
3 152 154 91
3 155 144 146
3 155 153 150
3 156 154 152
3 155 150 144
3 157 153 155
3 158 93 98
3 159 146 148
3 158 156 152
3 159 155 146
3 159 157 155
3 158 152 93
3 160 157 159
3 161 156 158
3 162 148 149
3 162 159 148
3 163 98 104
3 163 158 98
3 162 160 159
3 164 162 149
3 163 161 158
3 165 161 163
3 164 160 162
3 166 151 153
3 167 104 111
3 168 166 153
3 167 163 104
3 167 111 110
3 167 165 163
3 167 110 169
3 170 167 169
3 171 166 168
3 170 165 167
3 172 153 157
3 173 154 156
3 174 173 156
3 172 171 168
3 172 168 153
3 174 156 161
3 175 176 173
3 175 173 174
3 177 171 172
3 178 161 165
3 179 157 160
3 178 174 161
3 179 172 157
3 178 175 174
3 179 177 172
3 180 175 178
3 181 177 179
3 182 149 183
3 182 164 149
3 184 180 178
3 182 179 160
3 182 160 164
3 184 178 165
3 182 181 179
3 185 181 182
3 186 180 184
3 185 182 183
3 187 170 169
3 187 165 170
3 188 166 171
3 187 184 165
3 187 169 189
3 187 186 184
3 190 188 171
3 191 187 189
3 192 188 190
3 191 186 187
3 192 193 188
3 194 190 171
3 195 176 175
3 196 197 176
3 194 171 177
3 194 192 190
3 198 192 194
3 196 176 195
3 199 175 180
3 199 195 175
3 200 177 181
3 199 180 186
3 200 194 177
3 200 198 194
3 199 196 195
3 201 196 199
3 202 198 200
3 203 199 186
3 204 185 183
3 204 202 200
3 203 201 199
3 204 183 205
3 204 181 185
3 206 201 203
3 204 200 181
3 207 204 205
3 208 203 186
3 207 202 204
3 208 206 203
3 208 189 209
3 210 193 192
3 208 186 191
3 210 192 198
3 208 191 189
3 211 206 208
3 211 208 209
3 212 213 193
3 214 197 196
3 212 193 210
3 215 198 202
3 216 217 197
3 215 210 198
3 215 212 210
3 216 197 214
3 218 196 201
3 219 212 215
3 220 202 207
3 218 216 214
3 218 214 196
3 220 215 202
3 218 201 206
3 220 219 215
3 221 220 207
3 222 216 218
3 221 207 205
3 223 218 206
3 221 205 224
3 225 220 221
3 223 222 218
3 225 219 220
3 226 223 206
3 226 211 209
3 226 206 211
3 227 221 224
3 226 209 228
3 227 225 221
3 229 222 223
3 230 213 212
3 229 223 226
3 231 229 226
3 232 212 219
3 232 230 212
3 231 226 228
3 233 217 216
3 234 235 213
3 234 213 230
3 236 233 216
3 237 232 219
3 237 219 225
3 237 225 227
3 236 216 222
3 238 217 233
3 239 230 232
3 240 222 229
3 239 234 230
3 240 236 222
3 241 237 227
3 241 227 224
3 241 224 242
3 243 239 232
3 244 233 236
3 243 232 237
3 244 238 233
3 245 229 231
3 245 228 246
3 247 237 241
3 245 231 228
3 245 240 229
3 247 241 242
3 247 243 237
3 248 236 240
3 248 244 236
3 249 235 234
3 250 217 238
3 251 249 234
3 251 234 239
3 252 245 246
3 251 239 243
3 252 240 245
3 252 248 240
3 253 254 235
3 253 235 249
3 255 250 238
3 253 249 251
3 256 243 247
3 257 238 244
3 256 251 243
3 257 255 238
3 258 259 250
3 258 250 255
3 260 253 251
3 260 251 256
3 261 242 262
3 263 244 248
3 261 247 242
3 261 256 247
3 263 257 244
3 264 260 256
3 264 256 261
3 265 255 257
3 265 258 255
3 266 261 262
3 266 264 261
3 267 246 268
3 267 263 248
3 269 253 260
3 267 252 246
3 267 248 252
3 269 254 253
3 270 257 263
3 270 265 257
3 271 269 260
3 272 263 267
3 271 260 264
3 272 270 263
3 273 254 269
3 272 267 268
3 273 274 254
3 273 269 271
3 275 264 266
3 275 271 264
3 276 259 258
3 277 258 265
3 277 276 258
3 278 273 271
3 278 271 275
3 279 275 266
3 280 259 276
3 279 262 281
3 279 266 262
3 282 275 279
3 282 278 275
3 283 277 265
3 283 265 270
3 284 282 279
3 284 279 281
3 285 280 276
3 285 276 277
3 286 274 273
3 286 273 278
3 287 270 272
3 287 272 268
3 287 283 270
3 288 278 282
3 287 268 289
3 288 286 278
3 290 277 283
3 290 285 277
3 291 259 280
3 292 274 286
3 292 286 288
3 293 290 283
3 293 283 287
3 294 282 284
3 293 287 289
3 294 288 282
3 295 291 280
3 296 284 281
3 296 294 284
3 296 281 297
3 298 295 280
3 299 292 288
3 298 280 285
3 298 285 290
3 299 288 294
3 300 294 296
3 301 302 291
3 301 291 295
3 300 299 294
3 303 274 292
3 301 295 298
3 304 296 297
3 305 298 290
3 305 290 293
3 304 300 296
3 306 303 292
3 307 293 289
3 307 305 293
3 307 289 308
3 309 292 299
3 310 298 305
3 310 301 298
3 309 299 300
3 309 306 292
3 311 305 307
3 311 310 305
3 312 300 304
3 312 309 300
3 313 307 308
3 314 306 309
3 313 311 307
3 314 303 306
3 315 302 301
3 316 304 297
3 316 312 304
3 315 301 310
3 316 297 317
3 318 310 311
3 319 309 312
3 319 314 309
3 318 315 310
3 320 303 314
3 321 318 311
3 322 312 316
3 321 311 313
3 322 319 312
3 323 316 317
3 324 302 315
3 324 315 318
3 323 322 316
3 325 308 326
3 325 313 308
3 327 320 314
3 325 321 313
3 328 314 319
3 329 318 321
3 329 324 318
3 328 319 322
3 328 327 314
3 330 302 324
3 331 322 323
3 332 321 325
3 331 328 322
3 332 329 321
3 333 325 326
3 334 327 328
3 334 320 327
3 333 332 325
3 335 323 317
3 336 330 324
3 335 317 337
3 335 331 323
3 338 336 324
3 339 328 331
3 339 334 328
3 338 329 332
3 340 320 334
3 338 324 329
3 341 331 335
3 341 339 331
3 342 334 339
3 343 338 332
3 344 330 336
3 342 340 334
3 344 336 338
3 345 326 346
3 347 335 337
3 345 333 326
3 347 341 335
3 345 332 333
3 348 342 339
3 345 343 332
3 348 339 341
3 349 338 343
3 349 344 338
3 350 348 341
3 351 330 344
3 352 343 345
3 350 341 347
3 352 349 343
3 353 344 349
3 354 340 342
3 355 350 347
3 355 337 356
3 355 347 337
3 353 351 344
3 357 348 350
3 357 354 342
3 358 345 346
3 358 352 345
3 357 342 348
3 359 340 354
3 360 353 349
3 360 349 352
3 361 350 355
3 361 357 350
3 362 360 352
3 363 354 357
3 364 351 353
3 363 359 354
3 365 355 356
3 365 361 355
3 366 352 358
3 366 358 346
3 366 362 352
3 367 363 357
3 366 346 368
3 367 357 361
3 369 353 360
3 369 364 353
3 369 360 362
3 370 367 361
3 370 361 365
3 371 351 364
3 372 370 365
3 372 356 373
3 374 369 362
3 372 365 356
3 375 359 363
3 375 363 367
3 376 371 364
3 377 375 367
3 377 367 370
3 378 374 362
3 378 362 366
3 378 366 368
3 379 359 375
3 380 364 369
3 381 370 372
3 380 376 364
3 381 377 370
3 382 375 377
3 383 369 374
3 382 379 375
3 383 380 369
3 384 372 373
3 385 383 374
3 385 374 378
3 384 381 372
3 385 378 368
3 385 368 17
3 4 21 371
3 9 382 377
3 4 371 376
3 9 377 381
3 5 376 380
3 11 381 384
3 11 9 381
3 5 4 376
3 15 384 373
3 15 11 384
3 10 380 383
3 15 373 18
3 10 5 380
3 2 379 382
3 6 21 4
3 1 379 2
3 8 382 9
3 13 383 385
3 13 385 17
3 8 2 382
3 13 10 383
3 386 387 388
3 389 390 388
3 390 386 388
3 391 392 393
3 394 395 396
3 397 391 393
3 395 398 396
3 399 400 401
3 402 21 403
3 400 404 401
3 394 396 405
3 21 406 403
3 407 394 405
3 392 408 409
3 410 399 411
3 402 403 409
3 412 410 411
3 408 402 409
3 399 401 411
3 403 406 409
3 413 407 414
3 397 393 415
3 407 405 414
3 416 397 415
3 392 409 417
3 393 392 417
3 398 320 418
3 406 419 420
3 409 406 420
3 416 415 421
3 398 418 422
3 396 398 422
3 387 416 421
3 419 423 424
3 404 413 425
3 413 414 425
3 396 422 426
3 415 393 427
3 393 417 427
3 405 396 426
3 404 425 428
3 417 409 429
3 420 419 429
3 401 404 428
3 409 420 429
3 414 405 430
3 388 387 431
3 387 421 431
3 405 426 430
3 412 411 432
3 433 389 431
3 411 401 432
3 389 388 431
3 401 428 432
3 429 419 434
3 425 414 435
3 414 430 435
3 419 424 434
3 415 427 436
3 418 320 437
3 422 418 437
3 417 429 438
3 427 417 438
3 320 340 437
3 429 434 438
3 426 422 439
3 422 437 439
3 438 434 440
3 428 425 441
3 425 435 441
3 423 23 442
3 421 415 443
3 415 436 443
3 426 439 444
3 430 426 444
3 424 423 445
3 432 428 446
3 428 441 446
3 434 424 445
3 447 412 446
3 423 442 445
3 412 432 446
3 435 430 448
3 436 427 449
3 427 438 449
3 430 444 448
3 438 440 449
3 439 437 450
3 449 440 451
3 437 340 450
3 421 443 452
3 441 435 453
3 431 421 452
3 433 431 452
3 435 448 453
3 444 439 454
3 440 434 455
3 434 445 455
3 443 436 456
3 439 450 454
3 436 449 456
3 449 451 456
3 446 441 457
3 441 453 457
3 456 451 458
3 448 444 459
3 444 454 459
3 451 440 460
3 440 455 460
3 447 446 461
3 446 457 461
3 453 448 462
3 448 459 462
3 23 44 463
3 442 23 463
3 457 453 464
3 453 462 464
3 443 456 465
3 452 443 465
3 433 452 465
3 340 359 466
3 456 458 465
3 450 340 466
3 445 442 467
3 442 463 467
3 423 406 23
3 465 458 468
3 433 465 468
3 450 466 469
3 406 21 23
3 458 451 470
3 454 450 469
3 451 460 470
3 445 467 471
3 461 457 472
3 455 445 471
3 457 464 472
3 460 455 471
3 458 470 473
3 459 454 474
3 462 459 474
3 468 458 473
3 454 469 474
3 447 461 475
3 461 472 475
3 470 460 476
3 460 471 476
3 477 447 475
3 478 433 479
3 433 468 479
3 464 462 480
3 468 473 479
3 470 476 481
3 462 474 480
3 464 480 482
3 473 470 483
3 470 481 483
3 467 463 484
3 466 359 485
3 463 44 484
3 359 486 485
3 471 467 487
3 466 485 488
3 467 484 487
3 469 466 488
3 478 479 489
3 479 473 489
3 473 483 489
3 485 486 488
3 472 464 490
3 471 487 491
3 476 471 491
3 464 482 490
3 44 64 492
3 474 469 493
3 488 486 493
3 484 44 492
3 469 488 493
3 481 476 494
3 476 491 494
3 495 496 497
3 472 490 498
3 475 472 498
3 477 475 498
3 474 493 499
3 487 484 500
3 484 492 500
3 480 474 499
3 483 481 501
3 481 494 501
3 486 495 502
3 493 486 502
3 499 493 502
3 491 487 503
3 487 500 503
3 495 497 504
3 502 495 504
3 483 501 505
3 497 496 506
3 489 483 505
3 359 379 506
3 496 359 506
3 494 491 507
3 491 503 507
3 478 489 508
3 497 506 509
3 489 505 508
3 510 478 508
3 480 499 511
3 501 494 512
3 482 480 511
3 494 507 512
3 499 502 513
3 502 504 513
3 505 501 514
3 511 499 513
3 501 512 514
3 513 504 515
3 504 497 516
3 492 64 517
3 497 509 516
3 490 482 518
3 482 511 518
3 513 515 519
3 511 513 519
3 520 521 235
3 518 511 519
3 521 213 235
3 500 492 522
3 492 517 522
3 505 514 523
3 519 515 524
3 508 505 523
3 510 508 523
3 504 516 525
3 503 500 526
3 515 504 525
3 524 515 525
3 500 522 526
3 507 503 526
3 498 490 527
3 477 498 527
3 528 477 527
3 490 518 527
3 518 519 529
3 522 517 530
3 64 84 530
3 527 518 529
3 517 64 530
3 519 524 531
3 526 522 532
3 529 519 531
3 522 530 532
3 524 525 533
3 512 507 534
3 528 527 535
3 507 526 534
3 527 529 535
3 529 531 536
3 528 535 536
3 526 532 537
3 535 529 536
3 512 534 538
3 514 512 538
3 506 379 539
3 538 534 540
3 534 526 540
3 526 537 540
3 523 514 541
3 514 538 541
3 486 359 496
3 506 539 542
3 538 540 543
3 509 506 542
3 510 523 544
3 545 510 544
3 523 541 544
3 531 524 546
3 541 538 547
3 524 533 546
3 538 543 547
3 516 509 548
3 530 84 549
3 509 542 548
3 531 546 550
3 528 536 550
3 536 531 550
3 516 548 551
3 525 516 551
3 532 530 552
3 530 549 552
3 545 544 553
3 544 541 553
3 541 547 553
3 532 552 554
3 539 379 555
3 379 1 555
3 537 532 554
3 84 108 556
3 542 539 557
3 539 555 557
3 549 84 556
3 533 525 558
3 525 551 558
3 549 556 559
3 552 549 559
3 548 542 560
3 540 537 561
3 542 557 560
3 562 91 563
3 546 533 564
3 537 554 561
3 554 552 565
3 533 558 564
3 552 559 565
3 561 554 565
3 551 548 566
3 540 561 567
3 548 560 566
3 543 540 567
3 550 546 568
3 528 550 568
3 569 528 568
3 546 564 568
3 558 551 570
3 567 561 571
3 551 566 570
3 561 565 571
3 543 567 572
3 547 543 572
3 555 1 573
3 557 555 573
3 567 571 574
3 563 91 575
3 553 547 576
3 557 573 577
3 578 545 576
3 547 572 576
3 545 553 576
3 572 567 579
3 560 557 577
3 567 574 579
3 580 575 581
3 572 579 582
3 578 576 582
3 564 558 583
3 580 581 584
3 576 572 582
3 558 570 583
3 585 580 584
3 586 585 584
3 586 584 587
3 560 577 588
3 589 586 587
3 566 560 588
3 589 587 590
3 569 568 591
3 568 564 591
3 556 108 592
3 564 583 591
3 570 566 593
3 589 590 594
3 566 588 593
3 595 589 594
3 596 597 598
3 595 594 598
3 599 595 598
3 573 1 600
3 597 599 598
3 91 154 601
3 1 30 600
3 559 556 602
3 575 91 601
3 556 592 602
3 565 559 603
3 584 581 604
3 577 573 605
3 559 602 603
3 573 600 605
3 575 601 604
3 108 121 606
3 583 570 607
3 592 108 606
3 581 575 604
3 602 592 606
3 570 593 607
3 601 154 608
3 588 577 609
3 577 605 609
3 603 602 610
3 602 606 610
3 571 565 611
3 583 607 612
3 591 583 612
3 604 601 613
3 565 603 611
3 601 608 613
3 587 584 614
3 588 609 615
3 603 610 616
3 611 603 616
3 593 588 615
3 584 604 614
3 569 591 617
3 574 571 618
3 591 612 617
3 614 604 619
3 571 611 618
3 620 569 617
3 604 613 619
3 607 593 621
3 618 611 622
3 614 619 623
3 593 615 621
3 590 587 623
3 611 616 622
3 612 607 624
3 587 614 623
3 579 574 625
3 607 621 624
3 574 618 625
3 623 619 626
3 590 623 627
3 623 626 627
3 618 622 628
3 625 618 628
3 594 590 627
3 582 579 629
3 627 626 630
3 578 582 629
3 600 30 631
3 579 625 629
3 598 594 632
3 633 578 629
3 594 627 632
3 625 628 634
3 629 625 634
3 627 630 635
3 632 627 635
3 633 629 636
3 629 634 636
3 598 632 637
3 606 121 638
3 596 598 637
3 605 600 639
3 637 632 640
3 600 631 639
3 632 635 640
3 596 637 640
3 641 596 640
3 612 624 642
3 608 154 643
3 617 612 642
3 620 617 642
3 609 605 644
3 154 173 643
3 610 606 645
3 605 639 644
3 606 638 645
3 121 131 646
3 608 643 647
3 638 121 646
3 30 50 648
3 613 608 647
3 631 30 648
3 615 609 649
3 647 643 650
3 609 644 649
3 643 173 650
3 645 638 651
3 638 646 651
3 616 610 652
3 639 631 653
3 610 645 652
3 631 648 653
3 647 650 654
3 619 613 655
3 613 647 655
3 626 619 655
3 621 615 656
3 645 651 657
3 652 645 657
3 616 652 658
3 615 649 656
3 622 616 658
3 647 654 659
3 639 653 660
3 644 639 660
3 655 647 659
3 652 657 658
3 658 657 661
3 630 626 662
3 655 659 662
3 621 656 663
3 626 655 662
3 624 621 663
3 628 622 664
3 662 659 665
3 622 658 664
3 658 661 664
3 644 660 666
3 635 630 667
3 662 665 667
3 649 644 666
3 664 661 668
3 630 662 667
3 667 665 669
3 664 668 670
3 642 624 671
3 620 642 671
3 634 628 670
3 624 663 671
3 640 635 672
3 673 620 671
3 635 667 672
3 628 664 670
3 656 649 674
3 670 668 675
3 649 666 674
3 634 670 676
3 672 667 677
3 670 675 676
3 663 656 678
3 667 669 677
3 656 674 678
3 679 633 676
3 636 634 676
3 640 672 680
3 633 636 676
3 641 640 680
3 676 675 681
3 680 672 682
3 641 680 682
3 679 676 681
3 672 677 682
3 683 641 682
3 653 648 684
3 173 176 685
3 131 686 687
3 650 173 685
3 648 50 684
3 653 684 688
3 654 650 685
3 660 653 688
3 646 131 687
3 654 685 689
3 659 654 689
3 671 663 690
3 673 671 690
3 663 678 690
3 685 176 691
3 666 660 692
3 646 687 693
3 660 688 692
3 651 646 693
3 687 686 693
3 686 694 695
3 689 685 696
3 50 70 697
3 651 693 695
3 684 50 697
3 685 691 696
3 693 686 695
3 659 689 698
3 657 651 695
3 131 141 699
3 686 131 699
3 665 659 698
3 698 689 700
3 694 699 701
3 684 697 702
3 689 696 700
3 688 684 702
3 669 665 703
3 665 698 703
3 698 700 703
3 674 666 704
3 666 692 704
3 657 695 705
3 692 688 706
3 661 657 705
3 704 692 706
3 703 700 707
3 705 695 708
3 688 702 706
3 677 669 709
3 669 703 709
3 694 701 708
3 674 704 710
3 703 707 709
3 695 694 708
3 678 674 710
3 668 661 711
3 710 704 712
3 709 707 713
3 682 677 714
3 661 705 711
3 709 713 714
3 704 706 712
3 677 709 714
3 678 710 715
3 705 708 716
3 690 678 715
3 714 713 717
3 711 705 716
3 683 682 718
3 675 668 719
3 682 714 718
3 714 717 718
3 176 197 720
3 668 711 719
3 710 712 721
3 673 690 722
3 690 715 722
3 711 716 723
3 724 673 722
3 715 710 725
3 691 176 720
3 710 721 725
3 681 675 726
3 679 681 726
3 675 719 726
3 702 697 727
3 728 679 726
3 700 696 729
3 719 711 730
3 711 723 730
3 697 70 727
3 696 691 729
3 726 719 731
3 702 727 732
3 691 720 729
3 728 726 731
3 733 683 734
3 719 730 731
3 735 728 731
3 683 718 734
3 718 717 734
3 715 725 736
3 699 141 737
3 722 715 736
3 724 722 736
3 706 702 738
3 720 197 739
3 702 732 738
3 700 729 740
3 727 70 741
3 732 727 741
3 70 88 741
3 701 699 742
3 699 737 742
3 729 720 743
3 732 741 744
3 720 739 743
3 141 151 745
3 712 706 746
3 707 700 747
3 737 141 745
3 713 707 747
3 700 740 747
3 706 738 746
3 729 743 748
3 738 732 749
3 740 729 748
3 732 744 749
3 746 738 749
3 737 745 750
3 742 737 750
3 721 712 751
3 713 747 752
3 708 701 753
3 740 748 754
3 712 746 751
3 746 749 755
3 701 742 753
3 747 740 754
3 751 746 755
3 713 752 756
3 742 750 757
3 725 721 758
3 717 713 756
3 753 742 757
3 721 751 758
3 716 708 759
3 747 754 760
3 751 755 761
3 752 747 760
3 708 753 759
3 753 757 759
3 736 725 762
3 717 756 763
3 724 736 762
3 725 758 762
3 733 734 763
3 734 717 763
3 764 724 762
3 759 757 765
3 758 751 766
3 756 752 767
3 723 716 768
3 751 761 766
3 752 760 767
3 716 759 768
3 759 765 768
3 768 765 769
3 730 723 770
3 197 217 771
3 744 741 772
3 739 197 771
3 723 768 770
3 741 88 772
3 768 769 773
3 770 768 773
3 731 730 774
3 735 731 774
3 730 770 774
3 739 771 775
3 743 739 775
3 749 744 776
3 763 756 777
3 770 773 778
3 733 763 777
3 735 774 778
3 756 767 777
3 774 770 778
3 779 733 777
3 744 772 776
3 743 775 780
3 91 562 781
3 772 88 781
3 748 743 780
3 88 91 781
3 745 151 782
3 776 772 781
3 782 151 783
3 771 217 784
3 781 562 785
3 776 781 785
3 758 766 786
3 762 758 786
3 764 762 786
3 755 749 787
3 771 784 788
3 749 776 787
3 775 771 788
3 745 782 789
3 760 754 790
3 750 745 789
3 748 780 790
3 754 748 790
3 780 775 791
3 775 788 791
3 790 780 791
3 787 776 792
3 789 782 793
3 776 785 792
3 782 783 793
3 761 755 794
3 750 789 795
3 760 790 796
3 755 787 794
3 790 791 797
3 757 750 795
3 796 790 797
3 787 792 794
3 794 792 798
3 795 789 799
3 767 760 800
3 789 793 799
3 766 761 801
3 760 796 800
3 795 799 802
3 794 798 801
3 757 795 802
3 761 794 801
3 796 797 803
3 801 798 804
3 765 757 802
3 779 777 805
3 777 767 805
3 767 800 805
3 802 799 806
3 801 804 807
3 786 766 807
3 800 796 808
3 765 802 809
3 796 803 808
3 802 806 809
3 766 801 807
3 769 765 809
3 807 804 810
3 809 806 811
3 807 810 812
3 786 807 812
3 764 786 812
3 217 250 813
3 814 764 812
3 769 809 815
3 784 217 813
3 773 769 815
3 809 811 816
3 792 785 817
3 785 562 817
3 562 580 817
3 815 809 816
3 778 773 818
3 773 815 818
3 814 812 819
3 788 784 820
3 821 735 818
3 784 813 820
3 735 778 818
3 812 810 819
3 818 815 822
3 815 816 822
3 817 580 823
3 821 818 822
3 792 817 823
3 779 805 824
3 825 821 822
3 580 585 823
3 805 800 824
3 783 151 826
3 827 779 824
3 793 783 826
3 798 792 823
3 800 808 824
3 798 823 828
3 823 585 828
3 791 788 829
3 151 166 826
3 804 798 828
3 797 791 829
3 585 586 828
3 828 586 830
3 810 804 830
3 793 826 831
3 586 589 830
3 788 820 829
3 804 828 830
3 810 830 832
3 819 810 832
3 830 589 832
3 589 595 832
3 819 832 833
3 813 250 834
3 814 819 833
3 831 826 835
3 832 595 833
3 595 599 833
3 829 820 836
3 599 597 833
3 597 814 833
3 813 834 836
3 826 166 835
3 820 813 836
3 803 797 837
3 797 829 837
3 831 835 838
3 799 793 839
3 837 829 840
3 829 836 840
3 793 831 839
3 808 803 841
3 803 837 841
3 839 831 842
3 831 838 842
3 837 840 843
3 799 839 844
3 841 837 843
3 806 799 844
3 824 808 845
3 839 842 844
3 808 841 845
3 841 843 846
3 844 842 847
3 811 806 848
3 827 824 849
3 824 845 849
3 806 844 848
3 844 847 848
3 845 841 850
3 841 846 850
3 848 847 851
3 250 259 852
3 816 811 853
3 811 848 853
3 848 851 854
3 834 250 852
3 853 848 854
3 816 853 855
3 825 822 855
3 822 816 855
3 834 852 856
3 836 834 856
3 855 853 857
3 853 854 857
3 840 836 856
3 858 825 857
3 825 855 857
3 166 188 859
3 835 166 859
3 849 845 860
3 838 835 859
3 861 827 860
3 845 850 860
3 827 849 860
3 840 856 862
3 838 859 863
3 842 838 863
3 852 259 864
3 259 865 864
3 859 188 866
3 865 867 868
3 864 865 868
3 852 864 868
3 856 852 868
3 840 862 869
3 863 859 870
3 859 866 870
3 843 840 869
3 842 863 871
3 847 842 871
3 865 259 872
3 867 872 873
3 863 870 874
3 871 863 874
3 868 867 875
3 862 856 875
3 871 874 876
3 851 847 876
3 856 868 875
3 847 871 876
3 876 874 877
3 843 869 878
3 876 877 879
3 851 876 879
3 846 843 878
3 854 851 879
3 867 873 880
3 879 877 881
3 875 867 880
3 862 875 882
3 854 879 883
3 875 880 882
3 878 869 882
3 857 854 883
3 869 862 882
3 883 879 884
3 850 846 885
3 879 881 884
3 846 878 885
3 857 883 886
3 882 880 887
3 858 857 886
3 883 884 888
3 886 883 888
3 858 886 888
3 878 882 889
3 890 858 888
3 882 887 889
3 188 193 891
3 861 860 892
3 860 850 892
3 850 885 892
3 866 188 891
3 889 887 893
3 885 878 894
3 878 889 894
3 889 893 894
3 866 891 895
3 870 866 895
3 872 259 896
3 259 291 896
3 891 193 897
3 895 891 898
3 891 897 898
3 872 896 899
3 873 872 899
3 894 893 900
3 861 892 901
3 885 894 901
3 892 885 901
3 874 870 902
3 894 900 901
3 870 895 902
3 880 873 903
3 895 898 904
3 902 895 904
3 877 874 905
3 873 899 903
3 902 904 905
3 861 901 906
3 874 902 905
3 907 861 906
3 905 904 908
3 901 900 906
3 887 880 909
3 881 877 910
3 880 903 909
3 877 905 910
3 905 908 910
3 896 291 911
3 899 896 911
3 910 908 912
3 884 881 913
3 903 899 914
3 881 910 913
3 910 912 913
3 899 911 914
3 913 912 915
3 893 887 916
3 884 913 917
3 888 884 917
3 890 888 917
3 913 915 917
3 887 909 916
3 890 917 918
3 909 903 919
3 917 915 918
3 920 890 918
3 903 914 919
3 900 893 921
3 897 193 922
3 893 916 921
3 193 213 922
3 909 919 923
3 916 909 923
3 897 922 924
3 900 921 925
3 898 897 924
3 907 906 925
3 906 900 925
3 904 898 926
3 921 916 927
3 916 923 927
3 921 927 928
3 898 924 926
3 925 921 928
3 922 213 929
3 213 521 929
3 911 291 930
3 924 922 929
3 914 911 930
3 291 302 930
3 914 930 931
3 926 924 932
3 924 929 932
3 919 914 931
3 908 904 933
3 904 926 933
3 925 928 934
3 935 907 934
3 907 925 934
3 919 931 936
3 926 932 937
3 923 919 936
3 933 926 937
3 912 908 938
3 923 936 939
3 908 933 938
3 927 923 939
3 933 937 940
3 938 933 940
3 915 912 941
3 912 938 941
3 930 302 942
3 931 930 943
3 936 931 943
3 938 940 944
3 930 942 943
3 941 938 944
3 920 918 945
3 918 915 945
3 915 941 945
3 927 939 946
3 945 941 947
3 928 927 946
3 941 944 947
3 936 943 948
3 932 929 521
3 934 928 949
3 521 950 951
3 928 946 949
3 939 936 952
3 936 948 952
3 932 521 951
3 946 939 952
3 935 934 953
3 934 949 953
3 520 235 954
3 945 947 955
3 946 952 956
3 920 945 955
3 957 920 955
3 950 520 958
3 943 942 959
3 520 954 958
3 942 302 959
3 302 330 959
3 937 932 960
3 948 943 961
3 932 951 960
3 951 950 960
3 950 958 962
3 960 950 962
3 943 959 961
3 949 946 963
3 946 956 963
3 937 960 964
3 960 962 964
3 940 937 964
3 952 948 965
3 948 961 965
3 954 235 966
3 935 953 967
3 953 949 967
3 949 963 967
3 968 935 967
3 956 952 969
3 958 954 970
3 952 965 969
3 954 966 970
3 959 330 971
3 961 959 971
3 964 962 972
3 944 940 973
3 965 961 974
3 940 964 973
3 961 971 974
3 964 972 973
3 963 956 975
3 958 970 976
3 972 962 976
3 956 969 975
3 962 958 976
3 969 965 977
3 965 974 977
3 973 972 978
3 967 963 979
3 947 944 980
3 944 973 980
3 963 975 979
3 973 978 980
3 972 976 981
3 978 972 981
3 969 977 982
3 975 969 982
3 980 978 983
3 968 967 984
3 967 979 984
3 955 947 985
3 957 955 985
3 947 980 985
3 980 983 985
3 979 975 986
3 978 981 987
3 975 982 986
3 957 985 988
3 985 983 988
3 983 978 989
3 978 987 989
3 330 351 990
3 971 330 990
3 974 971 991
3 235 254 992
3 966 235 992
3 971 990 991
3 984 979 993
3 979 986 993
3 970 966 994
3 974 991 995
3 966 992 994
3 977 974 995
3 982 977 995
3 957 988 996
3 988 983 996
3 983 989 996
3 968 984 997
3 998 957 996
3 999 968 997
3 976 970 1000
3 984 993 997
3 986 982 1001
3 970 994 1000
3 982 995 1001
3 992 254 1002
3 994 992 1002
3 991 990 1003
3 990 351 1003
3 1000 994 1004
3 986 1001 1005
3 994 1002 1004
3 993 986 1005
3 981 976 1006
3 987 981 1006
3 991 1003 1007
3 976 1000 1006
3 995 991 1007
3 997 993 1008
3 1000 1004 1009
3 993 1005 1008
3 1006 1000 1009
3 987 1006 1010
3 1001 995 1011
3 995 1007 1011
3 1010 1006 1012
3 997 1008 1013
3 1006 1009 1012
3 999 997 1013
3 989 987 1014
3 987 1010 1014
3 1001 1011 1015
3 1005 1001 1015
3 1014 1010 1016
3 1008 1005 1017
3 1010 1012 1016
3 989 1014 1018
3 1005 1015 1017
3 996 989 1018
3 998 996 1018
3 351 371 1019
3 1018 1014 1020
3 1014 1016 1020
3 254 274 1021
3 1003 351 1019
3 1002 254 1021
3 1003 1019 1022
3 1007 1003 1022
3 1013 1008 1023
3 1002 1021 1024
3 1008 1017 1023
3 1004 1002 1024
3 1011 1007 1025
3 1018 1020 1026
3 1007 1022 1025
3 1027 998 1026
3 998 1018 1026
3 999 1013 1028
3 1013 1023 1028
3 1004 1024 1029
3 1030 999 1028
3 1015 1011 1031
3 1009 1004 1029
3 1017 1015 1031
3 1011 1025 1031
3 1016 1012 1032
3 1009 1029 1032
3 1012 1009 1032
3 1017 1031 1033
3 1021 274 1034
3 1024 1021 1035
3 1021 1034 1035
3 1019 371 1036
3 1016 1032 1037
3 1022 1019 1038
3 1019 1036 1038
3 1029 1024 1039
3 1024 1035 1039
3 1032 1029 1039
3 1023 1017 1040
3 1016 1037 1041
3 1017 1033 1040
3 1020 1016 1041
3 1025 1022 1042
3 1032 1039 1043
3 1037 1032 1043
3 1022 1038 1042
3 1027 1026 1044
3 1026 1020 1044
3 1023 1040 1045
3 1020 1041 1044
3 1028 1023 1045
3 1030 1028 1045
3 1037 1043 1046
3 1041 1037 1046
3 1025 1042 1047
3 1041 1046 1048
3 1031 1025 1047
3 1044 1041 1048
3 371 21 1049
3 1036 371 1049
3 1034 274 1050
3 1035 1034 1050
3 1036 1049 1051
3 274 303 1050
3 1038 1036 1051
3 1039 1035 1052
3 1035 1050 1052
3 1033 1031 1053
3 1044 1048 1054
3 1031 1047 1053
3 410 1027 1054
3 1027 1044 1054
3 1043 1039 1055
3 1042 1038 391
3 1039 1052 1055
3 1046 1043 1056
3 1038 1051 391
3 1033 1053 386
3 1043 1055 1056
3 1040 1033 386
3 1052 1050 395
3 1053 1047 397
3 1047 1042 397
3 1050 303 395
3 1052 395 394
3 1042 391 397
3 1055 1052 394
3 1045 1040 390
3 1030 1045 390
3 389 1030 390
3 1040 386 390
3 1048 1046 1057
3 1046 1056 1057
3 1053 397 416
3 1056 1055 407
3 1055 394 407
3 1054 1048 400
3 1049 21 402
3 1048 1057 400
3 1056 407 413
3 1057 1056 413
3 410 1054 399
3 1054 400 399
3 1049 402 408
3 1051 1049 408
3 400 1057 404
3 1057 413 404
3 303 320 398
3 386 1053 387
3 1053 416 387
3 395 303 398
3 1051 408 392
3 391 1051 392
3 1058 1059 1060
3 1061 1062 1063
3 1058 1064 1059
3 1065 1066 1067
3 1065 1067 1068
3 1069 1070 1071
3 1069 224 1072
3 1069 242 224
3 1073 1065 1068
3 1069 1072 1070
3 1074 1071 1075
3 1076 1077 1078
3 1079 1080 1073
3 1076 1081 1077
3 1079 1073 1068
3 1082 1083 1084
3 1079 1085 1080
3 1074 1075 1086
3 1087 1066 1065
3 1087 1073 1080
3 1087 1065 1073
3 1087 1085 1088
3 1087 1088 1089
3 1082 1078 1083
3 1087 1080 1085
3 1090 1091 1092
3 1093 1094 1064
3 1087 1089 1066
3 1090 1092 1095
3 1093 289 268
3 1096 1097 1085
3 1096 1085 1079
3 1096 1079 1068
3 1096 1068 1097
3 1093 268 1094
3 1098 1099 1068
3 1093 1064 1058
3 1098 1100 1099
3 1098 1101 1102
3 1103 1060 1081
3 1098 1102 1104
3 1098 1104 1100
3 1105 1069 1071
3 1105 1071 1074
3 1105 242 1069
3 1103 1058 1060
3 1106 1107 1108
3 1105 262 242
3 1106 1109 1107
3 1110 1074 1086
3 1111 1109 1106
3 1110 1086 1061
3 1112 1061 1063
3 1111 1113 1109
3 1111 1114 1113
3 1115 1116 1114
3 1115 1114 1111
3 1112 1063 1117
3 1118 1091 1090
3 1119 1078 1082
3 1115 1120 1116
3 1119 1076 1078
3 1118 1117 1091
3 1121 1120 1115
3 1121 1122 1123
3 1121 1123 1120
3 169 110 1124
3 1125 1121 1115
3 1125 1122 1121
3 1126 1127 1128
3 1129 1122 1125
3 1129 1130 1131
3 1129 1131 1122
3 1132 1133 1130
3 1134 1082 1084
3 1135 308 289
3 1136 1090 1095
3 1135 1093 1058
3 1135 1058 1103
3 1137 1133 1132
3 1138 1105 1074
3 1135 289 1093
3 1139 1081 1076
3 1140 1141 1133
3 1138 262 1105
3 1139 1103 1081
3 1140 1142 1143
3 1138 1074 1110
3 1144 1061 1112
3 1140 1133 1137
3 1140 1143 1141
3 1144 1110 1061
3 1145 1146 1127
3 1145 1127 1126
3 1147 1148 1149
3 1147 1150 1151
3 1147 1149 1152
3 1147 1152 1150
3 1147 1151 1148
3 1153 1112 1117
3 1153 1117 1118
3 1154 1119 1082
3 1154 1082 1134
3 1155 1118 1090
3 1156 1157 1158
3 1159 1160 1157
3 1159 1161 1160
3 1159 1157 1156
3 1162 326 308
3 1163 281 262
3 1162 1103 1139
3 1164 1067 1165
3 1163 1138 1110
3 1162 1135 1103
3 1164 1161 1159
3 1162 308 1135
3 1164 1159 1156
3 1163 262 1138
3 1163 1110 1144
3 1164 1068 1067
3 1166 1144 1112
3 1167 1168 1161
3 1167 1164 1165
3 1167 1161 1164
3 1167 1165 1168
3 1169 1139 1076
3 1166 1112 1153
3 1169 1076 1119
3 1170 1101 1098
3 1170 1171 1172
3 1170 1098 1068
3 1170 1172 1101
3 1173 1108 1174
3 1173 1171 1170
3 1173 1111 1106
3 1173 1106 1108
3 1173 1174 1171
3 1173 1170 1068
3 1173 1115 1111
3 1175 1137 1132
3 1176 1153 1118
3 1175 1140 1137
3 1176 1118 1155
3 1177 1142 1140
3 1178 1151 1142
3 1178 1148 1151
3 1179 1144 1166
3 1178 1142 1177
3 1179 297 281
3 1180 1149 1148
3 1180 1148 1178
3 1179 281 1163
3 1179 1163 1144
3 1181 1166 1153
3 1180 1178 1177
3 1182 346 326
3 1183 1184 1149
3 1181 1153 1176
3 1182 326 1162
3 1182 1162 1139
3 1183 1149 1180
3 1185 1154 1134
3 1183 1186 1184
3 1187 1156 1158
3 1187 1188 1189
3 1187 1068 1164
3 1190 1176 1155
3 1187 1164 1156
3 1190 1155 1191
3 1187 1183 1068
3 1187 1158 1188
3 1185 1134 1192
3 1187 1186 1183
3 1193 1119 1154
3 1187 1189 1186
3 1194 1125 1115
3 1194 1130 1129
3 1194 1132 1130
3 1194 1129 1125
3 1194 1175 1132
3 1195 1196 1197
3 1195 1197 1198
3 1193 1169 1119
3 1194 1068 1183
3 1194 1115 1173
3 1194 1173 1068
3 1199 1175 1194
3 1200 317 297
3 1199 1140 1175
3 1199 1177 1140
3 1201 1145 1126
3 1199 1180 1177
3 1200 297 1179
3 1199 1183 1180
3 1199 1194 1183
3 1200 1179 1166
3 1201 1126 1202
3 1203 1176 1190
3 1204 368 346
3 1204 346 1182
3 1204 1139 1169
3 1204 1182 1139
3 1203 1181 1176
3 1205 1190 1191
3 1206 1185 1192
3 1207 1193 1154
3 1208 317 1200
3 1208 1200 1166
3 1208 337 317
3 1207 1154 1185
3 1208 1166 1181
3 1209 1198 1210
3 1209 1195 1198
3 1211 1201 1202
3 1212 1203 1190
3 1213 1181 1203
3 1213 1208 1181
3 1213 337 1208
3 1213 356 337
3 1214 1212 1190
3 1214 1190 1205
3 1215 17 368
3 1215 368 1204
3 1216 1217 1209
3 1215 1169 1193
3 1215 1204 1169
3 1216 1218 1217
3 1219 1220 1218
3 1219 1221 1220
3 1222 1213 1203
3 1222 1203 1212
3 1222 356 1213
3 1222 373 356
3 1223 1185 1206
3 1223 1207 1185
3 1224 1214 1205
3 1224 1205 1221
3 1225 1210 1226
3 1225 1226 1227
3 1225 1209 1210
3 1225 1216 1209
3 1228 1215 1193
3 1229 1212 1214
3 1228 19 17
3 1229 1222 1212
3 1229 18 373
3 1228 17 1215
3 1228 1193 1207
3 1229 373 1222
3 1230 1231 1201
3 1232 1218 1216
3 1232 1219 1218
3 1233 1221 1219
3 1230 1201 1211
3 1233 1224 1221
3 1234 27 18
3 110 86 1124
3 1234 1214 1224
3 1234 18 1229
3 1234 1229 1214
3 1235 1227 1236
3 1235 1225 1227
3 1235 1216 1225
3 1235 1232 1216
3 1237 1206 1238
3 1237 1223 1206
3 1239 1233 1219
3 1239 1219 1232
3 1240 1241 1231
3 1242 46 27
3 1242 1224 1233
3 1242 27 1234
3 1240 1238 1241
3 1242 1234 1224
3 1243 19 1228
3 1243 1228 1207
3 1243 40 19
3 1244 1232 1235
3 1244 1239 1232
3 1243 1207 1223
3 1245 67 46
3 1245 1233 1239
3 1245 46 1242
3 1245 1242 1233
3 1246 1236 1247
3 1246 1247 1248
3 1249 1197 1196
3 1246 1235 1236
3 1249 1198 1197
3 1246 1244 1235
3 1250 1230 1211
3 1251 86 67
3 1251 67 1245
3 1251 1239 1244
3 1251 1245 1239
3 1252 1124 86
3 1252 1248 1124
3 1252 86 1251
3 1250 1211 1253
3 1252 1246 1248
3 1254 1237 1238
3 1252 1244 1246
3 1252 1251 1244
3 1255 1256 1068
3 1255 1257 1256
3 1254 1238 1240
3 1258 1231 1230
3 1258 1240 1231
3 1259 1255 1260
3 1259 1257 1255
3 1259 1260 1261
3 1259 1262 1257
3 1263 1259 1261
3 1263 1262 1259
3 1263 1196 1262
3 1263 1249 1196
3 1264 1261 1260
3 1265 1210 1198
3 1266 1223 1237
3 1266 61 40
3 1264 1260 1104
3 1267 1261 1268
3 1265 1198 1249
3 1267 1249 1263
3 1266 40 1243
3 1267 1268 1249
3 1266 1243 1223
3 1267 1263 1261
3 1269 1226 1210
3 1269 1227 1226
3 1270 1240 1258
3 1269 1210 1265
3 1270 1254 1240
3 1271 1268 1261
3 1271 1272 1268
3 1271 1264 1273
3 1271 1261 1264
3 1274 1250 1253
3 1275 1265 1249
3 1274 1253 1276
3 1275 1277 1265
3 1275 1249 1268
3 1278 1258 1230
3 1278 1230 1250
3 1279 82 61
3 1279 1266 1237
3 1279 1237 1254
3 1279 61 1266
3 1280 1273 1281
3 1282 1276 1283
3 1284 1272 1271
3 1284 1271 1273
3 1284 1280 1285
3 1284 1273 1280
3 1284 1286 1272
3 1284 1285 1286
3 1287 1268 1272
3 1287 1275 1268
3 1282 1283 1288
3 1287 1277 1275
3 1287 1289 1277
3 1290 1285 1280
3 1290 1107 1291
3 1292 1287 1272
3 1293 1265 1277
3 1292 1289 1287
3 1292 1294 1289
3 1292 1272 1286
3 1292 1286 1294
3 1293 1269 1265
3 1295 1290 1291
3 1295 1285 1290
3 1295 1291 1296
3 1295 1296 1286
3 1295 1286 1285
3 1297 1298 1299
3 1297 1299 1277
3 1300 1270 1258
3 1297 1277 1289
3 1300 1258 1278
3 1301 1288 1302
3 1303 1116 1304
3 1303 1114 1116
3 1305 1227 1269
3 1306 1307 1298
3 1306 1298 1297
3 1305 1236 1227
3 1306 1289 1294
3 1308 1250 1274
3 1306 1297 1289
3 1308 1278 1250
3 1309 1310 1311
3 1305 1269 1293
3 1309 1294 1310
3 1309 1307 1306
3 1309 1306 1294
3 1299 1293 1277
3 1309 1311 1307
3 1312 1298 1307
3 1312 1313 1314
3 1315 1276 1282
3 1312 1314 1298
3 1312 1307 1313
3 1316 1303 1304
3 1315 1274 1276
3 1316 1291 1303
3 1316 1317 1318
3 1316 1318 1291
3 1319 1304 1116
3 1320 1254 1270
3 1320 82 1279
3 1320 1279 1254
3 1321 1304 1319
3 1321 1322 1317
3 1321 1317 1316
3 1321 1319 1323
3 1321 1323 1322
3 1321 1316 1304
3 1324 1282 1288
3 1324 1288 1301
3 1325 1131 1128
3 1326 1318 1317
3 1326 1327 1318
3 1326 1083 1327
3 1328 1084 1083
3 1329 1300 1278
3 1328 1317 1322
3 1329 1278 1308
3 1328 1326 1317
3 1328 1083 1326
3 1330 1127 1322
3 1330 1322 1323
3 1330 1323 1325
3 1330 1325 1128
3 1331 1308 1274
3 1330 1128 1127
3 1331 1274 1315
3 1332 1305 1293
3 1333 1133 1334
3 1335 106 82
3 1333 1128 1131
3 1332 1293 1299
3 1336 1328 1322
3 1335 82 1320
3 1336 1127 1146
3 1336 1322 1127
3 1337 1236 1305
3 1336 1146 1084
3 1335 1320 1270
3 1337 1247 1236
3 1336 1084 1328
3 1335 1270 1300
3 1337 1248 1247
3 1338 1126 1128
3 1338 1202 1126
3 1338 1334 1202
3 1338 1333 1334
3 1338 1128 1333
3 1339 1134 1084
3 1339 1084 1146
3 1340 1315 1282
3 1339 1192 1134
3 1341 1334 1133
3 1342 1339 1146
3 1342 1192 1339
3 1342 1146 1145
3 1342 1241 1192
3 1143 1151 1343
3 1344 1341 1345
3 1344 1334 1341
3 1344 1202 1334
3 1344 1346 1202
3 1347 1201 1231
3 1347 1231 1241
3 1347 1342 1145
3 1347 1241 1342
3 1347 1145 1201
3 1348 1238 1206
3 1348 1241 1238
3 1349 1329 1308
3 1348 1192 1241
3 1348 1206 1192
3 1350 1143 1343
3 1350 1345 1143
3 1350 1346 1344
3 1350 1283 1346
3 1350 1343 1283
3 1351 1335 1300
3 1350 1344 1345
3 1351 119 106
3 1352 1211 1202
3 1352 1253 1211
3 1351 106 1335
3 1353 1305 1332
3 1352 1202 1346
3 1353 1337 1305
3 1150 1343 1151
3 1351 1300 1329
3 1354 1299 1298
3 1150 1152 1302
3 1355 1352 1346
3 1355 1253 1352
3 1354 1332 1299
3 1355 1346 1283
3 1355 1283 1276
3 1355 1276 1253
3 1356 1343 1150
3 1356 1302 1288
3 1357 1324 1301
3 1356 1283 1343
3 1358 1315 1340
3 1356 1150 1302
3 1358 1331 1315
3 1356 1288 1283
3 1359 1302 1152
3 1310 1286 1296
3 1310 1294 1286
3 1360 1188 1361
3 1362 1363 1301
3 1362 1364 1363
3 1362 1359 1364
3 1362 1302 1359
3 1362 1301 1302
3 1365 1366 1340
3 1365 1340 1282
3 1365 1282 1324
3 1367 1363 1364
3 1367 1368 1363
3 1369 1308 1331
3 1367 1364 1360
3 1367 1360 1361
3 1369 1349 1308
3 1370 1361 1188
3 1371 119 1351
3 1371 1351 1329
3 1318 1296 1291
3 1371 129 119
3 1372 1301 1363
3 1373 1332 1354
3 1372 1357 1301
3 1371 1329 1349
3 1372 1374 1357
3 1375 1340 1366
3 1376 1366 1365
3 1376 1377 1366
3 1373 1353 1332
3 1376 1324 1357
3 1376 1365 1324
3 1375 1358 1340
3 1378 1361 1370
3 1314 1354 1298
3 1378 1367 1361
3 1379 1337 1353
3 1378 1368 1367
3 1379 189 169
3 1378 1370 1380
3 1378 1381 1368
3 1378 1380 1381
3 1379 1124 1248
3 1382 1363 1368
3 1379 1248 1337
3 1382 1372 1363
3 1379 169 1124
3 1382 1374 1372
3 1382 1383 1374
3 1384 1310 1296
3 1385 1376 1357
3 1385 1377 1376
3 1385 1386 1377
3 1385 1374 1386
3 1385 1357 1374
3 1387 1366 1377
3 1387 1388 1366
3 1387 1377 1389
3 1384 1296 1318
3 1387 1389 1388
3 1390 1369 1331
3 1390 1331 1358
3 1391 1380 1160
3 1392 1373 1354
3 1393 1394 1383
3 1393 1383 1382
3 1393 1368 1381
3 1393 1382 1368
3 1392 1354 1314
3 1393 1381 1394
3 1395 209 189
3 1395 1353 1373
3 1395 1379 1353
3 1395 189 1379
3 1396 1397 1398
3 1396 1399 1391
3 1400 139 129
3 1401 1092 1380
3 1401 1399 1095
3 1400 1349 1369
3 1401 1095 1092
3 1400 129 1371
3 1401 1380 1391
3 1400 1371 1349
3 1401 1391 1399
3 1089 1398 1397
3 1089 1397 1066
3 1388 1375 1366
3 1402 1095 1399
3 1402 1399 1396
3 1402 1403 1095
3 1404 1358 1375
3 1402 1396 1398
3 1404 1390 1358
3 1097 1068 1256
3 1097 1256 1257
3 1405 1403 1402
3 1405 1402 1398
3 1405 1089 1088
3 1405 1398 1089
3 1405 1088 1406
3 1405 1406 1403
3 1407 1095 1403
3 1407 1136 1095
3 1407 1408 1136
3 1409 139 1400
3 1409 1400 1369
3 1410 1155 1090
3 1409 1369 1390
3 1410 1090 1136
3 1410 1191 1155
3 1409 149 139
3 1411 1257 1262
3 1411 1097 1257
3 1411 1085 1097
3 1411 1088 1085
3 1412 1407 1403
3 1412 1408 1407
3 1412 1217 1408
3 1413 1311 1310
3 1412 1403 1406
3 1413 1310 1384
3 1414 1195 1406
3 1414 1406 1088
3 1415 1262 1196
3 1415 1088 1411
3 1415 1414 1088
3 1415 1196 1195
3 1415 1411 1262
3 1415 1195 1414
3 1416 1191 1410
3 1417 1392 1314
3 1416 1220 1191
3 1416 1410 1136
3 1417 1314 1313
3 1327 1384 1318
3 1416 1136 1408
3 1418 1406 1195
3 1418 1412 1406
3 1418 1217 1412
3 1418 1209 1217
3 1418 1195 1209
3 1419 1408 1217
3 1419 1218 1220
3 1419 1220 1416
3 1420 228 209
3 1419 1416 1408
3 1419 1217 1218
3 1421 1375 1388
3 1420 1373 1392
3 1422 1220 1221
3 1421 1404 1375
3 1420 209 1395
3 1422 1191 1220
3 1422 1221 1205
3 1420 1395 1373
3 1422 1205 1191
3 1423 1409 1390
3 1099 1255 1068
3 1423 1390 1404
3 1099 1260 1255
3 1423 183 149
3 1423 149 1409
3 1059 1313 1307
3 1059 1307 1311
3 1100 1260 1099
3 1100 1104 1260
3 1424 1417 1313
3 1424 1313 1059
3 1425 1392 1417
3 1425 1420 1392
3 1425 246 228
3 1425 228 1420
3 1077 1384 1327
3 1172 1426 1101
3 1077 1413 1384
3 1062 1374 1383
3 1062 1386 1374
3 1172 1281 1426
3 1427 1264 1104
3 1427 1273 1264
3 1427 1102 1101
3 1427 1104 1102
3 1427 1101 1426
3 1427 1426 1281
3 1427 1281 1273
3 1171 1174 1281
3 1171 1281 1172
3 1060 1311 1413
3 1060 1059 1311
3 1428 1174 1108
3 1075 1389 1377
3 1428 1281 1174
3 1428 1108 1107
3 1075 1377 1386
3 1428 1290 1280
3 1428 1107 1290
3 1428 1280 1281
3 1113 1303 1291
3 1113 1107 1109
3 1113 1114 1303
3 1092 1381 1380
3 1113 1291 1107
3 1120 1319 1116
3 1070 1388 1389
3 1070 1421 1388
3 1429 205 183
3 1123 1319 1120
3 1429 1404 1421
3 1429 1423 1404
3 1123 1122 1131
3 1123 1323 1319
3 1429 183 1423
3 1123 1131 1325
3 1430 268 246
3 1123 1325 1323
3 1130 1333 1131
3 1430 246 1425
3 1430 1417 1424
3 1430 1425 1417
3 1063 1383 1394
3 1130 1133 1333
3 1063 1062 1383
3 1064 1424 1059
3 1142 1151 1143
3 1086 1075 1386
3 1141 1341 1133
3 1141 1345 1341
3 1086 1386 1062
3 1141 1143 1345
3 1091 1381 1092
3 1078 1077 1327
3 1078 1327 1083
3 1081 1060 1413
3 1081 1413 1077
3 1091 1394 1381
3 1071 1070 1389
3 1184 1152 1149
3 1184 1359 1152
3 1071 1389 1075
3 1072 1421 1070
3 1072 205 1429
3 1072 224 205
3 1072 1429 1421
3 1094 268 1430
3 1094 1430 1424
3 1094 1424 1064
3 1431 1189 1188
3 1431 1364 1359
3 1431 1360 1364
3 1431 1188 1360
3 1431 1359 1184
3 1431 1184 1186
3 1431 1186 1189
3 1158 1370 1188
3 1432 1370 1158
3 1432 1157 1160
3 1117 1063 1394
3 1432 1380 1370
3 1432 1160 1380
3 1117 1394 1091
3 1432 1158 1157
3 1168 1165 1397
3 1168 1160 1161
3 1168 1391 1160
3 1168 1397 1396
3 1168 1396 1391
3 1067 1397 1165
3 1061 1086 1062
3 1067 1066 1397
3 865 575 1433
3 575 580 1433
3 867 865 1434
3 865 1433 1434
3 1435 1436 699
3 521 520 1437
3 1438 1435 699
3 1439 1438 699
3 521 1439 699
3 1440 1441 686
3 1442 1440 686
3 1443 1442 686
3 1444 1443 686
3 699 1444 686
3 520 1445 1437
3 686 1441 1446
3 1447 496 1448
3 1449 575 1450
3 496 1447 1451
3 686 1446 1452
3 521 1437 1453
3 1448 496 1454
3 486 496 1455
3 496 1451 1455
3 521 1453 1456
3 1454 496 1457
3 486 1455 1458
3 1459 1460 406
3 521 1456 1461
3 1462 1459 406
3 1463 1462 406
3 1464 1463 406
3 1465 1464 406
3 1457 496 562
3 1466 1465 406
3 1467 1457 562
3 521 1461 1468
3 1466 406 423
3 686 1452 423
3 1469 1466 423
3 1470 1469 423
3 1471 1470 423
3 486 1458 1472
3 1473 1471 423
3 1452 1473 423
3 521 1468 1439
3 1460 872 406
3 1467 562 1474
3 486 1472 1475
3 1474 562 1476
3 1477 1450 865
3 1478 1477 865
3 1479 1478 865
3 1480 1479 865
3 1481 1480 865
3 486 1475 1482
3 1450 575 865
3 1483 1481 872
3 1476 562 1484
3 1481 865 872
3 486 1482 1485
3 1483 872 1486
3 1484 562 1487
3 486 1485 1488
3 1486 872 1489
3 562 563 1490
3 1489 872 1491
3 563 575 1490
3 1487 562 1490
3 1491 872 1492
3 1490 575 1493
3 1492 872 1460
3 1493 575 1494
3 1494 575 1495
3 1495 575 1496
3 486 1488 520
3 1497 1498 520
3 1499 1497 520
3 1500 1499 520
3 1488 1500 520
3 520 1498 1445
3 1501 1444 699
3 1496 575 1449
3 1502 1501 699
3 1436 1502 699
3 496 495 1503
3 580 562 1433
3 562 496 1433
3 496 1503 1433
3 1504 597 596
3 1504 1505 597
3 1506 1504 596
3 1507 596 641
3 1507 1506 596
3 1508 641 683
3 1508 1507 641
3 1509 1508 683
3 1510 683 733
3 1510 1509 683
3 1511 1510 733
3 1512 733 779
3 1512 1511 733
3 1513 1512 779
3 1514 779 827
3 1514 1513 779
3 1515 1514 827
3 1516 827 861
3 1516 1515 827
3 1517 1516 861
3 1518 861 907
3 1518 1517 861
3 1519 907 935
3 1519 1518 907
3 1520 1519 935
3 1521 935 968
3 1521 1520 935
3 1522 1521 968
3 1523 968 999
3 1523 1522 968
3 1524 1523 999
3 1525 999 1030
3 1525 1524 999
3 1526 1525 1030
3 1527 1030 389
3 1527 1526 1030
3 1528 1527 389
3 1529 389 433
3 1529 1528 389
3 1530 1529 433
3 1531 1530 433
3 1531 433 478
3 1532 1531 478
3 1533 1532 478
3 1533 478 510
3 1534 1533 510
3 1535 1534 510
3 1535 510 545
3 1536 1535 545
3 1537 545 578
3 1537 1536 545
3 1538 1537 578
3 1539 578 633
3 1539 1538 578
3 1540 1539 633
3 1541 633 679
3 1541 1540 633
3 1542 1541 679
3 1543 679 728
3 1543 1542 679
3 1544 1543 728
3 1545 728 735
3 1545 1544 728
3 1546 1545 735
3 1547 735 821
3 1547 1546 735
3 1548 1547 821
3 1549 821 825
3 1549 1548 821
3 1550 1549 825
3 1551 825 858
3 1551 1550 825
3 1552 1551 858
3 1553 858 890
3 1553 1552 858
3 1554 1553 890
3 1555 890 920
3 1555 1554 890
3 1556 1555 920
3 1557 920 957
3 1557 1556 920
3 1558 1557 957
3 1559 957 998
3 1559 1558 957
3 1560 998 1027
3 1560 1559 998
3 1561 1560 1027
3 1562 1561 1027
3 1562 1027 410
3 1563 1562 410
3 1564 1563 410
3 1564 410 412
3 1565 1564 412
3 1566 1565 412
3 1566 412 447
3 1567 1566 447
3 1568 1567 447
3 1568 447 477
3 1569 1568 477
3 1570 1569 477
3 1570 477 528
3 1571 1570 528
3 1572 1571 528
3 1572 528 569
3 1573 1572 569
3 1574 569 620
3 1574 1573 569
3 1575 1574 620
3 1576 620 673
3 1576 1575 620
3 1577 1576 673
3 1578 673 724
3 1578 1577 673
3 1579 1578 724
3 1580 724 764
3 1580 1579 724
3 1581 1580 764
3 1582 764 814
3 1582 1581 764
3 1583 814 597
3 1583 1582 814
3 1505 1583 597
3 521 699 1584
3 699 694 1584
3 950 521 1585
3 521 1584 1585
3 423 419 1586
3 694 686 1584
3 686 423 1584
3 423 1586 1584
3 872 867 1434
3 419 406 1586
3 406 872 1586
3 872 1434 1586
3 486 520 1585
3 520 950 1585
3 495 486 1503
3 486 1585 1503
3 1587 1588 1585
3 1588 1589 1585
3 1590 1584 1591
3 1589 1592 1585
3 1592 1593 1585
3 1593 1594 1585
3 1594 1595 1585
3 1587 1585 1596
3 1434 1597 1586
3 1597 1598 1586
3 1598 1599 1586
3 1599 1600 1586
3 1433 1601 1602
3 1600 1603 1586
3 1596 1585 1604
3 1591 1584 1605
3 1586 1603 1606
3 1604 1585 1607
3 1605 1584 1608
3 1586 1606 1609
3 1608 1584 1610
3 1607 1585 1611
3 1584 1586 1610
3 1586 1609 1612
3 1611 1585 1613
3 1610 1586 1614
3 1586 1612 1615
3 1614 1586 1616
3 1613 1585 1617
3 1586 1615 1618
3 1619 1620 1503
3 1620 1621 1503
3 1586 1618 1622
3 1621 1623 1503
3 1616 1586 1622
3 1623 1624 1503
3 1624 1625 1503
3 1625 1626 1503
3 1617 1585 1627
3 1626 1628 1503
3 1628 1629 1503
3 1619 1503 1630
3 1602 1631 1434
3 1631 1632 1434
3 1632 1633 1434
3 1633 1634 1434
3 1634 1635 1434
3 1635 1636 1434
3 1630 1503 1637
3 1433 1602 1434
3 1637 1503 1638
3 1434 1636 1639
3 1638 1503 1640
3 1434 1639 1641
3 1640 1503 1595
3 1434 1641 1642
3 1503 1629 1433
3 1434 1642 1643
3 1629 1644 1433
3 1644 1645 1433
3 1645 1646 1433
3 1646 1647 1433
3 1647 1648 1433
3 1648 1649 1433
3 1649 1650 1433
3 1434 1643 1651
3 1433 1650 1652
3 1434 1651 1653
3 1654 1655 1584
3 1433 1652 1656
3 1655 1657 1584
3 1657 1658 1584
3 1658 1659 1584
3 1659 1660 1584
3 1660 1627 1584
3 1627 1585 1584
3 1433 1656 1661
3 1654 1584 1662
3 1434 1653 1597
3 1662 1584 1663
3 1433 1661 1664
3 1663 1584 1665
3 1433 1664 1666
3 1665 1584 1590
3 1433 1666 1601
3 1595 1503 1585
3 1667 1668 1669
3 1670 1671 1672
3 1668 1673 1669
3 1673 1674 1669
3 1674 1675 1669
3 1675 1667 1669
3 1676 1677 1678
3 1679 1676 1678
3 1680 1679 1678
3 1671 1681 1672
3 1677 1682 1678
3 1680 1683 1684
3 1685 1686 1687
3 1688 1689 1684
3 1680 1678 1690
3 1683 1680 1690
3 1682 1691 1690
3 1678 1682 1690
3 1686 1692 1687
3 1496 1449 1693
3 1449 1450 1693
3 1691 1694 1695
3 1684 1683 1695
3 1692 1696 1693
3 1688 1684 1695
3 1696 1697 1693
3 1683 1690 1695
3 1690 1691 1695
3 1697 1496 1693
3 1698 1699 1700
3 1443 1444 1701
3 1702 1703 1704
3 1444 1501 1701
3 1705 1443 1701
3 1706 1707 1708
3 1709 1706 1708
3 1710 1705 1701
3 1681 1710 1701
3 1691 1682 1711
3 1682 1712 1711
3 1712 1713 1711
3 1714 1698 1700
3 1704 1688 1715
3 1695 1694 1715
3 1688 1695 1715
3 1702 1704 1715
3 1694 1716 1715
3 1713 1717 1718
3 1711 1713 1718
3 1691 1711 1718
3 1694 1691 1718
3 1709 1708 1719
3 1720 1709 1719
3 1721 1490 1493
3 1703 1702 1719
3 1708 1703 1719
3 1712 1722 1723
3 1722 1724 1723
3 1713 1712 1723
3 1725 1670 1726
3 1718 1717 1727
3 1694 1718 1727
3 1717 1728 1727
3 1716 1694 1727
3 1702 1715 1729
3 1721 1493 1494
3 1715 1716 1729
3 1730 1731 1729
3 1716 1730 1729
3 1670 1672 1726
3 1672 1681 1732
3 1717 1713 1733
3 1713 1723 1733
3 1501 1502 1732
3 1723 1724 1733
3 1502 1436 1732
3 1724 1734 1733
3 1722 1735 1736
3 1681 1701 1732
3 1724 1722 1736
3 1701 1501 1732
3 1735 1737 1736
3 1737 1724 1736
3 1716 1727 1738
3 1727 1728 1738
3 1730 1716 1738
3 1728 1739 1738
3 1740 1730 1738
3 1739 1740 1738
3 1717 1733 1741
3 1733 1734 1741
3 1742 1728 1741
3 1734 1742 1741
3 1728 1717 1741
3 1707 1743 1744
3 1743 1745 1744
3 1745 1746 1747
3 1744 1745 1747
3 1748 1749 1750
3 1720 1731 1750
3 1749 1720 1750
3 1751 1748 1750
3 1731 1751 1750
3 1685 1687 1752
3 1753 1754 1755
3 1756 1757 1755
3 1754 1756 1755
3 1754 1753 1758
3 1745 1759 1758
3 1450 1477 1760
3 1746 1745 1758
3 1761 1725 1762
3 1477 1478 1760
3 1763 1746 1758
3 1759 1764 1758
3 1753 1763 1758
3 1693 1450 1760
3 1756 1754 1758
3 1692 1693 1760
3 1764 1756 1758
3 1687 1692 1760
3 1765 1766 1767
3 1756 1768 1767
3 1725 1726 1762
3 1699 1769 1770
3 1771 1765 1767
3 1768 1771 1767
3 1757 1756 1767
3 1672 1732 1772
3 1773 1774 1775
3 1726 1672 1772
3 1776 1773 1775
3 1436 1435 1772
3 1435 1438 1772
3 1732 1436 1772
3 1700 1699 1770
3 1777 1714 1778
3 1775 1774 1779
3 1780 1668 1781
3 1677 1780 1781
3 1714 1700 1778
3 1687 1760 1782
3 1760 1478 1782
3 1478 1479 1782
3 1479 1480 1782
3 1752 1687 1782
3 1783 1779 1784
3 1785 1786 1784
3 1786 1787 1784
3 1787 1783 1784
3 1779 1774 1788
3 1774 1789 1788
3 1789 1790 1788
3 1784 1779 1788
3 1785 1784 1788
3 1790 1785 1788
3 1675 1761 1791
3 1761 1762 1791
3 1792 1793 1794
3 1795 1796 1794
3 1793 1795 1794
3 1797 1798 1799
3 1796 1797 1799
3 1762 1726 1800
3 1772 1438 1800
3 1438 1439 1800
3 1700 1770 1801
3 1798 1802 1799
3 1439 1468 1800
3 1803 1804 1805
3 1726 1772 1800
3 1804 1806 1807
3 1778 1700 1801
3 1808 1809 1807
3 1777 1778 1810
3 1805 1804 1807
3 1809 1811 1807
3 1811 1805 1807
3 1806 1808 1807
3 1668 1667 1812
3 1809 1813 1814
3 1813 1815 1814
3 1816 1680 1817
3 1689 1818 1817
3 1680 1684 1817
3 1819 1816 1817
3 1684 1689 1817
3 1818 1689 1820
3 1781 1668 1812
3 1762 1800 1821
3 1689 1822 1820
3 1800 1468 1821
3 1468 1461 1821
3 1820 1822 1823
3 1461 1456 1821
3 1791 1762 1821
3 1823 1822 1824
3 1825 1823 1824
3 1826 1825 1824
3 1688 1704 1824
3 1689 1688 1824
3 1703 1826 1824
3 1682 1677 1827
3 1782 1480 1828
3 1822 1689 1824
3 1677 1781 1827
3 1752 1782 1828
3 1704 1703 1824
3 1480 1481 1828
3 1481 1483 1828
3 1826 1703 1829
3 1675 1791 1830
3 1831 1752 1828
3 1708 1707 1832
3 1769 1831 1833
3 1829 1703 1832
3 1703 1708 1832
3 1720 1719 1834
3 1719 1702 1834
3 1729 1731 1834
3 1702 1729 1834
3 1667 1675 1830
3 1731 1720 1834
3 1746 1763 1835
3 1753 1755 1835
3 1707 1744 1835
3 1770 1769 1833
3 1744 1747 1835
3 1763 1753 1835
3 1747 1746 1835
3 1707 1835 1836
3 1755 1757 1836
3 1835 1755 1836
3 1791 1821 1837
3 1757 1767 1838
3 1456 1453 1837
3 1766 1836 1838
3 1453 1437 1837
3 1836 1757 1838
3 1830 1791 1837
3 1778 1801 1839
3 1767 1766 1838
3 1810 1778 1839
3 1766 1765 1840
3 1836 1766 1840
3 1821 1456 1837
3 1765 1776 1840
3 1836 1840 1841
3 1840 1776 1841
3 1776 1775 1841
3 1812 1667 1842
3 1667 1830 1842
3 1483 1486 1843
3 1787 1786 1844
3 1486 1489 1843
3 1828 1483 1843
3 1831 1828 1843
3 1844 1786 1845
3 1833 1831 1843
3 1794 1796 1845
3 1796 1846 1845
3 1792 1794 1845
3 1786 1792 1845
3 1781 1812 1847
3 1796 1799 1848
3 1827 1781 1847
3 1846 1796 1848
3 1799 1802 1848
3 1802 1803 1849
3 1848 1802 1849
3 1682 1827 1712
3 1770 1833 1850
3 1801 1770 1850
3 1811 1851 1852
3 1437 1445 1853
3 1805 1811 1852
3 1445 1498 1853
3 1803 1805 1852
3 1830 1837 1853
3 1851 1811 1854
3 1837 1437 1853
3 1842 1830 1853
3 1847 1812 1855
3 1854 1811 1856
3 1814 1854 1856
3 1812 1842 1855
3 1856 1811 1857
3 1814 1856 1857
3 1811 1809 1857
3 1809 1814 1857
3 1854 1814 1858
3 1815 1819 1858
3 1814 1815 1858
3 1858 1819 1859
3 1712 1827 1860
3 1819 1817 1859
3 1827 1847 1860
3 1817 1818 1859
3 1823 1825 1861
3 1825 1826 1861
3 1826 1829 1861
3 1829 1832 1861
3 1832 1707 1861
3 1841 1775 1862
3 1707 1836 1862
3 1779 1783 1862
3 1775 1779 1862
3 1836 1841 1862
3 1810 1839 1863
3 1489 1491 1864
3 1491 1492 1864
3 1707 1862 1865
3 1843 1489 1864
3 1833 1843 1864
3 1862 1783 1865
3 1842 1853 1866
3 1850 1833 1864
3 1783 1787 1865
3 1498 1497 1866
3 1497 1499 1866
3 1855 1842 1866
3 1853 1498 1866
3 1865 1787 1867
3 1787 1844 1867
3 1844 1845 1867
3 1867 1845 1868
3 1839 1801 1869
3 1845 1846 1868
3 1847 1855 1870
3 1801 1850 1869
3 1860 1847 1870
3 1871 1872 1873
3 1712 1860 1722
3 1846 1848 1874
3 1848 1849 1875
3 1874 1848 1875
3 1876 1874 1875
3 1854 1858 1877
3 1859 1818 1877
3 1858 1859 1877
3 1855 1866 1878
3 1864 1492 1879
3 1499 1500 1878
3 1492 1460 1879
3 1818 1820 1877
3 1500 1488 1878
3 1820 1823 1880
3 1877 1820 1880
3 1850 1864 1879
3 1861 1707 1880
3 1866 1499 1878
3 1707 1877 1880
3 1870 1855 1878
3 1823 1861 1880
3 1867 1868 1881
3 1868 1846 1881
3 1865 1867 1881
3 1846 1874 1881
3 1874 1876 1881
3 1881 1876 1882
3 1839 1869 1883
3 1854 1877 1882
3 1707 1865 1882
3 1865 1881 1882
3 1849 1803 1882
3 1851 1854 1882
3 1803 1852 1882
3 1852 1851 1882
3 1860 1870 1884
3 1875 1849 1882
3 1722 1860 1884
3 1876 1875 1882
3 1877 1707 1882
3 1863 1839 1883
3 1878 1488 1885
3 1870 1878 1885
3 1488 1485 1885
3 1722 1884 1735
3 1460 1459 1886
3 1459 1462 1886
3 1887 1731 1730
3 1740 1887 1730
3 1879 1460 1886
3 1869 1850 1886
3 1850 1879 1886
3 1884 1870 1888
3 1870 1885 1888
3 1885 1485 1888
3 1485 1482 1888
3 1482 1475 1888
3 1721 1484 1487
3 1721 1487 1490
3 1889 1740 1739
3 1890 1889 1739
3 1735 1884 1891
3 1888 1475 1891
3 1475 1472 1891
3 1472 1458 1891
3 1884 1888 1891
3 1734 1724 1892
3 1893 1863 1894
3 1724 1737 1892
3 1863 1883 1894
3 1462 1463 1895
3 1463 1464 1895
3 1883 1869 1895
3 1735 1891 1896
3 1886 1462 1895
3 1891 1458 1896
3 1869 1886 1895
3 1737 1735 1896
3 1458 1455 1896
3 1455 1451 1896
3 1728 1742 1897
3 1731 1887 1898
3 1739 1728 1897
3 1887 1740 1898
3 1742 1734 1899
3 1734 1892 1899
3 1893 1894 1900
3 1896 1451 1901
3 1902 1893 1900
3 1892 1737 1901
3 1737 1896 1901
3 1451 1447 1901
3 1447 1448 1901
3 1890 1739 1903
3 1739 1897 1903
3 1904 1890 1903
3 1905 1904 1903
3 1742 1899 1906
3 1897 1742 1906
3 1892 1901 1907
3 1901 1448 1907
3 1448 1454 1907
3 1454 1457 1907
3 1899 1892 1907
3 1894 1883 1908
3 1464 1465 1908
3 1465 1466 1908
3 1903 1897 1909
3 1905 1903 1909
3 1895 1464 1908
3 1897 1906 1909
3 1883 1895 1908
3 1910 1905 1909
3 1906 1899 1911
3 1907 1457 1911
3 1457 1467 1911
3 1467 1474 1911
3 1899 1907 1911
3 1911 1474 1912
3 1474 1476 1912
3 1740 1889 1913
3 1476 1484 1912
3 1889 1890 1913
3 1906 1911 1912
3 1909 1906 1912
3 1914 1902 1915
3 1912 1484 1916
3 1909 1912 1916
3 1484 1721 1916
3 1910 1909 1916
3 1917 1910 1916
3 1721 1917 1916
3 1707 1706 1743
3 1706 1709 1743
3 1902 1900 1915
3 1709 1720 1749
3 1748 1745 1749
3 1743 1709 1749
3 1745 1743 1749
3 1918 1919 1920
3 1919 1921 1920
3 1890 1904 1922
3 1921 1923 1924
3 1904 1905 1922
3 1923 1914 1924
3 1913 1890 1922
3 1745 1748 1759
3 1731 1898 1751
3 1900 1894 1925
3 1898 1926 1751
3 1908 1466 1925
3 1466 1469 1925
3 1469 1470 1925
3 1894 1908 1925
3 1759 1748 1927
3 1764 1759 1927
3 1748 1751 1927
3 1751 1926 1927
3 1926 1928 1927
3 1913 1929 1930
3 1740 1913 1930
3 1898 1740 1930
3 1926 1898 1930
3 1756 1764 1768
3 1931 1768 1932
3 1768 1764 1932
3 1927 1928 1932
3 1764 1927 1932
3 1928 1933 1932
3 1926 1930 1934
3 1930 1929 1934
3 1914 1915 1935
3 1929 1936 1934
3 1928 1926 1934
3 1913 1922 1937
3 1924 1914 1935
3 1929 1913 1937
3 1920 1921 1938
3 1921 1924 1938
3 1939 1765 1771
3 1768 1931 1771
3 1928 1934 1940
3 1934 1936 1940
3 1936 1941 1940
3 1933 1928 1940
3 1932 1933 1942
3 1918 1920 1943
3 1771 1931 1942
3 1933 1698 1942
3 1931 1932 1942
3 1944 1686 1945
3 1936 1929 1945
3 1929 1944 1945
3 1946 1774 1773
3 1765 1939 1773
3 1776 1765 1773
3 1900 1925 1947
3 1470 1471 1947
3 1939 1771 1948
3 1471 1473 1947
3 1771 1942 1948
3 1942 1698 1948
3 1698 1714 1948
3 1941 1699 1949
3 1925 1470 1947
3 1699 1698 1949
3 1933 1940 1949
3 1915 1900 1947
3 1940 1941 1949
3 1698 1933 1949
3 1686 1685 1950
3 1945 1686 1950
3 1936 1945 1950
3 1941 1936 1950
3 1699 1941 1951
3 1685 1769 1951
3 1950 1685 1951
3 1769 1699 1951
3 1941 1950 1951
3 1714 1777 1952
3 1948 1714 1952
3 1773 1939 1952
3 1924 1935 1953
3 1939 1948 1952
3 1946 1773 1952
3 1938 1924 1953
3 1774 1946 1789
3 1789 1946 1954
3 1777 1955 1954
3 1952 1777 1954
3 1946 1952 1954
3 1790 1789 1954
3 1769 1685 1956
3 1831 1769 1956
3 1752 1831 1956
3 1905 1910 1957
3 1685 1752 1956
3 1871 1786 1785
3 1937 1922 1957
3 1954 1955 1958
3 1872 1871 1958
3 1922 1905 1957
3 1955 1872 1958
3 1959 1960 1961
3 1871 1785 1958
3 1920 1938 1671
3 1790 1954 1958
3 1785 1790 1958
3 1943 1920 1671
3 1955 1777 1962
3 1777 1810 1962
3 1810 1963 1962
3 1786 1871 1792
3 1929 1937 1944
3 1872 1955 1964
3 1955 1962 1964
3 1947 1473 1965
3 1962 1963 1964
3 1935 1915 1965
3 1963 1966 1964
3 1915 1947 1965
3 1473 1452 1965
3 1452 1446 1965
3 1863 1893 1967
3 1963 1810 1967
3 1810 1863 1967
3 1871 1873 1968
3 1873 1919 1968
3 1793 1792 1968
3 1792 1871 1968
3 1873 1872 1969
3 1872 1964 1969
3 1966 1923 1969
3 1964 1966 1969
3 1796 1795 1797
3 1893 1902 1970
3 1967 1893 1970
3 1966 1963 1970
3 1963 1967 1970
3 1969 1923 1971
3 1938 1953 1710
3 1923 1921 1971
3 1873 1969 1971
3 1953 1935 1972
3 1921 1919 1971
3 1919 1873 1971
3 1446 1441 1972
3 1968 1919 1973
3 1441 1440 1972
3 1798 1797 1973
3 1797 1795 1973
3 1919 1918 1973
3 1935 1965 1972
3 1795 1793 1973
3 1793 1968 1973
3 1965 1446 1972
3 1914 1923 1974
3 1943 1671 1670
3 1966 1970 1974
3 1975 1943 1670
3 1902 1914 1974
3 1970 1902 1974
3 1923 1966 1974
3 1959 1803 1802
3 1973 1918 1976
3 1959 1802 1976
3 1918 1960 1976
3 1802 1798 1976
3 1960 1959 1976
3 1798 1973 1976
3 1803 1959 1804
3 1960 1918 1977
3 1943 1975 1977
3 1944 1937 1696
3 1918 1943 1977
3 1937 1957 1696
3 1978 1809 1808
3 1806 1804 1979
3 1804 1959 1979
3 1959 1961 1979
3 1961 1980 1979
3 1960 1977 1981
3 1977 1975 1981
3 1910 1917 1982
3 1975 1983 1981
3 1917 1721 1982
3 1961 1960 1981
3 1957 1910 1982
3 1721 1494 1982
3 1671 1938 1984
3 1938 1710 1984
3 1681 1671 1984
3 1710 1681 1984
3 1978 1808 1985
3 1979 1980 1985
3 1806 1979 1985
3 1980 1780 1985
3 1808 1806 1985
3 1981 1983 1986
3 1983 1673 1986
3 1980 1961 1986
3 1961 1981 1986
3 1679 1816 1813
3 1809 1978 1813
3 1816 1815 1813
3 1815 1816 1819
3 1725 1761 1987
3 1983 1975 1987
3 1975 1725 1987
3 1668 1780 1988
3 1986 1673 1988
3 1980 1986 1988
3 1673 1668 1988
3 1710 1953 1705
3 1686 1944 1692
3 1780 1980 1988
3 1953 1972 1705
3 1440 1442 1705
3 1813 1978 1676
3 1442 1443 1705
3 1679 1813 1676
3 1985 1780 1676
3 1978 1985 1676
3 1780 1677 1676
3 1972 1440 1705
3 1944 1696 1692
3 1761 1675 1674
3 1494 1495 1697
3 1673 1983 1674
3 1495 1496 1697
3 1983 1987 1674
3 1975 1670 1725
3 1987 1761 1674
3 1696 1957 1697
3 1982 1494 1697
3 1957 1982 1697
3 1816 1679 1680
3 1650 1505 1504
3 1652 1650 1504
3 1652 1504 1506
3 1656 1652 1506
3 1656 1506 1507
3 1661 1656 1507
3 1661 1507 1508
3 1664 1661 1508
3 1664 1508 1509
3 1666 1664 1509
3 1601 1666 1510
3 1666 1509 1510
3 1602 1601 1511
3 1601 1510 1511
3 1631 1602 1512
3 1602 1511 1512
3 1631 1512 1513
3 1632 1631 1513
3 1632 1513 1514
3 1633 1632 1514
3 1633 1514 1515
3 1634 1633 1515
3 1634 1515 1516
3 1635 1634 1516
3 1635 1516 1517
3 1636 1635 1517
3 1636 1517 1518
3 1639 1636 1518
3 1639 1518 1519
3 1641 1639 1519
3 1641 1519 1520
3 1642 1641 1520
3 1642 1520 1521
3 1643 1642 1521
3 1643 1521 1522
3 1651 1643 1522
3 1597 1653 1523
3 1651 1522 1523
3 1653 1651 1523
3 1597 1523 1524
3 1598 1597 1525
3 1597 1524 1525
3 1599 1598 1526
3 1598 1525 1526
3 1600 1599 1527
3 1599 1526 1527
3 1603 1600 1528
3 1600 1527 1528
3 1606 1603 1529
3 1603 1528 1529
3 1609 1606 1530
3 1606 1529 1530
3 1612 1609 1531
3 1609 1530 1531
3 1615 1612 1532
3 1612 1531 1532
3 1618 1615 1533
3 1622 1618 1533
3 1615 1532 1533
3 1622 1533 1534
3 1616 1622 1535
3 1622 1534 1535
3 1614 1616 1536
3 1616 1535 1536
3 1610 1614 1537
3 1614 1536 1537
3 1610 1537 1538
3 1608 1610 1538
3 1608 1538 1539
3 1605 1608 1539
3 1605 1539 1540
3 1591 1605 1540
3 1591 1540 1541
3 1590 1591 1541
3 1665 1590 1542
3 1590 1541 1542
3 1663 1665 1543
3 1665 1542 1543
3 1662 1663 1544
3 1663 1543 1544
3 1654 1662 1545
3 1655 1654 1545
3 1662 1544 1545
3 1655 1545 1546
3 1657 1655 1547
3 1655 1546 1547
3 1658 1657 1548
3 1657 1547 1548
3 1659 1658 1549
3 1658 1548 1549
3 1660 1659 1550
3 1659 1549 1550
3 1627 1660 1551
3 1660 1550 1551
3 1617 1627 1552
3 1627 1551 1552
3 1613 1617 1553
3 1617 1552 1553
3 1611 1613 1554
3 1613 1553 1554
3 1607 1611 1555
3 1611 1554 1555
3 1604 1607 1556
3 1607 1555 1556
3 1596 1604 1557
3 1604 1556 1557
3 1587 1596 1558
3 1596 1557 1558
3 1588 1587 1559
3 1587 1558 1559
3 1589 1588 1560
3 1588 1559 1560
3 1592 1589 1561
3 1589 1560 1561
3 1593 1592 1562
3 1592 1561 1562
3 1594 1593 1563
3 1593 1562 1563
3 1594 1563 1564
3 1595 1594 1564
3 1595 1564 1565
3 1640 1595 1565
3 1640 1565 1566
3 1638 1640 1566
3 1638 1566 1567
3 1637 1638 1567
3 1637 1567 1568
3 1630 1637 1568
3 1619 1630 1568
3 1619 1568 1569
3 1620 1619 1569
3 1620 1569 1570
3 1620 1570 1571
3 1621 1620 1571
3 1621 1571 1572
3 1623 1621 1572
3 1624 1623 1572
3 1624 1572 1573
3 1625 1624 1573
3 1625 1573 1574
3 1625 1574 1575
3 1626 1625 1575
3 1628 1626 1575
3 1628 1575 1576
3 1629 1628 1577
3 1628 1576 1577
3 1644 1629 1578
3 1645 1644 1578
3 1629 1577 1578
3 1646 1645 1579
3 1645 1578 1579
3 1646 1579 1580
3 1647 1646 1581
3 1646 1580 1581
3 1648 1647 1582
3 1647 1581 1582
3 1649 1648 1583
3 1650 1649 1583
3 1648 1582 1583
3 1650 1583 1505
