ply
format ascii 1.0
comment Written by HALCON (export v1.0)
element vertex 3989
property float x
property float y
property float z
element face 8010
property list uchar int vertex_index
end_header
8.677633e-003 -1.034160e-002 3.500000e-002
9.545941e-003 -9.545941e-003 3.500000e-002
8.638283e-003 -9.034936e-003 3.500000e-002
9.413393e-003 -8.224234e-003 3.500000e-002
1.034160e-002 -8.677633e-003 3.500000e-002
7.793622e-003 -9.772894e-003 3.500000e-002
7.743282e-003 -1.105855e-002 3.500000e-002
1.011271e-002 -7.347316e-003 3.500000e-002
1.105855e-002 -7.743282e-003 3.500000e-002
6.750000e-003 -1.169134e-002 3.500000e-002
6.886212e-003 -1.043217e-002 3.500000e-002
1.169134e-002 -6.750000e-003 3.500000e-002
1.073061e-002 -6.411241e-003 3.500000e-002
5.705346e-003 -1.223516e-002 3.500000e-002
5.923358e-003 -1.100744e-002 3.500000e-002
1.223516e-002 -5.705346e-003 3.500000e-002
1.126211e-002 -5.423547e-003 3.500000e-002
4.617272e-003 -1.268585e-002 3.500000e-002
4.912813e-003 -1.149410e-002 3.500000e-002
1.170294e-002 -4.392185e-003 3.500000e-002
1.268585e-002 -4.617272e-003 3.500000e-002
3.494057e-003 -1.304000e-002 3.500000e-002
3.862712e-003 -1.188821e-002 3.500000e-002
1.304000e-002 -3.494057e-003 3.500000e-002
1.204954e-002 -3.325461e-003 3.500000e-002
2.344250e-003 -1.329490e-002 3.500000e-002
2.781512e-003 -1.218660e-002 3.500000e-002
1.329490e-002 -2.344250e-003 3.500000e-002
1.229912e-002 -2.231961e-003 3.500000e-002
1.677916e-003 -1.238687e-002 3.500000e-002
1.176602e-003 -1.344863e-002 3.500000e-002
1.344863e-002 -1.176602e-003 3.500000e-002
1.244968e-002 -1.120491e-003 3.500000e-002
5.608100e-004 -1.248741e-002 3.500000e-002
0.000000e+000 -1.350000e-002 3.500000e-002
1.250000e-002 0.000000e+000 3.500000e-002
1.350000e-002 0.000000e+000 3.500000e-002
1.344863e-002 1.176602e-003 3.500000e-002
-1.176602e-003 -1.344863e-002 3.500000e-002
-5.608100e-004 -1.248741e-002 3.500000e-002
1.244968e-002 1.120491e-003 3.500000e-002
1.329490e-002 2.344250e-003 3.500000e-002
-1.677916e-003 -1.238687e-002 3.500000e-002
-2.344250e-003 -1.329490e-002 3.500000e-002
1.229912e-002 2.231961e-003 3.500000e-002
1.304000e-002 3.494057e-003 3.500000e-002
-2.781512e-003 -1.218660e-002 3.500000e-002
-3.494057e-003 -1.304000e-002 3.500000e-002
1.204954e-002 3.325461e-003 3.500000e-002
1.268585e-002 4.617272e-003 3.500000e-002
-3.862712e-003 -1.188821e-002 3.500000e-002
-4.617272e-003 -1.268585e-002 3.500000e-002
1.170294e-002 4.392185e-003 3.500000e-002
-4.912813e-003 -1.149410e-002 3.500000e-002
1.223516e-002 5.705346e-003 3.500000e-002
-5.705346e-003 -1.223516e-002 3.500000e-002
1.126211e-002 5.423547e-003 3.500000e-002
-5.923358e-003 -1.100744e-002 3.500000e-002
1.169134e-002 6.750000e-003 3.500000e-002
-6.750000e-003 -1.169134e-002 3.500000e-002
1.073061e-002 6.411241e-003 3.500000e-002
-6.886212e-003 -1.043217e-002 3.500000e-002
1.105855e-002 7.743282e-003 3.500000e-002
-7.743282e-003 -1.105855e-002 3.500000e-002
1.011271e-002 7.347316e-003 3.500000e-002
-7.793622e-003 -9.772894e-003 3.500000e-002
1.034160e-002 8.677633e-003 3.500000e-002
-8.677633e-003 -1.034160e-002 3.500000e-002
9.413393e-003 8.224234e-003 3.500000e-002
-8.638283e-003 -9.034936e-003 3.500000e-002
9.545941e-003 9.545941e-003 3.500000e-002
-9.545941e-003 -9.545941e-003 3.500000e-002
8.638283e-003 9.034936e-003 3.500000e-002
-9.413393e-003 -8.224234e-003 3.500000e-002
8.677633e-003 1.034160e-002 3.500000e-002
-1.034160e-002 -8.677633e-003 3.500000e-002
7.793622e-003 9.772894e-003 3.500000e-002
-1.011271e-002 -7.347316e-003 3.500000e-002
7.743282e-003 1.105855e-002 3.500000e-002
-1.105855e-002 -7.743282e-003 3.500000e-002
6.886212e-003 1.043217e-002 3.500000e-002
-1.073061e-002 -6.411241e-003 3.500000e-002
6.750000e-003 1.169134e-002 3.500000e-002
-1.169134e-002 -6.750000e-003 3.500000e-002
5.923358e-003 1.100744e-002 3.500000e-002
-1.126211e-002 -5.423547e-003 3.500000e-002
5.705346e-003 1.223516e-002 3.500000e-002
-1.223516e-002 -5.705346e-003 3.500000e-002
4.912813e-003 1.149410e-002 3.500000e-002
-1.170294e-002 -4.392185e-003 3.500000e-002
-1.268585e-002 -4.617272e-003 3.500000e-002
4.617272e-003 1.268585e-002 3.500000e-002
3.862712e-003 1.188821e-002 3.500000e-002
-1.204954e-002 -3.325461e-003 3.500000e-002
3.494057e-003 1.304000e-002 3.500000e-002
2.781512e-003 1.218660e-002 3.500000e-002
-1.304000e-002 -3.494057e-003 3.500000e-002
-1.229912e-002 -2.231961e-003 3.500000e-002
2.344250e-003 1.329490e-002 3.500000e-002
1.677916e-003 1.238687e-002 3.500000e-002
-1.329490e-002 -2.344250e-003 3.500000e-002
-1.244968e-002 -1.120491e-003 3.500000e-002
1.176602e-003 1.344863e-002 3.500000e-002
5.608100e-004 1.248741e-002 3.500000e-002
-1.344863e-002 -1.176602e-003 3.500000e-002
-1.250000e-002 0.000000e+000 3.500000e-002
-1.350000e-002 0.000000e+000 3.500000e-002
0.000000e+000 1.350000e-002 3.500000e-002
-5.608100e-004 1.248741e-002 3.500000e-002
-1.244968e-002 1.120491e-003 3.500000e-002
-1.344863e-002 1.176602e-003 3.500000e-002
-1.176602e-003 1.344863e-002 3.500000e-002
-1.677916e-003 1.238687e-002 3.500000e-002
-1.229912e-002 2.231961e-003 3.500000e-002
-1.329490e-002 2.344250e-003 3.500000e-002
-2.344250e-003 1.329490e-002 3.500000e-002
-2.781512e-003 1.218660e-002 3.500000e-002
-1.204954e-002 3.325461e-003 3.500000e-002
-1.304000e-002 3.494057e-003 3.500000e-002
-3.494057e-003 1.304000e-002 3.500000e-002
-3.862712e-003 1.188821e-002 3.500000e-002
-1.170294e-002 4.392185e-003 3.500000e-002
-1.268585e-002 4.617272e-003 3.500000e-002
-4.617272e-003 1.268585e-002 3.500000e-002
-4.912813e-003 1.149410e-002 3.500000e-002
-1.126211e-002 5.423547e-003 3.500000e-002
-1.223516e-002 5.705346e-003 3.500000e-002
-5.705346e-003 1.223516e-002 3.500000e-002
-5.923358e-003 1.100744e-002 3.500000e-002
-6.886212e-003 1.043217e-002 3.500000e-002
-6.750000e-003 1.169134e-002 3.500000e-002
-1.073061e-002 6.411241e-003 3.500000e-002
-1.169134e-002 6.750000e-003 3.500000e-002
-7.743282e-003 1.105855e-002 3.500000e-002
-7.793622e-003 9.772894e-003 3.500000e-002
-1.011271e-002 7.347316e-003 3.500000e-002
-1.105855e-002 7.743282e-003 3.500000e-002
-1.034160e-002 8.677633e-003 3.500000e-002
-9.413393e-003 8.224234e-003 3.500000e-002
-8.677633e-003 1.034160e-002 3.500000e-002
-8.638283e-003 9.034936e-003 3.500000e-002
-9.545941e-003 9.545941e-003 3.500000e-002
-1.575034e-002 1.575034e-002 2.800269e-002
-1.511212e-002 1.636369e-002 2.800269e-002
-1.522682e-002 1.648789e-002 2.700768e-002
-1.586989e-002 1.586989e-002 2.700768e-002
6.536487e-003 -1.795885e-002 3.303649e-002
5.744333e-003 -1.901525e-002 3.236396e-002
6.793875e-003 -1.866602e-002 3.236396e-002
5.526707e-003 -1.829485e-002 3.303649e-002
-1.492256e-002 1.615843e-002 2.897251e-002
-1.380329e-002 1.712446e-002 2.897251e-002
-1.397863e-002 1.734199e-002 2.800269e-002
1.080436e-002 -1.871370e-002 2.990495e-002
1.044969e-002 -1.935411e-002 2.897251e-002
1.099748e-002 -1.904819e-002 2.897251e-002
1.172634e-002 -1.860835e-002 2.897251e-002
1.026620e-002 -1.901426e-002 2.990495e-002
-6.558429e-003 1.511061e-002 3.449495e-002
-5.633931e-003 1.547910e-002 3.449495e-002
-6.929675e-003 1.596596e-002 3.410872e-002
-5.302232e-003 1.456776e-002 3.477435e-002
3.693444e-003 -1.605310e-002 3.449495e-002
2.606618e-003 -1.626497e-002 3.449495e-002
2.754168e-003 -1.718566e-002 3.410872e-002
-7.355651e-003 1.577424e-002 3.410872e-002
-1.325453e-002 1.644365e-002 3.078829e-002
-1.211423e-002 1.730091e-002 3.078829e-002
-1.239425e-002 1.770083e-002 2.990495e-002
-1.356091e-002 1.682375e-002 2.990495e-002
3.902515e-003 -1.696180e-002 3.410872e-002
1.277604e-002 -1.824608e-002 2.800269e-002
1.187530e-002 -1.884474e-002 2.800269e-002
1.196543e-002 -1.898776e-002 2.700768e-002
1.287301e-002 -1.838456e-002 2.700768e-002
-1.617733e-002 1.531146e-002 2.800269e-002
-1.630011e-002 1.542767e-002 2.700768e-002
1.003426e-002 -1.858467e-002 3.078829e-002
8.965586e-003 -1.966100e-002 2.990495e-002
8.763029e-003 -1.921680e-002 3.078829e-002
-7.986646e-003 1.546434e-002 3.410872e-002
-8.391984e-003 1.624919e-002 3.362052e-002
2.295702e-003 -1.432489e-002 3.494341e-002
1.351148e-003 -1.544370e-002 3.477435e-002
2.453153e-003 -1.530736e-002 3.477435e-002
1.264428e-003 -1.445247e-002 3.494341e-002
-4.961919e-003 1.363276e-002 3.494341e-002
-4.302656e-003 1.385496e-002 3.494341e-002
-6.961584e-003 1.492917e-002 3.449495e-002
5.033228e-003 -1.666130e-002 3.410872e-002
4.504734e-003 -1.681189e-002 3.410872e-002
5.288674e-003 -1.750690e-002 3.362052e-002
-9.144144e-003 1.583812e-002 3.362052e-002
-9.555704e-003 1.655096e-002 3.303649e-002
8.241677e-003 -1.807351e-002 3.236396e-002
8.520709e-003 -1.868541e-002 3.161141e-002
-1.139350e-002 1.627160e-002 3.236396e-002
-9.931980e-003 1.720269e-002 3.236396e-002
-1.177924e-002 1.682250e-002 3.161141e-002
4.263400e-003 -1.591123e-002 3.449495e-002
-1.555278e-002 1.555278e-002 2.897251e-002
1.152042e-002 -1.828159e-002 2.990495e-002
-1.719265e-002 1.442635e-002 2.700768e-002
-1.634121e-002 1.546657e-002 2.600000e-002
-1.734337e-002 1.433379e-002 2.600000e-002
6.254963e-003 -1.718537e-002 3.362052e-002
-1.466052e-002 1.587469e-002 2.990495e-002
1.056026e-002 -1.829091e-002 3.078829e-002
-6.172300e-003 1.422097e-002 3.477435e-002
3.475991e-003 -1.510797e-002 3.477435e-002
-1.288801e-002 1.598895e-002 3.161141e-002
1.261579e-002 -1.801721e-002 2.897251e-002
-1.597441e-002 1.511940e-002 2.897251e-002
1.440293e-002 -1.721227e-002 2.700768e-002
1.324735e-002 -1.818674e-002 2.600000e-002
1.443925e-002 -1.725567e-002 2.600000e-002
9.756785e-003 -1.807076e-002 3.161141e-002
-7.558775e-003 1.463587e-002 3.449495e-002
-6.551719e-003 1.405021e-002 3.477435e-002
4.763581e-003 -1.576870e-002 3.449495e-002
-8.702477e-003 1.507313e-002 3.410872e-002
7.929437e-003 -1.738879e-002 3.303649e-002
-1.096185e-002 1.565515e-002 3.303649e-002
4.012391e-003 -1.497445e-002 3.477435e-002
-1.527967e-002 1.527967e-002 2.990495e-002
1.126014e-002 -1.786856e-002 3.078829e-002
-1.706314e-002 1.431768e-002 2.800269e-002
5.952845e-003 -1.635531e-002 3.410872e-002
-1.432930e-002 1.551604e-002 3.078829e-002
-5.776144e-003 1.330823e-002 3.494341e-002
1.026824e-002 -1.778512e-002 3.161141e-002
3.252892e-003 -1.413830e-002 3.494341e-002
-1.246595e-002 1.546535e-002 3.236396e-002
1.239425e-002 -1.770083e-002 2.990495e-002
-1.569390e-002 1.485390e-002 2.990495e-002
1.429444e-002 -1.708262e-002 2.800269e-002
-7.113750e-003 1.377418e-002 3.477435e-002
9.437272e-003 -1.747898e-002 3.236396e-002
-1.822122e-002 1.310320e-002 2.700768e-002
-1.826716e-002 1.313624e-002 2.600000e-002
-1.910841e-002 1.187934e-002 2.600000e-002
4.483124e-003 -1.484032e-002 3.477435e-002
-6.131211e-003 1.314842e-002 3.494341e-002
1.552675e-002 -1.620577e-002 2.700768e-002
1.556590e-002 -1.624663e-002 2.600000e-002
1.662221e-002 -1.516417e-002 2.600000e-002
-8.236255e-003 1.426561e-002 3.449495e-002
-1.048973e-002 1.498089e-002 3.362052e-002
7.587920e-003 -1.663986e-002 3.362052e-002
3.754864e-003 -1.401334e-002 3.494341e-002
-1.493446e-002 1.493446e-002 3.078829e-002
1.094877e-002 -1.737445e-002 3.161141e-002
-1.684911e-002 1.413808e-002 2.897251e-002
5.633931e-003 -1.547910e-002 3.449495e-002
9.931980e-003 -1.720269e-002 3.236396e-002
-1.393306e-002 1.508698e-002 3.161141e-002
1.211423e-002 -1.730091e-002 3.078829e-002
-1.199368e-002 1.487944e-002 3.303649e-002
-1.533933e-002 1.451831e-002 3.078829e-002
1.411513e-002 -1.686834e-002 2.897251e-002
-6.657169e-003 1.289011e-002 3.494341e-002
9.079738e-003 -1.681679e-002 3.303649e-002
-1.808396e-002 1.300450e-002 2.800269e-002
4.195384e-003 -1.388782e-002 3.494341e-002
-7.751344e-003 1.342572e-002 3.477435e-002
1.540979e-002 -1.608369e-002 2.800269e-002
-9.983071e-003 1.425730e-002 3.410872e-002
7.221419e-003 -1.583615e-002 3.410872e-002
-1.452149e-002 1.452149e-002 3.161141e-002
1.059023e-002 -1.680548e-002 3.236396e-002
-1.655324e-002 1.388982e-002 2.990495e-002
5.302232e-003 -1.456776e-002 3.477435e-002
-1.347679e-002 1.459292e-002 3.236396e-002
9.555704e-003 -1.655096e-002 3.303649e-002
-1.906035e-002 1.184946e-002 2.700768e-002
1.177924e-002 -1.682250e-002 3.161141e-002
-1.147712e-002 1.423859e-002 3.362052e-002
1.386727e-002 -1.657213e-002 2.990495e-002
-1.491516e-002 1.411684e-002 3.161141e-002
-1.785713e-002 1.284138e-002 2.897251e-002
1.658040e-002 -1.512603e-002 2.700768e-002
8.688678e-003 -1.609249e-002 3.362052e-002
-7.253840e-003 1.256402e-002 3.494341e-002
1.521649e-002 -1.588194e-002 2.897251e-002
-9.448244e-003 1.349349e-002 3.449495e-002
-1.404594e-002 1.404594e-002 3.236396e-002
6.834543e-003 -1.498775e-002 3.449495e-002
1.018901e-002 -1.616880e-002 3.303649e-002
-1.617925e-002 1.357601e-002 3.078829e-002
4.961919e-003 -1.363276e-002 3.494341e-002
-1.296621e-002 1.404006e-002 3.303649e-002
-1.943656e-002 1.122170e-002 2.700768e-002
-1.986332e-002 1.056875e-002 2.600000e-002
9.144144e-003 -1.583812e-002 3.362052e-002
1.139350e-002 -1.627160e-002 3.236396e-002
-1.891678e-002 1.176020e-002 2.800269e-002
-1.092276e-002 1.355085e-002 3.410872e-002
1.355397e-002 -1.619772e-002 3.078829e-002
1.719265e-002 -1.442635e-002 2.700768e-002
-1.442672e-002 1.365455e-002 3.236396e-002
1.760342e-002 -1.401320e-002 2.600000e-002
1.645551e-002 -1.501209e-002 2.800269e-002
-1.754355e-002 1.261588e-002 2.990495e-002
-8.891976e-003 1.269906e-002 3.477435e-002
8.269009e-003 -1.531522e-002 3.410872e-002
1.494929e-002 -1.560306e-002 2.990495e-002
-1.981336e-002 1.054217e-002 2.700768e-002
-1.351381e-002 1.351381e-002 3.303649e-002
6.432158e-003 -1.410534e-002 3.477435e-002
-1.573186e-002 1.320060e-002 3.161141e-002
1.755914e-002 -1.397795e-002 2.700768e-002
9.750175e-003 -1.547241e-002 3.362052e-002
-1.240776e-002 1.343536e-002 3.362052e-002
8.702477e-003 -1.507313e-002 3.410872e-002
-1.929015e-002 1.113718e-002 2.800269e-002
1.096185e-002 -1.565515e-002 3.303649e-002
1.317917e-002 -1.574981e-002 3.161141e-002
-1.867949e-002 1.161268e-002 2.897251e-002
-1.033759e-002 1.282489e-002 3.449495e-002
1.706314e-002 -1.431768e-002 2.800269e-002
-1.388016e-002 1.313724e-002 3.303649e-002
1.624910e-002 -1.482379e-002 2.897251e-002
-1.714720e-002 1.233085e-002 3.078829e-002
7.826012e-003 -1.449473e-002 3.449495e-002
-8.321263e-003 1.188400e-002 3.494341e-002
1.461155e-002 -1.525054e-002 3.078829e-002
-1.966411e-002 1.046276e-002 2.800269e-002
6.019323e-003 -1.320002e-002 3.494341e-002
-1.293177e-002 1.293177e-002 3.362052e-002
1.742688e-002 -1.387266e-002 2.800269e-002
-1.521668e-002 1.276831e-002 3.236396e-002
9.279237e-003 -1.472509e-002 3.410872e-002
-1.180846e-002 1.278642e-002 3.410872e-002
8.236255e-003 -1.426561e-002 3.449495e-002
-1.904819e-002 1.099748e-002 2.897251e-002
1.048973e-002 -1.498089e-002 3.362052e-002
-2.034064e-002 9.484995e-003 2.700768e-002
-2.052847e-002 9.210416e-003 2.600000e-002
1.274758e-002 -1.523404e-002 3.236396e-002
-1.835148e-002 1.140877e-002 2.990495e-002
1.684911e-002 -1.413808e-002 2.897251e-002
-9.728966e-003 1.206982e-002 3.477435e-002
1.596376e-002 -1.456348e-002 2.990495e-002
-1.328235e-002 1.257143e-002 3.362052e-002
1.838456e-002 -1.287301e-002 2.700768e-002
1.850508e-002 -1.279890e-002 2.600000e-002
-1.667303e-002 1.198987e-002 3.161141e-002
7.365252e-003 -1.364135e-002 3.477435e-002
-1.941745e-002 1.033152e-002 2.897251e-002
1.420750e-002 -1.482883e-002 3.161141e-002
-1.230716e-002 1.230716e-002 3.410872e-002
1.720828e-002 -1.369865e-002 2.897251e-002
-1.464019e-002 1.228458e-002 3.303649e-002
-1.117584e-002 1.210141e-002 3.449495e-002
8.782117e-003 -1.393621e-002 3.449495e-002
-1.871370e-002 1.080436e-002 2.990495e-002
7.751344e-003 -1.342572e-002 3.477435e-002
-2.018742e-002 9.413549e-003 2.800269e-002
9.983071e-003 -1.425730e-002 3.410872e-002
-1.793687e-002 1.115101e-002 3.078829e-002
1.226464e-002 -1.465690e-002 3.303649e-002
-9.104533e-003 1.129514e-002 3.494341e-002
1.655324e-002 -1.388982e-002 2.990495e-002
1.560310e-002 -1.423445e-002 3.078829e-002
-1.264080e-002 1.196422e-002 3.410872e-002
-1.612703e-002 1.159723e-002 3.236396e-002
1.824608e-002 -1.277604e-002 2.800269e-002
6.892529e-003 -1.276581e-002 3.494341e-002
-1.907649e-002 1.015010e-002 2.990495e-002
-1.164782e-002 1.164782e-002 3.449495e-002
1.374224e-002 -1.434322e-002 3.236396e-002
-1.400964e-002 1.175549e-002 3.362052e-002
1.690610e-002 -1.345810e-002 2.990495e-002
-1.051786e-002 1.138894e-002 3.477435e-002
8.265067e-003 -1.311572e-002 3.477435e-002
-2.104780e-002 7.790816e-003 2.700768e-002
-2.110087e-002 7.810460e-003 2.600000e-002
-2.157792e-002 6.375213e-003 2.600000e-002
1.927453e-002 -1.149778e-002 2.700768e-002
1.932313e-002 -1.152677e-002 2.600000e-002
2.005387e-002 -1.020256e-002 2.600000e-002
-1.829091e-002 1.056026e-002 3.078829e-002
7.253840e-003 -1.256402e-002 3.494341e-002
-1.993419e-002 9.295467e-003 2.897251e-002
9.448244e-003 -1.349349e-002 3.449495e-002
-1.744087e-002 1.084266e-002 3.161141e-002
1.173640e-002 -1.402563e-002 3.362052e-002
1.617925e-002 -1.357601e-002 3.078829e-002
-1.196359e-002 1.132325e-002 3.449495e-002
-1.551605e-002 1.115787e-002 3.303649e-002
1.517163e-002 -1.384083e-002 3.161141e-002
-1.864549e-002 9.920780e-003 3.078829e-002
1.801721e-002 -1.261579e-002 2.897251e-002
-1.096206e-002 1.096206e-002 3.477435e-002
1.322161e-002 -1.379982e-002 3.303649e-002
-1.333297e-002 1.118769e-002 3.410872e-002
-9.842795e-003 1.065796e-002 3.494341e-002
1.652415e-002 -1.315404e-002 3.078829e-002
7.734591e-003 -1.227391e-002 3.494341e-002
-2.088925e-002 7.732131e-003 2.800269e-002
1.912935e-002 -1.141118e-002 2.800269e-002
-1.778512e-002 1.026824e-002 3.161141e-002
8.891976e-003 -1.269906e-002 3.477435e-002
-1.958415e-002 9.132239e-003 2.990495e-002
1.116953e-002 -1.334818e-002 3.410872e-002
-1.686972e-002 1.048758e-002 3.236396e-002
1.573186e-002 -1.320060e-002 3.161141e-002
-1.125923e-002 1.065660e-002 3.477435e-002
-2.152365e-002 6.359179e-003 2.700768e-002
1.467480e-002 -1.338758e-002 3.236396e-002
-1.484778e-002 1.067730e-002 3.362052e-002
1.770083e-002 -1.239425e-002 2.990495e-002
-1.812990e-002 9.646446e-003 3.161141e-002
2.000343e-002 -1.017690e-002 2.700768e-002
-1.025848e-002 1.025848e-002 3.494341e-002
1.265216e-002 -1.320547e-002 3.362052e-002
-1.261868e-002 1.058833e-002 3.449495e-002
1.606721e-002 -1.279030e-002 3.161141e-002
-2.062723e-002 7.635141e-003 2.897251e-002
1.888939e-002 -1.126804e-002 2.897251e-002
-1.720269e-002 9.931980e-003 3.236396e-002
8.321263e-003 -1.188400e-002 3.494341e-002
1.057114e-002 -1.263308e-002 3.449495e-002
-1.914169e-002 8.925917e-003 3.078829e-002
1.521668e-002 -1.276831e-002 3.236396e-002
-2.167867e-002 5.808782e-003 2.700768e-002
-2.195747e-002 4.911160e-003 2.600000e-002
-1.623061e-002 1.009026e-002 3.303649e-002
1.411884e-002 -1.288039e-002 3.303649e-002
-1.053658e-002 9.972624e-003 3.494341e-002
1.730091e-002 -1.211423e-002 3.078829e-002
-2.136152e-002 6.311277e-003 2.800269e-002
-1.413063e-002 1.016159e-002 3.410872e-002
2.034064e-002 -9.484995e-003 2.700768e-002
2.069399e-002 -8.832252e-003 2.600000e-002
1.985275e-002 -1.010024e-002 2.800269e-002
-1.753619e-002 9.330546e-003 3.236396e-002
-1.187575e-002 9.964936e-003 3.477435e-002
1.204105e-002 -1.256763e-002 3.410872e-002
-2.026501e-002 7.501069e-003 2.990495e-002
1.554105e-002 -1.237145e-002 3.236396e-002
1.855770e-002 -1.107017e-002 2.990495e-002
-1.655096e-002 9.555704e-003 3.303649e-002
-1.861238e-002 8.679094e-003 3.161141e-002
9.948761e-003 -1.188930e-002 3.477435e-002
2.064195e-002 -8.810038e-003 2.700768e-002
-2.190224e-002 4.898807e-003 2.700768e-002
-2.151537e-002 5.765026e-003 2.800269e-002
1.464019e-002 -1.228458e-002 3.303649e-002
-1.553156e-002 9.655676e-003 3.362052e-002
1.351075e-002 -1.232563e-002 3.362052e-002
-2.109357e-002 6.232111e-003 2.897251e-002
1.682250e-002 -1.177924e-002 3.161141e-002
-1.337360e-002 9.617195e-003 3.449495e-002
2.018742e-002 -9.413549e-003 2.800269e-002
-1.687182e-002 8.977056e-003 3.303649e-002
1.960373e-002 -9.973550e-003 2.897251e-002
-1.111353e-002 9.325357e-003 3.494341e-002
1.139597e-002 -1.189434e-002 3.449495e-002
-1.980717e-002 7.331598e-003 3.078829e-002
1.495227e-002 -1.190275e-002 3.303649e-002
-1.583812e-002 9.144144e-003 3.362052e-002
-1.800286e-002 8.394873e-003 3.236396e-002
1.813843e-002 -1.082006e-002 3.078829e-002
9.310220e-003 -1.112621e-002 3.494341e-002
-2.173726e-002 4.861906e-003 2.800269e-002
2.048646e-002 -8.743674e-003 2.800269e-002
-2.124549e-002 5.692712e-003 2.897251e-002
1.400964e-002 -1.175549e-002 3.362052e-002
-2.210244e-002 3.897257e-003 2.700768e-002
-2.223780e-002 3.424914e-003 2.600000e-002
1.285817e-002 -1.173030e-002 3.410872e-002
-1.478138e-002 9.189300e-003 3.410872e-002
1.627160e-002 -1.139350e-002 3.236396e-002
-2.072317e-002 6.122675e-003 2.990495e-002
1.993419e-002 -9.295467e-003 2.897251e-002
-1.258623e-002 9.050979e-003 3.477435e-002
-1.614516e-002 8.590418e-003 3.362052e-002
2.108991e-002 -7.676098e-003 2.700768e-002
2.124061e-002 -7.422031e-003 2.600000e-002
-1.925945e-002 7.128861e-003 3.161141e-002
1.925949e-002 -9.798415e-003 2.990495e-002
-1.507313e-002 8.702477e-003 3.410872e-002
1.072503e-002 -1.119406e-002 3.477435e-002
-1.732082e-002 8.076830e-003 3.303649e-002
1.430828e-002 -1.139010e-002 3.362052e-002
-2.146460e-002 4.800920e-003 2.897251e-002
-2.087242e-002 5.592748e-003 2.990495e-002
1.763685e-002 -1.052086e-002 3.161141e-002
2.022948e-002 -8.633997e-003 2.897251e-002
-2.193595e-002 3.867901e-003 2.800269e-002
-1.398949e-002 8.696999e-003 3.449495e-002
1.333297e-002 -1.118769e-002 3.410872e-002
-2.025497e-002 5.984347e-003 3.078829e-002
1.216931e-002 -1.110187e-002 3.449495e-002
-1.177841e-002 8.470061e-003 3.494341e-002
1.565515e-002 -1.096185e-002 3.303649e-002
1.958415e-002 -9.132239e-003 2.990495e-002
-1.536534e-002 8.175496e-003 3.410872e-002
-1.862875e-002 6.895408e-003 3.236396e-002
2.093104e-002 -7.618277e-003 2.800269e-002
-1.426561e-002 8.236255e-003 3.449495e-002
-1.657482e-002 7.728965e-003 3.362052e-002
1.882436e-002 -9.577041e-003 3.078829e-002
1.003667e-002 -1.047559e-002 3.494341e-002
-2.108768e-002 4.716616e-003 2.990495e-002
-2.040085e-002 5.466391e-003 3.078829e-002
1.361719e-002 -1.083996e-002 3.410872e-002
1.705929e-002 -1.017633e-002 3.236396e-002
-2.166080e-002 3.819383e-003 2.897251e-002
1.987425e-002 -8.482384e-003 2.990495e-002
-2.235801e-002 1.956072e-003 2.700768e-002
-2.241766e-002 1.923194e-003 2.600000e-002
1.261868e-002 -1.058833e-002 3.449495e-002
-1.316586e-002 8.184961e-003 3.477435e-002
1.145284e-002 -1.044824e-002 3.477435e-002
-1.969487e-002 5.818865e-003 3.161141e-002
2.163669e-002 -5.963237e-003 2.700768e-002
2.169125e-002 -5.978273e-003 2.600000e-002
2.204387e-002 -4.507503e-003 2.600000e-002
-1.454217e-002 7.737507e-003 3.449495e-002
1.498089e-002 -1.048973e-002 3.362052e-002
1.914169e-002 -8.925917e-003 3.078829e-002
-1.792299e-002 6.634173e-003 3.303649e-002
-1.342572e-002 7.751344e-003 3.477435e-002
2.066849e-002 -7.522716e-003 2.897251e-002
-1.577424e-002 7.355651e-003 3.410872e-002
1.830382e-002 -9.312212e-003 3.161141e-002
-2.061125e-002 4.610054e-003 3.078829e-002
-1.983672e-002 5.315233e-003 3.161141e-002
1.288767e-002 -1.025922e-002 3.449495e-002
1.641299e-002 -9.790795e-003 3.303649e-002
2.244341e-002 0.000000e+000 2.700768e-002
2.244917e-002 -1.511598e-003 2.600000e-002
2.250000e-002 0.000000e+000 2.600000e-002
-2.128044e-002 3.752315e-003 2.990495e-002
-2.218959e-002 1.941338e-003 2.800269e-002
1.942524e-002 -8.290743e-003 3.078829e-002
-1.232083e-002 7.659626e-003 3.494341e-002
1.187575e-002 -9.964936e-003 3.477435e-002
-1.904991e-002 5.628311e-003 3.236396e-002
1.071777e-002 -9.777642e-003 3.494341e-002
2.147371e-002 -5.918318e-003 2.800269e-002
-1.368599e-002 7.281959e-003 3.477435e-002
-2.243963e-002 4.117450e-004 2.700768e-002
-2.249621e-002 4.127830e-004 2.600000e-002
-2.247312e-002 -1.099493e-003 2.600000e-002
1.425730e-002 -9.983071e-003 3.410872e-002
-1.715106e-002 6.348442e-003 3.362052e-002
1.861238e-002 -8.679094e-003 3.161141e-002
-1.256402e-002 7.253840e-003 3.494341e-002
2.030556e-002 -7.390617e-003 2.990495e-002
-1.492917e-002 6.961584e-003 3.449495e-002
1.770441e-002 -9.007258e-003 3.236396e-002
-2.004130e-002 4.482575e-003 3.161141e-002
1.212890e-002 -9.655209e-003 3.477435e-002
-1.918711e-002 5.141171e-003 3.236396e-002
2.198843e-002 -4.496166e-003 2.700768e-002
1.570609e-002 -9.369110e-003 3.362052e-002
-2.079965e-002 3.667539e-003 3.078829e-002
-2.191125e-002 1.916986e-003 2.897251e-002
1.888808e-002 -8.061484e-003 3.161141e-002
1.450768e-002 0.000000e+000 3.494341e-002
2.238432e-002 1.627546e-003 2.700768e-002
2.244076e-002 1.631650e-003 2.600000e-002
-1.832820e-002 5.415080e-003 3.303649e-002
2.226335e-002 3.254708e-003 2.600000e-002
1.111353e-002 -9.325357e-003 3.494341e-002
2.120435e-002 -5.844081e-003 2.897251e-002
-1.280759e-002 6.814582e-003 3.494341e-002
2.221571e-002 1.615286e-003 2.800269e-002
2.227435e-002 0.000000e+000 2.800269e-002
-2.227060e-002 4.086430e-004 2.800269e-002
2.220736e-002 3.246522e-003 2.700768e-002
1.349349e-002 -9.448244e-003 3.449495e-002
-1.632265e-002 6.041809e-003 3.410872e-002
1.800286e-002 -8.394873e-003 3.236396e-002
-1.405021e-002 6.551719e-003 3.477435e-002
2.193704e-002 1.595025e-003 2.897251e-002
2.199495e-002 0.000000e+000 2.897251e-002
1.984679e-002 -7.223642e-003 3.078829e-002
-1.938499e-002 4.335781e-003 3.236396e-002
2.210244e-002 3.897257e-003 2.700768e-002
2.196871e-002 4.860628e-003 2.600000e-002
-1.846020e-002 4.946396e-003 3.303649e-002
2.210244e-002 -3.897257e-003 2.700768e-002
2.204008e-002 3.222067e-003 2.800269e-002
2.229690e-002 -3.016365e-003 2.600000e-002
-2.022449e-002 3.566123e-003 3.161141e-002
2.155183e-002 1.567016e-003 2.990495e-002
1.703368e-002 -8.666015e-003 3.303649e-002
1.135043e-002 -9.035510e-003 3.494341e-002
-2.152649e-002 1.883324e-003 2.990495e-002
2.160872e-002 0.000000e+000 2.990495e-002
2.182280e-002 -4.462298e-003 2.800269e-002
-2.241660e-002 -1.096727e-003 2.700768e-002
1.494748e-002 -8.916576e-003 3.410872e-002
2.193595e-002 3.867901e-003 2.800269e-002
2.191346e-002 4.848403e-003 2.700768e-002
-1.753881e-002 5.181855e-003 3.362052e-002
2.176362e-002 3.181651e-003 2.897251e-002
-2.199125e-002 4.035180e-004 2.897251e-002
1.826954e-002 -7.797489e-003 3.236396e-002
-1.544819e-002 5.718129e-003 3.449495e-002
2.106491e-002 1.531613e-003 3.078829e-002
2.083200e-002 -5.741459e-003 2.990495e-002
2.112052e-002 0.000000e+000 3.078829e-002
-1.314842e-002 6.131211e-003 3.494341e-002
1.269906e-002 -8.891976e-003 3.477435e-002
1.732082e-002 -8.076830e-003 3.303649e-002
2.166080e-002 3.819383e-003 2.897251e-002
-1.865059e-002 4.171519e-003 3.303649e-002
2.174839e-002 4.811882e-003 2.800269e-002
-1.766513e-002 4.733357e-003 3.362052e-002
1.929798e-002 -7.023891e-003 3.161141e-002
2.167867e-002 5.808782e-003 2.700768e-002
2.155839e-002 6.440952e-003 2.600000e-002
-1.956218e-002 3.449341e-003 3.236396e-002
2.224082e-002 -3.008779e-003 2.700768e-002
2.138145e-002 3.125781e-003 2.990495e-002
-2.104015e-002 1.840774e-003 3.078829e-002
2.048241e-002 1.489260e-003 3.161141e-002
2.193595e-002 -3.867901e-003 2.800269e-002
-2.235801e-002 -1.956072e-003 2.700768e-002
-2.234848e-002 -2.606800e-003 2.600000e-002
2.053648e-002 0.000000e+000 3.161141e-002
1.630004e-002 -8.292774e-003 3.362052e-002
2.150417e-002 6.424753e-003 2.700768e-002
2.154906e-002 -4.406324e-003 2.897251e-002
-2.224774e-002 -1.088466e-003 2.800269e-002
-1.669168e-002 4.931569e-003 3.410872e-002
1.414669e-002 -8.438886e-003 3.449495e-002
2.128044e-002 3.752315e-003 2.990495e-002
-2.160508e-002 3.964320e-004 2.990495e-002
1.757739e-002 -7.502079e-003 3.303649e-002
2.147559e-002 4.751523e-003 2.897251e-002
2.151537e-002 5.765026e-003 2.800269e-002
-1.453868e-002 5.381473e-003 3.477435e-002
2.036135e-002 -5.611743e-003 3.078829e-002
2.089838e-002 3.055161e-003 3.078829e-002
1.188400e-002 -8.321263e-003 3.494341e-002
-2.229227e-002 -2.600244e-003 2.700768e-002
-1.784731e-002 3.991853e-003 3.362052e-002
1.657482e-002 -7.728965e-003 3.362052e-002
1.981166e-002 1.440490e-003 3.236396e-002
1.986396e-002 0.000000e+000 3.236396e-002
-1.681189e-002 4.504734e-003 3.410872e-002
2.134218e-002 6.376357e-003 2.800269e-002
1.866602e-002 -6.793875e-003 3.236396e-002
-1.882106e-002 3.318661e-003 3.303649e-002
2.079965e-002 3.667539e-003 3.078829e-002
2.207328e-002 -2.986115e-003 2.800269e-002
-2.045834e-002 1.789872e-003 3.161141e-002
2.109848e-002 4.668087e-003 2.990495e-002
-2.218959e-002 -1.941338e-003 2.800269e-002
2.166080e-002 -3.819383e-003 2.897251e-002
2.124549e-002 5.692712e-003 2.897251e-002
2.235801e-002 -1.956072e-003 2.700768e-002
-2.196867e-002 -1.074813e-003 2.897251e-002
2.108991e-002 7.676098e-003 2.700768e-002
2.103454e-002 7.987360e-003 2.600000e-002
1.551274e-002 -7.892229e-003 3.410872e-002
2.032049e-002 2.970678e-003 3.161141e-002
-1.579745e-002 4.667367e-003 3.449495e-002
2.117066e-002 -4.328949e-003 2.990495e-002
-2.111696e-002 3.874750e-004 3.078829e-002
1.906109e-002 1.385917e-003 3.303649e-002
-1.360554e-002 5.036074e-003 3.494341e-002
1.331380e-002 -7.942044e-003 3.477435e-002
1.911141e-002 0.000000e+000 3.303649e-002
-2.212435e-002 -2.580657e-003 2.800269e-002
1.682034e-002 -7.178967e-003 3.362052e-002
2.107447e-002 6.296375e-003 2.897251e-002
1.979831e-002 -5.456565e-003 3.161141e-002
-1.698528e-002 3.799045e-003 3.410872e-002
2.022449e-002 3.566123e-003 3.161141e-002
2.062180e-002 4.562621e-003 3.078829e-002
-1.591123e-002 4.263400e-003 3.449495e-002
1.577424e-002 -7.355651e-003 3.410872e-002
2.087242e-002 5.592748e-003 2.990495e-002
-1.801045e-002 3.175728e-003 3.362052e-002
1.795885e-002 -6.536487e-003 3.303649e-002
-1.978837e-002 1.731258e-003 3.236396e-002
2.093104e-002 7.618277e-003 2.800269e-002
2.179640e-002 -2.948658e-003 2.897251e-002
-2.191125e-002 -1.916986e-003 2.897251e-002
1.965504e-002 2.873395e-003 3.236396e-002
-2.210244e-002 -3.897257e-003 2.700768e-002
-2.212286e-002 -4.102329e-003 2.600000e-002
2.128044e-002 -3.752315e-003 2.990495e-002
1.824014e-002 1.326226e-003 3.362052e-002
2.218959e-002 -1.941338e-003 2.800269e-002
1.828829e-002 0.000000e+000 3.362052e-002
-2.158291e-002 -1.055939e-003 2.990495e-002
2.070441e-002 6.185811e-003 2.990495e-002
1.468167e-002 -7.469415e-003 3.449495e-002
-1.486737e-002 4.392575e-003 3.477435e-002
-2.053303e-002 3.767610e-004 3.161141e-002
2.069236e-002 -4.231146e-003 3.078829e-002
1.956218e-002 3.449341e-003 3.236396e-002
1.245928e-002 -7.432301e-003 3.494341e-002
2.005156e-002 4.436453e-003 3.161141e-002
-2.184683e-002 -2.548286e-003 2.897251e-002
1.600791e-002 -6.832219e-003 3.410872e-002
2.040085e-002 5.466391e-003 3.078829e-002
-1.607532e-002 3.595517e-003 3.449495e-002
1.914996e-002 -5.277875e-003 3.236396e-002
2.066849e-002 7.522716e-003 2.897251e-002
2.034863e-002 9.467836e-003 2.700768e-002
-1.497445e-002 4.012391e-003 3.477435e-002
1.492917e-002 -6.961584e-003 3.449495e-002
2.039994e-002 9.491710e-003 2.600000e-002
-1.714053e-002 3.022338e-003 3.410872e-002
1.965791e-002 1.094608e-002 2.600000e-002
1.718537e-002 -6.254963e-003 3.362052e-002
1.891040e-002 2.764536e-003 3.303649e-002
-1.903868e-002 1.665669e-003 3.303649e-002
2.141366e-002 -2.896879e-003 2.990495e-002
1.735913e-002 1.262169e-003 3.410872e-002
-2.152649e-002 -1.883324e-003 2.990495e-002
1.740495e-002 0.000000e+000 3.410872e-002
2.079965e-002 -3.667539e-003 3.078829e-002
2.023664e-002 6.046056e-003 3.078829e-002
-2.193595e-002 -3.867901e-003 2.800269e-002
2.191125e-002 -1.916986e-003 2.897251e-002
1.882106e-002 3.318661e-003 3.303649e-002
-2.109529e-002 -1.032082e-003 3.078829e-002
1.939492e-002 4.291170e-003 3.236396e-002
1.381728e-002 -7.029652e-003 3.477435e-002
1.983672e-002 5.315233e-003 3.161141e-002
-1.391314e-002 4.110647e-003 3.494341e-002
2.012016e-002 -4.114145e-003 3.161141e-002
-1.986062e-002 3.644230e-004 3.236396e-002
2.030556e-002 7.390617e-003 2.990495e-002
1.515031e-002 -6.466194e-003 3.449495e-002
1.842446e-002 -5.077921e-003 3.303649e-002
-2.146320e-002 -2.503539e-003 2.990495e-002
-1.512888e-002 3.383830e-003 3.477435e-002
2.019535e-002 9.396519e-003 2.800269e-002
1.405021e-002 -6.551719e-003 3.477435e-002
1.809594e-002 2.645468e-003 3.362052e-002
-2.174245e-002 -5.565289e-003 2.700768e-002
-2.179727e-002 -5.579321e-003 2.600000e-002
-2.137320e-002 -7.031103e-003 2.600000e-002
1.635531e-002 -5.952845e-003 3.410872e-002
1.642914e-002 1.194550e-003 3.449495e-002
1.647251e-002 0.000000e+000 3.449495e-002
-1.401334e-002 3.754864e-003 3.494341e-002
2.092987e-002 -2.831431e-003 3.078829e-002
1.967704e-002 5.878867e-003 3.161141e-002
-1.622226e-002 2.860422e-003 3.449495e-002
1.960847e-002 1.091855e-002 2.700768e-002
2.022449e-002 -3.566123e-003 3.161141e-002
-1.821870e-002 1.593929e-003 3.362052e-002
2.152649e-002 -1.883324e-003 2.990495e-002
1.801045e-002 3.175728e-003 3.362052e-002
1.866013e-002 4.128597e-003 3.303649e-002
1.293045e-002 -6.578468e-003 3.494341e-002
-2.104015e-002 -1.840774e-003 3.078829e-002
1.946128e-002 -3.979416e-003 3.236396e-002
-2.166080e-002 -3.819383e-003 2.897251e-002
1.918711e-002 5.141171e-003 3.236396e-002
1.425833e-002 -6.085495e-003 3.477435e-002
1.984679e-002 7.223642e-003 3.078829e-002
1.763092e-002 -4.859217e-003 3.362052e-002
-2.051195e-002 -1.003543e-003 3.161141e-002
1.994203e-002 9.278652e-003 2.897251e-002
-1.910819e-002 3.506160e-004 3.303649e-002
1.314842e-002 -6.131211e-003 3.494341e-002
1.722190e-002 2.517691e-003 3.410872e-002
-2.097829e-002 -2.446977e-003 3.078829e-002
1.547910e-002 -5.633931e-003 3.449495e-002
1.546187e-002 1.124220e-003 3.477435e-002
1.550269e-002 0.000000e+000 3.477435e-002
-1.415786e-002 3.166646e-003 3.494341e-002
2.035110e-002 -2.753135e-003 3.161141e-002
1.903267e-002 5.686348e-003 3.236396e-002
1.946076e-002 1.083630e-002 2.800269e-002
-2.157867e-002 -5.523367e-003 2.800269e-002
1.956218e-002 -3.449341e-003 3.236396e-002
2.104015e-002 -1.840774e-003 3.078829e-002
-1.526717e-002 2.692014e-003 3.477435e-002
1.714053e-002 3.022338e-003 3.410872e-002
-1.733872e-002 1.516942e-003 3.410872e-002
1.872398e-002 -3.828655e-003 3.303649e-002
1.785645e-002 3.950781e-003 3.362052e-002
-2.045834e-002 -1.789872e-003 3.161141e-002
1.334319e-002 -5.694911e-003 3.494341e-002
1.846020e-002 4.946396e-003 3.303649e-002
1.929798e-002 7.023891e-003 3.161141e-002
-2.128044e-002 -3.752315e-003 2.990495e-002
1.677934e-002 -4.624514e-003 3.410872e-002
-1.984023e-002 -9.706790e-004 3.236396e-002
1.959185e-002 9.115720e-003 2.990495e-002
1.456776e-002 -5.302232e-003 3.477435e-002
-2.131944e-002 -7.013419e-003 2.700768e-002
1.968465e-002 -2.662976e-003 3.236396e-002
1.629926e-002 2.382810e-003 3.449495e-002
-1.828521e-002 3.355150e-004 3.362052e-002
1.882106e-002 -3.318661e-003 3.303649e-002
1.876505e-002 1.231176e-002 2.700768e-002
1.881237e-002 1.234281e-002 2.600000e-002
-2.039819e-002 -2.379312e-003 3.161141e-002
1.446948e-002 1.052065e-003 3.494341e-002
2.045834e-002 -1.789872e-003 3.161141e-002
-2.130800e-002 -5.454084e-003 2.897251e-002
1.831161e-002 5.470919e-003 3.303649e-002
1.791754e-002 -3.663756e-003 3.362052e-002
1.921665e-002 1.070037e-002 2.897251e-002
-1.428728e-002 2.519232e-003 3.494341e-002
1.588042e-002 -4.376763e-003 3.449495e-002
-1.640983e-002 1.435674e-003 3.449495e-002
1.622226e-002 2.860422e-003 3.449495e-002
1.363276e-002 -4.961919e-003 3.494341e-002
-1.978837e-002 -1.731258e-003 3.236396e-002
1.699398e-002 3.759956e-003 3.410872e-002
1.893889e-002 -2.562088e-003 3.303649e-002
1.766513e-002 4.733357e-003 3.362052e-002
-2.079965e-002 -3.667539e-003 3.078829e-002
1.801045e-002 -3.175728e-003 3.362052e-002
1.866602e-002 6.793875e-003 3.236396e-002
-1.908858e-002 -9.339050e-004 3.303649e-002
1.978837e-002 -1.731258e-003 3.236396e-002
1.914921e-002 8.909770e-003 3.078829e-002
-2.108991e-002 -7.676098e-003 2.700768e-002
-2.085255e-002 -8.451114e-003 2.600000e-002
1.705212e-002 -3.486795e-003 3.410872e-002
1.838456e-002 1.287301e-002 2.700768e-002
1.786776e-002 1.367454e-002 2.600000e-002
-2.115885e-002 -6.960589e-003 2.800269e-002
1.494545e-002 -4.119081e-003 3.477435e-002
1.533964e-002 2.242521e-003 3.477435e-002
-1.740202e-002 3.193100e-004 3.410872e-002
1.812320e-002 -2.451740e-003 3.362052e-002
1.862370e-002 1.221902e-002 2.800269e-002
-1.973019e-002 -2.301395e-003 3.236396e-002
1.714053e-002 -3.022338e-003 3.410872e-002
1.752294e-002 5.235289e-003 3.362052e-002
-2.093383e-002 -5.358311e-003 2.990495e-002
1.887921e-002 1.051248e-002 2.990495e-002
1.903868e-002 -1.665669e-003 3.303649e-002
-1.544370e-002 1.351148e-003 3.477435e-002
1.526717e-002 2.692014e-003 3.477435e-002
1.613858e-002 -3.299995e-003 3.449495e-002
1.608355e-002 3.558522e-003 3.449495e-002
-2.080010e-002 -8.429859e-003 2.700768e-002
1.398621e-002 -3.854706e-003 3.494341e-002
-1.903868e-002 -1.665669e-003 3.303649e-002
1.681189e-002 4.504734e-003 3.410872e-002
1.724784e-002 -2.333320e-003 3.410872e-002
1.795885e-002 6.536487e-003 3.303649e-002
-2.022449e-002 -3.566123e-003 3.161141e-002
1.622226e-002 -2.860422e-003 3.449495e-002
-1.826644e-002 -8.936820e-004 3.362052e-002
1.861969e-002 8.663392e-003 3.161141e-002
1.821870e-002 -1.593929e-003 3.362052e-002
1.782282e-002 1.364015e-002 2.700768e-002
-2.093104e-002 -7.618277e-003 2.800269e-002
1.518841e-002 -3.105707e-003 3.477435e-002
-2.089344e-002 -6.873279e-003 2.897251e-002
1.824608e-002 1.277604e-002 2.800269e-002
1.435509e-002 2.098590e-003 3.494341e-002
1.632382e-002 -2.208316e-003 3.449495e-002
-1.646974e-002 3.022030e-004 3.449495e-002
-1.898271e-002 -2.214206e-003 3.303649e-002
1.839009e-002 1.206575e-002 2.897251e-002
1.526717e-002 -2.692014e-003 3.477435e-002
1.733872e-002 -1.516942e-003 3.410872e-002
-2.046088e-002 -5.237251e-003 3.078829e-002
1.667657e-002 4.982421e-003 3.410872e-002
1.845268e-002 1.027497e-002 3.078829e-002
1.421358e-002 -2.906374e-003 3.494341e-002
-1.445247e-002 1.264428e-003 3.494341e-002
1.428728e-002 2.519232e-003 3.494341e-002
1.536275e-002 -2.078301e-003 3.477435e-002
1.513663e-002 3.349013e-003 3.477435e-002
1.428728e-002 -2.519232e-003 3.494341e-002
-2.064342e-002 -8.366359e-003 2.800269e-002
1.591123e-002 4.263400e-003 3.449495e-002
-1.821870e-002 -1.593929e-003 3.362052e-002
1.640983e-002 -1.435674e-003 3.449495e-002
-1.956218e-002 -3.449341e-003 3.236396e-002
1.718537e-002 6.254963e-003 3.362052e-002
1.437672e-002 -1.944909e-003 3.494341e-002
1.800993e-002 8.379687e-003 3.236396e-002
-1.738416e-002 -8.505160e-004 3.410872e-002
1.544370e-002 -1.351148e-003 3.477435e-002
1.445247e-002 -1.264428e-003 3.494341e-002
-2.066849e-002 -7.522716e-003 2.897251e-002
1.768857e-002 1.353740e-002 2.800269e-002
1.801721e-002 1.261579e-002 2.897251e-002
-2.034064e-002 -9.484995e-003 2.700768e-002
-2.023767e-002 -9.832940e-003 2.600000e-002
1.719265e-002 1.442635e-002 2.700768e-002
-2.052655e-002 -6.752584e-003 2.990495e-002
1.682907e-002 1.493427e-002 2.600000e-002
1.806716e-002 1.185388e-002 2.990495e-002
-1.550008e-002 2.844110e-004 3.477435e-002
-1.816513e-002 -2.118841e-003 3.362052e-002
1.578315e-002 4.715496e-003 3.449495e-002
1.794242e-002 9.990841e-003 3.161141e-002
-1.989508e-002 -5.092429e-003 3.161141e-002
1.678674e-002 1.489670e-002 2.700768e-002
1.416511e-002 3.134064e-003 3.494341e-002
-2.038448e-002 -8.261414e-003 2.897251e-002
-1.733872e-002 -1.516942e-003 3.410872e-002
1.497445e-002 4.012391e-003 3.477435e-002
1.635531e-002 5.952845e-003 3.410872e-002
-1.882106e-002 -3.318661e-003 3.303649e-002
-1.645283e-002 -8.049510e-004 3.449495e-002
1.732762e-002 8.062219e-003 3.303649e-002
-2.030556e-002 -7.390617e-003 2.990495e-002
1.746669e-002 1.336759e-002 2.897251e-002
-2.018742e-002 -9.413549e-003 2.800269e-002
1.770083e-002 1.239425e-002 2.990495e-002
-2.006280e-002 -6.600024e-003 3.078829e-002
1.706314e-002 1.431768e-002 2.800269e-002
-1.450524e-002 2.661570e-004 3.494341e-002
1.765897e-002 1.158606e-002 3.078829e-002
-1.728774e-002 -2.016500e-003 3.410872e-002
-1.924356e-002 -4.925663e-003 3.236396e-002
1.485391e-002 4.437870e-003 3.477435e-002
-2.002653e-002 -8.116346e-003 2.990495e-002
1.735484e-002 9.663664e-003 3.236396e-002
1.666030e-002 1.478449e-002 2.800269e-002
-1.640983e-002 -1.435674e-003 3.449495e-002
1.401334e-002 3.754864e-003 3.494341e-002
-1.801045e-002 -3.175728e-003 3.362052e-002
1.547910e-002 5.633931e-003 3.449495e-002
-1.548417e-002 -7.575600e-004 3.477435e-002
-1.948223e-002 -1.114224e-002 2.700768e-002
1.658133e-002 7.714983e-003 3.362052e-002
-1.953135e-002 -1.117033e-002 2.600000e-002
-1.873678e-002 -1.245725e-002 2.600000e-002
1.715998e-002 1.313286e-002 2.990495e-002
-1.984679e-002 -7.223642e-003 3.078829e-002
1.730091e-002 1.211423e-002 3.078829e-002
-1.993419e-002 -9.295467e-003 2.897251e-002
1.684911e-002 1.413808e-002 2.897251e-002
-1.950802e-002 -6.417517e-003 3.161141e-002
1.586989e-002 1.586989e-002 2.700768e-002
1.570176e-002 1.611535e-002 2.600000e-002
1.717066e-002 1.126568e-002 3.161141e-002
-1.636158e-002 -1.908469e-003 3.449495e-002
-1.851452e-002 -4.739053e-003 3.303649e-002
1.390054e-002 4.153035e-003 3.494341e-002
1.669735e-002 9.297553e-003 3.303649e-002
-1.957407e-002 -7.932974e-003 3.078829e-002
-1.544370e-002 -1.351148e-003 3.477435e-002
1.645132e-002 1.459904e-002 2.897251e-002
-1.714053e-002 -3.022338e-003 3.410872e-002
1.456776e-002 5.302232e-003 3.477435e-002
-1.449035e-002 -7.089370e-004 3.494341e-002
1.578044e-002 7.342345e-003 3.410872e-002
-1.933547e-002 -1.105831e-002 2.800269e-002
1.677229e-002 1.283615e-002 3.078829e-002
1.682250e-002 1.177924e-002 3.161141e-002
-1.929798e-002 -7.023891e-003 3.161141e-002
1.655324e-002 1.388982e-002 2.990495e-002
-1.958415e-002 -9.132239e-003 2.990495e-002
1.575034e-002 1.575034e-002 2.800269e-002
-1.886917e-002 -6.207358e-003 3.236396e-002
-1.539829e-002 -1.796107e-003 3.477435e-002
1.660836e-002 1.089676e-002 3.236396e-002
-1.868965e-002 -1.242592e-002 2.700768e-002
1.597820e-002 8.897112e-003 3.362052e-002
-1.771710e-002 -4.534944e-003 3.362052e-002
1.616243e-002 1.434268e-002 2.990495e-002
-1.903280e-002 -7.713608e-003 3.161141e-002
1.363276e-002 4.961919e-003 3.494341e-002
-1.445247e-002 -1.264428e-003 3.494341e-002
1.493503e-002 6.948991e-003 3.449495e-002
-1.622226e-002 -2.860422e-003 3.449495e-002
1.630849e-002 1.248120e-002 3.161141e-002
1.627160e-002 1.139350e-002 3.236396e-002
-1.909294e-002 -1.091960e-002 2.897251e-002
1.617925e-002 1.357601e-002 3.078829e-002
-1.866602e-002 -6.793875e-003 3.236396e-002
1.555278e-002 1.555278e-002 2.897251e-002
-1.914169e-002 -8.925917e-003 3.078829e-002
-1.815431e-002 -5.972190e-003 3.303649e-002
1.445532e-002 1.716829e-002 2.700768e-002
1.449177e-002 1.721158e-002 2.600000e-002
1.320547e-002 1.821718e-002 2.600000e-002
-1.440998e-002 -1.680828e-003 3.494341e-002
1.597915e-002 1.048393e-002 3.303649e-002
-1.854887e-002 -1.233232e-002 2.800269e-002
1.520645e-002 8.467375e-003 3.410872e-002
-1.686136e-002 -4.315904e-003 3.410872e-002
1.579728e-002 1.401864e-002 3.078829e-002
-1.840952e-002 -7.461005e-003 3.236396e-002
1.405573e-002 6.539867e-003 3.477435e-002
-1.526717e-002 -2.692014e-003 3.477435e-002
1.577443e-002 1.207247e-002 3.236396e-002
-1.875767e-002 -1.072785e-002 2.990495e-002
1.565515e-002 1.096185e-002 3.303649e-002
-1.795885e-002 -6.536487e-003 3.303649e-002
1.573186e-002 1.320060e-002 3.161141e-002
-1.861238e-002 -8.679094e-003 3.161141e-002
1.527967e-002 1.527967e-002 2.990495e-002
-1.781263e-002 -1.365346e-002 2.700768e-002
-1.785754e-002 -1.368789e-002 2.600000e-002
1.434644e-002 1.703897e-002 2.800269e-002
-1.737241e-002 -5.714971e-003 3.362052e-002
1.529093e-002 1.003239e-002 3.362052e-002
1.439178e-002 8.013750e-003 3.449495e-002
-1.831620e-002 -1.217763e-002 2.897251e-002
-1.595804e-002 -4.084686e-003 3.449495e-002
1.536044e-002 1.363099e-002 3.161141e-002
-1.771207e-002 -7.178342e-003 3.303649e-002
1.317226e-002 1.817136e-002 2.700768e-002
-1.428728e-002 -2.519232e-003 3.494341e-002
1.315359e-002 6.120120e-003 3.494341e-002
-1.833388e-002 -1.048548e-002 3.078829e-002
1.517680e-002 1.161510e-002 3.303649e-002
1.498089e-002 1.048973e-002 3.362052e-002
-1.718537e-002 -6.254963e-003 3.362052e-002
-1.800286e-002 -8.394873e-003 3.236396e-002
1.521668e-002 1.276831e-002 3.236396e-002
-1.767845e-002 -1.355061e-002 2.800269e-002
1.493446e-002 1.493446e-002 3.078829e-002
-1.719265e-002 -1.442635e-002 2.700768e-002
-1.689762e-002 -1.485667e-002 2.600000e-002
1.416648e-002 1.682524e-002 2.897251e-002
-1.653331e-002 -5.438934e-003 3.410872e-002
1.455237e-002 9.547820e-003 3.410872e-002
-1.799457e-002 -1.196379e-002 2.990495e-002
-1.501850e-002 -3.844199e-003 3.477435e-002
1.354446e-002 7.541939e-003 3.477435e-002
1.485742e-002 1.318461e-002 3.236396e-002
-1.694922e-002 -6.869174e-003 3.362052e-002
-1.782690e-002 -1.019553e-002 3.161141e-002
1.307304e-002 1.803448e-002 2.800269e-002
1.452315e-002 1.111484e-002 3.362052e-002
-1.635531e-002 -5.952845e-003 3.410872e-002
-1.732082e-002 -8.076830e-003 3.303649e-002
1.425730e-002 9.983071e-003 3.410872e-002
1.464019e-002 1.228458e-002 3.303649e-002
-1.745670e-002 -1.338064e-002 2.897251e-002
-1.706314e-002 -1.431768e-002 2.800269e-002
1.452149e-002 1.452149e-002 3.161141e-002
-1.564757e-002 -5.147552e-003 3.449495e-002
1.391772e-002 1.652979e-002 2.990495e-002
-1.758802e-002 -1.169350e-002 3.078829e-002
1.377275e-002 9.036311e-003 3.449495e-002
-1.405457e-002 -3.597467e-003 3.494341e-002
1.181983e-002 1.907874e-002 2.700768e-002
1.184964e-002 1.912684e-002 2.600000e-002
-1.613056e-002 -6.537389e-003 3.410872e-002
1.267514e-002 7.057875e-003 3.494341e-002
-1.724311e-002 -9.861647e-003 3.236396e-002
1.429455e-002 1.268510e-002 3.303649e-002
-1.547910e-002 -5.633931e-003 3.449495e-002
-1.657482e-002 -7.728965e-003 3.362052e-002
1.290905e-002 1.780826e-002 2.897251e-002
-1.715016e-002 -1.314568e-002 2.990495e-002
1.382167e-002 1.057799e-002 3.410872e-002
1.349349e-002 9.448244e-003 3.449495e-002
-1.684911e-002 -1.413808e-002 2.897251e-002
1.400964e-002 1.175549e-002 3.362052e-002
-1.586989e-002 -1.586989e-002 2.700768e-002
1.404594e-002 1.404594e-002 3.236396e-002
-1.586134e-002 -1.595832e-002 2.600000e-002
1.360328e-002 1.615633e-002 3.078829e-002
-1.472631e-002 -4.844489e-003 3.477435e-002
-1.710167e-002 -1.137014e-002 3.161141e-002
1.122170e-002 1.943656e-002 2.700768e-002
1.043140e-002 1.993579e-002 2.600000e-002
1.296188e-002 8.504297e-003 3.477435e-002
-1.526639e-002 -6.187160e-003 3.449495e-002
-1.658985e-002 -9.488036e-003 3.303649e-002
1.173080e-002 1.893502e-002 2.800269e-002
-1.456776e-002 -5.302232e-003 3.477435e-002
1.367889e-002 1.213876e-002 3.362052e-002
-1.577424e-002 -7.355651e-003 3.410872e-002
1.268237e-002 1.749555e-002 2.990495e-002
-1.676269e-002 -1.284868e-002 3.078829e-002
1.308120e-002 1.001129e-002 3.449495e-002
1.269906e-002 8.891976e-003 3.477435e-002
-1.655324e-002 -1.388982e-002 2.990495e-002
1.333297e-002 1.118769e-002 3.410872e-002
-1.575034e-002 -1.575034e-002 2.800269e-002
1.351381e-002 1.351381e-002 3.303649e-002
-1.378113e-002 -4.533556e-003 3.494341e-002
1.322711e-002 1.570957e-002 3.161141e-002
-1.654163e-002 -1.099780e-002 3.236396e-002
1.040517e-002 1.988565e-002 2.700768e-002
-1.436758e-002 -5.822889e-003 3.477435e-002
-1.471628e-002 -1.694514e-002 2.700768e-002
-1.475339e-002 -1.698787e-002 2.600000e-002
1.113718e-002 1.929015e-002 2.800269e-002
1.212995e-002 7.958466e-003 3.494341e-002
-1.587533e-002 -9.079390e-003 3.362052e-002
-1.363276e-002 -4.961919e-003 3.494341e-002
1.158365e-002 1.869751e-002 2.897251e-002
1.301819e-002 1.155245e-002 3.410872e-002
-1.492917e-002 -6.961584e-003 3.449495e-002
-1.629916e-002 -1.249338e-002 3.161141e-002
1.239584e-002 1.710027e-002 3.078829e-002
-1.617925e-002 -1.357601e-002 3.078829e-002
1.231104e-002 9.421872e-003 3.477435e-002
-1.555278e-002 -1.555278e-002 2.897251e-002
1.188400e-002 8.321263e-003 3.494341e-002
1.261868e-002 1.058833e-002 3.449495e-002
1.293177e-002 1.293177e-002 3.362052e-002
-1.591494e-002 -1.058114e-002 3.303649e-002
-1.344542e-002 -5.449159e-003 3.494341e-002
1.279396e-002 1.519512e-002 3.236396e-002
1.032679e-002 1.973586e-002 2.800269e-002
-1.460543e-002 -1.681750e-002 2.800269e-002
1.099748e-002 1.904819e-002 2.897251e-002
-1.510854e-002 -8.640851e-003 3.410872e-002
-1.405021e-002 -6.551719e-003 3.477435e-002
9.484995e-003 2.034064e-002 2.700768e-002
-1.576540e-002 -1.208425e-002 3.236396e-002
8.958236e-003 2.063977e-002 2.600000e-002
1.138024e-002 1.836918e-002 2.990495e-002
-1.573186e-002 -1.320060e-002 3.161141e-002
-1.527967e-002 -1.527967e-002 2.990495e-002
1.232076e-002 1.093355e-002 3.449495e-002
1.205307e-002 1.662741e-002 3.161141e-002
-1.354462e-002 -1.789553e-002 2.700768e-002
-1.357877e-002 -1.794065e-002 2.600000e-002
8.935705e-003 2.058786e-002 2.700768e-002
1.152088e-002 8.817148e-003 3.494341e-002
-1.522949e-002 -1.012542e-002 3.362052e-002
-1.442222e-002 -1.660655e-002 2.897251e-002
1.187575e-002 9.964936e-003 3.477435e-002
1.230716e-002 1.230716e-002 3.410872e-002
-1.429913e-002 -8.177931e-003 3.449495e-002
-1.314842e-002 -6.131211e-003 3.494341e-002
1.230925e-002 1.461945e-002 3.303649e-002
-1.516812e-002 -1.162644e-002 3.303649e-002
1.019725e-002 1.948830e-002 2.897251e-002
1.080436e-002 1.871370e-002 2.990495e-002
-1.521668e-002 -1.276831e-002 3.236396e-002
-1.493446e-002 -1.493446e-002 3.078829e-002
9.413549e-003 2.018742e-002 2.800269e-002
-1.287301e-002 -1.838456e-002 2.700768e-002
-1.234281e-002 -1.881237e-002 2.600000e-002
1.112313e-002 1.795417e-002 3.078829e-002
-1.344259e-002 -1.776073e-002 2.800269e-002
1.159537e-002 1.028983e-002 3.477435e-002
1.165836e-002 1.608290e-002 3.236396e-002
-1.449390e-002 -9.636353e-003 3.410872e-002
8.868395e-003 2.043278e-002 2.800269e-002
-1.416897e-002 -1.631493e-002 2.990495e-002
1.111353e-002 9.325357e-003 3.494341e-002
-1.345726e-002 -7.696454e-003 3.477435e-002
1.164782e-002 1.164782e-002 3.449495e-002
-1.231176e-002 -1.876505e-002 2.700768e-002
1.177910e-002 1.398979e-002 3.362052e-002
-1.451484e-002 -1.112569e-002 3.362052e-002
1.001819e-002 1.914609e-002 2.990495e-002
-1.464019e-002 -1.228458e-002 3.303649e-002
1.056026e-002 1.829091e-002 3.078829e-002
-1.452149e-002 -1.452149e-002 3.161141e-002
9.295467e-003 1.993419e-002 2.897251e-002
-1.277604e-002 -1.824608e-002 2.800269e-002
-1.327398e-002 -1.753794e-002 2.897251e-002
7.676098e-003 2.108991e-002 2.700768e-002
6.751520e-003 2.143788e-002 2.665834e-002
1.081555e-002 1.745769e-002 3.161141e-002
-1.371741e-002 -9.120101e-003 3.449495e-002
1.085115e-002 9.629403e-003 3.494341e-002
-1.384885e-002 -1.594633e-002 3.078829e-002
1.121667e-002 1.547359e-002 3.303649e-002
-1.259354e-002 -7.202473e-003 3.494341e-002
8.757154e-003 2.017647e-002 2.897251e-002
-1.221902e-002 -1.862370e-002 2.800269e-002
1.096206e-002 1.096206e-002 3.477435e-002
-1.381376e-002 -1.058831e-002 3.410872e-002
1.121016e-002 1.331408e-002 3.410872e-002
-1.400964e-002 -1.175549e-002 3.362052e-002
9.791848e-003 1.871352e-002 3.078829e-002
-1.404594e-002 -1.404594e-002 3.236396e-002
1.026824e-002 1.778512e-002 3.161141e-002
-1.261579e-002 -1.801721e-002 2.897251e-002
9.132239e-003 1.958415e-002 2.990495e-002
-1.122170e-002 -1.943656e-002 2.700768e-002
-1.105106e-002 -1.959908e-002 2.600000e-002
7.618277e-003 2.093104e-002 2.800269e-002
-1.304089e-002 -1.722998e-002 2.990495e-002
6.741764e-003 2.140690e-002 2.700768e-002
-1.290980e-002 -8.583153e-003 3.477435e-002
1.046136e-002 1.688599e-002 3.236396e-002
-1.346590e-002 -1.550538e-002 3.161141e-002
1.073358e-002 1.480715e-002 3.362052e-002
-1.206575e-002 -1.839009e-002 2.897251e-002
8.603378e-003 1.982218e-002 2.990495e-002
-1.307371e-002 -1.002106e-002 3.449495e-002
1.025848e-002 1.025848e-002 3.494341e-002
-1.333297e-002 -1.118769e-002 3.410872e-002
1.060960e-002 1.260080e-002 3.449495e-002
-1.351381e-002 -1.351381e-002 3.303649e-002
9.521079e-003 1.819605e-002 3.161141e-002
-1.239425e-002 -1.770083e-002 2.990495e-002
9.931980e-003 1.720269e-002 3.236396e-002
8.925917e-003 1.914169e-002 3.078829e-002
-1.113718e-002 -1.929015e-002 2.800269e-002
-1.274625e-002 -1.684070e-002 3.078829e-002
7.522716e-003 2.066849e-002 2.897251e-002
-1.208121e-002 -8.032260e-003 3.494341e-002
6.690980e-003 2.124565e-002 2.800269e-002
-1.302492e-002 -1.499761e-002 3.236396e-002
5.808782e-003 2.167867e-002 2.700768e-002
4.708940e-003 2.193349e-002 2.709384e-002
-1.185388e-002 -1.806716e-002 2.990495e-002
1.006503e-002 1.624626e-002 3.303649e-002
1.021514e-002 1.409196e-002 3.410872e-002
-1.230399e-002 -9.431069e-003 3.477435e-002
8.409005e-003 1.937434e-002 3.078829e-002
-9.684970e-003 -2.024619e-002 2.700768e-002
-9.709390e-003 -2.029723e-002 2.600000e-002
9.984953e-003 1.185892e-002 3.477435e-002
9.209285e-003 1.760017e-002 3.236396e-002
-1.261868e-002 -1.058833e-002 3.449495e-002
9.555704e-003 1.655096e-002 3.303649e-002
-1.293177e-002 -1.293177e-002 3.362052e-002
8.679094e-003 1.861238e-002 3.161141e-002
-1.211423e-002 -1.730091e-002 3.078829e-002
-1.099748e-002 -1.904819e-002 2.897251e-002
7.390617e-003 2.030556e-002 2.990495e-002
6.607051e-003 2.097915e-002 2.897251e-002
-1.239379e-002 -1.637501e-002 3.161141e-002
5.765026e-003 2.151537e-002 2.800269e-002
-1.253147e-002 -1.442942e-002 3.303649e-002
9.631536e-003 1.554654e-002 3.362052e-002
-1.158606e-002 -1.765897e-002 3.078829e-002
9.667880e-003 1.333701e-002 3.449495e-002
-1.151429e-002 -8.825755e-003 3.494341e-002
-9.612015e-003 -2.009368e-002 2.800269e-002
8.176475e-003 1.883859e-002 3.161141e-002
9.344091e-003 1.109778e-002 3.494341e-002
-1.187575e-002 -9.964936e-003 3.477435e-002
-1.230716e-002 -1.230716e-002 3.410872e-002
8.860389e-003 1.693338e-002 3.303649e-002
9.144144e-003 1.583812e-002 3.362052e-002
8.394873e-003 1.800286e-002 3.236396e-002
-1.177924e-002 -1.682250e-002 3.161141e-002
-1.080436e-002 -1.871370e-002 2.990495e-002
7.223642e-003 1.984679e-002 3.078829e-002
-1.198792e-002 -1.583877e-002 3.236396e-002
6.491031e-003 2.061076e-002 2.990495e-002
-8.302907e-003 -2.085110e-002 2.700768e-002
-8.323842e-003 -2.090367e-002 2.600000e-002
5.692712e-003 2.124549e-002 2.897251e-002
-1.199174e-002 -1.380796e-002 3.362052e-002
-1.126568e-002 -1.717066e-002 3.161141e-002
9.166327e-003 1.479564e-002 3.410872e-002
4.675579e-003 2.177810e-002 2.800269e-002
-9.491445e-003 -1.984163e-002 2.897251e-002
9.098682e-003 1.255179e-002 3.477435e-002
-1.111353e-002 -9.325357e-003 3.494341e-002
7.908714e-003 1.822167e-002 3.236396e-002
8.478776e-003 1.620407e-002 3.362052e-002
-1.164782e-002 -1.164782e-002 3.449495e-002
-1.139350e-002 -1.627160e-002 3.236396e-002
8.702477e-003 1.507313e-002 3.410872e-002
8.076830e-003 1.732082e-002 3.303649e-002
-1.056026e-002 -1.829091e-002 3.078829e-002
7.023891e-003 1.929798e-002 3.161141e-002
-7.676098e-003 -2.108991e-002 2.700768e-002
-6.900683e-003 -2.141566e-002 2.600000e-002
6.344380e-003 2.014510e-002 3.078829e-002
-1.153375e-002 -1.523871e-002 3.303649e-002
-8.240364e-003 -2.069404e-002 2.800269e-002
5.592748e-003 2.087242e-002 2.990495e-002
-1.141253e-002 -1.314102e-002 3.410872e-002
3.867901e-003 2.193595e-002 2.800269e-002
2.581368e-003 2.224451e-002 2.737858e-002
8.675256e-003 1.400298e-002 3.449495e-002
-1.089676e-002 -1.660836e-002 3.236396e-002
4.616930e-003 2.150493e-002 2.897251e-002
-9.324777e-003 -1.949321e-002 2.990495e-002
8.514700e-003 1.174618e-002 3.494341e-002
-1.096206e-002 -1.096206e-002 3.477435e-002
7.609089e-003 1.753133e-002 3.303649e-002
-6.883327e-003 -2.136180e-002 2.700768e-002
8.069246e-003 1.542140e-002 3.410872e-002
8.236255e-003 1.426561e-002 3.449495e-002
-1.096185e-002 -1.565515e-002 3.303649e-002
-1.026824e-002 -1.778512e-002 3.161141e-002
7.728965e-003 1.657482e-002 3.362052e-002
-7.618277e-003 -2.093104e-002 2.800269e-002
-1.103700e-002 -1.458239e-002 3.362052e-002
6.793875e-003 1.866602e-002 3.236396e-002
6.168943e-003 1.958804e-002 3.161141e-002
-8.137000e-003 -2.043446e-002 2.897251e-002
5.466391e-003 2.040085e-002 3.078829e-002
-1.080113e-002 -1.243701e-002 3.449495e-002
3.819383e-003 2.166080e-002 2.897251e-002
-1.048393e-002 -1.597915e-002 3.303649e-002
8.164498e-003 1.317855e-002 3.477435e-002
-9.114104e-003 -1.905281e-002 3.078829e-002
4.535857e-003 2.112730e-002 2.990495e-002
-1.025848e-002 -1.025848e-002 3.494341e-002
2.567600e-003 2.212587e-002 2.800269e-002
-6.831478e-003 -2.120089e-002 2.800269e-002
7.281370e-003 1.677627e-002 3.362052e-002
-1.048973e-002 -1.498089e-002 3.362052e-002
7.636950e-003 1.459523e-002 3.449495e-002
-9.931980e-003 -1.720269e-002 3.236396e-002
7.751344e-003 1.342572e-002 3.477435e-002
-7.522716e-003 -2.066849e-002 2.897251e-002
7.355651e-003 1.577424e-002 3.410872e-002
-1.050391e-002 -1.387805e-002 3.410872e-002
6.536487e-003 1.795885e-002 3.303649e-002
-5.808782e-003 -2.167867e-002 2.700768e-002
-5.446343e-003 -2.183088e-002 2.600000e-002
5.966924e-003 1.894658e-002 3.236396e-002
-7.994113e-003 -2.007563e-002 2.990495e-002
5.315233e-003 1.983672e-002 3.161141e-002
-1.016521e-002 -1.170478e-002 3.477435e-002
3.752315e-003 2.128044e-002 2.990495e-002
-1.003239e-002 -1.529093e-002 3.362052e-002
1.941338e-003 2.218959e-002 2.800269e-002
1.528950e-004 2.237367e-002 2.749958e-002
7.640477e-003 1.233272e-002 3.494341e-002
-8.862076e-003 -1.852595e-002 3.161141e-002
4.433379e-003 2.064998e-002 3.078829e-002
-6.745786e-003 -2.093495e-002 2.897251e-002
2.535393e-003 2.184833e-002 2.897251e-002
-9.983071e-003 -1.425730e-002 3.410872e-002
-9.555704e-003 -1.655096e-002 3.303649e-002
6.929675e-003 1.596596e-002 3.410872e-002
-7.390617e-003 -2.030556e-002 2.990495e-002
7.187322e-003 1.373593e-002 3.477435e-002
-9.941178e-003 -1.313456e-002 3.449495e-002
7.253840e-003 1.256402e-002 3.494341e-002
-5.765026e-003 -2.151537e-002 2.800269e-002
6.961584e-003 1.492917e-002 3.449495e-002
-7.813505e-003 -1.962207e-002 3.078829e-002
6.254963e-003 1.718537e-002 3.362052e-002
-9.512775e-003 -1.095353e-002 3.494341e-002
5.740865e-003 1.822878e-002 3.303649e-002
-9.547820e-003 -1.455237e-002 3.410872e-002
5.141171e-003 1.918711e-002 3.236396e-002
-8.571864e-003 -1.791927e-002 3.236396e-002
3.667539e-003 2.079965e-002 3.078829e-002
-6.627330e-003 -2.056734e-002 2.990495e-002
1.916986e-003 2.191125e-002 2.897251e-002
4.310785e-003 2.007895e-002 3.161141e-002
-9.448244e-003 -1.349349e-002 3.449495e-002
-9.144144e-003 -1.583812e-002 3.362052e-002
2.490872e-003 2.146468e-002 2.990495e-002
-7.223642e-003 -1.984679e-002 3.078829e-002
-9.355890e-003 -1.236126e-002 3.477435e-002
6.558429e-003 1.511061e-002 3.449495e-002
6.726019e-003 1.285432e-002 3.494341e-002
-3.957415e-003 -2.209175e-002 2.700768e-002
-3.967394e-003 -2.214745e-002 2.600000e-002
6.551719e-003 1.405021e-002 3.477435e-002
-5.692712e-003 -2.124549e-002 2.897251e-002
5.952845e-003 1.635531e-002 3.410872e-002
-7.597442e-003 -1.907947e-002 3.161141e-002
1.522120e-004 2.227383e-002 2.800269e-002
-9.036311e-003 -1.377275e-002 3.449495e-002
5.493609e-003 1.744367e-002 3.362052e-002
-8.247116e-003 -1.724039e-002 3.303649e-002
4.946396e-003 1.846020e-002 3.303649e-002
-6.477600e-003 -2.010266e-002 3.078829e-002
3.566123e-003 2.022449e-002 3.161141e-002
-8.891976e-003 -1.269906e-002 3.477435e-002
1.883324e-003 2.152649e-002 2.990495e-002
4.169617e-003 1.942141e-002 3.236396e-002
-8.702477e-003 -1.507313e-002 3.410872e-002
-7.023891e-003 -1.929798e-002 3.161141e-002
2.434596e-003 2.097973e-002 3.078829e-002
-8.755401e-003 -1.156788e-002 3.494341e-002
6.172300e-003 1.422097e-002 3.477435e-002
6.131211e-003 1.314842e-002 3.494341e-002
-3.927605e-003 -2.192534e-002 2.800269e-002
5.633931e-003 1.547910e-002 3.449495e-002
-5.592748e-003 -2.087242e-002 2.990495e-002
1.503030e-004 2.199444e-002 2.897251e-002
-7.348644e-003 -1.845466e-002 3.236396e-002
5.228264e-003 1.660114e-002 3.410872e-002
-8.504297e-003 -1.296188e-002 3.477435e-002
-2.464304e-003 -2.230771e-002 2.700768e-002
-2.470517e-003 -2.236396e-002 2.600000e-002
4.733357e-003 1.766513e-002 3.362052e-002
-7.891918e-003 -1.649785e-002 3.362052e-002
3.449341e-003 1.956218e-002 3.236396e-002
1.840774e-003 2.104015e-002 3.078829e-002
-6.298479e-003 -1.954677e-002 3.161141e-002
4.011650e-003 1.868563e-002 3.303649e-002
-8.321263e-003 -1.188400e-002 3.494341e-002
2.367273e-003 2.039959e-002 3.161141e-002
-8.236255e-003 -1.426561e-002 3.449495e-002
5.776144e-003 1.330823e-002 3.494341e-002
-6.793875e-003 -1.866602e-002 3.236396e-002
5.302232e-003 1.456776e-002 3.477435e-002
1.476640e-004 2.160821e-002 2.990495e-002
-3.878339e-003 -2.165032e-002 2.897251e-002
-5.466391e-003 -2.040085e-002 3.078829e-002
4.948169e-003 1.571176e-002 3.449495e-002
-7.070238e-003 -1.775550e-002 3.303649e-002
4.504734e-003 1.681189e-002 3.410872e-002
-7.958466e-003 -1.212995e-002 3.494341e-002
3.318661e-003 1.882106e-002 3.303649e-002
-2.445741e-003 -2.213967e-002 2.800269e-002
1.789872e-003 2.045834e-002 3.161141e-002
-7.510732e-003 -1.570100e-002 3.410872e-002
-1.941338e-003 2.218959e-002 2.800269e-002
-2.315083e-003 2.227006e-002 2.740238e-002
-6.092218e-003 -1.890666e-002 3.236396e-002
3.838870e-003 1.788084e-002 3.362052e-002
-7.751344e-003 -1.342572e-002 3.477435e-002
2.289751e-003 1.973155e-002 3.236396e-002
4.961919e-003 1.363276e-002 3.494341e-002
-6.536487e-003 -1.795885e-002 3.303649e-002
-3.810236e-003 -2.127014e-002 2.990495e-002
1.443280e-004 2.112002e-002 3.078829e-002
-5.315233e-003 -1.983672e-002 3.161141e-002
4.656844e-003 1.478672e-002 3.477435e-002
-9.600570e-004 -2.242287e-002 2.700768e-002
-9.624780e-004 -2.247940e-002 2.600000e-002
4.263400e-003 1.591123e-002 3.449495e-002
-6.765726e-003 -1.699078e-002 3.362052e-002
3.175728e-003 1.801045e-002 3.362052e-002
-2.415062e-003 -2.186196e-002 2.897251e-002
1.731258e-003 1.978837e-002 3.236396e-002
-1.916986e-003 2.191125e-002 2.897251e-002
-7.108357e-003 -1.485984e-002 3.449495e-002
-5.861412e-003 -1.819038e-002 3.303649e-002
3.653450e-003 1.701719e-002 3.410872e-002
-7.253840e-003 -1.256402e-002 3.494341e-002
2.203002e-003 1.898401e-002 3.303649e-002
-6.254963e-003 -1.718537e-002 3.362052e-002
-3.724152e-003 -2.078959e-002 3.078829e-002
1.403370e-004 2.053600e-002 3.161141e-002
4.357954e-003 1.383767e-002 3.494341e-002
-5.141171e-003 -1.918711e-002 3.236396e-002
4.012391e-003 1.497445e-002 3.477435e-002
-9.528250e-004 -2.225396e-002 2.800269e-002
3.022338e-003 1.714053e-002 3.410872e-002
0.000000e+000 -2.244341e-002 2.700768e-002
5.499110e-004 -2.249328e-002 2.600000e-002
1.665669e-003 1.903868e-002 3.303649e-002
-6.438937e-003 -1.617011e-002 3.410872e-002
-1.883324e-003 2.152649e-002 2.990495e-002
-2.372654e-003 -2.147807e-002 2.990495e-002
3.457722e-003 1.610552e-002 3.449495e-002
-6.689851e-003 -1.398497e-002 3.477435e-002
-3.867901e-003 2.193595e-002 2.800269e-002
-5.608964e-003 -1.740693e-002 3.362052e-002
-4.485716e-003 2.197542e-002 2.713169e-002
2.108120e-003 1.816638e-002 3.362052e-002
-5.952845e-003 -1.635531e-002 3.410872e-002
-3.621170e-003 -2.021470e-002 3.161141e-002
-4.454874e-003 2.182432e-002 2.800269e-002
1.357410e-004 1.986350e-002 3.236396e-002
-4.946396e-003 -1.846020e-002 3.303649e-002
3.754864e-003 1.401334e-002 3.494341e-002
-9.408731e-004 -2.197482e-002 2.897251e-002
2.860422e-003 1.622226e-002 3.449495e-002
0.000000e+000 -2.227435e-002 2.800269e-002
1.593929e-003 1.821870e-002 3.362052e-002
-6.093982e-003 -1.530382e-002 3.449495e-002
-1.840774e-003 2.104015e-002 3.078829e-002
-2.319049e-003 -2.099282e-002 3.078829e-002
3.254148e-003 1.515730e-002 3.477435e-002
-6.260477e-003 -1.308737e-002 3.494341e-002
-3.819383e-003 2.166080e-002 2.897251e-002
-5.338048e-003 -1.656616e-002 3.410872e-002
-5.633931e-003 -1.547910e-002 3.449495e-002
2.006297e-003 1.728893e-002 3.410872e-002
-3.502585e-003 -1.955272e-002 3.236396e-002
-4.398993e-003 2.155056e-002 2.897251e-002
-4.733357e-003 -1.766513e-002 3.362052e-002
-9.243520e-004 -2.158894e-002 2.990495e-002
1.305980e-004 1.911096e-002 3.303649e-002
2.692014e-003 1.526717e-002 3.477435e-002
1.516942e-003 1.733872e-002 3.410872e-002
0.000000e+000 -2.199495e-002 2.897251e-002
-1.789872e-003 2.045834e-002 3.161141e-002
1.956072e-003 -2.235801e-002 2.700768e-002
2.059814e-003 -2.240552e-002 2.600000e-002
-6.656217e-003 2.143365e-002 2.700768e-002
-6.665370e-003 2.146313e-002 2.668001e-002
-5.735197e-003 -1.440281e-002 3.477435e-002
3.045287e-003 1.418446e-002 3.494341e-002
-2.254922e-003 -2.041231e-002 3.161141e-002
-3.752315e-003 2.128044e-002 2.990495e-002
-5.052071e-003 -1.567866e-002 3.449495e-002
-5.302232e-003 -1.456776e-002 3.477435e-002
-5.765026e-003 2.151537e-002 2.800269e-002
-3.369888e-003 -1.881196e-002 3.303649e-002
1.898813e-003 1.636270e-002 3.449495e-002
-4.321747e-003 2.117213e-002 2.990495e-002
-4.504734e-003 -1.681189e-002 3.410872e-002
1.249730e-004 1.828786e-002 3.362052e-002
-9.034680e-004 -2.110118e-002 3.078829e-002
2.519232e-003 1.428728e-002 3.494341e-002
0.000000e+000 -2.160872e-002 2.990495e-002
1.435674e-003 1.640983e-002 3.449495e-002
1.941338e-003 -2.218959e-002 2.800269e-002
-1.731258e-003 1.978837e-002 3.236396e-002
-5.367095e-003 -1.347839e-002 3.494341e-002
-2.181078e-003 -1.974386e-002 3.236396e-002
-6.606078e-003 2.127220e-002 2.800269e-002
-3.667539e-003 2.079965e-002 3.078829e-002
-4.754629e-003 -1.475557e-002 3.477435e-002
-5.692712e-003 2.124549e-002 2.897251e-002
3.551456e-003 -2.216064e-002 2.700768e-002
3.560411e-003 -2.221651e-002 2.600000e-002
-4.961919e-003 -1.363276e-002 3.494341e-002
-7.676098e-003 2.108991e-002 2.700768e-002
-7.907491e-003 2.105789e-002 2.633859e-002
1.787020e-003 1.539935e-002 3.477435e-002
-3.224749e-003 -1.800174e-002 3.362052e-002
-4.263400e-003 -1.591123e-002 3.449495e-002
-4.224107e-003 2.069380e-002 3.078829e-002
-8.784850e-004 -2.051768e-002 3.161141e-002
1.189370e-004 1.740455e-002 3.410872e-002
0.000000e+000 -2.112052e-002 3.078829e-002
1.351148e-003 1.544370e-002 3.477435e-002
1.916986e-003 -2.191125e-002 2.897251e-002
-1.665669e-003 1.903868e-002 3.303649e-002
-6.523213e-003 2.100537e-002 2.897251e-002
-2.098447e-003 -1.899585e-002 3.303649e-002
-3.566123e-003 2.022449e-002 3.161141e-002
-4.449462e-003 -1.380851e-002 3.494341e-002
-5.592748e-003 2.087242e-002 2.990495e-002
3.524704e-003 -2.199371e-002 2.800269e-002
-3.068991e-003 -1.713224e-002 3.410872e-002
-7.618277e-003 2.093104e-002 2.800269e-002
1.672323e-003 1.441097e-002 3.494341e-002
-4.012391e-003 -1.497445e-002 3.477435e-002
-8.935705e-003 2.058786e-002 2.700768e-002
-8.497170e-004 -1.984578e-002 3.236396e-002
-8.958236e-003 2.063977e-002 2.600000e-002
-4.107300e-003 2.012156e-002 3.161141e-002
0.000000e+000 -2.053648e-002 3.161141e-002
1.125650e-004 1.647213e-002 3.449495e-002
1.264428e-003 1.445247e-002 3.494341e-002
1.883324e-003 -2.152649e-002 2.990495e-002
5.032231e-003 -2.187197e-002 2.700768e-002
5.044919e-003 -2.192712e-002 2.600000e-002
-1.593929e-003 1.821870e-002 3.362052e-002
-2.008068e-003 -1.817771e-002 3.362052e-002
-6.408666e-003 2.063651e-002 2.990495e-002
-3.449341e-003 1.956218e-002 3.236396e-002
3.480491e-003 -2.171783e-002 2.897251e-002
-5.466391e-003 2.040085e-002 3.078829e-002
-2.904575e-003 -1.621441e-002 3.449495e-002
-3.754864e-003 -1.401334e-002 3.494341e-002
-8.175250e-004 -1.909391e-002 3.303649e-002
-7.522716e-003 2.066849e-002 2.897251e-002
-9.484995e-003 2.034064e-002 2.700768e-002
-1.032462e-002 1.999130e-002 2.600000e-002
-8.868395e-003 2.043278e-002 2.800269e-002
0.000000e+000 -1.986396e-002 3.236396e-002
1.840774e-003 -2.104015e-002 3.078829e-002
-3.972795e-003 1.946263e-002 3.236396e-002
1.059380e-004 1.550233e-002 3.477435e-002
5.808782e-003 -2.167867e-002 2.700768e-002
6.506632e-003 -2.153866e-002 2.600000e-002
4.994325e-003 -2.170722e-002 2.800269e-002
-1.516942e-003 1.733872e-002 3.410872e-002
-1.911077e-003 -1.729972e-002 3.410872e-002
-6.263876e-003 2.017028e-002 3.078829e-002
3.419374e-003 -2.133646e-002 2.990495e-002
-3.318661e-003 1.882106e-002 3.303649e-002
-5.315233e-003 1.983672e-002 3.161141e-002
-2.733567e-003 -1.525978e-002 3.477435e-002
6.490267e-003 -2.148448e-002 2.700768e-002
-1.029865e-002 1.994102e-002 2.700768e-002
-7.823140e-004 -1.827155e-002 3.362052e-002
-7.390617e-003 2.030556e-002 2.990495e-002
-9.413549e-003 2.018742e-002 2.800269e-002
0.000000e+000 -1.911141e-002 3.303649e-002
-8.757154e-003 2.017647e-002 2.897251e-002
1.789872e-003 -2.045834e-002 3.161141e-002
5.765026e-003 -2.151537e-002 2.800269e-002
-3.822284e-003 1.872528e-002 3.303649e-002
4.931677e-003 -2.143493e-002 2.897251e-002
9.913900e-005 1.450734e-002 3.494341e-002
-1.435674e-003 1.640983e-002 3.449495e-002
-1.808694e-003 -1.637291e-002 3.449495e-002
-6.090664e-003 1.961252e-002 3.161141e-002
3.342121e-003 -2.085441e-002 3.078829e-002
-3.175728e-003 1.801045e-002 3.362052e-002
-2.558119e-003 -1.428036e-002 3.494341e-002
-5.141171e-003 1.918711e-002 3.236396e-002
6.441378e-003 -2.132265e-002 2.800269e-002
-7.445280e-004 -1.738902e-002 3.410872e-002
-1.022108e-002 1.979081e-002 2.800269e-002
0.000000e+000 -1.828829e-002 3.362052e-002
-7.223642e-003 1.984679e-002 3.078829e-002
-9.295467e-003 1.993419e-002 2.897251e-002
1.731258e-003 -1.978837e-002 3.236396e-002
-1.122170e-002 1.943656e-002 2.700768e-002
-1.164435e-002 1.925251e-002 2.600000e-002
5.692712e-003 -2.124549e-002 2.897251e-002
-8.603378e-003 1.982218e-002 2.990495e-002
7.676098e-003 -2.108991e-002 2.700768e-002
7.938944e-003 -2.105287e-002 2.600000e-002
4.845078e-003 -2.105854e-002 2.990495e-002
-3.657660e-003 1.791879e-002 3.362052e-002
-1.702207e-003 -1.540895e-002 3.477435e-002
-1.351148e-003 1.544370e-002 3.477435e-002
3.249703e-003 -2.027774e-002 3.161141e-002
-5.891210e-003 1.897025e-002 3.236396e-002
-3.022338e-003 1.714053e-002 3.410872e-002
6.360580e-003 -2.105519e-002 2.897251e-002
-4.946396e-003 1.846020e-002 3.303649e-002
-7.046410e-004 -1.645743e-002 3.449495e-002
-1.009287e-002 1.954256e-002 2.897251e-002
0.000000e+000 -1.740495e-002 3.410872e-002
-7.023891e-003 1.929798e-002 3.161141e-002
1.665669e-003 -1.903868e-002 3.303649e-002
5.592748e-003 -2.087242e-002 2.990495e-002
-9.132239e-003 1.958415e-002 2.990495e-002
-1.113718e-002 1.929015e-002 2.800269e-002
-8.409005e-003 1.937434e-002 3.078829e-002
7.618277e-003 -2.093104e-002 2.800269e-002
4.735613e-003 -2.058277e-002 3.078829e-002
-3.480993e-003 1.705330e-002 3.410872e-002
-1.264428e-003 1.445247e-002 3.494341e-002
-1.592955e-003 -1.441996e-002 3.494341e-002
-5.668019e-003 1.825156e-002 3.303649e-002
3.143283e-003 -1.961369e-002 3.236396e-002
6.248888e-003 -2.068546e-002 2.990495e-002
-2.860422e-003 1.622226e-002 3.449495e-002
-6.631550e-004 -1.548850e-002 3.477435e-002
-4.733357e-003 1.766513e-002 3.362052e-002
0.000000e+000 -1.647251e-002 3.449495e-002
-9.915637e-003 1.919940e-002 2.990495e-002
-6.793875e-003 1.866602e-002 3.236396e-002
9.311905e-003 -2.042046e-002 2.700768e-002
9.335385e-003 -2.047195e-002 2.600000e-002
-8.925917e-003 1.914169e-002 3.078829e-002
1.593929e-003 -1.821870e-002 3.362052e-002
-1.099748e-002 1.904819e-002 2.897251e-002
5.466391e-003 -2.040085e-002 3.078829e-002
-1.287301e-002 1.838456e-002 2.700768e-002
-1.291147e-002 1.842672e-002 2.600000e-002
-8.176475e-003 1.883859e-002 3.161141e-002
7.522716e-003 -2.066849e-002 2.897251e-002
-3.294505e-003 1.613970e-002 3.449495e-002
4.604662e-003 -2.001360e-002 3.161141e-002
-5.423900e-003 1.746548e-002 3.362052e-002
3.024198e-003 -1.887062e-002 3.303649e-002
-2.692014e-003 1.526717e-002 3.477435e-002
-4.504734e-003 1.681189e-002 3.410872e-002
6.107708e-003 -2.021812e-002 3.078829e-002
-6.205920e-004 -1.449440e-002 3.494341e-002
-9.691615e-003 1.876563e-002 3.078829e-002
0.000000e+000 -1.550269e-002 3.477435e-002
-6.536487e-003 1.795885e-002 3.303649e-002
9.241762e-003 -2.026664e-002 2.800269e-002
-8.679094e-003 1.861238e-002 3.161141e-002
1.516942e-003 -1.733872e-002 3.410872e-002
-1.080436e-002 1.871370e-002 2.990495e-002
5.315233e-003 -1.983672e-002 3.161141e-002
-1.277604e-002 1.824608e-002 2.800269e-002
-7.908714e-003 1.822167e-002 3.236396e-002
7.390617e-003 -2.030556e-002 2.990495e-002
-3.100540e-003 1.518947e-002 3.477435e-002
4.453870e-003 -1.935820e-002 3.236396e-002
-1.408473e-002 1.747361e-002 2.700768e-002
-1.412025e-002 1.751767e-002 2.600000e-002
-1.526522e-002 1.652946e-002 2.600000e-002
1.066276e-002 -1.974873e-002 2.700768e-002
1.068964e-002 -1.979852e-002 2.600000e-002
-5.161922e-003 1.662188e-002 3.410872e-002
2.893948e-003 -1.805787e-002 3.362052e-002
-2.519232e-003 1.428728e-002 3.494341e-002
5.938815e-003 -1.965903e-002 3.161141e-002
-4.263400e-003 1.591123e-002 3.449495e-002
0.000000e+000 -1.450768e-002 3.494341e-002
-9.423617e-003 1.824671e-002 3.161141e-002
9.125836e-003 -2.001242e-002 2.897251e-002
-6.254963e-003 1.718537e-002 3.362052e-002
-8.394873e-003 1.800286e-002 3.236396e-002
1.435674e-003 -1.640983e-002 3.449495e-002
-1.056026e-002 1.829091e-002 3.078829e-002
5.141171e-003 -1.918711e-002 3.236396e-002
-1.261579e-002 1.801721e-002 2.897251e-002
7.223642e-003 -1.984679e-002 3.078829e-002
1.122170e-002 -1.943656e-002 2.700768e-002
1.199560e-002 -1.903564e-002 2.600000e-002
-7.609089e-003 1.753133e-002 3.303649e-002
4.285134e-003 -1.862481e-002 3.303649e-002
-2.901538e-003 1.421457e-002 3.494341e-002
1.058244e-002 -1.959997e-002 2.800269e-002
-4.885381e-003 1.573139e-002 3.449495e-002
-4.012391e-003 1.497445e-002 3.477435e-002
-9.115016e-003 1.764918e-002 3.236396e-002
-5.952845e-003 1.635531e-002 3.410872e-002
4.946396e-003 -1.846020e-002 3.303649e-002
-8.076830e-003 1.732082e-002 3.303649e-002
-1.026824e-002 1.778512e-002 3.161141e-002
7.023891e-003 -1.929798e-002 3.161141e-002
-7.281370e-003 1.677627e-002 3.362052e-002
1.113718e-002 -1.929015e-002 2.800269e-002
4.100575e-003 -1.782265e-002 3.362052e-002
-4.597753e-003 1.480520e-002 3.477435e-002
-3.754864e-003 1.401334e-002 3.494341e-002
-8.769692e-003 1.698053e-002 3.303649e-002
-7.728965e-003 1.657482e-002 3.362052e-002
4.733357e-003 -1.766513e-002 3.362052e-002
1.244968e-002 1.120491e-003 2.600000e-002
1.250000e-002 0.000000e+000 2.600000e-002
1.229912e-002 2.231961e-003 2.600000e-002
1.204954e-002 3.325461e-003 2.600000e-002
1.170294e-002 4.392185e-003 2.600000e-002
1.126211e-002 5.423547e-003 2.600000e-002
1.073061e-002 6.411241e-003 2.600000e-002
1.011271e-002 7.347316e-003 2.600000e-002
9.413393e-003 8.224234e-003 2.600000e-002
8.638283e-003 9.034936e-003 2.600000e-002
7.793622e-003 9.772894e-003 2.600000e-002
6.886212e-003 1.043217e-002 2.600000e-002
5.923358e-003 1.100744e-002 2.600000e-002
4.912813e-003 1.149410e-002 2.600000e-002
3.862712e-003 1.188821e-002 2.600000e-002
2.781512e-003 1.218660e-002 2.600000e-002
1.677916e-003 1.238687e-002 2.600000e-002
5.608100e-004 1.248741e-002 2.600000e-002
-5.608100e-004 1.248741e-002 2.600000e-002
-1.677916e-003 1.238687e-002 2.600000e-002
-2.781512e-003 1.218660e-002 2.600000e-002
-3.862712e-003 1.188821e-002 2.600000e-002
-4.912813e-003 1.149410e-002 2.600000e-002
-5.923358e-003 1.100744e-002 2.600000e-002
-6.886212e-003 1.043217e-002 2.600000e-002
-7.793622e-003 9.772894e-003 2.600000e-002
-8.638283e-003 9.034936e-003 2.600000e-002
-9.413393e-003 8.224234e-003 2.600000e-002
-1.011271e-002 7.347316e-003 2.600000e-002
-1.073061e-002 6.411241e-003 2.600000e-002
-1.126211e-002 5.423547e-003 2.600000e-002
-1.170294e-002 4.392185e-003 2.600000e-002
-1.204954e-002 3.325461e-003 2.600000e-002
-1.229912e-002 2.231961e-003 2.600000e-002
-1.244968e-002 1.120491e-003 2.600000e-002
-1.250000e-002 0.000000e+000 2.600000e-002
-1.244968e-002 -1.120491e-003 2.600000e-002
-1.229912e-002 -2.231961e-003 2.600000e-002
-1.204954e-002 -3.325461e-003 2.600000e-002
-1.170294e-002 -4.392185e-003 2.600000e-002
-1.126211e-002 -5.423547e-003 2.600000e-002
-1.073061e-002 -6.411241e-003 2.600000e-002
-1.011271e-002 -7.347316e-003 2.600000e-002
-9.413393e-003 -8.224234e-003 2.600000e-002
-8.638283e-003 -9.034936e-003 2.600000e-002
-7.793622e-003 -9.772894e-003 2.600000e-002
-6.886212e-003 -1.043217e-002 2.600000e-002
-5.923358e-003 -1.100744e-002 2.600000e-002
-4.912813e-003 -1.149410e-002 2.600000e-002
-3.862712e-003 -1.188821e-002 2.600000e-002
-2.781512e-003 -1.218660e-002 2.600000e-002
-1.677916e-003 -1.238687e-002 2.600000e-002
-5.608100e-004 -1.248741e-002 2.600000e-002
5.608100e-004 -1.248741e-002 2.600000e-002
1.677916e-003 -1.238687e-002 2.600000e-002
2.781512e-003 -1.218660e-002 2.600000e-002
3.862712e-003 -1.188821e-002 2.600000e-002
4.912813e-003 -1.149410e-002 2.600000e-002
5.923358e-003 -1.100744e-002 2.600000e-002
6.886212e-003 -1.043217e-002 2.600000e-002
7.793622e-003 -9.772894e-003 2.600000e-002
8.638283e-003 -9.034936e-003 2.600000e-002
9.413393e-003 -8.224234e-003 2.600000e-002
1.011271e-002 -7.347316e-003 2.600000e-002
1.073061e-002 -6.411241e-003 2.600000e-002
1.126211e-002 -5.423547e-003 2.600000e-002
1.170294e-002 -4.392185e-003 2.600000e-002
1.204954e-002 -3.325461e-003 2.600000e-002
1.229912e-002 -2.231961e-003 2.600000e-002
1.244968e-002 -1.120491e-003 2.600000e-002
2.008167e-002 -1.014773e-002 1.700000e-002
2.071462e-002 -8.783760e-003 1.700000e-002
2.125505e-002 -7.380559e-003 1.700000e-002
2.250000e-002 0.000000e+000 1.700000e-002
2.244975e-002 1.502834e-003 1.700000e-002
2.170056e-002 -5.944396e-003 1.700000e-002
2.229924e-002 2.998956e-003 1.700000e-002
2.204914e-002 -4.481685e-003 1.700000e-002
2.204914e-002 4.481685e-003 1.700000e-002
2.229924e-002 -2.998956e-003 1.700000e-002
2.170056e-002 5.944396e-003 1.700000e-002
2.244975e-002 -1.502834e-003 1.700000e-002
-1.130930e-002 1.945122e-002 2.506691e-002
-1.335339e-002 1.810903e-002 2.404032e-002
2.125505e-002 7.380559e-003 1.700000e-002
2.071462e-002 8.783760e-003 1.700000e-002
2.008167e-002 1.014773e-002 1.700000e-002
1.935904e-002 1.146637e-002 1.700000e-002
1.854993e-002 1.273381e-002 1.700000e-002
1.765799e-002 1.394437e-002 1.700000e-002
1.551000e-002 1.630000e-002 2.024080e-002
1.668717e-002 1.509266e-002 1.700000e-002
1.564183e-002 1.617353e-002 1.700000e-002
1.452663e-002 1.718218e-002 1.700000e-002
1.551000e-002 1.630000e-002 2.270881e-002
1.340530e-002 1.807064e-002 2.169212e-002
1.334654e-002 1.811408e-002 1.700000e-002
1.210685e-002 1.896508e-002 1.700000e-002
1.363739e-002 1.789613e-002 2.388036e-002
1.105999e-002 1.959405e-002 2.297665e-002
1.081309e-002 1.973137e-002 1.700000e-002
9.471032e-003 2.040955e-002 1.700000e-002
1.147304e-002 1.935509e-002 2.499239e-002
1.026353e-002 2.002273e-002 2.551294e-002
8.625234e-003 2.078113e-002 2.399699e-002
8.086675e-003 2.099656e-002 1.700000e-002
6.666201e-003 2.148981e-002 1.700000e-002
6.355320e-003 2.158379e-002 2.469534e-002
5.215953e-003 2.188707e-002 1.700000e-002
4.002394e-003 2.214116e-002 2.518394e-002
3.742410e-003 2.218658e-002 1.700000e-002
2.252153e-003 2.238700e-002 1.700000e-002
1.608609e-003 2.244242e-002 2.544921e-002
7.518370e-004 2.248743e-002 1.700000e-002
-8.532000e-004 2.248382e-002 2.548572e-002
-7.518370e-004 2.248743e-002 1.700000e-002
-2.252153e-003 2.238700e-002 1.700000e-002
-3.206744e-003 2.227031e-002 2.529757e-002
-3.742410e-003 2.218658e-002 1.700000e-002
-5.462018e-003 2.182696e-002 2.490816e-002
-5.215953e-003 2.188707e-002 1.700000e-002
-6.666201e-003 2.148981e-002 1.700000e-002
-7.709511e-003 2.113796e-002 2.430665e-002
-8.086675e-003 2.099656e-002 1.700000e-002
-9.945716e-003 2.018248e-002 2.348048e-002
-9.471032e-003 2.040955e-002 1.700000e-002
-1.081309e-002 1.973137e-002 1.700000e-002
-1.214314e-002 1.894186e-002 2.242308e-002
-1.210685e-002 1.896508e-002 1.700000e-002
-1.334654e-002 1.811408e-002 1.700000e-002
-1.396286e-002 1.764337e-002 2.133749e-002
-1.452663e-002 1.718218e-002 1.700000e-002
-1.551000e-002 1.630000e-002 2.024080e-002
-1.564183e-002 1.617353e-002 1.700000e-002
-1.668717e-002 1.509266e-002 1.700000e-002
-1.447553e-002 1.722525e-002 2.338181e-002
-1.551000e-002 1.630000e-002 2.270881e-002
-1.765799e-002 1.394437e-002 1.700000e-002
-1.854993e-002 1.273381e-002 1.700000e-002
-1.935904e-002 1.146637e-002 1.700000e-002
-2.008167e-002 1.014773e-002 1.700000e-002
-2.071462e-002 8.783760e-003 1.700000e-002
-2.125505e-002 7.380559e-003 1.700000e-002
-2.170056e-002 5.944396e-003 1.700000e-002
-2.204914e-002 4.481685e-003 1.700000e-002
-2.229924e-002 2.998956e-003 1.700000e-002
-2.244975e-002 1.502834e-003 1.700000e-002
-2.250000e-002 0.000000e+000 1.700000e-002
-2.244975e-002 -1.502834e-003 1.700000e-002
-2.229924e-002 -2.998956e-003 1.700000e-002
-2.204914e-002 -4.481685e-003 1.700000e-002
-2.170056e-002 -5.944396e-003 1.700000e-002
-2.125505e-002 -7.380559e-003 1.700000e-002
-2.071462e-002 -8.783760e-003 1.700000e-002
-2.008167e-002 -1.014773e-002 1.700000e-002
-1.935904e-002 -1.146637e-002 1.700000e-002
-1.854993e-002 -1.273381e-002 1.700000e-002
-1.765799e-002 -1.394437e-002 1.700000e-002
-1.668717e-002 -1.509266e-002 1.700000e-002
-1.564183e-002 -1.617353e-002 1.700000e-002
-1.452663e-002 -1.718218e-002 1.700000e-002
-1.334654e-002 -1.811408e-002 1.700000e-002
-1.210685e-002 -1.896508e-002 1.700000e-002
-1.081309e-002 -1.973137e-002 1.700000e-002
-9.471032e-003 -2.040955e-002 1.700000e-002
-8.086675e-003 -2.099656e-002 1.700000e-002
-6.666201e-003 -2.148981e-002 1.700000e-002
-5.215953e-003 -2.188707e-002 1.700000e-002
-3.742410e-003 -2.218658e-002 1.700000e-002
-2.252153e-003 -2.238700e-002 1.700000e-002
-7.518370e-004 -2.248743e-002 1.700000e-002
7.518370e-004 -2.248743e-002 1.700000e-002
2.252153e-003 -2.238700e-002 1.700000e-002
3.742410e-003 -2.218658e-002 1.700000e-002
5.215953e-003 -2.188707e-002 1.700000e-002
6.666201e-003 -2.148981e-002 1.700000e-002
8.086675e-003 -2.099656e-002 1.700000e-002
9.471032e-003 -2.040955e-002 1.700000e-002
1.081309e-002 -1.973137e-002 1.700000e-002
1.210685e-002 -1.896508e-002 1.700000e-002
1.334654e-002 -1.811408e-002 1.700000e-002
1.452663e-002 -1.718218e-002 1.700000e-002
1.564183e-002 -1.617353e-002 1.700000e-002
1.668717e-002 -1.509266e-002 1.700000e-002
1.765799e-002 -1.394437e-002 1.700000e-002
1.854993e-002 -1.273381e-002 1.700000e-002
1.935904e-002 -1.146637e-002 1.700000e-002
-8.728563e-003 3.230000e-002 2.607800e-002
-1.039377e-002 3.230000e-002 2.546016e-002
1.977806e-002 1.630000e-002 1.910703e-002
2.161597e-002 1.630000e-002 1.700000e-002
2.047348e-002 3.230000e-002 1.835991e-002
2.161597e-002 3.230000e-002 1.700000e-002
1.773570e-002 1.630000e-002 2.101654e-002
1.924560e-002 3.230000e-002 1.964324e-002
-1.201562e-002 3.230000e-002 2.473611e-002
1.793743e-002 3.230000e-002 2.084463e-002
-1.358734e-002 3.230000e-002 2.390887e-002
1.655444e-002 3.230000e-002 2.195907e-002
1.510239e-002 3.230000e-002 2.298190e-002
-1.510239e-002 3.230000e-002 2.298190e-002
1.358734e-002 3.230000e-002 2.390887e-002
-1.773570e-002 1.630000e-002 2.101654e-002
-1.655444e-002 3.230000e-002 2.195907e-002
-1.793743e-002 3.230000e-002 2.084463e-002
-1.977806e-002 1.630000e-002 1.910703e-002
-1.924560e-002 3.230000e-002 1.964324e-002
1.201562e-002 3.230000e-002 2.473611e-002
1.039377e-002 3.230000e-002 2.546016e-002
-2.161597e-002 1.630000e-002 1.700000e-002
-2.047348e-002 3.230000e-002 1.835991e-002
-2.161597e-002 3.230000e-002 1.700000e-002
8.728563e-003 3.230000e-002 2.607800e-002
7.026948e-003 3.230000e-002 2.658707e-002
5.296021e-003 3.230000e-002 2.698522e-002
3.543002e-003 3.230000e-002 2.727081e-002
1.775204e-003 3.230000e-002 2.744264e-002
0.000000e+000 3.230000e-002 2.750000e-002
-1.775204e-003 3.230000e-002 2.744264e-002
-3.543002e-003 3.230000e-002 2.727081e-002
-5.296021e-003 3.230000e-002 2.698522e-002
-7.026948e-003 3.230000e-002 2.658707e-002
5.146812e-003 -5.455302e-003 2.600000e-002
5.745333e-003 -4.820907e-003 2.600000e-002
4.478690e-003 -6.015924e-003 2.600000e-002
6.266159e-003 -4.121317e-003 2.600000e-002
3.750000e-003 -6.495191e-003 2.600000e-002
6.702245e-003 -3.365994e-003 2.600000e-002
2.970598e-003 -6.886621e-003 2.600000e-002
7.047695e-003 -2.565151e-003 2.600000e-002
2.151024e-003 -7.184921e-003 2.600000e-002
7.297836e-003 -1.729619e-003 2.600000e-002
1.302361e-003 -7.386058e-003 2.600000e-002
7.449288e-003 -8.706970e-004 2.600000e-002
4.360860e-004 -7.487311e-003 2.600000e-002
7.500000e-003 0.000000e+000 2.600000e-002
-4.360860e-004 -7.487311e-003 2.600000e-002
7.449288e-003 8.706970e-004 2.600000e-002
-1.302361e-003 -7.386058e-003 2.600000e-002
7.297836e-003 1.729619e-003 2.600000e-002
-2.151024e-003 -7.184921e-003 2.600000e-002
7.047695e-003 2.565151e-003 2.600000e-002
-2.970598e-003 -6.886621e-003 2.600000e-002
6.702245e-003 3.365994e-003 2.600000e-002
-3.750000e-003 -6.495191e-003 2.600000e-002
6.266159e-003 4.121317e-003 2.600000e-002
-4.478690e-003 -6.015924e-003 2.600000e-002
5.745333e-003 4.820907e-003 2.600000e-002
-5.146812e-003 -5.455302e-003 2.600000e-002
5.146812e-003 5.455302e-003 2.600000e-002
-5.745333e-003 -4.820907e-003 2.600000e-002
4.478690e-003 6.015924e-003 2.600000e-002
-6.266159e-003 -4.121317e-003 2.600000e-002
3.750000e-003 6.495191e-003 2.600000e-002
-6.702245e-003 -3.365994e-003 2.600000e-002
2.970598e-003 6.886621e-003 2.600000e-002
-7.047695e-003 -2.565151e-003 2.600000e-002
2.151024e-003 7.184921e-003 2.600000e-002
-7.297836e-003 -1.729619e-003 2.600000e-002
1.302361e-003 7.386058e-003 2.600000e-002
-7.449288e-003 -8.706970e-004 2.600000e-002
4.360860e-004 7.487311e-003 2.600000e-002
-7.500000e-003 0.000000e+000 2.600000e-002
-4.360860e-004 7.487311e-003 2.600000e-002
-7.449288e-003 8.706970e-004 2.600000e-002
-1.302361e-003 7.386058e-003 2.600000e-002
-7.297836e-003 1.729619e-003 2.600000e-002
-2.151024e-003 7.184921e-003 2.600000e-002
-7.047695e-003 2.565151e-003 2.600000e-002
-2.970598e-003 6.886621e-003 2.600000e-002
-6.702245e-003 3.365994e-003 2.600000e-002
-3.750000e-003 6.495191e-003 2.600000e-002
-6.266159e-003 4.121317e-003 2.600000e-002
-4.478690e-003 6.015924e-003 2.600000e-002
-5.745333e-003 4.820907e-003 2.600000e-002
-5.146812e-003 5.455302e-003 2.600000e-002
1.674223e-002 1.630000e-002 1.923402e-002
1.790927e-002 1.630000e-002 1.815235e-002
1.900658e-002 1.630000e-002 1.700000e-002
-1.115778e-002 2.400000e-002 2.292933e-002
-9.651994e-003 2.400000e-002 2.360273e-002
1.900658e-002 2.400000e-002 1.700000e-002
-1.261687e-002 2.400000e-002 2.215998e-002
1.786772e-002 2.400000e-002 1.819325e-002
-1.402317e-002 2.400000e-002 2.129790e-002
1.665410e-002 2.400000e-002 1.931038e-002
1.537079e-002 2.400000e-002 2.034671e-002
-1.537079e-002 2.400000e-002 2.034671e-002
1.402317e-002 2.400000e-002 2.129790e-002
-1.665410e-002 2.400000e-002 1.931038e-002
-1.674223e-002 1.630000e-002 1.923402e-002
1.261687e-002 2.400000e-002 2.215998e-002
-1.786772e-002 2.400000e-002 1.819325e-002
-1.790927e-002 1.630000e-002 1.815235e-002
1.115778e-002 2.400000e-002 2.292933e-002
-1.900658e-002 2.400000e-002 1.700000e-002
-1.900658e-002 1.630000e-002 1.700000e-002
9.651994e-003 2.400000e-002 2.360273e-002
8.105827e-003 2.400000e-002 2.417738e-002
6.525740e-003 2.400000e-002 2.465086e-002
4.918349e-003 2.400000e-002 2.502119e-002
3.290377e-003 2.400000e-002 2.528682e-002
1.648638e-003 2.400000e-002 2.544665e-002
0.000000e+000 2.400000e-002 2.550000e-002
-1.648638e-003 2.400000e-002 2.544665e-002
-3.290377e-003 2.400000e-002 2.528682e-002
-4.918349e-003 2.400000e-002 2.502119e-002
-6.525740e-003 2.400000e-002 2.465086e-002
-8.105827e-003 2.400000e-002 2.417738e-002
2.600000e-002 2.296410e-002 1.700000e-002
2.614045e-002 2.023625e-002 1.700000e-002
2.638197e-002 2.067557e-002 1.700000e-002
2.672515e-002 2.104103e-002 1.700000e-002
2.714844e-002 2.130966e-002 1.700000e-002
2.638197e-002 -2.367557e-002 1.700000e-002
2.484543e-002 -2.464309e-002 1.700000e-002
2.672515e-002 -2.404103e-002 1.700000e-002
2.714844e-002 -2.430965e-002 1.700000e-002
2.768846e-002 -2.648785e-002 1.700000e-002
2.614045e-002 -2.323625e-002 1.700000e-002
2.762524e-002 -2.446458e-002 1.700000e-002
3.290249e-002 1.692413e-002 1.700000e-002
2.945794e-002 1.813091e-002 1.700000e-002
2.907165e-002 1.781134e-002 1.700000e-002
2.882775e-002 1.406264e-002 1.700000e-002
3.378413e-002 1.508751e-002 1.700000e-002
2.601577e-002 -2.275067e-002 1.700000e-002
-2.927485e-002 -2.104103e-002 1.700000e-002
-3.120520e-002 -2.189305e-002 1.700000e-002
-3.041875e-002 -2.268585e-002 1.700000e-002
-2.961803e-002 -2.067557e-002 1.700000e-002
2.812558e-002 -2.449605e-002 1.700000e-002
2.871648e-002 -2.643531e-002 1.700000e-002
-2.885156e-002 -2.130966e-002 1.700000e-002
-2.944378e-002 -2.323035e-002 1.700000e-002
2.693777e-002 2.335638e-002 1.700000e-002
2.762524e-002 2.146458e-002 1.700000e-002
-2.985955e-002 -2.023625e-002 1.700000e-002
2.601577e-002 -2.224933e-002 1.700000e-002
-3.174184e-002 -2.091373e-002 1.700000e-002
2.861803e-002 -2.440211e-002 1.700000e-002
2.969705e-002 -2.612216e-002 1.700000e-002
3.192110e-002 1.870945e-002 1.700000e-002
3.000000e-002 1.950000e-002 1.700000e-002
2.993717e-002 1.900262e-002 1.700000e-002
2.975261e-002 1.853649e-002 1.700000e-002
-2.837476e-002 -2.146458e-002 1.700000e-002
-2.835628e-002 -2.348410e-002 1.700000e-002
2.614045e-002 -2.176375e-002 1.700000e-002
-2.998423e-002 -1.975067e-002 1.700000e-002
-3.198684e-002 -1.982422e-002 1.700000e-002
2.794413e-002 2.349961e-002 1.700000e-002
2.812558e-002 2.149605e-002 1.700000e-002
-2.787442e-002 -2.149605e-002 1.700000e-002
3.199376e-002 1.972335e-002 1.700000e-002
2.907165e-002 -2.418866e-002 1.700000e-002
-2.998423e-002 -1.924933e-002 1.700000e-002
-3.192110e-002 -1.870945e-002 1.700000e-002
2.993717e-002 1.999738e-002 1.700000e-002
2.895411e-002 2.338454e-002 1.700000e-002
2.861803e-002 2.140211e-002 1.700000e-002
3.056524e-002 -2.556913e-002 1.700000e-002
-2.738197e-002 -2.140211e-002 1.700000e-002
2.638197e-002 -2.132443e-002 1.700000e-002
3.180850e-002 2.072284e-002 1.700000e-002
2.975261e-002 2.046351e-002 1.700000e-002
2.945794e-002 -2.386910e-002 1.700000e-002
-2.985955e-002 -1.876375e-002 1.700000e-002
2.990247e-002 2.301861e-002 1.700000e-002
2.907165e-002 2.118866e-002 1.700000e-002
-2.692835e-002 -2.118866e-002 1.700000e-002
3.137729e-002 2.164335e-002 1.700000e-002
2.945794e-002 2.086909e-002 1.700000e-002
-2.961803e-002 -1.832443e-002 1.700000e-002
-3.286766e-002 -1.699166e-002 1.700000e-002
3.072796e-002 2.242544e-002 1.700000e-002
-2.654206e-002 -2.086909e-002 1.700000e-002
-2.800000e-002 -3.400000e-002 1.700000e-002
3.126354e-002 -2.481285e-002 1.700000e-002
2.975261e-002 -2.346351e-002 1.700000e-002
-2.927485e-002 -1.795897e-002 1.700000e-002
2.600000e-002 3.230000e-002 1.700000e-002
-2.600000e-002 2.296410e-002 1.700000e-002
-2.606283e-002 1.999738e-002 1.700000e-002
-2.885156e-002 -1.769035e-002 1.700000e-002
-3.372188e-002 -1.522614e-002 1.700000e-002
2.601577e-002 1.975067e-002 1.700000e-002
3.174572e-002 -2.390341e-002 1.700000e-002
-2.837476e-002 -1.753543e-002 1.700000e-002
-3.448133e-002 -1.341782e-002 1.700000e-002
2.993717e-002 -2.299738e-002 1.700000e-002
-2.787442e-002 -1.750395e-002 1.700000e-002
3.197985e-002 -2.290103e-002 1.700000e-002
3.000000e-002 -2.250000e-002 1.700000e-002
2.705997e-002 -1.708093e-002 1.700000e-002
2.672515e-002 -2.095897e-002 1.700000e-002
2.714844e-002 -2.069035e-002 1.700000e-002
2.762524e-002 -2.053542e-002 1.700000e-002
2.709283e-002 -1.707533e-002 1.700000e-002
-2.600000e-002 -1.950000e-002 1.700000e-002
-2.606283e-002 -1.999738e-002 1.700000e-002
2.712572e-002 -1.706993e-002 1.700000e-002
3.195041e-002 -2.187209e-002 1.700000e-002
2.993717e-002 -2.200262e-002 1.700000e-002
-2.606283e-002 -1.900262e-002 1.700000e-002
2.715865e-002 -1.706473e-002 1.700000e-002
2.812558e-002 -2.050395e-002 1.700000e-002
2.861803e-002 -2.059789e-002 1.700000e-002
-2.600000e-002 3.230000e-002 1.700000e-002
-2.624739e-002 -2.046351e-002 1.700000e-002
3.165936e-002 -2.088473e-002 1.700000e-002
2.975261e-002 -2.153649e-002 1.700000e-002
-2.624739e-002 -1.853649e-002 1.700000e-002
3.112597e-002 -2.000435e-002 1.700000e-002
2.907165e-002 -2.081134e-002 1.700000e-002
2.945794e-002 -2.113090e-002 1.700000e-002
-2.654206e-002 -1.813091e-002 1.700000e-002
2.824066e-002 -1.504875e-002 1.700000e-002
-2.692835e-002 -1.781134e-002 1.700000e-002
3.217984e-002 -1.826083e-002 1.700000e-002
2.833031e-002 -1.503965e-002 1.700000e-002
-2.738197e-002 -1.759789e-002 1.700000e-002
2.926902e-002 -1.293540e-002 1.700000e-002
3.313614e-002 -1.646196e-002 1.700000e-002
2.935123e-002 -1.293455e-002 1.700000e-002
3.399199e-002 -1.461317e-002 1.700000e-002
3.013949e-002 -1.075226e-002 1.700000e-002
-3.514389e-002 -1.157181e-002 1.700000e-002
3.021599e-002 -1.076063e-002 1.700000e-002
-3.617118e-002 -7.787511e-003 1.700000e-002
-3.570770e-002 -9.693278e-003 1.700000e-002
3.474478e-002 -1.272008e-002 1.700000e-002
3.084738e-002 -8.511129e-003 1.700000e-002
-3.653303e-002 -5.859861e-003 1.700000e-002
3.539223e-002 -1.078843e-002 1.700000e-002
3.091999e-002 -8.529461e-003 1.700000e-002
3.138886e-002 -6.224082e-003 1.700000e-002
-3.679221e-002 -3.915746e-003 1.700000e-002
-3.694802e-002 -1.960628e-003 1.700000e-002
3.593238e-002 -8.824071e-003 1.700000e-002
3.145947e-002 -6.252909e-003 1.700000e-002
-3.694802e-002 1.960628e-003 1.700000e-002
-3.700000e-002 0.000000e+000 1.700000e-002
3.176103e-002 -3.903461e-003 1.700000e-002
-3.679221e-002 3.915746e-003 1.700000e-002
-3.653303e-002 5.859861e-003 1.700000e-002
3.636359e-002 -6.832959e-003 1.700000e-002
3.183158e-002 -3.943088e-003 1.700000e-002
-3.617118e-002 7.787511e-003 1.700000e-002
1.700000e-002 -3.400000e-002 1.700000e-002
-3.514389e-002 1.157181e-002 1.700000e-002
-3.570770e-002 9.693278e-003 1.700000e-002
-3.448133e-002 1.341782e-002 1.700000e-002
3.668455e-002 -4.821130e-003 1.700000e-002
3.689431e-002 -2.794686e-003 1.700000e-002
-2.961803e-002 1.832443e-002 1.700000e-002
-3.192110e-002 1.870945e-002 1.700000e-002
-3.286766e-002 1.699166e-002 1.700000e-002
-2.927485e-002 1.795897e-002 1.700000e-002
-2.885156e-002 1.769035e-002 1.700000e-002
-3.372188e-002 1.522614e-002 1.700000e-002
-2.985955e-002 1.876375e-002 1.700000e-002
3.176103e-002 3.903461e-003 1.700000e-002
-2.837476e-002 1.753543e-002 1.700000e-002
-2.998423e-002 1.924933e-002 1.700000e-002
-3.199376e-002 1.972335e-002 1.700000e-002
-2.787442e-002 1.750395e-002 1.700000e-002
-2.998423e-002 1.975067e-002 1.700000e-002
-3.180850e-002 2.072284e-002 1.700000e-002
3.699220e-002 -7.597680e-004 1.700000e-002
3.180799e-002 -3.930020e-003 1.700000e-002
3.178447e-002 -3.916811e-003 1.700000e-002
-2.738197e-002 1.759789e-002 1.700000e-002
-2.985955e-002 2.023625e-002 1.700000e-002
-3.137729e-002 2.164335e-002 1.700000e-002
3.697794e-002 1.277453e-003 1.700000e-002
3.178447e-002 3.916811e-003 1.700000e-002
3.180799e-002 3.930020e-003 1.700000e-002
3.183158e-002 3.943088e-003 1.700000e-002
-2.961803e-002 2.067557e-002 1.700000e-002
3.113486e-002 7.390567e-003 1.700000e-002
-3.072796e-002 2.242544e-002 1.700000e-002
3.685157e-002 3.310801e-003 1.700000e-002
-2.927485e-002 2.104103e-002 1.700000e-002
3.012705e-002 1.078708e-002 1.700000e-002
3.661348e-002 5.334112e-003 1.700000e-002
2.874994e-002 1.405137e-002 1.700000e-002
-2.990247e-002 2.301861e-002 1.700000e-002
-2.885156e-002 2.130966e-002 1.700000e-002
3.626439e-002 7.341250e-003 1.700000e-002
3.120482e-002 7.419992e-003 1.700000e-002
2.638197e-002 1.832443e-002 1.700000e-002
2.672515e-002 1.795897e-002 1.700000e-002
-2.895411e-002 2.338454e-002 1.700000e-002
-2.837476e-002 2.146458e-002 1.700000e-002
2.714844e-002 1.769035e-002 1.700000e-002
-2.600000e-002 1.950000e-002 1.700000e-002
-2.606283e-002 1.900262e-002 1.700000e-002
2.614045e-002 1.876375e-002 1.700000e-002
-2.624739e-002 1.853649e-002 1.700000e-002
-2.654206e-002 1.813091e-002 1.700000e-002
-2.692835e-002 1.781134e-002 1.700000e-002
3.580535e-002 9.326133e-003 1.700000e-002
2.762524e-002 1.753543e-002 1.700000e-002
2.601577e-002 1.924933e-002 1.700000e-002
-2.794413e-002 2.349961e-002 1.700000e-002
-2.787442e-002 2.149605e-002 1.700000e-002
2.812558e-002 1.750395e-002 1.700000e-002
2.880183e-002 1.405876e-002 1.700000e-002
2.877590e-002 1.405500e-002 1.700000e-002
-2.693777e-002 2.335638e-002 1.700000e-002
-2.738197e-002 2.140211e-002 1.700000e-002
2.861803e-002 1.759789e-002 1.700000e-002
-2.692835e-002 2.118866e-002 1.700000e-002
-2.654206e-002 2.086909e-002 1.700000e-002
-2.624739e-002 2.046351e-002 1.700000e-002
3.523776e-002 1.128274e-002 1.700000e-002
3.019948e-002 1.080688e-002 1.700000e-002
3.456334e-002 1.320514e-002 1.700000e-002
2.600000e-002 3.230000e-002 3.500000e-002
-2.600000e-002 3.230000e-002 3.500000e-002
7.500000e-003 0.000000e+000 1.600000e-002
7.449288e-003 -8.706970e-004 1.600000e-002
7.297836e-003 -1.729619e-003 1.600000e-002
7.047695e-003 -2.565151e-003 1.600000e-002
6.702245e-003 -3.365994e-003 1.600000e-002
6.266159e-003 -4.121317e-003 1.600000e-002
5.745333e-003 -4.820907e-003 1.600000e-002
5.146812e-003 -5.455302e-003 1.600000e-002
4.478690e-003 -6.015924e-003 1.600000e-002
3.750000e-003 -6.495191e-003 1.600000e-002
2.970598e-003 -6.886621e-003 1.600000e-002
2.151024e-003 -7.184921e-003 1.600000e-002
1.302361e-003 -7.386058e-003 1.600000e-002
4.360860e-004 -7.487311e-003 1.600000e-002
-4.360860e-004 -7.487311e-003 1.600000e-002
-1.302361e-003 -7.386058e-003 1.600000e-002
-2.151024e-003 -7.184921e-003 1.600000e-002
-2.970598e-003 -6.886621e-003 1.600000e-002
-3.750000e-003 -6.495191e-003 1.600000e-002
-4.478690e-003 -6.015924e-003 1.600000e-002
-5.146812e-003 -5.455302e-003 1.600000e-002
-5.745333e-003 -4.820907e-003 1.600000e-002
-6.266159e-003 -4.121317e-003 1.600000e-002
-6.702245e-003 -3.365994e-003 1.600000e-002
-7.047695e-003 -2.565151e-003 1.600000e-002
-7.297836e-003 -1.729619e-003 1.600000e-002
-7.449288e-003 -8.706970e-004 1.600000e-002
-7.500000e-003 0.000000e+000 1.600000e-002
-7.449288e-003 8.706970e-004 1.600000e-002
-7.297836e-003 1.729619e-003 1.600000e-002
-7.047695e-003 2.565151e-003 1.600000e-002
-6.702245e-003 3.365994e-003 1.600000e-002
-6.266159e-003 4.121317e-003 1.600000e-002
-5.745333e-003 4.820907e-003 1.600000e-002
-5.146812e-003 5.455302e-003 1.600000e-002
-4.478690e-003 6.015924e-003 1.600000e-002
-3.750000e-003 6.495191e-003 1.600000e-002
-2.970598e-003 6.886621e-003 1.600000e-002
-2.151024e-003 7.184921e-003 1.600000e-002
-1.302361e-003 7.386058e-003 1.600000e-002
-4.360860e-004 7.487311e-003 1.600000e-002
4.360860e-004 7.487311e-003 1.600000e-002
1.302361e-003 7.386058e-003 1.600000e-002
2.151024e-003 7.184921e-003 1.600000e-002
2.970598e-003 6.886621e-003 1.600000e-002
3.750000e-003 6.495191e-003 1.600000e-002
4.478690e-003 6.015924e-003 1.600000e-002
5.146812e-003 5.455302e-003 1.600000e-002
5.745333e-003 4.820907e-003 1.600000e-002
6.266159e-003 4.121317e-003 1.600000e-002
6.702245e-003 3.365994e-003 1.600000e-002
7.047695e-003 2.565151e-003 1.600000e-002
7.297836e-003 1.729619e-003 1.600000e-002
7.449288e-003 8.706970e-004 1.600000e-002
2.600000e-002 2.296410e-002 3.500000e-002
3.192110e-002 1.870945e-002 3.500000e-002
3.199376e-002 1.972335e-002 3.500000e-002
3.180850e-002 2.072284e-002 3.500000e-002
3.137729e-002 2.164335e-002 3.500000e-002
3.072796e-002 2.242544e-002 3.500000e-002
2.990247e-002 2.301861e-002 3.500000e-002
2.895411e-002 2.338454e-002 3.500000e-002
2.794413e-002 2.349961e-002 3.500000e-002
2.693777e-002 2.335638e-002 3.500000e-002
3.456334e-002 1.320514e-002 3.500000e-002
3.378413e-002 1.508751e-002 3.500000e-002
3.290249e-002 1.692413e-002 3.500000e-002
3.112597e-002 -2.000435e-002 3.500000e-002
3.217984e-002 -1.826083e-002 3.500000e-002
3.313614e-002 -1.646196e-002 3.500000e-002
3.399199e-002 -1.461317e-002 3.500000e-002
3.474478e-002 -1.272008e-002 3.500000e-002
3.539223e-002 -1.078843e-002 3.500000e-002
3.593238e-002 -8.824071e-003 3.500000e-002
3.636359e-002 -6.832959e-003 3.500000e-002
3.668455e-002 -4.821130e-003 3.500000e-002
3.689431e-002 -2.794686e-003 3.500000e-002
3.699220e-002 -7.597680e-004 3.500000e-002
3.697794e-002 1.277453e-003 3.500000e-002
3.685157e-002 3.310801e-003 3.500000e-002
3.661348e-002 5.334112e-003 3.500000e-002
3.626439e-002 7.341250e-003 3.500000e-002
3.580535e-002 9.326133e-003 3.500000e-002
3.523776e-002 1.128274e-002 3.500000e-002
2.768846e-002 -2.648785e-002 3.500000e-002
2.871648e-002 -2.643531e-002 3.500000e-002
2.969705e-002 -2.612216e-002 3.500000e-002
3.056524e-002 -2.556913e-002 3.500000e-002
3.126354e-002 -2.481285e-002 3.500000e-002
3.174572e-002 -2.390341e-002 3.500000e-002
3.197985e-002 -2.290103e-002 3.500000e-002
3.195041e-002 -2.187209e-002 3.500000e-002
3.165936e-002 -2.088473e-002 3.500000e-002
2.484543e-002 -2.464309e-002 3.500000e-002
1.700000e-002 -3.400000e-002 3.500000e-002
-2.800000e-002 -3.400000e-002 3.500000e-002
-2.835628e-002 -2.348410e-002 3.500000e-002
-3.192110e-002 -1.870945e-002 3.500000e-002
-3.198684e-002 -1.982422e-002 3.500000e-002
-3.174184e-002 -2.091373e-002 3.500000e-002
-3.120520e-002 -2.189305e-002 3.500000e-002
-3.041875e-002 -2.268585e-002 3.500000e-002
-2.944378e-002 -2.323035e-002 3.500000e-002
-3.448133e-002 -1.341782e-002 3.500000e-002
-3.372188e-002 -1.522614e-002 3.500000e-002
-3.286766e-002 -1.699166e-002 3.500000e-002
-3.192110e-002 1.870945e-002 3.500000e-002
-3.286766e-002 1.699166e-002 3.500000e-002
-3.372188e-002 1.522614e-002 3.500000e-002
-3.448133e-002 1.341782e-002 3.500000e-002
-3.514389e-002 1.157181e-002 3.500000e-002
-3.570770e-002 9.693278e-003 3.500000e-002
-3.617118e-002 7.787511e-003 3.500000e-002
-3.653303e-002 5.859861e-003 3.500000e-002
-3.679221e-002 3.915746e-003 3.500000e-002
-3.694802e-002 1.960628e-003 3.500000e-002
-3.700000e-002 0.000000e+000 3.500000e-002
-3.694802e-002 -1.960628e-003 3.500000e-002
-3.679221e-002 -3.915746e-003 3.500000e-002
-3.653303e-002 -5.859861e-003 3.500000e-002
-3.617118e-002 -7.787511e-003 3.500000e-002
-3.570770e-002 -9.693278e-003 3.500000e-002
-3.514389e-002 -1.157181e-002 3.500000e-002
-2.600000e-002 2.296410e-002 3.500000e-002
-2.693777e-002 2.335638e-002 3.500000e-002
-2.794413e-002 2.349961e-002 3.500000e-002
-2.895411e-002 2.338454e-002 3.500000e-002
-2.990247e-002 2.301861e-002 3.500000e-002
-3.072796e-002 2.242544e-002 3.500000e-002
-3.137729e-002 2.164335e-002 3.500000e-002
-3.180850e-002 2.072284e-002 3.500000e-002
-3.199376e-002 1.972335e-002 3.500000e-002
-2.787442e-002 -1.750395e-002 0.000000e+000
-2.738197e-002 -1.759789e-002 0.000000e+000
-2.692835e-002 -1.781134e-002 0.000000e+000
-2.606283e-002 -1.999738e-002 0.000000e+000
-2.600000e-002 -1.950000e-002 0.000000e+000
-2.654206e-002 -1.813091e-002 0.000000e+000
-2.624739e-002 -2.046351e-002 0.000000e+000
-2.624739e-002 -1.853649e-002 0.000000e+000
-2.654206e-002 -2.086909e-002 0.000000e+000
-2.606283e-002 -1.900262e-002 0.000000e+000
-2.692835e-002 -2.118866e-002 0.000000e+000
-2.738197e-002 -2.140211e-002 0.000000e+000
-2.787442e-002 -2.149605e-002 0.000000e+000
-2.837476e-002 -2.146458e-002 0.000000e+000
-2.885156e-002 -2.130966e-002 0.000000e+000
-2.927485e-002 -2.104103e-002 0.000000e+000
-2.961803e-002 -2.067557e-002 0.000000e+000
-2.985955e-002 -2.023625e-002 0.000000e+000
-2.998423e-002 -1.975067e-002 0.000000e+000
-2.998423e-002 -1.924933e-002 0.000000e+000
-2.985955e-002 -1.876375e-002 0.000000e+000
-2.961803e-002 -1.832443e-002 0.000000e+000
-2.927485e-002 -1.795897e-002 0.000000e+000
-2.885156e-002 -1.769035e-002 0.000000e+000
-2.837476e-002 -1.753543e-002 0.000000e+000
-2.787442e-002 2.149605e-002 0.000000e+000
-2.738197e-002 2.140211e-002 0.000000e+000
-2.692835e-002 2.118866e-002 0.000000e+000
-2.606283e-002 1.900262e-002 0.000000e+000
-2.600000e-002 1.950000e-002 0.000000e+000
-2.654206e-002 2.086909e-002 0.000000e+000
-2.624739e-002 1.853649e-002 0.000000e+000
-2.624739e-002 2.046351e-002 0.000000e+000
-2.654206e-002 1.813091e-002 0.000000e+000
-2.606283e-002 1.999738e-002 0.000000e+000
-2.692835e-002 1.781134e-002 0.000000e+000
-2.738197e-002 1.759789e-002 0.000000e+000
-2.787442e-002 1.750395e-002 0.000000e+000
-2.837476e-002 1.753543e-002 0.000000e+000
-2.885156e-002 1.769035e-002 0.000000e+000
-2.927485e-002 1.795897e-002 0.000000e+000
-2.961803e-002 1.832443e-002 0.000000e+000
-2.985955e-002 1.876375e-002 0.000000e+000
-2.998423e-002 1.924933e-002 0.000000e+000
-2.998423e-002 1.975067e-002 0.000000e+000
-2.985955e-002 2.023625e-002 0.000000e+000
-2.961803e-002 2.067557e-002 0.000000e+000
-2.927485e-002 2.104103e-002 0.000000e+000
-2.885156e-002 2.130966e-002 0.000000e+000
-2.837476e-002 2.146458e-002 0.000000e+000
2.812558e-002 2.149605e-002 0.000000e+000
2.861803e-002 2.140211e-002 0.000000e+000
2.907165e-002 2.118866e-002 0.000000e+000
2.993717e-002 1.900262e-002 0.000000e+000
3.000000e-002 1.950000e-002 0.000000e+000
2.945794e-002 2.086909e-002 0.000000e+000
2.975261e-002 1.853649e-002 0.000000e+000
2.975261e-002 2.046351e-002 0.000000e+000
2.945794e-002 1.813091e-002 0.000000e+000
2.993717e-002 1.999738e-002 0.000000e+000
2.907165e-002 1.781134e-002 0.000000e+000
2.861803e-002 1.759789e-002 0.000000e+000
2.812558e-002 1.750395e-002 0.000000e+000
2.762524e-002 1.753543e-002 0.000000e+000
2.714844e-002 1.769035e-002 0.000000e+000
2.672515e-002 1.795897e-002 0.000000e+000
2.638197e-002 1.832443e-002 0.000000e+000
2.614045e-002 1.876375e-002 0.000000e+000
2.601577e-002 1.924933e-002 0.000000e+000
2.601577e-002 1.975067e-002 0.000000e+000
2.614045e-002 2.023625e-002 0.000000e+000
2.638197e-002 2.067557e-002 0.000000e+000
2.672515e-002 2.104103e-002 0.000000e+000
2.714844e-002 2.130966e-002 0.000000e+000
2.762524e-002 2.146458e-002 0.000000e+000
2.882775e-002 1.406264e-002 1.500000e-002
2.874994e-002 1.405137e-002 0.000000e+000
3.015757e-002 1.444086e-002 1.500000e-002
3.016649e-002 1.444467e-002 0.000000e+000
3.135105e-002 1.513876e-002 1.500000e-002
3.142825e-002 1.519918e-002 0.000000e+000
3.233279e-002 1.611223e-002 1.500000e-002
3.244507e-002 1.626096e-002 0.000000e+000
3.304074e-002 1.729978e-002 1.500000e-002
3.314430e-002 1.755418e-002 0.000000e+000
3.343017e-002 1.862636e-002 1.500000e-002
3.347597e-002 1.898641e-002 0.000000e+000
3.334648e-002 2.079041e-002 3.400000e-002
3.347648e-002 2.000814e-002 3.400000e-002
3.347648e-002 2.000814e-002 1.500000e-002
3.310534e-002 2.154587e-002 3.400000e-002
3.341639e-002 2.045534e-002 0.000000e+000
3.275806e-002 2.225879e-002 3.400000e-002
3.296982e-002 2.185602e-002 0.000000e+000
3.231186e-002 2.291436e-002 3.400000e-002
3.216818e-002 2.308836e-002 0.000000e+000
3.177603e-002 2.349895e-002 3.400000e-002
3.116170e-002 2.400040e-002 3.400000e-002
3.106871e-002 2.406432e-002 0.000000e+000
3.048165e-002 2.440830e-002 3.400000e-002
2.975000e-002 2.471416e-002 3.400000e-002
2.975000e-002 2.471416e-002 0.000000e+000
3.019948e-002 1.080688e-002 1.500000e-002
3.120482e-002 7.419992e-003 1.500000e-002
3.183158e-002 3.943088e-003 1.500000e-002
3.176103e-002 3.903461e-003 0.000000e+000
3.113486e-002 7.390567e-003 0.000000e+000
3.012705e-002 1.078708e-002 0.000000e+000
3.284607e-002 4.349535e-003 0.000000e+000
3.183158e-002 -3.943088e-003 1.500000e-002
3.176103e-002 -3.903461e-003 0.000000e+000
3.291465e-002 -4.367151e-003 1.500000e-002
3.284607e-002 -4.349535e-003 0.000000e+000
3.407023e-002 -4.499452e-003 1.500000e-002
3.400955e-002 -4.499990e-003 0.000000e+000
3.522112e-002 -4.331151e-003 1.500000e-002
3.517237e-002 -4.344601e-003 0.000000e+000
3.629043e-002 -3.873493e-003 1.500000e-002
3.625551e-002 -3.893929e-003 0.000000e+000
3.720671e-002 -3.157053e-003 1.500000e-002
3.718535e-002 -3.178604e-003 0.000000e+000
3.790877e-002 -2.229696e-003 1.500000e-002
3.789870e-002 -2.247244e-003 0.000000e+000
3.834968e-002 -1.153375e-003 1.500000e-002
3.834708e-002 -1.163149e-003 0.000000e+000
3.834968e-002 1.153375e-003 1.500000e-002
3.850000e-002 0.000000e+000 1.500000e-002
3.850000e-002 0.000000e+000 0.000000e+000
3.790877e-002 2.229696e-003 1.500000e-002
3.834708e-002 1.163149e-003 0.000000e+000
3.720671e-002 3.157053e-003 1.500000e-002
3.789870e-002 2.247244e-003 0.000000e+000
3.629043e-002 3.873493e-003 1.500000e-002
3.718535e-002 3.178604e-003 0.000000e+000
3.625551e-002 3.893929e-003 0.000000e+000
3.522112e-002 4.331151e-003 1.500000e-002
3.517237e-002 4.344601e-003 0.000000e+000
3.407023e-002 4.499452e-003 1.500000e-002
3.400955e-002 4.499990e-003 0.000000e+000
3.291465e-002 4.367151e-003 1.500000e-002
2.715865e-002 -1.706473e-002 1.500000e-002
2.705997e-002 -1.708093e-002 0.000000e+000
2.790482e-002 -1.700082e-002 1.500000e-002
2.850903e-002 -1.702361e-002 0.000000e+000
2.588513e-002 -2.757714e-002 3.400000e-002
2.465721e-002 -2.686758e-002 3.400000e-002
2.465721e-002 -2.686758e-002 0.000000e+000
2.725367e-002 -2.794913e-002 3.400000e-002
2.591496e-002 -2.758946e-002 0.000000e+000
2.867183e-002 -2.795881e-002 3.400000e-002
2.731767e-002 -2.795751e-002 0.000000e+000
3.004532e-002 -2.760555e-002 3.400000e-002
2.876781e-002 -2.794614e-002 0.000000e+000
3.128282e-002 -2.691283e-002 3.400000e-002
3.016458e-002 -2.755615e-002 0.000000e+000
3.230205e-002 -2.592671e-002 3.400000e-002
3.141086e-002 -2.681463e-002 0.000000e+000
3.303525e-002 -2.471275e-002 3.400000e-002
3.242001e-002 -2.577315e-002 0.000000e+000
3.343366e-002 -2.335167e-002 3.400000e-002
3.312187e-002 -2.450412e-002 0.000000e+000
3.347079e-002 -2.193397e-002 3.400000e-002
3.346764e-002 -2.309575e-002 0.000000e+000
3.343329e-002 -2.164597e-002 0.000000e+000
3.314419e-002 -2.055390e-002 3.400000e-002
3.314419e-002 -2.055390e-002 1.500000e-002
3.283213e-002 -1.987311e-002 1.500000e-002
3.302120e-002 -2.025556e-002 0.000000e+000
3.194667e-002 -1.866936e-002 1.500000e-002
3.243047e-002 -1.924102e-002 1.500000e-002
3.226003e-002 -1.902119e-002 0.000000e+000
3.076987e-002 -1.774839e-002 1.500000e-002
3.138969e-002 -1.816872e-002 1.500000e-002
3.120269e-002 -1.802867e-002 0.000000e+000
2.992270e-002 -1.734702e-002 0.000000e+000
2.938860e-002 -1.717818e-002 1.500000e-002
3.009869e-002 -1.741615e-002 1.500000e-002
2.865276e-002 -1.703887e-002 1.500000e-002
2.824066e-002 -1.504875e-002 0.000000e+000
2.926902e-002 -1.293540e-002 0.000000e+000
3.013949e-002 -1.075226e-002 0.000000e+000
3.084738e-002 -8.511129e-003 0.000000e+000
3.138886e-002 -6.224082e-003 0.000000e+000
3.145947e-002 -6.252909e-003 1.500000e-002
3.091999e-002 -8.529461e-003 1.500000e-002
3.021599e-002 -1.076063e-002 1.500000e-002
2.935123e-002 -1.293455e-002 1.500000e-002
2.833031e-002 -1.503965e-002 1.500000e-002
2.812558e-002 -2.050395e-002 0.000000e+000
2.861803e-002 -2.059789e-002 0.000000e+000
2.907165e-002 -2.081134e-002 0.000000e+000
2.993717e-002 -2.299738e-002 0.000000e+000
3.000000e-002 -2.250000e-002 0.000000e+000
2.945794e-002 -2.113090e-002 0.000000e+000
2.975261e-002 -2.346351e-002 0.000000e+000
2.975261e-002 -2.153649e-002 0.000000e+000
2.945794e-002 -2.386910e-002 0.000000e+000
2.993717e-002 -2.200262e-002 0.000000e+000
2.907165e-002 -2.418866e-002 0.000000e+000
2.861803e-002 -2.440211e-002 0.000000e+000
2.812558e-002 -2.449605e-002 0.000000e+000
2.762524e-002 -2.446458e-002 0.000000e+000
2.714844e-002 -2.430965e-002 0.000000e+000
2.672515e-002 -2.404103e-002 0.000000e+000
2.638197e-002 -2.367557e-002 0.000000e+000
2.614045e-002 -2.323625e-002 0.000000e+000
2.601577e-002 -2.275067e-002 0.000000e+000
2.601577e-002 -2.224933e-002 0.000000e+000
2.614045e-002 -2.176375e-002 0.000000e+000
2.638197e-002 -2.132443e-002 0.000000e+000
2.672515e-002 -2.095897e-002 0.000000e+000
2.714844e-002 -2.069035e-002 0.000000e+000
2.762524e-002 -2.053542e-002 0.000000e+000
1.700000e-002 3.600000e-002 3.500000e-002
2.334650e-002 4.318243e-002 3.500000e-002
2.216913e-002 4.405355e-002 3.500000e-002
2.126341e-002 4.520452e-002 3.500000e-002
-5.360565e-002 -2.920469e-002 3.500000e-002
-5.229471e-002 -3.119919e-002 3.500000e-002
2.069356e-002 4.655371e-002 3.500000e-002
2.050000e-002 4.800546e-002 3.500000e-002
-5.482881e-002 -2.715519e-002 3.500000e-002
-5.596191e-002 -2.505456e-002 3.500000e-002
-5.700281e-002 -2.290675e-002 3.500000e-002
-5.794954e-002 -2.071579e-002 3.500000e-002
-5.880033e-002 -1.848583e-002 3.500000e-002
-5.955357e-002 -1.622105e-002 3.500000e-002
3.747810e-002 -3.235272e-002 3.500000e-002
3.883985e-002 -3.039256e-002 3.500000e-002
-6.020784e-002 -1.392573e-002 3.500000e-002
4.011529e-002 -2.837517e-002 3.500000e-002
3.450605e-002 -3.608667e-002 3.500000e-002
3.603259e-002 -3.425195e-002 3.500000e-002
4.130198e-002 -2.630434e-002 3.500000e-002
-6.076191e-002 -1.160418e-002 3.500000e-002
3.290134e-002 -3.785345e-002 3.500000e-002
4.239772e-002 -2.418398e-002 3.500000e-002
-6.121474e-002 -9.260781e-003 3.500000e-002
3.122148e-002 -3.954893e-002 3.500000e-002
4.340044e-002 -2.201808e-002 3.500000e-002
-6.156547e-002 -6.899941e-003 3.500000e-002
-6.181345e-002 -4.526108e-003 3.500000e-002
-2.936507e-003 -5.484968e-002 3.500000e-002
-5.606660e-004 -5.462174e-002 3.500000e-002
1.803048e-003 -5.429094e-002 3.500000e-002
4.150186e-003 -5.385790e-002 3.500000e-002
6.476325e-003 -5.332343e-002 3.500000e-002
8.777087e-003 -5.268855e-002 3.500000e-002
1.104814e-002 -5.195445e-002 3.500000e-002
1.328520e-002 -5.112251e-002 3.500000e-002
1.548406e-002 -5.019429e-002 3.500000e-002
1.764058e-002 -4.917156e-002 3.500000e-002
1.975070e-002 -4.805622e-002 3.500000e-002
2.181045e-002 -4.685038e-002 3.500000e-002
2.381593e-002 -4.555632e-002 3.500000e-002
2.576339e-002 -4.417647e-002 3.500000e-002
2.764915e-002 -4.271343e-002 3.500000e-002
2.946965e-002 -4.116995e-002 3.500000e-002
-6.195820e-002 -2.143751e-003 3.500000e-002
-5.320001e-003 -5.497434e-002 3.500000e-002
-6.199947e-002 2.426430e-004 3.500000e-002
4.430824e-002 -1.981071e-002 3.500000e-002
-6.193715e-002 2.628580e-003 3.500000e-002
-3.612857e-002 2.886680e-002 3.500000e-002
4.511942e-002 -1.756604e-002 3.500000e-002
-1.700000e-002 3.600000e-002 3.500000e-002
-2.200005e-002 4.422503e-002 3.500000e-002
-2.308692e-002 4.333482e-002 3.500000e-002
4.583246e-002 -1.528828e-002 3.500000e-002
-2.117417e-002 4.536155e-002 3.500000e-002
-6.177138e-002 5.009567e-003 3.500000e-002
-3.812857e-002 2.886680e-002 3.500000e-002
4.644600e-002 -1.298174e-002 3.500000e-002
-2.436385e-002 4.274900e-002 3.500000e-002
4.695889e-002 -1.065075e-002 3.500000e-002
-2.066317e-002 4.667023e-002 3.500000e-002
-2.574755e-002 4.250580e-002 3.500000e-002
-2.050039e-002 4.806567e-002 3.500000e-002
4.737017e-002 -8.299698e-003 3.500000e-002
4.767906e-002 -5.933020e-003 3.500000e-002
-6.150247e-002 7.381120e-003 3.500000e-002
-2.714772e-002 4.262108e-002 3.500000e-002
4.788498e-002 -3.555169e-003 3.500000e-002
4.798754e-002 -1.170623e-003 3.500000e-002
-6.113091e-002 9.738773e-003 3.500000e-002
-2.847300e-002 4.308733e-002 3.500000e-002
4.798655e-002 1.216128e-003 3.500000e-002
-6.065743e-002 1.207809e-002 3.500000e-002
-2.963692e-002 4.387413e-002 3.500000e-002
4.788202e-002 3.600588e-003 3.500000e-002
4.767413e-002 5.978267e-003 3.500000e-002
-5.828833e-002 1.745346e-002 3.500000e-002
-6.008290e-002 1.439465e-002 3.500000e-002
4.736328e-002 8.344689e-003 3.500000e-002
-5.741677e-002 1.849596e-002 3.500000e-002
-5.940840e-002 1.668412e-002 3.500000e-002
4.695005e-002 1.069540e-002 3.500000e-002
-5.685809e-002 1.973463e-002 3.500000e-002
-5.665354e-002 2.107798e-002 3.500000e-002
-5.681824e-002 2.242680e-002 3.500000e-002
4.643523e-002 1.302596e-002 3.500000e-002
-5.734002e-002 2.368146e-002 3.500000e-002
4.581979e-002 1.533200e-002 3.500000e-002
-5.818035e-002 2.474930e-002 3.500000e-002
4.510487e-002 1.760916e-002 3.500000e-002
-5.150000e-002 4.800000e-002 3.500000e-002
-5.927715e-002 2.555146e-002 3.500000e-002
-2.069645e-002 4.945683e-002 3.500000e-002
2.069645e-002 4.945683e-002 3.500000e-002
-3.056354e-002 4.493013e-002 3.500000e-002
-3.150000e-002 4.800000e-002 3.500000e-002
4.429183e-002 1.985316e-002 3.500000e-002
4.338220e-002 2.205978e-002 3.500000e-002
4.237769e-002 2.422485e-002 3.500000e-002
4.128020e-002 2.634430e-002 3.500000e-002
4.009179e-002 2.841415e-002 3.500000e-002
3.881469e-002 3.043048e-002 3.500000e-002
-3.700473e-002 -4.609464e-002 3.500000e-002
-3.497665e-002 -4.735300e-002 3.500000e-002
-3.289589e-002 -4.852219e-002 3.500000e-002
-3.076636e-002 -4.960000e-002 3.500000e-002
-2.859207e-002 -5.058441e-002 3.500000e-002
-2.637712e-002 -5.147356e-002 3.500000e-002
-2.412568e-002 -5.226577e-002 3.500000e-002
-2.184200e-002 -5.295956e-002 3.500000e-002
-1.953036e-002 -5.355362e-002 3.500000e-002
-1.719512e-002 -5.404682e-002 3.500000e-002
-1.484069e-002 -5.443826e-002 3.500000e-002
-1.247149e-002 -5.472717e-002 3.500000e-002
-1.009198e-002 -5.491302e-002 3.500000e-002
-7.706658e-003 -5.499545e-002 3.500000e-002
-3.897631e-002 -4.474948e-002 3.500000e-002
3.745132e-002 3.238951e-002 3.500000e-002
-4.088767e-002 -4.332004e-002 3.500000e-002
-4.273521e-002 -4.180903e-002 3.500000e-002
-4.451546e-002 -4.021928e-002 3.500000e-002
3.600423e-002 3.428755e-002 3.500000e-002
3.447617e-002 3.612101e-002 3.500000e-002
3.286999e-002 3.788646e-002 3.500000e-002
-4.622506e-002 -3.855380e-002 3.500000e-002
3.118874e-002 3.958055e-002 3.500000e-002
-4.786079e-002 -3.681570e-002 3.500000e-002
2.943557e-002 4.120011e-002 3.500000e-002
-4.941957e-002 -3.500828e-002 3.500000e-002
2.761379e-002 4.274208e-002 3.500000e-002
2.616890e-002 4.250259e-002 3.500000e-002
-5.089848e-002 -3.313493e-002 3.500000e-002
2.471204e-002 4.265293e-002 3.500000e-002
-6.661129e-003 -8.116609e-003 1.600000e-002
-7.424621e-003 -7.424621e-003 1.600000e-002
-8.116609e-003 -6.661129e-003 1.600000e-002
-5.833488e-003 -8.730430e-003 1.600000e-002
-8.730430e-003 -5.833488e-003 1.600000e-002
-9.260173e-003 -4.949666e-003 1.600000e-002
-4.949666e-003 -9.260173e-003 1.600000e-002
-9.700735e-003 -4.018176e-003 1.600000e-002
-4.018176e-003 -9.700735e-003 1.600000e-002
-1.004787e-002 -3.047989e-003 1.600000e-002
-2.048448e-003 -1.029825e-002 1.600000e-002
-3.047989e-003 -1.004787e-002 1.600000e-002
-1.029825e-002 -2.048448e-003 1.600000e-002
-1.029180e-003 -1.044944e-002 1.600000e-002
-1.044944e-002 -1.029180e-003 1.600000e-002
0.000000e+000 -1.050000e-002 1.600000e-002
-1.050000e-002 0.000000e+000 1.600000e-002
-1.044944e-002 1.029180e-003 1.600000e-002
1.029180e-003 -1.044944e-002 1.600000e-002
-1.029825e-002 2.048448e-003 1.600000e-002
2.048448e-003 -1.029825e-002 1.600000e-002
-1.004787e-002 3.047989e-003 1.600000e-002
4.018176e-003 -9.700735e-003 1.600000e-002
3.047989e-003 -1.004787e-002 1.600000e-002
-9.700735e-003 4.018176e-003 1.600000e-002
4.949666e-003 -9.260173e-003 1.600000e-002
-9.260173e-003 4.949666e-003 1.600000e-002
5.833488e-003 -8.730430e-003 1.600000e-002
-8.730430e-003 5.833488e-003 1.600000e-002
6.661129e-003 -8.116609e-003 1.600000e-002
-8.116609e-003 6.661129e-003 1.600000e-002
7.424621e-003 -7.424621e-003 1.600000e-002
-7.424621e-003 7.424621e-003 1.600000e-002
8.116609e-003 -6.661129e-003 1.600000e-002
-6.661129e-003 8.116609e-003 1.600000e-002
8.730430e-003 -5.833488e-003 1.600000e-002
-5.833488e-003 8.730430e-003 1.600000e-002
9.260173e-003 -4.949666e-003 1.600000e-002
-4.949666e-003 9.260173e-003 1.600000e-002
9.700735e-003 -4.018176e-003 1.600000e-002
-4.018176e-003 9.700735e-003 1.600000e-002
1.004787e-002 -3.047989e-003 1.600000e-002
-3.047989e-003 1.004787e-002 1.600000e-002
1.029825e-002 -2.048448e-003 1.600000e-002
-2.048448e-003 1.029825e-002 1.600000e-002
1.044944e-002 -1.029180e-003 1.600000e-002
-1.029180e-003 1.044944e-002 1.600000e-002
1.050000e-002 0.000000e+000 1.600000e-002
0.000000e+000 1.050000e-002 1.600000e-002
1.044944e-002 1.029180e-003 1.600000e-002
1.029180e-003 1.044944e-002 1.600000e-002
1.029825e-002 2.048448e-003 1.600000e-002
2.048448e-003 1.029825e-002 1.600000e-002
1.004787e-002 3.047989e-003 1.600000e-002
3.047989e-003 1.004787e-002 1.600000e-002
9.700735e-003 4.018176e-003 1.600000e-002
4.018176e-003 9.700735e-003 1.600000e-002
9.260173e-003 4.949666e-003 1.600000e-002
4.949666e-003 9.260173e-003 1.600000e-002
8.730430e-003 5.833488e-003 1.600000e-002
5.833488e-003 8.730430e-003 1.600000e-002
8.116609e-003 6.661129e-003 1.600000e-002
6.661129e-003 8.116609e-003 1.600000e-002
7.424621e-003 7.424621e-003 1.600000e-002
-3.000000e-002 -2.462348e-002 0.000000e+000
-2.530000e-002 -3.600000e-002 0.000000e+000
-3.000000e-002 -3.600000e-002 0.000000e+000
-3.126439e-002 -2.392648e-002 0.000000e+000
-3.230384e-002 -2.292446e-002 0.000000e+000
-2.530000e-002 -1.417427e-002 0.000000e+000
-3.304672e-002 -2.168647e-002 0.000000e+000
-3.344183e-002 -2.029781e-002 0.000000e+000
-3.346195e-002 -1.885417e-002 0.000000e+000
-2.874994e-002 -1.405137e-002 0.000000e+000
-2.612936e-002 -1.258000e-002 0.000000e+000
-3.310570e-002 -1.745504e-002 0.000000e+000
-3.014202e-002 -1.443426e-002 0.000000e+000
-2.685839e-002 -1.093742e-002 0.000000e+000
-3.239761e-002 -1.619682e-002 0.000000e+000
-3.138650e-002 -1.516622e-002 0.000000e+000
-3.012705e-002 -1.078708e-002 0.000000e+000
-2.748427e-002 -9.252831e-003 0.000000e+000
-2.800461e-002 -7.532714e-003 0.000000e+000
-3.113486e-002 -7.390567e-003 0.000000e+000
-2.841741e-002 -5.783671e-003 0.000000e+000
-3.176103e-002 -3.903461e-003 0.000000e+000
-2.872108e-002 -4.012418e-003 0.000000e+000
-2.891446e-002 -2.225757e-003 0.000000e+000
-2.899680e-002 -4.305480e-004 0.000000e+000
-3.625551e-002 -3.893929e-003 0.000000e+000
-3.400955e-002 -4.499990e-003 0.000000e+000
-3.517237e-002 -4.344601e-003 0.000000e+000
-3.284607e-002 -4.349535e-003 0.000000e+000
-3.718535e-002 -3.178604e-003 0.000000e+000
-3.176103e-002 3.903461e-003 0.000000e+000
-2.896780e-002 1.366314e-003 0.000000e+000
-2.882755e-002 3.157929e-003 0.000000e+000
-2.857660e-002 4.937417e-003 0.000000e+000
-3.284607e-002 4.349535e-003 0.000000e+000
-3.789870e-002 -2.247244e-003 0.000000e+000
-3.850000e-002 0.000000e+000 0.000000e+000
-3.834708e-002 -1.163149e-003 0.000000e+000
-3.400955e-002 4.499990e-003 0.000000e+000
-3.113486e-002 7.390567e-003 0.000000e+000
-2.821591e-002 6.697945e-003 0.000000e+000
-2.774687e-002 8.432752e-003 0.000000e+000
-3.834708e-002 1.163149e-003 0.000000e+000
-3.789870e-002 2.247244e-003 0.000000e+000
-3.718535e-002 3.178604e-003 0.000000e+000
-3.517237e-002 4.344601e-003 0.000000e+000
-3.625551e-002 3.893929e-003 0.000000e+000
-3.012705e-002 1.078708e-002 0.000000e+000
-2.717128e-002 1.013518e-002 0.000000e+000
-2.649134e-002 1.179868e-002 0.000000e+000
-2.874994e-002 1.405137e-002 0.000000e+000
-2.570968e-002 1.341687e-002 0.000000e+000
-2.284855e-002 1.553609e-002 0.000000e+000
-2.344613e-002 1.486187e-002 0.000000e+000
-2.413118e-002 1.427676e-002 0.000000e+000
-2.489056e-002 1.379199e-002 0.000000e+000
-2.195988e-002 1.709856e-002 0.000000e+000
-2.234994e-002 1.628646e-002 0.000000e+000
-2.153312e-002 1.884468e-002 0.000000e+000
-2.168585e-002 1.795680e-002 0.000000e+000
-2.160091e-002 2.064091e-002 0.000000e+000
-2.150463e-002 1.974515e-002 0.000000e+000
-3.011703e-002 1.442376e-002 0.000000e+000
-2.182013e-002 2.151475e-002 0.000000e+000
-3.134361e-002 1.513305e-002 0.000000e+000
-2.260824e-002 2.313028e-002 0.000000e+000
-2.215807e-002 2.234989e-002 0.000000e+000
-2.316199e-002 2.384093e-002 0.000000e+000
-2.380869e-002 2.446819e-002 0.000000e+000
-3.234829e-002 1.613216e-002 0.000000e+000
-3.306439e-002 1.735478e-002 0.000000e+000
-2.550000e-002 2.500000e-002 0.000000e+000
-2.453590e-002 2.500000e-002 0.000000e+000
-3.344438e-002 1.871977e-002 0.000000e+000
-3.346304e-002 2.013655e-002 0.000000e+000
-3.311914e-002 2.151108e-002 0.000000e+000
-3.025000e-002 2.451872e-002 0.000000e+000
-3.243549e-002 2.275214e-002 0.000000e+000
-3.145748e-002 2.377736e-002 0.000000e+000
-3.025000e-002 3.600000e-002 0.000000e+000
-2.550000e-002 3.600000e-002 0.000000e+000
1.300000e-002 -3.600000e-002 0.000000e+000
1.700000e-002 -3.600000e-002 0.000000e+000
2.526424e-002 -1.423792e-002 0.000000e+000
2.610348e-002 -1.263362e-002 0.000000e+000
2.684098e-002 -1.098007e-002 0.000000e+000
2.747385e-002 -9.283729e-003 0.000000e+000
2.799963e-002 -7.551198e-003 0.000000e+000
2.841628e-002 -5.789234e-003 0.000000e+000
2.872216e-002 -4.004704e-003 0.000000e+000
2.891609e-002 -2.204565e-003 0.000000e+000
2.899730e-002 -3.958320e-004 0.000000e+000
2.896548e-002 1.414443e-003 0.000000e+000
2.882077e-002 3.219205e-003 0.000000e+000
2.856371e-002 5.011419e-003 0.000000e+000
2.819532e-002 6.784099e-003 0.000000e+000
2.771702e-002 8.530336e-003 0.000000e+000
2.713069e-002 1.024332e-002 0.000000e+000
2.643861e-002 1.191638e-002 0.000000e+000
2.564346e-002 1.354299e-002 0.000000e+000
2.474837e-002 1.511681e-002 0.000000e+000
2.375681e-002 1.663171e-002 0.000000e+000
2.267265e-002 1.808178e-002 0.000000e+000
2.154744e-002 2.028388e-002 0.000000e+000
2.150011e-002 1.946137e-002 0.000000e+000
2.169843e-002 2.109379e-002 0.000000e+000
2.550000e-002 2.500000e-002 0.000000e+000
2.195065e-002 2.187810e-002 0.000000e+000
2.230006e-002 2.262420e-002 0.000000e+000
2.274103e-002 2.332012e-002 0.000000e+000
2.386801e-002 2.451763e-002 0.000000e+000
2.453590e-002 2.500000e-002 0.000000e+000
2.326650e-002 2.395466e-002 0.000000e+000
2.975000e-002 3.600000e-002 0.000000e+000
2.550000e-002 3.600000e-002 0.000000e+000
2.975000e-002 3.600000e-002 3.400000e-002
-6.261682e-002 2.070182e-002 3.400000e-002
-6.348729e-002 1.329964e-002 3.400000e-002
-6.431835e-002 1.404532e-002 3.400000e-002
-6.216320e-002 2.091528e-002 3.400000e-002
-6.129769e-002 2.210656e-002 3.400000e-002
-3.698041e-002 1.238746e-002 3.400000e-002
-6.148224e-002 2.164043e-002 3.400000e-002
-3.625976e-002 1.436070e-002 3.400000e-002
-3.543391e-002 1.629227e-002 3.400000e-002
-6.310927e-002 2.060788e-002 3.400000e-002
-6.570628e-002 1.579029e-002 3.400000e-002
-6.624585e-002 1.676782e-002 3.400000e-002
-6.506111e-002 1.487900e-002 3.400000e-002
2.782242e-002 4.728863e-002 3.400000e-002
3.111265e-002 4.597249e-002 3.400000e-002
3.045184e-002 4.477027e-002 3.400000e-002
2.733957e-002 4.688918e-002 3.400000e-002
2.951405e-002 4.376899e-002 3.400000e-002
-6.123485e-002 2.260393e-002 3.400000e-002
2.819077e-002 4.779562e-002 3.400000e-002
3.145538e-002 4.730086e-002 3.400000e-002
-3.450525e-002 1.817657e-002 3.400000e-002
-6.360961e-002 2.063936e-002 3.400000e-002
2.677254e-002 4.662236e-002 3.400000e-002
-6.129769e-002 2.310131e-002 3.400000e-002
-3.315375e-002 2.142064e-002 3.400000e-002
-5.324590e-002 -3.332141e-002 3.400000e-002
-3.280730e-002 -2.217206e-002 3.400000e-002
-5.179161e-002 -3.525212e-002 3.400000e-002
-3.312969e-002 -2.148400e-002 3.400000e-002
2.842146e-002 4.837828e-002 3.400000e-002
3.145871e-002 4.867272e-002 3.400000e-002
-6.667308e-002 1.779941e-002 3.400000e-002
2.615698e-002 4.650493e-002 3.400000e-002
-6.408641e-002 2.079428e-002 3.400000e-002
2.850000e-002 4.900000e-002 3.400000e-002
3.112241e-002 5.000273e-002 3.400000e-002
-6.148224e-002 2.356744e-002 3.400000e-002
-3.025000e-002 3.600000e-002 3.400000e-002
-3.247336e-002 2.269985e-002 3.400000e-002
2.553155e-002 4.654428e-002 3.400000e-002
1.700000e-002 3.600000e-002 3.400000e-002
-6.177692e-002 2.397303e-002 3.400000e-002
2.842146e-002 4.962172e-002 3.400000e-002
3.046742e-002 5.120814e-002 3.400000e-002
2.493555e-002 4.673794e-002 3.400000e-002
-6.698264e-002 1.887220e-002 3.400000e-002
-6.450970e-002 2.106291e-002 3.400000e-002
2.819077e-002 5.020439e-002 3.400000e-002
2.440644e-002 4.707371e-002 3.400000e-002
2.953449e-002 5.221395e-002 3.400000e-002
2.782242e-002 5.071137e-002 3.400000e-002
-5.461704e-002 -3.133078e-002 3.400000e-002
-3.450525e-002 -1.817657e-002 3.400000e-002
-3.335418e-002 -2.075807e-002 3.400000e-002
2.397746e-002 4.753054e-002 3.400000e-002
-6.717068e-002 1.997281e-002 3.400000e-002
-6.485289e-002 2.142837e-002 3.400000e-002
2.838166e-002 5.295759e-002 3.400000e-002
2.733957e-002 5.111082e-002 3.400000e-002
-6.723483e-002 2.108753e-002 3.400000e-002
2.677254e-002 5.137764e-002 3.400000e-002
-6.509440e-002 2.186769e-002 3.400000e-002
4.109892e-002 -3.058585e-002 3.400000e-002
3.975894e-002 -3.259758e-002 3.400000e-002
-6.717433e-002 2.220244e-002 3.400000e-002
-6.521909e-002 2.235327e-002 3.400000e-002
-6.521909e-002 2.285460e-002 3.400000e-002
2.708065e-002 5.339279e-002 3.400000e-002
2.615698e-002 5.149507e-002 3.400000e-002
-6.698991e-002 2.330367e-002 3.400000e-002
-6.509440e-002 2.334018e-002 3.400000e-002
-6.668387e-002 2.437746e-002 3.400000e-002
-6.485289e-002 2.377951e-002 3.400000e-002
-6.450970e-002 2.414496e-002 3.400000e-002
-6.408641e-002 2.441359e-002 3.400000e-002
-6.360961e-002 2.456851e-002 3.400000e-002
-5.850000e-002 4.800000e-002 3.400000e-002
3.833487e-002 -3.455069e-002 3.400000e-002
-5.590254e-002 -2.928382e-002 3.400000e-002
-3.543391e-002 -1.629227e-002 3.400000e-002
-6.310927e-002 2.459999e-002 3.400000e-002
-6.261682e-002 2.450605e-002 3.400000e-002
-6.216320e-002 2.429259e-002 3.400000e-002
4.235240e-002 -2.851912e-002 3.400000e-002
-3.150000e-002 4.800000e-002 3.400000e-002
2.571242e-002 5.349248e-002 3.400000e-002
2.553155e-002 5.145572e-002 3.400000e-002
2.069645e-002 4.945683e-002 3.400000e-002
2.367556e-002 4.807969e-002 3.400000e-002
2.351971e-002 4.868667e-002 3.400000e-002
2.351971e-002 4.931333e-002 3.400000e-002
2.436207e-002 5.325045e-002 3.400000e-002
2.493555e-002 5.126207e-002 3.400000e-002
2.122197e-002 5.072405e-002 3.400000e-002
3.682927e-002 -3.644167e-002 3.400000e-002
3.524486e-002 -3.826711e-002 3.400000e-002
2.367556e-002 4.992031e-002 3.400000e-002
2.311363e-002 5.268176e-002 3.400000e-002
2.440644e-002 5.092628e-002 3.400000e-002
2.397746e-002 5.046946e-002 3.400000e-002
4.351714e-002 -2.640110e-002 3.400000e-002
4.459104e-002 -2.423561e-002 3.400000e-002
2.204476e-002 5.182179e-002 3.400000e-002
-5.710010e-002 -2.718418e-002 3.400000e-002
3.358448e-002 -4.002374e-002 3.400000e-002
-5.820757e-002 -2.503567e-002 3.400000e-002
-3.625976e-002 -1.436070e-002 3.400000e-002
-5.922296e-002 -2.284213e-002 3.400000e-002
-3.698041e-002 -1.238746e-002 3.400000e-002
3.185112e-002 -4.170840e-002 3.400000e-002
-6.014443e-002 -2.060752e-002 3.400000e-002
-6.097033e-002 -1.833585e-002 3.400000e-002
-3.759377e-002 -1.037828e-002 3.400000e-002
1.700000e-002 -3.600000e-002 3.400000e-002
-6.169918e-002 -1.603121e-002 3.400000e-002
-3.809805e-002 -8.338991e-003 3.400000e-002
-5.270610e-004 -5.663127e-002 3.400000e-002
-2.933854e-003 -5.685478e-002 3.400000e-002
1.868091e-003 -5.630592e-002 3.400000e-002
4.247295e-003 -5.587932e-002 3.400000e-002
6.606275e-003 -5.535223e-002 3.400000e-002
8.940785e-003 -5.472560e-002 3.400000e-002
1.124663e-002 -5.400056e-002 3.400000e-002
1.351966e-002 -5.317841e-002 3.400000e-002
1.575580e-002 -5.226063e-002 3.400000e-002
1.795101e-002 -5.124887e-002 3.400000e-002
2.010135e-002 -5.014496e-002 3.400000e-002
2.220296e-002 -4.895087e-002 3.400000e-002
2.425205e-002 -4.766875e-002 3.400000e-002
2.624494e-002 -4.630091e-002 3.400000e-002
2.817805e-002 -4.484981e-002 3.400000e-002
3.004790e-002 -4.331805e-002 3.400000e-002
3.421817e-002 -1.871141e-002 3.400000e-002
4.557216e-002 -2.202654e-002 3.400000e-002
3.518983e-002 -1.681297e-002 3.400000e-002
-6.232966e-002 -1.369773e-002 3.400000e-002
4.645874e-002 -1.977785e-002 3.400000e-002
-5.347958e-003 -5.697605e-002 3.400000e-002
-6.286066e-002 -1.133963e-002 3.400000e-002
-3.849179e-002 -6.275506e-003 3.400000e-002
3.605626e-002 -1.486425e-002 3.400000e-002
4.724918e-002 -1.749360e-002 3.400000e-002
3.681488e-002 -1.287108e-002 3.400000e-002
4.794207e-002 -1.517789e-002 3.400000e-002
3.746340e-002 -1.083943e-002 3.400000e-002
-6.329119e-002 -8.961131e-003 3.400000e-002
-3.877386e-002 -4.193813e-003 3.400000e-002
4.853616e-002 -1.283489e-002 3.400000e-002
3.799991e-002 -8.775366e-003 3.400000e-002
4.903039e-002 -1.046881e-002 3.400000e-002
-3.347648e-002 2.000814e-002 3.400000e-002
3.842278e-002 -6.685059e-003 3.400000e-002
4.942385e-002 -8.083897e-003 3.400000e-002
3.873076e-002 -4.574762e-003 3.400000e-002
4.971584e-002 -5.684450e-003 3.400000e-002
4.990585e-002 -3.274781e-003 3.400000e-002
-6.362050e-002 -6.566520e-003 3.400000e-002
3.892292e-002 -2.450785e-003 3.400000e-002
4.999352e-002 -8.592230e-004 3.400000e-002
-6.384799e-002 -4.160101e-003 3.400000e-002
-3.894342e-002 -2.099953e-003 3.400000e-002
3.899869e-002 -3.194800e-004 3.400000e-002
4.997871e-002 1.557880e-003 3.400000e-002
-6.397325e-002 -1.746200e-003 3.400000e-002
-3.900000e-002 0.000000e+000 3.400000e-002
3.895785e-002 1.812780e-003 3.400000e-002
4.986143e-002 3.972181e-003 3.400000e-002
-6.399605e-002 6.708400e-004 3.400000e-002
-3.894342e-002 2.099953e-003 3.400000e-002
3.880051e-002 3.939620e-003 3.400000e-002
4.964189e-002 6.379339e-003 3.400000e-002
-3.025000e-002 2.451872e-002 3.400000e-002
-3.148252e-002 2.375700e-002 3.400000e-002
-6.391636e-002 3.086675e-003 3.400000e-002
3.852715e-002 6.054679e-003 3.400000e-002
4.932050e-002 8.775026e-003 3.400000e-002
-6.373432e-002 5.496959e-003 3.400000e-002
-3.877386e-002 4.193813e-003 3.400000e-002
3.813858e-002 8.151634e-003 3.400000e-002
4.889783e-002 1.115493e-002 3.400000e-002
3.763596e-002 1.022421e-002 3.400000e-002
4.837464e-002 1.351478e-002 3.400000e-002
-6.345026e-002 7.897357e-003 3.400000e-002
-3.849179e-002 6.275506e-003 3.400000e-002
-2.417758e-002 4.728863e-002 3.400000e-002
-2.069645e-002 4.945683e-002 3.400000e-002
-1.700000e-002 3.600000e-002 3.400000e-002
-2.466043e-002 4.688918e-002 3.400000e-002
3.702081e-002 1.226622e-002 3.400000e-002
4.775187e-002 1.585032e-002 3.400000e-002
-2.380923e-002 4.779562e-002 3.400000e-002
-2.522746e-002 4.662236e-002 3.400000e-002
3.629494e-002 1.427154e-002 3.400000e-002
4.703064e-002 1.815736e-002 3.400000e-002
-2.357854e-002 4.837828e-002 3.400000e-002
4.621225e-002 2.043175e-002 3.400000e-002
-2.584302e-002 4.650493e-002 3.400000e-002
3.546056e-002 1.623419e-002 3.400000e-002
4.529817e-002 2.266940e-002 3.400000e-002
-2.350000e-002 4.900000e-002 3.400000e-002
-2.646845e-002 4.654428e-002 3.400000e-002
-2.357854e-002 4.962172e-002 3.400000e-002
-2.125263e-002 5.077714e-002 3.400000e-002
3.452013e-002 1.814830e-002 3.400000e-002
4.429004e-002 2.486628e-002 3.400000e-002
-6.306468e-002 1.028355e-002 3.400000e-002
-2.706445e-002 4.673794e-002 3.400000e-002
-2.380923e-002 5.020439e-002 3.400000e-002
-2.213094e-002 5.190901e-002 3.400000e-002
4.318968e-002 2.701844e-002 3.400000e-002
-2.759356e-002 4.707371e-002 3.400000e-002
-2.417758e-002 5.071137e-002 3.400000e-002
-6.257828e-002 1.265126e-002 3.400000e-002
4.199906e-002 2.912202e-002 3.400000e-002
-3.809805e-002 8.338991e-003 3.400000e-002
-3.759377e-002 1.037828e-002 3.400000e-002
4.072033e-002 3.117323e-002 3.400000e-002
-2.327178e-002 5.277565e-002 3.400000e-002
-2.466043e-002 5.111082e-002 3.400000e-002
3.935578e-002 3.316838e-002 3.400000e-002
-3.000000e-002 -3.600000e-002 3.400000e-002
-3.750632e-002 -4.814940e-002 3.400000e-002
-3.952026e-002 -4.681274e-002 3.400000e-002
-3.543752e-002 -4.939947e-002 3.400000e-002
-3.331758e-002 -5.056071e-002 3.400000e-002
-3.115032e-002 -5.163102e-002 3.400000e-002
-2.893963e-002 -5.260849e-002 3.400000e-002
-2.668948e-002 -5.349135e-002 3.400000e-002
-2.440392e-002 -5.427802e-002 3.400000e-002
-2.208707e-002 -5.496708e-002 3.400000e-002
-1.974309e-002 -5.555730e-002 3.400000e-002
-1.737619e-002 -5.604761e-002 3.400000e-002
-1.499064e-002 -5.643713e-002 3.400000e-002
-1.259071e-002 -5.672516e-002 3.400000e-002
-1.018073e-002 -5.691119e-002 3.400000e-002
-7.765033e-003 -5.699487e-002 3.400000e-002
-2.459773e-002 5.331824e-002 3.400000e-002
-2.522746e-002 5.137764e-002 3.400000e-002
-2.584302e-002 5.149507e-002 3.400000e-002
-4.147572e-002 -4.539190e-002 3.400000e-002
3.790788e-002 3.510388e-002 3.400000e-002
-4.336918e-002 -4.388944e-002 3.400000e-002
-4.519724e-002 -4.230804e-002 3.400000e-002
3.637921e-002 3.697626e-002 3.400000e-002
3.477255e-002 3.878214e-002 3.400000e-002
-4.695661e-002 -4.065057e-002 3.400000e-002
-3.068705e-002 -2.429893e-002 3.400000e-002
-3.000000e-002 -2.462348e-002 3.400000e-002
-2.802254e-002 4.753054e-002 3.400000e-002
-2.832444e-002 4.807969e-002 3.400000e-002
-2.848029e-002 4.868667e-002 3.400000e-002
3.309076e-002 4.051828e-002 3.400000e-002
-3.132281e-002 -2.388280e-002 3.400000e-002
-2.601884e-002 5.349997e-002 3.400000e-002
-2.646845e-002 5.145572e-002 3.400000e-002
-3.189515e-002 -2.338301e-002 3.400000e-002
-4.864413e-002 -3.892000e-002 3.400000e-002
-3.131340e-002 4.942047e-002 3.400000e-002
-3.239315e-002 -2.280911e-002 3.400000e-002
-2.848029e-002 4.931333e-002 3.400000e-002
3.133687e-002 4.218156e-002 3.400000e-002
-2.743866e-002 5.330851e-002 3.400000e-002
-2.706445e-002 5.126207e-002 3.400000e-002
-5.025676e-002 -3.711943e-002 3.400000e-002
-3.076627e-002 5.074456e-002 3.400000e-002
-2.832444e-002 4.992031e-002 3.400000e-002
-2.876087e-002 5.275685e-002 3.400000e-002
-2.759356e-002 5.092628e-002 3.400000e-002
-2.802254e-002 5.046946e-002 3.400000e-002
-2.989574e-002 5.188242e-002 3.400000e-002
-3.347648e-002 -2.000814e-002 3.400000e-002
-6.177692e-002 2.123484e-002 3.400000e-002
3.605626e-002 -1.486425e-002 1.500000e-002
3.518983e-002 -1.681297e-002 1.500000e-002
3.421817e-002 -1.871141e-002 1.500000e-002
3.452013e-002 1.814830e-002 1.500000e-002
3.546056e-002 1.623419e-002 1.500000e-002
3.629494e-002 1.427154e-002 1.500000e-002
3.702081e-002 1.226622e-002 1.500000e-002
3.763596e-002 1.022421e-002 1.500000e-002
3.813858e-002 8.151634e-003 1.500000e-002
3.852715e-002 6.054679e-003 1.500000e-002
3.880051e-002 3.939620e-003 1.500000e-002
3.895785e-002 1.812780e-003 1.500000e-002
3.899869e-002 -3.194800e-004 1.500000e-002
3.892292e-002 -2.450785e-003 1.500000e-002
3.873076e-002 -4.574762e-003 1.500000e-002
3.842278e-002 -6.685059e-003 1.500000e-002
3.799991e-002 -8.775366e-003 1.500000e-002
3.746340e-002 -1.083943e-002 1.500000e-002
3.681488e-002 -1.287108e-002 1.500000e-002
-2.963692e-002 4.387413e-002 4.700000e-002
-3.056354e-002 4.493013e-002 4.700000e-002
-2.847300e-002 4.308733e-002 4.700000e-002
-2.714772e-002 4.262108e-002 4.700000e-002
-2.574755e-002 4.250580e-002 4.700000e-002
-2.436385e-002 4.274900e-002 4.700000e-002
-2.308692e-002 4.333482e-002 4.700000e-002
-2.200005e-002 4.422503e-002 4.700000e-002
-2.117417e-002 4.536155e-002 4.700000e-002
-2.066317e-002 4.667023e-002 4.700000e-002
-2.050039e-002 4.806567e-002 4.700000e-002
-2.069645e-002 4.945683e-002 4.700000e-002
-3.612857e-002 2.886680e-002 4.700000e-002
2.050000e-002 4.800546e-002 4.700000e-002
2.069645e-002 4.945683e-002 4.700000e-002
2.069356e-002 4.655371e-002 4.700000e-002
2.126341e-002 4.520452e-002 4.700000e-002
2.216913e-002 4.405355e-002 4.700000e-002
2.334650e-002 4.318243e-002 4.700000e-002
2.471204e-002 4.265293e-002 4.700000e-002
2.616890e-002 4.250259e-002 4.700000e-002
2.761379e-002 4.274208e-002 4.700000e-002
-3.812857e-002 2.886680e-002 4.700000e-002
3.745132e-002 3.238951e-002 4.700000e-002
3.600423e-002 3.428755e-002 4.700000e-002
3.447617e-002 3.612101e-002 4.700000e-002
-6.008290e-002 1.439465e-002 4.700000e-002
-5.940840e-002 1.668412e-002 4.700000e-002
3.286999e-002 3.788646e-002 4.700000e-002
3.118874e-002 3.958055e-002 4.700000e-002
-6.065743e-002 1.207809e-002 4.700000e-002
2.943557e-002 4.120011e-002 4.700000e-002
-6.113091e-002 9.738773e-003 4.700000e-002
-6.150247e-002 7.381120e-003 4.700000e-002
-6.177138e-002 5.009567e-003 4.700000e-002
-6.193715e-002 2.628580e-003 4.700000e-002
-6.199947e-002 2.426430e-004 4.700000e-002
-6.195820e-002 -2.143751e-003 4.700000e-002
-6.181345e-002 -4.526108e-003 4.700000e-002
-6.156547e-002 -6.899941e-003 4.700000e-002
-6.121474e-002 -9.260781e-003 4.700000e-002
-6.076191e-002 -1.160418e-002 4.700000e-002
-6.020784e-002 -1.392573e-002 4.700000e-002
-5.955357e-002 -1.622105e-002 4.700000e-002
-5.880033e-002 -1.848583e-002 4.700000e-002
-5.794954e-002 -2.071579e-002 4.700000e-002
-5.700281e-002 -2.290675e-002 4.700000e-002
-5.596191e-002 -2.505456e-002 4.700000e-002
-5.482881e-002 -2.715519e-002 4.700000e-002
-5.360565e-002 -2.920469e-002 4.700000e-002
-5.229471e-002 -3.119919e-002 4.700000e-002
-5.089848e-002 -3.313493e-002 4.700000e-002
-4.941957e-002 -3.500828e-002 4.700000e-002
-4.786079e-002 -3.681570e-002 4.700000e-002
-4.622506e-002 -3.855380e-002 4.700000e-002
-4.451546e-002 -4.021928e-002 4.700000e-002
-4.273521e-002 -4.180903e-002 4.700000e-002
-4.088767e-002 -4.332004e-002 4.700000e-002
-3.897631e-002 -4.474948e-002 4.700000e-002
-3.700473e-002 -4.609464e-002 4.700000e-002
-3.497665e-002 -4.735300e-002 4.700000e-002
-3.289589e-002 -4.852219e-002 4.700000e-002
-3.076636e-002 -4.960000e-002 4.700000e-002
-2.859207e-002 -5.058441e-002 4.700000e-002
-2.637712e-002 -5.147356e-002 4.700000e-002
-2.412568e-002 -5.226577e-002 4.700000e-002
-2.184200e-002 -5.295956e-002 4.700000e-002
-1.953036e-002 -5.355362e-002 4.700000e-002
-1.719512e-002 -5.404682e-002 4.700000e-002
-1.484069e-002 -5.443826e-002 4.700000e-002
-1.247149e-002 -5.472717e-002 4.700000e-002
-1.009198e-002 -5.491302e-002 4.700000e-002
-7.706658e-003 -5.499545e-002 4.700000e-002
-5.320001e-003 -5.497434e-002 4.700000e-002
-2.936507e-003 -5.484968e-002 4.700000e-002
-5.606660e-004 -5.462174e-002 4.700000e-002
1.803048e-003 -5.429094e-002 4.700000e-002
4.150186e-003 -5.385790e-002 4.700000e-002
6.476325e-003 -5.332343e-002 4.700000e-002
8.777087e-003 -5.268855e-002 4.700000e-002
1.104814e-002 -5.195445e-002 4.700000e-002
1.328520e-002 -5.112251e-002 4.700000e-002
1.548406e-002 -5.019429e-002 4.700000e-002
1.764058e-002 -4.917156e-002 4.700000e-002
1.975070e-002 -4.805622e-002 4.700000e-002
2.181045e-002 -4.685038e-002 4.700000e-002
2.381593e-002 -4.555632e-002 4.700000e-002
2.576339e-002 -4.417647e-002 4.700000e-002
2.764915e-002 -4.271343e-002 4.700000e-002
2.946965e-002 -4.116995e-002 4.700000e-002
3.122148e-002 -3.954893e-002 4.700000e-002
3.290134e-002 -3.785345e-002 4.700000e-002
3.450605e-002 -3.608667e-002 4.700000e-002
3.603259e-002 -3.425195e-002 4.700000e-002
3.747810e-002 -3.235272e-002 4.700000e-002
3.883985e-002 -3.039256e-002 4.700000e-002
4.011529e-002 -2.837517e-002 4.700000e-002
4.130198e-002 -2.630434e-002 4.700000e-002
4.239772e-002 -2.418398e-002 4.700000e-002
4.340044e-002 -2.201808e-002 4.700000e-002
4.430824e-002 -1.981071e-002 4.700000e-002
4.511942e-002 -1.756604e-002 4.700000e-002
4.583246e-002 -1.528828e-002 4.700000e-002
4.644600e-002 -1.298174e-002 4.700000e-002
4.695889e-002 -1.065075e-002 4.700000e-002
4.737017e-002 -8.299698e-003 4.700000e-002
4.767906e-002 -5.933020e-003 4.700000e-002
4.788498e-002 -3.555169e-003 4.700000e-002
4.798754e-002 -1.170623e-003 4.700000e-002
4.798655e-002 1.216128e-003 4.700000e-002
4.788202e-002 3.600588e-003 4.700000e-002
4.767413e-002 5.978267e-003 4.700000e-002
4.736328e-002 8.344689e-003 4.700000e-002
4.695005e-002 1.069540e-002 4.700000e-002
4.643523e-002 1.302596e-002 4.700000e-002
4.581979e-002 1.533200e-002 4.700000e-002
4.510487e-002 1.760916e-002 4.700000e-002
4.429183e-002 1.985316e-002 4.700000e-002
4.338220e-002 2.205978e-002 4.700000e-002
4.237769e-002 2.422485e-002 4.700000e-002
4.128020e-002 2.634430e-002 4.700000e-002
4.009179e-002 2.841415e-002 4.700000e-002
3.881469e-002 3.043048e-002 4.700000e-002
-3.150000e-002 4.800000e-002 4.700000e-002
-5.828833e-002 1.745346e-002 4.700000e-002
-5.741677e-002 1.849596e-002 4.700000e-002
-5.685809e-002 1.973463e-002 4.700000e-002
-5.665354e-002 2.107798e-002 4.700000e-002
-5.681824e-002 2.242680e-002 4.700000e-002
-5.734002e-002 2.368146e-002 4.700000e-002
-5.818035e-002 2.474930e-002 4.700000e-002
-5.927715e-002 2.555146e-002 4.700000e-002
-5.850000e-002 4.800000e-002 4.700000e-002
-5.150000e-002 4.800000e-002 4.700000e-002
1.050000e-002 0.000000e+000 1.900000e-002
1.044944e-002 -1.029180e-003 1.900000e-002
1.029825e-002 -2.048448e-003 1.900000e-002
1.004787e-002 -3.047989e-003 1.900000e-002
9.700735e-003 -4.018176e-003 1.900000e-002
9.260173e-003 -4.949666e-003 1.900000e-002
8.730430e-003 -5.833488e-003 1.900000e-002
8.116609e-003 -6.661129e-003 1.900000e-002
7.424621e-003 -7.424621e-003 1.900000e-002
6.661129e-003 -8.116609e-003 1.900000e-002
5.833488e-003 -8.730430e-003 1.900000e-002
4.949666e-003 -9.260173e-003 1.900000e-002
4.018176e-003 -9.700735e-003 1.900000e-002
3.047989e-003 -1.004787e-002 1.900000e-002
2.048448e-003 -1.029825e-002 1.900000e-002
1.029180e-003 -1.044944e-002 1.900000e-002
0.000000e+000 -1.050000e-002 1.900000e-002
-1.029180e-003 -1.044944e-002 1.900000e-002
-2.048448e-003 -1.029825e-002 1.900000e-002
-3.047989e-003 -1.004787e-002 1.900000e-002
-4.018176e-003 -9.700735e-003 1.900000e-002
-4.949666e-003 -9.260173e-003 1.900000e-002
-5.833488e-003 -8.730430e-003 1.900000e-002
-6.661129e-003 -8.116609e-003 1.900000e-002
-7.424621e-003 -7.424621e-003 1.900000e-002
-8.116609e-003 -6.661129e-003 1.900000e-002
-8.730430e-003 -5.833488e-003 1.900000e-002
-9.260173e-003 -4.949666e-003 1.900000e-002
-9.700735e-003 -4.018176e-003 1.900000e-002
-1.004787e-002 -3.047989e-003 1.900000e-002
-1.029825e-002 -2.048448e-003 1.900000e-002
-1.044944e-002 -1.029180e-003 1.900000e-002
-1.050000e-002 0.000000e+000 1.900000e-002
-1.044944e-002 1.029180e-003 1.900000e-002
-1.029825e-002 2.048448e-003 1.900000e-002
-1.004787e-002 3.047989e-003 1.900000e-002
-9.700735e-003 4.018176e-003 1.900000e-002
-9.260173e-003 4.949666e-003 1.900000e-002
-8.730430e-003 5.833488e-003 1.900000e-002
-8.116609e-003 6.661129e-003 1.900000e-002
-7.424621e-003 7.424621e-003 1.900000e-002
-6.661129e-003 8.116609e-003 1.900000e-002
-5.833488e-003 8.730430e-003 1.900000e-002
-4.949666e-003 9.260173e-003 1.900000e-002
-4.018176e-003 9.700735e-003 1.900000e-002
-3.047989e-003 1.004787e-002 1.900000e-002
-2.048448e-003 1.029825e-002 1.900000e-002
-1.029180e-003 1.044944e-002 1.900000e-002
0.000000e+000 1.050000e-002 1.900000e-002
1.029180e-003 1.044944e-002 1.900000e-002
2.048448e-003 1.029825e-002 1.900000e-002
3.047989e-003 1.004787e-002 1.900000e-002
4.018176e-003 9.700735e-003 1.900000e-002
4.949666e-003 9.260173e-003 1.900000e-002
5.833488e-003 8.730430e-003 1.900000e-002
6.661129e-003 8.116609e-003 1.900000e-002
7.424621e-003 7.424621e-003 1.900000e-002
8.116609e-003 6.661129e-003 1.900000e-002
8.730430e-003 5.833488e-003 1.900000e-002
9.260173e-003 4.949666e-003 1.900000e-002
9.700735e-003 4.018176e-003 1.900000e-002
1.004787e-002 3.047989e-003 1.900000e-002
1.029825e-002 2.048448e-003 1.900000e-002
1.044944e-002 1.029180e-003 1.900000e-002
-3.347648e-002 2.000814e-002 1.500000e-002
-3.342807e-002 1.861342e-002 1.500000e-002
-3.303020e-002 1.727579e-002 1.500000e-002
-3.230846e-002 1.608135e-002 1.500000e-002
-3.130934e-002 1.510702e-002 1.500000e-002
-3.009715e-002 1.441552e-002 1.500000e-002
-2.874994e-002 1.405137e-002 1.500000e-002
-3.012705e-002 1.078708e-002 1.500000e-002
-3.113486e-002 7.390567e-003 1.500000e-002
-3.176103e-002 3.903461e-003 1.500000e-002
0.000000e+000 3.600000e-002 2.550000e-002
1.601158e-003 3.600000e-002 2.544968e-002
3.195997e-003 3.600000e-002 2.529893e-002
4.778224e-003 3.600000e-002 2.504832e-002
-1.745595e-002 3.600000e-002 1.858870e-002
6.341592e-003 3.600000e-002 2.469887e-002
-1.858870e-002 3.600000e-002 1.745595e-002
7.879933e-003 3.600000e-002 2.425194e-002
-1.625431e-002 3.600000e-002 1.964809e-002
9.387177e-003 3.600000e-002 2.370930e-002
-1.964809e-002 3.600000e-002 1.625431e-002
1.085737e-002 3.600000e-002 2.307309e-002
-1.498852e-002 3.600000e-002 2.062993e-002
-2.062993e-002 3.600000e-002 1.498852e-002
1.228472e-002 3.600000e-002 2.234582e-002
-1.366358e-002 3.600000e-002 2.153036e-002
1.366358e-002 3.600000e-002 2.153036e-002
-2.153036e-002 3.600000e-002 1.366358e-002
1.498852e-002 3.600000e-002 2.062993e-002
-1.228472e-002 3.600000e-002 2.234582e-002
1.625431e-002 3.600000e-002 1.964809e-002
-2.234582e-002 3.600000e-002 1.228472e-002
-1.085737e-002 3.600000e-002 2.307309e-002
1.745595e-002 3.600000e-002 1.858870e-002
-2.307309e-002 3.600000e-002 1.085737e-002
1.858870e-002 3.600000e-002 1.745595e-002
1.964809e-002 3.600000e-002 1.625431e-002
-9.387177e-003 3.600000e-002 2.370930e-002
2.062993e-002 3.600000e-002 1.498852e-002
-2.370930e-002 3.600000e-002 9.387177e-003
2.153036e-002 3.600000e-002 1.366358e-002
-7.879933e-003 3.600000e-002 2.425194e-002
2.234582e-002 3.600000e-002 1.228472e-002
2.307309e-002 3.600000e-002 1.085737e-002
-6.341592e-003 3.600000e-002 2.469887e-002
2.370930e-002 3.600000e-002 9.387177e-003
-2.425194e-002 3.600000e-002 7.879933e-003
-2.469887e-002 3.600000e-002 6.341592e-003
-4.778224e-003 3.600000e-002 2.504832e-002
-2.504832e-002 3.600000e-002 4.778224e-003
-3.195997e-003 3.600000e-002 2.529893e-002
-2.529893e-002 3.600000e-002 3.195997e-003
-1.601158e-003 3.600000e-002 2.544968e-002
2.425194e-002 3.600000e-002 7.879933e-003
2.469887e-002 3.600000e-002 6.341592e-003
2.504832e-002 3.600000e-002 4.778224e-003
-2.544968e-002 3.600000e-002 1.601158e-003
2.529893e-002 3.600000e-002 3.195997e-003
2.544968e-002 3.600000e-002 1.601158e-003
-3.284607e-002 4.349535e-003 1.500000e-002
-3.400955e-002 4.499990e-003 1.500000e-002
-3.517237e-002 4.344601e-003 1.500000e-002
-3.625551e-002 3.893929e-003 1.500000e-002
-3.718535e-002 3.178604e-003 1.500000e-002
-3.789870e-002 2.247244e-003 1.500000e-002
-3.834708e-002 1.163149e-003 1.500000e-002
-3.850000e-002 0.000000e+000 1.500000e-002
-3.834708e-002 -1.163149e-003 1.500000e-002
-3.789870e-002 -2.247244e-003 1.500000e-002
-3.718535e-002 -3.178604e-003 1.500000e-002
-3.625551e-002 -3.893929e-003 1.500000e-002
-3.517237e-002 -4.344601e-003 1.500000e-002
-3.400955e-002 -4.499990e-003 1.500000e-002
-3.284607e-002 -4.349535e-003 1.500000e-002
-3.176103e-002 -3.903461e-003 1.500000e-002
-2.539227e-002 2.500000e-002 2.341483e-003
-2.507000e-002 2.500000e-002 4.663182e-003
-2.453590e-002 2.500000e-002 6.945480e-003
-2.401525e-002 2.500000e-002 8.574245e-003
-2.338662e-002 2.500000e-002 1.016446e-002
-2.265282e-002 2.500000e-002 1.170896e-002
-2.181716e-002 2.500000e-002 1.320081e-002
-2.088340e-002 2.500000e-002 1.463331e-002
-1.900658e-002 3.230000e-002 1.700000e-002
-1.985573e-002 2.500000e-002 1.600000e-002
-1.957841e-002 2.500000e-002 1.633817e-002
-1.929533e-002 2.500000e-002 1.667154e-002
-1.900658e-002 2.500000e-002 1.700000e-002
-1.786772e-002 3.230000e-002 1.819325e-002
-1.665410e-002 3.230000e-002 1.931038e-002
-1.537079e-002 3.230000e-002 2.034671e-002
-1.402317e-002 3.230000e-002 2.129790e-002
-1.261687e-002 3.230000e-002 2.215998e-002
-1.115778e-002 3.230000e-002 2.292933e-002
-9.651994e-003 3.230000e-002 2.360273e-002
-8.105827e-003 3.230000e-002 2.417738e-002
-6.525740e-003 3.230000e-002 2.465086e-002
-4.918349e-003 3.230000e-002 2.502119e-002
-3.290377e-003 3.230000e-002 2.528682e-002
-1.648638e-003 3.230000e-002 2.544665e-002
0.000000e+000 3.230000e-002 2.550000e-002
1.648638e-003 3.230000e-002 2.544665e-002
3.290377e-003 3.230000e-002 2.528682e-002
4.918349e-003 3.230000e-002 2.502119e-002
6.525740e-003 3.230000e-002 2.465086e-002
8.105827e-003 3.230000e-002 2.417738e-002
9.651994e-003 3.230000e-002 2.360273e-002
1.115778e-002 3.230000e-002 2.292933e-002
1.261687e-002 3.230000e-002 2.215998e-002
1.402317e-002 3.230000e-002 2.129790e-002
1.537079e-002 3.230000e-002 2.034671e-002
1.665410e-002 3.230000e-002 1.931038e-002
1.786772e-002 3.230000e-002 1.819325e-002
1.929533e-002 2.500000e-002 1.667154e-002
1.900658e-002 2.500000e-002 1.700000e-002
1.900658e-002 3.230000e-002 1.700000e-002
1.957841e-002 2.500000e-002 1.633817e-002
1.985573e-002 2.500000e-002 1.600000e-002
2.088340e-002 2.500000e-002 1.463331e-002
2.181716e-002 2.500000e-002 1.320081e-002
2.265282e-002 2.500000e-002 1.170896e-002
2.338662e-002 2.500000e-002 1.016446e-002
2.401525e-002 2.500000e-002 8.574245e-003
2.453590e-002 2.500000e-002 6.945480e-003
2.507000e-002 2.500000e-002 4.663182e-003
2.539227e-002 2.500000e-002 2.341483e-003
-3.113486e-002 -7.390567e-003 1.500000e-002
-2.874994e-002 -1.405137e-002 1.500000e-002
-3.012705e-002 -1.078708e-002 1.500000e-002
-3.009715e-002 -1.441552e-002 1.500000e-002
-3.130934e-002 -1.510702e-002 1.500000e-002
-3.230846e-002 -1.608135e-002 1.500000e-002
-3.303020e-002 -1.727579e-002 1.500000e-002
-3.342807e-002 -1.861342e-002 1.500000e-002
-3.347648e-002 -2.000814e-002 1.500000e-002
-2.453590e-002 2.500000e-002 1.600000e-002
-2.380869e-002 2.446819e-002 1.600000e-002
-2.316199e-002 2.384093e-002 1.600000e-002
-2.260824e-002 2.313028e-002 1.600000e-002
-2.215807e-002 2.234989e-002 1.600000e-002
-2.182013e-002 2.151475e-002 1.600000e-002
-2.160091e-002 2.064091e-002 1.600000e-002
-2.150463e-002 1.974515e-002 1.600000e-002
-2.153312e-002 1.884468e-002 1.600000e-002
-2.168585e-002 1.795680e-002 1.600000e-002
-2.195988e-002 1.709856e-002 1.600000e-002
-2.234994e-002 1.628646e-002 1.600000e-002
-2.284855e-002 1.553609e-002 1.600000e-002
-2.344613e-002 1.486187e-002 1.600000e-002
-2.413118e-002 1.427676e-002 1.600000e-002
-2.489056e-002 1.379199e-002 1.600000e-002
-2.570968e-002 1.341687e-002 1.600000e-002
-2.530000e-002 -1.417427e-002 1.600000e-002
-2.612936e-002 -1.258000e-002 1.600000e-002
-2.685839e-002 -1.093742e-002 1.600000e-002
-2.748427e-002 -9.252831e-003 1.600000e-002
-2.800461e-002 -7.532714e-003 1.600000e-002
-2.841741e-002 -5.783671e-003 1.600000e-002
-2.872108e-002 -4.012418e-003 1.600000e-002
-2.891446e-002 -2.225757e-003 1.600000e-002
-2.899680e-002 -4.305480e-004 1.600000e-002
-2.896780e-002 1.366314e-003 1.600000e-002
-2.882755e-002 3.157929e-003 1.600000e-002
-2.857660e-002 4.937417e-003 1.600000e-002
-2.821591e-002 6.697945e-003 1.600000e-002
-2.774687e-002 8.432752e-003 1.600000e-002
-2.717128e-002 1.013518e-002 1.600000e-002
-2.649134e-002 1.179868e-002 1.600000e-002
-2.530000e-002 -3.600000e-002 1.600000e-002
1.300000e-002 -3.600000e-002 1.600000e-002
2.150011e-002 1.946137e-002 1.600000e-002
2.154744e-002 2.028388e-002 1.600000e-002
2.169843e-002 2.109379e-002 1.600000e-002
2.195065e-002 2.187810e-002 1.600000e-002
2.230006e-002 2.262420e-002 1.600000e-002
2.274103e-002 2.332012e-002 1.600000e-002
2.326650e-002 2.395466e-002 1.600000e-002
2.386801e-002 2.451763e-002 1.600000e-002
2.453590e-002 2.500000e-002 1.600000e-002
2.747385e-002 -9.283729e-003 1.600000e-002
2.684098e-002 -1.098007e-002 1.600000e-002
2.610348e-002 -1.263362e-002 1.600000e-002
2.526424e-002 -1.423792e-002 1.600000e-002
2.267265e-002 1.808178e-002 1.600000e-002
2.375681e-002 1.663171e-002 1.600000e-002
2.474837e-002 1.511681e-002 1.600000e-002
2.564346e-002 1.354299e-002 1.600000e-002
2.643861e-002 1.191638e-002 1.600000e-002
2.713069e-002 1.024332e-002 1.600000e-002
2.771702e-002 8.530336e-003 1.600000e-002
2.819532e-002 6.784099e-003 1.600000e-002
2.856371e-002 5.011419e-003 1.600000e-002
2.882077e-002 3.219205e-003 1.600000e-002
2.896548e-002 1.414443e-003 1.600000e-002
2.899730e-002 -3.958320e-004 1.600000e-002
2.891609e-002 -2.204565e-003 1.600000e-002
2.872216e-002 -4.004704e-003 1.600000e-002
2.841628e-002 -5.789234e-003 1.600000e-002
2.799963e-002 -7.551198e-003 1.600000e-002
-6.668387e-002 2.437746e-002 4.700000e-002
-6.698991e-002 2.330367e-002 4.700000e-002
-6.717433e-002 2.220244e-002 4.700000e-002
-6.723483e-002 2.108753e-002 4.700000e-002
-6.717068e-002 1.997281e-002 4.700000e-002
-6.698264e-002 1.887220e-002 4.700000e-002
-6.667308e-002 1.779941e-002 4.700000e-002
-6.624585e-002 1.676782e-002 4.700000e-002
-6.570628e-002 1.579029e-002 4.700000e-002
-6.506111e-002 1.487900e-002 4.700000e-002
-6.431835e-002 1.404532e-002 4.700000e-002
-6.348729e-002 1.329964e-002 4.700000e-002
-6.257828e-002 1.265126e-002 4.700000e-002
-2.125263e-002 5.077714e-002 4.700000e-002
-2.069645e-002 4.945683e-002 4.700000e-002
-2.213094e-002 5.190901e-002 4.700000e-002
-2.327178e-002 5.277565e-002 4.700000e-002
-2.459773e-002 5.331824e-002 4.700000e-002
-2.601884e-002 5.349997e-002 4.700000e-002
-2.743866e-002 5.330851e-002 4.700000e-002
-2.876087e-002 5.275685e-002 4.700000e-002
-2.989574e-002 5.188242e-002 4.700000e-002
-3.076627e-002 5.074456e-002 4.700000e-002
-3.131340e-002 4.942047e-002 4.700000e-002
3.477255e-002 3.878214e-002 4.700000e-002
3.309076e-002 4.051828e-002 4.700000e-002
2.951405e-002 4.376899e-002 4.700000e-002
3.133687e-002 4.218156e-002 4.700000e-002
-6.306468e-002 1.028355e-002 4.700000e-002
-6.345026e-002 7.897357e-003 4.700000e-002
-6.373432e-002 5.496959e-003 4.700000e-002
-6.391636e-002 3.086675e-003 4.700000e-002
-6.399605e-002 6.708400e-004 4.700000e-002
-6.397325e-002 -1.746200e-003 4.700000e-002
-6.384799e-002 -4.160101e-003 4.700000e-002
-6.362050e-002 -6.566520e-003 4.700000e-002
-6.329119e-002 -8.961131e-003 4.700000e-002
-6.286066e-002 -1.133963e-002 4.700000e-002
-6.232966e-002 -1.369773e-002 4.700000e-002
-6.169918e-002 -1.603121e-002 4.700000e-002
-6.097033e-002 -1.833585e-002 4.700000e-002
-6.014443e-002 -2.060752e-002 4.700000e-002
-5.922296e-002 -2.284213e-002 4.700000e-002
-5.820757e-002 -2.503567e-002 4.700000e-002
-5.710010e-002 -2.718418e-002 4.700000e-002
-5.590254e-002 -2.928382e-002 4.700000e-002
-5.461704e-002 -3.133078e-002 4.700000e-002
-5.324590e-002 -3.332141e-002 4.700000e-002
-5.179161e-002 -3.525212e-002 4.700000e-002
-5.025676e-002 -3.711943e-002 4.700000e-002
-4.864413e-002 -3.892000e-002 4.700000e-002
-4.695661e-002 -4.065057e-002 4.700000e-002
-4.519724e-002 -4.230804e-002 4.700000e-002
-4.336918e-002 -4.388944e-002 4.700000e-002
-4.147572e-002 -4.539190e-002 4.700000e-002
-3.952026e-002 -4.681274e-002 4.700000e-002
-3.750632e-002 -4.814940e-002 4.700000e-002
-3.543752e-002 -4.939947e-002 4.700000e-002
-3.331758e-002 -5.056071e-002 4.700000e-002
-3.115032e-002 -5.163102e-002 4.700000e-002
-2.893963e-002 -5.260849e-002 4.700000e-002
-2.668948e-002 -5.349135e-002 4.700000e-002
-2.440392e-002 -5.427802e-002 4.700000e-002
-2.208707e-002 -5.496708e-002 4.700000e-002
-1.974309e-002 -5.555730e-002 4.700000e-002
-1.737619e-002 -5.604761e-002 4.700000e-002
-1.499064e-002 -5.643713e-002 4.700000e-002
-1.259071e-002 -5.672516e-002 4.700000e-002
-1.018073e-002 -5.691119e-002 4.700000e-002
-7.765033e-003 -5.699487e-002 4.700000e-002
-5.347958e-003 -5.697605e-002 4.700000e-002
-2.933854e-003 -5.685478e-002 4.700000e-002
-5.270610e-004 -5.663127e-002 4.700000e-002
1.868091e-003 -5.630592e-002 4.700000e-002
4.247295e-003 -5.587932e-002 4.700000e-002
6.606275e-003 -5.535223e-002 4.700000e-002
8.940785e-003 -5.472560e-002 4.700000e-002
1.124663e-002 -5.400056e-002 4.700000e-002
1.351966e-002 -5.317841e-002 4.700000e-002
1.575580e-002 -5.226063e-002 4.700000e-002
1.795101e-002 -5.124887e-002 4.700000e-002
2.010135e-002 -5.014496e-002 4.700000e-002
2.220296e-002 -4.895087e-002 4.700000e-002
2.425205e-002 -4.766875e-002 4.700000e-002
2.624494e-002 -4.630091e-002 4.700000e-002
2.817805e-002 -4.484981e-002 4.700000e-002
3.004790e-002 -4.331805e-002 4.700000e-002
3.185112e-002 -4.170840e-002 4.700000e-002
3.358448e-002 -4.002374e-002 4.700000e-002
3.524486e-002 -3.826711e-002 4.700000e-002
3.682927e-002 -3.644167e-002 4.700000e-002
3.833487e-002 -3.455069e-002 4.700000e-002
3.975894e-002 -3.259758e-002 4.700000e-002
4.109892e-002 -3.058585e-002 4.700000e-002
4.235240e-002 -2.851912e-002 4.700000e-002
4.351714e-002 -2.640110e-002 4.700000e-002
4.459104e-002 -2.423561e-002 4.700000e-002
4.557216e-002 -2.202654e-002 4.700000e-002
4.645874e-002 -1.977785e-002 4.700000e-002
4.724918e-002 -1.749360e-002 4.700000e-002
4.794207e-002 -1.517789e-002 4.700000e-002
4.853616e-002 -1.283489e-002 4.700000e-002
4.903039e-002 -1.046881e-002 4.700000e-002
4.942385e-002 -8.083897e-003 4.700000e-002
4.971584e-002 -5.684450e-003 4.700000e-002
4.990585e-002 -3.274781e-003 4.700000e-002
4.999352e-002 -8.592230e-004 4.700000e-002
4.997871e-002 1.557880e-003 4.700000e-002
4.986143e-002 3.972181e-003 4.700000e-002
4.964189e-002 6.379339e-003 4.700000e-002
4.932050e-002 8.775026e-003 4.700000e-002
4.889783e-002 1.115493e-002 4.700000e-002
4.837464e-002 1.351478e-002 4.700000e-002
4.775187e-002 1.585032e-002 4.700000e-002
4.703064e-002 1.815736e-002 4.700000e-002
4.621225e-002 2.043175e-002 4.700000e-002
4.529817e-002 2.266940e-002 4.700000e-002
4.429004e-002 2.486628e-002 4.700000e-002
4.318968e-002 2.701844e-002 4.700000e-002
4.199906e-002 2.912202e-002 4.700000e-002
4.072033e-002 3.117323e-002 4.700000e-002
3.935578e-002 3.316838e-002 4.700000e-002
3.790788e-002 3.510388e-002 4.700000e-002
3.637921e-002 3.697626e-002 4.700000e-002
3.045184e-002 4.477027e-002 4.700000e-002
3.111265e-002 4.597249e-002 4.700000e-002
3.145538e-002 4.730085e-002 4.700000e-002
3.145871e-002 4.867271e-002 4.700000e-002
3.112241e-002 5.000272e-002 4.700000e-002
3.046743e-002 5.120813e-002 4.700000e-002
2.953450e-002 5.221394e-002 4.700000e-002
2.838167e-002 5.295758e-002 4.700000e-002
2.708067e-002 5.339279e-002 4.700000e-002
2.571243e-002 5.349248e-002 4.700000e-002
2.436209e-002 5.325045e-002 4.700000e-002
2.311364e-002 5.268177e-002 4.700000e-002
2.204477e-002 5.182181e-002 4.700000e-002
2.122198e-002 5.072407e-002 4.700000e-002
2.069646e-002 4.945685e-002 4.700000e-002
-3.625976e-002 1.436070e-002 1.500000e-002
-3.543391e-002 1.629227e-002 1.500000e-002
-3.450525e-002 1.817657e-002 1.500000e-002
-3.450525e-002 -1.817657e-002 1.500000e-002
-3.543391e-002 -1.629227e-002 1.500000e-002
-3.625976e-002 -1.436070e-002 1.500000e-002
-3.698041e-002 -1.238746e-002 1.500000e-002
-3.759377e-002 -1.037828e-002 1.500000e-002
-3.809805e-002 -8.338991e-003 1.500000e-002
-3.849179e-002 -6.275506e-003 1.500000e-002
-3.877386e-002 -4.193813e-003 1.500000e-002
-3.894342e-002 -2.099953e-003 1.500000e-002
-3.900000e-002 0.000000e+000 1.500000e-002
-3.894342e-002 2.099953e-003 1.500000e-002
-3.877386e-002 4.193813e-003 1.500000e-002
-3.849179e-002 6.275506e-003 1.500000e-002
-3.809805e-002 8.338991e-003 1.500000e-002
-3.759377e-002 1.037828e-002 1.500000e-002
-3.698041e-002 1.238746e-002 1.500000e-002
2.615698e-002 5.149507e-002 4.700000e-002
2.677254e-002 5.137764e-002 4.700000e-002
2.733957e-002 5.111082e-002 4.700000e-002
2.782242e-002 5.071137e-002 4.700000e-002
2.842146e-002 4.837828e-002 4.700000e-002
2.850000e-002 4.900000e-002 4.700000e-002
2.819077e-002 4.779562e-002 4.700000e-002
2.819077e-002 5.020439e-002 4.700000e-002
2.782242e-002 4.728863e-002 4.700000e-002
2.842146e-002 4.962172e-002 4.700000e-002
2.733957e-002 4.688918e-002 4.700000e-002
2.677254e-002 4.662236e-002 4.700000e-002
2.615698e-002 4.650493e-002 4.700000e-002
2.553155e-002 4.654428e-002 4.700000e-002
2.493555e-002 4.673794e-002 4.700000e-002
2.440644e-002 4.707371e-002 4.700000e-002
2.397746e-002 4.753054e-002 4.700000e-002
2.367556e-002 4.807969e-002 4.700000e-002
2.351971e-002 4.868667e-002 4.700000e-002
2.351971e-002 4.931333e-002 4.700000e-002
2.367556e-002 4.992031e-002 4.700000e-002
2.397746e-002 5.046946e-002 4.700000e-002
2.440644e-002 5.092628e-002 4.700000e-002
2.493555e-002 5.126207e-002 4.700000e-002
2.553155e-002 5.145572e-002 4.700000e-002
-6.310927e-002 2.459999e-002 4.700000e-002
-6.261682e-002 2.450605e-002 4.700000e-002
-6.216320e-002 2.429259e-002 4.700000e-002
-6.177692e-002 2.397303e-002 4.700000e-002
-6.129769e-002 2.210656e-002 4.700000e-002
-6.123485e-002 2.260393e-002 4.700000e-002
-6.148224e-002 2.164043e-002 4.700000e-002
-6.148224e-002 2.356744e-002 4.700000e-002
-6.177692e-002 2.123484e-002 4.700000e-002
-6.129769e-002 2.310131e-002 4.700000e-002
-6.216320e-002 2.091528e-002 4.700000e-002
-6.261682e-002 2.070182e-002 4.700000e-002
-6.310927e-002 2.060788e-002 4.700000e-002
-6.360961e-002 2.063936e-002 4.700000e-002
-6.408641e-002 2.079428e-002 4.700000e-002
-6.450970e-002 2.106291e-002 4.700000e-002
-6.485289e-002 2.142837e-002 4.700000e-002
-6.509440e-002 2.186769e-002 4.700000e-002
-6.521909e-002 2.235327e-002 4.700000e-002
-6.521909e-002 2.285460e-002 4.700000e-002
-6.509440e-002 2.334018e-002 4.700000e-002
-6.485289e-002 2.377951e-002 4.700000e-002
-6.450970e-002 2.414496e-002 4.700000e-002
-6.408641e-002 2.441359e-002 4.700000e-002
-6.360961e-002 2.456851e-002 4.700000e-002
-2.584302e-002 5.149507e-002 4.700000e-002
-2.522746e-002 5.137764e-002 4.700000e-002
-2.466043e-002 5.111082e-002 4.700000e-002
-2.417758e-002 5.071137e-002 4.700000e-002
-2.357854e-002 4.837828e-002 4.700000e-002
-2.350000e-002 4.900000e-002 4.700000e-002
-2.380923e-002 4.779562e-002 4.700000e-002
-2.380923e-002 5.020439e-002 4.700000e-002
-2.417758e-002 4.728863e-002 4.700000e-002
-2.357854e-002 4.962172e-002 4.700000e-002
-2.466043e-002 4.688918e-002 4.700000e-002
-2.522746e-002 4.662236e-002 4.700000e-002
-2.584302e-002 4.650493e-002 4.700000e-002
-2.646845e-002 4.654428e-002 4.700000e-002
-2.706445e-002 4.673794e-002 4.700000e-002
-2.759356e-002 4.707371e-002 4.700000e-002
-2.802254e-002 4.753054e-002 4.700000e-002
-2.832444e-002 4.807969e-002 4.700000e-002
-2.848029e-002 4.868667e-002 4.700000e-002
-2.848029e-002 4.931333e-002 4.700000e-002
-2.832444e-002 4.992031e-002 4.700000e-002
-2.802254e-002 5.046946e-002 4.700000e-002
-2.759356e-002 5.092628e-002 4.700000e-002
-2.706445e-002 5.126207e-002 4.700000e-002
-2.646845e-002 5.145572e-002 4.700000e-002
2.069645e-002 4.945685e-002 4.700000e-002
2.069646e-002 4.945685e-002 3.500000e-002
2.069645e-002 4.945685e-002 3.500000e-002
2.069645e-002 4.945684e-002 4.700000e-002
2.069645e-002 4.945684e-002 3.500000e-002
-1.015922e-002 -1.103586e-002 1.900000e-002
-1.103586e-002 -1.015922e-002 1.900000e-002
-1.183711e-002 -9.213191e-003 1.900000e-002
-9.213191e-003 -1.183711e-002 1.900000e-002
-1.255750e-002 -8.204223e-003 1.900000e-002
-8.204223e-003 -1.255750e-002 1.900000e-002
-6.025431e-003 -1.373660e-002 1.900000e-002
-7.139211e-003 -1.319211e-002 1.900000e-002
-1.319211e-002 -7.139211e-003 1.900000e-002
-1.373660e-002 -6.025431e-003 1.900000e-002
-4.870492e-003 -1.418726e-002 1.900000e-002
-1.418726e-002 -4.870492e-003 1.900000e-002
-3.682282e-003 -1.454100e-002 1.900000e-002
-1.454100e-002 -3.682282e-003 1.900000e-002
-2.468919e-003 -1.479542e-002 1.900000e-002
-1.479542e-002 -2.468919e-003 1.900000e-002
-1.238690e-003 -1.494877e-002 1.900000e-002
-1.494877e-002 -1.238690e-003 1.900000e-002
1.238690e-003 -1.494877e-002 1.900000e-002
0.000000e+000 -1.500000e-002 1.900000e-002
-1.500000e-002 0.000000e+000 1.900000e-002
-1.494877e-002 1.238690e-003 1.900000e-002
2.468919e-003 -1.479542e-002 1.900000e-002
-1.479542e-002 2.468919e-003 1.900000e-002
3.682282e-003 -1.454100e-002 1.900000e-002
-1.454100e-002 3.682282e-003 1.900000e-002
4.870492e-003 -1.418726e-002 1.900000e-002
-1.418726e-002 4.870492e-003 1.900000e-002
6.025431e-003 -1.373660e-002 1.900000e-002
-1.373660e-002 6.025431e-003 1.900000e-002
8.204223e-003 -1.255750e-002 1.900000e-002
7.139211e-003 -1.319211e-002 1.900000e-002
-1.319211e-002 7.139211e-003 1.900000e-002
-1.255750e-002 8.204223e-003 1.900000e-002
-1.183711e-002 9.213191e-003 1.900000e-002
9.213191e-003 -1.183711e-002 1.900000e-002
1.015922e-002 -1.103586e-002 1.900000e-002
-1.103586e-002 1.015922e-002 1.900000e-002
-1.015922e-002 1.103586e-002 1.900000e-002
1.103586e-002 -1.015922e-002 1.900000e-002
-9.213191e-003 1.183711e-002 1.900000e-002
1.183711e-002 -9.213191e-003 1.900000e-002
1.255750e-002 -8.204223e-003 1.900000e-002
-8.204223e-003 1.255750e-002 1.900000e-002
1.319211e-002 -7.139211e-003 1.900000e-002
-7.139211e-003 1.319211e-002 1.900000e-002
-6.025431e-003 1.373660e-002 1.900000e-002
1.373660e-002 -6.025431e-003 1.900000e-002
-4.870492e-003 1.418726e-002 1.900000e-002
1.418726e-002 -4.870492e-003 1.900000e-002
-3.682282e-003 1.454100e-002 1.900000e-002
1.454100e-002 -3.682282e-003 1.900000e-002
-2.468919e-003 1.479542e-002 1.900000e-002
1.479542e-002 -2.468919e-003 1.900000e-002
-1.238690e-003 1.494877e-002 1.900000e-002
1.494877e-002 -1.238690e-003 1.900000e-002
0.000000e+000 1.500000e-002 1.900000e-002
1.500000e-002 0.000000e+000 1.900000e-002
1.238690e-003 1.494877e-002 1.900000e-002
1.494877e-002 1.238690e-003 1.900000e-002
2.468919e-003 1.479542e-002 1.900000e-002
1.479542e-002 2.468919e-003 1.900000e-002
3.682282e-003 1.454100e-002 1.900000e-002
1.454100e-002 3.682282e-003 1.900000e-002
4.870492e-003 1.418726e-002 1.900000e-002
1.418726e-002 4.870492e-003 1.900000e-002
6.025431e-003 1.373660e-002 1.900000e-002
1.373660e-002 6.025431e-003 1.900000e-002
7.139211e-003 1.319211e-002 1.900000e-002
1.319211e-002 7.139211e-003 1.900000e-002
8.204223e-003 1.255750e-002 1.900000e-002
1.255750e-002 8.204223e-003 1.900000e-002
9.213191e-003 1.183711e-002 1.900000e-002
1.183711e-002 9.213191e-003 1.900000e-002
1.015922e-002 1.103586e-002 1.900000e-002
1.103586e-002 1.015922e-002 1.900000e-002
-9.651994e-003 2.500000e-002 2.360273e-002
-1.115778e-002 2.500000e-002 2.292933e-002
-1.261687e-002 2.500000e-002 2.215998e-002
1.786772e-002 2.500000e-002 1.819325e-002
-1.402317e-002 2.500000e-002 2.129790e-002
1.665410e-002 2.500000e-002 1.931038e-002
-1.537079e-002 2.500000e-002 2.034671e-002
1.537079e-002 2.500000e-002 2.034671e-002
-1.665410e-002 2.500000e-002 1.931038e-002
1.402317e-002 2.500000e-002 2.129790e-002
-1.786772e-002 2.500000e-002 1.819325e-002
1.261687e-002 2.500000e-002 2.215998e-002
1.115778e-002 2.500000e-002 2.292933e-002
9.651994e-003 2.500000e-002 2.360273e-002
8.105827e-003 2.500000e-002 2.417738e-002
6.525740e-003 2.500000e-002 2.465086e-002
4.918349e-003 2.500000e-002 2.502119e-002
3.290377e-003 2.500000e-002 2.528682e-002
1.648638e-003 2.500000e-002 2.544665e-002
0.000000e+000 2.500000e-002 2.550000e-002
-1.648638e-003 2.500000e-002 2.544665e-002
-3.290377e-003 2.500000e-002 2.528682e-002
-4.918349e-003 2.500000e-002 2.502119e-002
-6.525740e-003 2.500000e-002 2.465086e-002
-8.105827e-003 2.500000e-002 2.417738e-002
1.373660e-002 6.025431e-003 1.600000e-002
1.319211e-002 7.139211e-003 1.600000e-002
1.255750e-002 8.204223e-003 1.600000e-002
1.183711e-002 9.213191e-003 1.600000e-002
1.103586e-002 1.015922e-002 1.600000e-002
9.213191e-003 1.183711e-002 1.600000e-002
8.204223e-003 1.255750e-002 1.600000e-002
1.015922e-002 1.103586e-002 1.600000e-002
1.238690e-003 1.494877e-002 1.600000e-002
0.000000e+000 1.500000e-002 1.600000e-002
2.468919e-003 1.479542e-002 1.600000e-002
3.682282e-003 1.454100e-002 1.600000e-002
4.870492e-003 1.418726e-002 1.600000e-002
-1.015922e-002 -1.103586e-002 1.600000e-002
-1.103586e-002 -1.015922e-002 1.600000e-002
6.025431e-003 1.373660e-002 1.600000e-002
7.139211e-003 1.319211e-002 1.600000e-002
-9.213191e-003 -1.183711e-002 1.600000e-002
-1.183711e-002 -9.213191e-003 1.600000e-002
-1.255750e-002 -8.204223e-003 1.600000e-002
-8.204223e-003 -1.255750e-002 1.600000e-002
-7.139211e-003 -1.319211e-002 1.600000e-002
-1.319211e-002 -7.139211e-003 1.600000e-002
-1.373660e-002 -6.025431e-003 1.600000e-002
-6.025431e-003 -1.373660e-002 1.600000e-002
-1.418726e-002 -4.870492e-003 1.600000e-002
-4.870492e-003 -1.418726e-002 1.600000e-002
-1.454100e-002 -3.682282e-003 1.600000e-002
-3.682282e-003 -1.454100e-002 1.600000e-002
-2.468919e-003 -1.479542e-002 1.600000e-002
-1.479542e-002 -2.468919e-003 1.600000e-002
-1.494877e-002 -1.238690e-003 1.600000e-002
-1.238690e-003 -1.494877e-002 1.600000e-002
0.000000e+000 -1.500000e-002 1.600000e-002
-1.500000e-002 0.000000e+000 1.600000e-002
1.238690e-003 -1.494877e-002 1.600000e-002
-1.494877e-002 1.238690e-003 1.600000e-002
-1.479542e-002 2.468919e-003 1.600000e-002
2.468919e-003 -1.479542e-002 1.600000e-002
-1.454100e-002 3.682282e-003 1.600000e-002
3.682282e-003 -1.454100e-002 1.600000e-002
4.870492e-003 -1.418726e-002 1.600000e-002
-1.418726e-002 4.870492e-003 1.600000e-002
-1.373660e-002 6.025431e-003 1.600000e-002
6.025431e-003 -1.373660e-002 1.600000e-002
-1.319211e-002 7.139211e-003 1.600000e-002
7.139211e-003 -1.319211e-002 1.600000e-002
-1.255750e-002 8.204223e-003 1.600000e-002
8.204223e-003 -1.255750e-002 1.600000e-002
-1.183711e-002 9.213191e-003 1.600000e-002
-1.103586e-002 1.015922e-002 1.600000e-002
-1.015922e-002 1.103586e-002 1.600000e-002
-9.213191e-003 1.183711e-002 1.600000e-002
-8.204223e-003 1.255750e-002 1.600000e-002
-7.139211e-003 1.319211e-002 1.600000e-002
-6.025431e-003 1.373660e-002 1.600000e-002
-4.870492e-003 1.418726e-002 1.600000e-002
-3.682282e-003 1.454100e-002 1.600000e-002
1.255750e-002 -8.204223e-003 1.600000e-002
1.319211e-002 -7.139211e-003 1.600000e-002
1.183711e-002 -9.213191e-003 1.600000e-002
1.103586e-002 -1.015922e-002 1.600000e-002
1.015922e-002 -1.103586e-002 1.600000e-002
9.213191e-003 -1.183711e-002 1.600000e-002
-2.468919e-003 1.479542e-002 1.600000e-002
1.373660e-002 -6.025431e-003 1.600000e-002
-1.238690e-003 1.494877e-002 1.600000e-002
1.418726e-002 -4.870492e-003 1.600000e-002
1.454100e-002 -3.682282e-003 1.600000e-002
1.479542e-002 -2.468919e-003 1.600000e-002
1.494877e-002 -1.238690e-003 1.600000e-002
1.500000e-002 0.000000e+000 1.600000e-002
1.494877e-002 1.238690e-003 1.600000e-002
1.479542e-002 2.468919e-003 1.600000e-002
1.454100e-002 3.682282e-003 1.600000e-002
1.418726e-002 4.870492e-003 1.600000e-002
3 0 1 2
3 2 1 3
3 1 4 3
3 0 2 5
3 6 0 5
3 3 4 7
3 4 8 7
3 9 6 10
3 6 5 10
3 8 11 12
3 7 8 12
3 13 9 14
3 9 10 14
3 11 15 16
3 12 11 16
3 17 13 18
3 13 14 18
3 16 15 19
3 15 20 19
3 21 17 22
3 17 18 22
3 20 23 24
3 19 20 24
3 25 21 26
3 21 22 26
3 23 27 28
3 24 23 28
3 25 26 29
3 30 25 29
3 27 31 32
3 28 27 32
3 30 29 33
3 34 30 33
3 32 31 35
3 31 36 35
3 35 36 37
3 38 34 39
3 34 33 39
3 35 37 40
3 40 37 41
3 38 39 42
3 43 38 42
3 40 41 44
3 44 41 45
3 43 42 46
3 47 43 46
3 44 45 48
3 48 45 49
3 47 46 50
3 51 47 50
3 48 49 52
3 51 50 53
3 52 49 54
3 51 53 55
3 52 54 56
3 55 53 57
3 56 54 58
3 55 57 59
3 56 58 60
3 59 57 61
3 60 58 62
3 59 61 63
3 60 62 64
3 63 61 65
3 64 62 66
3 63 65 67
3 64 66 68
3 67 65 69
3 68 66 70
3 67 69 71
3 68 70 72
3 71 69 73
3 72 70 74
3 71 73 75
3 72 74 76
3 75 73 77
3 76 74 78
3 75 77 79
3 76 78 80
3 79 77 81
3 80 78 82
3 79 81 83
3 80 82 84
3 83 81 85
3 84 82 86
3 83 85 87
3 84 86 88
3 87 85 89
3 87 89 90
3 88 86 91
3 92 88 91
3 90 89 93
3 92 91 94
3 95 92 94
3 90 93 96
3 96 93 97
3 95 94 98
3 99 95 98
3 96 97 100
3 100 97 101
3 99 98 102
3 103 99 102
3 100 101 104
3 104 101 105
3 104 105 106
3 103 102 107
3 108 103 107
3 105 109 110
3 106 105 110
3 108 107 111
3 112 108 111
3 109 113 114
3 110 109 114
3 112 111 115
3 116 112 115
3 113 117 118
3 114 113 118
3 116 115 119
3 120 116 119
3 117 121 122
3 118 117 122
3 120 119 123
3 124 120 123
3 121 125 126
3 122 121 126
3 124 123 127
3 128 124 127
3 129 128 130
3 128 127 130
3 125 131 132
3 126 125 132
3 129 130 133
3 134 129 133
3 131 135 136
3 132 131 136
3 136 135 137
3 135 138 137
3 134 133 139
3 140 134 139
3 137 138 141
3 140 139 141
3 138 140 141
3 142 143 144
3 142 144 145
3 146 147 148
3 146 149 147
3 150 151 152
3 150 152 143
3 153 154 155
3 153 155 156
3 153 157 154
3 158 159 160
3 158 161 159
3 162 163 164
3 158 160 165
3 166 167 168
3 166 168 169
3 162 164 170
3 171 172 173
3 171 173 174
3 175 145 176
3 177 178 157
3 175 142 145
3 177 179 178
3 180 165 181
3 182 183 184
3 182 185 183
3 182 25 30
3 186 123 187
3 182 30 185
3 186 187 161
3 188 165 180
3 188 158 165
3 189 190 191
3 192 180 181
3 192 181 193
3 194 148 195
3 194 146 148
3 196 193 197
3 196 197 198
3 199 162 170
3 199 170 190
3 200 143 142
3 200 150 143
3 201 153 156
3 202 203 204
3 205 191 149
3 202 176 203
3 205 149 146
3 206 151 150
3 207 177 157
3 206 169 151
3 207 157 153
3 206 150 200
3 208 186 161
3 208 158 188
3 209 184 163
3 208 161 158
3 210 167 166
3 209 163 162
3 210 198 167
3 211 156 172
3 212 200 142
3 211 172 171
3 213 214 215
3 212 142 175
3 213 174 214
3 216 179 177
3 217 188 180
3 218 208 188
3 216 195 179
3 218 188 217
3 219 190 189
3 219 199 190
3 220 217 180
3 220 180 192
3 221 146 194
3 222 193 196
3 223 209 162
3 224 200 212
3 224 206 200
3 223 162 199
3 225 207 153
3 226 176 202
3 225 153 201
3 226 175 176
3 227 191 205
3 227 189 191
3 228 169 206
3 228 166 169
3 229 127 123
3 230 177 207
3 230 216 177
3 229 186 208
3 231 25 182
3 229 123 186
3 229 208 218
3 232 196 198
3 231 21 25
3 231 184 209
3 231 182 184
3 233 201 156
3 232 198 210
3 233 156 211
3 234 224 212
3 235 211 171
3 235 174 213
3 235 171 174
3 236 218 217
3 237 194 195
3 238 204 239
3 238 239 240
3 237 195 216
3 238 202 204
3 241 199 219
3 242 127 229
3 241 223 199
3 242 229 218
3 242 218 236
3 243 213 215
3 243 215 244
3 243 244 245
3 246 217 220
3 246 236 217
3 247 192 193
3 248 205 146
3 248 146 221
3 247 193 222
3 247 220 192
3 248 227 205
3 249 209 223
3 249 21 231
3 249 231 209
3 250 228 206
3 251 207 225
3 250 206 224
3 251 230 207
3 252 175 226
3 253 219 189
3 252 212 175
3 253 189 227
3 254 230 251
3 254 216 230
3 254 237 216
3 255 166 228
3 255 210 166
3 256 225 201
3 257 196 232
3 256 201 233
3 257 222 196
3 258 224 234
3 258 250 224
3 259 211 235
3 260 130 127
3 260 242 236
3 260 127 242
3 261 221 194
3 261 194 237
3 262 226 202
3 262 202 238
3 263 249 223
3 263 17 21
3 263 223 241
3 264 236 246
3 263 21 249
3 264 260 236
3 265 213 243
3 266 246 220
3 265 235 213
3 266 220 247
3 267 227 248
3 268 228 250
3 267 253 227
3 268 255 228
3 268 250 258
3 269 254 251
3 270 234 212
3 270 212 252
3 271 219 253
3 271 241 219
3 272 232 210
3 272 255 268
3 273 237 254
3 272 210 255
3 274 238 240
3 273 261 237
3 274 262 238
3 275 251 225
3 275 225 256
3 276 247 222
3 277 233 211
3 276 222 257
3 278 268 258
3 277 256 233
3 277 211 259
3 279 270 252
3 280 265 243
3 280 243 245
3 279 226 262
3 281 248 221
3 279 252 226
3 281 221 261
3 282 133 130
3 282 130 260
3 283 259 235
3 282 260 264
3 284 246 266
3 283 235 265
3 284 264 246
3 285 272 268
3 286 253 267
3 285 268 278
3 286 271 253
3 287 254 269
3 288 234 270
3 288 258 234
3 287 273 254
3 289 17 263
3 290 232 272
3 289 263 241
3 289 241 271
3 290 257 232
3 290 276 257
3 291 240 292
3 293 261 273
3 291 274 240
3 293 281 261
3 294 251 275
3 294 269 251
3 295 262 274
3 296 266 247
3 297 256 277
3 296 247 276
3 298 280 245
3 299 285 278
3 298 245 300
3 301 265 280
3 302 270 279
3 301 283 265
3 303 282 264
3 304 267 248
3 304 248 281
3 303 264 284
3 305 277 259
3 306 291 292
3 307 272 285
3 305 259 283
3 307 285 299
3 308 271 286
3 307 290 272
3 308 289 271
3 309 258 288
3 310 298 300
3 309 278 258
3 311 273 287
3 312 276 290
3 311 293 273
3 313 304 281
3 313 293 311
3 313 281 293
3 314 295 274
3 314 274 291
3 315 311 287
3 315 269 294
3 315 287 269
3 316 275 256
3 317 262 295
3 317 279 262
3 316 256 297
3 318 266 296
3 319 301 280
3 318 284 266
3 319 280 298
3 320 307 299
3 321 283 301
3 322 288 270
3 321 305 283
3 322 309 288
3 322 270 302
3 323 267 304
3 324 282 303
3 324 133 282
3 323 286 267
3 325 297 277
3 326 291 306
3 326 314 291
3 325 277 305
3 327 17 289
3 327 289 308
3 327 13 17
3 328 290 307
3 329 319 298
3 328 312 290
3 330 299 278
3 329 298 310
3 330 278 309
3 331 313 311
3 332 296 276
3 332 276 312
3 333 304 313
3 332 312 328
3 333 323 304
3 334 295 314
3 334 317 295
3 335 311 315
3 336 292 337
3 336 306 292
3 338 294 275
3 338 275 316
3 339 279 317
3 339 302 279
3 340 301 319
3 341 303 284
3 340 321 301
3 341 284 318
3 342 305 321
3 343 307 320
3 342 325 305
3 343 328 307
3 344 300 345
3 344 310 300
3 346 309 322
3 346 330 309
3 347 308 286
3 347 286 323
3 348 314 326
3 348 334 314
3 349 316 297
3 350 328 343
3 349 297 325
3 350 332 328
3 351 340 319
3 352 299 330
3 352 320 299
3 351 319 329
3 353 296 332
3 353 318 296
3 354 333 313
3 354 313 331
3 355 317 334
3 355 334 348
3 356 323 333
3 355 339 317
3 356 347 323
3 357 306 336
3 357 326 306
3 358 331 311
3 358 311 335
3 359 302 339
3 360 335 315
3 360 294 338
3 360 315 294
3 359 322 302
3 361 303 341
3 362 321 340
3 362 342 321
3 361 139 133
3 361 133 324
3 361 324 303
3 362 340 351
3 363 349 325
3 364 350 343
3 363 325 342
3 365 352 330
3 365 330 346
3 366 310 344
3 366 329 310
3 367 308 347
3 367 327 308
3 368 355 348
3 367 9 13
3 369 332 350
3 367 13 327
3 370 316 349
3 369 350 364
3 369 353 332
3 371 320 352
3 370 338 316
3 372 362 351
3 371 343 320
3 373 341 318
3 373 318 353
3 374 333 354
3 375 337 376
3 374 356 333
3 375 376 377
3 378 344 345
3 378 345 379
3 378 379 380
3 375 336 337
3 381 339 355
3 382 347 356
3 382 9 367
3 381 359 339
3 383 326 357
3 382 367 347
3 384 354 331
3 384 331 358
3 383 348 326
3 385 322 359
3 386 335 360
3 385 346 322
3 387 363 342
3 388 369 364
3 387 342 362
3 389 352 365
3 390 370 349
3 390 349 363
3 391 355 368
3 392 351 329
3 392 329 366
3 391 381 355
3 393 353 369
3 393 369 388
3 393 373 353
3 394 338 370
3 395 364 343
3 395 343 371
3 394 360 338
3 396 341 373
3 396 141 139
3 396 139 361
3 397 362 372
3 397 387 362
3 396 361 341
3 398 6 9
3 398 356 374
3 398 382 356
3 398 9 382
3 399 336 375
3 400 366 344
3 399 357 336
3 400 392 366
3 400 344 378
3 401 385 359
3 401 359 381
3 402 374 354
3 402 354 384
3 403 348 383
3 403 368 348
3 404 358 335
3 404 335 386
3 405 365 346
3 405 346 385
3 406 363 387
3 406 390 363
3 407 393 388
3 408 375 377
3 409 370 390
3 408 399 375
3 409 394 370
3 410 395 371
3 411 372 351
3 410 352 389
3 411 351 392
3 410 371 352
3 412 381 391
3 412 401 381
3 413 378 380
3 413 400 378
3 414 393 407
3 414 373 393
3 414 396 373
3 415 386 360
3 414 141 396
3 415 360 394
3 416 388 364
3 416 364 395
3 417 406 387
3 417 387 397
3 418 383 357
3 418 357 399
3 418 403 383
3 419 392 400
3 420 401 412
3 421 6 398
3 421 374 402
3 420 385 401
3 421 398 374
3 420 405 385
3 422 384 358
3 423 368 403
3 423 391 368
3 422 358 404
3 424 409 390
3 425 377 426
3 424 406 417
3 425 408 377
3 427 410 389
3 424 390 406
3 428 415 394
3 427 389 365
3 428 394 409
3 427 365 405
3 429 141 414
3 429 137 141
3 429 414 407
3 430 372 411
3 431 399 408
3 430 397 372
3 431 408 425
3 432 416 395
3 433 380 434
3 433 413 380
3 432 395 410
3 435 419 400
3 435 400 413
3 436 420 412
3 437 407 388
3 438 404 386
3 438 386 415
3 437 388 416
3 439 403 418
3 440 424 417
3 441 411 392
3 442 427 405
3 441 392 419
3 441 430 411
3 442 405 420
3 443 412 391
3 444 384 422
3 444 402 384
3 443 391 423
3 445 433 434
3 446 425 426
3 447 431 425
3 448 409 424
3 449 410 427
3 448 428 409
3 450 415 428
3 450 438 415
3 451 399 431
3 452 417 397
3 452 397 430
3 451 418 399
3 453 416 432
3 454 413 433
3 453 437 416
3 455 420 436
3 454 435 413
3 455 442 420
3 456 419 435
3 456 441 419
3 457 137 429
3 457 407 437
3 457 429 407
3 458 404 438
3 459 443 423
3 458 422 404
3 459 423 403
3 460 424 440
3 459 403 439
3 460 448 424
3 461 427 442
3 461 449 427
3 462 412 443
3 463 430 441
3 464 421 402
3 462 436 412
3 464 402 444
3 464 0 6
3 464 6 421
3 465 447 425
3 466 454 433
3 466 433 445
3 465 425 446
3 467 451 431
3 467 431 447
3 468 450 428
3 469 426 470
3 468 428 448
3 469 446 426
3 471 458 438
3 472 410 449
3 472 432 410
3 471 438 450
3 473 440 417
3 474 439 418
3 473 417 452
3 474 418 451
3 474 451 467
3 475 435 454
3 475 456 435
3 476 437 453
3 476 457 437
3 477 442 455
3 478 445 434
3 478 466 445
3 477 461 442
3 478 434 479
3 480 443 459
3 480 462 443
3 481 441 456
3 481 463 441
3 482 461 477
3 482 449 461
3 483 422 458
3 482 472 449
3 483 444 422
3 484 436 462
3 485 448 460
3 484 455 436
3 485 468 448
3 486 447 465
3 486 467 447
3 487 467 486
3 488 430 463
3 488 452 430
3 487 474 467
3 489 454 466
3 490 446 469
3 490 465 446
3 489 475 454
3 491 453 432
3 491 432 472
3 492 468 485
3 492 450 468
3 492 471 450
3 493 459 439
3 494 483 458
3 493 439 474
3 494 458 471
3 495 136 137
3 496 460 440
3 495 457 476
3 495 137 457
3 496 440 473
3 497 475 489
3 498 482 477
3 499 462 480
3 497 456 475
3 497 481 456
3 499 484 462
3 500 466 478
3 501 491 472
3 501 472 482
3 502 455 484
3 503 463 481
3 503 488 463
3 502 477 455
3 504 464 444
3 504 1 0
3 504 444 483
3 504 0 464
3 505 487 486
3 506 474 487
3 507 492 485
3 506 493 474
3 508 473 452
3 509 486 465
3 508 452 488
3 510 497 489
3 509 465 490
3 511 470 512
3 511 490 469
3 511 469 470
3 513 494 471
3 514 476 453
3 513 471 492
3 514 453 491
3 515 504 483
3 516 480 459
3 516 459 493
3 515 483 494
3 517 478 479
3 517 479 518
3 517 518 519
3 516 493 506
3 520 501 482
3 521 460 496
3 520 482 498
3 521 485 460
3 522 481 497
3 523 484 499
3 522 497 510
3 524 491 501
3 524 514 491
3 522 503 481
3 525 466 500
3 525 489 466
3 526 477 502
3 526 498 477
3 525 510 489
3 527 488 503
3 528 487 505
3 527 508 488
3 528 506 487
3 529 516 506
3 530 513 492
3 530 492 507
3 531 473 508
3 532 533 534
3 535 505 486
3 535 486 509
3 531 496 473
3 536 490 511
3 537 522 510
3 538 136 495
3 538 132 136
3 539 494 513
3 539 515 494
3 538 495 476
3 538 476 514
3 540 516 529
3 541 1 504
3 541 504 515
3 540 480 516
3 541 4 1
3 540 499 480
3 542 478 517
3 543 524 501
3 543 501 520
3 544 512 545
3 544 545 546
3 542 500 478
3 547 485 521
3 544 536 511
3 547 507 485
3 544 511 512
3 548 502 484
3 549 503 522
3 548 484 523
3 549 527 503
3 548 526 502
3 550 514 524
3 550 132 538
3 551 510 525
3 550 538 514
3 552 498 526
3 552 520 498
3 553 531 508
3 553 508 527
3 554 529 506
3 554 506 528
3 555 513 530
3 555 539 513
3 556 529 554
3 557 517 519
3 556 540 529
3 557 542 517
3 558 496 531
3 559 528 505
3 558 521 496
3 559 505 535
3 560 490 536
3 561 522 537
3 561 549 522
3 560 535 509
3 36 31 562
3 560 509 490
3 563 534 564
3 565 540 556
3 563 564 566
3 567 515 539
3 563 532 534
3 565 523 499
3 567 4 541
3 567 541 515
3 565 499 540
3 568 500 542
3 565 548 523
3 569 550 524
3 569 126 132
3 570 532 563
3 569 132 550
3 568 525 500
3 569 524 543
3 570 571 532
3 572 560 536
3 572 536 544
3 573 563 566
3 574 530 507
3 573 570 563
3 574 507 547
3 575 552 526
3 575 526 548
3 576 549 561
3 577 520 552
3 576 527 549
3 578 571 570
3 576 553 527
3 578 579 571
3 577 543 520
3 580 510 551
3 580 537 510
3 581 556 554
3 582 566 583
3 582 573 566
3 580 561 537
3 584 565 556
3 585 557 519
3 586 578 570
3 585 519 587
3 586 573 582
3 588 554 528
3 586 570 573
3 589 579 578
3 588 528 559
3 590 531 553
3 590 558 531
3 591 539 555
3 592 535 560
3 589 593 579
3 591 4 567
3 591 8 4
3 591 567 539
3 594 557 585
3 594 542 557
3 595 572 544
3 595 544 546
3 594 568 542
3 596 521 558
3 597 586 582
3 598 582 583
3 599 548 565
3 596 547 521
3 598 597 582
3 600 589 578
3 601 560 572
3 600 578 586
3 602 576 561
3 601 592 560
3 603 577 552
3 604 593 589
3 603 552 575
3 605 551 525
3 604 606 593
3 607 126 569
3 607 569 543
3 605 525 568
3 607 543 577
3 608 530 574
3 608 555 530
3 609 553 576
3 610 600 586
3 611 556 581
3 610 586 597
3 611 584 556
3 612 597 598
3 613 599 565
3 609 590 553
3 612 610 597
3 614 602 561
3 613 565 584
3 614 561 580
3 615 598 583
3 615 583 616
3 617 554 588
3 618 585 587
3 619 604 589
3 617 581 554
3 620 559 535
3 619 600 610
3 620 535 592
3 619 589 600
3 621 606 604
3 622 594 585
3 620 588 559
3 623 546 624
3 621 625 606
3 626 596 558
3 626 558 590
3 627 615 616
3 623 595 546
3 628 568 594
3 628 605 568
3 629 572 595
3 630 575 548
3 631 574 547
3 630 548 599
3 632 619 610
3 630 599 613
3 631 547 596
3 633 620 592
3 634 609 576
3 633 592 601
3 634 576 602
3 635 632 610
3 635 610 612
3 636 598 615
3 637 577 603
3 638 551 605
3 636 612 598
3 637 607 577
3 636 635 612
3 638 580 551
3 636 615 627
3 639 604 619
3 639 619 632
3 640 8 591
3 641 623 624
3 640 591 555
3 639 621 604
3 640 555 608
3 642 584 611
3 643 590 609
3 644 625 621
3 642 613 584
3 644 645 625
3 643 626 590
3 646 630 613
3 647 636 627
3 646 613 642
3 648 602 614
3 648 634 602
3 649 611 581
3 649 581 617
3 650 639 632
3 651 585 618
3 652 617 588
3 651 622 585
3 652 588 620
3 653 632 635
3 653 650 632
3 654 595 623
3 655 594 622
3 654 629 595
3 656 635 636
3 655 628 594
3 657 533 532
3 656 636 647
3 657 618 587
3 658 601 572
3 657 587 533
3 659 627 616
3 657 532 571
3 659 647 627
3 658 572 629
3 659 616 660
3 661 596 626
3 661 631 596
3 662 639 650
3 663 575 630
3 663 603 575
3 663 630 646
3 662 621 639
3 664 628 655
3 664 638 605
3 662 644 621
3 664 605 628
3 665 652 620
3 665 620 633
3 666 645 644
3 667 126 607
3 667 122 126
3 668 574 631
3 666 669 645
3 667 607 637
3 668 608 574
3 670 654 623
3 671 609 634
3 671 643 609
3 672 656 647
3 670 623 641
3 673 614 580
3 673 580 638
3 674 646 642
3 675 662 650
3 676 650 653
3 677 663 646
3 678 643 671
3 676 675 650
3 678 626 643
3 679 635 656
3 678 661 626
3 679 653 635
3 680 642 611
3 680 611 649
3 679 676 653
3 679 656 672
3 681 634 648
3 682 617 652
3 683 672 647
3 682 649 617
3 684 622 651
3 683 647 659
3 685 629 654
3 684 655 622
3 686 644 662
3 686 666 644
3 686 662 675
3 685 658 629
3 687 624 688
3 689 664 655
3 687 641 624
3 690 669 666
3 691 618 657
3 690 692 669
3 693 601 658
3 691 651 618
3 691 657 571
3 694 679 672
3 693 633 601
3 695 631 661
3 696 603 663
3 695 668 631
3 696 663 677
3 696 637 603
3 697 652 665
3 698 638 664
3 699 686 675
3 698 673 638
3 700 608 668
3 697 682 652
3 700 8 640
3 701 699 675
3 700 11 8
3 702 685 654
3 701 675 676
3 700 640 608
3 703 678 671
3 704 679 694
3 702 654 670
3 704 676 679
3 705 646 674
3 705 677 646
3 706 614 673
3 706 648 614
3 707 694 672
3 707 672 683
3 708 659 660
3 709 696 677
3 710 661 678
3 708 683 659
3 710 695 661
3 708 660 711
3 712 642 680
3 708 711 713
3 712 674 642
3 714 703 671
3 715 666 686
3 716 649 682
3 714 671 634
3 715 690 666
3 715 686 699
3 714 634 681
3 717 689 655
3 718 692 690
3 719 685 702
3 719 658 685
3 718 720 692
3 717 655 684
3 721 698 664
3 719 693 658
3 721 664 689
3 722 704 694
3 723 641 687
3 724 651 691
3 724 691 571
3 725 715 699
3 723 670 641
3 724 571 579
3 726 633 693
3 724 579 593
3 724 684 651
3 727 699 701
3 726 665 633
3 728 700 668
3 728 668 695
3 727 725 699
3 729 701 676
3 730 667 637
3 730 118 122
3 729 676 704
3 730 637 696
3 729 704 722
3 730 696 709
3 731 706 673
3 730 122 667
3 732 716 682
3 731 673 698
3 733 722 694
3 734 710 678
3 732 682 697
3 733 694 707
3 734 678 703
3 735 648 706
3 736 719 702
3 737 677 705
3 738 683 708
3 738 707 683
3 735 681 648
3 737 709 677
3 739 695 710
3 740 718 690
3 740 690 715
3 741 687 688
3 741 688 742
3 739 728 695
3 741 742 743
3 744 703 714
3 744 734 703
3 741 723 687
3 745 720 718
3 745 746 720
3 747 118 730
3 748 689 717
3 747 730 709
3 748 721 689
3 749 729 722
3 750 705 674
3 751 738 708
3 750 674 712
3 752 698 721
3 752 731 698
3 751 708 713
3 753 680 649
3 753 712 680
3 754 717 684
3 755 715 725
3 753 649 716
3 754 684 724
3 754 724 593
3 755 740 715
3 756 725 727
3 757 700 728
3 758 726 693
3 757 11 700
3 758 693 719
3 757 15 11
3 756 755 725
3 759 735 706
3 760 702 670
3 759 706 731
3 761 727 701
3 759 731 752
3 761 701 729
3 761 729 749
3 762 710 734
3 762 739 710
3 763 722 733
3 760 670 723
3 763 749 722
3 764 714 681
3 765 665 726
3 765 697 665
3 766 733 707
3 764 681 735
3 767 753 716
3 767 716 732
3 768 757 728
3 766 707 738
3 768 728 739
3 769 745 718
3 768 15 757
3 769 718 740
3 769 740 755
3 770 719 736
3 771 762 734
3 772 773 746
3 770 758 719
3 771 734 744
3 772 746 745
3 774 114 118
3 775 752 721
3 774 118 747
3 775 721 748
3 774 709 737
3 774 747 709
3 776 761 749
3 777 766 738
3 778 723 741
3 779 759 752
3 777 738 751
3 780 754 593
3 781 737 705
3 780 717 754
3 781 705 750
3 780 593 606
3 780 606 625
3 782 769 755
3 780 748 717
3 783 750 712
3 783 712 753
3 784 764 735
3 784 735 759
3 785 782 755
3 785 755 756
3 786 726 758
3 786 765 726
3 787 739 762
3 788 727 761
3 787 20 15
3 788 761 776
3 787 768 739
3 787 15 768
3 788 756 727
3 789 749 763
3 790 702 760
3 789 776 749
3 791 714 764
3 791 744 714
3 790 736 702
3 792 697 765
3 792 732 697
3 793 763 733
3 794 787 762
3 793 733 766
3 795 741 743
3 794 762 771
3 796 752 775
3 797 769 782
3 795 778 741
3 797 772 745
3 798 783 753
3 797 745 769
3 796 779 752
3 799 759 779
3 800 751 713
3 800 713 801
3 798 753 767
3 799 784 759
3 802 786 758
3 803 562 773
3 803 36 562
3 803 37 36
3 802 758 770
3 804 780 625
3 804 748 780
3 803 773 772
3 805 723 778
3 804 625 645
3 804 775 748
3 806 788 776
3 807 791 764
3 808 766 777
3 805 760 723
3 809 774 737
3 808 793 766
3 809 110 114
3 807 764 784
3 809 114 774
3 809 737 781
3 810 744 791
3 811 781 750
3 810 771 744
3 812 797 782
3 811 750 783
3 813 787 794
3 814 792 765
3 813 20 787
3 815 782 785
3 815 812 782
3 816 799 779
3 816 779 796
3 817 756 788
3 814 786 802
3 814 765 786
3 818 736 790
3 818 770 736
3 817 785 756
3 819 807 784
3 819 784 799
3 820 776 789
3 821 767 732
3 820 806 776
3 822 804 645
3 823 789 763
3 821 732 792
3 822 775 804
3 823 763 793
3 821 798 767
3 824 795 743
3 822 645 669
3 824 743 825
3 822 796 775
3 826 810 791
3 827 800 801
3 826 807 819
3 827 801 828
3 826 791 807
3 829 805 778
3 829 778 795
3 830 771 810
3 830 794 771
3 831 772 797
3 831 803 772
3 831 797 812
3 832 783 798
3 833 799 816
3 833 819 799
3 834 808 777
3 832 811 783
3 834 777 751
3 835 814 802
3 834 800 827
3 834 751 800
3 836 826 819
3 837 817 788
3 837 788 806
3 838 760 805
3 839 823 793
3 840 816 796
3 838 790 760
3 840 796 822
3 840 822 669
3 839 793 808
3 841 809 781
3 842 831 812
3 841 781 811
3 843 830 810
3 843 810 826
3 844 842 812
3 845 824 825
3 846 794 830
3 846 20 813
3 844 812 815
3 846 813 794
3 847 792 814
3 848 817 837
3 846 23 20
3 849 836 819
3 848 815 785
3 847 821 792
3 848 785 817
3 849 819 833
3 850 806 820
3 851 770 818
3 851 802 770
3 850 837 806
3 852 843 826
3 853 798 821
3 852 826 836
3 854 789 823
3 854 820 789
3 855 816 840
3 856 827 828
3 855 833 816
3 857 795 824
3 855 840 669
3 857 829 795
3 855 669 692
3 855 692 720
3 858 846 830
3 857 824 845
3 858 830 843
3 859 838 805
3 860 827 856
3 860 834 827
3 861 41 37
3 862 836 849
3 859 805 829
3 861 831 842
3 861 37 803
3 861 803 831
3 862 852 836
3 863 811 832
3 863 841 811
3 864 847 814
3 865 834 860
3 866 858 843
3 865 808 834
3 866 843 852
3 864 814 835
3 867 849 833
3 867 833 855
3 868 818 790
3 869 848 837
3 867 855 720
3 868 790 838
3 870 854 823
3 867 720 746
3 871 846 858
3 870 823 839
3 871 23 846
3 871 27 23
3 872 110 809
3 873 41 861
3 873 861 842
3 872 809 841
3 874 852 862
3 874 866 852
3 875 842 844
3 875 873 842
3 876 871 858
3 877 857 845
3 876 858 866
3 878 815 848
3 878 848 869
3 876 27 871
3 879 821 847
3 879 853 821
3 878 844 815
3 880 862 849
3 880 849 867
3 881 835 802
3 880 746 773
3 882 837 850
3 880 867 746
3 882 869 837
3 883 31 27
3 883 866 874
3 881 802 851
3 883 27 876
3 884 850 820
3 883 876 866
3 885 832 798
3 884 820 854
3 886 874 862
3 886 880 773
3 886 862 880
3 885 798 853
3 886 773 562
3 887 883 874
3 888 857 877
3 887 874 886
3 888 829 857
3 887 562 31
3 887 886 562
3 888 859 829
3 889 860 856
3 887 31 883
3 890 865 860
3 891 877 845
3 891 845 825
3 891 825 892
3 893 856 828
3 894 859 888
3 893 828 895
3 894 838 859
3 894 868 838
3 896 839 808
3 897 872 841
3 896 865 890
3 896 808 865
3 897 841 863
3 896 870 839
3 898 879 847
3 898 847 864
3 899 878 869
3 900 854 870
3 900 884 854
3 901 851 818
3 901 818 868
3 902 893 895
3 903 45 41
3 904 888 877
3 903 873 875
3 905 853 879
3 905 885 853
3 903 41 873
3 906 875 844
3 906 844 878
3 905 879 898
3 906 878 899
3 907 869 882
3 908 864 835
3 908 835 881
3 907 899 869
3 909 832 885
3 910 882 850
3 909 863 832
3 910 850 884
3 911 894 888
3 911 888 904
3 912 860 889
3 912 890 860
3 913 904 877
3 914 890 912
3 913 877 891
3 915 868 894
3 914 896 890
3 915 901 868
3 916 889 856
3 916 856 893
3 917 872 897
3 917 106 110
3 917 110 872
3 916 912 889
3 918 896 914
3 919 905 898
3 918 870 896
3 920 881 851
3 921 906 899
3 920 851 901
3 922 911 904
3 923 884 900
3 923 910 884
3 924 916 893
3 924 893 902
3 925 909 885
3 925 885 905
3 926 906 921
3 927 864 908
3 926 875 906
3 926 45 903
3 926 903 875
3 927 898 864
3 928 921 899
3 928 899 907
3 929 863 909
3 929 897 863
3 930 891 892
3 931 882 910
3 930 892 932
3 931 907 882
3 930 932 933
3 934 914 912
3 935 911 922
3 936 918 914
3 935 915 894
3 935 894 911
3 937 922 904
3 937 904 913
3 938 912 916
3 939 920 901
3 940 895 941
3 939 901 915
3 940 902 895
3 942 870 918
3 943 905 919
3 943 925 905
3 942 918 936
3 942 900 870
3 944 881 920
3 945 49 45
3 945 926 921
3 944 908 881
3 945 45 926
3 946 910 923
3 947 935 922
3 946 931 910
3 948 909 925
3 949 916 924
3 948 929 909
3 949 938 916
3 950 898 927
3 950 919 898
3 951 945 921
3 951 921 928
3 952 917 897
3 952 104 106
3 953 928 907
3 952 897 929
3 953 907 931
3 952 106 917
3 954 913 891
3 955 914 934
3 954 891 930
3 955 936 914
3 956 942 936
3 957 935 947
3 957 915 935
3 957 939 915
3 958 934 912
3 958 955 934
3 958 912 938
3 959 922 937
3 960 924 902
3 959 947 922
3 961 939 957
3 961 944 920
3 961 920 939
3 960 902 940
3 962 925 943
3 963 900 942
3 962 948 925
3 963 942 956
3 963 923 900
3 964 954 930
3 965 931 946
3 964 930 933
3 965 953 931
3 966 927 908
3 967 938 949
3 967 958 938
3 966 908 944
3 968 957 947
3 969 945 951
3 969 49 945
3 970 952 929
3 971 951 928
3 970 104 952
3 970 929 948
3 971 928 953
3 972 943 919
3 972 919 950
3 973 936 955
3 973 956 936
3 974 963 956
3 974 956 973
3 975 913 954
3 975 937 913
3 976 955 958
3 977 961 957
3 977 957 968
3 978 949 924
3 978 924 960
3 979 947 959
3 979 968 947
3 980 944 961
3 981 960 940
3 981 940 941
3 980 966 944
3 981 941 982
3 981 982 983
3 984 948 962
3 984 970 948
3 984 104 970
3 985 946 923
3 984 100 104
3 985 923 963
3 986 954 964
3 985 963 974
3 987 971 953
3 986 975 954
3 987 953 965
3 988 927 966
3 988 950 927
3 989 958 967
3 990 977 968
3 989 976 958
3 991 969 951
3 991 951 971
3 992 943 972
3 993 974 973
3 992 962 943
3 994 959 937
3 995 985 974
3 994 937 975
3 996 977 990
3 996 980 961
3 997 973 955
3 997 955 976
3 996 961 977
3 998 990 968
3 998 968 979
3 999 967 949
3 999 949 978
3 1000 964 933
3 1000 933 1001
3 1002 978 960
3 1003 966 980
3 1002 960 981
3 1003 988 966
3 1004 985 995
3 1004 946 985
3 1004 965 946
3 1005 971 987
3 1006 975 986
3 1005 991 971
3 1006 994 975
3 1007 972 950
3 1008 976 989
3 1007 950 988
3 1008 997 976
3 1009 996 990
3 1010 1002 981
3 1011 984 962
3 1010 981 983
3 1012 54 49
3 1011 100 984
3 1012 969 991
3 1011 962 992
3 1013 979 959
3 1013 959 994
3 1012 49 969
3 1014 995 974
3 1014 974 993
3 1015 1004 995
3 1016 1003 980
3 1016 996 1009
3 1016 980 996
3 1017 990 998
3 1018 993 973
3 1018 973 997
3 1017 1009 990
3 1019 964 1000
3 1020 989 967
3 1019 986 964
3 1020 967 999
3 1021 1000 1001
3 1021 1001 1022
3 1021 1019 1000
3 1023 978 1002
3 1023 999 978
3 1024 988 1003
3 1024 1007 988
3 1024 1003 1016
3 1025 1004 1015
3 1025 965 1004
3 1025 987 965
3 1026 1013 994
3 1026 994 1006
3 1027 992 972
3 1028 991 1005
3 1028 1012 991
3 1027 972 1007
3 1029 997 1008
3 1029 1018 997
3 1030 1016 1009
3 1031 979 1013
3 1032 1002 1010
3 1031 998 979
3 1032 1023 1002
3 1033 995 1014
3 1034 1024 1016
3 1033 1015 995
3 1034 1016 1030
3 1035 1030 1009
3 1036 1025 1015
3 1035 1009 1017
3 1036 1015 1033
3 1037 993 1018
3 1037 1014 993
3 1038 1006 986
3 1038 986 1019
3 1039 1019 1021
3 1040 1008 989
3 1040 989 1020
3 1039 1038 1019
3 1041 1027 1007
3 1042 1020 999
3 1042 999 1023
3 1041 1007 1024
3 1043 1031 1013
3 1044 1005 987
3 1044 987 1025
3 1043 1013 1026
3 1045 96 100
3 1044 1025 1036
3 1045 992 1027
3 1046 1010 983
3 1045 1011 992
3 1045 100 1011
3 1046 983 1047
3 1048 1034 1030
3 1049 58 54
3 1049 54 1012
3 1050 998 1031
3 1049 1012 1028
3 1051 1018 1029
3 1051 1037 1018
3 1050 1017 998
3 1052 1034 1048
3 1052 1041 1024
3 1052 1024 1034
3 1053 1048 1030
3 1054 1042 1023
3 1054 1023 1032
3 1053 1030 1035
3 1055 1006 1038
3 1056 1036 1033
3 1055 1026 1006
3 1057 1044 1036
3 1058 1038 1039
3 1059 1014 1037
3 1059 1033 1014
3 1058 1055 1038
3 1060 1021 1022
3 1060 1039 1021
3 1061 1029 1008
3 1061 1008 1040
3 1060 1022 1062
3 1063 1020 1042
3 1064 1045 1027
3 1063 1040 1020
3 1064 1027 1041
3 1065 1031 1043
3 1066 1047 1067
3 1066 1046 1047
3 1068 1044 1057
3 1065 1050 1031
3 1069 1052 1048
3 1068 1005 1044
3 1068 1028 1005
3 1070 1035 1017
3 1070 1017 1050
3 1071 1032 1010
3 1071 1010 1046
3 1072 1064 1041
3 1073 1059 1037
3 1072 1041 1052
3 1072 1052 1069
3 1073 1037 1051
3 1074 1048 1053
3 1075 1063 1042
3 1074 1069 1048
3 1076 1026 1055
3 1075 1042 1054
3 1076 1043 1026
3 1077 1057 1036
3 1077 1036 1056
3 1078 1068 1057
3 1079 1076 1055
3 1079 1055 1058
3 1080 1056 1033
3 1081 1039 1060
3 1080 1033 1059
3 1082 1029 1061
3 1083 96 1045
3 1083 1045 1064
3 1083 90 96
3 1082 1051 1029
3 1084 1061 1040
3 1084 1040 1063
3 1085 1070 1050
3 1085 1050 1065
3 1086 1066 1067
3 1087 1072 1069
3 1088 1062 1089
3 1090 1046 1066
3 1088 1060 1062
3 1090 1071 1046
3 1091 62 58
3 1092 1035 1070
3 1091 1028 1068
3 1091 58 1049
3 1091 1068 1078
3 1092 1053 1035
3 1091 1049 1028
3 1093 1064 1072
3 1094 1032 1071
3 1093 1083 1064
3 1093 90 1083
3 1094 1054 1032
3 1093 1072 1087
3 1095 1059 1073
3 1095 1080 1059
3 1096 1069 1074
3 1096 1087 1069
3 1097 1043 1076
3 1098 1084 1063
3 1097 1065 1043
3 1098 1063 1075
3 1099 1076 1079
3 1100 1078 1057
3 1099 1097 1076
3 1100 1057 1077
3 1101 1058 1039
3 1102 1091 1078
3 1102 62 1091
3 1103 1077 1056
3 1103 1056 1080
3 1101 1079 1058
3 1101 1039 1081
3 1104 1073 1051
3 1105 1070 1085
3 1104 1051 1082
3 1105 1092 1070
3 1106 87 90
3 1106 1093 1087
3 1107 1061 1084
3 1106 90 1093
3 1107 1082 1061
3 1108 1066 1086
3 1108 1090 1066
3 1109 1081 1060
3 1109 1060 1088
3 1110 1094 1071
3 1111 1074 1053
3 1110 1071 1090
3 1111 1053 1092
3 1112 1087 1096
3 1113 1086 1067
3 1112 1106 1087
3 1114 1065 1097
3 1113 1067 1115
3 1116 1075 1054
3 1116 1054 1094
3 1114 1085 1065
3 1117 1097 1099
3 1117 1114 1097
3 1118 1079 1101
3 1119 1080 1095
3 1119 1103 1080
3 1120 1084 1098
3 1120 1107 1084
3 1121 1089 1122
3 1121 1088 1089
3 1123 1113 1115
3 1124 66 62
3 1125 1111 1092
3 1124 1078 1100
3 1124 62 1102
3 1124 1102 1078
3 1125 1092 1105
3 1126 1081 1109
3 1126 1101 1081
3 1127 1100 1077
3 1127 1077 1103
3 1128 1073 1104
3 1128 1095 1073
3 1129 1074 1111
3 1129 1096 1074
3 1130 87 1106
3 1131 1104 1082
3 1130 1106 1112
3 1131 1082 1107
3 1132 1085 1114
3 1133 1090 1108
3 1133 1110 1090
3 1132 1105 1085
3 1134 1110 1133
3 1135 1132 1114
3 1134 1116 1094
3 1134 1094 1110
3 1135 1114 1117
3 1136 1079 1118
3 1137 1108 1086
3 1137 1086 1113
3 1136 1099 1079
3 1136 1117 1099
3 1137 1113 1123
3 1138 1122 1139
3 1140 1075 1116
3 1140 1098 1075
3 1138 1121 1122
3 1141 1109 1088
3 1142 1127 1103
3 1142 1103 1119
3 1143 1131 1107
3 1141 1121 1138
3 1141 1088 1121
3 1144 1111 1125
3 1143 1107 1120
3 1145 1137 1123
3 1144 1129 1111
3 1146 1118 1101
3 1146 1101 1126
3 1147 1100 1127
3 1147 66 1124
3 1148 1096 1129
3 1148 1112 1096
3 1147 1124 1100
3 1149 1095 1128
3 1149 1119 1095
3 1150 1138 1139
3 1151 1128 1104
3 1152 1125 1105
3 1151 1104 1131
3 1152 1105 1132
3 1153 1134 1133
3 1154 1132 1135
3 1155 1116 1134
3 1154 1152 1132
3 1156 1135 1117
3 1156 1117 1136
3 1155 1140 1116
3 1157 1137 1145
3 1157 1133 1108
3 1157 1108 1137
3 1158 1138 1150
3 1158 1141 1138
3 1159 1141 1158
3 1160 1115 1161
3 1159 1126 1109
3 1160 1123 1115
3 1159 1109 1141
3 1162 1098 1140
3 1163 1148 1129
3 1162 1120 1098
3 1163 1129 1144
3 1164 70 66
3 1164 1127 1142
3 1165 1136 1118
3 1165 1118 1146
3 1164 1147 1127
3 1164 66 1147
3 1166 1131 1143
3 1166 1151 1131
3 1167 87 1130
3 1167 83 87
3 1167 1112 1148
3 1167 1130 1112
3 1168 1157 1145
3 1169 1158 1150
3 1170 1119 1149
3 1171 1125 1152
3 1170 1142 1119
3 1171 1144 1125
3 1172 1149 1128
3 1172 1128 1151
3 1173 1171 1152
3 1173 1152 1154
3 1174 1134 1153
3 1174 1155 1134
3 1175 1135 1156
3 1175 1154 1135
3 1176 1140 1155
3 1176 1162 1140
3 1177 1159 1158
3 1178 1157 1168
3 1179 1139 1180
3 1178 1153 1133
3 1178 1133 1157
3 1179 1150 1139
3 1181 1145 1123
3 1182 1159 1177
3 1181 1123 1160
3 1182 1126 1159
3 1182 1146 1126
3 1183 1160 1161
3 1184 1148 1163
3 1185 1143 1120
3 1184 1167 1148
3 1185 1120 1162
3 1186 1136 1165
3 1186 1156 1136
3 1187 1151 1166
3 1187 1172 1151
3 1188 1158 1169
3 1188 1177 1158
3 1189 1178 1168
3 1190 1144 1171
3 1191 70 1164
3 1191 1164 1142
3 1191 1142 1170
3 1190 1163 1144
3 1192 1190 1171
3 1193 1149 1172
3 1193 1170 1149
3 1192 1171 1173
3 1194 1154 1175
3 1195 1176 1155
3 1195 1155 1174
3 1196 1182 1177
3 1196 1177 1188
3 1197 1162 1176
3 1197 1176 1195
3 1197 1185 1162
3 1198 1178 1189
3 1199 1150 1179
3 1198 1174 1153
3 1198 1153 1178
3 1199 1169 1150
3 1200 1146 1182
3 1201 1145 1181
3 1200 1182 1196
3 1201 1168 1145
3 1200 1165 1146
3 1202 79 83
3 1203 1181 1160
3 1202 1167 1184
3 1203 1160 1183
3 1202 83 1167
3 1204 1175 1156
3 1205 1161 1206
3 1205 1183 1161
3 1204 1156 1186
3 1207 1196 1188
3 1208 1143 1185
3 1208 1166 1143
3 1209 1193 1172
3 1209 1172 1187
3 1210 1163 1190
3 1210 1184 1163
3 1211 1198 1189
3 1212 1180 1213
3 1214 1191 1170
3 1214 1170 1193
3 1212 1179 1180
3 1215 1197 1195
3 1216 1210 1190
3 1216 1190 1192
3 1217 1185 1197
3 1218 1173 1154
3 1218 1154 1194
3 1218 1192 1173
3 1217 1208 1185
3 1219 1174 1198
3 1220 1200 1196
3 1220 1196 1207
3 1219 1198 1211
3 1219 1195 1174
3 1221 1188 1169
3 1221 1207 1188
3 1222 1168 1201
3 1221 1169 1199
3 1222 1189 1168
3 1223 1181 1203
3 1224 1165 1200
3 1224 1200 1220
3 1223 1201 1181
3 1224 1186 1165
3 1225 1203 1183
3 1225 1183 1205
3 1225 1205 1206
3 1226 1175 1204
3 1227 1166 1208
3 1226 1194 1175
3 1228 1220 1207
3 1227 1187 1166
3 1229 1193 1209
3 1229 1214 1193
3 1230 1202 1184
3 1230 79 1202
3 1230 1184 1210
3 1230 75 79
3 1231 1199 1179
3 1232 1219 1211
3 1231 1179 1212
3 1233 74 70
3 1233 1191 1214
3 1233 70 1191
3 1234 1210 1216
3 1234 1230 1210
3 1235 1192 1218
3 1236 1197 1215
3 1236 1217 1197
3 1237 1227 1208
3 1235 1216 1192
3 1237 1208 1217
3 1238 1215 1195
3 1239 1224 1220
3 1238 1195 1219
3 1238 1219 1232
3 1240 1207 1221
3 1241 1189 1222
3 1242 1224 1239
3 1242 1204 1186
3 1242 1186 1224
3 1241 1211 1189
3 1243 1222 1201
3 1244 1213 1245
3 1244 1212 1213
3 1243 1201 1223
3 1246 1223 1203
3 1247 1218 1194
3 1246 1203 1225
3 1247 1194 1226
3 1248 1239 1220
3 1249 1209 1187
3 1249 1187 1227
3 1250 1225 1206
3 1248 1220 1228
3 1250 1246 1225
3 1251 1240 1221
3 1252 1214 1229
3 1252 1233 1214
3 1251 1199 1231
3 1251 1221 1199
3 1253 71 75
3 1253 75 1230
3 1254 1238 1232
3 1253 1230 1234
3 1255 1217 1236
3 1255 1237 1217
3 1256 1234 1216
3 1256 1216 1235
3 1257 1239 1248
3 1258 1227 1237
3 1258 1249 1227
3 1258 1237 1255
3 1259 1215 1238
3 1257 1242 1239
3 1260 1228 1207
3 1259 1236 1215
3 1260 1248 1228
3 1259 1238 1254
3 1261 1232 1211
3 1260 1207 1240
3 1262 1245 1263
3 1261 1211 1241
3 1262 1244 1245
3 1264 1241 1222
3 1265 1242 1257
3 1264 1222 1243
3 1265 1204 1242
3 1265 1226 1204
3 1266 1212 1244
3 1266 1231 1212
3 1267 1243 1223
3 1267 1223 1246
3 1268 1218 1247
3 1269 1206 1270
3 1269 1250 1206
3 1268 1235 1218
3 1271 1229 1209
3 1271 1209 1249
3 1272 1257 1248
3 1273 1267 1246
3 1274 1240 1251
3 1273 1250 1269
3 1273 1246 1250
3 1275 78 74
3 1276 1253 1234
3 1276 1234 1256
3 1275 74 1233
3 1275 1233 1252
3 1277 1259 1254
3 1278 1262 1263
3 1279 1258 1255
3 1280 1271 1249
3 1281 1265 1257
3 1282 1248 1260
3 1280 1249 1258
3 1282 1272 1248
3 1283 1259 1277
3 1283 1255 1236
3 1284 1266 1244
3 1283 1236 1259
3 1284 1262 1278
3 1284 1244 1262
3 1285 1265 1281
3 1286 1232 1261
3 1285 1226 1265
3 1286 1254 1232
3 1285 1247 1226
3 1287 1241 1264
3 1287 1261 1241
3 1288 1231 1266
3 1288 1251 1231
3 1289 1264 1243
3 1289 1243 1267
3 1290 1235 1268
3 1290 1256 1235
3 1291 1273 1269
3 1292 1257 1272
3 1292 1281 1257
3 1293 1229 1271
3 1293 1252 1229
3 1294 1260 1240
3 1294 1282 1260
3 1295 1267 1273
3 1295 1289 1267
3 1294 1240 1274
3 1295 1273 1291
3 1296 1253 1276
3 1296 71 1253
3 1297 1269 1270
3 1298 1284 1278
3 1299 1283 1277
3 1300 1285 1281
3 1301 1280 1258
3 1301 1258 1279
3 1302 1292 1272
3 1302 1272 1282
3 1303 1293 1271
3 1304 1266 1284
3 1303 1271 1280
3 1305 1255 1283
3 1304 1288 1266
3 1305 1283 1299
3 1304 1284 1298
3 1305 1279 1255
3 1306 1268 1247
3 1307 1277 1254
3 1306 1247 1285
3 1307 1254 1286
3 1306 1285 1300
3 1308 1278 1263
3 1308 1263 1309
3 1310 1261 1287
3 1308 1298 1278
3 1310 1286 1261
3 1311 1288 1304
3 1311 1251 1288
3 1312 1287 1264
3 1311 1274 1251
3 1312 1264 1289
3 1313 1256 1290
3 1314 1295 1291
3 1313 1276 1256
3 1315 1300 1281
3 1315 1281 1292
3 1316 1297 1270
3 1316 1270 1317
3 1318 82 78
3 1319 1282 1294
3 1318 1252 1293
3 1319 1302 1282
3 1318 78 1275
3 1318 1275 1252
3 1320 1312 1289
3 1320 1295 1314
3 1320 1289 1295
3 1321 1304 1298
3 1322 1291 1269
3 1323 1300 1315
3 1322 1269 1297
3 1323 1306 1300
3 1324 1315 1292
3 1324 1292 1302
3 1325 1305 1299
3 1326 1304 1321
3 1326 1311 1304
3 1327 1280 1301
3 1327 1303 1280
3 1328 1306 1323
3 1328 1290 1268
3 1329 1293 1303
3 1329 82 1318
3 1328 1268 1306
3 1329 1318 1293
3 1330 1298 1308
3 1331 1301 1279
3 1331 1279 1305
3 1330 1321 1298
3 1331 1305 1325
3 1332 1274 1311
3 1332 1311 1326
3 1333 1299 1277
3 1333 1277 1307
3 1332 1294 1274
3 1334 1276 1313
3 1335 1307 1286
3 1334 67 71
3 1335 1286 1310
3 1334 1296 1276
3 1334 71 1296
3 1336 1323 1315
3 1337 1287 1312
3 1337 1310 1287
3 1338 1324 1302
3 1338 1302 1319
3 1339 1320 1314
3 1340 1326 1321
3 1341 1297 1316
3 1341 1322 1297
3 1342 1337 1312
3 1342 1320 1339
3 1343 1328 1323
3 1342 1312 1320
3 1344 1336 1315
3 1344 1315 1324
3 1345 1291 1322
3 1346 1332 1326
3 1346 1326 1340
3 1345 1314 1291
3 1345 1322 1341
3 1347 1290 1328
3 1348 1331 1325
3 1347 1328 1343
3 1349 86 82
3 1347 1313 1290
3 1349 82 1329
3 1350 1309 1351
3 1349 1303 1327
3 1349 1329 1303
3 1350 1308 1309
3 1352 1331 1348
3 1352 1327 1301
3 1353 1321 1330
3 1352 1301 1331
3 1353 1340 1321
3 1354 1299 1333
3 1355 1294 1332
3 1354 1325 1299
3 1356 1341 1316
3 1355 1319 1294
3 1356 1316 1317
3 1357 1323 1336
3 1357 1343 1323
3 1358 1307 1335
3 1359 1324 1338
3 1358 1333 1307
3 1359 1344 1324
3 1360 1310 1337
3 1361 1346 1340
3 1360 1335 1310
3 1362 1342 1339
3 1363 1347 1343
3 1364 1345 1341
3 1365 1360 1337
3 1366 1357 1336
3 1365 1342 1362
3 1366 1336 1344
3 1365 1337 1342
3 1367 1355 1332
3 1367 1346 1361
3 1368 1314 1345
3 1367 1332 1346
3 1368 1345 1364
3 1369 67 1334
3 1369 1334 1313
3 1368 1339 1314
3 1369 63 67
3 1369 1313 1347
3 1370 1352 1348
3 1369 1347 1363
3 1371 1327 1352
3 1372 1330 1308
3 1371 1349 1327
3 1371 86 1349
3 1372 1308 1350
3 1371 1352 1370
3 1373 1348 1325
3 1373 1325 1354
3 1374 1340 1353
3 1374 1361 1340
3 1375 1364 1341
3 1376 1355 1367
3 1376 1338 1319
3 1375 1341 1356
3 1376 1319 1355
3 1377 1354 1333
3 1378 1343 1357
3 1377 1333 1358
3 1378 1363 1343
3 1379 1350 1351
3 1379 1351 1380
3 1381 1335 1360
3 1381 1358 1335
3 1382 1344 1359
3 1383 1365 1362
3 1382 1366 1344
3 1384 1368 1364
3 1385 1367 1361
3 1386 1360 1365
3 1386 1365 1383
3 1386 1381 1360
3 1387 63 1369
3 1388 1362 1339
3 1387 1369 1363
3 1388 1339 1368
3 1389 1378 1357
3 1390 91 86
3 1389 1357 1366
3 1390 86 1371
3 1390 1371 1370
3 1391 1367 1385
3 1392 1348 1373
3 1391 1376 1367
3 1392 1370 1348
3 1393 1364 1375
3 1394 1353 1330
3 1394 1330 1372
3 1393 1384 1364
3 1395 1361 1374
3 1396 1373 1354
3 1395 1385 1361
3 1396 1354 1377
3 1397 1359 1338
3 1397 1338 1376
3 1398 1377 1358
3 1398 1358 1381
3 1399 1387 1363
3 1399 59 63
3 1400 1386 1383
3 1399 63 1387
3 1399 1363 1378
3 1401 1350 1379
3 1402 1368 1384
3 1402 1388 1368
3 1401 1372 1350
3 1403 1366 1382
3 1404 1356 1317
3 1403 1389 1366
3 1404 1317 1405
3 1406 1391 1385
3 1407 1386 1400
3 1407 1381 1386
3 1407 1398 1381
3 1408 1399 1378
3 1408 1378 1389
3 1409 1383 1362
3 1409 1362 1388
3 1409 1388 1402
3 1410 91 1390
3 1411 1397 1376
3 1411 1391 1406
3 1410 1390 1370
3 1411 1376 1391
3 1410 1370 1392
3 1412 1353 1394
3 1413 1402 1384
3 1412 1374 1353
3 1413 1384 1393
3 1414 1385 1395
3 1414 1406 1385
3 1415 1373 1396
3 1415 1392 1373
3 1416 1380 1417
3 1416 1379 1380
3 1418 1377 1398
3 1418 1396 1377
3 1419 1359 1397
3 1419 1382 1359
3 1420 1407 1400
3 1421 1372 1401
3 1422 1409 1402
3 1421 1394 1372
3 1423 1375 1356
3 1424 1389 1403
3 1424 1408 1389
3 1423 1356 1404
3 1425 1411 1406
3 1426 1398 1407
3 1426 1418 1398
3 1426 1407 1420
3 1427 1399 1408
3 1427 59 1399
3 1428 1400 1383
3 1429 1397 1411
3 1429 1419 1397
3 1428 1383 1409
3 1429 1411 1425
3 1430 1374 1412
3 1431 1402 1413
3 1431 1422 1402
3 1432 1410 1392
3 1432 94 91
3 1432 91 1410
3 1432 1392 1415
3 1430 1395 1374
3 1433 1406 1414
3 1434 1415 1396
3 1433 1425 1406
3 1435 1379 1416
3 1434 1396 1418
3 1435 1401 1379
3 1436 1426 1420
3 1435 1421 1401
3 1437 1435 1416
3 1437 1417 1438
3 1439 1428 1409
3 1437 1416 1417
3 1440 1419 1429
3 1439 1409 1422
3 1441 1375 1423
3 1440 1382 1419
3 1440 1403 1382
3 1442 1412 1394
3 1441 1393 1375
3 1442 1394 1421
3 1443 1434 1418
3 1443 1426 1436
3 1443 1418 1426
3 1444 1408 1424
3 1445 1404 1405
3 1444 1427 1408
3 1446 1429 1425
3 1445 1405 1447
3 1448 1420 1400
3 1449 1440 1429
3 1448 1400 1428
3 1449 1429 1446
3 1450 1414 1395
3 1450 1395 1430
3 1451 1445 1447
3 1452 1422 1431
3 1453 1446 1425
3 1452 1439 1422
3 1453 1425 1433
3 1454 94 1432
3 1454 1432 1415
3 1454 1415 1434
3 1455 1421 1435
3 1456 1443 1436
3 1457 1435 1437
3 1458 1428 1439
3 1458 1448 1428
3 1459 1424 1403
3 1459 1403 1440
3 1460 1393 1441
3 1461 1430 1412
3 1460 1413 1393
3 1461 1412 1442
3 1462 1434 1443
3 1462 1454 1434
3 1462 1443 1456
3 1463 55 59
3 1464 1404 1445
3 1463 59 1427
3 1463 1427 1444
3 1465 1449 1446
3 1464 1423 1404
3 1466 1459 1440
3 1467 1436 1420
3 1466 1449 1465
3 1467 1420 1448
3 1466 1440 1449
3 1467 1448 1458
3 1468 1433 1414
3 1469 1464 1445
3 1469 1445 1451
3 1468 1414 1450
3 1470 1465 1446
3 1470 1446 1453
3 1471 1421 1455
3 1472 1439 1452
3 1472 1458 1439
3 1471 1461 1442
3 1473 1462 1456
3 1471 1442 1421
3 1474 1467 1458
3 1475 1455 1435
3 1475 1435 1457
3 1476 1431 1413
3 1477 1457 1437
3 1476 1413 1460
3 1477 1438 1478
3 1477 1437 1438
3 1479 1447 1480
3 1481 1424 1459
3 1482 98 94
3 1481 1444 1424
3 1482 94 1454
3 1482 1454 1462
3 1483 1430 1461
3 1482 1462 1473
3 1483 1450 1430
3 1484 1441 1423
3 1484 1464 1469
3 1484 1423 1464
3 1485 1466 1465
3 1486 1481 1459
3 1487 1447 1479
3 1486 1466 1485
3 1487 1451 1447
3 1486 1459 1466
3 1488 1453 1433
3 1489 1436 1467
3 1489 1456 1436
3 1490 1484 1469
3 1488 1433 1468
3 1491 1485 1465
3 1491 1465 1470
3 1492 1474 1458
3 1492 1458 1472
3 1493 1461 1471
3 1494 1482 1473
3 1494 98 1482
3 1495 1455 1475
3 1496 1489 1467
3 1496 1467 1474
3 1495 1471 1455
3 1497 1457 1477
3 1498 1452 1431
3 1498 1431 1476
3 1499 55 1463
3 1499 1444 1481
3 1499 51 55
3 1499 1463 1444
3 1500 1468 1450
3 1501 1487 1479
3 1500 1450 1483
3 1502 1460 1441
3 1503 1486 1485
3 1502 1441 1484
3 1504 1451 1487
3 1505 1477 1478
3 1505 1478 1506
3 1504 1487 1501
3 1504 1469 1451
3 1507 1481 1486
3 1508 1479 1480
3 1507 1486 1503
3 1508 1501 1479
3 1507 1499 1481
3 1508 1480 1509
3 1507 51 1499
3 1510 1456 1489
3 1511 1453 1488
3 1511 1470 1453
3 1510 1473 1456
3 1512 1485 1491
3 1512 1503 1485
3 1513 1502 1484
3 1513 1484 1490
3 1514 1483 1461
3 1514 1461 1493
3 1515 1496 1474
3 1515 1474 1492
3 1516 1493 1471
3 1517 1510 1489
3 1517 1489 1496
3 1516 1471 1495
3 1518 1475 1457
3 1519 1452 1498
3 1518 1457 1497
3 1519 1472 1452
3 1518 1495 1475
3 1520 1504 1501
3 1521 1468 1500
3 1521 1488 1468
3 1522 1476 1460
3 1522 1460 1502
3 1523 47 51
3 1523 1507 1503
3 1524 1490 1469
3 1523 51 1507
3 1525 1497 1477
3 1524 1504 1520
3 1524 1469 1504
3 1525 1477 1505
3 1526 1491 1470
3 1526 1470 1511
3 1527 1501 1508
3 1527 1520 1501
3 1528 102 98
3 1528 98 1494
3 1528 1494 1473
3 1528 1473 1510
3 1529 1503 1512
3 1530 1508 1509
3 1529 1523 1503
3 1530 1527 1508
3 1531 1483 1514
3 1530 1509 1532
3 1533 1522 1502
3 1531 1500 1483
3 1533 1502 1513
3 1534 1493 1516
3 1534 1514 1493
3 1535 1496 1515
3 1535 1517 1496
3 1536 102 1528
3 1536 1510 1517
3 1536 1528 1510
3 1537 1495 1518
3 1538 1505 1506
3 1538 1506 1539
3 1540 1472 1519
3 1540 1492 1472
3 1541 1511 1488
3 1542 1524 1520
3 1541 1488 1521
3 1543 1476 1522
3 1543 1522 1533
3 1544 1497 1525
3 1544 1518 1497
3 1543 1498 1476
3 1545 1490 1524
3 1546 1512 1491
3 1545 1524 1542
3 1545 1513 1490
3 1546 1491 1526
3 1547 1523 1529
3 1547 47 1523
3 1548 1500 1531
3 1549 1520 1527
3 1549 1542 1520
3 1550 1532 1551
3 1548 1521 1500
3 1550 1530 1532
3 1552 1549 1527
3 1552 1530 1550
3 1553 1514 1534
3 1553 1531 1514
3 1554 1495 1537
3 1552 1527 1530
3 1555 1543 1533
3 1554 1534 1516
3 1554 1516 1495
3 1556 1536 1517
3 1557 1539 1558
3 1556 1517 1535
3 1557 1538 1539
3 1559 1525 1505
3 1560 1515 1492
3 1560 1492 1540
3 1559 1505 1538
3 1561 1511 1541
3 1562 1545 1542
3 1561 1526 1511
3 1563 1537 1518
3 1563 1518 1544
3 1564 1519 1498
3 1564 1498 1543
3 1565 1545 1562
3 1566 1512 1546
3 1565 1533 1513
3 1566 1529 1512
3 1567 1557 1558
3 1565 1513 1545
3 1568 1550 1551
3 1569 1521 1548
3 1570 1562 1542
3 1570 1542 1549
3 1569 1541 1521
3 1571 1552 1550
3 1572 1531 1553
3 1572 1548 1531
3 1573 1549 1552
3 1574 1553 1534
3 1573 1570 1549
3 1573 1552 1571
3 1574 1534 1554
3 1575 1538 1557
3 1575 1559 1538
3 1576 1543 1555
3 1576 1564 1543
3 1577 1525 1559
3 1577 1544 1525
3 1578 107 102
3 1578 102 1536
3 1578 1536 1556
3 1579 1515 1560
3 1580 1526 1561
3 1579 1535 1515
3 1580 1546 1526
3 1581 1565 1562
3 1582 1537 1563
3 1582 1554 1537
3 1583 1519 1564
3 1584 47 1547
3 1584 43 47
3 1584 1529 1566
3 1583 1540 1519
3 1584 1547 1529
3 1585 1555 1533
3 1586 1557 1567
3 1585 1565 1581
3 1585 1533 1565
3 1586 1575 1557
3 1587 1561 1541
3 1588 1550 1568
3 1587 1541 1569
3 1588 1571 1550
3 1589 1569 1548
3 1590 1581 1562
3 1589 1548 1572
3 1590 1562 1570
3 1591 1573 1571
3 1592 1553 1574
3 1592 1572 1553
3 1593 1551 1594
3 1595 1577 1559
3 1595 1559 1575
3 1593 1588 1568
3 1593 1568 1551
3 1596 1570 1573
3 1597 1558 1598
3 1597 1567 1558
3 1596 1573 1591
3 1596 1590 1570
3 1599 1563 1544
3 1599 1544 1577
3 1600 1564 1576
3 1600 1583 1564
3 1601 1546 1580
3 1602 1556 1535
3 1602 1535 1579
3 1601 1566 1546
3 1603 1574 1554
3 1603 1554 1582
3 1604 1585 1581
3 1605 1560 1540
3 1605 1583 1600
3 1606 1575 1586
3 1605 1540 1583
3 1606 1595 1575
3 1607 1576 1555
3 1607 1555 1585
3 1608 1561 1587
3 1607 1585 1604
3 1608 1580 1561
3 1609 1571 1588
3 1609 1591 1571
3 1610 1587 1569
3 1610 1569 1589
3 1611 1581 1590
3 1611 1604 1581
3 1612 1572 1592
3 1613 1599 1577
3 1614 1596 1591
3 1614 1591 1609
3 1613 1577 1595
3 1613 1595 1606
3 1615 1609 1588
3 1615 1588 1593
3 1616 1590 1596
3 1617 1586 1567
3 1617 1567 1597
3 1616 1611 1590
3 1616 1596 1614
3 1618 1563 1599
3 1619 1605 1600
3 1618 1582 1563
3 1620 1578 1556
3 1621 1566 1601
3 1620 111 107
3 1620 115 111
3 1621 38 43
3 1620 1556 1602
3 1620 107 1578
3 1621 43 1584
3 1621 1584 1566
3 1622 1607 1604
3 1623 1592 1574
3 1623 1574 1603
3 1624 1613 1606
3 1625 1579 1560
3 1625 1560 1605
3 1626 1580 1608
3 1627 1607 1622
3 1626 1601 1580
3 1627 1600 1576
3 1627 1576 1607
3 1628 1608 1587
3 1629 1614 1609
3 1630 1622 1604
3 1628 1587 1610
3 1631 1617 1597
3 1630 1604 1611
3 1631 1598 1632
3 1633 1614 1629
3 1631 1597 1598
3 1633 1616 1614
3 1634 1610 1589
3 1634 1572 1612
3 1635 1629 1609
3 1634 1589 1572
3 1635 1609 1615
3 1636 1618 1599
3 1637 1594 1638
3 1636 1599 1613
3 1637 1593 1594
3 1636 1613 1624
3 1637 1615 1593
3 1639 1630 1611
3 1639 1616 1633
3 1640 1586 1617
3 1639 1611 1616
3 1641 1605 1619
3 1641 1625 1605
3 1640 1606 1586
3 1642 1582 1618
3 1643 1627 1622
3 1642 1603 1582
3 1644 1612 1592
3 1645 1579 1625
3 1645 1602 1579
3 1644 1592 1623
3 1646 1600 1627
3 1646 1619 1600
3 1647 1636 1624
3 1646 1627 1643
3 1648 38 1621
3 1648 1621 1601
3 1648 34 38
3 1648 1601 1626
3 1649 1633 1629
3 1650 1608 1628
3 1651 1622 1630
3 1650 1626 1608
3 1651 1643 1622
3 1652 1617 1631
3 1653 1639 1633
3 1653 1633 1649
3 1654 1628 1610
3 1655 1629 1635
3 1655 1649 1629
3 1654 1610 1634
3 1656 1618 1636
3 1657 1615 1637
3 1656 1642 1618
3 1658 1651 1630
3 1659 1624 1606
3 1658 1630 1639
3 1658 1639 1653
3 1659 1606 1640
3 1660 1625 1641
3 1660 1645 1625
3 1661 1623 1603
3 1662 1638 1663
3 1662 1663 1664
3 1662 1637 1638
3 1661 1603 1642
3 1665 1632 1666
3 1665 1631 1632
3 1667 1646 1643
3 1668 1612 1644
3 1669 115 1620
3 1669 1620 1602
3 1668 1634 1612
3 1669 1602 1645
3 1670 1656 1636
3 1670 1636 1647
3 1671 1619 1646
3 1671 1646 1667
3 1671 1641 1619
3 1672 30 34
3 1672 1648 1626
3 1672 34 1648
3 1673 1653 1649
3 1672 1626 1650
3 1674 1640 1617
3 1674 1617 1652
3 1675 1643 1651
3 1674 1659 1640
3 1675 1667 1643
3 1676 1658 1653
3 1677 1628 1654
3 1676 1653 1673
3 1677 1650 1628
3 1678 1649 1655
3 1679 1642 1656
3 1679 1661 1642
3 1678 1673 1649
3 1679 1656 1670
3 1680 1635 1615
3 1681 1647 1624
3 1680 1655 1635
3 1681 1624 1659
3 1680 1615 1657
3 1682 1665 1666
3 1682 1666 1683
3 1684 1651 1658
3 1684 1675 1651
3 1684 1658 1676
3 1685 1644 1623
3 1686 119 115
3 1686 115 1669
3 1686 1645 1660
3 1685 1623 1661
3 1686 1669 1645
3 152 1637 1662
3 1687 1631 1665
3 1687 1652 1631
3 152 1657 1637
3 1688 1671 1667
3 1689 1671 1688
3 164 1654 1634
3 164 1634 1668
3 1689 1660 1641
3 147 1679 1670
3 1689 1641 1671
3 1690 1676 1673
3 178 1659 1674
3 1691 1688 1667
3 1691 1667 1675
3 183 1650 1677
3 183 1672 1650
3 1692 1661 1679
3 1692 1685 1661
3 1693 1676 1690
3 1693 1684 1676
3 1694 1690 1673
3 1694 1673 1678
3 173 1682 1683
3 168 1655 1680
3 1695 1670 1647
3 1695 1647 1681
3 144 1662 1664
3 144 152 1662
3 1696 1684 1693
3 1696 1691 1675
3 1697 1665 1682
3 1697 1687 1665
3 1696 1675 1684
3 1698 1668 1644
3 1698 1644 1685
3 151 1680 1657
3 154 1652 1687
3 151 1657 152
3 154 1674 1652
3 1699 1689 1688
3 163 1677 1654
3 1700 1660 1689
3 1700 1689 1699
3 1700 1686 1660
3 163 1654 164
3 1700 119 1686
3 1701 1693 1690
3 149 1692 1679
3 159 1688 1691
3 149 1679 147
3 179 1681 1659
3 179 1695 1681
3 159 1699 1688
3 179 1659 178
3 1702 1696 1693
3 185 1672 183
3 197 1701 1690
3 197 1690 1694
3 185 30 1672
3 1703 1685 1692
3 167 1655 168
3 1703 1698 1685
3 172 1697 1682
3 167 1694 1678
3 172 1682 173
3 167 1678 1655
3 145 1664 203
3 148 147 1670
3 148 1670 1695
3 145 144 1664
3 143 152 144
3 155 1687 1697
3 160 1691 1696
3 155 154 1687
3 160 1696 1702
3 160 159 1691
3 170 164 1668
3 169 168 1680
3 170 1668 1698
3 169 1680 151
3 174 173 1683
3 174 1683 214
3 157 1674 154
3 157 178 1674
3 176 145 203
3 187 1700 1699
3 187 123 119
3 187 119 1700
3 184 183 1677
3 181 1693 1701
3 184 1677 163
3 181 1702 1693
3 161 1699 159
3 191 1703 1692
3 191 1692 149
3 161 187 1699
3 165 160 1702
3 195 148 1695
3 195 1695 179
3 165 1702 181
3 193 1701 197
3 193 181 1701
3 190 1698 1703
3 190 170 1698
3 190 1703 191
3 198 197 1694
3 156 1697 172
3 198 1694 167
3 156 155 1697
3 1704 1705 35
3 1704 35 40
3 1706 1704 40
3 1706 40 44
3 1707 1706 44
3 1707 44 48
3 1708 1707 48
3 1708 48 52
3 1709 1708 52
3 1709 52 56
3 1709 56 60
3 1710 1709 60
3 1711 1710 60
3 1711 60 64
3 1712 1711 64
3 1712 64 68
3 1713 1712 72
3 1712 68 72
3 1714 1713 72
3 1715 1714 76
3 1714 72 76
3 1715 76 80
3 1716 1715 84
3 1717 1716 84
3 1715 80 84
3 1717 84 88
3 1718 1717 92
3 1719 1718 92
3 1717 88 92
3 1719 92 95
3 1719 95 99
3 1720 1719 99
3 1720 99 103
3 1721 1720 103
3 1722 1721 103
3 1722 103 108
3 1722 108 112
3 1723 1722 112
3 1724 1723 112
3 1724 112 116
3 1724 116 120
3 1725 1724 120
3 1725 120 124
3 1726 1725 124
3 1726 124 128
3 1727 1726 128
3 1728 1727 128
3 1728 128 129
3 1728 129 134
3 1729 1728 134
3 1729 134 140
3 1730 1729 140
3 1730 140 138
3 1731 1730 138
3 1732 1731 138
3 1732 138 135
3 1732 135 131
3 1733 1732 131
3 1734 1733 125
3 1735 1734 125
3 1733 131 125
3 1735 125 121
3 1736 1735 117
3 1735 121 117
3 1737 1736 113
3 1738 1737 113
3 1736 117 113
3 1738 113 109
3 1739 1738 105
3 1738 109 105
3 1740 1739 101
3 1739 105 101
3 1741 1740 97
3 1742 1741 97
3 1740 101 97
3 1742 97 93
3 1742 93 89
3 1743 1742 89
3 1743 89 85
3 1744 1743 85
3 1745 1744 85
3 1745 85 81
3 1745 81 77
3 1746 1745 77
3 1747 1746 77
3 1747 77 73
3 1748 1747 69
3 1747 73 69
3 1749 1748 65
3 1750 1749 65
3 1748 69 65
3 1750 65 61
3 1751 1750 57
3 1750 61 57
3 1752 1751 53
3 1753 1752 53
3 1751 57 53
3 1753 53 50
3 1754 1753 46
3 1753 50 46
3 1755 1754 42
3 1756 1755 42
3 1754 46 42
3 1756 42 39
3 1757 1756 33
3 1758 1757 33
3 1756 39 33
3 1758 33 29
3 1759 1758 26
3 1758 29 26
3 1760 1759 22
3 1761 1760 22
3 1759 26 22
3 1761 22 18
3 1762 1761 14
3 1761 18 14
3 1763 1762 10
3 1764 1763 10
3 1762 14 10
3 1764 10 5
3 1765 1764 2
3 1764 5 2
3 1766 1765 3
3 1767 1766 3
3 1765 2 3
3 1767 3 7
3 1768 1767 12
3 1767 7 12
3 1768 12 16
3 1769 1768 16
3 1770 1769 16
3 1770 16 19
3 1770 19 24
3 1771 1770 24
3 1771 24 28
3 1772 1771 28
3 1773 1772 28
3 1773 28 32
3 1773 32 35
3 1705 1773 35
3 434 380 1774
3 434 1774 1775
3 479 434 1775
3 479 1775 1776
3 534 1777 1778
3 518 479 1776
3 518 1776 1779
3 564 1778 1780
3 564 534 1778
3 519 518 1779
3 519 1779 1781
3 566 1780 1782
3 566 564 1780
3 587 519 1781
3 587 1781 1783
3 533 587 1783
3 583 1782 1784
3 533 1783 1785
3 583 566 1782
3 534 1785 1777
3 534 533 1785
3 1532 1786 1551
3 1786 1787 1594
3 1594 1787 1638
3 616 1784 1788
3 616 583 1784
3 660 1788 1789
3 660 616 1788
3 711 1789 1790
3 711 660 1789
3 713 1790 1791
3 713 711 1790
3 801 1791 1792
3 801 713 1791
3 828 1792 1793
3 828 801 1792
3 1794 1795 1796
3 1794 1796 1797
3 895 1793 1795
3 895 828 1793
3 895 1795 1794
3 1798 895 1794
3 941 895 1798
3 1799 1797 1800
3 1799 1800 1801
3 1799 1794 1797
3 982 941 1798
3 1802 982 1798
3 983 982 1802
3 1803 1801 1804
3 1803 1804 1805
3 1803 1799 1801
3 1047 1802 1806
3 1047 983 1802
3 1067 1806 1807
3 1067 1047 1806
3 1808 1805 1809
3 1808 1809 1810
3 1808 1803 1805
3 1115 1067 1807
3 1811 1810 1812
3 1811 1808 1810
3 1813 1812 1814
3 1813 1814 1815
3 1813 1811 1812
3 1816 1813 1815
3 1816 1815 1817
3 1818 1816 1817
3 1818 1817 1819
3 1818 1819 1820
3 1821 1818 1820
3 1821 1820 1822
3 1823 1821 1822
3 1823 1822 1824
3 1823 1824 1825
3 1826 1823 1825
3 1826 1825 1827
3 1828 1826 1827
3 1828 1827 1829
3 1828 1829 1830
3 1831 1828 1830
3 1831 1830 1832
3 1831 1832 1833
3 1594 1551 1786
3 1834 1831 1833
3 1834 1833 1835
3 1836 1835 1837
3 1836 1834 1835
3 1838 1836 1837
3 1663 1787 1839
3 1663 1638 1787
3 1840 1836 1838
3 1664 1839 1840
3 1664 1663 1839
3 203 1664 1840
3 204 1838 1841
3 204 1840 1838
3 204 203 1840
3 239 1841 1842
3 239 204 1841
3 240 1842 1843
3 240 239 1842
3 292 1843 1844
3 292 240 1843
3 337 1844 1845
3 337 292 1844
3 376 1845 1846
3 376 337 1845
3 377 1846 1847
3 377 376 1846
3 426 1847 1848
3 426 377 1847
3 470 426 1848
3 470 1848 1849
3 512 470 1849
3 512 1849 1850
3 545 512 1850
3 545 1850 1851
3 546 545 1851
3 546 1851 1852
3 624 546 1852
3 624 1852 1853
3 688 624 1853
3 688 1853 1854
3 742 688 1854
3 742 1854 1855
3 743 742 1855
3 743 1855 1856
3 825 743 1856
3 825 1856 1857
3 892 825 1857
3 892 1857 1858
3 932 892 1858
3 932 1858 1859
3 933 932 1859
3 933 1859 1860
3 1001 933 1860
3 1001 1860 1861
3 1022 1001 1861
3 1022 1861 1862
3 1062 1022 1862
3 1062 1862 1863
3 1089 1863 1864
3 1089 1062 1863
3 1122 1864 1865
3 1122 1089 1864
3 1139 1865 1866
3 1139 1122 1865
3 1180 1866 1867
3 1180 1139 1866
3 1213 1867 1868
3 1213 1180 1867
3 1245 1868 1869
3 1245 1213 1868
3 1263 1869 1870
3 1263 1245 1869
3 1309 1870 1871
3 1309 1263 1870
3 1351 1871 1872
3 1351 1309 1871
3 1380 1872 1873
3 1380 1351 1872
3 1417 1380 1873
3 1417 1873 1874
3 1438 1417 1874
3 1438 1874 1875
3 1478 1438 1875
3 1478 1875 1876
3 1506 1478 1876
3 1506 1876 1877
3 1539 1506 1877
3 1539 1877 1878
3 1558 1539 1878
3 1558 1878 1879
3 1598 1558 1879
3 1598 1879 1880
3 1632 1598 1880
3 1632 1880 1881
3 1666 1632 1881
3 1666 1881 1882
3 1683 1666 1882
3 1683 1882 1883
3 214 1683 1883
3 214 1883 1884
3 215 214 1884
3 215 1884 1885
3 244 215 1885
3 244 1885 1886
3 245 244 1886
3 245 1886 1887
3 300 245 1887
3 300 1887 1888
3 345 300 1888
3 345 1888 1889
3 379 345 1889
3 379 1889 1890
3 380 379 1890
3 380 1890 1774
3 1532 1891 1892
3 1786 1532 1892
3 1893 1894 1895
3 1894 1896 1895
3 1897 1893 1898
3 1893 1895 1898
3 1786 1892 1899
3 1787 1786 1899
3 1897 1898 1900
3 1787 1899 1901
3 1839 1787 1901
3 1798 1897 1902
3 1897 1900 1902
3 1802 1798 1903
3 1839 1901 1904
3 1840 1839 1904
3 1798 1902 1903
3 1806 1802 1905
3 1906 1840 1907
3 1802 1903 1905
3 1840 1904 1907
3 1906 1907 1908
3 1909 1906 1910
3 1906 1908 1910
3 1806 1905 1911
3 1807 1806 1912
3 1115 1807 1912
3 1913 1909 1914
3 1909 1910 1914
3 1806 1911 1912
3 1913 1914 1915
3 1161 1115 1916
3 1115 1912 1916
3 1161 1916 1917
3 1206 1161 1918
3 1161 1917 1918
3 1270 1206 1919
3 1206 1918 1919
3 1270 1919 1920
3 1317 1270 1920
3 1317 1920 1921
3 1317 1921 1922
3 1405 1317 1922
3 1405 1922 1923
3 1447 1405 1923
3 1447 1923 1924
3 1480 1447 1924
3 1480 1924 1925
3 1509 1480 1925
3 1509 1925 1891
3 1532 1509 1891
3 1764 1765 1926
3 1765 1766 1926
3 1926 1766 1927
3 1766 1767 1927
3 1764 1926 1928
3 1763 1764 1928
3 1767 1768 1929
3 1927 1767 1929
3 1763 1928 1930
3 1762 1763 1930
3 1768 1769 1931
3 1929 1768 1931
3 1760 1761 1932
3 1761 1762 1932
3 1762 1930 1932
3 1769 1770 1933
3 1770 1771 1933
3 1931 1769 1933
3 1760 1932 1934
3 1759 1760 1934
3 1933 1771 1935
3 1771 1772 1935
3 1758 1759 1936
3 1759 1934 1936
3 1772 1773 1937
3 1935 1772 1937
3 1757 1758 1938
3 1758 1936 1938
3 1705 1704 1939
3 1937 1773 1939
3 1773 1705 1939
3 1755 1756 1940
3 1756 1757 1940
3 1757 1938 1940
3 1704 1706 1941
3 1939 1704 1941
3 1754 1755 1942
3 1755 1940 1942
3 1706 1707 1943
3 1941 1706 1943
3 1754 1942 1944
3 1753 1754 1944
3 1707 1708 1945
3 1708 1709 1945
3 1943 1707 1945
3 1753 1944 1946
3 1751 1752 1946
3 1752 1753 1946
3 1709 1710 1947
3 1945 1709 1947
3 1751 1946 1948
3 1750 1751 1948
3 1710 1711 1949
3 1947 1710 1949
3 1750 1948 1950
3 1749 1750 1950
3 1711 1712 1951
3 1949 1711 1951
3 1749 1950 1952
3 1748 1749 1952
3 1951 1712 1953
3 1953 1712 1713
3 1748 1952 1747
3 1952 1954 1747
3 1955 1953 1714
3 1953 1713 1714
3 1747 1954 1746
3 1954 1956 1746
3 1957 1955 1715
3 1955 1714 1715
3 1746 1956 1745
3 1956 1958 1745
3 1959 1957 1716
3 1957 1715 1716
3 1745 1958 1744
3 1958 1960 1744
3 1959 1716 1717
3 1744 1960 1743
3 1961 1959 1718
3 1959 1717 1718
3 1743 1960 1742
3 1960 1962 1742
3 1963 1961 1719
3 1961 1718 1719
3 1962 1964 1741
3 1742 1962 1741
3 1965 1963 1720
3 1963 1719 1720
3 1741 1964 1740
3 1964 1966 1740
3 1965 1720 1721
3 1740 1966 1739
3 1967 1965 1722
3 1965 1721 1722
3 1739 1966 1738
3 1966 1968 1738
3 1969 1967 1723
3 1967 1722 1723
3 1738 1968 1737
3 1968 1970 1737
3 1969 1723 1724
3 1971 1969 1724
3 1737 1970 1736
3 1970 1972 1736
3 1973 1971 1725
3 1971 1724 1725
3 1736 1972 1735
3 1973 1725 1726
3 1972 1974 1734
3 1735 1972 1734
3 1975 1973 1727
3 1973 1726 1727
3 1974 1976 1733
3 1734 1974 1733
3 1977 1975 1728
3 1975 1727 1728
3 1976 1978 1732
3 1733 1976 1732
3 1979 1977 1729
3 1977 1728 1729
3 1978 1979 1731
3 1732 1978 1731
3 1979 1729 1730
3 1731 1979 1730
3 1897 1798 1794
3 1980 1897 1794
3 1981 1897 1980
3 1893 1897 1981
3 1982 1893 1981
3 1894 1893 1982
3 1983 1984 1828
3 1983 1828 1831
3 1985 1982 1981
3 1986 1983 1831
3 1987 1981 1980
3 1988 1986 1831
3 1987 1985 1981
3 1989 1980 1794
3 1988 1831 1834
3 1989 1987 1980
3 1990 1794 1799
3 1990 1989 1794
3 1991 1988 1834
3 1991 1834 1836
3 1992 1990 1799
3 1993 1836 1994
3 1993 1991 1836
3 1995 1799 1803
3 1995 1992 1799
3 1996 1994 1997
3 1996 1993 1994
3 1998 1995 1803
3 1999 1997 2000
3 1999 1996 1997
3 2001 1803 1808
3 2001 1998 1803
3 2002 2001 1808
3 1811 2002 1808
3 2003 2002 1811
3 2004 1811 1813
3 2004 2003 1811
3 2005 2004 1813
3 1816 2005 1813
3 2006 2005 1816
3 2007 1816 1818
3 2007 2006 1816
3 2008 2007 1818
3 1821 2008 1818
3 2009 2008 1821
3 2010 2009 1821
3 2010 1821 1823
3 2011 2010 1823
3 2011 1823 1826
3 2012 2011 1826
3 1984 2012 1826
3 1984 1826 1828
3 1997 1906 1909
3 2000 1909 1913
3 2000 1997 1909
3 1994 1906 1997
3 1836 1840 1906
3 1836 1906 1994
3 2013 2014 2015
3 2013 2015 2016
3 2013 2016 2017
3 1835 2000 1837
3 2018 2019 2020
3 2021 2020 2019
3 2021 2019 2022
3 2023 2019 2018
3 2024 2021 2022
3 2025 2026 2027
3 2025 2027 2028
3 2025 2028 2029
3 2030 2019 2023
3 2031 2032 2033
3 2034 2032 2031
3 2035 2024 2022
3 2035 2022 2036
3 2037 2031 2033
3 2037 2033 2038
3 2039 2017 2040
3 2041 2032 2034
3 2042 2019 2030
3 2041 2043 2032
3 2039 2013 2017
3 2042 1886 2019
3 2044 2035 2036
3 2044 2036 2045
3 2046 2047 2048
3 2046 2048 2049
3 2050 2037 2038
3 2046 2049 2026
3 2050 2038 2051
3 2052 1886 2042
3 2053 2043 2041
3 2046 2026 2025
3 2052 1887 1886
3 2053 2054 2043
3 2055 2040 2056
3 2057 2050 2051
3 2055 2039 2040
3 2058 2047 2046
3 2059 2044 2045
3 2060 2054 2053
3 1999 1835 1833
3 2060 2061 2054
3 2058 2062 2047
3 1999 2000 1835
3 2063 2055 2056
3 2063 2056 2064
3 2065 2059 2045
3 2066 2057 2051
3 2067 1887 2052
3 2068 2062 2058
3 2068 2069 2062
3 2070 2059 2065
3 2071 2061 2060
3 2072 2063 2064
3 2072 2064 2073
3 2074 2066 2051
3 2075 2069 2068
3 2075 2076 2069
3 2077 2061 2071
3 2077 2078 2061
3 2079 2072 2073
3 2079 2076 2075
3 2079 2073 2076
3 2080 2051 2081
3 2080 2074 2051
3 2082 2070 2065
3 2082 2083 2070
3 2084 2078 2077
3 1832 1999 1833
3 2085 1896 2013
3 1913 1915 2086
3 1913 2086 2087
3 1985 1999 1819
3 1985 1819 1817
3 1985 1817 1815
3 1985 1815 1814
3 1985 1814 1812
3 1985 1812 1810
3 1985 1810 1809
3 2088 2078 2084
3 1819 1999 1820
3 1820 1999 1822
3 1822 1999 1824
3 1824 1999 1825
3 2088 2089 2078
3 1825 1999 1827
3 1896 1894 2013
3 2013 1894 2014
3 2014 1894 2090
3 2091 2083 2082
3 2092 2089 2088
3 2092 2093 2089
3 2091 2094 2083
3 2095 2093 2092
3 1830 1999 1832
3 2096 2094 2091
3 2096 2097 2094
3 2098 2067 2099
3 2098 2099 2100
3 2098 2100 2101
3 2098 1888 1887
3 2098 1889 1888
3 2098 1890 1889
3 2098 1887 2067
3 2102 2098 2101
3 1863 2103 2104
3 2105 2102 2101
3 2106 2107 2097
3 1862 2108 2103
3 2106 2097 2096
3 2109 2101 2110
3 2109 2110 2111
3 2109 2105 2101
3 1862 2103 1863
3 1864 1863 2104
3 1915 2112 2086
3 1864 2104 2113
3 2114 2115 2107
3 2114 2107 2106
3 1861 2116 2108
3 1829 1999 1830
3 2117 2111 2118
3 2117 2118 2119
3 1861 2108 1862
3 2117 2119 2115
3 1865 1864 2113
3 2117 2109 2111
3 2117 2115 2114
3 1865 2113 2080
3 1860 2116 1861
3 1860 2120 2116
3 1827 1999 1829
3 2121 1774 1890
3 2121 1890 2098
3 1866 1865 2080
3 1866 2080 2081
3 1859 2120 1860
3 1859 2122 2120
3 2123 2124 2109
3 2123 2109 2117
3 1867 1866 2081
3 1858 2125 2122
3 1858 2122 1859
3 2126 1775 1774
3 2126 1774 2121
3 1868 1867 2081
3 2127 2124 2123
3 1857 2095 2125
3 1857 2125 1858
3 2127 2128 2124
3 1869 1868 2081
3 1856 2095 1857
3 2129 2128 2127
3 2130 1776 1775
3 1856 2131 2093
3 1856 2093 2095
3 2130 1775 2126
3 2132 2128 2129
3 1870 1869 2081
3 1855 2131 1856
3 1855 2133 2134
3 1855 2134 2131
3 2135 2132 2129
3 2136 1779 1776
3 1871 1870 2081
3 2136 1781 1779
3 1854 2133 1855
3 2136 1776 2130
3 1854 2137 2133
3 1872 1871 2081
3 1853 2137 1854
3 2138 2132 2135
3 2138 2139 2132
3 2140 1781 2136
3 1853 2141 2137
3 2140 1783 1781
3 1873 1872 2081
3 1852 2141 1853
3 1852 2142 2141
3 2143 2139 2138
3 1851 2142 1852
3 2143 2144 2139
3 1851 2145 2146
3 1851 2146 2142
3 2147 1785 1783
3 2147 1777 1785
3 2147 1783 2140
3 1850 2145 1851
3 1850 2148 2145
3 1849 2148 1850
3 1849 2149 2148
3 2150 2144 2143
3 2150 2151 2144
3 1848 2152 2149
3 1848 2149 1849
3 2153 1874 1873
3 2153 1875 1874
3 2153 1876 1875
3 2153 1877 1876
3 2153 1873 2081
3 1878 1877 2153
3 1847 2154 2155
3 1847 2155 2152
3 1847 2152 1848
3 1879 1878 2153
3 1846 2156 2154
3 1846 2154 1847
3 1880 1879 2153
3 2157 2151 2150
3 2158 2151 2157
3 2159 2160 2161
3 2159 2161 2162
3 2163 2161 2164
3 2163 2162 2161
3 1982 1793 1792
3 1982 1795 1793
3 1982 1796 1795
3 1982 1797 1796
3 2165 2160 2159
3 2166 1778 1777
3 2166 1780 1778
3 2166 1782 1780
3 1881 1880 2153
3 2166 1777 2147
3 2167 2164 2156
3 2167 2163 2164
3 2168 2160 2165
3 2168 2169 2160
3 2170 2167 2156
3 2170 2156 1846
3 2170 1846 1845
3 2171 2169 2168
3 2171 2172 2169
3 2173 2151 2158
3 2173 2174 2151
3 2173 2175 2174
3 2173 2147 2175
3 2173 2166 2147
3 2176 2170 1845
3 1894 1982 1792
3 2176 1845 1844
3 1894 1791 1790
3 1894 1792 1791
3 2177 2172 2171
3 2177 2178 2172
3 2179 2166 2173
3 2179 2180 2166
3 2179 2181 2180
3 2179 2182 2181
3 2183 2178 2177
3 2184 1784 1782
3 1882 1881 2153
3 2184 1782 2166
3 2185 2178 2183
3 2186 2182 2179
3 2187 2185 2183
3 2188 1788 1784
3 2188 1789 1788
3 2188 1784 2184
3 2189 2182 2186
3 2190 1894 1790
3 2190 1789 2188
3 2190 1790 1789
3 2191 2187 2192
3 2191 2185 2187
3 1883 1882 2153
3 1985 1800 1797
3 1985 1801 1800
3 1985 1804 1801
3 1985 1805 1804
3 1985 1809 1805
3 1985 1797 1982
3 2193 2182 2189
3 2193 2194 2182
3 2195 1894 2196
3 2197 2192 2198
3 2199 1894 2190
3 2199 2196 1894
3 2197 2191 2192
3 1913 2200 2201
3 2202 1894 2195
3 1913 2201 2203
3 1913 2203 2204
3 1913 2204 2205
3 1913 2205 2176
3 1913 2176 1844
3 2206 2194 2193
3 1913 2087 2200
3 1913 1843 1842
3 2207 2199 2190
3 1913 1844 1843
3 2208 1894 2202
3 2209 2198 2210
3 2211 2207 2190
3 2211 2212 2028
3 2209 2197 2198
3 2211 2213 2212
3 2211 2190 2213
3 2090 1894 2208
3 2214 2210 2215
3 2216 2211 2028
3 2214 2209 2210
3 2086 2215 2217
3 2086 2217 2218
3 2086 2218 2219
3 2086 2219 2087
3 2086 2214 2215
3 2220 2194 2206
3 2220 2221 2194
3 2000 1913 1842
3 2000 1842 1841
3 2027 2216 2028
3 1838 2000 1841
3 2222 2221 2220
3 2019 1884 1883
3 2019 1885 1884
3 2019 1886 1885
3 2019 1883 2153
3 1837 2000 1838
3 2029 2028 2221
3 2029 2221 2222
3 2223 1919 1918
3 2223 1898 2085
3 2223 2224 1921
3 2223 1921 1920
3 2223 1920 1919
3 1921 2224 1922
3 1922 2224 1923
3 1914 2112 1915
3 1910 2112 1914
3 2224 1907 1904
3 2224 1908 1907
3 2224 1910 1908
3 2224 2112 1910
3 1901 2224 1904
3 1899 2224 1901
3 1892 2224 1899
3 1891 2224 1892
3 1925 2224 1891
3 1924 2224 1925
3 1923 2224 1924
3 2085 1895 1896
3 2085 1898 1895
3 2223 1900 1898
3 2223 1902 1900
3 2223 1903 1902
3 2223 1905 1903
3 2223 1911 1905
3 2223 1912 1911
3 2223 1916 1912
3 2223 1917 1916
3 2223 1918 1917
3 1937 1939 2225
3 1937 2225 2226
3 1935 1937 2226
3 1935 2226 2227
3 1935 2227 2228
3 1933 1935 2228
3 1931 1933 2228
3 1931 2228 2229
3 1931 2229 2230
3 1929 1931 2230
3 1929 2230 2231
3 1927 1929 2231
3 1927 2231 2232
3 1926 1927 2232
3 1928 1926 2232
3 1928 2232 2233
3 1928 2233 2234
3 1930 1928 2234
3 1932 1930 2234
3 1932 2234 2235
3 1932 2235 2236
3 1934 1932 2236
3 1936 1934 2236
3 1936 2236 2237
3 1936 2237 2238
3 1938 1936 2238
3 1940 1938 2239
3 1938 2238 2239
3 1942 1940 2239
3 1942 2239 2240
3 1944 1942 2241
3 1946 1944 2241
3 1942 2240 2241
3 1946 2241 2242
3 1948 1946 2243
3 1946 2242 2243
3 1950 1948 2244
3 1948 2243 2244
3 1952 1950 2245
3 1950 2244 2245
3 1954 1952 2246
3 1956 1954 2246
3 1952 2245 2246
3 1956 2246 2247
3 1956 2247 2248
3 1958 1956 2248
3 1958 2248 2249
3 1960 1958 2249
3 1960 2249 2250
3 1962 1960 2250
3 1962 2250 2251
3 1964 1962 2251
3 1966 1964 2251
3 1966 2251 2252
3 1966 2252 2253
3 1968 1966 2253
3 1968 2253 2254
3 1970 1968 2254
3 1970 2254 2255
3 1972 1970 2255
3 1972 2255 2256
3 1974 1972 2256
3 1974 2256 2257
3 1976 1974 2257
3 1978 1976 2257
3 1978 2257 2258
3 1978 2258 2259
3 1979 1978 2259
3 1979 2259 2260
3 1977 1979 2260
3 1977 2260 2261
3 1975 1977 2261
3 1975 2261 2262
3 1973 1975 2262
3 1973 2262 2263
3 1971 1973 2263
3 1969 1971 2263
3 1969 2263 2264
3 1969 2264 2265
3 1967 1969 2265
3 1967 2265 2266
3 1965 1967 2266
3 1963 1965 2266
3 1963 2266 2267
3 1961 1963 2267
3 1961 2267 2268
3 1961 2268 2269
3 1959 1961 2269
3 1955 1957 2270
3 1959 2269 2270
3 1957 1959 2270
3 1955 2270 2271
3 1953 1955 2272
3 1955 2271 2272
3 1951 1953 2273
3 1949 1951 2273
3 1953 2272 2273
3 1949 2273 2274
3 1947 1949 2275
3 1945 1947 2275
3 1949 2274 2275
3 1945 2275 2276
3 1943 1945 2277
3 1945 2276 2277
3 1941 1943 2278
3 1939 1941 2278
3 1943 2277 2278
3 1939 2278 2225
3 1991 1993 1996
3 1988 1991 1996
3 1986 1996 1999
3 1986 1988 1996
3 1984 1983 1986
3 1984 1986 1999
3 2012 1984 1999
3 2010 2011 2012
3 2010 2012 1999
3 2007 2008 2009
3 2006 2009 2010
3 2006 2007 2009
3 2004 2005 2006
3 2002 2003 2004
3 2002 2004 2006
3 1990 2001 2002
3 1990 1998 2001
3 1990 1995 1998
3 1990 1992 1995
3 1990 2010 1999
3 1990 2006 2010
3 1990 2002 2006
3 1989 1990 1999
3 1985 1987 1989
3 1985 1989 1999
3 2279 2223 2085
3 2279 2085 2013
3 2058 2046 2280
3 2058 2280 2281
3 2068 2058 2282
3 2058 2281 2282
3 2075 2068 2283
3 2079 2075 2283
3 2068 2282 2283
3 2072 2079 2284
3 2079 2283 2284
3 2072 2284 2285
3 2063 2072 2286
3 2055 2063 2286
3 2072 2285 2286
3 2039 2055 2287
3 2055 2286 2287
3 2013 2039 2288
3 2039 2287 2288
3 2013 2288 2279
3 2029 2289 2290
3 2025 2029 2290
3 2025 2290 2291
3 2025 2291 2280
3 2046 2025 2280
3 2117 2292 2293
3 2123 2117 2293
3 2127 2123 2294
3 2123 2293 2294
3 2129 2127 2295
3 2127 2294 2295
3 2135 2129 2296
3 2129 2295 2296
3 2138 2135 2297
3 2143 2138 2297
3 2135 2296 2297
3 2143 2297 2298
3 2150 2143 2299
3 2143 2298 2299
3 2157 2150 2300
3 2158 2157 2300
3 2150 2299 2300
3 2158 2300 2301
3 2173 2158 2302
3 2158 2301 2302
3 2179 2173 2303
3 2173 2302 2303
3 2186 2179 2304
3 2179 2303 2304
3 2189 2186 2305
3 2193 2189 2305
3 2186 2304 2305
3 2193 2305 2306
3 2206 2193 2306
3 2206 2306 2307
3 2206 2307 2308
3 2220 2206 2308
3 2220 2308 2289
3 2222 2220 2289
3 2029 2222 2289
3 2022 2309 2310
3 2036 2022 2310
3 2045 2036 2311
3 2036 2310 2311
3 2065 2045 2312
3 2045 2311 2312
3 2082 2065 2313
3 2065 2312 2313
3 2091 2082 2314
3 2082 2313 2314
3 2096 2091 2315
3 2106 2096 2315
3 2091 2314 2315
3 2114 2106 2316
3 2106 2315 2316
3 2114 2316 2317
3 2117 2114 2292
3 2114 2317 2292
3 2019 2318 2309
3 2022 2019 2309
3 2153 2319 2318
3 2019 2153 2318
3 2081 2320 2319
3 2153 2081 2319
3 2051 2321 2320
3 2081 2051 2320
3 2054 2061 2322
3 2043 2054 2323
3 2054 2322 2323
3 2043 2323 2324
3 2032 2043 2325
3 2043 2324 2325
3 2033 2032 2326
3 2032 2325 2326
3 2038 2033 2327
3 2033 2326 2327
3 2051 2038 2321
3 2038 2327 2321
3 2093 2328 2329
3 2089 2093 2329
3 2078 2089 2329
3 2078 2329 2330
3 2078 2330 2322
3 2061 2078 2322
3 2160 2331 2332
3 2161 2160 2332
3 2164 2161 2333
3 2156 2164 2333
3 2161 2332 2333
3 2156 2333 2334
3 2154 2156 2335
3 2155 2154 2335
3 2156 2334 2335
3 2155 2335 2336
3 2152 2155 2337
3 2155 2336 2337
3 2149 2152 2338
3 2152 2337 2338
3 2148 2149 2339
3 2149 2338 2339
3 2145 2148 2340
3 2146 2145 2340
3 2148 2339 2340
3 2146 2340 2341
3 2142 2146 2342
3 2146 2341 2342
3 2141 2142 2343
3 2142 2342 2343
3 2137 2141 2344
3 2141 2343 2344
3 2137 2344 2345
3 2133 2137 2345
3 2133 2345 2346
3 2134 2133 2346
3 2134 2346 2347
3 2131 2134 2347
3 2131 2347 2328
3 2093 2131 2328
3 2086 2348 2349
3 2214 2086 2349
3 2209 2214 2350
3 2214 2349 2350
3 2197 2209 2351
3 2191 2197 2351
3 2209 2350 2351
3 2185 2191 2352
3 2191 2351 2352
3 2185 2352 2353
3 2178 2185 2354
3 2172 2178 2354
3 2185 2353 2354
3 2172 2354 2355
3 2169 2172 2356
3 2172 2355 2356
3 2160 2169 2331
3 2169 2356 2331
3 2086 2112 2224
3 2086 2224 2348
3 2095 2357 2358
3 2125 2095 2358
3 2122 2125 2358
3 2122 2358 2359
3 2104 2103 2360
3 2103 2361 2360
3 2122 2359 2362
3 2120 2122 2362
3 2113 2104 2363
3 2104 2360 2363
3 2116 2120 2364
3 2120 2362 2364
3 2108 2116 2364
3 2080 2113 2365
3 2113 2363 2365
3 2108 2364 2366
3 2103 2108 2361
3 2108 2366 2361
3 2074 2080 2367
3 2080 2365 2367
3 2066 2074 2368
3 2074 2367 2368
3 2057 2066 2369
3 2066 2368 2369
3 2050 2057 2370
3 2057 2369 2370
3 2037 2050 2371
3 2031 2037 2371
3 2050 2370 2371
3 2031 2371 2372
3 2034 2031 2373
3 2031 2372 2373
3 2041 2034 2374
3 2053 2041 2374
3 2034 2373 2374
3 2053 2374 2375
3 2053 2375 2376
3 2060 2053 2376
3 2071 2060 2376
3 2071 2376 2377
3 2071 2377 2378
3 2077 2071 2378
3 2077 2378 2379
3 2084 2077 2379
3 2088 2084 2379
3 2088 2379 2380
3 2088 2380 2381
3 2092 2088 2381
3 2095 2092 2381
3 2095 2381 2357
3 2210 2382 2383
3 2215 2210 2383
3 2217 2215 2383
3 2217 2383 2384
3 2201 2200 2385
3 2200 2386 2385
3 2217 2384 2387
3 2218 2217 2387
3 2203 2201 2388
3 2201 2385 2388
3 2219 2218 2389
3 2218 2387 2389
3 2087 2219 2389
3 2204 2203 2390
3 2203 2388 2390
3 2087 2389 2391
3 2200 2087 2386
3 2087 2391 2386
3 2205 2204 2392
3 2204 2390 2392
3 2176 2205 2393
3 2205 2392 2393
3 2170 2176 2394
3 2176 2393 2394
3 2167 2170 2395
3 2170 2394 2395
3 2163 2167 2396
3 2162 2163 2396
3 2167 2395 2396
3 2162 2396 2397
3 2159 2162 2398
3 2162 2397 2398
3 2165 2159 2399
3 2168 2165 2399
3 2159 2398 2399
3 2168 2399 2400
3 2168 2400 2401
3 2171 2168 2401
3 2177 2171 2401
3 2177 2401 2402
3 2177 2402 2403
3 2183 2177 2403
3 2183 2403 2404
3 2187 2183 2404
3 2192 2187 2404
3 2192 2404 2405
3 2192 2405 2406
3 2198 2192 2406
3 2210 2198 2406
3 2210 2406 2382
3 2056 2407 2408
3 2064 2056 2408
3 2073 2064 2408
3 2073 2408 2409
3 2048 2047 2410
3 2047 2411 2410
3 2073 2409 2412
3 2076 2073 2412
3 2049 2048 2413
3 2048 2410 2413
3 2069 2076 2414
3 2076 2412 2414
3 2062 2069 2414
3 2026 2049 2415
3 2049 2413 2415
3 2062 2414 2416
3 2047 2062 2411
3 2062 2416 2411
3 2027 2026 2417
3 2026 2415 2417
3 2216 2027 2418
3 2027 2417 2418
3 2211 2216 2419
3 2216 2418 2419
3 2207 2211 2420
3 2211 2419 2420
3 2199 2207 2421
3 2196 2199 2421
3 2207 2420 2421
3 2196 2421 2422
3 2195 2196 2423
3 2196 2422 2423
3 2202 2195 2424
3 2208 2202 2424
3 2195 2423 2424
3 2208 2424 2425
3 2208 2425 2426
3 2090 2208 2426
3 2014 2090 2426
3 2014 2426 2427
3 2014 2427 2428
3 2015 2014 2428
3 2015 2428 2429
3 2016 2015 2429
3 2017 2016 2429
3 2017 2429 2430
3 2017 2430 2431
3 2040 2017 2431
3 2056 2040 2431
3 2056 2431 2407
3 2028 2212 2432
3 2212 2213 2432
3 2213 2190 2432
3 2432 2190 2433
3 2434 2432 2435
3 2432 2433 2435
3 2434 2435 2436
3 2436 2435 2437
3 2436 2437 2438
3 2438 2437 2439
3 2438 2439 2440
3 2440 2439 2441
3 2440 2441 2442
3 2442 2441 2443
3 2444 2445 2446
3 2442 2443 2446
3 2444 2446 2447
3 2446 2443 2448
3 2449 2447 2450
3 2447 2446 2450
3 2446 2448 2450
3 2451 2449 2452
3 2453 2451 2452
3 2449 2450 2452
3 2454 2453 2455
3 2456 2454 2455
3 2453 2452 2455
3 2457 2456 2458
3 2456 2455 2458
3 2221 2432 2459
3 2221 2028 2432
3 2194 2459 2460
3 2194 2221 2459
3 2182 2460 2461
3 2182 2194 2460
3 2184 2166 2462
3 2184 2462 2463
3 2190 2188 2464
3 2188 2184 2464
3 2184 2463 2464
3 2190 2464 2433
3 2166 2461 2462
3 2461 2465 2462
3 2151 2174 2466
3 2174 2175 2466
3 2175 2147 2466
3 2466 2147 2467
3 2468 2466 2469
3 2466 2467 2469
3 2470 2468 2471
3 2468 2469 2471
3 2472 2470 2473
3 2470 2471 2473
3 2474 2472 2475
3 2472 2473 2475
3 2476 2474 2477
3 2474 2475 2477
3 2478 2476 2479
3 2476 2477 2479
3 2480 2478 2481
3 2478 2479 2481
3 2482 2483 2484
3 2483 2480 2484
3 2480 2481 2484
3 2485 2482 2486
3 2482 2484 2486
3 2487 2485 2488
3 2485 2486 2488
3 2489 2487 2490
3 2487 2488 2490
3 2489 2490 2491
3 2492 2489 2491
3 2492 2491 2493
3 2494 2492 2493
3 2494 2493 2495
3 2496 2494 2495
3 2166 2180 2461
3 2180 2181 2461
3 2181 2182 2461
3 2496 2495 2465
3 2461 2496 2465
3 2105 2109 2497
3 2098 2497 2498
3 2499 2500 2498
3 2497 2499 2498
3 2501 2502 2503
3 2504 2501 2505
3 2501 2503 2505
3 2506 2504 2507
3 2504 2505 2507
3 2508 2506 2509
3 2506 2507 2509
3 2510 2508 2511
3 2508 2509 2511
3 2512 2510 2513
3 2510 2511 2513
3 2514 2512 2515
3 2512 2513 2515
3 2516 2514 2517
3 2514 2515 2517
3 2518 2516 2519
3 2516 2517 2519
3 2518 2519 2520
3 2521 2518 2522
3 2518 2520 2522
3 2523 2522 2524
3 2522 2520 2524
3 2525 2526 2527
3 2526 2523 2527
3 2523 2524 2527
3 2528 2529 2530
3 2529 2525 2530
3 2525 2527 2530
3 2528 2530 2531
3 2532 2533 2531
3 2533 2528 2531
3 2499 2534 2500
3 2534 2532 2500
3 2532 2531 2500
3 2098 2102 2497
3 2102 2105 2497
3 2121 2098 2498
3 2126 2121 2535
3 2121 2498 2535
3 2130 2126 2536
3 2126 2535 2536
3 2136 2130 2537
3 2130 2536 2537
3 2140 2136 2538
3 2136 2537 2538
3 2147 2140 2539
3 2140 2538 2539
3 2147 2539 2467
3 2151 2466 2540
3 2144 2540 2541
3 2144 2151 2540
3 2139 2541 2542
3 2139 2144 2541
3 2132 2542 2543
3 2132 2139 2542
3 2128 2543 2544
3 2128 2132 2543
3 2124 2544 2497
3 2124 2128 2544
3 2109 2124 2497
3 2110 2545 2546
3 2111 2110 2546
3 2118 2111 2546
3 2118 2546 2547
3 2094 2097 2548
3 2097 2549 2548
3 2118 2547 2550
3 2119 2118 2550
3 2083 2094 2551
3 2094 2548 2551
3 2115 2119 2552
3 2119 2550 2552
3 2107 2115 2552
3 2070 2083 2553
3 2083 2551 2553
3 2107 2552 2554
3 2097 2107 2549
3 2107 2554 2549
3 2059 2070 2555
3 2070 2553 2555
3 2044 2059 2556
3 2059 2555 2556
3 2035 2044 2557
3 2044 2556 2557
3 2024 2035 2558
3 2035 2557 2558
3 2021 2024 2559
3 2020 2021 2559
3 2024 2558 2559
3 2020 2559 2560
3 2018 2020 2561
3 2020 2560 2561
3 2023 2018 2562
3 2030 2023 2562
3 2018 2561 2562
3 2030 2562 2563
3 2030 2563 2564
3 2042 2030 2564
3 2052 2042 2564
3 2052 2564 2565
3 2052 2565 2566
3 2067 2052 2566
3 2067 2566 2567
3 2099 2067 2567
3 2100 2099 2567
3 2100 2567 2568
3 2100 2568 2569
3 2101 2100 2569
3 2110 2101 2569
3 2110 2569 2545
3 2570 2571 2572
3 2570 2572 2573
3 2324 2323 2574
3 2575 2324 2574
3 2570 2573 2576
3 2570 2576 2577
3 2330 2329 2578
3 2323 2330 2578
3 2574 2323 2578
3 2329 2328 2579
3 2578 2329 2579
3 2579 2328 2580
3 2328 2347 2581
3 2580 2328 2581
3 2347 2346 2582
3 2581 2347 2582
3 2582 2346 2583
3 2584 2585 2312
3 2583 2346 2586
3 2312 2585 2313
3 2585 2587 2313
3 2346 2345 2586
3 2584 2312 2311
3 2588 2589 2311
3 2589 2584 2311
3 2313 2587 2314
3 2587 2590 2314
3 2586 2345 2591
3 2588 2311 2310
3 2345 2344 2591
3 2592 2588 2310
3 2314 2590 2315
3 2590 2593 2315
3 2332 2331 2356
3 2591 2344 2594
3 2595 2592 2309
3 2592 2310 2309
3 2344 2343 2594
3 2315 2593 2316
3 2593 2596 2316
3 2594 2343 2597
3 2597 2343 2598
3 2599 2600 2319
3 2600 2601 2319
3 2601 2602 2319
3 2602 2603 2319
3 2603 2604 2319
3 2604 2605 2319
3 2605 2606 2319
3 2606 2607 2319
3 2607 2608 2319
3 2608 2609 2319
3 2609 2610 2319
3 2343 2342 2598
3 2610 2611 2319
3 2349 2348 2224
3 2611 2612 2319
3 2350 2349 2224
3 2612 2613 2319
3 2351 2350 2224
3 2613 2614 2319
3 2614 2595 2319
3 2595 2309 2319
3 2316 2596 2293
3 2317 2316 2293
3 2292 2317 2293
3 2598 2342 2615
3 2599 2319 2616
3 2342 2341 2615
3 2293 2596 2294
3 2615 2341 2617
3 2596 2618 2294
3 2319 2309 2318
3 2617 2341 2619
3 2341 2340 2619
3 2352 2351 2620
3 2353 2352 2620
3 2354 2353 2620
3 2355 2354 2620
3 2294 2618 2295
3 2351 2224 2620
3 2618 2621 2295
3 2622 2623 2624
3 2621 2625 2296
3 2295 2621 2296
3 2623 2622 2626
3 2619 2340 2627
3 2340 2339 2627
3 2296 2625 2297
3 2356 2355 2628
3 2625 2629 2297
3 2355 2620 2628
3 2332 2356 2628
3 2333 2332 2628
3 2224 2622 2630
3 2297 2629 2298
3 2622 2624 2630
3 2629 2631 2298
3 2626 2622 2632
3 2224 2630 2633
3 2298 2631 2299
3 2632 2622 2634
3 2631 2635 2299
3 2635 2636 2300
3 2339 2338 2637
3 2627 2339 2637
3 2224 2633 2638
3 2299 2635 2300
3 2636 2639 2301
3 2639 2640 2301
3 2300 2636 2301
3 2637 2338 2641
3 2224 2638 2642
3 2640 2643 2302
3 2620 2224 2642
3 2301 2640 2302
3 2641 2338 2644
3 2338 2337 2644
3 2620 2642 2645
3 2643 2646 2303
3 2302 2643 2303
3 2646 2647 2304
3 2303 2646 2304
3 2644 2337 2648
3 2649 2644 2648
3 2647 2650 2305
3 2648 2337 2651
3 2304 2647 2305
3 2336 2335 2651
3 2337 2336 2651
3 2649 2648 2652
3 2650 2653 2306
3 2651 2335 2654
3 2335 2334 2654
3 2305 2650 2306
3 2654 2334 2655
3 2333 2628 2655
3 2334 2333 2655
3 2655 2628 2656
3 2653 2657 2307
3 2306 2653 2307
3 2656 2628 2658
3 2657 2659 2308
3 2658 2628 2660
3 2307 2657 2308
3 2659 2661 2289
3 2308 2659 2289
3 2660 2628 2662
3 2663 2660 2662
3 2634 2622 2664
3 2577 2665 2570
3 2645 2666 2620
3 2662 2628 2667
3 2622 2224 2223
3 2570 2622 2223
3 2661 2668 2290
3 2289 2661 2290
3 2668 2669 2291
3 2290 2668 2291
3 2669 2670 2281
3 2280 2291 2281
3 2291 2669 2281
3 2670 2671 2282
3 2281 2670 2282
3 2282 2671 2283
3 2671 2672 2283
3 2283 2672 2284
3 2672 2673 2284
3 2284 2673 2285
3 2616 2319 2320
3 2674 2675 2320
3 2675 2676 2320
3 2676 2677 2320
3 2677 2678 2320
3 2678 2679 2320
3 2679 2680 2320
3 2680 2681 2320
3 2681 2682 2320
3 2682 2683 2320
3 2683 2684 2320
3 2684 2685 2320
3 2685 2686 2320
3 2686 2687 2320
3 2687 2616 2320
3 2674 2320 2688
3 2285 2673 2689
3 2286 2285 2689
3 2688 2320 2690
3 2690 2320 2691
3 2691 2320 2692
3 2320 2321 2327
3 2689 2693 2223
3 2693 2694 2223
3 2694 2695 2223
3 2286 2689 2223
3 2287 2286 2223
3 2288 2287 2223
3 2279 2288 2223
3 2692 2320 2696
3 2320 2327 2326
3 2696 2320 2326
3 2223 2695 2697
3 2696 2326 2325
3 2696 2325 2698
3 2223 2697 2699
3 2698 2325 2700
3 2323 2322 2330
3 2699 2701 2702
3 2223 2699 2702
3 2700 2325 2703
3 2325 2324 2703
3 2223 2702 2704
3 2223 2704 2570
3 2570 2704 2571
3 2703 2324 2575
3 2705 2706 2245
3 2706 2707 2246
3 2245 2706 2246
3 2708 2705 2244
3 2705 2245 2244
3 2707 2709 2247
3 2709 2710 2247
3 2246 2707 2247
3 2711 2708 2243
3 2708 2244 2243
3 2710 2712 2248
3 2247 2710 2248
3 2713 2711 2242
3 2711 2243 2242
3 2712 2714 2249
3 2248 2712 2249
3 2715 2716 2241
3 2716 2713 2241
3 2713 2242 2241
3 2714 2717 2250
3 2249 2714 2250
3 2718 2715 2240
3 2715 2241 2240
3 2717 2719 2251
3 2250 2717 2251
3 2720 2718 2239
3 2718 2240 2239
3 2719 2721 2252
3 2721 2722 2252
3 2251 2719 2252
3 2723 2720 2238
3 2720 2239 2238
3 2722 2724 2253
3 2252 2722 2253
3 2725 2723 2237
3 2723 2238 2237
3 2724 2726 2254
3 2253 2724 2254
3 2727 2728 2236
3 2728 2725 2236
3 2725 2237 2236
3 2254 2726 2255
3 2726 2729 2255
3 2727 2236 2235
3 2730 2727 2235
3 2255 2729 2256
3 2729 2731 2256
3 2732 2730 2234
3 2730 2235 2234
3 2256 2731 2257
3 2731 2733 2257
3 2732 2234 2233
3 2732 2233 2734
3 2257 2733 2735
3 2257 2735 2258
3 2734 2233 2232
3 2734 2232 2736
3 2258 2735 2737
3 2258 2737 2259
3 2736 2232 2231
3 2736 2231 2738
3 2259 2737 2739
3 2259 2739 2260
3 2738 2231 2230
3 2738 2230 2740
3 2260 2739 2741
3 2261 2260 2741
3 2740 2230 2742
3 2230 2229 2742
3 2262 2261 2743
3 2261 2741 2743
3 2742 2229 2744
3 2229 2228 2744
3 2263 2262 2745
3 2262 2743 2745
3 2228 2227 2746
3 2744 2228 2746
3 2263 2745 2747
3 2227 2226 2748
3 2746 2227 2748
3 2264 2263 2749
3 2263 2747 2749
3 2226 2225 2750
3 2748 2226 2750
3 2265 2264 2751
3 2264 2749 2751
3 2750 2225 2752
3 2266 2265 2753
3 2265 2751 2753
3 2225 2278 2754
3 2752 2225 2754
3 2266 2753 2755
3 2267 2266 2755
3 2278 2277 2756
3 2754 2278 2756
3 2268 2267 2757
3 2267 2755 2757
3 2756 2277 2758
3 2277 2276 2758
3 2268 2757 2759
3 2758 2276 2760
3 2276 2275 2760
3 2269 2268 2761
3 2268 2759 2761
3 2275 2274 2762
3 2760 2275 2762
3 2270 2269 2763
3 2269 2761 2763
3 2762 2274 2764
3 2271 2270 2765
3 2270 2763 2765
3 2274 2273 2766
3 2764 2274 2766
3 2271 2765 2767
3 2272 2271 2767
3 2273 2272 2768
3 2766 2273 2768
3 2272 2767 2768
3 2769 2770 2771
3 2367 2770 2769
3 2367 2365 2770
3 2363 2770 2365
3 2368 2367 2769
3 2360 2770 2363
3 2369 2368 2769
3 2361 2770 2360
3 2370 2369 2769
3 2371 2769 2772
3 2371 2370 2769
3 2372 2371 2772
3 2773 2373 2372
3 2773 2372 2772
3 2774 2359 2358
3 2774 2362 2359
3 2774 2364 2362
3 2774 2366 2364
3 2774 2361 2366
3 2775 2374 2373
3 2775 2373 2773
3 2776 2375 2374
3 2776 2374 2775
3 2777 2376 2375
3 2777 2375 2776
3 2778 2357 2381
3 2778 2358 2357
3 2778 2779 2774
3 2778 2774 2358
3 2780 2377 2376
3 2780 2378 2377
3 2780 2376 2777
3 2781 2381 2380
3 2781 2778 2381
3 2782 2779 2778
3 2783 2379 2378
3 2783 2378 2780
3 2784 2781 2380
3 2784 2380 2379
3 2784 2379 2783
3 2785 2782 2778
3 2785 2786 2782
3 2787 2786 2785
3 2788 2787 2785
3 2788 2789 2787
3 2790 2789 2788
3 2790 2791 2789
3 2790 2792 2791
3 2793 2792 2790
3 2794 2795 2796
3 2794 2797 2795
3 2794 2790 2797
3 2798 2790 2794
3 2799 2793 2790
3 2799 2800 2793
3 2799 2801 2800
3 2799 2802 2801
3 2803 2790 2798
3 2803 2798 2804
3 2803 2799 2790
3 2805 2804 2806
3 2807 2803 2804
3 2808 2802 2799
3 2808 2809 2802
3 2808 2810 2809
3 2811 2804 2805
3 2812 2804 2811
3 2812 2807 2804
3 2813 2814 2807
3 2813 2815 2814
3 2813 2807 2812
3 2816 2817 2810
3 2816 2818 2817
3 2816 2810 2808
3 2819 2818 2816
3 2819 2820 2818
3 2390 2821 2822
3 2390 2822 2823
3 2392 2390 2823
3 2392 2823 2824
3 2388 2821 2390
3 2388 2825 2826
3 2388 2826 2821
3 2393 2820 2819
3 2393 2392 2824
3 2393 2824 2820
3 2385 2827 2828
3 2385 2828 2825
3 2385 2825 2388
3 2394 2393 2819
3 2386 2829 2830
3 2386 2830 2827
3 2386 2827 2385
3 2395 2819 2831
3 2395 2394 2819
3 2391 2832 2829
3 2391 2829 2386
3 2396 2831 2833
3 2396 2395 2831
3 2389 2832 2391
3 2389 2834 2835
3 2389 2835 2832
3 2397 2396 2833
3 2387 2836 2834
3 2387 2834 2389
3 2837 2836 2387
3 2838 2397 2833
3 2838 2398 2397
3 2839 2398 2838
3 2839 2399 2398
3 2840 2383 2382
3 2840 2384 2383
3 2840 2387 2384
3 2840 2841 2837
3 2840 2837 2387
3 2842 2399 2839
3 2842 2400 2399
3 2843 2400 2842
3 2843 2401 2400
3 2844 2401 2843
3 2844 2402 2401
3 2844 2403 2402
3 2845 2840 2382
3 2845 2406 2405
3 2845 2382 2406
3 2846 2403 2844
3 2846 2404 2403
3 2847 2845 2405
3 2847 2404 2846
3 2847 2405 2404
3 2848 2849 2840
3 2848 2840 2845
3 2774 2770 2361
3 2553 2515 2513
3 2555 2553 2513
3 2555 2513 2511
3 2551 2515 2553
3 2551 2517 2515
3 2556 2555 2511
3 2556 2511 2509
3 2548 2517 2551
3 2548 2519 2517
3 2557 2556 2509
3 2557 2509 2507
3 2549 2519 2548
3 2549 2520 2519
3 2558 2507 2505
3 2558 2557 2507
3 2554 2520 2549
3 2554 2524 2520
3 2559 2505 2503
3 2559 2558 2505
3 2552 2524 2554
3 2527 2524 2552
3 2560 2559 2503
3 2550 2527 2552
3 2561 2560 2503
3 2562 2561 2503
3 2530 2550 2547
3 2530 2527 2550
3 2850 2503 2851
3 2563 2562 2503
3 2564 2503 2850
3 2564 2563 2503
3 2531 2547 2546
3 2531 2530 2547
3 2500 2531 2546
3 2500 2546 2545
3 2498 2567 2566
3 2498 2568 2567
3 2498 2569 2568
3 2498 2545 2569
3 2498 2500 2545
3 2473 2477 2475
3 2852 2564 2850
3 2852 2535 2498
3 2852 2498 2566
3 2852 2565 2564
3 2852 2566 2565
3 2853 2535 2852
3 2853 2536 2535
3 2484 2479 2477
3 2484 2481 2479
3 2854 2536 2853
3 2854 2537 2536
3 2855 2537 2854
3 2855 2538 2537
3 2467 2477 2473
3 2467 2471 2469
3 2467 2473 2471
3 2856 2538 2855
3 2856 2539 2538
3 2857 2539 2856
3 2490 2486 2484
3 2490 2488 2486
3 2858 2539 2857
3 2858 2467 2539
3 2859 2467 2858
3 2493 2491 2490
3 2860 2467 2859
3 2465 2495 2493
3 2462 2484 2477
3 2462 2490 2484
3 2462 2477 2467
3 2462 2493 2490
3 2462 2467 2860
3 2462 2465 2493
3 2861 2462 2860
3 2862 2462 2861
3 2863 2463 2462
3 2863 2462 2862
3 2864 2463 2863
3 2865 2464 2463
3 2865 2463 2864
3 2866 2464 2865
3 2867 2464 2866
3 2867 2433 2464
3 2868 2433 2867
3 2415 2439 2437
3 2417 2415 2437
3 2417 2437 2435
3 2413 2439 2415
3 2413 2441 2439
3 2418 2435 2433
3 2418 2417 2435
3 2410 2443 2441
3 2410 2441 2413
3 2419 2418 2433
3 2411 2448 2443
3 2411 2443 2410
3 2420 2419 2433
3 2416 2450 2448
3 2416 2448 2411
3 2869 2420 2433
3 2869 2433 2868
3 2421 2420 2869
3 2414 2450 2416
3 2452 2450 2414
3 2422 2421 2869
3 2412 2452 2414
3 2870 2423 2422
3 2870 2424 2423
3 2870 2422 2869
3 2455 2412 2409
3 2455 2452 2412
3 2458 2407 2431
3 2458 2408 2407
3 2458 2409 2408
3 2458 2455 2409
3 2871 2424 2870
3 2871 2425 2424
3 2871 2426 2425
3 2872 2871 2873
3 2872 2426 2871
3 2874 2427 2426
3 2874 2426 2872
3 2875 2430 2429
3 2875 2431 2430
3 2875 2458 2431
3 2876 2427 2874
3 2877 2428 2427
3 2877 2427 2876
3 2878 2428 2877
3 2879 2880 2875
3 2879 2875 2429
3 2881 2429 2428
3 2881 2879 2429
3 2881 2428 2878
3 2882 2458 2875
3 2883 2882 2875
3 2458 2882 2884
3 2458 2884 2457
3 2885 2886 2887
3 2885 2888 2886
3 2889 2890 2891
3 2889 2892 2890
3 2889 2893 2892
3 2894 2895 2896
3 2894 2897 2895
3 2898 2899 2900
3 2894 2885 2897
3 2901 2900 2902
3 2903 2893 2889
3 2901 2898 2900
3 2904 2905 2899
3 2904 2899 2898
3 2903 2906 2893
3 2907 2894 2896
3 2908 2901 2902
3 2909 2910 2906
3 2909 2906 2903
3 2911 2912 2913
3 2911 2914 2912
3 2915 2916 2905
3 2915 2905 2904
3 2917 2907 2896
3 2918 2908 2902
3 2919 2907 2917
3 2920 2921 2916
3 2920 2916 2915
3 2922 2923 2924
3 2922 2910 2909
3 2925 2902 2884
3 2922 2924 2910
3 2925 2884 2926
3 2925 2918 2902
3 2927 2923 2922
3 2928 2929 2921
3 2928 2921 2920
3 2930 2925 2926
3 2931 2919 2917
3 2931 2932 2919
3 2933 2929 2928
3 2934 2930 2926
3 2935 2929 2933
3 2936 2935 2933
3 2937 2938 2939
3 2937 2939 2914
3 2937 2914 2911
3 2940 2934 2926
3 2941 2932 2931
3 2941 2942 2932
3 2943 2935 2936
3 2943 2936 2944
3 2945 2942 2941
3 2946 2943 2944
3 2945 2947 2942
3 2512 2948 2949
3 2950 2947 2945
3 2950 2951 2947
3 2950 2952 2951
3 2953 2943 2946
3 2510 2512 2949
3 2953 2946 2954
3 2955 2956 2952
3 2955 2952 2950
3 2957 2958 2956
3 2957 2959 2958
3 2957 2960 2959
3 2957 2961 2960
3 2957 2956 2955
3 2962 2923 2927
3 2510 2949 2963
3 2964 2965 2938
3 2964 2938 2937
3 2962 2966 2961
3 2514 2948 2512
3 2962 2967 2966
3 2962 2968 2967
3 2962 2927 2968
3 2514 2969 2948
3 2962 2961 2957
3 2962 2970 2923
3 2971 2953 2954
3 2971 2954 2972
3 2973 2940 2926
3 2508 2510 2963
3 2973 2974 2940
3 2973 2975 2974
3 2973 2976 2975
3 2977 2972 2978
3 2977 2971 2972
3 2979 2976 2973
3 2508 2980 2981
3 2508 2963 2980
3 2979 2982 2976
3 2983 2984 2985
3 2983 2978 2984
3 2983 2977 2978
3 2516 2969 2514
3 2516 2986 2969
3 2516 2987 2986
3 2988 2983 2985
3 2988 2985 2982
3 2988 2982 2979
3 2506 2508 2981
3 2989 2965 2964
3 2506 2981 2990
3 2991 2965 2989
3 2991 2992 2965
3 2518 2987 2516
3 2993 2992 2991
3 2993 2994 2992
3 2504 2506 2990
3 2504 2990 2995
3 2996 2994 2993
3 2997 2998 2994
3 2997 2994 2996
3 2999 2501 2504
3 3000 3001 2998
3 2999 3002 3003
3 2999 3004 3002
3 2999 3005 3004
3 2999 3006 3005
3 2999 3007 3006
3 2999 3008 3007
3 2999 3009 3008
3 3000 2998 2997
3 2999 3010 3009
3 2999 2504 2995
3 2999 3011 3010
3 2999 3012 3011
3 2999 3013 3012
3 2999 3014 3013
3 2999 3015 3014
3 2999 3016 3015
3 2999 3017 3016
3 2999 2995 3017
3 3018 2518 2521
3 3018 2987 2518
3 3018 3019 2987
3 3020 3019 3018
3 3021 3001 3000
3 3020 3022 3019
3 3023 2999 3003
3 2502 2501 2999
3 3024 3025 3001
3 3026 3022 3020
3 3026 3027 3022
3 3024 3001 3021
3 3028 3027 3026
3 3028 3029 3027
3 3030 3029 3028
3 3031 3032 3025
3 3030 3033 3029
3 3034 3033 3030
3 3034 3035 3033
3 3031 3025 3024
3 2910 3036 2906
3 3037 3038 3035
3 3037 3035 3034
3 3039 3040 3038
3 3039 3041 3040
3 3039 3038 3037
3 3042 3032 3031
3 3043 3041 3039
3 3043 3044 3041
3 3045 3046 3032
3 3047 3048 3044
3 3045 3032 3042
3 3047 3044 3043
3 3049 3046 3045
3 3049 3050 3046
3 3051 3052 3048
3 3051 3048 3047
3 3053 3054 3050
3 3055 3056 3052
3 3053 3050 3049
3 3055 3052 3051
3 2923 3057 3058
3 2923 3058 2924
3 3059 3054 3053
3 3060 3061 3056
3 3060 3056 3055
3 3062 3063 3054
3 3064 3065 3061
3 3064 3061 3060
3 3062 3054 3059
3 3066 3067 3065
3 3068 3069 3063
3 3066 3065 3064
3 3068 3063 3062
3 3070 3071 3072
3 3073 3070 3072
3 3074 3075 3067
3 3076 3071 3070
3 3074 3067 3066
3 3077 3073 3072
3 3077 3072 2923
3 3078 3079 3075
3 3080 3071 3076
3 3078 3081 3079
3 3078 3075 3074
3 3082 3077 2923
3 3083 3084 3081
3 3085 3071 3080
3 3083 3081 3078
3 3086 3082 2923
3 3087 3088 3071
3 3089 3090 3084
3 3089 3084 3083
3 3087 3071 3085
3 3091 3069 3068
3 3092 3086 2923
3 3093 3088 3087
3 2444 3090 3089
3 3094 3088 3093
3 2444 3089 2445
3 2447 3095 3090
3 3096 3092 2923
3 2447 3090 2444
3 3097 3094 3093
3 3098 3069 3091
3 2449 3099 3095
3 3098 3100 3069
3 3098 3101 3100
3 2449 3095 2447
3 3098 2890 3101
3 2451 3102 3099
3 2451 3099 2449
3 2453 3102 2451
3 3103 3094 3097
3 3103 3097 3104
3 2454 3102 2453
3 3105 3102 2454
3 2456 3105 2454
3 3106 3107 3108
3 3106 3109 3107
3 3106 3110 3109
3 3106 3111 3110
3 3106 3112 3111
3 3106 3113 3112
3 3106 3114 3113
3 3106 3115 3114
3 3106 3116 3115
3 3106 3117 3116
3 3106 3118 3117
3 3106 3119 3118
3 3106 3120 3119
3 3106 3121 3120
3 3106 3023 3121
3 3106 2999 3023
3 3122 3103 3104
3 3122 3123 3124
3 3122 3104 3123
3 3125 3106 3108
3 3126 3105 2456
3 3127 3106 3125
3 3128 3106 3127
3 2884 3126 2456
3 2884 3129 3126
3 2884 3130 3129
3 2884 2456 2457
3 3131 3106 3128
3 2970 3096 2923
3 3132 3133 3106
3 2970 3134 3096
3 2970 3135 3134
3 2970 3136 3135
3 3137 3130 2884
3 3138 3132 3106
3 3139 3122 3124
3 3139 3124 3140
3 3141 3138 3106
3 3142 3106 3131
3 3142 3141 3106
3 3143 3136 2970
3 3142 3144 3141
3 3143 3145 3136
3 3146 3137 2884
3 3147 3140 3148
3 3147 3139 3140
3 3149 3144 3142
3 3150 3151 3145
3 3150 3145 3143
3 3152 3147 3148
3 2902 3146 2884
3 3152 3153 3154
3 3152 3148 3153
3 3155 3152 3154
3 3155 3154 3151
3 3155 3151 3150
3 2888 3098 2886
3 2938 3156 2939
3 2888 3157 3098
3 2913 3144 3149
3 2891 2890 3098
3 2891 3098 3157
3 2913 2912 3144
3 2885 2887 2897
3 3158 3026 3020
3 3159 3158 3020
3 3159 3020 3018
3 3160 3159 3018
3 2522 3160 3018
3 2522 3018 2521
3 2446 2445 3089
3 3161 2446 3089
3 3162 3161 3089
3 3163 3162 3083
3 3162 3089 3083
3 3163 3083 3078
3 3164 3163 3074
3 3163 3078 3074
3 3165 3164 3066
3 3166 3165 3066
3 3164 3074 3066
3 3166 3066 3064
3 3167 3166 3060
3 3166 3064 3060
3 3168 3167 3055
3 3167 3060 3055
3 3169 3168 3051
3 3168 3055 3051
3 3170 3169 3047
3 3169 3051 3047
3 3171 3170 3043
3 3170 3047 3043
3 3172 3171 3039
3 3171 3043 3039
3 3173 3172 3037
3 3172 3039 3037
3 3173 3037 3034
3 3174 3173 3034
3 3174 3034 3030
3 3175 3174 3030
3 3175 3030 3028
3 3176 3175 3028
3 3176 3028 3026
3 3158 3176 3026
3 2496 2461 2460
3 2494 2496 2460
3 3171 2480 3170
3 2480 2483 3170
3 3170 2483 2482
3 2499 2497 2544
3 2534 2499 2544
3 2482 2485 3169
3 2532 2534 2544
3 3170 2482 3169
3 2533 2532 2544
3 2526 2525 3160
3 2523 2526 3160
3 2522 2523 3160
3 2487 2489 3168
3 2485 2487 3168
3 2528 2533 2543
3 3169 2485 3168
3 2533 2544 2543
3 2529 2528 3159
3 2525 2529 3159
3 3160 2525 3159
3 3168 2489 3167
3 2489 2492 3167
3 2528 2543 3159
3 2459 2432 2434
3 2543 2542 3158
3 2494 2460 3166
3 2492 2494 3166
3 3159 2543 3158
3 3167 2492 3166
3 2459 2434 2436
3 2460 2459 3165
3 3158 2542 3176
3 3166 2460 3165
3 3176 2542 3175
3 2542 2541 3175
3 3165 2459 3164
3 3164 2459 3163
3 2540 2466 2468
3 2436 2438 3163
3 2459 2436 3163
3 3175 2541 3174
3 2438 2440 3162
3 3163 2438 3162
3 2541 2540 3174
3 2540 2468 2470
3 3174 2540 2470
3 2440 2442 3161
3 3174 2470 2472
3 3162 2440 3161
3 3161 2442 2446
3 3174 2472 3173
3 3173 2472 2474
3 3173 2474 3172
3 2474 2476 3172
3 3172 2476 3171
3 2476 2478 3171
3 3171 2478 2480
3 2502 2999 2851
3 2502 2851 2503
3 3072 2664 2622
3 3072 3071 2664
3 2926 2622 2570
3 2926 3072 2622
3 3177 3178 2666
3 3177 2666 2645
3 3177 2645 2642
3 3179 2642 2638
3 3179 3177 2642
3 3180 2638 2633
3 3180 3179 2638
3 3181 2633 2630
3 3181 3180 2633
3 3182 2630 2624
3 3182 3181 2630
3 3183 2624 2623
3 3183 3182 2624
3 3184 2623 2626
3 3184 3183 2623
3 3185 2626 2632
3 3185 3184 2626
3 3186 2632 2634
3 3186 3185 2632
3 3187 2634 2664
3 3187 3186 2634
3 3188 3187 2664
3 2665 2926 2570
3 2973 2926 2665
3 3178 3189 2620
3 3178 2620 2666
3 3190 2665 2577
3 3190 3191 2665
3 3192 2577 2576
3 3192 3190 2577
3 3193 2576 2573
3 3193 3192 2576
3 3194 2573 2572
3 3194 3193 2573
3 3195 2572 2571
3 3195 2571 2704
3 3195 3194 2572
3 3196 2704 2702
3 3196 3195 2704
3 3197 2702 2701
3 3197 3196 2702
3 3198 3197 2701
3 3199 2628 2620
3 3189 3199 2620
3 2693 2689 3200
3 2693 3200 3201
3 2693 3201 3202
3 2694 2693 3202
3 2695 2694 3202
3 2649 2652 3203
3 2652 3204 3203
3 2695 3202 3205
3 2695 3205 3206
3 2644 2649 3207
3 2697 2695 3206
3 2699 2697 3206
3 2649 3203 3207
3 2699 3206 3208
3 2701 2699 3208
3 2701 3208 3198
3 2641 2644 3209
3 2644 3207 3209
3 2637 2641 3210
3 2641 3209 3210
3 2627 2637 3211
3 2637 3210 3211
3 2619 2627 3212
3 2627 3211 3212
3 2617 2619 3213
3 2619 3212 3213
3 2615 2617 3214
3 2617 3213 3214
3 2598 2615 3215
3 2615 3214 3215
3 2597 2598 3216
3 2598 3215 3216
3 2594 2597 3217
3 2597 3216 3217
3 2591 2594 3218
3 2594 3217 3218
3 2586 2591 3219
3 2591 3218 3219
3 2583 2586 3220
3 2586 3219 3220
3 2582 2583 3221
3 2583 3220 3221
3 2581 2582 3222
3 2582 3221 3222
3 2580 2581 3223
3 2581 3222 3223
3 2579 2580 3224
3 2580 3223 3224
3 2578 2579 3225
3 2579 3224 3225
3 2574 2578 3226
3 2578 3225 3226
3 2575 2574 3227
3 2574 3226 3227
3 2703 2575 3228
3 2575 3227 3228
3 2700 2703 3229
3 2703 3228 3229
3 2700 3229 3230
3 2698 2700 3230
3 2698 3230 3231
3 2696 2698 3231
3 2696 3231 3232
3 2692 2696 3232
3 2692 3232 3233
3 2691 2692 3233
3 2691 3233 3234
3 2690 2691 3234
3 2690 3234 3235
3 2688 2690 3235
3 2688 3235 3236
3 2674 2688 3236
3 2674 3236 3237
3 2675 2674 3237
3 2675 3237 3238
3 2676 2675 3238
3 2677 2676 3239
3 2676 3238 3239
3 2678 2677 3240
3 2677 3239 3240
3 2679 2678 3241
3 2678 3240 3241
3 2680 2679 3242
3 2679 3241 3242
3 2681 2680 3243
3 2680 3242 3243
3 2682 2681 3244
3 2681 3243 3244
3 2683 2682 3245
3 2682 3244 3245
3 2684 2683 3246
3 2683 3245 3246
3 2685 2684 3247
3 2686 2685 3247
3 2684 3246 3247
3 2686 3247 3248
3 2687 2686 3249
3 2686 3248 3249
3 2616 2687 3250
3 2687 3249 3250
3 2599 2616 3251
3 2616 3250 3251
3 2600 2599 3252
3 2599 3251 3252
3 2601 2600 3253
3 2600 3252 3253
3 2602 2601 3254
3 2601 3253 3254
3 2603 2602 3255
3 2602 3254 3255
3 2603 3255 3256
3 2604 2603 3256
3 2604 3256 3257
3 2605 2604 3257
3 2605 3257 3258
3 2606 2605 3258
3 2606 3258 3259
3 2607 2606 3259
3 2607 3259 3260
3 2608 2607 3260
3 2608 3260 3261
3 2609 2608 3261
3 2609 3261 3262
3 2610 2609 3262
3 2610 3262 3263
3 2611 2610 3263
3 2611 3263 3264
3 2612 2611 3264
3 2612 3264 3265
3 2613 2612 3265
3 2614 2613 3265
3 2614 3265 3266
3 2614 3266 3267
3 2595 2614 3267
3 2592 2595 3267
3 2592 3267 3268
3 2592 3268 3269
3 2588 2592 3269
3 2589 2588 3269
3 2589 3269 3270
3 2584 2589 3271
3 2589 3270 3271
3 2585 2584 3271
3 2585 3271 3272
3 2585 3272 3273
3 2587 2585 3273
3 2590 2587 3273
3 2590 3273 3274
3 2593 2590 3275
3 2596 2593 3275
3 2590 3274 3275
3 2596 3275 3276
3 2618 2596 3277
3 2621 2618 3277
3 2596 3276 3277
3 2621 3277 3278
3 2625 2621 3279
3 2629 2625 3279
3 2621 3278 3279
3 2629 3279 3280
3 2629 3280 3281
3 2631 2629 3281
3 2635 2631 3281
3 2635 3281 3282
3 2635 3282 3283
3 2636 2635 3283
3 2639 2636 3283
3 2639 3283 3284
3 2639 3284 3285
3 2640 2639 3285
3 2643 2640 3285
3 2643 3285 3286
3 2643 3286 3287
3 2646 2643 3287
3 2647 2646 3287
3 2647 3287 3288
3 2647 3288 3289
3 2650 2647 3289
3 2650 3289 3290
3 2653 2650 3290
3 2657 2653 3290
3 2657 3290 3291
3 2657 3291 3292
3 2659 2657 3292
3 2661 2659 3292
3 2661 3292 3293
3 2661 3293 3294
3 2668 2661 3294
3 2669 2668 3294
3 2669 3294 3295
3 2669 3295 3296
3 2670 2669 3296
3 2671 2670 3296
3 2671 3296 3297
3 2671 3297 3298
3 2672 2671 3298
3 2673 2672 3298
3 2673 3298 3299
3 2673 3299 3200
3 2689 2673 3200
3 2628 3300 2667
3 3199 3300 2628
3 3204 2652 2648
3 3301 3204 2648
3 3302 2648 2651
3 3302 2651 2654
3 3302 3301 2648
3 3303 3302 2654
3 3304 2654 2655
3 3304 3303 2654
3 3305 2655 2656
3 3305 2656 2658
3 3305 3304 2655
3 3306 3305 2658
3 3307 2658 2660
3 3307 2660 2663
3 3307 3306 2658
3 3308 3307 2663
3 2662 3309 3310
3 2662 2962 3309
3 2970 2662 2667
3 2970 2962 2662
3 2662 3308 2663
3 3310 3308 2662
3 2750 2752 3311
3 2750 3311 3312
3 2748 2750 3312
3 2748 3312 3313
3 2748 3313 3314
3 2746 2748 3314
3 2744 2746 3314
3 2744 3314 3315
3 2742 2744 3315
3 2742 3315 3316
3 2740 2742 3316
3 2740 3316 3317
3 2740 3317 3318
3 2738 2740 3318
3 2738 3318 3319
3 2736 2738 3319
3 2734 2736 3319
3 2734 3319 3320
3 2734 3320 3321
3 2732 2734 3321
3 2730 3321 3322
3 2730 2732 3321
3 2727 3322 3323
3 2727 2730 3322
3 2728 3323 3324
3 2728 2727 3323
3 2725 3324 3325
3 2725 3325 3326
3 2725 2728 3324
3 2723 2725 3326
3 2720 3326 3327
3 2720 3327 3328
3 2720 2723 3326
3 2718 2720 3328
3 2715 2718 3328
3 2715 3328 3329
3 2715 3329 3330
3 2716 2715 3330
3 2713 2716 3330
3 2713 3330 3331
3 2711 2713 3331
3 2711 3331 3332
3 2708 2711 3332
3 2708 3332 3333
3 2705 2708 3333
3 2705 3333 3334
3 2706 2705 3334
3 2706 3334 3335
3 2707 2706 3335
3 2707 3335 3336
3 2709 2707 3336
3 2709 3336 3337
3 2710 2709 3337
3 2710 3337 3338
3 2712 2710 3338
3 2712 3338 3339
3 2714 2712 3339
3 2714 3339 3340
3 2714 3340 3341
3 2717 2714 3341
3 2719 2717 3341
3 2719 3341 3342
3 2721 2719 3342
3 2721 3342 3343
3 2722 2721 3343
3 2722 3343 3344
3 2724 2722 3344
3 2724 3344 3345
3 2726 2724 3345
3 2726 3345 3346
3 2729 3346 3347
3 2729 2726 3346
3 2731 3347 3348
3 2731 2729 3347
3 2733 3348 3349
3 2733 2731 3348
3 2735 3349 3350
3 2735 2733 3349
3 2737 3350 3351
3 2737 2735 3350
3 2739 3351 3352
3 2739 2737 3351
3 2741 2739 3352
3 2741 3352 3353
3 2741 3353 3354
3 2743 2741 3354
3 2745 3354 3355
3 2745 3355 3356
3 2745 2743 3354
3 2747 3356 3357
3 2747 2745 3356
3 2749 2747 3357
3 2751 3357 3358
3 2751 2749 3357
3 2753 3358 3359
3 2753 2751 3358
3 2755 3359 3360
3 2755 2753 3359
3 2757 3360 3361
3 2757 2755 3360
3 2759 3361 3362
3 2759 2757 3361
3 2761 3362 3363
3 2761 2759 3362
3 2763 3363 3364
3 2763 2761 3363
3 2765 3364 3365
3 2765 3365 3366
3 2765 2763 3364
3 2767 3366 3367
3 2767 2765 3366
3 2768 2767 3367
3 2766 3367 3368
3 2766 2768 3367
3 2764 3368 3369
3 2764 3369 3370
3 2764 2766 3368
3 2762 2764 3370
3 2760 3370 3371
3 2760 2762 3370
3 2758 3371 3372
3 2758 2760 3371
3 2756 3372 3373
3 2756 2758 3372
3 2754 3373 3374
3 2754 2756 3373
3 2752 3374 3311
3 2752 2754 3374
3 3058 3057 2847
3 3057 2845 2847
3 2924 3058 2846
3 3058 2847 2846
3 2910 2924 2844
3 2924 2846 2844
3 3036 2910 3375
3 2910 2844 3375
3 3375 2844 2843
3 3376 3375 2842
3 3375 2843 2842
3 3377 3376 2839
3 3376 2842 2839
3 3378 3377 2838
3 3377 2839 2838
3 3379 3378 2833
3 3378 2838 2833
3 3380 3379 2831
3 3379 2833 2831
3 3381 3380 2819
3 3380 2831 2819
3 3057 2923 2848
3 3057 2848 2845
3 3382 3381 2819
3 3382 2819 2816
3 3383 3382 2808
3 3382 2816 2808
3 3384 3383 2799
3 3383 2808 2799
3 2926 3385 3072
3 2926 3386 3385
3 2926 3387 3386
3 2926 3388 3387
3 3389 2923 3072
3 2926 3390 3388
3 3389 3391 2923
3 3392 3390 2926
3 3393 3389 3072
3 3394 3392 2926
3 3395 2923 3391
3 3396 3394 2926
3 3397 3393 3072
3 3398 2923 3395
3 3399 3396 2926
3 3400 3397 3072
3 3401 3399 2926
3 3402 2923 3398
3 3403 3401 2926
3 3404 3400 3072
3 3405 3403 2926
3 3406 2923 3402
3 3407 3404 3072
3 3408 3405 2926
3 3408 2926 2884
3 3409 2923 3406
3 3410 3408 2884
3 3411 3410 2884
3 3412 3407 3072
3 3413 3411 2884
3 3414 2923 3409
3 3415 3413 2884
3 3416 3412 3072
3 3417 3415 2884
3 3418 3417 2884
3 3419 3416 3072
3 3420 3418 2884
3 2848 3421 3422
3 2848 3414 3421
3 2848 2923 3414
3 3423 3419 3072
3 3424 2848 3422
3 3425 3423 3072
3 3426 2848 3424
3 3427 3425 3072
3 2882 3428 3420
3 2882 3429 3428
3 2882 3430 3429
3 3431 2848 3426
3 2882 3432 3430
3 2882 3433 3432
3 2882 3420 2884
3 2882 2883 3433
3 3385 3427 3072
3 2849 2848 3431
3 3434 3384 2799
3 3435 3434 2803
3 3434 2799 2803
3 3436 3435 2807
3 3435 2803 2807
3 3437 3436 2814
3 3436 2807 2814
3 3438 3437 2815
3 3437 2814 2815
3 3439 3438 2813
3 3438 2815 2813
3 3440 3439 2812
3 3439 2813 2812
3 3441 3440 2811
3 3440 2812 2811
3 3442 3441 2805
3 3441 2811 2805
3 3443 3442 2806
3 3442 2805 2806
3 3444 3443 2804
3 3443 2806 2804
3 3445 3444 2798
3 3444 2804 2798
3 3446 3445 2794
3 3445 2798 2794
3 3447 3446 2796
3 3446 2794 2796
3 3448 3447 2795
3 3447 2796 2795
3 3449 3448 2797
3 3448 2795 2797
3 3449 2797 2790
3 2840 2849 3431
3 3450 2840 3431
3 3450 3431 3426
3 3451 3450 3426
3 3451 3426 3424
3 3451 3424 3422
3 3452 3451 3422
3 3452 3422 3421
3 3453 3452 3421
3 3453 3421 3414
3 3454 3453 3414
3 3454 3414 3409
3 3455 3454 3409
3 3455 3409 3406
3 3456 3455 3406
3 3456 3406 3402
3 3457 3456 3402
3 3457 3402 3398
3 3457 3398 3458
3 3459 3457 3458
3 3460 3459 3458
3 3461 3460 3458
3 3462 3461 3458
3 3458 3398 3395
3 3463 3458 3391
3 3458 3395 3391
3 3464 3463 3389
3 3463 3391 3389
3 3465 3464 3393
3 3464 3389 3393
3 3466 3465 3397
3 3465 3393 3397
3 3466 3397 3400
3 3467 3466 3400
3 3467 3400 3404
3 3468 3467 3404
3 3468 3404 3407
3 3469 3468 3407
3 3469 3407 3412
3 3470 3469 3412
3 3470 3412 3416
3 3471 3470 3416
3 3471 3416 3419
3 3472 3471 3419
3 3473 3472 3423
3 3472 3419 3423
3 3473 3423 3425
3 3473 3425 3474
3 3474 3425 3427
3 3474 3427 3475
3 3475 3427 3385
3 3475 3385 3386
3 3476 3475 3386
3 3476 3386 3387
3 3477 3476 3387
3 3477 3387 3388
3 3478 3477 3388
3 3478 3388 3390
3 3479 3478 3390
3 3479 3390 3392
3 3480 3479 3392
3 3480 3392 3394
3 3481 3480 3394
3 3481 3394 3396
3 3482 3481 3396
3 3482 3396 3399
3 3483 3482 3399
3 3483 3399 3401
3 3484 3483 3401
3 3484 3401 3403
3 3485 3484 3403
3 3485 3403 3405
3 3486 3485 3405
3 3486 3405 3408
3 3487 3486 3408
3 3488 3489 3490
3 3491 3488 3490
3 3492 3491 3490
3 3492 3490 3493
3 3487 3408 3410
3 3490 3487 3410
3 3490 3410 3411
3 3493 3490 3413
3 3490 3411 3413
3 3494 3493 3415
3 3493 3413 3415
3 3495 3494 3417
3 3494 3415 3417
3 3496 3495 3418
3 3495 3417 3418
3 3497 3496 3420
3 3496 3418 3420
3 3498 3497 3428
3 3497 3420 3428
3 3499 3498 3429
3 3498 3428 3429
3 3499 3429 3430
3 3499 3430 3432
3 3500 3499 3432
3 3500 3432 3433
3 2875 3500 3433
3 2875 3433 2883
3 3501 3449 2788
3 3449 2790 2788
3 3502 3503 2785
3 3503 3501 2785
3 3501 2788 2785
3 3502 2785 2778
3 2840 3450 2841
3 3451 3452 2841
3 3450 3451 2841
3 3502 2778 3504
3 3504 2778 2781
3 3504 2781 3505
3 3505 2781 2784
3 3505 2784 3506
3 3506 2784 2783
3 3506 2783 3507
3 3507 2783 2780
3 3507 2780 3508
3 3508 2780 2777
3 2939 3156 3509
3 3508 2777 3509
3 2939 3509 2914
3 3509 2777 2776
3 2912 2914 2775
3 2914 3509 2775
3 3509 2776 2775
3 3144 2912 2773
3 3141 3144 2773
3 2912 2775 2773
3 3138 3141 2772
3 3132 3138 2772
3 3141 2773 2772
3 3133 3132 2769
3 3132 2772 2769
3 3452 3510 3511
3 2837 2841 3452
3 2837 3452 3511
3 2836 3511 3512
3 2836 2837 3511
3 2834 3512 3513
3 2834 2836 3512
3 2835 3513 3514
3 2835 2834 3513
3 2832 3514 3515
3 2832 3515 3516
3 2832 2835 3514
3 2829 2832 3516
3 2830 3516 3517
3 2830 2829 3516
3 2827 3517 3518
3 2827 2830 3517
3 2828 3518 3519
3 2828 2827 3518
3 2825 3519 3520
3 2825 2828 3519
3 2826 3520 3521
3 2826 2825 3520
3 2821 3521 3522
3 2821 3522 3523
3 2821 2826 3521
3 2822 2821 3523
3 2823 3523 3524
3 2823 2822 3523
3 2824 2823 3524
3 2824 3524 3525
3 2820 2824 3525
3 2820 3525 3526
3 2769 2771 3106
3 2769 3106 3133
3 3527 2774 2779
3 3528 3527 2779
3 3529 3528 2782
3 3528 2779 2782
3 3530 3529 2786
3 3531 3530 2786
3 3529 2782 2786
3 3531 2786 2787
3 3532 3531 2789
3 3533 3532 2789
3 3531 2787 2789
3 3533 2789 2791
3 3534 3533 2792
3 3533 2791 2792
3 3535 3534 2793
3 3534 2792 2793
3 3536 3535 2800
3 3537 3536 2800
3 3535 2793 2800
3 3537 2800 2801
3 3538 3537 2802
3 3537 2801 2802
3 3539 3538 2809
3 3540 3539 2809
3 3538 2802 2809
3 3540 2809 2810
3 3541 3540 2817
3 3542 3541 2817
3 3540 2810 2817
3 3526 3542 2818
3 3542 2817 2818
3 3526 2818 2820
3 3543 3106 2771
3 3543 2771 2770
3 3106 3543 2999
3 2999 3543 3544
3 3544 2850 2851
3 2999 3544 2851
3 2770 2774 3527
3 2770 3527 3543
3 3498 3499 2880
3 3499 3500 2880
3 2880 3500 2875
3 2872 2873 3545
3 2872 3545 3546
3 2874 3546 3547
3 2874 2872 3546
3 2876 3547 3548
3 2876 2874 3547
3 2877 3548 3549
3 2877 2876 3548
3 2878 3549 3550
3 2878 2877 3549
3 2881 3550 3551
3 2881 2878 3550
3 3498 3552 3553
3 2879 3551 3552
3 2879 2881 3551
3 2879 3552 3498
3 2880 2879 3498
3 3554 2855 2854
3 3555 3554 2854
3 3556 3555 2854
3 3556 2854 2853
3 3556 2853 2852
3 3557 3556 2852
3 3545 2873 2871
3 3558 3545 2871
3 3559 3558 2870
3 3560 3559 2870
3 3558 2871 2870
3 3560 2870 2869
3 3561 3560 2868
3 3560 2869 2868
3 3562 3561 2867
3 3563 3562 2867
3 3561 2868 2867
3 3564 3563 2866
3 3563 2867 2866
3 3564 2866 2865
3 3565 3564 2864
3 3564 2865 2864
3 3566 3565 2863
3 3567 3566 2863
3 3565 2864 2863
3 3568 3567 2862
3 3567 2863 2862
3 3568 2862 2861
3 3569 3568 2860
3 3568 2861 2860
3 3570 3569 2859
3 3571 3570 2859
3 3569 2860 2859
3 3571 2859 2858
3 3572 3571 2858
3 3572 2858 2857
3 3572 2857 2856
3 3573 3572 2856
3 3573 2856 2855
3 3554 3573 2855
3 3557 2852 2850
3 3544 3557 2850
3 3309 2962 2957
3 3574 3309 2957
3 3575 3574 2957
3 3576 3575 2955
3 3575 2957 2955
3 3577 3576 2950
3 3576 2955 2950
3 3578 3577 2945
3 3577 2950 2945
3 3579 3578 2941
3 3578 2945 2941
3 3579 2941 2931
3 3580 3579 2917
3 3579 2931 2917
3 3581 3580 2896
3 3582 3581 2896
3 3580 2917 2896
3 3583 3582 2895
3 3582 2896 2895
3 3583 2895 2897
3 3584 3583 2887
3 3585 3584 2887
3 3583 2897 2887
3 3585 2887 2886
3 3586 3585 3098
3 3585 2886 3098
3 3587 3588 2664
3 2664 3071 3088
3 3587 2664 3088
3 3589 3587 3094
3 3587 3088 3094
3 3590 3589 3103
3 3589 3094 3103
3 3591 3590 3122
3 3590 3103 3122
3 3592 3591 3139
3 3591 3122 3139
3 3593 3592 3147
3 3592 3139 3147
3 3594 3593 3152
3 3595 3594 3152
3 3593 3147 3152
3 3595 3152 3155
3 3596 3595 3150
3 3595 3155 3150
3 3597 3596 3143
3 3596 3150 3143
3 3300 3597 2667
3 3597 3143 2667
3 2667 3143 2970
3 3598 3130 3137
3 3599 3598 3137
3 3599 3137 3146
3 3600 3601 3146
3 3601 3599 3146
3 3600 3146 2902
3 3586 3098 3091
3 3602 3586 3091
3 3603 3602 3068
3 3602 3091 3068
3 3604 3603 3062
3 3605 3604 3062
3 3603 3068 3062
3 3605 3062 3059
3 3606 3605 3053
3 3607 3606 3053
3 3605 3059 3053
3 3608 3607 3049
3 3607 3053 3049
3 3609 3608 3045
3 3608 3049 3045
3 3610 3609 3042
3 3609 3045 3042
3 3611 3610 3031
3 3610 3042 3031
3 3612 3611 3024
3 3611 3031 3024
3 3613 3612 3021
3 3612 3024 3021
3 3613 3021 3000
3 3614 3613 2997
3 3615 3614 2997
3 3613 3000 2997
3 3616 3615 2996
3 3615 2997 2996
3 3616 2996 2993
3 3617 3616 2991
3 3618 3617 2991
3 3616 2993 2991
3 3619 3618 2989
3 3618 2991 2989
3 3619 2989 2964
3 3620 3619 2937
3 3621 3620 2937
3 3619 2964 2937
3 3621 2937 2911
3 3622 3621 2913
3 3623 3622 2913
3 3621 2911 2913
3 3623 2913 3149
3 3624 3623 3142
3 3625 3624 3142
3 3623 3149 3142
3 3625 3142 3131
3 3626 3625 3131
3 3626 3131 3128
3 3626 3128 3127
3 3627 3626 3127
3 3628 3627 3127
3 3628 3127 3125
3 3628 3125 3108
3 3629 3628 3108
3 3629 3108 3107
3 3630 3629 3107
3 3630 3107 3109
3 3631 3630 3109
3 3631 3109 3110
3 3632 3631 3110
3 3633 3632 3110
3 3634 3633 3111
3 3633 3110 3111
3 3634 3111 3112
3 3635 3634 3113
3 3634 3112 3113
3 3636 3635 3114
3 3637 3636 3114
3 3635 3113 3114
3 3638 3637 3115
3 3637 3114 3115
3 3638 3115 3116
3 3639 3638 3117
3 3638 3116 3117
3 3640 3639 3118
3 3639 3117 3118
3 3641 3640 3119
3 3642 3641 3119
3 3640 3118 3119
3 3642 3119 3120
3 3643 3642 3121
3 3642 3120 3121
3 3644 3643 3023
3 3643 3121 3023
3 3645 3644 3003
3 3646 3645 3003
3 3644 3023 3003
3 3646 3003 3002
3 3647 3646 3004
3 3646 3002 3004
3 3648 3647 3005
3 3647 3004 3005
3 3649 3648 3006
3 3650 3649 3006
3 3648 3005 3006
3 3650 3006 3007
3 3650 3007 3008
3 3651 3650 3008
3 3652 3651 3008
3 3652 3008 3009
3 3653 3652 3009
3 3653 3009 3010
3 3653 3010 3011
3 3654 3653 3011
3 3654 3011 3012
3 3655 3654 3012
3 3655 3012 3013
3 3656 3655 3013
3 3657 3656 3013
3 3657 3013 3014
3 3658 3657 3014
3 3658 3014 3015
3 3659 3658 3015
3 3659 3015 3016
3 3659 3016 3017
3 3660 3659 3017
3 3661 3660 3017
3 3661 3017 2995
3 3661 2995 2990
3 3662 3661 2990
3 3662 2990 2981
3 3663 3662 2981
3 3664 3663 2981
3 3664 2981 2980
3 3665 3664 2980
3 3665 2980 2963
3 3666 3665 2963
3 3666 2963 2949
3 3667 3666 2949
3 3667 2949 2948
3 3667 2948 2969
3 3668 3667 2969
3 3669 3668 2969
3 3669 2969 2986
3 3670 3669 2987
3 3669 2986 2987
3 3671 3670 3019
3 3672 3671 3019
3 3670 2987 3019
3 3673 3672 3022
3 3672 3019 3022
3 3674 3673 3027
3 3673 3022 3027
3 3675 3674 3029
3 3674 3027 3029
3 3675 3029 3033
3 3675 3033 3035
3 3676 3675 3035
3 3676 3035 3038
3 3677 3676 3038
3 3678 3677 3038
3 3678 3038 3040
3 3678 3040 3041
3 3679 3678 3041
3 3680 3679 3041
3 3680 3041 3044
3 3681 3680 3044
3 3681 3044 3048
3 3681 3048 3052
3 3682 3681 3052
3 3682 3052 3056
3 3683 3682 3056
3 3683 3056 3061
3 3684 3683 3061
3 3684 3061 3065
3 3685 3684 3065
3 3686 3685 3065
3 3686 3065 3067
3 3687 3686 3067
3 3687 3067 3075
3 3687 3075 3079
3 3688 3687 3079
3 3689 3688 3079
3 3689 3079 3081
3 3689 3081 3084
3 3690 3689 3084
3 3690 3084 3090
3 3691 3690 3090
3 3692 3691 3090
3 3692 3090 3095
3 3693 3692 3095
3 3693 3095 3099
3 3694 3693 3099
3 3694 3099 3102
3 3695 3694 3102
3 3695 3102 3105
3 3695 3105 3126
3 3696 3695 3126
3 3697 3696 3126
3 3697 3126 3129
3 3697 3129 3130
3 3598 3697 3130
3 3698 3600 2902
3 3699 3698 2900
3 3698 2902 2900
3 3700 3699 2899
3 3699 2900 2899
3 3701 3700 2905
3 3700 2899 2905
3 3702 3701 2916
3 3701 2905 2916
3 3703 3702 2921
3 3702 2916 2921
3 3704 3703 2929
3 3703 2921 2929
3 3705 3704 2935
3 3704 2929 2935
3 3706 3705 2943
3 3705 2935 2943
3 3707 3706 2953
3 3706 2943 2953
3 3708 3707 2971
3 3707 2953 2971
3 3709 3708 2977
3 3708 2971 2977
3 3710 3709 2983
3 3709 2977 2983
3 3711 3710 2988
3 3710 2983 2988
3 3711 2988 2979
3 3712 3711 2665
3 3711 2979 2665
3 2665 2979 2973
3 3713 2892 2893
3 3714 3713 2893
3 3714 2893 2906
3 3715 3714 2906
3 3715 2906 3036
3 3375 3715 3036
3 3509 3156 2938
3 3716 3509 2938
3 3717 3716 2965
3 3716 2938 2965
3 3718 3717 2992
3 3717 2965 2992
3 3719 3718 2994
3 3718 2992 2994
3 3720 3719 2998
3 3719 2994 2998
3 3721 3720 3001
3 3722 3721 3001
3 3720 2998 3001
3 3722 3001 3025
3 3723 3722 3032
3 3722 3025 3032
3 3724 3723 3046
3 3725 3724 3046
3 3723 3032 3046
3 3725 3046 3050
3 3726 3725 3054
3 3725 3050 3054
3 3727 3726 3063
3 3726 3054 3063
3 3728 3727 3069
3 3727 3063 3069
3 3728 3069 3100
3 3729 3728 3100
3 3729 3100 3101
3 3730 3729 3101
3 3731 3730 3101
3 3731 3101 2890
3 3731 2890 2892
3 3713 3731 2892
3 3732 2954 2946
3 3733 3732 2946
3 3733 2946 2944
3 3734 3733 2944
3 3735 3734 2944
3 3735 2944 2936
3 3736 3737 2915
3 3738 3736 2915
3 3737 2920 2915
3 3735 2936 2933
3 3739 3735 2933
3 3740 3738 2904
3 3738 2915 2904
3 3739 2933 2928
3 3741 3739 2928
3 3742 3740 2898
3 3740 2904 2898
3 3737 3741 2920
3 3741 2928 2920
3 3742 2898 2901
3 3743 3742 2908
3 3744 3743 2908
3 3742 2901 2908
3 3745 3744 2918
3 3744 2908 2918
3 3745 2918 2925
3 3746 3745 2930
3 3747 3746 2930
3 3745 2925 2930
3 3747 2930 2934
3 3748 3747 2940
3 3747 2934 2940
3 3749 3748 2974
3 3750 3749 2974
3 3748 2940 2974
3 3750 2974 2975
3 3750 2975 2976
3 3751 3750 2976
3 3751 2976 2982
3 3752 3751 2982
3 3753 3752 2982
3 3753 2982 2985
3 3753 2985 2984
3 3754 3753 2984
3 3754 2984 2978
3 3755 3754 2978
3 3756 3755 2978
3 3756 2978 2972
3 3756 2972 2954
3 3732 3756 2954
3 3757 2966 2967
3 3758 3757 2967
3 3758 2967 2968
3 3759 3758 2968
3 3760 3759 2968
3 3760 2968 2927
3 3761 3762 2889
3 3763 3761 2889
3 3762 2903 2889
3 3760 2927 2922
3 3764 3760 2922
3 3765 3763 2891
3 3763 2889 2891
3 3764 2922 2909
3 3766 3764 2909
3 3767 3765 3157
3 3765 2891 3157
3 3762 3766 2903
3 3766 2909 2903
3 3767 3157 2888
3 3768 3767 2885
3 3769 3768 2885
3 3767 2888 2885
3 3770 3769 2894
3 3769 2885 2894
3 3770 2894 2907
3 3771 3770 2919
3 3772 3771 2919
3 3770 2907 2919
3 3772 2919 2932
3 3773 3772 2942
3 3772 2932 2942
3 3774 3773 2947
3 3775 3774 2947
3 3773 2942 2947
3 3775 2947 2951
3 3775 2951 2952
3 3776 3775 2952
3 3776 2952 2956
3 3777 3776 2956
3 3778 3777 2956
3 3778 2956 2958
3 3778 2958 2959
3 3779 3778 2959
3 3779 2959 2960
3 3780 3779 2960
3 3781 3780 2960
3 3781 2960 2961
3 3781 2961 2966
3 3757 3781 2966
3 3782 3124 3123
3 3783 3782 3123
3 3783 3123 3104
3 3784 3783 3104
3 3785 3784 3104
3 3785 3104 3097
3 3786 3787 3080
3 3788 3786 3080
3 3787 3085 3080
3 3785 3097 3093
3 3789 3785 3093
3 3790 3788 3076
3 3788 3080 3076
3 3789 3093 3087
3 3791 3789 3087
3 3792 3790 3070
3 3790 3076 3070
3 3787 3791 3085
3 3791 3087 3085
3 3792 3070 3073
3 3793 3792 3077
3 3794 3793 3077
3 3792 3073 3077
3 3795 3794 3082
3 3794 3077 3082
3 3795 3082 3086
3 3796 3795 3092
3 3797 3796 3092
3 3795 3086 3092
3 3797 3092 3096
3 3798 3797 3134
3 3797 3096 3134
3 3799 3798 3135
3 3800 3799 3135
3 3798 3134 3135
3 3800 3135 3136
3 3800 3136 3145
3 3801 3800 3145
3 3801 3145 3151
3 3802 3801 3151
3 3803 3802 3151
3 3803 3151 3154
3 3803 3154 3153
3 3804 3803 3153
3 3804 3153 3148
3 3805 3804 3148
3 3806 3805 3148
3 3806 3148 3140
3 3806 3140 3124
3 3782 3806 3124
3 3784 3590 3591
3 3782 3783 3591
3 3783 3784 3591
3 3199 3178 3300
3 3178 3798 3300
3 3798 3799 3300
3 3799 3800 3300
3 3782 3591 3592
3 3806 3782 3592
3 3300 3800 3597
3 3800 3801 3597
3 3184 3185 3790
3 3805 3806 3593
3 3806 3592 3593
3 3183 3184 3792
3 3597 3801 3596
3 3184 3790 3792
3 3801 3802 3596
3 3803 3804 3594
3 3185 3186 3788
3 3804 3805 3594
3 3805 3593 3594
3 3790 3185 3788
3 3803 3594 3595
3 3802 3803 3595
3 3596 3802 3595
3 3199 3189 3178
3 3182 3183 3793
3 3183 3792 3793
3 3186 3187 3786
3 3788 3186 3786
3 3181 3182 3794
3 3182 3793 3794
3 3187 3588 3787
3 3786 3187 3787
3 3179 3180 3795
3 3180 3181 3795
3 3181 3794 3795
3 3588 3587 3791
3 3787 3588 3791
3 3177 3179 3796
3 3179 3795 3796
3 3791 3587 3789
3 3789 3587 3589
3 3177 3796 3797
3 3789 3589 3785
3 3177 3797 3178
3 3178 3797 3798
3 3785 3589 3590
3 3784 3785 3590
3 3204 3301 3765
3 3301 3302 3765
3 3204 3765 3767
3 3765 3302 3763
3 3302 3303 3763
3 3303 3304 3763
3 3204 3767 3768
3 3304 3305 3761
3 3623 3229 3622
3 3763 3304 3761
3 3581 3582 3769
3 3204 3768 3769
3 3582 3204 3769
3 3305 3306 3762
3 3622 3229 3228
3 3306 3307 3762
3 3761 3305 3762
3 3661 3662 3267
3 3581 3769 3770
3 3762 3307 3766
3 3267 3662 3268
3 3581 3770 3580
3 3662 3663 3268
3 3661 3267 3266
3 3766 3307 3308
3 3660 3661 3266
3 3580 3770 3771
3 3268 3663 3269
3 3663 3664 3269
3 3766 3308 3764
3 3660 3266 3265
3 3659 3660 3265
3 3764 3308 3760
3 3269 3664 3270
3 3664 3665 3270
3 3771 3772 3579
3 3580 3771 3579
3 3659 3265 3264
3 3658 3659 3264
3 3760 3308 3759
3 3759 3308 3758
3 3270 3665 3271
3 3579 3772 3578
3 3665 3666 3271
3 3772 3773 3578
3 3658 3264 3263
3 3657 3658 3263
3 3758 3308 3757
3 3698 3699 3740
3 3271 3666 3272
3 3666 3667 3272
3 3757 3308 3781
3 3600 3698 3742
3 3698 3740 3742
3 3578 3773 3577
3 3773 3774 3577
3 3740 3699 3738
3 3699 3700 3738
3 3657 3263 3262
3 3656 3657 3262
3 3272 3667 3273
3 3667 3668 3273
3 3577 3774 3576
3 3774 3775 3576
3 3775 3776 3576
3 3656 3262 3261
3 3655 3656 3261
3 3576 3776 3575
3 3776 3777 3575
3 3273 3668 3274
3 3668 3669 3274
3 3575 3777 3574
3 3777 3778 3574
3 3778 3779 3574
3 3779 3780 3574
3 3780 3781 3574
3 3655 3261 3260
3 3654 3655 3260
3 3274 3669 3275
3 3308 3310 3309
3 3781 3308 3309
3 3669 3670 3275
3 3574 3781 3309
3 3654 3260 3259
3 3653 3654 3259
3 3275 3670 3276
3 3670 3671 3276
3 3198 3600 3743
3 3600 3742 3743
3 3622 3228 3621
3 3700 3701 3736
3 3652 3653 3258
3 3653 3259 3258
3 3738 3700 3736
3 3276 3671 3277
3 3197 3198 3744
3 3671 3672 3277
3 3198 3743 3744
3 3701 3702 3737
3 3736 3701 3737
3 3195 3196 3745
3 3196 3197 3745
3 3197 3744 3745
3 3651 3652 3257
3 3652 3258 3257
3 3621 3228 3227
3 3277 3672 3278
3 3702 3703 3741
3 3672 3673 3278
3 3737 3702 3741
3 3195 3745 3746
3 3651 3257 3256
3 3650 3651 3256
3 3195 3746 3194
3 3741 3703 3739
3 3194 3746 3747
3 3673 3674 3279
3 3739 3703 3704
3 3278 3673 3279
3 3739 3704 3735
3 3621 3227 3620
3 3649 3650 3255
3 3650 3256 3255
3 3674 3675 3280
3 3279 3674 3280
3 3747 3748 3193
3 3194 3747 3193
3 3648 3649 3254
3 3620 3227 3226
3 3649 3255 3254
3 3280 3675 3281
3 3675 3676 3281
3 3735 3704 3705
3 3734 3735 3705
3 3734 3705 3733
3 3648 3254 3253
3 3647 3648 3253
3 3281 3676 3282
3 3676 3677 3282
3 3748 3749 3192
3 3647 3253 3252
3 3193 3748 3192
3 3646 3647 3252
3 3282 3677 3283
3 3677 3678 3283
3 3732 3733 3706
3 3646 3252 3251
3 3733 3705 3706
3 3645 3646 3251
3 3283 3678 3284
3 3678 3679 3284
3 3620 3226 3619
3 3645 3251 3250
3 3644 3645 3250
3 3749 3750 3190
3 3192 3749 3190
3 3284 3679 3285
3 3679 3680 3285
3 3619 3226 3225
3 3644 3250 3249
3 3756 3732 3707
3 3643 3644 3249
3 3732 3706 3707
3 3285 3680 3286
3 3750 3751 3712
3 3680 3681 3286
3 3190 3750 3712
3 3755 3756 3708
3 3756 3707 3708
3 3643 3249 3248
3 3751 3752 3711
3 3642 3643 3248
3 3712 3751 3711
3 3755 3708 3709
3 3753 3754 3709
3 3754 3755 3709
3 3286 3681 3287
3 3711 3752 3710
3 3681 3682 3287
3 3752 3753 3710
3 3753 3709 3710
3 3642 3248 3641
3 3619 3225 3618
3 3618 3225 3224
3 3641 3248 3247
3 3287 3682 3288
3 3618 3224 3617
3 3682 3683 3288
3 3641 3247 3640
3 3617 3224 3223
3 3640 3247 3246
3 3617 3223 3616
3 3288 3683 3289
3 3616 3223 3222
3 3683 3684 3289
3 3640 3246 3639
3 3616 3222 3615
3 3639 3246 3245
3 3615 3222 3221
3 3289 3684 3290
3 3684 3685 3290
3 3639 3245 3638
3 3615 3221 3614
3 3614 3221 3220
3 3638 3245 3244
3 3290 3685 3291
3 3614 3220 3613
3 3685 3686 3291
3 3638 3244 3637
3 3613 3220 3219
3 3291 3686 3687
3 3637 3244 3243
3 3613 3219 3612
3 3291 3687 3292
3 3637 3243 3636
3 3612 3219 3218
3 3612 3218 3611
3 3292 3687 3688
3 3636 3243 3242
3 3611 3218 3217
3 3292 3688 3293
3 3611 3217 3610
3 3636 3242 3635
3 3293 3688 3689
3 3610 3217 3216
3 3635 3242 3241
3 3293 3689 3294
3 3635 3241 3634
3 3610 3216 3609
3 3294 3689 3690
3 3634 3241 3240
3 3609 3216 3215
3 3609 3215 3608
3 3294 3690 3295
3 3634 3240 3633
3 3295 3690 3691
3 3608 3215 3214
3 3633 3240 3239
3 3608 3214 3607
3 3295 3691 3296
3 3607 3214 3213
3 3633 3239 3632
3 3296 3691 3692
3 3632 3239 3238
3 3213 3212 3606
3 3607 3213 3606
3 3296 3692 3297
3 3632 3238 3631
3 3297 3692 3693
3 3212 3211 3605
3 3606 3212 3605
3 3631 3238 3237
3 3297 3693 3298
3 3211 3210 3604
3 3605 3211 3604
3 3631 3237 3630
3 3298 3693 3694
3 3630 3237 3236
3 3210 3209 3603
3 3604 3210 3603
3 3298 3694 3299
3 3630 3236 3629
3 3209 3207 3602
3 3299 3694 3695
3 3603 3209 3602
3 3629 3236 3235
3 3207 3203 3586
3 3299 3695 3200
3 3602 3207 3586
3 3629 3235 3628
3 3200 3695 3696
3 3628 3235 3234
3 3200 3696 3201
3 3628 3234 3627
3 3201 3696 3697
3 3627 3234 3233
3 3201 3697 3202
3 3627 3233 3626
3 3202 3697 3598
3 3626 3233 3232
3 3202 3598 3205
3 3626 3232 3625
3 3205 3598 3599
3 3625 3232 3231
3 3205 3599 3206
3 3625 3231 3624
3 3206 3599 3601
3 3624 3231 3230
3 3206 3601 3208
3 3624 3230 3623
3 3208 3601 3600
3 3586 3203 3585
3 3623 3230 3229
3 3203 3204 3584
3 3585 3203 3584
3 3208 3600 3198
3 3584 3204 3583
3 3583 3204 3582
3 3807 3808 3809
3 3807 3712 3808
3 3810 3809 3811
3 3810 3807 3809
3 3191 3811 2665
3 3191 3810 3811
3 3812 3813 3335
3 3813 3814 3336
3 3335 3813 3336
3 3815 3812 3334
3 3812 3335 3334
3 3814 3816 3337
3 3336 3814 3337
3 3817 3815 3333
3 3815 3334 3333
3 3818 3819 3332
3 3819 3817 3332
3 3817 3333 3332
3 3816 3820 3338
3 3820 3821 3338
3 3337 3816 3338
3 3822 3818 3331
3 3818 3332 3331
3 3821 3823 3339
3 3338 3821 3339
3 3824 3822 3330
3 3822 3331 3330
3 3823 3825 3340
3 3339 3823 3340
3 3824 3330 3329
3 3826 3824 3329
3 3825 3827 3341
3 3340 3825 3341
3 3826 3329 3328
3 3828 3826 3328
3 3827 3829 3342
3 3341 3827 3342
3 3828 3328 3327
3 3830 3831 3327
3 3831 3828 3327
3 3342 3829 3343
3 3829 3832 3343
3 3832 3833 3343
3 3834 3830 3326
3 3830 3327 3326
3 3343 3833 3344
3 3833 3835 3344
3 3836 3834 3325
3 3834 3326 3325
3 3344 3835 3345
3 3835 3837 3345
3 3836 3325 3324
3 3838 3836 3324
3 3345 3837 3346
3 3837 3839 3346
3 3838 3324 3323
3 3840 3838 3323
3 3346 3839 3347
3 3839 3841 3347
3 3842 3843 3322
3 3843 3840 3322
3 3840 3323 3322
3 3841 3844 3348
3 3844 3845 3348
3 3347 3841 3348
3 3842 3322 3321
3 3348 3845 3349
3 3349 3845 3846
3 3842 3321 3847
3 3847 3321 3320
3 3349 3846 3350
3 3847 3320 3848
3 3350 3846 3849
3 3848 3320 3319
3 3350 3849 3351
3 3351 3849 3850
3 3848 3319 3851
3 3851 3319 3318
3 3351 3850 3352
3 3352 3850 3852
3 3851 3318 3853
3 3853 3318 3317
3 3352 3852 3353
3 3317 3316 3854
3 3853 3317 3854
3 3353 3852 3855
3 3354 3353 3855
3 3854 3316 3856
3 3354 3855 3857
3 3354 3857 3858
3 3355 3354 3858
3 3856 3316 3859
3 3316 3315 3859
3 3356 3355 3860
3 3355 3858 3860
3 3859 3315 3861
3 3315 3314 3861
3 3357 3356 3862
3 3356 3860 3862
3 3861 3314 3863
3 3314 3313 3863
3 3358 3357 3864
3 3357 3862 3864
3 3863 3313 3865
3 3313 3312 3865
3 3359 3358 3866
3 3358 3864 3866
3 3865 3312 3867
3 3312 3311 3867
3 3359 3866 3868
3 3867 3311 3869
3 3360 3359 3870
3 3359 3868 3870
3 3311 3374 3871
3 3869 3311 3871
3 3361 3360 3872
3 3360 3870 3872
3 3374 3373 3873
3 3871 3374 3873
3 3362 3361 3874
3 3361 3872 3874
3 3373 3372 3875
3 3873 3373 3875
3 3363 3362 3876
3 3362 3874 3876
3 3372 3371 3877
3 3875 3372 3877
3 3364 3363 3878
3 3363 3876 3878
3 3371 3370 3879
3 3877 3371 3879
3 3364 3878 3880
3 3879 3370 3881
3 3365 3364 3882
3 3364 3880 3882
3 3881 3370 3883
3 3370 3369 3883
3 3366 3365 3884
3 3365 3882 3884
3 3883 3369 3885
3 3369 3368 3885
3 3366 3884 3886
3 3367 3366 3886
3 3885 3368 3887
3 3367 3886 3887
3 3368 3367 3887
3 3438 3727 3437
3 3437 3727 3728
3 3509 3716 3508
3 3437 3728 3436
3 3436 3728 3729
3 3436 3729 3435
3 3716 3717 3507
3 3508 3716 3507
3 3717 3718 3506
3 3507 3717 3506
3 3729 3730 3383
3 3435 3729 3383
3 3434 3435 3383
3 3384 3434 3383
3 3506 3718 3505
3 3730 3731 3382
3 3731 3713 3382
3 3383 3730 3382
3 3713 3714 3378
3 3382 3713 3379
3 3713 3378 3379
3 3714 3715 3377
3 3378 3714 3377
3 3718 3719 3503
3 3719 3720 3503
3 3382 3379 3380
3 3504 3505 3503
3 3502 3504 3503
3 3377 3715 3376
3 3505 3718 3503
3 3382 3380 3381
3 3722 3723 3445
3 3723 3444 3445
3 3376 3715 3375
3 3723 3724 3443
3 3444 3723 3443
3 3721 3722 3446
3 3722 3445 3446
3 3443 3724 3442
3 3442 3724 3725
3 3720 3721 3501
3 3503 3720 3501
3 3501 3721 3447
3 3721 3446 3447
3 3442 3725 3441
3 3501 3447 3448
3 3441 3725 3440
3 3440 3725 3726
3 3501 3448 3449
3 3440 3726 3439
3 3439 3726 3727
3 3439 3727 3438
3 3459 3510 3457
3 3457 3510 3456
3 3456 3510 3455
3 3455 3510 3454
3 3454 3510 3453
3 3453 3510 3452
3 3492 3493 3553
3 3553 3493 3494
3 3553 3494 3495
3 3553 3495 3496
3 3553 3496 3497
3 3497 3498 3553
3 3460 3461 3459
3 3461 3462 3492
3 3462 3489 3492
3 3489 3488 3492
3 3488 3491 3492
3 3459 3461 3492
3 3469 3888 3889
3 3468 3889 3890
3 3468 3469 3889
3 3490 3489 3891
3 3467 3890 3892
3 3467 3468 3890
3 3487 3891 3893
3 3487 3490 3891
3 3466 3892 3894
3 3466 3467 3892
3 3486 3893 3895
3 3486 3487 3893
3 3465 3894 3896
3 3465 3466 3894
3 3485 3895 3897
3 3485 3486 3895
3 3464 3896 3898
3 3464 3465 3896
3 3463 3898 3462
3 3463 3464 3898
3 3484 3897 3899
3 3484 3485 3897
3 3458 3463 3462
3 3483 3899 3900
3 3483 3484 3899
3 3482 3900 3901
3 3482 3483 3900
3 3481 3901 3902
3 3481 3482 3901
3 3480 3902 3903
3 3480 3481 3902
3 3479 3903 3904
3 3479 3480 3903
3 3478 3904 3905
3 3478 3479 3904
3 3477 3905 3906
3 3477 3478 3905
3 3476 3477 3906
3 3476 3906 3907
3 3475 3476 3907
3 3475 3907 3908
3 3474 3475 3908
3 3474 3908 3909
3 3473 3474 3909
3 3473 3909 3910
3 3472 3473 3910
3 3472 3910 3911
3 3471 3472 3911
3 3471 3911 3912
3 3470 3471 3912
3 3470 3912 3888
3 3469 3470 3888
3 3913 3914 3561
3 3562 3913 3561
3 3914 3915 3560
3 3561 3914 3560
3 3560 3915 3559
3 3915 3916 3559
3 3559 3916 3558
3 3916 3917 3558
3 3558 3917 3545
3 3918 3919 3545
3 3920 3918 3545
3 3917 3920 3545
3 3545 3919 3492
3 3921 3922 3492
3 3922 3459 3492
3 3923 3921 3492
3 3924 3923 3492
3 3925 3924 3492
3 3926 3527 3927
3 3928 3925 3492
3 3929 3928 3492
3 3919 3929 3492
3 3546 3545 3492
3 3547 3546 3492
3 3527 3926 3930
3 3548 3547 3492
3 3548 3492 3549
3 3549 3492 3550
3 3927 3527 3931
3 3550 3492 3551
3 3931 3527 3932
3 3551 3492 3552
3 3543 3527 3933
3 3527 3930 3933
3 3552 3492 3553
3 3543 3933 3934
3 3527 3528 3935
3 3932 3527 3935
3 3528 3529 3936
3 3935 3528 3936
3 3543 3934 3937
3 3529 3530 3938
3 3530 3531 3938
3 3936 3529 3938
3 3543 3937 3939
3 3531 3532 3940
3 3938 3531 3940
3 3543 3939 3941
3 3543 3941 3942
3 3544 3543 3942
3 3532 3533 3943
3 3940 3532 3943
3 3533 3534 3944
3 3534 3535 3944
3 3943 3533 3944
3 3544 3942 3945
3 3544 3945 3946
3 3535 3536 3947
3 3944 3535 3947
3 3544 3946 3948
3 3947 3536 3949
3 3536 3537 3949
3 3949 3537 3950
3 3537 3538 3950
3 3538 3539 3950
3 3544 3948 3951
3 3542 3526 3525
3 3950 3539 3952
3 3539 3540 3952
3 3544 3951 3953
3 3542 3525 3524
3 3544 3953 3954
3 3952 3540 3955
3 3540 3541 3955
3 3524 3523 3956
3 3955 3541 3956
3 3541 3542 3956
3 3542 3524 3956
3 3544 3954 3957
3 3956 3523 3958
3 3544 3957 3959
3 3523 3522 3960
3 3958 3523 3960
3 3544 3959 3961
3 3522 3521 3962
3 3960 3522 3962
3 3521 3520 3963
3 3962 3521 3963
3 3520 3519 3964
3 3963 3520 3964
3 3519 3518 3965
3 3964 3519 3965
3 3518 3517 3966
3 3965 3518 3966
3 3511 3510 3459
3 3512 3511 3459
3 3513 3512 3459
3 3514 3513 3459
3 3515 3514 3459
3 3516 3515 3459
3 3517 3516 3459
3 3966 3517 3459
3 3966 3459 3967
3 3967 3459 3968
3 3968 3459 3969
3 3969 3459 3970
3 3544 3961 3557
3 3971 3972 3557
3 3973 3971 3557
3 3974 3973 3557
3 3975 3974 3557
3 3976 3975 3557
3 3961 3976 3557
3 3970 3459 3977
3 3972 3978 3556
3 3557 3972 3556
3 3977 3459 3979
3 3979 3459 3922
3 3556 3978 3555
3 3978 3980 3555
3 3555 3980 3554
3 3554 3980 3573
3 3980 3981 3573
3 3573 3981 3572
3 3981 3982 3572
3 3982 3983 3571
3 3572 3982 3571
3 3571 3983 3570
3 3983 3984 3569
3 3570 3983 3569
3 3569 3984 3568
3 3984 3985 3568
3 3985 3986 3567
3 3568 3985 3567
3 3567 3986 3566
3 3986 3987 3565
3 3566 3986 3565
3 3987 3988 3564
3 3565 3987 3564
3 3988 3913 3563
3 3564 3988 3563
3 3563 3913 3562
3 3869 3984 3983
3 3867 3869 3983
3 3867 3983 3982
3 3865 3867 3982
3 3865 3982 3981
3 3863 3865 3981
3 3863 3981 3980
3 3861 3863 3980
3 3861 3980 3978
3 3859 3861 3978
3 3859 3978 3972
3 3856 3859 3972
3 3854 3856 3972
3 3853 3854 3971
3 3854 3972 3971
3 3853 3971 3973
3 3851 3853 3974
3 3848 3851 3974
3 3853 3973 3974
3 3848 3974 3975
3 3847 3848 3976
3 3848 3975 3976
3 3847 3976 3961
3 3842 3847 3961
3 3842 3961 3959
3 3843 3842 3959
3 3843 3959 3957
3 3840 3843 3957
3 3840 3957 3954
3 3838 3840 3954
3 3838 3954 3953
3 3836 3838 3953
3 3834 3836 3953
3 3834 3953 3951
3 3834 3951 3948
3 3830 3834 3948
3 3830 3948 3946
3 3831 3830 3946
3 3831 3946 3945
3 3828 3831 3945
3 3826 3828 3945
3 3826 3945 3942
3 3826 3942 3941
3 3824 3826 3941
3 3818 3822 3939
3 3824 3941 3939
3 3822 3824 3939
3 3818 3939 3937
3 3819 3818 3934
3 3818 3937 3934
3 3817 3819 3933
3 3819 3934 3933
3 3815 3817 3930
3 3817 3933 3930
3 3812 3815 3926
3 3813 3812 3926
3 3815 3930 3926
3 3814 3813 3927
3 3813 3926 3927
3 3814 3927 3931
3 3816 3814 3932
3 3814 3931 3932
3 3820 3816 3935
3 3821 3820 3935
3 3816 3932 3935
3 3821 3935 3936
3 3823 3821 3938
3 3821 3936 3938
3 3825 3823 3940
3 3827 3825 3940
3 3823 3938 3940
3 3827 3940 3943
3 3827 3943 3944
3 3829 3827 3944
3 3829 3944 3947
3 3832 3829 3947
3 3832 3947 3949
3 3833 3832 3949
3 3833 3949 3950
3 3835 3833 3950
3 3837 3835 3950
3 3837 3950 3952
3 3837 3952 3955
3 3839 3837 3955
3 3841 3839 3956
3 3839 3955 3956
3 3844 3841 3958
3 3845 3844 3958
3 3841 3956 3958
3 3845 3958 3960
3 3846 3845 3962
3 3845 3960 3962
3 3849 3846 3963
3 3850 3849 3963
3 3846 3962 3963
3 3850 3963 3964
3 3852 3850 3965
3 3850 3964 3965
3 3855 3852 3966
3 3857 3855 3966
3 3852 3965 3966
3 3857 3966 3967
3 3858 3857 3968
3 3857 3967 3968
3 3860 3858 3969
3 3858 3968 3969
3 3862 3860 3970
3 3860 3969 3970
3 3864 3862 3977
3 3862 3970 3977
3 3866 3864 3979
3 3864 3977 3979
3 3868 3866 3922
3 3866 3979 3922
3 3870 3868 3921
3 3868 3922 3921
3 3872 3870 3923
3 3874 3872 3923
3 3870 3921 3923
3 3874 3923 3924
3 3874 3924 3925
3 3876 3874 3925
3 3876 3925 3928
3 3878 3876 3928
3 3878 3928 3929
3 3880 3878 3929
3 3882 3880 3929
3 3882 3929 3919
3 3882 3919 3918
3 3884 3882 3918
3 3886 3884 3918
3 3886 3918 3920
3 3886 3920 3917
3 3887 3886 3917
3 3887 3917 3916
3 3885 3887 3916
3 3883 3885 3916
3 3883 3916 3915
3 3883 3915 3914
3 3881 3883 3914
3 3881 3914 3913
3 3879 3881 3913
3 3879 3913 3988
3 3877 3879 3988
3 3875 3877 3988
3 3875 3988 3987
3 3873 3875 3986
3 3875 3987 3986
3 3871 3873 3985
3 3873 3986 3985
3 3869 3871 3984
3 3871 3985 3984
3 3898 3896 3894
3 3898 3894 3892
3 3462 3898 3890
3 3898 3892 3890
3 3890 3889 3888
3 3462 3890 3888
3 3462 3888 3912
3 3912 3911 3910
3 3462 3912 3910
3 3909 3908 3907
3 3910 3909 3906
3 3909 3907 3906
3 3906 3905 3904
3 3904 3903 3902
3 3906 3904 3902
3 3902 3901 3895
3 3901 3900 3895
3 3900 3899 3895
3 3899 3897 3895
3 3462 3910 3895
3 3910 3906 3895
3 3906 3902 3895
3 3462 3895 3893
3 3893 3891 3489
3 3462 3893 3489
