<?xml version="1.0" encoding="utf-8"?>
<COLLADA xmlns="http://www.collada.org/2005/11/COLLADASchema" version="1.4.1" xmlns:xsi="http://www.w3.org/2001/XMLSchema-instance">
  <asset>
    <contributor>
      <author>Blender User</author>
      <authoring_tool>Blender 4.2.2 LTS commit date:2024-09-23, commit time:12:18, hash:c03d7d98a413</authoring_tool>
    </contributor>
    <created>2024-10-01T15:08:58</created>
    <modified>2024-10-01T15:08:58</modified>
    <unit name="meter" meter="1"/>
    <up_axis>Z_UP</up_axis>
  </asset>
  <library_effects>
    <effect id="BLUE_002-effect">
      <profile_COMMON>
        <technique sid="common">
          <lambert>
            <emission>
              <color sid="emission">0 0 0 1</color>
            </emission>
            <diffuse>
              <color sid="diffuse">0 0.003124297 0.8001261 1</color>
            </diffuse>
            <index_of_refraction>
              <float sid="ior">1.5</float>
            </index_of_refraction>
          </lambert>
        </technique>
      </profile_COMMON>
    </effect>
    <effect id="BLACK_001-effect">
      <profile_COMMON>
        <technique sid="common">
          <lambert>
            <emission>
              <color sid="emission">0 0 0 1</color>
            </emission>
            <diffuse>
              <color sid="diffuse">0.1087898 0.1087898 0.1087898 1</color>
            </diffuse>
            <index_of_refraction>
              <float sid="ior">1.5</float>
            </index_of_refraction>
          </lambert>
        </technique>
      </profile_COMMON>
    </effect>
  </library_effects>
  <library_images/>
  <library_materials>
    <material id="BLUE_002-material" name="BLUE.002">
      <instance_effect url="#BLUE_002-effect"/>
    </material>
    <material id="BLACK_001-material" name="BLACK.001">
      <instance_effect url="#BLACK_001-effect"/>
    </material>
  </library_materials>
  <library_geometries>
    <geometry id="shape0_003-mesh" name="shape0.003">
      <mesh>
        <source id="shape0_003-mesh-positions">
          <float_array id="shape0_003-mesh-positions-array" count="3537">19.9454 -1.47705 10 19.9454 -1.47705 25 20 0 10 20 0 25 19.9454 1.47705 10 19.9454 1.47705 25 19.7818 2.94603 10 19.7818 2.94603 25 19.5102 4.39893 10 19.5102 4.39893 25 19.1321 5.8278 10 19.1321 5.8278 25 18.6494 7.22483 10 18.6494 7.22483 25 18.0649 8.58241 10 18.0649 8.58241 25 17.3818 9.89312 10 17.3818 9.89312 25 16.6037 11.1498 10 16.6037 11.1498 25 15.7349 12.3456 10 15.7349 12.3456 25 14.7802 13.4739 10 14.7802 13.4739 25 13.7447 14.5287 10 13.7447 14.5287 25 12.6342 15.5041 10 12.6342 15.5041 25 11.4547 16.3948 10 11.4547 16.3948 25 10.2126 17.196 10 10.2126 17.196 25 8.914772 17.9033 10 8.914772 17.9033 25 7.56822 18.5128 10 7.56822 18.5128 25 6.18034 19.0211 10 6.18034 19.0211 25 4.7587 19.4256 10 4.7587 19.4256 25 3.31108 19.724 10 3.31108 19.724 25 1.84537 19.9147 10 1.84537 19.9147 25 0.369578 19.9966 10 0.369578 19.9966 25 -1.10823 19.9693 10 -1.10823 19.9693 25 -2.57998 19.8329 10 -2.57998 19.8329 25 -4.03765 19.5882 10 -4.03765 19.5882 25 -5.47326 19.2365 10 -5.47326 19.2365 25 -6.87898 18.7798 10 -6.87898 18.7798 25 -8.24713 18.2205 10 -8.24713 18.2205 25 -9.57023 17.5616 10 -9.57023 17.5616 25 -10.8411 16.8069 10 -10.8411 16.8069 25 -12.0527 15.9603 10 -12.0527 15.9603 25 -13.1985 15.0266 10 -13.1985 15.0266 25 -14.2722 14.0109 10 -14.2722 14.0109 25 -15.268 12.9186 10 -15.268 12.9186 25 -16.1803 11.7557 10 -16.1803 11.7557 25 -17.0043 10.5286 10 -17.0043 10.5286 25 -17.7355 9.24408 10 -17.7355 9.24408 25 -18.3697 7.90902 10 -18.3697 7.90902 25 -18.9037 6.53077 10 -18.9037 6.53077 25 -19.3344 5.11686 10 -19.3344 5.11686 25 -19.6595 3.67499 10 -19.6595 3.67499 25 -19.8772 2.21305 10 -19.8772 2.21305 25 -19.9863 0.73903 10 -19.9863 0.73903 25 -19.9863 -0.73903 10 -19.9863 -0.73903 25 -19.8772 -2.21305 10 -19.8772 -2.21305 25 -19.6595 -3.67499 10 -19.6595 -3.67499 25 -19.3344 -5.11686 10 -19.3344 -5.11686 25 -18.9037 -6.53077 10 -18.9037 -6.53077 25 -18.3697 -7.90902 10 -18.3697 -7.90902 25 -17.7355 -9.24408 10 -17.7355 -9.24408 25 -17.0043 -10.5286 10 -17.0043 -10.5286 25 -16.1803 -11.7557 10 -16.1803 -11.7557 25 -15.268 -12.9186 10 -15.268 -12.9186 25 -14.2722 -14.0109 10 -14.2722 -14.0109 25 -13.1985 -15.0266 10 -13.1985 -15.0266 25 -12.0527 -15.9603 10 -12.0527 -15.9603 25 -10.8411 -16.8069 10 -10.8411 -16.8069 25 -9.57023 -17.5616 10 -9.57023 -17.5616 25 -8.24713 -18.2205 10 -8.24713 -18.2205 25 -6.87898 -18.7798 10 -6.87898 -18.7798 25 -5.47326 -19.2365 10 -5.47326 -19.2365 25 -4.03765 -19.5882 10 -4.03765 -19.5882 25 -2.57998 -19.8329 10 -2.57998 -19.8329 25 -1.10823 -19.9693 10 -1.10823 -19.9693 25 0.369578 -19.9966 10 0.369578 -19.9966 25 1.84537 -19.9147 10 1.84537 -19.9147 25 3.31108 -19.724 10 3.31108 -19.724 25 4.7587 -19.4256 10 4.7587 -19.4256 25 6.18034 -19.0211 10 6.18034 -19.0211 25 7.56822 -18.5128 10 7.56822 -18.5128 25 8.914772 -17.9033 10 8.914772 -17.9033 25 10.2126 -17.196 10 10.2126 -17.196 25 11.4547 -16.3948 10 11.4547 -16.3948 25 12.6342 -15.5041 10 12.6342 -15.5041 25 13.7447 -14.5287 10 13.7447 -14.5287 25 14.7802 -13.4739 10 14.7802 -13.4739 25 15.7349 -12.3456 10 15.7349 -12.3456 25 16.6037 -11.1498 10 16.6037 -11.1498 25 17.3818 -9.89312 10 17.3818 -9.89312 25 18.0649 -8.58241 10 18.0649 -8.58241 25 18.6494 -7.22483 10 18.6494 -7.22483 25 19.1321 -5.8278 10 19.1321 -5.8278 25 19.5102 -4.39893 10 19.5102 -4.39893 25 19.7818 -2.94603 10 19.7818 -2.94603 25 -24.9453 1.65226 25 -24.9453 1.65226 1.90735e-6 -25 0 25 -25 0 1.90735e-6 -24.9453 -1.65226 25 -24.9453 -1.65226 1.90735e-6 -24.7816 -3.2973 25 -24.7816 -3.2973 1.90735e-6 -24.5095 -4.92793 25 -24.5095 -4.92793 1.90735e-6 -24.1302 -6.537 25 -24.1302 -6.537 1.90735e-6 -23.6454 -8.11749 25 -23.6454 -8.11749 1.90735e-6 -23.0572 -9.66248 25 -23.0572 -9.66248 1.90735e-6 -22.3682 -11.1652 25 -22.3682 -11.1652 1.90735e-6 -21.5814 -12.6191 25 -21.5814 -12.6191 1.90735e-6 -20.7002 -14.0179 25 -20.7002 -14.0179 1.90735e-6 -19.7285 -15.3553 25 -19.7285 -15.3553 1.90735e-6 -18.6705 -16.6256 25 -18.6705 -16.6256 1.90735e-6 -17.5309 -17.8232 25 -17.5309 -17.8232 1.90735e-6 -16.3146 -18.9429 25 -16.3146 -18.9429 1.90735e-6 -15.027 -19.9797 25 -15.027 -19.9797 1.90735e-6 -13.6737 -20.9292 25 -13.6737 -20.9292 1.90735e-6 -12.2606 -21.7871 25 -12.2606 -21.7871 1.90735e-6 -10.7939 -22.5498 25 -10.7939 -22.5498 1.90735e-6 -9.279932 -23.2139 25 -9.279932 -23.2139 1.90735e-6 -7.72542 -23.7764 25 -7.72542 -23.7764 1.90735e-6 -6.13714 -24.235 25 -6.13714 -24.235 1.90735e-6 -4.52201 -24.5876 25 -4.52201 -24.5876 1.90735e-6 -2.88712 -24.8327 25 -2.88712 -24.8327 1.90735e-6 -1.23959 -24.9692 25 -1.23959 -24.9692 1.90735e-6 0.413349 -24.9966 25 0.413349 -24.9966 1.90735e-6 2.06448 -24.9146 25 2.06448 -24.9146 1.90735e-6 3.70659 -24.7237 25 3.70659 -24.7237 1.90735e-6 5.33249 -24.4247 25 5.33249 -24.4247 1.90735e-6 6.93507 -24.0188 25 6.93507 -24.0188 1.90735e-6 8.50733 -23.508 25 8.50733 -23.508 1.90735e-6 10.0424 -22.8943 25 10.0424 -22.8943 1.90735e-6 11.5335 -22.1806 25 11.5335 -22.1806 1.90735e-6 12.9742 -21.3698 25 12.9742 -21.3698 1.90735e-6 14.3582 -20.4656 25 14.3582 -20.4656 1.90735e-6 15.6794 -19.4719 25 15.6794 -19.4719 1.90735e-6 16.932 -18.3931 25 16.932 -18.3931 1.90735e-6 18.1106 -17.2338 25 18.1106 -17.2338 1.90735e-6 19.21 -15.9992 25 19.21 -15.9992 1.90735e-6 20.2254 -14.6946 25 20.2254 -14.6946 1.90735e-6 21.1524 -13.3258 25 21.1524 -13.3258 1.90735e-6 21.9868 -11.8987 25 21.9868 -11.8987 1.90735e-6 22.7252 -10.4195 25 22.7252 -10.4195 1.90735e-6 23.3641 -8.89485 25 23.3641 -8.89485 1.90735e-6 23.9009 -7.33125 25 23.9009 -7.33125 1.90735e-6 24.3332 -5.7356 25 24.3332 -5.7356 1.90735e-6 24.659 -4.11486 25 24.659 -4.11486 1.90735e-6 24.8771 -2.47614 25 24.8771 -2.47614 1.90735e-6 24.9863 -0.826584 25 24.9863 -0.826584 1.90735e-6 24.9863 0.826584 25 24.9863 0.826584 1.90735e-6 24.8771 2.47614 25 24.8771 2.47614 1.90735e-6 24.659 4.11486 25 24.659 4.11486 1.90735e-6 24.3332 5.7356 25 24.3332 5.7356 1.90735e-6 23.9009 7.33125 25 23.9009 7.33125 1.90735e-6 23.3641 8.89485 25 23.3641 8.89485 1.90735e-6 22.7252 10.4195 25 22.7252 10.4195 1.90735e-6 21.9868 11.8987 25 21.9868 11.8987 1.90735e-6 21.1524 13.3258 25 21.1524 13.3258 1.90735e-6 20.2254 14.6946 25 20.2254 14.6946 1.90735e-6 19.21 15.9992 25 19.21 15.9992 1.90735e-6 18.1106 17.2338 25 18.1106 17.2338 1.90735e-6 16.932 18.3931 25 16.932 18.3931 1.90735e-6 15.6794 19.4719 25 15.6794 19.4719 1.90735e-6 14.3582 20.4656 25 14.3582 20.4656 1.90735e-6 12.9742 21.3698 25 12.9742 21.3698 1.90735e-6 11.5335 22.1806 25 11.5335 22.1806 1.90735e-6 10.0424 22.8943 25 10.0424 22.8943 1.90735e-6 8.50733 23.508 25 8.50733 23.508 1.90735e-6 6.93507 24.0188 25 6.93507 24.0188 1.90735e-6 5.33249 24.4247 25 5.33249 24.4247 1.90735e-6 3.70659 24.7237 25 3.70659 24.7237 1.90735e-6 2.06448 24.9146 25 2.06448 24.9146 1.90735e-6 0.413349 24.9966 25 0.413349 24.9966 1.90735e-6 -1.23959 24.9692 25 -1.23959 24.9692 1.90735e-6 -2.88712 24.8327 25 -2.88712 24.8327 1.90735e-6 -4.52201 24.5876 25 -4.52201 24.5876 1.90735e-6 -6.13714 24.235 25 -6.13714 24.235 1.90735e-6 -7.72542 23.7764 25 -7.72542 23.7764 1.90735e-6 -9.279932 23.2139 25 -9.279932 23.2139 1.90735e-6 -10.7939 22.5498 25 -10.7939 22.5498 1.90735e-6 -12.2606 21.7871 25 -12.2606 21.7871 1.90735e-6 -13.6737 20.9292 25 -13.6737 20.9292 1.90735e-6 -15.027 19.9797 25 -15.027 19.9797 1.90735e-6 -16.3146 18.9429 25 -16.3146 18.9429 1.90735e-6 -17.5309 17.8232 25 -17.5309 17.8232 1.90735e-6 -18.6705 16.6256 25 -18.6705 16.6256 1.90735e-6 -19.7285 15.3553 25 -19.7285 15.3553 1.90735e-6 -20.7002 14.0179 25 -20.7002 14.0179 1.90735e-6 -21.5814 12.6191 25 -21.5814 12.6191 1.90735e-6 -22.3682 11.1652 25 -22.3682 11.1652 1.90735e-6 -23.0572 9.66248 25 -23.0572 9.66248 1.90735e-6 -23.6454 8.11749 25 -23.6454 8.11749 1.90735e-6 -24.1302 6.537 25 -24.1302 6.537 1.90735e-6 -24.5095 4.92793 25 -24.5095 4.92793 1.90735e-6 -24.7816 3.2973 25 -24.7816 3.2973 1.90735e-6 -24.9453 -1.65226 -25 -25 0 -25 -24.9453 1.65226 -25 -24.7816 3.2973 -25 -24.5095 4.92793 -25 -24.1302 6.537 -25 -23.6454 8.11749 -25 -23.0572 9.66248 -25 -22.3682 11.1652 -25 -21.5814 12.6191 -25 -20.7002 14.0179 -25 -19.7285 15.3553 -25 -18.6705 16.6256 -25 -17.5309 17.8232 -25 -16.3146 18.9429 -25 -15.027 19.9797 -25 -13.6737 20.9292 -25 -12.2606 21.7871 -25 -10.7939 22.5498 -25 -9.279932 23.2139 -25 -7.72542 23.7764 -25 -6.13714 24.235 -25 -4.52201 24.5876 -25 -2.88712 24.8327 -25 -1.23959 24.9692 -25 0.413349 24.9966 -25 2.06448 24.9146 -25 3.70659 24.7237 -25 5.33249 24.4247 -25 6.93507 24.0188 -25 8.50733 23.508 -25 10.0424 22.8943 -25 11.5335 22.1806 -25 12.9742 21.3698 -25 14.3582 20.4656 -25 15.6794 19.4719 -25 16.932 18.3931 -25 18.1106 17.2338 -25 19.21 15.9992 -25 20.2254 14.6946 -25 21.1524 13.3258 -25 21.9868 11.8987 -25 22.7252 10.4195 -25 23.3641 8.89485 -25 23.9009 7.33125 -25 24.3332 5.7356 -25 24.659 4.11486 -25 24.8771 2.47614 -25 24.9863 0.826584 -25 24.9863 -0.826584 -25 24.8771 -2.47614 -25 24.659 -4.11486 -25 24.3332 -5.7356 -25 23.9009 -7.33125 -25 23.3641 -8.89485 -25 22.7252 -10.4195 -25 21.9868 -11.8987 -25 21.1524 -13.3258 -25 20.2254 -14.6946 -25 19.21 -15.9992 -25 18.1106 -17.2338 -25 16.932 -18.3931 -25 15.6794 -19.4719 -25 14.3582 -20.4656 -25 12.9742 -21.3698 -25 11.5335 -22.1806 -25 10.0424 -22.8943 -25 8.50733 -23.508 -25 6.93507 -24.0188 -25 5.33249 -24.4247 -25 3.70659 -24.7237 -25 2.06448 -24.9146 -25 0.413349 -24.9966 -25 -1.23959 -24.9692 -25 -2.88712 -24.8327 -25 -4.52201 -24.5876 -25 -6.13714 -24.235 -25 -7.72542 -23.7764 -25 -9.279932 -23.2139 -25 -10.7939 -22.5498 -25 -12.2606 -21.7871 -25 -13.6737 -20.9292 -25 -15.027 -19.9797 -25 -16.3146 -18.9429 -25 -17.5309 -17.8232 -25 -18.6705 -16.6256 -25 -19.7285 -15.3553 -25 -20.7002 -14.0179 -25 -21.5814 -12.6191 -25 -22.3682 -11.1652 -25 -23.0572 -9.66248 -25 -23.6454 -8.11749 -25 -24.1302 -6.537 -25 -24.5095 -4.92793 -25 -24.7816 -3.2973 -25 29.8919 2.544197 -35 -29.8919 2.544197 -35 30 0 -35 -30 0 -35 29.8919 -2.544201 -35 -29.8919 -2.544201 -35 29.5685 -5.07 -35 -29.5685 -5.07 -35 29.03201 -7.5593 -35 -29.03201 -7.5593 -35 28.28631 -9.994202 -35 -28.2863 -9.994202 -35 27.3369 -12.35699 -35 -27.3369 -12.35699 -35 26.1904 -14.6308 -35 -26.1904 -14.6308 -35 24.85531 -16.7992 -35 -24.8553 -16.7992 -35 23.3411 -18.8466 -35 -23.3411 -18.8466 -35 21.6587 -20.7582 -35 -21.6587 -20.7582 -35 19.8202 -22.5202 -35 -19.8202 -22.5202 -35 17.83901 -24.1199 -35 -17.83899 -24.1199 -35 15.7292 -25.5459 -35 -15.7292 -25.5459 -35 13.5061 -26.7878 -35 -13.5061 -26.7878 -35 11.1857 -27.8367 -35 -11.1857 -27.8367 -35 8.7847 -28.68501 -35 -8.784704 -28.68501 -35 6.3204 -29.3267 -35 -6.3204 -29.3267 -35 3.810497 -29.75701 -35 -3.810501 -29.75701 -35 1.273197 -29.97301 -35 -1.273201 -29.97301 -35 -29.5685 5.069999 -35 29.5685 5.069999 -35 -29.03201 7.559299 -35 29.03201 7.559299 -35 -28.2863 9.994198 -35 28.28631 9.994198 -35 -27.3369 12.35701 -35 27.3369 12.35701 -35 -26.1904 14.6309 -35 26.1904 14.6309 -35 -24.8553 16.79921 -35 24.85531 16.79921 -35 -23.3411 18.8466 -35 23.3411 18.8466 -35 -21.6587 20.75821 -35 21.6587 20.75821 -35 -19.8202 22.5202 -35 19.8202 22.5202 -35 -17.83899 24.1199 -35 17.83901 24.1199 -35 -15.7292 25.5459 -35 15.7292 25.5459 -35 -13.5061 26.7878 -35 13.5061 26.7878 -35 -11.1857 27.8367 -35 11.1857 27.8367 -35 -8.784704 28.68501 -35 8.7847 28.68501 -35 -6.3204 29.3267 -35 6.3204 29.3267 -35 -3.810501 29.75702 -35 3.810497 29.75702 -35 -1.273201 29.97301 -35 1.273197 29.97301 -35 -41.60464 51.32999 -15 -41.60464 51.32999 -25 -41.5 50 -15 -41.5 50 -25 -41.60464 48.67029 -15 -41.60464 48.67029 -25 -41.91601 47.37339 -15 -41.91601 47.37339 -25 -42.42644 46.14109 -15 -42.42644 46.14109 -25 -43.12335 45.00379 -15 -43.12335 45.00379 -25 -43.98958 43.98959 -15 -43.98958 43.98959 -25 -45.00382 43.12339 -15 -45.00382 43.12339 -25 -46.14107 42.42639 -15 -46.14107 42.42639 -25 -47.37335 41.916 -15 -47.37335 41.916 -25 -48.67031 41.60469 -15 -48.67031 41.60469 -25 -50 41.5 -15 -50 41.5 -25 -51.32968 41.60469 -15 -51.32968 41.60469 -25 -52.62664 41.916 -15 -52.62664 41.916 -25 -53.85892 42.42639 -15 -53.85892 42.42639 -25 -54.99617 43.12339 -15 -54.99617 43.12339 -25 -56.01041 43.98959 -15 -56.01041 43.98959 -25 -56.87664 45.00379 -15 -56.87664 45.00379 -25 -57.57355 46.14109 -15 -57.57355 46.14109 -25 -58.08398 47.37339 -15 -58.08398 47.37339 -25 -58.39535 48.67029 -15 -58.39535 48.67029 -25 -58.5 50 -15 -58.5 50 -25 -58.39535 51.32999 -15 -58.39535 51.32999 -25 -58.08398 52.62701 -15 -58.08398 52.62701 -25 -57.57355 53.859 -15 -57.57355 53.859 -25 -56.87664 54.996 -15 -56.87664 54.996 -25 -56.01041 56.00999 -15 -56.01041 56.00999 -25 -54.99617 56.87701 -15 -54.99617 56.87701 -25 -53.85892 57.574 -15 -53.85892 57.574 -25 -52.62664 58.084 -15 -52.62664 58.084 -25 -51.32968 58.395 -15 -51.32968 58.395 -25 -50 58.5 -15 -50 58.5 -25 -48.67031 58.395 -15 -48.67031 58.395 -25 -47.37335 58.084 -15 -47.37335 58.084 -25 -46.14107 57.574 -15 -46.14107 57.574 -25 -45.00382 56.87701 -15 -45.00382 56.87701 -25 -43.98958 56.00999 -15 -43.98958 56.00999 -25 -43.12335 54.996 -15 -43.12335 54.996 -25 -42.42644 53.859 -15 -42.42644 53.859 -25 -41.91601 52.62701 -15 -41.91601 52.62701 -25 58.395 51.32999 -15 58.395 51.32999 -25 58.5 50 -15 58.5 50 -25 58.395 48.67029 -15 58.395 48.67029 -25 58.084 47.37339 -15 58.084 47.37339 -25 57.574 46.14109 -15 57.574 46.14109 -25 56.87701 45.00379 -15 56.87701 45.00379 -25 56.00999 43.98959 -15 56.00999 43.98959 -25 54.996 43.12339 -15 54.996 43.12339 -25 53.859 42.42639 -15 53.859 42.42639 -25 52.62701 41.916 -15 52.62701 41.916 -25 51.32999 41.60469 -15 51.32999 41.60469 -25 50 41.5 -15 50 41.5 -25 48.67029 41.60469 -15 48.67029 41.60469 -25 47.37339 41.916 -15 47.37339 41.916 -25 46.14109 42.42639 -15 46.14109 42.42639 -25 45.00379 43.12339 -15 45.00379 43.12339 -25 43.98959 43.98959 -15 43.98959 43.98959 -25 43.12339 45.00379 -15 43.12339 45.00379 -25 42.42639 46.14109 -15 42.42639 46.14109 -25 41.916 47.37339 -15 41.916 47.37339 -25 41.60469 48.67029 -15 41.60469 48.67029 -25 41.5 50 -15 41.5 50 -25 41.60469 51.32999 -15 41.60469 51.32999 -25 41.916 52.62701 -15 41.916 52.62701 -25 42.42639 53.859 -15 42.42639 53.859 -25 43.12339 54.996 -15 43.12339 54.996 -25 43.98959 56.00999 -15 43.98959 56.00999 -25 45.00379 56.87701 -15 45.00379 56.87701 -25 46.14109 57.574 -15 46.14109 57.574 -25 47.37339 58.084 -15 47.37339 58.084 -25 48.67029 58.395 -15 48.67029 58.395 -25 50 58.5 -15 50 58.5 -25 51.32999 58.395 -15 51.32999 58.395 -25 52.62701 58.084 -15 52.62701 58.084 -25 53.859 57.574 -15 53.859 57.574 -25 54.996 56.87701 -15 54.996 56.87701 -25 56.00999 56.00999 -15 56.00999 56.00999 -25 56.87701 54.996 -15 56.87701 54.996 -25 57.574 53.859 -15 57.574 53.859 -25 58.084 52.62701 -15 58.084 52.62701 -25 29.8919 -2.544201 -15 30 0 -15 29.8919 2.544197 -15 29.5685 5.069999 -15 29.03201 7.559299 -15 28.28631 9.994198 -15 27.3369 12.35701 -15 26.1904 14.6309 -15 24.85531 16.79921 -15 23.3411 18.8466 -15 21.6587 20.75821 -15 19.8202 22.5202 -15 17.83901 24.1199 -15 15.7292 25.5459 -15 13.5061 26.7878 -15 11.1857 27.8367 -15 8.7847 28.68501 -15 6.3204 29.3267 -15 3.810497 29.75702 -15 1.273197 29.97301 -15 -1.273201 29.97301 -15 -3.810501 29.75702 -15 -6.3204 29.3267 -15 -8.784704 28.68501 -15 -11.1857 27.8367 -15 -13.5061 26.7878 -15 -15.7292 25.5459 -15 -17.83899 24.1199 -15 -19.8202 22.5202 -15 -21.6587 20.75821 -15 -23.3411 18.8466 -15 -24.8553 16.79921 -15 -26.1904 14.6309 -15 -27.3369 12.35701 -15 -28.2863 9.994198 -15 -29.03201 7.559299 -15 -29.5685 5.069999 -15 -29.8919 2.544197 -15 -30 0 -15 -29.8919 -2.544201 -15 -29.5685 -5.07 -15 -29.03201 -7.5593 -15 -28.2863 -9.994202 -15 -27.3369 -12.35699 -15 -26.1904 -14.6308 -15 -24.8553 -16.7992 -15 -23.3411 -18.8466 -15 -21.6587 -20.7582 -15 -19.8202 -22.5202 -15 -17.83899 -24.1199 -15 -15.7292 -25.5459 -15 -13.5061 -26.7878 -15 -11.1857 -27.8367 -15 -8.784704 -28.68501 -15 -6.3204 -29.3267 -15 -3.810501 -29.75701 -15 -1.273201 -29.97301 -15 1.273197 -29.97301 -15 3.810497 -29.75701 -15 6.3204 -29.3267 -15 8.7847 -28.68501 -15 11.1857 -27.8367 -15 13.5061 -26.7878 -15 15.7292 -25.5459 -15 17.83901 -24.1199 -15 19.8202 -22.5202 -15 21.6587 -20.7582 -15 23.3411 -18.8466 -15 24.85531 -16.7992 -15 26.1904 -14.6308 -15 27.3369 -12.35699 -15 28.28631 -9.994202 -15 29.03201 -7.5593 -15 29.5685 -5.07 -15 -41.60464 -48.67031 -15 -41.60464 -48.67031 -25 -41.5 -50 -15 -41.5 -50 -25 -41.60464 -51.32968 -15 -41.60464 -51.32968 -25 -41.91601 -52.62664 -15 -41.91601 -52.62664 -25 -42.42644 -53.85892 -15 -42.42644 -53.85892 -25 -43.12335 -54.99617 -15 -43.12335 -54.99617 -25 -43.98958 -56.01041 -15 -43.98958 -56.01041 -25 -45.00382 -56.87664 -15 -45.00382 -56.87664 -25 -46.14107 -57.57355 -15 -46.14107 -57.57355 -25 -47.37335 -58.08398 -15 -47.37335 -58.08398 -25 -48.67031 -58.39535 -15 -48.67031 -58.39535 -25 -50 -58.5 -15 -50 -58.5 -25 -51.32968 -58.39535 -15 -51.32968 -58.39535 -25 -52.62664 -58.08398 -15 -52.62664 -58.08398 -25 -53.85892 -57.57355 -15 -53.85892 -57.57355 -25 -54.99617 -56.87664 -15 -54.99617 -56.87664 -25 -56.01041 -56.01041 -15 -56.01041 -56.01041 -25 -56.87664 -54.99617 -15 -56.87664 -54.99617 -25 -57.57355 -53.85892 -15 -57.57355 -53.85892 -25 -58.08398 -52.62664 -15 -58.08398 -52.62664 -25 -58.39535 -51.32968 -15 -58.39535 -51.32968 -25 -58.5 -50 -15 -58.5 -50 -25 -58.39535 -48.67031 -15 -58.39535 -48.67031 -25 -58.08398 -47.37335 -15 -58.08398 -47.37335 -25 -57.57355 -46.14107 -15 -57.57355 -46.14107 -25 -56.87664 -45.00382 -15 -56.87664 -45.00382 -25 -56.01041 -43.98958 -15 -56.01041 -43.98958 -25 -54.99617 -43.12335 -15 -54.99617 -43.12335 -25 -53.85892 -42.42644 -15 -53.85892 -42.42644 -25 -52.62664 -41.91601 -15 -52.62664 -41.91601 -25 -51.32968 -41.60464 -15 -51.32968 -41.60464 -25 -50 -41.5 -15 -50 -41.5 -25 -48.67031 -41.60464 -15 -48.67031 -41.60464 -25 -47.37335 -41.91601 -15 -47.37335 -41.91601 -25 -46.14107 -42.42644 -15 -46.14107 -42.42644 -25 -45.00382 -43.12335 -15 -45.00382 -43.12335 -25 -43.98958 -43.98958 -15 -43.98958 -43.98958 -25 -43.12335 -45.00382 -15 -43.12335 -45.00382 -25 -42.42644 -46.14107 -15 -42.42644 -46.14107 -25 -41.91601 -47.37335 -15 -41.91601 -47.37335 -25 58.395 -48.67031 -15 58.395 -48.67031 -25 58.5 -50 -15 58.5 -50 -25 58.395 -51.32968 -15 58.395 -51.32968 -25 58.084 -52.62664 -15 58.084 -52.62664 -25 57.574 -53.85892 -15 57.574 -53.85892 -25 56.87701 -54.99617 -15 56.87701 -54.99617 -25 56.00999 -56.01041 -15 56.00999 -56.01041 -25 54.996 -56.87664 -15 54.996 -56.87664 -25 53.859 -57.57355 -15 53.859 -57.57355 -25 52.62701 -58.08398 -15 52.62701 -58.08398 -25 51.32999 -58.39535 -15 51.32999 -58.39535 -25 50 -58.5 -15 50 -58.5 -25 48.67029 -58.39535 -15 48.67029 -58.39535 -25 47.37339 -58.08398 -15 47.37339 -58.08398 -25 46.14109 -57.57355 -15 46.14109 -57.57355 -25 45.00379 -56.87664 -15 45.00379 -56.87664 -25 43.98959 -56.01041 -15 43.98959 -56.01041 -25 43.12339 -54.99617 -15 43.12339 -54.99617 -25 42.42639 -53.85892 -15 42.42639 -53.85892 -25 41.916 -52.62664 -15 41.916 -52.62664 -25 41.60469 -51.32968 -15 41.60469 -51.32968 -25 41.5 -50 -15 41.5 -50 -25 41.60469 -48.67031 -15 41.60469 -48.67031 -25 41.916 -47.37335 -15 41.916 -47.37335 -25 42.42639 -46.14107 -15 42.42639 -46.14107 -25 43.12339 -45.00382 -15 43.12339 -45.00382 -25 43.98959 -43.98958 -15 43.98959 -43.98958 -25 45.00379 -43.12335 -15 45.00379 -43.12335 -25 46.14109 -42.42644 -15 46.14109 -42.42644 -25 47.37339 -41.91601 -15 47.37339 -41.91601 -25 48.67029 -41.60464 -15 48.67029 -41.60464 -25 50 -41.5 -15 50 -41.5 -25 51.32999 -41.60464 -15 51.32999 -41.60464 -25 52.62701 -41.91601 -15 52.62701 -41.91601 -25 53.859 -42.42644 -15 53.859 -42.42644 -25 54.996 -43.12335 -15 54.996 -43.12335 -25 56.00999 -43.98958 -15 56.00999 -43.98958 -25 56.87701 -45.00382 -15 56.87701 -45.00382 -25 57.574 -46.14107 -15 57.574 -46.14107 -25 58.084 -47.37335 -15 58.084 -47.37335 -25 60 -60 -15 -60 -60 -15 60 60 -15 -60 60 -15 54.97401 -49.49415 -25 54.97401 -50.50584 -25 54.771 -51.49681 -25 54.372 -52.4265 -25 53.79401 -53.25685 -25 53.061 -53.95388 -25 52.202 -54.48902 -25 51.253 -54.84038 -25 50.253 -54.99357 -25 49.24289 -54.94234 -25 48.2635 -54.68875 -25 47.35519 -54.24322 -25 46.55519 -53.62395 -25 45.89619 -52.85633 -25 45.40519 -51.97177 -25 45.10229 -51.00648 -25 45 -50 -25 45.10229 -48.99351 -25 45.40519 -48.02822 -25 45.89619 -47.14366 -25 46.55519 -46.37604 -25 47.35519 -45.75677 -25 48.2635 -45.31124 -25 49.24289 -45.05765 -25 50.253 -45.00642 -25 51.253 -45.15961 -25 52.202 -45.51097 -25 53.061 -46.04611 -25 53.79401 -46.74314 -25 54.372 -47.57349 -25 54.771 -48.50318 -25 -54.89764 -48.99351 -25 -55 -50 -25 -54.59479 -48.02822 -25 -54.10382 -47.14366 -25 -53.44482 -46.37604 -25 -52.64482 -45.75677 -25 -51.73653 -45.31124 -25 -50.75713 -45.05765 -25 -49.74675 -45.00642 -25 -48.74673 -45.15961 -25 -47.79803 -45.51097 -25 -46.93946 -46.04611 -25 -46.20621 -46.74314 -25 -45.62826 -47.57349 -25 -45.2293 -48.50318 -25 -45.02565 -49.49415 -25 -45.02565 -50.50584 -25 -45.2293 -51.49681 -25 -45.62826 -52.4265 -25 -46.20621 -53.25685 -25 -46.93946 -53.95388 -25 -47.79803 -54.48902 -25 -48.74673 -54.84038 -25 -49.74675 -54.99357 -25 -50.75713 -54.94234 -25 -51.73653 -54.68875 -25 -52.64482 -54.24322 -25 -53.44482 -53.62395 -25 -54.10382 -52.85633 -25 -54.59479 -51.97177 -25 -54.89764 -51.00648 -25 45.10229 51.006 -25 45 50 -25 45.40519 51.972 -25 45.89619 52.85601 -25 46.55519 53.624 -25 47.35519 54.243 -25 48.2635 54.689 -25 49.24289 54.942 -25 50.253 54.994 -25 51.253 54.84 -25 52.202 54.489 -25 53.061 53.95401 -25 53.79401 53.257 -25 54.372 52.427 -25 54.771 51.497 -25 54.97401 50.506 -25 54.97401 49.49419 -25 54.771 48.5032 -25 54.372 47.57349 -25 53.79401 46.74309 -25 53.061 46.0461 -25 52.202 45.511 -25 51.253 45.15959 -25 50.253 45.00639 -25 49.24289 45.05769 -25 48.2635 45.31119 -25 47.35519 45.75679 -25 46.55519 46.376 -25 45.89619 47.14369 -25 45.40519 48.02819 -25 45.10229 48.99349 -25 -54.89764 48.99349 -25 -54.89764 48.99349 -40 -55 50 -25 -55 50 -40 -54.89764 51.006 -25 -54.89764 51.006 -40 -54.59479 51.972 -25 -54.59479 51.972 -40 -54.10382 52.85601 -25 -54.10382 52.85601 -40 -53.44482 53.624 -25 -53.44482 53.624 -40 -52.64482 54.243 -25 -52.64482 54.243 -40 -51.73653 54.689 -25 -51.73653 54.689 -40 -50.75713 54.942 -25 -50.75713 54.942 -40 -49.74675 54.994 -25 -49.74675 54.994 -40 -48.74673 54.84 -25 -48.74673 54.84 -40 -47.79803 54.489 -25 -47.79803 54.489 -40 -46.93946 53.95401 -25 -46.93946 53.95401 -40 -46.20621 53.257 -25 -46.20621 53.257 -40 -45.62826 52.427 -25 -45.62826 52.427 -40 -45.2293 51.497 -25 -45.2293 51.497 -40 -45.02565 50.506 -25 -45.02565 50.506 -40 -45.02565 49.49419 -25 -45.02565 49.49419 -40 -45.2293 48.5032 -25 -45.2293 48.5032 -40 -45.62826 47.57349 -25 -45.62826 47.57349 -40 -46.20621 46.74309 -25 -46.20621 46.74309 -40 -46.93946 46.0461 -25 -46.93946 46.0461 -40 -47.79803 45.511 -25 -47.79803 45.511 -40 -48.74673 45.15959 -25 -48.74673 45.15959 -40 -49.74675 45.00639 -25 -49.74675 45.00639 -40 -50.75713 45.05769 -25 -50.75713 45.05769 -40 -51.73653 45.31119 -25 -51.73653 45.31119 -40 -52.64482 45.75679 -25 -52.64482 45.75679 -40 -53.44482 46.376 -25 -53.44482 46.376 -40 -54.10382 47.14369 -25 -54.10382 47.14369 -40 -54.59479 48.02819 -25 -54.59479 48.02819 -40 45.10229 -51.00648 -40 45 -50 -40 45.10229 -48.99351 -40 45.40519 -48.02822 -40 45.89619 -47.14366 -40 46.55519 -46.37604 -40 47.35519 -45.75677 -40 48.2635 -45.31124 -40 49.24289 -45.05765 -40 50.253 -45.00642 -40 51.253 -45.15961 -40 52.202 -45.51097 -40 53.061 -46.04611 -40 53.79401 -46.74314 -40 54.372 -47.57349 -40 54.771 -48.50318 -40 54.97401 -49.49415 -40 54.97401 -50.50584 -40 54.771 -51.49681 -40 54.372 -52.4265 -40 53.79401 -53.25685 -40 53.061 -53.95388 -40 52.202 -54.48902 -40 51.253 -54.84038 -40 50.253 -54.99357 -40 49.24289 -54.94234 -40 48.2635 -54.68875 -40 47.35519 -54.24322 -40 46.55519 -53.62395 -40 45.89619 -52.85633 -40 45.40519 -51.97177 -40 -54.89764 -51.00648 -40 -55 -50 -40 -54.89764 -48.99351 -40 -54.59479 -48.02822 -40 -54.10382 -47.14366 -40 -53.44482 -46.37604 -40 -52.64482 -45.75677 -40 -51.73653 -45.31124 -40 -50.75713 -45.05765 -40 -49.74675 -45.00642 -40 -48.74673 -45.15961 -40 -47.79803 -45.51097 -40 -46.93946 -46.04611 -40 -46.20621 -46.74314 -40 -45.62826 -47.57349 -40 -45.2293 -48.50318 -40 -45.02565 -49.49415 -40 -45.02565 -50.50584 -40 -45.2293 -51.49681 -40 -45.62826 -52.4265 -40 -46.20621 -53.25685 -40 -46.93946 -53.95388 -40 -47.79803 -54.48902 -40 -48.74673 -54.84038 -40 -49.74675 -54.99357 -40 -50.75713 -54.94234 -40 -51.73653 -54.68875 -40 -52.64482 -54.24322 -40 -53.44482 -53.62395 -40 -54.10382 -52.85633 -40 -54.59479 -51.97177 -40 45.10229 48.99349 -40 45 50 -40 45.10229 51.006 -40 45.40519 51.972 -40 45.89619 52.85601 -40 46.55519 53.624 -40 47.35519 54.243 -40 48.2635 54.689 -40 49.24289 54.942 -40 50.253 54.994 -40 51.253 54.84 -40 52.202 54.489 -40 53.061 53.95401 -40 53.79401 53.257 -40 54.372 52.427 -40 54.771 51.497 -40 54.97401 50.506 -40 54.97401 49.49419 -40 54.771 48.5032 -40 54.372 47.57349 -40 53.79401 46.74309 -40 53.061 46.0461 -40 52.202 45.511 -40 51.253 45.15959 -40 50.253 45.00639 -40 49.24289 45.05769 -40 48.2635 45.31119 -40 47.35519 45.75679 -40 46.55519 46.376 -40 45.89619 47.14369 -40 45.40519 48.02819 -40 -60 60 -40 -60 -60 -40 60 60 -40 60 -60 -40</float_array>
          <technique_common>
            <accessor source="#shape0_003-mesh-positions-array" count="1179" stride="3">
              <param name="X" type="float"/>
              <param name="Y" type="float"/>
              <param name="Z" type="float"/>
            </accessor>
          </technique_common>
        </source>
        <source id="shape0_003-mesh-normals">
          <float_array id="shape0_003-mesh-normals-array" count="4746">-0.9993174 0.0369417 0 -0.9993175 0.03693896 0 -0.9993175 -0.03693896 0 -0.9993175 -0.0369417 0 -0.9938556 -0.1106845 0 -0.9938553 -0.1106873 0 -0.9829726 -0.1837522 0 -0.9829721 -0.1837549 0 -0.966727 -0.2558106 0 -0.966727 -0.2558106 0 -0.9451718 -0.3265736 0 -0.9451709 -0.3265761 0 -0.918488 -0.3954489 0 -0.9184871 -0.3954511 0 -0.8867933 -0.4621664 0 -0.8867922 -0.4621685 0 -0.8502173 -0.526432 0 -0.8502185 -0.52643 0 -0.8090181 -0.5877838 0 -0.8090168 -0.5877856 0 -0.7633908 -0.645937 0 -0.7633921 -0.6459354 0 -0.7136045 -0.7005489 0 -0.7136052 -0.7005481 0 -0.6599261 -0.7513306 0 -0.6599266 -0.7513301 0 -0.6026273 -0.7980228 0 -0.6026274 -0.7980227 0 -0.5420533 -0.8403441 0 -0.4785348 -0.8780686 0 -0.4785354 -0.8780683 0 -0.4123623 -0.91102 0 -0.4123626 -0.9110199 0 -0.3439026 -0.9390054 0 -0.3439024 -0.9390054 0 -0.273669 -0.961824 0 -0.2736691 -0.9618239 0 -0.2018876 -0.9794087 0 -0.2018874 -0.9794088 0 -0.1290192 -0.9916421 0 -0.05541008 -0.9984637 0 0.01847004 -0.9998295 0 0.01847004 -0.9998295 0 0.09228342 -0.9957328 0 0.09228342 -0.9957328 0 0.1655538 -0.9862008 0 0.2379465 -0.9712783 0 0.3089884 -0.9510659 0 0.3089886 -0.9510658 0 0.3784031 -0.9256409 0 0.4457779 -0.8951437 0 0.445779 -0.8951431 0 0.5105985 -0.8598194 0 0.5105991 -0.859819 0 0.5727727 -0.8197143 0 0.5727719 -0.8197149 0 0.6317072 -0.7752072 0 0.6317079 -0.7752065 0 0.6872135 -0.7264555 0 0.6872136 -0.7264555 0 0.738996 -0.6737098 0 0.7389961 -0.6737097 0 0.786781 -0.6172322 0 0.7867804 -0.6172331 0 0.8301927 -0.5574765 0 0.8301941 -0.5574747 0 0.8690611 -0.4947049 0 0.8690611 -0.494705 0 0.9032654 -0.4290826 0 0.9032652 -0.4290826 0 0.9324578 -0.3612791 0 0.956603 -0.2913945 0 0.9566023 -0.2913971 0 0.975511 -0.2199506 0 0.975511 -0.2199507 0 0.9890942 -0.1472851 0 0.9890937 -0.1472877 0 0.9972723 -0.07381224 0 0.997272 -0.07381492 0 1 0 0 0.997272 0.07381498 0 0.9972723 0.07381218 0 0.9890937 0.1472877 0 0.9890942 0.1472851 0 0.975511 0.2199506 0 0.975511 0.2199507 0 0.9566023 0.2913971 0 0.956603 0.2913945 0 0.9324578 0.3612791 0 0.9032654 0.4290826 0 0.9032652 0.4290826 0 0.8690611 0.4947049 0 0.8690611 0.494705 0 0.8301941 0.5574747 0 0.8301927 0.5574765 0 0.7867804 0.617233 0 0.786781 0.6172323 0 0.738996 0.6737098 0 0.7389961 0.6737097 0 0.6872135 0.7264555 0 0.6872136 0.7264555 0 0.6317078 0.7752066 0 0.6317073 0.7752071 0 0.572772 0.8197149 0 0.5727725 0.8197144 0 0.5105991 0.859819 0 0.5105985 0.8598194 0 0.445779 0.8951431 0 0.4457779 0.8951437 0 0.3784031 0.9256409 0 0.3089886 0.9510658 0 0.3089884 0.9510659 0 0.2379465 0.9712783 0 0.1655538 0.9862008 0 0.09228342 0.9957328 0 0.09228342 0.9957328 0 0.01847004 0.9998295 0 0.01847004 0.9998295 0 -0.05541008 0.9984637 0 -0.1290192 0.9916421 0 -0.2018874 0.9794088 0 -0.2018876 0.9794087 0 -0.2736691 0.9618239 0 -0.273669 0.961824 0 -0.3439024 0.9390054 0 -0.3439026 0.9390054 0 -0.4123626 0.9110199 0 -0.4123623 0.91102 0 -0.4785354 0.8780683 0 -0.4785348 0.8780686 0 -0.5420533 0.8403441 0 -0.6026273 0.7980228 0 -0.6026274 0.7980227 0 -0.6599267 0.75133 0 -0.6599259 0.7513307 0 -0.7136051 0.7005482 0 -0.7136045 0.7005488 0 -0.7633921 0.6459354 0 -0.7633908 0.645937 0 -0.8090168 0.5877856 0 -0.8090181 0.5877838 0 -0.8502185 0.52643 0 -0.8502173 0.526432 0 -0.8867921 0.4621686 0 -0.8867933 0.4621664 0 -0.9184871 0.3954513 0 -0.9184881 0.3954488 0 -0.9451709 0.3265761 0 -0.9451718 0.3265736 0 -0.966727 0.2558106 0 -0.966727 0.2558106 0 -0.9829722 0.1837549 0 -0.9829727 0.1837522 0 -0.9938553 0.1106873 0 -0.9938556 0.1106845 0 0 0 1 0 0 1 0 0 1 1.4107e-7 0 1 -1.44502e-7 0 1 3.16485e-7 0 1 -3.28331e-7 0 1 -8.86291e-7 0 1 -1.57522e-6 0 1 1.98214e-6 0 1 -1.80685e-6 0 1 2.71229e-6 0 1 -4.76626e-6 0 1 -7.92041e-6 0 1 7.89293e-6 0 1 0 0 1 0 0 1 0 0 1 -0.9994526 0.03308635 0 -0.9994524 0.03308933 0 -0.9994524 -0.03308933 0 -0.9994526 -0.03308635 0 -0.9950852 -0.09902286 0 -0.9950852 -0.09902286 0 -0.9863618 -0.164592 0 -0.9733232 -0.2294388 0 -0.9733238 -0.229436 0 -0.9560337 -0.293257 0 -0.9560353 -0.2932516 0 -0.9345611 -0.3558029 0 -0.934562 -0.3558003 0 -0.909007 -0.4167809 0 -0.8794763 -0.4759429 0 -0.8794775 -0.4759405 0 -0.8461032 -0.5330192 0 -0.8461033 -0.5330192 0 -0.8090111 -0.5877935 0 -0.809011 -0.5877936 0 -0.768395 -0.6399758 0 -0.7683936 -0.6399775 0 -0.7244326 -0.6893457 0 -0.7244304 -0.6893481 0 -0.6772873 -0.7357187 0 -0.6271714 -0.7788814 0 -0.6271707 -0.778882 0 -0.5743498 -0.81861 0 -0.5743512 -0.8186091 0 -0.5189546 -0.8548019 0 -0.5189552 -0.8548014 0 -0.4613601 -0.8872131 0 -0.4613595 -0.8872134 0 -0.4017015 -0.9157708 0 -0.4017021 -0.9157704 0 -0.3402592 -0.9403317 0 -0.340259 -0.9403318 0 -0.2774084 -0.9607521 0 -0.277408 -0.9607523 0 -0.213286 -0.9769898 0 -0.2132863 -0.9769898 0 -0.1482615 -0.9889482 0 -0.1482614 -0.9889482 0 -0.08256918 -0.9965854 0 -0.01657366 -0.9998627 0 0.04960221 -0.9987691 0 0.1154745 -0.9933105 0 0.1154745 -0.9933105 0 0.1808652 -0.9835079 0 0.1808651 -0.9835079 0 0.2455268 -0.9693899 0 0.2455266 -0.9693899 0 0.3089838 -0.9510673 0 0.3712214 -0.9285445 0 0.3712209 -0.9285447 0 0.4317331 -0.9020014 0 0.4317337 -0.9020011 0 0.4904486 -0.8714702 0 0.490448 -0.8714706 0 0.5469424 -0.8371703 0 0.6010838 -0.7991861 0 0.6525822 -0.7577179 0 0.652583 -0.7577174 0 0.7012451 -0.7129203 0 0.7012466 -0.7129188 0 0.7468149 -0.665032 0 0.7891435 -0.6142089 0 0.7891436 -0.6142088 0 0.8279889 -0.5607446 0 0.8279903 -0.5607426 0 0.8632718 -0.5047393 0 0.8632718 -0.5047393 0 0.8947178 -0.446632 0 0.8947166 -0.4466344 0 0.9222953 -0.3864861 0 0.9222964 -0.3864835 0 0.9458141 -0.3247088 0 0.9652043 -0.261497 0 0.965205 -0.2614943 0 0.9803875 -0.1970802 0 0.980388 -0.1970773 0 0.9912593 -0.1319287 0 0.9912596 -0.1319258 0 0.9978161 -0.06605458 0 0.9978159 -0.0660575 0 0.9978159 0.0660575 0 0.9978161 0.06605458 0 0.9912596 0.1319258 0 0.9912593 0.1319287 0 0.980388 0.1970773 0 0.9803875 0.1970802 0 0.965205 0.2614943 0 0.9652043 0.261497 0 0.9458141 0.3247088 0 0.9222964 0.3864835 0 0.9222953 0.3864861 0 0.8947167 0.4466344 0 0.8947178 0.446632 0 0.8632718 0.5047393 0 0.8632718 0.5047393 0 0.8279903 0.5607426 0 0.8279888 0.5607446 0 0.7891435 0.6142089 0 0.7891436 0.6142088 0 0.7468149 0.665032 0 0.7012466 0.7129188 0 0.7012451 0.7129203 0 0.652583 0.7577174 0 0.6525822 0.7577179 0 0.6010838 0.7991861 0 0.5469424 0.8371703 0 0.490448 0.8714706 0 0.4904486 0.8714702 0 0.4317337 0.9020012 0 0.4317331 0.9020014 0 0.3712209 0.9285447 0 0.3712214 0.9285445 0 0.3089838 0.9510673 0 0.2455266 0.9693899 0 0.2455268 0.9693899 0 0.1808651 0.9835079 0 0.1808652 0.9835079 0 0.1154745 0.9933105 0 0.1154745 0.9933105 0 0.04960221 0.9987691 0 0.04960221 0.9987691 0 -0.01657366 0.9998627 0 -0.08256918 0.9965854 0 -0.1482614 0.9889482 0 -0.1482615 0.9889482 0 -0.2132862 0.9769898 0 -0.2132861 0.9769898 0 -0.277408 0.9607523 0 -0.2774084 0.9607521 0 -0.340259 0.9403318 0 -0.3402592 0.9403317 0 -0.4017021 0.9157705 0 -0.4017015 0.9157708 0 -0.4613595 0.8872134 0 -0.4613601 0.8872131 0 -0.5189552 0.8548014 0 -0.5189546 0.8548019 0 -0.5743512 0.8186091 0 -0.5743498 0.81861 0 -0.6271707 0.778882 0 -0.6271714 0.7788814 0 -0.6772873 0.7357187 0 -0.7244304 0.6893481 0 -0.7244326 0.6893457 0 -0.7683936 0.6399776 0 -0.7683951 0.6399758 0 -0.8090111 0.5877935 0 -0.809011 0.5877936 0 -0.8461032 0.5330192 0 -0.8461033 0.5330192 0 -0.8794775 0.4759406 0 -0.8794763 0.4759429 0 -0.909007 0.4167809 0 -0.934562 0.3558003 0 -0.9345611 0.3558029 0 -0.9560353 0.2932516 0 -0.9560337 0.293257 0 -0.9733238 0.229436 0 -0.9733232 0.2294388 0 -0.9863618 0.164592 0 -0.9950852 0.09902286 0 -0.9950852 0.09902286 0 -0.9994524 -0.03308933 0 -0.9994524 0.03308933 0 -0.9950855 0.09901994 0 -0.9950852 0.09902286 0 -0.9863618 0.164592 0 -0.9863613 0.1645948 0 -0.9733238 0.229436 0 -0.9733232 0.2294388 0 -0.9560346 0.2932543 0 -0.934562 0.3558002 0 -0.909007 0.4167808 0 -0.8794763 0.4759428 0 -0.8461046 0.533017 0 -0.8461019 0.5330213 0 -0.8090118 0.5877925 0 -0.7683945 0.6399766 0 -0.7683944 0.6399766 0 -0.7244319 0.6893465 0 -0.7244311 0.6893472 0 -0.6772866 0.7357193 0 -0.6772873 0.7357186 0 -0.6271715 0.7788813 0 -0.6271707 0.7788819 0 -0.5743498 0.81861 0 -0.5743505 0.8186095 0 -0.5189552 0.8548014 0 -0.5189546 0.8548018 0 -0.4613602 0.8872129 0 -0.4613596 0.8872132 0 -0.4017018 0.9157705 0 -0.4017018 0.9157705 0 -0.3402593 0.9403317 0 -0.340259 0.9403318 0 -0.2774082 0.9607522 0 -0.2132861 0.9769899 0 -0.2132861 0.9769898 0 -0.1482615 0.9889482 0 -0.1482614 0.9889482 0 -0.08256912 0.9965854 0 -0.01657366 0.9998627 0 0.04960221 0.9987691 0 0.04960221 0.9987692 0 0.1154745 0.9933105 0 0.1808652 0.9835079 0 0.1808651 0.983508 0 0.2455267 0.9693899 0 0.3089839 0.9510673 0 0.3712212 0.9285445 0 0.4317332 0.9020014 0 0.4904487 0.8714702 0 0.490448 0.8714705 0 0.5469424 0.8371703 0 0.5469431 0.8371699 0 0.6010832 0.7991866 0 0.6010838 0.799186 0 0.6525823 0.7577179 0 0.6525831 0.7577173 0 0.7012452 0.7129202 0 0.7012467 0.7129188 0 0.746815 0.6650319 0 0.7468149 0.665032 0 0.7891436 0.6142088 0 0.827989 0.5607446 0 0.863272 0.5047393 0 0.8632706 0.5047415 0 0.8947179 0.446632 0 0.8947178 0.446632 0 0.9222954 0.386486 0 0.9458141 0.3247088 0 0.945815 0.3247061 0 0.9652036 0.2614997 0 0.9652051 0.2614942 0 0.9803881 0.1970773 0 0.9912589 0.1319316 0 0.9912596 0.1319258 0 0.997816 0.06605452 0 0.997816 -0.06605452 0 0.9912596 -0.1319258 0 0.9912589 -0.1319316 0 0.9803881 -0.1970773 0 0.9652051 -0.2614942 0 0.9652036 -0.2614997 0 0.945815 -0.3247061 0 0.9458141 -0.3247087 0 0.9222954 -0.386486 0 0.8947179 -0.446632 0 0.8632706 -0.5047414 0 0.8279903 -0.5607426 0 0.7891436 -0.6142088 0 0.746815 -0.6650319 0 0.7468149 -0.665032 0 0.7012467 -0.7129188 0 0.7012452 -0.7129202 0 0.6525831 -0.7577173 0 0.6525823 -0.7577179 0 0.6010838 -0.799186 0 0.6010832 -0.7991866 0 0.5469431 -0.8371699 0 0.5469424 -0.8371703 0 0.490448 -0.8714705 0 0.4904487 -0.8714702 0 0.4317332 -0.9020014 0 0.4317331 -0.9020014 0 0.3712212 -0.9285445 0 0.3089839 -0.9510673 0 0.2455267 -0.9693899 0 0.1808651 -0.983508 0 0.1808652 -0.9835079 0 0.1154745 -0.9933105 0 0.04960221 -0.9987692 0 0.04960221 -0.9987691 0 -0.01657366 -0.9998627 0 -0.08256912 -0.9965854 0 -0.1482614 -0.9889482 0 -0.1482615 -0.9889482 0 -0.2132862 -0.9769899 0 -0.2132861 -0.9769898 0 -0.2774082 -0.9607522 0 -0.340259 -0.9403318 0 -0.3402593 -0.9403317 0 -0.4017018 -0.9157705 0 -0.4017018 -0.9157705 0 -0.4613596 -0.8872132 0 -0.4613602 -0.8872129 0 -0.5189546 -0.8548018 0 -0.5189552 -0.8548014 0 -0.5743505 -0.8186095 0 -0.5743498 -0.81861 0 -0.6271707 -0.7788819 0 -0.6271715 -0.7788813 0 -0.6772873 -0.7357186 0 -0.6772866 -0.7357193 0 -0.7244311 -0.6893472 0 -0.7244319 -0.6893465 0 -0.7683945 -0.6399766 0 -0.7683944 -0.6399766 0 -0.8090111 -0.5877935 0 -0.8090118 -0.5877926 0 -0.8461019 -0.5330212 0 -0.8461045 -0.533017 0 -0.8794763 -0.4759429 0 -0.8794763 -0.4759428 0 -0.909007 -0.4167808 0 -0.934562 -0.3558002 0 -0.9560346 -0.2932543 0 -0.9733232 -0.2294388 0 -0.9733238 -0.229436 0 -0.9863613 -0.1645948 0 -0.9863618 -0.164592 0 -0.9950852 -0.09902286 0 -0.9950855 -0.09901994 0 2.57471e-7 0 1 2.57627e-7 0 1 3.8679e-7 0 1 4.62712e-7 0 1 -4.62539e-7 0 1 1.03202e-6 0 1 1.02969e-6 0 1 -1.85103e-6 0 1 -1.02974e-6 0 1 -5.15063e-7 0 1 -1.84964e-6 0 1 1.03096e-6 0 1 2.06412e-6 0 1 1.0299e-6 0 1 -5.14798e-7 0 1 1.54437e-6 0 1 5.15254e-7 0 1 1.84905e-6 0 1 -5.15726e-7 0 1 -5.16024e-7 0 1 -5.15475e-7 0 1 -5.15082e-7 0 1 1.85057e-6 0 1 -1.02955e-6 0 1 5.14848e-7 0 1 -5.15071e-7 0 1 1.84967e-6 0 1 1.03202e-6 0 1 -9.25426e-7 0 1 1.02959e-6 0 1 1.02955e-6 0 1 -9.2538e-7 0 1 1.02989e-6 0 1 -9.2511e-7 0 1 -1.03054e-6 0 1 9.24536e-7 0 1 2.30817e-7 0 1 0 0 1 2.31209e-7 0 1 4.62644e-7 0 1 1.85057e-6 0 1 1.84834e-6 0 1 1.84905e-6 0 1 9.25297e-7 0 1 9.25507e-7 0 1 -9.25515e-7 0 1 -9.25308e-7 0 1 0 0 -1 0 0 -1 0 0 -1 0 0 -1 0 0 -1 0 0 -1 0 0 -1 0 0 -1 0 0 -1 0 0 -1 -4.1282e-7 0 -1 9.91255e-7 0 -1 -6.44916e-7 0 -1 1.32451e-6 0 -1 -3.96687e-6 0 -1 9.62981e-6 0 -1 -6.15469e-6 0 -1 1.63271e-5 0 -1 -1.13791e-5 0 -1 1.70081e-5 0 -1 -1.41325e-5 0 -1 4.22376e-5 0 -1 -0.9969195 -0.07843345 0 -0.9969195 -0.07843339 0 -0.9969181 0.07845085 0 -0.996918 0.07845085 0 -0.9723679 0.2334541 0 -0.9723679 0.233454 0 -0.9238807 0.3826806 0 -0.9238823 0.3826767 0 -0.8526489 0.5224846 0 -0.7604013 0.6494536 0 -0.7603968 0.6494589 0 -0.6494271 0.7604238 0 -0.6494317 0.7604199 0 -0.5225462 0.8526111 0 -0.5225504 0.8526085 0 -0.3826617 0.9238886 0 -0.3826585 0.9238899 0 -0.2334008 0.9723806 0 -0.07849556 0.9969145 0 -0.07849597 0.9969145 0 0.07849669 0.9969145 0 0.07849633 0.9969145 0 0.2334008 0.9723806 0 0.3826585 0.9238899 0 0.3826617 0.9238886 0 0.5225502 0.8526085 0 0.5225463 0.852611 0 0.6494271 0.7604238 0 0.6494317 0.7604199 0 0.7603968 0.6494589 0 0.7604013 0.6494536 0 0.8526489 0.5224846 0 0.9238823 0.3826767 0 0.9723668 0.2334584 0 0.972369 0.2334496 0 0.9969165 0.07846903 0 0.9969174 0.07845991 0 0.9969187 -0.07844251 0 0.996918 -0.07845157 0 0.9723734 -0.2334309 0 0.9723714 -0.2334395 0 0.9238484 -0.3827586 0 0.8525879 -0.5225839 0 0.7603362 -0.6495299 0 0.7603317 -0.6495352 0 0.6497837 -0.7601193 0 0.6497793 -0.760123 0 0.5225462 -0.8526111 0 0.5225504 -0.8526085 0 0.3824102 -0.9239926 0 0.382407 -0.923994 0 0.2331817 -0.9724332 0 0.07871514 -0.9968972 0 0.07871556 -0.9968971 0 -0.07871478 -0.9968972 0 -0.07871448 -0.9968972 0 -0.2331817 -0.9724332 0 -0.382407 -0.923994 0 -0.3824102 -0.9239926 0 -0.5225502 -0.8526085 0 -0.5225463 -0.852611 0 -0.6497837 -0.7601193 0 -0.6497793 -0.760123 0 -0.7603317 -0.6495352 0 -0.7603362 -0.6495299 0 -0.8525879 -0.5225839 0 -0.9238484 -0.3827586 0 -0.9238469 -0.3827626 0 -0.9723724 -0.2334352 0 -0.9723724 -0.2334352 0 -0.9968987 -0.07869714 0 -0.9968993 -0.07868802 0 -0.9968979 0.07870554 0 -0.9968972 0.0787146 0 -0.9724292 0.2331988 0 -0.9724312 0.23319 0 -0.9239956 0.3824033 0 -0.8526203 0.5225311 0 -0.7601076 0.6497974 0 -0.7601121 0.6497921 0 -0.7604235 0.6494277 0 -0.7604235 0.6494277 0 -0.6495175 0.7603467 0 -0.6495176 0.7603466 0 -0.5226318 0.8525586 0 -0.5226319 0.8525585 0 -0.3827394 0.9238564 0 -0.3827362 0.9238578 0 -0.2333925 0.9723826 0 -0.2333904 0.9723832 0 -0.07847768 0.9969159 0 -0.07847803 0.9969159 0 0.07849484 0.9969145 0 0.07849526 0.9969145 0 0.2334112 0.9723781 0 0.3826553 0.9238913 0 0.5225319 0.8526198 0 0.522532 0.8526197 0 0.6494452 0.7604084 0 0.6494408 0.7604123 0 0.7604104 0.649443 0 0.8526203 0.5225311 0 0.8526183 0.5225344 0 0.9238921 0.3826533 0 0.9238904 0.3826572 0 0.9723783 0.2334108 0 0.9723783 0.2334107 0 0.9969144 0.07849633 0 0.9969148 0.07849174 0 0.9969162 -0.07847434 0 0.9969158 -0.07847887 0 0.9723828 -0.233392 0 0.9723829 -0.2333919 0 0.9238565 -0.3827391 0 0.9238582 -0.3827352 0 0.8525573 -0.5226338 0 0.8525594 -0.5226305 0 0.7603452 -0.6495193 0 0.6497928 -0.7601115 0 0.649433 -0.760419 0 0.649433 -0.760419 1.58682e-7 0.649433 -0.760419 0 0.5225319 -0.8526198 0 0.522532 -0.8526197 0 0.3830238 -0.9237385 0 0.3828467 -0.9238119 0 0.3830238 -0.9237385 0 0.3828467 -0.9238119 0 0.3830238 -0.9237385 0 0.3830238 -0.9237385 0 0.2331921 -0.9724308 0 0.07871407 -0.9968973 0 0.07837921 -0.9969236 0 0.07837921 -0.9969236 3.99178e-7 0.07837921 -0.9969236 0 -0.07869684 -0.9968986 0 -0.07821863 -0.9969363 0 -0.07821863 -0.9969363 0 -0.07821863 -0.9969363 0 -0.2331714 -0.9724357 0 -0.2331734 -0.9724352 0 -0.3824846 -0.9239619 0 -0.382798 -0.9238322 0 -0.3827979 -0.9238321 0 -0.3827979 -0.9238321 0 -0.5226318 -0.8525586 0 -0.5226319 -0.8525585 0 -0.6498696 -0.7600458 0 -0.6498696 -0.7600457 0 -0.7600468 -0.6498683 0 -0.7603538 -0.6495093 0 -0.7600423 -0.6498736 0 -0.8525594 -0.5226305 0 -0.923668 -0.3831937 0 -0.9236313 -0.3832823 0 -0.923668 -0.3831937 -1.00329e-6 -0.9236129 -0.3833265 0 -0.923668 -0.3831937 0 -0.923668 -0.3831937 0 -0.9724357 -0.2331713 0 -0.9724336 -0.2331799 0 -0.9990985 0.04245257 0 -0.9990987 0.04245018 0 -0.9990985 -0.04245024 0 -0.9990985 -0.04245269 0 -0.9919025 -0.127002 0 -0.9919025 -0.1270021 0 -0.9775552 -0.2106799 0 -0.9775552 -0.2106799 0 -0.9561641 -0.2928313 0 -0.9561648 -0.292829 0 -0.9278946 -0.3728429 0 -0.9278954 -0.3728408 0 -0.8929209 -0.4502136 0 -0.8929219 -0.4502118 0 -0.8515274 -0.5243104 0 -0.8040032 -0.5946249 0 -0.8040033 -0.5946249 0 -0.7506778 -0.6606686 0 -0.7506777 -0.6606686 0 -0.6919243 -0.72197 0 -0.6919256 -0.7219689 0 -0.6282206 -0.7780352 0 -0.62822 -0.7780358 0 -0.5599794 -0.8285065 0 -0.5599789 -0.8285069 0 -0.4876956 -0.8730139 0 -0.4876962 -0.8730136 0 -0.4119049 -0.9112269 0 -0.4119052 -0.9112268 0 -0.3331344 -0.9428794 0 -0.3331344 -0.9428794 0 -0.2519919 -0.9677294 0 -0.2519919 -0.9677294 0 -0.1689828 -0.9856191 0 -0.1689828 -0.9856191 0 -0.08481913 -0.9963964 0 0 -1 0 0.08481913 -0.9963964 0 0.08481913 -0.9963964 0 0.168983 -0.985619 0 0.168983 -0.985619 0 0.2519916 -0.9677295 0 0.2519915 -0.9677295 0 0.333134 -0.9428795 0 0.3331338 -0.9428796 0 0.4119051 -0.9112268 0 0.4119049 -0.9112268 0 0.4876962 -0.8730136 0 0.4876956 -0.8730139 0 0.5599833 -0.8285039 0 0.5599828 -0.8285043 0 0.6282165 -0.7780386 0 0.6282159 -0.7780391 0 0.6919249 -0.7219694 0 0.6919243 -0.72197 0 0.7506784 -0.6606679 0 0.7506777 -0.6606686 0 0.804005 -0.5946227 0 0.804005 -0.5946226 0 0.8515253 -0.5243138 0 0.8515267 -0.5243112 0 0.8929209 -0.4502136 0 0.8929219 -0.4502118 0 0.9278963 -0.3728387 0 0.9561648 -0.2928291 0 0.9561635 -0.2928335 0 0.9775542 -0.2106845 0 0.9775547 -0.2106822 0 0.9919028 -0.1269997 0 0.9919022 -0.1270045 0 0.9990985 -0.04245024 0 0.9990986 -0.04245024 0 0.9990987 0.04245018 0 0.9919022 0.1270046 0 0.9919028 0.1269999 0 0.9775547 0.2106822 0 0.9775542 0.2106844 0 0.9561637 0.2928332 0 0.9561649 0.2928288 0 0.9278954 0.372841 0 0.8929154 0.4502244 0 0.8929145 0.4502264 0 0.8515366 0.5242953 0 0.851535 0.524298 0 0.8040063 0.5946208 0 0.8040064 0.5946208 0 0.750676 0.6606705 0 0.7506768 0.6606698 0 0.6919264 0.7219682 0 0.691927 0.7219675 0 0.628216 0.7780391 0 0.6282165 0.7780386 0 0.5599828 0.8285043 0 0.5599834 0.8285039 0 0.4876956 0.8730139 0 0.4876962 0.8730136 0 0.4119049 0.9112269 0 0.4119052 0.9112268 0 0.3331311 0.9428806 0 0.3331313 0.9428805 0 0.2519943 0.9677288 0 0.2519944 0.9677288 0 0.1689765 0.9856202 0 0.1689764 0.9856202 0 0.08482289 0.9963961 0 0.08482289 0.9963961 0 0 1 0 -0.08482289 0.9963961 0 -0.08482289 0.9963961 0 -0.1689762 0.9856202 0 -0.1689762 0.9856202 0 -0.2519947 0.9677286 0 -0.2519947 0.9677286 0 -0.3331317 0.9428804 0 -0.3331317 0.9428804 0 -0.4119051 0.9112268 0 -0.4119049 0.9112268 0 -0.4876962 0.8730136 0 -0.4876956 0.8730139 0 -0.5599789 0.8285069 0 -0.5599795 0.8285065 0 -0.6282201 0.7780358 0 -0.6282206 0.7780354 0 -0.6919275 0.721967 0 -0.6919264 0.7219681 0 -0.750676 0.6606705 0 -0.7506761 0.6606705 0 -0.8040046 0.5946231 0 -0.8040046 0.5946231 0 -0.8515371 0.5242944 0 -0.8515371 0.5242945 0 -0.8929154 0.4502244 0 -0.8929145 0.4502264 0 -0.9278945 0.372843 0 -0.9278937 0.3728451 0 -0.956165 0.2928288 0 -0.9561643 0.292831 0 -0.9775552 0.2106799 0 -0.9775552 0.2106798 0 -0.9919025 0.1270022 0 -0.996918 -0.07845133 0 -0.996918 -0.07845127 0 -0.996918 0.07845222 0 -0.9969179 0.07845216 0 -0.9723703 0.2334437 0 -0.9723703 0.2334436 0 -0.9238783 0.3826867 0 -0.9238799 0.3826828 0 -0.8526394 0.5224998 0 -0.7604134 0.6494395 0 -0.7604088 0.6494447 0 -0.6494404 0.7604126 0 -0.649445 0.7604086 0 -0.5224962 0.8526416 0 -0.5225005 0.8526391 0 -0.3826861 0.9238784 0 -0.3826829 0.9238798 0 -0.233444 0.9723703 0 -0.07846146 0.9969173 0 -0.07846188 0.9969171 0 0.07846254 0.9969171 0 0.07846224 0.9969171 0 0.233444 0.9723703 0 0.3826829 0.9238798 0 0.3826861 0.9238784 0 0.5225003 0.8526391 0 0.5224964 0.8526416 0 0.6494404 0.7604126 0 0.649445 0.7604086 0 0.7604088 0.6494447 0 0.7604134 0.6494395 0 0.8526394 0.5224998 0 0.9238799 0.3826828 0 0.9723693 0.233448 0 0.9723714 0.2334393 0 0.9969165 0.0784704 0 0.9969173 0.07846128 0 0.9969173 -0.07846039 0 0.9969165 -0.07846945 0 0.9723713 -0.23344 0 0.9723691 -0.2334486 0 0.9238802 -0.3826818 0 0.8526387 -0.5225011 0 0.7604134 -0.6494395 0 0.7604088 -0.6494447 0 0.6494449 -0.7604087 0 0.6494405 -0.7604125 0 0.5224984 -0.8526404 0 0.5225025 -0.8526378 0 0.3826861 -0.9238784 0 0.3826829 -0.9238798 0 0.233444 -0.9723703 0 0.07845079 -0.996918 0 0.07845121 -0.996918 0 -0.07845044 -0.996918 0 -0.07845014 -0.9969182 0 -0.233444 -0.9723703 0 -0.3826829 -0.9238798 0 -0.3826861 -0.9238784 0 -0.5225024 -0.8526378 0 -0.5224984 -0.8526403 0 -0.6494449 -0.7604087 0 -0.6494405 -0.7604125 0 -0.7604088 -0.6494447 0 -0.7604134 -0.6494395 0 -0.8526387 -0.5225011 0 -0.9238802 -0.3826818 0 -0.9238786 -0.3826857 0 -0.9723702 -0.2334443 0 -0.9723702 -0.2334443 0 -0.9969499 -0.07804602 0 -0.9969499 -0.07804602 0 -0.9969499 -0.07804602 0 -0.9968979 -0.07870596 0 -0.9968978 0.07870686 0 -0.9969423 0.07814246 0 -0.9969422 0.07814246 0 -0.9969422 0.07814246 0 -0.9724317 0.2331884 0 -0.9722995 0.233739 0 -0.9722995 0.233739 5.95156e-7 -0.9722995 0.233739 0 -0.9239931 0.3824093 0 -0.8526109 0.5225464 0 -0.760431 0.6494188 0 -0.760431 0.6494188 0 -0.760431 0.6494188 0 -0.7601242 0.649778 0 -0.6495308 0.7603355 0 -0.6495309 0.7603353 0 -0.5225819 0.8525891 0 -0.522582 0.8525891 0 -0.3827638 0.9238463 0 -0.3827606 0.9238477 0 -0.2334358 0.9723723 0 -0.2334337 0.9723728 0 -0.07844358 0.9969186 0 -0.07844394 0.9969186 0 0.07846075 0.9969173 0 0.07846111 0.9969172 0 0.2334545 0.9723678 0 0.3826797 0.9238811 0 0.522482 0.8526504 0 0.5224821 0.8526503 0 0.6494585 0.7603971 0 0.649454 0.7604009 0 0.7604224 0.6494289 0 0.8526109 0.5225464 0 0.8526089 0.5225497 0 0.9238895 0.3826593 0 0.923888 0.3826633 0 0.9723807 0.2334004 0 0.9723808 0.2334004 0 0.9969144 0.0784977 0 0.9969148 0.07849311 0 0.9969147 -0.07849222 0 0.9969144 -0.07849675 0 0.9723806 -0.2334011 0 0.9723806 -0.233401 0 0.9238883 -0.3826622 0 0.92389 -0.3826584 0 0.8526081 -0.522551 0 0.8526101 -0.5225476 0 0.7604224 -0.6494289 0 0.6494539 -0.760401 0 0.6494585 -0.760397 0 0.5224841 -0.8526491 0 0.5224842 -0.852649 0 0.3826797 -0.9238811 0 0.2334545 -0.9723678 0 0.07844972 -0.9969181 0 0.07844942 -0.9969182 0 -0.07843255 -0.9969195 0 -0.07843226 -0.9969195 0 -0.2334337 -0.9723728 0 -0.2334358 -0.9723723 0 -0.3827606 -0.9238477 0 -0.3827638 -0.9238463 0 -0.522584 -0.8525879 0 -0.5225841 -0.8525878 0 -0.6495308 -0.7603355 0 -0.6495309 -0.7603353 0 -0.7601242 -0.649778 0 -0.760431 -0.6494188 0 -0.760431 -0.6494188 0 -0.760431 -0.6494188 0 -0.8526101 -0.5225476 0 -0.9239935 -0.3824083 0 -0.9724335 -0.2331804 0 -0.9724315 -0.233189 0 -3.23065e-5 0 1 1.25301e-6 0 1 3.99186e-6 0 1 -2.49268e-6 0 1 1.08383e-6 0 1 -1.01646e-6 0 1 -2.70985e-7 0 1 6.22913e-7 0 1 -7.97927e-7 0 1 2.35157e-7 0 1 -7.54503e-7 0 1 7.54479e-7 0 1 -2.35196e-7 0 1 1.08113e-6 0 1 0 0 1 -7.94069e-7 0 1 0 0 1 6.26395e-7 0 1 -7.60577e-7 0 1 0 0 1 7.03009e-7 0 1 -7.04622e-7 0 1 3.53946e-7 0 1 -7.43806e-7 0 1 4.00096e-7 0 1 7.59243e-7 0 1 -7.40848e-7 0 1 2.6962e-7 0 1 7.41063e-7 0 1 0 0 1 -7.43965e-7 0 1 3.53661e-7 0 1 7.51507e-7 0 1 -3.66978e-7 0 1 1.54993e-6 0 1 -3.10129e-7 0 1 -1.86971e-6 0 1 9.30367e-7 0 1 1.54988e-6 0 1 -3.66991e-7 0 1 3.53649e-7 0 1 0 0 1 6.29124e-7 0 1 -4.91252e-7 0 1 4.00102e-7 0 1 -7.07911e-7 0 1 -1.7615e-7 0 1 -1.7575e-7 0 1 0 0 1 2.68454e-7 0 1 6.46874e-7 0 1 -1.07831e-6 0 1 8.2705e-7 0 1 -8.27048e-7 0 1 1.07835e-6 0 1 -6.46854e-7 0 1 -2.68462e-7 0 1 0 0 1 1.75746e-7 0 1 1.76158e-7 0 1 7.079e-7 0 1 -4.00094e-7 0 1 4.91268e-7 0 1 -6.29132e-7 0 1 7.41081e-7 0 1 0 0 1 -3.5365e-7 0 1 3.67084e-7 0 1 -1.54994e-6 0 1 -9.30077e-7 0 1 1.86972e-6 0 1 3.10032e-7 0 1 -1.54999e-6 0 1 3.67072e-7 0 1 -7.5151e-7 0 1 -3.53663e-7 0 1 1.48793e-6 0 1 0 0 1 -7.41061e-7 0 1 -2.69623e-7 0 1 7.4085e-7 0 1 -7.59266e-7 0 1 -4.00088e-7 0 1 7.43807e-7 0 1 -3.53941e-7 0 1 7.04653e-7 0 1 -7.02994e-7 0 1 0 0 1 7.60577e-7 0 1 -6.26416e-7 0 1 0 0 1 7.94069e-7 0 1 0 0 1 -1.08117e-6 0 1 1.53657e-6 0 1 -2.79165e-6 0 1 -8.76593e-7 0 1 5.86593e-7 0 1 3.32123e-6 0 1 1.89469e-6 0 1 -8.28541e-6 0 1 5.92246e-6 0 1 -1.56269e-6 0 1 9.50708e-7 0 1 -6.22846e-7 0 1 2.70959e-7 0 1 1.01694e-6 0 1 -1.08383e-6 0 1 2.49137e-6 0 1 -3.98955e-6 0 1 -1.25441e-6 0 1 3.21911e-5 0 1 -1.26788e-6 0 1 1.56302e-6 0 1 1.20714e-5 0 1 -8.05505e-6 0 1 8.27557e-6 0 1 -1.89309e-6 0 1 -3.32166e-6 0 1 -5.87123e-7 0 1 8.76381e-7 0 1 2.79098e-6 0 1 -1.53623e-6 0 1 -1.21148e-5 0 1 -7.5716e-7 0 1 2.34904e-7 0 1 6.23252e-7 0 1 -2.7098e-7 0 1 -1.01654e-6 0 1 1.08393e-6 0 1 2.39513e-6 0 1 -2.39375e-6 0 1 -2.16788e-6 0 1 1.01702e-6 0 1 2.54116e-7 0 1 -6.23173e-7 0 1 3.99184e-7 0 1 7.57123e-7 0 1 8.22953e-7 0 1 8.22964e-7 0 1 2.13992e-6 0 1 1.07065e-6 0 1 -3.28866e-6 0 1 1.07573e-6 0 1 2.67816e-6 0 1 2.67378e-7 0 1 -1.34137e-7 0 1 -2.68565e-6 0 1 1.06979e-6 0 1 -3.293e-6 0 1 3.21203e-6 0 1 -1.64329e-6 0 1 2.15393e-6 0 1 -1.63517e-6 0 1 -8.23224e-7 0 1 1.0696e-6 0 1 -1.23404e-6 0 1 -1.64539e-6 0 1 1.06961e-6 0 1 -1.64643e-6 0 1 -1.07068e-6 0 1 2.01206e-6 0 1 5.3563e-7 0 1 1.07573e-6 0 1 -1.64434e-6 0 1 -1.07065e-6 0 1 2.1399e-6 0 1 2.0517e-7 0 1 -1.64533e-6 0 1 1.06961e-6 0 1 -1.07069e-6 0 1 1.0698e-6 0 1 -2.68564e-6 0 1 2.01153e-6 0 1 2.67379e-7 0 1 5.35808e-7 0 1 1.07601e-6 0 1 -1.64388e-6 0 1 -1.0703e-6 0 1 2.14003e-6 0 1 2.05135e-7 0 1 8.22997e-7 0 1 8.23007e-7 0 1 2.14004e-6 0 1 1.07031e-6 0 1 -3.28774e-6 0 1 1.07601e-6 0 1 2.67905e-6 0 1 -1.34101e-7 0 1 1.0698e-6 0 1 -3.29311e-6 0 1 3.21206e-6 0 1 -1.64326e-6 0 1 2.15393e-6 0 1 -1.63513e-6 0 1 -8.23219e-7 0 1 1.06961e-6 0 1 -1.23399e-6 0 1 -1.64523e-6 0 1 1.06885e-6 0 1 1.07073e-6 0 1 -3.29238e-6 0 1 3.20828e-6 0 1 -2.68622e-6 0 1 3.27703e-6 0 1 2.0122e-6 0 1 -3.29108e-6 0 1 2.67371e-7 0 1 5.3565e-7 0 1 -3.28447e-6 0 1 3.27259e-6 0 1 -1.07575e-6 0 1 1.07079e-6 0 1 -1.64645e-6 0 1 2.14066e-6 0 1 2.0516e-7 0 1 8.22764e-7 0 1 1.07069e-6 0 1 -1.07577e-6 0 1 3.27293e-6 0 1 5.35624e-7 0 1 -1.87168e-6 0 1 -1.34138e-7 0 1 -5.37145e-7 0 1 1.06974e-6 0 1 -3.29287e-6 0 1 3.21218e-6 0 1 -1.64333e-6 0 1 -8.23213e-7 0 1 1.0696e-6 0 1 -1.23409e-6 0 1 0.9948692 0.1011691 0 0.9948676 0.101185 0 0.9948626 -0.101234 0 0.9948643 -0.1012181 0 0.9542036 -0.2991582 0 0.9542058 -0.2991508 0 0.8742151 -0.4855389 0 0.8742186 -0.4855328 0 0.7589105 -0.6511951 0 0.7585982 -0.6515588 0 0.7585942 -0.6515635 0 0.7585943 -0.6515635 0 0.7585943 -0.6515635 0 0.6119535 -0.7908937 0 0.6119497 -0.7908968 0 0.4403337 -0.8978343 0 0.4403337 -0.8978343 0 0.4403337 -0.8978343 0 0.4399032 -0.8980453 0 0.4403337 -0.8978343 2.07943e-7 0.4403337 -0.8978343 0 0.2505697 -0.9680987 0 0.2505696 -0.9680986 0 0.2505697 -0.9680987 0 0.2504304 -0.9681347 0 0.2504304 -0.9681347 0 0.2504304 -0.9681347 0 0.05054187 -0.998722 0 0.05054187 -0.998722 0 0.05054187 -0.998722 0 0.05049353 -0.9987244 0 0.05049353 -0.9987244 2.55675e-7 0.05049353 -0.9987244 0 -0.1514506 -0.9884649 0 -0.1514506 -0.9884649 0 -0.1514506 -0.9884649 -2.18414e-7 -0.15221 -0.9883482 0 -0.346982 -0.9378718 0 -0.3469846 -0.9378709 0 -0.5288533 -0.8487134 0 -0.5288605 -0.8487088 0 -0.6889681 -0.7247918 0 -0.68896 -0.7247993 0 -0.8206499 -0.5714314 0 -0.9188147 -0.3946895 0 -0.9188146 -0.3946895 0 -0.9188147 -0.3946895 -1.39709e-7 -0.9190066 -0.3942422 0 -0.9795317 -0.2012904 0 -0.9795316 -0.2012904 0 -1 0 0 -0.9795318 0.2012897 0 -0.9189609 0.3943487 0 -0.918958 0.3943555 0 -0.8207767 0.5712493 0 -0.6889581 0.7248013 0 -0.6889661 0.7247936 0 -0.5289311 0.8486648 0 -0.5289239 0.8486693 0 -0.3473427 0.9377382 0 -0.3473402 0.9377393 0 -0.1514328 0.9884676 0 -0.1514316 0.9884678 0 0.05070745 0.9987136 0 0.05070787 0.9987136 0 0.2505756 0.968097 0 0.440445 0.8977797 0 0.6120794 0.7907964 0 0.6120833 0.7907934 0 0.7587786 0.6513488 0 0.7587825 0.6513441 0 0.874334 0.4853247 0 0.8743307 0.4853308 0 0.9541441 0.2993478 0 0.9541419 0.2993552 0 0.9948747 0.1011157 0 0.994874 0.1011236 0 0.9948741 -0.1011221 0 0.9948748 -0.1011141 0 0.954127 -0.2994023 0 0.9541316 -0.2993877 0 0.8743311 -0.4853298 0 0.8743347 -0.4853237 0 0.7587521 -0.6513795 0 0.7587442 -0.6513888 0 0.6121249 -0.7907612 0 0.612121 -0.7907642 0 0.4403807 -0.8978112 0 0.4403839 -0.8978096 0 0.2506569 -0.9680761 0 0.2506608 -0.968075 0 0.05064946 -0.9987165 0 -0.1514241 -0.9884689 0 -0.3472061 -0.9377889 0 -0.3472087 -0.937788 0 -0.528766 -0.8487677 0 -0.6890985 -0.7246678 0 -0.688751 -0.724998 0 -0.6891025 -0.724664 0 -0.8207432 -0.5712976 0 -0.8207393 -0.571303 0 -0.918941 -0.3943949 0 -0.9795885 -0.2010137 0 -0.9795885 -0.2010138 0 -0.9795885 -0.2010137 0 -0.9794726 -0.2015773 0 -0.9794726 -0.2015773 0 -0.9794726 -0.2015773 0 -0.9794822 0.2015311 0 -0.9794822 0.2015311 0 -0.9794822 0.2015311 0 -0.9796557 0.2006858 0 -0.9189417 0.3943936 0 -0.820738 0.5713047 0 -0.8207418 0.5712993 0 -0.6891044 0.7246621 0 -0.688753 0.7249962 0 -0.6891004 0.7246659 0 -0.5287634 0.8487694 0 -0.347212 0.9377868 0 -0.3472094 0.9377877 0 -0.1514241 0.9884689 0 0.05065321 0.9987163 0 0.2506608 0.968075 0 0.2506569 0.9680761 0 0.4403839 0.8978096 0 0.4403807 0.8978112 0 0.612121 0.7907642 0 0.6121249 0.7907612 0 0.7587442 0.6513888 0 0.7587521 0.6513795 0 0.8743347 0.4853237 0 0.8743311 0.4853298 0 0.9541316 0.2993877 0 0.954127 0.2994023 0 0.994869 0.1011714 0 0.9948674 0.1011873 0 0.9948676 -0.1011858 0 0.9948692 -0.1011698 0 0.9541408 -0.2993584 0 0.9541431 -0.299351 0 0.8743449 -0.4853052 0 0.8743482 -0.4852991 0 0.7587482 -0.6513841 0 0.6121171 -0.7907671 0 0.4403903 -0.8978065 0 0.05063641 -0.9987171 0 0.05063605 -0.9987173 0 -0.1514205 -0.9884694 0 -0.1514217 -0.9884693 0 -0.3473004 -0.937754 0 -0.347303 -0.937753 0 -0.5289538 -0.8486508 0 -0.528961 -0.8486462 0 -0.688982 -0.7247785 0 -0.6889739 -0.7247862 0 -0.8207619 -0.5712705 0 -0.9189557 -0.394361 0 -0.9189586 -0.3943542 0 -0.9795307 -0.2012948 0 -0.9795308 -0.201295 0 -0.9795306 0.2012956 0 -0.9189591 0.3943528 0 -0.9189562 0.3943596 0 -0.8207607 0.5712723 0 -0.6889759 0.7247843 0 -0.6889839 0.7247767 0 -0.5289583 0.8486479 0 -0.5289511 0.8486524 0 -0.3473063 0.9377518 0 -0.3473037 0.9377527 0 -0.1514217 0.9884693 0 -0.1514205 0.9884694 0 0.0506398 0.998717 0 0.05064016 0.998717 0 0.4403903 0.8978065 0 0.6121171 0.7907671 0 0.7587482 0.6513841 0 0.8743482 0.4852991 0 0.8743449 0.4853052 0 0.9541431 0.299351 0 0.9541408 0.2993584 0 0.994875 0.1011134 0 0.9948742 0.1011213 0 0.9948692 -0.1011703 0 0.99487 -0.1011623 0 0.9541898 -0.2992021 0 0.9541944 -0.2991874 0 0.8744341 -0.4851444 0 0.8744342 -0.4851444 0 0.8744341 -0.4851444 0 0.8745306 -0.4849705 0 0.8745305 -0.4849705 0 0.8745305 -0.4849705 0 0.7589025 -0.6512043 0 0.6119574 -0.7908908 0 0.6124084 -0.7905417 0 0.6124842 -0.7904828 0 0.6124842 -0.7904828 0 0.4407544 -0.8976277 0 0.4407576 -0.8976262 0 0.2508481 -0.9680266 0 0.2505696 -0.9680986 0 0.2508481 -0.9680266 0 0.2501094 -0.9682177 0 0.05093806 -0.9987018 0 0.05093806 -0.9987018 0 0.05093806 -0.9987018 0 0.05065083 -0.9987164 0 0.05065083 -0.9987164 0 0.05065083 -0.9987164 0 -0.1513595 -0.9884788 0 -0.1513595 -0.9884788 0 -0.1513595 -0.9884788 0 -0.1513595 -0.9884788 0 -0.1513595 -0.9884788 0 -0.1513595 -0.9884788 0 -0.3472025 -0.9377902 0 -0.3472025 -0.9377902 0 -0.3472025 -0.9377902 0 -0.3468904 -0.9379057 0 -0.5286656 -0.8488303 0 -0.6890846 -0.724681 0 -0.6890886 -0.7246772 0 -0.820631 -0.5714585 0 -0.8206273 -0.5714639 0 -0.9189891 -0.3942829 0 -0.9795411 -0.2012441 0 -0.9795411 -0.2012441 0 -0.9795411 -0.2012441 0 -0.9796568 -0.2006807 0 -0.9796569 0.2006798 0 -0.979522 0.2013373 0 -0.9795221 0.2013373 1.84232e-7 -0.9795221 0.2013373 0 -0.9189434 0.3943895 0 -0.8207541 0.5712818 0 -0.8207579 0.5712764 0 -0.6890866 0.7246791 0 -0.6890826 0.7246828 0 -0.5287362 0.8487864 0 -0.3472484 0.9377732 0 -0.3472459 0.9377743 0 -0.1514352 0.9884672 0 0.05072093 0.9987129 0 0.2505795 0.9680961 0 0.4404386 0.8977828 0 0.4404355 0.8977844 0 0.6120871 0.7907903 0 0.7587746 0.6513534 0 0.8743205 0.4853492 0 0.8743169 0.4853554 0 0.9541327 0.2993845 0 0.954128 0.2993991 0 8.22812e-7 0 1 8.23002e-7 0 1 1.07034e-6 0 1 -1.07605e-6 0 1 3.2724e-6 0 1 5.35801e-7 0 1 -1.87169e-6 0 1 -1.34102e-7 0 1 1.06975e-6 0 1 -3.29299e-6 0 1 -1.6433e-6 0 1 -8.23208e-7 0 1 1.06961e-6 0 1 -1.23405e-6 0 1 -1.64517e-6 0 1 1.06886e-6 0 1 -3.29251e-6 0 1 3.20832e-6 0 1 -2.68621e-6 0 1 3.27689e-6 0 1 2.01166e-6 0 1 -3.29186e-6 0 1 2.67371e-7 0 1 5.35829e-7 0 1 -3.28383e-6 0 1 3.2721e-6 0 1 -1.07602e-6 0 1 1.07046e-6 0 1 -1.64697e-6 0 1 2.14078e-6 0 1 2.05125e-7 0 1 0 0 -1 0 0 -1 0 0 -1 6.58047e-6 0 -1 7.80177e-7 0 -1 -5.93204e-6 0 -1 1.39685e-6 0 -1 5.53239e-6 0 -1 0 0 -1 -5.37027e-6 0 -1 5.42457e-6 0 -1 -7.44405e-6 0 -1 5.69672e-6 0 -1 -7.088e-6 0 -1 3.80952e-6 0 -1 -5.39982e-6 0 -1 4.30066e-6 0 -1 6.22985e-6 0 -1 1.55633e-6 0 -1 -1.68457e-6 0 -1 3.42625e-6 0 -1 -3.33151e-6 0 -1 -1.27801e-5 0 -1 -1.10442e-6 0 -1 -9.24137e-7 0 -1 -4.11592e-7 0 -1 2.99835e-6 0 -1 -1.46558e-7 0 -1 0 0 -1 0 0 -1 -7.12312e-6 0 -1 1.75125e-6 0 -1 6.17549e-6 0 -1 3.07524e-6 0 -1 -5.65451e-6 0 -1 7.10087e-6 0 -1 -5.40605e-6 0 -1 4.05774e-6 0 -1 -6.03471e-6 0 -1 4.86243e-6 0 -1 -3.66124e-6 0 -1 -1.61527e-6 0 -1 6.58044e-6 0 -1 1.12338e-6 0 -1 -7.85839e-6 0 -1 8.07565e-6 0 -1 1.90313e-6 0 -1 4.79247e-6 0 -1 -2.7828e-7 0 -1 0 0 -1 4.48289e-7 0 -1 -2.91567e-6 0 -1 8.74958e-7 0 -1 9.96949e-7 0 -1 0 0 -1</float_array>
          <technique_common>
            <accessor source="#shape0_003-mesh-normals-array" count="1582" stride="3">
              <param name="X" type="float"/>
              <param name="Y" type="float"/>
              <param name="Z" type="float"/>
            </accessor>
          </technique_common>
        </source>
        <vertices id="shape0_003-mesh-vertices">
          <input semantic="POSITION" source="#shape0_003-mesh-positions"/>
        </vertices>
        <triangles material="BLUE_002-material" count="906">
          <input semantic="VERTEX" source="#shape0_003-mesh-vertices" offset="0"/>
          <input semantic="NORMAL" source="#shape0_003-mesh-normals" offset="1"/>
          <p>0 0 1 0 2 0 2 1 1 1 3 1 2 2 3 2 4 2 4 3 3 3 5 3 4 4 5 4 6 4 6 5 5 5 7 5 6 6 7 6 8 6 8 7 7 7 9 7 8 8 9 8 10 8 10 9 9 9 11 9 10 10 11 10 12 10 12 11 11 11 13 11 12 12 13 12 14 12 14 13 13 13 15 13 14 14 15 14 16 14 16 15 15 15 17 15 16 16 17 16 18 16 18 17 17 17 19 17 18 18 19 18 20 18 20 19 19 19 21 19 20 20 21 20 22 20 22 21 21 21 23 21 22 22 23 22 24 22 24 23 23 23 25 23 24 24 25 24 26 24 26 25 25 25 27 25 26 26 27 26 28 26 28 27 27 27 29 27 28 28 29 28 30 28 30 28 29 28 31 28 30 29 31 29 32 29 32 30 31 30 33 30 32 31 33 31 34 31 34 32 33 32 35 32 34 33 35 33 36 33 36 34 35 34 37 34 36 35 37 35 38 35 38 36 37 36 39 36 38 37 39 37 40 37 40 38 39 38 41 38 40 39 41 39 42 39 42 39 41 39 43 39 42 40 43 40 44 40 44 40 43 40 45 40 44 41 45 41 46 41 46 42 45 42 47 42 46 43 47 43 48 43 48 44 47 44 49 44 48 45 49 45 50 45 50 45 49 45 51 45 50 46 51 46 52 46 52 46 51 46 53 46 52 47 53 47 54 47 54 48 53 48 55 48 54 49 55 49 56 49 56 49 55 49 57 49 56 50 57 50 58 50 58 51 57 51 59 51 58 52 59 52 60 52 60 53 59 53 61 53 60 54 61 54 62 54 62 55 61 55 63 55 62 56 63 56 64 56 64 57 63 57 65 57 64 58 65 58 66 58 66 59 65 59 67 59 66 60 67 60 68 60 68 61 67 61 69 61 68 62 69 62 70 62 70 63 69 63 71 63 70 64 71 64 72 64 72 65 71 65 73 65 72 66 73 66 74 66 74 67 73 67 75 67 74 68 75 68 76 68 76 69 75 69 77 69 76 70 77 70 78 70 78 70 77 70 79 70 78 71 79 71 80 71 80 72 79 72 81 72 80 73 81 73 82 73 82 74 81 74 83 74 82 75 83 75 84 75 84 76 83 76 85 76 84 77 85 77 86 77 86 78 85 78 87 78 86 79 87 79 88 79 88 79 87 79 89 79 88 80 89 80 90 80 90 81 89 81 91 81 90 82 91 82 92 82 92 83 91 83 93 83 92 84 93 84 94 84 94 85 93 85 95 85 94 86 95 86 96 86 96 87 95 87 97 87 96 88 97 88 98 88 98 88 97 88 99 88 98 89 99 89 100 89 100 90 99 90 101 90 100 91 101 91 102 91 102 92 101 92 103 92 102 93 103 93 104 93 104 94 103 94 105 94 104 95 105 95 106 95 106 96 105 96 107 96 106 97 107 97 108 97 108 98 107 98 109 98 108 99 109 99 110 99 110 100 109 100 111 100 110 101 111 101 112 101 112 102 111 102 113 102 112 103 113 103 114 103 114 104 113 104 115 104 114 105 115 105 116 105 116 106 115 106 117 106 116 107 117 107 118 107 118 108 117 108 119 108 118 109 119 109 120 109 120 109 119 109 121 109 120 110 121 110 122 110 122 111 121 111 123 111 122 112 123 112 124 112 124 112 123 112 125 112 124 113 125 113 126 113 126 113 125 113 127 113 126 114 127 114 128 114 128 115 127 115 129 115 128 116 129 116 130 116 130 117 129 117 131 117 130 118 131 118 132 118 132 118 131 118 133 118 132 119 133 119 134 119 134 119 133 119 135 119 134 120 135 120 136 120 136 121 135 121 137 121 136 122 137 122 138 122 138 123 137 123 139 123 138 124 139 124 140 124 140 125 139 125 141 125 140 126 141 126 142 126 142 127 141 127 143 127 142 128 143 128 144 128 144 129 143 129 145 129 144 130 145 130 146 130 146 130 145 130 147 130 146 131 147 131 148 131 148 132 147 132 149 132 148 133 149 133 150 133 150 134 149 134 151 134 150 135 151 135 152 135 152 136 151 136 153 136 152 137 153 137 154 137 154 138 153 138 155 138 154 139 155 139 156 139 156 140 155 140 157 140 156 141 157 141 158 141 158 142 157 142 159 142 158 143 159 143 160 143 160 144 159 144 161 144 160 145 161 145 162 145 162 146 161 146 163 146 162 147 163 147 164 147 164 148 163 148 165 148 164 149 165 149 166 149 166 150 165 150 167 150 166 151 167 151 168 151 168 152 167 152 169 152 168 153 169 153 0 153 0 154 169 154 1 154 4 155 86 155 2 155 2 155 86 155 88 155 2 155 88 155 0 155 0 155 88 155 90 155 0 156 90 156 168 156 168 155 90 155 92 155 168 157 92 157 166 157 166 155 92 155 164 155 164 155 92 155 162 155 162 158 92 158 160 158 160 159 92 159 158 159 158 155 92 155 156 155 156 155 92 155 154 155 154 160 92 160 152 160 152 161 92 161 150 161 150 155 92 155 148 155 148 155 92 155 146 155 146 155 92 155 144 155 144 155 92 155 142 155 142 155 92 155 140 155 140 162 92 162 138 162 138 155 92 155 136 155 136 155 92 155 134 155 134 155 92 155 132 155 132 155 92 155 130 155 130 155 92 155 128 155 128 155 92 155 126 155 126 163 92 163 124 163 124 155 92 155 122 155 122 164 92 164 120 164 120 155 92 155 118 155 118 155 92 155 116 155 116 155 92 155 114 155 114 165 92 165 112 165 112 155 92 155 110 155 110 166 92 166 108 166 108 155 92 155 106 155 106 155 92 155 104 155 104 155 92 155 102 155 102 167 92 167 100 167 100 168 92 168 98 168 98 169 92 169 96 169 96 155 92 155 94 155 86 155 4 155 84 155 84 170 4 170 6 170 84 171 6 171 82 171 82 155 6 155 8 155 82 172 8 172 80 172 80 155 8 155 10 155 80 155 10 155 78 155 78 155 10 155 12 155 78 155 12 155 76 155 76 155 12 155 14 155 76 155 14 155 74 155 74 155 14 155 16 155 74 155 16 155 72 155 72 155 16 155 18 155 72 155 18 155 70 155 70 155 18 155 20 155 70 155 20 155 68 155 68 155 20 155 22 155 68 155 22 155 66 155 66 155 22 155 24 155 66 155 24 155 64 155 64 155 24 155 26 155 64 155 26 155 62 155 62 155 26 155 28 155 62 155 28 155 60 155 60 155 28 155 30 155 60 155 30 155 58 155 58 155 30 155 32 155 58 155 32 155 56 155 56 155 32 155 34 155 56 155 34 155 54 155 54 155 34 155 36 155 54 155 36 155 52 155 52 155 36 155 38 155 52 155 38 155 50 155 50 155 38 155 40 155 50 155 40 155 48 155 48 155 40 155 42 155 48 155 42 155 46 155 46 155 42 155 44 155 170 173 171 173 172 173 172 174 171 174 173 174 172 175 173 175 174 175 174 176 173 176 175 176 174 177 175 177 176 177 176 178 175 178 177 178 176 179 177 179 178 179 178 179 177 179 179 179 178 180 179 180 180 180 180 181 179 181 181 181 180 182 181 182 182 182 182 183 181 183 183 183 182 184 183 184 184 184 184 185 183 185 185 185 184 186 185 186 186 186 186 186 185 186 187 186 186 187 187 187 188 187 188 188 187 188 189 188 188 189 189 189 190 189 190 190 189 190 191 190 190 191 191 191 192 191 192 192 191 192 193 192 192 193 193 193 194 193 194 194 193 194 195 194 194 195 195 195 196 195 196 196 195 196 197 196 196 197 197 197 198 197 198 197 197 197 199 197 198 198 199 198 200 198 200 199 199 199 201 199 200 200 201 200 202 200 202 201 201 201 203 201 202 202 203 202 204 202 204 203 203 203 205 203 204 204 205 204 206 204 206 205 205 205 207 205 206 206 207 206 208 206 208 207 207 207 209 207 208 208 209 208 210 208 210 209 209 209 211 209 210 210 211 210 212 210 212 211 211 211 213 211 212 212 213 212 214 212 214 213 213 213 215 213 214 214 215 214 216 214 216 215 215 215 217 215 216 216 217 216 218 216 218 216 217 216 219 216 218 217 219 217 220 217 220 217 219 217 221 217 220 218 221 218 222 218 222 218 221 218 223 218 222 219 223 219 224 219 224 220 223 220 225 220 224 221 225 221 226 221 226 222 225 222 227 222 226 223 227 223 228 223 228 224 227 224 229 224 228 225 229 225 230 225 230 225 229 225 231 225 230 226 231 226 232 226 232 227 231 227 233 227 232 228 233 228 234 228 234 229 233 229 235 229 234 230 235 230 236 230 236 231 235 231 237 231 236 232 237 232 238 232 238 232 237 232 239 232 238 233 239 233 240 233 240 233 239 233 241 233 240 234 241 234 242 234 242 235 241 235 243 235 242 236 243 236 244 236 244 237 243 237 245 237 244 238 245 238 246 238 246 238 245 238 247 238 246 239 247 239 248 239 248 240 247 240 249 240 248 241 249 241 250 241 250 242 249 242 251 242 250 243 251 243 252 243 252 244 251 244 253 244 252 245 253 245 254 245 254 246 253 246 255 246 254 247 255 247 256 247 256 248 255 248 257 248 256 249 257 249 258 249 258 249 257 249 259 249 258 250 259 250 260 250 260 251 259 251 261 251 260 252 261 252 262 252 262 253 261 253 263 253 262 254 263 254 264 254 264 255 263 255 265 255 264 256 265 256 266 256 266 257 265 257 267 257 266 79 267 79 268 79 268 79 267 79 269 79 268 258 269 258 270 258 270 259 269 259 271 259 270 260 271 260 272 260 272 261 271 261 273 261 272 262 273 262 274 262 274 263 273 263 275 263 274 264 275 264 276 264 276 265 275 265 277 265 276 266 277 266 278 266 278 266 277 266 279 266 278 267 279 267 280 267 280 268 279 268 281 268 280 269 281 269 282 269 282 270 281 270 283 270 282 271 283 271 284 271 284 272 283 272 285 272 284 273 285 273 286 273 286 274 285 274 287 274 286 275 287 275 288 275 288 276 287 276 289 276 288 277 289 277 290 277 290 277 289 277 291 277 290 278 291 278 292 278 292 279 291 279 293 279 292 280 293 280 294 280 294 281 293 281 295 281 294 282 295 282 296 282 296 282 295 282 297 282 296 283 297 283 298 283 298 283 297 283 299 283 298 284 299 284 300 284 300 285 299 285 301 285 300 286 301 286 302 286 302 287 301 287 303 287 302 288 303 288 304 288 304 289 303 289 305 289 304 290 305 290 306 290 306 290 305 290 307 290 306 291 307 291 308 291 308 292 307 292 309 292 308 293 309 293 310 293 310 294 309 294 311 294 310 295 311 295 312 295 312 296 311 296 313 296 312 297 313 297 314 297 314 298 313 298 315 298 314 299 315 299 316 299 316 299 315 299 317 299 316 300 317 300 318 300 318 300 317 300 319 300 318 301 319 301 320 301 320 302 319 302 321 302 320 303 321 303 322 303 322 304 321 304 323 304 322 305 323 305 324 305 324 306 323 306 325 306 324 307 325 307 326 307 326 308 325 308 327 308 326 309 327 309 328 309 328 310 327 310 329 310 328 311 329 311 330 311 330 312 329 312 331 312 330 313 331 313 332 313 332 314 331 314 333 314 332 315 333 315 334 315 334 316 333 316 335 316 334 317 335 317 336 317 336 318 335 318 337 318 336 319 337 319 338 319 338 319 337 319 339 319 338 320 339 320 340 320 340 321 339 321 341 321 340 322 341 322 342 322 342 323 341 323 343 323 342 324 343 324 344 324 344 325 343 325 345 325 344 326 345 326 346 326 346 327 345 327 347 327 346 328 347 328 348 328 348 329 347 329 349 329 348 330 349 330 350 330 350 330 349 330 351 330 350 331 351 331 352 331 352 332 351 332 353 332 352 333 353 333 354 333 354 334 353 334 355 334 354 335 355 335 356 335 356 336 355 336 357 336 356 337 357 337 358 337 358 337 357 337 359 337 358 338 359 338 170 338 170 339 359 339 171 339 360 340 175 340 361 340 361 340 175 340 173 340 361 341 173 341 362 341 362 341 173 341 171 341 362 342 171 342 363 342 363 343 171 343 359 343 363 344 359 344 364 344 364 345 359 345 357 345 364 346 357 346 365 346 365 347 357 347 355 347 365 348 355 348 366 348 366 348 355 348 353 348 366 349 353 349 367 349 367 349 353 349 351 349 367 350 351 350 368 350 368 350 351 350 349 350 368 329 349 329 369 329 369 351 349 351 347 351 369 352 347 352 370 352 370 353 347 353 345 353 370 354 345 354 371 354 371 324 345 324 343 324 371 355 343 355 372 355 372 356 343 356 341 356 372 357 341 357 373 357 373 358 341 358 339 358 373 359 339 359 374 359 374 360 339 360 337 360 374 361 337 361 375 361 375 362 337 362 335 362 375 363 335 363 376 363 376 364 335 364 333 364 376 365 333 365 377 365 377 366 333 366 331 366 377 367 331 367 378 367 378 368 331 368 329 368 378 369 329 369 379 369 379 370 329 370 327 370 379 371 327 371 380 371 380 372 327 372 325 372 380 373 325 373 381 373 381 373 325 373 323 373 381 374 323 374 382 374 382 375 323 375 321 375 382 376 321 376 383 376 383 377 321 377 319 377 383 378 319 378 384 378 384 300 319 300 317 300 384 379 317 379 385 379 385 299 317 299 315 299 385 380 315 380 386 380 386 381 315 381 313 381 386 382 313 382 387 382 387 382 313 382 311 382 387 383 311 383 388 383 388 384 311 384 309 384 388 385 309 385 389 385 389 385 309 385 307 385 389 386 307 386 390 386 390 386 307 386 305 386 390 387 305 387 391 387 391 387 305 387 303 387 391 388 303 388 392 388 392 287 303 287 301 287 392 389 301 389 393 389 393 390 301 390 299 390 393 391 299 391 394 391 394 392 299 392 297 392 394 393 297 393 395 393 395 394 297 394 295 394 395 395 295 395 396 395 396 396 295 396 293 396 396 397 293 397 397 397 397 398 293 398 291 398 397 399 291 399 398 399 398 400 291 400 289 400 398 401 289 401 399 401 399 276 289 276 287 276 399 402 287 402 400 402 400 273 287 273 285 273 400 403 285 403 401 403 401 404 285 404 283 404 401 405 283 405 402 405 402 406 283 406 281 406 402 407 281 407 403 407 403 407 281 407 279 407 403 408 279 408 404 408 404 409 279 409 277 409 404 410 277 410 405 410 405 411 277 411 275 411 405 412 275 412 406 412 406 412 275 412 273 412 406 413 273 413 407 413 407 414 273 414 271 414 407 259 271 259 408 259 408 415 271 415 269 415 408 79 269 79 409 79 409 79 269 79 267 79 409 256 267 256 410 256 410 416 267 416 265 416 410 417 265 417 411 417 411 418 265 418 263 418 411 419 263 419 412 419 412 419 263 419 261 419 412 420 261 420 413 420 413 421 261 421 259 421 413 422 259 422 414 422 414 423 259 423 257 423 414 424 257 424 415 424 415 424 257 424 255 424 415 425 255 425 416 425 416 245 255 245 253 245 416 426 253 426 417 426 417 243 253 243 251 243 417 427 251 427 418 427 418 241 251 241 249 241 418 428 249 428 419 428 419 240 249 240 247 240 419 429 247 429 420 429 420 430 247 430 245 430 420 431 245 431 421 431 421 432 245 432 243 432 421 433 243 433 422 433 422 434 243 434 241 434 422 435 241 435 423 435 423 436 241 436 239 436 423 437 239 437 424 437 424 438 239 438 237 438 424 439 237 439 425 439 425 440 237 440 235 440 425 441 235 441 426 441 426 442 235 442 233 442 426 443 233 443 427 443 427 443 233 443 231 443 427 444 231 444 428 444 428 444 231 444 229 444 428 445 229 445 429 445 429 445 229 445 227 445 429 446 227 446 430 446 430 447 227 447 225 447 430 448 225 448 431 448 431 448 225 448 223 448 431 449 223 449 432 449 432 450 223 450 221 450 432 217 221 217 433 217 433 451 221 451 219 451 433 216 219 216 434 216 434 452 219 452 217 452 434 453 217 453 435 453 435 454 217 454 215 454 435 455 215 455 436 455 436 456 215 456 213 456 436 457 213 457 437 457 437 457 213 457 211 457 437 458 211 458 438 458 438 459 211 459 209 459 438 460 209 460 439 460 439 461 209 461 207 461 439 462 207 462 440 462 440 463 207 463 205 463 440 464 205 464 441 464 441 465 205 465 203 465 441 466 203 466 442 466 442 467 203 467 201 467 442 468 201 468 443 468 443 469 201 469 199 469 443 470 199 470 444 470 444 471 199 471 197 471 444 472 197 472 445 472 445 473 197 473 195 473 445 474 195 474 446 474 446 475 195 475 193 475 446 476 193 476 447 476 447 477 193 477 191 477 447 478 191 478 448 478 448 479 191 479 189 479 448 480 189 480 449 480 449 481 189 481 187 481 449 482 187 482 450 482 450 482 187 482 185 482 450 483 185 483 451 483 451 483 185 483 183 483 451 484 183 484 452 484 452 484 183 484 181 484 452 485 181 485 453 485 453 486 181 486 179 486 453 487 179 487 454 487 454 488 179 488 177 488 454 489 177 489 360 489 360 490 177 490 175 490 1 155 266 155 3 155 3 155 266 155 268 155 3 155 268 155 5 155 5 155 268 155 270 155 5 491 270 491 7 491 7 155 270 155 272 155 7 492 272 492 9 492 9 155 272 155 274 155 9 493 274 493 11 493 11 155 274 155 276 155 11 155 276 155 278 155 266 494 1 494 264 494 264 155 1 155 169 155 264 495 169 495 262 495 262 155 169 155 167 155 262 155 167 155 260 155 260 155 167 155 165 155 260 155 165 155 258 155 258 155 165 155 256 155 256 496 165 496 163 496 256 155 163 155 254 155 254 155 163 155 161 155 254 155 161 155 252 155 252 155 161 155 159 155 252 155 159 155 250 155 250 497 159 497 157 497 250 498 157 498 248 498 248 155 157 155 155 155 248 155 155 155 246 155 246 499 155 499 153 499 246 155 153 155 244 155 244 500 153 500 151 500 244 501 151 501 242 501 242 502 151 502 149 502 242 155 149 155 240 155 240 503 149 503 147 503 240 155 147 155 238 155 238 155 147 155 236 155 236 155 147 155 145 155 236 155 145 155 234 155 234 155 145 155 143 155 234 155 143 155 232 155 232 504 143 504 141 504 232 155 141 155 230 155 230 505 141 505 139 505 230 155 139 155 228 155 228 506 139 506 137 506 228 155 137 155 226 155 226 155 137 155 135 155 226 155 135 155 224 155 224 507 135 507 133 507 224 508 133 508 222 508 222 509 133 509 131 509 222 155 131 155 220 155 220 155 131 155 218 155 218 510 131 510 129 510 218 155 129 155 216 155 216 511 129 511 127 511 216 155 127 155 214 155 214 512 127 512 125 512 214 513 125 513 212 513 212 155 125 155 123 155 212 155 123 155 210 155 210 514 123 514 121 514 210 155 121 155 208 155 208 515 121 515 119 515 208 155 119 155 206 155 206 516 119 516 117 516 206 517 117 517 204 517 204 155 117 155 115 155 204 155 115 155 202 155 202 518 115 518 113 518 202 155 113 155 200 155 200 155 113 155 198 155 198 155 113 155 111 155 198 155 111 155 196 155 196 155 111 155 109 155 196 155 109 155 194 155 194 155 109 155 107 155 194 519 107 519 192 519 192 520 107 520 105 520 192 155 105 155 190 155 190 521 105 521 103 521 190 522 103 522 188 522 188 523 103 523 101 523 188 524 101 524 186 524 186 525 101 525 99 525 186 526 99 526 184 526 184 155 99 155 97 155 184 155 97 155 182 155 182 527 97 527 180 527 180 155 97 155 95 155 180 528 95 528 178 528 178 155 95 155 93 155 178 529 93 529 176 529 176 155 93 155 91 155 176 530 91 530 174 530 174 155 91 155 89 155 174 155 89 155 172 155 172 155 89 155 87 155 172 155 87 155 170 155 170 155 87 155 85 155 170 530 85 530 358 530 358 155 85 155 83 155 358 155 83 155 356 155 356 155 83 155 81 155 356 155 81 155 354 155 354 155 81 155 79 155 354 155 79 155 352 155 352 155 79 155 350 155 350 155 79 155 77 155 350 155 77 155 348 155 348 525 77 525 75 525 348 155 75 155 346 155 346 523 75 523 73 523 346 155 73 155 344 155 344 521 73 521 71 521 344 155 71 155 342 155 342 520 71 520 69 520 342 155 69 155 340 155 340 155 69 155 67 155 340 155 67 155 338 155 338 155 67 155 65 155 338 155 65 155 336 155 336 155 65 155 63 155 336 155 63 155 334 155 334 155 63 155 332 155 332 518 63 518 61 518 332 155 61 155 330 155 330 155 61 155 59 155 330 517 59 517 328 517 328 516 59 516 57 516 328 155 57 155 326 155 326 515 57 515 55 515 326 155 55 155 324 155 324 514 55 514 53 514 324 155 53 155 322 155 322 155 53 155 51 155 322 531 51 531 320 531 320 512 51 512 49 512 320 155 49 155 318 155 318 511 49 511 47 511 318 532 47 532 316 532 316 510 47 510 45 510 316 155 45 155 314 155 314 155 45 155 312 155 312 509 45 509 43 509 312 533 43 533 310 533 310 507 43 507 41 507 310 155 41 155 308 155 308 155 41 155 39 155 308 155 39 155 306 155 306 506 39 506 37 506 306 155 37 155 304 155 304 505 37 505 35 505 304 155 35 155 302 155 302 504 35 504 33 504 302 155 33 155 300 155 300 155 33 155 31 155 300 155 31 155 298 155 298 155 31 155 29 155 298 155 29 155 296 155 296 155 29 155 294 155 294 503 29 503 27 503 294 155 27 155 292 155 292 502 27 502 25 502 292 501 25 501 290 501 290 500 25 500 23 500 290 534 23 534 288 534 288 499 23 499 21 499 288 535 21 535 286 535 286 155 21 155 19 155 286 536 19 536 284 536 284 497 19 497 17 497 284 537 17 537 282 537 282 155 17 155 15 155 282 155 15 155 280 155 280 155 15 155 13 155 280 155 13 155 278 155 278 496 13 496 11 496 362 538 408 538 361 538 361 538 408 538 409 538 361 538 409 538 360 538 360 538 409 538 410 538 360 539 410 539 454 539 454 538 410 538 411 538 454 538 411 538 453 538 453 540 411 540 412 540 453 538 412 538 452 538 452 538 412 538 413 538 452 538 413 538 451 538 451 538 413 538 414 538 451 541 414 541 450 541 450 538 414 538 415 538 450 538 415 538 449 538 449 538 415 538 416 538 449 542 416 542 448 542 448 538 416 538 417 538 448 538 417 538 447 538 447 538 417 538 418 538 447 543 418 543 446 543 446 538 418 538 419 538 446 544 419 544 445 544 445 538 419 538 420 538 445 538 420 538 444 538 444 538 420 538 421 538 444 538 421 538 443 538 443 538 421 538 422 538 443 538 422 538 442 538 442 538 422 538 423 538 442 538 423 538 441 538 441 538 423 538 424 538 441 538 424 538 440 538 440 538 424 538 425 538 440 538 425 538 439 538 439 538 425 538 426 538 439 538 426 538 438 538 438 538 426 538 427 538 438 538 427 538 437 538 437 538 427 538 428 538 437 538 428 538 436 538 436 538 428 538 429 538 436 538 429 538 435 538 435 538 429 538 430 538 435 538 430 538 434 538 434 538 430 538 431 538 434 538 431 538 433 538 433 538 431 538 432 538 408 545 362 545 407 545 407 538 362 538 363 538 407 546 363 546 406 546 406 538 363 538 364 538 406 547 364 547 405 547 405 538 364 538 404 538 404 538 364 538 403 538 403 538 364 538 402 538 402 548 364 548 401 548 401 538 364 538 400 538 400 538 364 538 399 538 399 538 364 538 398 538 398 538 364 538 397 538 397 538 364 538 396 538 396 549 364 549 395 549 395 550 364 550 365 550 395 538 365 538 394 538 394 538 365 538 393 538 393 538 365 538 392 538 392 538 365 538 391 538 391 551 365 551 390 551 390 538 365 538 389 538 389 538 365 538 388 538 388 538 365 538 387 538 387 538 365 538 386 538 386 538 365 538 385 538 385 538 365 538 384 538 384 538 365 538 383 538 383 538 365 538 382 538 382 538 365 538 381 538 381 538 365 538 380 538 380 538 365 538 379 538 379 552 365 552 378 552 378 538 365 538 377 538 377 538 365 538 376 538 376 538 365 538 375 538 375 538 365 538 374 538 374 553 365 553 373 553 373 554 365 554 372 554 372 555 365 555 371 555 371 556 365 556 370 556 370 557 365 557 369 557 369 558 365 558 368 558 368 538 365 538 367 538 367 559 365 559 366 559</p>
        </triangles>
        <triangles material="BLACK_001-material" count="1460">
          <input semantic="VERTEX" source="#shape0_003-mesh-vertices" offset="0"/>
          <input semantic="NORMAL" source="#shape0_003-mesh-normals" offset="1"/>
          <p>455 155 456 155 457 155 457 155 456 155 458 155 457 155 458 155 459 155 459 155 458 155 460 155 459 155 460 155 461 155 461 155 460 155 462 155 461 155 462 155 463 155 463 155 462 155 464 155 463 155 464 155 465 155 465 155 464 155 466 155 465 155 466 155 467 155 467 155 466 155 468 155 467 155 468 155 469 155 469 155 468 155 470 155 469 155 470 155 471 155 471 155 470 155 472 155 471 155 472 155 473 155 473 155 472 155 474 155 473 155 474 155 475 155 475 155 474 155 476 155 475 155 476 155 477 155 477 155 476 155 478 155 477 155 478 155 479 155 479 155 478 155 480 155 479 155 480 155 481 155 481 155 480 155 482 155 481 155 482 155 483 155 483 155 482 155 484 155 483 155 484 155 485 155 485 155 484 155 486 155 485 155 486 155 487 155 487 155 486 155 488 155 487 155 488 155 489 155 489 155 488 155 490 155 489 155 490 155 491 155 491 155 490 155 492 155 491 155 492 155 493 155 493 155 492 155 494 155 456 155 455 155 495 155 495 155 455 155 496 155 495 155 496 155 497 155 497 155 496 155 498 155 497 155 498 155 499 155 499 155 498 155 500 155 499 155 500 155 501 155 501 155 500 155 502 155 501 155 502 155 503 155 503 155 502 155 504 155 503 155 504 155 505 155 505 155 504 155 506 155 505 155 506 155 507 155 507 155 506 155 508 155 507 155 508 155 509 155 509 155 508 155 510 155 509 155 510 155 511 155 511 155 510 155 512 155 511 155 512 155 513 155 513 155 512 155 514 155 513 155 514 155 515 155 515 155 514 155 516 155 515 155 516 155 517 155 517 155 516 155 518 155 517 155 518 155 519 155 519 155 518 155 520 155 519 155 520 155 521 155 521 155 520 155 522 155 521 155 522 155 523 155 523 155 522 155 524 155 523 155 524 155 525 155 525 155 524 155 526 155 525 155 526 155 527 155 527 155 526 155 528 155 529 560 530 560 531 560 531 561 530 561 532 561 531 562 532 562 533 562 533 563 532 563 534 563 533 564 534 564 535 564 535 565 534 565 536 565 535 566 536 566 537 566 537 567 536 567 538 567 537 568 538 568 539 568 539 568 538 568 540 568 539 569 540 569 541 569 541 570 540 570 542 570 541 571 542 571 543 571 543 572 542 572 544 572 543 573 544 573 545 573 545 574 544 574 546 574 545 575 546 575 547 575 547 576 546 576 548 576 547 577 548 577 549 577 549 577 548 577 550 577 549 578 550 578 551 578 551 579 550 579 552 579 551 580 552 580 553 580 553 581 552 581 554 581 553 582 554 582 555 582 555 582 554 582 556 582 555 583 556 583 557 583 557 584 556 584 558 584 557 585 558 585 559 585 559 586 558 586 560 586 559 587 560 587 561 587 561 588 560 588 562 588 561 589 562 589 563 589 563 590 562 590 564 590 563 591 564 591 565 591 565 591 564 591 566 591 565 592 566 592 567 592 567 592 566 592 568 592 567 593 568 593 569 593 569 594 568 594 570 594 569 595 570 595 571 595 571 596 570 596 572 596 571 597 572 597 573 597 573 598 572 598 574 598 573 599 574 599 575 599 575 600 574 600 576 600 575 601 576 601 577 601 577 601 576 601 578 601 577 602 578 602 579 602 579 602 578 602 580 602 579 603 580 603 581 603 581 604 580 604 582 604 581 605 582 605 583 605 583 606 582 606 584 606 583 607 584 607 585 607 585 608 584 608 586 608 585 609 586 609 587 609 587 610 586 610 588 610 587 611 588 611 589 611 589 611 588 611 590 611 589 612 590 612 591 612 591 613 590 613 592 613 591 614 592 614 593 614 593 615 592 615 594 615 593 616 594 616 595 616 595 616 594 616 596 616 595 617 596 617 597 617 597 618 596 618 598 618 597 619 598 619 599 619 599 620 598 620 600 620 599 621 600 621 601 621 601 622 600 622 602 622 601 623 602 623 603 623 603 624 602 624 604 624 603 625 604 625 605 625 605 625 604 625 606 625 605 626 606 626 607 626 607 627 606 627 608 627 607 628 608 628 529 628 529 629 608 629 530 629 609 630 610 630 611 630 611 631 610 631 612 631 611 632 612 632 613 632 613 633 612 633 614 633 613 634 614 634 615 634 615 635 614 635 616 635 615 636 616 636 617 636 617 636 616 636 618 636 617 637 618 637 619 637 619 637 618 637 620 637 619 638 620 638 621 638 621 639 620 640 622 641 621 642 622 642 623 642 623 643 622 643 624 643 623 644 624 644 625 644 625 645 624 645 626 645 625 646 626 646 627 646 627 647 626 647 628 647 627 648 628 648 629 648 629 649 628 649 630 649 629 650 630 650 631 650 631 651 630 651 632 651 631 652 632 652 633 652 633 653 632 653 634 653 633 654 634 654 635 654 635 654 634 654 636 654 635 655 636 655 637 655 637 655 636 655 638 655 637 656 638 656 639 656 639 657 638 657 640 657 639 658 640 658 641 658 641 659 640 659 642 659 641 660 642 660 643 660 643 660 642 660 644 660 643 661 644 661 645 661 645 662 644 662 646 662 645 663 646 663 647 663 647 664 646 664 648 664 647 665 648 665 649 665 649 666 648 666 650 666 649 667 650 667 651 667 651 668 650 668 652 668 651 669 652 669 653 669 653 670 652 670 654 670 653 671 654 671 655 671 655 672 654 672 656 672 655 673 656 673 657 673 657 674 656 674 658 674 657 675 658 675 659 675 659 676 658 676 660 676 659 677 660 677 661 677 661 677 660 677 662 677 661 678 662 678 663 678 663 679 662 680 664 681 663 682 664 682 665 682 665 683 664 683 666 683 665 684 666 685 667 686 667 687 666 688 668 689 667 690 668 690 669 690 669 690 668 690 670 690 669 691 670 691 671 691 671 692 670 693 672 694 671 695 672 695 673 695 673 696 672 697 674 698 673 699 674 699 675 699 675 700 674 700 676 700 675 701 676 701 677 701 677 702 676 703 678 704 677 705 678 705 679 705 679 706 678 706 680 706 679 707 680 707 681 707 681 708 680 708 682 708 681 709 682 709 683 709 683 710 682 711 684 711 683 712 684 712 685 712 685 712 684 712 686 712 685 713 686 714 687 715 687 716 686 717 688 718 687 719 688 719 609 719 609 720 688 720 610 720 459 721 689 721 457 721 457 722 689 722 690 722 457 723 690 723 455 723 455 724 690 724 691 724 455 725 691 725 496 725 496 726 691 726 692 726 496 727 692 727 498 727 498 728 692 728 693 728 498 729 693 729 500 729 500 730 693 730 694 730 500 731 694 731 502 731 502 732 694 732 695 732 502 733 695 733 504 733 504 734 695 734 696 734 504 735 696 735 506 735 506 735 696 735 697 735 506 736 697 736 508 736 508 737 697 737 698 737 508 738 698 738 510 738 510 739 698 739 699 739 510 740 699 740 512 740 512 741 699 741 700 741 512 742 700 742 514 742 514 743 700 743 701 743 514 744 701 744 516 744 516 745 701 745 702 745 516 746 702 746 518 746 518 747 702 747 703 747 518 748 703 748 520 748 520 749 703 749 704 749 520 750 704 750 522 750 522 751 704 751 705 751 522 752 705 752 524 752 524 753 705 753 706 753 524 754 706 754 526 754 526 755 706 755 707 755 526 756 707 756 528 756 528 756 707 756 708 756 528 757 708 757 527 757 527 757 708 757 709 757 527 758 709 758 525 758 525 759 709 759 710 759 525 760 710 760 523 760 523 761 710 761 711 761 523 762 711 762 521 762 521 763 711 763 712 763 521 764 712 764 519 764 519 765 712 765 713 765 519 766 713 766 517 766 517 767 713 767 714 767 517 768 714 768 515 768 515 769 714 769 715 769 515 770 715 770 513 770 513 771 715 771 716 771 513 772 716 772 511 772 511 773 716 773 717 773 511 774 717 774 509 774 509 775 717 775 718 775 509 776 718 776 507 776 507 777 718 777 719 777 507 778 719 778 505 778 505 779 719 779 720 779 505 780 720 780 503 780 503 781 720 781 721 781 503 782 721 782 501 782 501 783 721 783 722 783 501 784 722 784 499 784 499 784 722 784 723 784 499 785 723 785 497 785 497 786 723 786 724 786 497 787 724 787 495 787 495 788 724 788 725 788 495 789 725 789 456 789 456 790 725 790 726 790 456 791 726 791 458 791 458 792 726 792 727 792 458 793 727 793 460 793 460 793 727 793 728 793 460 794 728 794 462 794 462 795 728 795 729 795 462 796 729 796 464 796 464 797 729 797 730 797 464 798 730 798 466 798 466 799 730 799 731 799 466 800 731 800 468 800 468 800 731 800 732 800 468 801 732 801 470 801 470 802 732 802 733 802 470 803 733 803 472 803 472 804 733 804 734 804 472 805 734 805 474 805 474 806 734 806 735 806 474 807 735 807 476 807 476 808 735 808 736 808 476 809 736 809 478 809 478 810 736 810 737 810 478 811 737 811 480 811 480 812 737 812 738 812 480 813 738 813 482 813 482 814 738 814 739 814 482 815 739 815 484 815 484 816 739 816 740 816 484 817 740 817 486 817 486 818 740 818 741 818 486 819 741 819 488 819 488 820 741 820 742 820 488 821 742 821 490 821 490 822 742 822 743 822 490 823 743 823 492 823 492 824 743 824 744 824 492 825 744 825 494 825 494 826 744 826 745 826 494 827 745 827 493 827 493 827 745 827 746 827 493 828 746 828 491 828 491 829 746 829 747 829 491 830 747 830 489 830 489 831 747 831 748 831 489 832 748 832 487 832 487 833 748 833 749 833 487 834 749 834 485 834 485 835 749 835 750 835 485 836 750 836 483 836 483 837 750 837 751 837 483 838 751 838 481 838 481 839 751 839 752 839 481 840 752 840 479 840 479 841 752 841 753 841 479 842 753 842 477 842 477 843 753 843 754 843 477 844 754 844 475 844 475 845 754 845 755 845 475 846 755 846 473 846 473 847 755 847 756 847 473 848 756 848 471 848 471 849 756 849 757 849 471 850 757 850 469 850 469 851 757 851 758 851 469 852 758 852 467 852 467 853 758 853 759 853 467 854 759 854 465 854 465 855 759 855 760 855 465 856 760 856 463 856 463 857 760 857 761 857 463 858 761 858 461 858 461 859 761 859 762 859 461 860 762 860 459 860 459 860 762 860 689 860 763 861 764 861 765 861 765 862 764 862 766 862 765 863 766 863 767 863 767 864 766 864 768 864 767 865 768 865 769 865 769 866 768 866 770 866 769 867 770 867 771 867 771 868 770 868 772 868 771 869 772 869 773 869 773 869 772 869 774 869 773 870 774 870 775 870 775 871 774 871 776 871 775 872 776 872 777 872 777 873 776 873 778 873 777 874 778 874 779 874 779 875 778 875 780 875 779 876 780 876 781 876 781 877 780 877 782 877 781 878 782 878 783 878 783 878 782 878 784 878 783 879 784 879 785 879 785 880 784 880 786 880 785 881 786 881 787 881 787 882 786 882 788 882 787 883 788 883 789 883 789 883 788 883 790 883 789 884 790 884 791 884 791 885 790 885 792 885 791 886 792 886 793 886 793 887 792 887 794 887 793 888 794 888 795 888 795 889 794 889 796 889 795 890 796 890 797 890 797 891 796 891 798 891 797 892 798 892 799 892 799 892 798 892 800 892 799 893 800 893 801 893 801 893 800 893 802 893 801 894 802 894 803 894 803 895 802 895 804 895 803 896 804 896 805 896 805 897 804 897 806 897 805 898 806 898 807 898 807 899 806 899 808 899 807 900 808 900 809 900 809 901 808 901 810 901 809 902 810 902 811 902 811 902 810 902 812 902 811 903 812 903 813 903 813 903 812 903 814 903 813 904 814 904 815 904 815 905 814 905 816 905 815 906 816 906 817 906 817 907 816 907 818 907 817 908 818 908 819 908 819 909 818 909 820 909 819 910 820 910 821 910 821 911 820 911 822 911 821 912 822 912 823 912 823 912 822 912 824 912 823 913 824 913 825 913 825 914 824 914 826 914 825 915 826 915 827 915 827 916 826 916 828 916 827 917 828 917 829 917 829 917 828 917 830 917 829 918 830 918 831 918 831 919 830 919 832 919 831 920 832 920 833 920 833 921 832 921 834 921 833 922 834 922 835 922 835 923 834 923 836 923 835 924 836 924 837 924 837 925 836 925 838 925 837 926 838 926 839 926 839 926 838 926 840 926 839 927 840 927 841 927 841 928 840 928 842 928 841 929 842 929 763 929 763 930 842 930 764 930 843 931 844 932 845 933 845 934 844 934 846 934 845 935 846 935 847 935 847 936 846 937 848 938 847 939 848 939 849 939 849 940 848 941 850 942 849 943 850 943 851 943 851 943 850 943 852 943 851 944 852 944 853 944 853 944 852 944 854 944 853 945 854 946 855 947 855 948 854 948 856 948 855 949 856 949 857 949 857 950 856 950 858 950 857 951 858 951 859 951 859 952 858 952 860 952 859 953 860 953 861 953 861 954 860 954 862 954 861 955 862 955 863 955 863 956 862 956 864 956 863 957 864 957 865 957 865 958 864 958 866 958 865 959 866 959 867 959 867 960 866 960 868 960 867 961 868 961 869 961 869 961 868 961 870 961 869 962 870 962 871 962 871 962 870 962 872 962 871 963 872 963 873 963 873 964 872 964 874 964 873 965 874 965 875 965 875 966 874 966 876 966 875 967 876 967 877 967 877 967 876 967 878 967 877 968 878 968 879 968 879 969 878 969 880 969 879 970 880 970 881 970 881 971 880 971 882 971 881 972 882 972 883 972 883 973 882 973 884 973 883 974 884 974 885 974 885 975 884 975 886 975 885 976 886 976 887 976 887 977 886 977 888 977 887 978 888 978 889 978 889 979 888 979 890 979 889 980 890 980 891 980 891 981 890 981 892 981 891 982 892 982 893 982 893 983 892 983 894 983 893 984 894 984 895 984 895 984 894 984 896 984 895 985 896 985 897 985 897 986 896 986 898 986 897 987 898 987 899 987 899 988 898 988 900 988 899 989 900 989 901 989 901 989 900 989 902 989 901 990 902 990 903 990 903 990 902 990 904 990 903 991 904 991 905 991 905 992 904 992 906 992 905 993 906 993 907 993 907 994 906 994 908 994 907 995 908 995 909 995 909 996 908 996 910 996 909 997 910 997 911 997 911 998 910 998 912 998 911 999 912 999 913 999 913 1000 912 1000 914 1000 913 1001 914 1001 915 1001 915 1002 914 1002 916 1002 915 1003 916 1003 917 1003 917 1004 916 1005 918 1006 917 1007 918 1007 919 1007 919 1007 918 1007 920 1007 919 1008 920 1008 921 1008 921 1008 920 1008 922 1008 921 1009 922 1009 843 1009 843 1010 922 1010 844 1010 843 1011 845 1011 923 1011 923 1012 845 1012 847 1012 923 1013 847 1013 849 1013 849 1014 851 1014 923 1014 923 1015 851 1015 853 1015 923 1016 853 1016 855 1016 855 155 857 155 923 155 923 1017 857 1017 859 1017 923 1018 859 1018 861 1018 861 1019 863 1019 923 1019 923 1020 863 1020 865 1020 923 1021 865 1021 867 1021 869 155 781 155 867 155 867 155 781 155 783 155 867 155 783 155 923 155 923 155 783 155 924 155 924 1022 783 1022 785 1022 924 1023 785 1023 787 1023 781 155 869 155 779 155 779 155 869 155 871 155 779 155 871 155 777 155 777 155 871 155 873 155 777 155 873 155 775 155 775 155 873 155 875 155 775 155 875 155 773 155 773 155 875 155 877 155 773 155 877 155 771 155 771 155 877 155 879 155 771 155 879 155 745 155 745 155 879 155 746 155 746 155 879 155 747 155 747 1024 879 1024 881 1024 747 155 881 155 748 155 748 1025 881 1025 883 1025 748 1026 883 1026 749 1026 749 1027 883 1027 885 1027 749 155 885 155 750 155 750 1028 885 1028 887 1028 750 1029 887 1029 751 1029 751 1030 887 1030 889 1030 751 155 889 155 752 155 752 1031 889 1031 891 1031 752 155 891 155 753 155 753 1032 891 1032 893 1032 753 155 893 155 754 155 754 1033 893 1033 895 1033 754 1034 895 1034 755 1034 755 1035 895 1035 897 1035 755 155 897 155 756 155 756 1036 897 1036 899 1036 756 1037 899 1037 757 1037 757 1038 899 1038 901 1038 757 1039 901 1039 758 1039 758 1040 901 1040 903 1040 758 1041 903 1041 759 1041 759 1042 903 1042 905 1042 759 1043 905 1043 760 1043 760 1044 905 1044 907 1044 760 155 907 155 761 155 761 155 907 155 762 155 762 1045 907 1045 909 1045 762 155 909 155 689 155 689 1046 909 1046 911 1046 689 155 911 155 690 155 690 155 911 155 625 155 690 1047 625 1047 691 1047 691 1048 625 1048 627 1048 691 155 627 155 692 155 692 1049 627 1049 629 1049 692 155 629 155 693 155 693 155 629 155 694 155 694 1050 629 1050 631 1050 694 155 631 155 695 155 695 1051 631 1051 633 1051 695 155 633 155 696 155 696 1052 633 1052 635 1052 696 155 635 155 697 155 697 1053 635 1053 637 1053 697 155 637 155 698 155 698 1054 637 1054 639 1054 698 155 639 155 699 155 699 1055 639 1055 641 1055 699 155 641 155 700 155 700 1056 641 1056 643 1056 700 155 643 155 701 155 701 1057 643 1057 645 1057 701 155 645 155 702 155 702 1058 645 1058 647 1058 702 155 647 155 703 155 703 1059 647 1059 649 1059 703 155 649 155 704 155 704 1060 649 1060 651 1060 704 155 651 155 705 155 705 1061 651 1061 653 1061 705 155 653 155 706 155 706 1062 653 1062 655 1062 706 1063 655 1063 707 1063 707 155 655 155 657 155 707 155 657 155 708 155 708 155 657 155 605 155 708 155 605 155 709 155 709 155 605 155 710 155 710 155 605 155 607 155 710 1064 607 1064 711 1064 711 1065 607 1065 529 1065 711 155 529 155 712 155 712 1066 529 1066 531 1066 712 155 531 155 713 155 713 1067 531 1067 533 1067 713 155 533 155 714 155 714 1068 533 1068 535 1068 714 155 535 155 715 155 715 1069 535 1069 537 1069 715 155 537 155 716 155 716 1070 537 1070 539 1070 716 155 539 155 717 155 717 1071 539 1071 541 1071 717 155 541 155 718 155 718 1072 541 1072 543 1072 718 155 543 155 719 155 719 1073 543 1073 545 1073 719 155 545 155 720 155 720 1074 545 1074 547 1074 720 1075 547 1075 721 1075 721 1076 547 1076 549 1076 721 155 549 155 722 155 722 1077 549 1077 551 1077 722 155 551 155 723 155 723 1078 551 1078 553 1078 723 155 553 155 724 155 724 155 553 155 725 155 725 1079 553 1079 555 1079 725 155 555 155 726 155 726 1080 555 1080 557 1080 726 1081 557 1081 727 1081 727 155 557 155 819 155 727 155 819 155 728 155 728 1082 819 1082 821 1082 728 155 821 155 729 155 729 1083 821 1083 823 1083 729 155 823 155 730 155 730 155 823 155 731 155 731 1084 823 1084 825 1084 731 1085 825 1085 732 1085 732 1086 825 1086 827 1086 732 1087 827 1087 733 1087 733 1088 827 1088 829 1088 733 1089 829 1089 734 1089 734 1090 829 1090 831 1090 734 1091 831 1091 735 1091 735 1092 831 1092 833 1092 735 155 833 155 736 155 736 1093 833 1093 835 1093 736 1094 835 1094 737 1094 737 1095 835 1095 837 1095 737 155 837 155 738 155 738 1096 837 1096 839 1096 738 155 839 155 739 155 739 1097 839 1097 841 1097 739 155 841 155 740 155 740 1098 841 1098 763 1098 740 1099 763 1099 741 1099 741 1100 763 1100 765 1100 741 155 765 155 742 155 742 1101 765 1101 767 1101 742 1102 767 1102 743 1102 743 1103 767 1103 769 1103 743 155 769 155 744 155 744 1104 769 1104 771 1104 744 155 771 155 745 155 625 155 911 155 623 155 623 1105 911 1105 913 1105 623 1106 913 1106 621 1106 621 1107 913 1107 915 1107 621 155 915 155 619 155 619 1108 915 1108 917 1108 619 155 917 155 617 155 617 1109 917 1109 919 1109 617 155 919 155 615 155 615 1110 919 1110 921 1110 615 1111 921 1111 613 1111 613 1112 921 1112 843 1112 613 1113 843 1113 925 1113 925 1114 843 1114 923 1114 787 155 789 155 924 155 924 1115 789 1115 791 1115 924 1116 791 1116 793 1116 793 155 795 155 924 155 924 1117 795 1117 797 1117 924 1118 797 1118 799 1118 799 1119 801 1119 924 1119 924 1120 801 1120 803 1120 924 1121 803 1121 805 1121 805 1122 807 1122 924 1122 924 1123 807 1123 926 1123 926 1124 807 1124 569 1124 926 1125 569 1125 571 1125 807 1126 809 1126 569 1126 569 1127 809 1127 567 1127 567 1128 809 1128 811 1128 567 155 811 155 565 155 565 1129 811 1129 813 1129 565 155 813 155 563 155 563 1130 813 1130 815 1130 563 155 815 155 561 155 561 1131 815 1131 817 1131 561 1132 817 1132 559 1132 559 1133 817 1133 819 1133 559 155 819 155 557 155 609 155 611 155 925 155 925 1134 611 1134 613 1134 605 155 657 155 603 155 603 155 657 155 659 155 603 155 659 155 601 155 601 155 659 155 661 155 601 155 661 155 599 155 599 155 661 155 663 155 599 155 663 155 597 155 597 155 663 155 665 155 597 155 665 155 595 155 595 155 665 155 667 155 595 155 667 155 593 155 593 155 667 155 669 155 593 155 669 155 926 155 926 155 669 155 925 155 925 1135 669 1135 671 1135 925 1136 671 1136 673 1136 673 155 675 155 925 155 925 1137 675 1137 677 1137 925 1138 677 1138 679 1138 679 155 681 155 925 155 925 1139 681 1139 683 1139 925 1140 683 1140 685 1140 685 155 687 155 925 155 925 1141 687 1141 609 1141 571 155 573 155 926 155 926 1142 573 1142 575 1142 926 155 575 155 577 155 577 1143 579 1143 926 1143 926 1144 579 1144 581 1144 926 1145 581 1145 583 1145 583 155 585 155 926 155 926 1146 585 1146 587 1146 926 1147 587 1147 589 1147 589 155 591 155 926 155 926 1148 591 1148 593 1148 844 1149 927 1149 846 1149 846 155 927 155 928 155 846 1150 928 1150 848 1150 848 155 928 155 929 155 848 155 929 155 850 155 850 155 929 155 852 155 852 155 929 155 930 155 852 155 930 155 854 155 854 1151 930 1151 931 1151 854 155 931 155 856 155 856 1152 931 1152 932 1152 856 1153 932 1153 858 1153 858 1154 932 1154 933 1154 858 155 933 155 860 155 860 155 933 155 862 155 862 1155 933 1155 934 1155 862 155 934 155 864 155 864 1156 934 1156 935 1156 864 155 935 155 866 155 866 1157 935 1157 936 1157 866 155 936 155 868 155 868 155 936 155 870 155 870 1158 936 1158 937 1158 870 155 937 155 872 155 872 1159 937 1159 938 1159 872 1160 938 1160 874 1160 874 1161 938 1161 939 1161 874 1162 939 1162 876 1162 876 1163 939 1163 940 1163 876 1164 940 1164 878 1164 878 155 940 155 880 155 880 155 940 155 941 155 880 1165 941 1165 882 1165 882 1166 941 1166 942 1166 882 1167 942 1167 884 1167 884 155 942 155 943 155 884 155 943 155 886 155 886 155 943 155 888 155 888 155 943 155 944 155 888 1168 944 1168 890 1168 890 1169 944 1169 945 1169 890 1170 945 1170 892 1170 892 155 945 155 946 155 892 155 946 155 894 155 894 155 946 155 896 155 896 155 946 155 947 155 896 155 947 155 898 155 898 1171 947 1171 948 1171 898 155 948 155 900 155 900 1159 948 1159 949 1159 900 155 949 155 902 155 902 1158 949 1158 950 1158 902 155 950 155 904 155 904 155 950 155 906 155 906 1172 950 1172 951 1172 906 155 951 155 908 155 908 1156 951 1156 952 1156 908 155 952 155 910 155 910 1173 952 1173 953 1173 910 155 953 155 912 155 912 155 953 155 914 155 914 1174 953 1174 954 1174 914 1175 954 1175 916 1175 916 1176 954 1176 955 1176 916 155 955 155 918 155 918 1177 955 1177 956 1177 918 155 956 155 920 155 920 155 956 155 957 155 920 155 957 155 922 155 922 1178 957 1178 844 1178 844 155 957 155 927 155 958 155 808 155 959 155 959 155 808 155 806 155 959 155 806 155 804 155 808 1179 958 1179 810 1179 810 1180 958 1180 960 1180 810 1170 960 1170 812 1170 812 155 960 155 961 155 812 155 961 155 814 155 814 155 961 155 816 155 816 155 961 155 962 155 816 155 962 155 818 155 818 1181 962 1181 963 1181 818 155 963 155 820 155 820 1182 963 1182 964 1182 820 155 964 155 822 155 822 1183 964 1183 965 1183 822 155 965 155 824 155 824 155 965 155 826 155 826 1184 965 1184 966 1184 826 155 966 155 828 155 828 1185 966 1185 967 1185 828 155 967 155 830 155 830 1186 967 1186 968 1186 830 155 968 155 832 155 832 155 968 155 834 155 834 1187 968 1187 969 1187 834 1188 969 1188 836 1188 836 1189 969 1189 970 1189 836 155 970 155 838 155 838 1190 970 1190 971 1190 838 155 971 155 840 155 840 155 971 155 972 155 840 155 972 155 842 155 842 1191 972 1191 764 1191 764 155 972 155 973 155 764 1192 973 1192 766 1192 766 155 973 155 974 155 766 1193 974 1193 768 1193 768 155 974 155 975 155 768 155 975 155 770 155 770 155 975 155 772 155 772 155 975 155 976 155 772 155 976 155 774 155 774 1194 976 1194 977 1194 774 155 977 155 776 155 776 1195 977 1195 978 1195 776 1196 978 1196 778 1196 778 1197 978 1197 979 1197 778 155 979 155 780 155 780 155 979 155 782 155 782 1198 979 1198 980 1198 782 155 980 155 784 155 784 1185 980 1185 981 1185 784 155 981 155 786 155 786 1199 981 1199 982 1199 786 155 982 155 788 155 788 155 982 155 790 155 790 1183 982 1183 983 1183 790 155 983 155 792 155 792 1200 983 1200 984 1200 792 1201 984 1201 794 1201 794 1202 984 1202 985 1202 794 1203 985 1203 796 1203 796 1204 985 1204 986 1204 796 1205 986 1205 798 1205 798 155 986 155 800 155 800 155 986 155 987 155 800 1206 987 1206 802 1206 802 1207 987 1207 988 1207 802 1208 988 1208 804 1208 804 155 988 155 959 155 989 155 654 155 990 155 990 155 654 155 652 155 990 155 652 155 650 155 654 1209 989 1209 656 1209 656 1210 989 1210 991 1210 656 155 991 155 658 155 658 155 991 155 992 155 658 155 992 155 660 155 660 155 992 155 662 155 662 155 992 155 993 155 662 155 993 155 664 155 664 1211 993 1211 994 1211 664 1212 994 1212 666 1212 666 1213 994 1213 995 1213 666 155 995 155 668 155 668 1214 995 1214 996 1214 668 1215 996 1215 670 1215 670 155 996 155 672 155 672 1216 996 1216 997 1216 672 1217 997 1217 674 1217 674 1218 997 1218 998 1218 674 155 998 155 676 155 676 1219 998 1219 999 1219 676 1220 999 1220 678 1220 678 1221 999 1221 680 1221 680 1222 999 1222 1000 1222 680 155 1000 155 682 155 682 1223 1000 1223 1001 1223 682 1224 1001 1224 684 1224 684 1225 1001 1225 1002 1225 684 155 1002 155 686 155 686 155 1002 155 1003 155 686 155 1003 155 688 155 688 1226 1003 1226 610 1226 610 155 1003 155 1004 155 610 1227 1004 1227 612 1227 612 155 1004 155 1005 155 612 1149 1005 1149 614 1149 614 155 1005 155 1006 155 614 155 1006 155 616 155 616 155 1006 155 618 155 618 155 1006 155 1007 155 618 155 1007 155 620 155 620 155 1007 155 1008 155 620 155 1008 155 622 155 622 1228 1008 1228 1009 1228 622 155 1009 155 624 155 624 1229 1009 1229 1010 1229 624 1230 1010 1230 626 1230 626 155 1010 155 628 155 628 1231 1010 1231 1011 1231 628 155 1011 155 630 155 630 1232 1011 1232 1012 1232 630 155 1012 155 632 155 632 1233 1012 1233 1013 1233 632 155 1013 155 634 155 634 155 1013 155 636 155 636 1234 1013 1234 1014 1234 636 155 1014 155 638 155 638 1235 1014 1235 1015 1235 638 1236 1015 1236 640 1236 640 1237 1015 1237 1016 1237 640 1238 1016 1238 642 1238 642 155 1016 155 1017 155 642 155 1017 155 644 155 644 155 1017 155 646 155 646 155 1017 155 1018 155 646 1239 1018 1239 648 1239 648 1240 1018 1240 1019 1240 648 1241 1019 1241 650 1241 650 155 1019 155 990 155 1020 1242 1021 1242 1022 1242 1022 1243 1021 1243 1023 1243 1022 1244 1023 1244 1024 1244 1024 1245 1023 1245 1025 1245 1024 1246 1025 1246 1026 1246 1026 1247 1025 1247 1027 1247 1026 1248 1027 1248 1028 1248 1028 1249 1027 1249 1029 1249 1028 1250 1029 1251 1030 1250 1030 1252 1029 1253 1031 1254 1030 1255 1031 1255 1032 1255 1032 1256 1031 1256 1033 1256 1032 1257 1033 1258 1034 1259 1034 1260 1033 1261 1035 1262 1034 1263 1035 1264 1036 1265 1036 1266 1035 1267 1037 1268 1036 1269 1037 1270 1038 1271 1038 1272 1037 1273 1039 1274 1038 1275 1039 1276 1040 1277 1040 1278 1039 1278 1041 1278 1040 1279 1041 1279 1042 1279 1042 1280 1041 1280 1043 1280 1042 1281 1043 1281 1044 1281 1044 1282 1043 1282 1045 1282 1044 1283 1045 1283 1046 1283 1046 1284 1045 1284 1047 1284 1046 1285 1047 1285 1048 1285 1048 1285 1047 1285 1049 1285 1048 1286 1049 1287 1050 1288 1050 1289 1049 1289 1051 1289 1050 1290 1051 1290 1052 1290 1052 1291 1051 1291 1053 1291 1052 1292 1053 1292 1054 1292 1054 1292 1053 1292 1055 1292 1054 1293 1055 1293 1056 1293 1056 1293 1055 1293 1057 1293 1056 1294 1057 1294 1058 1294 1058 1295 1057 1295 1059 1295 1058 1296 1059 1296 1060 1296 1060 1296 1059 1296 1061 1296 1060 1297 1061 1297 1062 1297 1062 1298 1061 1298 1063 1298 1062 1299 1063 1299 1064 1299 1064 1300 1063 1300 1065 1300 1064 1301 1065 1301 1066 1301 1066 1302 1065 1302 1067 1302 1066 1303 1067 1303 1068 1303 1068 1304 1067 1304 1069 1304 1068 1305 1069 1305 1070 1305 1070 1306 1069 1306 1071 1306 1070 1307 1071 1307 1072 1307 1072 1307 1071 1307 1073 1307 1072 1308 1073 1308 1074 1308 1074 1308 1073 1308 1075 1308 1074 1309 1075 1309 1076 1309 1076 1310 1075 1310 1077 1310 1076 1311 1077 1311 1078 1311 1078 1312 1077 1312 1079 1312 1078 1313 1079 1313 1080 1313 1080 1314 1079 1314 1081 1314 1080 1315 1081 1315 1020 1315 1020 1316 1081 1316 1021 1316 942 1317 1082 1317 943 1317 943 1318 1082 1318 1083 1318 943 1319 1083 1319 944 1319 944 1320 1083 1320 1084 1320 944 1321 1084 1321 945 1321 945 1322 1084 1322 1085 1322 945 1323 1085 1323 946 1323 946 1324 1085 1324 1086 1324 946 1325 1086 1325 947 1325 947 1326 1086 1326 1087 1326 947 1327 1087 1327 948 1327 948 1328 1087 1328 1088 1328 948 1329 1088 1329 949 1329 949 1330 1088 1330 1089 1330 949 1331 1089 1331 950 1331 950 1332 1089 1332 1090 1332 950 1333 1090 1333 951 1333 951 1333 1090 1333 1091 1333 951 1334 1091 1334 952 1334 952 1334 1091 1334 1092 1334 952 1335 1092 1335 953 1335 953 1336 1092 1336 1093 1336 953 1337 1093 1337 954 1337 954 1337 1093 1337 1094 1337 954 1338 1094 1339 955 1338 955 1340 1094 1340 1095 1340 955 1341 1095 1341 956 1341 956 1342 1095 1342 1096 1342 956 1343 1096 1343 957 1343 957 1343 1096 1343 1097 1343 957 1344 1097 1345 927 1346 927 1347 1097 1348 1098 1349 927 1292 1098 1292 928 1292 928 1292 1098 1292 1099 1292 928 1350 1099 1351 929 1352 929 1353 1099 1353 1100 1353 929 1354 1100 1354 930 1354 930 1354 1100 1354 1101 1354 930 1355 1101 1355 931 1355 931 1356 1101 1356 1102 1356 931 1357 1102 1357 932 1357 932 1358 1102 1359 1103 1359 932 1360 1103 1360 933 1360 933 1360 1103 1360 1104 1360 933 1361 1104 1361 934 1361 934 1362 1104 1362 1105 1362 934 1363 1105 1363 935 1363 935 1363 1105 1363 1106 1363 935 1364 1106 1364 936 1364 936 1364 1106 1364 1107 1364 936 1365 1107 1365 937 1365 937 1366 1107 1366 1108 1366 937 1367 1108 1367 938 1367 938 1368 1108 1368 1109 1368 938 1369 1109 1369 939 1369 939 1370 1109 1370 1110 1370 939 1371 1110 1371 940 1371 940 1372 1110 1372 1111 1372 940 1373 1111 1373 941 1373 941 1374 1111 1374 1112 1374 941 1375 1112 1375 942 1375 942 1376 1112 1376 1082 1376 988 1377 1113 1377 959 1377 959 1378 1113 1378 1114 1378 959 1379 1114 1379 958 1379 958 1380 1114 1380 1115 1380 958 1381 1115 1381 960 1381 960 1382 1115 1382 1116 1382 960 1383 1116 1383 961 1383 961 1384 1116 1384 1117 1384 961 1325 1117 1325 962 1325 962 1385 1117 1385 1118 1385 962 1328 1118 1328 963 1328 963 1386 1118 1386 1119 1386 963 1387 1119 1387 964 1387 964 1387 1119 1387 1120 1387 964 1331 1120 1331 965 1331 965 1331 1120 1331 1121 1331 965 1388 1121 1388 966 1388 966 1389 1121 1389 1122 1389 966 1390 1122 1390 967 1390 967 1391 1122 1391 1123 1391 967 1392 1123 1392 968 1392 968 1393 1123 1393 1124 1393 968 1394 1124 1394 969 1394 969 1395 1124 1395 1125 1395 969 1396 1125 1396 970 1396 970 1397 1125 1397 1126 1397 970 1398 1126 1398 971 1398 971 1398 1126 1398 1127 1398 971 1399 1127 1399 972 1399 972 1400 1127 1400 1128 1400 972 1401 1128 1401 973 1401 973 1402 1128 1402 1129 1402 973 1292 1129 1292 974 1292 974 1292 1129 1292 1130 1292 974 1403 1130 1403 975 1403 975 1403 1130 1403 1131 1403 975 1404 1131 1404 976 1404 976 1405 1131 1405 1132 1405 976 1406 1132 1406 977 1406 977 1406 1132 1406 1133 1406 977 1407 1133 1407 978 1407 978 1408 1133 1408 1134 1408 978 1409 1134 1409 979 1409 979 1410 1134 1410 1135 1410 979 1411 1135 1411 980 1411 980 1412 1135 1412 1136 1412 980 1413 1136 1413 981 1413 981 1414 1136 1414 1137 1414 981 1415 1137 1415 982 1415 982 1416 1137 1416 1138 1416 982 1366 1138 1366 983 1366 983 1366 1138 1366 1139 1366 983 1417 1139 1417 984 1417 984 1417 1139 1417 1140 1417 984 1418 1140 1418 985 1418 985 1369 1140 1369 1141 1369 985 1419 1141 1419 986 1419 986 1372 1141 1372 1142 1372 986 1420 1142 1420 987 1420 987 1421 1142 1421 1143 1421 987 1422 1143 1422 988 1422 988 1423 1143 1423 1113 1423 1019 1424 1144 1424 990 1424 990 1425 1144 1425 1145 1425 990 1426 1145 1426 989 1426 989 1427 1145 1427 1146 1427 989 1428 1146 1428 991 1428 991 1429 1146 1429 1147 1429 991 1430 1147 1431 992 1432 992 1433 1147 1434 1148 1435 992 1250 1148 1250 993 1250 993 1436 1148 1436 1149 1436 993 1437 1149 1437 994 1437 994 1438 1149 1439 1150 1440 994 1441 1150 1441 995 1441 995 1442 1150 1442 1151 1442 995 1443 1151 1444 996 1445 996 1446 1151 1446 1152 1446 996 1447 1152 1448 997 1449 997 1450 1152 1451 1153 1452 997 1453 1153 1454 998 1455 998 1456 1153 1457 1154 1458 998 1459 1154 1460 999 1461 999 1462 1154 1462 1155 1462 999 1463 1155 1463 1000 1463 1000 1463 1155 1463 1156 1463 1000 1464 1156 1464 1001 1464 1001 1465 1156 1465 1157 1465 1001 1466 1157 1466 1002 1466 1002 1467 1157 1467 1158 1467 1002 1468 1158 1468 1003 1468 1003 1468 1158 1468 1159 1468 1003 1469 1159 1470 1004 1471 1004 1472 1159 1472 1160 1472 1004 1292 1160 1292 1005 1292 1005 1292 1160 1292 1161 1292 1005 1473 1161 1473 1006 1473 1006 1474 1161 1475 1162 1476 1006 1477 1162 1477 1007 1477 1007 1477 1162 1477 1163 1477 1007 1478 1163 1478 1008 1478 1008 1479 1163 1479 1164 1479 1008 1480 1164 1480 1009 1480 1009 1481 1164 1481 1165 1481 1009 1482 1165 1482 1010 1482 1010 1482 1165 1482 1166 1482 1010 1483 1166 1483 1011 1483 1011 1484 1166 1484 1167 1484 1011 1485 1167 1485 1012 1485 1012 1485 1167 1485 1168 1485 1012 1486 1168 1486 1013 1486 1013 1486 1168 1486 1169 1486 1013 1487 1169 1487 1014 1487 1014 1307 1169 1307 1170 1307 1014 1488 1170 1488 1015 1488 1015 1489 1170 1489 1171 1489 1015 1310 1171 1310 1016 1310 1016 1490 1171 1490 1172 1490 1016 1491 1172 1491 1017 1491 1017 1312 1172 1312 1173 1312 1017 1492 1173 1492 1018 1492 1018 1493 1173 1493 1174 1493 1018 1494 1174 1494 1019 1494 1019 1495 1174 1495 1144 1495 1175 1292 1176 1292 926 1292 926 1292 1176 1292 924 1292 1177 827 1175 827 925 827 925 827 1175 827 926 827 1178 79 1177 79 923 79 923 79 1177 79 925 79 1176 757 1178 757 924 757 924 757 1178 757 923 757 530 1496 1052 1496 532 1496 532 155 1052 155 1054 155 532 1497 1054 1497 534 1497 534 155 1054 155 1056 155 534 155 1056 155 536 155 536 155 1056 155 538 155 538 155 1056 155 1058 155 538 155 1058 155 540 155 540 155 1058 155 1060 155 540 155 1060 155 542 155 542 1498 1060 1498 1062 1498 542 155 1062 155 544 155 544 1499 1062 1499 1064 1499 544 1500 1064 1500 546 1500 546 155 1064 155 548 155 548 1501 1064 1501 1066 1501 548 155 1066 155 550 155 550 1502 1066 1502 1068 1502 550 155 1068 155 552 155 552 1503 1068 1503 1070 1503 552 155 1070 155 554 155 554 155 1070 155 556 155 556 1234 1070 1234 1072 1234 556 155 1072 155 558 155 558 1504 1072 1504 1074 1504 558 1505 1074 1505 560 1505 560 1237 1074 1237 1076 1237 560 1506 1076 1506 562 1506 562 155 1076 155 1078 155 562 155 1078 155 564 155 564 155 1078 155 566 155 566 155 1078 155 1080 155 566 1507 1080 1507 568 1507 568 1508 1080 1508 1020 1508 568 1509 1020 1509 570 1509 570 155 1020 155 1022 155 570 155 1022 155 572 155 572 155 1022 155 574 155 574 155 1022 155 1024 155 574 1510 1024 1510 576 1510 576 1511 1024 1511 1026 1511 576 155 1026 155 578 155 578 155 1026 155 1028 155 578 155 1028 155 580 155 580 155 1028 155 582 155 582 155 1028 155 1030 155 582 155 1030 155 584 155 584 1211 1030 1211 1032 1211 584 1512 1032 1512 586 1512 586 1513 1032 1513 1034 1513 586 155 1034 155 588 155 588 1514 1034 1514 1036 1514 588 1515 1036 1515 590 1515 590 155 1036 155 592 155 592 1516 1036 1516 1038 1516 592 1517 1038 1517 594 1517 594 1518 1038 1518 1040 1518 594 155 1040 155 596 155 596 1519 1040 1519 1042 1519 596 1520 1042 1520 598 1520 598 1521 1042 1521 600 1521 600 1522 1042 1522 1044 1522 600 155 1044 155 602 155 602 1523 1044 1523 1046 1523 602 1524 1046 1524 604 1524 604 1525 1046 1525 1048 1525 604 155 1048 155 606 155 606 155 1048 155 1050 155 606 155 1050 155 608 155 608 1526 1050 1526 530 1526 530 155 1050 155 1052 155 1144 538 1055 538 1145 538 1145 538 1055 538 1053 538 1145 538 1053 538 1146 538 1146 538 1053 538 1051 538 1146 538 1051 538 1147 538 1147 538 1051 538 1049 538 1147 538 1049 538 1148 538 1148 538 1049 538 1047 538 1148 1527 1047 1527 1149 1527 1149 538 1047 538 1045 538 1149 538 1045 538 1150 538 1150 538 1045 538 1043 538 1150 538 1043 538 1151 538 1151 538 1043 538 1175 538 1151 538 1175 538 1177 538 1055 538 1144 538 1057 538 1057 538 1144 538 1174 538 1057 538 1174 538 1059 538 1059 538 1174 538 1173 538 1059 538 1173 538 1061 538 1061 538 1173 538 1172 538 1061 1528 1172 1528 1126 1528 1126 1529 1172 1529 1087 1529 1126 538 1087 538 1086 538 1172 1530 1171 1530 1087 1530 1087 538 1171 538 1088 538 1088 1531 1171 1531 1170 1531 1088 1532 1170 1532 1089 1532 1089 1533 1170 1533 1169 1533 1089 1534 1169 1534 1090 1534 1090 1535 1169 1535 1168 1535 1090 1536 1168 1536 1091 1536 1091 1537 1168 1537 1092 1537 1092 1538 1168 1538 1167 1538 1092 1539 1167 1539 1093 1539 1093 1540 1167 1540 1166 1540 1093 538 1166 538 1094 538 1094 1541 1166 1541 1165 1541 1094 538 1165 538 1095 538 1095 1542 1165 1542 1164 1542 1095 538 1164 538 1096 538 1096 1543 1164 1543 1163 1543 1096 1544 1163 1544 1162 1544 1161 538 1177 538 1162 538 1162 1545 1177 1545 1178 1545 1162 1546 1178 1546 1097 1546 1097 538 1178 538 1098 538 1098 538 1178 538 1099 538 1099 538 1178 538 1100 538 1100 538 1178 538 1101 538 1101 538 1178 538 1102 538 1102 538 1178 538 1103 538 1103 1547 1178 1547 1104 1547 1104 538 1178 538 1105 538 1105 538 1178 538 1106 538 1106 538 1178 538 1107 538 1107 538 1178 538 1108 538 1108 538 1178 538 1176 538 1108 538 1176 538 1135 538 1135 538 1176 538 1136 538 1136 538 1176 538 1137 538 1137 538 1176 538 1138 538 1138 538 1176 538 1139 538 1139 538 1176 538 1140 538 1140 1548 1176 1548 1141 1548 1141 538 1176 538 1142 538 1142 538 1176 538 1143 538 1143 538 1176 538 1113 538 1113 538 1176 538 1114 538 1114 538 1176 538 1115 538 1115 538 1176 538 1116 538 1116 538 1176 538 1081 538 1116 1549 1081 1549 1079 1549 1161 538 1160 538 1177 538 1177 1550 1160 1550 1159 1550 1177 1551 1159 1551 1158 1551 1158 538 1157 538 1177 538 1177 1552 1157 1552 1156 1552 1177 1553 1156 1553 1155 1553 1155 538 1154 538 1177 538 1177 1554 1154 1554 1153 1554 1177 1555 1153 1555 1152 1555 1152 538 1151 538 1177 538 1108 538 1135 538 1109 538 1109 538 1135 538 1134 538 1109 538 1134 538 1110 538 1110 538 1134 538 1133 538 1110 1556 1133 1556 1111 1556 1111 538 1133 538 1132 538 1111 538 1132 538 1112 538 1112 538 1132 538 1131 538 1112 538 1131 538 1082 538 1082 538 1131 538 1130 538 1082 538 1130 538 1083 538 1083 538 1130 538 1129 538 1083 538 1129 538 1084 538 1084 538 1129 538 1128 538 1084 538 1128 538 1085 538 1085 538 1128 538 1127 538 1085 538 1127 538 1086 538 1086 538 1127 538 1126 538 1061 1557 1126 1557 1063 1557 1063 1558 1126 1558 1125 1558 1063 1559 1125 1559 1065 1559 1065 1560 1125 1560 1124 1560 1065 1561 1124 1561 1067 1561 1067 1562 1124 1562 1123 1562 1067 1563 1123 1563 1069 1563 1069 1564 1123 1564 1122 1564 1069 1565 1122 1565 1121 1565 1069 538 1121 538 1071 538 1071 1566 1121 1566 1120 1566 1071 538 1120 538 1073 538 1073 1567 1120 1567 1119 1567 1073 538 1119 538 1075 538 1075 1568 1119 1568 1118 1568 1075 1569 1118 1569 1077 1569 1077 1570 1118 1570 1117 1570 1077 1571 1117 1571 1079 1571 1079 1572 1117 1572 1116 1572 1097 538 1096 538 1162 538 1025 538 1023 538 1175 538 1175 1573 1023 1573 1021 1573 1175 1574 1021 1574 1081 1574 1043 538 1041 538 1175 538 1175 1575 1041 1575 1039 1575 1175 1576 1039 1576 1037 1576 1037 538 1035 538 1175 538 1175 1577 1035 1577 1033 1577 1175 1578 1033 1578 1031 1578 1031 538 1029 538 1175 538 1175 1579 1029 1579 1027 1579 1175 1580 1027 1580 1025 1580 1176 1581 1175 1581 1081 1581</p>
        </triangles>
      </mesh>
    </geometry>
  </library_geometries>
  <library_visual_scenes>
    <visual_scene id="Scene" name="Scene">
      <node id="node_001" name="node.001" type="NODE">
        <matrix sid="transform">0.001 0 0 0 0 0.001 0 0 0 0 0.001 0.04 0 0 0 1</matrix>
        <instance_geometry url="#shape0_003-mesh" name="node.001">
          <bind_material>
            <technique_common>
              <instance_material symbol="BLUE_002-material" target="#BLUE_002-material"/>
              <instance_material symbol="BLACK_001-material" target="#BLACK_001-material"/>
            </technique_common>
          </bind_material>
        </instance_geometry>
      </node>
    </visual_scene>
  </library_visual_scenes>
  <scene>
    <instance_visual_scene url="#Scene"/>
  </scene>
</COLLADA>