<?xml version="1.0" encoding="utf-8"?>
<COLLADA xmlns="http://www.collada.org/2005/11/COLLADASchema" version="1.4.1" xmlns:xsi="http://www.w3.org/2001/XMLSchema-instance">
  <asset>
    <contributor>
      <author>Blender User</author>
      <authoring_tool>Blender 4.3.2 commit date:2024-12-16, commit time:21:10, hash:32f5fdce0a0a</authoring_tool>
    </contributor>
    <created>2024-12-20T15:13:04</created>
    <modified>2024-12-20T15:13:04</modified>
    <unit name="meter" meter="1"/>
    <up_axis>Z_UP</up_axis>
  </asset>
  <library_effects>
    <effect id="Material_006-effect">
      <profile_COMMON>
        <technique sid="common">
          <lambert>
            <emission>
              <color sid="emission">0 0 0 1</color>
            </emission>
            <diffuse>
              <color sid="diffuse">0.02037806 0.02037806 0.02037806 1</color>
            </diffuse>
            <index_of_refraction>
              <float sid="ior">1.45</float>
            </index_of_refraction>
          </lambert>
        </technique>
      </profile_COMMON>
    </effect>
  </library_effects>
  <library_images/>
  <library_materials>
    <material id="Material_006-material" name="Material.006">
      <instance_effect url="#Material_006-effect"/>
    </material>
  </library_materials>
  <library_geometries>
    <geometry id="Cube_001-mesh" name="Cube.001">
      <mesh>
        <source id="Cube_001-mesh-positions">
          <float_array id="Cube_001-mesh-positions-array" count="24">-1.19209e-7 -1.19209e-7 -1.19209e-7 -1.19209e-7 -1.19209e-7 2 -1.19209e-7 2 -1.19209e-7 -1.19209e-7 2 2 2 -1.19209e-7 -1.19209e-7 2 -1.19209e-7 2 2 2 -1.19209e-7 2 2 2</float_array>
          <technique_common>
            <accessor source="#Cube_001-mesh-positions-array" count="8" stride="3">
              <param name="X" type="float"/>
              <param name="Y" type="float"/>
              <param name="Z" type="float"/>
            </accessor>
          </technique_common>
        </source>
        <source id="Cube_001-mesh-normals">
          <float_array id="Cube_001-mesh-normals-array" count="36">-1 0 0 0 1 0 1 0 0 0 -1 0 0 0 -1 0 0 1 -1 0 0 0 1 0 1 0 0 0 -1 0 0 0 -1 0 0 1</float_array>
          <technique_common>
            <accessor source="#Cube_001-mesh-normals-array" count="12" stride="3">
              <param name="X" type="float"/>
              <param name="Y" type="float"/>
              <param name="Z" type="float"/>
            </accessor>
          </technique_common>
        </source>
        <source id="Cube_001-mesh-map-0">
          <float_array id="Cube_001-mesh-map-0-array" count="72">0.625 0 0.375 0.25 0.375 0 0.625 0.25 0.375 0.5 0.375 0.25 0.625 0.5 0.375 0.75 0.375 0.5 0.625 0.75 0.375 1 0.375 0.75 0.375 0.5 0.125 0.75 0.125 0.5 0.875 0.5 0.625 0.75 0.625 0.5 0.625 0 0.625 0.25 0.375 0.25 0.625 0.25 0.625 0.5 0.375 0.5 0.625 0.5 0.625 0.75 0.375 0.75 0.625 0.75 0.625 1 0.375 1 0.375 0.5 0.375 0.75 0.125 0.75 0.875 0.5 0.875 0.75 0.625 0.75</float_array>
          <technique_common>
            <accessor source="#Cube_001-mesh-map-0-array" count="36" stride="2">
              <param name="S" type="float"/>
              <param name="T" type="float"/>
            </accessor>
          </technique_common>
        </source>
        <vertices id="Cube_001-mesh-vertices">
          <input semantic="POSITION" source="#Cube_001-mesh-positions"/>
        </vertices>
        <triangles count="12">
          <input semantic="VERTEX" source="#Cube_001-mesh-vertices" offset="0"/>
          <input semantic="NORMAL" source="#Cube_001-mesh-normals" offset="1"/>
          <input semantic="TEXCOORD" source="#Cube_001-mesh-map-0" offset="2" set="0"/>
          <p>1 0 0 2 0 1 0 0 2 3 1 3 6 1 4 2 1 5 7 2 6 4 2 7 6 2 8 5 3 9 0 3 10 4 3 11 6 4 12 0 4 13 2 4 14 3 5 15 5 5 16 7 5 17 1 6 18 3 6 19 2 6 20 3 7 21 7 7 22 6 7 23 7 8 24 5 8 25 4 8 26 5 9 27 1 9 28 0 9 29 6 10 30 4 10 31 0 10 32 3 11 33 1 11 34 5 11 35</p>
        </triangles>
      </mesh>
    </geometry>
    <geometry id="shape0_006-mesh" name="shape0.006">
      <mesh>
        <source id="shape0_006-mesh-positions">
          <float_array id="shape0_006-mesh-positions-array" count="9276">11.3948 7 73.9674 11.3948 10 73.9674 11.5 7 73 11.5 10 73 11.3948 7 72.0326 11.3948 10 72.0326 11.0841 7 71.1105 11.0841 10 71.1105 10.5824 7 70.2767 10.5824 10 70.2767 9.91324 7 69.5703 9.91324 10 69.5703 9.10784 7 69.0242 9.10784 10 69.0242 8.20388 7 68.664 8.20388 10 68.664 7.24363 7 68.5066 7.24363 10 68.5066 6.27198 7 68.5593 6.27198 10 68.5593 5.33438 7 68.8196 5.33438 10 68.8196 4.47466 7 69.2754 4.47466 10 69.2754 3.73302 7 69.9053 3.73302 10 69.9053 3.14414 7 70.68 3.14414 10 70.68 2.73556 7 71.5631 2.73556 10 71.5631 2.52638 7 72.5135 2.52638 10 72.5135 2.52638 7 73.4865 2.52638 10 73.4865 2.73556 7 74.4369 2.73556 10 74.4369 3.14414 7 75.32 3.14414 10 75.32 3.73302 7 76.0947 3.73302 10 76.0947 4.47466 7 76.7246 4.47466 10 76.7246 5.33438 7 77.1804 5.33438 10 77.1804 6.27198 7 77.4407 6.27198 10 77.4407 7.24363 7 77.4934 7.24363 10 77.4934 8.20388 7 77.33601 8.20388 10 77.33601 9.10784 7 76.9758 9.10784 10 76.9758 9.91324 7 76.4297 9.91324 10 76.4297 10.5824 7 75.7233 10.5824 10 75.7233 11.0841 7 74.8895 11.0841 10 74.8895 137.395 7 73.9674 137.395 10 73.9674 137.5 7 73 137.5 10 73 137.395 7 72.0326 137.395 10 72.0326 137.084 7 71.1105 137.084 10 71.1105 136.582 7 70.2767 136.582 10 70.2767 135.913 7 69.5703 135.913 10 69.5703 135.108 7 69.0242 135.108 10 69.0242 134.204 7 68.664 134.204 10 68.664 133.244 7 68.5066 133.244 10 68.5066 132.272 7 68.5593 132.272 10 68.5593 131.334 7 68.8196 131.334 10 68.8196 130.475 7 69.2754 130.475 10 69.2754 129.733 7 69.9053 129.733 10 69.9053 129.144 7 70.68 129.144 10 70.68 128.736 7 71.5631 128.736 10 71.5631 128.526 7 72.5135 128.526 10 72.5135 128.526 7 73.4865 128.526 10 73.4865 128.736 7 74.4369 128.736 10 74.4369 129.144 7 75.32 129.144 10 75.32 129.733 7 76.0947 129.733 10 76.0947 130.475 7 76.7246 130.475 10 76.7246 131.334 7 77.1804 131.334 10 77.1804 132.272 7 77.4407 132.272 10 77.4407 133.244 7 77.4934 133.244 10 77.4934 134.204 7 77.33601 134.204 10 77.33601 135.108 7 76.9758 135.108 10 76.9758 135.913 7 76.4297 135.913 10 76.4297 136.582 7 75.7233 136.582 10 75.7233 137.084 7 74.8895 137.084 10 74.8895 11.3948 7 50.9674 11.3948 10 50.9674 11.5 7 50 11.5 10 50 11.3948 7 49.0326 11.3948 10 49.0326 11.0841 7 48.1105 11.0841 10 48.1105 10.5824 7 47.2767 10.5824 10 47.2767 9.91324 7 46.5703 9.91324 10 46.5703 9.10784 7 46.0242 9.10784 10 46.0242 8.20388 7 45.664 8.20388 10 45.664 7.24363 7 45.5066 7.24363 10 45.5066 6.27198 7 45.5593 6.27198 10 45.5593 5.33438 7 45.8196 5.33438 10 45.8196 4.47466 7 46.2754 4.47466 10 46.2754 3.73302 7 46.9054 3.73302 10 46.9054 3.14414 7 47.68 3.14414 10 47.68 2.73556 7 48.5631 2.73556 10 48.5631 2.52638 7 49.5135 2.52638 10 49.5135 2.52638 7 50.4865 2.52638 10 50.4865 2.73556 7 51.4369 2.73556 10 51.4369 3.14414 7 52.32 3.14414 10 52.32 3.73302 7 53.0946 3.73302 10 53.0946 4.47466 7 53.7246 4.47466 10 53.7246 5.33438 7 54.1804 5.33438 10 54.1804 6.27198 7 54.4407 6.27198 10 54.4407 7.24363 7 54.4934 7.24363 10 54.4934 8.20388 7 54.336 8.20388 10 54.336 9.10784 7 53.9758 9.10784 10 53.9758 9.91324 7 53.4297 9.91324 10 53.4297 10.5824 7 52.7233 10.5824 10 52.7233 11.0841 7 51.8895 11.0841 10 51.8895 137.395 7 27.9674 137.395 10 27.9674 137.5 7 27 137.5 10 27 137.395 7 26.0326 137.395 10 26.0326 137.084 7 25.1105 137.084 10 25.1105 136.582 7 24.2767 136.582 10 24.2767 135.913 7 23.5703 135.913 10 23.5703 135.108 7 23.0242 135.108 10 23.0242 134.204 7 22.664 134.204 10 22.664 133.244 7 22.5066 133.244 10 22.5066 132.272 7 22.5593 132.272 10 22.5593 131.334 7 22.8196 131.334 10 22.8196 130.475 7 23.2754 130.475 10 23.2754 129.733 7 23.9054 129.733 10 23.9054 129.144 7 24.68 129.144 10 24.68 128.736 7 25.5631 128.736 10 25.5631 128.526 7 26.5135 128.526 10 26.5135 128.526 7 27.4865 128.526 10 27.4865 128.736 7 28.4369 128.736 10 28.4369 129.144 7 29.32 129.144 10 29.32 129.733 7 30.0946 129.733 10 30.0946 130.475 7 30.7246 130.475 10 30.7246 131.334 7 31.1804 131.334 10 31.1804 132.272 7 31.4407 132.272 10 31.4407 133.244 7 31.4934 133.244 10 31.4934 134.204 7 31.336 134.204 10 31.336 135.108 7 30.9758 135.108 10 30.9758 135.913 7 30.4297 135.913 10 30.4297 136.582 7 29.7233 136.582 10 29.7233 137.084 7 28.8895 137.084 10 28.8895 137.395 7 50.9674 137.395 10 50.9674 137.5 7 50 137.5 10 50 137.395 7 49.0326 137.395 10 49.0326 137.084 7 48.1105 137.084 10 48.1105 136.582 7 47.2767 136.582 10 47.2767 135.913 7 46.5703 135.913 10 46.5703 135.108 7 46.0242 135.108 10 46.0242 134.204 7 45.664 134.204 10 45.664 133.244 7 45.5066 133.244 10 45.5066 132.272 7 45.5593 132.272 10 45.5593 131.334 7 45.8196 131.334 10 45.8196 130.475 7 46.2754 130.475 10 46.2754 129.733 7 46.9054 129.733 10 46.9054 129.144 7 47.68 129.144 10 47.68 128.736 7 48.5631 128.736 10 48.5631 128.526 7 49.5135 128.526 10 49.5135 128.526 7 50.4865 128.526 10 50.4865 128.736 7 51.4369 128.736 10 51.4369 129.144 7 52.32 129.144 10 52.32 129.733 7 53.0946 129.733 10 53.0946 130.475 7 53.7246 130.475 10 53.7246 131.334 7 54.1804 131.334 10 54.1804 132.272 7 54.4407 132.272 10 54.4407 133.244 7 54.4934 133.244 10 54.4934 134.204 7 54.336 134.204 10 54.336 135.108 7 53.9758 135.108 10 53.9758 135.913 7 53.4297 135.913 10 53.4297 136.582 7 52.7233 136.582 10 52.7233 137.084 7 51.8895 137.084 10 51.8895 11.3948 7 27.9674 11.3948 10 27.9674 11.5 7 27 11.5 10 27 11.3948 7 26.0326 11.3948 10 26.0326 11.0841 7 25.1105 11.0841 10 25.1105 10.5824 7 24.2767 10.5824 10 24.2767 9.91324 7 23.5703 9.91324 10 23.5703 9.10784 7 23.0242 9.10784 10 23.0242 8.20388 7 22.664 8.20388 10 22.664 7.24363 7 22.5066 7.24363 10 22.5066 6.27198 7 22.5593 6.27198 10 22.5593 5.33438 7 22.8196 5.33438 10 22.8196 4.47466 7 23.2754 4.47466 10 23.2754 3.73302 7 23.9054 3.73302 10 23.9054 3.14414 7 24.68 3.14414 10 24.68 2.73556 7 25.5631 2.73556 10 25.5631 2.52638 7 26.5135 2.52638 10 26.5135 2.52638 7 27.4865 2.52638 10 27.4865 2.73556 7 28.4369 2.73556 10 28.4369 3.14414 7 29.32 3.14414 10 29.32 3.73302 7 30.0946 3.73302 10 30.0946 4.47466 7 30.7246 4.47466 10 30.7246 5.33438 7 31.1804 5.33438 10 31.1804 6.27198 7 31.4407 6.27198 10 31.4407 7.24363 7 31.4934 7.24363 10 31.4934 8.20388 7 31.336 8.20388 10 31.336 9.10784 7 30.9758 9.10784 10 30.9758 9.91324 7 30.4297 9.91324 10 30.4297 10.5824 7 29.7233 10.5824 10 29.7233 11.0841 7 28.8895 11.0841 10 28.8895 130.893 3 63.0309 130.893 10 63.0309 131 3 61.5 131 10 61.5 130.893 3 59.9691 130.893 10 59.9691 130.574 3 58.468 130.574 10 58.468 130.049 3 57.0259 130.049 10 57.0259 129.329 3 55.6709 129.329 10 55.6709 128.426 3 54.4293 128.426 10 54.4293 127.36 3 53.3254 127.36 10 53.3254 126.151 3 52.3806 126.151 10 52.3806 124.822 3 51.6133 124.822 10 51.6133 123.399 3 51.0384 123.399 10 51.0384 121.91 3 50.6671 121.91 10 50.6671 120.384 3 50.5067 120.384 10 50.5067 118.85 3 50.5603 118.85 10 50.5603 117.339 3 50.8267 117.339 10 50.8267 115.879 3 51.301 115.879 10 51.301 114.5 3 51.9737 114.5 10 51.9737 113.228 3 52.8319 113.228 10 52.8319 112.087 3 53.8588 112.087 10 53.8588 111.101 3 55.0344 111.101 10 55.0344 110.288 3 56.3358 110.288 10 56.3358 109.663 3 57.7378 109.663 10 57.7378 109.24 3 59.213 109.24 10 59.213 109.027 3 60.7327 109.027 10 60.7327 109.027 3 62.2673 109.027 10 62.2673 109.24 3 63.787 109.24 10 63.787 109.663 3 65.2622 109.663 10 65.2622 110.288 3 66.6642 110.288 10 66.6642 111.101 3 67.9656 111.101 10 67.9656 112.087 3 69.1412 112.087 10 69.1412 113.228 3 70.1681 113.228 10 70.1681 114.5 3 71.0263 114.5 10 71.0263 115.879 3 71.69901 115.879 10 71.69901 117.339 3 72.1733 117.339 10 72.1733 118.85 3 72.4397 118.85 10 72.4397 120.384 3 72.4933 120.384 10 72.4933 121.91 3 72.3329 121.91 10 72.3329 123.399 3 71.9616 123.399 10 71.9616 124.822 3 71.3867 124.822 10 71.3867 126.151 3 70.6194 126.151 10 70.6194 127.36 3 69.6746 127.36 10 69.6746 128.426 3 68.5707 128.426 10 68.5707 129.329 3 67.3291 129.329 10 67.3291 130.049 3 65.9741 130.049 10 65.9741 130.574 3 64.53201 130.574 10 64.53201 30.8929 3 17.0309 30.8929 10 17.0309 31 3 15.5 31 10 15.5 30.8929 3 13.9691 30.8929 10 13.9691 30.5739 3 12.468 30.5739 10 12.468 30.049 3 11.0259 30.049 10 11.0259 29.3285 3 9.67089 29.3285 10 9.67089 28.4265 3 8.42934 28.4265 10 8.42934 27.3604 3 7.32541 27.3604 10 7.32541 26.1511 3 6.38059 26.1511 10 6.38059 24.8221 3 5.61327 24.8221 10 5.61327 23.3992 3 5.03838 23.3992 10 5.03838 21.9101 3 4.66711 21.9101 10 4.66711 20.3839 3 4.5067 20.3839 10 4.5067 18.8502 3 4.56026 18.8502 10 4.56026 17.3389 3 4.82675 17.3389 10 4.82675 15.8793 3 5.30098 15.8793 10 5.30098 14.5 3 5.97372 14.5 10 5.97372 13.2277 3 6.83188 13.2277 10 6.83188 12.0873 3 7.85876 12.0873 10 7.85876 11.1008 3 9.03436 11.1008 10 9.03436 10.2876 3 10.3358 10.2876 10 10.3358 9.66338 3 11.7378 9.66338 10 11.7378 9.24038 3 13.213 9.24038 10 13.213 9.026802 3 14.7327 9.026802 10 14.7327 9.026802 3 16.2673 9.026802 10 16.2673 9.24038 3 17.787 9.24038 10 17.787 9.66338 3 19.2622 9.66338 10 19.2622 10.2876 3 20.6642 10.2876 10 20.6642 11.1008 3 21.9656 11.1008 10 21.9656 12.0873 3 23.1412 12.0873 10 23.1412 13.2277 3 24.1681 13.2277 10 24.1681 14.5 3 25.0263 14.5 10 25.0263 15.8793 3 25.699 15.8793 10 25.699 17.3389 3 26.1733 17.3389 10 26.1733 18.8502 3 26.4397 18.8502 10 26.4397 20.3839 3 26.4933 20.3839 10 26.4933 21.9101 3 26.3329 21.9101 10 26.3329 23.3992 3 25.9616 23.3992 10 25.9616 24.8221 3 25.3867 24.8221 10 25.3867 26.1511 3 24.6194 26.1511 10 24.6194 27.3604 3 23.6746 27.3604 10 23.6746 28.4265 3 22.5707 28.4265 10 22.5707 29.3285 3 21.3291 29.3285 10 21.3291 30.049 3 19.9741 30.049 10 19.9741 30.5739 3 18.532 30.5739 10 18.532 80.89301 3 63.0309 80.89301 10 63.0309 81 3 61.5 81 10 61.5 80.89301 3 59.9691 80.89301 10 59.9691 80.5739 3 58.468 80.5739 10 58.468 80.04901 3 57.0259 80.04901 10 57.0259 79.3285 3 55.6709 79.3285 10 55.6709 78.4265 3 54.4293 78.4265 10 54.4293 77.3604 3 53.3254 77.3604 10 53.3254 76.1511 3 52.3806 76.1511 10 52.3806 74.8221 3 51.6133 74.8221 10 51.6133 73.3992 3 51.0384 73.3992 10 51.0384 71.9101 3 50.6671 71.9101 10 50.6671 70.3839 3 50.5067 70.3839 10 50.5067 68.8502 3 50.5603 68.8502 10 50.5603 67.3389 3 50.8267 67.3389 10 50.8267 65.8793 3 51.301 65.8793 10 51.301 64.5 3 51.9737 64.5 10 51.9737 63.2277 3 52.8319 63.2277 10 52.8319 62.0873 3 53.8588 62.0873 10 53.8588 61.1008 3 55.0344 61.1008 10 55.0344 60.2876 3 56.3358 60.2876 10 56.3358 59.6634 3 57.7378 59.6634 10 57.7378 59.2404 3 59.213 59.2404 10 59.213 59.0268 3 60.7327 59.0268 10 60.7327 59.0268 3 62.2673 59.0268 10 62.2673 59.2404 3 63.787 59.2404 10 63.787 59.6634 3 65.2622 59.6634 10 65.2622 60.2876 3 66.6642 60.2876 10 66.6642 61.1008 3 67.9656 61.1008 10 67.9656 62.0873 3 69.1412 62.0873 10 69.1412 63.2277 3 70.1681 63.2277 10 70.1681 64.5 3 71.0263 64.5 10 71.0263 65.8793 3 71.69901 65.8793 10 71.69901 67.3389 3 72.1733 67.3389 10 72.1733 68.8502 3 72.4397 68.8502 10 72.4397 70.3839 3 72.4933 70.3839 10 72.4933 71.9101 3 72.3329 71.9101 10 72.3329 73.3992 3 71.9616 73.3992 10 71.9616 74.8221 3 71.3867 74.8221 10 71.3867 76.1511 3 70.6194 76.1511 10 70.6194 77.3604 3 69.6746 77.3604 10 69.6746 78.4265 3 68.5707 78.4265 10 68.5707 79.3285 3 67.3291 79.3285 10 67.3291 80.04901 3 65.9741 80.04901 10 65.9741 80.5739 3 64.53201 80.5739 10 64.53201 55.8929 3 76.0309 55.8929 10 76.0309 56 3 74.5 56 10 74.5 55.8929 3 72.9691 55.8929 10 72.9691 55.5739 3 71.468 55.5739 10 71.468 55.049 3 70.0259 55.049 10 70.0259 54.3285 3 68.6709 54.3285 10 68.6709 53.4265 3 67.4293 53.4265 10 67.4293 52.3604 3 66.3254 52.3604 10 66.3254 51.1511 3 65.3806 51.1511 10 65.3806 49.8221 3 64.6133 49.8221 10 64.6133 48.3992 3 64.0384 48.3992 10 64.0384 46.9101 3 63.6671 46.9101 10 63.6671 45.3839 3 63.5067 45.3839 10 63.5067 43.8502 3 63.5603 43.8502 10 63.5603 42.3389 3 63.8267 42.3389 10 63.8267 40.8793 3 64.30101 40.8793 10 64.30101 39.5 3 64.9737 39.5 10 64.9737 38.2277 3 65.8319 38.2277 10 65.8319 37.0873 3 66.8588 37.0873 10 66.8588 36.1008 3 68.0344 36.1008 10 68.0344 35.2876 3 69.3358 35.2876 10 69.3358 34.6634 3 70.7378 34.6634 10 70.7378 34.2404 3 72.21301 34.2404 10 72.21301 34.0268 3 73.7327 34.0268 10 73.7327 34.0268 3 75.2673 34.0268 10 75.2673 34.2404 3 76.78701 34.2404 10 76.78701 34.6634 3 78.2622 34.6634 10 78.2622 35.2876 3 79.6642 35.2876 10 79.6642 36.1008 3 80.9656 36.1008 10 80.9656 37.0873 3 82.1412 37.0873 10 82.1412 38.2277 3 83.1681 38.2277 10 83.1681 39.5 3 84.0263 39.5 10 84.0263 40.8793 3 84.69901 40.8793 10 84.69901 42.3389 3 85.1733 42.3389 10 85.1733 43.8502 3 85.4397 43.8502 10 85.4397 45.3839 3 85.4933 45.3839 10 85.4933 46.9101 3 85.3329 46.9101 10 85.3329 48.3992 3 84.9616 48.3992 10 84.9616 49.8221 3 84.3867 49.8221 10 84.3867 51.1511 3 83.6194 51.1511 10 83.6194 52.3604 3 82.6746 52.3604 10 82.6746 53.4265 3 81.5707 53.4265 10 81.5707 54.3285 3 80.3291 54.3285 10 80.3291 55.049 3 78.9741 55.049 10 78.9741 55.5739 3 77.53201 55.5739 10 77.53201 130.893 3 86.0309 130.893 10 86.0309 131 3 84.5 131 10 84.5 130.893 3 82.9691 130.893 10 82.9691 130.574 3 81.468 130.574 10 81.468 130.049 3 80.0259 130.049 10 80.0259 129.329 3 78.6709 129.329 10 78.6709 128.426 3 77.4293 128.426 10 77.4293 127.36 3 76.3254 127.36 10 76.3254 126.151 3 75.3806 126.151 10 75.3806 124.822 3 74.6133 124.822 10 74.6133 123.399 3 74.0384 123.399 10 74.0384 121.91 3 73.6671 121.91 10 73.6671 120.384 3 73.5067 120.384 10 73.5067 118.85 3 73.5603 118.85 10 73.5603 117.339 3 73.8267 117.339 10 73.8267 115.879 3 74.30101 115.879 10 74.30101 114.5 3 74.9737 114.5 10 74.9737 113.228 3 75.8319 113.228 10 75.8319 112.087 3 76.8588 112.087 10 76.8588 111.101 3 78.0344 111.101 10 78.0344 110.288 3 79.3358 110.288 10 79.3358 109.663 3 80.7378 109.663 10 80.7378 109.24 3 82.21301 109.24 10 82.21301 109.027 3 83.7327 109.027 10 83.7327 109.027 3 85.2673 109.027 10 85.2673 109.24 3 86.78701 109.24 10 86.78701 109.663 3 88.2622 109.663 10 88.2622 110.288 3 89.6642 110.288 10 89.6642 111.101 3 90.9656 111.101 10 90.9656 112.087 3 92.1412 112.087 10 92.1412 113.228 3 93.1681 113.228 10 93.1681 114.5 3 94.0263 114.5 10 94.0263 115.879 3 94.69901 115.879 10 94.69901 117.339 3 95.1733 117.339 10 95.1733 118.85 3 95.4397 118.85 10 95.4397 120.384 3 95.4933 120.384 10 95.4933 121.91 3 95.3329 121.91 10 95.3329 123.399 3 94.9616 123.399 10 94.9616 124.822 3 94.3867 124.822 10 94.3867 126.151 3 93.6194 126.151 10 93.6194 127.36 3 92.6746 127.36 10 92.6746 128.426 3 91.5707 128.426 10 91.5707 129.329 3 90.3291 129.329 10 90.3291 130.049 3 88.9741 130.049 10 88.9741 130.574 3 87.53201 130.574 10 87.53201 31.0529 3 86.0309 31.0529 10 86.0309 31.1599 3 84.5 31.1599 10 84.5 31.0529 3 82.9691 31.0529 10 82.9691 30.7338 3 81.468 30.7338 10 81.468 30.2089 3 80.0259 30.2089 10 80.0259 29.4885 3 78.6709 29.4885 10 78.6709 28.5864 3 77.4293 28.5864 10 77.4293 27.5204 3 76.3254 27.5204 10 76.3254 26.3111 3 75.3806 26.3111 10 75.3806 24.982 3 74.6133 24.982 10 74.6133 23.5591 3 74.0384 23.5591 10 74.0384 22.0701 3 73.6671 22.0701 10 73.6671 20.5438 3 73.5067 20.5438 10 73.5067 19.0101 3 73.5603 19.0101 10 73.5603 17.4988 3 73.8267 17.4988 10 73.8267 16.0393 3 74.30101 16.0393 10 74.30101 14.6599 3 74.9737 14.6599 10 74.9737 13.3877 3 75.8319 13.3877 10 75.8319 12.2472 3 76.8588 12.2472 10 76.8588 11.2608 3 78.0344 11.2608 10 78.0344 10.4475 3 79.3358 10.4475 10 79.3358 9.82333 3 80.7378 9.82333 10 80.7378 9.400321 3 82.21301 9.400321 10 82.21301 9.18674 3 83.7327 9.18674 10 83.7327 9.18674 3 85.2673 9.18674 10 85.2673 9.400321 3 86.78701 9.400321 10 86.78701 9.82333 3 88.2622 9.82333 10 88.2622 10.4475 3 89.6642 10.4475 10 89.6642 11.2608 3 90.9656 11.2608 10 90.9656 12.2472 3 92.1412 12.2472 10 92.1412 13.3877 3 93.1681 13.3877 10 93.1681 14.6599 3 94.0263 14.6599 10 94.0263 16.0393 3 94.69901 16.0393 10 94.69901 17.4988 3 95.1733 17.4988 10 95.1733 19.0101 3 95.4397 19.0101 10 95.4397 20.5438 3 95.4933 20.5438 10 95.4933 22.0701 3 95.3329 22.0701 10 95.3329 23.5591 3 94.9616 23.5591 10 94.9616 24.982 3 94.3867 24.982 10 94.3867 26.3111 3 93.6194 26.3111 10 93.6194 27.5204 3 92.6746 27.5204 10 92.6746 28.5864 3 91.5707 28.5864 10 91.5707 29.4885 3 90.3291 29.4885 10 90.3291 30.2089 3 88.9741 30.2089 10 88.9741 30.7338 3 87.53201 30.7338 10 87.53201 80.89301 3 40.0309 80.89301 10 40.0309 81 3 38.5 81 10 38.5 80.89301 3 36.9691 80.89301 10 36.9691 80.5739 3 35.468 80.5739 10 35.468 80.04901 3 34.0259 80.04901 10 34.0259 79.3285 3 32.6709 79.3285 10 32.6709 78.4265 3 31.4293 78.4265 10 31.4293 77.3604 3 30.3254 77.3604 10 30.3254 76.1511 3 29.3806 76.1511 10 29.3806 74.8221 3 28.6133 74.8221 10 28.6133 73.3992 3 28.0384 73.3992 10 28.0384 71.9101 3 27.6671 71.9101 10 27.6671 70.3839 3 27.5067 70.3839 10 27.5067 68.8502 3 27.5603 68.8502 10 27.5603 67.3389 3 27.8267 67.3389 10 27.8267 65.8793 3 28.301 65.8793 10 28.301 64.5 3 28.9737 64.5 10 28.9737 63.2277 3 29.8319 63.2277 10 29.8319 62.0873 3 30.8588 62.0873 10 30.8588 61.1008 3 32.0344 61.1008 10 32.0344 60.2876 3 33.3358 60.2876 10 33.3358 59.6634 3 34.7378 59.6634 10 34.7378 59.2404 3 36.213 59.2404 10 36.213 59.0268 3 37.7327 59.0268 10 37.7327 59.0268 3 39.2673 59.0268 10 39.2673 59.2404 3 40.787 59.2404 10 40.787 59.6634 3 42.2622 59.6634 10 42.2622 60.2876 3 43.6642 60.2876 10 43.6642 61.1008 3 44.9656 61.1008 10 44.9656 62.0873 3 46.1412 62.0873 10 46.1412 63.2277 3 47.1681 63.2277 10 47.1681 64.5 3 48.0263 64.5 10 48.0263 65.8793 3 48.699 65.8793 10 48.699 67.3389 3 49.1733 67.3389 10 49.1733 68.8502 3 49.4397 68.8502 10 49.4397 70.3839 3 49.4933 70.3839 10 49.4933 71.9101 3 49.3329 71.9101 10 49.3329 73.3992 3 48.9616 73.3992 10 48.9616 74.8221 3 48.3867 74.8221 10 48.3867 76.1511 3 47.6194 76.1511 10 47.6194 77.3604 3 46.6746 77.3604 10 46.6746 78.4265 3 45.5707 78.4265 10 45.5707 79.3285 3 44.3291 79.3285 10 44.3291 80.04901 3 42.9741 80.04901 10 42.9741 80.5739 3 41.532 80.5739 10 41.532 80.89301 3 17.0309 80.89301 10 17.0309 81 3 15.5 81 10 15.5 80.89301 3 13.9691 80.89301 10 13.9691 80.5739 3 12.468 80.5739 10 12.468 80.04901 3 11.0259 80.04901 10 11.0259 79.3285 3 9.67089 79.3285 10 9.67089 78.4265 3 8.42934 78.4265 10 8.42934 77.3604 3 7.32541 77.3604 10 7.32541 76.1511 3 6.38059 76.1511 10 6.38059 74.8221 3 5.61327 74.8221 10 5.61327 73.3992 3 5.03838 73.3992 10 5.03838 71.9101 3 4.66711 71.9101 10 4.66711 70.3839 3 4.5067 70.3839 10 4.5067 68.8502 3 4.56026 68.8502 10 4.56026 67.3389 3 4.82675 67.3389 10 4.82675 65.8793 3 5.30098 65.8793 10 5.30098 64.5 3 5.97372 64.5 10 5.97372 63.2277 3 6.83188 63.2277 10 6.83188 62.0873 3 7.85876 62.0873 10 7.85876 61.1008 3 9.03436 61.1008 10 9.03436 60.2876 3 10.3358 60.2876 10 10.3358 59.6634 3 11.7378 59.6634 10 11.7378 59.2404 3 13.213 59.2404 10 13.213 59.0268 3 14.7327 59.0268 10 14.7327 59.0268 3 16.2673 59.0268 10 16.2673 59.2404 3 17.787 59.2404 10 17.787 59.6634 3 19.2622 59.6634 10 19.2622 60.2876 3 20.6642 60.2876 10 20.6642 61.1008 3 21.9656 61.1008 10 21.9656 62.0873 3 23.1412 62.0873 10 23.1412 63.2277 3 24.1681 63.2277 10 24.1681 64.5 3 25.0263 64.5 10 25.0263 65.8793 3 25.699 65.8793 10 25.699 67.3389 3 26.1733 67.3389 10 26.1733 68.8502 3 26.4397 68.8502 10 26.4397 70.3839 3 26.4933 70.3839 10 26.4933 71.9101 3 26.3329 71.9101 10 26.3329 73.3992 3 25.9616 73.3992 10 25.9616 74.8221 3 25.3867 74.8221 10 25.3867 76.1511 3 24.6194 76.1511 10 24.6194 77.3604 3 23.6746 77.3604 10 23.6746 78.4265 3 22.5707 78.4265 10 22.5707 79.3285 3 21.3291 79.3285 10 21.3291 80.04901 3 19.9741 80.04901 10 19.9741 80.5739 3 18.532 80.5739 10 18.532 130.893 3 40.0309 130.893 10 40.0309 131 3 38.5 131 10 38.5 130.893 3 36.9691 130.893 10 36.9691 130.574 3 35.468 130.574 10 35.468 130.049 3 34.0259 130.049 10 34.0259 129.329 3 32.6709 129.329 10 32.6709 128.426 3 31.4293 128.426 10 31.4293 127.36 3 30.3254 127.36 10 30.3254 126.151 3 29.3806 126.151 10 29.3806 124.822 3 28.6133 124.822 10 28.6133 123.399 3 28.0384 123.399 10 28.0384 121.91 3 27.6671 121.91 10 27.6671 120.384 3 27.5067 120.384 10 27.5067 118.85 3 27.5603 118.85 10 27.5603 117.339 3 27.8267 117.339 10 27.8267 115.879 3 28.301 115.879 10 28.301 114.5 3 28.9737 114.5 10 28.9737 113.228 3 29.8319 113.228 10 29.8319 112.087 3 30.8588 112.087 10 30.8588 111.101 3 32.0344 111.101 10 32.0344 110.288 3 33.3358 110.288 10 33.3358 109.663 3 34.7378 109.663 10 34.7378 109.24 3 36.213 109.24 10 36.213 109.027 3 37.7327 109.027 10 37.7327 109.027 3 39.2673 109.027 10 39.2673 109.24 3 40.787 109.24 10 40.787 109.663 3 42.2622 109.663 10 42.2622 110.288 3 43.6642 110.288 10 43.6642 111.101 3 44.9656 111.101 10 44.9656 112.087 3 46.1412 112.087 10 46.1412 113.228 3 47.1681 113.228 10 47.1681 114.5 3 48.0263 114.5 10 48.0263 115.879 3 48.699 115.879 10 48.699 117.339 3 49.1733 117.339 10 49.1733 118.85 3 49.4397 118.85 10 49.4397 120.384 3 49.4933 120.384 10 49.4933 121.91 3 49.3329 121.91 10 49.3329 123.399 3 48.9616 123.399 10 48.9616 124.822 3 48.3867 124.822 10 48.3867 126.151 3 47.6194 126.151 10 47.6194 127.36 3 46.6746 127.36 10 46.6746 128.426 3 45.5707 128.426 10 45.5707 129.329 3 44.3291 129.329 10 44.3291 130.049 3 42.9741 130.049 10 42.9741 130.574 3 41.532 130.574 10 41.532 105.893 3 51.5309 105.893 10 51.5309 106 3 50 106 10 50 105.893 3 48.4691 105.893 10 48.4691 105.574 3 46.968 105.574 10 46.968 105.049 3 45.5259 105.049 10 45.5259 104.329 3 44.1709 104.329 10 44.1709 103.426 3 42.9293 103.426 10 42.9293 102.36 3 41.8254 102.36 10 41.8254 101.151 3 40.8806 101.151 10 40.8806 99.8221 3 40.1133 99.8221 10 40.1133 98.3992 3 39.5384 98.3992 10 39.5384 96.9101 3 39.1671 96.9101 10 39.1671 95.3839 3 39.0067 95.3839 10 39.0067 93.8502 3 39.0603 93.8502 10 39.0603 92.3389 3 39.3267 92.3389 10 39.3267 90.8793 3 39.801 90.8793 10 39.801 89.5 3 40.4737 89.5 10 40.4737 88.2277 3 41.3319 88.2277 10 41.3319 87.0873 3 42.3588 87.0873 10 42.3588 86.1008 3 43.5344 86.1008 10 43.5344 85.2876 3 44.8358 85.2876 10 44.8358 84.6634 3 46.2378 84.6634 10 46.2378 84.2404 3 47.713 84.2404 10 47.713 84.0268 3 49.2327 84.0268 10 49.2327 84.0268 3 50.7673 84.0268 10 50.7673 84.2404 3 52.287 84.2404 10 52.287 84.6634 3 53.7622 84.6634 10 53.7622 85.2876 3 55.1642 85.2876 10 55.1642 86.1008 3 56.4656 86.1008 10 56.4656 87.0873 3 57.6412 87.0873 10 57.6412 88.2277 3 58.6681 88.2277 10 58.6681 89.5 3 59.5263 89.5 10 59.5263 90.8793 3 60.199 90.8793 10 60.199 92.3389 3 60.6733 92.3389 10 60.6733 93.8502 3 60.9397 93.8502 10 60.9397 95.3839 3 60.9933 95.3839 10 60.9933 96.9101 3 60.8329 96.9101 10 60.8329 98.3992 3 60.4616 98.3992 10 60.4616 99.8221 3 59.8867 99.8221 10 59.8867 101.151 3 59.1194 101.151 10 59.1194 102.36 3 58.1746 102.36 10 58.1746 103.426 3 57.0707 103.426 10 57.0707 104.329 3 55.8291 104.329 10 55.8291 105.049 3 54.4741 105.049 10 54.4741 105.574 3 53.032 105.574 10 53.032 55.8929 3 27.0309 55.8929 10 27.0309 56 3 25.5 56 10 25.5 55.8929 3 23.9691 55.8929 10 23.9691 55.5739 3 22.468 55.5739 10 22.468 55.049 3 21.0259 55.049 10 21.0259 54.3285 3 19.6709 54.3285 10 19.6709 53.4265 3 18.4293 53.4265 10 18.4293 52.3604 3 17.3254 52.3604 10 17.3254 51.1511 3 16.3806 51.1511 10 16.3806 49.8221 3 15.6133 49.8221 10 15.6133 48.3992 3 15.0384 48.3992 10 15.0384 46.9101 3 14.6671 46.9101 10 14.6671 45.3839 3 14.5067 45.3839 10 14.5067 43.8502 3 14.5603 43.8502 10 14.5603 42.3389 3 14.8267 42.3389 10 14.8267 40.8793 3 15.301 40.8793 10 15.301 39.5 3 15.9737 39.5 10 15.9737 38.2277 3 16.8319 38.2277 10 16.8319 37.0873 3 17.8588 37.0873 10 17.8588 36.1008 3 19.0344 36.1008 10 19.0344 35.2876 3 20.3358 35.2876 10 20.3358 34.6634 3 21.7378 34.6634 10 21.7378 34.2404 3 23.213 34.2404 10 23.213 34.0268 3 24.7327 34.0268 10 24.7327 34.0268 3 26.2673 34.0268 10 26.2673 34.2404 3 27.787 34.2404 10 27.787 34.6634 3 29.2622 34.6634 10 29.2622 35.2876 3 30.6642 35.2876 10 30.6642 36.1008 3 31.9656 36.1008 10 31.9656 37.0873 3 33.1412 37.0873 10 33.1412 38.2277 3 34.1681 38.2277 10 34.1681 39.5 3 35.0263 39.5 10 35.0263 40.8793 3 35.699 40.8793 10 35.699 42.3389 3 36.1733 42.3389 10 36.1733 43.8502 3 36.4397 43.8502 10 36.4397 45.3839 3 36.4933 45.3839 10 36.4933 46.9101 3 36.3329 46.9101 10 36.3329 48.3992 3 35.9616 48.3992 10 35.9616 49.8221 3 35.3867 49.8221 10 35.3867 51.1511 3 34.6194 51.1511 10 34.6194 52.3604 3 33.6746 52.3604 10 33.6746 53.4265 3 32.5707 53.4265 10 32.5707 54.3285 3 31.3291 54.3285 10 31.3291 55.049 3 29.9741 55.049 10 29.9741 55.5739 3 28.532 55.5739 10 28.532 55.8929 3 51.5309 55.8929 10 51.5309 56 3 50 56 10 50 55.8929 3 48.4691 55.8929 10 48.4691 55.5739 3 46.968 55.5739 10 46.968 55.049 3 45.5259 55.049 10 45.5259 54.3285 3 44.1709 54.3285 10 44.1709 53.4265 3 42.9293 53.4265 10 42.9293 52.3604 3 41.8254 52.3604 10 41.8254 51.1511 3 40.8806 51.1511 10 40.8806 49.8221 3 40.1133 49.8221 10 40.1133 48.3992 3 39.5384 48.3992 10 39.5384 46.9101 3 39.1671 46.9101 10 39.1671 45.3839 3 39.0067 45.3839 10 39.0067 43.8502 3 39.0603 43.8502 10 39.0603 42.3389 3 39.3267 42.3389 10 39.3267 40.8793 3 39.801 40.8793 10 39.801 39.5 3 40.4737 39.5 10 40.4737 38.2277 3 41.3319 38.2277 10 41.3319 37.0873 3 42.3588 37.0873 10 42.3588 36.1008 3 43.5344 36.1008 10 43.5344 35.2876 3 44.8358 35.2876 10 44.8358 34.6634 3 46.2378 34.6634 10 46.2378 34.2404 3 47.713 34.2404 10 47.713 34.0268 3 49.2327 34.0268 10 49.2327 34.0268 3 50.7673 34.0268 10 50.7673 34.2404 3 52.287 34.2404 10 52.287 34.6634 3 53.7622 34.6634 10 53.7622 35.2876 3 55.1642 35.2876 10 55.1642 36.1008 3 56.4656 36.1008 10 56.4656 37.0873 3 57.6412 37.0873 10 57.6412 38.2277 3 58.6681 38.2277 10 58.6681 39.5 3 59.5263 39.5 10 59.5263 40.8793 3 60.199 40.8793 10 60.199 42.3389 3 60.6733 42.3389 10 60.6733 43.8502 3 60.9397 43.8502 10 60.9397 45.3839 3 60.9933 45.3839 10 60.9933 46.9101 3 60.8329 46.9101 10 60.8329 48.3992 3 60.4616 48.3992 10 60.4616 49.8221 3 59.8867 49.8221 10 59.8867 51.1511 3 59.1194 51.1511 10 59.1194 52.3604 3 58.1746 52.3604 10 58.1746 53.4265 3 57.0707 53.4265 10 57.0707 54.3285 3 55.8291 54.3285 10 55.8291 55.049 3 54.4741 55.049 10 54.4741 55.5739 3 53.032 55.5739 10 53.032 80.89301 3 86.0309 80.89301 10 86.0309 81 3 84.5 81 10 84.5 80.89301 3 82.9691 80.89301 10 82.9691 80.5739 3 81.468 80.5739 10 81.468 80.04901 3 80.0259 80.04901 10 80.0259 79.3285 3 78.6709 79.3285 10 78.6709 78.4265 3 77.4293 78.4265 10 77.4293 77.3604 3 76.3254 77.3604 10 76.3254 76.1511 3 75.3806 76.1511 10 75.3806 74.8221 3 74.6133 74.8221 10 74.6133 73.3992 3 74.0384 73.3992 10 74.0384 71.9101 3 73.6671 71.9101 10 73.6671 70.3839 3 73.5067 70.3839 10 73.5067 68.8502 3 73.5603 68.8502 10 73.5603 67.3389 3 73.8267 67.3389 10 73.8267 65.8793 3 74.30101 65.8793 10 74.30101 64.5 3 74.9737 64.5 10 74.9737 63.2277 3 75.8319 63.2277 10 75.8319 62.0873 3 76.8588 62.0873 10 76.8588 61.1008 3 78.0344 61.1008 10 78.0344 60.2876 3 79.3358 60.2876 10 79.3358 59.6634 3 80.7378 59.6634 10 80.7378 59.2404 3 82.21301 59.2404 10 82.21301 59.0268 3 83.7327 59.0268 10 83.7327 59.0268 3 85.2673 59.0268 10 85.2673 59.2404 3 86.78701 59.2404 10 86.78701 59.6634 3 88.2622 59.6634 10 88.2622 60.2876 3 89.6642 60.2876 10 89.6642 61.1008 3 90.9656 61.1008 10 90.9656 62.0873 3 92.1412 62.0873 10 92.1412 63.2277 3 93.1681 63.2277 10 93.1681 64.5 3 94.0263 64.5 10 94.0263 65.8793 3 94.69901 65.8793 10 94.69901 67.3389 3 95.1733 67.3389 10 95.1733 68.8502 3 95.4397 68.8502 10 95.4397 70.3839 3 95.4933 70.3839 10 95.4933 71.9101 3 95.3329 71.9101 10 95.3329 73.3992 3 94.9616 73.3992 10 94.9616 74.8221 3 94.3867 74.8221 10 94.3867 76.1511 3 93.6194 76.1511 10 93.6194 77.3604 3 92.6746 77.3604 10 92.6746 78.4265 3 91.5707 78.4265 10 91.5707 79.3285 3 90.3291 79.3285 10 90.3291 80.04901 3 88.9741 80.04901 10 88.9741 80.5739 3 87.53201 80.5739 10 87.53201 105.893 3 76.0309 105.893 10 76.0309 106 3 74.5 106 10 74.5 105.893 3 72.9691 105.893 10 72.9691 105.574 3 71.468 105.574 10 71.468 105.049 3 70.0259 105.049 10 70.0259 104.329 3 68.6709 104.329 10 68.6709 103.426 3 67.4293 103.426 10 67.4293 102.36 3 66.3254 102.36 10 66.3254 101.151 3 65.3806 101.151 10 65.3806 99.8221 3 64.6133 99.8221 10 64.6133 98.3992 3 64.0384 98.3992 10 64.0384 96.9101 3 63.6671 96.9101 10 63.6671 95.3839 3 63.5067 95.3839 10 63.5067 93.8502 3 63.5603 93.8502 10 63.5603 92.3389 3 63.8267 92.3389 10 63.8267 90.8793 3 64.30101 90.8793 10 64.30101 89.5 3 64.9737 89.5 10 64.9737 88.2277 3 65.8319 88.2277 10 65.8319 87.0873 3 66.8588 87.0873 10 66.8588 86.1008 3 68.0344 86.1008 10 68.0344 85.2876 3 69.3358 85.2876 10 69.3358 84.6634 3 70.7378 84.6634 10 70.7378 84.2404 3 72.21301 84.2404 10 72.21301 84.0268 3 73.7327 84.0268 10 73.7327 84.0268 3 75.2673 84.0268 10 75.2673 84.2404 3 76.78701 84.2404 10 76.78701 84.6634 3 78.2622 84.6634 10 78.2622 85.2876 3 79.6642 85.2876 10 79.6642 86.1008 3 80.9656 86.1008 10 80.9656 87.0873 3 82.1412 87.0873 10 82.1412 88.2277 3 83.1681 88.2277 10 83.1681 89.5 3 84.0263 89.5 10 84.0263 90.8793 3 84.69901 90.8793 10 84.69901 92.3389 3 85.1733 92.3389 10 85.1733 93.8502 3 85.4397 93.8502 10 85.4397 95.3839 3 85.4933 95.3839 10 85.4933 96.9101 3 85.3329 96.9101 10 85.3329 98.3992 3 84.9616 98.3992 10 84.9616 99.8221 3 84.3867 99.8221 10 84.3867 101.151 3 83.6194 101.151 10 83.6194 102.36 3 82.6746 102.36 10 82.6746 103.426 3 81.5707 103.426 10 81.5707 104.329 3 80.3291 104.329 10 80.3291 105.049 3 78.9741 105.049 10 78.9741 105.574 3 77.53201 105.574 10 77.53201 30.4805 3 63.0309 30.4805 10 63.0309 30.5875 3 61.5 30.5875 10 61.5 30.4805 3 59.9691 30.4805 10 59.9691 30.1614 3 58.468 30.1614 10 58.468 29.6365 3 57.0259 29.6365 10 57.0259 28.9161 3 55.6709 28.9161 10 55.6709 28.014 3 54.4293 28.014 10 54.4293 26.948 3 53.3254 26.948 10 53.3254 25.7387 3 52.3806 25.7387 10 52.3806 24.4096 3 51.6133 24.4096 10 51.6133 22.9867 3 51.0384 22.9867 10 51.0384 21.4977 3 50.6671 21.4977 10 50.6671 19.9714 3 50.5067 19.9714 10 50.5067 18.4377 3 50.5603 18.4377 10 50.5603 16.9264 3 50.8267 16.9264 10 50.8267 15.4669 3 51.301 15.4669 10 51.301 14.0875 3 51.9737 14.0875 10 51.9737 12.8153 3 52.8319 12.8153 10 52.8319 11.6748 3 53.8588 11.6748 10 53.8588 10.6883 3 55.0344 10.6883 10 55.0344 9.87511 3 56.3358 9.87511 10 56.3358 9.25092 3 57.7378 9.25092 10 57.7378 8.82791 3 59.213 8.82791 10 59.213 8.61433 3 60.7327 8.61433 10 60.7327 8.61433 3 62.2673 8.61433 10 62.2673 8.82791 3 63.787 8.82791 10 63.787 9.25092 3 65.2622 9.25092 10 65.2622 9.87511 3 66.6642 9.87511 10 66.6642 10.6883 3 67.9656 10.6883 10 67.9656 11.6748 3 69.1412 11.6748 10 69.1412 12.8153 3 70.1681 12.8153 10 70.1681 14.0875 3 71.0263 14.0875 10 71.0263 15.4669 3 71.69901 15.4669 10 71.69901 16.9264 3 72.1733 16.9264 10 72.1733 18.4377 3 72.4397 18.4377 10 72.4397 19.9714 3 72.4933 19.9714 10 72.4933 21.4977 3 72.3329 21.4977 10 72.3329 22.9867 3 71.9616 22.9867 10 71.9616 24.4096 3 71.3867 24.4096 10 71.3867 25.7387 3 70.6194 25.7387 10 70.6194 26.948 3 69.6746 26.948 10 69.6746 28.014 3 68.5707 28.014 10 68.5707 28.9161 3 67.3291 28.9161 10 67.3291 29.6365 3 65.9741 29.6365 10 65.9741 30.1614 3 64.53201 30.1614 10 64.53201 30.7779 3 40.0309 30.7779 10 40.0309 30.885 3 38.5 30.885 10 38.5 30.7779 3 36.9691 30.7779 10 36.9691 30.4588 3 35.468 30.4588 10 35.468 29.934 3 34.0259 29.934 10 34.0259 29.2135 3 32.6709 29.2135 10 32.6709 28.3115 3 31.4293 28.3115 10 31.4293 27.2454 3 30.3254 27.2454 10 30.3254 26.0361 3 29.3806 26.0361 10 29.3806 24.7071 3 28.6133 24.7071 10 28.6133 23.2842 3 28.0384 23.2842 10 28.0384 21.7951 3 27.6671 21.7951 10 27.6671 20.2689 3 27.5067 20.2689 10 27.5067 18.7352 3 27.5603 18.7352 10 27.5603 17.2238 3 27.8267 17.2238 10 27.8267 15.7643 3 28.301 15.7643 10 28.301 14.385 3 28.9737 14.385 10 28.9737 13.1127 3 29.8319 13.1127 10 29.8319 11.9722 3 30.8588 11.9722 10 30.8588 10.9858 3 32.0344 10.9858 10 32.0344 10.1725 3 33.3358 10.1725 10 33.3358 9.54835 3 34.7378 9.54835 10 34.7378 9.12534 3 36.213 9.12534 10 36.213 8.91176 3 37.7327 8.91176 10 37.7327 8.91176 3 39.2673 8.91176 10 39.2673 9.12534 3 40.787 9.12534 10 40.787 9.54835 3 42.2622 9.54835 10 42.2622 10.1725 3 43.6642 10.1725 10 43.6642 10.9858 3 44.9656 10.9858 10 44.9656 11.9722 3 46.1412 11.9722 10 46.1412 13.1127 3 47.1681 13.1127 10 47.1681 14.385 3 48.0263 14.385 10 48.0263 15.7643 3 48.699 15.7643 10 48.699 17.2238 3 49.1733 17.2238 10 49.1733 18.7352 3 49.4397 18.7352 10 49.4397 20.2689 3 49.4933 20.2689 10 49.4933 21.7951 3 49.3329 21.7951 10 49.3329 23.2842 3 48.9616 23.2842 10 48.9616 24.7071 3 48.3867 24.7071 10 48.3867 26.0361 3 47.6194 26.0361 10 47.6194 27.2454 3 46.6746 27.2454 10 46.6746 28.3115 3 45.5707 28.3115 10 45.5707 29.2135 3 44.3291 29.2135 10 44.3291 29.934 3 42.9741 29.934 10 42.9741 30.4588 3 41.532 30.4588 10 41.532 105.893 3 27.0309 105.893 10 27.0309 106 3 25.5 106 10 25.5 105.893 3 23.9691 105.893 10 23.9691 105.574 3 22.468 105.574 10 22.468 105.049 3 21.0259 105.049 10 21.0259 104.329 3 19.6709 104.329 10 19.6709 103.426 3 18.4293 103.426 10 18.4293 102.36 3 17.3254 102.36 10 17.3254 101.151 3 16.3806 101.151 10 16.3806 99.8221 3 15.6133 99.8221 10 15.6133 98.3992 3 15.0384 98.3992 10 15.0384 96.9101 3 14.6671 96.9101 10 14.6671 95.3839 3 14.5067 95.3839 10 14.5067 93.8502 3 14.5603 93.8502 10 14.5603 92.3389 3 14.8267 92.3389 10 14.8267 90.8793 3 15.301 90.8793 10 15.301 89.5 3 15.9737 89.5 10 15.9737 88.2277 3 16.8319 88.2277 10 16.8319 87.0873 3 17.8588 87.0873 10 17.8588 86.1008 3 19.0344 86.1008 10 19.0344 85.2876 3 20.3358 85.2876 10 20.3358 84.6634 3 21.7378 84.6634 10 21.7378 84.2404 3 23.213 84.2404 10 23.213 84.0268 3 24.7327 84.0268 10 24.7327 84.0268 3 26.2673 84.0268 10 26.2673 84.2404 3 27.787 84.2404 10 27.787 84.6634 3 29.2622 84.6634 10 29.2622 85.2876 3 30.6642 85.2876 10 30.6642 86.1008 3 31.9656 86.1008 10 31.9656 87.0873 3 33.1412 87.0873 10 33.1412 88.2277 3 34.1681 88.2277 10 34.1681 89.5 3 35.0263 89.5 10 35.0263 90.8793 3 35.699 90.8793 10 35.699 92.3389 3 36.1733 92.3389 10 36.1733 93.8502 3 36.4397 93.8502 10 36.4397 95.3839 3 36.4933 95.3839 10 36.4933 96.9101 3 36.3329 96.9101 10 36.3329 98.3992 3 35.9616 98.3992 10 35.9616 99.8221 3 35.3867 99.8221 10 35.3867 101.151 3 34.6194 101.151 10 34.6194 102.36 3 33.6746 102.36 10 33.6746 103.426 3 32.5707 103.426 10 32.5707 104.329 3 31.3291 104.329 10 31.3291 105.049 3 29.9741 105.049 10 29.9741 105.574 3 28.532 105.574 10 28.532 130.893 3 17.0309 130.893 10 17.0309 131 3 15.5 131 10 15.5 130.893 3 13.9691 130.893 10 13.9691 130.574 3 12.468 130.574 10 12.468 130.049 3 11.0259 130.049 10 11.0259 129.329 3 9.67089 129.329 10 9.67089 128.426 3 8.42934 128.426 10 8.42934 127.36 3 7.32541 127.36 10 7.32541 126.151 3 6.38059 126.151 10 6.38059 124.822 3 5.61327 124.822 10 5.61327 123.399 3 5.03838 123.399 10 5.03838 121.91 3 4.66711 121.91 10 4.66711 120.384 3 4.5067 120.384 10 4.5067 118.85 3 4.56026 118.85 10 4.56026 117.339 3 4.82675 117.339 10 4.82675 115.879 3 5.30098 115.879 10 5.30098 114.5 3 5.97372 114.5 10 5.97372 113.228 3 6.83188 113.228 10 6.83188 112.087 3 7.85876 112.087 10 7.85876 111.101 3 9.03436 111.101 10 9.03436 110.288 3 10.3358 110.288 10 10.3358 109.663 3 11.7378 109.663 10 11.7378 109.24 3 13.213 109.24 10 13.213 109.027 3 14.7327 109.027 10 14.7327 109.027 3 16.2673 109.027 10 16.2673 109.24 3 17.787 109.24 10 17.787 109.663 3 19.2622 109.663 10 19.2622 110.288 3 20.6642 110.288 10 20.6642 111.101 3 21.9656 111.101 10 21.9656 112.087 3 23.1412 112.087 10 23.1412 113.228 3 24.1681 113.228 10 24.1681 114.5 3 25.0263 114.5 10 25.0263 115.879 3 25.699 115.879 10 25.699 117.339 3 26.1733 117.339 10 26.1733 118.85 3 26.4397 118.85 10 26.4397 120.384 3 26.4933 120.384 10 26.4933 121.91 3 26.3329 121.91 10 26.3329 123.399 3 25.9616 123.399 10 25.9616 124.822 3 25.3867 124.822 10 25.3867 126.151 3 24.6194 126.151 10 24.6194 127.36 3 23.6746 127.36 10 23.6746 128.426 3 22.5707 128.426 10 22.5707 129.329 3 21.3291 129.329 10 21.3291 130.049 3 19.9741 130.049 10 19.9741 130.574 3 18.532 130.574 10 18.532 0 0 0 0 0 100 0 10 0 0 10 100 140 0 100 140 10 100 140 0 0 140 10 0 14.594 0 61.2468 14.6452 0 62.2571 14.8988 0 63.2365 70.5058 0 10.5257 69.4942 0 10.5257 68.5032 0 10.7293 124.942 0 39.2571 124.994 0 38.2468 124.84 0 37.2467 70 0 89.5 71.0065 0 89.3977 118.994 0 89.3977 118.028 0 89.0948 71.9718 0 89.0948 117.144 0 88.6038 72.8563 0 88.6038 116.376 0 87.9448 73.624 0 87.9448 95 0 79.5 74.2432 0 87.1448 93.9935 0 79.3977 74.6888 0 86.2365 93.0282 0 79.0948 74.9423 0 85.2571 74.9936 0 84.2468 120 0 89.5 121.006 0 89.3977 121.972 0 89.0948 122.856 0 88.6038 123.624 0 87.9448 124.243 0 87.1448 124.689 0 86.2365 124.942 0 85.2571 124.994 0 84.2468 124.84 0 83.2467 124.489 0 82.29801 124.689 0 63.2365 124.243 0 64.1448 123.954 0 81.4395 123.624 0 64.9448 123.257 0 80.7062 122.856 0 65.6038 122.427 0 80.1283 121.972 0 66.0948 121.497 0 79.7293 121.006 0 66.3977 120.506 0 79.5257 120 0 66.5 119.494 0 79.5257 118.994 0 66.3977 118.503 0 79.7293 118.028 0 66.0948 117.573 0 80.1283 99.9936 0 74.2468 99.9423 0 75.2571 116.743 0 80.7062 99.6888 0 76.2365 116.046 0 81.4395 99.2432 0 77.1448 115.511 0 82.29801 98.62401 0 77.9448 115.16 0 83.2467 97.8563 0 78.6038 115.006 0 84.2468 96.9718 0 79.0948 115.058 0 85.2571 115.311 0 86.2365 96.0065 0 79.3977 115.757 0 87.1448 92.1437 0 78.6038 74.8404 0 83.2467 91.37601 0 77.9448 74.48901 0 82.29801 90.7568 0 77.1448 73.9539 0 81.4395 90.3112 0 76.2365 73.2569 0 80.7062 90.0577 0 75.2571 72.4265 0 80.1283 90.0064 0 74.2468 71.9718 0 66.0948 90.1596 0 73.2467 72.8563 0 65.6038 90.511 0 72.29801 73.624 0 64.9448 91.0461 0 71.4395 74.2432 0 64.1448 91.7431 0 70.7062 74.6888 0 63.2365 92.5735 0 70.1283 74.9423 0 62.2571 93.5032 0 69.7293 93.0282 0 54.5948 93.9935 0 54.8976 71.4968 0 79.7293 71.0065 0 66.3977 70.5058 0 79.5257 70 0 66.5 69.4942 0 79.5257 68.9935 0 66.3977 68.5032 0 79.7293 68.0282 0 66.0948 67.5735 0 80.1283 49.9936 0 74.2468 49.9423 0 75.2571 66.7431 0 80.7062 49.6888 0 76.2365 66.0461 0 81.4395 49.2432 0 77.1448 65.511 0 82.29801 48.624 0 77.9448 65.1596 0 83.2467 47.8563 0 78.6038 65.0064 0 84.2468 46.9718 0 79.0948 65.0577 0 85.2571 65.3112 0 86.2365 46.0065 0 79.3977 65.7568 0 87.1448 45 0 79.5 66.376 0 87.9448 23.7839 0 87.9448 23.0163 0 88.6038 67.1437 0 88.6038 22.1317 0 89.0948 68.0282 0 89.0948 68.9935 0 89.3977 21.1664 0 89.3977 99.8404 0 73.2467 117.144 0 65.6038 99.48901 0 72.29801 116.376 0 64.9448 98.9539 0 71.4395 115.757 0 64.1448 98.2569 0 70.7062 115.311 0 63.2365 97.4265 0 70.1283 115.058 0 62.2571 96.4968 0 69.7293 96.9718 0 54.5948 96.0065 0 54.8976 95.5058 0 69.5257 95 0 55 94.4942 0 69.5257 124.942 0 62.2571 124.994 0 61.2468 124.84 0 60.2467 124.689 0 40.2365 124.489 0 59.298 124.243 0 41.1448 123.954 0 58.4395 123.624 0 41.9448 123.257 0 57.7062 122.856 0 42.6038 122.427 0 57.1283 121.972 0 43.0948 121.497 0 56.7293 121.006 0 43.3976 120.506 0 56.5257 120 0 43.5 119.494 0 56.5257 118.994 0 43.3976 118.503 0 56.7293 118.028 0 43.0948 117.573 0 57.1283 99.9936 0 49.7468 99.9423 0 50.7571 116.743 0 57.7062 99.6888 0 51.7365 116.046 0 58.4395 99.2432 0 52.6448 115.511 0 59.298 98.62401 0 53.4448 115.16 0 60.2467 97.8563 0 54.1038 115.006 0 61.2468 49.8404 0 73.2467 67.1437 0 65.6038 49.489 0 72.29801 66.376 0 64.9448 48.9539 0 71.4395 65.7568 0 64.1448 48.2569 0 70.7062 65.3112 0 63.2365 47.4265 0 70.1283 65.0577 0 62.2571 46.4968 0 69.7293 46.9718 0 54.5948 46.0065 0 54.8976 45.5058 0 69.5257 45 0 55 44.4942 0 69.5257 43.9935 0 54.8976 43.5032 0 69.7293 43.0282 0 54.5948 24.5299 0 62.2571 24.5811 0 61.2468 42.5735 0 70.1283 24.2763 0 63.2365 41.7431 0 70.7062 23.8308 0 64.1448 41.0461 0 71.4395 23.2115 0 64.9448 40.511 0 72.29801 22.4439 0 65.6038 40.1596 0 73.2467 21.5593 0 66.0948 40.0064 0 74.2468 22.5865 0 80.1283 40.0577 0 75.2571 23.4168 0 80.7062 40.3112 0 76.2365 24.1138 0 81.4395 40.7568 0 77.1448 24.649 0 82.29801 41.376 0 77.9448 25.0003 0 83.2467 42.1437 0 78.6038 25.1535 0 84.2468 43.0282 0 79.0948 25.1023 0 85.2571 24.8487 0 86.2365 43.9935 0 79.3977 24.4032 0 87.1448 20.594 0 66.3977 20.6658 0 79.5257 19.5875 0 66.5 19.6541 0 79.5257 18.581 0 66.3977 18.6631 0 79.7293 17.6158 0 66.0948 17.7334 0 80.1283 16.7312 0 65.6038 16.9031 0 80.7062 15.9636 0 64.9448 16.2061 0 81.4395 15.3443 0 64.1448 15.6709 0 82.29801 21.6568 0 79.7293 42.1437 0 54.1038 24.4279 0 60.2467 41.376 0 53.4448 24.0766 0 59.298 40.7568 0 52.6448 23.5414 0 58.4395 40.3112 0 51.7365 22.8444 0 57.7062 40.0577 0 50.7571 22.014 0 57.1283 40.0064 0 49.7468 21.8567 0 43.0948 22.7413 0 42.6038 21.0844 0 56.7293 20.8915 0 43.3976 20.0934 0 56.5257 19.885 0 43.5 19.0817 0 56.5257 18.8785 0 43.3976 18.0907 0 56.7293 17.9132 0 43.0948 17.161 0 57.1283 17.0286 0 42.6038 16.3307 0 57.7062 16.261 0 41.9448 15.6337 0 58.4395 15.6417 0 41.1448 15.0985 0 59.298 15.1962 0 40.2365 14.7472 0 60.2467 14.9426 0 39.2571 65.0064 0 61.2468 47.8563 0 54.1038 65.1596 0 60.2467 48.624 0 53.4448 65.511 0 59.298 49.2432 0 52.6448 66.0461 0 58.4395 49.6888 0 51.7365 66.7431 0 57.7062 49.9423 0 50.7571 67.5735 0 57.1283 49.9936 0 49.7468 68.0282 0 43.0948 67.1437 0 42.6038 49.8404 0 48.7467 66.376 0 41.9448 49.489 0 47.798 65.7568 0 41.1448 48.9539 0 46.9395 65.3112 0 40.2365 48.2569 0 46.2062 65.0577 0 39.2571 47.4265 0 45.6283 65.0064 0 38.2468 46.4968 0 45.2293 46.9718 0 30.0948 46.0065 0 30.3976 45.5058 0 45.0257 45 0 30.5 44.4942 0 45.0257 43.9935 0 30.3976 43.5032 0 45.2293 43.0282 0 30.0948 24.8786 0 38.2468 24.7254 0 37.2467 42.5735 0 45.6283 24.8273 0 39.2571 41.7431 0 46.2062 24.5737 0 40.2365 41.0461 0 46.9395 24.1282 0 41.1448 40.511 0 47.798 23.5089 0 41.9448 40.1596 0 48.7467 74.9936 0 61.2468 92.1437 0 54.1038 74.8404 0 60.2467 91.37601 0 53.4448 74.48901 0 59.298 90.7568 0 52.6448 73.9539 0 58.4395 90.3112 0 51.7365 73.2569 0 57.7062 90.0577 0 50.7571 72.4265 0 57.1283 90.0064 0 49.7468 71.9718 0 43.0948 72.8563 0 42.6038 71.4968 0 56.7293 71.0065 0 43.3976 70.5058 0 56.5257 70 0 43.5 69.4942 0 56.5257 68.9935 0 43.3976 68.5032 0 56.7293 124.489 0 36.298 124.689 0 17.2365 124.942 0 16.2571 124.243 0 18.1448 123.954 0 35.4395 123.624 0 18.9448 123.257 0 34.7062 122.856 0 19.6038 122.427 0 34.1283 121.972 0 20.0948 121.497 0 33.7293 121.006 0 20.3976 120.506 0 33.5257 120 0 20.5 119.494 0 33.5257 118.994 0 20.3976 118.503 0 33.7293 118.028 0 20.0948 117.573 0 34.1283 99.9423 0 26.2571 99.6888 0 27.2365 116.743 0 34.7062 99.2432 0 28.1448 116.046 0 35.4395 98.62401 0 28.9448 115.511 0 36.298 97.8563 0 29.6038 115.16 0 37.2467 96.9718 0 30.0948 115.006 0 38.2468 96.4968 0 45.2293 97.4265 0 45.6283 115.058 0 39.2571 98.2569 0 46.2062 115.311 0 40.2365 98.9539 0 46.9395 115.757 0 41.1448 99.48901 0 47.798 116.376 0 41.9448 99.8404 0 48.7467 117.144 0 42.6038 96.0065 0 30.3976 95.5058 0 45.0257 95 0 30.5 94.4942 0 45.0257 93.9935 0 30.3976 93.5032 0 45.2293 93.0282 0 30.0948 74.9936 0 38.2468 74.8404 0 37.2467 99.9936 0 25.2468 117.144 0 19.6038 99.8404 0 24.2467 116.376 0 18.9448 99.48901 0 23.298 115.757 0 18.1448 98.9539 0 22.4395 115.311 0 17.2365 98.2569 0 21.7062 115.058 0 16.2571 97.4265 0 21.1283 115.006 0 15.2468 115.16 0 14.2467 96.4968 0 20.7293 115.511 0 13.298 95.5058 0 20.5257 116.046 0 12.4395 94.4942 0 20.5257 73.9539 0 12.4395 74.48901 0 13.298 93.5032 0 20.7293 74.8404 0 14.2467 92.5735 0 21.1283 74.9936 0 15.2468 74.9423 0 16.2571 91.7431 0 21.7062 74.6888 0 17.2365 91.0461 0 22.4395 74.2432 0 18.1448 90.511 0 23.298 73.624 0 18.9448 90.1596 0 24.2467 72.8563 0 19.6038 90.0064 0 25.2468 71.9718 0 20.0948 90.0577 0 26.2571 72.4265 0 34.1283 90.3112 0 27.2365 73.2569 0 34.7062 90.7568 0 28.1448 73.9539 0 35.4395 91.37601 0 28.9448 74.48901 0 36.298 92.1437 0 29.6038 124.994 0 15.2468 124.84 0 14.2467 124.489 0 13.298 123.954 0 12.4395 123.257 0 11.7062 122.427 0 11.1283 121.497 0 10.7293 120.506 0 10.5257 119.494 0 10.5257 118.503 0 10.7293 71.4968 0 10.7293 117.573 0 11.1283 72.4265 0 11.1283 116.743 0 11.7062 73.2569 0 11.7062 92.5735 0 45.6283 74.9423 0 39.2571 91.7431 0 46.2062 74.6888 0 40.2365 91.0461 0 46.9395 74.2432 0 41.1448 90.511 0 47.798 73.624 0 41.9448 90.1596 0 48.7467 71.4968 0 33.7293 71.0065 0 20.3976 70.5058 0 33.5257 70 0 20.5 69.4942 0 33.5257 68.9935 0 20.3976 68.5032 0 33.7293 68.0282 0 20.0948 67.5735 0 34.1283 49.9423 0 26.2571 49.6888 0 27.2365 66.7431 0 34.7062 49.2432 0 28.1448 66.0461 0 35.4395 48.624 0 28.9448 65.511 0 36.298 47.8563 0 29.6038 65.1596 0 37.2467 67.5735 0 11.1283 22.4265 0 11.1283 21.4968 0 10.7293 20.5058 0 10.5257 19.4942 0 10.5257 66.7431 0 11.7062 23.2569 0 11.7062 66.0461 0 12.4395 23.9539 0 12.4395 44.4942 0 20.5257 24.489 0 13.298 43.5032 0 20.7293 24.8404 0 14.2467 42.5735 0 21.1283 24.9936 0 15.2468 24.9423 0 16.2571 41.7431 0 21.7062 24.6888 0 17.2365 41.0461 0 22.4395 24.2432 0 18.1448 40.511 0 23.298 23.624 0 18.9448 40.1596 0 24.2467 22.8563 0 19.6038 40.0064 0 25.2468 21.9718 0 20.0948 40.0577 0 26.2571 22.3115 0 34.1283 40.3112 0 27.2365 23.1418 0 34.7062 40.7568 0 28.1448 23.8388 0 35.4395 41.376 0 28.9448 24.374 0 36.298 42.1437 0 29.6038 45.5058 0 20.5257 65.511 0 13.298 46.4968 0 20.7293 65.1596 0 14.2467 47.4265 0 21.1283 65.0064 0 15.2468 65.0577 0 16.2571 48.2569 0 21.7062 65.3112 0 17.2365 48.9539 0 22.4395 65.7568 0 18.1448 49.489 0 23.298 66.376 0 18.9448 49.8404 0 24.2467 67.1437 0 19.6038 49.9936 0 25.2468 21.3818 0 33.7293 21.0065 0 20.3976 20.3908 0 33.5257 20 0 20.5 19.3791 0 33.5257 18.9935 0 20.3976 18.3882 0 33.7293 18.0282 0 20.0948 17.4585 0 34.1283 17.1437 0 19.6038 16.6281 0 34.7062 16.376 0 18.9448 15.9311 0 35.4395 15.7568 0 18.1448 15.3959 0 36.298 15.3112 0 17.2365 15.0577 0 16.2571 15.0064 0 15.2468 15.1596 0 14.2467 15.511 0 13.298 16.0461 0 12.4395 16.7431 0 11.7062 17.5735 0 11.1283 18.5032 0 10.7293 15.0446 0 37.2467 14.8914 0 38.2468 19.1535 0 89.3977 20.1599 0 89.5 15.3196 0 83.2467 15.1664 0 84.2468 15.2176 0 85.2571 15.4712 0 86.2365 15.9167 0 87.1448 16.536 0 87.9448 17.3036 0 88.6038 18.1882 0 89.0948 24.9936 3 15.2468 24.9423 3 16.2571 24.6888 3 17.2365 24.2432 3 18.1448 23.624 3 18.9448 22.8563 3 19.6038 21.9718 3 20.0948 21.0065 3 20.3976 20 3 20.5 18.9935 3 20.3976 18.0282 3 20.0948 17.1437 3 19.6038 16.376 3 18.9448 15.7568 3 18.1448 15.3112 3 17.2365 15.0577 3 16.2571 15.0064 3 15.2468 15.1596 3 14.2467 15.511 3 13.298 16.0461 3 12.4395 16.7431 3 11.7062 17.5735 3 11.1283 18.5032 3 10.7293 19.4942 3 10.5257 20.5058 3 10.5257 21.4968 3 10.7293 22.4265 3 11.1283 23.2569 3 11.7062 23.9539 3 12.4395 24.489 3 13.298 24.8404 3 14.2467 124.994 3 84.2468 124.942 3 85.2571 124.689 3 86.2365 124.243 3 87.1448 123.624 3 87.9448 122.856 3 88.6038 121.972 3 89.0948 121.006 3 89.3977 120 3 89.5 118.994 3 89.3977 118.028 3 89.0948 117.144 3 88.6038 116.376 3 87.9448 115.757 3 87.1448 115.311 3 86.2365 115.058 3 85.2571 115.006 3 84.2468 115.16 3 83.2467 115.511 3 82.29801 116.046 3 81.4395 116.743 3 80.7062 117.573 3 80.1283 118.503 3 79.7293 119.494 3 79.5257 120.506 3 79.5257 121.497 3 79.7293 122.427 3 80.1283 123.257 3 80.7062 123.954 3 81.4395 124.489 3 82.29801 124.84 3 83.2467 99.9936 3 25.2468 99.9423 3 26.2571 99.6888 3 27.2365 99.2432 3 28.1448 98.62401 3 28.9448 97.8563 3 29.6038 96.9718 3 30.0948 96.0065 3 30.3976 95 3 30.5 93.9935 3 30.3976 93.0282 3 30.0948 92.1437 3 29.6038 91.37601 3 28.9448 90.7568 3 28.1448 90.3112 3 27.2365 90.0577 3 26.2571 90.0064 3 25.2468 90.1596 3 24.2467 90.511 3 23.298 91.0461 3 22.4395 91.7431 3 21.7062 92.5735 3 21.1283 93.5032 3 20.7293 94.4942 3 20.5257 95.5058 3 20.5257 96.4968 3 20.7293 97.4265 3 21.1283 98.2569 3 21.7062 98.9539 3 22.4395 99.48901 3 23.298 99.8404 3 24.2467 74.9936 3 15.2468 74.9423 3 16.2571 74.6888 3 17.2365 74.2432 3 18.1448 73.624 3 18.9448 72.8563 3 19.6038 71.9718 3 20.0948 71.0065 3 20.3976 70 3 20.5 68.9935 3 20.3976 68.0282 3 20.0948 67.1437 3 19.6038 66.376 3 18.9448 65.7568 3 18.1448 65.3112 3 17.2365 65.0577 3 16.2571 65.0064 3 15.2468 65.1596 3 14.2467 65.511 3 13.298 66.0461 3 12.4395 66.7431 3 11.7062 67.5735 3 11.1283 68.5032 3 10.7293 69.4942 3 10.5257 70.5058 3 10.5257 71.4968 3 10.7293 72.4265 3 11.1283 73.2569 3 11.7062 73.9539 3 12.4395 74.48901 3 13.298 74.8404 3 14.2467 49.9936 3 49.7468 49.9423 3 50.7571 49.6888 3 51.7365 49.2432 3 52.6448 48.624 3 53.4448 47.8563 3 54.1038 46.9718 3 54.5948 46.0065 3 54.8976 45 3 55 43.9935 3 54.8976 43.0282 3 54.5948 42.1437 3 54.1038 41.376 3 53.4448 40.7568 3 52.6448 40.3112 3 51.7365 40.0577 3 50.7571 40.0064 3 49.7468 40.1596 3 48.7467 40.511 3 47.798 41.0461 3 46.9395 41.7431 3 46.2062 42.5735 3 45.6283 43.5032 3 45.2293 44.4942 3 45.0257 45.5058 3 45.0257 46.4968 3 45.2293 47.4265 3 45.6283 48.2569 3 46.2062 48.9539 3 46.9395 49.489 3 47.798 49.8404 3 48.7467 25.1535 3 84.2468 25.1023 3 85.2571 24.8487 3 86.2365 24.4032 3 87.1448 23.7839 3 87.9448 23.0163 3 88.6038 22.1317 3 89.0948 21.1664 3 89.3977 20.1599 3 89.5 19.1535 3 89.3977 18.1882 3 89.0948 17.3036 3 88.6038 16.536 3 87.9448 15.9167 3 87.1448 15.4712 3 86.2365 15.2176 3 85.2571 15.1664 3 84.2468 15.3196 3 83.2467 15.6709 3 82.29801 16.2061 3 81.4395 16.9031 3 80.7062 17.7334 3 80.1283 18.6631 3 79.7293 19.6541 3 79.5257 20.6658 3 79.5257 21.6568 3 79.7293 22.5865 3 80.1283 23.4168 3 80.7062 24.1138 3 81.4395 24.649 3 82.29801 25.0003 3 83.2467 24.5811 3 61.2468 24.5299 3 62.2571 24.2763 3 63.2365 23.8308 3 64.1448 23.2115 3 64.9448 22.4439 3 65.6038 21.5593 3 66.0948 20.594 3 66.3977 19.5875 3 66.5 18.581 3 66.3977 17.6158 3 66.0948 16.7312 3 65.6038 15.9636 3 64.9448 15.3443 3 64.1448 14.8988 3 63.2365 14.6452 3 62.2571 14.594 3 61.2468 14.7472 3 60.2467 15.0985 3 59.298 15.6337 3 58.4395 16.3307 3 57.7062 17.161 3 57.1283 18.0907 3 56.7293 19.0817 3 56.5257 20.0934 3 56.5257 21.0844 3 56.7293 22.014 3 57.1283 22.8444 3 57.7062 23.5414 3 58.4395 24.0766 3 59.298 24.4279 3 60.2467 49.9936 3 74.2468 49.9423 3 75.2571 49.6888 3 76.2365 49.2432 3 77.1448 48.624 3 77.9448 47.8563 3 78.6038 46.9718 3 79.0948 46.0065 3 79.3977 45 3 79.5 43.9935 3 79.3977 43.0282 3 79.0948 42.1437 3 78.6038 41.376 3 77.9448 40.7568 3 77.1448 40.3112 3 76.2365 40.0577 3 75.2571 40.0064 3 74.2468 40.1596 3 73.2467 40.511 3 72.29801 41.0461 3 71.4395 41.7431 3 70.7062 42.5735 3 70.1283 43.5032 3 69.7293 44.4942 3 69.5257 45.5058 3 69.5257 46.4968 3 69.7293 47.4265 3 70.1283 48.2569 3 70.7062 48.9539 3 71.4395 49.489 3 72.29801 49.8404 3 73.2467 24.8786 3 38.2468 24.8273 3 39.2571 24.5737 3 40.2365 24.1282 3 41.1448 23.5089 3 41.9448 22.7413 3 42.6038 21.8567 3 43.0948 20.8915 3 43.3976 19.885 3 43.5 18.8785 3 43.3976 17.9132 3 43.0948 17.0286 3 42.6038 16.261 3 41.9448 15.6417 3 41.1448 15.1962 3 40.2365 14.9426 3 39.2571 14.8914 3 38.2468 15.0446 3 37.2467 15.3959 3 36.298 15.9311 3 35.4395 16.6281 3 34.7062 17.4585 3 34.1283 18.3882 3 33.7293 19.3791 3 33.5257 20.3908 3 33.5257 21.3818 3 33.7293 22.3115 3 34.1283 23.1418 3 34.7062 23.8388 3 35.4395 24.374 3 36.298 24.7254 3 37.2467 49.9936 3 25.2468 49.9423 3 26.2571 49.6888 3 27.2365 49.2432 3 28.1448 48.624 3 28.9448 47.8563 3 29.6038 46.9718 3 30.0948 46.0065 3 30.3976 45 3 30.5 43.9935 3 30.3976 43.0282 3 30.0948 42.1437 3 29.6038 41.376 3 28.9448 40.7568 3 28.1448 40.3112 3 27.2365 40.0577 3 26.2571 40.0064 3 25.2468 40.1596 3 24.2467 40.511 3 23.298 41.0461 3 22.4395 41.7431 3 21.7062 42.5735 3 21.1283 43.5032 3 20.7293 44.4942 3 20.5257 45.5058 3 20.5257 46.4968 3 20.7293 47.4265 3 21.1283 48.2569 3 21.7062 48.9539 3 22.4395 49.489 3 23.298 49.8404 3 24.2467 99.9936 3 49.7468 99.9423 3 50.7571 99.6888 3 51.7365 99.2432 3 52.6448 98.62401 3 53.4448 97.8563 3 54.1038 96.9718 3 54.5948 96.0065 3 54.8976 95 3 55 93.9935 3 54.8976 93.0282 3 54.5948 92.1437 3 54.1038 91.37601 3 53.4448 90.7568 3 52.6448 90.3112 3 51.7365 90.0577 3 50.7571 90.0064 3 49.7468 90.1596 3 48.7467 90.511 3 47.798 91.0461 3 46.9395 91.7431 3 46.2062 92.5735 3 45.6283 93.5032 3 45.2293 94.4942 3 45.0257 95.5058 3 45.0257 96.4968 3 45.2293 97.4265 3 45.6283 98.2569 3 46.2062 98.9539 3 46.9395 99.48901 3 47.798 99.8404 3 48.7467 124.994 3 15.2468 124.942 3 16.2571 124.689 3 17.2365 124.243 3 18.1448 123.624 3 18.9448 122.856 3 19.6038 121.972 3 20.0948 121.006 3 20.3976 120 3 20.5 118.994 3 20.3976 118.028 3 20.0948 117.144 3 19.6038 116.376 3 18.9448 115.757 3 18.1448 115.311 3 17.2365 115.058 3 16.2571 115.006 3 15.2468 115.16 3 14.2467 115.511 3 13.298 116.046 3 12.4395 116.743 3 11.7062 117.573 3 11.1283 118.503 3 10.7293 119.494 3 10.5257 120.506 3 10.5257 121.497 3 10.7293 122.427 3 11.1283 123.257 3 11.7062 123.954 3 12.4395 124.489 3 13.298 124.84 3 14.2467 124.994 3 38.2468 124.942 3 39.2571 124.689 3 40.2365 124.243 3 41.1448 123.624 3 41.9448 122.856 3 42.6038 121.972 3 43.0948 121.006 3 43.3976 120 3 43.5 118.994 3 43.3976 118.028 3 43.0948 117.144 3 42.6038 116.376 3 41.9448 115.757 3 41.1448 115.311 3 40.2365 115.058 3 39.2571 115.006 3 38.2468 115.16 3 37.2467 115.511 3 36.298 116.046 3 35.4395 116.743 3 34.7062 117.573 3 34.1283 118.503 3 33.7293 119.494 3 33.5257 120.506 3 33.5257 121.497 3 33.7293 122.427 3 34.1283 123.257 3 34.7062 123.954 3 35.4395 124.489 3 36.298 124.84 3 37.2467 124.994 3 61.2468 124.942 3 62.2571 124.689 3 63.2365 124.243 3 64.1448 123.624 3 64.9448 122.856 3 65.6038 121.972 3 66.0948 121.006 3 66.3977 120 3 66.5 118.994 3 66.3977 118.028 3 66.0948 117.144 3 65.6038 116.376 3 64.9448 115.757 3 64.1448 115.311 3 63.2365 115.058 3 62.2571 115.006 3 61.2468 115.16 3 60.2467 115.511 3 59.298 116.046 3 58.4395 116.743 3 57.7062 117.573 3 57.1283 118.503 3 56.7293 119.494 3 56.5257 120.506 3 56.5257 121.497 3 56.7293 122.427 3 57.1283 123.257 3 57.7062 123.954 3 58.4395 124.489 3 59.298 124.84 3 60.2467 74.9936 3 38.2468 74.9423 3 39.2571 74.6888 3 40.2365 74.2432 3 41.1448 73.624 3 41.9448 72.8563 3 42.6038 71.9718 3 43.0948 71.0065 3 43.3976 70 3 43.5 68.9935 3 43.3976 68.0282 3 43.0948 67.1437 3 42.6038 66.376 3 41.9448 65.7568 3 41.1448 65.3112 3 40.2365 65.0577 3 39.2571 65.0064 3 38.2468 65.1596 3 37.2467 65.511 3 36.298 66.0461 3 35.4395 66.7431 3 34.7062 67.5735 3 34.1283 68.5032 3 33.7293 69.4942 3 33.5257 70.5058 3 33.5257 71.4968 3 33.7293 72.4265 3 34.1283 73.2569 3 34.7062 73.9539 3 35.4395 74.48901 3 36.298 74.8404 3 37.2467 99.9936 3 74.2468 99.9423 3 75.2571 99.6888 3 76.2365 99.2432 3 77.1448 98.62401 3 77.9448 97.8563 3 78.6038 96.9718 3 79.0948 96.0065 3 79.3977 95 3 79.5 93.9935 3 79.3977 93.0282 3 79.0948 92.1437 3 78.6038 91.37601 3 77.9448 90.7568 3 77.1448 90.3112 3 76.2365 90.0577 3 75.2571 90.0064 3 74.2468 90.1596 3 73.2467 90.511 3 72.29801 91.0461 3 71.4395 91.7431 3 70.7062 92.5735 3 70.1283 93.5032 3 69.7293 94.4942 3 69.5257 95.5058 3 69.5257 96.4968 3 69.7293 97.4265 3 70.1283 98.2569 3 70.7062 98.9539 3 71.4395 99.48901 3 72.29801 99.8404 3 73.2467 74.9936 3 61.2468 74.9423 3 62.2571 74.6888 3 63.2365 74.2432 3 64.1448 73.624 3 64.9448 72.8563 3 65.6038 71.9718 3 66.0948 71.0065 3 66.3977 70 3 66.5 68.9935 3 66.3977 68.0282 3 66.0948 67.1437 3 65.6038 66.376 3 64.9448 65.7568 3 64.1448 65.3112 3 63.2365 65.0577 3 62.2571 65.0064 3 61.2468 65.1596 3 60.2467 65.511 3 59.298 66.0461 3 58.4395 66.7431 3 57.7062 67.5735 3 57.1283 68.5032 3 56.7293 69.4942 3 56.5257 70.5058 3 56.5257 71.4968 3 56.7293 72.4265 3 57.1283 73.2569 3 57.7062 73.9539 3 58.4395 74.48901 3 59.298 74.8404 3 60.2467 74.9936 3 84.2468 74.9423 3 85.2571 74.6888 3 86.2365 74.2432 3 87.1448 73.624 3 87.9448 72.8563 3 88.6038 71.9718 3 89.0948 71.0065 3 89.3977 70 3 89.5 68.9935 3 89.3977 68.0282 3 89.0948 67.1437 3 88.6038 66.376 3 87.9448 65.7568 3 87.1448 65.3112 3 86.2365 65.0577 3 85.2571 65.0064 3 84.2468 65.1596 3 83.2467 65.511 3 82.29801 66.0461 3 81.4395 66.7431 3 80.7062 67.5735 3 80.1283 68.5032 3 79.7293 69.4942 3 79.5257 70.5058 3 79.5257 71.4968 3 79.7293 72.4265 3 80.1283 73.2569 3 80.7062 73.9539 3 81.4395 74.48901 3 82.29801 74.8404 3 83.2467</float_array>
          <technique_common>
            <accessor source="#shape0_006-mesh-positions-array" count="3092" stride="3">
              <param name="X" type="float"/>
              <param name="Y" type="float"/>
              <param name="Z" type="float"/>
            </accessor>
          </technique_common>
        </source>
        <source id="shape0_006-mesh-normals">
          <float_array id="shape0_006-mesh-normals-array" count="5283">-0.9941391 0 -0.108109 -0.9941393 0 -0.1081067 -0.9941393 0 0.1081067 -0.9941391 0 0.108109 -0.9476514 0 0.3193068 -0.8568487 0 0.5155681 -0.7259843 0 0.6877112 -0.7259794 0 0.6877164 -0.5611991 0 0.8276809 -0.5612062 0 0.827676 -0.3701633 0 0.9289667 -0.1617668 0 0.9868291 -0.1617463 0 0.9868324 0.0541411 0 0.9985333 0.05416196 0 0.9985322 0.2675009 0 0.9635577 0.2675106 0 0.963555 0.4684212 0 0.8835053 0.4684132 0 0.8835096 0.6473494 0 0.7621934 0.7961124 0 0.6051489 0.7961122 0 0.6051491 0.9075694 0 0.4199024 0.9075674 0 0.4199064 0.9766251 0 0.2149502 0.9766246 0 0.2149524 1 0 0 0.9766251 0 -0.2149502 0.9766246 0 -0.2149524 0.9075694 0 -0.4199024 0.9075693 0 -0.4199025 0.7961124 0 -0.6051489 0.7961046 0 -0.6051592 0.6473616 0 -0.7621832 0.6473494 0 -0.7621934 0.4684131 0 -0.8835096 0.4684132 0 -0.8835096 0.2675009 0 -0.9635577 0.05417239 0 -0.9985317 0.05415153 0 -0.9985328 -0.1617464 0 -0.9868324 -0.1617463 0 -0.9868324 -0.3701813 0 -0.9289596 -0.3701633 0 -0.9289667 -0.5612134 0 -0.8276712 -0.5611991 0 -0.8276809 -0.7259893 0 -0.6877061 -0.7259794 0 -0.6877164 -0.8568487 0 -0.5155681 -0.9476493 0 -0.3193132 -0.9476514 0 -0.3193068 -0.9941098 0 -0.1083783 -0.9941098 0 -0.1083783 -0.9941098 1.99942e-7 -0.1083783 -0.9941619 0 -0.1078995 -0.9941619 0 0.1078995 -0.9941098 0 0.1083783 -0.9941098 -1.99942e-7 0.1083783 -0.9941098 0 0.1083783 -0.947664 0 0.3192696 -0.947664 0 0.3192696 -0.947664 0 0.3192696 -0.947664 0 0.3192696 -0.947664 0 0.3192696 -0.947664 0 0.3192696 -0.8567131 0 0.5157933 -0.726071 0 0.6876198 -0.7260661 0 0.6876251 -0.5613862 0 0.827554 -0.5613934 0 0.8275492 -0.3701521 0 0.9289712 -0.1618065 0 0.9868225 -0.1617862 0 0.9868258 0.05412167 0 0.9985345 0.05414253 0 0.9985333 0.2673941 0 0.9635874 0.2674037 0 0.9635847 0.4687303 0 0.8833414 0.4687222 0 0.8833457 0.6471647 0 0.7623502 0.7960581 0 0.6052203 0.9075934 0 0.4198504 0.9075934 0 0.4198504 0.9075934 1.73769e-7 0.4198504 0.9075916 0 0.4198544 0.9075916 0 0.4198544 0.9075916 0 0.4198544 0.9766117 0 0.2150111 0.9766322 0 0.2149174 0.9766117 0 0.2150111 0.9764459 0 0.2157623 0.9766117 0 -0.2150111 0.9766117 0 -0.2150111 0.9766117 0 -0.2150111 0.9764459 0 -0.2157623 0.9075934 0 -0.4198504 0.9075934 0 -0.4198504 0.9075934 0 -0.4198504 0.9075934 0 -0.4198504 0.9075934 -1.7434e-7 -0.4198504 0.9075934 0 -0.4198504 0.7960581 0 -0.6052203 0.7960505 0 -0.6052304 0.6471769 0 -0.76234 0.6471647 0 -0.7623502 0.4687222 0 -0.8833457 0.2673941 0 -0.9635874 0.0541529 0 -0.9985327 0.0541321 0 -0.9985339 -0.1617862 0 -0.9868258 -0.3701702 0 -0.928964 -0.3701521 0 -0.9289712 -0.5614005 0 -0.8275443 -0.5613862 0 -0.827554 -0.7260759 0 -0.6876146 -0.7260661 0 -0.6876251 -0.8567131 0 -0.5157933 -0.9475547 0 -0.3195939 -0.947664 0 -0.3192696 -0.947664 0 -0.3192696 -0.947664 0 -0.3192696 -0.9941392 0 -0.1081079 -0.9941392 0 0.1081079 -0.9476504 0 0.31931 -0.7259893 0 0.6877061 -0.1617566 0 0.9868308 -0.1617565 0 0.9868308 0.05415153 0 0.9985328 0.4684131 0 0.8835096 0.6474162 0 0.7621366 0.6474102 0 0.7621418 0.7960741 0 0.6051992 0.7960702 0 0.6052045 0.9075693 0 0.4199025 0.7960703 0 -0.6052043 0.7960702 0 -0.6052045 0.6474162 0 -0.7621366 0.2675106 0 -0.963555 0.05416196 0 -0.9985322 -0.1617566 0 -0.9868308 -0.3701723 0 -0.9289632 -0.5612062 0 -0.827676 -0.7259843 0 -0.6877112 -0.8568459 0 -0.5155727 -0.9476504 0 -0.31931 -0.9941617 0 -0.1079 -0.9941617 0 -0.1079006 -0.9941617 0 0.1079006 -0.9477088 0 0.3191365 -0.9477394 0 0.3190456 -0.9477088 1.3148e-7 0.3191365 -0.9477394 0 0.3190456 -0.9477088 0 0.3191365 -0.9477088 0 0.3191365 -0.7260686 0 0.6876224 -0.3701476 0 0.928973 -0.1617964 0 0.9868242 -0.1618015 0 0.9868234 0.05413728 0 0.9985335 0.2677174 0 0.9634975 0.2677174 0 0.9634975 0.2677174 0 0.9634975 0.267727 0 0.9634948 0.267727 -2.14845e-7 0.9634948 0.267727 0 0.9634948 0.6475939 0 0.7619858 0.6475939 0 0.7619857 0.6475939 0 0.7619858 0.6475939 0 0.7619857 0.6475939 -4.47731e-7 0.7619858 0.6475939 0 0.7619858 0.7960159 0 0.6052757 0.7960178 0 0.6052731 0.9075934 0 0.4198504 0.9075934 0 0.4198504 0.9075934 1.74112e-7 0.4198504 0.9076547 0 0.4197179 0.9076547 0 0.4197179 0.9076547 0 0.4197179 0.9765493 0 0.2152941 0.9765493 0 0.2152941 0.9765493 0 0.2152941 0.9765493 0 0.2152941 0.9765493 0 0.2152941 0.9765493 0 0.2152941 0.9765493 0 -0.2152941 0.9765493 0 -0.2152941 0.9765493 0 -0.2152941 0.9765493 0 -0.2152941 0.9765493 0 -0.2152941 0.9765493 0 -0.2152941 0.9075934 0 -0.4198504 0.9075934 0 -0.4198504 0.9076547 0 -0.4197179 0.9076547 0 -0.4197179 0.9076547 0 -0.4197179 0.7960159 0 -0.6052757 0.7960178 0 -0.6052731 0.6475939 0 -0.7619858 0.6475939 0 -0.7619857 0.6475939 4.47845e-7 -0.7619858 0.6475939 0 -0.7619857 0.6475939 0 -0.7619858 0.6475939 0 -0.7619858 0.2677223 0 -0.9634962 0.2677223 0 -0.9634962 0.2677223 3.69256e-7 -0.9634962 0.2677223 0 -0.9634962 0.2677223 0 -0.9634962 0.2677223 0 -0.9634962 0.05413728 0 -0.9985335 -0.1617964 0 -0.9868242 -0.3701567 0 -0.9289694 -0.5613934 0 -0.8275492 -0.7260686 0 -0.6876224 -0.726071 0 -0.6876198 -0.8567118 0 -0.5157955 -0.9475563 0 -0.3195891 -0.9477394 0 -0.3190456 -0.9477088 -1.3148e-7 -0.3191365 -0.9477088 0 -0.3191365 -0.947664 0 0.3192696 -0.947664 0 0.3192696 -0.947664 0 0.3192696 -0.7260759 0 0.6876146 0.0541321 0 0.9985339 0.6472315 0 0.7622935 0.6472254 0 0.7622987 0.7960197 0 0.6052706 0.9075934 0 0.4198504 0.9075934 0 0.4198504 0.9075934 0 0.4198504 0.9075934 0 0.4198504 0.9765493 0 -0.2152941 0.9765493 0 -0.2152941 0.9765493 1.48281e-7 -0.2152941 0.9765493 0 -0.2152941 0.9765493 0 -0.2152941 0.9075934 0 -0.4198504 0.6472315 0 -0.7622935 0.2674037 0 -0.9635847 0.05414253 0 -0.9985333 -0.3701612 0 -0.9289677 -0.8567104 0 -0.5157979 -0.9477088 0 -0.3191365 -0.9477394 0 -0.3190456 -0.9477088 0 -0.3191365 -0.947664 0 -0.3192696 -0.947664 0 -0.3192696 -0.947664 0 -0.3192696 -0.9941393 0 -0.1081073 -0.7259819 0 0.6877139 -0.3701587 0 0.9289686 -0.1617616 0 0.9868299 0.05415678 0 0.9985325 0.6474132 0 0.7621393 0.7960703 0 0.6052043 0.7960721 0 0.605202 0.9075703 0 0.4199005 0.9075703 0 -0.4199005 0.7960721 0 -0.605202 0.6474132 0 -0.7621393 0.2675057 0 -0.9635564 0.05415678 0 -0.9985325 0.05415672 0 -0.9985325 -0.3701677 0 -0.9289649 -0.7259819 0 -0.6877139 -0.8568472 0 -0.5155704 -0.9476509 0 -0.3193084 -0.9975666 0 -0.06971985 -0.9975666 0 0.06971985 -0.9781566 0 0.2078692 -0.9396694 0 0.3420841 -0.8828029 0 0.4697438 -0.8828029 0 0.4697438 -0.8828029 0 0.4697438 -0.8828029 0 0.4697438 -0.8828029 -4.20149e-7 0.4697438 -0.8828029 0 0.4697438 -0.8090695 0 0.587713 -0.8090695 0 0.587713 -0.8090695 0 0.587713 -0.8091239 0 0.5876382 -0.8091239 0 0.5876382 -0.8091239 0 0.5876382 -0.7193443 0 0.6946538 -0.719347 0 0.694651 -0.6157546 0 0.7879381 -0.4999997 0 0.8660257 -0.3745886 0 0.9271911 -0.2419539 0 0.9702879 -0.1045362 0 0.9945212 0.03492403 0 0.9993901 0.0349183 0 0.9993902 0.1736305 0 0.9848109 0.3089709 0 0.9510715 0.4384284 0 0.8987662 0.5592942 0 0.8289693 0.668968 0 0.7432913 0.6689648 0 0.7432941 0.766187 0 0.6426178 0.8481072 0 0.5298247 0.9133538 0 0.407167 0.9133547 0 0.4071649 0.9612623 0 0.2756354 0.9902545 0 0.1392702 0.9902745 0 0.1391278 0.9902545 1.39595e-7 0.1392702 0.9902544 0 0.139271 0.9902544 0 0.139271 0.9902544 0 0.139271 0.9902545 0 -0.1392702 0.9902745 0 -0.1391278 0.9902545 0 -0.1392702 0.9902745 0 -0.1391278 0.9902545 -1.39709e-7 -0.1392702 0.9902545 0 -0.1392702 0.9612615 0 -0.2756384 0.9612623 0 -0.2756354 0.9134904 0 -0.4068605 0.9134904 0 -0.4068605 0.9134904 0 -0.4068605 0.9135508 0 -0.4067249 0.9135508 0 -0.4067249 0.9135508 0 -0.4067249 0.8481056 0 -0.5298273 0.8481072 0 -0.5298247 0.766187 0 -0.6426178 0.6689648 0 -0.7432941 0.668968 0 -0.7432913 0.5592942 0 -0.8289693 0.4384376 0 -0.8987617 0.438433 0 -0.8987639 0.3089709 0 -0.9510715 0.3089606 0 -0.9510748 0.1736305 0 -0.9848109 0.1736249 0 -0.9848119 0.03492403 0 -0.9993901 -0.1045362 0 -0.9945212 -0.2419592 0 -0.9702864 -0.2419485 0 -0.9702891 -0.3745886 0 -0.9271911 -0.3745935 0 -0.9271892 -0.4999954 0 -0.8660282 -0.4999997 0 -0.8660257 -0.6157546 0 -0.7879381 -0.6157581 0 -0.7879353 -0.7193443 0 -0.6946538 -0.8087273 0 -0.5881838 -0.8087332 0 -0.5881757 -0.8830754 0 -0.4692311 -0.8830717 0 -0.4692382 -0.9396687 0 -0.3420858 -0.9781569 0 -0.207868 -0.9781566 0 -0.2078692 -0.9975618 0 -0.06978923 -0.9975618 0 0.06978923 -0.9975618 0 0.06978911 -0.9781567 0 0.2078689 -0.9396895 0 0.342029 -0.9396896 0 0.3420285 -0.8829393 0 0.4694871 -0.882939 0 0.4694878 -0.8090289 0 0.5877689 -0.8090292 0 0.5877686 -0.7193243 0 0.6946744 -0.7193247 0 0.6946741 -0.6156667 0 0.7880067 -0.6156659 0 0.7880073 -0.5000103 0 0.8660195 -0.5000109 0 0.8660192 -0.374607 0 0.9271837 -0.2419188 0 0.9702965 -0.2419195 0 0.9702964 -0.1045286 0 0.994522 -0.1045282 0 0.994522 0.03490042 0 0.9993909 0.03490072 0 0.9993908 0.173653 0 0.9848069 0.1736522 0 0.9848071 0.3090035 0 0.9510609 0.3090042 0 0.9510608 0.4383765 0 0.8987915 0.4383771 0 0.8987912 0.5591844 0 0.8290433 0.5591854 0 0.8290427 0.6691518 0 0.7431258 0.6691522 0 0.7431254 0.7660271 0 0.6428083 0.8480566 0 0.5299057 0.8480573 0 0.5299048 0.9135432 0 0.4067419 0.9612629 0 0.2756335 0.961263 0 0.2756331 0.9902683 0 0.1391721 0.9902682 0 -0.1391719 0.961263 0 -0.2756331 0.9612625 0 -0.2756346 0.9135437 0 -0.4067408 0.9135432 0 -0.4067419 0.8480497 0 -0.5299169 0.8480489 0 -0.5299181 0.7660266 0 -0.642809 0.7660278 0 -0.6428076 0.6691588 0 -0.7431194 0.6691604 0 -0.7431181 0.559202 0 -0.8290315 0.4383575 0 -0.8988007 0.3090421 0 -0.9510484 0.3090472 0 -0.9510468 0.1735937 0 -0.9848174 0.1735965 0 -0.9848169 0.03492808 0 -0.9993898 0.03492522 0 -0.99939 -0.1045222 0 -0.9945226 -0.2419369 0 -0.9702921 -0.3746143 0 -0.9271807 -0.3746119 0 -0.9271818 -0.5000001 0 -0.8660253 -0.6156592 0 -0.7880125 -0.6156575 0 -0.7880139 -0.7193151 0 -0.694684 -0.8090409 0 -0.5877524 -0.80904 0 -0.5877537 -0.8829374 0 -0.4694907 -0.8829381 0 -0.4694895 -0.9396891 0 -0.3420299 -0.9396895 0 -0.342029 -0.9781568 0 -0.2078686 -0.9781425 0 0.2079358 -0.9396919 0 0.3420226 -0.8829349 0 0.4694956 -0.8090409 0 0.5877524 -0.8090389 0 0.587755 -0.7193145 0 0.6946847 -0.7193171 0 0.6946818 -0.6156581 0 0.7880135 -0.3746128 0 0.9271814 -0.2419387 0 0.9702916 -0.1045222 0 0.9945226 0.03493094 0 0.9993898 0.03492528 0 0.99939 0.1735965 0 0.9848169 0.3090468 0 0.9510468 0.438354 0 0.8988025 0.559202 0 0.8290315 0.669162 0 0.7431167 0.6691588 0 0.7431194 0.7660266 0 0.642809 0.8480491 0 0.5299178 0.9135478 0 0.4067315 0.9135488 0 0.4067294 0.9902663 0 0.1391855 0.9902662 0 0.1391863 0.9902663 0 -0.1391855 0.9612622 0 -0.2756361 0.9135478 0 -0.4067315 0.9135497 0 -0.4067273 0.8480474 0 -0.5299203 0.8480491 0 -0.5299178 0.669162 0 -0.7431167 0.4383631 0 -0.898798 0.4383586 0 -0.8988002 0.3090468 0 -0.9510468 0.3090366 0 -0.9510502 0.173591 0 -0.9848179 0.03493094 0 -0.9993898 -0.241944 0 -0.9702903 -0.2419333 0 -0.9702929 -0.3746128 0 -0.9271814 -0.3746176 0 -0.9271794 -0.6156581 0 -0.7880135 -0.6156616 0 -0.7880107 -0.7193145 0 -0.6946847 -0.809037 0 -0.5877578 -0.8090429 0 -0.5877497 -0.8829374 0 -0.4694908 -0.8829337 0 -0.4694979 -0.9396911 0 -0.3420244 -0.9781428 0 -0.2079346 -0.9781425 0 -0.2079358 -0.9975618 0 -0.06978911 -0.9396902 0 0.342027 -0.9396895 0 0.3420288 -0.8829357 0 0.4694941 -0.8829395 0 0.469487 -0.8090429 0 0.5877497 -0.809037 0 0.5877578 -0.6156616 0 0.7880107 -0.2419393 0 0.9702914 0.173596 0 0.984817 0.3090578 0 0.9510433 0.3090425 0 0.9510483 0.4383575 0 0.8988007 0.4383484 0 0.8988052 0.6691526 0 0.7431251 0.7660312 0 0.6428034 0.8480474 0 0.5299203 0.9135497 0 0.4067273 0.9902661 0 0.139187 0.9902666 0 -0.1391839 0.8480507 0 -0.5299152 0.7660242 0 -0.6428118 0.766029 0 -0.6428062 0.6691557 0 -0.7431223 0.5592059 0 -0.8290289 0.5591981 0 -0.8290342 0.4383621 0 -0.8987985 0.3090322 0 -0.9510516 0.3090425 0 -0.9510483 0.1735906 0 -0.984818 0.1736015 0 -0.984816 -0.2419393 0 -0.9702914 -0.3746225 0 -0.9271774 -0.4999911 0 -0.8660306 -0.6156545 0 -0.7880162 -0.6156687 0 -0.7880052 -0.719309 0 -0.6946904 -0.8090389 0 -0.587755 -0.8829395 0 -0.469487 -0.8829369 0 -0.4694917 -0.9396888 0 -0.3420306 -0.9781571 0 -0.2078669 -0.8828029 0 0.4697438 -0.8828029 0 0.4697438 -0.8828029 0 0.4697438 -0.8828029 -5.92961e-7 0.4697438 -0.8828029 0 0.4697438 -0.8087332 0 0.5881757 -0.8090112 0 0.5877934 -0.8090112 0 0.5877934 -0.8090112 0 0.5877934 -0.7193387 0 0.6946595 -0.6157652 0 0.7879298 -0.615751 0 0.7879408 0.03491264 0 0.9993904 0.173636 0 0.9848099 0.1736249 0 0.9848119 0.3089863 0 0.9510666 0.3089658 0 0.9510732 0.4384376 0 0.8987617 0.4384192 0 0.8987707 0.5592903 0 0.828972 0.5592981 0 0.8289667 0.669211 0 0.7430725 0.669211 -2.13245e-7 0.7430725 0.669211 0 0.7430725 0.7661846 0 0.6426206 0.7661893 0 0.642615 0.8481088 0 0.5298222 0.8481056 0 0.5298273 0.9135508 0 0.4067249 0.9135508 0 0.4067249 0.9135508 0 0.4067249 0.9134904 0 0.4068605 0.9134904 0 0.4068605 0.9134904 0 0.4068605 0.9902545 0 0.1392702 0.9902745 0 0.1391278 0.9902545 1.39366e-7 0.1392702 0.9903209 0 0.1387971 0.9903212 0 -0.1387955 0.9903213 0 -0.1387939 0.8481088 0 -0.5298222 0.7661846 0 -0.6426206 0.7661893 0 -0.642615 0.669211 0 -0.7430725 0.669211 0 -0.7430725 0.669211 0 -0.7430725 0.5592981 0 -0.8289667 0.5592903 0 -0.828972 0.3089554 0 -0.9510765 0.3089658 0 -0.9510732 0.173636 0 -0.9848099 -0.2419539 0 -0.9702879 -0.3745983 0 -0.9271872 -0.615751 0 -0.7879408 -0.6157652 0 -0.7879298 -0.8090112 0 -0.5877933 -0.8090112 0 -0.5877934 -0.8090112 0 -0.5877934 -0.8828029 0 -0.4697438 -0.8828029 0 -0.4697438 -0.8828029 5.92961e-7 -0.4697438 -0.8828029 0 -0.4697438 -0.8828029 0 -0.4697438 -0.8828029 0 -0.4697438 -0.9396681 0 -0.3420877 -0.9975664 0 -0.0697236 -0.9975664 0 0.0697236 -0.9781435 0 0.2079311 -0.939689 0 0.3420302 -0.8829653 0 0.4694384 -0.8090122 0 0.587792 -0.8090083 0 0.5877974 -0.7193419 0 0.6946563 -0.7193474 0 0.6946506 -0.6156681 0 0.7880057 -0.6156539 0 0.7880167 -0.4999722 0 0.8660415 -0.3746119 0 0.9271818 -0.2419548 0 0.9702876 -0.1045155 0 0.9945233 0.03491955 0 0.9993902 0.03493088 0 0.9993898 0.1736019 0 0.9848159 0.173591 0 0.9848179 0.3090816 0 0.9510356 0.3090611 0 0.9510422 0.4383365 0 0.8988111 0.4383181 0 0.8988201 0.5592286 0 0.8290136 0.5592364 0 0.8290082 0.6691295 0 0.7431458 0.6691232 0 0.7431515 0.766056 0 0.6427738 0.7660607 0 0.6427682 0.8480219 0 0.5299612 0.8480188 0 0.5299664 0.9135569 0 0.4067112 0.9135549 0 0.4067154 0.9612615 0 0.2756382 0.9902681 0 0.1391733 0.9902678 0 0.1391749 0.9902681 0 -0.1391733 0.9902683 0 -0.1391718 0.9612606 0 -0.2756413 0.9135549 0 -0.4067154 0.9135569 0 -0.4067112 0.8480188 0 -0.5299664 0.8480219 0 -0.5299612 0.766056 0 -0.6427738 0.7660607 0 -0.6427682 0.6691232 0 -0.7431515 0.6691295 0 -0.7431458 0.5592364 0 -0.8290082 0.5592286 0 -0.8290136 0.4383365 0 -0.8988111 0.4383364 0 -0.898811 0.3090508 0 -0.9510456 0.3090611 0 -0.9510422 0.1736019 0 -0.9848159 0.03493088 0 -0.9993898 -0.1045155 0 -0.9945233 -0.2419548 0 -0.9702876 -0.3746217 0 -0.9271779 -0.4999637 0 -0.8660465 -0.4999722 0 -0.8660415 -0.6156539 0 -0.7880167 -0.6156681 0 -0.7880057 -0.7193474 0 -0.6946506 -0.8090122 0 -0.587792 -0.8090083 0 -0.5877974 -0.8829653 0 -0.4694384 -0.9396876 0 -0.3420339 -0.978144 0 -0.2079287 -0.9781435 0 -0.2079311 -0.9781424 0 0.2079364 -0.9396921 0 0.3420217 -0.9396915 0 0.3420235 -0.8829355 0 0.4694944 -0.80904 0 0.5877537 -0.6156598 0 0.788012 -0.5000018 0 0.8660245 -0.3746152 0 0.9271804 -0.3746103 0 0.9271824 -0.241936 0 0.9702923 0.03492808 0 0.9993899 0.1735992 0 0.9848164 0.1735937 0 0.9848174 0.3090443 0 0.9510477 0.4383563 0 0.8988014 0.5592039 0 0.8290302 0.6691573 0 0.7431209 0.6691604 0 0.7431181 0.7660278 0 0.6428076 0.8480483 0 0.529919 0.9135483 0 0.4067305 0.9612628 0 0.2756338 0.9902663 0 0.1391859 0.9135488 0 -0.4067294 0.3090417 0 -0.9510485 0.03492528 0 -0.99939 -0.2419387 0 -0.9702916 -0.3746079 0 -0.9271833 -0.7193171 0 -0.6946818 -0.8829361 0 -0.4694932 -0.9396919 0 -0.3420226 -0.9975666 0 -0.06971997 -0.9975666 0 0.06971997 -0.9781426 0 0.2079355 -0.9396917 0 0.342023 -0.8829367 0 0.469492 -0.8829365 0 0.4694926 -0.7193237 0 0.6946751 -0.7193241 0 0.6946747 -0.6156674 0 0.7880063 -0.6156665 0 0.7880069 -0.5000098 0 0.8660199 -0.3746079 0 0.9271833 -0.241918 0 0.9702968 -0.2419186 0 0.9702966 0.03490042 0 0.9993909 0.03490078 0 0.9993908 0.3090032 0 0.9510611 0.3090038 0 0.9510608 0.4383774 0 0.898791 0.438378 0 0.8987907 0.8480561 0 0.5299066 0.8480566 0 0.5299056 0.9902663 0 0.1391861 0.9902663 0 -0.1391859 0.9135483 0 -0.4067305 0.8480483 0 -0.529919 0.03492808 0 -0.9993899 -0.241936 0 -0.9702923 -0.3746152 0 -0.9271804 -0.6156598 0 -0.788012 -0.8829349 0 -0.4694956 -0.8829355 0 -0.4694944 -0.9396915 0 -0.3420235 -0.9781427 0 -0.2079352 -0.9781566 0 0.2078698 -0.9396698 0 0.3420832 -0.9396691 0 0.342085 -0.8828034 0 0.4697426 -0.8828036 0 0.4697426 -0.8828034 0 0.4697426 -0.8090121 0 0.587792 -0.8089277 0 0.5879083 -0.8090121 0 0.587792 -0.8090121 0 0.587792 -0.8090121 0 0.587792 -0.8090121 0 0.587792 -0.6157563 0 0.7879367 -0.3745911 0 0.9271902 -0.3745862 0 0.9271922 -0.2419512 0 0.9702885 0.03492116 0 0.9993901 0.1736332 0 0.9848104 0.1736277 0 0.9848114 0.3089683 0 0.9510723 0.4384307 0 0.898765 0.5592961 0 0.8289679 0.6689632 0 0.7432956 0.6689664 0 0.7432927 0.7661881 0 0.6426165 0.8481063 0 0.5298261 0.9135494 0 0.4067281 0.9135494 0 0.4067281 0.9135494 0 0.4067281 0.9612622 0 0.2756361 0.990321 0 0.1387959 0.9612619 0 -0.2756369 0.9133547 0 -0.4071649 0.0349183 0 -0.9993902 -0.3745837 0 -0.9271932 -0.719347 0 -0.694651 -0.8091239 0 -0.5876382 -0.8091239 0 -0.5876382 -0.8091239 0 -0.5876382 -0.8090695 0 -0.587713 -0.8090695 0 -0.587713 -0.8090695 0 -0.587713 -0.8828041 0 -0.4697414 -0.8828041 0 -0.4697414 -0.8828041 2.47062e-7 -0.4697414 -0.9396694 0 -0.3420841 -0.9396678 0 0.3420884 -0.7193467 0 0.6946512 -0.7193495 0 0.6946484 -0.5000255 0 0.8660108 0.6691607 0 0.7431178 0.6691576 0 0.7431206 0.7660279 0 0.6428076 0.9612619 0 0.2756369 0.7660279 0 -0.6428076 0.6691576 0 -0.7431206 0.6691607 0 -0.7431178 -0.5000255 0 -0.8660108 -0.7193467 0 -0.6946512 -0.7193495 0 -0.6946484 -0.9396671 0 -0.3420903 -0.9396678 0 -0.3420884 -0.9975618 0 -0.06978935 -0.9396898 0 0.3420279 -0.8829376 0 0.4694905 -0.8829369 0 0.4694917 -0.7193151 0 0.694684 -0.6156572 0 0.7880141 -0.5000007 0 0.866025 -0.374614 0 0.927181 -0.2419379 0 0.9702917 -0.2419366 0 0.9702921 0.03492671 0 0.9993899 0.1735947 0 0.9848173 0.3090463 0 0.951047 0.309045 0 0.9510475 0.4383553 0 0.8988018 0.559203 0 0.8290308 0.6691581 0 0.7431201 0.9612632 0 0.2756323 0.6691573 0 -0.7431209 0.309045 0 -0.9510475 0.1735933 0 -0.9848175 0.173596 0 -0.984817 0.03492242 0 -0.9993901 -0.2419366 0 -0.9702921 -0.4999975 0 -0.8660269 -0.5000018 0 -0.8660245 -0.7193158 0 -0.6946833 -0.8829376 0 -0.4694905 -0.9396895 0 -0.3420288 -0.9396898 0 -0.3420279 0.3090476 0 0.9510467 0.438353 0 0.8988029 0.9612625 0 0.2756346 -0.8829382 0 -0.4694893 -0.8829357 0 -0.4694941 -0.9396902 0 -0.342027 -0.719309 0 0.6946904 -0.6156687 0 0.7880052 -0.6156545 0 0.7880162 0.03491961 0 0.9993901 0.3090623 0 0.9510418 0.3090417 0 0.9510485 0.4383631 0 0.898798 0.4383448 0 0.898807 0.5591981 0 0.8290342 0.5592059 0 0.8290289 0.6691557 0 0.7431223 0.7660242 0 0.6428118 0.766029 0 0.6428062 0.8480507 0 0.5299152 0.3090314 0 -0.9510518 -0.9396904 0 -0.3420262 -0.978143 0 -0.2079335 -0.9396671 0 0.3420903 -0.8830717 0 0.4692382 -0.8830754 0 0.4692311 -0.8087273 0 0.5881838 -0.6157581 0 0.7879353 0.3090571 0 0.9510436 0.4383586 0 0.8988002 0.4383494 0 0.8988047 0.6691513 0 0.7431262 0.7660325 0 0.6428019 0.7660254 0 -0.6428103 0.7660302 0 -0.6428048 0.6691545 0 -0.7431234 -0.5000169 0 -0.8660157 -0.7193413 0 -0.6946569 -0.8090112 0 -0.5877934 -0.8090112 0 -0.5877934 -0.8090112 0 -0.5877934 -0.8828029 0 -0.4697438 -0.8828029 0 -0.4697438 -0.9396665 0 -0.3420921 -0.8090108 0 0.5877938 -0.8090089 0 0.5877966 -0.7193501 0 0.6946477 -0.6156563 0 0.7880148 -0.3746123 0 0.9271816 -0.1045154 0 0.9945233 0.1735963 0 0.984817 0.3090665 0 0.9510404 0.438327 0 0.8988156 0.5592325 0 0.829011 0.6691264 0 0.7431487 0.8480525 0 0.5299124 0.9135499 0 0.4067268 0.9135508 0 0.4067247 0.9612613 0 0.2756388 0.9902681 0 0.1391727 0.9902681 0 0.1391735 0.9902681 0 -0.1391727 0.9612604 0 -0.2756418 0.9612613 0 -0.2756388 0.9135499 0 -0.4067268 0.9135518 0 -0.4067226 0.8480508 0 -0.5299149 0.8480525 0 -0.5299124 0.6691264 0 -0.7431487 0.5592325 0 -0.829011 0.4383362 0 -0.8988111 0.4383316 0 -0.8988133 0.3090665 0 -0.9510404 0.3090563 0 -0.9510438 0.1735963 0 -0.984817 0.1735907 0 -0.9848179 -0.1045154 0 -0.9945233 -0.2419601 0 -0.9702863 -0.2419494 0 -0.9702889 -0.3746123 0 -0.9271816 -0.3746172 0 -0.9271796 -0.4999679 0 -0.866044 -0.6156563 0 -0.7880148 -0.6156598 0 -0.7880121 -0.8090069 0 -0.5877993 -0.8090128 0 -0.5877912 -0.8829678 0 -0.4694337 -0.882964 0 -0.4694408 -0.9396884 0 -0.3420321 -0.9781438 0 -0.2079299 -0.9975618 0 -0.06979036 -0.9975618 0 0.06979036 -0.9781434 0 0.2079316 -0.9397109 0 0.3419701 -0.9397102 0 0.3419719 -0.8829381 0 0.4694895 -0.8829374 0 0.4694907 -0.7193151 0 0.694684 -0.6156569 0 0.7880144 -0.6156587 0 0.7880131 -0.5000028 0 0.8660238 -0.5000007 0 0.866025 -0.3746143 0 0.9271807 -0.3746095 0 0.9271827 -0.2419396 0 0.9702913 -0.2419369 0 0.9702921 0.03492808 0 0.9993898 0.03492522 0 0.99939 0.173588 0 0.9848185 0.1735824 0 0.9848194 0.309064 0 0.9510414 0.6691248 0 0.7431501 0.669128 0 0.7431473 0.7660599 0 0.6427693 0.8480195 0 0.5299651 0.8480204 0 0.5299638 0.91356 0 0.406704 0.9135605 0 0.4067029 0.9612612 0 0.2756396 0.9902681 0 0.1391731 0.9612609 0 -0.2756403 0.9135605 0 -0.4067029 0.8480204 0 -0.5299638 0.7660588 0 -0.6427707 0.3090614 0 -0.9510422 0.1735852 0 -0.9848189 -0.2419396 0 -0.9702913 -0.374607 0 -0.9271837 -0.5000007 0 -0.866025 -0.6156604 0 -0.7880116 -0.6156569 0 -0.7880144 -0.7193178 0 -0.6946812 -0.8829388 0 -0.4694884 -0.8829362 0 -0.469493 -0.9397099 0 -0.3419728 -0.9397106 0 -0.341971 -0.9975666 0 -0.06972008 -0.9396675 0 0.3420894 -0.8827578 0 0.4698284 -0.8827579 -6.91949e-7 0.4698284 -0.8827579 0 0.4698284 -0.8090122 0 0.587792 -0.8090132 0 0.5877907 -0.8090132 0 0.5877907 -0.8090132 0 0.5877907 -0.7193474 0 0.6946505 -0.6157537 0 0.7879387 -0.5000266 0 0.8660102 -0.2419373 0 0.970292 0.1735951 0 0.9848172 0.3090456 0 0.9510473 0.6691568 0 0.7431213 0.6691592 0 0.7431192 0.766029 0 0.6428061 0.9612625 0 0.2756346 0.669156 0 -0.743122 0.6691592 0 -0.7431192 0.3090443 0 -0.9510477 -0.5000234 0 -0.866012 -0.5000276 0 -0.8660095 -0.6157563 0 -0.7879367 -0.7193481 0 -0.6946498 -0.8090121 0 -0.587792 -0.8090121 0 -0.587792 -0.8090121 0 -0.587792 -0.8090122 0 -0.587792 -0.8090121 0 -0.587792 -0.8090121 0 -0.587792 -0.8827579 0 -0.4698284 -0.8827578 0 -0.4698284 -0.8827579 6.91949e-7 -0.4698284 -0.8828036 0 -0.4697426 -0.8828034 0 -0.4697426 -0.8828034 0 -0.4697426 -0.9396675 0 -0.3420894 -0.9396692 0 0.3420845 -0.8829174 0 0.4695286 -0.8829174 0 0.4695286 -0.8829174 0 0.4695286 -0.8829169 0 0.4695292 -0.8829169 0 0.4695292 -0.8829169 0 0.4695292 -0.8087192 0 0.588195 -0.8090577 0 0.5877293 -0.8090014 0 0.5878069 -0.8090014 0 0.5878069 -0.7193535 0 0.6946442 -0.7193539 0 0.6946439 -0.6157639 0 0.7879309 -0.6154985 0 0.7881382 -0.6154985 -3.45254e-7 0.7881382 -0.6154985 0 0.7881382 -0.3745837 0 0.9271932 -0.2419331 0 0.970293 -0.2419338 0 0.9702928 -0.1045425 0 0.9945205 -0.1045421 0 0.9945205 0.03489351 0 0.9993911 0.03489387 0 0.999391 0.1736869 0 0.9848009 0.1736863 0 0.984801 0.3089272 0 0.9510858 0.3089278 0 0.9510855 0.438452 0 0.8987547 0.4384525 0 0.8987544 0.5592766 0 0.8289811 0.5592776 0 0.8289805 0.6689577 0 0.7433005 0.6689581 0 0.7433001 0.7661876 0 0.6426172 0.8481142 0 0.5298137 0.8481147 0 0.5298126 0.9135494 0 0.4067281 0.9135493 0 0.4067281 0.9135494 0 0.4067281 0.9135494 0 0.4067281 0.9612622 0 0.2756358 0.990321 0 0.138796 0.990321 0 -0.1387959 0.9135494 0 -0.4067281 0.9135884 0 -0.4066405 0.9135884 0 -0.4066405 0.8481063 0 -0.5298261 0.7661881 0 -0.6426165 0.6689664 0 -0.7432927 0.1736277 0 -0.9848114 0.03492116 0 -0.9993901 -0.2419512 0 -0.9702885 -0.3745911 0 -0.9271902 -0.8090132 0 -0.5877907 -0.8090132 0 -0.5877907 -0.8090132 0 -0.5877907 -0.8090122 0 -0.587792 -0.8090121 0 -0.587792 -0.8090121 0 -0.587792 -0.9396691 0 -0.342085 -1 0 0 0 0 1 0 0 -1 0 1 1.16853e-6 0 1 0 0 1 -8.21903e-7 0 1 9.18061e-7 0 1 7.14526e-7 0 1 -5.80459e-7 0 1 1.35024e-6 0 1 -1.67092e-6 0 1 2.72104e-6 0 1 1.16673e-6 0 1 -9.34443e-7 0 1 8.38973e-7 0 1 -6.76149e-7 0 1 1.26463e-6 0 1 -5.7505e-7 0 1 1.04221e-6 0 1 -4.91933e-7 0 1 -1.686e-7 0 1 -2.22468e-7 0 1 4.6092e-7 0 1 -1.19508e-6 0 1 1.00144e-6 0 1 -1.2521e-6 0 1 7.88267e-7 0 1 -8.73583e-7 0 1 8.73589e-7 0 1 -7.88268e-7 0 1 1.2521e-6 0 1 -1.00144e-6 0 1 1.19509e-6 0 1 -4.60918e-7 0 1 4.7653e-7 0 1 1.02222e-6 0 1 -1.25858e-6 0 1 7.2575e-7 0 1 -8.55248e-7 0 1 -1.2426e-6 0 1 4.94309e-6 0 1 -2.5381e-6 0 1 2.24477e-6 0 1 -1.01839e-6 0 1 -8.84946e-7 0 1 1.68286e-6 0 1 -1.16673e-6 0 1 2.94501e-6 0 1 -1.76991e-6 0 1 9.42139e-7 0 1 -1.12238e-6 0 1 -1.48659e-6 0 1 3.67049e-6 0 1 -2.47154e-6 0 1 8.57103e-6 0 1 -3.38234e-6 0 1 8.98943e-7 0 1 -1.34122e-6 0 1 -1.35538e-6 0 1 2.24078e-6 0 1 -2.98323e-6 0 1 -1.29753e-6 0 1 8.55253e-7 0 1 -7.25749e-7 0 1 1.25858e-6 0 1 -1.02222e-6 0 1 -4.76529e-7 0 1 2.22469e-7 0 1 1.68603e-7 0 1 4.82857e-7 0 1 1.03049e-6 0 1 -1.2611e-6 0 1 8.48356e-7 0 1 1.20112e-6 0 1 -3.6548e-7 0 1 8.4798e-7 0 1 -1.49912e-6 0 1 -9.53236e-7 0 1 -1.33652e-6 0 1 -7.84829e-7 0 1 -1.58418e-6 0 1 1.36128e-6 0 1 -2.47235e-6 0 1 -1.48641e-6 0 1 2.53803e-6 0 1 -1.12244e-6 0 1 -9.42091e-7 0 1 -8.41414e-7 0 1 2.22217e-7 0 1 -1.89221e-6 0 1 7.66953e-7 0 1 2.25379e-6 0 1 -1.91082e-6 0 1 -2.98383e-6 0 1 2.30208e-6 0 1 -1.14247e-5 0 1 9.52108e-7 0 1 2.10734e-7 0 1 -3.78051e-7 0 1 -1.73376e-7 0 1 1.96063e-7 0 1 1.61293e-6 0 1 8.00006e-7 0 1 7.43746e-7 0 1 -8.60302e-7 0 1 -7.56033e-7 0 1 8.86307e-7 0 1 -7.46963e-7 0 1 -8.35285e-7 0 -1 0 0 1 4.14777e-7 0 1 -3.12891e-7 0 1 2.07947e-7 0 1 -4.15157e-7 0 1 -3.13428e-7 0 1 3.13014e-7 0 1 3.138e-7 0 1 3.12904e-7 0 1 -2.0795e-7 0 1 -3.14242e-7 0 1 2.07204e-7 0 1 -3.13191e-7 0 1 -3.13428e-7 0 1 4.16119e-7 0 1 -3.13799e-7 0 1 -3.14242e-7 0 1 2.07209e-7 0 1 -3.1343e-7 0 1 4.16121e-7 0 1 -3.13015e-7 0 1 3.12902e-7 0 1 -2.07952e-7 -0.1011333 0 -0.9948729 -0.1011134 0 -0.9948749 0.1011134 0 -0.9948749 0.1011333 0 -0.9948729 0.2993918 0 -0.9541302 -0.2993918 0 -0.9541302 -0.4853554 0 -0.8743169 -0.48534 0 -0.8743255 -0.6513427 0 -0.7587838 -0.7908037 0 -0.6120699 -0.897782 0 -0.4404401 -0.9680963 0 -0.2505785 -0.968097 0 -0.2505761 -0.9987134 0 -0.05071145 -0.9987133 0 -0.05071192 -0.9884698 0 0.151418 -0.9884704 0 0.1514149 -0.9377386 0 0.347342 -0.9377409 0 0.3473355 -0.8486428 0 0.5289663 -0.8486457 0 0.5289618 -0.7248232 0 0.6889349 -0.7248184 0 0.68894 -0.5712127 0 0.8208021 -0.5712262 0 0.8207927 -0.3943725 0 0.9189507 -0.3943895 0 0.9189434 -0.2012395 0 0.9795421 -0.2012588 0 0.9795382 0.2012574 0 0.9795385 0.201238 0 0.9795424 0.3943923 0 0.9189423 0.3943752 0 0.9189495 0.5712227 0 0.8207952 0.5712091 0 0.8208046 0.7248184 0 0.68894 0.7248232 0 0.6889349 0.8486524 0 0.5289509 0.8486496 0 0.5289555 0.9377385 0 0.3473421 0.9377361 0 0.3473486 0.9884704 0 0.1514149 0.9884698 0 0.151418 0.9987133 0 -0.05071192 0.9987134 0 -0.05071145 0.9680988 0 -0.2505691 0.9680981 0 -0.2505715 0.897782 0 -0.4404401 0.7908 0 -0.6120746 0.6513427 0 -0.7587838 0.48534 0 -0.8743255 0.4853554 0 -0.8743169 -0.8977782 0 -0.440448 -0.9884701 0 0.1514164 -0.9377398 0 0.3473387 -0.5712195 0 0.8207975 -0.394381 0 0.9189471 -0.2012492 0 0.9795402 0.2012477 0 0.9795404 0.3943837 0 0.9189459 0.5712159 0 0.8207998 0.9377374 0 0.3473454 0.9884701 0 0.1514164 0.8977782 0 -0.440448 -0.2993939 0 -0.9541296 -0.4853522 0 -0.8743188 -0.4853368 0 -0.8743274 -0.6513389 0 -0.7587869 -0.7908073 0 -0.6120652 -0.8977801 0 -0.440444 -0.8486486 0 0.5289573 0.2012588 0 0.9795382 0.2012395 0 0.9795421 0.3943895 0 0.9189434 0.3943725 0 0.9189507 0.5712262 0 0.8207927 0.5712127 0 0.8208021 0.8486552 0 0.5289465 0.8977801 0 -0.440444 0.7907963 0 -0.6120793 0.6513464 0 -0.7587805 -0.1012228 0 -0.9948639 -0.1012129 0 -0.9948648 0.1012129 0 -0.9948648 0.1012228 0 -0.9948639 0.2993002 0 -0.954159 -0.2993002 0 -0.954159 -0.2993094 0 -0.9541562 -0.4853439 0 -0.8743234 -0.6513456 0 -0.7587812 -0.7907999 0 -0.6120748 -0.7908018 0 -0.6120724 -0.8977811 0 -0.4404421 -0.8486415 0 0.5289686 -0.8486443 0 0.5289641 -0.7248208 0 0.6889375 -0.5712161 0 0.8207997 0.5712125 0 0.8208022 0.7248208 0 0.6889375 0.8486511 0 0.5289533 0.8486483 0 0.5289577 0.8977811 0 -0.4404421 0.7907981 0 -0.6120771 0.7907962 0 -0.6120795 0.6513456 0 -0.7587812 0.4853439 0 -0.8743234 0.2993094 0 -0.9541562 -0.1011826 0 -0.9948679 -0.1011627 0 -0.9948699 0.1011635 0 -0.9948699 0.1011834 0 -0.9948678 0.2991958 0 -0.9541918 -0.2991937 0 -0.9541925 -0.4855667 0 -0.8741996 -0.4855514 0 -0.8742082 -0.6516301 0 -0.758537 -0.6516301 -5.23837e-7 -0.758537 -0.6516301 0 -0.758537 -0.6516301 0 -0.758537 -0.6516301 0 -0.758537 -0.6516301 0 -0.758537 -0.7906933 0 -0.6122127 -0.7906933 0 -0.6122127 -0.7906052 0 -0.6123263 -0.7906051 0 -0.6123263 -0.7906933 0 -0.6122127 -0.7906933 1.60841e-7 -0.6122127 -0.8976231 0 -0.440764 -0.8977748 0 -0.4404549 -0.8977748 0 -0.4404549 -0.8977748 0 -0.4404549 -0.9680958 0 -0.2505807 -0.9680958 0 -0.2505807 -0.9680957 0 -0.2505807 -0.9680957 0 -0.2505807 -0.9680958 0 -0.2505807 -0.9680958 0 -0.2505807 -0.9987029 0 -0.0509172 -0.9987029 0 -0.0509172 -0.9987029 0 -0.0509172 -0.9987078 0 -0.05082195 -0.9987078 0 -0.05082195 -0.9987078 0 -0.05082195 -0.9884521 0 0.1515339 -0.9884521 0 0.1515339 -0.9884521 0 0.151534 -0.9884521 0 0.1515339 -0.9884521 0 0.1515339 -0.9884521 2.25195e-7 0.1515339 -0.9378699 0 0.3469872 -0.937871 0 0.3469839 -0.8486903 0 0.5288903 -0.8486931 0 0.5288858 -0.5714001 0 0.8206716 -0.5714069 0 0.820667 -0.3942829 0 0.9189892 -0.3942744 0 0.9189928 -0.2012477 0 0.9795404 -0.201238 0 0.9795424 0.2012492 0 0.9795402 0.3942744 0 0.9189928 0.3942829 0 0.9189892 0.5714033 0 0.8206694 0.5713966 0 0.8206742 0.8486964 0 0.5288803 0.8486936 0 0.5288848 0.9378638 0 0.3470038 0.9378625 0 0.3470071 0.9884688 0 0.1514244 0.9884688 -2.57366e-7 0.1514244 0.9884688 0 0.1514244 0.9884688 0 0.1514244 0.9884688 0 0.1514244 0.9884688 0 0.1514244 0.9987171 0 -0.05063796 0.9987171 0 -0.05063796 0.9987171 0 -0.05063796 0.998722 0 -0.05054169 0.998722 0 -0.05054169 0.998722 0 -0.05054169 0.9681336 0 -0.2504344 0.9681336 0 -0.2504344 0.9681336 0 -0.2504344 0.9681336 0 -0.2504344 0.9681336 0 -0.2504344 0.9681336 0 -0.2504344 0.8977748 0 -0.4404549 0.8977748 0 -0.4404549 0.8977748 0 -0.4404549 0.8976231 0 -0.440764 0.7908949 0 -0.611952 0.6511973 0 -0.7589085 0.4855481 0 -0.87421 0.4851444 0 -0.8744341 0.4851444 0 -0.8744341 0.4851444 0 -0.8744341 -0.1012722 0 -0.9948588 -0.1012623 0 -0.9948598 0.1012631 0 -0.9948597 0.101273 0 -0.9948588 0.2994245 0 -0.95412 0.2994245 0 -0.95412 0.2994245 0 -0.95412 -0.2996511 -1.93024e-7 -0.9540489 -0.2996511 0 -0.9540489 -0.2996511 0 -0.9540489 -0.2995688 0 -0.9540748 -0.2995688 0 -0.9540748 -0.2995688 0 -0.9540748 -0.4855552 0 -0.8742061 -0.6516301 0 -0.758537 -0.6516301 -2.75727e-7 -0.758537 -0.6516301 0 -0.758537 -0.6511965 0 -0.7589091 -0.7908948 0 -0.6119521 -0.7908967 0 -0.6119497 -0.897625 0 -0.44076 -0.897626 0 -0.4407581 -0.8486889 0 0.5288925 -0.8486917 0 0.5288881 -0.5714035 0 0.8206693 0.5714 0 0.8206717 0.8486951 0 0.5288826 0.8486922 0 0.5288871 0.897626 0 -0.4407581 0.897625 0 -0.44076 0.7908931 0 -0.6119545 0.7908912 0 -0.6119568 0.651564 0 -0.7585938 0.651564 0 -0.7585938 0.651564 0 -0.7585938 0.485552 0 -0.8742079 0.4855635 0 -0.8742015 0.2991135 0 -0.9542176 -0.1012673 0 -0.9948593 0.101268 0 -0.9948593 0.2991089 0 -0.9542191 -0.2991068 0 -0.9542198 -0.2991091 0 -0.954219 -0.4855591 0 -0.874204 -0.485561 0 -0.8742029 -0.8978377 0 -0.4403267 -0.8978377 0 -0.4403267 -0.8978377 0 -0.4403267 -0.9987176 0 -0.05063021 -0.9987176 0 -0.05063021 -0.9987175 0 -0.05063021 -0.9987175 0 -0.05063021 -0.9987176 0 -0.05063021 -0.9987176 0 -0.05063021 -0.988423 0 0.1517239 -0.988423 0 0.1517239 -0.988423 0 0.1517239 -0.9884521 0 0.1515339 -0.9884521 0 0.1515339 -0.9884521 0 0.1515339 -0.9378708 0 0.3469848 -0.8486909 0 0.5288891 -0.8486896 0 0.5288915 -0.7248196 0 0.6889387 -0.5714052 0 0.8206681 -0.3942766 0 0.9189919 -0.3942787 0 0.918991 -0.2012429 0 0.9795415 -0.2012453 0 0.979541 0.2012467 0 0.9795406 0.2012444 0 0.9795411 0.3942787 0 0.918991 0.3942766 0 0.9189919 0.5714017 0 0.8206706 0.7248196 0 0.6889387 0.8486929 0 0.528886 0.8486943 0 0.5288837 0.9378635 0 0.3470047 0.9884688 0 0.1514244 0.9884397 0 0.1516143 0.9884397 0 0.1516144 0.9884397 0 0.1516144 0.9987026 0 -0.05092501 0.9987026 0 -0.05092501 0.9987026 0 -0.05092501 0.9987026 0 -0.05092501 0.9987026 0 -0.05092501 0.9987026 0 -0.05092501 0.8978377 0 -0.4403267 0.8978377 0 -0.4403267 0.8978377 0 -0.4403267 0.6512002 0 -0.7589061 0.4850548 0 -0.8744838 0.4850548 -3.5843e-7 -0.8744838 0.4850548 0 -0.8744838 0.4852624 0 -0.8743686 0.4852624 0 -0.8743686 0.4852624 0 -0.8743686 0.2991112 0 -0.9542183 -0.2993023 0 -0.9541583 -0.2993115 0 -0.9541555 -0.6513447 0 -0.758782 -0.7908036 0 -0.6120701 0.394381 0 0.9189471 0.5712195 0 0.8207975 0.7907926 0 -0.6120842 0.6513522 0 -0.7587756 -0.1012179 0 -0.9948643 0.1012179 0 -0.9948643 0.2993048 0 -0.9541575 -0.2993059 0 -0.9541572 -0.2993105 0 -0.9541559 -0.4853461 0 -0.8743221 -0.7907981 0 -0.6120772 -0.8977826 0 -0.4404391 -0.9884696 0 0.1514201 -0.8486463 0 0.528961 -0.7248165 0 0.688942 -0.7248189 0 0.6889395 -0.5712178 0 0.8207986 -0.3943866 0 0.9189446 -0.3943845 0 0.9189456 -0.201246 0 0.9795407 -0.2012436 0 0.9795413 0.3943831 0 0.9189462 0.3943853 0 0.9189453 0.5712178 0 0.8207986 0.848648 0 0.5289582 0.9884696 0 0.1514201 0.968097 0 -0.2505761 0.8977826 0 -0.4404391 0.7907944 0 -0.6120819 0.6513474 0 -0.7587797 0.4853477 0 -0.8743212 -0.101223 0 -0.9948638 -0.1012131 0 -0.9948648 0.2993007 0 -0.9541589 -0.2993288 0 -0.9541501 -0.2993379 0 -0.9541472 -0.485313 0 -0.8743405 -0.4853015 0 -0.874347 -0.6513911 0 -0.7587422 -0.651394 0 -0.7587397 -0.7907498 0 -0.6121397 -0.7907517 0 -0.6121372 -0.8978196 0 -0.4403635 -0.8978207 0 -0.4403615 -0.9680737 0 -0.2506663 -0.9884698 0 0.1514183 -0.9377398 0 0.3473388 -0.8486008 0 0.5290337 -0.8486036 0 0.5290293 -0.5712612 0 0.8207684 -0.5712645 0 0.820766 -0.3943908 0 0.9189428 -0.3943824 0 0.9189465 -0.2012484 0 0.9795403 -0.2012388 0 0.9795422 0.2012585 0 0.9795383 0.2012681 0 0.9795362 0.3943824 0 0.9189465 0.3943908 0 0.9189428 0.5712186 0 0.820798 0.5712152 0 0.8208004 0.7248204 0 0.688938 0.7248179 0 0.6889405 0.8486045 0 0.5290279 0.8486016 0 0.5290324 0.9377713 0 0.3472534 0.9884698 0 0.1514183 0.9987184 0 -0.05061322 0.9987184 0 -0.05061274 0.9680734 0 -0.2506671 0.897821 0 -0.4403608 0.8978199 0 -0.4403627 0.7907503 0 -0.612139 0.7907484 0 -0.6121414 0.6513959 0 -0.7587381 0.651393 0 -0.7587406 0.4853007 0 -0.8743473 0.4853122 0 -0.874341 0.2993099 0 -0.9541561 -0.2993928 0 -0.9541299 -0.4853538 0 -0.8743179 -0.4853385 0 -0.8743265 -0.790802 0 -0.6120723 -0.8977836 0 -0.440437 -0.8977816 0 -0.440441 -0.9884693 0 0.1514216 -0.9884698 0 0.1514186 -0.848649 0 0.5289564 -0.8486519 0 0.5289519 -0.7248213 0 0.688937 -0.3943738 0 0.9189501 -0.2012581 0 0.9795383 0.8486536 0 0.5289492 0.8486507 0 0.5289537 0.9884698 0 0.1514186 0.9884693 0 0.1514216 0.8977816 0 -0.440441 0.8977836 0 -0.440437 0.7907983 0 -0.612077 0.6513445 0 -0.7587822 -0.1011331 0 -0.9948729 -0.1011132 0 -0.994875 0.1011136 0 -0.9948749 0.1011335 0 -0.9948729 0.2994198 0 -0.9541215 -0.4852976 0 -0.874349 -0.7907536 0 -0.6121348 -0.8978185 0 -0.440366 -0.8978223 0 -0.440358 -0.9680731 0 -0.250668 -0.9987184 0 -0.05061179 -0.9987185 0 -0.05061227 -0.9377698 0 0.3472575 -0.937771 0 0.3472542 -0.8486031 0 0.5290302 -0.8486059 0 0.5290256 -0.7248175 0 0.688941 -0.7248222 0 0.6889359 -0.5712136 0 0.8208015 -0.5712203 0 0.8207968 -0.3944257 0 0.9189279 -0.3944172 0 0.9189315 0.2012392 0 0.9795422 0.2012488 0 0.9795402 0.5712645 0 0.820766 0.5712578 0 0.8207708 0.7248222 0 0.6889359 0.7248175 0 0.688941 0.8486059 0 0.5290256 0.8486031 0 0.5290302 0.9377716 0 0.3472526 0.9377704 0 0.3472558 0.98847 0 0.1514174 0.9987185 0 -0.05061227 0.9987184 0 -0.05061179 0.8978223 0 -0.440358 0.8978185 0 -0.440366 0.790753 0 -0.6121354 0.6513916 0 -0.7587417 0.4852976 0 -0.874349 0.485313 0 -0.8743405 0.1011234 0 -0.994874 0.1011433 0 -0.9948719 0.2993923 0 -0.9541301 -0.2993923 0 -0.9541301 -0.4853122 0 -0.874341 -0.4852969 0 -0.8743495 -0.6513921 0 -0.7587414 -0.7907526 0 -0.612136 -0.968073 0 -0.2506687 -0.9987183 0 -0.05061364 -0.9987183 0 -0.05061417 -0.9884696 0 0.1514198 -0.98847 0 0.1514168 -0.9377698 0 0.3472574 -0.9377723 0 0.3472509 -0.8486022 0 0.5290315 -0.848605 0 0.529027 -0.5712587 0 0.8207702 -0.5712722 0 0.8207607 -0.3943732 0 0.9189504 -0.3943902 0 0.9189431 -0.2012392 0 0.9795422 -0.2012584 0 0.9795382 0.2012581 0 0.9795383 0.2012388 0 0.9795422 0.3943738 0 0.9189501 0.5712713 0 0.8207613 0.8486055 0 0.5290263 0.8486026 0 0.5290308 0.9377689 0 0.3472599 0.9884702 0 0.1514159 0.9884697 0 0.1514189 0.9680727 0 -0.2506695 0.7907521 0 -0.6121365 0.6513921 0 -0.7587414 -0.2993013 0 -0.9541587 -0.6513485 0 -0.7587789 -0.8977797 0 -0.440445 0.8977797 0 -0.440445 0.6513503 0 -0.7587772 -0.2993048 0 -0.9541575 -0.2993071 0 -0.9541569 -0.4853477 0 -0.8743212 -0.4853497 0 -0.8743202 -0.8977816 0 -0.440441 -0.9987134 0 -0.05071169 -0.9884701 0 0.1514168 -0.9377407 0 0.3473363 -0.8486436 0 0.5289652 -0.8486422 0 0.5289674 -0.3943831 0 0.9189462 -0.3943853 0 0.9189453 -0.2012444 0 0.9795411 -0.2012467 0 0.9795406 0.2012453 0 0.979541 0.2012429 0 0.9795415 0.394388 0 0.918944 0.3943859 0 0.918945 0.5712142 0 0.820801 0.8486489 0 0.5289566 0.8486503 0 0.5289543 0.9377382 0 0.3473429 0.9884701 0 0.1514168 0.9987134 0 -0.05071169 0.8977816 0 -0.440441 0.4853497 0 -0.8743202 0.2993071 0 -0.9541569 -0.2993069 0 -0.9541569 -0.4853445 0 -0.874323 -0.6513418 0 -0.7587845 0.6513493 0 -0.7587781 -0.8977748 0 -0.4404549 -0.8977748 -1.60841e-7 -0.4404549 -0.8978382 0 -0.4403257 -0.8977748 0 -0.4404549 -0.8977748 0 -0.4404549 -0.9682151 0 -0.250119 -0.9680958 1.60854e-7 -0.2505807 -0.9884373 0 0.1516302 -0.9884373 0 0.1516302 -0.9884373 0 0.1516302 -0.9883503 0 0.1521958 -0.9378687 0 0.3469905 -0.5714137 0 0.8206622 -0.3942659 0 0.9189964 -0.2012574 0 0.9795385 0.3942659 0 0.9189964 0.5714101 0 0.8206647 0.9378613 0 0.3470104 0.9884254 0 0.1517072 0.9884254 -1.60854e-7 0.1517072 0.9884254 0 0.1517072 0.9884541 0 0.1515207 0.9884541 0 0.1515207 0.9884541 0 0.1515207 0.968217 0 -0.2501119 0.968133 0 -0.2504369 0.968133 0 -0.2504369 0.8977748 0 -0.4404549 0.8977748 0 -0.4404549 0.8978382 0 -0.4403257 0.8977748 0 -0.4404549 0.8977748 1.60841e-7 -0.4404549 0.2993053 0 -0.9541574 -0.2993053 0 -0.9541574 -0.2993077 0 -0.9541567 -0.4853469 0 -0.8743217 -0.4853489 0 -0.8743207 -0.7907972 0 -0.6120783 -0.8977831 0 -0.440438 -0.9680975 0 -0.2505744 -0.9884698 0 0.1514187 -0.9377394 0 0.3473396 -0.8486478 0 0.5289584 -0.8486464 0 0.5289607 -0.7248198 0 0.6889384 -0.7248187 0 0.6889397 -0.3943838 0 0.9189459 -0.3943859 0 0.918945 -0.201244 0 0.9795413 -0.2012464 0 0.9795407 0.201246 0 0.9795407 0.2012436 0 0.9795413 0.3943866 0 0.9189446 0.3943845 0 0.9189456 0.5712169 0 0.8207992 0.7248187 0 0.6889397 0.7248198 0 0.6889384 0.8486476 0 0.5289586 0.8486491 0 0.5289564 0.9377388 0 0.3473413 0.9884698 0 0.1514187 0.9680975 0 -0.2505744 0.8977824 0 -0.4404396 0.8977818 0 -0.4404405 0.6513465 0 -0.7587805 0.4853489 0 -0.8743207 0.4853469 0 -0.8743217 0.2993077 0 -0.9541567</float_array>
          <technique_common>
            <accessor source="#shape0_006-mesh-normals-array" count="1761" stride="3">
              <param name="X" type="float"/>
              <param name="Y" type="float"/>
              <param name="Z" type="float"/>
            </accessor>
          </technique_common>
        </source>
        <vertices id="shape0_006-mesh-vertices">
          <input semantic="POSITION" source="#shape0_006-mesh-positions"/>
        </vertices>
        <triangles material="Material_006-material" count="6252">
          <input semantic="VERTEX" source="#shape0_006-mesh-vertices" offset="0"/>
          <input semantic="NORMAL" source="#shape0_006-mesh-normals" offset="1"/>
          <p>0 0 1 0 2 0 2 1 1 1 3 1 2 2 3 2 4 2 4 3 3 3 5 3 4 4 5 4 6 4 6 4 5 4 7 4 6 5 7 5 8 5 8 5 7 5 9 5 8 6 9 6 10 6 10 7 9 7 11 7 10 8 11 8 12 8 12 9 11 9 13 9 12 10 13 10 14 10 14 10 13 10 15 10 14 11 15 11 16 11 16 12 15 12 17 12 16 13 17 13 18 13 18 14 17 14 19 14 18 15 19 15 20 15 20 16 19 16 21 16 20 17 21 17 22 17 22 18 21 18 23 18 22 19 23 19 24 19 24 19 23 19 25 19 24 20 25 20 26 20 26 21 25 21 27 21 26 22 27 22 28 22 28 23 27 23 29 23 28 24 29 24 30 24 30 25 29 25 31 25 30 26 31 26 32 26 32 26 31 26 33 26 32 27 33 27 34 27 34 28 33 28 35 28 34 29 35 29 36 29 36 30 35 30 37 30 36 31 37 31 38 31 38 32 37 32 39 32 38 33 39 33 40 33 40 34 39 34 41 34 40 35 41 35 42 35 42 36 41 36 43 36 42 37 43 37 44 37 44 37 43 37 45 37 44 38 45 38 46 38 46 39 45 39 47 39 46 40 47 40 48 40 48 41 47 41 49 41 48 42 49 42 50 42 50 43 49 43 51 43 50 44 51 44 52 44 52 45 51 45 53 45 52 46 53 46 54 46 54 47 53 47 55 47 54 48 55 48 56 48 56 48 55 48 57 48 56 49 57 49 0 49 0 50 57 50 1 50 58 51 59 52 60 53 60 54 59 54 61 54 60 55 61 55 62 55 62 56 61 57 63 58 62 59 63 60 64 61 64 62 63 63 65 64 64 65 65 65 66 65 66 65 65 65 67 65 66 66 67 66 68 66 68 67 67 67 69 67 68 68 69 68 70 68 70 69 69 69 71 69 70 70 71 70 72 70 72 70 71 70 73 70 72 71 73 71 74 71 74 72 73 72 75 72 74 73 75 73 76 73 76 74 75 74 77 74 76 75 77 75 78 75 78 76 77 76 79 76 78 77 79 77 80 77 80 78 79 78 81 78 80 79 81 79 82 79 82 79 81 79 83 79 82 80 83 80 84 80 84 80 83 80 85 80 84 81 85 82 86 83 86 84 85 85 87 86 86 87 87 88 88 89 88 90 87 90 89 90 88 26 89 26 90 26 90 26 89 26 91 26 90 91 91 92 92 93 92 94 91 94 93 94 92 95 93 96 94 97 94 98 93 99 95 100 94 101 95 101 96 101 96 102 95 102 97 102 96 103 97 103 98 103 98 104 97 104 99 104 98 105 99 105 100 105 100 105 99 105 101 105 100 106 101 106 102 106 102 106 101 106 103 106 102 107 103 107 104 107 104 108 103 108 105 108 104 109 105 109 106 109 106 109 105 109 107 109 106 110 107 110 108 110 108 111 107 111 109 111 108 112 109 112 110 112 110 113 109 113 111 113 110 114 111 114 112 114 112 115 111 115 113 115 112 116 113 116 114 116 114 116 113 116 115 116 114 117 115 117 58 117 58 118 115 119 59 120 116 121 117 121 118 121 118 121 117 121 119 121 118 122 119 122 120 122 120 122 119 122 121 122 120 4 121 4 122 4 122 123 121 123 123 123 122 5 123 5 124 5 124 5 123 5 125 5 124 7 125 7 126 7 126 124 125 124 127 124 126 8 127 8 128 8 128 9 127 9 129 9 128 10 129 10 130 10 130 10 129 10 131 10 130 125 131 125 132 125 132 126 131 126 133 126 132 127 133 127 134 127 134 14 133 14 135 14 134 15 135 15 136 15 136 16 135 16 137 16 136 128 137 128 138 128 138 18 137 18 139 18 138 129 139 129 140 129 140 130 139 130 141 130 140 131 141 131 142 131 142 132 141 132 143 132 142 22 143 22 144 22 144 133 143 133 145 133 144 25 145 25 146 25 146 25 145 25 147 25 146 26 147 26 148 26 148 26 147 26 149 26 148 28 149 28 150 28 150 28 149 28 151 28 150 29 151 29 152 29 152 30 151 30 153 30 152 134 153 134 154 134 154 135 153 135 155 135 154 136 155 136 156 136 156 136 155 136 157 136 156 35 157 35 158 35 158 36 157 36 159 36 158 37 159 37 160 37 160 137 159 137 161 137 160 138 161 138 162 138 162 39 161 39 163 39 162 139 163 139 164 139 164 41 163 41 165 41 164 140 165 140 166 140 166 43 165 43 167 43 166 141 167 141 168 141 168 141 167 141 169 141 168 142 169 142 170 142 170 142 169 142 171 142 170 48 171 48 172 48 172 143 171 143 173 143 172 144 173 144 116 144 116 50 173 50 117 50 174 145 175 145 176 145 176 146 175 146 177 146 176 147 177 147 178 147 178 55 177 55 179 55 178 148 179 149 180 150 180 151 179 152 181 153 180 65 181 65 182 65 182 65 181 65 183 65 182 154 183 154 184 154 184 66 183 66 185 66 184 69 185 69 186 69 186 69 185 69 187 69 186 155 187 155 188 155 188 70 187 70 189 70 188 156 189 156 190 156 190 157 189 157 191 157 190 158 191 158 192 158 192 74 191 74 193 74 192 159 193 160 194 161 194 162 193 163 195 164 194 78 195 78 196 78 196 78 195 78 197 78 196 165 197 166 198 167 198 168 197 169 199 170 198 171 199 171 200 171 200 172 199 172 201 172 200 173 201 174 202 175 202 176 201 177 203 178 202 179 203 180 204 181 204 182 203 183 205 184 204 26 205 26 206 26 206 26 205 26 207 26 206 185 207 186 208 187 208 188 207 189 209 190 208 191 209 192 210 97 210 193 209 194 211 195 210 196 211 196 212 196 212 197 211 197 213 197 212 198 213 199 214 200 214 201 213 202 215 203 214 105 215 105 216 105 216 105 215 105 217 105 216 204 217 205 218 206 218 207 217 208 219 209 218 210 219 210 220 210 220 210 219 210 221 210 220 211 221 211 222 211 222 109 221 109 223 109 222 212 223 212 224 212 224 212 223 212 225 212 224 213 225 213 226 213 226 213 225 213 227 213 226 214 227 214 228 214 228 215 227 215 229 215 228 216 229 216 230 216 230 116 229 116 231 116 230 217 231 217 174 217 174 218 231 219 175 220 232 146 233 146 234 146 234 146 233 146 235 146 234 147 235 147 236 147 236 147 235 147 237 147 236 221 237 222 238 223 238 151 237 152 239 153 238 65 239 65 240 65 240 65 239 65 241 65 240 67 241 67 242 67 242 224 241 224 243 224 242 68 243 68 244 68 244 69 243 69 245 69 244 70 245 70 246 70 246 70 245 70 247 70 246 156 247 156 248 156 248 156 247 156 249 156 248 225 249 225 250 225 250 74 249 74 251 74 250 75 251 75 252 75 252 76 251 76 253 76 252 78 253 78 254 78 254 78 253 78 255 78 254 226 255 226 256 226 256 227 255 227 257 227 256 228 257 228 258 228 258 171 257 171 259 171 258 173 259 174 260 229 260 230 259 231 261 232 260 179 261 180 262 181 262 182 261 183 263 184 262 26 263 26 264 26 264 26 263 26 265 26 264 233 265 234 266 235 266 236 265 189 267 237 266 95 267 96 268 97 268 98 267 238 269 100 268 196 269 196 270 196 270 196 269 196 271 196 270 239 271 239 272 239 272 239 271 239 273 239 272 105 273 105 274 105 274 105 273 105 275 105 274 106 275 106 276 106 276 240 275 240 277 240 276 241 277 241 278 241 278 108 277 108 279 108 278 211 279 211 280 211 280 109 279 109 281 109 280 242 281 242 282 242 282 111 281 111 283 111 282 213 283 213 284 213 284 213 283 213 285 213 284 215 285 215 286 215 286 215 285 215 287 215 286 116 287 116 288 116 288 243 287 243 289 243 288 244 289 245 232 246 232 247 289 248 233 249 290 250 291 250 292 250 292 121 291 121 293 121 292 122 293 122 294 122 294 2 293 2 295 2 294 123 295 123 296 123 296 123 295 123 297 123 296 5 297 5 298 5 298 5 297 5 299 5 298 251 299 251 300 251 300 6 299 6 301 6 300 9 301 9 302 9 302 9 301 9 303 9 302 252 303 252 304 252 304 10 303 10 305 10 304 125 305 125 306 125 306 253 305 253 307 253 306 254 307 254 308 254 308 14 307 14 309 14 308 15 309 15 310 15 310 16 309 16 311 16 310 128 311 128 312 128 312 18 311 18 313 18 312 255 313 255 314 255 314 255 313 255 315 255 314 256 315 256 316 256 316 257 315 257 317 257 316 22 317 22 318 22 318 258 317 258 319 258 318 25 319 25 320 25 320 25 319 25 321 25 320 26 321 26 322 26 322 26 321 26 323 26 322 28 323 28 324 28 324 28 323 28 325 28 324 29 325 29 326 29 326 259 325 259 327 259 326 134 327 134 328 134 328 260 327 260 329 260 328 261 329 261 330 261 330 261 329 261 331 261 330 35 331 35 332 35 332 36 331 36 333 36 332 262 333 262 334 262 334 262 333 262 335 262 334 263 335 263 336 263 336 264 335 264 337 264 336 139 337 139 338 139 338 41 337 41 339 41 338 265 339 265 340 265 340 265 339 265 341 265 340 141 341 141 342 141 342 141 341 141 343 141 342 266 343 266 344 266 344 142 343 142 345 142 344 267 345 267 346 267 346 48 345 48 347 48 346 268 347 268 290 268 290 144 347 144 291 144 348 269 349 269 350 269 350 269 349 269 351 269 350 270 351 270 352 270 352 270 351 270 353 270 352 271 353 271 354 271 354 271 353 271 355 271 354 272 355 272 356 272 356 272 355 272 357 272 356 273 357 274 358 275 358 276 357 277 359 278 358 279 359 280 360 281 360 282 359 283 361 284 360 285 361 285 362 285 362 286 361 286 363 286 362 287 363 287 364 287 364 287 363 287 365 287 364 288 365 288 366 288 366 288 365 288 367 288 366 289 367 289 368 289 368 289 367 289 369 289 368 290 369 290 370 290 370 290 369 290 371 290 370 291 371 291 372 291 372 291 371 291 373 291 372 292 373 292 374 292 374 293 373 293 375 293 374 294 375 294 376 294 376 294 375 294 377 294 376 295 377 295 378 295 378 295 377 295 379 295 378 296 379 296 380 296 380 296 379 296 381 296 380 297 381 297 382 297 382 297 381 297 383 297 382 298 383 298 384 298 384 299 383 299 385 299 384 300 385 300 386 300 386 300 385 300 387 300 386 301 387 301 388 301 388 301 387 301 389 301 388 302 389 302 390 302 390 303 389 303 391 303 390 304 391 304 392 304 392 304 391 304 393 304 392 305 393 306 394 307 394 308 393 309 395 310 394 26 395 26 396 26 396 26 395 26 397 26 396 311 397 312 398 313 398 314 397 315 399 316 398 317 399 317 400 317 400 318 399 318 401 318 400 319 401 320 402 321 402 322 401 323 403 324 402 325 403 325 404 325 404 326 403 326 405 326 404 327 405 327 406 327 406 327 405 327 407 327 406 328 407 328 408 328 408 329 407 329 409 329 408 330 409 330 410 330 410 330 409 330 411 330 410 331 411 331 412 331 412 332 411 332 413 332 412 333 413 333 414 333 414 334 413 334 415 334 414 335 415 335 416 335 416 336 415 336 417 336 416 337 417 337 418 337 418 337 417 337 419 337 418 338 419 338 420 338 420 338 419 338 421 338 420 339 421 339 422 339 422 340 421 340 423 340 422 341 423 341 424 341 424 342 423 342 425 342 424 343 425 343 426 343 426 344 425 344 427 344 426 345 427 345 428 345 428 346 427 346 429 346 428 347 429 347 430 347 430 347 429 347 431 347 430 348 431 348 432 348 432 349 431 349 433 349 432 350 433 350 434 350 434 351 433 351 435 351 434 352 435 352 436 352 436 352 435 352 437 352 436 353 437 353 348 353 348 354 437 354 349 354 438 355 439 355 440 355 440 355 439 355 441 355 440 356 441 356 442 356 442 357 441 357 443 357 442 358 443 358 444 358 444 271 443 271 445 271 444 359 445 359 446 359 446 360 445 360 447 360 446 361 447 361 448 361 448 362 447 362 449 362 448 363 449 363 450 363 450 364 449 364 451 364 450 365 451 365 452 365 452 366 451 366 453 366 452 367 453 367 454 367 454 368 453 368 455 368 454 369 455 369 456 369 456 370 455 370 457 370 456 371 457 371 458 371 458 371 457 371 459 371 458 372 459 372 460 372 460 373 459 373 461 373 460 374 461 374 462 374 462 375 461 375 463 375 462 376 463 376 464 376 464 377 463 377 465 377 464 378 465 378 466 378 466 379 465 379 467 379 466 380 467 380 468 380 468 381 467 381 469 381 468 382 469 382 470 382 470 383 469 383 471 383 470 384 471 384 472 384 472 385 471 385 473 385 472 386 473 386 474 386 474 387 473 387 475 387 474 388 475 388 476 388 476 388 475 388 477 388 476 389 477 389 478 389 478 390 477 390 479 390 478 391 479 391 480 391 480 391 479 391 481 391 480 392 481 392 482 392 482 393 481 393 483 393 482 394 483 394 484 394 484 394 483 394 485 394 484 26 485 26 486 26 486 26 485 26 487 26 486 395 487 395 488 395 488 395 487 395 489 395 488 396 489 396 490 396 490 397 489 397 491 397 490 398 491 398 492 398 492 399 491 399 493 399 492 400 493 400 494 400 494 401 493 401 495 401 494 402 495 402 496 402 496 403 495 403 497 403 496 404 497 404 498 404 498 405 497 405 499 405 498 406 499 406 500 406 500 406 499 406 501 406 500 407 501 407 502 407 502 407 501 407 503 407 502 408 503 408 504 408 504 409 503 409 505 409 504 410 505 410 506 410 506 411 505 411 507 411 506 412 507 412 508 412 508 413 507 413 509 413 508 414 509 414 510 414 510 414 509 414 511 414 510 415 511 415 512 415 512 415 511 415 513 415 512 416 513 416 514 416 514 417 513 417 515 417 514 418 515 418 516 418 516 418 515 418 517 418 516 419 517 419 518 419 518 420 517 420 519 420 518 421 519 421 520 421 520 421 519 421 521 421 520 422 521 422 522 422 522 423 521 423 523 423 522 424 523 424 524 424 524 425 523 425 525 425 524 426 525 426 526 426 526 427 525 427 527 427 526 428 527 428 438 428 438 428 527 428 439 428 528 269 529 269 530 269 530 269 529 269 531 269 530 270 531 270 532 270 532 270 531 270 533 270 532 429 533 429 534 429 534 429 533 429 535 429 534 430 535 430 536 430 536 430 535 430 537 430 536 431 537 431 538 431 538 431 537 431 539 431 538 432 539 432 540 432 540 433 539 433 541 433 540 434 541 434 542 434 542 435 541 435 543 435 542 436 543 436 544 436 544 436 543 436 545 436 544 288 545 288 546 288 546 288 545 288 547 288 546 437 547 437 548 437 548 437 547 437 549 437 548 438 549 438 550 438 550 438 549 438 551 438 550 439 551 439 552 439 552 439 551 439 553 439 552 440 553 440 554 440 554 441 553 441 555 441 554 442 555 442 556 442 556 442 555 442 557 442 556 443 557 443 558 443 558 443 557 443 559 443 558 444 559 444 560 444 560 444 559 444 561 444 560 445 561 445 562 445 562 445 561 445 563 445 562 446 563 446 564 446 564 447 563 447 565 447 564 448 565 448 566 448 566 448 565 448 567 448 566 449 567 449 568 449 568 449 567 449 569 449 568 450 569 450 570 450 570 451 569 451 571 451 570 393 571 393 572 393 572 393 571 393 573 393 572 452 573 452 574 452 574 453 573 453 575 453 574 26 575 26 576 26 576 26 575 26 577 26 576 454 577 454 578 454 578 454 577 454 579 454 578 455 579 455 580 455 580 396 579 396 581 396 580 456 581 456 582 456 582 457 581 457 583 457 582 458 583 458 584 458 584 459 583 459 585 459 584 402 585 402 586 402 586 402 585 402 587 402 586 404 587 404 588 404 588 460 587 460 589 460 588 406 589 406 590 406 590 406 589 406 591 406 590 461 591 461 592 461 592 462 591 462 593 462 592 463 593 463 594 463 594 464 593 464 595 464 594 411 595 411 596 411 596 465 595 465 597 465 596 466 597 466 598 466 598 466 597 466 599 466 598 414 599 414 600 414 600 414 599 414 601 414 600 467 601 467 602 467 602 468 601 468 603 468 602 469 603 469 604 469 604 470 603 470 605 470 604 343 605 343 606 343 606 344 605 344 607 344 606 471 607 471 608 471 608 472 607 472 609 472 608 473 609 473 610 473 610 473 609 473 611 473 610 474 611 474 612 474 612 475 611 475 613 475 612 476 613 476 614 476 614 477 613 477 615 477 614 478 615 478 616 478 616 478 615 478 617 478 616 479 617 479 528 479 528 480 617 480 529 480 618 481 619 481 620 481 620 481 619 481 621 481 620 357 621 357 622 357 622 357 621 357 623 357 622 271 623 271 624 271 624 271 623 271 625 271 624 482 625 482 626 482 626 483 625 483 627 483 626 484 627 484 628 484 628 485 627 485 629 485 628 486 629 486 630 486 630 487 629 487 631 487 630 434 631 434 632 434 632 434 631 434 633 434 632 488 633 488 634 488 634 436 633 436 635 436 634 288 635 288 636 288 636 288 635 288 637 288 636 437 637 437 638 437 638 437 637 437 639 437 638 489 639 489 640 489 640 489 639 489 641 489 640 439 641 439 642 439 642 439 641 439 643 439 642 440 643 440 644 440 644 441 643 441 645 441 644 490 645 490 646 490 646 490 645 490 647 490 646 491 647 491 648 491 648 492 647 492 649 492 648 493 649 493 650 493 650 494 649 494 651 494 650 445 651 445 652 445 652 445 651 445 653 445 652 446 653 446 654 446 654 495 653 495 655 495 654 448 655 448 656 448 656 496 655 496 657 496 656 449 657 449 658 449 658 497 657 497 659 497 658 498 659 498 660 498 660 450 659 450 661 450 660 393 661 393 662 393 662 393 661 393 663 393 662 452 663 452 664 452 664 499 663 499 665 499 664 26 665 26 666 26 666 26 665 26 667 26 666 454 667 454 668 454 668 500 667 500 669 500 668 455 669 455 670 455 670 455 669 455 671 455 670 456 671 456 672 456 672 457 671 457 673 457 672 458 673 458 674 458 674 501 673 501 675 501 674 502 675 502 676 502 676 503 675 503 677 503 676 504 677 504 678 504 678 460 677 460 679 460 678 505 679 505 680 505 680 506 679 506 681 506 680 507 681 507 682 507 682 507 681 507 683 507 682 508 683 508 684 508 684 509 683 509 685 509 684 510 685 510 686 510 686 511 685 511 687 511 686 466 687 466 688 466 688 466 687 466 689 466 688 414 689 414 690 414 690 414 689 414 691 414 690 512 691 512 692 512 692 512 691 512 693 512 692 469 693 469 694 469 694 513 693 513 695 513 694 514 695 514 696 514 696 344 695 344 697 344 696 515 697 515 698 515 698 516 697 516 699 516 698 473 699 473 700 473 700 517 699 517 701 517 700 518 701 518 702 518 702 475 701 475 703 475 702 519 703 519 704 519 704 520 703 520 705 520 704 521 705 521 706 521 706 521 705 521 707 521 706 522 707 522 618 522 618 354 707 354 619 354 708 269 709 269 710 269 710 269 709 269 711 269 710 270 711 270 712 270 712 270 711 270 713 270 712 271 713 271 714 271 714 271 713 271 715 271 714 272 715 272 716 272 716 272 715 272 717 272 716 523 717 524 718 275 718 525 717 526 719 527 718 528 719 528 720 528 720 529 719 530 721 531 720 532 721 532 722 532 722 285 721 285 723 285 722 533 723 533 724 533 724 534 723 534 725 534 724 288 725 288 726 288 726 288 725 288 727 288 726 289 727 289 728 289 728 289 727 289 729 289 728 290 729 290 730 290 730 290 729 290 731 290 730 291 731 291 732 291 732 291 731 291 733 291 732 535 733 535 734 535 734 292 733 292 735 292 734 536 735 536 736 536 736 537 735 537 737 537 736 538 737 538 738 538 738 539 737 539 739 539 738 540 739 540 740 540 740 541 739 541 741 541 740 542 741 542 742 542 742 543 741 543 743 543 742 298 743 298 744 298 744 544 743 545 745 546 744 547 745 547 746 547 746 548 745 548 747 548 746 549 747 549 748 549 748 550 747 550 749 550 748 551 749 552 750 553 750 554 749 555 751 556 750 304 751 304 752 304 752 304 751 304 753 304 752 557 753 558 754 559 754 560 753 560 755 560 754 26 755 26 756 26 756 26 755 26 757 26 756 561 757 561 758 561 758 562 757 562 759 562 758 317 759 317 760 317 760 317 759 317 761 317 760 319 761 320 762 321 762 322 761 323 763 324 762 325 763 325 764 325 764 563 763 563 765 563 764 564 765 564 766 564 766 565 765 565 767 565 766 566 767 567 768 568 768 329 767 329 769 329 768 569 769 569 770 569 770 570 769 570 771 570 770 331 771 331 772 331 772 331 771 331 773 331 772 571 773 571 774 571 774 572 773 572 775 572 774 336 775 336 776 336 776 573 775 573 777 573 776 337 777 337 778 337 778 337 777 337 779 337 778 338 779 338 780 338 780 338 779 338 781 338 780 574 781 574 782 574 782 574 781 574 783 574 782 341 783 341 784 341 784 575 783 575 785 575 784 514 785 514 786 514 786 344 785 344 787 344 786 576 787 576 788 576 788 577 787 577 789 577 788 347 789 347 790 347 790 347 789 347 791 347 790 349 791 349 792 349 792 578 791 579 793 580 792 581 793 582 794 583 794 584 793 585 795 586 794 587 795 587 796 587 796 587 795 587 797 587 796 522 797 522 708 522 708 354 797 354 709 354 798 588 799 588 800 588 800 588 799 588 801 588 800 589 801 589 802 589 802 589 801 589 803 589 802 590 803 590 804 590 804 590 803 590 805 590 804 591 805 591 806 591 806 591 805 591 807 591 806 592 807 592 808 592 808 592 807 592 809 592 808 593 809 593 810 593 810 594 809 594 811 594 810 595 811 595 812 595 812 596 811 596 813 596 812 597 813 597 814 597 814 598 813 598 815 598 814 599 815 599 816 599 816 599 815 599 817 599 816 600 817 600 818 600 818 600 817 600 819 600 818 601 819 601 820 601 820 601 819 601 821 601 820 602 821 602 822 602 822 602 821 602 823 602 822 603 823 603 824 603 824 604 823 604 825 604 824 605 825 605 826 605 826 606 825 606 827 606 826 607 827 607 828 607 828 608 827 608 829 608 828 609 829 609 830 609 830 610 829 610 831 610 830 611 831 611 832 611 832 612 831 612 833 612 832 613 833 613 834 613 834 614 833 614 835 614 834 615 835 615 836 615 836 616 835 616 837 616 836 617 837 617 838 617 838 618 837 618 839 618 838 619 839 619 840 619 840 620 839 620 841 620 840 621 841 621 842 621 842 621 841 621 843 621 842 622 843 622 844 622 844 623 843 623 845 623 844 26 845 26 846 26 846 26 845 26 847 26 846 624 847 624 848 624 848 625 847 625 849 625 848 626 849 626 850 626 850 626 849 626 851 626 850 627 851 627 852 627 852 628 851 628 853 628 852 629 853 629 854 629 854 630 853 630 855 630 854 631 855 631 856 631 856 632 855 632 857 632 856 633 857 633 858 633 858 634 857 634 859 634 858 635 859 635 860 635 860 636 859 636 861 636 860 637 861 637 862 637 862 638 861 638 863 638 862 639 863 639 864 639 864 640 863 640 865 640 864 465 865 465 866 465 866 641 865 641 867 641 866 642 867 642 868 642 868 642 867 642 869 642 868 643 869 643 870 643 870 643 869 643 871 643 870 644 871 644 872 644 872 644 871 644 873 644 872 417 873 417 874 417 874 645 873 645 875 645 874 646 875 646 876 646 876 647 875 647 877 647 876 648 877 648 878 648 878 649 877 649 879 649 878 650 879 650 880 650 880 650 879 650 881 650 880 651 881 651 882 651 882 652 881 652 883 652 882 653 883 653 884 653 884 653 883 653 885 653 884 654 885 654 886 654 886 654 885 654 887 654 886 655 887 655 798 655 798 656 887 656 799 656 888 269 889 269 890 269 890 269 889 269 891 269 890 270 891 270 892 270 892 270 891 270 893 270 892 657 893 657 894 657 894 429 893 429 895 429 894 658 895 658 896 658 896 659 895 659 897 659 896 660 897 660 898 660 898 431 897 431 899 431 898 661 899 661 900 661 900 661 899 661 901 661 900 434 901 434 902 434 902 434 901 434 903 434 902 436 903 436 904 436 904 662 903 662 905 662 904 663 905 663 906 663 906 288 905 288 907 288 906 664 907 664 908 664 908 665 907 665 909 665 908 438 909 438 910 438 910 666 909 666 911 666 910 439 911 439 912 439 912 439 911 439 913 439 912 667 913 667 914 667 914 441 913 441 915 441 914 668 915 668 916 668 916 669 915 669 917 669 916 443 917 443 918 443 918 670 917 670 919 670 918 671 919 671 920 671 920 671 919 671 921 671 920 445 921 445 922 445 922 672 921 672 923 672 922 673 923 673 924 673 924 674 923 674 925 674 924 675 925 675 926 675 926 675 925 675 927 675 926 676 927 676 928 676 928 449 927 449 929 449 928 677 929 677 930 677 930 451 929 451 931 451 930 393 931 393 932 393 932 678 931 678 933 678 932 679 933 679 934 679 934 453 933 453 935 453 934 26 935 26 936 26 936 26 935 26 937 26 936 454 937 454 938 454 938 454 937 454 939 454 938 397 939 397 940 397 940 397 939 397 941 397 940 680 941 680 942 680 942 680 941 680 943 680 942 458 943 458 944 458 944 459 943 459 945 459 944 402 945 402 946 402 946 402 945 402 947 402 946 404 947 404 948 404 948 460 947 460 949 460 948 406 949 406 950 406 950 406 949 406 951 406 950 462 951 462 952 462 952 462 951 462 953 462 952 681 953 681 954 681 954 681 953 681 955 681 954 411 955 411 956 411 956 411 955 411 957 411 956 466 957 466 958 466 958 682 957 682 959 682 958 414 959 414 960 414 960 414 959 414 961 414 960 683 961 683 962 683 962 683 961 683 963 683 962 684 963 684 964 684 964 469 963 469 965 469 964 344 965 344 966 344 966 344 965 344 967 344 966 472 967 472 968 472 968 471 967 471 969 471 968 473 969 473 970 473 970 685 969 685 971 685 970 518 971 518 972 518 972 422 971 422 973 422 972 686 973 686 974 686 974 477 973 477 975 477 974 478 975 478 976 478 976 687 975 687 977 687 976 480 977 480 888 480 888 480 977 480 889 480 978 688 979 688 980 688 980 688 979 688 981 688 980 689 981 689 982 689 982 270 981 270 983 270 982 690 983 690 984 690 984 429 983 429 985 429 984 659 985 659 986 659 986 691 985 691 987 691 986 692 987 692 988 692 988 693 987 693 989 693 988 363 989 363 990 363 990 364 989 364 991 364 990 694 991 694 992 694 992 695 991 695 993 695 992 696 993 696 994 696 994 697 993 697 995 697 994 698 995 698 996 698 996 369 995 369 997 369 996 699 997 699 998 699 998 699 997 699 999 699 998 700 999 700 1000 700 1000 701 999 701 1001 701 1000 374 1001 374 1002 374 1002 375 1001 375 1003 375 1002 702 1003 702 1004 702 1004 703 1003 703 1005 703 1004 378 1005 378 1006 378 1006 379 1005 379 1007 379 1006 704 1007 704 1008 704 1008 705 1007 705 1009 705 1008 706 1009 706 1010 706 1010 707 1009 707 1011 707 1010 384 1011 384 1012 384 1012 385 1011 385 1013 385 1012 386 1013 386 1014 386 1014 387 1013 387 1015 387 1014 388 1015 388 1016 388 1016 388 1015 388 1017 388 1016 708 1017 708 1018 708 1018 709 1017 709 1019 709 1018 677 1019 677 1020 677 1020 677 1019 677 1021 677 1020 392 1021 392 1022 392 1022 393 1021 393 1023 393 1022 710 1023 710 1024 710 1024 710 1023 710 1025 710 1024 26 1025 26 1026 26 1026 26 1025 26 1027 26 1026 711 1027 711 1028 711 1028 711 1027 711 1029 711 1028 396 1029 396 1030 396 1030 397 1029 397 1031 397 1030 680 1031 680 1032 680 1032 712 1031 712 1033 712 1032 459 1033 459 1034 459 1034 713 1033 713 1035 713 1034 402 1035 402 1036 402 1036 403 1035 403 1037 403 1036 404 1037 404 1038 404 1038 405 1037 405 1039 405 1038 406 1039 406 1040 406 1040 406 1039 406 1041 406 1040 462 1041 462 1042 462 1042 462 1041 462 1043 462 1042 681 1043 681 1044 681 1044 463 1043 463 1045 463 1044 410 1045 410 1046 410 1046 411 1045 411 1047 411 1046 714 1047 714 1048 714 1048 682 1047 682 1049 682 1048 414 1049 414 1050 414 1050 414 1049 414 1051 414 1050 715 1051 715 1052 715 1052 715 1051 715 1053 715 1052 716 1053 716 1054 716 1054 469 1053 469 1055 469 1054 344 1055 344 1056 344 1056 344 1055 344 1057 344 1056 717 1057 717 1058 717 1058 471 1057 471 1059 471 1058 473 1059 473 1060 473 1060 473 1059 473 1061 473 1060 422 1061 422 1062 422 1062 423 1061 423 1063 423 1062 718 1063 718 1064 718 1064 719 1063 719 1065 719 1064 478 1065 478 1066 478 1066 720 1065 720 1067 720 1066 721 1067 721 978 721 978 721 1067 721 979 721 1068 269 1069 269 1070 269 1070 269 1069 269 1071 269 1070 270 1071 270 1072 270 1072 270 1071 270 1073 270 1072 722 1073 722 1074 722 1074 271 1073 271 1075 271 1074 723 1075 723 1076 723 1076 724 1075 724 1077 724 1076 725 1077 726 1078 727 1078 276 1077 277 1079 278 1078 728 1079 729 1080 730 1080 731 1079 732 1081 733 1080 285 1081 285 1082 285 1082 285 1081 285 1083 285 1082 287 1083 287 1084 287 1084 734 1083 734 1085 734 1084 663 1085 663 1086 663 1086 288 1085 288 1087 288 1086 735 1087 735 1088 735 1088 736 1087 736 1089 736 1088 290 1089 290 1090 290 1090 737 1089 737 1091 737 1090 291 1091 291 1092 291 1092 291 1091 291 1093 291 1092 738 1093 738 1094 738 1094 293 1093 293 1095 293 1094 739 1095 739 1096 739 1096 740 1095 740 1097 740 1096 295 1097 295 1098 295 1098 741 1097 741 1099 741 1098 742 1099 742 1100 742 1100 742 1099 742 1101 742 1100 297 1101 297 1102 297 1102 743 1101 743 1103 743 1102 744 1103 744 1104 744 1104 745 1103 745 1105 745 1104 746 1105 746 1106 746 1106 746 1105 746 1107 746 1106 747 1107 747 1108 747 1108 301 1107 301 1109 301 1108 748 1109 749 1110 750 1110 303 1109 303 1111 303 1110 304 1111 304 1112 304 1112 751 1111 751 1113 751 1112 752 1113 752 1114 752 1114 308 1113 309 1115 310 1114 26 1115 26 1116 26 1116 26 1115 26 1117 26 1116 311 1117 312 1118 313 1118 314 1117 315 1119 316 1118 753 1119 753 1120 753 1120 753 1119 753 1121 753 1120 754 1121 754 1122 754 1122 754 1121 754 1123 754 1122 325 1123 325 1124 325 1124 326 1123 326 1125 326 1124 327 1125 327 1126 327 1126 327 1125 327 1127 327 1126 328 1127 328 1128 328 1128 329 1127 329 1129 329 1128 330 1129 330 1130 330 1130 330 1129 330 1131 330 1130 332 1131 332 1132 332 1132 332 1131 332 1133 332 1132 572 1133 572 1134 572 1134 572 1133 572 1135 572 1134 335 1135 335 1136 335 1136 335 1135 335 1137 335 1136 337 1137 337 1138 337 1138 755 1137 755 1139 755 1138 338 1139 338 1140 338 1140 338 1139 338 1141 338 1140 574 1141 574 1142 574 1142 574 1141 574 1143 574 1142 756 1143 756 1144 756 1144 341 1143 341 1145 341 1144 344 1145 344 1146 344 1146 344 1145 344 1147 344 1146 346 1147 346 1148 346 1148 345 1147 345 1149 345 1148 347 1149 347 1150 347 1150 757 1149 757 1151 757 1150 758 1151 759 1152 760 1152 761 1151 762 1153 763 1152 764 1153 765 1154 766 1154 351 1153 351 1155 351 1154 352 1155 352 1156 352 1156 767 1155 767 1157 767 1156 354 1157 354 1068 354 1068 354 1157 354 1069 354 1158 269 1159 269 1160 269 1160 269 1159 269 1161 269 1160 270 1161 270 1162 270 1162 270 1161 270 1163 270 1162 271 1163 271 1164 271 1164 271 1163 271 1165 271 1164 768 1165 768 1166 768 1166 768 1165 768 1167 768 1166 273 1167 274 1168 275 1168 276 1167 277 1169 278 1168 279 1169 280 1170 281 1170 282 1169 283 1171 284 1170 769 1171 769 1172 769 1172 770 1171 770 1173 770 1172 287 1173 287 1174 287 1174 287 1173 287 1175 287 1174 771 1175 771 1176 771 1176 771 1175 771 1177 771 1176 437 1177 437 1178 437 1178 437 1177 437 1179 437 1178 438 1179 438 1180 438 1180 438 1179 438 1181 438 1180 439 1181 439 1182 439 1182 439 1181 439 1183 439 1182 440 1183 440 1184 440 1184 441 1183 441 1185 441 1184 442 1185 442 1186 442 1186 442 1185 442 1187 442 1186 443 1187 443 1188 443 1188 443 1187 443 1189 443 1188 444 1189 444 1190 444 1190 444 1189 444 1191 444 1190 445 1191 445 1192 445 1192 445 1191 445 1193 445 1192 772 1193 772 1194 772 1194 773 1193 773 1195 773 1194 774 1195 774 1196 774 1196 774 1195 774 1197 774 1196 449 1197 449 1198 449 1198 449 1197 449 1199 449 1198 451 1199 451 1200 451 1200 451 1199 451 1201 451 1200 304 1201 304 1202 304 1202 775 1201 775 1203 775 1202 452 1203 452 1204 452 1204 453 1203 453 1205 453 1204 26 1205 26 1206 26 1206 26 1205 26 1207 26 1206 454 1207 454 1208 454 1208 454 1207 454 1209 454 1208 753 1209 753 1210 753 1210 753 1209 753 1211 753 1210 680 1211 680 1212 680 1212 680 1211 680 1213 680 1212 458 1213 458 1214 458 1214 459 1213 459 1215 459 1214 776 1215 776 1216 776 1216 776 1215 776 1217 776 1216 777 1217 777 1218 777 1218 778 1217 778 1219 778 1218 406 1219 406 1220 406 1220 406 1219 406 1221 406 1220 462 1221 462 1222 462 1222 462 1221 462 1223 462 1222 681 1223 681 1224 681 1224 681 1223 681 1225 681 1224 411 1225 411 1226 411 1226 411 1225 411 1227 411 1226 466 1227 466 1228 466 1228 682 1227 682 1229 682 1228 414 1229 414 1230 414 1230 414 1229 414 1231 414 1230 683 1231 683 1232 683 1232 683 1231 683 1233 683 1232 684 1233 684 1234 684 1234 469 1233 469 1235 469 1234 779 1235 779 1236 779 1236 779 1235 779 1237 779 1236 346 1237 346 1238 346 1238 345 1237 345 1239 345 1238 780 1239 780 1240 780 1240 781 1239 781 1241 781 1240 758 1241 759 1242 760 1242 761 1241 762 1243 763 1242 764 1243 765 1244 766 1244 351 1243 351 1245 351 1244 782 1245 782 1246 782 1246 783 1245 783 1247 783 1246 354 1247 354 1158 354 1158 354 1247 354 1159 354 1248 784 1249 784 1250 784 1250 481 1249 481 1251 481 1250 357 1251 357 1252 357 1252 357 1251 357 1253 357 1252 271 1253 271 1254 271 1254 271 1253 271 1255 271 1254 785 1255 785 1256 785 1256 785 1255 785 1257 785 1256 786 1257 786 1258 786 1258 787 1257 787 1259 787 1258 661 1259 661 1260 661 1260 432 1259 432 1261 432 1260 434 1261 434 1262 434 1262 788 1261 788 1263 788 1262 789 1263 789 1264 789 1264 662 1263 662 1265 662 1264 288 1265 288 1266 288 1266 790 1265 790 1267 790 1266 791 1267 791 1268 791 1268 437 1267 437 1269 437 1268 792 1269 792 1270 792 1270 793 1269 793 1271 793 1270 439 1271 439 1272 439 1272 439 1271 439 1273 439 1272 794 1273 794 1274 794 1274 794 1273 794 1275 794 1274 490 1275 490 1276 490 1276 795 1275 795 1277 795 1276 796 1277 796 1278 796 1278 797 1277 797 1279 797 1278 798 1279 798 1280 798 1280 798 1279 798 1281 798 1280 799 1281 799 1282 799 1282 799 1281 799 1283 799 1282 800 1283 800 1284 800 1284 674 1283 674 1285 674 1284 448 1285 448 1286 448 1286 675 1285 675 1287 675 1286 449 1287 449 1288 449 1288 449 1287 449 1289 449 1288 677 1289 677 1290 677 1290 677 1289 677 1291 677 1290 678 1291 678 1292 678 1292 801 1291 801 1293 801 1292 453 1293 453 1294 453 1294 453 1293 453 1295 453 1294 26 1295 26 1296 26 1296 26 1295 26 1297 26 1296 711 1297 711 1298 711 1298 711 1297 711 1299 711 1298 396 1299 396 1300 396 1300 397 1299 397 1301 397 1300 680 1301 680 1302 680 1302 712 1301 712 1303 712 1302 459 1303 459 1304 459 1304 713 1303 713 1305 713 1304 402 1305 402 1306 402 1306 503 1305 503 1307 503 1306 802 1307 802 1308 802 1308 405 1307 405 1309 405 1308 406 1309 406 1310 406 1310 406 1309 406 1311 406 1310 407 1311 407 1312 407 1312 407 1311 407 1313 407 1312 509 1313 509 1314 509 1314 803 1313 803 1315 803 1314 804 1315 804 1316 804 1316 805 1315 805 1317 805 1316 466 1317 466 1318 466 1318 806 1317 806 1319 806 1318 414 1319 414 1320 414 1320 414 1319 414 1321 414 1320 807 1321 807 1322 807 1322 807 1321 807 1323 807 1322 469 1323 469 1324 469 1324 469 1323 469 1325 469 1324 808 1325 808 1326 808 1326 809 1325 809 1327 809 1326 717 1327 717 1328 717 1328 471 1327 471 1329 471 1328 473 1329 473 1330 473 1330 810 1329 810 1331 810 1330 423 1331 423 1332 423 1332 423 1331 423 1333 423 1332 520 1333 520 1334 520 1334 811 1333 811 1335 811 1334 812 1335 812 1336 812 1336 813 1335 813 1337 813 1336 428 1337 428 1248 428 1248 428 1337 428 1249 428 1338 481 1339 481 1340 481 1340 481 1339 481 1341 481 1340 357 1341 357 1342 357 1342 357 1341 357 1343 357 1342 271 1343 271 1344 271 1344 271 1343 271 1345 271 1344 482 1345 482 1346 482 1346 482 1345 482 1347 482 1346 787 1347 787 1348 787 1348 787 1347 787 1349 787 1348 432 1349 432 1350 432 1350 433 1349 433 1351 433 1350 434 1351 434 1352 434 1352 435 1351 435 1353 435 1352 436 1353 436 1354 436 1354 436 1353 436 1355 436 1354 288 1355 288 1356 288 1356 288 1355 288 1357 288 1356 437 1357 437 1358 437 1358 437 1357 437 1359 437 1358 489 1359 489 1360 489 1360 489 1359 489 1361 489 1360 439 1361 439 1362 439 1362 439 1361 439 1363 439 1362 440 1363 440 1364 440 1364 441 1363 441 1365 441 1364 490 1365 490 1366 490 1366 490 1365 490 1367 490 1366 814 1367 814 1368 814 1368 814 1367 814 1369 814 1368 815 1369 815 1370 815 1370 815 1369 815 1371 815 1370 445 1371 445 1372 445 1372 445 1371 445 1373 445 1372 446 1373 446 1374 446 1374 447 1373 447 1375 447 1374 448 1375 448 1376 448 1376 448 1375 448 1377 448 1376 449 1377 449 1378 449 1378 449 1377 449 1379 449 1378 451 1379 451 1380 451 1380 451 1379 451 1381 451 1380 393 1381 393 1382 393 1382 816 1381 816 1383 816 1382 452 1383 452 1384 452 1384 453 1383 453 1385 453 1384 26 1385 26 1386 26 1386 26 1385 26 1387 26 1386 454 1387 454 1388 454 1388 454 1387 454 1389 454 1388 397 1389 397 1390 397 1390 397 1389 397 1391 397 1390 680 1391 680 1392 680 1392 680 1391 680 1393 680 1392 458 1393 458 1394 458 1394 459 1393 459 1395 459 1394 402 1395 402 1396 402 1396 402 1395 402 1397 402 1396 404 1397 404 1398 404 1398 460 1397 460 1399 460 1398 406 1399 406 1400 406 1400 406 1399 406 1401 406 1400 407 1401 407 1402 407 1402 407 1401 407 1403 407 1402 509 1403 509 1404 509 1404 509 1403 509 1405 509 1404 805 1405 805 1406 805 1406 805 1405 805 1407 805 1406 466 1407 466 1408 466 1408 682 1407 682 1409 682 1408 414 1409 414 1410 414 1410 414 1409 414 1411 414 1410 512 1411 512 1412 512 1412 512 1411 512 1413 512 1412 684 1413 684 1414 684 1414 469 1413 469 1415 469 1414 344 1415 344 1416 344 1416 344 1415 344 1417 344 1416 472 1417 472 1418 472 1418 471 1417 471 1419 471 1418 473 1419 473 1420 473 1420 685 1419 685 1421 685 1420 518 1421 518 1422 518 1422 422 1421 422 1423 422 1422 817 1423 817 1424 817 1424 818 1423 818 1425 818 1424 812 1425 812 1426 812 1426 819 1425 819 1427 819 1426 354 1427 354 1338 354 1338 354 1427 354 1339 354 1428 269 1429 269 1430 269 1430 269 1429 269 1431 269 1430 270 1431 270 1432 270 1432 270 1431 270 1433 270 1432 429 1433 429 1434 429 1434 429 1433 429 1435 429 1434 430 1435 430 1436 430 1436 430 1435 430 1437 430 1436 431 1437 431 1438 431 1438 431 1437 431 1439 431 1438 486 1439 486 1440 486 1440 433 1439 433 1441 433 1440 820 1441 820 1442 820 1442 434 1441 434 1443 434 1442 821 1443 821 1444 821 1444 822 1443 822 1445 822 1444 288 1445 288 1446 288 1446 288 1445 288 1447 288 1446 437 1447 437 1448 437 1448 437 1447 437 1449 437 1448 438 1449 438 1450 438 1450 438 1449 438 1451 438 1450 439 1451 439 1452 439 1452 439 1451 439 1453 439 1452 823 1453 823 1454 823 1454 440 1453 440 1455 440 1454 605 1455 605 1456 605 1456 606 1455 606 1457 606 1456 824 1457 824 1458 824 1458 825 1457 825 1459 825 1458 826 1459 826 1460 826 1460 827 1459 827 1461 827 1460 828 1461 828 1462 828 1462 829 1461 829 1463 829 1462 446 1463 446 1464 446 1464 830 1463 830 1465 830 1464 831 1465 831 1466 831 1466 832 1465 832 1467 832 1466 833 1467 833 1468 833 1468 497 1467 497 1469 497 1468 498 1469 498 1470 498 1470 450 1469 450 1471 450 1470 393 1471 393 1472 393 1472 393 1471 393 1473 393 1472 452 1473 452 1474 452 1474 499 1473 499 1475 499 1474 26 1475 26 1476 26 1476 26 1475 26 1477 26 1476 454 1477 454 1478 454 1478 500 1477 500 1479 500 1478 455 1479 455 1480 455 1480 455 1479 455 1481 455 1480 456 1481 456 1482 456 1482 457 1481 457 1483 457 1482 458 1483 458 1484 458 1484 501 1483 501 1485 501 1484 502 1485 502 1486 502 1486 503 1485 503 1487 503 1486 504 1487 504 1488 504 1488 460 1487 460 1489 460 1488 505 1489 505 1490 505 1490 506 1489 506 1491 506 1490 461 1491 461 1492 461 1492 461 1491 461 1493 461 1492 834 1493 834 1494 834 1494 681 1493 681 1495 681 1494 465 1495 465 1496 465 1496 641 1495 641 1497 641 1496 466 1497 466 1498 466 1498 466 1497 466 1499 466 1498 414 1499 414 1500 414 1500 414 1499 414 1501 414 1500 683 1501 683 1502 683 1502 683 1501 683 1503 683 1502 469 1503 469 1504 469 1504 513 1503 513 1505 513 1504 514 1505 514 1506 514 1506 344 1505 344 1507 344 1506 515 1507 515 1508 515 1508 516 1507 516 1509 516 1508 473 1509 473 1510 473 1510 473 1509 473 1511 473 1510 475 1511 475 1512 475 1512 518 1511 518 1513 518 1512 718 1513 718 1514 718 1514 718 1513 718 1515 718 1514 835 1515 835 1516 835 1516 835 1515 835 1517 835 1516 836 1517 836 1428 836 1428 480 1517 480 1429 480 1518 269 1519 269 1520 269 1520 269 1519 269 1521 269 1520 270 1521 270 1522 270 1522 270 1521 270 1523 270 1522 271 1523 271 1524 271 1524 271 1523 271 1525 271 1524 768 1525 768 1526 768 1526 837 1525 837 1527 837 1526 838 1527 838 1528 838 1528 839 1527 839 1529 839 1528 528 1529 528 1530 528 1530 840 1529 840 1531 840 1530 769 1531 769 1532 769 1532 769 1531 769 1533 769 1532 841 1533 841 1534 841 1534 287 1533 287 1535 287 1534 771 1535 771 1536 771 1536 771 1535 771 1537 771 1536 437 1537 437 1538 437 1538 437 1537 437 1539 437 1538 438 1539 438 1540 438 1540 438 1539 438 1541 438 1540 439 1541 439 1542 439 1542 439 1541 439 1543 439 1542 440 1543 440 1544 440 1544 441 1543 441 1545 441 1544 442 1545 442 1546 442 1546 442 1545 442 1547 442 1546 842 1547 842 1548 842 1548 825 1547 825 1549 825 1548 843 1549 843 1550 843 1550 844 1549 844 1551 844 1550 445 1551 445 1552 445 1552 445 1551 445 1553 445 1552 772 1553 772 1554 772 1554 845 1553 845 1555 845 1554 774 1555 774 1556 774 1556 846 1555 846 1557 846 1556 449 1557 449 1558 449 1558 497 1557 497 1559 497 1558 498 1559 498 1560 498 1560 450 1559 450 1561 450 1560 304 1561 304 1562 304 1562 304 1561 304 1563 304 1562 452 1563 452 1564 452 1564 499 1563 499 1565 499 1564 26 1565 26 1566 26 1566 26 1565 26 1567 26 1566 454 1567 454 1568 454 1568 500 1567 500 1569 500 1568 317 1569 317 1570 317 1570 317 1569 317 1571 317 1570 456 1571 456 1572 456 1572 457 1571 457 1573 457 1572 458 1573 458 1574 458 1574 501 1573 501 1575 501 1574 847 1575 847 1576 847 1576 848 1575 848 1577 848 1576 849 1577 849 1578 849 1578 778 1577 778 1579 778 1578 505 1579 505 1580 505 1580 506 1579 506 1581 506 1580 461 1581 461 1582 461 1582 461 1581 461 1583 461 1582 834 1583 834 1584 834 1584 681 1583 681 1585 681 1584 465 1585 465 1586 465 1586 641 1585 641 1587 641 1586 466 1587 466 1588 466 1588 466 1587 466 1589 466 1588 414 1589 414 1590 414 1590 414 1589 414 1591 414 1590 683 1591 683 1592 683 1592 683 1591 683 1593 683 1592 469 1593 469 1594 469 1594 513 1593 513 1595 513 1594 850 1595 850 1596 850 1596 779 1595 779 1597 779 1596 576 1597 576 1598 576 1598 577 1597 577 1599 577 1598 780 1599 780 1600 780 1600 851 1599 851 1601 851 1600 852 1601 853 1602 854 1602 349 1601 349 1603 349 1602 350 1603 350 1604 350 1604 855 1603 585 1605 856 1604 857 1605 857 1606 857 1606 857 1605 857 1607 857 1606 522 1607 522 1518 522 1518 354 1607 354 1519 354 1608 588 1609 588 1610 588 1610 588 1609 588 1611 588 1610 589 1611 589 1612 589 1612 589 1611 589 1613 589 1612 590 1613 590 1614 590 1614 590 1613 590 1615 590 1614 591 1615 591 1616 591 1616 591 1615 591 1617 591 1616 592 1617 592 1618 592 1618 592 1617 592 1619 592 1618 858 1619 858 1620 858 1620 859 1619 859 1621 859 1620 596 1621 596 1622 596 1622 860 1621 860 1623 860 1622 861 1623 861 1624 861 1624 861 1623 861 1625 861 1624 599 1625 599 1626 599 1626 599 1625 599 1627 599 1626 862 1627 862 1628 862 1628 862 1627 862 1629 862 1628 601 1629 601 1630 601 1630 601 1629 601 1631 601 1630 863 1631 863 1632 863 1632 863 1631 863 1633 863 1632 440 1633 440 1634 440 1634 441 1633 441 1635 441 1634 864 1635 864 1636 864 1636 864 1635 864 1637 864 1636 865 1637 865 1638 865 1638 865 1637 865 1639 865 1638 866 1639 866 1640 866 1640 866 1639 866 1641 866 1640 867 1641 867 1642 867 1642 867 1641 867 1643 867 1642 613 1643 613 1644 613 1644 868 1643 868 1645 868 1644 448 1645 448 1646 448 1646 448 1645 448 1647 448 1646 869 1647 869 1648 869 1648 869 1647 869 1649 869 1648 870 1649 870 1650 870 1650 871 1649 871 1651 871 1650 872 1651 872 1652 872 1652 872 1651 872 1653 872 1652 873 1653 873 1654 873 1654 874 1653 874 1655 874 1654 26 1655 26 1656 26 1656 26 1655 26 1657 26 1656 875 1657 875 1658 875 1658 875 1657 875 1659 875 1658 876 1659 876 1660 876 1660 877 1659 877 1661 877 1660 878 1661 878 1662 878 1662 879 1661 879 1663 879 1662 880 1663 880 1664 880 1664 881 1663 881 1665 881 1664 402 1665 402 1666 402 1666 402 1665 402 1667 402 1666 882 1667 882 1668 882 1668 634 1667 634 1669 634 1668 883 1669 883 1670 883 1670 883 1669 883 1671 883 1670 884 1671 884 1672 884 1672 885 1671 885 1673 885 1672 886 1673 886 1674 886 1674 887 1673 887 1675 887 1674 888 1675 888 1676 888 1676 889 1675 889 1677 889 1676 466 1677 466 1678 466 1678 466 1677 466 1679 466 1678 890 1679 890 1680 890 1680 890 1679 890 1681 890 1680 891 1681 891 1682 891 1682 892 1681 892 1683 892 1682 893 1683 893 1684 893 1684 894 1683 894 1685 894 1684 895 1685 895 1686 895 1686 647 1685 647 1687 647 1686 896 1687 896 1688 896 1688 897 1687 897 1689 897 1688 650 1689 650 1690 650 1690 650 1689 650 1691 650 1690 898 1691 898 1692 898 1692 899 1691 899 1693 899 1692 900 1693 900 1694 900 1694 901 1693 901 1695 901 1694 902 1695 902 1696 902 1696 902 1695 902 1697 902 1696 903 1697 903 1608 903 1608 656 1697 656 1609 656 1698 904 1699 904 1700 904 1700 904 1699 904 1701 904 1700 905 1701 905 1702 905 1702 905 1701 905 1703 905 1702 906 1703 906 1704 906 1704 590 1703 590 1705 590 1704 907 1705 907 1706 907 1706 908 1705 908 1707 908 1706 909 1707 909 1708 909 1708 910 1707 910 1709 910 1708 661 1709 661 1710 661 1710 661 1709 661 1711 661 1710 911 1711 911 1712 911 1712 911 1711 911 1713 911 1712 912 1713 912 1714 912 1714 913 1713 913 1715 913 1714 914 1715 914 1716 914 1716 915 1715 915 1717 915 1716 916 1717 916 1718 916 1718 917 1717 917 1719 917 1718 918 1719 918 1720 918 1720 919 1719 919 1721 919 1720 439 1721 439 1722 439 1722 439 1721 439 1723 439 1722 920 1723 920 1724 920 1724 921 1723 921 1725 921 1724 922 1725 922 1726 922 1726 923 1725 923 1727 923 1726 865 1727 865 1728 865 1728 924 1727 924 1729 924 1728 798 1729 798 1730 798 1730 798 1729 798 1731 798 1730 445 1731 445 1732 445 1732 672 1731 672 1733 672 1732 925 1733 925 1734 925 1734 926 1733 926 1735 926 1734 927 1735 927 1736 927 1736 927 1735 927 1737 927 1736 928 1737 928 1738 928 1738 929 1737 929 1739 929 1738 930 1739 930 1740 930 1740 931 1739 931 1741 931 1740 872 1741 872 1742 872 1742 932 1741 932 1743 932 1742 933 1743 933 1744 933 1744 874 1743 874 1745 874 1744 26 1745 26 1746 26 1746 26 1745 26 1747 26 1746 875 1747 875 1748 875 1748 875 1747 875 1749 875 1748 934 1749 934 1750 934 1750 934 1749 934 1751 934 1750 935 1751 935 1752 935 1752 935 1751 935 1753 935 1752 629 1753 629 1754 629 1754 936 1753 936 1755 936 1754 937 1755 937 1756 937 1756 937 1755 937 1757 937 1756 882 1757 882 1758 882 1758 634 1757 634 1759 634 1758 406 1759 406 1760 406 1760 406 1759 406 1761 406 1760 407 1761 407 1762 407 1762 407 1761 407 1763 407 1762 938 1763 938 1764 938 1764 938 1763 938 1765 938 1764 939 1765 939 1766 939 1766 939 1765 939 1767 939 1766 642 1767 642 1768 642 1768 413 1767 413 1769 413 1768 414 1769 414 1770 414 1770 414 1769 414 1771 414 1770 940 1771 940 1772 940 1772 940 1771 940 1773 940 1772 941 1773 941 1774 941 1774 417 1773 417 1775 417 1774 942 1775 942 1776 942 1776 942 1775 942 1777 942 1776 943 1777 943 1778 943 1778 944 1777 944 1779 944 1778 421 1779 421 1780 421 1780 945 1779 945 1781 945 1780 518 1781 518 1782 518 1782 422 1781 422 1783 422 1782 946 1783 946 1784 946 1784 947 1783 947 1785 947 1784 948 1785 948 1786 948 1786 949 1785 949 1787 949 1786 656 1787 656 1698 656 1698 656 1787 656 1699 656 1788 950 1789 950 1790 950 1790 269 1789 269 1791 269 1790 270 1791 270 1792 270 1792 270 1791 270 1793 270 1792 271 1793 271 1794 271 1794 271 1793 271 1795 271 1794 951 1795 951 1796 951 1796 951 1795 951 1797 951 1796 725 1797 726 1798 727 1798 952 1797 953 1799 954 1798 728 1799 955 1800 730 1800 956 1799 957 1801 958 1800 769 1801 769 1802 769 1802 959 1801 959 1803 959 1802 960 1803 960 1804 960 1804 734 1803 734 1805 734 1804 771 1805 771 1806 771 1806 961 1805 961 1807 961 1806 791 1807 791 1808 791 1808 437 1807 437 1809 437 1808 962 1809 962 1810 962 1810 666 1809 666 1811 666 1810 439 1811 439 1812 439 1812 439 1811 439 1813 439 1812 794 1813 794 1814 794 1814 794 1813 794 1815 794 1814 442 1815 442 1816 442 1816 963 1815 963 1817 963 1816 964 1817 964 1818 964 1818 670 1817 670 1819 670 1818 671 1819 671 1820 671 1820 671 1819 671 1821 671 1820 799 1821 799 1822 799 1822 799 1821 799 1823 799 1822 965 1823 965 1824 965 1824 966 1823 966 1825 966 1824 774 1825 774 1826 774 1826 967 1825 967 1827 967 1826 449 1827 449 1828 449 1828 449 1827 449 1829 449 1828 677 1829 677 1830 677 1830 677 1829 677 1831 677 1830 751 1831 751 1832 751 1832 968 1831 968 1833 968 1832 453 1833 453 1834 453 1834 453 1833 453 1835 453 1834 26 1835 26 1836 26 1836 26 1835 26 1837 26 1836 711 1837 711 1838 711 1838 711 1837 711 1839 711 1838 318 1839 318 1840 318 1840 753 1839 753 1841 753 1840 680 1841 680 1842 680 1842 712 1841 712 1843 712 1842 459 1843 459 1844 459 1844 713 1843 713 1845 713 1844 776 1845 776 1846 776 1846 848 1845 848 1847 848 1846 969 1847 969 1848 969 1848 970 1847 970 1849 970 1848 406 1849 406 1850 406 1850 406 1849 406 1851 406 1850 462 1851 462 1852 462 1852 462 1851 462 1853 462 1852 681 1853 681 1854 681 1854 971 1853 971 1855 971 1854 410 1855 410 1856 410 1856 411 1855 411 1857 411 1856 466 1857 466 1858 466 1858 806 1857 806 1859 806 1858 414 1859 414 1860 414 1860 414 1859 414 1861 414 1860 715 1861 715 1862 715 1862 715 1861 715 1863 715 1862 469 1863 469 1864 469 1864 469 1863 469 1865 469 1864 972 1865 972 1866 972 1866 973 1865 973 1867 973 1866 974 1867 974 1868 974 1868 345 1867 345 1869 345 1868 780 1869 780 1870 780 1870 975 1869 975 1871 975 1870 976 1871 977 1872 978 1872 979 1871 980 1873 981 1872 982 1873 983 1874 984 1874 985 1873 986 1875 987 1874 782 1875 782 1876 782 1876 988 1875 988 1877 988 1876 428 1877 428 1788 428 1788 428 1877 428 1789 428 1878 688 1879 688 1880 688 1880 688 1879 688 1881 688 1880 689 1881 689 1882 689 1882 270 1881 270 1883 270 1882 358 1883 358 1884 358 1884 271 1883 271 1885 271 1884 724 1885 724 1886 724 1886 989 1885 989 1887 989 1886 990 1887 991 1888 992 1888 993 1887 994 1889 995 1888 996 1889 996 1890 996 1890 997 1889 998 1891 999 1890 1000 1891 1000 1892 1000 1892 1001 1891 1001 1893 1001 1892 1002 1893 1002 1894 1002 1894 1003 1893 1004 1895 1005 1894 698 1895 698 1896 698 1896 369 1895 369 1897 369 1896 1006 1897 1006 1898 1006 1898 1006 1897 1006 1899 1006 1898 1007 1899 1007 1900 1007 1900 1008 1899 1008 1901 1008 1900 1009 1901 1009 1902 1009 1902 1010 1901 1010 1903 1010 1902 1011 1903 1011 1904 1011 1904 1012 1903 1012 1905 1012 1904 1013 1905 1013 1906 1013 1906 1014 1905 1014 1907 1014 1906 1015 1907 1015 1908 1015 1908 1016 1907 1016 1909 1016 1908 1017 1909 1017 1910 1017 1910 1018 1909 1018 1911 1018 1910 1019 1911 1019 1912 1019 1912 1020 1911 1020 1913 1020 1912 1021 1913 1021 1914 1021 1914 1022 1913 1022 1915 1022 1914 1023 1915 1023 1916 1023 1916 1023 1915 1023 1917 1023 1916 1024 1917 1024 1918 1024 1918 1025 1917 1025 1919 1025 1918 748 1919 1026 1920 750 1920 1027 1919 1028 1921 1029 1920 1030 1921 1030 1922 1030 1922 304 1921 304 1923 304 1922 1031 1923 1031 1924 1031 1924 1031 1923 1031 1925 1031 1924 26 1925 26 1926 26 1926 26 1925 26 1927 26 1926 1032 1927 1032 1928 1032 1928 1032 1927 1032 1929 1032 1928 318 1929 318 1930 318 1930 753 1929 753 1931 753 1930 754 1931 754 1932 754 1932 1033 1931 1034 1933 1035 1932 326 1933 326 1934 326 1934 1036 1933 1036 1935 1036 1934 327 1935 327 1936 327 1936 1037 1935 1037 1937 1037 1936 328 1937 328 1938 328 1938 1038 1937 1038 1939 1038 1938 330 1939 330 1940 330 1940 330 1939 330 1941 330 1940 332 1941 332 1942 332 1942 332 1941 332 1943 332 1942 572 1943 572 1944 572 1944 333 1943 333 1945 333 1944 1039 1945 1039 1946 1039 1946 335 1945 335 1947 335 1946 1040 1947 1040 1948 1040 1948 755 1947 755 1949 755 1948 338 1949 338 1950 338 1950 338 1949 338 1951 338 1950 1041 1951 1041 1952 1041 1952 1041 1951 1041 1953 1041 1952 1042 1953 1042 1954 1042 1954 341 1953 341 1955 341 1954 344 1955 344 1956 344 1956 344 1955 344 1957 344 1956 974 1957 974 1958 974 1958 345 1957 345 1959 345 1958 347 1959 347 1960 347 1960 347 1959 347 1961 347 1960 1043 1961 1044 1962 1045 1962 1046 1961 1047 1963 1048 1962 982 1963 983 1964 984 1964 985 1963 986 1965 987 1964 352 1965 352 1966 352 1966 1049 1965 1049 1967 1049 1966 428 1967 428 1878 428 1878 428 1967 428 1879 428 1968 1050 1969 1050 1970 1050 1970 1050 1969 1050 1971 1050 1969 1051 1972 1051 1971 1051 1971 1051 1972 1051 1973 1051 1972 26 1974 26 1973 26 1973 26 1974 26 1975 26 1974 1052 1968 1052 1975 1052 1975 1052 1968 1052 1970 1052 1 1053 831 1053 3 1053 3 1054 831 1054 829 1054 3 1054 829 1054 1673 1054 1673 1054 829 1054 1675 1054 1675 1054 829 1054 827 1054 1675 1054 827 1054 1677 1054 1677 1054 827 1054 825 1054 1677 1054 825 1054 1679 1054 1679 1054 825 1054 823 1054 1679 1054 823 1054 1681 1054 1681 1054 823 1054 821 1054 1681 1054 821 1054 1683 1054 1683 1054 821 1054 819 1054 1683 1054 819 1054 1685 1054 1685 1054 819 1054 817 1054 1685 1054 817 1054 1687 1054 1687 1054 817 1054 815 1054 1687 1054 815 1054 665 1054 665 1055 815 1055 813 1055 665 1054 813 1054 667 1054 667 1056 813 1056 811 1056 667 1054 811 1054 669 1054 669 1054 811 1054 809 1054 669 1054 809 1054 671 1054 671 1054 809 1054 807 1054 671 1054 807 1054 673 1054 673 1054 807 1054 805 1054 673 1054 805 1054 675 1054 675 1054 805 1054 803 1054 675 1054 803 1054 677 1054 677 1054 803 1054 801 1054 677 1054 801 1054 679 1054 679 1057 801 1057 799 1057 679 1054 799 1054 681 1054 681 1054 799 1054 887 1054 681 1054 887 1054 683 1054 683 1058 887 1058 885 1058 683 1059 885 1059 685 1059 685 1060 885 1060 883 1060 685 1061 883 1061 687 1061 687 1054 883 1054 881 1054 687 1054 881 1054 689 1054 689 1054 881 1054 1487 1054 689 1062 1487 1062 1485 1062 831 1063 1 1063 833 1063 833 1054 1 1054 57 1054 833 1054 57 1054 55 1054 833 1054 55 1054 835 1054 835 1054 55 1054 53 1054 835 1054 53 1054 837 1054 837 1054 53 1054 51 1054 837 1054 51 1054 839 1054 839 1054 51 1054 49 1054 839 1064 49 1064 47 1064 839 1065 47 1065 841 1065 841 1066 47 1066 45 1066 841 1067 45 1067 843 1067 843 1068 45 1068 43 1068 843 1054 43 1054 845 1054 845 1069 43 1069 41 1069 845 1054 41 1054 847 1054 847 1054 41 1054 39 1054 847 1054 39 1054 1971 1054 1971 1070 39 1070 37 1070 1971 1071 37 1071 35 1071 35 1054 33 1054 1971 1054 1971 1054 33 1054 31 1054 1971 1054 31 1054 149 1054 149 1054 31 1054 151 1054 151 1054 31 1054 29 1054 151 1054 29 1054 153 1054 153 1054 29 1054 27 1054 153 1054 27 1054 155 1054 155 1054 27 1054 25 1054 155 1054 25 1054 157 1054 157 1054 25 1054 23 1054 157 1054 23 1054 1655 1054 1655 1054 23 1054 1657 1054 1657 1072 23 1072 21 1072 1657 1073 21 1073 1659 1073 1659 1074 21 1074 19 1074 1659 1054 19 1054 1661 1054 1661 1075 19 1075 17 1075 1661 1076 17 1076 1663 1076 1663 1077 17 1077 15 1077 1663 1054 15 1054 1665 1054 1665 1054 15 1054 13 1054 1665 1054 13 1054 11 1054 1665 1054 11 1054 1667 1054 1667 1054 11 1054 9 1054 1667 1054 9 1054 1669 1054 1669 1054 9 1054 7 1054 1669 1054 7 1054 1671 1054 1671 1054 7 1054 5 1054 1671 1054 5 1054 3 1054 59 1054 1973 1054 61 1054 61 1054 1973 1054 235 1054 61 1054 235 1054 63 1054 63 1054 235 1054 233 1054 63 1054 233 1054 65 1054 65 1054 233 1054 289 1054 65 1054 289 1054 67 1054 67 1054 289 1054 287 1054 67 1054 287 1054 69 1054 69 1054 287 1054 285 1054 69 1054 285 1054 351 1054 351 1054 285 1054 283 1054 351 1054 283 1054 353 1054 353 1054 283 1054 281 1054 353 1054 281 1054 355 1054 355 1054 281 1054 279 1054 355 1054 279 1054 357 1054 357 1054 279 1054 277 1054 357 1054 277 1054 359 1054 359 1054 277 1054 275 1054 359 1054 275 1054 273 1054 59 1054 115 1054 1973 1054 1973 1054 115 1054 113 1054 1973 1054 113 1054 111 1054 109 1054 711 1054 111 1054 111 1054 711 1054 709 1054 111 1054 709 1054 1973 1054 1973 1054 709 1054 797 1054 1973 1054 797 1054 795 1054 711 1054 109 1054 713 1054 713 1054 109 1054 107 1054 713 1054 107 1054 715 1054 715 1054 107 1054 105 1054 715 1054 105 1054 717 1054 717 1054 105 1054 103 1054 717 1054 103 1054 719 1054 719 1054 103 1054 101 1054 719 1054 101 1054 99 1054 719 1054 99 1054 721 1054 721 1054 99 1054 97 1054 721 1054 97 1054 723 1054 723 1054 97 1054 95 1054 723 1054 95 1054 725 1054 725 1054 95 1054 93 1054 725 1054 93 1054 91 1054 725 1054 91 1054 727 1054 727 1054 91 1054 89 1054 727 1054 89 1054 425 1054 425 1054 89 1054 427 1054 427 1054 89 1054 87 1054 427 1054 87 1054 85 1054 427 1054 85 1054 429 1054 429 1054 85 1054 83 1054 429 1054 83 1054 431 1054 431 1054 83 1054 81 1054 431 1054 81 1054 433 1054 433 1054 81 1054 79 1054 433 1054 79 1054 77 1054 433 1054 77 1054 435 1054 435 1054 77 1054 75 1054 435 1054 75 1054 437 1054 437 1054 75 1054 73 1054 437 1054 73 1054 349 1054 349 1054 73 1054 71 1054 349 1054 71 1054 351 1054 351 1054 71 1054 69 1054 117 1054 1641 1054 119 1054 119 1054 1641 1054 1639 1054 119 1054 1639 1054 1763 1054 1763 1054 1639 1054 1637 1054 1763 1054 1637 1054 1765 1054 1765 1054 1637 1054 1635 1054 1765 1054 1635 1054 1767 1054 1767 1054 1635 1054 1633 1054 1767 1054 1633 1054 1769 1054 1769 1054 1633 1054 1631 1054 1769 1054 1631 1054 1771 1054 1771 1054 1631 1054 1629 1054 1771 1054 1629 1054 1773 1054 1773 1054 1629 1054 1627 1054 1773 1054 1627 1054 1775 1054 1775 1054 1627 1054 1625 1054 1775 1054 1625 1054 1777 1054 1777 1054 1625 1054 1387 1054 1777 1054 1387 1054 1385 1054 117 1054 173 1054 1641 1054 1641 1054 173 1054 1643 1054 1643 1054 173 1054 171 1054 1643 1054 171 1054 1645 1054 1645 1054 171 1054 169 1054 1645 1054 169 1054 1647 1054 1647 1054 169 1054 167 1054 1647 1054 167 1054 165 1054 1647 1054 165 1054 1649 1054 1649 1078 165 1078 163 1078 1649 1079 163 1079 1651 1079 1651 1080 163 1080 161 1080 1651 1054 161 1054 1653 1054 1653 1081 161 1081 159 1081 1653 1082 159 1082 1655 1082 1655 1083 159 1083 157 1083 149 1054 147 1054 1971 1054 1971 1054 147 1054 1970 1054 1970 1054 147 1054 323 1054 1970 1054 323 1054 321 1054 323 1054 147 1054 325 1054 325 1054 147 1054 145 1054 325 1054 145 1054 327 1054 327 1054 145 1054 143 1054 327 1054 143 1054 329 1054 329 1054 143 1054 141 1054 329 1054 141 1054 331 1054 331 1054 141 1054 139 1054 331 1054 139 1054 1745 1054 1745 1054 139 1054 1747 1054 1747 1084 139 1084 137 1084 1747 1054 137 1054 1749 1054 1749 1085 137 1085 135 1085 1749 1054 135 1054 1751 1054 1751 1086 135 1086 133 1086 1751 1087 133 1087 1753 1087 1753 1088 133 1088 131 1088 1753 1054 131 1054 1755 1054 1755 1054 131 1054 129 1054 1755 1054 129 1054 127 1054 1755 1054 127 1054 1757 1054 1757 1054 127 1054 125 1054 1757 1054 125 1054 1759 1054 1759 1054 125 1054 123 1054 1759 1054 123 1054 1761 1054 1761 1089 123 1089 121 1089 1761 1054 121 1054 119 1054 175 1054 237 1054 177 1054 177 1054 237 1054 235 1054 177 1054 235 1054 1975 1054 1975 1054 235 1054 1973 1054 237 1054 175 1054 239 1054 239 1054 175 1054 231 1054 239 1054 231 1054 241 1054 241 1054 231 1054 229 1054 241 1054 229 1054 243 1054 243 1054 229 1054 227 1054 243 1054 227 1054 1071 1054 1071 1054 227 1054 225 1054 1071 1054 225 1054 1073 1054 1073 1054 225 1054 223 1054 1073 1054 223 1054 1075 1054 1075 1054 223 1054 221 1054 1075 1054 221 1054 1077 1054 1077 1054 221 1054 219 1054 1077 1054 219 1054 1079 1054 1079 1054 219 1054 217 1054 1079 1054 217 1054 215 1054 1079 1054 215 1054 1081 1054 1081 1054 215 1054 213 1054 1081 1054 213 1054 1083 1054 1083 1054 213 1054 211 1054 1083 1054 211 1054 1085 1054 1085 1054 211 1054 209 1054 1085 1054 209 1054 207 1054 1085 1054 207 1054 1087 1054 1087 1054 207 1054 205 1054 1087 1054 205 1054 1955 1054 1955 1054 205 1054 1957 1054 1957 1054 205 1054 203 1054 1957 1054 203 1054 201 1054 1957 1054 201 1054 1959 1054 1959 1054 201 1054 199 1054 1959 1054 199 1054 1961 1054 1961 1054 199 1054 197 1054 1961 1054 197 1054 1963 1054 1963 1054 197 1054 195 1054 1963 1054 195 1054 193 1054 1963 1054 193 1054 1965 1054 1965 1054 193 1054 191 1054 1965 1054 191 1054 1967 1054 1967 1054 191 1054 189 1054 1967 1054 189 1054 1879 1054 1879 1054 189 1054 187 1054 1879 1054 187 1054 1881 1054 1881 1054 187 1054 185 1054 1881 1054 185 1054 1883 1054 1883 1054 185 1054 1975 1054 1883 1054 1975 1054 1885 1054 1885 1054 1975 1054 1887 1054 1887 1054 1975 1054 1889 1054 1889 1054 1975 1054 1891 1054 1891 1054 1975 1054 1893 1054 1893 1054 1975 1054 1895 1054 1895 1054 1975 1054 1897 1054 1897 1054 1975 1054 1899 1054 1899 1054 1975 1054 1901 1054 1901 1054 1975 1054 1903 1054 1903 1054 1975 1054 1905 1054 1905 1054 1975 1054 1001 1054 1905 1090 1001 1090 1907 1090 1907 1054 1001 1054 999 1054 1907 1054 999 1054 1909 1054 1909 1091 999 1091 997 1091 1909 1092 997 1092 1911 1092 1911 1093 997 1093 995 1093 1911 1054 995 1054 1913 1054 1913 1094 995 1094 993 1094 1913 1095 993 1095 1915 1095 1915 1054 993 1054 991 1054 1915 1054 991 1054 1813 1054 1813 1054 991 1054 1815 1054 1815 1054 991 1054 989 1054 1815 1054 989 1054 1817 1054 1817 1054 989 1054 987 1054 1817 1054 987 1054 1819 1054 1819 1054 987 1054 985 1054 1819 1054 985 1054 1821 1054 1821 1054 985 1054 983 1054 1821 1054 983 1054 1823 1054 1823 1054 983 1054 981 1054 1823 1054 981 1054 1825 1054 1825 1054 981 1054 979 1054 1825 1054 979 1054 1827 1054 1827 1054 979 1054 1067 1054 1827 1054 1067 1054 1829 1054 1829 1054 1067 1054 1065 1054 1829 1054 1065 1054 1831 1054 1831 1054 1065 1054 1063 1054 1831 1054 1063 1054 1833 1054 1833 1054 1063 1054 1061 1054 1833 1054 1061 1054 1835 1054 1835 1054 1061 1054 1059 1054 1835 1054 1059 1054 1837 1054 1837 1054 1059 1054 1057 1054 1837 1054 1057 1054 905 1054 905 1054 1057 1054 907 1054 907 1054 1057 1054 1055 1054 907 1054 1055 1054 909 1054 909 1054 1055 1054 1053 1054 909 1054 1053 1054 911 1054 911 1054 1053 1054 1051 1054 911 1054 1051 1054 913 1054 913 1054 1051 1054 1049 1054 913 1054 1049 1054 915 1054 915 1054 1049 1054 1047 1054 915 1054 1047 1054 917 1054 917 1054 1047 1054 1045 1054 917 1054 1045 1054 919 1054 919 1054 1045 1054 1043 1054 919 1054 1043 1054 921 1054 921 1054 1043 1054 1041 1054 921 1054 1041 1054 1249 1054 1249 1054 1041 1054 1039 1054 1249 1054 1039 1054 1251 1054 1251 1054 1039 1054 1037 1054 1251 1054 1037 1054 1253 1054 1253 1054 1037 1054 1035 1054 1253 1054 1035 1054 1255 1054 1255 1054 1035 1054 1033 1054 1255 1054 1033 1054 1257 1054 1257 1054 1033 1054 1031 1054 1257 1054 1031 1054 1259 1054 1259 1054 1031 1054 1029 1054 1259 1054 1029 1054 1261 1054 1261 1054 1029 1054 1027 1054 1261 1054 1027 1054 1263 1054 1263 1054 1027 1054 1025 1054 1263 1054 1025 1054 1265 1054 1265 1054 1025 1054 1023 1054 1265 1054 1023 1054 1267 1054 1267 1054 1023 1054 1021 1054 1267 1054 1021 1054 1269 1054 1269 1054 1021 1054 1019 1054 1269 1054 1019 1054 1271 1054 1271 1054 1019 1054 1017 1054 1271 1054 1017 1054 1273 1054 1273 1096 1017 1096 1015 1096 1273 1054 1015 1054 451 1054 451 1054 1015 1054 453 1054 453 1097 1015 1097 1013 1097 453 1098 1013 1098 455 1098 455 1099 1013 1099 1011 1099 455 1054 1011 1054 457 1054 457 1100 1011 1100 1009 1100 457 1054 1009 1054 459 1054 459 1101 1009 1101 1007 1101 459 1102 1007 1102 461 1102 461 1103 1007 1103 1005 1103 461 1054 1005 1054 1970 1054 1970 1104 1005 1104 1003 1104 1970 1054 1003 1054 1975 1054 1975 1105 1003 1105 1001 1105 185 1054 183 1054 1975 1054 1975 1054 183 1054 181 1054 1975 1054 181 1054 179 1054 179 1054 177 1054 1975 1054 359 1054 273 1054 361 1054 361 1054 273 1054 271 1054 361 1054 271 1054 363 1054 363 1054 271 1054 269 1054 363 1054 269 1054 365 1054 365 1054 269 1054 267 1054 365 1054 267 1054 265 1054 365 1054 265 1054 367 1054 367 1054 265 1054 263 1054 367 1054 263 1054 1145 1054 1145 1054 263 1054 1147 1054 1147 1054 263 1054 261 1054 1147 1054 261 1054 259 1054 1147 1054 259 1054 1149 1054 1149 1054 259 1054 257 1054 1149 1054 257 1054 1151 1054 1151 1054 257 1054 255 1054 1151 1054 255 1054 1153 1054 1153 1054 255 1054 253 1054 1153 1054 253 1054 251 1054 1153 1054 251 1054 1155 1054 1155 1054 251 1054 249 1054 1155 1054 249 1054 1157 1054 1157 1054 249 1054 247 1054 1157 1054 247 1054 1069 1054 1069 1054 247 1054 245 1054 1069 1054 245 1054 1071 1054 1071 1054 245 1054 243 1054 291 1054 1731 1054 293 1054 293 1054 1731 1054 1729 1054 293 1054 1729 1054 503 1054 503 1054 1729 1054 1727 1054 503 1054 1727 1054 505 1054 505 1054 1727 1054 1725 1054 505 1054 1725 1054 507 1054 507 1054 1725 1054 1723 1054 507 1054 1723 1054 509 1054 509 1054 1723 1054 1721 1054 509 1054 1721 1054 511 1054 511 1054 1721 1054 1719 1054 511 1054 1719 1054 513 1054 513 1054 1719 1054 1717 1054 513 1054 1717 1054 515 1054 515 1054 1717 1054 1715 1054 515 1054 1715 1054 517 1054 517 1054 1715 1054 1297 1054 517 1054 1297 1054 519 1054 519 1054 1297 1054 1295 1054 519 1106 1295 1106 521 1106 521 1054 1295 1054 1293 1054 521 1054 1293 1054 523 1054 523 1054 1293 1054 1291 1054 523 1054 1291 1054 525 1054 525 1054 1291 1054 1289 1054 525 1054 1289 1054 527 1054 527 1054 1289 1054 1287 1054 527 1054 1287 1054 439 1054 439 1054 1287 1054 1285 1054 439 1054 1285 1054 441 1054 441 1054 1285 1054 1283 1054 441 1054 1283 1054 443 1054 443 1054 1283 1054 1281 1054 443 1054 1281 1054 445 1054 445 1054 1281 1054 1279 1054 445 1054 1279 1054 447 1054 447 1107 1279 1107 1277 1107 447 1054 1277 1054 449 1054 449 1108 1277 1108 1275 1108 449 1109 1275 1109 451 1109 451 1110 1275 1110 1273 1110 291 1054 347 1054 1731 1054 1731 1111 347 1111 1733 1111 1733 1054 347 1054 345 1054 1733 1054 345 1054 1735 1054 1735 1054 345 1054 343 1054 1735 1054 343 1054 1737 1054 1737 1054 343 1054 341 1054 1737 1054 341 1054 339 1054 1737 1054 339 1054 1739 1054 1739 1112 339 1112 337 1112 1739 1113 337 1113 1741 1113 1741 1114 337 1114 335 1114 1741 1054 335 1054 1743 1054 1743 1115 335 1115 333 1115 1743 1054 333 1054 1745 1054 1745 1116 333 1116 331 1116 321 1054 319 1054 1970 1054 1970 1117 319 1117 317 1117 1970 1118 317 1118 315 1118 1970 1054 315 1054 485 1054 485 1054 315 1054 313 1054 485 1054 313 1054 487 1054 487 1119 313 1119 311 1119 487 1054 311 1054 489 1054 489 1120 311 1120 309 1120 489 1054 309 1054 491 1054 491 1121 309 1121 307 1121 491 1054 307 1054 493 1054 493 1122 307 1122 305 1122 493 1054 305 1054 495 1054 495 1054 305 1054 303 1054 495 1054 303 1054 301 1054 495 1054 301 1054 497 1054 497 1054 301 1054 299 1054 497 1054 299 1054 499 1054 499 1054 299 1054 297 1054 499 1054 297 1054 501 1054 501 1123 297 1123 295 1123 501 1054 295 1054 293 1054 727 1054 425 1054 729 1054 729 1054 425 1054 423 1054 729 1054 423 1054 731 1054 731 1054 423 1054 421 1054 731 1054 421 1054 733 1054 733 1054 421 1054 419 1054 733 1054 419 1054 735 1054 735 1054 419 1054 417 1054 735 1054 417 1054 737 1054 737 1054 417 1054 415 1054 737 1054 415 1054 739 1054 739 1054 415 1054 413 1054 739 1054 413 1054 741 1054 741 1054 413 1054 411 1054 741 1054 411 1054 1523 1054 1523 1054 411 1054 409 1054 1523 1054 409 1054 1525 1054 1525 1054 409 1054 407 1054 1525 1054 407 1054 1527 1054 1527 1054 407 1054 405 1054 1527 1054 405 1054 1529 1054 1529 1054 405 1054 403 1054 1529 1054 403 1054 1531 1054 1531 1054 403 1054 401 1054 1531 1054 401 1054 1533 1054 1533 1054 401 1054 399 1054 1533 1054 399 1054 1535 1054 1535 1054 399 1054 397 1054 1535 1054 397 1054 1237 1054 1237 1054 397 1054 395 1054 1237 1054 395 1054 1239 1054 1239 1054 395 1054 393 1054 1239 1054 393 1054 1241 1054 1241 1054 393 1054 391 1054 1241 1054 391 1054 1243 1054 1243 1054 391 1054 389 1054 1243 1054 389 1054 1245 1054 1245 1054 389 1054 387 1054 1245 1054 387 1054 1247 1054 1247 1054 387 1054 385 1054 1247 1054 385 1054 1159 1054 1159 1054 385 1054 383 1054 1159 1054 383 1054 1161 1054 1161 1054 383 1054 381 1054 1161 1054 381 1054 1131 1054 1131 1054 381 1054 1133 1054 1133 1054 381 1054 379 1054 1133 1054 379 1054 1135 1054 1135 1054 379 1054 377 1054 1135 1054 377 1054 1137 1054 1137 1054 377 1054 375 1054 1137 1054 375 1054 1139 1054 1139 1054 375 1054 373 1054 1139 1054 373 1054 1141 1054 1141 1054 373 1054 371 1054 1141 1054 371 1054 1143 1054 1143 1054 371 1054 369 1054 1143 1054 369 1054 1145 1054 1145 1054 369 1054 367 1054 503 1054 501 1054 293 1054 485 1054 483 1054 1970 1054 1970 1054 483 1054 481 1054 1970 1124 481 1124 479 1124 479 1054 477 1054 1970 1054 1970 1054 477 1054 475 1054 1970 1054 475 1054 473 1054 473 1054 471 1054 1970 1054 1970 1125 471 1125 469 1125 1970 1126 469 1126 467 1126 467 1054 465 1054 1970 1054 1970 1127 465 1127 463 1127 1970 1054 463 1054 461 1054 529 1054 1551 1054 531 1054 531 1054 1551 1054 1221 1054 531 1054 1221 1054 1219 1054 1551 1054 529 1054 1553 1054 1553 1054 529 1054 617 1054 1553 1054 617 1054 1555 1054 1555 1054 617 1054 615 1054 1555 1054 615 1054 1557 1054 1557 1054 615 1054 613 1054 1557 1054 613 1054 1559 1054 1559 1054 613 1054 611 1054 1559 1054 611 1054 1561 1054 1561 1054 611 1054 609 1054 1561 1054 609 1054 1563 1054 1563 1054 609 1054 607 1054 1563 1054 607 1054 1565 1054 1565 1054 607 1054 1445 1054 1565 1054 1445 1054 1443 1054 1445 1054 607 1054 1447 1054 1447 1054 607 1054 605 1054 1447 1054 605 1054 1449 1054 1449 1054 605 1054 603 1054 1449 1054 603 1054 1451 1054 1451 1054 603 1054 601 1054 1451 1054 601 1054 1453 1054 1453 1054 601 1054 599 1054 1453 1054 599 1054 1455 1054 1455 1054 599 1054 597 1054 1455 1054 597 1054 1457 1054 1457 1054 597 1054 595 1054 1457 1054 595 1054 1459 1054 1459 1054 595 1054 593 1054 1459 1054 593 1054 1461 1054 1461 1054 593 1054 591 1054 1461 1054 591 1054 623 1054 623 1054 591 1054 589 1054 623 1054 589 1054 625 1054 625 1054 589 1054 587 1054 625 1054 587 1054 627 1054 627 1054 587 1054 585 1054 627 1054 585 1054 629 1054 629 1054 585 1054 583 1054 629 1054 583 1054 631 1054 631 1054 583 1054 581 1054 631 1054 581 1054 633 1054 633 1054 581 1054 579 1054 633 1054 579 1054 635 1054 635 1054 579 1054 577 1054 635 1054 577 1054 1417 1054 1417 1054 577 1054 575 1054 1417 1054 575 1054 1419 1054 1419 1054 575 1054 573 1054 1419 1054 573 1054 1421 1054 1421 1054 573 1054 571 1054 1421 1054 571 1054 1423 1054 1423 1054 571 1054 569 1054 1423 1054 569 1054 1425 1054 1425 1054 569 1054 567 1054 1425 1054 567 1054 1427 1054 1427 1054 567 1054 565 1054 1427 1054 565 1054 1339 1054 1339 1054 565 1054 563 1054 1339 1054 563 1054 1341 1054 1341 1054 563 1054 561 1054 1341 1054 561 1054 951 1054 951 1054 561 1054 953 1054 953 1054 561 1054 559 1054 953 1054 559 1054 955 1054 955 1054 559 1054 557 1054 955 1054 557 1054 957 1054 957 1054 557 1054 555 1054 957 1054 555 1054 959 1054 959 1054 555 1054 553 1054 959 1054 553 1054 961 1054 961 1054 553 1054 551 1054 961 1054 551 1054 963 1054 963 1054 551 1054 549 1054 963 1054 549 1054 965 1054 965 1054 549 1054 547 1054 965 1054 547 1054 967 1054 967 1054 547 1054 545 1054 967 1054 545 1054 1205 1054 1205 1054 545 1054 1207 1054 1207 1054 545 1054 543 1054 1207 1054 543 1054 1209 1054 1209 1054 543 1054 541 1054 1209 1054 541 1054 1211 1054 1211 1054 541 1054 539 1054 1211 1054 539 1054 1213 1054 1213 1054 539 1054 537 1054 1213 1054 537 1054 1215 1054 1215 1054 537 1054 535 1054 1215 1054 535 1054 1217 1054 1217 1054 535 1054 533 1054 1217 1054 533 1054 1219 1054 1219 1054 533 1054 531 1054 619 1054 1465 1054 621 1054 621 1054 1465 1054 1463 1054 621 1054 1463 1054 623 1054 623 1054 1463 1054 1461 1054 1465 1054 619 1054 1467 1054 1467 1054 619 1054 707 1054 1467 1054 707 1054 1469 1054 1469 1054 707 1054 705 1054 1469 1054 705 1054 1471 1054 1471 1054 705 1054 703 1054 1471 1054 703 1054 1473 1054 1473 1054 703 1054 701 1054 1473 1054 701 1054 1475 1054 1475 1054 701 1054 699 1054 1475 1054 699 1054 1477 1054 1477 1054 699 1054 697 1054 1477 1054 697 1054 1479 1054 1479 1054 697 1054 695 1054 1479 1054 695 1054 1481 1054 1481 1054 695 1054 693 1054 1481 1054 693 1054 1483 1054 1483 1128 693 1128 691 1128 1483 1054 691 1054 1485 1054 1485 1054 691 1054 689 1054 665 1054 663 1054 1687 1054 1687 1054 663 1054 1689 1054 1689 1054 663 1054 661 1054 1689 1054 661 1054 1691 1054 1691 1054 661 1054 659 1054 1691 1129 659 1129 1693 1129 1693 1054 659 1054 657 1054 1693 1054 657 1054 1695 1054 1695 1130 657 1130 655 1130 1695 1131 655 1131 1697 1131 1697 1054 655 1054 653 1054 1697 1054 653 1054 1609 1054 1609 1054 653 1054 651 1054 1609 1054 651 1054 1611 1054 1611 1054 651 1054 1401 1054 1611 1054 1401 1054 1399 1054 1401 1054 651 1054 1403 1054 1403 1054 651 1054 649 1054 1403 1054 649 1054 1405 1054 1405 1054 649 1054 647 1054 1405 1054 647 1054 1407 1054 1407 1054 647 1054 645 1054 1407 1054 645 1054 1409 1054 1409 1054 645 1054 643 1054 1409 1054 643 1054 1411 1054 1411 1054 643 1054 641 1054 1411 1054 641 1054 1413 1054 1413 1054 641 1054 639 1054 1413 1054 639 1054 1415 1054 1415 1054 639 1054 637 1054 1415 1054 637 1054 1417 1054 1417 1054 637 1054 635 1054 795 1054 793 1054 1973 1054 1973 1054 793 1054 791 1054 1973 1054 791 1054 789 1054 789 1054 787 1054 1973 1054 1973 1054 787 1054 785 1054 1973 1054 785 1054 783 1054 783 1054 781 1054 1973 1054 1973 1054 781 1054 779 1054 1973 1054 779 1054 777 1054 1973 1054 777 1054 1501 1054 1501 1132 777 1132 775 1132 1501 1054 775 1054 1503 1054 1503 1133 775 1133 773 1133 1503 1134 773 1134 1505 1134 1505 1135 773 1135 771 1135 1505 1054 771 1054 1507 1054 1507 1136 771 1136 769 1136 1507 1054 769 1054 1509 1054 1509 1137 769 1137 767 1137 1509 1054 767 1054 1511 1054 1511 1054 767 1054 1589 1054 1511 1054 1589 1054 1587 1054 767 1054 765 1054 1589 1054 1589 1054 765 1054 1591 1054 1591 1054 765 1054 763 1054 1591 1054 763 1054 1593 1054 1593 1054 763 1054 761 1054 1593 1054 761 1054 1595 1054 1595 1054 761 1054 759 1054 1595 1054 759 1054 1597 1054 1597 1054 759 1054 757 1054 1597 1054 757 1054 1599 1054 1599 1054 757 1054 755 1054 1599 1054 755 1054 1601 1054 1601 1054 755 1054 753 1054 1601 1054 753 1054 1603 1054 1603 1054 753 1054 751 1054 1603 1054 751 1054 1605 1054 1605 1054 751 1054 749 1054 1605 1054 749 1054 1607 1054 1607 1054 749 1054 747 1054 1607 1054 747 1054 1519 1054 1519 1054 747 1054 745 1054 1519 1054 745 1054 1521 1054 1521 1054 745 1054 743 1054 1521 1054 743 1054 1523 1054 1523 1054 743 1054 741 1054 881 1054 879 1054 1487 1054 1487 1054 879 1054 1489 1054 1489 1138 879 1138 877 1138 1489 1139 877 1139 1491 1139 1491 1140 877 1140 875 1140 1491 1141 875 1141 1493 1141 1493 1142 875 1142 873 1142 1493 1143 873 1143 1495 1143 1495 1144 873 1144 871 1144 1495 1054 871 1054 1497 1054 1497 1054 871 1054 1971 1054 1497 1145 1971 1145 1499 1145 1499 1054 1971 1054 1973 1054 1499 1054 1973 1054 1501 1054 871 1054 869 1054 1971 1054 1971 1146 869 1146 867 1146 1971 1054 867 1054 865 1054 865 1054 863 1054 1971 1054 1971 1147 863 1147 861 1147 1971 1148 861 1148 859 1148 859 1054 857 1054 1971 1054 1971 1054 857 1054 855 1054 1971 1149 855 1149 853 1149 853 1054 851 1054 1971 1054 1971 1150 851 1150 849 1150 1971 1054 849 1054 847 1054 889 1054 1193 1054 891 1054 891 1054 1193 1054 1191 1054 891 1054 1191 1054 1851 1054 1851 1054 1191 1054 1853 1054 1853 1054 1191 1054 1189 1054 1853 1054 1189 1054 1855 1054 1855 1054 1189 1054 1187 1054 1855 1054 1187 1054 1857 1054 1857 1054 1187 1054 1185 1054 1857 1054 1185 1054 1859 1054 1859 1054 1185 1054 1183 1054 1859 1054 1183 1054 1861 1054 1861 1054 1183 1054 1181 1054 1861 1054 1181 1054 1863 1054 1863 1054 1181 1054 1179 1054 1863 1054 1179 1054 1865 1054 1865 1054 1179 1054 1177 1054 1865 1054 1177 1054 1867 1054 1867 1054 1177 1054 1175 1054 1867 1054 1175 1054 1115 1054 1115 1054 1175 1054 1117 1054 1117 1054 1175 1054 1173 1054 1117 1054 1173 1054 1119 1054 1119 1054 1173 1054 1171 1054 1119 1054 1171 1054 1121 1054 1121 1054 1171 1054 1169 1054 1121 1054 1169 1054 1123 1054 1123 1054 1169 1054 1167 1054 1123 1054 1167 1054 1125 1054 1125 1054 1167 1054 1165 1054 1125 1054 1165 1054 1127 1054 1127 1054 1165 1054 1163 1054 1127 1054 1163 1054 1129 1054 1129 1054 1163 1054 1161 1054 1129 1054 1161 1054 1131 1054 1193 1054 889 1054 1195 1054 1195 1054 889 1054 977 1054 1195 1054 977 1054 1197 1054 1197 1054 977 1054 975 1054 1197 1054 975 1054 1199 1054 1199 1054 975 1054 973 1054 1199 1054 973 1054 1201 1054 1201 1054 973 1054 971 1054 1201 1054 971 1054 1203 1054 1203 1054 971 1054 969 1054 1203 1054 969 1054 1205 1054 1205 1054 969 1054 967 1054 951 1054 949 1054 1341 1054 1341 1054 949 1054 1343 1054 1343 1054 949 1054 947 1054 1343 1054 947 1054 1345 1054 1345 1054 947 1054 945 1054 1345 1054 945 1054 1347 1054 1347 1054 945 1054 943 1054 1347 1054 943 1054 1349 1054 1349 1054 943 1054 941 1054 1349 1054 941 1054 1351 1054 1351 1054 941 1054 939 1054 1351 1054 939 1054 1353 1054 1353 1054 939 1054 937 1054 1353 1054 937 1054 1355 1054 1355 1054 937 1054 935 1054 1355 1054 935 1054 1327 1054 1327 1054 935 1054 933 1054 1327 1054 933 1054 1329 1054 1329 1054 933 1054 931 1054 1329 1054 931 1054 1331 1054 1331 1054 931 1054 929 1054 1331 1054 929 1054 1333 1054 1333 1054 929 1054 927 1054 1333 1054 927 1054 1335 1054 1335 1054 927 1054 925 1054 1335 1054 925 1054 1337 1054 1337 1054 925 1054 923 1054 1337 1054 923 1054 1249 1054 1249 1054 923 1054 921 1054 1837 1054 905 1054 1839 1054 1839 1054 905 1054 903 1054 1839 1054 903 1054 1841 1054 1841 1054 903 1054 901 1054 1841 1054 901 1054 1843 1054 1843 1054 901 1054 899 1054 1843 1054 899 1054 1845 1054 1845 1054 899 1054 897 1054 1845 1054 897 1054 1847 1054 1847 1054 897 1054 895 1054 1847 1054 895 1054 1849 1054 1849 1054 895 1054 893 1054 1849 1054 893 1054 1851 1054 1851 1054 893 1054 891 1054 1115 1054 1113 1054 1867 1054 1867 1054 1113 1054 1869 1054 1869 1054 1113 1054 1111 1054 1869 1054 1111 1054 1871 1054 1871 1054 1111 1054 1109 1054 1871 1054 1109 1054 1873 1054 1873 1054 1109 1054 1107 1054 1873 1054 1107 1054 1875 1054 1875 1054 1107 1054 1105 1054 1875 1054 1105 1054 1877 1054 1877 1054 1105 1054 1103 1054 1877 1054 1103 1054 1789 1054 1789 1054 1103 1054 1101 1054 1789 1054 1101 1054 1941 1054 1941 1054 1101 1054 1943 1054 1943 1054 1101 1054 1099 1054 1943 1054 1099 1054 1945 1054 1945 1054 1099 1054 1097 1054 1945 1054 1097 1054 1947 1054 1947 1054 1097 1054 1095 1054 1947 1054 1095 1054 1949 1054 1949 1054 1095 1054 1093 1054 1949 1054 1093 1054 1951 1054 1951 1054 1093 1054 1091 1054 1951 1054 1091 1054 1953 1054 1953 1054 1091 1054 1089 1054 1953 1054 1089 1054 1955 1054 1955 1054 1089 1054 1087 1054 1535 1054 1237 1054 1537 1054 1537 1054 1237 1054 1235 1054 1537 1054 1235 1054 1539 1054 1539 1054 1235 1054 1233 1054 1539 1054 1233 1054 1541 1054 1541 1054 1233 1054 1231 1054 1541 1054 1231 1054 1543 1054 1543 1054 1231 1054 1229 1054 1543 1054 1229 1054 1545 1054 1545 1054 1229 1054 1227 1054 1545 1054 1227 1054 1547 1054 1547 1054 1227 1054 1225 1054 1547 1054 1225 1054 1549 1054 1549 1054 1225 1054 1223 1054 1549 1054 1223 1054 1551 1054 1551 1054 1223 1054 1221 1054 1355 1054 1327 1054 1357 1054 1357 1054 1327 1054 1325 1054 1357 1054 1325 1054 1359 1054 1359 1054 1325 1054 1323 1054 1359 1054 1323 1054 1361 1054 1361 1054 1323 1054 1321 1054 1361 1054 1321 1054 1363 1054 1363 1054 1321 1054 1319 1054 1363 1054 1319 1054 1365 1054 1365 1054 1319 1054 1317 1054 1365 1054 1317 1054 1367 1054 1367 1054 1317 1054 1315 1054 1367 1054 1315 1054 1369 1054 1369 1054 1315 1054 1313 1054 1369 1054 1313 1054 1371 1054 1371 1054 1313 1054 1311 1054 1371 1054 1311 1054 1701 1054 1701 1054 1311 1054 1703 1054 1703 1054 1311 1054 1309 1054 1703 1054 1309 1054 1705 1054 1705 1151 1309 1151 1307 1151 1705 1054 1307 1054 1707 1054 1707 1054 1307 1054 1305 1054 1707 1054 1305 1054 1709 1054 1709 1152 1305 1152 1303 1152 1709 1054 1303 1054 1711 1054 1711 1153 1303 1153 1301 1153 1711 1054 1301 1054 1713 1054 1713 1054 1301 1054 1299 1054 1713 1054 1299 1054 1715 1054 1715 1054 1299 1054 1297 1054 1611 1054 1399 1054 1613 1054 1613 1054 1399 1054 1397 1054 1613 1054 1397 1054 1615 1054 1615 1054 1397 1054 1395 1054 1615 1054 1395 1054 1617 1054 1617 1154 1395 1154 1393 1154 1617 1054 1393 1054 1619 1054 1619 1054 1393 1054 1391 1054 1619 1054 1391 1054 1621 1054 1621 1155 1391 1155 1389 1155 1621 1054 1389 1054 1623 1054 1623 1054 1389 1054 1387 1054 1623 1054 1387 1054 1625 1054 1777 1054 1385 1054 1779 1054 1779 1054 1385 1054 1383 1054 1779 1054 1383 1054 1781 1054 1781 1054 1383 1054 1381 1054 1781 1054 1381 1054 1783 1054 1783 1054 1381 1054 1379 1054 1783 1054 1379 1054 1785 1054 1785 1054 1379 1054 1377 1054 1785 1054 1377 1054 1787 1054 1787 1156 1377 1156 1375 1156 1787 1157 1375 1157 1699 1157 1699 1158 1375 1158 1373 1158 1699 1054 1373 1054 1701 1054 1701 1054 1373 1054 1371 1054 1429 1054 1579 1054 1431 1054 1431 1054 1579 1054 1577 1054 1431 1054 1577 1054 1433 1054 1433 1054 1577 1054 1575 1054 1433 1054 1575 1054 1435 1054 1435 1054 1575 1054 1573 1054 1435 1054 1573 1054 1437 1054 1437 1054 1573 1054 1571 1054 1437 1054 1571 1054 1439 1054 1439 1054 1571 1054 1569 1054 1439 1054 1569 1054 1441 1054 1441 1054 1569 1054 1567 1054 1441 1054 1567 1054 1443 1054 1443 1054 1567 1054 1565 1054 1579 1054 1429 1054 1581 1054 1581 1054 1429 1054 1517 1054 1581 1054 1517 1054 1583 1054 1583 1054 1517 1054 1515 1054 1583 1054 1515 1054 1585 1054 1585 1054 1515 1054 1513 1054 1585 1054 1513 1054 1587 1054 1587 1054 1513 1054 1511 1054 1673 1054 1671 1054 3 1054 1763 1054 1761 1054 119 1054 1789 1054 1939 1054 1791 1054 1791 1054 1939 1054 1937 1054 1791 1054 1937 1054 1793 1054 1793 1054 1937 1054 1935 1054 1793 1054 1935 1054 1795 1054 1795 1054 1935 1054 1933 1054 1795 1054 1933 1054 1797 1054 1797 1054 1933 1054 1931 1054 1797 1054 1931 1054 1799 1054 1799 1054 1931 1054 1929 1054 1799 1054 1929 1054 1801 1054 1801 1054 1929 1054 1927 1054 1801 1054 1927 1054 1803 1054 1803 1054 1927 1054 1925 1054 1803 1054 1925 1054 1805 1054 1805 1054 1925 1054 1923 1054 1805 1054 1923 1054 1807 1054 1807 1054 1923 1054 1921 1054 1807 1054 1921 1054 1809 1054 1809 1054 1921 1054 1919 1054 1809 1054 1919 1054 1811 1054 1811 1054 1919 1054 1917 1054 1811 1054 1917 1054 1813 1054 1813 1054 1917 1054 1915 1054 1941 1054 1939 1054 1789 1054 1968 1159 1976 1159 1969 1159 1969 1159 1976 1159 1977 1159 1969 1159 1977 1159 1978 1159 1974 1159 1979 1159 1968 1159 1968 1159 1979 1159 1980 1159 1968 1159 1980 1159 1981 1159 1972 1159 1982 1159 1974 1159 1974 1159 1982 1159 1983 1159 1974 1159 1983 1159 1984 1159 1969 1159 1985 1159 1972 1159 1972 1159 1985 1159 1986 1159 1972 1159 1986 1159 1987 1159 1987 1159 1986 1159 1988 1159 1988 1159 1986 1159 1989 1159 1988 1159 1989 1159 1990 1159 1990 1159 1989 1159 1991 1159 1990 1159 1991 1159 1992 1159 1992 1159 1991 1159 1993 1159 1992 1159 1993 1159 1994 1159 1994 1159 1993 1159 1995 1159 1994 1159 1995 1159 1996 1159 1996 1159 1995 1159 1997 1159 1996 1159 1997 1159 1998 1159 1998 1159 1997 1159 1999 1159 1998 1159 1999 1159 2000 1159 1987 1159 2001 1159 1972 1159 1972 1159 2001 1159 2002 1159 1972 1159 2002 1159 2003 1159 2003 1159 2004 1159 1972 1159 1972 1159 2004 1159 2005 1159 1972 1159 2005 1159 2006 1159 2006 1159 2007 1159 1972 1159 1972 1159 2007 1159 2008 1159 1972 1159 2008 1159 2009 1159 2009 1159 2010 1159 1972 1159 1972 1159 2010 1159 2011 1159 1972 1159 2011 1159 2012 1159 2012 1159 2011 1159 2013 1159 2013 1159 2011 1159 2014 1159 2013 1159 2014 1159 2015 1159 2015 1159 2014 1159 2016 1159 2015 1159 2016 1159 2017 1159 2017 1159 2016 1159 2018 1159 2017 1159 2018 1159 2019 1159 2019 1159 2018 1159 2020 1159 2019 1159 2020 1159 2021 1159 2021 1159 2020 1159 2022 1159 2021 1159 2022 1159 2023 1159 2023 1159 2022 1159 2024 1159 2023 1159 2024 1159 2025 1159 2025 1159 2024 1159 2026 1159 2025 1159 2026 1159 2027 1159 2027 1159 2026 1159 2028 1159 2027 1159 2028 1159 2029 1159 2029 1159 2028 1159 2030 1159 2030 1159 2028 1159 2031 1159 2030 1159 2031 1159 2032 1159 2032 1159 2031 1159 2033 1159 2032 1159 2033 1159 2034 1159 2034 1159 2033 1159 2035 1159 2034 1159 2035 1159 2036 1159 2036 1159 2035 1159 2037 1159 2036 1159 2037 1159 2038 1159 2038 1159 2037 1159 2039 1159 2038 1159 2039 1159 2040 1159 2040 1159 2039 1159 2041 1159 2040 1159 2041 1159 2042 1159 2040 1159 2042 1159 2043 1159 2043 1159 2042 1159 2044 1159 2043 1159 2044 1159 1994 1159 1994 1159 2044 1159 1992 1159 1998 1159 2000 1159 2045 1159 2045 1159 2000 1159 2046 1159 2045 1159 2046 1159 2047 1159 2047 1159 2046 1159 2048 1159 2047 1159 2048 1159 2049 1159 2049 1159 2048 1159 2050 1159 2049 1159 2050 1159 2051 1159 2051 1159 2050 1159 2052 1159 2051 1159 2052 1159 2053 1159 2053 1159 2052 1159 2054 1159 2053 1159 2054 1159 2055 1159 2055 1159 2054 1159 2056 1159 2055 1159 2056 1159 2057 1159 2057 1159 2056 1159 2058 1159 2057 1159 2058 1159 2059 1159 2059 1159 2058 1159 2060 1159 2059 1159 2060 1159 2061 1159 2061 1159 2060 1159 2062 1159 2061 1159 2062 1159 2063 1159 2063 1159 2062 1159 2064 1159 2063 1159 2064 1159 2065 1159 2065 1159 2064 1159 2066 1159 2065 1159 2066 1159 2067 1159 2067 1159 2066 1159 2068 1159 2067 1159 2068 1159 2069 1159 2054 1159 2070 1159 2056 1159 2056 1159 2070 1159 2071 1159 2071 1159 2070 1159 2072 1159 2071 1159 2072 1159 2073 1159 2073 1159 2072 1159 2074 1159 2073 1159 2074 1159 2075 1159 2075 1159 2074 1159 2076 1159 2075 1159 2076 1159 2077 1159 2077 1159 2076 1159 2078 1159 2077 1159 2078 1159 2079 1159 2079 1159 2078 1159 2080 1159 2080 1159 2078 1159 2081 1159 2080 1159 2081 1159 2082 1159 2082 1159 2081 1159 2083 1159 2082 1159 2083 1159 2084 1159 2084 1159 2083 1159 2085 1159 2084 1159 2085 1159 2086 1159 2086 1159 2085 1159 2087 1159 2086 1159 2087 1159 2088 1159 2088 1159 2087 1159 2089 1159 2088 1159 2089 1159 2090 1159 2090 1159 2089 1159 2091 1159 2090 1159 2091 1159 2092 1159 2090 1159 2092 1159 2093 1159 2093 1159 2092 1159 2094 1159 2093 1159 2094 1159 2095 1159 2095 1159 2094 1159 2096 1159 2095 1159 2096 1159 2097 1159 2097 1159 2096 1159 2098 1159 2098 1159 2096 1159 2099 1159 2098 1159 2099 1159 2100 1159 2100 1159 2099 1159 2101 1159 2100 1159 2101 1159 2102 1159 1985 1159 1969 1159 2102 1159 2102 1159 1969 1159 2103 1159 2102 1159 2103 1159 2100 1159 2029 1159 2104 1159 2027 1159 2027 1159 2104 1159 2105 1159 2105 1159 2104 1159 2106 1159 2105 1159 2106 1159 2107 1159 2107 1159 2106 1159 2108 1159 2107 1159 2108 1159 2109 1159 2109 1159 2108 1159 2110 1159 2109 1159 2110 1159 2111 1159 2111 1159 2110 1159 2112 1159 2111 1159 2112 1159 2113 1159 2113 1159 2112 1159 2114 1159 2113 1159 2114 1159 2115 1159 2115 1159 2114 1159 2116 1159 2116 1159 2114 1159 2117 1159 2116 1159 2117 1159 2118 1159 2118 1159 2117 1159 2119 1159 2118 1159 2119 1159 2069 1159 2069 1159 2119 1159 2067 1159 2012 1159 2120 1159 1972 1159 1972 1159 2120 1159 2121 1159 1972 1159 2121 1159 1982 1159 1982 1159 2121 1159 2122 1159 1982 1159 2122 1159 2123 1159 2123 1159 2122 1159 2124 1159 2123 1159 2124 1159 2125 1159 2125 1159 2124 1159 2126 1159 2125 1159 2126 1159 2127 1159 2127 1159 2126 1159 2128 1159 2127 1159 2128 1159 2129 1159 2129 1159 2128 1159 2130 1159 2129 1159 2130 1159 2131 1159 2131 1159 2130 1159 2132 1159 2131 1159 2132 1159 2133 1159 2133 1159 2132 1159 2134 1159 2133 1159 2134 1159 2135 1159 2135 1159 2134 1159 2136 1159 2135 1159 2136 1159 2137 1159 2137 1159 2136 1159 2138 1159 2137 1159 2138 1159 2139 1159 2139 1159 2138 1159 2140 1159 2139 1159 2140 1159 2141 1159 2141 1159 2140 1159 2142 1159 2142 1159 2140 1159 2143 1159 2142 1159 2143 1159 2144 1159 2144 1159 2143 1159 2145 1159 2144 1159 2145 1159 2146 1159 2146 1159 2145 1159 2147 1159 2146 1159 2147 1159 2148 1159 2148 1159 2147 1159 2149 1159 2148 1159 2149 1159 2150 1159 2150 1159 2149 1159 2151 1159 2150 1159 2151 1159 2115 1159 2115 1159 2151 1159 2113 1159 2079 1159 2152 1159 2077 1159 2077 1159 2152 1159 2153 1159 2153 1159 2152 1159 2154 1159 2153 1159 2154 1159 2155 1159 2155 1159 2154 1159 2156 1159 2155 1159 2156 1159 2157 1159 2157 1159 2156 1159 2158 1159 2157 1159 2158 1159 2159 1159 2159 1159 2158 1159 2160 1159 2159 1159 2160 1159 2161 1159 2161 1159 2160 1159 2162 1159 2161 1159 2162 1159 2163 1159 2163 1159 2162 1159 2164 1159 2164 1159 2162 1159 2165 1159 2164 1159 2165 1159 2166 1159 2166 1159 2165 1159 2167 1159 2166 1159 2167 1159 2168 1159 2168 1159 2167 1159 2169 1159 2168 1159 2169 1159 2170 1159 2170 1159 2169 1159 2171 1159 2170 1159 2171 1159 2172 1159 2169 1159 2173 1159 2171 1159 2171 1159 2173 1159 2174 1159 2174 1159 2173 1159 2175 1159 2174 1159 2175 1159 2176 1159 2176 1159 2175 1159 2177 1159 2176 1159 2177 1159 2178 1159 2178 1159 2177 1159 2179 1159 2178 1159 2179 1159 2180 1159 2180 1159 2179 1159 2181 1159 2180 1159 2181 1159 2182 1159 2182 1159 2181 1159 2183 1159 2182 1159 2183 1159 2184 1159 2184 1159 2183 1159 2185 1159 2184 1159 2185 1159 2186 1159 2186 1159 2185 1159 2187 1159 2186 1159 2187 1159 2188 1159 2188 1159 2187 1159 2189 1159 2188 1159 2189 1159 2190 1159 2190 1159 2189 1159 2191 1159 2190 1159 2191 1159 2192 1159 2192 1159 2191 1159 2193 1159 2192 1159 2193 1159 2194 1159 2194 1159 2193 1159 2195 1159 2194 1159 2195 1159 2196 1159 2196 1159 2195 1159 2197 1159 2197 1159 2195 1159 2198 1159 2197 1159 2198 1159 2199 1159 2199 1159 2198 1159 2095 1159 2199 1159 2095 1159 2097 1159 2200 1159 2201 1159 2202 1159 2202 1159 2201 1159 2203 1159 2202 1159 2203 1159 2204 1159 2204 1159 2203 1159 2205 1159 2204 1159 2205 1159 2206 1159 2206 1159 2205 1159 2207 1159 2206 1159 2207 1159 2208 1159 2208 1159 2207 1159 2209 1159 2208 1159 2209 1159 2210 1159 2210 1159 2209 1159 2211 1159 2210 1159 2211 1159 2212 1159 2212 1159 2211 1159 2213 1159 2212 1159 2213 1159 1978 1159 1978 1159 2213 1159 1969 1159 2201 1159 2200 1159 2214 1159 2214 1159 2200 1159 2182 1159 2214 1159 2182 1159 2184 1159 2170 1159 2172 1159 2215 1159 2215 1159 2172 1159 2216 1159 2215 1159 2216 1159 2217 1159 2217 1159 2216 1159 2218 1159 2217 1159 2218 1159 2219 1159 2219 1159 2218 1159 2220 1159 2219 1159 2220 1159 2221 1159 2221 1159 2220 1159 2222 1159 2221 1159 2222 1159 2223 1159 2223 1159 2222 1159 2224 1159 2223 1159 2224 1159 2225 1159 2225 1159 2224 1159 2226 1159 2225 1159 2226 1159 2227 1159 2224 1159 2228 1159 2226 1159 2226 1159 2228 1159 2229 1159 2229 1159 2228 1159 2230 1159 2229 1159 2230 1159 2231 1159 2231 1159 2230 1159 2232 1159 2231 1159 2232 1159 2233 1159 2233 1159 2232 1159 2234 1159 2233 1159 2234 1159 2235 1159 2235 1159 2234 1159 2236 1159 2235 1159 2236 1159 2237 1159 2237 1159 2236 1159 2238 1159 2237 1159 2238 1159 2239 1159 2239 1159 2238 1159 2240 1159 2239 1159 2240 1159 2241 1159 2241 1159 2240 1159 2242 1159 2241 1159 2242 1159 2243 1159 2243 1159 2242 1159 2244 1159 2243 1159 2244 1159 2245 1159 2245 1159 2244 1159 1976 1159 2245 1159 1976 1159 1968 1159 2161 1159 2163 1159 2246 1159 2246 1159 2163 1159 2247 1159 2246 1159 2247 1159 2248 1159 2248 1159 2247 1159 2249 1159 2248 1159 2249 1159 2250 1159 2250 1159 2249 1159 2251 1159 2250 1159 2251 1159 2252 1159 2252 1159 2251 1159 2253 1159 2252 1159 2253 1159 2254 1159 2254 1159 2253 1159 2255 1159 2254 1159 2255 1159 2256 1159 2256 1159 2255 1159 2257 1159 2256 1159 2257 1159 2258 1159 2258 1159 2257 1159 2259 1159 2259 1159 2257 1159 2260 1159 2259 1159 2260 1159 2261 1159 2261 1159 2260 1159 2262 1159 2261 1159 2262 1159 2263 1159 2263 1159 2262 1159 2264 1159 2263 1159 2264 1159 2265 1159 2265 1159 2264 1159 2266 1159 2265 1159 2266 1159 2267 1159 2267 1159 2266 1159 2268 1159 2267 1159 2268 1159 2269 1159 2269 1159 2268 1159 2270 1159 2269 1159 2270 1159 2271 1159 2271 1159 2270 1159 2272 1159 2272 1159 2270 1159 2273 1159 2272 1159 2273 1159 2274 1159 2274 1159 2273 1159 2275 1159 2274 1159 2275 1159 2276 1159 2276 1159 2275 1159 2277 1159 2276 1159 2277 1159 2278 1159 2278 1159 2277 1159 2279 1159 2278 1159 2279 1159 2280 1159 2277 1159 2281 1159 2279 1159 2279 1159 2281 1159 2282 1159 2282 1159 2281 1159 2283 1159 2282 1159 2283 1159 2284 1159 2284 1159 2283 1159 2285 1159 2284 1159 2285 1159 2286 1159 2286 1159 2285 1159 2287 1159 2286 1159 2287 1159 2288 1159 2288 1159 2287 1159 2289 1159 2288 1159 2289 1159 2227 1159 2227 1159 2289 1159 2225 1159 2066 1159 2290 1159 2068 1159 2068 1159 2290 1159 2291 1159 2291 1159 2290 1159 2292 1159 2291 1159 2292 1159 2293 1159 2293 1159 2292 1159 2294 1159 2293 1159 2294 1159 2295 1159 2295 1159 2294 1159 2296 1159 2295 1159 2296 1159 2297 1159 2297 1159 2296 1159 2298 1159 2297 1159 2298 1159 2299 1159 2299 1159 2298 1159 2300 1159 2299 1159 2300 1159 2301 1159 2301 1159 2300 1159 2302 1159 2301 1159 2302 1159 2303 1159 2300 1159 2304 1159 2302 1159 2302 1159 2304 1159 2305 1159 2305 1159 2304 1159 2306 1159 2305 1159 2306 1159 2307 1159 2307 1159 2306 1159 2308 1159 2307 1159 2308 1159 2309 1159 2309 1159 2308 1159 2310 1159 2309 1159 2310 1159 2258 1159 2258 1159 2310 1159 2256 1159 1984 1159 2311 1159 1974 1159 1974 1159 2311 1159 2312 1159 1974 1159 2312 1159 2313 1159 2312 1159 2311 1159 2314 1159 2314 1159 2311 1159 2315 1159 2314 1159 2315 1159 2316 1159 2316 1159 2315 1159 2317 1159 2316 1159 2317 1159 2318 1159 2318 1159 2317 1159 2319 1159 2318 1159 2319 1159 2320 1159 2320 1159 2319 1159 2321 1159 2320 1159 2321 1159 2322 1159 2322 1159 2321 1159 2323 1159 2322 1159 2323 1159 2324 1159 2324 1159 2323 1159 2325 1159 2324 1159 2325 1159 2326 1159 2326 1159 2325 1159 2327 1159 2326 1159 2327 1159 2328 1159 2328 1159 2327 1159 2329 1159 2328 1159 2329 1159 2330 1159 2330 1159 2329 1159 2331 1159 2331 1159 2329 1159 2332 1159 2331 1159 2332 1159 2333 1159 2333 1159 2332 1159 2334 1159 2333 1159 2334 1159 2335 1159 2335 1159 2334 1159 2336 1159 2335 1159 2336 1159 2337 1159 2337 1159 2336 1159 2338 1159 2337 1159 2338 1159 2339 1159 2339 1159 2338 1159 2340 1159 2339 1159 2340 1159 2341 1159 2341 1159 2340 1159 2342 1159 2342 1159 2340 1159 2343 1159 2342 1159 2343 1159 2344 1159 2344 1159 2343 1159 2345 1159 2344 1159 2345 1159 2346 1159 2346 1159 2345 1159 2347 1159 2346 1159 2347 1159 2348 1159 2348 1159 2347 1159 2349 1159 2348 1159 2349 1159 2350 1159 2350 1159 2349 1159 2351 1159 2350 1159 2351 1159 2141 1159 2141 1159 2351 1159 2139 1159 2352 1159 2353 1159 2354 1159 2354 1159 2353 1159 2355 1159 2354 1159 2355 1159 2356 1159 2356 1159 2355 1159 2357 1159 2356 1159 2357 1159 2358 1159 2358 1159 2357 1159 2359 1159 2358 1159 2359 1159 2360 1159 2353 1159 2352 1159 2341 1159 2341 1159 2352 1159 2339 1159 2330 1159 2361 1159 2328 1159 2328 1159 2361 1159 2362 1159 2362 1159 2361 1159 2363 1159 2362 1159 2363 1159 2364 1159 2364 1159 2363 1159 2365 1159 2364 1159 2365 1159 2366 1159 2366 1159 2365 1159 2367 1159 2366 1159 2367 1159 2368 1159 2368 1159 2367 1159 2369 1159 2368 1159 2369 1159 2370 1159 2370 1159 2369 1159 2371 1159 2370 1159 2371 1159 2372 1159 2372 1159 2371 1159 2373 1159 2373 1159 2371 1159 2374 1159 2373 1159 2374 1159 2375 1159 2375 1159 2374 1159 2376 1159 2375 1159 2376 1159 2377 1159 2377 1159 2376 1159 2378 1159 2377 1159 2378 1159 2379 1159 2379 1159 2378 1159 2380 1159 2380 1159 2378 1159 2381 1159 2380 1159 2381 1159 2382 1159 2382 1159 2381 1159 2383 1159 2382 1159 2383 1159 2384 1159 2384 1159 2383 1159 2385 1159 2385 1159 2383 1159 2386 1159 2385 1159 2386 1159 2387 1159 2387 1159 2386 1159 2388 1159 2387 1159 2388 1159 2389 1159 2389 1159 2388 1159 2390 1159 2389 1159 2390 1159 2391 1159 2391 1159 2390 1159 2392 1159 2391 1159 2392 1159 2393 1159 2393 1159 2392 1159 2394 1159 2393 1159 2394 1159 2395 1159 2395 1159 2394 1159 2396 1159 2395 1159 2396 1159 2397 1159 2397 1159 2396 1159 2398 1159 2397 1159 2398 1159 2399 1159 2399 1159 2398 1159 2400 1159 2399 1159 2400 1159 2401 1159 2401 1159 2400 1159 2402 1159 2401 1159 2402 1159 2403 1159 2403 1159 2402 1159 2404 1159 2403 1159 2404 1159 2360 1159 2360 1159 2404 1159 2358 1159 2313 1159 2405 1159 1974 1159 1974 1159 2405 1159 2406 1159 1974 1159 2406 1159 2407 1159 2407 1159 2408 1159 1974 1159 1974 1159 2408 1159 2409 1159 1974 1159 2409 1159 2410 1159 2410 1159 2411 1159 1974 1159 1974 1159 2411 1159 2412 1159 1974 1159 2412 1159 2413 1159 2413 1159 2414 1159 1974 1159 1974 1159 2414 1159 2415 1159 1974 1159 2415 1159 1979 1159 2414 1159 2416 1159 2415 1159 2415 1159 2416 1159 2417 1159 2417 1159 2416 1159 2418 1159 2417 1159 2418 1159 2419 1159 2419 1159 2418 1159 2377 1159 2419 1159 2377 1159 2379 1159 2357 1159 2420 1159 2359 1159 2359 1159 2420 1159 2421 1159 2421 1159 2420 1159 2422 1159 2421 1159 2422 1159 2423 1159 2423 1159 2422 1159 2424 1159 2423 1159 2424 1159 2425 1159 2425 1159 2424 1159 2426 1159 2425 1159 2426 1159 2427 1159 2427 1159 2426 1159 2428 1159 2427 1159 2428 1159 2303 1159 2303 1159 2428 1159 2301 1159 2397 1159 2429 1159 2395 1159 2395 1159 2429 1159 2430 1159 2430 1159 2429 1159 2431 1159 2430 1159 2431 1159 2432 1159 2432 1159 2431 1159 2433 1159 2432 1159 2433 1159 2434 1159 2434 1159 2433 1159 2435 1159 2434 1159 2435 1159 2436 1159 2436 1159 2435 1159 2437 1159 2436 1159 2437 1159 2438 1159 2438 1159 2437 1159 2439 1159 2439 1159 2437 1159 2440 1159 2439 1159 2440 1159 2441 1159 2441 1159 2440 1159 2442 1159 2441 1159 2442 1159 2443 1159 2443 1159 2442 1159 2444 1159 2443 1159 2444 1159 2445 1159 2445 1159 2444 1159 2446 1159 2445 1159 2446 1159 2271 1159 2271 1159 2446 1159 2269 1159 2447 1159 2448 1159 1981 1159 1981 1159 2448 1159 2449 1159 1981 1159 2449 1159 1968 1159 1968 1159 2449 1159 2450 1159 1968 1159 2450 1159 2451 1159 2447 1159 2452 1159 2448 1159 2448 1159 2452 1159 2453 1159 2453 1159 2452 1159 2454 1159 2453 1159 2454 1159 2455 1159 2455 1159 2454 1159 2456 1159 2455 1159 2456 1159 2457 1159 2457 1159 2456 1159 2458 1159 2457 1159 2458 1159 2459 1159 2459 1159 2458 1159 2460 1159 2459 1159 2460 1159 2461 1159 2461 1159 2460 1159 2462 1159 2462 1159 2460 1159 2463 1159 2462 1159 2463 1159 2464 1159 2464 1159 2463 1159 2465 1159 2464 1159 2465 1159 2466 1159 2466 1159 2465 1159 2467 1159 2466 1159 2467 1159 2468 1159 2468 1159 2467 1159 2469 1159 2468 1159 2469 1159 2470 1159 2470 1159 2469 1159 2471 1159 2470 1159 2471 1159 2472 1159 2472 1159 2471 1159 2473 1159 2472 1159 2473 1159 2474 1159 2474 1159 2473 1159 2475 1159 2474 1159 2475 1159 2476 1159 2476 1159 2475 1159 2477 1159 2476 1159 2477 1159 2478 1159 2478 1159 2477 1159 2479 1159 2478 1159 2479 1159 2480 1159 2480 1159 2479 1159 2481 1159 2480 1159 2481 1159 2280 1159 2280 1159 2481 1159 2278 1159 2456 1159 2454 1159 2482 1159 2482 1159 2454 1159 2483 1159 2482 1159 2483 1159 2484 1159 2484 1159 2483 1159 2485 1159 2484 1159 2485 1159 2486 1159 2486 1159 2485 1159 2487 1159 2486 1159 2487 1159 2488 1159 2486 1159 2488 1159 2489 1159 2489 1159 2488 1159 2490 1159 2489 1159 2490 1159 2491 1159 2491 1159 2490 1159 2492 1159 2491 1159 2492 1159 2493 1159 2493 1159 2492 1159 2494 1159 2493 1159 2494 1159 2495 1159 2495 1159 2494 1159 2496 1159 2495 1159 2496 1159 2497 1159 2497 1159 2496 1159 2436 1159 2497 1159 2436 1159 2438 1159 2474 1159 2498 1159 2472 1159 2472 1159 2498 1159 2499 1159 2499 1159 2498 1159 2500 1159 2499 1159 2500 1159 2501 1159 2501 1159 2500 1159 2502 1159 2501 1159 2502 1159 2503 1159 2503 1159 2502 1159 2504 1159 2503 1159 2504 1159 2505 1159 2505 1159 2504 1159 2506 1159 2505 1159 2506 1159 2507 1159 2507 1159 2506 1159 2508 1159 2507 1159 2508 1159 2509 1159 2509 1159 2508 1159 2510 1159 2509 1159 2510 1159 2511 1159 2511 1159 2510 1159 2512 1159 2511 1159 2512 1159 2513 1159 2513 1159 2512 1159 1968 1159 2513 1159 1968 1159 2514 1159 2514 1159 1968 1159 2515 1159 2515 1159 1968 1159 2516 1159 2516 1159 1968 1159 2517 1159 2517 1159 1968 1159 2518 1159 2518 1159 1968 1159 2519 1159 2519 1159 1968 1159 2520 1159 2520 1159 1968 1159 2521 1159 2521 1159 1968 1159 2451 1159 2512 1159 2522 1159 1968 1159 1968 1159 2522 1159 2523 1159 1968 1159 2523 1159 2245 1159 2524 1159 2525 1159 1969 1159 1969 1159 2525 1159 2103 1159 2213 1159 2526 1159 1969 1159 1969 1159 2526 1159 2527 1159 1969 1159 2527 1159 2528 1159 2528 1159 2529 1159 1969 1159 1969 1159 2529 1159 2530 1159 1969 1159 2530 1159 2531 1159 2531 1159 2532 1159 1969 1159 1969 1159 2532 1159 2533 1159 1969 1159 2533 1159 2524 1159 442 1054 2534 1054 440 1054 440 1054 2534 1054 2535 1054 440 1054 2535 1054 438 1054 438 1054 2535 1054 526 1054 526 1054 2535 1054 2536 1054 526 1054 2536 1054 524 1054 524 1054 2536 1054 2537 1054 524 1054 2537 1054 522 1054 522 1054 2537 1054 520 1054 520 1054 2537 1054 2538 1054 520 1054 2538 1054 518 1054 518 1054 2538 1054 2539 1054 518 1054 2539 1054 516 1054 516 1054 2539 1054 514 1054 514 1054 2539 1054 2540 1054 514 1054 2540 1054 512 1054 512 1054 2540 1054 2541 1054 512 1054 2541 1054 510 1054 510 1054 2541 1054 508 1054 508 1054 2541 1054 2542 1054 508 1054 2542 1054 506 1054 506 1054 2542 1054 2543 1054 506 1054 2543 1054 504 1054 504 1054 2543 1054 2544 1054 504 1054 2544 1054 502 1054 502 1054 2544 1054 500 1054 500 1054 2544 1054 2545 1054 500 1054 2545 1054 498 1054 498 1054 2545 1054 2546 1054 498 1054 2546 1054 496 1054 496 1054 2546 1054 494 1054 494 1054 2546 1054 2547 1054 494 1054 2547 1054 492 1054 492 1054 2547 1054 2548 1054 492 1054 2548 1054 490 1054 490 1054 2548 1054 488 1054 488 1054 2548 1054 2549 1054 488 1054 2549 1054 486 1054 486 1054 2549 1054 2550 1054 486 1054 2550 1054 484 1054 484 1160 2550 1160 482 1160 482 1054 2550 1054 2551 1054 482 1054 2551 1054 480 1054 480 1161 2551 1161 2552 1161 480 1162 2552 1162 478 1162 478 1054 2552 1054 2553 1054 478 1054 2553 1054 476 1054 476 1054 2553 1054 474 1054 474 1054 2553 1054 2554 1054 474 1054 2554 1054 472 1054 472 1054 2554 1054 2555 1054 472 1054 2555 1054 470 1054 470 1054 2555 1054 468 1054 468 1054 2555 1054 2556 1054 468 1054 2556 1054 466 1054 466 1054 2556 1054 2557 1054 466 1054 2557 1054 464 1054 464 1054 2557 1054 462 1054 462 1054 2557 1054 2558 1054 462 1054 2558 1054 460 1054 460 1054 2558 1054 2559 1054 460 1054 2559 1054 458 1054 458 1054 2559 1054 456 1054 456 1054 2559 1054 2560 1054 456 1054 2560 1054 454 1054 454 1054 2560 1054 2561 1054 454 1054 2561 1054 452 1054 452 1054 2561 1054 450 1054 450 1054 2561 1054 2562 1054 450 1054 2562 1054 448 1054 448 1054 2562 1054 2563 1054 448 1054 2563 1054 446 1054 446 1054 2563 1054 2564 1054 446 1054 2564 1054 444 1054 444 1054 2564 1054 442 1054 442 1054 2564 1054 2534 1054 712 1054 2565 1054 710 1054 710 1054 2565 1054 2566 1054 710 1054 2566 1054 708 1054 708 1054 2566 1054 796 1054 796 1054 2566 1054 2567 1054 796 1054 2567 1054 794 1054 794 1054 2567 1054 2568 1054 794 1054 2568 1054 792 1054 792 1054 2568 1054 790 1054 790 1054 2568 1054 2569 1054 790 1054 2569 1054 788 1054 788 1054 2569 1054 2570 1054 788 1054 2570 1054 786 1054 786 1054 2570 1054 784 1054 784 1054 2570 1054 2571 1054 784 1054 2571 1054 782 1054 782 1054 2571 1054 2572 1054 782 1054 2572 1054 780 1054 780 1054 2572 1054 778 1054 778 1054 2572 1054 2573 1054 778 1054 2573 1054 776 1054 776 1054 2573 1054 2574 1054 776 1054 2574 1054 774 1054 774 1054 2574 1054 2575 1054 774 1054 2575 1054 772 1054 772 1054 2575 1054 770 1054 770 1054 2575 1054 2576 1054 770 1054 2576 1054 768 1054 768 1054 2576 1054 2577 1054 768 1054 2577 1054 766 1054 766 1054 2577 1054 764 1054 764 1054 2577 1054 2578 1054 764 1054 2578 1054 762 1054 762 1054 2578 1054 2579 1054 762 1054 2579 1054 760 1054 760 1054 2579 1054 758 1054 758 1054 2579 1054 2580 1054 758 1054 2580 1054 756 1054 756 1054 2580 1054 2581 1054 756 1054 2581 1054 754 1054 754 1054 2581 1054 752 1054 752 1054 2581 1054 2582 1054 752 1054 2582 1054 750 1054 750 1054 2582 1054 2583 1054 750 1054 2583 1054 748 1054 748 1054 2583 1054 2584 1054 748 1054 2584 1054 746 1054 746 1054 2584 1054 744 1054 744 1054 2584 1054 2585 1054 744 1054 2585 1054 742 1054 742 1054 2585 1054 2586 1054 742 1054 2586 1054 740 1054 740 1054 2586 1054 738 1054 738 1054 2586 1054 2587 1054 738 1054 2587 1054 736 1054 736 1054 2587 1054 2588 1054 736 1054 2588 1054 734 1054 734 1054 2588 1054 732 1054 732 1054 2588 1054 2589 1054 732 1054 2589 1054 730 1054 730 1054 2589 1054 2590 1054 730 1054 2590 1054 728 1054 728 1054 2590 1054 726 1054 726 1054 2590 1054 2591 1054 726 1054 2591 1054 724 1054 724 1054 2591 1054 2592 1054 724 1054 2592 1054 722 1054 722 1054 2592 1054 720 1054 720 1054 2592 1054 2593 1054 720 1054 2593 1054 718 1054 718 1054 2593 1054 2594 1054 718 1054 2594 1054 716 1054 716 1054 2594 1054 2595 1054 716 1054 2595 1054 714 1054 714 1054 2595 1054 712 1054 712 1054 2595 1054 2565 1054 1792 1054 2596 1054 1790 1054 1790 1054 2596 1054 2597 1054 1790 1054 2597 1054 1788 1054 1788 1054 2597 1054 1876 1054 1876 1054 2597 1054 2598 1054 1876 1054 2598 1054 1874 1054 1874 1054 2598 1054 2599 1054 1874 1054 2599 1054 1872 1054 1872 1054 2599 1054 1870 1054 1870 1054 2599 1054 2600 1054 1870 1054 2600 1054 1868 1054 1868 1054 2600 1054 2601 1054 1868 1054 2601 1054 1866 1054 1866 1054 2601 1054 1864 1054 1864 1054 2601 1054 2602 1054 1864 1054 2602 1054 1862 1054 1862 1054 2602 1054 2603 1054 1862 1054 2603 1054 1860 1054 1860 1054 2603 1054 1858 1054 1858 1054 2603 1054 2604 1054 1858 1054 2604 1054 1856 1054 1856 1054 2604 1054 2605 1054 1856 1054 2605 1054 1854 1054 1854 1054 2605 1054 2606 1054 1854 1054 2606 1054 1852 1054 1852 1054 2606 1054 1850 1054 1850 1054 2606 1054 2607 1054 1850 1054 2607 1054 1848 1054 1848 1054 2607 1054 2608 1054 1848 1054 2608 1054 1846 1054 1846 1054 2608 1054 1844 1054 1844 1054 2608 1054 2609 1054 1844 1054 2609 1054 1842 1054 1842 1054 2609 1054 2610 1054 1842 1054 2610 1054 1840 1054 1840 1054 2610 1054 1838 1054 1838 1054 2610 1054 2611 1054 1838 1054 2611 1054 1836 1054 1836 1054 2611 1054 2612 1054 1836 1054 2612 1054 1834 1054 1834 1054 2612 1054 1832 1054 1832 1054 2612 1054 2613 1054 1832 1054 2613 1054 1830 1054 1830 1054 2613 1054 2614 1054 1830 1054 2614 1054 1828 1054 1828 1054 2614 1054 2615 1054 1828 1054 2615 1054 1826 1054 1826 1054 2615 1054 1824 1054 1824 1054 2615 1054 2616 1054 1824 1054 2616 1054 1822 1054 1822 1054 2616 1054 2617 1054 1822 1054 2617 1054 1820 1054 1820 1054 2617 1054 1818 1054 1818 1054 2617 1054 2618 1054 1818 1054 2618 1054 1816 1054 1816 1054 2618 1054 2619 1054 1816 1054 2619 1054 1814 1054 1814 1054 2619 1054 1812 1054 1812 1054 2619 1054 2620 1054 1812 1054 2620 1054 1810 1054 1810 1054 2620 1054 2621 1054 1810 1054 2621 1054 1808 1054 1808 1054 2621 1054 1806 1054 1806 1054 2621 1054 2622 1054 1806 1054 2622 1054 1804 1054 1804 1054 2622 1054 2623 1054 1804 1054 2623 1054 1802 1054 1802 1054 2623 1054 1800 1054 1800 1054 2623 1054 2624 1054 1800 1054 2624 1054 1798 1054 1798 1054 2624 1054 2625 1054 1798 1054 2625 1054 1796 1054 1796 1054 2625 1054 2626 1054 1796 1054 2626 1054 1794 1054 1794 1054 2626 1054 1792 1054 1792 1054 2626 1054 2596 1054 982 1054 2627 1054 980 1054 980 1054 2627 1054 2628 1054 980 1054 2628 1054 978 1054 978 1054 2628 1054 1066 1054 1066 1054 2628 1054 2629 1054 1066 1054 2629 1054 1064 1054 1064 1054 2629 1054 2630 1054 1064 1054 2630 1054 1062 1054 1062 1054 2630 1054 1060 1054 1060 1054 2630 1054 2631 1054 1060 1054 2631 1054 1058 1054 1058 1054 2631 1054 2632 1054 1058 1054 2632 1054 1056 1054 1056 1054 2632 1054 1054 1054 1054 1054 2632 1054 2633 1054 1054 1054 2633 1054 1052 1054 1052 1054 2633 1054 2634 1054 1052 1054 2634 1054 1050 1054 1050 1054 2634 1054 1048 1054 1048 1054 2634 1054 2635 1054 1048 1054 2635 1054 1046 1054 1046 1054 2635 1054 2636 1054 1046 1054 2636 1054 1044 1054 1044 1054 2636 1054 2637 1054 1044 1054 2637 1054 1042 1054 1042 1054 2637 1054 1040 1054 1040 1054 2637 1054 2638 1054 1040 1054 2638 1054 1038 1054 1038 1054 2638 1054 2639 1054 1038 1054 2639 1054 1036 1054 1036 1054 2639 1054 1034 1054 1034 1054 2639 1054 2640 1054 1034 1054 2640 1054 1032 1054 1032 1054 2640 1054 2641 1054 1032 1054 2641 1054 1030 1054 1030 1054 2641 1054 1028 1054 1028 1054 2641 1054 2642 1054 1028 1054 2642 1054 1026 1054 1026 1054 2642 1054 2643 1054 1026 1054 2643 1054 1024 1054 1024 1054 2643 1054 1022 1054 1022 1054 2643 1054 2644 1054 1022 1054 2644 1054 1020 1054 1020 1054 2644 1054 2645 1054 1020 1054 2645 1054 1018 1054 1018 1054 2645 1054 2646 1054 1018 1054 2646 1054 1016 1054 1016 1054 2646 1054 1014 1054 1014 1054 2646 1054 2647 1054 1014 1054 2647 1054 1012 1054 1012 1054 2647 1054 2648 1054 1012 1054 2648 1054 1010 1054 1010 1054 2648 1054 1008 1054 1008 1054 2648 1054 2649 1054 1008 1054 2649 1054 1006 1054 1006 1054 2649 1054 2650 1054 1006 1054 2650 1054 1004 1054 1004 1054 2650 1054 1002 1054 1002 1054 2650 1054 2651 1054 1002 1054 2651 1054 1000 1054 1000 1054 2651 1054 2652 1054 1000 1054 2652 1054 998 1054 998 1054 2652 1054 996 1054 996 1054 2652 1054 2653 1054 996 1054 2653 1054 994 1054 994 1054 2653 1054 2654 1054 994 1054 2654 1054 992 1054 992 1054 2654 1054 990 1054 990 1054 2654 1054 2655 1054 990 1054 2655 1054 988 1054 988 1054 2655 1054 2656 1054 988 1054 2656 1054 986 1054 986 1054 2656 1054 2657 1054 986 1054 2657 1054 984 1054 984 1054 2657 1054 982 1054 982 1054 2657 1054 2627 1054 1342 1054 2658 1054 1340 1054 1340 1054 2658 1054 2659 1054 1340 1054 2659 1054 1338 1054 1338 1054 2659 1054 1426 1054 1426 1054 2659 1054 2660 1054 1426 1054 2660 1054 1424 1054 1424 1054 2660 1054 2661 1054 1424 1054 2661 1054 1422 1054 1422 1054 2661 1054 1420 1054 1420 1054 2661 1054 2662 1054 1420 1054 2662 1054 1418 1054 1418 1054 2662 1054 2663 1054 1418 1054 2663 1054 1416 1054 1416 1054 2663 1054 1414 1054 1414 1054 2663 1054 2664 1054 1414 1054 2664 1054 1412 1054 1412 1054 2664 1054 2665 1054 1412 1054 2665 1054 1410 1054 1410 1054 2665 1054 1408 1054 1408 1054 2665 1054 2666 1054 1408 1054 2666 1054 1406 1054 1406 1054 2666 1054 2667 1054 1406 1054 2667 1054 1404 1054 1404 1054 2667 1054 2668 1054 1404 1054 2668 1054 1402 1054 1402 1054 2668 1054 1400 1054 1400 1054 2668 1054 2669 1054 1400 1054 2669 1054 1398 1054 1398 1054 2669 1054 2670 1054 1398 1054 2670 1054 1396 1054 1396 1054 2670 1054 1394 1054 1394 1054 2670 1054 2671 1054 1394 1054 2671 1054 1392 1054 1392 1054 2671 1054 2672 1054 1392 1054 2672 1054 1390 1054 1390 1054 2672 1054 1388 1054 1388 1054 2672 1054 2673 1054 1388 1054 2673 1054 1386 1054 1386 1054 2673 1054 2674 1054 1386 1054 2674 1054 1384 1054 1384 1054 2674 1054 1382 1054 1382 1054 2674 1054 2675 1054 1382 1054 2675 1054 1380 1054 1380 1054 2675 1054 2676 1054 1380 1054 2676 1054 1378 1054 1378 1054 2676 1054 2677 1054 1378 1054 2677 1054 1376 1054 1376 1054 2677 1054 1374 1054 1374 1054 2677 1054 2678 1054 1374 1054 2678 1054 1372 1054 1372 1054 2678 1054 2679 1054 1372 1054 2679 1054 1370 1054 1370 1054 2679 1054 1368 1054 1368 1054 2679 1054 2680 1054 1368 1054 2680 1054 1366 1054 1366 1054 2680 1054 2681 1054 1366 1054 2681 1054 1364 1054 1364 1054 2681 1054 1362 1054 1362 1054 2681 1054 2682 1054 1362 1054 2682 1054 1360 1054 1360 1054 2682 1054 2683 1054 1360 1054 2683 1054 1358 1054 1358 1054 2683 1054 1356 1054 1356 1054 2683 1054 2684 1054 1356 1054 2684 1054 1354 1054 1354 1054 2684 1054 2685 1054 1354 1054 2685 1054 1352 1054 1352 1054 2685 1054 1350 1054 1350 1054 2685 1054 2686 1054 1350 1054 2686 1054 1348 1054 1348 1054 2686 1054 2687 1054 1348 1054 2687 1054 1346 1054 1346 1054 2687 1054 2688 1054 1346 1054 2688 1054 1344 1054 1344 1054 2688 1054 1342 1054 1342 1054 2688 1054 2658 1054 802 1054 2689 1054 800 1054 800 1054 2689 1054 2690 1054 800 1054 2690 1054 798 1054 798 1054 2690 1054 886 1054 886 1054 2690 1054 2691 1054 886 1054 2691 1054 884 1054 884 1054 2691 1054 2692 1054 884 1054 2692 1054 882 1054 882 1054 2692 1054 880 1054 880 1054 2692 1054 2693 1054 880 1054 2693 1054 878 1054 878 1054 2693 1054 2694 1054 878 1054 2694 1054 876 1054 876 1054 2694 1054 874 1054 874 1054 2694 1054 2695 1054 874 1054 2695 1054 872 1054 872 1054 2695 1054 2696 1054 872 1054 2696 1054 870 1054 870 1054 2696 1054 868 1054 868 1054 2696 1054 2697 1054 868 1054 2697 1054 866 1054 866 1054 2697 1054 2698 1054 866 1054 2698 1054 864 1054 864 1054 2698 1054 2699 1054 864 1054 2699 1054 862 1054 862 1054 2699 1054 860 1054 860 1054 2699 1054 2700 1054 860 1054 2700 1054 858 1054 858 1054 2700 1054 2701 1054 858 1054 2701 1054 856 1054 856 1054 2701 1054 854 1054 854 1054 2701 1054 2702 1054 854 1054 2702 1054 852 1054 852 1054 2702 1054 2703 1054 852 1054 2703 1054 850 1054 850 1163 2703 1163 848 1163 848 1164 2703 1164 2704 1164 848 1054 2704 1054 846 1054 846 1165 2704 1165 2705 1165 846 1054 2705 1054 844 1054 844 1054 2705 1054 842 1054 842 1166 2705 1166 2706 1166 842 1054 2706 1054 840 1054 840 1167 2706 1167 2707 1167 840 1168 2707 1168 838 1168 838 1169 2707 1169 2708 1169 838 1170 2708 1170 836 1170 836 1054 2708 1054 834 1054 834 1054 2708 1054 2709 1054 834 1054 2709 1054 832 1054 832 1054 2709 1054 2710 1054 832 1054 2710 1054 830 1054 830 1054 2710 1054 828 1054 828 1054 2710 1054 2711 1054 828 1054 2711 1054 826 1054 826 1054 2711 1054 2712 1054 826 1054 2712 1054 824 1054 824 1054 2712 1054 822 1054 822 1054 2712 1054 2713 1054 822 1054 2713 1054 820 1054 820 1054 2713 1054 2714 1054 820 1054 2714 1054 818 1054 818 1054 2714 1054 816 1054 816 1054 2714 1054 2715 1054 816 1054 2715 1054 814 1054 814 1054 2715 1054 2716 1054 814 1054 2716 1054 812 1054 812 1054 2716 1054 810 1054 810 1054 2716 1054 2717 1054 810 1054 2717 1054 808 1054 808 1054 2717 1054 2718 1054 808 1054 2718 1054 806 1054 806 1054 2718 1054 2719 1054 806 1054 2719 1054 804 1054 804 1054 2719 1054 802 1054 802 1054 2719 1054 2689 1054 1612 1054 2720 1054 1610 1054 1610 1054 2720 1054 2721 1054 1610 1054 2721 1054 1608 1054 1608 1054 2721 1054 1696 1054 1696 1054 2721 1054 2722 1054 1696 1054 2722 1054 1694 1054 1694 1054 2722 1054 2723 1054 1694 1054 2723 1054 1692 1054 1692 1054 2723 1054 1690 1054 1690 1054 2723 1054 2724 1054 1690 1054 2724 1054 1688 1054 1688 1054 2724 1054 2725 1054 1688 1054 2725 1054 1686 1054 1686 1054 2725 1054 1684 1054 1684 1054 2725 1054 2726 1054 1684 1054 2726 1054 1682 1054 1682 1054 2726 1054 2727 1054 1682 1054 2727 1054 1680 1054 1680 1054 2727 1054 1678 1054 1678 1054 2727 1054 2728 1054 1678 1054 2728 1054 1676 1054 1676 1054 2728 1054 2729 1054 1676 1054 2729 1054 1674 1054 1674 1054 2729 1054 2730 1054 1674 1054 2730 1054 1672 1054 1672 1054 2730 1054 1670 1054 1670 1054 2730 1054 2731 1054 1670 1054 2731 1054 1668 1054 1668 1054 2731 1054 2732 1054 1668 1054 2732 1054 1666 1054 1666 1054 2732 1054 1664 1054 1664 1054 2732 1054 2733 1054 1664 1054 2733 1054 1662 1054 1662 1171 2733 1171 2734 1171 1662 1054 2734 1054 1660 1054 1660 1054 2734 1054 1658 1054 1658 1172 2734 1172 2735 1172 1658 1173 2735 1173 1656 1173 1656 1054 2735 1054 2736 1054 1656 1054 2736 1054 1654 1054 1654 1054 2736 1054 1652 1054 1652 1174 2736 1174 2737 1174 1652 1054 2737 1054 1650 1054 1650 1054 2737 1054 2738 1054 1650 1054 2738 1054 1648 1054 1648 1175 2738 1175 2739 1175 1648 1176 2739 1176 1646 1176 1646 1054 2739 1054 1644 1054 1644 1054 2739 1054 2740 1054 1644 1054 2740 1054 1642 1054 1642 1054 2740 1054 2741 1054 1642 1054 2741 1054 1640 1054 1640 1054 2741 1054 1638 1054 1638 1054 2741 1054 2742 1054 1638 1054 2742 1054 1636 1054 1636 1054 2742 1054 2743 1054 1636 1054 2743 1054 1634 1054 1634 1054 2743 1054 1632 1054 1632 1054 2743 1054 2744 1054 1632 1054 2744 1054 1630 1054 1630 1054 2744 1054 2745 1054 1630 1054 2745 1054 1628 1054 1628 1054 2745 1054 1626 1054 1626 1054 2745 1054 2746 1054 1626 1054 2746 1054 1624 1054 1624 1054 2746 1054 2747 1054 1624 1054 2747 1054 1622 1054 1622 1054 2747 1054 1620 1054 1620 1054 2747 1054 2748 1054 1620 1054 2748 1054 1618 1054 1618 1054 2748 1054 2749 1054 1618 1054 2749 1054 1616 1054 1616 1054 2749 1054 2750 1054 1616 1054 2750 1054 1614 1054 1614 1054 2750 1054 1612 1054 1612 1054 2750 1054 2720 1054 622 1054 2751 1054 620 1054 620 1054 2751 1054 2752 1054 620 1054 2752 1054 618 1054 618 1054 2752 1054 706 1054 706 1054 2752 1054 2753 1054 706 1054 2753 1054 704 1054 704 1054 2753 1054 2754 1054 704 1054 2754 1054 702 1054 702 1054 2754 1054 700 1054 700 1054 2754 1054 2755 1054 700 1054 2755 1054 698 1054 698 1054 2755 1054 2756 1054 698 1054 2756 1054 696 1054 696 1054 2756 1054 694 1054 694 1054 2756 1054 2757 1054 694 1054 2757 1054 692 1054 692 1054 2757 1054 2758 1054 692 1054 2758 1054 690 1054 690 1054 2758 1054 688 1054 688 1054 2758 1054 2759 1054 688 1054 2759 1054 686 1054 686 1054 2759 1054 2760 1054 686 1054 2760 1054 684 1054 684 1054 2760 1054 2761 1054 684 1054 2761 1054 682 1054 682 1054 2761 1054 680 1054 680 1054 2761 1054 2762 1054 680 1054 2762 1054 678 1054 678 1054 2762 1054 2763 1054 678 1054 2763 1054 676 1054 676 1054 2763 1054 674 1054 674 1054 2763 1054 2764 1054 674 1054 2764 1054 672 1054 672 1054 2764 1054 2765 1054 672 1054 2765 1054 670 1054 670 1054 2765 1054 668 1054 668 1054 2765 1054 2766 1054 668 1054 2766 1054 666 1054 666 1054 2766 1054 2767 1054 666 1054 2767 1054 664 1054 664 1054 2767 1054 662 1054 662 1054 2767 1054 2768 1054 662 1054 2768 1054 660 1054 660 1054 2768 1054 2769 1054 660 1054 2769 1054 658 1054 658 1054 2769 1054 2770 1054 658 1054 2770 1054 656 1054 656 1054 2770 1054 654 1054 654 1054 2770 1054 2771 1054 654 1054 2771 1054 652 1054 652 1054 2771 1054 2772 1054 652 1054 2772 1054 650 1054 650 1054 2772 1054 648 1054 648 1054 2772 1054 2773 1054 648 1054 2773 1054 646 1054 646 1054 2773 1054 2774 1054 646 1054 2774 1054 644 1054 644 1054 2774 1054 642 1054 642 1054 2774 1054 2775 1054 642 1054 2775 1054 640 1054 640 1054 2775 1054 2776 1054 640 1054 2776 1054 638 1054 638 1054 2776 1054 636 1054 636 1054 2776 1054 2777 1054 636 1054 2777 1054 634 1054 634 1054 2777 1054 2778 1054 634 1054 2778 1054 632 1054 632 1054 2778 1054 630 1054 630 1054 2778 1054 2779 1054 630 1054 2779 1054 628 1054 628 1054 2779 1054 2780 1054 628 1054 2780 1054 626 1054 626 1054 2780 1054 2781 1054 626 1054 2781 1054 624 1054 624 1054 2781 1054 622 1054 622 1054 2781 1054 2751 1054 1702 1054 2782 1054 1700 1054 1700 1054 2782 1054 2783 1054 1700 1054 2783 1054 1698 1054 1698 1054 2783 1054 1786 1054 1786 1054 2783 1054 2784 1054 1786 1054 2784 1054 1784 1054 1784 1054 2784 1054 2785 1054 1784 1054 2785 1054 1782 1054 1782 1054 2785 1054 1780 1054 1780 1054 2785 1054 2786 1054 1780 1054 2786 1054 1778 1054 1778 1054 2786 1054 2787 1054 1778 1054 2787 1054 1776 1054 1776 1054 2787 1054 1774 1054 1774 1054 2787 1054 2788 1054 1774 1054 2788 1054 1772 1054 1772 1054 2788 1054 2789 1054 1772 1054 2789 1054 1770 1054 1770 1054 2789 1054 1768 1054 1768 1054 2789 1054 2790 1054 1768 1054 2790 1054 1766 1054 1766 1054 2790 1054 2791 1054 1766 1054 2791 1054 1764 1054 1764 1054 2791 1054 2792 1054 1764 1054 2792 1054 1762 1054 1762 1054 2792 1054 1760 1054 1760 1054 2792 1054 2793 1054 1760 1054 2793 1054 1758 1054 1758 1054 2793 1054 2794 1054 1758 1054 2794 1054 1756 1054 1756 1054 2794 1054 1754 1054 1754 1054 2794 1054 2795 1054 1754 1054 2795 1054 1752 1054 1752 1054 2795 1054 2796 1054 1752 1054 2796 1054 1750 1054 1750 1054 2796 1054 1748 1054 1748 1177 2796 1177 2797 1177 1748 1178 2797 1178 1746 1178 1746 1179 2797 1179 2798 1179 1746 1054 2798 1054 1744 1054 1744 1054 2798 1054 1742 1054 1742 1054 2798 1054 2799 1054 1742 1054 2799 1054 1740 1054 1740 1180 2799 1180 2800 1180 1740 1181 2800 1181 1738 1181 1738 1054 2800 1054 2801 1054 1738 1054 2801 1054 1736 1054 1736 1054 2801 1054 1734 1054 1734 1054 2801 1054 2802 1054 1734 1054 2802 1054 1732 1054 1732 1054 2802 1054 2803 1054 1732 1054 2803 1054 1730 1054 1730 1054 2803 1054 1728 1054 1728 1054 2803 1054 2804 1054 1728 1054 2804 1054 1726 1054 1726 1054 2804 1054 2805 1054 1726 1054 2805 1054 1724 1054 1724 1054 2805 1054 1722 1054 1722 1054 2805 1054 2806 1054 1722 1054 2806 1054 1720 1054 1720 1054 2806 1054 2807 1054 1720 1054 2807 1054 1718 1054 1718 1054 2807 1054 1716 1054 1716 1054 2807 1054 2808 1054 1716 1054 2808 1054 1714 1054 1714 1054 2808 1054 2809 1054 1714 1054 2809 1054 1712 1054 1712 1054 2809 1054 1710 1054 1710 1054 2809 1054 2810 1054 1710 1054 2810 1054 1708 1054 1708 1054 2810 1054 2811 1054 1708 1054 2811 1054 1706 1054 1706 1054 2811 1054 2812 1054 1706 1054 2812 1054 1704 1054 1704 1054 2812 1054 1702 1054 1702 1054 2812 1054 2782 1054 1252 1054 2813 1054 1250 1054 1250 1054 2813 1054 2814 1054 1250 1054 2814 1054 1248 1054 1248 1054 2814 1054 1336 1054 1336 1054 2814 1054 2815 1054 1336 1054 2815 1054 1334 1054 1334 1054 2815 1054 2816 1054 1334 1054 2816 1054 1332 1054 1332 1054 2816 1054 1330 1054 1330 1054 2816 1054 2817 1054 1330 1054 2817 1054 1328 1054 1328 1054 2817 1054 2818 1054 1328 1054 2818 1054 1326 1054 1326 1054 2818 1054 1324 1054 1324 1054 2818 1054 2819 1054 1324 1054 2819 1054 1322 1054 1322 1054 2819 1054 2820 1054 1322 1054 2820 1054 1320 1054 1320 1054 2820 1054 1318 1054 1318 1054 2820 1054 2821 1054 1318 1054 2821 1054 1316 1054 1316 1054 2821 1054 2822 1054 1316 1054 2822 1054 1314 1054 1314 1054 2822 1054 2823 1054 1314 1054 2823 1054 1312 1054 1312 1054 2823 1054 1310 1054 1310 1054 2823 1054 2824 1054 1310 1054 2824 1054 1308 1054 1308 1054 2824 1054 2825 1054 1308 1054 2825 1054 1306 1054 1306 1054 2825 1054 1304 1054 1304 1054 2825 1054 2826 1054 1304 1054 2826 1054 1302 1054 1302 1054 2826 1054 2827 1054 1302 1054 2827 1054 1300 1054 1300 1054 2827 1054 1298 1054 1298 1054 2827 1054 2828 1054 1298 1054 2828 1054 1296 1054 1296 1054 2828 1054 2829 1054 1296 1054 2829 1054 1294 1054 1294 1054 2829 1054 1292 1054 1292 1054 2829 1054 2830 1054 1292 1054 2830 1054 1290 1054 1290 1054 2830 1054 2831 1054 1290 1054 2831 1054 1288 1054 1288 1054 2831 1054 2832 1054 1288 1054 2832 1054 1286 1054 1286 1054 2832 1054 1284 1054 1284 1054 2832 1054 2833 1054 1284 1054 2833 1054 1282 1054 1282 1054 2833 1054 2834 1054 1282 1054 2834 1054 1280 1054 1280 1054 2834 1054 1278 1054 1278 1054 2834 1054 2835 1054 1278 1054 2835 1054 1276 1054 1276 1054 2835 1054 2836 1054 1276 1054 2836 1054 1274 1054 1274 1054 2836 1054 1272 1054 1272 1054 2836 1054 2837 1054 1272 1054 2837 1054 1270 1054 1270 1054 2837 1054 2838 1054 1270 1054 2838 1054 1268 1054 1268 1054 2838 1054 1266 1054 1266 1054 2838 1054 2839 1054 1266 1054 2839 1054 1264 1054 1264 1054 2839 1054 2840 1054 1264 1054 2840 1054 1262 1054 1262 1054 2840 1054 1260 1054 1260 1054 2840 1054 2841 1054 1260 1054 2841 1054 1258 1054 1258 1054 2841 1054 2842 1054 1258 1054 2842 1054 1256 1054 1256 1054 2842 1054 2843 1054 1256 1054 2843 1054 1254 1054 1254 1054 2843 1054 1252 1054 1252 1054 2843 1054 2813 1054 1162 1054 2844 1054 1160 1054 1160 1054 2844 1054 2845 1054 1160 1054 2845 1054 1158 1054 1158 1054 2845 1054 1246 1054 1246 1054 2845 1054 2846 1054 1246 1054 2846 1054 1244 1054 1244 1054 2846 1054 2847 1054 1244 1054 2847 1054 1242 1054 1242 1054 2847 1054 1240 1054 1240 1054 2847 1054 2848 1054 1240 1054 2848 1054 1238 1054 1238 1054 2848 1054 2849 1054 1238 1054 2849 1054 1236 1054 1236 1054 2849 1054 1234 1054 1234 1054 2849 1054 2850 1054 1234 1054 2850 1054 1232 1054 1232 1054 2850 1054 2851 1054 1232 1054 2851 1054 1230 1054 1230 1054 2851 1054 1228 1054 1228 1054 2851 1054 2852 1054 1228 1054 2852 1054 1226 1054 1226 1054 2852 1054 2853 1054 1226 1054 2853 1054 1224 1054 1224 1054 2853 1054 2854 1054 1224 1054 2854 1054 1222 1054 1222 1054 2854 1054 1220 1054 1220 1054 2854 1054 2855 1054 1220 1054 2855 1054 1218 1054 1218 1054 2855 1054 2856 1054 1218 1054 2856 1054 1216 1054 1216 1054 2856 1054 1214 1054 1214 1054 2856 1054 2857 1054 1214 1054 2857 1054 1212 1054 1212 1054 2857 1054 2858 1054 1212 1054 2858 1054 1210 1054 1210 1054 2858 1054 1208 1054 1208 1054 2858 1054 2859 1054 1208 1054 2859 1054 1206 1054 1206 1054 2859 1054 2860 1054 1206 1054 2860 1054 1204 1054 1204 1054 2860 1054 1202 1054 1202 1054 2860 1054 2861 1054 1202 1054 2861 1054 1200 1054 1200 1054 2861 1054 2862 1054 1200 1054 2862 1054 1198 1054 1198 1054 2862 1054 2863 1054 1198 1054 2863 1054 1196 1054 1196 1054 2863 1054 1194 1054 1194 1054 2863 1054 2864 1054 1194 1054 2864 1054 1192 1054 1192 1054 2864 1054 2865 1054 1192 1054 2865 1054 1190 1054 1190 1054 2865 1054 1188 1054 1188 1054 2865 1054 2866 1054 1188 1054 2866 1054 1186 1054 1186 1054 2866 1054 2867 1054 1186 1054 2867 1054 1184 1054 1184 1054 2867 1054 1182 1054 1182 1054 2867 1054 2868 1054 1182 1054 2868 1054 1180 1054 1180 1054 2868 1054 2869 1054 1180 1054 2869 1054 1178 1054 1178 1054 2869 1054 1176 1054 1176 1054 2869 1054 2870 1054 1176 1054 2870 1054 1174 1054 1174 1054 2870 1054 2871 1054 1174 1054 2871 1054 1172 1054 1172 1054 2871 1054 1170 1054 1170 1054 2871 1054 2872 1054 1170 1054 2872 1054 1168 1054 1168 1054 2872 1054 2873 1054 1168 1054 2873 1054 1166 1054 1166 1054 2873 1054 2874 1054 1166 1054 2874 1054 1164 1054 1164 1054 2874 1054 1162 1054 1162 1054 2874 1054 2844 1054 1882 1054 2875 1054 1880 1054 1880 1054 2875 1054 2876 1054 1880 1054 2876 1054 1878 1054 1878 1054 2876 1054 1966 1054 1966 1054 2876 1054 2877 1054 1966 1054 2877 1054 1964 1054 1964 1054 2877 1054 2878 1054 1964 1054 2878 1054 1962 1054 1962 1054 2878 1054 1960 1054 1960 1054 2878 1054 2879 1054 1960 1054 2879 1054 1958 1054 1958 1054 2879 1054 2880 1054 1958 1054 2880 1054 1956 1054 1956 1054 2880 1054 1954 1054 1954 1054 2880 1054 2881 1054 1954 1054 2881 1054 1952 1054 1952 1054 2881 1054 2882 1054 1952 1054 2882 1054 1950 1054 1950 1054 2882 1054 1948 1054 1948 1054 2882 1054 2883 1054 1948 1054 2883 1054 1946 1054 1946 1054 2883 1054 2884 1054 1946 1054 2884 1054 1944 1054 1944 1054 2884 1054 2885 1054 1944 1054 2885 1054 1942 1054 1942 1054 2885 1054 1940 1054 1940 1054 2885 1054 2886 1054 1940 1054 2886 1054 1938 1054 1938 1054 2886 1054 2887 1054 1938 1054 2887 1054 1936 1054 1936 1054 2887 1054 1934 1054 1934 1054 2887 1054 2888 1054 1934 1054 2888 1054 1932 1054 1932 1054 2888 1054 2889 1054 1932 1054 2889 1054 1930 1054 1930 1054 2889 1054 1928 1054 1928 1054 2889 1054 2890 1054 1928 1054 2890 1054 1926 1054 1926 1054 2890 1054 2891 1054 1926 1054 2891 1054 1924 1054 1924 1054 2891 1054 1922 1054 1922 1054 2891 1054 2892 1054 1922 1054 2892 1054 1920 1054 1920 1054 2892 1054 2893 1054 1920 1054 2893 1054 1918 1054 1918 1054 2893 1054 2894 1054 1918 1054 2894 1054 1916 1054 1916 1054 2894 1054 1914 1054 1914 1054 2894 1054 2895 1054 1914 1054 2895 1054 1912 1054 1912 1054 2895 1054 2896 1054 1912 1054 2896 1054 1910 1054 1910 1054 2896 1054 1908 1054 1908 1054 2896 1054 2897 1054 1908 1054 2897 1054 1906 1054 1906 1054 2897 1054 2898 1054 1906 1054 2898 1054 1904 1054 1904 1054 2898 1054 1902 1054 1902 1054 2898 1054 2899 1054 1902 1054 2899 1054 1900 1054 1900 1054 2899 1054 2900 1054 1900 1054 2900 1054 1898 1054 1898 1054 2900 1054 1896 1054 1896 1054 2900 1054 2901 1054 1896 1054 2901 1054 1894 1054 1894 1054 2901 1054 2902 1054 1894 1054 2902 1054 1892 1054 1892 1054 2902 1054 1890 1054 1890 1054 2902 1054 2903 1054 1890 1054 2903 1054 1888 1054 1888 1054 2903 1054 2904 1054 1888 1054 2904 1054 1886 1054 1886 1054 2904 1054 2905 1054 1886 1054 2905 1054 1884 1054 1884 1054 2905 1054 1882 1054 1882 1054 2905 1054 2875 1054 1072 1054 2906 1054 1070 1054 1070 1054 2906 1054 2907 1054 1070 1054 2907 1054 1068 1054 1068 1054 2907 1054 1156 1054 1156 1054 2907 1054 2908 1054 1156 1054 2908 1054 1154 1054 1154 1054 2908 1054 2909 1054 1154 1054 2909 1054 1152 1054 1152 1054 2909 1054 1150 1054 1150 1054 2909 1054 2910 1054 1150 1054 2910 1054 1148 1054 1148 1054 2910 1054 2911 1054 1148 1054 2911 1054 1146 1054 1146 1054 2911 1054 1144 1054 1144 1054 2911 1054 2912 1054 1144 1054 2912 1054 1142 1054 1142 1054 2912 1054 2913 1054 1142 1054 2913 1054 1140 1054 1140 1054 2913 1054 1138 1054 1138 1054 2913 1054 2914 1054 1138 1054 2914 1054 1136 1054 1136 1054 2914 1054 2915 1054 1136 1054 2915 1054 1134 1054 1134 1054 2915 1054 2916 1054 1134 1054 2916 1054 1132 1054 1132 1054 2916 1054 1130 1054 1130 1054 2916 1054 2917 1054 1130 1054 2917 1054 1128 1054 1128 1054 2917 1054 2918 1054 1128 1054 2918 1054 1126 1054 1126 1054 2918 1054 1124 1054 1124 1054 2918 1054 2919 1054 1124 1054 2919 1054 1122 1054 1122 1054 2919 1054 2920 1054 1122 1054 2920 1054 1120 1054 1120 1054 2920 1054 1118 1054 1118 1054 2920 1054 2921 1054 1118 1054 2921 1054 1116 1054 1116 1054 2921 1054 2922 1054 1116 1054 2922 1054 1114 1054 1114 1054 2922 1054 1112 1054 1112 1054 2922 1054 2923 1054 1112 1054 2923 1054 1110 1054 1110 1054 2923 1054 2924 1054 1110 1054 2924 1054 1108 1054 1108 1054 2924 1054 2925 1054 1108 1054 2925 1054 1106 1054 1106 1054 2925 1054 1104 1054 1104 1054 2925 1054 2926 1054 1104 1054 2926 1054 1102 1054 1102 1054 2926 1054 2927 1054 1102 1054 2927 1054 1100 1054 1100 1054 2927 1054 1098 1054 1098 1054 2927 1054 2928 1054 1098 1054 2928 1054 1096 1054 1096 1054 2928 1054 2929 1054 1096 1054 2929 1054 1094 1054 1094 1054 2929 1054 1092 1054 1092 1054 2929 1054 2930 1054 1092 1054 2930 1054 1090 1054 1090 1054 2930 1054 2931 1054 1090 1054 2931 1054 1088 1054 1088 1054 2931 1054 1086 1054 1086 1054 2931 1054 2932 1054 1086 1054 2932 1054 1084 1054 1084 1054 2932 1054 2933 1054 1084 1054 2933 1054 1082 1054 1082 1054 2933 1054 1080 1054 1080 1054 2933 1054 2934 1054 1080 1054 2934 1054 1078 1054 1078 1054 2934 1054 2935 1054 1078 1054 2935 1054 1076 1054 1076 1054 2935 1054 2936 1054 1076 1054 2936 1054 1074 1054 1074 1054 2936 1054 1072 1054 1072 1054 2936 1054 2906 1054 352 1054 2937 1054 350 1054 350 1054 2937 1054 2938 1054 350 1054 2938 1054 348 1054 348 1054 2938 1054 436 1054 436 1054 2938 1054 2939 1054 436 1054 2939 1054 434 1054 434 1054 2939 1054 2940 1054 434 1054 2940 1054 432 1054 432 1054 2940 1054 430 1054 430 1054 2940 1054 2941 1054 430 1054 2941 1054 428 1054 428 1054 2941 1054 2942 1054 428 1054 2942 1054 426 1054 426 1054 2942 1054 424 1054 424 1054 2942 1054 2943 1054 424 1054 2943 1054 422 1054 422 1054 2943 1054 2944 1054 422 1054 2944 1054 420 1054 420 1054 2944 1054 418 1054 418 1054 2944 1054 2945 1054 418 1054 2945 1054 416 1054 416 1054 2945 1054 2946 1054 416 1054 2946 1054 414 1054 414 1054 2946 1054 2947 1054 414 1054 2947 1054 412 1054 412 1054 2947 1054 410 1054 410 1054 2947 1054 2948 1054 410 1054 2948 1054 408 1054 408 1054 2948 1054 2949 1054 408 1054 2949 1054 406 1054 406 1054 2949 1054 404 1054 404 1054 2949 1054 2950 1054 404 1054 2950 1054 402 1054 402 1054 2950 1054 2951 1054 402 1054 2951 1054 400 1054 400 1054 2951 1054 398 1054 398 1054 2951 1054 2952 1054 398 1054 2952 1054 396 1054 396 1054 2952 1054 2953 1054 396 1054 2953 1054 394 1054 394 1054 2953 1054 392 1054 392 1054 2953 1054 2954 1054 392 1054 2954 1054 390 1054 390 1054 2954 1054 2955 1054 390 1054 2955 1054 388 1054 388 1054 2955 1054 2956 1054 388 1054 2956 1054 386 1054 386 1054 2956 1054 384 1054 384 1054 2956 1054 2957 1054 384 1054 2957 1054 382 1054 382 1054 2957 1054 2958 1054 382 1054 2958 1054 380 1054 380 1054 2958 1054 378 1054 378 1054 2958 1054 2959 1054 378 1054 2959 1054 376 1054 376 1054 2959 1054 2960 1054 376 1054 2960 1054 374 1054 374 1054 2960 1054 372 1054 372 1054 2960 1054 2961 1054 372 1054 2961 1054 370 1054 370 1054 2961 1054 2962 1054 370 1054 2962 1054 368 1054 368 1054 2962 1054 366 1054 366 1054 2962 1054 2963 1054 366 1054 2963 1054 364 1054 364 1054 2963 1054 2964 1054 364 1054 2964 1054 362 1054 362 1054 2964 1054 360 1054 360 1054 2964 1054 2965 1054 360 1054 2965 1054 358 1054 358 1054 2965 1054 2966 1054 358 1054 2966 1054 356 1054 356 1054 2966 1054 2967 1054 356 1054 2967 1054 354 1054 354 1054 2967 1054 352 1054 352 1054 2967 1054 2937 1054 892 1054 2968 1054 890 1054 890 1054 2968 1054 2969 1054 890 1054 2969 1054 888 1054 888 1054 2969 1054 976 1054 976 1054 2969 1054 2970 1054 976 1054 2970 1054 974 1054 974 1054 2970 1054 2971 1054 974 1054 2971 1054 972 1054 972 1054 2971 1054 970 1054 970 1054 2971 1054 2972 1054 970 1054 2972 1054 968 1054 968 1054 2972 1054 2973 1054 968 1054 2973 1054 966 1054 966 1054 2973 1054 964 1054 964 1054 2973 1054 2974 1054 964 1054 2974 1054 962 1054 962 1054 2974 1054 2975 1054 962 1054 2975 1054 960 1054 960 1054 2975 1054 958 1054 958 1054 2975 1054 2976 1054 958 1054 2976 1054 956 1054 956 1054 2976 1054 2977 1054 956 1054 2977 1054 954 1054 954 1054 2977 1054 2978 1054 954 1054 2978 1054 952 1054 952 1054 2978 1054 950 1054 950 1054 2978 1054 2979 1054 950 1054 2979 1054 948 1054 948 1054 2979 1054 2980 1054 948 1054 2980 1054 946 1054 946 1054 2980 1054 944 1054 944 1054 2980 1054 2981 1054 944 1054 2981 1054 942 1054 942 1054 2981 1054 2982 1054 942 1054 2982 1054 940 1054 940 1054 2982 1054 938 1054 938 1054 2982 1054 2983 1054 938 1054 2983 1054 936 1054 936 1054 2983 1054 2984 1054 936 1054 2984 1054 934 1054 934 1054 2984 1054 932 1054 932 1054 2984 1054 2985 1054 932 1054 2985 1054 930 1054 930 1054 2985 1054 2986 1054 930 1054 2986 1054 928 1054 928 1054 2986 1054 2987 1054 928 1054 2987 1054 926 1054 926 1054 2987 1054 924 1054 924 1054 2987 1054 2988 1054 924 1054 2988 1054 922 1054 922 1054 2988 1054 2989 1054 922 1054 2989 1054 920 1054 920 1054 2989 1054 918 1054 918 1054 2989 1054 2990 1054 918 1054 2990 1054 916 1054 916 1054 2990 1054 2991 1054 916 1054 2991 1054 914 1054 914 1054 2991 1054 912 1054 912 1054 2991 1054 2992 1054 912 1054 2992 1054 910 1054 910 1054 2992 1054 2993 1054 910 1054 2993 1054 908 1054 908 1054 2993 1054 906 1054 906 1054 2993 1054 2994 1054 906 1054 2994 1054 904 1054 904 1054 2994 1054 2995 1054 904 1054 2995 1054 902 1054 902 1054 2995 1054 900 1054 900 1054 2995 1054 2996 1054 900 1054 2996 1054 898 1054 898 1054 2996 1054 2997 1054 898 1054 2997 1054 896 1054 896 1054 2997 1054 2998 1054 896 1054 2998 1054 894 1054 894 1054 2998 1054 892 1054 892 1054 2998 1054 2968 1054 1522 1054 2999 1054 1520 1054 1520 1054 2999 1054 3000 1054 1520 1054 3000 1054 1518 1054 1518 1054 3000 1054 1606 1054 1606 1054 3000 1054 3001 1054 1606 1054 3001 1054 1604 1054 1604 1054 3001 1054 3002 1054 1604 1054 3002 1054 1602 1054 1602 1054 3002 1054 1600 1054 1600 1054 3002 1054 3003 1054 1600 1054 3003 1054 1598 1054 1598 1054 3003 1054 3004 1054 1598 1054 3004 1054 1596 1054 1596 1054 3004 1054 1594 1054 1594 1054 3004 1054 3005 1054 1594 1054 3005 1054 1592 1054 1592 1054 3005 1054 3006 1054 1592 1054 3006 1054 1590 1054 1590 1054 3006 1054 1588 1054 1588 1054 3006 1054 3007 1054 1588 1054 3007 1054 1586 1054 1586 1054 3007 1054 3008 1054 1586 1054 3008 1054 1584 1054 1584 1054 3008 1054 3009 1054 1584 1054 3009 1054 1582 1054 1582 1054 3009 1054 1580 1054 1580 1054 3009 1054 3010 1054 1580 1054 3010 1054 1578 1054 1578 1054 3010 1054 3011 1054 1578 1054 3011 1054 1576 1054 1576 1054 3011 1054 1574 1054 1574 1054 3011 1054 3012 1054 1574 1054 3012 1054 1572 1054 1572 1054 3012 1054 3013 1054 1572 1054 3013 1054 1570 1054 1570 1054 3013 1054 1568 1054 1568 1054 3013 1054 3014 1054 1568 1054 3014 1054 1566 1054 1566 1054 3014 1054 3015 1054 1566 1054 3015 1054 1564 1054 1564 1054 3015 1054 1562 1054 1562 1054 3015 1054 3016 1054 1562 1054 3016 1054 1560 1054 1560 1054 3016 1054 3017 1054 1560 1054 3017 1054 1558 1054 1558 1054 3017 1054 3018 1054 1558 1054 3018 1054 1556 1054 1556 1054 3018 1054 1554 1054 1554 1054 3018 1054 3019 1054 1554 1054 3019 1054 1552 1054 1552 1054 3019 1054 3020 1054 1552 1054 3020 1054 1550 1054 1550 1054 3020 1054 1548 1054 1548 1054 3020 1054 3021 1054 1548 1054 3021 1054 1546 1054 1546 1054 3021 1054 3022 1054 1546 1054 3022 1054 1544 1054 1544 1054 3022 1054 1542 1054 1542 1054 3022 1054 3023 1054 1542 1054 3023 1054 1540 1054 1540 1054 3023 1054 3024 1054 1540 1054 3024 1054 1538 1054 1538 1054 3024 1054 1536 1054 1536 1054 3024 1054 3025 1054 1536 1054 3025 1054 1534 1054 1534 1054 3025 1054 3026 1054 1534 1054 3026 1054 1532 1054 1532 1054 3026 1054 1530 1054 1530 1054 3026 1054 3027 1054 1530 1054 3027 1054 1528 1054 1528 1054 3027 1054 3028 1054 1528 1054 3028 1054 1526 1054 1526 1054 3028 1054 3029 1054 1526 1054 3029 1054 1524 1054 1524 1054 3029 1054 1522 1054 1522 1054 3029 1054 2999 1054 532 1054 3030 1054 530 1054 530 1054 3030 1054 3031 1054 530 1054 3031 1054 528 1054 528 1054 3031 1054 616 1054 616 1054 3031 1054 3032 1054 616 1054 3032 1054 614 1054 614 1054 3032 1054 3033 1054 614 1054 3033 1054 612 1054 612 1054 3033 1054 610 1054 610 1054 3033 1054 3034 1054 610 1054 3034 1054 608 1054 608 1054 3034 1054 3035 1054 608 1054 3035 1054 606 1054 606 1054 3035 1054 604 1054 604 1054 3035 1054 3036 1054 604 1054 3036 1054 602 1054 602 1054 3036 1054 3037 1054 602 1054 3037 1054 600 1054 600 1054 3037 1054 598 1054 598 1054 3037 1054 3038 1054 598 1054 3038 1054 596 1054 596 1054 3038 1054 3039 1054 596 1054 3039 1054 594 1054 594 1054 3039 1054 3040 1054 594 1054 3040 1054 592 1054 592 1054 3040 1054 590 1054 590 1054 3040 1054 3041 1054 590 1054 3041 1054 588 1054 588 1054 3041 1054 3042 1054 588 1054 3042 1054 586 1054 586 1054 3042 1054 584 1054 584 1054 3042 1054 3043 1054 584 1054 3043 1054 582 1054 582 1054 3043 1054 3044 1054 582 1054 3044 1054 580 1054 580 1054 3044 1054 578 1054 578 1054 3044 1054 3045 1054 578 1054 3045 1054 576 1054 576 1054 3045 1054 3046 1054 576 1054 3046 1054 574 1054 574 1054 3046 1054 572 1054 572 1054 3046 1054 3047 1054 572 1054 3047 1054 570 1054 570 1054 3047 1054 3048 1054 570 1054 3048 1054 568 1054 568 1054 3048 1054 3049 1054 568 1054 3049 1054 566 1054 566 1054 3049 1054 564 1054 564 1054 3049 1054 3050 1054 564 1054 3050 1054 562 1054 562 1054 3050 1054 3051 1054 562 1054 3051 1054 560 1054 560 1054 3051 1054 558 1054 558 1054 3051 1054 3052 1054 558 1054 3052 1054 556 1054 556 1054 3052 1054 3053 1054 556 1054 3053 1054 554 1054 554 1054 3053 1054 552 1054 552 1054 3053 1054 3054 1054 552 1054 3054 1054 550 1054 550 1054 3054 1054 3055 1054 550 1054 3055 1054 548 1054 548 1054 3055 1054 546 1054 546 1054 3055 1054 3056 1054 546 1054 3056 1054 544 1054 544 1054 3056 1054 3057 1054 544 1054 3057 1054 542 1054 542 1054 3057 1054 540 1054 540 1054 3057 1054 3058 1054 540 1054 3058 1054 538 1054 538 1054 3058 1054 3059 1054 538 1054 3059 1054 536 1054 536 1054 3059 1054 3060 1054 536 1054 3060 1054 534 1054 534 1054 3060 1054 532 1054 532 1054 3060 1054 3030 1054 1432 1054 3061 1054 1430 1054 1430 1054 3061 1054 3062 1054 1430 1054 3062 1054 1428 1054 1428 1054 3062 1054 1516 1054 1516 1054 3062 1054 3063 1054 1516 1054 3063 1054 1514 1054 1514 1054 3063 1054 3064 1054 1514 1054 3064 1054 1512 1054 1512 1054 3064 1054 1510 1054 1510 1054 3064 1054 3065 1054 1510 1054 3065 1054 1508 1054 1508 1054 3065 1054 3066 1054 1508 1054 3066 1054 1506 1054 1506 1054 3066 1054 1504 1054 1504 1054 3066 1054 3067 1054 1504 1054 3067 1054 1502 1054 1502 1054 3067 1054 3068 1054 1502 1054 3068 1054 1500 1054 1500 1054 3068 1054 1498 1054 1498 1054 3068 1054 3069 1054 1498 1054 3069 1054 1496 1054 1496 1054 3069 1054 3070 1054 1496 1054 3070 1054 1494 1054 1494 1054 3070 1054 3071 1054 1494 1054 3071 1054 1492 1054 1492 1054 3071 1054 1490 1054 1490 1054 3071 1054 3072 1054 1490 1054 3072 1054 1488 1054 1488 1054 3072 1054 3073 1054 1488 1054 3073 1054 1486 1054 1486 1054 3073 1054 1484 1054 1484 1054 3073 1054 3074 1054 1484 1054 3074 1054 1482 1054 1482 1054 3074 1054 3075 1054 1482 1054 3075 1054 1480 1054 1480 1054 3075 1054 1478 1054 1478 1054 3075 1054 3076 1054 1478 1054 3076 1054 1476 1054 1476 1054 3076 1054 3077 1054 1476 1054 3077 1054 1474 1054 1474 1054 3077 1054 1472 1054 1472 1054 3077 1054 3078 1054 1472 1054 3078 1054 1470 1054 1470 1054 3078 1054 3079 1054 1470 1054 3079 1054 1468 1054 1468 1054 3079 1054 3080 1054 1468 1054 3080 1054 1466 1054 1466 1054 3080 1054 1464 1054 1464 1054 3080 1054 3081 1054 1464 1054 3081 1054 1462 1054 1462 1054 3081 1054 3082 1054 1462 1054 3082 1054 1460 1054 1460 1054 3082 1054 1458 1054 1458 1054 3082 1054 3083 1054 1458 1054 3083 1054 1456 1054 1456 1054 3083 1054 3084 1054 1456 1054 3084 1054 1454 1054 1454 1054 3084 1054 1452 1054 1452 1054 3084 1054 3085 1054 1452 1054 3085 1054 1450 1054 1450 1054 3085 1054 3086 1054 1450 1054 3086 1054 1448 1054 1448 1054 3086 1054 1446 1054 1446 1054 3086 1054 3087 1054 1446 1054 3087 1054 1444 1054 1444 1054 3087 1054 3088 1054 1444 1054 3088 1054 1442 1054 1442 1054 3088 1054 1440 1054 1440 1054 3088 1054 3089 1054 1440 1054 3089 1054 1438 1054 1438 1054 3089 1054 3090 1054 1438 1054 3090 1054 1436 1054 1436 1054 3090 1054 3091 1054 1436 1054 3091 1054 1434 1054 1434 1054 3091 1054 1432 1054 1432 1054 3091 1054 3061 1054 3068 1182 1986 1182 3069 1182 3069 1183 1986 1183 1985 1183 3069 1184 1985 1184 3070 1184 3070 1185 1985 1185 2102 1185 3070 1186 2102 1186 2101 1186 3068 1187 3067 1187 1986 1187 1986 1187 3067 1187 1989 1187 1989 1188 3067 1188 3066 1188 1989 1189 3066 1189 1991 1189 1991 1190 3066 1190 3065 1190 1991 1190 3065 1190 1993 1190 1993 1191 3065 1191 3064 1191 1993 1191 3064 1191 1995 1191 1995 1192 3064 1192 3063 1192 1995 1192 3063 1192 1997 1192 1997 1193 3063 1193 3062 1193 1997 1194 3062 1194 1999 1194 1999 1195 3062 1195 3061 1195 1999 1196 3061 1196 2000 1196 2000 1197 3061 1197 3091 1197 2000 1198 3091 1198 2046 1198 2046 1199 3091 1199 3090 1199 2046 1200 3090 1200 2048 1200 2048 1201 3090 1201 3089 1201 2048 1202 3089 1202 2050 1202 2050 1203 3089 1203 3088 1203 2050 1204 3088 1204 2052 1204 2052 1205 3088 1205 3087 1205 2052 1206 3087 1206 2054 1206 2054 1207 3087 1207 3086 1207 2054 1208 3086 1208 2070 1208 2070 1209 3086 1209 3085 1209 2070 1210 3085 1210 2072 1210 2072 1051 3085 1051 3084 1051 2072 1051 3084 1051 2074 1051 2074 1211 3084 1211 3083 1211 2074 1212 3083 1212 2076 1212 2076 1213 3083 1213 3082 1213 2076 1214 3082 1214 2078 1214 2078 1215 3082 1215 3081 1215 2078 1216 3081 1216 2081 1216 2081 1217 3081 1217 3080 1217 2081 1218 3080 1218 2083 1218 2083 1219 3080 1219 3079 1219 2083 1220 3079 1220 2085 1220 2085 1221 3079 1221 3078 1221 2085 1222 3078 1222 2087 1222 2087 1223 3078 1223 3077 1223 2087 1224 3077 1224 2089 1224 2089 1225 3077 1225 3076 1225 2089 1226 3076 1226 2091 1226 2091 1227 3076 1227 3075 1227 2091 1228 3075 1228 2092 1228 2092 1229 3075 1229 3074 1229 2092 1229 3074 1229 2094 1229 2094 1230 3074 1230 3073 1230 2094 1230 3073 1230 2096 1230 2096 1231 3073 1231 3072 1231 2096 1231 3072 1231 2099 1231 2099 1232 3072 1232 3071 1232 2099 1233 3071 1233 2101 1233 2101 1186 3071 1186 3070 1186 3037 1182 2071 1182 3038 1182 3038 1183 2071 1183 2073 1183 3038 1184 2073 1184 3039 1184 3039 1185 2073 1185 2075 1185 3039 1186 2075 1186 2077 1186 3037 1187 3036 1187 2071 1187 2071 1187 3036 1187 2056 1187 2056 1188 3036 1188 3035 1188 2056 1189 3035 1189 2058 1189 2058 1190 3035 1190 3034 1190 2058 1190 3034 1190 2060 1190 2060 1191 3034 1191 3033 1191 2060 1191 3033 1191 2062 1191 2062 1234 3033 1234 3032 1234 2062 1192 3032 1192 2064 1192 2064 1194 3032 1194 3031 1194 2064 1194 3031 1194 2066 1194 2066 1195 3031 1195 3030 1195 2066 1196 3030 1196 2290 1196 2290 1235 3030 1235 3060 1235 2290 1235 3060 1235 2292 1235 2292 1236 3060 1236 3059 1236 2292 1200 3059 1200 2294 1200 2294 1201 3059 1201 3058 1201 2294 1202 3058 1202 2296 1202 2296 1204 3058 1204 3057 1204 2296 1203 3057 1203 2298 1203 2298 1205 3057 1205 3056 1205 2298 1237 3056 1237 2300 1237 2300 1208 3056 1208 3055 1208 2300 1238 3055 1238 2304 1238 2304 1239 3055 1239 3054 1239 2304 1209 3054 1209 2306 1209 2306 1051 3054 1051 3053 1051 2306 1051 3053 1051 2308 1051 2308 1212 3053 1212 3052 1212 2308 1240 3052 1240 2310 1240 2310 1241 3052 1241 3051 1241 2310 1213 3051 1213 2256 1213 2256 1242 3051 1242 3050 1242 2256 1216 3050 1216 2254 1216 2254 1218 3050 1218 3049 1218 2254 1217 3049 1217 2252 1217 2252 1219 3049 1219 3048 1219 2252 1220 3048 1220 2250 1220 2250 1221 3048 1221 3047 1221 2250 1243 3047 1243 2248 1243 2248 1244 3047 1244 3046 1244 2248 1244 3046 1244 2246 1244 2246 1225 3046 1225 3045 1225 2246 1226 3045 1226 2161 1226 2161 1227 3045 1227 3044 1227 2161 1227 3044 1227 2159 1227 2159 1229 3044 1229 3043 1229 2159 1245 3043 1245 2157 1245 2157 1230 3043 1230 3042 1230 2157 1230 3042 1230 2155 1230 2155 1231 3042 1231 3041 1231 2155 1231 3041 1231 2153 1231 2153 1232 3041 1232 3040 1232 2153 1233 3040 1233 2077 1233 2077 1186 3040 1186 3039 1186 3006 1182 2043 1182 3007 1182 3007 1183 2043 1183 1994 1183 3007 1184 1994 1184 3008 1184 3008 1185 1994 1185 1996 1185 3008 1186 1996 1186 1998 1186 3006 1246 3005 1246 2043 1246 2043 1246 3005 1246 2040 1246 2040 1247 3005 1247 3004 1247 2040 1248 3004 1248 2038 1248 2038 1249 3004 1249 3003 1249 2038 1249 3003 1249 2036 1249 2036 1250 3003 1250 3002 1250 2036 1250 3002 1250 2034 1250 2034 1192 3002 1192 3001 1192 2034 1251 3001 1251 2032 1251 2032 1194 3001 1194 3000 1194 2032 1194 3000 1194 2030 1194 2030 1195 3000 1195 2999 1195 2030 1196 2999 1196 2029 1196 2029 1197 2999 1197 3029 1197 2029 1198 3029 1198 2104 1198 2104 1199 3029 1199 3028 1199 2104 1199 3028 1199 2106 1199 2106 1202 3028 1202 3027 1202 2106 1252 3027 1252 2108 1252 2108 1203 3027 1203 3026 1203 2108 1204 3026 1204 2110 1204 2110 1205 3026 1205 3025 1205 2110 1206 3025 1206 2112 1206 2112 1207 3025 1207 3024 1207 2112 1208 3024 1208 2114 1208 2114 1209 3024 1209 3023 1209 2114 1210 3023 1210 2117 1210 2117 1051 3023 1051 3022 1051 2117 1051 3022 1051 2119 1051 2119 1253 3022 1253 3021 1253 2119 1254 3021 1254 2067 1254 2067 1255 3021 1255 3020 1255 2067 1256 3020 1256 2065 1256 2065 1257 3020 1257 3019 1257 2065 1258 3019 1258 2063 1258 2063 1217 3019 1217 3018 1217 2063 1218 3018 1218 2061 1218 2061 1259 3018 1259 3017 1259 2061 1219 3017 1219 2059 1219 2059 1222 3017 1222 3016 1222 2059 1222 3016 1222 2057 1222 2057 1223 3016 1223 3015 1223 2057 1224 3015 1224 2055 1224 2055 1225 3015 1225 3014 1225 2055 1226 3014 1226 2053 1226 2053 1227 3014 1227 3013 1227 2053 1227 3013 1227 2051 1227 2051 1260 3013 1260 3012 1260 2051 1229 3012 1229 2049 1229 2049 1261 3012 1261 3011 1261 2049 1261 3011 1261 2047 1261 2047 1262 3011 1262 3010 1262 2047 1262 3010 1262 2045 1262 2045 1232 3010 1232 3009 1232 2045 1233 3009 1233 1998 1233 1998 1186 3009 1186 3008 1186 2975 1263 2305 1263 2976 1263 2976 1264 2305 1264 2307 1264 2976 1265 2307 1265 2977 1265 2977 1266 2307 1266 2309 1266 2977 1267 2309 1267 2258 1267 2975 1268 2974 1268 2305 1268 2305 1269 2974 1269 2302 1269 2302 1188 2974 1188 2973 1188 2302 1270 2973 1270 2303 1270 2303 1190 2973 1190 2972 1190 2303 1271 2972 1271 2427 1271 2427 1272 2972 1272 2971 1272 2427 1273 2971 1273 2425 1273 2425 1251 2971 1251 2970 1251 2425 1274 2970 1274 2423 1274 2423 1194 2970 1194 2969 1194 2423 1194 2969 1194 2421 1194 2421 1195 2969 1195 2968 1195 2421 1196 2968 1196 2359 1196 2359 1235 2968 1235 2998 1235 2359 1235 2998 1235 2360 1235 2360 1200 2998 1200 2997 1200 2360 1200 2997 1200 2403 1200 2403 1275 2997 1275 2996 1275 2403 1276 2996 1276 2401 1276 2401 1204 2996 1204 2995 1204 2401 1277 2995 1277 2399 1277 2399 1278 2995 1278 2994 1278 2399 1237 2994 1237 2397 1237 2397 1208 2994 1208 2993 1208 2397 1238 2993 1238 2429 1238 2429 1239 2993 1239 2992 1239 2429 1209 2992 1209 2431 1209 2431 1051 2992 1051 2991 1051 2431 1051 2991 1051 2433 1051 2433 1212 2991 1212 2990 1212 2433 1240 2990 1240 2435 1240 2435 1241 2990 1241 2989 1241 2435 1213 2989 1213 2437 1213 2437 1242 2989 1242 2988 1242 2437 1279 2988 1279 2440 1279 2440 1280 2988 1280 2987 1280 2440 1217 2987 1217 2442 1217 2442 1281 2987 1281 2986 1281 2442 1282 2986 1282 2444 1282 2444 1221 2986 1221 2985 1221 2444 1221 2985 1221 2446 1221 2446 1244 2985 1244 2984 1244 2446 1244 2984 1244 2269 1244 2269 1225 2984 1225 2983 1225 2269 1226 2983 1226 2267 1226 2267 1227 2983 1227 2982 1227 2267 1227 2982 1227 2265 1227 2265 1283 2982 1283 2981 1283 2265 1260 2981 1260 2263 1260 2263 1284 2981 1284 2980 1284 2263 1285 2980 1285 2261 1285 2261 1286 2980 1286 2979 1286 2261 1231 2979 1231 2259 1231 2259 1287 2979 1287 2978 1287 2259 1233 2978 1233 2258 1233 2258 1288 2978 1288 2977 1288 2944 1289 2021 1289 2945 1289 2945 1290 2021 1290 2023 1290 2945 1291 2023 1291 2946 1291 2946 1292 2023 1292 2025 1292 2946 1293 2025 1293 2027 1293 2944 1294 2943 1294 2021 1294 2021 1294 2943 1294 2019 1294 2019 1295 2943 1295 2942 1295 2019 1296 2942 1296 2017 1296 2017 1297 2942 1298 2941 1299 2017 1300 2941 1301 2015 1302 2015 1303 2941 1304 2940 1305 2015 1306 2940 1307 2013 1308 2013 1309 2940 1309 2939 1309 2013 1310 2939 1311 2012 1312 2012 1313 2939 1314 2938 1315 2012 1316 2938 1317 2120 1318 2120 1319 2938 1320 2937 1321 2120 1322 2937 1323 2121 1324 2121 1325 2937 1326 2967 1327 2121 1328 2967 1329 2122 1330 2122 1331 2967 1331 2966 1331 2122 1332 2966 1332 2124 1332 2124 1333 2966 1333 2965 1333 2124 1334 2965 1334 2126 1334 2126 1204 2965 1204 2964 1204 2126 1203 2964 1203 2128 1203 2128 1335 2964 1335 2963 1335 2128 1336 2963 1336 2130 1336 2130 1337 2963 1337 2962 1337 2130 1338 2962 1338 2132 1338 2132 1339 2962 1339 2961 1339 2132 1340 2961 1340 2134 1340 2134 1051 2961 1051 2960 1051 2134 1051 2960 1051 2136 1051 2136 1254 2960 1254 2959 1254 2136 1341 2959 1341 2138 1341 2138 1342 2959 1342 2958 1342 2138 1343 2958 1343 2140 1343 2140 1344 2958 1344 2957 1344 2140 1345 2957 1345 2143 1345 2143 1218 2957 1218 2956 1218 2143 1217 2956 1217 2145 1217 2145 1346 2956 1346 2955 1346 2145 1347 2955 1347 2147 1347 2147 1348 2955 1348 2954 1348 2147 1349 2954 1349 2149 1349 2149 1350 2954 1351 2953 1352 2149 1353 2953 1354 2151 1355 2151 1356 2953 1357 2952 1358 2151 1359 2952 1360 2113 1361 2113 1362 2952 1363 2951 1364 2113 1365 2951 1366 2111 1367 2111 1368 2951 1369 2950 1370 2111 1371 2950 1371 2109 1371 2109 1372 2950 1372 2949 1372 2109 1372 2949 1372 2107 1372 2107 1373 2949 1373 2948 1373 2107 1373 2948 1373 2105 1373 2105 1374 2948 1374 2947 1374 2105 1375 2947 1376 2027 1377 2027 1293 2947 1293 2946 1293 2913 1378 2133 1378 2914 1378 2914 1379 2133 1379 2135 1379 2914 1380 2135 1380 2915 1380 2915 1381 2135 1381 2137 1381 2915 1382 2137 1383 2139 1384 2913 1385 2912 1386 2133 1387 2133 1388 2912 1389 2131 1390 2131 1295 2912 1295 2911 1295 2131 1391 2911 1391 2129 1391 2129 1392 2911 1393 2910 1394 2129 1395 2910 1395 2127 1395 2127 1396 2910 1396 2909 1396 2127 1397 2909 1397 2125 1397 2125 1398 2909 1398 2908 1398 2125 1399 2908 1399 2123 1399 2123 1313 2908 1314 2907 1315 2123 1316 2907 1317 1982 1318 1982 1319 2907 1320 2906 1321 1982 1322 2906 1323 1983 1324 1983 1325 2906 1326 2936 1327 1983 1328 2936 1329 1984 1330 1984 1332 2936 1332 2935 1332 1984 1332 2935 1332 2311 1332 2311 1400 2935 1400 2934 1400 2311 1401 2934 1401 2315 1401 2315 1204 2934 1204 2933 1204 2315 1277 2933 1277 2317 1277 2317 1402 2933 1402 2932 1402 2317 1336 2932 1336 2319 1336 2319 1337 2932 1337 2931 1337 2319 1338 2931 1338 2321 1338 2321 1339 2931 1339 2930 1339 2321 1340 2930 1340 2323 1340 2323 1051 2930 1051 2929 1051 2323 1051 2929 1051 2325 1051 2325 1254 2929 1254 2928 1254 2325 1341 2928 1341 2327 1341 2327 1342 2928 1342 2927 1342 2327 1343 2927 1343 2329 1343 2329 1344 2927 1344 2926 1344 2329 1403 2926 1403 2332 1403 2332 1280 2926 1280 2925 1280 2332 1217 2925 1217 2334 1217 2334 1404 2925 1404 2924 1404 2334 1405 2924 1405 2336 1405 2336 1348 2924 1348 2923 1348 2336 1348 2923 1348 2338 1348 2338 1350 2923 1351 2922 1352 2338 1353 2922 1354 2340 1355 2340 1356 2922 1357 2921 1358 2340 1359 2921 1360 2343 1361 2343 1362 2921 1363 2920 1364 2343 1365 2920 1366 2345 1367 2345 1406 2920 1406 2919 1406 2345 1407 2919 1407 2347 1407 2347 1408 2919 1408 2918 1408 2347 1409 2918 1409 2349 1409 2349 1410 2918 1411 2917 1412 2349 1373 2917 1373 2351 1373 2351 1413 2917 1413 2916 1413 2351 1414 2916 1414 2139 1414 2139 1415 2916 1415 2915 1415 2882 1379 2322 1379 2883 1379 2883 1416 2322 1416 2324 1416 2883 1417 2324 1417 2884 1417 2884 1380 2324 1380 2326 1380 2884 1418 2326 1418 2328 1418 2882 1419 2881 1419 2322 1419 2322 1420 2881 1420 2320 1420 2320 1421 2881 1421 2880 1421 2320 1422 2880 1422 2318 1422 2318 1395 2880 1395 2879 1395 2318 1395 2879 1395 2316 1395 2316 1396 2879 1396 2878 1396 2316 1396 2878 1396 2314 1396 2314 1399 2878 1399 2877 1399 2314 1423 2877 1424 2312 1425 2312 1313 2877 1314 2876 1315 2312 1316 2876 1317 2313 1318 2313 1426 2876 1427 2875 1428 2313 1429 2875 1430 2405 1431 2405 1432 2875 1433 2905 1434 2405 1435 2905 1436 2406 1437 2406 1438 2905 1438 2904 1438 2406 1332 2904 1332 2407 1332 2407 1439 2904 1439 2903 1439 2407 1440 2903 1440 2408 1440 2408 1277 2903 1277 2902 1277 2408 1441 2902 1441 2409 1441 2409 1336 2902 1336 2901 1336 2409 1442 2901 1442 2410 1442 2410 1443 2901 1443 2900 1443 2410 1444 2900 1444 2411 1444 2411 1445 2900 1445 2899 1445 2411 1446 2899 1446 2412 1446 2412 1051 2899 1051 2898 1051 2412 1051 2898 1051 2413 1051 2413 1447 2898 1447 2897 1447 2413 1448 2897 1448 2414 1448 2414 1449 2897 1449 2896 1449 2414 1450 2896 1450 2416 1450 2416 1451 2896 1451 2895 1451 2416 1344 2895 1344 2418 1344 2418 1452 2895 1452 2894 1452 2418 1280 2894 1280 2377 1280 2377 1453 2894 1453 2893 1453 2377 1454 2893 1454 2375 1454 2375 1348 2893 1348 2892 1348 2375 1455 2892 1455 2373 1455 2373 1350 2892 1351 2891 1456 2373 1457 2891 1458 2372 1459 2372 1460 2891 1461 2890 1462 2372 1463 2890 1464 2370 1465 2370 1362 2890 1363 2889 1364 2370 1365 2889 1366 2368 1367 2368 1466 2889 1467 2888 1468 2368 1406 2888 1406 2366 1406 2366 1409 2888 1409 2887 1409 2366 1409 2887 1409 2364 1409 2364 1469 2887 1469 2886 1469 2364 1469 2886 1469 2362 1469 2362 1470 2886 1471 2885 1472 2362 1473 2885 1474 2328 1475 2328 1476 2885 1476 2884 1476 2851 1263 2116 1263 2852 1263 2852 1264 2116 1264 2118 1264 2852 1265 2118 1265 2853 1265 2853 1266 2118 1266 2069 1266 2853 1267 2069 1267 2068 1267 2851 1477 2850 1477 2116 1477 2116 1478 2850 1478 2115 1478 2115 1247 2850 1247 2849 1247 2115 1248 2849 1248 2150 1248 2150 1249 2849 1249 2848 1249 2150 1479 2848 1479 2148 1479 2148 1480 2848 1480 2847 1480 2148 1250 2847 1250 2146 1250 2146 1234 2847 1234 2846 1234 2146 1192 2846 1192 2144 1192 2144 1194 2846 1194 2845 1194 2144 1194 2845 1194 2142 1194 2142 1195 2845 1195 2844 1195 2142 1196 2844 1196 2141 1196 2141 1235 2844 1235 2874 1235 2141 1235 2874 1235 2350 1235 2350 1236 2874 1236 2873 1236 2350 1200 2873 1200 2348 1200 2348 1201 2873 1201 2872 1201 2348 1202 2872 1202 2346 1202 2346 1204 2872 1204 2871 1204 2346 1203 2871 1203 2344 1203 2344 1205 2871 1205 2870 1205 2344 1237 2870 1237 2342 1237 2342 1208 2870 1208 2869 1208 2342 1238 2869 1238 2341 1238 2341 1239 2869 1239 2868 1239 2341 1209 2868 1209 2353 1209 2353 1051 2868 1051 2867 1051 2353 1051 2867 1051 2355 1051 2355 1254 2867 1254 2866 1254 2355 1341 2866 1341 2357 1341 2357 1481 2866 1481 2865 1481 2357 1255 2865 1255 2420 1255 2420 1482 2865 1482 2864 1482 2420 1258 2864 1258 2422 1258 2422 1218 2864 1218 2863 1218 2422 1217 2863 1217 2424 1217 2424 1219 2863 1219 2862 1219 2424 1220 2862 1220 2426 1220 2426 1221 2862 1221 2861 1221 2426 1243 2861 1243 2428 1243 2428 1244 2861 1244 2860 1244 2428 1244 2860 1244 2301 1244 2301 1225 2860 1225 2859 1225 2301 1226 2859 1226 2299 1226 2299 1227 2859 1227 2858 1227 2299 1227 2858 1227 2297 1227 2297 1229 2858 1229 2857 1229 2297 1245 2857 1245 2295 1245 2295 1261 2857 1261 2856 1261 2295 1483 2856 1483 2293 1483 2293 1484 2856 1484 2855 1484 2293 1262 2855 1262 2291 1262 2291 1232 2855 1232 2854 1232 2291 1233 2854 1233 2068 1233 2068 1288 2854 1288 2853 1288 2820 1264 2272 1264 2821 1264 2821 1485 2272 1485 2274 1485 2821 1486 2274 1486 2822 1486 2822 1265 2274 1265 2276 1265 2822 1487 2276 1487 2278 1487 2820 1488 2819 1488 2272 1488 2272 1489 2819 1489 2271 1489 2271 1490 2819 1490 2818 1490 2271 1490 2818 1490 2445 1490 2445 1271 2818 1271 2817 1271 2445 1271 2817 1271 2443 1271 2443 1491 2817 1491 2816 1491 2443 1491 2816 1491 2441 1491 2441 1492 2816 1492 2815 1492 2441 1492 2815 1492 2439 1492 2439 1194 2815 1194 2814 1194 2439 1194 2814 1194 2438 1194 2438 1195 2814 1195 2813 1195 2438 1196 2813 1196 2497 1196 2497 1493 2813 1493 2843 1493 2497 1493 2843 1493 2495 1493 2495 1200 2843 1200 2842 1200 2495 1200 2842 1200 2493 1200 2493 1494 2842 1494 2841 1494 2493 1494 2841 1494 2491 1494 2491 1495 2841 1495 2840 1495 2491 1496 2840 1496 2489 1496 2489 1237 2840 1237 2839 1237 2489 1497 2839 1497 2486 1497 2486 1498 2839 1498 2838 1498 2486 1499 2838 1499 2484 1499 2484 1500 2838 1500 2837 1500 2484 1501 2837 1501 2482 1501 2482 1051 2837 1051 2836 1051 2482 1051 2836 1051 2456 1051 2456 1448 2836 1448 2835 1448 2456 1447 2835 1447 2458 1447 2458 1502 2835 1502 2834 1502 2458 1503 2834 1503 2460 1503 2460 1504 2834 1504 2833 1504 2460 1482 2833 1482 2463 1482 2463 1280 2833 1280 2832 1280 2463 1217 2832 1217 2465 1217 2465 1505 2832 1505 2831 1505 2465 1505 2831 1505 2467 1505 2467 1221 2831 1221 2830 1221 2467 1221 2830 1221 2469 1221 2469 1506 2830 1506 2829 1506 2469 1506 2829 1506 2471 1506 2471 1225 2829 1225 2828 1225 2471 1226 2828 1226 2473 1226 2473 1507 2828 1507 2827 1507 2473 1507 2827 1507 2475 1507 2475 1508 2827 1508 2826 1508 2475 1508 2826 1508 2477 1508 2477 1509 2826 1509 2825 1509 2477 1509 2825 1509 2479 1509 2479 1510 2825 1510 2824 1510 2479 1510 2824 1510 2481 1510 2481 1511 2824 1511 2823 1511 2481 1511 2823 1511 2278 1511 2278 1288 2823 1288 2822 1288 2789 1512 2229 1512 2790 1512 2790 1513 2229 1513 2231 1513 2790 1265 2231 1265 2791 1265 2791 1266 2231 1266 2233 1266 2791 1514 2233 1514 2235 1514 2789 1515 2788 1515 2229 1515 2229 1516 2788 1516 2226 1516 2226 1517 2788 1517 2787 1517 2226 1518 2787 1518 2227 1518 2227 1519 2787 1519 2786 1519 2227 1520 2786 1520 2288 1520 2288 1521 2786 1521 2785 1521 2288 1522 2785 1522 2286 1522 2286 1523 2785 1523 2784 1523 2286 1524 2784 1524 2284 1524 2284 1525 2784 1525 2783 1525 2284 1525 2783 1525 2282 1525 2282 1195 2783 1195 2782 1195 2282 1196 2782 1196 2279 1196 2279 1526 2782 1526 2812 1526 2279 1526 2812 1526 2280 1526 2280 1527 2812 1527 2811 1527 2280 1527 2811 1527 2480 1527 2480 1528 2811 1528 2810 1528 2480 1529 2810 1529 2478 1529 2478 1204 2810 1204 2809 1204 2478 1277 2809 1277 2476 1277 2476 1530 2809 1530 2808 1530 2476 1531 2808 1531 2474 1531 2474 1532 2808 1532 2807 1532 2474 1533 2807 1533 2498 1533 2498 1534 2807 1534 2806 1534 2498 1535 2806 1535 2500 1535 2500 1051 2806 1051 2805 1051 2500 1051 2805 1051 2502 1051 2502 1536 2805 1536 2804 1536 2502 1537 2804 1537 2504 1537 2504 1538 2804 1538 2803 1538 2504 1539 2803 1539 2506 1539 2506 1540 2803 1540 2802 1540 2506 1541 2802 1541 2508 1541 2508 1542 2802 1542 2801 1542 2508 1543 2801 1543 2510 1543 2510 1544 2801 1544 2800 1544 2510 1545 2800 1545 2512 1545 2512 1546 2800 1546 2799 1546 2512 1546 2799 1546 2522 1546 2522 1547 2799 1547 2798 1547 2522 1547 2798 1547 2523 1547 2523 1548 2798 1548 2797 1548 2523 1549 2797 1549 2245 1549 2245 1550 2797 1550 2796 1550 2245 1550 2796 1550 2243 1550 2243 1551 2796 1551 2795 1551 2243 1552 2795 1552 2241 1552 2241 1553 2795 1553 2794 1553 2241 1554 2794 1554 2239 1554 2239 1555 2794 1555 2793 1555 2239 1556 2793 1556 2237 1556 2237 1557 2793 1557 2792 1557 2237 1558 2792 1558 2235 1558 2235 1559 2792 1559 2791 1559 2758 1182 2093 1182 2759 1182 2759 1183 2093 1183 2095 1183 2759 1184 2095 1184 2760 1184 2760 1185 2095 1185 2198 1185 2760 1186 2198 1186 2195 1186 2758 1560 2757 1560 2093 1560 2093 1560 2757 1560 2090 1560 2090 1561 2757 1561 2756 1561 2090 1562 2756 1562 2088 1562 2088 1190 2756 1190 2755 1190 2088 1190 2755 1190 2086 1190 2086 1563 2755 1563 2754 1563 2086 1563 2754 1563 2084 1563 2084 1564 2754 1564 2753 1564 2084 1565 2753 1565 2082 1565 2082 1194 2753 1194 2752 1194 2082 1194 2752 1194 2080 1194 2080 1195 2752 1195 2751 1195 2080 1196 2751 1196 2079 1196 2079 1566 2751 1566 2781 1566 2079 1567 2781 1567 2152 1567 2152 1199 2781 1199 2780 1199 2152 1199 2780 1199 2154 1199 2154 1568 2780 1568 2779 1568 2154 1569 2779 1569 2156 1569 2156 1570 2779 1570 2778 1570 2156 1495 2778 1495 2158 1495 2158 1205 2778 1205 2777 1205 2158 1206 2777 1206 2160 1206 2160 1571 2777 1571 2776 1571 2160 1532 2776 1532 2162 1532 2162 1535 2776 1535 2775 1535 2162 1572 2775 1572 2165 1572 2165 1051 2775 1051 2774 1051 2165 1051 2774 1051 2167 1051 2167 1253 2774 1253 2773 1253 2167 1254 2773 1254 2169 1254 2169 1255 2773 1255 2772 1255 2169 1256 2772 1256 2173 1256 2173 1257 2772 1257 2771 1257 2173 1258 2771 1258 2175 1258 2175 1217 2771 1217 2770 1217 2175 1218 2770 1218 2177 1218 2177 1573 2770 1573 2769 1573 2177 1574 2769 1574 2179 1574 2179 1222 2769 1222 2768 1222 2179 1222 2768 1222 2181 1222 2181 1575 2768 1575 2767 1575 2181 1576 2767 1576 2183 1576 2183 1225 2767 1225 2766 1225 2183 1226 2766 1226 2185 1226 2185 1507 2766 1507 2765 1507 2185 1507 2765 1507 2187 1507 2187 1577 2765 1577 2764 1577 2187 1578 2764 1578 2189 1578 2189 1579 2764 1579 2763 1579 2189 1579 2763 1579 2191 1579 2191 1580 2763 1580 2762 1580 2191 1580 2762 1580 2193 1580 2193 1232 2762 1232 2761 1232 2193 1233 2761 1233 2195 1233 2195 1186 2761 1186 2760 1186 2727 1581 2200 1581 2728 1581 2728 1582 2200 1582 2202 1582 2728 1583 2202 1583 2729 1583 2729 1584 2202 1584 2204 1584 2729 1585 2204 1585 2206 1585 2727 1560 2726 1560 2200 1560 2200 1560 2726 1560 2182 1560 2182 1517 2726 1517 2725 1517 2182 1586 2725 1586 2180 1586 2180 1519 2725 1519 2724 1519 2180 1519 2724 1519 2178 1519 2178 1587 2724 1587 2723 1587 2178 1587 2723 1587 2176 1587 2176 1588 2723 1588 2722 1588 2176 1589 2722 1589 2174 1589 2174 1590 2722 1590 2721 1590 2174 1590 2721 1590 2171 1590 2171 1591 2721 1591 2720 1591 2171 1592 2720 1592 2172 1592 2172 1235 2720 1235 2750 1235 2172 1235 2750 1235 2216 1235 2216 1593 2750 1593 2749 1593 2216 1594 2749 1594 2218 1594 2218 1595 2749 1595 2748 1595 2218 1596 2748 1596 2220 1596 2220 1597 2748 1597 2747 1597 2220 1598 2747 1598 2222 1598 2222 1599 2747 1599 2746 1599 2222 1600 2746 1600 2224 1600 2224 1601 2746 1601 2745 1601 2224 1602 2745 1602 2228 1602 2228 1534 2745 1534 2744 1534 2228 1535 2744 1535 2230 1535 2230 1051 2744 1051 2743 1051 2230 1051 2743 1051 2232 1051 2232 1603 2743 1603 2742 1603 2232 1604 2742 1604 2234 1604 2234 1538 2742 1538 2741 1538 2234 1539 2741 1539 2236 1539 2236 1605 2741 1605 2740 1605 2236 1606 2740 1606 2238 1606 2238 1607 2740 1607 2739 1607 2238 1608 2739 1608 2240 1608 2240 1609 2739 1609 2738 1609 2240 1610 2738 1610 2242 1610 2242 1611 2738 1611 2737 1611 2242 1612 2737 1612 2244 1612 2244 1613 2737 1613 2736 1613 2244 1613 2736 1613 1976 1613 1976 1614 2736 1614 2735 1614 1976 1615 2735 1615 1977 1615 1977 1550 2735 1550 2734 1550 1977 1550 2734 1550 1978 1550 1978 1616 2734 1616 2733 1616 1978 1617 2733 1617 2212 1617 2212 1618 2733 1618 2732 1618 2212 1618 2732 1618 2210 1618 2210 1619 2732 1619 2731 1619 2210 1619 2731 1619 2208 1619 2208 1620 2731 1620 2730 1620 2208 1621 2730 1621 2206 1621 2206 1585 2730 1585 2729 1585 2696 1182 2103 1182 2697 1182 2697 1183 2103 1183 2525 1183 2697 1622 2525 1622 2698 1622 2698 1623 2525 1623 2524 1623 2698 1624 2524 1624 2533 1624 2696 1625 2695 1625 2103 1625 2103 1625 2695 1625 2100 1625 2100 1626 2695 1626 2694 1626 2100 1627 2694 1627 2098 1627 2098 1628 2694 1628 2693 1628 2098 1628 2693 1628 2097 1628 2097 1629 2693 1629 2692 1629 2097 1629 2692 1629 2199 1629 2199 1589 2692 1589 2691 1589 2199 1589 2691 1589 2197 1589 2197 1630 2691 1630 2690 1630 2197 1525 2690 1525 2196 1525 2196 1631 2690 1631 2689 1631 2196 1632 2689 1632 2194 1632 2194 1633 2689 1633 2719 1633 2194 1634 2719 1634 2192 1634 2192 1635 2719 1635 2718 1635 2192 1636 2718 1636 2190 1636 2190 1637 2718 1637 2717 1637 2190 1638 2717 1638 2188 1638 2188 1598 2717 1598 2716 1598 2188 1597 2716 1597 2186 1597 2186 1639 2716 1639 2715 1639 2186 1640 2715 1640 2184 1640 2184 1641 2715 1641 2714 1641 2184 1642 2714 1642 2214 1642 2214 1643 2714 1643 2713 1643 2214 1644 2713 1644 2201 1644 2201 1051 2713 1051 2712 1051 2201 1051 2712 1051 2203 1051 2203 1645 2712 1645 2711 1645 2203 1646 2711 1646 2205 1646 2205 1539 2711 1539 2710 1539 2205 1647 2710 1647 2207 1647 2207 1648 2710 1648 2709 1648 2207 1606 2709 1606 2209 1606 2209 1217 2709 1217 2708 1217 2209 1218 2708 1218 2211 1218 2211 1649 2708 1649 2707 1649 2211 1650 2707 1650 2213 1650 2213 1546 2707 1546 2706 1546 2213 1651 2706 1651 2526 1651 2526 1652 2706 1652 2705 1652 2526 1653 2705 1653 2527 1653 2527 1548 2705 1548 2704 1548 2527 1549 2704 1549 2528 1549 2528 1550 2704 1550 2703 1550 2528 1654 2703 1654 2529 1654 2529 1616 2703 1616 2702 1616 2529 1616 2702 1616 2530 1616 2530 1655 2702 1655 2701 1655 2530 1655 2701 1655 2531 1655 2531 1656 2701 1656 2700 1656 2531 1656 2700 1656 2532 1656 2532 1620 2700 1620 2699 1620 2532 1621 2699 1621 2533 1621 2533 1624 2699 1624 2698 1624 2665 1263 2164 1263 2666 1263 2666 1264 2164 1264 2166 1264 2666 1265 2166 1265 2667 1265 2667 1266 2166 1266 2168 1266 2667 1267 2168 1267 2170 1267 2665 1657 2664 1657 2164 1657 2164 1489 2664 1489 2163 1489 2163 1561 2664 1561 2663 1561 2163 1562 2663 1562 2247 1562 2247 1190 2663 1190 2662 1190 2247 1658 2662 1658 2249 1658 2249 1491 2662 1491 2661 1491 2249 1563 2661 1563 2251 1563 2251 1659 2661 1659 2660 1659 2251 1564 2660 1564 2253 1564 2253 1194 2660 1194 2659 1194 2253 1194 2659 1194 2255 1194 2255 1195 2659 1195 2658 1195 2255 1196 2658 1196 2257 1196 2257 1493 2658 1493 2688 1493 2257 1493 2688 1493 2260 1493 2260 1236 2688 1236 2687 1236 2260 1200 2687 1200 2262 1200 2262 1494 2687 1494 2686 1494 2262 1568 2686 1568 2264 1568 2264 1495 2686 1495 2685 1495 2264 1570 2685 1570 2266 1570 2266 1205 2685 1205 2684 1205 2266 1237 2684 1237 2268 1237 2268 1532 2684 1532 2683 1532 2268 1533 2683 1533 2270 1533 2270 1534 2683 1534 2682 1534 2270 1535 2682 1535 2273 1535 2273 1051 2682 1051 2681 1051 2273 1051 2681 1051 2275 1051 2275 1254 2681 1254 2680 1254 2275 1341 2680 1341 2277 1341 2277 1481 2680 1481 2679 1481 2277 1255 2679 1255 2281 1255 2281 1482 2679 1482 2678 1482 2281 1258 2678 1258 2283 1258 2283 1218 2678 1218 2677 1218 2283 1217 2677 1217 2285 1217 2285 1574 2677 1574 2676 1574 2285 1505 2676 1505 2287 1505 2287 1221 2676 1221 2675 1221 2287 1243 2675 1243 2289 1243 2289 1506 2675 1506 2674 1506 2289 1506 2674 1506 2225 1506 2225 1225 2674 1225 2673 1225 2225 1226 2673 1226 2223 1226 2223 1507 2673 1507 2672 1507 2223 1507 2672 1507 2221 1507 2221 1578 2672 1578 2671 1578 2221 1660 2671 1660 2219 1660 2219 1579 2671 1579 2670 1579 2219 1509 2670 1509 2217 1509 2217 1661 2670 1661 2669 1661 2217 1580 2669 1580 2215 1580 2215 1232 2669 1232 2668 1232 2215 1233 2668 1233 2170 1233 2170 1288 2668 1288 2667 1288 2634 1264 2430 1264 2635 1264 2635 1485 2430 1485 2432 1485 2635 1486 2432 1486 2636 1486 2636 1265 2432 1265 2434 1265 2636 1487 2434 1487 2436 1487 2634 1662 2633 1662 2430 1662 2430 1663 2633 1663 2395 1663 2395 1664 2633 1664 2632 1664 2395 1665 2632 1665 2393 1665 2393 1271 2632 1271 2631 1271 2393 1271 2631 1271 2391 1271 2391 1272 2631 1272 2630 1272 2391 1272 2630 1272 2389 1272 2389 1274 2630 1274 2629 1274 2389 1666 2629 1666 2387 1666 2387 1194 2629 1194 2628 1194 2387 1194 2628 1194 2385 1194 2385 1667 2628 1667 2627 1667 2385 1667 2627 1667 2384 1667 2384 1668 2627 1668 2657 1668 2384 1235 2657 1235 2382 1235 2382 1669 2657 1669 2656 1669 2382 1200 2656 1200 2380 1200 2380 1670 2656 1670 2655 1670 2380 1671 2655 1671 2379 1671 2379 1277 2655 1277 2654 1277 2379 1441 2654 1441 2419 1441 2419 1237 2654 1237 2653 1237 2419 1497 2653 1497 2417 1497 2417 1672 2653 1672 2652 1672 2417 1673 2652 1673 2415 1673 2415 1674 2652 1674 2651 1674 2415 1675 2651 1675 1979 1675 1979 1051 2651 1051 2650 1051 1979 1051 2650 1051 1980 1051 1980 1676 2650 1676 2649 1676 1980 1677 2649 1677 1981 1677 1981 1678 2649 1678 2648 1678 1981 1679 2648 1679 2447 1679 2447 1680 2648 1680 2647 1680 2447 1242 2647 1242 2452 1242 2452 1452 2647 1452 2646 1452 2452 1280 2646 1280 2454 1280 2454 1681 2646 1681 2645 1681 2454 1682 2645 1682 2483 1682 2483 1221 2645 1221 2644 1221 2483 1683 2644 1683 2485 1683 2485 1244 2644 1244 2643 1244 2485 1684 2643 1684 2487 1684 2487 1685 2643 1685 2642 1685 2487 1685 2642 1685 2488 1685 2488 1227 2642 1227 2641 1227 2488 1227 2641 1227 2490 1227 2490 1686 2641 1686 2640 1686 2490 1283 2640 1283 2492 1283 2492 1285 2640 1285 2639 1285 2492 1285 2639 1285 2494 1285 2494 1286 2639 1286 2638 1286 2494 1286 2638 1286 2496 1286 2496 1687 2638 1687 2637 1687 2496 1511 2637 1511 2436 1511 2436 1688 2637 1688 2636 1688 2603 1264 2352 1264 2604 1264 2604 1485 2352 1485 2354 1485 2604 1486 2354 1486 2605 1486 2605 1265 2354 1265 2356 1265 2605 1487 2356 1487 2358 1487 2603 1689 2602 1689 2352 1689 2352 1478 2602 1478 2339 1478 2339 1690 2602 1690 2601 1690 2339 1690 2601 1690 2337 1690 2337 1691 2601 1691 2600 1691 2337 1691 2600 1691 2335 1691 2335 1480 2600 1480 2599 1480 2335 1480 2599 1480 2333 1480 2333 1274 2599 1274 2598 1274 2333 1274 2598 1274 2331 1274 2331 1194 2598 1194 2597 1194 2331 1194 2597 1194 2330 1194 2330 1195 2597 1195 2596 1195 2330 1196 2596 1196 2361 1196 2361 1235 2596 1235 2626 1235 2361 1235 2626 1235 2363 1235 2363 1200 2626 1200 2625 1200 2363 1200 2625 1200 2365 1200 2365 1201 2625 1201 2624 1201 2365 1201 2624 1201 2367 1201 2367 1204 2624 1204 2623 1204 2367 1277 2623 1277 2369 1277 2369 1237 2623 1237 2622 1237 2369 1497 2622 1497 2371 1497 2371 1673 2622 1673 2621 1673 2371 1672 2621 1672 2374 1672 2374 1675 2621 1675 2620 1675 2374 1674 2620 1674 2376 1674 2376 1051 2620 1051 2619 1051 2376 1051 2619 1051 2378 1051 2378 1448 2619 1448 2618 1448 2378 1447 2618 1447 2381 1447 2381 1502 2618 1502 2617 1502 2381 1503 2617 1503 2383 1503 2383 1504 2617 1504 2616 1504 2383 1482 2616 1482 2386 1482 2386 1280 2616 1280 2615 1280 2386 1217 2615 1217 2388 1217 2388 1220 2615 1220 2614 1220 2388 1220 2614 1220 2390 1220 2390 1221 2614 1221 2613 1221 2390 1221 2613 1221 2392 1221 2392 1244 2613 1244 2612 1244 2392 1244 2612 1244 2394 1244 2394 1225 2612 1225 2611 1225 2394 1226 2611 1226 2396 1226 2396 1227 2611 1227 2610 1227 2396 1227 2610 1227 2398 1227 2398 1283 2610 1283 2609 1283 2398 1283 2609 1283 2400 1283 2400 1483 2609 1483 2608 1483 2400 1483 2608 1483 2402 1483 2402 1692 2608 1692 2607 1692 2402 1692 2607 1692 2404 1692 2404 1511 2607 1511 2606 1511 2404 1511 2606 1511 2358 1511 2358 1288 2606 1288 2605 1288 2572 1289 2002 1289 2573 1289 2573 1290 2002 1290 2001 1290 2573 1291 2001 1291 2574 1291 2574 1292 2001 1292 1987 1292 2574 1293 1987 1293 1988 1293 2572 1294 2571 1294 2002 1294 2002 1294 2571 1294 2003 1294 2003 1295 2571 1295 2570 1295 2003 1296 2570 1296 2004 1296 2004 1297 2570 1298 2569 1299 2004 1300 2569 1301 2005 1302 2005 1303 2569 1304 2568 1305 2005 1306 2568 1307 2006 1308 2006 1693 2568 1694 2567 1695 2006 1696 2567 1697 2007 1312 2007 1698 2567 1698 2566 1698 2007 1316 2566 1317 2008 1699 2008 1319 2566 1320 2565 1321 2008 1322 2565 1323 2009 1324 2009 1700 2565 1701 2595 1702 2009 1703 2595 1703 2010 1703 2010 1704 2595 1704 2594 1704 2010 1332 2594 1332 2011 1332 2011 1333 2594 1333 2593 1333 2011 1334 2593 1334 2014 1334 2014 1203 2593 1203 2592 1203 2014 1204 2592 1204 2016 1204 2016 1335 2592 1335 2591 1335 2016 1705 2591 1705 2018 1705 2018 1706 2591 1706 2590 1706 2018 1337 2590 1337 2020 1337 2020 1340 2590 1340 2589 1340 2020 1707 2589 1707 2022 1707 2022 1051 2589 1051 2588 1051 2022 1051 2588 1051 2024 1051 2024 1253 2588 1253 2587 1253 2024 1254 2587 1254 2026 1254 2026 1343 2587 1343 2586 1343 2026 1708 2586 1708 2028 1708 2028 1709 2586 1709 2585 1709 2028 1345 2585 1345 2031 1345 2031 1217 2585 1217 2584 1217 2031 1218 2584 1218 2033 1218 2033 1346 2584 1346 2583 1346 2033 1347 2583 1347 2035 1347 2035 1348 2583 1348 2582 1348 2035 1710 2582 1710 2037 1710 2037 1711 2582 1712 2581 1713 2037 1714 2581 1715 2039 1716 2039 1356 2581 1357 2580 1358 2039 1359 2580 1360 2041 1361 2041 1362 2580 1363 2579 1364 2041 1717 2579 1718 2042 1719 2042 1720 2579 1369 2578 1721 2042 1722 2578 1723 2044 1724 2044 1372 2578 1372 2577 1372 2044 1372 2577 1372 1992 1372 1992 1373 2577 1373 2576 1373 1992 1373 2576 1373 1990 1373 1990 1374 2576 1374 2575 1374 1990 1375 2575 1376 1988 1377 1988 1293 2575 1293 2574 1293 2541 1264 2499 1264 2542 1264 2542 1485 2499 1485 2501 1485 2542 1486 2501 1486 2543 1486 2543 1265 2501 1265 2503 1265 2543 1725 2503 1725 2505 1725 2541 1726 2540 1726 2499 1726 2499 1727 2540 1727 2472 1727 2472 1728 2540 1728 2539 1728 2472 1729 2539 1729 2470 1729 2470 1271 2539 1271 2538 1271 2470 1271 2538 1271 2468 1271 2468 1730 2538 1730 2537 1730 2468 1730 2537 1730 2466 1730 2466 1492 2537 1492 2536 1492 2466 1731 2536 1731 2464 1731 2464 1732 2536 1732 2535 1732 2464 1732 2535 1732 2462 1732 2462 1667 2535 1667 2534 1667 2462 1667 2534 1667 2461 1667 2461 1733 2534 1733 2564 1733 2461 1526 2564 1526 2459 1526 2459 1734 2564 1734 2563 1734 2459 1527 2563 1527 2457 1527 2457 1735 2563 1735 2562 1735 2457 1736 2562 1736 2455 1736 2455 1737 2562 1737 2561 1737 2455 1738 2561 1738 2453 1738 2453 1237 2561 1237 2560 1237 2453 1497 2560 1497 2448 1497 2448 1739 2560 1739 2559 1739 2448 1740 2559 1740 2449 1740 2449 1741 2559 1741 2558 1741 2449 1742 2558 1742 2450 1742 2450 1051 2558 1051 2557 1051 2450 1051 2557 1051 2451 1051 2451 1743 2557 1743 2556 1743 2451 1744 2556 1744 2521 1744 2521 1745 2556 1745 2555 1745 2521 1746 2555 1746 2520 1746 2520 1747 2555 1747 2554 1747 2520 1540 2554 1540 2519 1540 2519 1748 2554 1748 2553 1748 2519 1749 2553 1749 2518 1749 2518 1750 2553 1750 2552 1750 2518 1751 2552 1751 2517 1751 2517 1752 2552 1752 2551 1752 2517 1221 2551 1221 2516 1221 2516 1547 2551 1547 2550 1547 2516 1753 2550 1753 2515 1753 2515 1685 2550 1685 2549 1685 2515 1685 2549 1685 2514 1685 2514 1754 2549 1754 2548 1754 2514 1754 2548 1754 2513 1754 2513 1755 2548 1755 2547 1755 2513 1756 2547 1756 2511 1756 2511 1285 2547 1285 2546 1285 2511 1285 2546 1285 2509 1285 2509 1757 2546 1757 2545 1757 2509 1757 2545 1757 2507 1757 2507 1758 2545 1758 2544 1758 2507 1759 2544 1759 2505 1759 2505 1760 2544 1760 2543 1760 292 1054 294 1054 290 1054 290 1054 294 1054 346 1054 346 1054 294 1054 296 1054 346 1054 296 1054 344 1054 344 1054 296 1054 298 1054 344 1054 298 1054 342 1054 342 1054 298 1054 300 1054 342 1054 300 1054 340 1054 340 1054 300 1054 302 1054 340 1054 302 1054 338 1054 338 1054 302 1054 304 1054 338 1054 304 1054 336 1054 336 1054 304 1054 306 1054 336 1054 306 1054 334 1054 334 1054 306 1054 308 1054 334 1054 308 1054 332 1054 332 1054 308 1054 310 1054 332 1054 310 1054 330 1054 330 1054 310 1054 312 1054 330 1054 312 1054 328 1054 328 1054 312 1054 314 1054 328 1054 314 1054 326 1054 326 1054 314 1054 316 1054 326 1054 316 1054 324 1054 324 1054 316 1054 318 1054 324 1054 318 1054 322 1054 322 1054 318 1054 320 1054 60 1054 62 1054 58 1054 58 1054 62 1054 114 1054 114 1054 62 1054 64 1054 114 1054 64 1054 112 1054 112 1054 64 1054 66 1054 112 1054 66 1054 110 1054 110 1054 66 1054 68 1054 110 1054 68 1054 108 1054 108 1054 68 1054 70 1054 108 1054 70 1054 106 1054 106 1054 70 1054 72 1054 106 1054 72 1054 104 1054 104 1054 72 1054 74 1054 104 1054 74 1054 102 1054 102 1054 74 1054 76 1054 102 1054 76 1054 100 1054 100 1054 76 1054 78 1054 100 1054 78 1054 98 1054 98 1054 78 1054 80 1054 98 1054 80 1054 96 1054 96 1054 80 1054 82 1054 96 1054 82 1054 94 1054 94 1054 82 1054 84 1054 94 1054 84 1054 92 1054 92 1054 84 1054 86 1054 92 1054 86 1054 90 1054 90 1054 86 1054 88 1054 234 1054 236 1054 232 1054 232 1054 236 1054 288 1054 288 1054 236 1054 238 1054 288 1054 238 1054 286 1054 286 1054 238 1054 240 1054 286 1054 240 1054 284 1054 284 1054 240 1054 242 1054 284 1054 242 1054 282 1054 282 1054 242 1054 244 1054 282 1054 244 1054 280 1054 280 1054 244 1054 246 1054 280 1054 246 1054 278 1054 278 1054 246 1054 248 1054 278 1054 248 1054 276 1054 276 1054 248 1054 250 1054 276 1054 250 1054 274 1054 274 1054 250 1054 252 1054 274 1054 252 1054 272 1054 272 1054 252 1054 254 1054 272 1054 254 1054 270 1054 270 1054 254 1054 256 1054 270 1054 256 1054 268 1054 268 1054 256 1054 258 1054 268 1054 258 1054 266 1054 266 1054 258 1054 260 1054 266 1054 260 1054 264 1054 264 1054 260 1054 262 1054 176 1054 178 1054 174 1054 174 1054 178 1054 230 1054 230 1054 178 1054 180 1054 230 1054 180 1054 228 1054 228 1054 180 1054 182 1054 228 1054 182 1054 226 1054 226 1054 182 1054 184 1054 226 1054 184 1054 224 1054 224 1054 184 1054 186 1054 224 1054 186 1054 222 1054 222 1054 186 1054 188 1054 222 1054 188 1054 220 1054 220 1054 188 1054 190 1054 220 1054 190 1054 218 1054 218 1054 190 1054 192 1054 218 1054 192 1054 216 1054 216 1054 192 1054 194 1054 216 1054 194 1054 214 1054 214 1054 194 1054 196 1054 214 1054 196 1054 212 1054 212 1054 196 1054 198 1054 212 1054 198 1054 210 1054 210 1054 198 1054 200 1054 210 1054 200 1054 208 1054 208 1054 200 1054 202 1054 208 1054 202 1054 206 1054 206 1054 202 1054 204 1054 2 1054 4 1054 0 1054 0 1054 4 1054 56 1054 56 1054 4 1054 6 1054 56 1054 6 1054 54 1054 54 1054 6 1054 8 1054 54 1054 8 1054 52 1054 52 1054 8 1054 10 1054 52 1054 10 1054 50 1054 50 1054 10 1054 12 1054 50 1054 12 1054 48 1054 48 1054 12 1054 14 1054 48 1054 14 1054 46 1054 46 1054 14 1054 16 1054 46 1054 16 1054 44 1054 44 1054 16 1054 18 1054 44 1054 18 1054 42 1054 42 1054 18 1054 20 1054 42 1054 20 1054 40 1054 40 1054 20 1054 22 1054 40 1054 22 1054 38 1054 38 1054 22 1054 24 1054 38 1054 24 1054 36 1054 36 1054 24 1054 26 1054 36 1054 26 1054 34 1054 34 1054 26 1054 28 1054 34 1054 28 1054 32 1054 32 1054 28 1054 30 1054 118 1054 120 1054 116 1054 116 1054 120 1054 172 1054 172 1054 120 1054 122 1054 172 1054 122 1054 170 1054 170 1054 122 1054 124 1054 170 1054 124 1054 168 1054 168 1054 124 1054 126 1054 168 1054 126 1054 166 1054 166 1054 126 1054 128 1054 166 1054 128 1054 164 1054 164 1054 128 1054 130 1054 164 1054 130 1054 162 1054 162 1054 130 1054 132 1054 162 1054 132 1054 160 1054 160 1054 132 1054 134 1054 160 1054 134 1054 158 1054 158 1054 134 1054 136 1054 158 1054 136 1054 156 1054 156 1054 136 1054 138 1054 156 1054 138 1054 154 1054 154 1054 138 1054 140 1054 154 1054 140 1054 152 1054 152 1054 140 1054 142 1054 152 1054 142 1054 150 1054 150 1054 142 1054 144 1054 150 1054 144 1054 148 1054 148 1054 144 1054 146 1054</p>
        </triangles>
      </mesh>
    </geometry>
  </library_geometries>
  <library_visual_scenes>
    <visual_scene id="Scene" name="Scene">
      <node id="Cube" name="Cube" type="NODE">
        <matrix sid="transform">0.1 0 0 -0.4 0 0.15 0 0.7899998 0 0 0.1 0.8605 0 0 0 1</matrix>
        <instance_geometry url="#Cube_001-mesh" name="Cube"/>
      </node>
      <node id="node_001" name="node.001" type="NODE">
        <matrix sid="transform">7.54979e-11 -7.54979e-11 0.001 -0.375 0.001 5.96046e-11 -7.54979e-11 0.5790001 -5.96046e-11 0.001 7.54979e-11 0.8605 0 0 0 1</matrix>
        <instance_geometry url="#shape0_006-mesh" name="node.001">
          <bind_material>
            <technique_common>
              <instance_material symbol="Material_006-material" target="#Material_006-material"/>
            </technique_common>
          </bind_material>
        </instance_geometry>
      </node>
    </visual_scene>
  </library_visual_scenes>
  <scene>
    <instance_visual_scene url="#Scene"/>
  </scene>
</COLLADA>